0.0  1.00000000 0.00000000 0.00000000 0.00000000 0.00000000 0.00000000 0.00000000 0.00000000 0.00000000 0.00000000
0.5  0.51176569 0.01409787 -0.00001370 0.00008378 0.00053953 0.00216061 0.00281047 0.00112467 0.00253421 0.00183638
1.0  -0.46662679 -0.00466104 0.00001985 0.00122164 0.00186298 0.00283889 0.00427127 0.00158057 0.00352345 0.00299643
1.5  -0.99733558 -0.01432687 0.00002377 -0.00088242 0.00011440 0.00118643 0.00246438 0.00096797 0.00237775 0.00282579
2.0  -0.58942989 0.00534780 -0.00040281 -0.00225410 -0.00097017 -0.00183424 -0.00131433 -0.00004116 0.00032097 0.00185642
2.5  0.37531024 -0.00619208 -0.00002698 -0.00236134 0.00026436 -0.00344019 -0.00469496 -0.00093592 -0.00130436 -0.00113398
3.0  0.98701824 0.00559727 0.00059713 0.00001602 0.00027443 -0.00265276 -0.00476957 -0.00121021 -0.00173449 -0.00201844
3.5  0.63827014 0.01001468 0.00006110 0.00179002 0.00001459 0.00034024 -0.00169256 -0.00090854 -0.00096149 -0.00275223
4.0  -0.35247020 -0.01102567 -0.00020366 0.00114886 -0.00065628 0.00325757 0.00209593 -0.00063026 -0.00004876 -0.00366824
4.5  -0.98885608 0.00439759 0.00017177 -0.00119723 -0.00106078 0.00275091 0.00452674 -0.00028448 0.00015932 -0.00403079
5.0  -0.61011463 0.00295998 -0.00008502 -0.00279917 -0.00061393 0.00176691 0.00300435 -0.00015829 -0.00024741 -0.00316796
5.5  0.39018914 -0.00980418 -0.00037132 -0.00041980 0.00131550 0.00190702 0.00061191 -0.00001209 -0.00039724 -0.00267540
6.0  0.99198873 0.00665227 0.00044450 0.00212819 0.00087080 -0.00288945 -0.00121888 0.00053825 0.00009451 -0.00261858
6.5  0.62221651 -0.00520343 -0.00081281 0.00129971 -0.00048345 0.00028551 -0.00189405 0.00153566 0.00125770 -0.00197159
7.0  -0.32749562 -0.00430793 -0.00030775 0.00042049 -0.00134262 -0.00056172 -0.00159958 0.00164095 0.00122176 -0.00100931
7.5  -0.96867064 0.01555686 -0.00011563 -0.00128805 -0.00114913 -0.00084504 -0.00083985 0.00089587 0.00069996 0.00009825
8.0  -0.75043142 -0.00290084 0.00133738 -0.00163746 0.00024580 0.00218757 0.00041372 -0.00056539 -0.00012635 0.00263595
8.5  0.11502002 0.00317355 -0.00008894 -0.00028530 -0.00067090 -0.00088844 0.00138692 -0.00156179 -0.00075506 0.00219771
9.0  0.88021623 -0.00320255 -0.00117002 0.00266304 -0.00060335 -0.00027632 0.00182556 -0.00177519 -0.00095294 0.00208084
9.5  0.89237804 -0.01820721 0.00115600 0.00231193 0.00019895 0.00116213 0.00123266 -0.00089114 -0.00072295 0.00159402
10.0  0.13815094 0.00705015 -0.00034257 -0.00068560 0.00253271 -0.00207713 -0.00015207 0.00030503 -0.00029285 0.00036624
10.5  -0.73622775 0.00068487 -0.00106324 -0.00471275 -0.00321654 0.00111922 -0.00164851 0.00135615 0.00057920 -0.00014006
11.0  -0.97513065 0.01018994 0.00109961 -0.00204577 -0.00047034 0.00031476 -0.00221599 0.00164568 0.00128478 -0.00073909
11.5  -0.37210047 0.01221433 -0.00095292 0.00274217 0.00401514 -0.00226135 -0.00155572 -0.00033358 0.00073109 -0.00205585
12.0  0.55442841 -0.01461195 -0.00024477 0.00528036 -0.00320307 0.00303703 -0.00316324 -0.00008804 -0.00092889 -0.00253464
12.5  0.99991101 -0.00154169 0.00218424 -0.00032456 -0.00232772 -0.00088223 -0.00185175 -0.00117359 -0.00178627 -0.00215724
13.0  0.54998023 -0.00920016 -0.00060802 -0.00573785 0.00502578 -0.00215514 -0.00449920 -0.00033625 -0.00159636 -0.00095752
13.5  -0.41971753 -0.00178562 -0.00074357 -0.00253411 -0.00075582 -0.00623236 0.00343732 -0.00030350 -0.00049077 0.00061502
14.0  -0.99518126 0.01758081 0.00104135 0.00375799 -0.00393199 -0.00379222 0.00904717 -0.00112126 0.00025313 0.00096034
14.5  -0.56216286 -0.00427955 -0.00132159 0.00531681 0.00307151 0.00135360 0.00973900 -0.00204137 0.00076000 -0.00127769
15.0  0.47632281 -0.00021201 -0.00040483 0.00071870 -0.00009484 0.00560793 0.00599626 -0.00216258 0.00132683 -0.00095294
15.5  0.99915167 0.00159134 0.00245087 -0.00331541 -0.00325963 0.00597154 -0.00029947 -0.00052836 0.00143347 0.00011919
16.0  0.39683040 -0.01194403 -0.00096380 -0.00279558 0.00309474 0.00228506 -0.00620556 0.00167211 0.00147750 0.00223518
16.5  -0.66036084 0.00737044 -0.00114878 0.00409077 -0.00101452 -0.00288011 -0.00951794 0.00343879 0.00132714 0.00232811
17.0  -0.96094686 0.00386907 0.00252025 0.00531468 -0.00207626 -0.00554324 -0.00893095 0.00336269 0.00086156 0.00107783
17.5  -0.16512464 -0.00984679 -0.00010948 0.00128963 0.00149588 -0.00443856 -0.00480491 0.00266415 0.00029563 0.00003376
18.0  0.81540255 0.01001313 -0.00287778 -0.00563747 0.00199708 -0.00156572 0.00140079 0.00143476 -0.00045375 0.00051903
18.5  0.87849151 0.00226760 0.00162910 -0.00642000 -0.00276191 0.00117162 0.00678245 -0.00003624 -0.00145195 0.00100928
19.0  -0.03900119 -0.00710117 0.00038891 -0.00073311 -0.00029597 0.00308130 0.00899154 -0.00076386 -0.00187276 0.00259793
19.5  -0.91257531 0.00504099 -0.00214411 0.00612474 0.00249343 0.00407817 0.00722264 -0.00221957 -0.00120097 0.00290805
20.0  -0.77216199 -0.01153920 0.00256447 0.00579516 -0.00206282 0.00368213 0.00190608 -0.00347597 0.00018707 0.00336574
20.5  0.22143981 -0.00247768 0.00088997 -0.00071507 -0.00510301 0.00125720 -0.00428713 -0.00463716 0.00170588 0.00296300
21.0  0.96894583 0.01820394 -0.00333427 -0.00679984 0.00329541 -0.00290241 -0.00801153 -0.00366839 0.00257960 0.00289428
21.5  0.66745222 -0.00150973 0.00164912 -0.00511461 0.00278008 -0.00633526 -0.00737808 -0.00102233 0.00286779 0.00109174
22.0  -0.33942869 0.00104381 0.00132021 0.00407024 -0.00064351 -0.00656399 -0.00295268 0.00191490 0.00212996 0.00020532
22.5  -0.98756088 -0.00633936 -0.00330586 0.00805933 0.00205305 -0.00192282 0.00272378 0.00351850 0.00133251 -0.00023605
23.0  -0.61716581 -0.01825904 0.00139401 0.00240119 -0.00248317 0.00487244 0.00644915 0.00363965 0.00013167 -0.00056316
23.5  0.38617010 0.01213416 0.00153184 -0.00710418 -0.00745584 0.00936645 0.00676661 0.00312115 -0.00090817 -0.00020026
24.0  0.99397747 0.00860557 -0.00253669 -0.00790937 0.00443693 0.00751518 0.00306659 0.00278125 -0.00183747 -0.00054765
24.5  0.56874259 0.00216400 0.00157187 0.00055966 0.00536204 0.00011933 -0.00122936 0.00264779 -0.00257153 -0.00190432
25.0  -0.45619875 0.00629745 0.00150495 0.00659511 -0.00388182 -0.00701877 -0.00430070 0.00213492 -0.00231552 -0.00055009
25.5  -0.99958352 -0.01795290 -0.00316938 0.00573676 0.00102714 -0.00986425 -0.00566807 0.00024628 -0.00181444 0.00088821
26.0  -0.48623123 -0.00486415 0.00109620 -0.00181639 0.00068900 -0.00638875 -0.00492068 -0.00247546 -0.00133548 -0.00089790
26.5  0.53480210 0.01131778 0.00200103 -0.00673523 -0.00563060 0.00117989 -0.00196663 -0.00500525 -0.00051852 -0.00122207
27.0  0.99824345 -0.00328741 -0.00347113 -0.00460169 0.00292841 0.00753001 0.00208236 -0.00602391 0.00062634 -0.00029328
27.5  0.44549749 0.00780126 0.00088577 0.00324496 0.00474928 0.01000203 0.00547237 -0.00506301 0.00229121 -0.00067783
28.0  -0.54911817 0.00158833 0.00262805 0.00449218 -0.00572548 0.00635942 0.00584842 -0.00255191 0.00392515 -0.00063621
28.5  -0.99859040 -0.01224624 -0.00288432 -0.00007134 0.00088247 -0.00063243 0.00306838 0.00078533 0.00386113 -0.00135376
29.0  -0.46692325 0.00801901 0.00083412 -0.00496934 0.00445074 -0.00722850 -0.00102232 0.00484883 0.00225472 0.00012936
29.5  0.52615113 -0.00128879 0.00235469 -0.00233332 -0.00420275 -0.00880323 -0.00399660 0.00812227 0.00059616 -0.00143894
30.0  0.99935526 -0.00888875 -0.00385912 0.00119152 -0.00066800 -0.00641003 -0.00473606 0.00851642 -0.00123286 -0.00139622
30.5  0.46920098 0.00832542 0.00038566 0.00228142 0.00448730 0.00000891 -0.00345388 0.00616224 -0.00270248 -0.00046107
31.0  -0.53775935 -0.00372666 0.00283911 0.00052585 -0.00452363 0.00620258 -0.00082434 0.00150616 -0.00299801 0.00156514
31.5  -0.99840093 0.00372113 -0.00337692 -0.00277825 -0.00156309 0.00913361 0.00318541 -0.00404935 -0.00285969 0.00120187
32.0  -0.44777916 0.01305931 0.00029020 -0.00288460 0.00668307 0.00741907 0.00722599 -0.00749920 -0.00214028 0.00067442
32.5  0.55218315 -0.01347901 0.00306123 0.00055767 -0.00374163 0.00082661 0.00847005 -0.00780573 -0.00026376 -0.00093574
33.0  0.99776053 -0.00519292 -0.00278040 0.00388861 -0.00260218 -0.00633566 0.00393638 -0.00518175 0.00078595 -0.00095808
33.5  0.43756781 -0.00313346 0.00101995 0.00282954 0.00433683 -0.01025542 -0.00452472 -0.00163369 0.00218948 -0.00068493
34.0  -0.57410063 -0.00377977 0.00227204 -0.00274335 0.00098071 -0.00797097 -0.00926074 0.00688123 0.00100193 -0.00042361
34.5  -0.99244145 0.02210149 -0.00419190 -0.00457859 -0.00208952 -0.00289763 -0.00609700 0.01133987 -0.00118340 -0.00096371
35.0  -0.35020018 0.00141543 0.00082988 -0.00035622 -0.00131998 0.00319437 -0.00711149 0.00865012 -0.00114077 0.00036162
35.5  0.67920671 -0.00995452 0.00291791 0.00277263 0.00108159 0.00730324 -0.00875384 0.00034478 -0.00016631 0.00261692
36.0  0.95900583 -0.00391639 -0.00346113 0.00283684 -0.00031911 0.00687602 -0.00430155 -0.00779503 0.00111458 0.00242986
36.5  0.17463209 -0.01379212 0.00096217 0.00019704 -0.00004194 0.00237621 0.00525820 -0.01027000 0.00131978 0.00029583
37.0  -0.79742605 0.01325085 0.00282469 -0.00235007 0.00172462 -0.00278979 0.01156037 -0.00482029 0.00237886 0.00006043
37.5  -0.90580272 0.01407731 -0.00331979 -0.00132212 -0.00099487 -0.00574593 0.01024043 0.00391575 0.00423482 0.00328770
38.0  -0.06807254 -0.00696986 0.00116032 0.00321574 -0.00238913 -0.00531862 0.00454207 0.01205001 0.00323182 0.00779133
38.5  0.83002199 0.00228707 0.00191120 0.00402902 0.00189979 -0.00126713 -0.00505291 0.01151360 0.00054685 0.00646090
39.0  0.90425507 -0.01236085 -0.00459407 -0.00078258 0.00131745 0.00356939 -0.01178862 0.00341562 -0.00313488 0.00234494
39.5  0.10911676 -0.00509942 0.00141674 -0.00491436 -0.00304639 0.00667368 -0.01037071 -0.00699692 -0.00735442 -0.00294008
40.0  -0.78672647 0.01373214 0.00310258 -0.00369325 0.00390866 0.00606822 -0.00224155 -0.01335488 -0.00810386 -0.00524770
40.5  -0.93933596 -0.00484656 -0.00298751 0.00249854 0.00093216 0.00171532 0.00714748 -0.01221059 -0.00576530 -0.00472589
41.0  -0.20581333 0.00321223 0.00189394 0.00737727 -0.00596970 -0.00388784 -0.01243441 -0.00471967 -0.00122885 -0.00269645
41.5  0.72145361 0.00487604 0.00158736 0.00044939 0.00226902 0.00926877 0.00962364 0.00313963 0.00240611 -0.00296008
42.0  0.96931143 -0.01008947 -0.00429312 -0.00716095 0.00342702 -0.00840258 -0.00202710 0.00917951 0.00389021 -0.00492576
42.5  0.31054849 0.00760445 0.00183931 -0.00599259 -0.00330582 0.00092866 -0.00713194 0.01102222 0.00394477 -0.00650289
43.0  -0.63681562 -0.00063685 0.00215501 0.00235836 0.00114232 0.00665920 0.01196354 0.00888284 0.00219503 -0.00661145
43.5  -0.99128463 -0.01269349 -0.00426564 0.00807235 0.00291123 -0.01054328 -0.01033113 0.00694941 0.00057639 -0.00463968
44.0  -0.41100352 0.00689707 0.00172603 0.00325292 -0.00501919 0.01020011 0.00787080 0.00288531 -0.00212762 -0.00239495
44.5  0.57084741 -0.00068876 0.00252525 -0.00472789 0.00009686 -0.00244696 0.00279353 -0.00264084 -0.00272188 -0.00123972
45.0  0.99615413 0.00445293 -0.00382000 -0.00669001 0.00501540 -0.00501437 -0.01153113 -0.00936158 -0.00091462 0.00019176
45.5  -0.41158670 0.01471640 0.00164761 -0.00076775 -0.00274003 0.00800685 0.01102404 -0.01427935 0.00205039 0.00081568
46.0  -0.60290132 0.00361485 0.00333634 0.00442219 -0.00148866 -0.00775370 -0.00633326 -0.00695691 0.00088116 0.00153308
46.5  0.98665598 -0.05072220 -0.00573929 0.00534511 0.00348081 0.00424996 0.00020066 0.00075002 -0.00112674 0.00199818
47.0  -0.33762880 0.06304253 0.00163575 0.00139355 -0.00076814 0.00154538 0.00477730 0.00214855 0.00127272 0.00325319
47.5  -0.65476846 0.00110059 0.00450503 -0.00528889 -0.00189313 -0.00655254 -0.00827799 0.01009449 -0.00235112 0.00408221
48.0  0.97271793 -0.09844479 -0.00632707 -0.00601100 0.00192706 0.00981414 0.00776922 0.01406564 -0.00505707 0.00411079
48.5  -0.32092280 0.13287231 0.00165619 0.00089903 -0.00021292 -0.00718610 -0.00590387 0.00549646 0.00053906 0.00628478
49.0  -0.63742036 -0.05092338 0.00450795 0.00598021 -0.00070076 0.00264910 -0.00174241 0.00435764 -0.00186809 0.00582080
49.5  0.97256315 -0.09528022 -0.00599995 0.00406746 0.00106299 0.00317764 0.00913523 0.00121621 -0.00333728 0.00492000
50.0  -0.36708912 0.18245357 0.00185911 -0.00413490 0.00036506 -0.00554918 -0.01331019 -0.01026360 -0.00688423 0.00671057
50.5  -0.59611853 -0.12201002 0.00329544 -0.00590964 -0.00250252 0.00476898 0.01209411 -0.00411337 -0.00822658 0.00415075
51.0  0.97253214 -0.04949346 -0.00424740 -0.00074536 0.00116121 -0.00337704 -0.00336279 -0.00313218 -0.00599793 0.00189557
51.5  -0.37592141 0.18685279 0.00135280 0.00485541 0.00216076 0.00314243 -0.00485124 -0.00628305 -0.00436864 0.00284741
52.0  -0.60011278 -0.16491359 0.00201297 0.00635333 -0.00310786 -0.00353717 0.01077898 -0.00031862 0.00099867 0.00097856
52.5  0.96996710 0.00131214 -0.00280653 -0.00248430 0.00153452 0.00276432 -0.01209237 0.00167171 0.00644937 -0.00124136
53.0  -0.36922604 0.16088052 0.00104784 -0.01105411 0.00113461 0.00144607 0.00905866 0.00042455 0.00837397 -0.00028954
53.5  -0.59570237 -0.18864069 0.00114078 -0.00444864 -0.00452918 -0.00561847 -0.00335117 0.00277771 0.00885203 -0.00357210
54.0  0.97291737 0.06691364 -0.00170621 0.00588910 0.00359165 0.00819732 -0.00370646 0.00300559 0.00832706 -0.00767703
54.5  -0.38422100 0.10482331 0.00062636 0.00804074 0.00067547 -0.00855253 0.00930246 0.00083607 0.00273589 -0.00803899
55.0  -0.59813377 -0.19729535 0.00043770 0.00253703 -0.00546236 0.00465659 -0.01108130 -0.00023660 -0.00226775 -0.00869736
55.5  0.96618798 0.14144178 -0.00094225 -0.00638308 0.00512105 0.00132422 0.00849514 -0.00152644 -0.00515001 -0.00907338
56.0  -0.30379416 0.02669347 0.00038266 -0.00894762 -0.00073366 -0.00699626 -0.00304736 -0.00252162 -0.00828665 -0.00996130
56.5  -0.69140720 -0.18812471 0.00005053 -0.00022107 -0.00373962 0.00944726 -0.00374939 -0.00268352 -0.00898679 -0.00966282
57.0  0.92121396 0.21978417 -0.00018279 0.00863140 0.00370134 -0.00819129 0.00860308 -0.00189579 -0.00696379 -0.00930208
57.5  -0.13836963 -0.08447519 0.00020340 0.00788688 -0.00030475 0.00184038 -0.01104598 0.00203799 -0.00561140 -0.00461949
58.0  -0.78132111 -0.13281093 -0.00088837 -0.00305869 -0.00409379 0.00578439 0.00745371 0.00191956 0.00041823 -0.00364766
58.5  0.86344316 0.28055383 0.00135359 -0.01008993 0.00372790 -0.01087304 -0.00030699 0.00104301 0.00629713 -0.00062797
59.0  -0.06752913 -0.24945228 0.00018197 -0.00271718 0.00215680 0.00985852 -0.00714029 0.00093330 0.00584141 0.00212013
59.5  -0.77805537 0.05017254 -0.00345976 0.00778978 -0.00340399 -0.00212939 0.01125131 -0.00070853 0.00988484 0.00301474
60.0  0.86371325 0.19497425 0.00444680 0.00712404 0.00010616 -0.00754782 -0.00832712 -0.00230277 0.00677753 0.00512668
60.5  -0.13321811 -0.33235689 -0.00077855 0.00011038 0.00427630 0.01214113 -0.00004692 0.00076663 0.00309808 0.00588405
61.0  -0.71982686 0.27253146 -0.00536282 -0.00953030 -0.00272553 -0.00748496 0.00960192 0.00049735 0.00063889 0.00556074
61.5  0.89709413 -0.05053507 0.00754970 -0.00751045 -0.00360076 -0.00273210 -0.00986547 0.00099055 -0.00836454 0.00457728
62.0  -0.22817429 -0.19288682 -0.00170887 0.00782176 0.00424377 0.01083494 0.00066864 0.00270669 -0.00799932 0.00223830
62.5  -0.65998471 0.30598530 -0.00596201 0.01131500 0.00098355 -0.00833969 0.00903237 0.00131979 -0.00667861 -0.00005664
63.0  0.93688717 -0.22994964 0.00831107 0.00011180 -0.00428633 -0.00013134 -0.01136778 0.00085645 -0.00552321 -0.00135547
63.5  -0.35389747 0.03002570 -0.00287034 -0.00976062 0.00123240 0.00913898 0.00615669 0.00123754 0.00297652 -0.00452759
64.0  -0.55307005 0.16475642 -0.00524527 -0.00488259 -0.00838812 -0.01190426 0.00264953 -0.00062647 0.00613795 -0.00528530
64.5  0.96845993 -0.24569823 0.00841884 0.00487344 -0.00075237 0.00551215 -0.00941485 -0.00049017 0.00886330 -0.00465084
65.0  -0.50434962 0.17564665 -0.00332559 0.00635264 0.00917963 0.00424142 0.01091371 0.00452676 0.00444161 -0.00550797
65.5  -0.44191368 -0.00076442 -0.00400510 0.00350430 0.00438749 -0.01107823 -0.00660356 0.00387413 0.00234708 -0.00377896
66.0  0.97326146 -0.16935795 0.00729829 -0.00496514 -0.00396305 0.01114611 0.00083923 -0.00000356 0.00115721 -0.00303374
66.5  -0.51980857 0.21456158 -0.00316642 -0.00795757 -0.00658557 -0.00525425 0.00575372 -0.00220900 -0.00244592 -0.00367860
67.0  -0.48978290 -0.09080520 -0.00340150 -0.00102924 -0.00406337 -0.00197327 -0.00882316 -0.00674701 -0.00221129 -0.00175872
67.5  0.97344862 -0.11191123 0.00600785 0.00570538 0.00351743 0.00752506 0.00896832 -0.00756407 -0.00169098 -0.00046224
68.0  -0.38764951 0.22323978 -0.00281624 0.00603145 0.00686423 -0.00859669 -0.00575405 -0.00393967 -0.00186016 0.00088147
68.5  -0.62065264 -0.14253930 -0.00361250 0.00043848 0.00034120 0.00872882 0.00034000 -0.00352508 -0.00098436 0.00289730
69.0  0.95177528 -0.06214426 0.00657243 -0.00757275 -0.00300908 -0.00572222 0.00514875 0.00032607 -0.00134289 0.00408632
69.5  -0.27377178 0.21612126 -0.00330267 -0.00545702 -0.00330759 -0.00065972 -0.00447521 0.00586479 -0.00049380 0.00757907
70.0  -0.68292923 -0.19520482 -0.00486716 0.00436803 0.00030517 0.00675274 0.00157135 0.00679573 -0.00010110 0.01009343
70.5  0.94024459 0.02421818 0.00927260 0.00839578 0.00427988 0.00958926 0.00117515 0.00678632 -0.00122974 0.01072602
71.0  -0.24507994 0.15601233 -0.00423831 0.00213359 0.00126188 0.00575083 -0.00381203 0.00722524 0.00026124 0.01189567
71.5  -0.70392901 -0.20750297 -0.00674630 -0.00417187 -0.00187224 0.00207169 0.00475419 0.00177114 0.00076487 0.00990056
72.0  0.93759876 0.10365954 0.01290270 -0.00742729 -0.00094384 -0.00310414 -0.00316509 -0.00413232 -0.00041580 0.00686792
72.5  -0.19719258 0.05662749 -0.00571586 -0.00409807 0.00018022 -0.00808322 0.00022337 -0.00608897 0.00182210 0.00363434
73.0  -0.75657188 -0.14327341 -0.00866486 0.00844555 -0.00137257 -0.00669747 0.00340148 -0.01035987 0.00145612 0.00014105
73.5  0.92290225 0.11075791 0.01524954 0.00888713 -0.00000723 -0.00181515 -0.00550316 -0.01197297 -0.00017195 -0.00334767
74.0  -0.12717745 -0.01963077 -0.00585520 -0.00584824 0.00240502 0.00311445 0.00542461 -0.00617685 0.00170397 -0.00521084
74.5  -0.80415506 -0.04469878 -0.01102902 -0.00813078 -0.00124389 0.00724383 -0.00270360 -0.00211812 0.00020766 -0.00728891
75.0  0.90313133 0.05442018 0.01673508 -0.00123612 -0.00250609 0.00692632 -0.00024752 0.00190959 -0.00194792 -0.00743765
75.5  -0.04593957 -0.03984506 -0.00425763 0.00090948 0.00182062 0.00266306 0.00353711 0.00910561 -0.00009472 -0.01016581
76.0  -0.87150444 0.02891593 -0.01386293 0.00754432 0.00403174 -0.00367745 -0.00574955 0.01073702 -0.00074152 -0.01082258
76.5  0.81156157 -0.00933542 0.01653764 0.00667969 0.00270377 -0.00885161 0.00511766 0.00927862 -0.00209436 -0.00979292
77.0  0.20690686 -0.03515176 0.00215944 -0.00645747 -0.00089789 -0.00769237 -0.00395578 0.00754971 -0.00051435 -0.01109598
77.5  -0.98033039 0.06873715 -0.01857266 -0.00951503 -0.00482332 -0.00461149 -0.00008642 0.00373806 -0.00293556 -0.01063738
78.0  0.53550494 -0.03580931 0.01033304 -0.00304070 -0.00492994 0.00002708 0.00324446 -0.00024748 -0.00098579 -0.00797033
78.5  0.57826277 -0.04494213 0.01147252 0.00106917 -0.00126754 0.00620522 -0.00552110 -0.00144083 0.00080204 -0.00816061
79.0  -0.97164011 0.08385339 -0.01756544 0.00574781 0.00287664 0.00969104 0.00649686 -0.00266167 0.00199052 -0.00740490
79.5  0.19561315 -0.03738279 0.00040921 0.00611547 0.00100219 0.00945830 -0.00418294 -0.00519330 0.00438711 -0.00348548
80.0  0.79599724 -0.03910674 0.01792256 0.00229199 0.00247386 0.00554267 0.00136372 -0.00494746 0.00443004 -0.00146067
80.5  -0.89890868 0.07129556 -0.01565247 -0.00440691 0.00153944 -0.00133894 0.00302037 -0.00301951 0.00428602 0.00067182
81.0  0.05856956 -0.04876925 -0.00534606 -0.00779358 -0.00265233 -0.01017660 -0.00610062 0.00299470 0.00473456 0.00417842
81.5  0.83047382 0.01022545 0.02154369 0.00047798 -0.00343699 -0.01077744 0.00532809 0.00614879 0.00297103 0.00642462
82.0  -0.90480142 0.01744253 -0.01570807 0.00722891 -0.00104884 -0.00353231 -0.00223496 0.00676648 0.00016818 0.00632791
82.5  0.12378535 -0.04045792 -0.00597476 0.00248960 -0.00080883 0.00381050 -0.00215814 0.00708408 -0.00122875 0.00540185
83.0  0.76426332 0.06835983 0.02243810 -0.00382727 0.00119618 0.01095059 0.00547519 0.00235325 -0.00451686 0.00712824
83.5  -0.95466934 -0.08388016 -0.01799833 -0.00571818 0.00120614 0.01010421 -0.00557980 -0.00314318 -0.00733960 0.00814790
84.0  0.30664496 0.05340097 -0.00245413 -0.00016664 -0.00070672 -0.00038024 0.00295790 -0.00378309 -0.00464897 0.00753534
84.5  0.59318553 0.03225727 0.01914599 0.00529015 0.00082366 -0.00736448 0.00213434 -0.00704728 -0.00446027 0.00761222
85.0  -0.98598702 -0.13409482 -0.01865147 0.00453833 0.00124484 -0.00986573 -0.00524096 -0.00643613 -0.00217206 0.00619897
85.5  0.55692017 0.18256443 0.00301991 -0.00157980 -0.00042555 -0.00713482 0.00638517 -0.00142895 0.00499924 0.00565658
86.0  0.34102629 -0.12456165 0.01326263 -0.00657140 -0.00033227 0.00186548 -0.00394218 -0.00027538 0.00582852 0.00262121
86.5  -0.94900233 -0.02791459 -0.01616659 -0.00027470 -0.00183781 0.00919890 -0.00218049 0.00169258 0.00920692 -0.00056076
87.0  0.70099641 0.18369775 0.00420480 0.00649813 0.00039879 0.00911935 0.00915928 0.00212742 0.00935310 -0.00255140
87.5  0.22113572 -0.22182732 0.01020189 0.00333436 0.00163009 0.00726324 0.00054836 -0.00799007 0.00437015 -0.00638254
88.0  -0.93392826 0.09347075 -0.01297243 -0.00459596 -0.00141375 0.00474098 0.00246406 0.00644571 -0.00311256 -0.00776924
88.5  0.68229308 0.11089241 0.00184711 -0.00823778 -0.00307899 -0.00802020 0.00099963 0.00145453 -0.00753607 -0.00773098
89.0  0.29854042 -0.22304466 0.01089578 -0.00374547 -0.00099095 0.00697023 -0.00659804 -0.00803617 -0.00714591 -0.00741046
89.5  -0.96140802 0.14984586 -0.01188334 0.00689325 0.00169174 -0.00196411 0.00662657 0.01119913 -0.00732013 -0.00751749
90.0  0.59412858 0.04023547 0.00022114 0.01042710 0.00223755 -0.00393610 -0.00225896 -0.01046775 -0.00647537 -0.00700034
90.5  0.39886366 -0.18796125 0.01309731 -0.00027575 -0.00008514 0.00703173 -0.00404930 0.00669310 -0.00221768 -0.00591747
91.0  -0.97436541 0.18495462 -0.01468577 -0.01007549 -0.00219206 -0.00585537 0.00714298 -0.00091578 0.00073374 -0.00418720
91.5  0.56083735 -0.04600940 0.00167582 -0.00751349 -0.00214491 0.00120614 -0.00490771 -0.00524013 0.00354078 -0.00351684
92.0  0.40792643 -0.12369220 0.01645467 0.00142249 -0.00043767 0.00460312 -0.00019783 0.00969538 0.00682981 -0.00262261
92.5  -0.97204662 0.20817614 -0.02044298 0.00882675 0.00480533 -0.00766890 0.00455573 -0.01106488 0.00807841 -0.00127122
93.0  0.58717855 -0.15022483 0.00359483 0.00562908 0.00684505 0.00604127 -0.00483318 0.00920707 0.00585992 0.00026496
93.5  0.36261240 -0.01703710 0.01891887 -0.00390057 -0.00708517 -0.00141622 0.00287022 -0.00377542 0.00386457 0.00222258
94.0  -0.95738651 0.18693850 -0.02527555 -0.00400204 -0.01138366 -0.00489767 -0.00013635 -0.00296154 0.00077727 0.00402234
94.5  0.64474017 -0.24447180 0.00771179 -0.00134616 0.00016948 0.00791512 -0.00235695 0.00822434 -0.00308795 0.00390706
95.0  0.25912879 0.14277289 0.01851414 0.00265994 0.00661536 -0.00555431 0.00329602 -0.01091020 -0.00554617 0.00318250
95.5  -0.91671045 0.06256737 -0.02839854 0.00143649 0.00913258 -0.00143081 -0.00215435 0.00964862 -0.00746949 0.00394577
96.0  0.74060197 -0.24479725 0.01271451 -0.00074981 -0.00002670 0.00711222 -0.00070369 -0.00506431 -0.00677726 0.00484036
96.5  0.11055020 0.28125680 0.01402058 0.00085017 -0.01315124 -0.00389751 0.00684252 -0.00268908 -0.00494134 0.00073010
97.0  -0.86344347 -0.13343795 -0.02671610 -0.00242766 -0.00627753 -0.00170646 -0.00326737 0.00873337 -0.00165970 0.00138421
97.5  0.78930019 -0.11115624 0.01390635 -0.00129486 0.00752971 0.00386361 -0.00194958 -0.01283652 0.00215835 0.00286716
98.0  0.08369175 0.27906873 0.01194108 0.00147370 0.00948272 -0.00272764 0.00621856 0.01141400 0.00302074 -0.00072650
98.5  -0.88392466 -0.23562567 -0.02414241 0.00131548 0.00280827 0.00108239 -0.00763115 -0.00597442 0.00521133 -0.00179517
99.0  0.72659791 0.01107452 0.00899983 0.00196920 -0.00599132 0.00229087 0.00459996 0.00143848 0.00685396 -0.00256692
99.5  0.25934940 0.20521297 0.01554545 -0.00130198 -0.01068113 -0.00434687 0.00112509 0.00599108 0.00371143 -0.00380872
100.0  -0.95770474 -0.23008695 -0.02027219 -0.00250194 -0.00502668 0.00287177 -0.00767937 -0.00847432 0.00409010 -0.00522114
100.5  0.53421627 0.05897125 0.00039443 -0.00086233 0.00703206 -0.00245197 0.01208502 0.00854317 0.00244691 -0.00760867
101.0  0.52424072 0.13986061 0.01998798 0.00035266 0.01075619 -0.00102134 -0.01163558 -0.00550860 -0.00283935 -0.00986180
101.5  -0.97069515 -0.19554046 -0.01515077 0.00137103 0.00456212 0.00375184 0.00612359 0.00001554 -0.00500497 -0.01015983
102.0  0.29347269 0.08179111 -0.00844370 0.00225021 -0.00539322 -0.00163977 0.00601218 -0.00005518 -0.00606126 -0.01061043
102.5  0.71468147 0.08749822 0.02297918 -0.00072285 -0.01096124 0.00080982 -0.01250272 0.00352675 -0.00772603 -0.01037249
103.0  -0.92670007 -0.17262532 -0.01082468 -0.00267444 -0.00558234 0.00069067 0.01433271 -0.00648367 -0.00513552 -0.00923699
103.5  0.14220204 0.11496912 -0.01458670 -0.00064721 0.00554766 -0.00076234 -0.01164662 0.00272774 -0.00091102 -0.00911619
104.0  0.78053432 0.03296131 0.02426256 0.00275527 0.01132336 0.00133736 0.00398874 0.00083197 0.00223178 -0.00605816
104.5  -0.91331233 -0.15627110 -0.00851358 0.00466730 0.00430454 -0.00170367 0.00605528 -0.00105127 0.00520703 -0.00302250
105.0  0.17447481 0.16458588 -0.01555795 -0.00174179 -0.00667036 0.00286303 -0.01468406 0.00063874 0.00931731 -0.00046605
105.5  0.71147864 -0.05327140 0.02422468 -0.01189586 -0.00357935 -0.00081909 0.01514049 0.00278643 0.00581373 0.00241699
106.0  -0.95916339 -0.10050764 -0.01046787 -0.00429786 0.00411517 -0.00070153 -0.00811137 -0.00301194 0.00171149 0.00640020
106.5  0.37787392 0.19282117 -0.01196136 0.01015662 0.00442577 -0.00003106 -0.00351181 0.00214418 -0.00118561 0.00826669
107.0  0.52709073 -0.15963192 0.02219881 0.00869501 -0.00096540 0.00207683 0.01184183 0.00365306 -0.00759545 0.00933614
107.5  -0.97831240 0.01840524 -0.01175964 -0.00363775 -0.00437654 -0.00302065 -0.01213908 -0.00968413 -0.00808516 0.00864368
108.0  0.56290901 0.13773220 -0.00840382 -0.01173169 -0.00305777 0.00379758 0.00512874 0.00961932 -0.00574104 0.00818473
108.5  0.37392711 -0.19878942 0.01988084 -0.00701198 0.00330600 -0.00003390 0.00270620 -0.00450220 -0.00273757 0.00488471
109.0  -0.96872318 0.12089643 -0.01236072 0.00729401 0.00695559 -0.00559895 -0.00311708 -0.00575927 0.00257099 0.00209512
109.5  0.62699938 0.03435276 -0.00686920 0.01324094 0.00240511 0.00418617 -0.00426024 0.01530004 0.00624951 0.00106039
110.0  0.34472584 -0.14691113 0.02016640 0.00027537 -0.00472084 0.00249419 0.00696042 -0.01418150 0.00876525 -0.00567969
110.5  -0.97629822 0.13951378 -0.01455166 -0.00921916 -0.00798380 -0.00534099 -0.00583719 0.00716276 0.00554788 -0.00863439
111.0  0.60677087 -0.03915759 -0.00548616 -0.00545411 -0.00296201 0.00237055 -0.00320594 0.00196706 0.00197551 -0.00970758
111.5  0.39808442 -0.06063450 0.02165504 -0.00102474 0.00481784 0.00306320 0.01199637 -0.00554919 0.00022884 -0.01318706
112.0  -0.99182895 0.09027300 -0.01767797 0.00629398 0.00848663 -0.00749463 -0.01517437 0.00568796 -0.00545233 -0.01398396
112.5  0.53986562 -0.05550341 -0.00435518 0.00767847 0.00287945 0.00800847 0.01134113 -0.00325065 -0.00778230 -0.01115559
113.0  0.48961054 0.00572000 0.02404584 0.00114342 -0.00876952 -0.00420009 -0.00176141 0.00109221 -0.00775256 -0.01203550
113.5  -0.99770649 0.02550376 -0.02117229 -0.00644559 -0.00944455 -0.00231177 -0.00719181 -0.00009157 -0.00558784 -0.01129179
114.0  0.43376171 -0.03841725 -0.00470055 -0.00663526 0.00062394 0.00763134 0.01292745 0.00028942 -0.00285932 -0.00700531
114.5  0.59459252 0.03824477 0.02748612 -0.00541823 0.00670064 -0.00975107 -0.01369315 -0.00053794 0.00081147 -0.00526449
115.0  -0.98749136 -0.01967670 -0.02152271 -0.00132171 0.01081633 0.00727581 0.00917367 -0.00095278 0.00437392 -0.00347832
115.5  0.34695990 -0.01528435 -0.00768892 0.00245316 0.00994321 -0.00052365 -0.00081139 0.00254699 0.00623440 0.00028915
116.0  0.64416183 0.04274815 0.03052124 0.01135376 -0.00234445 -0.00421708 -0.01037316 -0.00343129 0.00763302 0.00258793
116.5  -0.98257241 -0.03772958 -0.02290087 0.00675046 -0.01003041 -0.00101974 0.01786198 0.00251652 0.00728624 0.00593185
117.0  0.34733289 0.00561746 -0.00880321 -0.00845688 -0.00617669 0.00445074 -0.01431242 -0.00051743 0.00352206 0.00930665
117.5  0.62826103 0.02205009 0.03092594 -0.00959312 0.00367375 -0.00118993 0.00511058 -0.00158180 -0.00087969 0.01027657
118.0  -0.98826390 -0.02237243 -0.02141175 -0.00039079 0.01016125 -0.00493566 0.00559204 0.00259228 -0.00499601 0.01047539
118.5  0.37592993 0.00743983 -0.00940256 0.00850010 0.00623346 0.00957930 -0.01403067 -0.00084485 -0.00758856 0.01174451
119.0  0.60987127 -0.00642375 0.02953111 0.00895148 -0.00564864 -0.00956916 0.01522600 -0.00068117 -0.00834480 0.01003371
119.5  -0.99031322 0.02397203 -0.01896815 -0.00248118 -0.01014614 0.00310348 -0.01077542 0.00239385 -0.00464886 0.00821140
120.0  0.38160186 -0.02812376 -0.00984647 -0.01262600 -0.00113413 0.00440311 0.00095793 0.00183503 0.00105019 0.00617283
120.5  0.60892816 -0.01057582 0.02780936 -0.00683988 0.00824172 -0.00947596 0.00012610 -0.00333222 0.00316995 0.00290029
121.0  -0.98669891 0.07224159 -0.01808303 0.00747851 0.00799685 0.01217168 -0.00138076 -0.00269797 0.00424663 -0.00039924
121.5  0.37210790 -0.09338702 -0.00913913 0.01202092 -0.00133930 -0.00768491 0.00453044 -0.00694211 0.00803831 -0.00424043
122.0  0.61572281 0.03085832 0.02707297 0.00278683 -0.00924022 0.00075808 -0.00475344 -0.00374354 0.00515896 -0.00745943
122.5  -0.97843502 0.08072329 -0.01901249 -0.00964347 -0.00663902 0.00820415 0.00455413 0.00231507 0.00264239 -0.01000986
123.0  0.34310897 -0.14549244 -0.00789378 -0.01068579 0.00332604 -0.01271528 -0.00184440 0.00556123 0.00173915 -0.00973339
123.5  0.64559163 0.09251419 0.02784846 0.00232811 0.01011406 0.00963020 -0.00185609 0.00880664 -0.00221353 -0.01217327
124.0  -0.96366287 0.04662411 -0.02038153 0.01145700 0.00671594 -0.00203858 0.00404041 0.01017165 -0.00339053 -0.01282074
124.5  0.27141348 -0.15375282 -0.00836144 0.00614968 -0.00394629 -0.00776419 -0.00414560 0.00589240 -0.00330850 -0.01001447
125.0  0.70719354 0.13176931 0.02925824 -0.00499963 -0.01036571 0.01290876 0.00102245 0.00319676 -0.00492992 -0.01021932
125.5  -0.93995724 0.00120215 -0.01927614 -0.01136124 -0.00584954 -0.01027054 0.00334009 0.00076463 -0.00566904 -0.00928142
126.0  0.18140273 -0.12898214 -0.01139050 -0.00572293 0.00453437 0.00092363 -0.00410994 -0.00422879 -0.00576828 -0.00722775
126.5  0.77105300 0.14448909 0.03014022 0.00825146 0.00966283 0.00842696 0.00073824 -0.00619453 -0.00617898 -0.00571626
127.0  -0.90462267 -0.04091722 -0.01482767 0.01177666 0.00516148 -0.01264355 0.00416436 -0.00681693 -0.00475592 -0.00038563
127.5  0.05572423 -0.09175537 -0.01728847 0.00163961 -0.00507128 0.00718092 -0.00636179 -0.00796459 -0.00455240 0.00167975
128.0  0.86230594 0.14443883 0.02896267 -0.01010005 -0.01104953 0.00196735 0.00469684 -0.00622668 -0.00306600 0.00370920
128.5  -0.80422782 -0.07503428 -0.00613663 -0.01137466 -0.00566865 -0.01000743 -0.00039453 -0.00290608 0.00079202 0.00749582
129.0  -0.19025602 -0.06104839 -0.02440081 -0.00149357 0.00635337 0.01199356 -0.00485924 -0.00534010 0.00138527 0.00958704
129.5  0.96181624 0.15195249 0.02420404 0.01111826 0.01194351 -0.00715381 0.00726393 -0.00408074 0.00328775 0.01096218
130.0  -0.59584359 -0.11618671 0.00592128 0.01305000 0.00560526 -0.00195050 -0.00617618 0.00021764 0.00761831 0.01300143
130.5  -0.46355578 -0.02827333 -0.02851047 -0.00053357 -0.00648437 0.00920050 0.00210703 -0.00003763 0.00616387 0.01318673
131.0  0.98030877 0.16806804 0.01738940 -0.01409253 -0.00981605 -0.01150955 0.00356267 0.00146340 0.00553979 0.01261732
131.5  -0.39920427 -0.18209639 0.01308149 -0.01188161 0.00002695 0.00684977 -0.00789743 0.00563497 0.00870011 0.01367411
132.0  -0.60186999 0.04557301 -0.02945179 0.00388272 0.00584928 0.00109360 0.00744311 0.00496808 0.00545735 0.01162850
132.5  0.95996883 0.14321392 0.01609332 0.01699033 0.00134169 -0.00979058 -0.00150037 0.00466015 0.00117334 0.00894043
133.0  -0.34261311 -0.24056642 0.01291303 0.00875611 -0.00359412 0.01081914 -0.00648595 0.00646681 -0.00023218 0.00841868
133.5  -0.60523290 0.16888578 -0.03011653 -0.01464329 -0.00174918 -0.00310499 0.01051668 0.00115043 -0.00557090 0.00390870
134.0  0.95820487 0.02426419 0.02077678 -0.01657326 0.00633721 -0.00624358 -0.00688517 -0.00296459 -0.00851703 -0.00240770
134.5  -0.39328162 -0.20283268 0.00837091 0.00505369 0.00588881 0.01108068 -0.00153419 -0.00560912 -0.00309303 -0.00398142
135.0  -0.53948770 0.24429317 -0.03033470 0.01519314 -0.00433237 -0.00728663 0.00929416 -0.00811358 0.00333013 -0.00902658
135.5  0.96916344 -0.12948259 0.02511870 0.00630134 -0.00910705 -0.00180710 -0.00939391 -0.00439497 0.00308928 -0.01479030
136.0  -0.52047916 -0.05472858 0.00308178 -0.00866070 -0.00104288 0.00941830 0.00517682 0.00331733 0.00258339 -0.01174542
136.5  -0.38673795 0.18943293 -0.02764672 -0.01365381 0.01281862 -0.01044138 0.00254107 0.00646574 0.00131140 -0.01600941
137.0  0.95775296 -0.20420081 0.02770877 0.00047533 0.00805079 0.00361654 -0.00864006 0.00776695 -0.00167079 -0.01621257
137.5  -0.70558641 0.10705105 -0.00362004 0.01386696 -0.00991281 0.00499018 0.00651106 0.00720593 -0.00293118 -0.00904408
138.0  -0.16140125 0.03798875 -0.02394505 0.00570633 -0.01079031 -0.01044158 -0.00237837 0.00185057 -0.00346368 -0.00630223
138.5  0.89611618 -0.15079624 0.02970701 -0.00696528 0.00095525 0.00831652 -0.00356330 -0.00327226 -0.00186103 -0.00199536
139.0  -0.82376031 -0.17282454 -0.00698670 -0.00532082 0.01368754 0.00028788 0.00792502 -0.00651762 0.00084170 0.00396165
139.5  -0.02559914 -0.09241346 -0.02185065 0.00799385 0.00690573 -0.00838585 -0.00252755 -0.00696115 0.00331232 0.00952421
140.0  0.85813494 0.05098833 0.02682059 -0.00134262 -0.00985115 0.01037831 -0.00560869 -0.00307198 0.00569172 0.01300284
140.5  -0.84464937 0.15939697 -0.00398405 -0.01136019 -0.01251969 -0.00446971 0.00747885 -0.00194352 0.00609113 0.01573986
141.0  -0.02199103 0.16489831 -0.02137089 -0.00613841 -0.00076236 -0.00268474 -0.00341537 0.00434024 0.00024408 0.01768202
141.5  0.86647008 0.06338245 0.02552953 0.00727719 0.01187033 0.00708769 -0.00354437 0.00664613 -0.00220956 0.01807960
142.0  -0.83063455 -0.08683156 -0.00421203 0.01225151 0.01071194 -0.00772589 0.00557390 0.00582580 -0.00191481 0.01705070
142.5  -0.04083573 -0.17036253 -0.02177881 0.00202051 -0.00237229 0.00408800 -0.00503132 0.00388579 -0.00742885 0.01746323
143.0  0.87124872 -0.15087138 0.02754637 -0.01014404 -0.01298170 0.00181133 0.00478863 0.00054913 -0.00610321 0.01349298
143.5  -0.83520568 -0.06160595 -0.00834890 -0.01033953 -0.00795988 -0.00724118 -0.00039644 -0.00315998 -0.00075688 0.00749312
144.0  -0.02048287 0.07848821 -0.01945873 0.00034105 0.00887116 0.00699736 -0.00201749 -0.00467343 -0.00394734 0.00160977
144.5  0.85278683 0.17360024 0.03129266 0.01148984 0.01252730 -0.00307828 0.00423785 -0.00660527 -0.00096718 -0.00583095
145.0  -0.85683378 0.15733957 -0.01561569 0.00782273 0.00056213 -0.00064491 -0.00571779 -0.00850124 0.00383328 -0.01271044
145.5  0.02570470 0.08348245 -0.01565565 -0.00567548 -0.01008349 0.00500134 0.00263889 -0.00582541 0.00052752 -0.01707440
146.0  0.82485247 -0.03713958 0.03103169 -0.00971551 -0.01203191 -0.00437069 0.00078797 -0.00370386 0.00226321 -0.01894732
146.5  -0.88979488 -0.15818590 -0.01811135 -0.00178892 0.00202945 0.00221334 -0.00381025 -0.00114299 0.00508413 -0.01898060
147.0  0.13452525 -0.17475508 -0.01093660 0.00407614 0.01686750 -0.00201580 0.00535547 0.00571597 0.00380914 -0.01497450
147.5  0.74546230 -0.11170356 0.03042078 0.00454334 0.00812693 -0.00009031 -0.00400377 0.00681621 0.00451208 -0.00757648
148.0  -0.94335239 -0.00563731 -0.02200615 0.00703550 -0.00819874 0.00331905 0.00115340 0.00613153 0.00537354 0.00131794
148.5  0.26803338 0.12943864 -0.00602678 0.00560426 -0.01285049 0.00352303 0.00103809 0.00784134 0.00397094 0.00685872
149.0  0.66826502 0.18339373 0.02779749 -0.00311649 -0.00369186 -0.00031911 -0.00330607 0.00287390 0.00399078 0.01366427
149.5  -0.95785882 0.11167465 -0.02166011 -0.00986160 0.00852678 -0.00384043 0.00596502 -0.00222814 0.00313745 0.01803606
150.0  0.25758376 -0.02698972 -0.00751750 -0.00603172 0.01120572 -0.00245866 -0.00788570 -0.00641821 -0.00079137 0.01573138
150.5  0.72910779 -0.15507838 0.02740426 0.00465062 0.00054437 -0.00279956 0.00349118 -0.00766944 -0.00246962 0.01663817
151.0  -0.91209787 -0.16356536 -0.01498261 0.01153234 -0.00917741 -0.00196876 0.00343286 -0.00687180 -0.00391908 0.01845277
151.5  0.05978671 -0.02779874 -0.01528564 0.00674641 -0.00871244 0.00234306 -0.00983689 -0.00249285 -0.00762201 0.01568361
152.0  0.86344789 0.13025444 0.02680119 -0.00502846 -0.00054572 0.00394436 0.01079880 0.00049872 -0.00739958 0.01437050
152.5  -0.79292639 0.17637767 -0.00576007 -0.01206148 0.00751005 0.00324740 -0.00532174 0.00263744 -0.00393586 0.01336159
153.0  -0.17970955 0.06895330 -0.02229364 -0.00599504 0.00896957 0.00311577 -0.00295132 0.00648715 -0.00305386 0.00938234
153.5  0.94569335 -0.09793349 0.02448648 0.00791547 0.00021499 0.00064797 0.00880477 0.00691490 0.00110643 0.00643137
154.0  -0.66708106 -0.17427618 0.00160347 0.01385276 -0.00934650 -0.00332658 -0.00934510 0.00466001 0.00664385 0.00601346
154.5  -0.33436179 -0.12117614 -0.02686530 0.00411604 -0.00848833 -0.00466518 0.00662902 0.00199554 0.00655568 0.00229104
155.0  0.97338452 0.01646632 0.02263961 -0.01008157 -0.00155557 -0.00411181 -0.00155928 -0.00245495 0.00609784 0.00040539
155.5  -0.58458385 0.15697515 0.00645379 -0.01305173 0.00572673 -0.00115914 -0.00217141 -0.00767780 0.00615585 -0.00218155
156.0  -0.40369038 0.17519498 -0.02964820 -0.00377999 0.00790881 -0.00203041 0.00761450 -0.00643676 0.00035359 -0.00582704
156.5  0.97893032 0.07088079 0.02140644 0.01080964 0.00111939 -0.00003780 -0.00678223 -0.00785557 -0.00398268 -0.00867911
157.0  -0.58490697 -0.05154188 0.00888230 0.01333292 -0.00796866 0.00698424 0.00784938 -0.00203232 -0.00357955 -0.00907248
157.5  -0.36213807 -0.15774974 -0.02968377 -0.00481887 -0.00366522 0.00619158 -0.00366812 0.00015214 -0.00452566 -0.01214228
158.0  0.96158062 -0.18156145 0.02112264 -0.01515395 0.00442431 0.00230747 -0.00336683 0.00442360 0.00397140 -0.01384192
158.5  -0.69487979 -0.08243299 0.00800916 -0.00490671 0.00654352 -0.00180804 0.00773553 0.00892296 0.00053212 -0.01577669
159.0  -0.19729700 0.03997700 -0.02854273 0.00949330 0.00416960 -0.00648918 -0.00822972 0.00004488 -0.00191900 -0.01535340
159.5  0.91739457 0.14090806 0.01964969 0.01304270 -0.00624019 -0.00645949 0.00421183 -0.00234412 0.00354424 -0.01396189
160.0  -0.78577040 0.18337906 0.00946783 0.00013575 -0.00877546 -0.00203974 0.00154769 -0.00154652 -0.00488449 -0.01186036
160.5  -0.10316740 0.09526135 -0.02777135 -0.01448488 0.00220215 0.00204474 -0.00603471 -0.00600094 0.00181328 -0.00826950
161.0  0.90182404 -0.05615890 0.01477606 -0.00996862 0.00987750 0.00663094 0.00903080 -0.00287975 -0.00185412 -0.00543008
161.5  -0.77204337 -0.15873557 0.01484359 0.00637495 0.00414735 0.00837251 -0.00773720 -0.00214920 0.00072524 -0.00274517
162.0  -0.18773148 -0.15968018 -0.02713632 0.01196006 -0.00712744 0.00213142 0.00430133 0.00122916 0.00074363 0.00080082
162.5  0.94554695 -0.03969947 0.00750646 0.00149125 -0.01231365 -0.00242189 0.00189086 0.00310212 -0.00212962 0.00429854
163.0  -0.66394499 0.11803813 0.02049483 -0.00844706 -0.00250856 0.00386065 -0.00668180 0.00381565 0.00496882 0.00724734
163.5  -0.34656460 0.17975816 -0.02632235 -0.00464223 0.01216687 -0.00005290 0.00828113 0.00206874 -0.00677532 0.00898187
164.0  0.97659834 0.10759662 0.00365249 0.00640641 0.01254416 -0.00112483 -0.00650532 0.00099970 0.00568423 0.01091314
164.5  -0.55365883 -0.04215613 0.02279661 0.00973593 -0.00166841 -0.00027436 -0.00013215 0.00327974 -0.00463957 0.01309153
165.0  -0.45486743 -0.16037195 -0.02614390 0.00135975 -0.01465347 -0.00322943 0.00470203 -0.00595964 -0.00099935 0.01275771
165.5  0.98342981 -0.16364313 0.00437194 -0.00884601 -0.01064789 -0.00243646 -0.00520496 -0.00784158 0.00677518 0.01325482
166.0  -0.48273629 -0.06688246 0.02195079 -0.00697193 0.00564609 0.00019040 0.00504666 -0.00751849 -0.01088737 0.01231006
166.5  -0.51682000 0.07600860 -0.02757243 0.00055429 0.01430528 -0.00162899 -0.00041009 -0.00339304 0.01169012 0.00947423
167.0  0.98094587 0.17705971 0.00722018 0.00709199 0.00750425 -0.00017794 -0.00342650 0.00231569 -0.00889670 0.00668563
167.5  -0.45888872 0.15707638 0.02031166 0.00864985 -0.00575852 0.00278746 0.00309048 0.00504754 0.00342281 0.00646462
168.0  -0.51173340 0.06249818 -0.02944627 0.00655763 -0.01185063 0.00326164 -0.00375314 0.00766699 0.00335412 0.00216750
168.5  0.98373695 -0.05234918 0.01159772 -0.00356817 -0.00829169 0.00266170 -0.00083701 0.00627567 -0.00935680 -0.00249711
169.0  -0.52677793 -0.16250919 0.01954747 -0.01377675 0.00340948 -0.00030847 0.00408588 0.00029631 0.01188162 -0.00374520
169.5  -0.41544346 -0.17831763 -0.03363130 -0.00295117 0.01467756 -0.00368229 -0.00542266 -0.00237883 -0.00971688 -0.00849158
170.0  0.97647948 -0.10212981 0.01655129 0.00967863 0.00762477 -0.00537443 0.00442263 -0.00429341 0.00366529 -0.01067173
170.5  -0.61347484 -0.00072005 0.01531076 0.00941482 -0.00927537 -0.00373956 -0.00066488 -0.00438958 0.00264155 -0.00917176
171.0  -0.34800456 0.12260528 -0.03285453 0.00144202 -0.01132878 -0.00093300 -0.00333914 -0.00330393 -0.00870301 -0.00918387
171.5  0.96865110 0.18784879 0.01856416 -0.00900105 -0.00199628 0.00249851 0.00554372 -0.00111120 0.01146081 -0.00729870
172.0  -0.60645936 0.12460770 0.01437363 -0.01007377 0.00808153 0.00642404 -0.00560234 0.00480614 -0.01057286 -0.00329961
172.5  -0.40112379 -0.00124065 -0.03194764 0.00116654 0.01143946 0.00502169 0.00239980 -0.00020651 0.00778105 -0.00157175
173.0  0.98282792 -0.12533968 0.01474170 0.01065654 0.00367238 0.00239197 0.00226302 -0.00053070 -0.00166882 0.00080592
173.5  -0.48337645 -0.18105930 0.01866236 0.00848766 -0.00709370 0.00058048 -0.00513855 0.00328692 -0.00560269 0.00259418
174.0  -0.55218106 -0.09592507 -0.03118363 0.00237911 -0.01084266 -0.00272297 0.00736422 0.00398113 0.01052859 0.00509078
174.5  0.97327118 0.06638513 0.00911968 -0.00761025 -0.00381094 -0.00661672 -0.00415357 -0.00109481 -0.01362142 0.00725724
175.0  -0.31259363 0.16909629 0.02376341 -0.01011003 0.00675153 -0.00511831 0.00203061 0.00167136 0.01044813 0.00685564
175.5  -0.69323531 0.14500616 -0.03078850 -0.00422639 0.00782995 -0.00361177 0.00259866 -0.00101592 -0.00549198 0.00720439
176.0  0.93540189 0.00773098 0.00314646 0.00659478 0.00353443 -0.00251037 -0.00813727 0.00136458 -0.00080088 0.00836260
176.5  -0.15788989 -0.13829867 0.02864849 0.01232743 -0.00124609 0.00553119 0.00582391 0.00160119 0.00554407 0.00695634
177.0  -0.78768262 -0.17267788 -0.02851033 0.00434382 -0.00652369 0.00681527 -0.00147417 -0.00012685 -0.00865255 0.00701746
177.5  0.89046956 -0.07653680 -0.00341850 -0.00726666 -0.00715625 0.00414567 -0.00361614 -0.00270234 0.01119089 0.00542950
178.0  -0.06959935 0.08091401 0.03226071 -0.00720913 -0.00001924 0.00320732 0.00803113 -0.00176998 -0.01107263 0.00501165
178.5  -0.81037341 0.17783705 -0.02588939 -0.00396557 0.00349874 -0.00340725 -0.00828715 -0.00410680 0.00793633 0.00451685
179.0  0.89808585 0.14145811 -0.00814194 0.00462881 0.00442236 -0.00759407 0.00342354 -0.00528351 -0.00295749 0.00362112
179.5  -0.14351754 0.03065191 0.03342424 0.00972649 0.00450254 -0.00435216 0.00267312 0.00078025 -0.00501171 0.00240335
180.0  -0.73562602 -0.09929888 -0.02386763 0.00025784 -0.00489764 -0.00066460 -0.00900895 0.00124290 0.00914897 0.00196852
180.5  0.94887603 -0.18590123 -0.01022090 -0.00817528 -0.00892023 0.00324002 0.00937210 0.00138119 -0.01016441 0.00044043
181.0  -0.31925677 -0.14281286 0.03392646 -0.00565276 -0.00077704 0.00778935 -0.00276361 0.00443141 0.00821191 -0.00082458
181.5  -0.60308665 -0.02954082 -0.02269127 0.00235775 0.00591905 0.00412460 -0.00349985 0.00202184 -0.00492277 -0.00181218
182.0  0.98044184 0.08645402 -0.01205268 0.00866516 0.00699835 -0.00115985 0.00926221 -0.00042373 0.00161198 -0.00364421
182.5  -0.44194173 0.18113695 0.03462718 0.00407157 0.00128292 -0.00375800 -0.00896697 0.00240755 0.00286577 -0.00360790
183.0  -0.52187513 0.15241169 -0.02024771 -0.00658613 -0.00604758 -0.00637392 0.00328631 -0.00214593 -0.00747508 -0.00140952
183.5  0.98228159 0.01409107 -0.01541673 -0.00897819 -0.00728915 -0.00558898 0.00174346 -0.00525530 0.00912270 0.00005791
184.0  -0.44136967 -0.11194026 0.03468914 -0.00127676 -0.00157271 -0.00162350 -0.00711143 -0.00199569 -0.00893030 0.00252371
184.5  -0.57241542 -0.17415889 -0.01529948 0.00774447 0.00481685 0.00785981 0.00633167 -0.00386633 0.00630946 0.00278776
185.0  0.97188680 -0.11655152 -0.02101589 0.01010763 0.00471420 -0.00775901 -0.00209161 -0.00305370 -0.00202344 0.00263204
185.5  -0.30973924 0.05072439 0.03324736 0.00264474 0.00007145 0.00525088 -0.00280116 0.00176370 -0.00039504 0.00581417
186.0  -0.69609348 0.17096928 -0.00816967 -0.01019779 0.00063132 0.00024486 0.00642200 0.00211776 0.00343539 0.00516835
186.5  0.93139093 0.14583504 -0.02527433 -0.01147059 0.00054759 -0.00674443 -0.00652508 0.00246806 -0.00737079 0.00399453
187.0  -0.13219072 0.01152981 0.02994986 -0.00131322 -0.00205567 0.00909070 0.00373122 0.00443661 0.01057455 0.00337880
187.5  -0.80886770 -0.13570563 -0.00220546 0.01073105 -0.00302840 -0.00789986 0.00006840 0.00297911 -0.01036054 0.00221133
188.0  0.87058016 -0.17514435 -0.02679634 0.01091044 -0.00190139 0.00206987 -0.00275394 0.00075587 0.00620197 -0.00031578
188.5  -0.01694297 -0.07619883 0.02715747 -0.00221569 0.00000830 0.00640543 0.00470847 0.00018332 -0.00012692 0.00015946
189.0  -0.84481192 0.07417406 -0.00041666 -0.00945696 0.00713526 -0.01114275 -0.00362390 -0.00171211 -0.00513336 -0.00077856
189.5  0.86512471 0.17464724 -0.02584820 -0.00462466 0.00658874 0.00959562 0.00110399 -0.00365240 0.00779534 -0.00052379
190.0  -0.06276138 0.15368006 0.02738479 0.00438205 -0.00565483 -0.00429216 0.00047474 -0.00454890 -0.00480772 -0.00262283
190.5  -0.79260198 0.04062338 -0.00362955 0.00933494 -0.00913656 -0.00365140 -0.00575242 -0.00269700 -0.00192967 -0.00353216
191.0  0.92151842 -0.08053749 -0.02336992 0.00173934 -0.00107678 0.00912548 0.00713650 0.00137637 0.00564733 -0.00304105
191.5  -0.22018991 -0.17281424 0.02935235 -0.01007835 0.00588420 -0.01094586 -0.00745126 -0.00768098 -0.00751161 -0.00326992
192.0  -0.67137093 -0.16977264 -0.00954996 -0.00676443 0.00410962 0.00782424 -0.00173428 -0.00216713 0.00686987 -0.00197652
192.5  0.97081898 -0.06991843 -0.01937803 0.00583476 -0.00232619 -0.00069842 0.00359041 0.00296065 -0.00159753 0.00065826
193.0  -0.41106061 0.03498212 0.03131917 0.01021677 -0.00530477 -0.00806878 0.00635179 0.00266686 -0.00396247 -0.00061143
193.5  -0.51575002 0.13758512 -0.01686859 0.00389469 -0.00068259 0.01023669 0.00765464 0.00224854 0.00797374 0.00230790
194.0  0.98041630 0.19012096 -0.01132014 -0.00873914 0.00574516 -0.00709652 0.00249648 0.00204214 -0.00784314 0.00423117
194.5  -0.56501698 0.12664079 0.03075295 -0.00930208 0.00420248 -0.00073219 -0.00221232 -0.00160400 0.00251300 0.00160605
195.0  -0.37848514 0.02350639 -0.02383327 0.00627140 -0.00140768 0.00745750 -0.00918887 -0.00071022 0.00146764 0.00329010
195.5  0.97237193 -0.08659072 -0.00380158 0.01297180 -0.00286735 -0.00912460 -0.01000817 -0.00142408 -0.00425193 0.00365523
196.0  -0.62630986 -0.18183858 0.02756842 0.00354115 -0.00087753 0.00638143 -0.00315371 -0.00485457 0.00384507 0.00340954
196.5  -0.34059497 -0.15704113 -0.02692586 -0.01156942 -0.00225512 0.00127033 0.00169321 -0.00139017 -0.00100923 0.00502880
197.0  0.97188918 -0.03267075 0.00032428 -0.01184942 0.00073635 -0.00778012 0.00706323 0.00109120 0.00190964 0.00367709
197.5  -0.59488578 0.09488248 0.02643502 0.00362671 0.00273919 0.01010564 0.01098264 -0.00065698 -0.00340362 0.00572997
198.0  -0.41338480 0.17554546 -0.02647795 0.01197060 0.00103378 -0.00645262 0.00611129 0.00295232 0.00326239 0.00441678
198.5  0.98072536 0.13525351 -0.00033373 0.00827847 -0.00187078 -0.00159963 -0.00013320 0.00354374 -0.00182431 0.00288296
199.0  -0.51517401 -0.01933540 0.02726720 -0.00254866 -0.00272249 0.00922101 -0.00548525 -0.00154750 -0.00435427 0.00144151
199.5  -0.48417107 -0.15147329 -0.02486559 -0.01347612 0.00187216 -0.01076363 -0.01010124 0.00355546 0.00670807 -0.00128027
200.0  0.98348966 -0.16732108 -0.00445677 -0.00774841 0.00387638 0.00530233 -0.00962902 0.00362653 -0.00484534 -0.00310815
200.5  -0.48272867 -0.06060448 0.02940861 0.00890743 -0.00214774 0.00264751 -0.00179626 -0.00187629 0.00417980 -0.00347288
201.0  -0.50432724 0.09638594 -0.02134992 0.01004309 -0.00399381 -0.00948825 0.00550549 0.00006467 -0.00139329 -0.00477612
201.5  0.98319265 0.17660004 -0.01174670 0.00088775 -0.00446658 0.01058741 0.00958602 -0.00046164 -0.00050583 -0.00549620
202.0  -0.46399507 0.12346109 0.03248567 -0.00889973 0.00039121 -0.00328875 0.00952148 -0.00878340 0.00108533 -0.00571849
202.5  -0.52901484 -0.02644193 -0.01321937 -0.00777836 0.00506128 -0.00360684 0.00338497 -0.00646368 -0.00352797 -0.00670939
203.0  0.98043971 -0.16143943 -0.02346610 0.00077114 0.00292534 0.00950543 -0.00483413 -0.00319003 0.00460077 -0.00596191
203.5  -0.43117945 -0.16287107 0.03473762 0.00722783 -0.00205508 -0.01004394 -0.00684319 -0.00400401 -0.00400890 -0.00475377
204.0  -0.55911009 -0.05559759 -0.00796059 0.00970836 -0.00229028 0.00074547 -0.00694668 0.00291112 0.00406172 -0.00559917
204.5  0.98019532 0.07675799 -0.02695796 -0.00065485 -0.00191695 0.00694989 -0.00252858 0.00772398 -0.00207177 -0.00547846
205.0  -0.40913346 0.17887312 0.03349190 -0.01246044 -0.00059771 -0.00989874 0.00497332 0.00541726 -0.00000226 -0.00042248
205.5  -0.56895099 0.15543568 -0.00652812 -0.00774390 0.00016083 0.00692761 0.00565672 0.00641960 0.00185514 0.00027423
206.0  0.97823007 0.02320998 -0.02587941 0.00539226 0.00136449 0.00086297 0.00497028 0.00520322 -0.00308052 0.00036628
206.5  -0.39649917 -0.09498442 0.03228386 0.00963836 0.00265078 -0.00927099 0.00435982 -0.00137349 0.00245102 0.00453993
207.0  -0.59889895 -0.17026285 -0.00735033 0.00487102 0.00003188 0.01166912 -0.00280340 -0.00323874 -0.00210469 0.00514569
207.5  0.96907329 -0.15432161 -0.02413454 -0.00594097 -0.00210506 -0.00647889 -0.00726086 -0.00600239 0.00140352 0.00610197
208.0  -0.30930550 -0.01097491 0.03064235 -0.01021070 -0.00065464 -0.00016903 -0.00661519 -0.00816263 -0.00232934 0.00827114
208.5  -0.69200214 0.13002588 -0.00423751 -0.00094246 -0.00087586 0.00865249 -0.00565623 -0.00473664 0.00101074 0.00728790
209.0  0.93384082 0.16827776 -0.02826380 0.00962597 0.00066197 -0.01251620 -0.00208240 -0.00080119 0.00025513 0.00617672
209.5  -0.12845658 0.10681260 0.02861203 0.00709567 0.00360954 0.00995351 0.00433715 0.00126157 -0.00256362 0.00952458
210.0  -0.81910152 -0.04109792 0.00296273 -0.00401520 -0.00008379 -0.00596402 0.00760512 0.00430913 0.00357847 0.00843017
210.5  0.84782827 -0.17053251 -0.03165270 -0.00984378 -0.00329845 -0.00102312 0.00713838 0.00702786 -0.00326013 0.00769729
211.0  0.07195558 -0.15471096 0.02451810 -0.00570064 -0.00005315 0.00766006 0.00803858 0.00671472 0.00371443 0.00519446
211.5  -0.91395153 -0.01798122 0.01227279 0.00707598 0.00087895 -0.01074650 0.00290161 0.00430028 -0.00230852 0.00373611
212.0  0.72169652 0.12831333 -0.03560944 0.01197349 0.00198622 0.01099836 -0.00404605 0.00580864 0.00178438 0.00286504
212.5  0.29488185 0.17465196 0.01676734 0.00215442 0.00503604 -0.00864410 -0.00858515 0.00042684 0.00364714 -0.00151262
213.0  -0.97389085 0.07331085 0.02322554 -0.00926880 -0.00092974 0.00266033 -0.01055426 0.00109244 -0.00550033 -0.00377213
213.5  0.53725465 -0.08770169 -0.03595776 -0.00962987 -0.00611437 0.00684196 -0.00927904 0.00204172 0.00669505 -0.00433774
214.0  0.50916381 -0.17613651 0.00401170 -0.00127184 -0.00457712 -0.01108785 -0.00816053 -0.00045284 -0.00759728 -0.00687099
214.5  -0.97896576 -0.12955754 0.03173110 0.00962212 0.00241911 0.01259526 -0.00096403 -0.00253257 0.00573118 -0.00995778
215.0  0.37609739 0.02142580 -0.03184478 0.00872041 0.00774925 -0.00836045 0.00724503 -0.00380424 -0.00397990 -0.00829489
215.5  0.61827568 0.14913425 -0.00111295 -0.00440053 0.00215163 -0.00151732 0.00875231 -0.00731954 0.00016810 -0.00824428
216.0  -0.97114563 0.16720882 0.03245987 -0.00881277 -0.00773632 0.00941908 0.00682036 -0.00841956 0.00444690 -0.00776690
216.5  0.36089731 0.10577264 -0.03209283 -0.00079337 -0.00700786 -0.01194989 0.00471340 -0.00394441 -0.00774917 -0.00428554
217.0  0.58203119 -0.01975042 0.00319833 0.00603817 0.00148305 0.00832543 -0.00525754 0.00159834 0.00856029 -0.00232514
217.5  -0.97980032 -0.14472854 0.02611334 0.00261914 0.00926583 0.00168849 -0.01135499 0.00702978 -0.00617550 -0.00012373
218.0  0.50395263 -0.17175957 -0.03080298 -0.00587924 0.00406230 -0.01013947 -0.00713838 0.01014067 0.00045947 0.00149094
218.5  0.41446644 -0.14056879 0.01114046 -0.00249136 -0.01090725 0.01201049 -0.00284405 0.00900334 0.00351147 0.00566817
219.0  -0.96732838 -0.05820838 0.01274141 0.00371719 -0.00729548 -0.00669677 0.00401446 0.00366546 -0.00859497 0.00924828
219.5  0.70193570 0.07789383 -0.02689703 0.00277804 0.00769941 -0.00751104 0.01004094 -0.00410447 0.00854544 0.00791015
220.0  0.14055557 0.15544795 0.01995771 0.00123986 0.01192936 0.01306050 0.01186345 -0.00753167 -0.00577327 0.00968479
220.5  -0.87013086 0.16919890 0.00314540 -0.00469287 -0.00036089 -0.01576114 -0.00101984 -0.00958018 0.00023106 0.00824389
221.0  0.88333890 0.13294232 -0.02362876 -0.00337767 -0.01313254 0.00765426 -0.00488764 -0.00762024 0.00304394 0.00489316
221.5  -0.16502620 0.00768686 0.02502786 0.00732538 -0.01193100 0.00817495 -0.00837972 -0.00003146 -0.00766956 0.00238011
222.0  -0.70572160 -0.11826649 -0.00410739 0.00253287 0.00841704 -0.01593831 -0.00900933 0.00542676 0.00710390 -0.00053402
222.5  0.95791395 -0.17156661 -0.02249301 -0.00367993 0.01756174 0.01478873 -0.00201137 0.00826601 -0.00681179 -0.00099348
223.0  -0.29698076 -0.13715235 0.02753135 -0.00457984 0.00521333 -0.00535636 0.00454930 0.01066055 -0.00138762 -0.00320690
223.5  -0.67430259 0.00123765 -0.00221890 -0.00124183 -0.01068445 -0.00775365 -0.00376096 0.00514342 0.00622951 -0.00463738
224.0  0.94454294 0.14781900 -0.02666737 0.00167605 -0.01577553 0.01196797 -0.00483156 -0.00498163 -0.01054616 -0.00590501
224.5  -0.17339945 0.17052287 0.02551235 0.00273616 -0.00688294 -0.00714250 0.01242800 -0.00838969 0.01185135 -0.00779136
225.0  -0.80247203 0.05176336 0.00698885 0.00666204 0.01028410 0.00031666 -0.00886774 -0.01543831 -0.00888193 -0.00769264
225.5  0.84984254 -0.11311501 -0.03131076 0.00615494 0.01730074 0.00509848 0.00840841 -0.00910432 0.00706930 -0.00777284
226.0  0.09666131 -0.17878228 0.01739530 -0.00124664 0.00820590 -0.00980231 -0.00209785 -0.00769152 -0.00297325 -0.00746648
226.5  -0.92914137 -0.08640501 0.01630139 -0.00977992 -0.00750004 0.00828808 -0.00378234 -0.00077183 -0.00293050 -0.00781591
227.0  0.68627966 0.07180878 -0.03014694 -0.00757514 -0.01544053 -0.00548784 0.00886692 0.01207706 0.00922219 -0.00807686
227.5  0.33646760 0.17420694 0.00982748 -0.00070939 -0.00329121 0.00071495 -0.01035526 0.01145174 -0.01377446 -0.00539707
228.0  -0.97589551 0.14340704 0.02016320 0.00944269 0.00874482 0.00652396 0.00759181 0.01183175 0.01375727 -0.00391597
228.5  0.53984879 -0.00917437 -0.02745730 0.01013356 0.01010261 -0.00639544 -0.00418204 0.01313283 -0.01070286 -0.00191382
229.0  0.47698342 -0.14277668 0.00501737 -0.00173721 0.00399801 0.00716454 -0.00045206 0.00095531 0.00389131 0.00106476
229.5  -0.98457614 -0.16687026 0.02144769 -0.01165876 -0.01007415 -0.00657565 0.00404519 -0.00726411 0.00441782 0.00285959
230.0  0.47275361 -0.10672201 -0.02511177 -0.00650532 -0.01567361 0.00173584 -0.00699930 -0.00647612 -0.01083238 0.00225447
230.5  0.49413423 0.02910633 0.00532931 0.00486839 0.00436114 0.00082156 0.00469452 -0.01102988 0.01665338 0.00431452
231.0  -0.98001970 0.15636397 0.01928738 0.00891608 0.01763980 -0.00753041 -0.00270789 -0.01196965 -0.01195296 0.00601395
231.5  0.58886104 0.17001078 -0.02688161 0.00275162 0.00668252 0.00719860 -0.00447107 -0.00405303 0.00534190 0.00442647
232.0  0.30919760 0.12100456 0.00994965 -0.00419899 -0.01189801 -0.00290808 0.00938083 0.00503055 0.00588435 0.00444171
232.5  -0.93910938 0.01797282 0.01605902 0.00054564 -0.01735012 -0.00453417 -0.00562972 0.01692338 -0.01084145 0.00413883
233.0  0.77694431 -0.12421808 -0.02837516 0.00312361 -0.00020834 0.00969016 0.00310565 0.01455281 0.01151414 0.00058301
233.5  0.05415949 -0.17739974 0.01492473 -0.00668606 0.01746984 -0.00738312 0.00686706 0.00807343 -0.00830315 0.00086240
234.0  -0.85305077 -0.13026368 0.01458139 -0.00759826 0.01238853 0.00150232 -0.01166006 -0.00233803 0.00294939 -0.00047597
234.5  0.86606713 -0.01573211 -0.03104082 0.00083019 -0.00815821 0.00648777 0.01034835 -0.01138981 0.00201447 -0.00311089
235.0  -0.03823407 0.13297307 0.01420861 0.00828084 -0.01716346 -0.01206316 -0.00334955 -0.01669740 -0.00835429 -0.00124497
235.5  -0.83610559 0.18120440 0.02017505 0.00779563 -0.00678132 0.00867099 -0.00457048 -0.01619168 0.01009160 -0.00194764
236.0  0.85047640 0.07514137 -0.03246208 -0.00176986 0.01045934 -0.00177661 0.00640365 -0.00902241 -0.01042975 -0.00179000
236.5  0.04213715 -0.08520568 0.00626488 -0.01360890 0.01640814 -0.00580600 -0.00737478 -0.00342039 0.00820562 -0.00348439
237.0  -0.89230833 -0.17584800 0.02774252 -0.00778402 0.00861752 0.01171325 0.00535854 0.00586244 -0.00455955 -0.00359928
237.5  0.77488837 -0.11731175 -0.02838391 0.00651755 -0.00703823 -0.01038103 0.00015575 0.01463701 0.00090617 -0.00370117
238.0  0.18089330 0.04381552 -0.00422467 0.01263194 -0.01678967 0.00401701 -0.00170021 0.01634594 0.00330757 -0.00288726
238.5  -0.94083402 0.16417239 0.03011337 0.00651034 -0.00821402 0.00498525 0.00435101 0.01642334 -0.00623350 -0.00265697
239.0  0.68951494 0.15445522 -0.02067326 -0.00695500 0.00909769 -0.01184163 -0.00607675 0.01368391 0.01129799 -0.00257641
239.5  0.29443401 0.01897820 -0.01120150 -0.01164073 0.01629527 0.01348452 0.00189542 0.00385376 -0.01412129 -0.00261407
240.0  -0.96380471 -0.13233790 0.02857561 -0.00457251 0.00642643 -0.00505194 0.00142180 -0.00591767 0.01169579 -0.00220560
240.5  0.63819235 -0.17269833 -0.01438240 0.00840430 -0.01019009 0.00290696 -0.00192879 -0.01022543 -0.00577514 -0.00027660
241.0  0.32163777 -0.11156302 -0.01312312 0.01485196 -0.01636036 0.01420734 0.00316856 -0.01775801 -0.00190966 -0.00027898
241.5  -0.95837887 0.00639500 0.02621660 -0.00005965 -0.00227699 0.01800775 0.00716023 -0.01961366 0.00503302 0.00143459
242.0  0.70647693 0.13812468 -0.01566605 -0.01594087 0.01526943 0.01135247 0.00619744 -0.01265276 -0.00751460 0.00540891
242.5  0.16573760 0.17852871 -0.00838441 -0.00599120 0.01123836 -0.00830702 -0.00298926 -0.00314220 0.00701428 0.01032548
243.0  -0.89474551 0.13441509 0.02759488 0.01002213 -0.00708269 -0.01696478 -0.00841036 0.01133915 -0.00568624 0.01020133
243.5  0.84108141 0.05460909 -0.02120895 0.01033263 -0.01662186 -0.01127394 -0.00721496 0.02225440 0.00487773 0.00723115
244.0  -0.04152030 -0.07687928 -0.00514784 -0.00507740 -0.00216775 -0.00204879 -0.00581835 0.01999943 -0.00101142 0.00466436
244.5  -0.80139222 -0.16912875 0.02893252 0.01090331 0.01713347 0.01039422 0.00385804 0.01221119 -0.00282847 -0.00004188
245.0  0.90477533 -0.16087110 -0.02783345 0.01346019 0.00836796 0.01314066 0.01442601 -0.00103565 0.00671446 -0.00389049
245.5  -0.12487428 -0.09446654 0.00018725 -0.00329415 -0.01101135 0.00071704 0.01061830 -0.01727631 -0.01057603 -0.00712770
246.0  -0.78631614 0.03340293 0.02879362 -0.01502909 -0.01721840 -0.01088906 0.00714044 -0.02071721 0.00615618 -0.00998091
246.5  0.89384496 0.15951613 -0.03009347 -0.00769946 -0.00200271 -0.01346251 -0.00438118 -0.01351675 -0.00106085 -0.01284510
247.0  -0.06681031 0.17089940 0.00149716 0.00966607 0.01754988 -0.00220393 -0.01877529 -0.00091199 -0.00297454 -0.01181554
247.5  -0.83727160 0.07774519 0.02871746 0.01583899 0.01446798 0.01120241 -0.00753487 0.00921759 0.00919560 -0.01195842
248.0  0.84349952 -0.05796599 -0.02892921 0.00214953 -0.00486521 0.01661556 0.01019904 0.01161315 -0.00925092 -0.01327902
248.5  0.06450167 -0.16746577 -0.00116508 -0.01289731 -0.01516761 0.01363194 0.01648079 0.00460404 0.00931221 -0.01163862
249.0  -0.90393702 -0.15677671 0.02757091 -0.01272732 -0.01146597 -0.00088606 0.01751440 -0.00109766 -0.00594510 -0.00796414
249.5  0.74371628 -0.02515113 -0.02245537 0.00328492 0.00471374 -0.01571300 0.01068793 -0.00400357 -0.00107796 -0.00819990
250.0  0.25892214 0.12296156 -0.00496881 0.01432353 0.01829449 -0.01576250 -0.00835186 -0.00715147 0.00637242 -0.00349811
250.5  -0.96803142 0.17812237 0.02559227 0.01015611 0.01152481 -0.00861756 -0.01979091 -0.00527250 -0.01072468 -0.00005912
251.0  0.56753085 0.09097898 -0.01661199 -0.00539103 -0.00626370 0.00159824 -0.01858771 -0.00172313 0.01259723 -0.00061298
251.5  0.46835671 -0.06264405 -0.00906773 -0.01681199 -0.02099897 0.01374625 -0.01234640 0.00115984 -0.01122958 0.00487378
252.0  -0.98350620 -0.16235430 0.02445444 -0.00880084 -0.01293584 0.01579216 0.00126711 0.00419402 0.00764363 0.00849889
252.5  0.47269675 -0.16147612 -0.01445131 0.00996469 0.01031949 0.00675828 0.01716093 0.00747368 -0.00091672 0.00706892
253.0  0.49024204 -0.05450330 -0.01030899 0.01238191 0.01982931 -0.00348599 0.02157704 0.00560723 -0.00630030 0.00991036
253.5  -0.98092484 0.08870451 0.02666201 0.00158580 0.00880135 -0.01221943 0.01349817 0.00079375 0.01112380 0.01197604
254.0  0.57921078 0.16092392 -0.01959090 -0.00835626 -0.01126230 -0.01470766 -0.00176732 -0.00316034 -0.01213192 0.01051329
254.5  0.34452830 0.16378566 -0.00772067 -0.01106398 -0.02104981 -0.00746455 -0.01899013 -0.00717843 0.00942621 0.01095168
255.0  -0.95732318 0.08903821 0.03034133 0.00654036 -0.00576468 0.00381965 -0.02294427 -0.00683391 -0.00280540 0.00959362
255.5  0.69860686 -0.05741163 -0.02593515 0.01607868 0.01611234 0.01297384 -0.01219747 -0.00159806 -0.00421381 0.00703607
256.0  0.21956204 -0.15446573 -0.00419432 -0.00478121 0.01584754 0.01709435 0.00553482 0.00253448 0.00952211 0.00321890
256.5  -0.93877684 -0.16368281 0.03338435 -0.01403712 -0.00227211 0.00986641 0.01867841 0.00547233 -0.01314381 -0.00076308
257.0  0.71695932 -0.09824549 -0.02949328 -0.00420051 -0.01652507 -0.00402393 0.02222525 0.00850574 0.01280047 -0.00190325
257.5  0.24745598 0.04981840 -0.00679887 0.00571652 -0.01144222 -0.01447222 0.01609986 0.00521266 -0.00939794 -0.00605540
258.0  -0.95466986 0.16963159 0.03588069 0.01263933 0.01080216 -0.01789370 0.00291310 0.00255411 0.00364670 -0.00781672
258.5  0.63855086 0.15719752 -0.02581763 0.00601538 0.02212226 -0.01270413 -0.01080301 0.00039763 0.00342249 -0.00610077
259.0  0.38283031 0.04656328 -0.01257903 -0.01012341 0.01099009 -0.00113064 -0.01849868 -0.00524455 -0.00904697 -0.00876835
259.5  -0.98178122 -0.09794413 0.03529939 -0.01160969 -0.01253622 0.00978524 -0.02215560 -0.00715116 0.01090897 -0.01052720
260.0  0.45949896 -0.18106989 -0.01593093 0.00039668 -0.02292623 0.01521641 -0.01852837 -0.00545560 -0.01295246 -0.00947408
260.5  0.60650652 -0.10988944 -0.02101685 0.00894759 -0.01103038 0.01533300 -0.00679312 -0.00400997 0.01075016 -0.00982465
261.0  -0.94827315 0.05836962 0.03053972 0.00891914 0.01021705 0.01138448 0.00675628 -0.00124536 -0.00711864 -0.00953026
261.5  0.12686751 0.17189943 -0.00175374 0.00055652 0.02096563 0.00400371 0.01481983 0.00410083 0.00250091 -0.00805662
262.0  0.84916614 0.13684395 -0.02840407 -0.00786033 0.01306808 -0.00150344 0.02358363 0.00552142 0.00271179 -0.00717970
262.5  -0.79427542 -0.01625520 0.02302946 -0.00950002 -0.00707712 -0.00529674 0.02582503 0.00417633 -0.00587304 -0.00553610
263.0  -0.18483305 -0.15143828 0.01004919 -0.00209607 -0.02180900 -0.01171592 0.01212423 0.00229979 0.00890603 -0.00323972
263.5  0.94553821 -0.16564891 -0.03238650 0.00711196 -0.01294916 -0.01208624 -0.00230502 -0.00160086 -0.01012896 -0.00053415
264.0  -0.68522456 -0.07185403 0.01863268 0.00921002 0.01057122 -0.00490344 -0.01307077 -0.00466221 0.01252554 0.00049560
264.5  -0.27446026 0.07425724 0.01519915 0.00094440 0.02340698 0.00051645 -0.02616175 -0.00389036 -0.01086016 0.00371385
265.0  0.95061163 0.17537988 -0.03443464 -0.00874684 0.00969760 0.00807053 -0.02215230 -0.00169263 0.00454670 0.00595233
265.5  -0.70039644 0.15549836 0.02097390 -0.00742581 -0.01604303 0.01251348 -0.00339029 0.00047822 0.00489200 0.00834693
266.0  -0.22572579 0.06389410 0.01450571 0.00250673 -0.02300835 0.00539410 0.00892426 0.00298661 -0.01287211 0.00878076
266.5  0.93389026 -0.05826943 -0.03683753 0.01144941 -0.00069983 -0.00694535 0.01935518 0.00352557 0.01523420 0.00898877
267.0  -0.74750040 -0.17013634 0.02376727 0.00635413 0.02256554 -0.01968378 0.01924068 0.00235823 -0.01082453 0.00869948
267.5  -0.14717288 -0.17101165 0.01092987 -0.00911456 0.01606950 -0.01559196 -0.00067145 -0.00106837 0.00354550 0.00447161
268.0  0.90456600 -0.08215829 -0.03591458 -0.01141145 -0.00895622 0.00076016 -0.01014855 -0.00493395 0.00423407 0.00032264
268.5  -0.80703090 0.02672260 0.02723173 0.00151878 -0.02185865 0.01716841 0.00894248 -0.00407268 -0.01064676 -0.00209006
269.0  -0.03934697 0.14415331 0.00599374 0.01098200 -0.00518467 0.02590990 -0.00409273 0.00911809 0.01644989 -0.00476910
269.5  0.84229034 0.18510217 -0.03209320 0.00627799 0.01797075 0.01632777 -0.00128954 0.00187119 0.01990516 -0.00722119
270.0  -0.88261950 0.11281675 0.02889545 -0.00747834 0.01604401 -0.00214279 0.00808889 -0.00419716 0.01278755 -0.00981091
270.5  0.11235474 -0.00037176 0.00023059 -0.01286192 -0.00506259 -0.01699932 -0.01100446 -0.00191825 -0.00326285 -0.01146736
271.0  0.76938184 -0.12197201 -0.02753684 -0.01308773 -0.02099926 -0.02102012 0.00783276 -0.00439267 -0.01520862 -0.01202073
271.5  -0.91993290 -0.18397802 0.02748428 0.00447976 -0.01643211 -0.01360456 -0.00036163 -0.00531396 -0.02119578 -0.01228521
272.0  0.17297877 -0.11665486 -0.00111317 0.02046507 -0.00984473 0.00065807 -0.00547891 0.00347077 -0.02418397 -0.00781611
272.5  0.74785508 0.02354531 -0.02588593 0.00973093 0.02468968 0.01269913 0.01022085 0.00517608 -0.01854259 -0.00594560
273.0  -0.92967439 0.14393704 0.02684367 -0.01133695 -0.00988640 0.01974608 -0.00820989 0.00431235 -0.00733289 -0.00284227
273.5  0.21351059 0.17457930 -0.00094960 -0.01577311 -0.01717691 0.01610203 0.00371314 0.00749760 0.00415253 -0.00021458
274.0  0.69441857 0.09145957 -0.02689454 -0.00482420 0.02383764 0.00221465 0.00414899 0.00150977 0.01761590 0.00210254
274.5  -0.96213888 -0.04495936 0.03075296 0.01178623 -0.00243531 -0.01215374 -0.00825630 -0.00535531 0.02513228 0.00417541
275.0  0.37258719 -0.15592191 -0.00535483 0.01243601 -0.02242217 -0.01875601 0.00757803 -0.00465295 0.02125616 0.00370405
275.5  0.54022824 -0.17441564 -0.02686077 -0.00131740 0.02078695 -0.01578926 -0.00376302 -0.00814092 0.01296452 0.00670987
276.0  -0.98226020 -0.08851548 0.03719998 -0.01394378 0.00750126 -0.00250549 -0.00423539 -0.00607279 -0.00129623 0.00886917
276.5  0.56124461 0.03505283 -0.01336539 -0.00861990 -0.02671383 0.01375068 0.00876155 0.00241328 -0.01682943 0.00753612
277.0  0.36485643 0.14702456 -0.02439786 0.00977250 0.01237290 0.02009663 -0.00968619 0.00396865 -0.02190481 0.00590256
277.5  -0.96284462 0.18247948 0.04021576 0.01277414 0.01739450 0.01569862 0.00516785 0.00616430 -0.02056316 0.00451757
278.0  0.67024638 0.09804896 -0.01848625 -0.00192447 -0.02470216 0.00332777 0.00157646 0.00791961 -0.01254182 -0.00034897
278.5  0.26401951 -0.02796229 -0.02173033 -0.01012067 0.00204412 -0.01092598 -0.00578083 0.00138933 0.00190606 0.00052133
279.0  -0.94858390 -0.13417656 0.04048896 -0.00950989 0.02265939 -0.01964385 0.00861964 -0.00390424 0.01517662 -0.00035977
279.5  0.70407284 -0.18446477 -0.01914300 0.00172200 -0.02063285 -0.01854163 -0.00774457 -0.01356965 0.01733089 -0.00200646
280.0  0.23289159 -0.11327557 -0.02014880 0.01481378 -0.00462377 -0.00645212 0.00184009 -0.02709937 0.00320002 -0.00124466
280.5  -0.94364353 0.02599237 0.03804192 0.00609025 0.02509166 0.00768389 0.00408287 -0.01908276 0.00064370 -0.00194075
281.0  0.69465975 0.13199797 -0.01658490 -0.01165675 -0.01568166 0.01565826 -0.01067060 -0.00164069 0.00231196 -0.00470485
281.5  0.29527478 0.17483499 -0.02155224 -0.01411950 -0.01120865 0.01786395 0.01234480 0.01367067 -0.00416970 -0.00462356
282.0  -0.96949756 0.10498437 0.03474989 -0.00096041 0.02579024 0.00762180 -0.00525221 0.02558720 -0.00674254 -0.00444399
282.5  0.55197267 -0.05725199 -0.00857967 0.01505633 -0.01243442 -0.00710380 0.00134259 0.02806127 -0.00500602 -0.00577611
283.0  0.50761848 -0.16844871 -0.02685517 0.01571035 -0.01184336 -0.01558666 0.00703541 0.02057659 -0.00472514 -0.00498607
283.5  -0.97628064 -0.14737642 0.02960018 0.00085682 0.02468793 -0.01847151 -0.00971229 0.00778193 -0.00120023 -0.00446944
284.0  0.30290700 -0.02330370 0.00291006 -0.01412125 -0.01381371 -0.01479449 0.00923782 -0.00925198 0.00386580 -0.00566729
284.5  0.71637863 0.12467308 -0.03284404 -0.01633656 -0.01062239 0.00009138 -0.00745237 -0.02041733 0.00492178 -0.00472153
285.0  -0.91671041 0.17893029 0.02456697 -0.00110583 0.02454995 0.01572313 0.00138200 -0.02524004 0.00320731 -0.00363429
285.5  0.09215562 0.08861752 0.01278923 0.01822192 -0.01221810 0.02045085 0.00409074 -0.02440287 0.00154526 -0.00224738
286.0  0.83117507 -0.06725737 -0.03642411 0.01465132 -0.01171062 0.02023193 -0.00950441 -0.01277930 -0.00062880 -0.00156661
286.5  -0.84573603 -0.17196608 0.01827590 0.00588219 -0.02297426 0.01221500 0.00996245 0.00472501 -0.00068889 -0.00025522
287.0  -0.04796886 -0.14611965 0.02056640 -0.00475913 0.01450827 -0.01201833 -0.00674201 0.01320459 -0.00075014 0.00076814
287.5  0.88689137 -0.01202747 -0.03737244 -0.01322060 0.00842986 -0.02392055 0.00180910 0.02000019 0.00028665 0.00342842
288.0  -0.79826399 0.12241863 0.01326821 -0.00658760 -0.02393068 -0.02202576 0.00815800 0.02240591 0.00127338 0.00428628
288.5  -0.10496615 0.17818733 0.02562279 0.00916427 0.01210528 -0.01881622 -0.00782563 0.01289562 0.00000832 0.00715997
289.0  0.89376023 0.11914171 -0.03716290 0.01135672 0.01481219 -0.00033908 0.01001278 0.00048147 0.00036234 0.00870640
289.5  -0.81307508 -0.02343401 0.01120914 0.00147849 -0.02265471 0.01971447 -0.00580465 -0.01127329 0.00042338 0.00954511
290.0  -0.02577015 -0.13529119 0.02353309 -0.01044785 0.00412903 0.02210696 -0.00062076 -0.02226603 -0.00177023 0.01337851
290.5  0.83592410 -0.17246606 -0.03492028 -0.01351626 0.01975086 0.01564623 0.00580293 -0.02205616 -0.00671937 0.01348090
291.0  -0.89434044 -0.13729895 0.01375181 0.00477804 -0.01968711 0.00043492 -0.01045230 -0.00979465 -0.01327814 0.01128186
291.5  0.16476239 -0.01466745 0.01836658 0.01986324 -0.00612086 -0.01862880 0.00823973 -0.00042531 -0.00221576 0.00887384
292.0  0.71489588 0.10946608 -0.03269894 0.00411741 0.02464075 -0.02287932 -0.00290968 0.00567164 0.01210301 0.00307293
292.5  -0.95480599 0.16606055 0.01793062 -0.01506643 -0.00996338 -0.01358229 -0.00394805 0.00869090 0.02272900 -0.00431709
293.0  0.30860099 0.15907973 0.01337689 -0.01183043 -0.01764882 -0.00087198 0.01059303 0.00788056 0.02274947 -0.01047413
293.5  0.62657089 0.05974517 -0.03142562 0.00221897 0.02228146 0.01619484 -0.01104449 0.00533570 0.01799814 -0.01568644
294.0  -0.97240068 -0.08060882 0.02140396 0.01461675 0.00467943 0.02478524 0.00507937 0.00082108 0.00775697 -0.01882560
294.5  0.40356096 -0.16097440 0.00779908 0.00941089 -0.02412116 0.01712600 0.00483470 -0.00425552 -0.00822804 -0.01878338
295.0  0.54837812 -0.16505572 -0.03122320 -0.01407697 0.01188998 0.00787372 -0.01129898 -0.00541979 -0.01854336 -0.01366695
295.5  -0.98092147 -0.08482004 0.02751357 -0.01709801 0.01661630 -0.00893409 0.01115738 -0.00422804 -0.02361916 -0.00832179
296.0  0.47418840 0.05468481 0.00378226 0.00456116 -0.02692523 -0.02341016 -0.00688433 -0.00150228 -0.02467722 -0.00372057
296.5  0.50201683 0.15791223 -0.03450661 0.01908190 0.00202616 -0.02005614 0.00151928 0.00169560 -0.01545835 0.00310374
297.0  -0.98192996 0.16741939 0.03469226 0.00824171 0.02534642 -0.01169386 0.00676595 -0.00085792 -0.00259503 0.00801985
297.5  0.44415117 0.07699113 -0.00087804 -0.01323462 -0.02099352 -0.00823769 -0.00643303 -0.01248990 0.00535965 0.01143521
298.0  0.57368814 -0.06617578 -0.03646691 -0.01765046 -0.01110685 0.00293314 0.01440018 -0.01363822 0.01669028 0.01680891
298.5  -0.96906354 -0.16517941 0.03763549 0.00000278 0.02893870 0.00782666 -0.00768080 -0.02073140 0.02254981 0.02063052
299.0  0.27838843 -0.15714696 0.00118136 0.01588492 -0.01356784 0.00792761 0.00250756 -0.01401404 0.02065213 0.02064475
299.5  0.73049906 -0.04227233 -0.03918834 0.01519384 -0.01569482 0.01016473 0.00527579 -0.00854692 0.01710604 0.02134447
300.0  -0.90528965 0.10600870 0.03532336 -0.00628769 0.02756275 0.01019667 -0.01119270 0.00193900 0.01001263 0.02117181
300.5  0.05228050 0.17451944 0.00539677 -0.02113772 -0.00596526 0.00681321 0.01211799 0.01483037 -0.00070500 0.01616763
301.0  0.85941242 0.13290524 -0.03871502 -0.00993185 -0.02471199 0.00292086 -0.00948449 0.01943668 -0.01059516 0.01085595
301.5  -0.80727761 0.02193179 0.03136960 0.01419043 0.02400825 -0.00257617 0.00002544 0.01848684 -0.01575377 0.00554711
302.0  -0.14334451 -0.11580481 0.00624547 0.01687173 0.00698157 -0.00996381 0.00703125 0.01353304 -0.01829677 -0.00245559
302.5  0.93268744 -0.18433695 -0.03589731 0.00145514 -0.02978315 -0.01016973 -0.01371027 0.00315718 -0.01596999 -0.00795974
303.0  -0.68546991 -0.12455553 0.02747122 -0.01549489 0.01942336 -0.00632214 0.01213465 -0.00906818 -0.00928809 -0.01344013
303.5  -0.32572256 -0.00505364 0.00744477 -0.01002064 0.01360254 -0.00191249 -0.00726136 -0.02122387 -0.00114982 -0.01615611
304.0  0.97460067 0.11298925 -0.03307383 0.00618031 -0.03025873 0.00479599 -0.00167570 -0.02382576 0.00607576 -0.01883032
304.5  -0.57192678 0.18315412 0.02547994 0.01264130 0.01209991 0.01144406 0.01157451 -0.01576380 0.01319830 -0.02183469
305.0  -0.41559933 0.13249085 0.00678167 0.00494781 0.02172232 0.00765702 -0.01187688 -0.00553817 0.01394357 -0.02005146
305.5  0.97829778 0.00132172 -0.03233653 -0.01086458 -0.03062460 0.00006962 0.00915045 0.00854158 0.01161893 -0.01694666
306.0  -0.57617025 -0.11217704 0.02714866 -0.01466562 0.00195799 -0.00473595 -0.00040031 0.02027881 0.00971623 -0.01630190
306.5  -0.38782508 -0.17485377 0.00492726 -0.00150879 0.02798273 -0.01103400 -0.00941443 0.02126067 0.00281857 -0.01193929
307.0  0.97292599 -0.13584490 -0.03334976 0.01482882 -0.02679326 -0.00838961 0.01211923 0.01582264 -0.00476736 -0.00695140
307.5  -0.60220150 0.00445572 0.02821971 0.01294153 -0.00397757 0.00203304 -0.00773873 0.00854665 -0.00805177 -0.00622899
308.0  -0.37623274 0.13562166 0.00723509 -0.00487695 0.03007985 0.00689286 -0.00174432 -0.00535061 -0.01440552 0.00186491
308.5  0.97642463 0.17231326 -0.03649849 -0.01531366 -0.02137460 0.00836320 0.01226905 -0.01564622 -0.01713633 0.00751897
309.0  -0.56015993 0.08830448 0.02593176 -0.00769654 -0.01005751 0.00922646 -0.01456916 -0.01959267 -0.01402032 0.00954207
309.5  -0.44786545 -0.06692182 0.01456192 0.00726155 0.03205487 -0.00166667 0.00746617 -0.02087951 -0.01289977 0.01490599
310.0  0.98179121 -0.16971659 -0.03922781 0.01411137 -0.01970411 -0.00855394 0.00434782 -0.01577850 -0.00900025 0.01758499
310.5  -0.48043248 -0.14505767 0.01953500 0.00663732 -0.01391077 -0.00714188 -0.01294775 -0.00138592 0.00335340 0.01560736
311.0  -0.51820210 -0.01222885 0.02097612 -0.00860016 0.03155239 -0.00635747 0.01403197 0.00554081 0.00954558 0.01965043
311.5  0.98046928 0.13230576 -0.03820611 -0.01625460 -0.01607645 0.00047359 -0.00686716 0.01166568 0.01421792 0.02239150
312.0  -0.44882122 0.17325126 0.01391997 -0.00568829 -0.01657548 0.00930323 -0.00275831 0.01826853 0.02320827 0.02230180
312.5  -0.53852616 0.10112715 0.02257115 0.01434859 0.03260183 0.00876250 0.00963056 0.01484588 0.01957206 0.02190679
313.0  0.98051606 -0.03005863 -0.03417791 0.01609597 -0.01284284 0.00600945 -0.01209301 0.00955291 0.01261985 0.02149741
313.5  -0.42029708 -0.15738651 0.01010120 -0.00099111 -0.02005282 0.00078942 0.00805188 0.00546524 0.01073133 0.01887278
314.0  -0.56478033 -0.17371217 0.02310443 -0.01406994 0.03021293 -0.00759200 -0.00148086 -0.00550945 -0.00115089 0.01745900
314.5  0.97885743 -0.07242930 -0.03190554 -0.01183462 -0.00625943 -0.01038646 -0.00527587 -0.01483754 -0.01173279 0.01378095
315.0  -0.43203641 0.04542986 0.00938354 0.00505812 -0.02683744 -0.00645900 0.01169936 -0.01413974 -0.01211276 0.01084349
315.5  -0.51245276 0.14786266 0.02163106 0.01618485 0.02604038 0.00024172 -0.01127341 -0.01970324 -0.01406961 0.00261609
316.0  0.97939187 0.18414878 -0.03323488 0.00517201 0.00887161 0.00733794 0.00390985 -0.01513465 -0.00979418 -0.00627419
316.5  -0.59967243 0.10661314 0.01651054 -0.01346384 -0.03024131 0.00973617 0.00566821 0.00360311 -0.00029517 -0.01534558
317.0  -0.28819278 -0.00179045 0.01511755 -0.01396856 0.01114630 0.00422875 -0.01296736 0.00934483 0.00389283 -0.02487093
317.5  0.93427558 -0.10632647 -0.03561732 0.00598243 0.02311597 -0.00453821 0.01082212 0.01833475 0.00659897 -0.02865663
318.0  -0.78069121 -0.18194755 0.02576252 0.01748308 -0.02431191 -0.01017348 -0.00246154 0.02492571 0.00709858 -0.02930726
318.5  -0.06011989 -0.14651342 0.00778646 0.00383820 -0.00815850 -0.01088199 -0.00610183 0.01057117 0.00502463 -0.02494585
319.0  0.86072006 -0.03108569 -0.03603800 -0.01377462 0.02850821 -0.00357163 0.01122303 0.00178178 0.00114567 -0.01884943
319.5  -0.85008357 0.09442505 0.03039950 -0.01267381 -0.01302661 0.00522800 -0.01090019 -0.00673416 -0.00304319 -0.01235700
320.0  -0.00407428 0.17532299 0.00621957 0.00346287 -0.01863772 0.01206164 0.00776258 -0.02272451 -0.00485638 -0.00191364
320.5  0.86001235 0.13786942 -0.03633303 0.01479254 0.02834741 0.01368418 0.00342646 -0.02278749 -0.00578261 0.00654579
321.0  -0.82599972 0.00080046 0.02788159 0.00727615 -0.00490056 0.00438448 -0.00947001 -0.01330133 -0.00542674 0.01248541
321.5  -0.07952164 -0.13308235 0.00949615 -0.00965540 -0.02244917 0.00352967 0.01077732 -0.00296991 -0.00146374 0.02167671
322.0  0.90241840 -0.17500268 -0.03566290 -0.01647857 0.02658339 -0.01282820 0.01386018 0.00215633 -0.00379120 0.02576447
322.5  -0.76036647 -0.09047154 0.02219288 -0.00469967 0.00022000 -0.02687496 0.01592607 0.00158016 -0.00808045 0.02588530
323.0  -0.20916242 0.05688771 0.01447953 0.01466913 -0.02508886 -0.02287525 0.01263495 0.00401208 -0.00766512 0.02865197
323.5  0.95366852 0.16124030 -0.03236477 0.01659205 0.02221451 -0.01128077 0.00680269 0.00872060 -0.00446529 0.02753541
324.0  -0.62917052 0.15742899 0.01416409 -0.00084370 0.00460440 0.00273414 -0.00069549 0.01116395 0.00278675 0.02319005
324.5  -0.40265814 0.03418522 0.01831293 -0.01217093 -0.02735534 0.01814392 -0.00835854 0.00870497 0.00848164 0.02044684
325.0  0.98055169 -0.11599656 -0.02859284 -0.01105835 0.01910621 0.02484930 -0.01465903 0.00293431 0.01083338 0.01528286
325.5  -0.49931448 -0.17096415 0.00880216 0.00090355 0.00974177 0.01672067 -0.01487183 -0.00409788 0.01061185 0.00588250
326.0  -0.48914213 -0.13231287 0.01884258 0.01748194 -0.02929536 0.00105418 -0.00574130 -0.00818188 0.00549737 -0.00272960
326.5  0.98180836 -0.03166919 -0.02808473 0.01252770 0.01246038 -0.01458657 0.00743679 -0.00904085 -0.00151682 -0.01097719
327.0  -0.56070440 0.10494179 0.01172121 -0.00732615 0.02206096 -0.02170176 0.01747861 -0.00631540 -0.00692852 -0.01886648
327.5  -0.34727948 0.17180172 0.01566455 -0.02141792 -0.02298811 -0.01332152 0.01738000 -0.00050979 -0.01058619 -0.02498801
328.0  0.95381882 0.15315636 -0.03080331 -0.00472201 -0.00005577 0.00305781 0.00240688 0.00538623 -0.01056276 -0.02754723
328.5  -0.74581469 0.08924366 0.02027042 0.01145811 0.02601770 0.01519052 -0.01714246 0.00899847 -0.00791146 -0.02590244
329.0  -0.09247536 -0.03890858 0.00873835 0.01388829 -0.01849696 0.01609501 -0.02488239 0.00907374 -0.00436905 -0.02285188
329.5  0.85405563 -0.14883910 -0.03218531 -0.00144482 -0.01329255 0.00476020 -0.01632186 0.00452250 0.00083798 -0.01568803
330.0  -0.88162573 -0.16832645 0.02779439 -0.01385699 0.02789689 -0.00878558 0.00429603 -0.00153699 0.00685400 -0.00713843
330.5  0.12458801 -0.11910705 0.00282978 -0.00616544 -0.00831947 -0.01358589 0.02436977 -0.00755480 0.01055995 0.00119676
331.0  0.74741571 0.00331182 -0.03182319 0.00822956 -0.02105480 -0.00853306 0.02750869 -0.00950326 0.01281788 0.01139162
331.5  -0.93871878 0.13571822 0.03145299 0.01049258 0.02588002 0.00113170 0.01418421 -0.00744581 0.01047052 0.02051826
332.0  0.25814991 0.17492572 -0.00042096 -0.00140193 -0.00067237 0.00912614 -0.00488418 -0.00443666 0.00278224 0.02756429
332.5  0.67503902 0.10972561 -0.03179792 -0.01426035 -0.02480925 0.01183414 -0.02270501 0.00189125 -0.00472975 0.03163098
333.0  -0.95628764 -0.02656827 0.03145122 -0.00966312 0.02317772 0.00709741 -0.02795789 0.00629331 -0.01070487 0.03355510
333.5  0.26502703 -0.15196772 0.00205075 0.00813489 0.00453183 -0.00132070 -0.01762433 0.00436495 -0.01570317 0.03115895
334.0  0.72226327 -0.16487405 -0.03265615 0.01703952 -0.02744035 -0.00680322 -0.00395549 0.00480319 -0.01584828 0.02900786
334.5  -0.91007132 -0.05073062 0.02581820 0.00856092 0.02157322 -0.01203351 0.00991013 0.00366539 -0.01305383 0.02700106
335.0  0.03465325 0.10954231 0.01109157 -0.00484716 0.00473052 -0.01828073 0.02085695 -0.00061237 -0.00800064 0.02235583
335.5  0.88415734 0.18064962 -0.03410245 -0.01601119 -0.02726255 -0.01829114 0.02104745 0.00150838 0.00068506 0.01818413
336.0  -0.74759828 0.09592867 0.01548877 -0.00958457 0.02307521 -0.01077250 0.01408121 0.00661196 0.00911726 0.01368354
336.5  -0.26632246 -0.05376299 0.02145755 0.00778805 0.00485922 -0.00007404 0.00504040 0.00601294 0.01690434 0.00534275
337.0  0.96839379 -0.15642847 -0.03444247 0.01547694 -0.02798763 0.01590887 0.00081097 0.00063445 0.01767835 -0.00160001
337.5  -0.58472342 -0.16465005 0.00901157 0.00439936 0.02046034 0.02219153 -0.01558111 -0.00512122 0.00924118 -0.01001765
338.0  -0.42716280 -0.05113088 0.02701542 -0.00851181 0.00993781 0.02533006 0.00674173 -0.01048755 -0.00171243 -0.01715407
338.5  0.97970729 0.10111320 -0.03488519 -0.01357916 -0.02900466 0.01237343 -0.00657455 -0.00084585 -0.01163338 -0.02348557
339.0  -0.50638763 0.16554305 0.00603912 -0.00206968 0.01543216 -0.00421497 0.00420264 0.01029085 -0.01610314 -0.02975866
339.5  -0.49612687 0.14468039 0.02943823 0.01224241 0.01688761 -0.02437983 0.00244190 0.01086124 -0.01326510 -0.03214150
340.0  0.98126478 0.04667120 -0.03490545 0.00847926 -0.02942634 -0.03084819 -0.00827604 0.00947669 -0.00752832 -0.03217898
340.5  -0.45698241 -0.10600659 0.00379114 -0.00345606 0.00650512 -0.01855294 0.01009357 0.00650510 0.00023267 -0.03004760
341.0  -0.53064805 -0.17942151 0.03109731 -0.01632972 0.01516362 -0.00139331 -0.00833471 -0.00172372 0.00896113 -0.02661664
341.5  0.98160256 -0.13168639 -0.03322356 0.00489142 -0.02002380 0.01632081 0.00099103 -0.00973383 0.01575822 -0.02072974
342.0  -0.44603665 -0.02476575 0.00078288 0.00816871 -0.00385231 0.02993214 0.00664869 -0.01262672 0.01760857 -0.01271720
342.5  -0.52633650 0.11164684 0.03127559 -0.00806863 0.02386700 0.02402039 -0.01367883 -0.01203792 0.01533005 -0.00487338
343.0  0.98028489 0.18460895 -0.02977201 -0.00318290 -0.01451153 0.00913373 0.00636220 -0.00864762 0.00762604 0.00367061
343.5  -0.48003645 0.11881421 -0.00241932 0.00559103 -0.01444823 -0.00685820 0.00176076 0.00231916 -0.00394715 0.01492205
344.0  -0.50267255 -0.02136383 0.03096095 0.00396869 0.02498228 -0.02344631 0.00081542 0.01746975 -0.01311495 0.02236947
344.5  0.98186935 -0.14578014 -0.02481353 -0.00741867 -0.00576483 -0.02661519 0.00629140 0.02693308 -0.01488834 0.02577181
345.0  -0.42724495 -0.16722590 -0.00991619 -0.00074678 -0.01653717 -0.01698305 0.00013662 0.02375080 -0.00368095 0.03071784
345.5  -0.59453121 -0.04859300 0.03185434 0.01297176 0.01936897 -0.00272474 0.00621244 0.01646767 -0.00855885 0.03162131
346.0  0.96551713 0.11016627 -0.01616209 -0.00951631 -0.00297317 0.01377993 0.00424129 0.00862007 -0.00144808 0.03112043
346.5  -0.27879508 0.17794545 -0.01771919 -0.00549713 -0.01635320 0.02624212 -0.00110529 0.00570295 0.00312991 0.03253158
347.0  -0.70190020 0.10488404 0.03232868 0.01418900 0.01696217 0.02711521 -0.00368931 -0.01712032 -0.00355164 0.03008917
347.5  0.93936196 -0.05152900 -0.01177136 -0.00918376 0.00316985 0.01617840 -0.00592730 0.02124698 0.00191839 0.02533715
348.0  -0.21568959 -0.15854654 -0.02126873 -0.00887056 -0.01944201 -0.00392087 -0.00843261 -0.01875652 -0.00091337 0.02149814
348.5  -0.72225273 -0.15886805 0.03464195 0.01937697 0.01113745 -0.01921292 -0.00754803 0.01156028 -0.00057650 0.01202293
349.0  0.93959438 -0.07026615 -0.01550083 -0.00497336 0.00829437 -0.02361078 -0.00506805 0.00109814 0.00287890 0.00033503
349.5  -0.23228014 0.07834406 -0.01995703 -0.01324591 -0.02182288 -0.01510403 0.00072508 -0.01212957 -0.00482232 -0.00763061
350.0  -0.70108703 0.17244605 0.03888437 0.01590410 0.00492510 0.00340681 0.00709729 0.01980617 0.00459434 -0.01961326
350.5  0.94868861 0.15203997 -0.02266640 0.00014465 0.01859858 0.01976412 0.01034843 -0.02049399 -0.00207251 -0.02855472
351.0  -0.25507010 0.07572721 -0.01538488 -0.01641532 -0.01785307 0.02318701 0.00796261 0.01154114 -0.00117391 -0.03607930
351.5  -0.68903367 -0.05053717 0.04156276 0.01012349 -0.00195640 0.01556899 0.00250699 0.00153827 0.00360559 -0.03750991
352.0  0.95066840 -0.16723929 -0.03041678 0.00830750 0.02136578 -0.00126321 -0.00439321 -0.01381660 -0.00504639 -0.03275676
352.5  -0.28984636 -0.16751139 -0.00821804 -0.01553643 -0.01425976 -0.02289505 -0.00950750 0.02014137 0.00585680 -0.02523361
353.0  -0.65366330 -0.09771966 0.04011082 0.00155032 -0.01402093 -0.02522400 -0.00777894 -0.01876444 -0.00418898 -0.01287131
353.5  0.96606047 0.00563773 -0.03610488 0.01334911 0.02396535 -0.01370964 -0.00105665 0.01018534 0.00086031 0.00220742
354.0  -0.34363430 0.13782719 -0.00116640 -0.01069313 -0.00418301 0.00335974 0.00498900 0.00145399 0.00411630 0.01106071
354.5  -0.62113716 0.18246172 0.03638035 -0.00699881 -0.02160786 0.02155107 0.00242851 -0.01168578 -0.01066933 0.02212283
355.0  0.96519645 0.10496563 -0.03657946 0.01529219 0.02117368 0.02662755 -0.00459425 0.01694944 0.01591070 0.02984516
355.5  -0.27738053 -0.02508123 -0.00124369 -0.00508038 0.00363304 0.01657488 -0.00722054 -0.01520514 -0.01656624 0.03180680
356.0  -0.72676558 -0.14996345 0.03778026 -0.00957190 -0.02453418 0.00182707 -0.00498213 0.01212323 0.01000356 0.03381454
356.5  0.90683612 -0.16741442 -0.03157232 0.01282462 0.01923136 -0.01272394 0.00284830 -0.00197682 0.00052648 0.03468368
357.0  -0.04911865 -0.03612303 -0.01064384 -0.00299451 0.00530098 -0.02322131 0.00915182 -0.00747818 -0.01096585 0.02980497
357.5  -0.86267101 0.12232834 0.04116575 -0.00738122 -0.02736324 -0.02548806 -0.01224407 0.01683100 0.01076786 0.02625611
358.0  0.80003235 0.17470316 -0.02491988 0.00971098 0.02189585 -0.01306046 0.02193287 0.00361952 -0.01191327 0.02274435
358.5  0.14891612 0.08401764 -0.02125761 -0.00325356 0.00675757 -0.00016359 -0.01442058 0.00492494 0.01046333 0.01448536
359.0  -0.93094001 -0.07864362 0.04508876 -0.00605432 -0.02882760 0.01690647 0.00228015 0.00137945 -0.00728291 0.00675527
359.5  0.70553216 -0.17129694 -0.01841389 0.00862028 0.02124312 0.02576369 0.00876874 -0.00300480 0.00185272 -0.00056394
360.0  0.27569562 -0.12974981 -0.03079056 -0.00325550 0.01078847 0.01786511 -0.01703231 -0.00566511 0.00461056 -0.00908209
360.5  -0.96070167 0.00859320 0.04640591 -0.00452699 -0.02980749 0.00190097 0.01879717 -0.00681669 -0.00803879 -0.01685062
361.0  0.63319997 0.15230852 -0.01048106 0.00695378 0.01871954 -0.01630782 -0.01213042 -0.00570719 0.00852189 -0.02368074
361.5  0.34572019 0.17232849 -0.03755565 -0.00158366 0.01239493 -0.02551491 -0.00021711 -0.00355889 -0.00779490 -0.02919705
362.0  -0.96963837 0.06592664 0.04551077 -0.00463228 -0.03218980 -0.01759061 0.01255047 -0.00023031 0.00705221 -0.03267130
362.5  0.62841841 -0.05735541 -0.00562928 0.00613537 0.01594194 0.00237310 -0.01935067 0.00411497 -0.00722947 -0.03603394
363.0  0.31069918 -0.16006103 -0.03929198 0.00045514 0.01893998 0.02171307 0.01433926 0.00531466 0.00701716 -0.03474823
363.5  -0.94694495 -0.17766249 0.04474849 -0.00814081 -0.03258541 0.02547147 -0.00085106 0.00661303 -0.00178398 -0.03117898
364.0  0.73838866 -0.07226169 -0.00806894 0.00614141 0.00949485 0.00917389 -0.01268659 0.00657471 -0.00466687 -0.02675028
364.5  0.11537781 0.04185448 -0.03514674 0.00598061 0.02622950 -0.01407240 0.02085197 0.00115642 0.01191942 -0.01723298
365.0  -0.87234760 0.13497633 0.04499926 -0.01443438 -0.02752686 -0.02681411 -0.01426056 -0.00080839 -0.01366472 -0.00677326
365.5  0.85737041 0.18637091 -0.01231832 0.00182049 -0.00288808 -0.01931960 -0.00592918 -0.00310633 0.01108494 0.00290895
366.0  -0.07046036 0.10611609 -0.03155451 0.01687215 0.02634094 -0.00128841 0.01553430 -0.00502524 -0.00563191 0.01521197
366.5  -0.78985882 -0.03168670 0.04342667 -0.01752487 -0.01860831 0.02239955 0.01456538 -0.00414268 -0.00122087 0.02373746
367.0  0.91418737 -0.13284991 -0.01208133 -0.00691030 -0.00664626 0.03457934 0.00721618 -0.00171454 0.00577638 0.02848231
367.5  -0.18269004 -0.17550760 -0.03104402 0.02938756 0.01771774 0.01887625 -0.00143536 -0.00112290 -0.00935987 0.03449554
368.0  -0.70872643 -0.09783959 0.04475459 -0.01888237 -0.00669814 -0.00134628 -0.01217541 0.00304303 0.01018592 0.03553179
368.5  0.95593543 0.05543605 -0.01529447 -0.01754228 -0.00535851 -0.02059541 -0.01576634 0.00644602 -0.00872971 0.03343171
369.0  -0.34689625 0.15665820 -0.02928003 0.03331629 0.00613735 -0.03332717 -0.01422333 0.00800539 0.00435244 0.03241856
369.5  -0.57559514 0.16028398 0.04711572 -0.00903081 -0.00025970 -0.01896860 -0.00954119 0.00070700 0.00285927 0.02173393
370.0  0.97967205 0.05543830 -0.02166269 -0.02686592 -0.00061862 0.00006747 0.00445571 0.00605602 -0.00865324 0.00863104
370.5  -0.47760436 -0.09551473 -0.02630783 0.03043328 -0.00077108 0.00789901 0.01350149 0.00835440 0.01602065 -0.00262009
371.0  -0.48662366 -0.17429738 0.04947390 0.00459885 -0.00183789 0.01599726 0.02771408 -0.01647115 -0.01709351 -0.01536819
371.5  0.98048415 -0.12602720 -0.02264669 -0.03344430 0.00345088 0.01661829 0.02959940 0.01123831 0.01417667 -0.02490725
372.0  -0.48525904 0.02361827 -0.02852652 0.02299592 -0.00020634 0.00613672 0.01465121 -0.00453089 -0.00872645 -0.03190813
372.5  -0.51358290 0.15183553 0.05065685 0.01364603 -0.00236490 -0.00525846 -0.00466610 -0.00345435 0.00028012 -0.03830125
373.0  0.98040507 0.16011580 -0.01907382 -0.03450285 0.00367544 -0.00752775 -0.02524003 0.01013766 0.00850996 -0.04008218
373.5  -0.42238896 0.07266262 -0.03231002 0.01577937 -0.00044691 0.00802391 -0.03246691 -0.01224460 -0.01493185 -0.03786077
374.0  -0.56962394 -0.06890016 0.04950379 0.02718763 -0.00404209 0.01282161 -0.01955914 0.01292804 0.01723927 -0.03264339
374.5  0.97301498 -0.17709143 -0.01676739 -0.03412255 0.00432103 -0.00022161 0.00119541 -0.01061008 -0.01720393 -0.02375818
375.0  -0.38554896 -0.15325399 -0.03206817 -0.00326281 0.00238600 -0.01408659 0.02026190 0.00447801 0.01372697 -0.01208916
375.5  -0.60762881 -0.05450682 0.04735261 0.03495093 -0.00584192 -0.02335290 0.02470636 0.00075146 -0.00781255 0.00216824
376.0  0.96586280 0.06075525 -0.01465160 -0.02224647 0.00416433 -0.01624329 0.01559966 -0.00635804 -0.00020706 0.01482230
376.5  -0.27722983 0.17190106 -0.03226745 -0.01914112 0.00201414 0.00329089 0.00052764 0.01222518 0.00751294 0.02818882
377.0  -0.71608538 0.16662532 0.04442060 0.03686860 -0.00429883 0.01559451 -0.01761885 -0.01522094 -0.01267572 0.03562916
377.5  0.91738923 0.03970457 -0.00961490 -0.00856038 -0.00030003 0.01690274 -0.02837966 0.01824845 0.01423558 0.03773187
378.0  -0.10492461 -0.08344100 -0.03451587 -0.02965537 -0.00126929 0.01236403 -0.02300568 -0.01591736 -0.01285810 0.04166299
378.5  -0.81684799 -0.16223743 0.04327912 0.02999696 0.00254264 -0.00283300 -0.00726717 0.01119871 0.01151326 0.03641208
379.0  0.86981142 -0.15887274 -0.00939245 0.00567969 0.00314340 -0.01455489 0.01299086 -0.00217253 -0.01023904 0.02660039
379.5  -0.04277172 -0.03107929 -0.03376713 -0.03369644 -0.01092286 -0.01200969 0.03045320 -0.00761456 0.00730703 0.01957233
380.0  -0.82030745 0.11197338 0.04487290 0.01875348 0.00534428 -0.00568777 0.02943678 0.01604903 0.00023026 0.00448252
380.5  0.88481219 0.16823342 -0.01367485 0.01630977 0.01158211 0.00431642 0.01204335 -0.01935502 -0.00981136 -0.01365164
381.0  -0.09564460 0.12813302 -0.03191775 -0.02947673 -0.01868653 0.01344420 -0.00799356 0.01403248 0.01630675 -0.02260065
381.5  -0.78250543 -0.00772471 0.04831163 0.00893139 0.00369232 0.00958244 -0.02755511 -0.00420281 -0.01737303 -0.03370070
382.0  0.91164572 -0.14586293 -0.01737995 0.02350897 0.01037576 -0.00226726 -0.03377607 -0.00449786 0.01082113 -0.04264778
382.5  -0.16643773 -0.16928654 -0.03164455 -0.02841491 0.01073576 -0.00736261 -0.02039293 0.01276118 0.00335468 -0.04085796
383.0  -0.73955855 -0.06785311 0.05104797 -0.00300903 -0.00023710 -0.01051397 -0.00137652 -0.00878768 -0.01507982 -0.03959007
383.5  0.93492219 0.08595209 -0.01749400 0.02799426 -0.01548408 -0.00829630 0.02079766 -0.00016020 0.02106727 -0.03764739
384.0  -0.24095650 0.17211388 -0.03378141 -0.02085450 0.01411718 0.00783655 0.03163019 0.00565881 -0.01881350 -0.02446782
384.5  -0.68067681 0.13332080 0.05119326 -0.01167377 0.00277869 0.01441787 0.02519261 -0.01115713 0.00831453 -0.01534340
385.0  0.95911412 0.00954133 -0.01757371 0.03059868 -0.01538749 0.01213710 0.00524274 0.01059476 0.00170746 -0.00522245
385.5  -0.32415387 -0.13296581 -0.03371667 -0.01216722 0.01142245 0.00151916 -0.01694505 -0.00612331 -0.01186553 0.00602764
386.0  -0.63018495 -0.17997951 0.05086213 -0.02166175 0.00523512 -0.01950267 -0.02551942 -0.00149652 0.01887744 0.01541579
386.5  0.96411187 -0.09228776 -0.01452137 0.03055337 -0.01523414 -0.02756705 -0.01805840 0.00694318 -0.01912399 0.02229901
387.0  -0.29348898 0.03600076 -0.03757782 -0.00715985 0.00830512 -0.01421882 -0.00361800 -0.01249058 0.01815342 0.02643385
387.5  -0.69941494 0.14816831 0.04848243 -0.02538172 0.00520649 0.00459096 0.01088408 0.01374337 -0.01185931 0.03183890
388.0  0.92850785 0.17934440 -0.00692034 0.02999205 -0.01268630 0.02231631 0.01889826 -0.00996190 0.00102209 0.03701158
388.5  -0.14978458 0.06509779 -0.04181320 0.00095664 0.00708115 0.03179394 0.01522870 0.00573840 0.00806115 0.04144050
389.0  -0.78878713 -0.08017774 0.04804098 -0.02909041 0.00884114 0.02153048 0.00662321 -0.00111909 -0.01819111 0.04056935
389.5  0.88582878 -0.15150595 -0.00700969 0.02237052 -0.01489299 -0.00166956 -0.00418694 -0.00093930 0.02201045 0.03718723
390.0  -0.04172083 -0.16243090 -0.04221667 0.01198001 0.00353093 -0.02107417 -0.01361402 0.00056841 -0.01776178 0.03256469
390.5  -0.84120575 -0.06528946 0.04891374 -0.03199710 0.01223955 -0.03053196 -0.01595825 -0.00457695 0.01277597 0.02600907
391.0  0.83804813 0.09908515 -0.00541683 0.01228841 -0.01615013 -0.02700114 -0.01284158 0.00291328 -0.00182816 0.01468434
391.5  0.05800812 0.17271754 -0.04523852 0.01968706 0.00143757 -0.00648380 -0.00543220 -0.00923194 -0.00566351 0.00868967
392.0  -0.90002460 0.12626397 0.04731911 -0.02782107 0.01367670 0.00791181 0.00692775 0.01170931 0.01023885 -0.00100609
392.5  0.75360618 0.00032497 0.00351058 0.00373408 -0.01305973 0.01847821 0.02175468 -0.00869695 -0.01499820 -0.01241779
393.0  0.22980919 -0.14564938 -0.05127635 0.02346407 -0.00212014 0.02805345 0.02113496 0.01156732 0.01454293 -0.01859286
393.5  -0.95515317 -0.17076227 0.04018705 -0.02400242 0.01465767 0.02356557 0.01810895 -0.00272910 -0.01157442 -0.02582152
394.0  0.62130778 -0.03722150 0.01838221 -0.00265332 -0.01167497 0.00869097 0.00964278 -0.00604074 0.00886271 -0.03407378
394.5  0.39378188 0.12012049 -0.05519761 0.02592396 -0.00523154 -0.00810514 -0.01112228 0.01137153 -0.00331037 -0.03831819
395.0  -0.97861832 0.17316354 0.02804609 -0.01913405 0.01694130 0.02787931 -0.01622419 -0.01481094 -0.00251911 -0.03949770
395.5  0.51445880 0.07982145 0.03188741 -0.01008183 -0.00977579 -0.03224221 -0.01809806 0.01417873 0.00737165 -0.04201403
396.0  0.49628412 -0.08372565 -0.05406453 0.02720983 -0.01026462 0.02364356 -0.01248291 -0.00951335 -0.01194911 -0.03771463
396.5  -0.97981435 -0.17217444 0.01278257 -0.01195642 0.01970231 -0.00548358 -0.00188762 0.00232277 0.01334132 -0.03218099
397.0  0.40459554 -0.12184855 0.04212211 -0.01783304 -0.00500873 -0.01503052 0.00821695 0.00498316 -0.01184318 -0.02733139
397.5  0.61350833 0.03151791 -0.04827695 0.02488998 -0.01682853 0.02660103 0.01491750 -0.01246704 0.00895266 -0.01948524
398.0  -0.95866087 0.16683659 -0.00038869 0.00057344 0.01820544 -0.02722274 0.01716832 0.01662560 -0.00523376 -0.00964837
398.5  0.27060696 0.15589742 0.04841927 -0.01750471 0.00993704 0.01790762 0.01030271 -0.01982929 0.00167471 -0.00125725
399.0  0.69612466 0.04233159 -0.04453764 0.00520047 -0.02938185 0.00535400 -0.00162674 0.01746429 0.00334426 0.01084608
399.5  -0.94845176 -0.07704982 -0.00290955 0.01113100 0.00820464 -0.02326488 -0.01230994 -0.00816318 -0.00978491 0.02243524
400.0  0.27958401 -0.17482129 0.04693546 -0.00658320 0.02427261 0.02927676 -0.01773363 -0.00477722 0.01528799 0.03387824
400.5  0.63528646 -0.16555616 -0.04854227 -0.00922281 -0.02401008 -0.01674461 -0.01235773 0.01584057 -0.01667837 0.04214950
401.0  -0.97324277 -0.05561166 0.00911406 0.00959194 -0.00890941 -0.00946516 -0.00100669 -0.02393917 0.01427036 0.04483372
401.5  0.43933008 0.04361195 0.03820217 0.00674400 0.03012998 0.02872851 0.01013988 0.01820020 -0.00626895 0.03986754
402.0  0.49101132 0.14325264 -0.05536428 -0.01452921 -0.00988564 -0.02705725 0.01812278 -0.00886092 -0.00419452 0.03501781
402.5  -0.97610725 0.18659572 0.02906583 0.00032971 -0.02376464 0.00880931 0.01358174 -0.00192487 0.01345168 0.02398389
403.0  0.57379254 0.10380893 0.02610714 0.01560755 0.02468009 0.01826928 0.00372304 0.01199763 -0.01805817 0.00619483
403.5  0.37135323 -0.01421378 -0.05893741 -0.01244827 0.00376269 -0.03073607 -0.00607045 -0.01640600 0.01762043 -0.00505590
404.0  -0.96896961 -0.12066102 0.03756601 -0.00660828 -0.02842543 0.02355832 -0.01628042 0.01697067 -0.01114309 -0.01757328
404.5  0.63396212 -0.18192733 0.01995181 0.01855338 0.01806451 -0.00383233 -0.01633149 -0.01164844 0.00127476 -0.03216408
405.0  0.31030714 -0.11224783 -0.05872164 -0.00761181 0.01260852 -0.01971488 -0.00837038 0.00088838 0.01122388 -0.03791106
405.5  -0.95722824 0.03412367 0.03891446 -0.01051888 -0.02890085 0.02974729 0.00017467 0.02062066 -0.00607982 -0.04121228
406.0  0.66668283 0.14508316 0.02025203 0.01426188 0.01083765 -0.02262810 0.00820875 -0.02733755 -0.01087688 -0.04559169
406.5  0.29644796 0.16512640 -0.05915989 -0.00221958 0.01853118 0.00415892 0.01742433 0.02008779 0.01567907 -0.04148827
407.0  -0.96243721 0.05896421 0.03324217 -0.00714058 -0.02724298 0.01478404 0.01601157 -0.00320022 -0.01206841 -0.03814726
407.5  0.60356109 -0.10141633 0.03069216 0.01053247 0.00721870 -0.02600283 0.00583375 -0.01694517 0.00354378 -0.03535751
408.0  0.43024853 -0.17522989 -0.05880925 -0.00634613 0.02153972 0.02649899 -0.00496842 0.02486789 0.00458130 -0.02964632
408.5  -0.97996203 -0.10073754 0.01690576 -0.00212092 -0.02971031 -0.01601220 0.00837890 -0.02587164 -0.01305598 -0.02444262
409.0  0.40989514 0.06382614 0.04597410 0.00876422 0.00852980 -0.00020613 -0.01417545 0.02108028 0.01560419 -0.02030441
409.5  0.61559983 0.17113426 -0.05402637 -0.01081018 0.02185243 0.01353070 0.01523559 -0.00718736 -0.01590573 -0.01429925
410.0  -0.96184221 0.13565058 0.00030583 0.00589850 -0.02865568 -0.01455021 -0.01538149 -0.01380352 0.01518129 -0.00474832
410.5  0.29927010 0.01831693 0.05151185 0.00696293 0.00600672 0.01006895 -0.00960954 0.02996432 -0.01653187 0.00855364
411.0  0.65384883 -0.11263822 -0.05106637 -0.01272362 0.02443119 -0.00223585 -0.00140134 -0.03652716 0.01759077 0.02019355
411.5  -0.96260037 -0.18528952 0.00251294 0.00617849 -0.02561651 -0.00962529 0.00869455 0.02894922 -0.00948586 0.03055534
412.0  0.36658850 -0.12637725 0.04893340 0.00433761 -0.00323547 0.01422927 0.01555033 -0.00895734 -0.00622482 0.03994125
412.5  0.57231768 -0.01204305 -0.05577335 -0.00839561 0.02923983 -0.00751536 0.01211086 -0.01181852 0.02087666 0.04425036
413.0  -0.97972036 0.09283676 0.01295353 -0.00005096 -0.01705163 -0.00463133 0.00340974 0.02766378 -0.02746469 0.04332411
413.5  0.46947739 0.17979249 0.04208835 0.00345711 -0.01680358 0.01325183 -0.00617349 -0.03203164 0.02330956 0.03668889
414.0  0.47554346 0.15355337 -0.05942431 0.00258902 0.02890421 -0.01279188 -0.01494525 0.02509729 -0.01053902 0.02503127
414.5  -0.97888269 0.03345469 0.02257820 -0.00427710 -0.00501710 0.00349866 -0.01538967 -0.01022197 -0.00149316 0.01041256
415.0  0.56807119 -0.07370340 0.03531122 -0.00644077 -0.02632763 0.00797690 -0.00591949 -0.00850037 0.01254189 -0.00532313
415.5  0.36848960 -0.16260535 -0.06060929 0.01006883 0.02414685 -0.01374244 0.00318415 0.02584754 -0.01836467 -0.01955290
416.0  -0.96047871 -0.16910379 0.02894166 0.00219548 0.00731731 0.00984370 0.01233119 -0.03618700 0.01654879 -0.03204062
416.5  0.67798472 -0.05143311 0.02956909 -0.01233131 -0.02836380 0.00094661 0.01594968 0.03781182 -0.01371676 -0.04196191
417.0  0.23993678 0.08144591 -0.05936096 0.00917068 0.01518776 -0.01009252 0.00683768 -0.02524480 0.00531741 -0.04337056
417.5  -0.94117143 0.16286359 0.02930804 0.00673693 0.01403635 0.01318881 -0.00349497 0.00283520 0.00240653 -0.04163359
418.0  0.69706402 0.14291989 0.03422191 -0.01531172 -0.02737926 -0.00815619 -0.00974255 0.02097856 -0.00674596 -0.03844238
418.5  0.29318842 -0.00531185 -0.05799465 0.00628203 0.01124343 0.00044413 -0.01348075 -0.04051693 0.00898536 -0.03130564
419.0  -0.96877672 -0.15257115 0.01152094 0.00883517 0.01674391 0.00780686 -0.01103793 0.04719751 -0.00774464 -0.02516688
419.5  0.54290489 -0.15643840 0.04886525 -0.01603545 -0.02821505 -0.01194993 0.00075308 -0.04303377 0.00434080 -0.02031277
420.0  0.50423623 -0.02086998 -0.04990622 0.00855759 0.01250288 -0.00959016 0.00400255 0.02862028 -0.00258968 -0.01330284
420.5  -0.97656272 0.13404736 -0.00937338 0.01080005 0.01511140 0.00210576 0.00832454 -0.00846799 0.00090893 -0.00551521
421.0  0.38364293 0.16803210 0.05747436 -0.02188462 -0.02817825 0.00551671 0.01075327 -0.01299151 -0.00017504 0.00001386
421.5  0.60085797 0.06519902 -0.04146371 0.00840751 0.01268658 -0.01032222 0.00662674 0.03326221 0.00133077 0.00892657
422.0  -0.97269918 -0.07614551 -0.01817243 0.01478310 0.01592298 0.00668550 -0.00230069 -0.04483760 -0.00138478 0.01784471
422.5  0.40433934 -0.17386642 0.05834161 -0.02321672 -0.02524602 0.00176305 -0.00574983 0.04360907 0.00064100 0.02264953
423.0  0.53380576 -0.14957967 -0.04076981 0.00299207 0.00554252 -0.00744714 -0.01157512 -0.02294179 0.00019466 0.03106691
423.5  -0.98003793 -0.02341722 -0.01402445 0.02473682 0.01786888 0.00761058 -0.00873902 -0.00769793 -0.00165307 0.03737685
424.0  0.53391511 0.09054112 0.05238629 -0.02098569 -0.01727335 0.00192709 0.00331623 0.03657865 0.00175746 0.04221215
424.5  0.39806826 0.16839355 -0.04209803 -0.01316664 -0.00144552 -0.01080823 0.00402637 -0.04722359 -0.00208758 0.04086466
425.0  -0.96460709 0.16556774 -0.00724116 0.03388594 0.01175306 0.01187278 0.01281990 0.03569642 0.00288077 0.03652459
425.5  0.67186894 0.04908833 0.04920494 -0.01150371 -0.00532120 -0.00333254 0.00956510 -0.00492387 -0.00888346 0.03144111
426.0  0.21404374 -0.06461408 -0.04671134 -0.02964811 0.00357782 -0.01209764 0.00190032 -0.00723390 -0.01763565 0.01833357
426.5  -0.91307178 -0.14376280 0.00118935 0.03155353 -0.00668848 0.02425908 -0.00696020 0.00677371 0.03493789 0.00363051
427.0  0.80833593 -0.18342130 0.04535130 0.00706800 -0.00661907 -0.02207237 -0.01161525 -0.00356213 -0.03810650 -0.01083711
427.5  0.01143666 -0.10472804 -0.05080642 -0.03262827 0.02086823 0.00453130 -0.00931508 -0.00328567 0.02728156 -0.02576470
428.0  -0.83599253 0.02796309 0.00720311 0.01234217 -0.01180707 0.01695749 -0.00408375 0.00476810 -0.01267451 -0.03374169
428.5  0.86426024 0.12950947 0.04587818 0.01868798 -0.01639164 -0.02982171 0.00564914 -0.00125988 -0.00748401 -0.03813749
429.0  0.00168858 0.17479843 -0.05040469 -0.02329992 0.02681193 0.03131610 0.00594763 -0.00657054 0.02189734 -0.04040618
429.5  -0.87584949 0.09299617 -0.00133171 0.00074698 -0.00607315 -0.01161620 0.01328931 0.01541944 -0.03182398 -0.03644076
430.0  0.77054125 -0.07534889 0.05162638 0.02094222 -0.02169441 -0.01047404 0.00551064 -0.01830323 0.03106638 -0.03230899
430.5  0.22394551 -0.17271969 -0.04110928 -0.01635308 0.02613006 0.03072917 -0.00518292 0.01697348 -0.02768661 -0.02507545
431.0  -0.96012875 -0.12925445 -0.01802418 -0.00451892 -0.00114132 -0.03514526 -0.01003666 -0.01235682 0.02092463 -0.01719989
431.5  0.59092405 0.01369159 0.05499511 0.01520118 -0.02605785 0.01930379 -0.00990184 0.00465916 -0.01345999 -0.00665867
432.0  0.44118171 0.15017629 -0.02972051 -0.00813500 0.02609620 0.00610060 -0.00782586 0.00677436 0.00349249 0.00434438
432.5  -0.97997309 0.16449360 -0.02580680 -0.00724880 0.00490702 -0.02739724 -0.00150997 -0.01923503 0.00738490 0.01626142
433.0  0.45578275 0.05115356 0.05324491 0.01131156 -0.03223309 0.03347149 0.00891126 0.02999356 -0.01659570 0.02433107
433.5  0.55278026 -0.09894537 -0.02525525 -0.00507800 0.02247401 -0.02352434 0.00991041 -0.03136461 0.02231521 0.03385181
434.0  -0.97375921 -0.17991312 -0.02747029 -0.00368870 0.01362564 -0.00059172 0.01071074 0.02262459 -0.02372228 0.03916454
434.5  0.37128673 -0.12237924 0.05178469 0.00068206 -0.03369304 0.01953211 0.00576784 -0.00506764 0.01950861 0.03673558
435.0  0.62063408 0.01600454 -0.02392678 0.00472606 0.01493814 -0.03062760 -0.00357575 -0.01403088 -0.01225825 0.03506045
435.5  -0.96463265 0.13210609 -0.02780912 0.00603496 0.02130380 0.02335614 -0.00979472 0.02846050 0.00178417 0.02901097
436.0  0.31296080 0.17831290 0.05160082 -0.01706787 -0.02819696 -0.00133064 -0.01082894 -0.03400930 0.00722759 0.01714161
436.5  0.64728378 0.10895736 -0.02516217 0.00543027 0.00106196 -0.02252123 -0.01221774 0.02510793 -0.01463624 0.00330314
437.0  -0.96210156 -0.03342268 -0.02576597 0.01557471 0.02585990 0.03330761 -0.00459505 -0.00840453 0.01618853 -0.01218234
437.5  0.33757395 -0.13124552 0.05292011 -0.01767199 -0.01910103 -0.02086402 0.00437821 -0.01058870 -0.01668459 -0.02511658
438.0  0.62093399 -0.17108003 -0.02931367 -0.00405285 -0.01213520 -0.00542951 0.01019940 0.02511533 0.01480567 -0.03368253
438.5  -0.96655111 -0.13447696 -0.02301988 0.02010239 0.02941174 0.02829066 0.01365137 -0.03018309 -0.00965320 -0.03768288
439.0  0.33110819 0.00503710 0.05380888 -0.01065195 -0.01294063 -0.03454119 0.00745804 0.02469126 0.00456954 -0.03828490
439.5  0.66478568 0.13226416 -0.03007321 -0.01014807 -0.02124573 0.02167285 0.00182098 -0.01399394 0.00339188 -0.03320452
440.0  -0.93963891 0.16640216 -0.02589056 0.01638835 0.03274172 0.00125397 -0.00618542 0.00178310 -0.01203637 -0.02592605
440.5  0.13657570 0.11218709 0.05416390 -0.00651545 -0.00759359 -0.02300021 -0.01263721 0.00776878 0.02678626 -0.01934660
441.0  0.82794480 -0.03026327 -0.02053627 -0.00629605 -0.02325601 0.03455513 -0.01196268 0.02013304 -0.02806929 -0.01240257
441.5  -0.81673635 -0.16606987 -0.03747611 0.00750436 0.03244402 -0.03148578 -0.00983054 0.02180479 0.02268146 -0.00644118
442.0  -0.15095664 -0.16028000 0.05139991 -0.00086111 -0.00691529 0.01420756 -0.00020827 0.02120355 -0.01207907 0.00125877
442.5  0.94217071 -0.03125591 -0.00614359 0.00042668 -0.02476283 0.01076349 0.00874240 0.01148000 0.00068750 0.00924592
443.0  -0.64987239 0.11136097 -0.04634587 -0.00201944 0.03132351 -0.03206262 0.01059869 -0.00364151 0.01105959 0.01383707
443.5  -0.37378406 0.17532920 0.04533566 -0.00042299 -0.00813695 0.04025475 0.01042391 -0.01366528 -0.01926063 0.02174641
444.0  0.97680338 0.10078339 0.00816241 0.00547864 -0.02249766 -0.02881775 -0.00036127 -0.02317300 0.02340157 0.02765518
444.5  -0.51722306 -0.05802458 -0.05187360 -0.00796443 0.02786558 0.00687362 -0.01265708 -0.02002432 -0.02368679 0.03171245
445.0  -0.48888423 -0.16731671 0.03705307 -0.00014308 -0.00681772 0.02318636 -0.00905479 -0.00574498 0.01646562 0.03680169
445.5  0.97974724 -0.15095623 0.01811365 0.01228927 -0.01999582 -0.03537920 0.00100169 -0.00043412 -0.00055398 0.03947191
446.0  -0.48198813 -0.02122513 -0.05356705 -0.01065893 0.02543006 0.03414886 -0.01207778 0.01079490 -0.01527931 0.04038657
446.5  -0.47409084 0.11790500 0.03127698 -0.00372968 -0.00284518 -0.01473416 0.01551559 0.02125400 0.02586984 0.04101902
447.0  0.97834274 0.17174041 0.02613615 0.01790573 -0.02064623 -0.01563343 -0.01696785 0.01186658 -0.02771562 0.03828995
447.5  -0.60780420 0.13402816 -0.05630653 -0.01139978 0.02103740 0.03648170 0.00780900 0.00733865 0.00681051 0.03399975
448.0  -0.27450207 0.01450803 0.03187570 -0.01298532 0.00379259 -0.03722465 0.00191053 -0.00106711 0.01168067 0.02405855
448.5  0.92265319 -0.11471001 0.02289096 0.02155775 -0.02006172 0.01329811 -0.00938293 -0.01705960 -0.02489171 0.01324944
449.0  -0.80471938 -0.16560254 -0.05816567 -0.00200196 0.00893514 0.01535580 0.01926065 -0.02065308 0.02771765 0.00107935
449.5  -0.00341291 -0.15328905 0.03958938 -0.02003118 0.01268620 -0.03264784 -0.02274980 -0.01173259 -0.01794124 -0.01172326
450.0  0.81547874 -0.05967694 0.01448274 0.01582933 -0.01802590 0.03149395 0.01603480 -0.00303081 0.00232585 -0.02216155
450.5  -0.89611019 0.08517190 -0.05667148 0.00753400 -0.00095788 -0.01400581 0.00025796 0.00625957 0.01478611 -0.03151484
451.0  0.13923751 0.16213541 0.04520902 -0.02610023 0.01581492 -0.00364963 -0.02112585 0.01763820 -0.02550682 -0.03706120
451.5  0.76082846 0.15674527 0.00922716 0.01446558 -0.00539238 0.01312945 0.03481622 0.01534663 0.02849078 -0.04147462
452.0  -0.91945963 0.07997482 -0.05414067 0.01716170 0.01197121 -0.01589446 -0.03413506 0.00948361 -0.02205705 -0.04327687
452.5  0.17427506 -0.06556759 0.04717444 -0.02567876 -0.01208518 0.00857782 0.01724511 0.00321717 0.01054946 -0.03539131
453.0  0.74477468 -0.16721721 0.00316718 0.00377074 -0.00402379 -0.00281850 0.00896645 -0.00789144 0.00299645 -0.02921195
453.5  -0.92297327 -0.15681598 -0.05026205 0.02101636 0.01754843 0.00249824 -0.03015238 -0.01626753 -0.01707008 -0.01992758
454.0  0.16116231 -0.06902384 0.04781909 -0.01933046 -0.01144001 -0.00094604 0.03733936 -0.01558652 0.02377206 -0.00464163
454.5  0.76969802 0.07001758 0.00005656 -0.00976144 -0.01188012 0.00110204 -0.02827277 -0.01214561 -0.02942756 0.00610298
455.0  -0.89887414 0.17344961 -0.04595325 0.02485989 0.02050593 0.00331336 0.01014616 -0.00750378 0.02561933 0.01500858
455.5  0.07736078 0.14907534 0.04624232 -0.00748269 -0.00582034 -0.00940111 0.00901286 0.00319256 -0.01587072 0.02673125
456.0  0.83029201 0.02511942 -0.00036598 -0.01880848 -0.01620292 0.01132002 -0.02650700 0.00977185 0.00524426 0.03322011
456.5  -0.84751589 -0.11329441 -0.04503608 0.02185776 0.01814186 -0.01117411 0.03301238 0.01671862 0.01143275 0.03742626
457.0  -0.03736978 -0.17611384 0.04459577 0.00370494 0.00022916 0.00431057 -0.02842326 0.01402697 -0.02147809 0.03983197
457.5  0.87813500 -0.11838074 0.00023465 -0.02600819 -0.01674915 0.00513992 0.00729479 0.00876953 0.03031162 0.03602145
458.0  -0.80944737 0.01192440 -0.04504668 0.01248906 0.01340016 -0.00811017 0.01912138 0.00440683 -0.02828734 0.02950519
458.5  -0.08035690 0.13713712 0.04546171 0.02005773 0.00706236 -0.00368124 -0.03580002 -0.01081456 0.01639198 0.01838764
459.0  0.88692501 0.17912845 -0.00191404 -0.02435216 -0.01679638 0.01452474 0.02961196 -0.01580698 -0.00006749 0.00346252
459.5  -0.79866076 0.10215815 -0.04538215 -0.00448693 0.00478249 -0.01037191 -0.01253056 -0.01550372 -0.01519515 -0.00987066
460.0  -0.11430739 -0.02493003 0.04695417 0.02942709 0.01108689 0.00413633 -0.01122314 -0.01610663 0.02265030 -0.02440752
460.5  0.91407216 -0.13603742 -0.00011747 -0.01681029 -0.01475478 0.00267427 0.02758582 -0.00809158 -0.02616313 -0.03432102
461.0  -0.73742135 -0.18056710 -0.04764009 -0.01570332 0.00376915 -0.00622648 -0.03507044 0.00301169 0.02176710 -0.03764925
461.5  -0.22947551 -0.09900604 0.04691203 0.02997394 0.01150621 0.00873490 0.03156144 0.01078952 -0.01435321 -0.03968923
462.0  0.94938099 0.04336588 0.00133185 -0.00867693 -0.01165909 -0.00751031 -0.01424257 0.01683650 0.00114347 -0.04015202
462.5  -0.66873859 0.13836700 -0.04776448 -0.02319952 0.00163595 0.00532172 -0.00672156 0.01376788 0.01625882 -0.03449714
463.0  -0.29821191 0.17197048 0.04799347 0.02582358 0.00771388 -0.00101140 0.02606141 0.01188816 -0.02774880 -0.02604293
463.5  0.95497283 0.11515998 -0.00282775 0.00585451 -0.00868972 -0.00021308 -0.03456058 0.00171474 0.03375726 -0.01496461
464.0  -0.68104252 -0.02544725 -0.04417719 -0.02882393 -0.00174297 -0.00132895 0.02666424 -0.00783945 -0.02478230 0.00005848
464.5  -0.23885428 -0.13420971 0.05084111 0.01402097 0.00584395 -0.00039500 -0.00810167 -0.01027365 0.00778894 0.01383274
465.0  0.93425832 -0.16873413 -0.01178042 0.01750666 -0.00058855 0.01715523 0.00033210 -0.00890615 0.01071566 0.02528392
465.5  -0.75234554 -0.12849503 -0.03783564 -0.02694806 -0.00673388 -0.03091525 -0.00144987 -0.00263731 -0.02717497 0.03404575
466.0  -0.12794634 0.00259100 0.05297714 0.00238223 0.00727532 0.02675144 0.00123292 0.00356390 0.03030094 0.03678497
466.5  0.88851702 0.13294089 -0.01958554 0.02569130 0.00405315 -0.00858930 0.00172611 0.00965137 -0.02727698 0.03508097
467.0  -0.82788990 0.17158221 -0.03251959 -0.02137827 -0.01135724 -0.01379899 -0.00404787 0.01290880 0.01492322 0.03163737
467.5  0.00845161 0.11656824 0.05500314 -0.00816614 0.00565607 0.02660515 0.00699892 0.00508367 0.00590742 0.02113888
468.0  0.81305254 -0.01320032 -0.02220378 0.02845488 0.00278935 -0.02465787 -0.00687581 -0.00166761 -0.02438248 0.00926489
468.5  -0.90812579 -0.13764063 -0.03350709 -0.01806610 -0.00464748 0.00545600 0.00381260 0.00002163 0.03677182 -0.00019715
469.0  0.20152538 -0.17392829 0.05730445 -0.01338417 0.00745035 0.01800341 0.00281426 -0.01976579 -0.02865916 -0.01384649
469.5  0.68746886 -0.10543666 -0.02698860 0.02820319 -0.00712305 -0.02705920 -0.01107614 -0.00890767 0.01218807 -0.02456266
470.0  -0.95957796 0.03359482 -0.03071231 -0.00850203 -0.00217721 0.01871046 0.01322512 -0.00212828 0.01197604 -0.03085184
470.5  0.33094066 0.14733986 0.05868079 -0.02059231 0.00560563 0.00192132 -0.00801801 -0.00274849 -0.03049993 -0.03970346
471.0  0.63231771 0.16486305 -0.02523918 0.02455656 -0.00039926 -0.02069900 -0.00277152 0.00716575 0.03936255 -0.04062453
471.5  -0.96183818 0.07629582 -0.03457444 -0.00172907 -0.00306609 0.02403008 0.01514998 0.01477124 -0.03567554 -0.03847203
472.0  0.29013632 -0.07754803 0.05835807 -0.02320890 0.00161929 -0.01422889 -0.01753394 0.00753163 0.02436507 -0.03954764
472.5  0.68838664 -0.17268377 -0.02033083 0.02109051 0.00415000 -0.00389768 0.00872651 0.00729150 -0.00726366 -0.03356878
473.0  -0.94038218 -0.13981992 -0.03845074 0.00558071 -0.00548168 0.01658186 0.01040423 0.00521996 -0.01018477 0.02393326
473.5  0.19750816 -0.03577572 0.05683735 -0.02540789 -0.00264025 -0.01211502 -0.02625842 -0.00776471 0.02433856 -0.00714045
474.0  0.75075639 0.09603148 -0.01828051 0.01287439 0.00658369 0.00175774 0.02442479 -0.01120687 -0.03319684 -0.00491904
474.5  -0.91178468 0.18253615 -0.03711381 0.01518051 -0.00347091 0.00737333 -0.00730325 -0.01208839 0.03372190 0.01351761
475.0  0.12519058 0.13583649 0.05609671 -0.02326259 -0.00499517 -0.01037109 -0.01551763 -0.01331478 -0.02891802 -0.02258901
475.5  0.79721990 0.01304987 -0.02112550 0.00209126 0.00524350 0.00139537 0.02939631 -0.00624656 0.01536069 0.03107125
476.0  -0.87988250 -0.10375223 -0.03107742 0.02192652 0.00185630 0.00716363 -0.02682693 0.00401587 0.00137185 -0.03781399
476.5  0.02306568 -0.17711799 0.05199163 -0.01785286 -0.00518775 -0.00989938 0.00946588 0.00805113 -0.01828554 0.04169125
477.0  0.85513053 -0.13408231 -0.02180359 -0.01014143 0.00144326 0.00666666 0.01285588 0.01082407 0.03019613 -0.03931983
477.5  -0.82418381 0.00805293 -0.03069890 0.02581763 0.00383877 0.00395050 -0.02727086 0.01590022 -0.03346150 0.03320848
478.0  -0.06989162 0.12827580 0.05522289 -0.00721685 -0.00625684 -0.01023691 0.03097440 0.00089246 0.02881683 -0.02279153
478.5  0.88704426 0.17039743 -0.02802014 -0.02167118 0.00173134 0.01126828 -0.01994437 0.00164529 -0.01546261 0.00904872
479.0  -0.80893956 0.11777806 -0.02785364 0.02404972 0.00423516 -0.01027977 0.00160140 -0.00647677 -0.00111763 0.00516802
479.5  -0.06021147 -0.01326544 0.05710149 0.00170853 -0.00710929 0.01800493 0.01724458 -0.01364374 0.01390332 -0.01991093
480.0  0.87018319 -0.13456561 -0.03133826 -0.02482035 0.00581139 -0.02908626 -0.02700329 -0.01295596 -0.02243316 0.03036844
480.5  -0.83085449 -0.17339488 -0.02382785 0.01650854 0.00110958 0.02242653 -0.03254232 -0.00212575 0.01979852 -0.03617555
481.0  -0.04072784 -0.10819500 0.05682815 0.00958694 -0.01086313 -0.00218854 -0.01750005 0.00552207 -0.01916679 0.03639685
481.5  0.87775023 0.02757871 -0.03305495 -0.02160991 0.01397221 -0.02076460 0.00255878 0.00407482 0.01290918 -0.03317119
482.0  -0.80072440 0.14221687 -0.02368862 0.00825775 -0.00059613 0.03422015 0.02230667 0.00081056 -0.00374298 0.02523093
482.5  -0.12554923 0.17040276 0.05636622 0.01243570 -0.01534909 -0.03037455 0.02948097 -0.00470220 -0.00462504 -0.01496321
483.0  0.91609004 0.09347399 -0.03295972 -0.01688754 0.01336436 0.00854367 0.02247688 -0.00962590 0.01177366 0.00398004
483.5  -0.74546939 -0.04919678 -0.02180144 0.00253227 0.00669562 0.01752435 0.00325717 -0.00941587 -0.01904387 0.00638366
484.0  -0.19049952 -0.15049948 0.05602638 0.01485027 -0.02125274 -0.03268180 -0.01802530 -0.00783029 0.02248789 -0.01919010
484.5  0.93160209 -0.16433126 -0.03997046 -0.01311772 0.00972403 0.01941157 -0.03376095 -0.00128570 -0.02409898 0.02751247
485.0  -0.73088969 -0.10458863 -0.01236927 -0.00315820 0.01653220 -0.00514706 -0.01842582 0.00434540 0.02172467 -0.03374255
485.5  -0.20483397 0.02519781 0.05465246 0.01394421 -0.02327404 -0.02181661 0.00201459 0.01076158 -0.01397306 0.03725221
486.0  0.93468430 0.14423690 -0.04813617 -0.00539454 0.00224194 0.03159396 0.02138422 0.01266315 0.00382749 -0.03415562
486.5  -0.70677297 0.16763701 -0.00382854 -0.00872623 0.02220269 -0.01812530 0.03045301 0.01149694 0.00861976 0.02624406
487.0  -0.26952975 0.11384215 0.05384310 0.00995197 -0.02053355 -0.00519193 0.01509950 0.00888478 -0.01845632 -0.01883378
487.5  0.96052371 -0.00367432 -0.05147501 0.00102633 -0.00282375 0.02739567 -0.00648769 0.00217378 0.02412022 0.01001780
488.0  -0.61361623 -0.13760722 -0.00317413 -0.01118157 0.02310511 -0.03237842 -0.02100086 -0.00335978 -0.02557765 -0.00027676
488.5  -0.39667756 -0.17642799 0.05504068 0.00641290 -0.01558538 0.01360815 -0.03021847 -0.00978863 0.02360412 -0.00780031
489.0  0.97913728 -0.10475355 -0.05011388 0.00713898 -0.00769349 0.00608847 -0.01740249 -0.01298082 -0.01771807 0.01534168
489.5  -0.50433309 0.01665257 -0.00730959 -0.01311704 0.01971835 -0.02664929 0.00962276 -0.01493569 0.00859644 -0.02321339
490.0  -0.51524916 0.13825695 0.05633169 0.00569441 -0.01229661 0.03234124 0.02142330 -0.01151490 0.00197629 0.02912791
490.5  0.97630316 0.17581953 -0.04367129 0.01070126 -0.00942246 -0.01312212 0.03096066 -0.00650157 -0.01249740 -0.03260945
491.0  -0.35392305 0.08461528 -0.01590184 -0.01884176 0.01826901 -0.00319132 0.01868351 -0.00106111 0.01968918 0.03098565
491.5  -0.68209060 -0.06471384 0.05689123 0.00960242 -0.00645609 0.02327939 -0.00334747 0.00646175 -0.02513078 -0.03063907
492.0  0.91969234 -0.16603213 -0.02961195 0.01294182 -0.00616925 -0.03206418 -0.01841418 0.01157705 0.02663965 0.02976541
492.5  -0.04721167 -0.14038607 -0.03350475 -0.02489456 0.00410977 0.02402622 -0.02991786 0.01496033 -0.02234178 -0.02832998
493.0  -0.88220009 0.00044949 0.05516453 0.01093988 0.00513045 -0.00904954 -0.02724033 0.01418335 0.01710632 0.02550607
493.5  0.74831475 0.13695399 -0.01064074 0.01511078 -0.00138210 -0.01481935 -0.01537206 0.01248628 -0.00413513 -0.02051845
494.0  0.25964412 0.16831895 -0.04682081 -0.02273832 -0.00644664 0.03054538 0.00114764 0.00489701 -0.00882031 0.01506270
494.5  -0.96199987 0.07829663 0.05131922 0.00600073 0.00680923 -0.03132425 0.01745501 -0.01208370 0.01921246 -0.00838968
495.0  0.61747137 -0.07321113 0.00055286 0.02037014 0.00280977 0.01658140 0.00995391 -0.00540857 -0.03786328 -0.00022939
495.5  0.35904857 -0.16582591 -0.05344147 -0.02270964 -0.00967220 0.00646187 -0.00920799 -0.02984189 0.02080526 0.00725186
496.0  -0.96919729 -0.14843287 0.05347756 -0.00184976 0.00433663 -0.01929095 -0.00487670 -0.02296783 -0.01268962 -0.01699404
496.5  0.63978450 -0.06019772 0.00024225 0.02140343 0.00921536 0.03446945 0.00085812 -0.00218875 -0.00230473 0.02615395
497.0  0.28203118 0.07384261 -0.05412722 -0.01722202 -0.01153317 -0.02662365 -0.00605793 0.01833190 0.01636946 -0.03281019
497.5  -0.93726065 0.17008121 0.05726393 -0.00710793 -0.00041972 0.00228282 0.00577910 0.03320998 -0.02302122 0.03483348
498.0  0.76360119 0.15431799 -0.00682936 0.02161413 0.01186204 0.02113258 0.00102720 0.02638783 0.02445261 -0.03235071
498.5  0.06177672 0.07937836 -0.04881640 -0.00862087 -0.00916954 -0.03356624 -0.01229369 0.01555417 -0.01540543 0.02631479
499.0  -0.82231836 -0.03381004 0.06022552 -0.01475705 0.00908604 0.01896868 0.01460686 -0.00877327 0.00099972 -0.01789894
499.5  0.92450152 -0.14743647 -0.02217546 0.02061706 -0.01220356 0.00622408 -0.00427453 -0.02971189 0.01278676 0.00832499
500.0  -0.32779736 -0.17065870 -0.03018789 -0.00195689 -0.00839769 -0.02497620 -0.01263319 -0.02843608 -0.02342003 0.00303014
500.5  -0.51610090 -0.12737996 0.05744635 -0.02100557 0.01878443 0.02497361 0.02159316 -0.02070056 0.02265622 -0.01507874
501.0  0.97402347 -0.03191935 -0.03816016 0.01493264 -0.00310044 -0.00587692 -0.01461474 0.00438646 -0.01249430 0.02487503
501.5  -0.67239000 0.10194612 -0.01373721 0.01067427 -0.01569920 -0.01239538 -0.00132069 0.02692922 -0.00050816 -0.03230690
502.0  -0.20084350 0.17155494 0.05248193 -0.02132902 0.01787812 0.01753151 0.02551777 0.02867443 0.01382283 0.03448052
502.5  0.91777560 0.13806638 -0.04029938 0.00634601 0.00040976 -0.01102833 -0.02379521 0.03176732 -0.01832693 -0.03387655
503.0  -0.76721514 0.01982535 -0.01345093 0.01527496 -0.01953502 -0.00366991 0.02567577 0.00352777 0.01979375 0.02882279
503.5  -0.15549389 -0.12289334 0.05264566 -0.02033066 0.01692575 0.01059847 -0.00878289 -0.00126154 -0.01600122 -0.02395811
504.0  0.92312979 -0.17508966 -0.03618458 0.00184227 0.00228726 -0.00513195 -0.01173232 -0.02568778 0.00360208 0.01813419
504.5  -0.73339481 -0.09773954 -0.01884942 0.01990835 -0.01747313 -0.00686580 0.03170778 0.03131162 -0.00269647 -0.01095100
505.0  -0.21582293 0.04789620 0.05420290 -0.02062313 0.01607284 0.01745884 -0.04196665 0.02598453 0.00474300 0.00285900
505.5  0.94026152 0.16076265 -0.03391358 -0.00181051 0.00524496 -0.01641652 0.03385649 0.01456641 0.00047362 0.00582490
506.0  -0.70056628 0.15690215 -0.02016189 0.02261430 -0.01934758 0.00912109 -0.01130818 -0.00623148 -0.00643429 -0.01439104
506.5  -0.26167930 0.05349520 0.05632194 -0.01752201 0.00922548 0.00006659 -0.01788574 -0.02269304 0.01305527 0.01824411
507.0  0.95559813 -0.08146561 -0.03629772 -0.01006750 0.00722561 -0.00787861 0.03872503 -0.02928889 -0.01847843 -0.02364334
507.5  -0.64278339 -0.17526050 -0.02126821 0.02743094 -0.00997684 0.01037549 -0.04008164 -0.03110967 0.01271119 0.02731912
508.0  -0.35753950 -0.14638992 0.05817229 -0.01091756 0.00205368 -0.00948921 0.02490423 -0.02161799 -0.00729081 -0.02884353
508.5  0.97518104 -0.02033001 -0.03499503 -0.01947232 0.00328529 0.00435664 0.00300418 -0.00747193 -0.00109188 0.02791082
509.0  -0.54082841 0.09834661 -0.02482537 0.02767859 0.00079725 0.00004779 -0.02832345 0.01049278 0.00679797 -0.02259661
509.5  -0.46559143 0.16996462 0.05837518 -0.00133389 -0.00227372 -0.00186842 0.04057002 0.02590403 -0.00922191 0.01436627
510.0  0.97891233 0.15449928 -0.03376154 -0.02790285 -0.00157193 -0.00002417 -0.03450269 0.03297344 0.01353505 -0.00603816
510.5  -0.51950176 0.03881504 -0.02259956 0.01950904 0.00294605 -0.00161253 0.00732204 0.03187558 -0.01137993 -0.00327905
511.0  -0.43484041 -0.07883690 0.05670509 0.01274841 0.00041422 0.01127771 0.02095011 0.01633399 0.00926655 0.01262815
511.5  0.97779296 -0.15096126 -0.03715663 -0.02712776 -0.00336913 -0.01828559 -0.03727080 -0.00422675 -0.00157159 -0.02115098
512.0  -0.58409909 -0.17200518 -0.01688936 0.00442302 0.00105248 0.01466560 0.03395045 -0.01987612 -0.00800189 0.02685148
512.5  -0.38948223 -0.08571790 0.05406243 0.02420887 0.00172262 -0.00341449 -0.01127442 -0.03467479 0.01340727 -0.02727251
513.0  0.97661065 0.05908501 -0.03530896 -0.02016918 -0.00144503 -0.00559222 -0.01774729 -0.03476094 -0.01751890 0.02666599
513.5  -0.51232248 0.15332342 -0.02103713 -0.00801850 -0.00158169 0.00661336 0.04107588 -0.02298987 0.01271742 -0.02433700
514.0  -0.53631994 0.15467865 0.05330878 0.02848744 0.00123750 -0.00037946 -0.04543484 -0.00987278 -0.00896230 0.02062788
514.5  0.97095704 0.04683489 -0.02395526 -0.01645791 -0.00031804 -0.00417715 0.03029966 0.00832711 0.00405236 -0.01708571
515.0  -0.29279802 -0.10847462 -0.03287981 -0.01530915 -0.00006652 0.00456747 -0.00435491 0.02731145 0.00324376 0.01180126
515.5  -0.70917014 -0.17582471 0.05203246 0.03165859 0.00018736 0.00136723 -0.02361009 0.03413490 -0.00691735 -0.00633627
516.0  0.92719247 -0.10842166 -0.01254389 -0.01291079 0.00059040 -0.01004781 0.03692941 0.03145918 0.01647481 0.00122207
516.5  -0.16035112 0.03179940 -0.04026885 -0.02064251 -0.00043415 0.01466255 -0.03671964 0.02195999 -0.01756116 0.00486651
517.0  -0.76361220 0.15067739 0.05093941 0.03104284 -0.00062920 -0.01065029 0.01935667 0.00086446 0.01547227 -0.01218503
517.5  0.91575080 0.16215602 -0.00836000 -0.00557345 0.00137932 -0.00027432 0.00594609 -0.02137042 -0.00562554 0.01945635
518.0  -0.16398736 0.06549003 -0.04268790 -0.02371642 -0.00213552 0.01146548 -0.02423282 -0.03358141 -0.01050473 -0.02886504
518.5  -0.74439479 -0.07367736 0.05107735 0.02528751 0.00094626 -0.02367803 0.03179439 -0.03045854 0.02295888 0.03045358
519.0  0.93250841 -0.17104870 -0.00951531 0.00480394 0.00068737 0.01681108 -0.01961506 -0.01865350 -0.03152261 -0.03047941
519.5  -0.24510748 -0.14877985 -0.04216567 -0.02835003 -0.00110448 -0.00253884 -0.00049568 0.00377855 0.02624963 0.02846162
520.0  -0.65829931 -0.04394116 0.05260244 0.01513954 0.00060047 -0.01699112 0.01885015 0.02716952 -0.01133986 -0.02534762
520.5  0.97327636 0.06956682 -0.01522797 0.01769452 -0.00558748 0.02746550 -0.02174704 0.03569605 -0.00963583 0.01989574
521.0  -0.47155873 0.16528738 -0.03398076 -0.02505597 0.00753626 -0.01663589 0.00995629 0.02409541 0.02821289 -0.01052828
521.5  -0.39821930 0.16904275 0.05447157 -0.00221345 0.00399536 -0.00304264 0.00915161 0.00182723 -0.03210557 0.00048881
522.0  0.95536265 0.09027554 -0.02940654 0.02631270 -0.01585502 0.02351857 -0.02100119 -0.02295916 0.02289928 0.01115040
522.5  -0.74890579 -0.00408239 -0.01971147 -0.01211651 0.00921800 -0.02439082 0.01491143 -0.03684892 -0.00345035 -0.02177016
523.0  -0.09269164 -0.12270848 0.05209115 -0.01833570 0.01179561 0.01120244 -0.00292896 -0.02522149 -0.01602147 0.03063551
523.5  0.86959571 -0.18147775 -0.03808229 0.02239291 -0.02101592 0.00988685 -0.00956894 -0.00219262 0.02849221 -0.03398287
524.0  -0.82781221 -0.11863230 -0.01365413 0.00164368 0.00679565 -0.02767187 0.01658760 0.01420115 -0.02909987 0.03217043
524.5  -0.07971044 0.00088595 0.05245184 -0.02362324 0.01374650 0.02438604 -0.00728982 0.03771921 0.01788053 -0.02911954
525.0  0.91509491 0.12617911 -0.03499295 0.01976894 -0.02017965 -0.01737237 0.00777958 0.03219661 -0.00698509 0.02577543
525.5  -0.70178997 0.17590435 -0.02321652 0.00606278 0.00640580 -0.00425726 -0.00281849 0.02187631 -0.00734995 -0.02335764
526.0  -0.34396594 0.07490833 0.05484815 -0.02689009 0.01130481 0.02271441 0.01029417 0.00631310 0.01587102 0.01963601
526.5  0.97906871 -0.08978472 -0.02255978 0.01930618 -0.01824113 -0.03069886 -0.01650474 -0.01630320 -0.02073028 -0.01452217
527.0  -0.41991100 -0.17024664 -0.03759035 0.00823240 0.00875466 0.02714071 0.01689071 -0.03150679 0.02058475 0.00953407
527.5  -0.65864516 -0.11308391 0.05313324 -0.02985408 0.00798015 -0.01066852 -0.01099741 -0.03645542 -0.01463425 -0.00772011
528.0  0.92267715 0.03988630 -0.00348779 0.02021896 -0.01496998 -0.00643266 -0.00398897 -0.03053842 0.01024588 0.00533583
528.5  -0.04183780 0.16264860 -0.05126014 0.01136350 0.00900608 0.02034303 0.01998970 -0.01770085 -0.00367186 0.00039401
529.0  -0.88967667 0.14241148 0.04470051 -0.03180593 0.00354276 -0.02325717 -0.02989482 0.00107181 -0.00274475 -0.00520560
529.5  0.72697365 0.00448207 0.01657809 0.01791079 -0.01247390 0.01573374 0.02962494 0.02088135 0.00529337 0.01085297
530.0  0.30357366 -0.13624430 -0.05812624 0.01331788 0.01065968 -0.00440238 -0.01798723 0.03213517 -0.00908103 -0.01492548
530.5  -0.97047023 -0.17390826 0.03332629 -0.03052854 0.00013373 -0.01051425 -0.00041502 0.03618122 0.01319367 0.01952852
531.0  0.58001371 -0.08273868 0.02594892 0.01326744 -0.01203661 0.01721823 0.02295226 0.03031383 -0.01434417 -0.02407535
531.5  0.38268742 0.04470438 -0.05827616 0.02209702 0.01071454 -0.01644073 -0.03373736 0.00895549 0.01523131 0.02535764
532.0  -0.96695673 0.13620824 0.03569348 -0.02615661 0.00105272 0.00547237 0.02918499 -0.01619503 -0.01061115 -0.02375979
532.5  0.68854266 0.18062572 0.01658124 -0.00450652 -0.01274689 0.00991867 -0.00793551 -0.03254338 -0.00126959 0.01981051
533.0  0.16335635 0.12865066 -0.05304879 0.02736357 0.00750140 -0.01482452 -0.01950972 -0.03589328 0.01460660 -0.00803785
533.5  -0.88057996 0.02302548 0.04636942 -0.01087197 0.00785217 0.01164321 0.03220183 -0.02165157 -0.02579350 -0.00219355
534.0  0.86224350 -0.06804076 -0.00297234 -0.02081094 -0.01549586 0.00186528 -0.02676324 0.00308513 0.02490694 0.01414330
534.5  -0.09958079 -0.15948526 -0.04163505 0.01929046 0.00681236 -0.01366235 0.00667894 0.02261238 -0.01237499 -0.02124233
535.0  -0.75386328 -0.17660488 0.05141410 -0.00523526 0.01978234 0.01603577 0.01440196 0.03570301 -0.00601665 0.02395655
535.5  0.93600195 -0.09384376 -0.01739784 -0.00223544 -0.02904014 -0.01204838 -0.02209925 0.03558248 0.01925716 -0.02272063
536.0  -0.24843745 0.00830791 -0.03232658 0.01205817 0.00456596 0.00006357 0.02083272 0.01950299 -0.02769894 0.01844203
536.5  -0.67978902 0.11904573 0.05388968 -0.01037165 0.02568409 0.01150007 -0.01056336 0.00268504 0.02390381 -0.01168408
537.0  0.95500684 0.18242025 -0.02655370 -0.00259702 -0.02239991 -0.01844256 -0.00154515 -0.02253789 -0.01220930 0.00482403
537.5  -0.29483199 0.12037480 -0.02519611 0.01325655 -0.01147471 0.01660895 0.00866491 -0.02956557 0.00646651 0.00635179
538.0  -0.67283331 -0.00790404 0.05461055 -0.00529795 0.02731236 -0.00743182 -0.01826708 -0.03564967 0.01449399 -0.01425277
538.5  0.94717730 -0.12626732 -0.03092878 -0.00873607 -0.01191851 -0.00588037 0.01688974 -0.03496301 -0.02045058 0.02183330
539.0  -0.19371255 -0.17194218 -0.02589575 0.01122336 -0.01648091 0.01756278 -0.01167572 -0.01265138 0.02841839 -0.02665662
539.5  -0.78550926 -0.08047449 0.05537153 -0.00092392 0.02707704 -0.02197031 0.00191048 0.00016367 -0.02709296 0.02807217
540.0  0.85770499 0.08328901 -0.02249909 -0.00885665 -0.00686004 0.01675595 0.01130176 0.01255749 0.02090795 -0.02801426
540.5  0.09156071 0.17262291 -0.03737828 0.00812512 -0.02024838 -0.00323548 -0.01926787 0.02994989 -0.01344210 0.02636890
541.0  -0.93157488 0.11421835 0.05332767 0.00086203 0.02570751 -0.01148209 0.02170865 0.03675015 0.00531775 -0.02212984
541.5  0.66060318 -0.04221567 -0.00628178 -0.01016324 -0.00443658 0.02387776 -0.01559766 0.03295600 0.00385675 0.01424353
542.0  0.37698919 -0.16118592 -0.04746894 0.00588786 -0.02150922 -0.02441190 0.00507439 0.03095281 -0.01261525 -0.00276439
542.5  -0.97944230 -0.14593075 0.04614081 0.00467603 0.02345299 0.01397868 0.00709511 0.01812997 0.02021748 -0.00563092
543.0  0.49439209 -0.02819369 0.00571918 -0.00742603 0.00260348 0.00104491 -0.01595776 -0.00351077 -0.02371189 0.01539897
543.5  0.52478735 0.11332159 -0.05032729 0.00055957 -0.02593178 -0.01656942 0.01882563 -0.01754641 0.02522837 -0.02363829
544.0  -0.97654539 0.18127994 0.04049141 0.00767540 0.01965835 0.02279155 -0.01418964 -0.02926625 -0.02227607 0.02905361
544.5  0.39237369 0.10791917 0.01196158 -0.00699745 0.01146742 -0.01735481 0.00517651 -0.03737393 0.01582112 -0.03482143
545.0  0.60487668 -0.02676400 -0.05157971 -0.00399229 -0.02784152 0.00519513 0.00780829 -0.03198444 -0.00553676 0.03419018
545.5  -0.96991564 -0.12959826 0.03777027 0.00975070 0.01229486 0.01227488 -0.01455069 -0.01786136 -0.00715706 -0.02922685
546.0  0.34050723 -0.17687354 0.01342642 -0.00328087 0.01716511 -0.02797608 0.00477689 -0.00390335 0.01728108 0.02073714
546.5  0.61567674 -0.10912988 -0.05284899 -0.00728256 -0.02643970 0.02496889 0.00748655 0.01790490 -0.02359748 -0.01015015
547.0  -0.97210533 0.03290664 0.04268135 0.00876867 0.00206416 -0.00552715 -0.01151494 0.03201247 0.02383803 -0.00153308
547.5  0.41899049 0.12606155 0.00756191 -0.00126952 0.02200748 -0.01746416 0.00811509 0.03380792 -0.01255208 0.01330021
548.0  0.51563934 0.16864751 -0.05178172 -0.00474474 -0.01985666 0.03120811 0.00116128 0.02595345 0.00242947 -0.02353557
548.5  -0.97855350 0.13370275 0.05063958 0.00905034 -0.00594312 -0.02769472 -0.00936847 0.00590652 0.01290908 0.03015142
549.0  0.57381870 -0.00216724 -0.00291961 -0.00683283 0.02494796 0.00804770 0.01181667 -0.02909653 -0.01754639 -0.03537402
549.5  0.34359987 -0.12081026 -0.04895832 -0.00259646 -0.01270559 0.01740808 0.02282424 -0.02778189 0.02645135 0.03239390
550.0  -0.95810859 -0.16523115 0.05489036 0.01270364 -0.01404520 -0.02743943 0.01558509 -0.03621975 -0.01134665 -0.02813682
550.5  0.70018494 -0.12585552 -0.00735867 -0.01363408 0.02075893 0.02704910 -0.01343966 -0.02206191 0.00122030 0.02186149
551.0  0.19260049 0.01199518 -0.04760544 0.00050089 -0.00871854 -0.01446359 -0.02168335 0.00983643 0.00906863 -0.01558506
551.5  -0.90815807 0.14201634 0.05377702 0.01886053 -0.00902197 -0.01192979 0.00272791 -0.03747774 -0.01826261 0.00715907
552.0  0.81244030 0.16702605 -0.00646284 -0.01863801 0.01303832 0.03113088 0.01076785 0.03736098 0.02213455 0.00531205
552.5  -0.00523102 0.08930294 -0.04611168 -0.00329584 -0.00481438 -0.03610977 0.01534821 -0.01717917 -0.01461078 -0.01316779
553.0  -0.80308081 -0.05078047 0.05082119 0.02100439 -0.00187616 0.00964253 0.02018826 -0.00762166 0.00265460 0.02013176
553.5  0.91906947 -0.15696649 -0.00185236 -0.01391564 0.00462333 0.01408351 0.00582386 0.02938553 0.01311308 -0.02680198
554.0  -0.22813363 -0.15895524 -0.04864007 -0.01208123 -0.00228017 -0.03483674 -0.01249109 -0.03624735 -0.02575699 0.03045494
554.5  -0.67608387 -0.05485852 0.04749255 0.02341900 0.00222709 0.03438648 -0.01834891 0.02454405 0.02640973 -0.03213362
555.0  0.95965575 0.09457849 0.00336584 -0.00559258 0.00092639 -0.01138959 -0.01890050 -0.00469429 -0.01983453 0.03178574
555.5  -0.32331309 0.16821421 -0.05042318 -0.01886595 -0.00189237 -0.01707266 -0.00891493 -0.01551855 0.00632902 -0.02859914
556.0  -0.63838522 0.13177664 0.04449195 0.02304129 0.00048288 0.03536228 0.00618401 0.02801703 0.01307051 0.02261445
556.5  0.96382239 0.01888455 0.00728107 -0.00158037 0.00027127 -0.03271516 0.01566420 -0.02649019 -0.02617471 -0.01638078
557.0  -0.32183787 -0.12244070 -0.05107927 -0.02222437 -0.00184087 0.00867715 0.02072583 0.01638957 0.03287431 0.01454078
557.5  -0.63810376 -0.17843784 0.04526108 0.02038629 -0.00003558 0.02020660 0.01223450 -0.00194376 -0.03168790 -0.00646923
558.0  0.96541864 -0.11707185 0.00298961 0.00706831 0.00028832 -0.03896520 -0.00305806 -0.00965306 0.02026166 -0.00202289
558.5  -0.33546127 -0.01715981 -0.04833050 -0.02238504 0.00384431 0.03231073 -0.01431290 0.01375583 -0.00656392 0.01468642
559.0  -0.62522152 0.10259844 0.05013496 0.00877297 -0.00246047 -0.00469887 -0.02021265 -0.01544410 -0.00963163 -0.02171002
559.5  0.96618496 0.18266804 -0.00728610 0.01534487 -0.00806316 -0.02512879 -0.01382256 0.01558570 0.02452998 0.02751445
560.0  -0.35129976 0.13938130 -0.04279006 -0.01856597 0.01019588 0.04026813 0.00660456 -0.01399874 -0.03406535 -0.03319040
560.5  -0.62353181 0.03559100 0.05456072 -0.00265726 0.00149566 -0.03100889 0.01481346 0.01032354 0.03715942 0.03255097
561.0  0.96609850 -0.07507543 -0.01559171 0.01792673 -0.01374745 0.00076033 0.01958603 -0.00111390 -0.03039593 -0.02895079
561.5  -0.31630072 -0.17117258 -0.03847495 -0.00776143 0.00795601 0.02171991 0.01800344 -0.01041238 0.01765502 0.02112652
562.0  -0.65300194 -0.15803320 0.05543626 -0.01602058 0.00776531 -0.03643780 -0.00719338 0.01985860 -0.00368057 -0.01278462
562.5  0.95731841 -0.04234299 -0.01860156 0.01792557 -0.01146366 0.03218441 -0.01345892 -0.02562562 -0.00883029 0.00368326
563.0  -0.28631560 0.08013936 -0.03560481 0.00353339 0.00093420 -0.00523238 -0.02266254 0.02392175 0.01913380 0.00776960
563.5  -0.68110444 0.16412266 0.05443027 -0.02077040 0.01074714 -0.02046136 -0.01697662 -0.02104542 -0.02625922 -0.01793697
564.0  -0.94416852 0.14918921 -0.01835743 0.01007906 -0.00880903 0.03684887 -0.00267246 0.01760553 0.03116231 0.02648672
564.5  -0.19909441 0.02699338 -0.03625334 0.01273917 -0.00555945 -0.03329711 0.00979134 -0.00281336 -0.02933802 -0.03177561
565.0  0.77488145 -0.12845054 0.05287570 -0.02198396 0.01004653 0.01464110 0.02066447 -0.00488793 0.02501934 0.03440275
565.5  0.86438805 -0.18999280 -0.01080971 0.00338802 -0.00364447 0.00710020 0.02028223 0.01196070 -0.01797534 -0.03397812
566.0  -0.06877099 -0.09549586 -0.04506332 0.01930864 -0.00339841 -0.02697220 0.01485913 -0.02749236 0.00812159 0.03306261
566.5  -0.92189735 0.07507365 0.04800984 -0.02010441 0.00896048 0.03270697 0.00457166 0.03405406 0.00318152 -0.02954340
567.0  -0.67101770 0.17842088 0.00498624 -0.00289156 -0.00431999 -0.02446265 -0.00626675 -0.03078026 -0.01573254 0.02336400
567.5  0.36966353 0.14462110 -0.05183209 0.02321115 -0.00763235 0.00846451 -0.01666489 0.02727827 0.02328790 -0.01862339
568.0  0.97797723 0.01671012 0.04068528 -0.01518651 0.00927141 0.00991338 -0.02063283 -0.01380740 -0.02909635 0.01064609
568.5  0.49337640 -0.11484703 0.01494770 -0.01200094 -0.00051230 -0.02704875 -0.01460759 -0.01150727 0.02809661 -0.00139185
569.0  -0.51731655 -0.18333162 -0.05397161 0.02493457 -0.00744239 0.02639428 -0.00661674 0.02565220 -0.01623830 -0.00731270
569.5  -0.97495815 -0.15663669 0.03679488 -0.00440562 0.00444274 -0.01373275 0.00877203 -0.03107203 -0.00009786 0.01645956
570.0  -0.42804476 -0.03673867 0.01660757 -0.02115649 0.00232512 -0.00264062 0.01607411 0.02819222 0.01809654 -0.02659750
570.5  0.54404085 0.12830091 -0.05466433 0.01832134 -0.00821255 0.02323849 0.01871974 -0.00709173 -0.02995690 0.03165635
571.0  0.96081663 0.24729080 0.03872663 0.00880876 0.00328695 -0.02898942 0.01561118 -0.01382858 0.03037974 -0.03368815
571.5  0.42748706 0.22757786 0.01529706 -0.02615086 0.00664468 0.02154425 -0.00470242 0.02716656 -0.01830580 0.03649919
572.0  -0.50633408 0.05446948 -0.05376886 0.01015895 -0.01015367 -0.00882896 -0.00845871 -0.02988374 -0.00546096 -0.03703532
572.5  -0.94670011 -0.17596603 0.04210011 0.01709634 0.00320333 0.00815075 -0.01719050 0.01392736 0.02612977 0.03290746
573.0  -0.51944545 -0.31653675 0.00888651 -0.02207386 0.00743395 0.02597745 0.00820263 0.01576009 -0.03404942 -0.02738478
573.5  0.36109501 -0.26781929 -0.05183527 -0.00192087 -0.01410066 0.02635698 -0.00492502 -0.03074465 0.02456084 0.01764579
574.0  0.91960077 -0.04933013 0.04656617 0.02139705 0.00077874 0.00912178 0.00125679 0.02870009 0.00282338 -0.00348979
574.5  0.65930750 0.21061403 0.00082925 -0.01187074 0.01085839 -0.01431893 0.00966331 0.00872952 -0.02106456 -0.00770933
575.0  -0.21790556 0.33381528 -0.04979886 -0.01075346 -0.00539201 -0.02846990 -0.01020200 -0.01482373 0.03347198 0.01808039
575.5  -0.89991331 0.21293826 0.04727255 0.01999401 -0.00804310 -0.02889646 -0.00113585 -0.02644848 -0.03703526 -0.02623567
576.0  -0.66253628 -0.07660651 0.00897605 -0.00501621 0.01098394 -0.01848592 0.00578599 -0.02489289 0.02234093 0.03082796
576.5  0.30266593 -0.30113420 -0.05428365 -0.01361221 -0.00125553 0.00375874 -0.01292961 -0.01553014 -0.00617873 -0.03436659
577.0  0.93732093 -0.25862975 0.03387425 0.01622537 -0.01362924 0.02213466 0.01152982 -0.00828426 -0.00789055 0.03689675
577.5  0.49190689 0.01384392 0.02860040 -0.00219136 0.01744181 0.03220142 -0.00469979 0.00573287 0.02471259 -0.03924227
578.0  -0.52603886 0.27033989 -0.05502318 -0.01471808 0.00003096 0.02944986 -0.00449696 0.01438813 -0.03164206 0.03985128
578.5  -0.93308221 0.28910576 0.01370288 0.01620810 -0.01620867 0.01546110 0.01461696 0.02003011 0.03009605 -0.03935898
579.0  -0.27775747 0.06252069 0.04308436 -0.00038241 0.01368383 -0.00614044 -0.01421182 0.01873620 -0.02550008 0.03728341
579.5  0.67920419 -0.21957810 -0.04991488 -0.01800018 -0.00017751 -0.02494771 0.01002765 0.01080184 0.00880957 -0.03432915
580.0  0.88521366 -0.33862222 0.00121449 0.01619764 -0.01289672 -0.03241355 0.00220525 0.00188759 0.00852542 0.03016516
580.5  0.14288031 -0.20581134 0.04971849 0.00377277 0.01407405 -0.02524867 -0.01575743 -0.00785719 -0.01914131 -0.02504021
581.0  -0.73855712 0.08631068 -0.04720165 -0.01951329 0.00582235 -0.00380184 0.02297587 -0.01326296 0.02810676 0.01523011
581.5  -0.84245063 0.33307045 -0.00461959 0.01286130 -0.01872228 0.01656060 -0.02059025 -0.01860798 -0.02688593 -0.00351169
582.0  -0.09275052 0.36579483 0.05063318 0.01002480 0.00804551 -0.03157060 0.01003590 -0.01680073 0.01547378 -0.00596961
582.5  0.73155749 0.16755808 -0.04888216 -0.01691960 0.01014755 -0.03206240 0.00109534 -0.00583813 -0.00274030 0.02175717
583.0  0.85245115 -0.12893070 0.00825945 0.00325329 -0.01873727 -0.01628477 -0.01851614 0.00826530 -0.01363040 -0.03554731
583.5  0.21293806 -0.34936087 0.03743070 0.01769598 -0.00072637 0.00912474 0.02901932 0.02089702 0.02546076 0.03911766
584.0  -0.59826129 -0.38855910 -0.05269715 -0.00786470 0.02212745 0.02840296 -0.02075808 0.02309834 -0.02702167 -0.04244475
584.5  -0.91537481 -0.24657767 0.02841292 -0.01479229 -0.00668808 0.02930581 0.00155585 0.01228258 0.01745858 0.04020788
585.0  -0.48766206 -0.00270413 0.01897043 0.00774572 -0.01702572 0.01165036 0.01528999 -0.00423001 -0.00455676 -0.02462753
585.5  0.35723483 0.22548337 -0.05142135 0.01505406 0.01151867 -0.01002703 -0.03364811 -0.01636912 -0.01027149 0.00899026
586.0  0.91819898 0.33037459 0.04154657 -0.01242272 0.01427850 -0.02703033 0.03383994 -0.02032449 0.02024218 0.00749712
586.5  0.66115104 0.26237185 0.00431276 -0.01210342 -0.01695666 -0.03236626 0.01484204 -0.01516787 -0.02773022 -0.02039756
587.0  -0.23328163 0.05966436 -0.04750956 0.01912797 -0.01027761 -0.01729434 -0.00326408 -0.00037918 0.02110192 0.03286714
587.5  -0.91663544 -0.16330751 0.04557228 0.00456926 0.01968891 0.01057120 -0.00989418 0.01987850 -0.00985884 -0.03979599
588.0  -0.67628044 -0.27593916 0.00374544 -0.02364755 -0.00063235 0.03636678 -0.01034491 0.02694936 -0.00140241 0.04318628
588.5  0.27095115 -0.20789978 -0.04915827 0.00589848 -0.01750422 0.04548088 -0.00558013 0.02345623 0.01685123 -0.04246455
589.0  0.93884904 0.00125668 0.04098324 0.01561328 0.01480281 0.03402883 0.00004362 0.00970900 -0.02174165 0.03922730
589.5  0.60312804 0.21016760 0.01261283 -0.01471649 0.00144860 -0.00929081 -0.00691679 -0.00684458 0.02326981 -0.03467397
590.0  -0.39106839 0.26112605 -0.05338304 -0.00405700 -0.01085899 -0.03092287 0.01303952 -0.01553865 -0.01969381 0.02712941
590.5  -0.95735649 0.10201033 0.03186968 0.02088241 0.00577771 0.05381272 -0.00900293 -0.01926296 0.01051363 -0.02040209
591.0  -0.44049946 -0.14538570 0.02644842 -0.01423138 0.00654786 -0.05135604 0.00735210 -0.01317702 0.00351948 0.01205146
591.5  0.59222584 -0.26615945 -0.05310815 -0.01057289 -0.01124386 0.03217017 -0.00395947 -0.00706411 -0.01394922 -0.00581891
592.0  0.93137481 -0.14950588 0.01574188 0.02240900 0.00586996 0.00480884 0.00054613 0.00140960 0.02081038 -0.00122804
592.5  0.16903585 0.09178603 0.04094257 -0.01546870 0.00661280 -0.04392373 0.00265865 0.00863468 -0.02326593 0.00768931
593.0  -0.78876208 0.23636769 -0.04749920 -0.00583519 -0.01318834 0.05612000 -0.00569064 0.01270078 0.01774494 -0.01644001
593.5  -0.85331173 0.18210832 -0.00080650 0.02146558 0.01045301 -0.03792357 0.00925212 0.01672794 -0.00625611 0.02424947
594.0  -0.00535190 0.01253748 0.04763449 -0.01265258 0.00181710 -0.00084206 -0.00838183 0.01306273 0.00360276 -0.03094518
594.5  0.83834803 -0.13106735 -0.04442765 -0.00276463 -0.01952825 0.04436813 0.00064062 0.00799320 0.01087227 0.03676633
595.0  0.87087512 -0.17538276 -0.00351204 0.01192513 0.01845487 -0.05628179 0.01010193 0.00182871 -0.01778690 -0.04118404
595.5  0.09349381 -0.13331778 0.04676381 -0.00985633 0.00376482 0.02177124 -0.01296570 -0.00533839 0.01893812 0.03912129
596.0  -0.77433077 -0.05388463 -0.04621534 -0.00189439 -0.02713317 0.02592483 0.00326931 -0.01134481 -0.01655257 -0.03461185
596.5  -0.92774661 0.03096511 0.00183899 0.00780397 0.02008539 -0.05122535 0.01062194 -0.01587033 0.01148215 0.02805020
597.0  -0.19920951 0.10859366 0.04534228 -0.00276166 0.01104614 0.04040346 -0.01863040 -0.01522256 -0.00192365 -0.01774160
597.5  0.72770193 0.15745421 -0.04674557 -0.00281148 -0.03060536 0.00248547 0.00921529 -0.01159626 -0.00654778 0.00909096
598.0  0.93298577 0.13641621 0.00083567 0.00301175 0.01777491 -0.04282813 0.00879082 -0.00413035 0.01303681 -0.00310273
598.5  0.20042342 0.02105979 0.04686925 -0.00313140 0.01422292 0.05383953 0.01194630 0.00334243 -0.01907324 -0.00401040
599.0  -0.72946898 -0.13880790 -0.04514168 -0.00279483 -0.03283828 -0.03169949 -0.00244992 0.01141932 0.02032778 0.01091076
599.5  -0.91668493 -0.22658653 -0.00611635 0.00591742 0.01682059 0.01083359 -0.00770977 0.01498405 -0.01844964 -0.01558803
600.0  -0.18021944 -0.15181998 0.04907228 -0.00037921 0.01603363 0.04666501 0.01433666 0.01637870 0.01513759 0.01964285
600.5  0.73348324 0.05101807 -0.03991993 -0.00353857 -0.03470614 0.05245104 -0.01405690 0.01247207 -0.00710112 -0.02505392
601.0  0.90325168 0.22985578 -0.01059948 0.00410448 0.01509193 0.02651797 0.00428483 0.00727015 -0.00285146 0.02836510
601.5  0.15125699 0.23395484 0.05257845 -0.00218623 0.02112426 -0.01287751 0.00651644 0.00071360 0.01215254 -0.02943583
602.0  -0.75809011 0.05102244 -0.03496478 -0.00231603 -0.03306673 -0.04619456 -0.01235104 -0.00828713 -0.01878514 0.03181970
602.5  -0.88002431 -0.17404766 -0.02268230 0.00470577 0.01088047 -0.05375177 0.01561349 -0.01431169 0.02265928 -0.03631327
603.0  -0.09121222 -0.26283357 0.05357766 -0.00170829 0.02394023 -0.03773111 -0.00651079 -0.01719874 -0.01916344 0.03584812
603.5  0.78291761 -0.15907517 -0.02711761 -0.00036814 -0.03102816 -0.00260961 0.00156719 -0.01232241 0.01083679 -0.03561613
604.0  0.88251079 0.04577361 -0.02762115 0.00183907 0.00413669 0.03434200 0.00680820 -0.00420760 0.00429193 0.03387058
604.5  0.16830932 0.21587204 0.05360734 -0.01362958 0.02393845 0.05457334 0.00501461 0.00545027 -0.02119598 -0.02542136
605.0  -0.67633776 0.26829125 -0.02903955 0.02022143 -0.01837676 0.03476127 -0.02995365 -0.02682064 0.02350972 0.01677753
605.5  -0.94432606 0.19205366 -0.02005561 0.00822667 -0.00041090 -0.00489304 -0.02099214 0.01489099 -0.01520792 -0.00777920
606.0  -0.44516681 0.02274188 0.05239533 -0.03539659 0.00775460 -0.01376565 0.02510934 -0.00563148 0.00441879 -0.00490906
606.5  0.41286132 -0.17476461 -0.03882062 0.01205408 -0.00749198 -0.01000948 0.03972912 -0.03805328 0.00789810 0.01764646
607.0  0.92820423 -0.31265519 -0.00863870 0.02705149 -0.00066905 0.00162855 0.02678256 -0.05041075 -0.01574725 -0.02714402
607.5  0.64313345 -0.30570264 0.04414158 -0.03111589 0.00897894 0.00854979 -0.00160425 -0.03536314 0.01944154 0.03461465
608.0  -0.22012364 -0.12433499 -0.04536219 -0.00312548 -0.00100332 0.00465898 -0.02836837 -0.00645680 -0.01471794 -0.03745629
608.5  -0.87630957 0.15541859 0.00892571 0.03548510 -0.00386929 -0.00509336 -0.03690523 0.02529735 0.00649043 0.03799481
609.0  -0.68899688 0.36608050 0.03653312 -0.02141745 0.00302353 -0.01188326 -0.02171459 0.04540742 0.00106460 -0.03563453
609.5  0.17418499 0.35817771 -0.04576641 -0.01943510 -0.00306588 -0.00530082 0.00721374 0.04951981 -0.01409818 0.02894131
610.0  0.86199193 0.11490466 0.00923343 0.03116036 -0.00508177 0.00744516 0.02897435 0.03865271 0.01577312 -0.02591668
610.5  0.67179567 -0.21188175 0.03735523 -0.01187421 0.00535304 0.01748970 0.03196531 0.01522076 -0.01993994 0.01941813
611.0  -0.22229208 -0.39659044 -0.04484089 -0.02407292 0.00453285 0.01476576 0.01696882 -0.00987592 0.01732188 -0.01216130
611.5  -0.88926229 -0.30194744 0.00463113 0.03447037 -0.01000255 0.00200215 -0.00679196 -0.03341685 -0.01061369 0.00327824
612.0  -0.57626445 0.01168736 0.03980697 0.00328502 0.00407808 -0.01466125 -0.02037945 -0.04787202 0.00596020 0.00435646
612.5  0.40842878 0.31007100 -0.03869627 -0.03072266 0.01089703 -0.02256510 -0.02476465 -0.05070988 0.00208908 -0.01353258
613.0  0.92124011 0.35640164 -0.00848400 0.02343533 -0.01772537 -0.01663485 -0.02100727 -0.04354209 -0.00604196 0.01953969
613.5  0.32084346 0.11435955 0.04498206 0.00457080 0.00356465 -0.00430350 -0.00876107 -0.02770888 0.01114538 -0.02836090
614.0  -0.67027377 -0.21114763 -0.02712475 -0.02625697 0.01725633 0.00900082 0.00878267 -0.00747409 -0.01209933 0.03532306
614.5  -0.85987615 -0.36245252 -0.02258552 0.01684892 -0.02125495 0.01797014 0.02208130 0.01586040 0.01203682 -0.04033904
615.0  -0.06607471 -0.24086079 0.04637061 0.01216273 0.00036523 0.01702059 0.02719307 0.03719769 -0.01101952 0.04543386
615.5  0.78570203 0.04772312 -0.01989172 -0.02101587 0.02483529 0.00635988 0.01917438 0.05028445 0.00777671 -0.04531345
616.0  0.80921929 0.30294653 -0.02656271 0.00450878 -0.02060735 0.00049363 -0.00375190 0.04778273 -0.00038105 0.03709855
616.5  0.02192074 0.36736463 0.04553543 0.01598255 -0.01224026 0.01230804 -0.02171067 0.02513621 -0.00185473 -0.02787594
617.0  -0.78237519 0.20589469 -0.02263238 -0.02215359 0.02792932 0.01779413 -0.01841260 -0.01030241 0.01039287 0.00948185
617.5  -0.81444798 -0.08214161 -0.02098638 -0.00156983 -0.00833939 0.00746937 0.00213755 -0.03309741 -0.02278390 0.00939824
618.0  -0.03108597 -0.31804850 0.04573446 0.02470026 -0.02067198 -0.00597664 0.03138023 -0.04006973 0.01447843 -0.02637726
618.5  0.79169253 -0.35422216 -0.02668805 -0.01242262 0.02211809 -0.01795112 0.03929499 -0.02399932 -0.01382516 0.04188675
619.0  0.80700975 -0.17663509 -0.01615683 -0.01745754 0.00350284 -0.02112682 0.02719995 -0.01051381 0.00363585 -0.04710106
619.5  -0.01597876 0.08879903 0.04491217 0.01937949 -0.02388075 -0.01767959 0.00020339 0.00326236 0.00658634 0.04820248
620.0  -0.83247480 0.27562762 -0.03159619 -0.00266066 0.01428705 -0.00980720 -0.02886029 0.01406616 -0.01441247 -0.04237536
620.5  -0.79752714 0.29238212 -0.01211095 -0.01941202 0.01279120 -0.00124376 -0.04729054 0.02053071 0.02081205 0.03073519
621.0  0.06080838 0.16085913 0.04386953 0.02357767 -0.01949505 0.00689915 -0.04552652 0.02029174 -0.02126807 -0.01710698
621.5  0.86741357 -0.03111835 -0.03394145 0.00973798 0.00536835 0.01480442 -0.02186663 0.01428553 0.01656655 -0.00076154
622.0  0.77336143 -0.19247571 -0.00819938 -0.02879902 0.01596750 0.01926077 0.01169931 0.00438294 -0.00663368 0.01679734
622.5  -0.15724497 -0.25254083 0.04280910 0.00747621 -0.01745480 0.01499144 0.03948373 -0.00501021 -0.00352500 -0.02733673
623.0  -0.92346454 -0.17065079 -0.03242503 0.01749625 -0.00082551 0.00169959 0.04862389 -0.01116767 0.01373965 0.03659381
623.5  -0.62646722 0.03130158 -0.01539787 -0.02331171 0.01750112 -0.01774330 0.03612971 -0.01406373 -0.02228874 -0.04467321
624.0  0.41619238 0.23130878 0.04579735 0.00574870 -0.01665765 -0.02389876 -0.00434499 -0.01280326 0.02653590 0.04784854
624.5  0.95375809 0.26230142 -0.02041630 0.01906966 -0.00188795 0.00630866 -0.02379563 -0.01130692 -0.02581517 -0.04863182
625.0  0.34871314 0.07114459 -0.02949119 -0.02131766 0.02007928 0.03402651 -0.02302828 -0.00693718 0.02299517 0.04590090
625.5  -0.65259908 -0.19267722 0.04404534 0.00428891 -0.01362828 0.04637685 -0.01283771 -0.00210169 -0.01433161 -0.04121016
626.0  -0.90735739 -0.30249904 -0.00646199 0.01937116 -0.00569505 0.03859094 0.00221141 0.00375102 0.00034537 0.03629325
626.5  -0.18046362 -0.16819882 -0.03727114 -0.02565597 0.01764118 0.01309105 0.01880444 0.00958668 0.01426364 -0.02943932
627.0  0.72745068 0.09600176 0.03980532 -0.00396577 -0.01499485 -0.02205325 0.02772425 0.01198579 -0.02408901 0.01971330
627.5  0.88724150 0.28317337 -0.00000284 0.02700716 -0.00424154 -0.04587969 0.02581404 -0.00065334 0.02897496 -0.00768323
628.0  0.15170635 0.25907633 -0.04134897 -0.01579102 0.01976701 -0.04665536 0.01435506 -0.00284620 -0.02298906 -0.00648417
628.5  -0.73543836 0.05655297 0.03845255 -0.00851761 -0.01201292 -0.02052165 -0.00118064 0.01030809 0.00637386 0.01880283
629.0  -0.89434758 -0.17274855 0.00542051 0.02419786 -0.01007756 0.01170862 -0.01740675 0.01911543 0.00780778 -0.03053208
629.5  -0.18484796 -0.28379036 -0.04287853 -0.01324861 0.01642024 0.03477565 -0.02981099 0.02134249 -0.02117531 0.04154555
630.0  0.69161545 -0.23107473 0.03657601 -0.01703626 -0.00843158 0.03409068 -0.03248077 0.02150996 0.02789210 -0.04622604
630.5  0.92827582 -0.06254862 0.00463499 0.02652535 -0.01023574 0.01290450 -0.02021146 0.00814798 -0.02579481 0.04640072
631.0  0.35683387 0.13468330 -0.04036847 -0.00106644 0.01844550 0.00272607 0.00362482 -0.01865837 0.00793811 -0.04380220
631.5  -0.49771388 0.28068820 0.04079826 -0.02486727 0.00309789 0.00225031 0.00401712 -0.04962252 0.00916313 0.03368737
632.0  -0.93625260 0.31901877 -0.00754210 0.01386898 -0.02236314 0.00048617 -0.00047729 -0.05313194 -0.02140545 -0.01956026
632.5  -0.63155106 0.22339415 -0.03253978 0.01610274 0.00450547 0.00172702 0.00489608 -0.02496933 0.03122893 0.00334394
633.0  0.16722118 0.01239852 0.04539130 -0.00985344 0.03013707 0.00066849 0.01044152 0.01363655 -0.01951121 0.01463927
633.5  0.82677940 -0.23582435 -0.01976837 -0.01484747 -0.01382465 0.00288273 0.01314411 0.04519410 0.00130470 -0.02705755
634.0  0.79477580 -0.39522712 -0.02145652 0.00816260 -0.02364323 0.00685984 0.00713361 0.05260837 0.00928881 0.03702523
634.5  0.07622705 -0.35385417 0.04610574 0.01076170 0.02605074 0.00335068 -0.00456577 0.03259901 -0.02699966 -0.04030212
635.0  -0.70753760 -0.10472430 -0.02960094 -0.01554365 0.00368445 -0.00772362 -0.00788261 0.00650961 0.02806421 0.04051707
635.5  -0.84825951 0.21857075 -0.01332206 -0.00212555 -0.03001483 -0.01759582 -0.00072788 -0.02718656 -0.01792282 -0.03566572
636.0  -0.21517853 0.42065784 0.04409648 0.01863018 0.01744133 -0.01795595 0.01092159 -0.04120613 0.00995286 0.02838891
636.5  0.61531510 0.37334133 -0.03597177 -0.00512725 0.01851322 -0.00936583 0.01670088 -0.04103362 0.01224809 -0.01644607
637.0  0.87956668 0.10012041 -0.00682171 -0.01494682 -0.03097670 0.00250018 0.00995339 -0.03144542 -0.02144201 0.00497049
637.5  0.31208046 -0.23548934 0.04151334 0.01258805 0.00504432 0.01407599 -0.00253933 -0.00962655 0.03098084 0.01200429
638.0  -0.57110849 -0.42191490 -0.03894455 0.00451731 0.02425183 0.02587019 -0.01452970 0.00583665 -0.02537129 -0.02745297
638.5  -0.88423830 -0.32762956 -0.00471822 -0.02058392 -0.02307605 0.03262980 -0.01416310 0.02325288 0.01566481 0.03567397
639.0  -0.25590617 -0.00135224 0.04226278 0.01053379 -0.00202485 0.02911771 -0.01001187 0.03128160 -0.00366406 -0.04629849
639.5  0.66330319 0.33184950 -0.03477304 0.01375124 0.02667167 0.00993405 -0.00132635 0.03364195 -0.01290085 0.04722880
640.0  0.82703958 0.42267202 -0.01152874 -0.02183581 -0.02170616 -0.01485325 0.01099407 0.02939733 0.02158659 -0.04313537
640.5  0.02587705 0.19061065 0.04514940 0.00364033 -0.00873138 -0.03519073 0.01543203 0.02028931 -0.03039512 0.04042292
641.0  -0.80002666 -0.19464997 -0.02773539 0.02069598 0.02669450 -0.04127551 0.01754413 0.00985301 0.02990095 -0.03241957
641.5  -0.68130803 -0.44336392 -0.02071145 -0.01991770 -0.01857589 -0.02816750 0.00981990 -0.00598196 -0.02855222 0.02102613
642.0  0.22471265 -0.36916997 0.04570883 -0.00466906 -0.01023500 -0.00592997 -0.00484617 -0.01896889 0.01946399 -0.01162176
642.5  0.86342041 -0.02895111 -0.02191290 0.02241773 0.02979868 0.01541222 -0.02245767 -0.02755917 -0.00414942 -0.00120642
643.0  0.52041483 0.33329533 -0.02380133 -0.01369819 -0.01056517 0.02589106 -0.03176888 -0.03171296 -0.00498799 0.01601414
643.5  -0.40624405 0.46731959 0.04516472 -0.01580312 -0.01894361 0.02284618 -0.02841730 -0.02599167 0.02079981 -0.02518104
644.0  -0.88192760 0.29023447 -0.02046395 0.02492929 0.02396170 0.01114561 -0.00753251 -0.01773749 -0.02738568 0.03395727
644.5  -0.38196473 -0.06449515 -0.02529177 -0.00237915 -0.00373761 0.00117402 0.01986387 -0.00195020 0.03075314 -0.04372640
645.0  0.54091866 -0.35471122 0.04544314 -0.02405603 -0.02173552 0.00156711 0.03963593 0.00934864 -0.02781141 0.04425418
645.5  0.89342235 -0.41072809 -0.02167804 0.02242822 0.01894522 0.01001743 0.03762231 0.02179662 0.01673611 -0.04035693
646.0  0.32735930 -0.23418538 -0.02394838 0.01366462 0.00544470 0.00163167 0.02116149 0.02638977 -0.00456119 0.03335019
646.5  -0.56255701 0.04595803 0.04600723 -0.03294805 -0.01226791 -0.01535375 -0.00118954 0.02091436 -0.01033255 -0.02116070
647.0  -0.92080134 0.27787582 -0.02582361 0.01314752 0.00377498 -0.02701286 -0.02178815 0.01218045 0.02013748 0.00384149
647.5  -0.43252607 0.35914210 -0.01347781 0.02743908 0.00113443 -0.02063051 -0.03093221 -0.00175713 -0.02615783 0.01139369
648.0  0.45283895 0.25901362 0.04207771 -0.03456962 -0.00090435 -0.00194943 -0.02614666 -0.01117446 0.02584026 -0.02761576
648.5  0.93013071 0.02034421 -0.03615425 -0.00449323 0.00207113 0.01804203 -0.00605462 -0.02299825 -0.01576957 0.03983005
649.0  0.53779516 -0.23679274 -0.00559530 0.03568296 0.00269852 0.02591581 0.01468970 -0.02438892 0.00803850 -0.04111117
649.5  -0.38012058 -0.35245049 0.04133269 -0.01928242 -0.01023281 0.01990935 0.02924955 -0.01953739 0.01664342 0.03955658
650.0  -0.92624353 -0.22837732 -0.03491172 -0.01458519 -0.00527802 0.00221842 0.03122253 -0.01314325 -0.01872354 -0.03323837
650.5  -0.52948804 0.06617752 -0.00858978 0.02485219 0.02418969 -0.01491312 0.01733740 -0.00030355 0.02872306 0.01983313
651.0  0.41675277 0.31395151 0.04298808 -0.00850819 -0.01673446 -0.02426851 -0.00357061 0.00994749 -0.02647695 -0.00920908
651.5  0.93090855 0.32246904 -0.02989065 -0.01376049 -0.01259396 -0.02131748 -0.02585393 0.01723249 0.01634724 -0.00198217
652.0  0.48362651 0.09090572 -0.01382460 0.01802071 0.03261734 -0.00899010 -0.03765657 0.01528393 -0.00716188 0.01573574
652.5  -0.45797575 -0.19412095 0.04338842 -0.00370176 -0.00816069 0.00783340 -0.03328045 0.01042575 -0.01108297 -0.02404389
653.0  -0.93990129 -0.32740223 -0.02953057 -0.01432748 -0.02303470 0.02295749 -0.01401021 0.00470206 0.02389069 0.03045936
653.5  -0.48414071 -0.23824400 -0.01745730 0.01458433 0.02524262 0.02805382 0.01374283 0.00175568 -0.02997559 -0.03607114
654.0  0.45835745 -0.01292159 0.04504117 0.00533795 -0.00506077 0.02939635 0.02854497 0.00027376 0.03058386 0.03783525
654.5  0.95292515 0.19416024 -0.02502177 -0.01549013 -0.02665126 0.03646979 0.01890321 -0.00076261 -0.01991774 -0.03622025
655.0  0.50116109 0.27567581 -0.01877060 0.00706065 0.03094319 0.01932632 0.02242460 -0.00517694 0.00750167 0.03250534
655.5  -0.44775310 0.21487169 0.04391366 0.00821641 0.00603698 -0.00755251 0.02781123 -0.00915526 0.01042718 -0.02724016
656.0  -0.95803649 0.06158436 -0.02560396 -0.01744650 -0.03128309 -0.03089535 0.02519182 -0.01003049 -0.02525638 0.01833954
656.5  -0.56127255 -0.11476134 -0.01760040 0.00713117 0.02024592 -0.03879440 0.00843317 -0.00596044 0.03101403 -0.00947814
657.0  0.33700237 -0.25012800 0.04412959 0.01636421 0.01458415 -0.02538125 -0.01241905 -0.00004562 -0.02887997 -0.00177863
657.5  0.92360747 -0.29010261 -0.03132224 -0.01987622 -0.03062755 0.00122349 -0.02942979 0.00843893 0.01557031 0.01333520
658.0  0.70780691 -0.19961801 -0.00948195 -0.00704400 0.00691949 0.02528824 -0.03204602 0.01294555 0.00554707 -0.02150365
658.5  -0.11622141 0.00916749 0.04180105 0.02401673 0.02111975 0.03444853 -0.01873634 0.01111893 -0.01987689 0.03107513
659.0  -0.83629852 -0.24710583 -0.03213487 -0.01445419 -0.02273011 0.02534449 0.00427394 0.00817847 0.02960684 -0.03638049
659.5  -0.79947415 0.33427992 -0.00248450 -0.01403162 0.00230611 0.00270168 -0.02316943 -0.00385761 -0.02918623 0.03723334
660.0  0.02058226 -0.23359112 0.03835514 0.02613101 0.01868185 -0.01773728 0.03652696 0.01404263 0.01687474 -0.03775299
660.5  0.82914516 -0.03327353 -0.03549123 -0.00663871 -0.01977029 -0.04047140 0.02578335 -0.01471378 -0.00853264 0.03283876
661.0  0.76575171 0.29191927 -0.01003632 -0.01987102 0.00011019 -0.03512989 0.01625105 0.01485281 0.00240509 -0.02509724
661.5  -0.13867868 -0.31901771 0.04069073 0.02493841 0.01793008 -0.01552454 -0.00612305 -0.01981647 0.00816016 0.01624525
662.0  -0.89467987 0.08929045 -0.02730315 -0.00654681 -0.02121998 0.01147301 -0.02275080 0.01813296 -0.01848399 -0.00686399
662.5  -0.62978472 0.21275147 -0.01702458 -0.01910880 0.00409048 0.03030204 -0.03758939 -0.00919778 0.02363587 -0.00302319
663.0  0.35944613 -0.34041324 0.04037190 0.03097406 0.00663779 0.03507955 -0.03861426 -0.00035167 -0.02261676 0.01420801
663.5  0.93509855 0.18338048 -0.01657799 -0.01655631 -0.01218121 0.02397451 -0.02372740 0.00956445 0.01672254 -0.02363512
664.0  0.43011192 0.11919713 -0.02533202 -0.01090315 0.01828274 0.00274888 0.00356697 -0.01846877 -0.00932787 0.03246124
664.5  -0.57628394 -0.32546144 0.03700257 0.03001030 -0.01213685 -0.01419749 0.03244358 0.02034733 -0.00395277 -0.03652507
665.0  -0.90919169 0.27905385 -0.00624622 -0.01851150 -0.00666801 -0.01923897 0.05007388 -0.01863316 0.01750199 0.03723262
665.5  -0.18772495 -0.00744793 -0.03207709 -0.01355895 0.01999243 -0.01412858 0.04475365 0.01372153 -0.02602587 -0.03626182
666.0  0.74395016 -0.26123622 0.03353891 0.02939997 -0.01401594 -0.00241066 0.01645787 -0.00322249 0.03183856 0.03302315
666.5  0.84304185 0.32959654 -0.00010830 -0.01235588 -0.00758665 0.00478552 -0.02242088 -0.00890646 -0.03133369 -0.02727663
667.0  0.03875453 -0.20869944 -0.03367458 -0.01943504 0.02155747 0.00149645 -0.05112280 0.01681113 0.02346765 0.02236428
667.5  -0.78372130 -0.02599543 0.03512237 0.02818711 -0.01415448 -0.00289381 -0.04696800 -0.02269827 -0.01058763 -0.01390340
668.0  -0.85091137 0.25769126 -0.00530960 -0.00085282 -0.01203143 -0.00304333 -0.01293182 0.02193929 -0.00377866 0.00120628
668.5  -0.16835055 -0.33612007 -0.02693778 -0.02770269 0.02723722 0.00851813 0.02887634 -0.01171939 0.01804563 0.01071345
669.0  0.66326664 0.27488929 0.03726784 0.01650418 -0.00109271 0.02328707 0.04774654 -0.00390909 -0.02852727 -0.02420687
669.5  0.92100576 -0.11092130 -0.01807607 0.01881308 -0.02716796 0.01852049 0.03102076 0.01850053 0.02846407 -0.03427086
670.0  0.38874887 -0.13693410 -0.01698015 -0.02516804 0.01797870 -0.00589699 -0.00209736 -0.02715227 -0.02547463 -0.03416006
670.5  -0.48794611 0.31023419 0.03654567 -0.00119086 0.01350691 -0.03415054 -0.02775255 0.02453790 0.01202590 -0.03208662
671.0  -0.93844636 -0.31648531 -0.02345240 0.02340545 -0.03228650 -0.04193263 -0.03276237 -0.01276235 0.00108538 -0.02669580
671.5  -0.49984293 0.16487261 -0.01205624 -0.01694426 0.01240253 -0.01911626 -0.02049492 -0.00140913 -0.01187496 -0.01964024
672.0  0.42655889 0.10763220 0.03510943 -0.00684089 0.02788826 0.01426144 -0.00518560 0.01409567 0.02227588 -0.01075122
672.5  0.93225013 -0.32065476 -0.02097140 0.01408644 -0.03684453 0.04375757 0.00724097 -0.02405138 -0.02725535 -0.00114654
673.0  0.49285592 0.30078245 -0.01490164 -0.00697005 0.00275709 0.05166554 0.01301448 0.02724034 0.02351087 0.00871460
673.5  -0.46978088 -0.06794008 0.03452672 0.00413509 0.03440952 0.03058122 0.01296004 -0.02026871 -0.01508208 0.01638963
674.0  -0.93480883 -0.22106737 -0.01422191 0.00049847 -0.03472494 -0.00411404 0.01038317 0.00753839 0.00400226 0.02209432
674.5  -0.36591705 0.34044078 -0.02508682 -0.00791716 -0.00102949 -0.03626312 0.01032364 0.00690090 0.01045048 0.02733477
675.0  0.63071926 -0.16627831 0.03303411 0.00881406 0.03552623 -0.05355310 0.01125468 -0.02062345 -0.01847127 0.03137273
675.5  0.88267863 -0.15863725 0.00233502 -0.00297715 -0.03534747 -0.04888657 0.00528356 0.02853899 0.02068977 0.03283120
676.0  0.04013612 0.34047307 -0.03532676 -0.00508406 0.00520313 -0.02594380 0.00542906 -0.02337299 -0.02526532 0.03468460
676.5  -0.85460425 -0.20227522 0.02113875 0.01098170 0.03481916 -0.00154569 -0.01257342 0.00205012 0.02632242 0.03657917
677.0  -0.66641365 -0.12993492 0.02182305 -0.00735292 -0.04542427 0.02287748 -0.01575513 -0.00059155 -0.01834119 0.03574155
677.5  0.34220823 0.33450755 -0.03252169 -0.00419363 0.00859365 0.03546217 -0.02459224 -0.01712812 -0.00315280 0.03748922
678.0  0.93590975 -0.25084461 0.00585380 0.01001994 0.03321954 0.04329881 -0.02450680 -0.00939516 0.02097823 0.03897968
678.5  0.46451182 -0.00233534 0.02910517 -0.00302333 -0.04092122 0.03144917 -0.00903655 0.00650116 -0.03323639 0.03885084
679.0  -0.49362014 0.25493225 -0.03221477 -0.00782778 0.00396695 0.00050025 0.00127789 -0.00950169 0.03833963 0.03629933
679.5  -0.93124663 -0.34949851 0.00187991 -0.00002255 0.04122043 -0.03348518 0.00740929 0.00529593 -0.03097934 0.03107062
680.0  -0.46704178 0.21102725 0.03194936 0.01483314 -0.03275114 -0.05040449 0.00975179 0.00472983 0.01089173 0.02392994
680.5  0.44090987 0.02846304 -0.03182108 -0.00256541 -0.01573248 -0.03905274 0.00338026 -0.00900269 0.00906618 0.01373276
681.0  0.93605432 -0.23932129 0.00256977 -0.02381072 0.03991052 -0.00150578 -0.00303481 0.01479787 -0.02599242 0.00294097
681.5  0.56329699 0.34834409 0.02908782 0.02011161 -0.01367547 0.03681121 -0.00171734 -0.01638120 0.03515983 -0.00619951
682.0  -0.30381324 -0.24982198 -0.03329717 0.01450404 -0.02759392 0.05078164 0.00063578 0.00957399 -0.02835294 -0.01922168
682.5  -0.90307608 0.01271912 0.00647275 -0.02949160 0.03342870 0.03395595 0.00770446 0.00576057 0.01068895 -0.02961373
683.0  -0.71967573 0.20595494 0.02514470 0.00493791 0.00063064 -0.00542077 0.00533885 -0.01791635 0.00733131 -0.03569543
683.5  0.07060096 -0.33702772 -0.03525594 0.02419351 -0.03397839 -0.04391898 -0.00655707 0.02005585 -0.02570569 -0.03878165
684.0  0.78810347 0.28740497 0.01509506 -0.02426448 0.02484244 -0.04743411 -0.00306706 -0.01307034 0.03319151 -0.03875202
684.5  0.87458440 -0.06911276 0.01907121 -0.01096112 0.01905382 -0.02732850 -0.00335048 0.00124362 -0.02001188 -0.03275092
685.0  0.25685554 -0.17275256 -0.03727967 0.03636747 -0.03252993 0.01060425 -0.00794770 0.01711829 -0.00488095 -0.02488202
685.5  -0.57817435 0.32722402 0.02465907 -0.01056257 0.00763595 0.04275224 0.00874686 -0.03033378 0.00833410 -0.01444909
686.0  -0.93332962 -0.29263896 0.01023271 -0.02511623 0.02948725 0.04969237 -0.00479730 0.02329777 0.02199134 -0.00317315
686.5  -0.47888860 0.06600440 -0.03736630 0.02355039 -0.03309421 0.03106974 -0.00611831 -0.01205694 0.02264673 0.00947315
687.0  0.41593282 0.20323999 0.03048163 -0.00017459 0.00488285 -0.00494314 0.00128392 -0.00964519 0.01843970 0.01948104
687.5  0.93016429 -0.34018385 0.00576438 -0.02929936 0.02556826 -0.03859876 0.00526430 0.02381315 0.00780388 0.02820643
688.0  0.57349266 0.24682893 -0.03641634 0.02487843 0.01570081 -0.04762317 0.00104260 -0.02973729 -0.01279727 0.03627174
688.5  -0.32269137 0.00241849 0.03089850 0.00831355 -0.01052843 -0.03407803 0.00308236 0.02513646 -0.02144194 0.03970754
689.0  -0.91665662 -0.24235365 0.00510166 -0.03228927 -0.02393879 -0.00048696 -0.00049549 -0.00791437 -0.02747886 0.03994910
689.5  -0.64722037 0.34516054 -0.03455063 0.01584725 -0.00769095 0.03384249 -0.00330477 -0.01263351 -0.02491026 0.03780691
690.0  0.23320076 -0.23225185 0.03177341 0.02112757 0.02123771 0.04610894 -0.00242894 0.02589290 -0.00933299 0.03134972
690.5  0.89845577 -0.02218469 0.00195401 -0.03017991 0.02362860 0.03216400 0.00565736 -0.02732930 0.00501357 0.02371117
691.0  0.66907206 0.24487493 -0.03575841 0.00309065 -0.00319583 -0.00112989 -0.00446592 0.02285293 0.01827390 0.01478075
691.5  -0.26816814 -0.33810355 0.03203074 0.02641213 -0.02473067 -0.03222587 0.00404194 -0.00483643 0.02534794 0.00422693
692.0  -0.91746365 0.22758162 0.00527351 -0.02839325 -0.02100739 -0.04647446 0.00328670 -0.01460116 0.02544398 -0.00510589
692.5  -0.56075017 0.05051249 -0.03691222 -0.00385849 0.00603682 -0.03873305 -0.00914815 0.01994814 0.02407445 -0.01549811
693.0  0.42383042 -0.27926140 0.02905018 0.03501214 0.02600586 -0.01055687 0.01071518 -0.02886802 0.01113731 -0.02337963
693.5  0.93907785 0.32191076 0.01055756 -0.02195668 0.01794381 0.02189821 -0.00800171 0.02425999 -0.00248045 -0.03116411
694.0  0.39291641 -0.18405925 -0.03810020 -0.01882052 -0.00901318 0.04589327 0.00416748 -0.00421357 -0.01537527 -0.03564888
694.5  -0.58277039 -0.08619492 0.02558525 0.03446369 -0.02573802 0.05087080 0.00644654 -0.00358660 -0.02657336 -0.03666130
695.0  -0.91347051 0.31359979 0.01197806 -0.00979114 -0.01215237 0.02989321 -0.01142390 0.02106816 -0.02619986 -0.03632583
695.5  -0.25565477 -0.31261531 -0.03751685 -0.02745444 0.01560008 -0.00325305 0.01054817 -0.02619127 -0.02302122 -0.03373583
696.0  0.69040708 0.10369259 0.02267589 0.03122843 0.01978740 -0.03731539 -0.01448693 0.02421680 -0.01156756 -0.02841792
696.5  0.87454744 0.17447238 0.01659427 0.00091553 0.00522095 -0.05520263 0.00615231 -0.00926703 -0.00281977 -0.02314487
697.0  0.07627336 -0.34032486 -0.03436515 -0.03032579 -0.01499675 -0.05156049 0.00553182 0.00105797 0.00853531 -0.01645200
697.5  -0.80381227 0.22978260 0.01372967 0.02514377 -0.02153012 -0.02610201 -0.02364754 0.00927739 0.01401724 -0.01086610
698.0  -0.78286985 0.07844337 0.02193971 0.00826238 -0.00209000 0.00730586 0.03086042 -0.01517657 0.01994657 -0.00320736
698.5  0.09779661 -0.31286592 -0.03000821 -0.03414098 0.02082007 0.04275290 -0.02322343 0.00994334 0.02354594 0.00586879
699.0  0.86621239 0.29427126 0.00348636 0.01985216 0.02239575 0.05460262 0.01146985 -0.00739313 0.02120026 0.01540301
699.5  0.73588486 -0.04604811 0.02465593 0.02071087 -0.00081374 0.04193262 0.00855089 0.00297702 0.01777785 0.02401874
700.0  -0.12109777 -0.23448416 -0.02829192 -0.03628782 -0.02238448 0.01107514 -0.02129861 0.00753578 0.00706051 0.03010499
700.5  -0.85657189 0.33749659 0.00391973 0.00770069 -0.02195357 -0.02708432 0.02480552 -0.01158509 -0.00592670 0.03353470
701.0  -0.77061246 -0.20700146 0.02652017 0.02889232 0.00439903 -0.04885411 -0.02064753 0.00911076 -0.01583670 0.03655606
701.5  0.04679633 -0.07343707 -0.02880431 -0.02600028 0.03115514 -0.04230716 0.00491551 -0.01147270 -0.02352747 0.03441968
702.0  0.81900244 0.30329570 0.00237090 -0.00402816 0.01423007 -0.01298832 0.01280222 0.00452102 -0.02399400 0.02841751
702.5  0.81178158 -0.31546931 0.02523093 0.03027820 -0.02126751 0.02493988 -0.02471797 0.00401107 -0.01822184 0.01917326
703.0  0.01332903 0.14326823 -0.02920619 -0.02257122 -0.02802220 0.04763939 0.02304010 -0.00697614 -0.01093173 0.00888638
703.5  -0.79546532 0.11608032 0.00552511 -0.02299713 -0.00366998 0.04192415 -0.01144672 0.01002487 0.00610666 -0.00357582
704.0  -0.83107735 -0.32297284 0.02420682 0.03934925 0.02700370 0.01217557 -0.00694310 0.01598846 0.01290506 -0.01689592
704.5  -0.07991915 0.31633770 -0.03065051 -0.00101883 0.02805729 -0.02298034 0.02096016 0.01662870 0.01923384 -0.02670481
705.0  0.75590185 -0.13968770 0.00906354 -0.03558083 -0.00594047 -0.04487201 -0.02530666 0.01823176 0.02179231 -0.03311485
705.5  0.86760244 -0.09052991 0.02165311 0.02789696 -0.03363039 -0.04094220 0.02112680 0.00899727 0.02070328 -0.03489131
706.0  0.13630417 0.30251110 -0.03158306 0.01342458 -0.02041576 -0.01556849 -0.00378325 -0.00213946 0.01145016 -0.03142314
706.5  -0.72695542 -0.33499283 0.01040544 -0.04056882 0.01392038 0.01737345 -0.01640127 -0.01408314 -0.00044347 -0.02614930
707.0  -0.86484596 0.14213029 0.02036082 -0.00477154 0.03637711 0.03872533 0.02672484 -0.02744769 -0.01258428 -0.01856987
707.5  -0.08106868 0.12485158 -0.02890082 0.02146391 0.01031265 0.03978405 -0.02677761 -0.02759663 -0.02503046 -0.00979512
708.0  0.80167008 -0.31606166 0.00784650 -0.03336746 -0.02294992 0.02184585 0.01350085 -0.02133985 -0.02920544 -0.00064995
708.5  0.78875707 0.29145909 0.02359697 0.00839793 -0.02882237 -0.00798055 0.00478642 -0.00790069 -0.02748705 0.00838241
709.0  -0.09378265 -0.02547112 -0.02784695 0.02577978 -0.00496411 -0.03144473 -0.01866660 0.00904646 -0.02127628 0.01669893
709.5  -0.86914035 -0.25852055 0.00155591 -0.03462748 0.02713104 -0.03867102 0.02749285 0.02206328 -0.00389482 0.02260481
710.0  -0.71254753 0.33025272 0.02661971 0.00442817 0.02992628 -0.02657603 -0.02309964 0.02530796 0.01649473 0.02733739
710.5  0.19445706 -0.15640709 -0.02511569 0.03248750 -0.00370998 0.00026015 0.00899578 0.01849350 0.02973836 0.03106149
711.0  0.89526624 -0.14149855 -0.00404062 -0.03277793 -0.03135597 0.02539825 0.00797957 0.00475303 0.03566273 0.03373441
711.5  0.67217481 0.33331215 0.02721340 -0.00472090 -0.02757306 0.03865681 -0.02287756 -0.00900071 0.02837584 0.03292845
712.0  -0.24792279 -0.25817701 -0.02215885 0.03559752 0.00447240 0.03149862 0.02726343 -0.01732305 0.01095444 0.03213992
712.5  -0.91203778 -0.02090651 -0.00764246 -0.02670923 0.03532253 0.01598114 -0.01783889 -0.01746655 -0.00767134 0.02858147
713.0  -0.61326562 0.28679498 0.03178944 -0.00733131 0.02649546 -0.01438776 0.00234636 -0.01502077 -0.02240563 0.02664934
713.5  0.33357762 -0.32286048 -0.01954675 0.03770087 -0.01523561 -0.03990056 0.00846010 -0.01222573 -0.02881136 0.01751247
714.0  0.92887724 0.10863040 -0.01396101 -0.03042212 -0.02615010 -0.04970342 -0.02077353 -0.00897899 -0.01733282 0.01001127
714.5  0.54921792 0.16670445 0.03404712 -0.01840210 -0.01778829 -0.03197558 -0.02697564 0.00075044 -0.00249568 0.00075960
715.0  -0.39570213 -0.33050285 -0.01981560 0.03891883 0.01225739 0.00359666 -0.01621129 0.00349082 0.00791563 -0.01006744
715.5  -0.92921952 0.28860777 -0.01454682 -0.01409031 0.03160484 0.03975317 0.00372347 0.00405608 0.00918767 -0.01932902
716.0  -0.55038543 -0.05473422 0.03485073 -0.02613143 0.01431399 0.05154297 0.01869621 0.00252723 0.00166986 -0.02944785
716.5  0.36314574 -0.18931621 -0.02286753 0.03763161 -0.02559421 0.03714023 0.02549099 -0.00024436 -0.00349555 -0.03471713
717.0  0.93101912 0.31861328 -0.01007696 0.00046756 -0.03393132 -0.00099404 0.02213103 -0.00021223 -0.00657237 -0.03661351
717.5  0.57357008 -0.30425285 0.03459141 -0.04044470 -0.00335970 -0.04206747 0.00850158 0.00763646 -0.00840876 -0.03393800
718.0  -0.35282729 0.10203970 -0.02581774 0.02578634 0.02642673 -0.05412033 -0.00568157 -0.00435585 -0.00652936 -0.02830807
718.5  -0.92579596 0.16592811 -0.00865450 0.02017740 0.02741702 -0.03811070 -0.01724935 0.00518234 -0.00299517 -0.01971188
719.0  -0.56112222 -0.31232296 0.03488019 -0.03977280 -0.00063191 0.00583382 -0.02059718 -0.00599963 -0.00167359 -0.01021525
719.5  0.37749112 0.30373894 -0.02781452 0.01240509 -0.02558907 0.05118364 -0.01482558 -0.00036009 0.00041352 0.00041171
720.0  0.92741189 -0.13040518 -0.00590791 0.03170484 -0.01832081 0.05842817 -0.00540871 0.00360593 0.00225960 0.01235621
720.5  0.58206869 -0.14191234 0.03557966 -0.03498701 0.01279868 0.03153150 0.01337796 -0.00369907 0.00346598 0.02220644
721.0  -0.30768968 0.31614021 -0.03298153 -0.01284822 0.02007484 -0.02064867 0.02298573 0.00770233 0.00294791 0.02938488
721.5  -0.91520630 -0.30381026 0.00013469 0.04189698 -0.00162256 -0.05984490 0.02081206 -0.00538688 0.00061623 0.03610224
722.0  -0.65388419 0.12040226 0.03415000 -0.01625412 -0.01779199 -0.05133804 0.01152708 0.00097989 -0.00313214 0.03529890
722.5  0.23654713 0.16035748 -0.03758896 -0.02970614 -0.01124965 -0.01864532 -0.01038110 0.00087985 -0.00475643 0.03455916
723.0  0.89982575 -0.33502392 0.00485274 0.03927428 0.01049702 0.02214022 -0.02795819 -0.00279819 -0.00497586 0.02932576
723.5  0.66255675 0.26244642 0.03456550 0.00073817 0.02225446 0.05032447 -0.03799304 0.00533294 -0.00410080 0.01912835
724.0  -0.26123886 0.00450258 -0.03615983 -0.04358312 0.00635373 0.04502559 -0.03857902 -0.00647056 -0.00270643 0.01196297
724.5  -0.91441533 -0.27106370 0.00120292 0.02933405 -0.01845936 0.02484457 -0.01629933 0.00380857 -0.00240524 0.00247791
725.0  -0.60629537 0.32652794 0.03303996 0.02042873 -0.02153001 0.01003512 0.02248663 -0.00135831 -0.00219096 -0.00929499
725.5  0.34115738 -0.13394857 -0.03301781 -0.04312889 0.00457746 0.00057780 0.05409437 0.00047782 -0.00317267 -0.01772386
726.0  0.92931476 -0.15222583 0.00060848 0.01351094 0.02113375 -0.00059809 0.06472634 0.00685920 -0.00301570 -0.02848719
726.5  0.54217020 0.33569032 0.03134035 0.03430801 0.01430019 -0.00433627 0.04809798 -0.00383007 -0.00416885 -0.03695053
727.0  -0.40979615 -0.27386841 -0.03067770 -0.03900199 -0.00600098 -0.01389713 0.01305784 0.00694655 -0.00408272 -0.03818128
727.5  -0.93485362 0.01590785 -0.00211105 -0.00635319 -0.02550778 -0.02128707 -0.02118211 -0.00497412 -0.00203494 -0.03516414
728.0  -0.45462052 0.23247196 0.03228375 0.04360964 -0.01256128 -0.03107639 -0.04404179 -0.00393067 -0.00115539 -0.02774554
728.5  0.53312078 -0.33375905 -0.02915861 -0.03038284 0.01841165 -0.04642452 -0.04188169 -0.00499689 -0.00422170 -0.01932825
729.0  0.92446936 0.22395197 -0.00510309 -0.01696100 0.02503483 -0.04229162 -0.02556585 -0.00772488 -0.00365596 -0.00742762
729.5  0.30624150 0.05554494 0.03423687 0.04713729 0.00226990 -0.01192364 -0.02268841 0.00519931 -0.00345609 0.00379762
730.0  -0.63014171 -0.28349005 -0.03048172 -0.01704294 -0.02022136 0.02646624 -0.00926545 -0.00909096 0.00187517 0.01505795
730.5  -0.91497817 0.32238834 -0.00320784 -0.03370768 -0.01872863 0.05261950 0.01051328 0.00214251 0.01336872 0.02489664
731.0  -0.27909096 -0.20747290 0.03535223 0.03648398 0.00325412 0.05175443 0.03073153 -0.00403647 0.01543807 0.03039872
731.5  0.61273808 -0.03645604 -0.03427425 0.00217663 0.02422510 0.01767133 0.03329842 -0.00445075 0.01687318 0.03564422
732.0  0.92095830 0.27755403 0.00117939 -0.03736683 0.01530651 -0.02247350 0.00738857 0.00730744 0.01094751 0.03482707
732.5  0.37400925 -0.33190425 0.03169345 0.02750918 -0.01616818 -0.04311741 -0.02657513 -0.00598059 -0.00103911 0.02828447
733.0  -0.53761627 0.19341750 -0.03486316 0.01970660 -0.02693956 -0.03759909 -0.04432575 0.00435971 -0.00927632 0.02333964
733.5  -0.93428086 0.06794692 0.00354073 -0.04461134 -0.00227827 -0.00686032 -0.03684220 -0.00170101 -0.01941289 0.01514900
734.0  -0.42632184 -0.30673211 0.03222115 0.01587210 0.02111919 0.02457441 -0.00709170 -0.00303329 -0.02283656 0.00666158
734.5  0.49197421 0.31174309 -0.03396718 0.03098635 0.02474374 0.03748024 0.02676238 0.00564772 -0.01921848 -0.00118106
735.0  0.93576508 -0.07591336 -0.00041213 -0.03847808 0.00322576 0.03021426 0.04588943 -0.00552153 -0.01129841 -0.01031659
735.5  0.48215634 -0.20842960 0.03509864 0.00721882 -0.02725911 0.00295757 0.03718424 0.00775403 0.00125658 -0.01717281
736.0  -0.41844557 0.33954350 -0.03258940 0.03354447 -0.02701731 -0.02322603 0.00538180 -0.00546438 0.01331523 -0.02370947
736.5  -0.92906320 -0.21768237 -0.00357614 -0.03643753 0.00530814 -0.03182882 -0.02990986 0.00146544 0.01789781 -0.02938934
737.0  -0.60794416 -0.05821528 0.03490632 -0.00469769 0.03165897 -0.02327433 -0.04910097 0.00107321 0.02174030 -0.03303669
737.5  0.25219998 0.29082253 -0.03224828 0.03669812 0.01951615 0.00029856 -0.03728234 -0.00674463 0.01652349 -0.03386665
738.0  0.88838519 -0.32808154 -0.00199137 -0.02546535 -0.01510090 0.02423953 -0.00442288 0.00748098 0.00470100 -0.02968696
738.5  0.72658494 0.13327004 0.03390471 -0.01684622 -0.03113407 0.03710703 0.02679794 -0.00370530 -0.00445212 -0.02587363
739.0  -0.11187229 0.13839332 -0.03261058 0.04224209 -0.01588104 0.03445017 0.03957435 0.00149431 -0.01817541 -0.01358530
739.5  -0.85259089 -0.31456229 -0.00174072 -0.01399946 0.02064922 0.01267309 0.03441986 0.00309593 -0.02644995 -0.00293718
740.0  -0.77502948 0.31092035 0.03436523 -0.03010747 0.03482242 -0.02136214 0.01960097 -0.00594026 -0.02005267 0.00331718
740.5  0.02855154 -0.10575871 -0.03282535 0.04009285 0.00909216 -0.04796956 0.00468116 0.00220946 -0.00491864 0.01100066
741.0  0.80212371 -0.14963525 0.00058497 -0.00002542 -0.02700086 -0.04597637 -0.01107667 -0.00089867 0.02017017 0.01984361
741.5  0.84185788 0.29943739 0.03156195 -0.04219734 -0.02799293 -0.01575664 -0.02341584 0.00269530 0.03456808 0.02764640
742.0  0.10300846 -0.32873210 -0.03732162 0.02646182 0.00519270 0.02400547 -0.02357419 0.00608807 0.02870762 0.03302892
742.5  -0.72403903 0.18909523 0.00888486 0.02080310 0.03236198 0.04823129 -0.02048062 0.00085853 0.01082743 0.03425619
743.0  -0.88113924 0.06832980 0.02861394 -0.04152861 0.01848958 0.03810249 -0.00279660 -0.00596515 -0.01252380 0.02854368
743.5  -0.18386375 -0.26596103 -0.03954009 0.00936098 -0.02000071 0.00581715 0.01700704 0.00896621 -0.02692539 0.01995153
744.0  0.71791491 0.32912378 0.01245341 0.03545130 -0.03036462 -0.02912242 0.02886487 -0.00895132 -0.03023552 0.01047026
744.5  0.86657195 -0.21131182 0.02689799 -0.03580236 -0.00399944 -0.04785675 0.02900056 0.00376751 -0.02598524 0.00253081
745.0  0.08703137 -0.07208724 -0.03960991 -0.00593344 0.02156351 -0.03443173 0.01294785 -0.00037122 -0.01401536 -0.00275196
745.5  -0.78885175 0.30544640 0.00915381 0.04176913 0.02721234 -0.00439163 -0.00846110 -0.00361024 0.00197414 -0.01043838
746.0  -0.80243936 -0.30826374 0.03092081 -0.02854192 0.00250025 0.02553401 -0.02684887 0.00749043 0.02054421 -0.02234824
746.5  0.07269036 0.09921689 -0.03675828 -0.00962257 0.02341890 0.04616699 -0.03027906 -0.00492815 0.02901403 -0.03260387
747.0  0.86473851 0.18908793 0.00198515 0.03913873 -0.02006347 0.03800682 -0.02376710 0.00223091 0.02963085 -0.03782402
747.5  0.71074428 -0.34370761 0.03788173 -0.02382910 -0.00645817 0.01070369 -0.00956928 0.00056625 0.02265447 -0.03866526
748.0  -0.21981882 0.21791892 -0.03538773 -0.02228735 0.02526694 -0.01970367 0.00820435 -0.00739640 0.00960546 -0.03578075
748.5  -0.91303192 0.08639402 -0.00800693 0.04110881 -0.01537505 -0.04352676 0.02064517 0.00859612 -0.00540916 -0.03262817
749.0  -0.57168668 -0.31840127 0.04404052 -0.01359290 -0.00977244 -0.04293549 0.02348234 -0.00824995 -0.02151130 -0.02780275
749.5  0.43545614 0.27900628 -0.02953163 -0.02692357 0.02527965 -0.02146285 0.01520714 0.00760804 -0.03234196 -0.02136173
750.0  0.93344222 0.00563611 -0.02082437 0.03848439 -0.01452153 0.00749335 0.00199452 -0.00348705 -0.03418115 -0.01455334
750.5  0.34463032 -0.27663615 0.04658649 -0.00711508 -0.00981361 0.03503402 -0.01330971 0.00027002 -0.02746105 -0.00820400
751.0  -0.63131992 0.32173297 -0.01989626 -0.02861042 0.02418015 0.04795774 -0.02156562 0.00422671 -0.01186720 -0.00122538
751.5  -0.90472015 -0.13724728 -0.02724582 0.03116513 -0.01438053 0.03155796 -0.01482388 -0.00824090 0.00755762 0.01022804
752.0  -0.23731902 -0.14770506 0.04683629 0.00276341 -0.01353890 -0.00213819 -0.00395248 0.00619393 0.02401866 0.01906472
752.5  0.65484202 0.32691079 -0.02056130 -0.03628333 0.02522107 -0.03687625 0.00429453 -0.00756614 0.03119413 0.02706105
753.0  0.91177593 -0.29780799 -0.02551417 0.02024937 -0.00595799 -0.05262880 0.00339099 0.00287281 0.03183590 0.03029956
753.5  0.27726738 0.12560155 0.04668848 0.02309002 -0.02221114 -0.03002893 -0.00027639 0.00004177 0.02388407 0.03645905
754.0  -0.63162340 0.12721743 -0.02463205 -0.03087045 0.02714592 0.01088191 0.00588980 -0.00438986 0.01307148 0.03390111
754.5  -0.90830584 -0.32528565 -0.02067971 0.00170255 0.00282404 0.04386816 0.01595084 0.00625405 0.00165207 0.02941912
755.0  -0.26053269 0.30988615 0.04584000 0.02420268 -0.03282567 0.04779832 0.01940264 -0.00803040 -0.00974490 0.02278721
755.5  0.67349870 -0.11963925 -0.02443255 -0.02644161 0.02157412 0.02012043 0.00871196 0.00714803 -0.01913248 0.01320326
756.0  0.89045264 -0.13064335 -0.02241302 -0.00658142 0.01394777 -0.01886472 -0.00732111 -0.00454596 -0.02668473 0.00463996
756.5  0.15251085 0.32518286 0.04564304 0.03095161 -0.03444169 -0.04620561 -0.02025652 0.00246462 -0.03000599 -0.00236391
757.0  -0.73645769 -0.30674774 -0.02031207 -0.01242127 0.01818922 -0.04352672 -0.02270473 0.00220358 -0.02779641 -0.01209113
757.5  -0.85691948 0.07745407 -0.02822054 -0.00377285 0.02654905 -0.01257270 -0.01061060 -0.00484770 -0.02171622 -0.02124693
758.0  -0.08262172 0.18491033 0.04634669 -0.01443463 -0.03600279 0.02564118 0.00318074 0.00386870 -0.00826012 -0.02846239
758.5  0.78433590 -0.33191417 -0.01668039 0.00664278 0.01074603 0.04911972 0.01079873 -0.00372789 0.00604744 -0.03346689
759.0  0.81570715 0.25642553 -0.03134916 0.01257403 0.02339850 0.04561533 0.00971780 0.00269824 0.01866888 -0.03650486
759.5  -0.04534855 0.02645124 0.04627695 -0.01682689 -0.03125616 0.01846652 0.00541359 -0.00204221 0.02846865 -0.03574218
760.0  -0.86328530 -0.29171788 -0.00692483 0.00613807 0.00747555 -0.01417711 0.00984918 0.00028643 0.03220477 -0.03477392
760.5  -0.68689745 0.31189412 -0.04026027 0.01034772 0.02301002 -0.03641424 0.02184017 -0.00210466 0.02853314 -0.03756526
761.0  0.28930201 -0.07291279 0.03830587 -0.01726102 -0.03263456 -0.04148987 0.02628135 -0.00429897 0.02180299 -0.03566201
761.5  0.92682356 -0.22536138 0.00837113 0.00338888 0.00939487 -0.03098410 0.02266894 0.00506192 0.00691017 -0.03204466
762.0  0.54079894 0.33832735 -0.04538633 0.01239652 0.02352316 -0.00994247 0.00834617 -0.00227549 -0.01199154 -0.02546533
762.5  -0.40274312 -0.20039221 0.03023407 -0.01217314 -0.03205707 0.01429551 -0.01301950 0.00235777 -0.02811493 -0.01708691
763.0  -0.93182876 -0.06600666 0.01724749 -0.00238428 0.00484957 0.02973206 -0.02512897 0.00406518 -0.03936438 -0.00803837
763.5  -0.56987474 0.29305138 -0.04549629 0.01403178 0.03002322 0.02896615 -0.02709453 -0.00359902 -0.03794326 0.00306777
764.0  0.30897245 -0.33202398 0.03078483 -0.00797373 -0.03043704 0.01274920 -0.01726980 0.00291891 -0.02192230 0.01429097
764.5  0.90953848 0.17492430 0.01275623 -0.00744001 -0.00709374 -0.00990376 -0.00080231 -0.00090057 0.00769563 0.02449447
765.0  0.68732568 0.05990987 -0.04481531 0.01469396 0.03401068 -0.03265161 -0.01556031 -0.01307176 0.03039636 0.03468607
765.5  -0.15620104 -0.27500893 0.03590566 -0.00885752 -0.02239808 -0.03577074 0.02919959 -0.01341419 0.03669881 0.03956876
766.0  -0.85133145 0.34563668 0.00669590 -0.01344447 -0.01382159 0.02144461 -0.01812621 -0.01968611 0.03210049 0.04124826
766.5  -0.79322049 -0.21806033 -0.04258716 0.02902603 0.02394439 -0.00726671 0.01259522 -0.01139532 0.01228283 0.04085938
767.0  -0.03274135 0.00833694 0.04118697 -0.00865328 -0.00774472 -0.03365781 0.00117547 0.00794970 -0.00917455 0.03671688
767.5  0.75190091 0.20650399 -0.00328902 -0.02849569 -0.00747292 -0.03842104 -0.01942739 0.02145947 -0.02515513 0.02742649
768.0  0.88576071 -0.34248644 -0.03654323 0.02727647 0.01237149 -0.01943409 0.02374288 0.02780207 -0.03149371 0.01556829
768.5  0.27700317 0.29509785 0.04642091 0.01330393 -0.00295325 0.01234878 -0.01461140 0.02230201 -0.02489231 0.00042258
769.0  -0.58390164 -0.11680519 -0.01644436 -0.03344545 -0.01023149 0.03612405 -0.00258914 0.00589650 -0.01263995 -0.01380203
769.5  -0.93245535 -0.11636239 -0.02897669 0.00971449 0.00852618 0.03622215 0.01983996 -0.01217438 0.00163846 -0.02781979
770.0  -0.39814239 0.31511517 0.04605910 0.02474572 0.00349590 0.01624275 -0.02445251 -0.02684206 0.01204250 -0.03746204
770.5  0.54433172 -0.31509945 -0.01788936 -0.02980886 -0.01074239 -0.01372796 0.01430886 -0.03302045 0.01806099 -0.04400926
771.0  0.92553381 0.09471527 -0.02938269 -0.00119006 0.00567939 -0.03406182 -0.00234985 -0.02625562 0.02236526 -0.04763420
771.5  0.28521794 0.18659354 0.04460033 0.03022943 0.00603359 -0.03847341 -0.01425577 -0.01438481 0.02304314 -0.04871055
772.0  -0.67693365 -0.33618303 -0.00839042 -0.02624988 -0.01305070 -0.02633683 0.02166497 0.00010676 0.01766760 -0.04643353
772.5  -0.88008700 0.23887539 -0.03616145 -0.00771381 0.00589308 0.00189295 -0.02327506 0.01506603 0.00431242 -0.04051553
773.0  -0.12259262 0.03766604 0.04195669 0.03361553 0.01227395 0.02767270 0.01447048 0.01647919 -0.01245555 -0.03093857
773.5  0.76246349 -0.28261656 -0.00257601 -0.01882389 -0.01411758 0.04144907 0.00241384 0.00941473 -0.02885025 -0.01863888
774.0  0.83731831 0.32717505 -0.04067940 -0.01630652 -0.00098776 0.03188090 -0.02184494 0.00002709 -0.03545937 -0.00459418
774.5  0.02798889 -0.14163430 0.03915777 0.03053575 0.01218456 0.00428327 0.02383860 -0.01075562 -0.02775158 0.00756842
775.0  -0.81333639 -0.14500731 0.00382644 -0.01100621 -0.01173869 -0.02752970 -0.01515997 -0.01529528 -0.01840495 0.02033271
775.5  -0.78637286 0.32242911 -0.04265483 -0.02088642 -0.00392540 -0.04246844 0.00407730 -0.01197072 -0.00363300 0.03131660
776.0  0.09455529 -0.28256684 0.03564376 0.02683600 0.01993547 -0.03618597 0.01660937 -0.00302521 0.01299561 0.04060450
776.5  0.86956546 0.05042430 0.01072930 -0.00290666 -0.01038043 -0.00978840 -0.02459201 0.00585048 0.02264127 0.04760775
777.0  0.70874252 0.22438021 -0.04628719 -0.02402195 -0.01134166 0.02424486 0.01741692 0.01339774 0.03033136 0.05070247
777.5  -0.18979004 -0.33849519 0.03380477 0.02244216 0.02213569 0.04447912 -0.00553776 0.01570172 0.03181381 0.05142071
778.0  -0.89159796 0.24551580 0.01312725 0.00409820 -0.00486284 0.03892711 -0.01382625 0.01254519 0.02472834 0.04624930
778.5  -0.70547632 -0.03539744 -0.04776580 -0.02700859 -0.01682295 0.00476283 0.02682701 0.00793294 0.01525138 0.03743838
779.0  0.15224051 -0.20717676 0.03740790 0.01506838 0.01272241 -0.03386713 -0.01590167 -0.00060582 0.00125704 0.02313261
779.5  0.85850833 0.34165090 0.00813438 0.01580047 0.00253746 -0.04599921 -0.00097747 -0.00622368 -0.01388849 0.00463344
780.0  0.76457490 -0.27693354 -0.04468966 -0.02583317 -0.01487394 -0.02688374 0.01901211 -0.00599378 -0.02439525 -0.01383661
780.5  -0.07629414 0.07892208 0.03957310 0.00167304 0.01224617 0.00773520 -0.03054816 -0.00537062 -0.03054305 -0.02775977
781.0  -0.84914734 0.17189635 0.00511723 0.02350349 0.00694609 0.03882679 0.01703881 0.00027190 -0.02863833 -0.03923498
781.5  -0.75395866 -0.33976760 -0.04512095 -0.01867752 -0.01719755 0.04597285 0.00226134 0.00513504 -0.01968823 -0.04609151
782.0  0.11467166 0.27340215 0.03786074 -0.00929641 0.00665827 0.02901404 -0.01880460 0.00308821 -0.00825616 -0.05021474
782.5  0.86623307 -0.03007053 0.00985053 0.02812711 0.00967160 -0.00172727 0.02603206 0.00305118 0.00841919 -0.05395349
783.0  0.74476289 -0.21741167 -0.04711704 -0.01655516 -0.01413359 -0.03604372 -0.02195746 0.00071923 0.02180402 -0.05173602
783.5  -0.09666002 0.33825284 0.03596045 -0.01999392 0.00519611 -0.04902029 0.00918424 -0.00304633 0.02994355 -0.04675240
784.0  -0.83449280 -0.24365770 0.01175599 0.03066169 0.00901160 -0.04210823 0.01326952 -0.00154114 0.02956193 -0.03882599
784.5  -0.80826502 -0.01064153 -0.04659183 -0.00702279 -0.01189977 -0.00974851 -0.02265108 -0.00503265 0.01553155 -0.02781210
785.0  -0.04829017 0.25225502 0.03664797 -0.01970440 0.01459044 0.02858186 0.02813132 -0.00383774 -0.00056982 -0.01365190
785.5  0.75896999 -0.33548429 0.00994219 0.02440860 -0.01669853 0.05379235 -0.01377474 -0.00454789 -0.01255290 0.00324422
786.0  0.86808500 0.19969254 -0.04741284 -0.00409356 -0.01315986 0.05098552 0.00546828 0.00366094 -0.02344165 0.01950895
786.5  0.16589005 0.06974697 0.03570886 -0.01908622 0.02728174 0.02495231 0.00914909 0.00351011 -0.02712336 0.03668604
787.0  -0.69464217 -0.29102945 0.01318150 0.01955421 -0.00961968 -0.01196358 -0.02072865 -0.00689526 -0.02246592 0.04789109
787.5  -0.89818477 0.32583534 -0.04702440 0.00435053 -0.01987013 -0.04316817 0.02751745 -0.00660438 -0.01277441 0.05574358
788.0  -0.26981779 -0.14839264 0.03598143 -0.02699866 0.02213229 -0.05110549 -0.01047942 -0.01643718 -0.00149250 0.05766567
788.5  0.60014680 -0.11020331 0.00755938 0.01158513 0.00401042 -0.03469558 0.00025862 -0.01369738 0.01263364 0.05200495
789.0  0.93188790 0.29176877 -0.04382833 0.01849247 -0.02450118 0.00048138 0.01379921 -0.00635707 0.02380628 0.03929677
789.5  0.43558547 -0.33188889 0.03961216 -0.02236442 0.01321261 0.03516903 -0.02485570 0.00364889 0.02910630 0.02215128
790.0  -0.44455834 0.19066808 -0.00242725 -0.00355534 0.01958874 0.04751101 0.01868799 0.01581216 0.02637482 0.00011203
790.5  -0.93213456 0.06009545 -0.03679844 0.02655489 -0.02368416 0.03794858 -0.00359376 0.02063697 0.01635729 -0.01964753
791.0  -0.53156409 -0.26291566 0.04115042 -0.01191292 -0.00507305 0.00935818 -0.01135582 0.02089211 0.00183088 -0.03452276
791.5  0.42795901 0.33280999 -0.00612691 -0.01950314 0.02477811 -0.02165711 0.02292661 0.01398846 -0.01306745 -0.04667699
792.0  0.93375204 -0.20672192 -0.03524400 0.02777636 -0.01555871 -0.03833750 -0.02251115 -0.00084013 -0.02444770 -0.05406440
792.5  0.40026873 -0.07299095 0.04048854 0.00371273 -0.00886255 -0.04109574 0.00970804 -0.01422128 -0.02921581 -0.06113912
793.0  -0.58944416 0.29518687 -0.00242446 -0.02983406 0.02196257 -0.02094332 0.00250609 -0.02373851 -0.02750465 -0.06041614
793.5  -0.91061748 -0.31632078 -0.03717649 0.02103453 -0.00902249 0.01014791 -0.01400781 -0.02532930 -0.02016391 -0.05378484
794.0  -0.19728206 0.14925481 0.03803573 0.01408106 -0.01413897 0.03412667 0.02431628 -0.01908802 -0.00791646 -0.04524398
794.5  0.73082388 0.12005734 -0.00124278 -0.02947886 0.01578957 0.04363101 -0.01920040 -0.00899739 0.00563698 -0.03291863
795.0  0.84849938 -0.32117328 -0.03746285 0.00880832 -0.00039698 0.02808885 0.00750502 0.00246175 0.01707711 -0.01674248
795.5  0.03484226 0.30170411 0.03608727 0.02246090 -0.01309734 -0.00325799 0.00902143 0.01780923 0.02297185 -0.00099346
796.0  -0.82314409 -0.08331110 0.00212112 -0.02661079 0.00876685 -0.03017652 -0.02033404 0.03399096 0.01869632 0.01862303
796.5  -0.75972414 -0.18931323 -0.03705730 -0.00114582 0.00639931 -0.04165037 0.02808096 0.03939097 -0.00826020 0.03469340
797.0  0.16431734 0.33639869 0.03191340 0.03168930 -0.00928026 -0.03153487 -0.01737401 0.02215666 -0.02590819 0.04557629
797.5  0.90029395 -0.24327930 0.00916865 -0.02105560 0.00151775 -0.00704388 0.00230367 -0.00060788 -0.01599259 0.05509615
798.0  0.62395585 -0.02199536 -0.03919354 -0.01674150 0.00424887 0.02180056 0.01378943 -0.01462382 0.00371152 0.06229891
798.5  -0.33449876 0.26744401 0.02737731 0.03676185 -0.00367161 0.03482446 -0.02672761 -0.02346288 0.02487875 0.06358601
799.0  -0.92599415 -0.33628766 0.01205711 -0.01346324 -0.00144657 0.02679559 0.02015509 -0.02556389 0.04156820 0.05683190
799.5  -0.56951995 0.19355329 -0.03975994 -0.02825236 -0.00015610 0.00463587 -0.01645393 -0.01089397 0.03838206 0.04134221
800.0  0.34157717 0.05152960 0.02922886 0.03773794 0.00418593 -0.01889795 -0.00351580 0.00184003 0.02296527 0.01864150
800.5  0.92167542 -0.26014976 0.00844593 0.00330329 -0.00113399 -0.02960945 0.02065525 0.01308413 -0.00722382 -0.00461894
801.0  0.62014016 0.34172114 -0.03706857 -0.03824509 -0.00725395 -0.02294986 -0.02082612 0.01244367 -0.04140830 -0.02510395
801.5  -0.27893061 -0.23171994 0.03405394 0.02442376 0.00784063 0.00394626 0.02250593 -0.00703166 -0.04603522 -0.04461935
802.0  -0.91261001 -0.00978418 0.00244101 0.01415997 0.01552761 0.02161525 -0.00577365 -0.01504320 -0.03895783 -0.05660690
802.5  -0.61858464 0.23247967 -0.03718968 -0.00095162 -0.04256911 0.02760947 -0.01648455 -0.01473294 -0.01554607 -0.06197061
803.0  0.32870762 -0.33677427 0.03736309 -0.00317111 0.00912714 0.02225218 0.02170714 -0.00583233 0.01397458 -0.06199484
803.5  0.92416102 0.25318963 -0.00234445 -0.00091474 0.03580799 -0.00327240 -0.02333611 0.01028454 0.03120227 -0.05325939
804.0  0.55442238 -0.00836341 -0.03671559 0.00429459 -0.03622511 -0.02454519 0.01791463 0.01506423 0.04287789 -0.03948658
804.5  -0.38746807 -0.22605883 0.04093026 -0.00194466 -0.00792015 -0.03580694 -0.00032905 0.01516119 0.04006183 -0.02004669
805.0  -0.93430795 0.33063547 -0.00648666 -0.00427994 0.04145797 -0.03110844 -0.01649721 0.00765850 0.02385786 0.00167090
805.5  -0.51854657 -0.26462111 -0.03285283 0.00406138 -0.02196095 -0.01420730 0.02643276 -0.00180049 0.00301437 0.01955495
806.0  0.42918295 0.03358622 0.04308281 0.00010395 -0.02604125 0.00948173 -0.02712688 -0.00801897 -0.02259696 0.03881885
806.5  0.93326671 0.22484137 -0.01244870 -0.00540576 0.03938513 0.02793460 0.01655813 -0.01274682 -0.03831411 0.05212656
807.0  0.44771095 -0.33566694 -0.03106750 0.00426136 -0.00270008 0.03724359 0.00669535 -0.01252977 -0.04259868 0.06064268
807.5  -0.53127513 0.23411380 0.04249063 0.00686850 -0.03579810 0.03400036 -0.01605424 -0.00944726 -0.03886560 0.06098407
808.0  -0.92565889 0.02500689 -0.01055971 -0.00920974 0.03358868 0.01672460 0.02646558 -0.00427885 -0.02311467 0.05337213
808.5  -0.29478882 -0.27377486 -0.03235939 0.00013375 0.00637475 -0.00428405 -0.02899561 0.00434229 -0.00090779 0.04331760
809.0  0.65648984 0.33065281 0.04036628 0.01225148 -0.04010167 -0.02402681 0.01982974 0.00870975 0.02287363 0.02778147
809.5  0.89435570 -0.16638931 -0.00630857 -0.00991163 0.02564175 -0.03185512 -0.00341795 0.00620327 0.04459203 0.00678488
810.0  0.19240480 -0.10384164 -0.03282353 -0.00956059 0.01846837 -0.02675843 -0.00975707 -0.00121286 0.05456872 -0.01321267
810.5  -0.69848681 0.30521670 0.04113838 0.01637790 -0.04027311 -0.01376658 0.02472282 -0.01105825 0.04561522 -0.03298686
811.0  -0.88824180 -0.31628984 -0.01064582 -0.00299801 0.00969842 0.00537635 -0.02862541 -0.01548826 0.02224564 -0.04783219
811.5  -0.19139507 0.14736004 -0.03215504 -0.01712531 0.03396169 0.01789683 0.01988349 -0.00244226 -0.00969292 -0.06029294
812.0  0.70064946 0.11156182 0.04323687 0.01890821 -0.02825917 0.02575720 -0.00992316 -0.00751857 -0.03568288 -0.06109122
812.5  0.87929906 -0.31369563 -0.01215725 0.00490622 -0.00992907 0.02141749 -0.01025633 -0.02366746 0.04896796 -0.05436723
813.0  0.14999503 0.31188661 -0.02992008 -0.02801520 0.02985467 0.01067651 0.02963216 -0.01148939 -0.04522909 -0.04158014
813.5  -0.74082503 -0.12031736 0.04332825 0.01637809 -0.01846197 0.00046408 -0.03190574 0.00378003 0.03247014 -0.02733600
814.0  -0.85902592 -0.13050992 -0.01260265 0.02013004 -0.01335964 -0.00909181 0.02108886 0.01916003 -0.01056075 -0.00965554
814.5  -0.10066617 0.31761062 -0.03022262 -0.03757503 0.03031848 -0.01808873 -0.00346940 0.03114556 -0.01933274 0.01202947
815.0  0.74474719 -0.31521391 0.04279176 0.00443239 -0.00703640 -0.02207446 -0.00862514 0.03100210 0.03790225 0.03054601
815.5  0.86731493 0.12039268 -0.01357078 0.03930515 -0.01525016 -0.01178925 0.02976427 0.01817058 -0.04684159 0.04488050
816.0  0.15624176 0.12609770 -0.02778368 -0.03098050 0.01387123 0.00040051 -0.03000774 -0.00078626 0.04094984 0.05624601
816.5  -0.70654524 -0.30738400 0.04222481 -0.01177439 -0.00187320 0.01142394 0.01947388 -0.01979907 -0.01959775 0.06181181
817.0  -0.88938294 0.31928392 -0.01439131 0.03981016 -0.00836584 0.02142241 0.00323425 -0.02921370 -0.00968813 0.06179306
817.5  -0.22447742 -0.12093835 -0.02728978 -0.02043787 0.00552341 0.01615668 -0.02326199 -0.02924651 0.03461980 0.05785666
818.0  0.65782793 -0.14925720 0.04165731 -0.02667411 0.00059231 0.00240917 0.02857505 -0.01728439 -0.04871117 0.05158517
818.5  0.91090533 0.31877126 -0.01322033 0.04079863 -0.00485940 -0.00856179 -0.01831268 0.00275580 0.04508900 0.04332189
819.0  0.29801542 -0.29676963 -0.02820536 -0.00405907 0.00328377 -0.02367867 0.00053020 0.01891127 -0.02263498 0.03329587
819.5  -0.58274786 0.08539800 0.04102885 -0.03966283 0.00588240 -0.02128315 0.00725973 0.03384187 -0.00857256 0.01936062
820.0  -0.93054395 0.17697967 -0.01411164 0.03893659 -0.00936443 -0.00865671 -0.02550794 0.02221424 0.03242426 0.00407691
820.5  -0.45999104 -0.32790816 -0.02584465 0.00889842 -0.00033334 0.01155989 0.01757043 0.00401831 -0.04700364 -0.01323645
821.0  0.40349111 0.29381508 0.04100728 -0.04177636 0.01943967 0.02275755 -0.00907207 -0.00922429 0.04303357 -0.02966854
821.5  0.92229878 -0.09539956 -0.02021315 0.01635300 -0.01897820 0.02144279 -0.01240055 -0.03257142 -0.02460589 -0.04257036
822.0  0.64532016 -0.15288479 -0.01818906 0.02399967 -0.01259591 0.01131680 0.02529900 -0.02902998 -0.00052535 -0.05333162
822.5  -0.21333291 0.32044437 0.03923588 -0.02607095 0.03458821 -0.01222372 -0.02828039 -0.01865270 0.02294435 -0.05928347
823.0  -0.88269728 -0.30739040 -0.02179885 -0.00049685 -0.01230241 -0.02441324 0.01938881 -0.00285053 -0.03870464 -0.05858333
823.5  -0.71805206 0.10618947 -0.01557550 0.02152193 -0.02832028 -0.02517549 0.00415408 0.01325301 0.04430459 -0.05365176
824.0  0.14604220 0.14752417 0.03690565 -0.01584481 0.03358723 -0.01164400 -0.02019092 0.02668088 -0.03850858 -0.04534377
824.5  0.87059906 -0.31288644 -0.02258169 -0.00966335 0.00144661 0.01314523 0.02807225 0.03208924 0.02537955 -0.03386514
825.0  0.74031026 0.31747690 -0.01457829 0.02145228 -0.03754248 0.02527391 -0.02255377 0.02916339 -0.00926517 -0.01666808
825.5  -0.10525515 -0.13808435 0.03622680 -0.00190057 0.03101322 0.02353166 0.00076359 0.01709657 -0.01114204 0.00029550
826.0  -0.85233443 -0.11462409 -0.02329461 -0.01664233 0.01549637 0.00548851 0.01877745 0.00054858 0.02973543 0.01921652
826.5  -0.75637313 0.29262563 -0.01156737 0.01248388 -0.04277360 -0.01966967 -0.02946727 -0.01513059 -0.04013426 0.03582216
827.0  0.12597346 -0.32542185 0.03652258 0.00423585 0.01889778 -0.02955431 0.02343418 -0.02684023 0.04672564 0.04757640
827.5  0.87837391 0.16742502 -0.02368540 -0.01774286 0.02238425 -0.02483372 0.00015469 -0.02961795 -0.04304148 0.05364837
828.0  0.67254360 0.11216333 -0.01441185 0.01098714 -0.03613088 -0.00433411 -0.02158642 -0.02853022 0.02989769 0.05555261
828.5  -0.29239000 -0.31079766 0.03813789 0.00902281 0.01170992 0.01992496 0.03365738 -0.02008723 -0.01770462 0.05472262
829.0  -0.92986726 0.30320890 -0.02026281 -0.01945281 0.02620399 0.03165556 -0.02773635 -0.01093764 -0.00010499 0.05052216
829.5  -0.49709185 -0.10411858 -0.02010115 0.01031509 -0.03597564 0.02801075 0.00430587 -0.00333880 0.01715061 0.04394678
830.0  0.49445968 -0.17241013 0.03841002 0.01426144 0.00589396 0.00963380 0.01915729 0.01006654 -0.02999847 0.03504680
830.5  0.92971324 0.33683209 -0.01541945 -0.02254034 0.03064143 -0.01704704 -0.03274031 0.01889381 0.03982947 0.02408572
831.0  0.36532232 -0.27277548 -0.02287017 0.00386116 -0.03246089 -0.03028779 0.03029212 0.03187141 -0.04444280 0.01195021
831.5  -0.58175401 0.04083730 0.03833129 0.01647765 -0.00441118 -0.02700267 -0.00325957 0.03386441 0.04478779 -0.00134722
832.0  -0.92182046 0.21508959 -0.01372256 -0.01929429 0.03387040 -0.00834896 -0.01879231 0.03051357 -0.03184764 -0.01841953
832.5  -0.30023064 -0.33823839 -0.02573323 -0.00139623 -0.02225685 0.01996746 0.03175407 0.01447763 0.01901970 -0.03192731
833.0  0.64138566 0.23627090 0.03906840 0.02446987 -0.00597842 0.03073120 -0.03152399 -0.00143683 0.00221441 -0.04185109
833.5  0.89929681 0.02613759 -0.00978092 -0.01662095 0.02885523 0.02837503 0.01086955 -0.01224800 -0.02213041 -0.04737020
834.0  0.19039774 -0.27196318 -0.03001445 -0.01195396 -0.02227848 0.01081118 0.01523301 -0.02328077 0.03924823 -0.05078255
834.5  -0.71197217 0.33264376 0.03713322 0.02790123 -0.01192762 -0.01254980 -0.03247163 -0.03122710 -0.04818286 -0.05278687
835.0  -0.88112688 -0.17572098 -0.00582224 -0.01160505 0.03285895 -0.02928234 0.03544013 -0.02836213 0.04814514 -0.05038952
835.5  -0.19983344 -0.07183356 -0.03010508 -0.02062781 -0.01273403 -0.03169933 -0.02221339 -0.02082058 -0.03592880 -0.04577813
836.0  0.65106620 0.27396665 0.03744214 0.02614514 -0.02255151 -0.01574296 -0.00382023 -0.00001008 0.00954117 -0.03626479
836.5  0.92147329 -0.34057191 -0.01153439 0.00234200 0.02924763 0.00869559 0.02263345 0.02580228 0.02471859 -0.02201695
837.0  0.41971811 0.22544992 -0.02538671 -0.02532239 0.00269817 0.03060959 -0.02705471 0.02646455 -0.05291256 -0.00341863
837.5  -0.43584552 -0.01107358 0.03886548 0.01673155 -0.03260959 0.02801155 0.03296904 0.01053154 -0.05591181 0.01631227
838.0  -0.92922592 0.20242186 -0.01709340 0.01326756 0.01751251 0.02468992 -0.00139776 -0.00772746 -0.02294327 0.03357787
838.5  -0.63180070 0.31263391 -0.01679844 -0.00301144 0.02718861 -0.01011443 -0.01912593 -0.00049192 0.01620136 0.04258094
839.0  0.22485639 0.27767282 0.03616351 -0.02967300 -0.02046941 -0.04298240 0.03327122 0.00291354 0.04503857 0.04859056
839.5  0.88937420 0.11615561 -0.02336170 0.01260555 -0.01391891 -0.05047272 -0.03150671 -0.00022891 0.05338988 0.05179661
840.0  0.74850337 -0.10058689 -0.01249706 0.02179237 0.02656277 -0.02570207 0.00549964 -0.00628015 0.04157043 0.05103807
840.5  -0.08263504 -0.27492879 0.03487327 -0.02415112 -0.00703538 0.01755501 0.01829532 -0.00696149 0.01582124 0.04559816
841.0  -0.83682543 -0.31467748 -0.02313680 -0.00068482 -0.02097468 0.05191003 -0.03268191 0.01106775 -0.00252596 0.03666618
841.5  -0.79970505 -0.18057089 -0.01055756 0.01915777 0.02830094 0.05384506 0.03184065 0.03193110 -0.00672776 0.02269047
842.0  0.01457154 0.07233236 0.03868645 -0.01656289 -0.00145437 0.02259506 -0.00634268 0.04338799 -0.00957112 0.00750645
842.5  0.82164878 0.30062927 -0.03356755 -0.00704491 -0.02864488 -0.02139703 0.01526850 0.04332054 -0.00994002 -0.00592699
843.0  0.75747004 0.33540459 -0.00879161 0.02179028 0.02897490 -0.05221799 0.02912481 0.03480384 -0.00923818 -0.01806543
843.5  -0.17517505 0.11389603 0.04146766 -0.00894580 -0.00417165 -0.05201229 0.02923499 0.02024243 -0.00813604 -0.02693886
844.0  -0.90677818 -0.21321907 -0.02515945 -0.00819578 -0.02829371 -0.02566836 0.01976288 0.00419106 -0.01063701 -0.03462193
844.5  -0.49218452 -0.36489004 -0.02404663 0.01641992 0.03224035 0.01138902 0.00395443 -0.01296350 -0.01090613 -0.04001502
845.0  0.56179071 -0.20273010 0.04178445 -0.01097605 -0.00854087 0.04323169 -0.01451672 -0.02958542 -0.01036756 -0.04498194
845.5  0.88680500 0.12617295 -0.00694625 -0.00705436 -0.02186287 0.05388512 -0.02415268 -0.04440537 -0.01173285 -0.04717023
846.0  0.09182719 0.34670978 -0.03571471 0.01757552 0.03613112 0.03499427 -0.02406593 -0.05038040 -0.01429823 -0.05033066
846.5  -0.80601190 0.30822234 0.03708850 -0.00587549 -0.01051488 -0.00547871 -0.01526720 -0.04868546 -0.01497632 -0.04383110
847.0  -0.74793635 0.05926997 0.00405607 -0.01161274 -0.02805674 -0.04375495 0.00182933 -0.03828358 -0.01142984 -0.03995237
847.5  0.16031508 -0.22957574 -0.03995197 0.01572972 0.03226510 -0.05321351 0.02096330 -0.01961940 -0.00099168 -0.03026233
848.0  0.87908170 -0.38293426 0.03341908 -0.00099121 -0.00209858 -0.02734717 0.02837651 0.00148135 0.00942867 -0.01898366
848.5  0.62355984 -0.30553363 0.00595588 -0.01551648 -0.02972130 0.01614656 0.01819478 0.02275978 0.01843472 -0.00349996
849.0  -0.30435286 -0.03392331 -0.04014267 0.01207450 0.02824656 0.04587523 -0.01310816 0.03777537 0.02752994 0.01160081
849.5  -0.89053194 0.27531178 0.03427825 0.00723643 0.00767923 0.04316021 -0.03509786 0.04365971 0.03025098 0.02601075
850.0  -0.53240435 0.43293715 -0.00012429 -0.01699774 -0.03536644 0.01012700 -0.03320044 0.03885712 0.02560907 0.03837629
850.5  0.35907354 0.34218606 -0.03279656 0.00568188 0.01755136 -0.02773844 -0.00803754 0.02308947 0.01186958 0.04392844
851.0  0.88059018 0.05931889 0.04235877 0.01537320 0.02289739 -0.04353768 0.02629548 -0.00064174 -0.00906431 0.04440304
851.5  0.56897262 -0.25128940 -0.01428070 -0.02047029 -0.02850654 -0.02626196 0.04349692 -0.02421646 -0.03070403 0.03628231
852.0  -0.24950326 -0.42817155 -0.02465086 -0.00655161 -0.00163943 0.00975074 0.03133388 -0.03718475 -0.04214749 0.01944460
852.5  -0.84851451 -0.39202275 0.04291272 0.03610470 0.01463507 0.03712957 -0.00106734 -0.03339301 -0.03370043 0.00128432
853.0  -0.71320942 -0.16619585 -0.02780002 -0.01541782 -0.00566843 0.03686607 -0.02808284 -0.01720917 -0.00764744 -0.01553567
853.5  0.06575729 0.13895535 -0.01219786 -0.02750793 -0.00025299 0.01030812 -0.03578409 0.00383913 0.02159971 -0.03108637
854.0  0.80756192 0.36262636 0.04164441 0.03525846 0.00237850 -0.02319151 -0.02421500 0.02702790 0.03693054 -0.04140612
854.5  0.76496769 0.36503325 -0.03130202 -0.00226258 -0.00286953 -0.04352314 -0.00272116 0.04101922 0.02593435 -0.04785336
855.0  -0.08657334 0.12718147 -0.01180303 -0.03377955 0.00044582 -0.04205395 0.01176809 0.04030650 0.00428774 -0.05120220
855.5  -0.85777978 -0.19555053 0.04276419 0.03190429 0.00569865 -0.01978955 0.02074644 0.02415207 -0.01751897 -0.04875491
856.0  -0.68005418 -0.36855675 -0.02499993 0.00492992 -0.00435729 0.01448946 0.02155664 0.00093150 -0.03185107 -0.04085396
856.5  0.25368542 -0.26196751 -0.02075140 -0.03544569 -0.00283114 0.04474928 0.01362459 -0.02058498 -0.03533021 -0.03305179
857.0  0.90600355 0.04214464 0.04257311 0.02869278 0.00723998 0.05517476 0.00353054 -0.03401404 -0.02795569 -0.02658721
857.5  0.57752123 0.31327850 -0.01685396 0.01221878 -0.00479971 0.04241612 -0.00241471 -0.03691472 -0.01264277 -0.01932267
858.0  -0.36493236 0.34712998 -0.02715475 -0.03577166 -0.00434103 0.01255251 -0.00164514 -0.03036716 0.00749936 -0.00966322
858.5  -0.91984417 0.11812906 0.04253628 0.01882773 0.01278495 -0.02184413 -0.00691213 -0.02189279 0.02872247 -0.00092000
859.0  -0.50622045 -0.19862602 -0.00913311 0.01327605 -0.00191765 -0.04522105 -0.01478914 -0.01310276 0.04334380 0.00848093
859.5  0.43899725 -0.36150317 -0.03410712 -0.03817484 -0.01110870 -0.05059380 -0.01908377 -0.00057521 0.04586838 0.01689041
860.0  0.92773723 -0.25584270 0.03926828 0.01580857 0.01073981 -0.03666380 -0.01587542 0.01458673 0.03278098 0.02405632
860.5  0.46450480 0.02137434 -0.00311963 0.02702705 0.00097490 -0.00765207 -0.00751591 0.02109738 0.00292499 0.02773901
861.0  -0.46241214 0.26083850 -0.03536571 -0.03150395 -0.01494173 0.02486270 -0.00550325 0.01185325 -0.03321507 0.03520585
861.5  -0.94097164 0.31756326 0.03788340 -0.00305621 0.01289733 0.04372502 -0.00838965 -0.03035398 -0.04584774 0.04018928
862.0  -0.55373922 0.19665932 -0.00460322 0.03210205 0.00851297 0.03799571 -0.01333651 -0.05320013 -0.02045221 0.04431891
862.5  0.31458866 0.00281083 -0.03282143 -0.01621754 -0.02020697 0.01075041 -0.00908560 -0.03550234 0.00622105 0.04203959
863.0  0.91796226 -0.15940333 0.04186915 -0.02284288 0.00374427 -0.01764349 0.00733570 0.00382882 0.02294275 0.03355135
863.5  0.77215945 -0.23670991 -0.01437225 0.02781795 0.02072397 -0.02972499 0.02932940 0.04114900 0.02346179 0.02042026
864.0  -0.01144947 -0.22252548 -0.02481903 0.00659708 -0.01237196 -0.02020967 0.03987618 0.05596097 0.00924095 0.00626353
864.5  -0.80020273 -0.13145600 0.04251802 -0.03203242 -0.01034806 0.00028028 0.02658707 0.04344202 -0.01207896 -0.00993365
865.0  -0.89383840 0.01316581 -0.02269863 0.01190007 0.01923766 0.01558857 -0.00431390 0.00940579 -0.02453578 -0.02346160
865.5  -0.15490531 0.16507901 -0.02031782 0.02318351 -0.00575987 0.01779261 -0.03583652 -0.02577010 -0.00816373 -0.03277952
866.0  0.74238884 0.24739670 0.04236927 -0.02622771 -0.01912337 0.00770573 -0.05226992 -0.03739791 0.01834985 -0.03887164
866.5  0.89541499 0.18319062 -0.01955897 -0.00217208 0.01981650 -0.00565139 -0.04436673 -0.03396753 0.03595503 -0.04245303
867.0  0.12426194 -0.02024325 -0.02422473 0.02997658 0.00513042 -0.01452330 -0.01453578 -0.02258545 0.04769331 -0.04413100
867.5  -0.77680876 -0.23216297 0.04219131 -0.02021493 -0.02357105 -0.01242031 0.02148972 -0.00523410 0.04490579 -0.04410035
868.0  -0.84504977 -0.27678039 -0.01142766 -0.01248671 0.01525796 -0.00097178 0.04589110 0.01351059 0.03143744 -0.04069886
868.5  0.00976018 -0.08930237 -0.03252031 0.02867871 0.01126057 0.01236402 0.04821519 0.02796148 0.01363945 -0.03858345
869.0  0.85542746 0.18476959 0.03725089 -0.00992803 -0.02776529 0.01658600 0.02853636 0.03460206 -0.00531393 -0.03293573
869.5  0.73686103 0.30197577 0.00166477 -0.01902140 0.01034999 0.00727397 -0.00296624 0.03128409 -0.02195487 -0.02702149
870.0  -0.21908527 0.15485330 -0.03976328 0.01844209 0.02304157 -0.01368496 -0.02875848 0.01599649 -0.03562625 -0.01837734
870.5  -0.92580417 -0.12011300 0.03009160 0.00597530 -0.03000517 -0.03195437 -0.03623869 0.00066732 -0.04506700 -0.00927375
871.0  -0.60357035 -0.28621989 0.01471520 -0.02050661 0.00194886 -0.03285685 -0.02537037 -0.01765435 -0.04680350 0.00045936
871.5  0.35890182 -0.23342148 -0.04238540 0.00996277 0.02936087 -0.01236309 -0.00327058 -0.03302617 -0.03787130 0.01049385
872.0  0.94226376 -0.03370693 0.02471900 0.01317453 -0.02555154 0.01772451 0.01904418 -0.03349555 -0.01763404 0.02183939
872.5  0.61883428 0.17144320 0.01790238 -0.02031268 -0.00972159 0.03861586 0.02690100 -0.01471353 0.00818276 0.03161848
873.0  -0.24655760 0.28389226 -0.04251983 0.00319543 0.02883231 0.03521161 0.01586135 0.01439227 0.02926204 0.04004867
873.5  -0.88556348 0.27293680 0.03026271 0.02051205 -0.01523455 0.00390298 -0.01153048 0.03711210 0.03753342 0.04667157
874.0  -0.79731371 0.15100716 0.00662015 -0.01604844 -0.01951946 -0.03820357 -0.02340410 0.02928957 0.02703350 0.04477420
874.5  -0.07215738 -0.04686651 -0.03851655 -0.00815980 0.03087355 -0.04855091 -0.00097443 0.00047875 0.01159052 0.03759585
875.0  0.70720015 -0.25386843 0.03938341 0.02093256 0.00023000 -0.01149864 0.02106908 -0.02541493 0.00320004 0.02344012
875.5  0.89214646 -0.37282153 -0.00676018 -0.00845374 -0.02990742 0.03585088 0.02044322 -0.03164206 -0.00164912 0.00672890
876.0  0.30497705 -0.31706955 -0.03230121 -0.01442488 0.02318311 0.05704234 -0.00008323 -0.02293282 -0.01084661 -0.01333620
876.5  -0.54935187 -0.08042662 0.04265436 0.01965970 0.01159819 0.03590210 -0.01930810 -0.00803667 -0.01893538 -0.02868208
877.0  -0.89661120 0.22580686 -0.01454137 -0.00265946 -0.03217758 -0.01433888 -0.02039339 0.00584026 -0.02437839 -0.03973367
877.5  -0.40804917 0.42094192 -0.02559765 -0.01701321 0.01483683 -0.05480349 -0.00326122 0.01495357 -0.02160731 -0.04464497
878.0  0.47010259 0.36693688 0.04342686 0.02077473 0.01571476 -0.05400290 0.01781592 0.01797930 -0.01413613 -0.04716647
878.5  0.89326298 0.07451817 -0.01873482 -0.00273057 -0.02943709 -0.01728561 0.02623468 0.01807611 -0.00178868 -0.04681948
879.0  0.40959412 -0.27424626 -0.03041370 -0.02062501 0.01415560 0.02825338 0.01107678 0.01223278 0.00972021 -0.03921030
879.5  -0.51965874 -0.42875721 0.05016410 0.02439927 0.01973723 0.05449663 -0.01533650 0.00427778 0.01775883 -0.03337700
880.0  -0.88699216 -0.25617413 -0.01357839 -0.00148657 -0.03127606 0.04681368 -0.02896405 -0.00094557 0.02299750 -0.02540670
880.5  -0.23392795 0.12109941 -0.03941893 -0.02049350 0.01169524 0.01220689 -0.03089691 -0.00618307 0.02597486 -0.01634269
881.0  0.70531270 0.39418181 0.04555918 0.02292197 0.01596474 -0.02582265 -0.01353247 -0.01225312 0.02578802 -0.00883116
881.5  0.79783453 0.33020850 0.00290716 -0.00395194 -0.02771635 -0.04602111 0.01568369 -0.01743812 0.02110056 -0.00285771
882.0  -0.07420572 -0.01310104 -0.04791001 -0.02301660 0.01566010 -0.04139640 0.03910530 -0.01904797 0.01374279 0.00244927
882.5  -0.85175769 -0.34409464 0.03605206 0.02369894 0.01528612 -0.01510382 0.04235604 -0.01618870 0.00596272 0.01282661
883.0  -0.63134854 -0.40059298 0.01847120 0.00278133 -0.03135811 0.01679569 0.02395490 -0.00957652 -0.00218168 0.02382818
883.5  0.29454200 -0.15206413 -0.05094477 -0.02434708 0.01163504 0.03744027 -0.00890671 -0.00188609 -0.01220133 0.03271634
884.0  0.88455802 0.21092549 0.02997216 0.01821624 0.01864332 0.03879659 -0.03996878 0.00656853 -0.02053761 0.03800404
884.5  0.52492503 0.43335540 0.02040106 0.00707362 -0.02782809 0.01861208 -0.05242202 0.01124185 -0.02680298 0.04104438
885.0  -0.38378097 0.36576413 -0.05236656 -0.02428538 0.00362943 -0.01026739 -0.03915858 0.01354181 -0.02729100 0.03604472
885.5  -0.88451785 0.05371193 0.03176055 0.01104939 0.02591809 -0.03193167 -0.00538316 0.01521249 -0.02074417 0.02745185
886.0  -0.45308718 -0.29256518 0.01879128 0.02152324 -0.02286528 -0.03161716 0.03472341 0.01586615 -0.01027592 0.01467203
886.5  0.45370278 -0.44431850 -0.05140327 -0.02293867 -0.00937471 -0.00486999 0.05978260 0.01481166 -0.00288558 0.00007601
887.0  0.89396728 -0.31920532 0.03724536 -0.00714970 0.03028011 0.03203802 0.04609691 0.01275624 0.01025726 -0.01740674
887.5  0.43551881 -0.02143172 0.01354526 0.02493842 -0.00881841 0.03753756 0.00182381 -0.00582833 -0.02100803 -0.03251223
888.0  -0.45315385 0.25858988 -0.04976379 -0.01175756 -0.01946029 0.00954572 -0.03123954 -0.01465153 0.02746742 -0.04213897
888.5  -0.91927840 0.37444112 0.03836840 -0.01538407 0.02400033 -0.02464478 -0.05311773 -0.01324152 -0.01345099 -0.04274154
889.0  -0.52505028 0.29064711 0.00792586 0.02750743 0.00111239 -0.04274311 -0.04241380 0.00172573 0.00383165 -0.03785921
889.5  0.37356934 0.07169166 -0.04307386 0.00988071 0.02174486 -0.03740999 -0.00887754 0.01466361 0.00772841 -0.02324375
890.0  0.93262033 -0.16351785 0.04061987 -0.03401394 0.00621314 -0.00649194 0.02982813 0.01413458 -0.01945726 -0.00918941
890.5  0.58848251 -0.29800389 -0.00238672 0.01686788 -0.01666937 0.02878143 0.05042772 0.00445029 0.02342639 0.00381523
891.0  -0.35133966 -0.25622590 -0.04099213 0.02971647 -0.01188534 0.04985680 0.04007305 -0.00874318 -0.02279340 0.01578596
891.5  -0.94046756 -0.05052296 0.04013746 -0.03145806 -0.01030234 0.04370821 0.00978142 -0.01761092 0.01800932 0.02531541
892.0  -0.55300896 0.19472876 0.00389506 0.00697552 0.01955716 0.00654364 -0.02409568 -0.02021877 -0.00904000 0.03239315
892.5  0.41488811 0.30195194 -0.04422934 0.02495311 0.02267326 -0.04704067 -0.00236651 -0.01540951 -0.00000268 0.03817963
893.0  0.94541749 0.17652947 0.03532254 -0.02933631 0.00019119 -0.05138490 0.03910436 -0.00559067 0.01078132 0.04015612
893.5  0.49154543 -0.09256087 0.01311187 -0.00133906 -0.01883344 -0.03007314 0.04606642 0.00563635 -0.02238952 0.04248691
894.0  -0.46603628 -0.29033827 -0.04495852 0.02895750 -0.01972529 0.00808248 0.02897151 0.01831847 0.02563087 0.03762912
894.5  -0.94579552 -0.25505089 0.02738317 -0.02456232 0.00216213 0.04058175 -0.00198417 0.02174637 -0.02614007 0.02847777
895.0  -0.45412788 -0.01728672 0.01598263 -0.00841404 0.02288999 0.05348810 -0.02983109 0.01696606 0.02021689 0.01832416
895.5  0.51631881 0.22509103 -0.04521313 0.03138174 0.01764587 0.04132018 -0.04626537 0.00142002 -0.00984557 0.00698451
896.0  0.94826133 0.27856159 0.02644582 -0.01660677 -0.00604044 0.00912460 -0.04376605 -0.01509829 -0.00316059 -0.00470001
896.5  0.35992945 0.11777884 0.02047526 -0.02135736 -0.02280406 -0.02864380 -0.02388240 -0.02225265 0.01895021 -0.01619878
897.0  -0.62370394 -0.10759747 -0.04590586 0.02904222 -0.01251375 -0.05790168 -0.00201039 -0.01767002 -0.02340516 -0.02721413
897.5  -0.94153618 -0.22899777 0.02451812 -0.00551729 0.01184707 -0.05403221 0.02441329 0.00452774 0.02917901 -0.03671751
898.0  -0.27306755 -0.19869359 0.02122064 -0.02084780 0.02576553 -0.02144552 0.03609688 0.01328455 -0.02858675 -0.04382749
898.5  0.67075127 -0.07826252 -0.04596624 0.02898685 0.00110798 0.02825239 0.03719412 0.02032786 0.01072836 -0.04474653
899.0  0.94856663 0.05437634 0.02786108 0.00097027 -0.02384736 0.06018041 0.01639794 0.01589044 0.00224641 -0.04008016
899.5  0.30402967 0.15776173 0.01399982 -0.03131319 -0.01888654 0.05276542 -0.01466019 0.00529708 -0.01731596 -0.02707069
900.0  -0.63338429 0.21058797 -0.04342661 0.01826958 0.01069920 0.00950171 -0.03507260 0.00107374 0.03042711 -0.01061028
900.5  -0.95238694 0.18321131 0.03598228 0.01958630 0.03179828 -0.03950313 -0.03464462 -0.00917349 -0.03144936 0.00903201
901.0  -0.33105768 0.05282924 0.00726184 -0.03067268 0.01799995 -0.06017732 -0.01186914 -0.01041970 0.02553201 0.02494358
901.5  0.61835381 -0.14429386 -0.04278241 0.00188657 -0.02102722 -0.03980614 0.01768067 -0.01164950 -0.00992180 0.04071184
902.0  0.93009390 -0.28976847 0.03519988 0.02801751 -0.03477246 0.00582639 0.03681376 -0.00588369 -0.00168734 0.04788282
902.5  0.28206356 -0.25229155 0.00531331 -0.02405276 -0.00698844 0.04654271 0.03501917 0.00418976 0.01520255 0.04656127
903.0  -0.64899601 -0.02077618 -0.04226649 -0.00929915 0.02432009 0.05787984 0.01551242 0.00661849 -0.02430008 0.04244864
903.5  -0.90255956 0.24896464 0.03570983 0.03066198 0.02488650 0.03706468 -0.01344567 0.00887317 0.02963231 0.03351095
904.0  -0.23627932 0.34687140 0.00605925 -0.01666892 -0.00603644 0.00095685 -0.04063551 0.00308268 -0.02626329 0.02411203
904.5  0.66232770 0.18465621 -0.04210611 -0.01975839 -0.02652369 -0.02172783 -0.05770178 0.00180303 0.02246650 0.01322398
905.0  0.89352333 -0.12218571 0.03678612 0.03656529 -0.01778045 -0.02895429 -0.05120236 -0.00079767 -0.01005520 0.00357100
905.5  0.22121810 -0.33963673 0.00767782 -0.00691106 0.01347223 -0.02967604 -0.01914208 -0.00426547 -0.00488156 -0.00578109
906.0  -0.68496888 -0.29313598 -0.04504436 -0.02785845 0.03330190 -0.01757522 0.02282086 -0.00761880 0.01588387 -0.01297964
906.5  -0.87272526 -0.01011649 0.03183769 0.02760169 0.01546785 0.00018136 0.05384414 -0.00912903 -0.02433459 -0.01986137
907.0  -0.11272664 0.28285643 0.01595355 -0.00222541 -0.01804034 0.01657306 0.06239938 -0.00594290 0.02834453 -0.02553193
907.5  0.77256216 0.34535691 -0.04591679 -0.02994300 -0.03295157 0.02482758 0.04347009 -0.00043688 -0.02718740 -0.03181076
908.0  0.80483231 0.13090555 0.02541116 0.02769344 -0.01797658 0.02585005 0.00835325 0.00724367 0.01503250 -0.03615640
908.5  -0.03114804 -0.18655549 0.02499041 0.00671433 0.01472013 0.01066441 -0.03267345 0.00013112 -0.00557411 -0.03879821
909.0  -0.82028083 -0.37456529 -0.04722974 -0.03243357 0.02977464 -0.01393708 -0.05658894 -0.01738359 -0.00489425 -0.04016525
909.5  -0.76000810 -0.30910876 0.02041141 0.02349450 0.01008874 -0.03550732 -0.05409414 -0.02117709 0.02786509 -0.03788912
910.0  0.05108709 -0.03360876 0.02613040 0.01385406 -0.01815241 -0.03523963 -0.03270294 -0.01191860 -0.02445602 -0.03212083
910.5  0.79525642 0.28185176 -0.04819110 -0.03521026 -0.02452968 -0.01558367 0.01234564 0.00971275 0.02438250 -0.02305177
911.0  0.76093185 0.44309843 0.02168707 0.01196189 -0.00109835 0.01450469 0.05046011 0.01183749 -0.01767799 -0.01142495
911.5  0.00286532 0.33969161 0.02311763 0.02493349 0.02435373 0.03925148 0.06096893 0.00641418 -0.00327008 0.00001243
912.0  -0.74292589 0.02015554 -0.04702832 -0.03146726 0.02195521 0.03919260 0.03753215 -0.00378950 0.01485633 0.01247294
912.5  -0.77572322 -0.32754905 0.02948801 -0.00308799 -0.00940136 0.01032962 -0.00652886 -0.01275683 -0.02361939 0.02299691
913.0  -0.08471259 -0.49111222 0.01786953 0.03198050 -0.03115699 -0.02908631 -0.04151575 -0.00656917 0.02765405 0.03169291
913.5  0.67600634 -0.37086523 -0.04703381 -0.01965950 -0.01247469 -0.05073649 -0.05014580 0.00335930 -0.02178607 0.03790220
914.0  0.82258011 -0.04208454 0.03556282 -0.01791274 0.02122006 -0.03552947 -0.02643742 0.01315393 0.00951352 0.03933572
914.5  0.24428289 0.30067730 0.00668080 0.03348895 0.02707541 0.00899973 0.01083058 0.01167367 0.00601048 0.03687777
915.0  -0.54863462 0.46673351 -0.04313697 -0.00321489 0.00228422 0.04844199 0.03797411 0.00268098 -0.02128773 0.02726368
915.5  -0.87961689 0.37007922 0.04159058 -0.03213790 -0.02308221 0.05296573 0.03990131 -0.00730776 0.03000226 0.01365179
916.0  -0.44983379 0.06706251 -0.00334868 0.01953609 -0.02794905 0.01913906 0.01473853 -0.01568878 -0.02764349 -0.00217861
916.5  0.39777184 -0.26749867 -0.03877114 0.01398548 0.00649402 -0.03096757 -0.01215956 -0.00772117 0.02030983 -0.01449593
917.0  0.89610700 -0.42127183 0.04350168 -0.03247776 0.03002885 -0.06358335 -0.02659524 0.00283804 -0.00833983 -0.02501362
917.5  0.52238892 -0.27708273 -0.00307274 0.01581510 0.01173713 -0.06107046 -0.02329142 0.01136457 -0.00635873 -0.03396358
918.0  -0.39607427 0.07326340 -0.04207654 0.01977398 -0.00935475 -0.02623958 -0.00912914 0.01679738 0.01804500 -0.03811337
918.5  -0.90774456 0.36260971 0.03852679 -0.03465862 -0.02046338 0.02207054 -0.00728677 0.01267398 -0.02805095 -0.04029114
919.0  -0.44961409 0.35531151 0.00866451 0.00841560 -0.01230197 0.05395199 -0.02583049 0.00486414 0.03003077 -0.04506783
919.5  0.49342095 0.05420024 -0.04582632 0.02290515 0.00998118 0.05520478 -0.03688984 -0.00833050 -0.02520098 -0.04495487
920.0  0.90215056 -0.29628379 0.02999709 -0.03010731 0.02246863 0.03866145 -0.02618234 -0.01896034 0.01781608 -0.04186586
920.5  0.33483338 -0.40619622 0.02054205 0.00628085 0.01015631 0.01299544 0.00150258 -0.02261800 -0.00005935 -0.03782322
921.0  -0.59241156 -0.18044373 -0.04714524 0.02449783 -0.01329190 -0.01299913 0.03252586 -0.01849814 -0.01379795 -0.03046548
921.5  -0.87249941 0.19793544 0.02089972 -0.02864319 -0.02290523 -0.03278583 0.05366247 -0.00712246 0.02415525 -0.01905898
922.0  -0.20632842 0.42179776 0.02922185 -0.00151025 -0.00764522 -0.04039773 0.05021103 -0.00416443 -0.03690951 -0.00801357
922.5  0.67774531 0.31754385 -0.04649568 0.02662839 0.01901344 -0.03444359 0.03275707 -0.00377125 0.02314741 0.00427051
923.0  0.83809445 -0.02096701 0.01260535 -0.01974185 0.02466822 -0.01107197 0.00663862 0.01771953 -0.00740600 0.01296965
923.5  0.12756785 -0.33174267 0.03417469 -0.01395711 0.00266834 0.01800934 -0.01325773 0.03836848 0.00046233 0.02202430
924.0  -0.70992821 -0.40560404 -0.04710518 0.03169932 -0.02181186 0.04157641 -0.02864681 0.04312171 0.02515629 0.03165999
924.5  -0.85524102 -0.22678894 0.01264714 -0.00820770 -0.02353250 0.04480058 -0.03177631 0.03375402 -0.02536659 0.03996288
925.0  -0.19471977 0.06076160 0.03244891 -0.02624479 0.00365582 0.01977072 -0.01670367 0.00765771 0.02478716 0.04521093
925.5  0.65034790 0.28184409 -0.04635818 0.02553901 0.02806918 -0.01396477 0.01300223 -0.01822819 -0.01045536 0.04386090
926.0  0.91858870 0.33313476 0.01926787 0.00650090 0.01267463 -0.03529062 0.04445433 -0.03381810 -0.00817262 0.03626999
926.5  0.35335738 0.21227865 0.02811209 -0.02974710 -0.02018115 -0.03207672 0.05610975 -0.02912673 0.02452868 0.02505624
927.0  -0.55832820 -0.00441044 -0.04900919 0.01701892 -0.02429403 -0.01987217 0.03809264 -0.02150840 -0.03383428 0.01522777
927.5  -0.94902804 -0.20040541 0.02011777 0.01880992 -0.00359554 0.00194384 -0.00055041 -0.00767139 0.02855942 0.00395768
928.0  -0.38465437 -0.27074625 0.02964626 -0.02905397 0.01863466 0.02643798 -0.02902373 0.02046733 -0.01082664 -0.00499811
928.5  0.59325140 -0.17107022 -0.04805303 0.00614643 0.01932904 0.04095414 0.03850674 0.04063738 -0.00733512 -0.01391519
929.0  0.94103835 0.04349006 0.01310027 0.02362202 0.00032070 0.03952469 -0.03665520 0.04073292 0.02663457 -0.02139885
929.5  0.26147434 0.22915330 0.03785445 -0.03073022 -0.01926517 0.01953903 0.01959170 0.03409278 -0.03410904 -0.02815908
930.0  -0.70785569 0.24451114 -0.04479386 0.00486678 -0.01674871 -0.01006333 0.00661557 0.01004376 0.03381252 -0.03400253
930.5  -0.89108434 0.06376709 0.00052931 0.02787849 0.00360418 -0.03252086 -0.03160066 -0.01417398 -0.02557600 -0.03717800
931.0  -0.07173626 -0.17392411 0.04477537 -0.03322915 0.02081817 -0.04598363 0.03534555 -0.03398391 0.01064318 -0.03737077
931.5  0.83248997 -0.26573568 -0.03861870 0.00441467 0.01854358 -0.02686831 -0.03671191 -0.04418787 0.00344626 -0.03737942
932.0  0.77990506 -0.12816726 -0.01514138 0.02792850 -0.00223271 -0.00859882 0.01077150 -0.03756975 -0.02078682 -0.03811447
932.5  -0.17887986 0.11451717 0.04953239 -0.03003325 -0.02170655 0.01894077 0.01734359 -0.02410274 0.03026258 -0.03790266
933.0  -0.93230837 0.24740854 -0.02507706 0.00141557 -0.01817445 0.04151328 -0.03497489 -0.00424006 -0.03564724 -0.03471263
933.5  -0.61691282 0.17538942 -0.02653733 0.02617602 0.00345445 0.04025583 0.04145853 0.01502341 0.03292537 -0.03177983
934.0  0.38751511 -0.01279545 0.04971766 -0.02721556 0.01907452 0.02172437 -0.02391969 0.03201433 -0.02249445 -0.02467509
934.5  0.96789754 -0.16291298 -0.01927103 -0.00182950 0.01116936 -0.01029835 -0.00651783 0.04048550 0.01089540 -0.01511828
935.0  0.54672151 -0.19799225 -0.03055020 0.02765952 -0.01613228 -0.03772585 0.03462330 0.03896111 0.00491228 -0.00246212
935.5  -0.40471661 -0.13964933 0.04967212 -0.01798333 -0.01743830 -0.03932756 -0.04657906 0.02569687 -0.01485644 0.00978234
936.0  -0.96702872 -0.04211027 -0.02390296 -0.01545091 -0.00311893 -0.01671187 0.02308714 0.00053974 0.02528656 0.02315246
936.5  -0.65012497 0.06288291 -0.02331937 0.02488174 0.01759628 0.01779018 0.01605788 -0.02270506 -0.02930269 0.03493677
937.0  0.24536637 0.15887139 0.04934898 -0.00173875 0.01575202 0.04063677 -0.03962389 -0.04454391 0.02414073 0.04388717
937.5  0.91931240 0.21584900 -0.03261131 -0.02673569 -0.00799474 0.02541829 0.04314396 -0.04782757 -0.02194440 0.04541916
938.0  0.74833752 0.18460059 -0.01317063 0.02171532 -0.02193578 0.00008326 -0.01379251 -0.03797696 0.00398015 0.04154455
938.5  -0.13065540 0.03727586 0.04835662 0.01531967 -0.00623875 -0.02678568 -0.02716772 -0.01590641 0.00592084 0.03433916
939.0  -0.87973298 -0.17035467 -0.03647692 -0.02893372 0.02126270 -0.03710190 0.04237611 0.01032024 -0.02058327 0.02470848
939.5  -0.74947379 -0.29878797 -0.01190822 0.00648659 0.02456570 -0.01516703 -0.03614133 0.03143015 0.03281530 0.01333233
940.0  0.13997202 -0.22574732 0.04854985 0.01991547 -0.00069218 0.01124127 0.00991661 0.04566663 -0.03252952 0.00124458
940.5  0.88227615 0.03029259 -0.03527589 -0.02664779 -0.02503775 0.03059942 0.02444913 0.04416410 0.03157611 -0.01092474
941.0  0.69468490 0.28187644 -0.01522764 0.00049179 -0.02338249 0.03535468 -0.04317444 0.03307383 -0.01710916 -0.02094350
941.5  -0.24589116 0.30816701 0.04786512 0.02674143 -0.00060178 0.01714931 0.04004678 0.01048581 -0.00039481 -0.02995471
942.0  -0.91884391 0.06172898 -0.02442916 -0.02569478 0.02350368 -0.00332925 -0.01636807 -0.01554308 0.01747613 -0.03631495
942.5  -0.54531683 -0.24635393 -0.02971629 0.00238136 0.02359612 -0.02150367 -0.01045511 -0.03761860 -0.02958324 -0.03811252
943.0  0.46418769 -0.32363520 0.04711418 0.02391700 0.00042447 -0.03124744 0.03559588 -0.04937405 0.03465087 -0.04222350
943.5  0.93129556 -0.09521032 -0.00284765 -0.02923526 -0.02041076 -0.02069438 -0.04940459 -0.05303278 -0.02496434 -0.04412037
944.0  0.32026012 0.21859033 -0.04472315 0.00316296 -0.02635626 -0.00625802 0.04723205 -0.02477438 0.01320928 -0.04742641
944.5  -0.64314320 0.33590259 0.03586946 0.01874314 -0.00367191 0.00362258 -0.01932227 0.00092425 0.00842242 -0.04662483
945.0  -0.90011272 0.17481436 0.01616983 -0.02179683 0.02803795 0.00125715 -0.00878060 0.03187280 -0.02057110 -0.04783139
945.5  -0.24362993 -0.11578129 -0.04912245 0.00474766 0.02659577 -0.00919952 0.05358885 0.04125970 0.00540660 -0.04826886
946.0  0.62323420 -0.32922572 0.02909251 0.02397196 -0.00513733 -0.00950424 -0.05614229 0.04489874 0.00911411 -0.04362058
946.5  0.91329307 -0.34465737 0.01873213 -0.02160030 -0.02835250 -0.02079608 0.02476399 0.02432025 -0.01770273 -0.03697796
947.0  0.42766785 -0.16603919 -0.04800664 -0.01152207 -0.01855026 0.00887356 0.01359402 -0.00419329 0.02180051 -0.01955442
947.5  -0.39831843 0.11340671 0.03495913 0.03035554 0.01204854 0.02957098 -0.04291456 -0.03054961 -0.00789120 -0.00354009
948.0  -0.88671768 0.35718657 0.00865187 -0.00807418 0.02945267 0.02859568 0.04824247 -0.03993245 -0.00609938 0.01272933
948.5  -0.63283531 0.43114540 -0.04427550 -0.02447422 0.00660685 0.00887800 -0.02143566 -0.03545975 0.01702330 0.02610737
949.0  0.16008559 0.27240034 0.04112487 0.02349263 -0.02731227 -0.01634090 -0.01722396 -0.01600785 -0.02199942 0.03732965
949.5  0.80651040 -0.05533953 -0.00182483 0.00750393 -0.02206337 -0.03045768 0.05001012 0.01312818 0.01523896 0.04465655
950.0  0.72011698 -0.37269019 -0.04030213 -0.02918392 0.01161111 -0.02167200 -0.05227639 0.03598669 -0.00623260 0.04569773
950.5  -0.03400939 -0.48164438 0.04472345 0.01111700 0.03029190 0.00312532 0.02231404 0.04646193 -0.00263490 0.04413615
951.0  -0.75879292 -0.29546070 -0.00866780 0.01967955 0.01164429 0.02365434 0.01814160 0.03972245 0.01420017 0.03615437
951.5  -0.74410374 0.08470221 -0.03583284 -0.02631554 -0.02248417 0.03018594 -0.05098478 0.02246047 -0.01880535 0.02327950
952.0  0.03414267 0.41041558 0.04662225 0.00633865 -0.02760899 0.01621779 0.05352741 0.00040952 0.01731226 0.00763120
952.5  0.79339554 0.44166259 -0.00785027 0.02667995 -0.00052793 -0.01026462 -0.02765035 -0.01853275 -0.01720268 -0.00617239
953.0  0.68071961 0.13685123 -0.04025613 -0.03089736 0.02310068 -0.03047307 -0.00634601 -0.03119627 0.00656845 -0.01403036
953.5  -0.23053945 -0.27128628 0.04180810 -0.00205558 0.02419245 -0.03359132 0.04316487 -0.03610654 -0.00707075 -0.02148754
954.0  -0.88102941 -0.44179598 0.00622040 0.02624730 0.00071954 -0.01978973 -0.05964990 -0.03417067 -0.01639323 -0.02841209
954.5  -0.45520963 -0.22680702 -0.04705940 -0.02418525 -0.02309699 0.00747201 0.05237555 -0.03497956 0.00963990 -0.03510585
955.0  0.53638625 0.17971811 0.03017444 0.00194750 -0.02024518 0.02937294 -0.02198466 -0.02531558 -0.01832383 -0.04184417
955.5  0.87103142 0.42190382 0.02524265 0.02084633 0.00288581 0.03688375 -0.01932120 -0.01391177 0.02011653 -0.04548817
956.0  0.16555176 0.30816944 -0.05258426 -0.01894689 0.02489729 0.02322647 0.05118154 0.00395657 -0.01720397 -0.04134150
956.5  -0.72064383 -0.04755015 0.01321090 -0.00256107 0.01683705 0.00015415 -0.06122256 0.02120905 0.01121599 -0.04268678
957.0  -0.80195343 -0.36325070 0.03829002 0.01943268 -0.00948943 -0.02620430 0.03788727 0.03554671 -0.00119658 -0.04125962
957.5  -0.03932812 -0.42209193 -0.05099703 -0.01221001 -0.02725903 -0.03610252 0.00304223 0.03963795 -0.00855613 -0.03461731
958.0  0.75225234 -0.20156797 0.01324147 -0.01387712 -0.01338149 -0.02101282 -0.04681627 0.03076404 0.01331544 -0.02487157
958.5  0.79197687 0.14316266 0.03724161 0.02312409 0.01801479 -0.01652645 0.05511930 0.01419135 -0.01920841 -0.01208325
959.0  0.06156034 0.39556073 -0.05282358 0.00236125 0.02804403 0.03397137 -0.02924663 -0.00966635 0.01827176 0.00334273
959.5  -0.72694332 0.41425785 0.02044769 -0.02212028 0.00382469 0.03034979 -0.00603852 -0.02992201 -0.01059040 0.01936038
960.0  -0.83139146 0.20808398 0.03012067 0.01045414 -0.02475582 0.01322435 0.04501838 -0.03588264 0.00551059 0.03471765
960.5  -0.16979608 -0.08729660 -0.05388678 0.01352498 -0.02043299 -0.01179155 -0.05710965 -0.02830803 0.01058862 0.04644566
961.0  0.64902802 -0.31315733 0.03257685 -0.01911701 0.01153695 -0.03035110 0.03177786 -0.00749375 -0.01806167 0.05006842
961.5  0.90277283 -0.37598351 0.01609993 -0.00172744 0.02877141 -0.02765439 0.01382326 0.01367456 0.01702907 0.04717629
962.0  0.36838558 -0.27314433 -0.05134378 0.02202073 0.00782537 -0.00959765 -0.04918302 0.02735419 -0.01777833 0.03901302
962.5  -0.50095473 -0.06877128 0.04351626 -0.01112370 -0.02345862 0.01755563 0.05542037 0.02986868 0.00248594 0.02807641
963.0  -0.93861509 0.14876531 0.00293270 -0.01496236 -0.02348898 0.02830314 -0.03100345 0.02156878 0.00701857 0.01567595
963.5  -0.51831884 0.29288906 -0.04726373 0.02029768 0.00563184 0.02770780 -0.01346301 0.00496039 -0.01653391 0.00031215
964.0  0.40307889 0.29861402 0.04661047 0.00346118 0.02947199 0.01924707 0.03885106 -0.02385083 0.02407976 -0.01255906
964.5  0.93822054 0.14695982 -0.00038502 -0.01776515 0.02017265 0.03908865 -0.04431524 0.02856408 -0.01101527 -0.01921183
965.0  0.52913044 -0.10224499 -0.04619211 0.01438465 -0.01683479 0.00080754 0.05054007 -0.01899619 -0.02369193 -0.02421613
965.5  -0.42345848 -0.30260390 0.04397799 0.00039463 -0.03277905 -0.01776779 0.01924645 0.00480045 0.02937389 -0.03120818
966.0  -0.93379233 -0.30603096 0.00655763 -0.01796549 -0.01299645 -0.02632272 0.02974827 0.00430274 -0.02413479 -0.03608768
966.5  -0.47966620 -0.08755167 -0.05036863 0.01886440 0.01829185 -0.03240845 -0.04895305 -0.01322061 0.00463536 -0.04188548
967.0  0.45703554 0.20515666 0.03891789 0.00678623 0.03134733 -0.00387708 0.06168228 0.01806380 0.01125064 -0.04527888
967.5  0.92804970 0.35382332 0.01399156 -0.02070799 0.01197295 0.00760804 -0.03740533 -0.01706593 -0.02510761 -0.04663904
968.0  0.48043608 0.24788043 -0.05108375 0.00529739 -0.01863252 0.02603723 -0.01209133 0.01444124 0.03395620 -0.04509326
968.5  -0.43720008 -0.03489718 0.03586255 0.01362346 -0.02755067 0.03330048 0.04348025 -0.00546422 -0.02923300 -0.04061947
969.0  -0.92879259 -0.28794097 0.01731326 -0.02099775 -0.00359523 0.01789544 -0.06059155 -0.00228210 0.01935388 -0.03535874
969.5  -0.51308921 -0.33561279 -0.05256677 0.00278015 0.02193636 -0.00383175 0.05197606 0.00868831 -0.00618200 -0.02594845
970.0  0.40387116 -0.16197331 0.03307454 0.02433107 0.02265308 -0.02696912 -0.01413742 -0.01594954 -0.01114613 -0.02044045
970.5  0.93162953 0.10088331 0.01929115 -0.01784295 -0.00160317 -0.03373360 -0.02439652 0.01885266 0.02389366 -0.00700359
971.0  0.57573279 0.28955096 -0.05245170 -0.01056667 -0.02519758 -0.02104927 0.05072081 -0.01998015 -0.03182745 0.00780218
971.5  -0.31104528 0.31492060 0.03362681 0.02457936 -0.01655444 -0.00126909 -0.05710770 0.01622482 0.03378188 0.02206014
972.0  -0.91029018 0.18530513 0.01769571 -0.00772413 0.01452229 0.02504483 0.03189260 -0.00138362 -0.02431866 0.03384996
972.5  -0.69017465 -0.03437869 -0.05077532 -0.01595070 0.03004215 0.03461117 0.00337847 -0.01251336 0.00339316 0.04113323
973.0  0.14998755 -0.25065532 0.03380588 0.01492539 0.00228419 0.03375457 -0.03459120 0.02171089 0.02000626 0.04324571
973.5  0.85023041 -0.36122666 0.01781375 0.00387680 -0.02720063 -0.00334686 0.05599855 -0.01451251 -0.04115317 0.04133912
974.0  0.75069415 -0.28641295 -0.05152170 -0.01746840 -0.02225122 -0.02126923 -0.04081188 -0.00053117 0.04723917 0.03512092
974.5  -0.07505700 -0.02742645 0.03369510 0.01054715 0.01096828 0.02937203 0.00153306 0.00614551 -0.04125292 0.02691824
975.0  -0.82017852 0.28420277 0.01829279 0.01455933 0.03064305 -0.02455326 0.03315706 -0.00409220 0.01717493 0.01617673
975.5  -0.71020464 0.43536930 -0.05033364 -0.02019583 0.01206702 0.00999862 -0.05007489 -0.00197307 0.01481236 0.00307322
976.0  0.15322027 0.28301795 0.03169763 -0.00221942 -0.02002678 0.00865198 0.04391123 0.00776543 -0.04250527 -0.00954590
976.5  0.84314600 -0.09311102 0.02216795 0.01838430 -0.02850609 -0.02010166 -0.02087566 0.00236159 0.05962554 -0.01993348
977.0  0.60564188 -0.41455159 -0.05234741 -0.01358660 -0.00491013 0.02341597 -0.01195544 -0.02681217 -0.04481083 -0.02992700
977.5  -0.29746733 -0.42651162 0.02484388 -0.00451611 0.02320228 -0.02091705 0.03595128 0.02115893 0.00927635 -0.03656370
978.0  -0.87018793 -0.10903346 0.02893390 0.01725369 0.02599394 0.01069839 -0.03633280 0.00579564 0.01996006 -0.04072032
978.5  -0.47454840 0.29398836 -0.05333452 -0.01191202 0.00020149 0.00339397 0.01251497 -0.02631621 -0.04306554 -0.04231454
979.0  0.45909975 0.46658364 0.01690145 -0.00709154 -0.02723789 -0.01615352 0.01622332 0.03670889 0.04918630 -0.04135157
979.5  0.87202657 0.27062954 0.03916576 0.02076417 -0.02315641 0.03449680 -0.03565509 -0.03571769 -0.03625227 -0.03614405
980.0  0.26937614 -0.14230434 -0.04832296 -0.00707544 0.00391381 -0.04136562 0.03632662 0.02379524 0.02144575 -0.02855564
980.5  -0.65179249 -0.44150560 0.00166055 -0.01232427 0.02811546 0.03807138 -0.02318669 -0.00495751 -0.00050071 -0.02023641
981.0  -0.80073176 -0.39132584 0.04647892 0.01834270 0.02432242 -0.01905580 0.00510587 -0.01862344 -0.01992292 -0.01493437
981.5  -0.01321214 -0.03655438 -0.04082224 -0.00931468 -0.00499071 -0.01221224 0.01406019 0.04040480 0.01955966 -0.00575808
982.0  0.77890334 0.35125221 -0.01175091 -0.01462794 -0.02816443 0.03841623 -0.03386697 -0.04532450 -0.01652363 0.00553080
982.5  0.67925634 0.49044586 0.05093883 0.02152842 -0.02163847 -0.05091801 0.04446707 0.02918486 0.00945143 0.01845204
983.0  -0.17513511 0.28636056 -0.03515945 -0.00379335 0.01196778 0.04531605 -0.02834032 -0.00492935 0.00241188 0.02952972
983.5  -0.82386437 -0.12243919 -0.01753151 -0.01578633 0.03119541 -0.02257567 -0.00102896 -0.01239836 -0.00050065 0.03919585
984.0  -0.56028802 -0.45721653 0.05243001 0.01728915 0.01455708 -0.00868501 0.03612282 0.01967746 0.00028346 0.04246764
984.5  0.31340881 -0.49291687 -0.03230767 -0.00866006 -0.02663068 -0.02172345 0.07788172 -0.02319086 0.00240774 0.04532232
985.0  0.84083924 -0.21121772 -0.02120123 -0.01512928 -0.03530755 -0.03079902 0.07685084 0.00059351 -0.00682676 0.04394769
985.5  0.46334055 0.19504229 0.05173814 0.01952353 -0.00147564 -0.02485114 0.03859400 -0.00684775 0.00672138 0.03791804
986.0  -0.40253268 0.46764570 -0.03369346 -0.00331659 0.03634262 -0.00795944 -0.01411490 -0.00430873 -0.00715386 0.02805941
986.5  -0.86055103 0.46242726 -0.01724878 -0.01946105 0.03334390 0.00979825 -0.06064901 0.01338064 0.00654920 0.01520138
987.0  -0.47906511 0.21870299 0.05097352 0.01659859 -0.00719879 0.02086433 -0.08018393 -0.01653138 -0.00257920 0.00182015
987.5  0.35089970 -0.10659053 -0.03915102 0.00965220 -0.04471336 0.02265601 -0.05890521 0.01257216 -0.00092270 -0.01525545
988.0  0.87157971 -0.35408214 -0.00393475 -0.02054658 -0.02437375 0.01006858 -0.00295634 -0.00299933 0.00417746 -0.03028155
988.5  0.64149334 -0.43097673 0.04570993 0.00135467 0.02482529 -0.00813700 0.05673681 -0.00513740 -0.00898259 -0.03970277
989.0  -0.14146127 -0.31847125 -0.04863403 0.01877002 0.03767028 -0.02021433 0.08327357 0.01615895 0.01280019 -0.04254693
989.5  -0.81501434 -0.06253947 0.00817781 -0.01328540 0.00124188 -0.02017673 0.06354211 -0.01616577 -0.01210117 -0.04013546
990.0  -0.77201977 0.22814128 0.03775591 -0.00986143 -0.03283250 -0.00582695 0.00466403 0.00933691 0.00998271 -0.03223157
990.5  -0.00954210 0.40191232 -0.05057489 0.02134184 -0.02117287 0.00905210 -0.05706502 -0.00527128 -0.00317302 -0.02417617
991.0  0.77173147 0.33665658 0.01295978 -0.00504610 0.01852298 0.01767383 -0.08824543 0.00035283 -0.00627827 -0.01507065
991.5  0.78997848 0.04603814 0.03959247 -0.00440460 0.03810387 0.01762248 -0.07503562 0.00883828 0.01402532 -0.00580747
992.0  0.00491414 -0.28440040 -0.04868102 0.02505897 0.00084304 0.00905348 -0.02552985 -0.00713644 -0.02187099 0.00360613
992.5  -0.78736597 -0.41346791 0.00672597 -0.00022306 -0.03020891 -0.00424932 0.03403028 0.00898605 0.02285987 0.01384563
993.0  -0.76384113 -0.23816702 0.04290452 -0.02771153 -0.03066399 -0.01247000 0.08138253 -0.01281127 -0.01732920 0.02286622
993.5  0.06171733 0.11227701 -0.04721111 0.01740469 0.00399300 -0.01061914 0.09165513 0.00138784 0.01000033 0.02862944
994.0  0.82920044 0.37052641 -0.00198082 0.00688656 0.03283367 -0.00165568 0.05995034 0.00007212 0.00354875 0.03282869
994.5  0.71363983 0.34372141 0.04753469 -0.02384755 0.02687628 0.00149202 0.00196115 -0.00305851 -0.01514002 0.03543425
995.0  -0.17807544 0.06749226 -0.04021431 0.01619029 -0.00732870 -0.01118870 -0.05515934 0.00619309 0.02027509 0.03982662
995.5  -0.88515349 -0.23735786 -0.01239647 0.01060180 -0.03421242 -0.03705799 -0.08124714 0.00042001 -0.02699542 0.04085857
996.0  -0.63829646 -0.35686770 0.05202320 -0.02461421 -0.02493696 -0.04508510 -0.07496435 -0.00083138 0.02020189 0.03992064
996.5  0.28870888 -0.24069112 -0.03381473 0.00897203 0.01143366 -0.02366505 -0.03976626 0.00546623 -0.01176949 0.03675122
997.0  0.91412318 0.00624433 -0.01978801 0.01722314 0.03553768 0.01418794 0.00653119 0.00231969 -0.00145249 0.03071065
997.5  0.63151747 0.23150827 0.05675644 -0.02415056 0.01788069 0.04900672 0.04585247 -0.01543251 0.01546520 0.02240584
998.0  -0.23382138 0.33440933 -0.03725995 -0.00238125 -0.02101911 0.06101664 0.07122238 0.00888822 -0.02018859 0.01118340
998.5  -0.87373216 0.28527015 -0.01660609 0.02567649 -0.03580707 0.03657046 0.05695768 -0.01840005 0.02165943 -0.00172371
999.0  -0.76947214 0.10883657 0.05298431 -0.01381320 -0.00278103 -0.01389587 0.01704460 0.00270904 -0.01208434 -0.01472527
999.5  -0.04413123 -0.12968955 -0.04489367 -0.01248976 0.03262178 -0.05680587 -0.03511090 0.00951320 0.00004894 -0.02542007
1000.0  0.70868251 -0.33221059 -0.00196276 0.02812084 0.02178230 -0.06144642 -0.06718539 -0.01623971 0.01110567 -0.03532537
