0.0  1.00000000 0.00000000 0.00000000 0.00000000 0.00000000 0.00000000 0.00000000 0.00000000 0.00000000 0.00000000  1.00000000
0.5  0.99992899 0.00005126 0.00000000 0.00000011 0.00000296 0.00000008 0.00000061 0.00000912 0.00000401 0.00000287  1.00000000
1.0  0.99996144 0.00000528 0.00000001 0.00000013 0.00000217 0.00000019 0.00000083 0.00001944 0.00000744 0.00000309  1.00000000
1.5  0.99993535 0.00004049 0.00000001 0.00000031 0.00000218 0.00000009 0.00000011 0.00001048 0.00000523 0.00000575  1.00000000
2.0  0.99993803 0.00001843 0.00000003 0.00000022 0.00000435 0.00000004 0.00000017 0.00000003 0.00002244 0.00001625  1.00000000
2.5  0.99990010 0.00002221 0.00000005 0.00000054 0.00000798 0.00000033 0.00000049 0.00000924 0.00004187 0.00001718  1.00000000
3.0  0.99988805 0.00003045 0.00000008 0.00000088 0.00001029 0.00000027 0.00000028 0.00002002 0.00004286 0.00000683  1.00000000
3.5  0.99991331 0.00000763 0.00000004 0.00000090 0.00001309 0.00000002 0.00000018 0.00001025 0.00004268 0.00001191  1.00000000
4.0  0.99988636 0.00003286 0.00000015 0.00000138 0.00001087 0.00000060 0.00000057 0.00000023 0.00004161 0.00002538  1.00000000
4.5  0.99991561 0.00000325 0.00000003 0.00000158 0.00001127 0.00000056 0.00000054 0.00001071 0.00004248 0.00001397  1.00000000
5.0  0.99989343 0.00002548 0.00000003 0.00000053 0.00001403 0.00000002 0.00000022 0.00001897 0.00004071 0.00000659  1.00000000
5.5  0.99986847 0.00000748 0.00000001 0.00000834 0.00000756 0.00000086 0.00000090 0.00000769 0.00009259 0.00000610  1.00000000
6.0  0.99986790 0.00001561 0.00000028 0.00000839 0.00000607 0.00000092 0.00000102 0.00000042 0.00005157 0.00004783  1.00000000
6.5  0.99983117 0.00001346 0.00000000 0.00000972 0.00000932 0.00000001 0.00000041 0.00000974 0.00003715 0.00008901  1.00000000
7.0  0.99984998 0.00001183 0.00000000 0.00001453 0.00000935 0.00000130 0.00000130 0.00001411 0.00002177 0.00007584  1.00000000
7.5  0.99985624 0.00001460 0.00000002 0.00001229 0.00000880 0.00000157 0.00000182 0.00000444 0.00003882 0.00006139  1.00000000
8.0  0.99982605 0.00001661 0.00000003 0.00001410 0.00001412 0.00000008 0.00000086 0.00000074 0.00005184 0.00007557  1.00000000
8.5  0.99983587 0.00001024 0.00000003 0.00001480 0.00000312 0.00000042 0.00000052 0.00000825 0.00003989 0.00008686  1.00000000
9.0  0.99987035 0.00002636 0.00000001 0.00002088 0.00000494 0.00000120 0.00000052 0.00000676 0.00002793 0.00004105  1.00000000
9.5  0.99987347 0.00000454 0.00000055 0.00002645 0.00000453 0.00000404 0.00000126 0.00000083 0.00004407 0.00004025  1.00000000
10.0  0.99979822 0.00003690 0.00000006 0.00002049 0.00000522 0.00000462 0.00000541 0.00002980 0.00003576 0.00006350  1.00000000
10.5  0.99984498 0.00000087 0.00000023 0.00002935 0.00000231 0.00000187 0.00000519 0.00002869 0.00002736 0.00005915  1.00000000
11.0  0.99981930 0.00004203 0.00000003 0.00003412 0.00000146 0.00000258 0.00000164 0.00002527 0.00003041 0.00004315  1.00000000
11.5  0.99985292 0.00000162 0.00000033 0.00002377 0.00000420 0.00001336 0.00000173 0.00003205 0.00001926 0.00005075  1.00000000
12.0  0.99980926 0.00004014 0.00000048 0.00002844 0.00000664 0.00001542 0.00000041 0.00003613 0.00000584 0.00005725  1.00000000
12.5  0.99986936 0.00000682 0.00000054 0.00002445 0.00001017 0.00000439 0.00000048 0.00003587 0.00001314 0.00003478  1.00000000
13.0  0.99981701 0.00003443 0.00000036 0.00002007 0.00001347 0.00000954 0.00000279 0.00003714 0.00002276 0.00004242  1.00000000
13.5  0.99983341 0.00001373 0.00000059 0.00001668 0.00001264 0.00002556 0.00000209 0.00003557 0.00001768 0.00004204  1.00000000
14.0  0.99984243 0.00002445 0.00000042 0.00001483 0.00001329 0.00001624 0.00000173 0.00003620 0.00000809 0.00004231  1.00000000
14.5  0.99983868 0.00001983 0.00000036 0.00001675 0.00001450 0.00000871 0.00000185 0.00003877 0.00001123 0.00004933  1.00000000
15.0  0.99982132 0.00001572 0.00000018 0.00001592 0.00001305 0.00002415 0.00000793 0.00003959 0.00001911 0.00004303  1.00000000
15.5  0.99981326 0.00002163 0.00000010 0.00001419 0.00001356 0.00002668 0.00000808 0.00004864 0.00001631 0.00003756  1.00000000
16.0  0.99984072 0.00000927 0.00000031 0.00001281 0.00001844 0.00001449 0.00000770 0.00004350 0.00000858 0.00004418  1.00000000
16.5  0.99984068 0.00002118 0.00000027 0.00001283 0.00001820 0.00002247 0.00000000 0.00003218 0.00000808 0.00004412  1.00000000
17.0  0.99987546 0.00000786 0.00000044 0.00001011 0.00002201 0.00001782 0.00001097 0.00003027 0.00001162 0.00001343  1.00000000
17.5  0.99986230 0.00001655 0.00000031 0.00000386 0.00002500 0.00003218 0.00000278 0.00002787 0.00001795 0.00001121  1.00000000
18.0  0.99985916 0.00001084 0.00000029 0.00000728 0.00003857 0.00003963 0.00000097 0.00002551 0.00000577 0.00001199  1.00000000
18.5  0.99988764 0.00001062 0.00000013 0.00000134 0.00004044 0.00002920 0.00000127 0.00001287 0.00000385 0.00001265  1.00000000
19.0  0.99979663 0.00001889 0.00000021 0.00000095 0.00003247 0.00008036 0.00000113 0.00002427 0.00000155 0.00004353  1.00000000
19.5  0.99979321 0.00000635 0.00000043 0.00000123 0.00004432 0.00007452 0.00000012 0.00003210 0.00000653 0.00004118  1.00000000
20.0  0.99978605 0.00002645 0.00000061 0.00000023 0.00004073 0.00008165 0.00000355 0.00002107 0.00000887 0.00003080  1.00000000
20.5  0.99980955 0.00000588 0.00000058 0.00000005 0.00003320 0.00009055 0.00001016 0.00001265 0.00000309 0.00003430  1.00000000
21.0  0.99975981 0.00002955 0.00000049 0.00000033 0.00005265 0.00009062 0.00001139 0.00002573 0.00000039 0.00002904  1.00000000
21.5  0.99977877 0.00001338 0.00000039 0.00000139 0.00004870 0.00008337 0.00000414 0.00003567 0.00000526 0.00002894  1.00000000
22.0  0.99979808 0.00002561 0.00000023 0.00000107 0.00002756 0.00008586 0.00000122 0.00001969 0.00000985 0.00003082  1.00000000
22.5  0.99975685 0.00002741 0.00000066 0.00000167 0.00004549 0.00009095 0.00001124 0.00001637 0.00000920 0.00004015  1.00000000
23.0  0.99975633 0.00001532 0.00000103 0.00000228 0.00003241 0.00009929 0.00002492 0.00002515 0.00000679 0.00003648  1.00000000
23.5  0.99971809 0.00004212 0.00000140 0.00000197 0.00002656 0.00009778 0.00002153 0.00003146 0.00000813 0.00005095  1.00000000
24.0  0.99974067 0.00000473 0.00000150 0.00000440 0.00003978 0.00010021 0.00000783 0.00001939 0.00000939 0.00007210  1.00000000
24.5  0.99968954 0.00004877 0.00000181 0.00000130 0.00004712 0.00009844 0.00000994 0.00001694 0.00001064 0.00007550  1.00000000
25.0  0.99970563 0.00000013 0.00000193 0.00000359 0.00004818 0.00009643 0.00003147 0.00002628 0.00001930 0.00006705  1.00000000
25.5  0.99964430 0.00004377 0.00000132 0.00000536 0.00005769 0.00008909 0.00004761 0.00002716 0.00001265 0.00007106  1.00000000
26.0  0.99971912 0.00000408 0.00000109 0.00000177 0.00004138 0.00008172 0.00003958 0.00002136 0.00000887 0.00008103  1.00000000
26.5  0.99970781 0.00002915 0.00000082 0.00000373 0.00004766 0.00008430 0.00001125 0.00002237 0.00000960 0.00008332  1.00000000
27.0  0.99968260 0.00001210 0.00000178 0.00000121 0.00006102 0.00009971 0.00001917 0.00001464 0.00001715 0.00009063  1.00000000
27.5  0.99968056 0.00001671 0.00000182 0.00000704 0.00005275 0.00007904 0.00003562 0.00001806 0.00002285 0.00008555  1.00000000
28.0  0.99970525 0.00001843 0.00000223 0.00001509 0.00004451 0.00004674 0.00003677 0.00002488 0.00003626 0.00006982  1.00000000
28.5  0.99972103 0.00001053 0.00000204 0.00002067 0.00004230 0.00003413 0.00003116 0.00003410 0.00002255 0.00008148  1.00000000
29.0  0.99969554 0.00001682 0.00000164 0.00001751 0.00002231 0.00004559 0.00003683 0.00001756 0.00002646 0.00011973  1.00000000
29.5  0.99966553 0.00001149 0.00000169 0.00002139 0.00003214 0.00004282 0.00005765 0.00003605 0.00002813 0.00010311  1.00000000
30.0  0.99966811 0.00001310 0.00000119 0.00001970 0.00003392 0.00003282 0.00006458 0.00004172 0.00001875 0.00010610  1.00000000
30.5  0.99963809 0.00001584 0.00000168 0.00001863 0.00003359 0.00001509 0.00006359 0.00003305 0.00005116 0.00012927  1.00000000
31.0  0.99962217 0.00001029 0.00000127 0.00003622 0.00003390 0.00000665 0.00006870 0.00002898 0.00000032 0.00019150  1.00000000
31.5  0.99964041 0.00001724 0.00000206 0.00003359 0.00003586 0.00001253 0.00006996 0.00004193 0.00001809 0.00012834  1.00000000
32.0  0.99962995 0.00001290 0.00000122 0.00003174 0.00003182 0.00002632 0.00007642 0.00004655 0.00001123 0.00013186  1.00000000
32.5  0.99959752 0.00001403 0.00000217 0.00003511 0.00002816 0.00002700 0.00008276 0.00004247 0.00000717 0.00016361  1.00000000
33.0  0.99957035 0.00002088 0.00000169 0.00005871 0.00003743 0.00002053 0.00009007 0.00003754 0.00000924 0.00015356  1.00000000
33.5  0.99966483 0.00000709 0.00000299 0.00005619 0.00003391 0.00001125 0.00007927 0.00004506 0.00000162 0.00009779  1.00000000
34.0  0.99961919 0.00003280 0.00000199 0.00005555 0.00002942 0.00001488 0.00006816 0.00005087 0.00001493 0.00011220  1.00000000
34.5  0.99963267 0.00000156 0.00000203 0.00005311 0.00004380 0.00002494 0.00007833 0.00004828 0.00000043 0.00011485  1.00000000
35.0  0.99959713 0.00004033 0.00000206 0.00004865 0.00002383 0.00002632 0.00009198 0.00004873 0.00000979 0.00011118  1.00000000
35.5  0.99963817 0.00000167 0.00000217 0.00004948 0.00002183 0.00001860 0.00009389 0.00004858 0.00001658 0.00010903  1.00000000
36.0  0.99958274 0.00004009 0.00000257 0.00006677 0.00002707 0.00001307 0.00007337 0.00004761 0.00000588 0.00014084  1.00000000
36.5  0.99966138 0.00000809 0.00000237 0.00004377 0.00002585 0.00001189 0.00006736 0.00004960 0.00000221 0.00012747  1.00000000
37.0  0.99965454 0.00003266 0.00000264 0.00005009 0.00003349 0.00001087 0.00006475 0.00005280 0.00000718 0.00009099  1.00000000
37.5  0.99957421 0.00001706 0.00000176 0.00005522 0.00003419 0.00000587 0.00012391 0.00005421 0.00001351 0.00012005  1.00000000
38.0  0.99952030 0.00002136 0.00000246 0.00004971 0.00004009 0.00002287 0.00009378 0.00004128 0.00002529 0.00018286  1.00000000
38.5  0.99949778 0.00002368 0.00000136 0.00004780 0.00004445 0.00003564 0.00005801 0.00000969 0.00011590 0.00016569  1.00000000
39.0  0.99951299 0.00001210 0.00000285 0.00004581 0.00004140 0.00004758 0.00003972 0.00001211 0.00012568 0.00015976  1.00000000
39.5  0.99941170 0.00002658 0.00000214 0.00004074 0.00004832 0.00004763 0.00005032 0.00002181 0.00009773 0.00025304  1.00000000
40.0  0.99948358 0.00000671 0.00000200 0.00004217 0.00005100 0.00005624 0.00004178 0.00000646 0.00009849 0.00021157  1.00000000
40.5  0.99952215 0.00002248 0.00000161 0.00004312 0.00002842 0.00005698 0.00004019 0.00000395 0.00013115 0.00014994  1.00000000
41.0  0.99943900 0.00000793 0.00000172 0.00004566 0.00004434 0.00006081 0.00003191 0.00001579 0.00015140 0.00020144  1.00000000
41.5  0.99945222 0.00001458 0.00000246 0.00003433 0.00004686 0.00006094 0.00002306 0.00003166 0.00010830 0.00022560  1.00000000
42.0  0.99954403 0.00001552 0.00000243 0.00003899 0.00004143 0.00005246 0.00002167 0.00000434 0.00009046 0.00018868  1.00000000
42.5  0.99947933 0.00000687 0.00000292 0.00003730 0.00005366 0.00004692 0.00004932 0.00000103 0.00012543 0.00019721  1.00000000
43.0  0.99937539 0.00002531 0.00000231 0.00001482 0.00005759 0.00006261 0.00007103 0.00000093 0.00015084 0.00023918  1.00000000
43.5  0.99950032 0.00000407 0.00000408 0.00002123 0.00003311 0.00008194 0.00005210 0.00000208 0.00010323 0.00019784  1.00000000
44.0  0.99955578 0.00003373 0.00000303 0.00002443 0.00004992 0.00006953 0.00002416 0.00000190 0.00006697 0.00017055  1.00000000
44.5  0.99954878 0.00000776 0.00000306 0.00004824 0.00004737 0.00003762 0.00003698 0.00000349 0.00010375 0.00016294  1.00000000
45.0  0.99947877 0.00003462 0.00000271 0.00005815 0.00003415 0.00004300 0.00003670 0.00000415 0.00013616 0.00017159  1.00000000
45.5  0.99947868 0.00001594 0.00000266 0.00005330 0.00002897 0.00007563 0.00003534 0.00000122 0.00011353 0.00019473  1.00000000
46.0  0.99946311 0.00003013 0.00000368 0.00003798 0.00003003 0.00008299 0.00004897 0.00000518 0.00009502 0.00020291  1.00000000
46.5  0.99941451 0.00002905 0.00000361 0.00010374 0.00003090 0.00005481 0.00002742 0.00000512 0.00012773 0.00020311  1.00000000
47.0  0.99935956 0.00001995 0.00000326 0.00009978 0.00003472 0.00004837 0.00003210 0.00006175 0.00007231 0.00026821  1.00000000
47.5  0.99929173 0.00003919 0.00000304 0.00011387 0.00003717 0.00009173 0.00001323 0.00004388 0.00009676 0.00026938  1.00000000
48.0  0.99935660 0.00000906 0.00000578 0.00010121 0.00005640 0.00007830 0.00006692 0.00002101 0.00011025 0.00019447  1.00000000
48.5  0.99934822 0.00004335 0.00000548 0.00010631 0.00005092 0.00008445 0.00004593 0.00004203 0.00007073 0.00020257  1.00000000
49.0  0.99941937 0.00000186 0.00000583 0.00010140 0.00005280 0.00003564 0.00002465 0.00005808 0.00005419 0.00024619  1.00000000
49.5  0.99943053 0.00004233 0.00000789 0.00009611 0.00003122 0.00003081 0.00002593 0.00002771 0.00008665 0.00022082  1.00000000
50.0  0.99945071 0.00000091 0.00000632 0.00009215 0.00002534 0.00006300 0.00002173 0.00001870 0.00012277 0.00019838  1.00000000
50.5  0.99934830 0.00003301 0.00000722 0.00009872 0.00002678 0.00009059 0.00002202 0.00004114 0.00006265 0.00026958  1.00000000
51.0  0.99937962 0.00000479 0.00000514 0.00010724 0.00005249 0.00006380 0.00002238 0.00005206 0.00015987 0.00015261  1.00000000
51.5  0.99939658 0.00001988 0.00000632 0.00012652 0.00005525 0.00004065 0.00002456 0.00002724 0.00010389 0.00019910  1.00000000
52.0  0.99939899 0.00001075 0.00000535 0.00013788 0.00005324 0.00003901 0.00002115 0.00003046 0.00014415 0.00015902  1.00000000
52.5  0.99936136 0.00001122 0.00000698 0.00013321 0.00006284 0.00009679 0.00003217 0.00004911 0.00014904 0.00009727  1.00000000
53.0  0.99929141 0.00001243 0.00000576 0.00015966 0.00005809 0.00010738 0.00003005 0.00005994 0.00012185 0.00015343  1.00000000
53.5  0.99920776 0.00000945 0.00001009 0.00014256 0.00006695 0.00008312 0.00004096 0.00004245 0.00019321 0.00020344  1.00000000
54.0  0.99921405 0.00000908 0.00000742 0.00015304 0.00004805 0.00003168 0.00003589 0.00004640 0.00008319 0.00037119  1.00000000
54.5  0.99919579 0.00001515 0.00000626 0.00018418 0.00005014 0.00004467 0.00003292 0.00004012 0.00016872 0.00026205  1.00000000
55.0  0.99924842 0.00000407 0.00000731 0.00016482 0.00003678 0.00009224 0.00003041 0.00004160 0.00009566 0.00027869  1.00000000
55.5  0.99913645 0.00002313 0.00000587 0.00019057 0.00006174 0.00010752 0.00003142 0.00004848 0.00008821 0.00030660  1.00000000
56.0  0.99914316 0.00000413 0.00000951 0.00023580 0.00001086 0.00007770 0.00002107 0.00009226 0.00010448 0.00030102  1.00000000
56.5  0.99918193 0.00002524 0.00001000 0.00017443 0.00003767 0.00004224 0.00001445 0.00013570 0.00007030 0.00030804  1.00000000
57.0  0.99927026 0.00001424 0.00001273 0.00016579 0.00000987 0.00005378 0.00001071 0.00009517 0.00005869 0.00030876  1.00000000
57.5  0.99916629 0.00001880 0.00001030 0.00018726 0.00001952 0.00008977 0.00002539 0.00009255 0.00006792 0.00032220  1.00000000
58.0  0.99906562 0.00003172 0.00000989 0.00018741 0.00003146 0.00012085 0.00000048 0.00016200 0.00006351 0.00032706  1.00000000
58.5  0.99915419 0.00000892 0.00000857 0.00014090 0.00003157 0.00012365 0.00000261 0.00017332 0.00003212 0.00032416  1.00000000
59.0  0.99919278 0.00005021 0.00000903 0.00019633 0.00002949 0.00011412 0.00000920 0.00012042 0.00003159 0.00024684  1.00000000
59.5  0.99927819 0.00000275 0.00000986 0.00017237 0.00003835 0.00011759 0.00000858 0.00009508 0.00001943 0.00025779  1.00000000
60.0  0.99915875 0.00006188 0.00001117 0.00014785 0.00004177 0.00010123 0.00000387 0.00015042 0.00001871 0.00030434  1.00000000
60.5  0.99917833 0.00000412 0.00001177 0.00019748 0.00004283 0.00008437 0.00001611 0.00016949 0.00002767 0.00026783  1.00000000
61.0  0.99923330 0.00005494 0.00001048 0.00017464 0.00004439 0.00009284 0.00001464 0.00009612 0.00002861 0.00025005  1.00000000
61.5  0.99916967 0.00001437 0.00001067 0.00016454 0.00003014 0.00010772 0.00001586 0.00007636 0.00003727 0.00037339  1.00000000
62.0  0.99898700 0.00004072 0.00001029 0.00023255 0.00002724 0.00012677 0.00001609 0.00012223 0.00002679 0.00041032  1.00000000
62.5  0.99913121 0.00002412 0.00001065 0.00019697 0.00005954 0.00012457 0.00001664 0.00014380 0.00002728 0.00026521  1.00000000
63.0  0.99918552 0.00002188 0.00000949 0.00020293 0.00005717 0.00012288 0.00001615 0.00009066 0.00001252 0.00028080  1.00000000
63.5  0.99908770 0.00002923 0.00001002 0.00023150 0.00004995 0.00012660 0.00001541 0.00006853 0.00001816 0.00036291  1.00000000
64.0  0.99912879 0.00000850 0.00000926 0.00023730 0.00003170 0.00013560 0.00000960 0.00010926 0.00001346 0.00031652  1.00000000
64.5  0.99914709 0.00002599 0.00001068 0.00021069 0.00002685 0.00013288 0.00001479 0.00012692 0.00001085 0.00029326  1.00000000
65.0  0.99912349 0.00000397 0.00001347 0.00024895 0.00001980 0.00015249 0.00000543 0.00009341 0.00000255 0.00033644  1.00000000
65.5  0.99912233 0.00001838 0.00001417 0.00025168 0.00003295 0.00012619 0.00000540 0.00009167 0.00000048 0.00033675  1.00000000
66.0  0.99919265 0.00000588 0.00001283 0.00026537 0.00001775 0.00010072 0.00004663 0.00011050 0.00000027 0.00024740  1.00000000
66.5  0.99922128 0.00000841 0.00000903 0.00024899 0.00002398 0.00008609 0.00003303 0.00012111 0.00001272 0.00023538  1.00000000
67.0  0.99912934 0.00001416 0.00000853 0.00031257 0.00001114 0.00007897 0.00003538 0.00005038 0.00007727 0.00028227  1.00000000
67.5  0.99918970 0.00000331 0.00000912 0.00029782 0.00002011 0.00000102 0.00010416 0.00001909 0.00011117 0.00024450  1.00000000
68.0  0.99911995 0.00002329 0.00001201 0.00031398 0.00000718 0.00002620 0.00008227 0.00001522 0.00013406 0.00026583  1.00000000
68.5  0.99911055 0.00000248 0.00001098 0.00030221 0.00003201 0.00002138 0.00007726 0.00002709 0.00013265 0.00028338  1.00000000
69.0  0.99911672 0.00003325 0.00001225 0.00031536 0.00000240 0.00001047 0.00005242 0.00002532 0.00015741 0.00027439  1.00000000
69.5  0.99917447 0.00000696 0.00000960 0.00029453 0.00000666 0.00000690 0.00004490 0.00004140 0.00015185 0.00026273  1.00000000
70.0  0.99919906 0.00003809 0.00000867 0.00029553 0.00000364 0.00001694 0.00003272 0.00004185 0.00015387 0.00020962  1.00000000
70.5  0.99917133 0.00001798 0.00000983 0.00030001 0.00000359 0.00002046 0.00002491 0.00004250 0.00014837 0.00026102  1.00000000
71.0  0.99909772 0.00003673 0.00000986 0.00028309 0.00000130 0.00001914 0.00003893 0.00005932 0.00019215 0.00026176  1.00000000
71.5  0.99907547 0.00003588 0.00000949 0.00029423 0.00000149 0.00001292 0.00003233 0.00006049 0.00019919 0.00027851  1.00000000
72.0  0.99915747 0.00002749 0.00000987 0.00029580 0.00000191 0.00001130 0.00001814 0.00004301 0.00018078 0.00025422  1.00000000
72.5  0.99915631 0.00005399 0.00001189 0.00028355 0.00000163 0.00001560 0.00001637 0.00004601 0.00016745 0.00024721  1.00000000
73.0  0.99905566 0.00001759 0.00001099 0.00030160 0.00000256 0.00002004 0.00001824 0.00005609 0.00020276 0.00031447  1.00000000
73.5  0.99905663 0.00006395 0.00001238 0.00027119 0.00000532 0.00001813 0.00001469 0.00005733 0.00024172 0.00025866  1.00000000
74.0  0.99921291 0.00000634 0.00001126 0.00027076 0.00000754 0.00001882 0.00001618 0.00005138 0.00019347 0.00021131  1.00000000
74.5  0.99913995 0.00006277 0.00001079 0.00027917 0.00000514 0.00001585 0.00002191 0.00006148 0.00016872 0.00023422  1.00000000
75.0  0.99910108 0.00000237 0.00001035 0.00033107 0.00000635 0.00001576 0.00002995 0.00006827 0.00016457 0.00027021  1.00000000
75.5  0.99900080 0.00004869 0.00001049 0.00034753 0.00000483 0.00001119 0.00003414 0.00010672 0.00012703 0.00030857  1.00000000
76.0  0.99898706 0.00000552 0.00001137 0.00036614 0.00000879 0.00001729 0.00006368 0.00018662 0.00004834 0.00030520  1.00000000
76.5  0.99891582 0.00002541 0.00000856 0.00032731 0.00001419 0.00003794 0.00007878 0.00016460 0.00004859 0.00037880  1.00000000
77.0  0.99892695 0.00001103 0.00001013 0.00033256 0.00002433 0.00003944 0.00008546 0.00016806 0.00003204 0.00037000  1.00000000
77.5  0.99889558 0.00001084 0.00001022 0.00033314 0.00002071 0.00001796 0.00009722 0.00016844 0.00004771 0.00039817  1.00000000
78.0  0.99901177 0.00001193 0.00001244 0.00030462 0.00002431 0.00001376 0.00012399 0.00012382 0.00002408 0.00034929  1.00000000
78.5  0.99906597 0.00000748 0.00001176 0.00031628 0.00001885 0.00002647 0.00011827 0.00012455 0.00002373 0.00028664  1.00000000
79.0  0.99899839 0.00000698 0.00001257 0.00031517 0.00001817 0.00004209 0.00011133 0.00013337 0.00000321 0.00035871  1.00000000
79.5  0.99894009 0.00001447 0.00001031 0.00032072 0.00001524 0.00004059 0.00013308 0.00013235 0.00002183 0.00037131  1.00000000
80.0  0.99901904 0.00000231 0.00001287 0.00037227 0.00001281 0.00002224 0.00013210 0.00011771 0.00001461 0.00029404  1.00000000
80.5  0.99909318 0.00002515 0.00001197 0.00034307 0.00000424 0.00000890 0.00009617 0.00012453 0.00001619 0.00027662  1.00000000
81.0  0.99903784 0.00000260 0.00001158 0.00035037 0.00000434 0.00001751 0.00010684 0.00013806 0.00001943 0.00031143  1.00000000
81.5  0.99891178 0.00002902 0.00001152 0.00037200 0.00001055 0.00004052 0.00012909 0.00015119 0.00001493 0.00032939  1.00000000
82.0  0.99903911 0.00001304 0.00001206 0.00032028 0.00001422 0.00004696 0.00010428 0.00014663 0.00004556 0.00025787  1.00000000
82.5  0.99901183 0.00002409 0.00001219 0.00033793 0.00002863 0.00003338 0.00008545 0.00016169 0.00001288 0.00029193  1.00000000
83.0  0.99884887 0.00003181 0.00001362 0.00035142 0.00002086 0.00001145 0.00013659 0.00017615 0.00008987 0.00031938  1.00000000
83.5  0.99897461 0.00001319 0.00001349 0.00027375 0.00002020 0.00001769 0.00014634 0.00016318 0.00003560 0.00034194  1.00000000
84.0  0.99906721 0.00005037 0.00001610 0.00023700 0.00000434 0.00003643 0.00013364 0.00013856 0.00003155 0.00028481  1.00000000
84.5  0.99904884 0.00000501 0.00001128 0.00022596 0.00001002 0.00005982 0.00017418 0.00014786 0.00001381 0.00030322  1.00000000
85.0  0.99895918 0.00005874 0.00001337 0.00020887 0.00000216 0.00002233 0.00030602 0.00003121 0.00006805 0.00033007  1.00000000
85.5  0.99906850 0.00000762 0.00001183 0.00020797 0.00001009 0.00002951 0.00027175 0.00000618 0.00003589 0.00035065  1.00000000
86.0  0.99898131 0.00005259 0.00001189 0.00020865 0.00000546 0.00000416 0.00032724 0.00001329 0.00002483 0.00037059  1.00000000
86.5  0.99889189 0.00001633 0.00000910 0.00020691 0.00000966 0.00004341 0.00028388 0.00003114 0.00002634 0.00048134  1.00000000
87.0  0.99886803 0.00004137 0.00001107 0.00020131 0.00001635 0.00004117 0.00030292 0.00002420 0.00001300 0.00048057  1.00000000
87.5  0.99895171 0.00002590 0.00000998 0.00017749 0.00001796 0.00002327 0.00036690 0.00000822 0.00000605 0.00041252  1.00000000
88.0  0.99891545 0.00002483 0.00001098 0.00016248 0.00001854 0.00000826 0.00037014 0.00000877 0.00001441 0.00046616  1.00000000
88.5  0.99880428 0.00003169 0.00001147 0.00019884 0.00000939 0.00002217 0.00033503 0.00001798 0.00002033 0.00054882  1.00000000
89.0  0.99883948 0.00001062 0.00001021 0.00018003 0.00000961 0.00004441 0.00039384 0.00001412 0.00001294 0.00048475  1.00000000
89.5  0.99883136 0.00002969 0.00000981 0.00017124 0.00002780 0.00004552 0.00043548 0.00000438 0.00000493 0.00043980  1.00000000
90.0  0.99891376 0.00000250 0.00000931 0.00014792 0.00003848 0.00002289 0.00037414 0.00000491 0.00001127 0.00047483  1.00000000
90.5  0.99888716 0.00002141 0.00000982 0.00015954 0.00003308 0.00001029 0.00037791 0.00001197 0.00001977 0.00046905  1.00000000
91.0  0.99891716 0.00000226 0.00000882 0.00016295 0.00002162 0.00002401 0.00046553 0.00001151 0.00001765 0.00036849  1.00000000
91.5  0.99892903 0.00001059 0.00000833 0.00015389 0.00002041 0.00004762 0.00041347 0.00000711 0.00000775 0.00040179  1.00000000
92.0  0.99895082 0.00000834 0.00000830 0.00018700 0.00002564 0.00005261 0.00034004 0.00000718 0.00000726 0.00041282  1.00000000
92.5  0.99885865 0.00000369 0.00000932 0.00018232 0.00003485 0.00003022 0.00045992 0.00000872 0.00001776 0.00039456  1.00000000
93.0  0.99882861 0.00001884 0.00001037 0.00018093 0.00003865 0.00000751 0.00049054 0.00000983 0.00002034 0.00039438  1.00000000
93.5  0.99897399 0.00000283 0.00001218 0.00018619 0.00003971 0.00000813 0.00036994 0.00000961 0.00001014 0.00038727  1.00000000
94.0  0.99888643 0.00002769 0.00001082 0.00018576 0.00005080 0.00002954 0.00039418 0.00001053 0.00000514 0.00039912  1.00000000
94.5  0.99875891 0.00000941 0.00000941 0.00018352 0.00005724 0.00004340 0.00051068 0.00000375 0.00000846 0.00041522  1.00000000
95.0  0.99868152 0.00003007 0.00000985 0.00025895 0.00005351 0.00006560 0.00038107 0.00000696 0.00001208 0.00050037  1.00000000
95.5  0.99872178 0.00002127 0.00000962 0.00026115 0.00005720 0.00001141 0.00042861 0.00001496 0.00001838 0.00045561  1.00000000
96.0  0.99871926 0.00002810 0.00000890 0.00027578 0.00005614 0.00005846 0.00037848 0.00001689 0.00003941 0.00041857  1.00000000
96.5  0.99870421 0.00003427 0.00001084 0.00022596 0.00006483 0.00007056 0.00023332 0.00012078 0.00006007 0.00047515  1.00000000
97.0  0.99875016 0.00002143 0.00001081 0.00025631 0.00005325 0.00003407 0.00021893 0.00006466 0.00011966 0.00047073  1.00000000
97.5  0.99875508 0.00004331 0.00001078 0.00025655 0.00006657 0.00001553 0.00020776 0.00008626 0.00011793 0.00044022  1.00000000
98.0  0.99875511 0.00001333 0.00001239 0.00027177 0.00005553 0.00007425 0.00018605 0.00006840 0.00011063 0.00045253  1.00000000
98.5  0.99877354 0.00004668 0.00001161 0.00024587 0.00006762 0.00012229 0.00018595 0.00005430 0.00006793 0.00042422  1.00000000
99.0  0.99871342 0.00000675 0.00001503 0.00026336 0.00007438 0.00009926 0.00025348 0.00002173 0.00010149 0.00045109  1.00000000
99.5  0.99865230 0.00004548 0.00001306 0.00027405 0.00008122 0.00007489 0.00026994 0.00000387 0.00013870 0.00044650  1.00000000
100.0  0.99878493 0.00000216 0.00001582 0.00026826 0.00007474 0.00007982 0.00024196 0.00000163 0.00011972 0.00041096  1.00000000
100.5  0.99873952 0.00004175 0.00001280 0.00023145 0.00007838 0.00012148 0.00023743 0.00000813 0.00008655 0.00044251  1.00000000
101.0  0.99864504 0.00000240 0.00001300 0.00027831 0.00005842 0.00012793 0.00022313 0.00003213 0.00009242 0.00052720  1.00000000
101.5  0.99866662 0.00002914 0.00001240 0.00024496 0.00006937 0.00009208 0.00015567 0.00004945 0.00013713 0.00054320  1.00000000
102.0  0.99875987 0.00000616 0.00001697 0.00026648 0.00003425 0.00006814 0.00018171 0.00003530 0.00011043 0.00052070  1.00000000
102.5  0.99854592 0.00001904 0.00001700 0.00026663 0.00006498 0.00007015 0.00021604 0.00003502 0.00010325 0.00066196  1.00000000
103.0  0.99852627 0.00000985 0.00001733 0.00027184 0.00004804 0.00006723 0.00023822 0.00007003 0.00008258 0.00066861  1.00000000
103.5  0.99870235 0.00000808 0.00001546 0.00024737 0.00010057 0.00006995 0.00015272 0.00010409 0.00009558 0.00050382  1.00000000
104.0  0.99876530 0.00001154 0.00001110 0.00026853 0.00006947 0.00010535 0.00008551 0.00006896 0.00010849 0.00050577  1.00000000
104.5  0.99866722 0.00000497 0.00000968 0.00027143 0.00010808 0.00015927 0.00008146 0.00009025 0.00006174 0.00054590  1.00000000
105.0  0.99863895 0.00000709 0.00001069 0.00032086 0.00006914 0.00021648 0.00010807 0.00008076 0.00009127 0.00045669  1.00000000
105.5  0.99873952 0.00000914 0.00001691 0.00028324 0.00011971 0.00019776 0.00010854 0.00009654 0.00004456 0.00038409  1.00000000
106.0  0.99869073 0.00000270 0.00001655 0.00031982 0.00010479 0.00013031 0.00007330 0.00009250 0.00006746 0.00050185  1.00000000
106.5  0.99859828 0.00001860 0.00001569 0.00026844 0.00018000 0.00011600 0.00005548 0.00010341 0.00013729 0.00050681  1.00000000
107.0  0.99876789 0.00000521 0.00001513 0.00032977 0.00013064 0.00017923 0.00006739 0.00009175 0.00013527 0.00027773  1.00000000
107.5  0.99863280 0.00001952 0.00001316 0.00030764 0.00017348 0.00025096 0.00008733 0.00007551 0.00013424 0.00030537  1.00000000
108.0  0.99844028 0.00002085 0.00001279 0.00033206 0.00011764 0.00025092 0.00007934 0.00008028 0.00013095 0.00053490  1.00000000
108.5  0.99861778 0.00001494 0.00001330 0.00028805 0.00012656 0.00017683 0.00005437 0.00010903 0.00006187 0.00053727  1.00000000
109.0  0.99881144 0.00004561 0.00001265 0.00029560 0.00012216 0.00012807 0.00004719 0.00009609 0.00008638 0.00035481  1.00000000
109.5  0.99874920 0.00000589 0.00001457 0.00027172 0.00012870 0.00015255 0.00006876 0.00006185 0.00017600 0.00037075  1.00000000
110.0  0.99857027 0.00006156 0.00001220 0.00027700 0.00012291 0.00024365 0.00009339 0.00006363 0.00017476 0.00038063  1.00000000
110.5  0.99865555 0.00000579 0.00001647 0.00026184 0.00011888 0.00028219 0.00007933 0.00010292 0.00004576 0.00043128  1.00000000
111.0  0.99865456 0.00005859 0.00001355 0.00022427 0.00014035 0.00024088 0.00005491 0.00009087 0.00005564 0.00046637  1.00000000
111.5  0.99861629 0.00001668 0.00001524 0.00038533 0.00012166 0.00015473 0.00006279 0.00004433 0.00011696 0.00046599  1.00000000
112.0  0.99864310 0.00004230 0.00000837 0.00027832 0.00015493 0.00013717 0.00010140 0.00003972 0.00015807 0.00043663  1.00000000
112.5  0.99861977 0.00003298 0.00001026 0.00029834 0.00011878 0.00021797 0.00011686 0.00005237 0.00007111 0.00046156  1.00000000
113.0  0.99857567 0.00001913 0.00000866 0.00028050 0.00018181 0.00028631 0.00007870 0.00005322 0.00006398 0.00045202  1.00000000
113.5  0.99864098 0.00004205 0.00001376 0.00026099 0.00012884 0.00025142 0.00006970 0.00001832 0.00008622 0.00048773  1.00000000
114.0  0.99876118 0.00000452 0.00001251 0.00016640 0.00023041 0.00015807 0.00008018 0.00007909 0.00006087 0.00044678  1.00000000
114.5  0.99869835 0.00003852 0.00001209 0.00031790 0.00011781 0.00004268 0.00020676 0.00006975 0.00008628 0.00040987  1.00000000
115.0  0.99878066 0.00000010 0.00001186 0.00028131 0.00015831 0.00005351 0.00017795 0.00009250 0.00006562 0.00037818  1.00000000
115.5  0.99874141 0.00002954 0.00000797 0.00030499 0.00011501 0.00003288 0.00019329 0.00008480 0.00007211 0.00041799  1.00000000
116.0  0.99882788 0.00000367 0.00001005 0.00030985 0.00014729 0.00002748 0.00017287 0.00013059 0.00007076 0.00029955  1.00000000
116.5  0.99874764 0.00001855 0.00001019 0.00038738 0.00011754 0.00002896 0.00012601 0.00019694 0.00007130 0.00029549  1.00000000
117.0  0.99887561 0.00000825 0.00001314 0.00036051 0.00012614 0.00002744 0.00010985 0.00018775 0.00007009 0.00022120  1.00000000
117.5  0.99889233 0.00001124 0.00001302 0.00035961 0.00012049 0.00002852 0.00013253 0.00014678 0.00007427 0.00022122  1.00000000
118.0  0.99877618 0.00001208 0.00001221 0.00039782 0.00015802 0.00002960 0.00014335 0.00016102 0.00006963 0.00024008  1.00000000
118.5  0.99876541 0.00001162 0.00001408 0.00036740 0.00017998 0.00003247 0.00014142 0.00020097 0.00006994 0.00021670  1.00000000
119.0  0.99874389 0.00001082 0.00001219 0.00037982 0.00018407 0.00002516 0.00011491 0.00018279 0.00009807 0.00024828  1.00000000
119.5  0.99886599 0.00001835 0.00001252 0.00035925 0.00017205 0.00003321 0.00011485 0.00014120 0.00009407 0.00018851  1.00000000
120.0  0.99891437 0.00000912 0.00001024 0.00035791 0.00014763 0.00003068 0.00011443 0.00013078 0.00008361 0.00020124  1.00000000
120.5  0.99890198 0.00003263 0.00001297 0.00033530 0.00016991 0.00004805 0.00011748 0.00014585 0.00008201 0.00015382  1.00000000
121.0  0.99888987 0.00000626 0.00001106 0.00035641 0.00017962 0.00006465 0.00009259 0.00014015 0.00010878 0.00015062  1.00000000
121.5  0.99891921 0.00004677 0.00001160 0.00028447 0.00021443 0.00007647 0.00009190 0.00009576 0.00011838 0.00014102  1.00000000
122.0  0.99897526 0.00000318 0.00001609 0.00029706 0.00021287 0.00009800 0.00007370 0.00007820 0.00009017 0.00015547  1.00000000
122.5  0.99892790 0.00006159 0.00001712 0.00024061 0.00025027 0.00009984 0.00007289 0.00006675 0.00008747 0.00017558  1.00000000
123.0  0.99892665 0.00000190 0.00001267 0.00025861 0.00026469 0.00015226 0.00002253 0.00009716 0.00011620 0.00014732  1.00000000
123.5  0.99892351 0.00006923 0.00001196 0.00023366 0.00029006 0.00009740 0.00001193 0.00012364 0.00008543 0.00015318  1.00000000
124.0  0.99896747 0.00000519 0.00001221 0.00023320 0.00025928 0.00003107 0.00005495 0.00013828 0.00015513 0.00014322  1.00000000
124.5  0.99892271 0.00006242 0.00001191 0.00022264 0.00022205 0.00003975 0.00011040 0.00014316 0.00012451 0.00014045  1.00000000
125.0  0.99898216 0.00001102 0.00001602 0.00015576 0.00027157 0.00007335 0.00009644 0.00009847 0.00016516 0.00013006  1.00000000
125.5  0.99899926 0.00004445 0.00001550 0.00015892 0.00025552 0.00004767 0.00009955 0.00008190 0.00018031 0.00011692  1.00000000
126.0  0.99903940 0.00001862 0.00001766 0.00018529 0.00022175 0.00002605 0.00011738 0.00009994 0.00015710 0.00011681  1.00000000
126.5  0.99900108 0.00002436 0.00001719 0.00019597 0.00021953 0.00003386 0.00012718 0.00011771 0.00014093 0.00012218  1.00000000
127.0  0.99895609 0.00002267 0.00001752 0.00018687 0.00025568 0.00004903 0.00012480 0.00009124 0.00017933 0.00011676  1.00000000
127.5  0.99897459 0.00000958 0.00001742 0.00020284 0.00021410 0.00004728 0.00010494 0.00006879 0.00021476 0.00014570  1.00000000
128.0  0.99898389 0.00001921 0.00001616 0.00021346 0.00021474 0.00003150 0.00011267 0.00008830 0.00018908 0.00013099  1.00000000
128.5  0.99903934 0.00000475 0.00001639 0.00021018 0.00023470 0.00002581 0.00012830 0.00010996 0.00013181 0.00009877  1.00000000
129.0  0.99906524 0.00001197 0.00001569 0.00020585 0.00022226 0.00003686 0.00012843 0.00008703 0.00016048 0.00006617  1.00000000
129.5  0.99905364 0.00001025 0.00001581 0.00020658 0.00023070 0.00004481 0.00012044 0.00005124 0.00020590 0.00006063  1.00000000
130.0  0.99907232 0.00000428 0.00001642 0.00020205 0.00023097 0.00004639 0.00010255 0.00007111 0.00021297 0.00004093  1.00000000
130.5  0.99904361 0.00002045 0.00001896 0.00021934 0.00024941 0.00004131 0.00012904 0.00008982 0.00015688 0.00003119  1.00000000
131.0  0.99908721 0.00000461 0.00002035 0.00017883 0.00024873 0.00004030 0.00013700 0.00008118 0.00016697 0.00003481  1.00000000
131.5  0.99901427 0.00002384 0.00002157 0.00021137 0.00025304 0.00005208 0.00013599 0.00002941 0.00022027 0.00003816  1.00000000
132.0  0.99903438 0.00001510 0.00001806 0.00021897 0.00024920 0.00006092 0.00011474 0.00005626 0.00019968 0.00003269  1.00000000
132.5  0.99896341 0.00001773 0.00001681 0.00022992 0.00031740 0.00005934 0.00009326 0.00005151 0.00018529 0.00006534  1.00000000
133.0  0.99885833 0.00003404 0.00001361 0.00028811 0.00031389 0.00004402 0.00010618 0.00008481 0.00013346 0.00012354  1.00000000
133.5  0.99897832 0.00000749 0.00001630 0.00028688 0.00028864 0.00004434 0.00009575 0.00007688 0.00008966 0.00011574  1.00000000
134.0  0.99896716 0.00005019 0.00001862 0.00027840 0.00028824 0.00004152 0.00009977 0.00009446 0.00007607 0.00008556  1.00000000
134.5  0.99889815 0.00000179 0.00002185 0.00033102 0.00027389 0.00005465 0.00010566 0.00016774 0.00005552 0.00008973  1.00000000
135.0  0.99889413 0.00005152 0.00002049 0.00029170 0.00026571 0.00005887 0.00011032 0.00018603 0.00006129 0.00005993  1.00000000
135.5  0.99898311 0.00000608 0.00001979 0.00030729 0.00029805 0.00005615 0.00009685 0.00009645 0.00007978 0.00005646  1.00000000
136.0  0.99895024 0.00004222 0.00001554 0.00033252 0.00030960 0.00004427 0.00009846 0.00007025 0.00006763 0.00006927  1.00000000
136.5  0.99886085 0.00001745 0.00001761 0.00031384 0.00031210 0.00007035 0.00018700 0.00009718 0.00004267 0.00008096  1.00000000
137.0  0.99879753 0.00002536 0.00001635 0.00035547 0.00027817 0.00005557 0.00023675 0.00007925 0.00006040 0.00009515  1.00000000
137.5  0.99883556 0.00002928 0.00002035 0.00035236 0.00031269 0.00003916 0.00022296 0.00002005 0.00007346 0.00009414  1.00000000
138.0  0.99896053 0.00000874 0.00001954 0.00033582 0.00029195 0.00005121 0.00018953 0.00000119 0.00005118 0.00009031  1.00000000
138.5  0.99887510 0.00003528 0.00002240 0.00038329 0.00026289 0.00006073 0.00023123 0.00000512 0.00003719 0.00008677  1.00000000
139.0  0.99878796 0.00000151 0.00001956 0.00039087 0.00034209 0.00004602 0.00027136 0.00001036 0.00006150 0.00006877  1.00000000
139.5  0.99883716 0.00003118 0.00002215 0.00038175 0.00029357 0.00003308 0.00022652 0.00002216 0.00007858 0.00007384  1.00000000
140.0  0.99897517 0.00000180 0.00001806 0.00037532 0.00025133 0.00011318 0.00009908 0.00001992 0.00006508 0.00008106  1.00000000
140.5  0.99892534 0.00002221 0.00001885 0.00038148 0.00027894 0.00006566 0.00016342 0.00002775 0.00005555 0.00006079  1.00000000
141.0  0.99886732 0.00000625 0.00001613 0.00039213 0.00021784 0.00008620 0.00018015 0.00006744 0.00011681 0.00004974  1.00000000
141.5  0.99886267 0.00001278 0.00001769 0.00036449 0.00018828 0.00008824 0.00008246 0.00016984 0.00015249 0.00006105  1.00000000
142.0  0.99879778 0.00000931 0.00001882 0.00045348 0.00015271 0.00006598 0.00016234 0.00022270 0.00005066 0.00006622  1.00000000
142.5  0.99884512 0.00000848 0.00002193 0.00049008 0.00013688 0.00008126 0.00011709 0.00021963 0.00001546 0.00006407  1.00000000
143.0  0.99884379 0.00001255 0.00002325 0.00050104 0.00011134 0.00006076 0.00013419 0.00016506 0.00009276 0.00005525  1.00000000
143.5  0.99888137 0.00001225 0.00001924 0.00047136 0.00010920 0.00007150 0.00013653 0.00013166 0.00011232 0.00005457  1.00000000
144.0  0.99890296 0.00001108 0.00001668 0.00047934 0.00012233 0.00003432 0.00014000 0.00016144 0.00008038 0.00005147  1.00000000
144.5  0.99889616 0.00001956 0.00001568 0.00048467 0.00010152 0.00002870 0.00015509 0.00016934 0.00007824 0.00005105  1.00000000
145.0  0.99886880 0.00000734 0.00002121 0.00048408 0.00010440 0.00003652 0.00015664 0.00013191 0.00013077 0.00005832  1.00000000
145.5  0.99885881 0.00003344 0.00002025 0.00049715 0.00011084 0.00002238 0.00013809 0.00013257 0.00013781 0.00004866  1.00000000
146.0  0.99893616 0.00000346 0.00002212 0.00051963 0.00009155 0.00000510 0.00010069 0.00015959 0.00009052 0.00007119  1.00000000
146.5  0.99882570 0.00004101 0.00001748 0.00052928 0.00008125 0.00002814 0.00012668 0.00017178 0.00011598 0.00006271  1.00000000
147.0  0.99877754 0.00000090 0.00002214 0.00052693 0.00010423 0.00002373 0.00016708 0.00014991 0.00016258 0.00006495  1.00000000
147.5  0.99879070 0.00004367 0.00001743 0.00053838 0.00008460 0.00001268 0.00017314 0.00013005 0.00011865 0.00009070  1.00000000
148.0  0.99888238 0.00000083 0.00002146 0.00053533 0.00008575 0.00002133 0.00010830 0.00014853 0.00008236 0.00011373  1.00000000
148.5  0.99888726 0.00006270 0.00001437 0.00046545 0.00010796 0.00002672 0.00007695 0.00014262 0.00012587 0.00009011  1.00000000
149.0  0.99868283 0.00022108 0.00001595 0.00047614 0.00008820 0.00000619 0.00011814 0.00012161 0.00013880 0.00013106  1.00000000
149.5  0.99841224 0.00046046 0.00001342 0.00052246 0.00008616 0.00000636 0.00017581 0.00011559 0.00009183 0.00011566  1.00000000
150.0  0.99811491 0.00075636 0.00001892 0.00053401 0.00009906 0.00001458 0.00015570 0.00011711 0.00008723 0.00010211  1.00000000
150.5  0.99778453 0.00107015 0.00002275 0.00054635 0.00012393 0.00000213 0.00009287 0.00011363 0.00013715 0.00010652  1.00000000
151.0  0.99747114 0.00138816 0.00002231 0.00054868 0.00014297 0.00001261 0.00007624 0.00010394 0.00013290 0.00010103  1.00000000
151.5  0.99708383 0.00167480 0.00001992 0.00057815 0.00015256 0.00002055 0.00007702 0.00010183 0.00010249 0.00018885  1.00000000
152.0  0.99681402 0.00191493 0.00001543 0.00061785 0.00011634 0.00003050 0.00008342 0.00009756 0.00013257 0.00017739  1.00000000
152.5  0.99654485 0.00208706 0.00001431 0.00060438 0.00013071 0.00006720 0.00002919 0.00009175 0.00022140 0.00020916  1.00000000
153.0  0.99645647 0.00220483 0.00001460 0.00049312 0.00032485 0.00004841 0.00003067 0.00000910 0.00021414 0.00020381  1.00000000
153.5  0.99663999 0.00224964 0.00001828 0.00027310 0.00040432 0.00000370 0.00002505 0.00006817 0.00009328 0.00022448  1.00000000
154.0  0.99665560 0.00223992 0.00002006 0.00022747 0.00044714 0.00000339 0.00001689 0.00005960 0.00009746 0.00023247  1.00000000
154.5  0.99657423 0.00223279 0.00001871 0.00022361 0.00049666 0.00001212 0.00002414 0.00012234 0.00007122 0.00022419  1.00000000
155.0  0.99655796 0.00224776 0.00001847 0.00023931 0.00044718 0.00001542 0.00003976 0.00008180 0.00006857 0.00028379  1.00000000
155.5  0.99661814 0.00230721 0.00001672 0.00022316 0.00044367 0.00000951 0.00000618 0.00001577 0.00009855 0.00026110  1.00000000
156.0  0.99643711 0.00244470 0.00001837 0.00023730 0.00046695 0.00001028 0.00000806 0.00002138 0.00016521 0.00019064  1.00000000
156.5  0.99623366 0.00268280 0.00001704 0.00023742 0.00037434 0.00000977 0.00001662 0.00007801 0.00020985 0.00014049  1.00000000
157.0  0.99588937 0.00299528 0.00001690 0.00026536 0.00035194 0.00000432 0.00002034 0.00008044 0.00023545 0.00014060  1.00000000
157.5  0.99559474 0.00335023 0.00001540 0.00028983 0.00033510 0.00000348 0.00002390 0.00001819 0.00024294 0.00012618  1.00000000
158.0  0.99526491 0.00372182 0.00001725 0.00029343 0.00028300 0.00000255 0.00001642 0.00003810 0.00026176 0.00010075  1.00000000
158.5  0.99484438 0.00400767 0.00001990 0.00027142 0.00026098 0.00000275 0.00002036 0.00008359 0.00033359 0.00015538  1.00000000
159.0  0.99451068 0.00417463 0.00002035 0.00031576 0.00025847 0.00000308 0.00002817 0.00007100 0.00017652 0.00044132  1.00000000
159.5  0.99466683 0.00420901 0.00001930 0.00032651 0.00028782 0.00000375 0.00003149 0.00002190 0.00003711 0.00039627  1.00000000
160.0  0.99485823 0.00405426 0.00001722 0.00037720 0.00025595 0.00000500 0.00002640 0.00002864 0.00004636 0.00033076  1.00000000
160.5  0.99511901 0.00372689 0.00001255 0.00043155 0.00026071 0.00001030 0.00001457 0.00004754 0.00004611 0.00033078  1.00000000
161.0  0.99557944 0.00328753 0.00001243 0.00041746 0.00025893 0.00001748 0.00001700 0.00005137 0.00004121 0.00031714  1.00000000
161.5  0.99617173 0.00278839 0.00001351 0.00039774 0.00022416 0.00001741 0.00004911 0.00002912 0.00003538 0.00027346  1.00000000
162.0  0.99663860 0.00230280 0.00001890 0.00041338 0.00023880 0.00001777 0.00004868 0.00003719 0.00001763 0.00026627  1.00000000
162.5  0.99704537 0.00190235 0.00002154 0.00034796 0.00026333 0.00001905 0.00004002 0.00002383 0.00001210 0.00032446  1.00000000
163.0  0.99729036 0.00160782 0.00002165 0.00035411 0.00034947 0.00001633 0.00002394 0.00001897 0.00001838 0.00029897  1.00000000
163.5  0.99746556 0.00143219 0.00001885 0.00036793 0.00038140 0.00000875 0.00003549 0.00001760 0.00001199 0.00026024  1.00000000
164.0  0.99748076 0.00137396 0.00001626 0.00036159 0.00040727 0.00001073 0.00004819 0.00001325 0.00001408 0.00027391  1.00000000
164.5  0.99746080 0.00139877 0.00001506 0.00035594 0.00039031 0.00000971 0.00005068 0.00001417 0.00002496 0.00027960  1.00000000
165.0  0.99746307 0.00146727 0.00001782 0.00030109 0.00039294 0.00000421 0.00004625 0.00001547 0.00002679 0.00026510  1.00000000
165.5  0.99734605 0.00154386 0.00001759 0.00033312 0.00042464 0.00000600 0.00004785 0.00002165 0.00002203 0.00023720  1.00000000
166.0  0.99732252 0.00158784 0.00001959 0.00032353 0.00031658 0.00000919 0.00004566 0.00012425 0.00001634 0.00023451  1.00000000
166.5  0.99721226 0.00160722 0.00001753 0.00035126 0.00031739 0.00000408 0.00004012 0.00013076 0.00004992 0.00026947  1.00000000
167.0  0.99722330 0.00159838 0.00002033 0.00037131 0.00028726 0.00000609 0.00004287 0.00010651 0.00011984 0.00022411  1.00000000
167.5  0.99730653 0.00155255 0.00001828 0.00036535 0.00028361 0.00001169 0.00003666 0.00010514 0.00012492 0.00019527  1.00000000
168.0  0.99738445 0.00148403 0.00001893 0.00037562 0.00028445 0.00000970 0.00003142 0.00010761 0.00012421 0.00017958  1.00000000
168.5  0.99740828 0.00143746 0.00001417 0.00037884 0.00029263 0.00000688 0.00005370 0.00011080 0.00013617 0.00016107  1.00000000
169.0  0.99737619 0.00140966 0.00001674 0.00034040 0.00029510 0.00002143 0.00008231 0.00009336 0.00018525 0.00017957  1.00000000
169.5  0.99731105 0.00142804 0.00001861 0.00033801 0.00029462 0.00002363 0.00013967 0.00009388 0.00016836 0.00018413  1.00000000
170.0  0.99738218 0.00153234 0.00002450 0.00039148 0.00025940 0.00001938 0.00013614 0.00007669 0.00011764 0.00006025  1.00000000
170.5  0.99716358 0.00175155 0.00002477 0.00037326 0.00021944 0.00001110 0.00017248 0.00009214 0.00013586 0.00005582  1.00000000
171.0  0.99671861 0.00203704 0.00002076 0.00041910 0.00019408 0.00002735 0.00020969 0.00020995 0.00004478 0.00011864  1.00000000
171.5  0.99625031 0.00240686 0.00001621 0.00055204 0.00020449 0.00001157 0.00024458 0.00012626 0.00008977 0.00009792  1.00000000
172.0  0.99584211 0.00293314 0.00001443 0.00047578 0.00023479 0.00004885 0.00017181 0.00010536 0.00009036 0.00008336  1.00000000
172.5  0.99512997 0.00353390 0.00001883 0.00050269 0.00019534 0.00001348 0.00021100 0.00014897 0.00009575 0.00015007  1.00000000
173.0  0.99442607 0.00415619 0.00002458 0.00050845 0.00023751 0.00005476 0.00022269 0.00013833 0.00007736 0.00015406  1.00000000
173.5  0.99386198 0.00478466 0.00002799 0.00051441 0.00023926 0.00001841 0.00022635 0.00009872 0.00008779 0.00014042  1.00000000
174.0  0.99435010 0.00421928 0.00001510 0.00049419 0.00029150 0.00002128 0.00018540 0.00008458 0.00013604 0.00020253  1.00000000
174.5  0.99374539 0.00467734 0.00001218 0.00057564 0.00023842 0.00005711 0.00015455 0.00011948 0.00014076 0.00027914  1.00000000
175.0  0.99420741 0.00435729 0.00000828 0.00055108 0.00020064 0.00005855 0.00017649 0.00010831 0.00010453 0.00022743  1.00000000
175.5  0.99404877 0.00454872 0.00000843 0.00055475 0.00017001 0.00002972 0.00021470 0.00007338 0.00012119 0.00023033  1.00000000
176.0  0.99393369 0.00446910 0.00000736 0.00059586 0.00018587 0.00008399 0.00020725 0.00007687 0.00015702 0.00028300  1.00000000
176.5  0.99392399 0.00448230 0.00000784 0.00058083 0.00019182 0.00009689 0.00018841 0.00009350 0.00013789 0.00029653  1.00000000
177.0  0.99400247 0.00448965 0.00000818 0.00059453 0.00017530 0.00003864 0.00019607 0.00009284 0.00011447 0.00028785  1.00000000
177.5  0.99402018 0.00449300 0.00000751 0.00055424 0.00016544 0.00006719 0.00025585 0.00006265 0.00014186 0.00023207  1.00000000
178.0  0.99407298 0.00442270 0.00000953 0.00048080 0.00013117 0.00010419 0.00029640 0.00008390 0.00016576 0.00023256  1.00000000
178.5  0.99394230 0.00460198 0.00000632 0.00047037 0.00016981 0.00004303 0.00031538 0.00007300 0.00010379 0.00027402  1.00000000
179.0  0.99433070 0.00429309 0.00000656 0.00048479 0.00015973 0.00000931 0.00028501 0.00011090 0.00005560 0.00026431  1.00000000
179.5  0.99381288 0.00473109 0.00000402 0.00043983 0.00014480 0.00005816 0.00037180 0.00008040 0.00005475 0.00030226  1.00000000
180.0  0.99419579 0.00420151 0.00000376 0.00037559 0.00021512 0.00004361 0.00043705 0.00014315 0.00000160 0.00038281  1.00000000
180.5  0.99361889 0.00477619 0.00000218 0.00050573 0.00000089 0.00000493 0.00039971 0.00030553 0.00000146 0.00038449  1.00000000
181.0  0.99434101 0.00417528 0.00000352 0.00046282 0.00001853 0.00000039 0.00039439 0.00025090 0.00001153 0.00034164  1.00000000
181.5  0.99375048 0.00470083 0.00000245 0.00051281 0.00001991 0.00002777 0.00038269 0.00024121 0.00001288 0.00034898  1.00000000
182.0  0.99401158 0.00428113 0.00000282 0.00051497 0.00001936 0.00002449 0.00034096 0.00025601 0.00001670 0.00053198  1.00000000
182.5  0.99369056 0.00453131 0.00000250 0.00052670 0.00002637 0.00000084 0.00032382 0.00027069 0.00000874 0.00061847  1.00000000
183.0  0.99377832 0.00448293 0.00000212 0.00050998 0.00002449 0.00000167 0.00039192 0.00026681 0.00002722 0.00051454  1.00000000
183.5  0.99377925 0.00436998 0.00000171 0.00051895 0.00002590 0.00000612 0.00043981 0.00024309 0.00000394 0.00061125  1.00000000
184.0  0.99361388 0.00461948 0.00000235 0.00046518 0.00002211 0.00000445 0.00040642 0.00025591 0.00013785 0.00047238  1.00000000
184.5  0.99402668 0.00425187 0.00000279 0.00047409 0.00001545 0.00000182 0.00032577 0.00024190 0.00000805 0.00065160  1.00000000
185.0  0.99361878 0.00466580 0.00000323 0.00046002 0.00001688 0.00000275 0.00032385 0.00025263 0.00003477 0.00062128  1.00000000
185.5  0.99387952 0.00428151 0.00000333 0.00046107 0.00002480 0.00000386 0.00039136 0.00026081 0.00003550 0.00065825  1.00000000
186.0  0.99354020 0.00461249 0.00000293 0.00045983 0.00003172 0.00000178 0.00042569 0.00025602 0.00003508 0.00063425  1.00000000
186.5  0.99391907 0.00437845 0.00000224 0.00046374 0.00003358 0.00000081 0.00036837 0.00024493 0.00004391 0.00054489  1.00000000
187.0  0.99374932 0.00452898 0.00000207 0.00045108 0.00002497 0.00000434 0.00033090 0.00024571 0.00001092 0.00065171  1.00000000
187.5  0.99369090 0.00444051 0.00000213 0.00043934 0.00001699 0.00000531 0.00034415 0.00027818 0.00028411 0.00049837  1.00000000
188.0  0.99359761 0.00442769 0.00000347 0.00044610 0.00001371 0.00000063 0.00038813 0.00028481 0.00005880 0.00077904  1.00000000
188.5  0.99356830 0.00447168 0.00000208 0.00050418 0.00001763 0.00000311 0.00036019 0.00029432 0.00008523 0.00069328  1.00000000
189.0  0.99362170 0.00443728 0.00000164 0.00051487 0.00003046 0.00000463 0.00034677 0.00024239 0.00004165 0.00075860  1.00000000
189.5  0.99364958 0.00436989 0.00000245 0.00053566 0.00003084 0.00000671 0.00027881 0.00021786 0.00008456 0.00082365  1.00000000
190.0  0.99350084 0.00447946 0.00000236 0.00048704 0.00003159 0.00005045 0.00030623 0.00024010 0.00012337 0.00077855  1.00000000
190.5  0.99353707 0.00433052 0.00000437 0.00052228 0.00002563 0.00002132 0.00041439 0.00020767 0.00017621 0.00076055  1.00000000
191.0  0.99331246 0.00456097 0.00000332 0.00053558 0.00002448 0.00001206 0.00039567 0.00008892 0.00021522 0.00085132  1.00000000
191.5  0.99366886 0.00429965 0.00000293 0.00056287 0.00001825 0.00000577 0.00036445 0.00014215 0.00016485 0.00077022  1.00000000
192.0  0.99340433 0.00452869 0.00000255 0.00060395 0.00002618 0.00000403 0.00043449 0.00005500 0.00022987 0.00071091  1.00000000
192.5  0.99334075 0.00433600 0.00000428 0.00061135 0.00002218 0.00001872 0.00049388 0.00010635 0.00026969 0.00079682  1.00000000
193.0  0.99332967 0.00435624 0.00000503 0.00061934 0.00002229 0.00000129 0.00053243 0.00008691 0.00021179 0.00083502  1.00000000
193.5  0.99334565 0.00447596 0.00000599 0.00062233 0.00001899 0.00000397 0.00046068 0.00008775 0.00018351 0.00079517  1.00000000
194.0  0.99366619 0.00417943 0.00000567 0.00058719 0.00001234 0.00001584 0.00040711 0.00007395 0.00022681 0.00082548  1.00000000
194.5  0.99284931 0.00467511 0.00000466 0.00057693 0.00000319 0.00000165 0.00043254 0.00012395 0.00026655 0.00106610  1.00000000
195.0  0.99337621 0.00399852 0.00000457 0.00059687 0.00000614 0.00000742 0.00050963 0.00011481 0.00021510 0.00117073  1.00000000
195.5  0.99271566 0.00476322 0.00000519 0.00056487 0.00001446 0.00001098 0.00048282 0.00007880 0.00018007 0.00118393  1.00000000
196.0  0.99351092 0.00398336 0.00000523 0.00056825 0.00001554 0.00001540 0.00044551 0.00009503 0.00018975 0.00117099  1.00000000
196.5  0.99265972 0.00475344 0.00000473 0.00061053 0.00001072 0.00000267 0.00042740 0.00015031 0.00021465 0.00116584  1.00000000
197.0  0.99341778 0.00404968 0.00000570 0.00059983 0.00000120 0.00011707 0.00036259 0.00012883 0.00014579 0.00117153  1.00000000
197.5  0.99291240 0.00463662 0.00000751 0.00060462 0.00000940 0.00003881 0.00043089 0.00018709 0.00002883 0.00114382  1.00000000
198.0  0.99321887 0.00422658 0.00000829 0.00053002 0.00013710 0.00005601 0.00048307 0.00019899 0.00003718 0.00110388  1.00000000
198.5  0.99283781 0.00447544 0.00001185 0.00060250 0.00001412 0.00005179 0.00033225 0.00045614 0.00008769 0.00113040  1.00000000
199.0  0.99293924 0.00436358 0.00001639 0.00056531 0.00002485 0.00009756 0.00033868 0.00033759 0.00007281 0.00124398  1.00000000
199.5  0.99288683 0.00445468 0.00001916 0.00050601 0.00002482 0.00003503 0.00030395 0.00027716 0.00009950 0.00139286  1.00000000
200.0  0.99289347 0.00446373 0.00002217 0.00045895 0.00001500 0.00009325 0.00025789 0.00029755 0.00010361 0.00139437  1.00000000
200.5  0.99303091 0.00441835 0.00001574 0.00046362 0.00002026 0.00001808 0.00037049 0.00031736 0.00013548 0.00120970  1.00000000
201.0  0.99320440 0.00430867 0.00001189 0.00045788 0.00000635 0.00006823 0.00034982 0.00023378 0.00019764 0.00116135  1.00000000
201.5  0.99290580 0.00448925 0.00000882 0.00048608 0.00000942 0.00004184 0.00034684 0.00017473 0.00019819 0.00133903  1.00000000
202.0  0.99329826 0.00423136 0.00000972 0.00042022 0.00001209 0.00005240 0.00031729 0.00025062 0.00018821 0.00121984  1.00000000
202.5  0.99286122 0.00465431 0.00000744 0.00040563 0.00002092 0.00004262 0.00033850 0.00024612 0.00017376 0.00124948  1.00000000
203.0  0.99317965 0.00410532 0.00001110 0.00040607 0.00001022 0.00004281 0.00031703 0.00017412 0.00022831 0.00152537  1.00000000
203.5  0.99265413 0.00473377 0.00001223 0.00042508 0.00000860 0.00004343 0.00033138 0.00013950 0.00023960 0.00141228  1.00000000
204.0  0.99354441 0.00400281 0.00001523 0.00042127 0.00000320 0.00004871 0.00031976 0.00022271 0.00022618 0.00119573  1.00000000
204.5  0.99263508 0.00476229 0.00001949 0.00043213 0.00000333 0.00008058 0.00033095 0.00021501 0.00021522 0.00130592  1.00000000
205.0  0.99333215 0.00404365 0.00002028 0.00045516 0.00000134 0.00008710 0.00031985 0.00014346 0.00019767 0.00139931  1.00000000
205.5  0.99293652 0.00464713 0.00002369 0.00044747 0.00000507 0.00008376 0.00029930 0.00014824 0.00027266 0.00113616  1.00000000
206.0  0.99336095 0.00416807 0.00002027 0.00041934 0.00000509 0.00008277 0.00032594 0.00020973 0.00023542 0.00117242  1.00000000
206.5  0.99289265 0.00445131 0.00002341 0.00044878 0.00000636 0.00007663 0.00033551 0.00019546 0.00024880 0.00132108  1.00000000
207.0  0.99303676 0.00440610 0.00002083 0.00040926 0.00001407 0.00009207 0.00032995 0.00013047 0.00024088 0.00131962  1.00000000
207.5  0.99338206 0.00420234 0.00002354 0.00041706 0.00000667 0.00010567 0.00033670 0.00014342 0.00027767 0.00110487  1.00000000
208.0  0.99294881 0.00465004 0.00002362 0.00043513 0.00001829 0.00014235 0.00029335 0.00013767 0.00031002 0.00104071  1.00000000
208.5  0.99337605 0.00402391 0.00002881 0.00036794 0.00000291 0.00010204 0.00056448 0.00027080 0.00017956 0.00108350  1.00000000
209.0  0.99249794 0.00471749 0.00003854 0.00037976 0.00003120 0.00001725 0.00066759 0.00021306 0.00020287 0.00123431  1.00000000
209.5  0.99323018 0.00401245 0.00003965 0.00044463 0.00000006 0.00002533 0.00069642 0.00019453 0.00017055 0.00118620  1.00000000
210.0  0.99270391 0.00459922 0.00004086 0.00038372 0.00001025 0.00009294 0.00065864 0.00017367 0.00017366 0.00116314  1.00000000
210.5  0.99322134 0.00412747 0.00003918 0.00044130 0.00000020 0.00016045 0.00055602 0.00016387 0.00013200 0.00115818  1.00000000
211.0  0.99295440 0.00437984 0.00004495 0.00042178 0.00000343 0.00004378 0.00059845 0.00020018 0.00013213 0.00122107  1.00000000
211.5  0.99294800 0.00426377 0.00005424 0.00046708 0.00000237 0.00007317 0.00057878 0.00021878 0.00035612 0.00103769  1.00000000
212.0  0.99307794 0.00424990 0.00005951 0.00046609 0.00000308 0.00005798 0.00068702 0.00019696 0.00017552 0.00102600  1.00000000
212.5  0.99297569 0.00424973 0.00006560 0.00050509 0.00000100 0.00004985 0.00067397 0.00016975 0.00024995 0.00105938  1.00000000
213.0  0.99270918 0.00429635 0.00005872 0.00050132 0.00000721 0.00003969 0.00068716 0.00021242 0.00024325 0.00124469  1.00000000
213.5  0.99299511 0.00409580 0.00006160 0.00051596 0.00000444 0.00004880 0.00067378 0.00021556 0.00023080 0.00115816  1.00000000
214.0  0.99285117 0.00452406 0.00006042 0.00053634 0.00000229 0.00002701 0.00067004 0.00022354 0.00020081 0.00090433  1.00000000
214.5  0.99336066 0.00397140 0.00006097 0.00053691 0.00000387 0.00002354 0.00063986 0.00020182 0.00023147 0.00096950  1.00000000
215.0  0.99272752 0.00459096 0.00005896 0.00054306 0.00000130 0.00004732 0.00059108 0.00021375 0.00022183 0.00100423  1.00000000
215.5  0.99345489 0.00398567 0.00005811 0.00052958 0.00000003 0.00004073 0.00060626 0.00021175 0.00020243 0.00091054  1.00000000
216.0  0.99289562 0.00443468 0.00006156 0.00053491 0.00000014 0.00003023 0.00067929 0.00023465 0.00019169 0.00093723  1.00000000
216.5  0.99301792 0.00420676 0.00007137 0.00048113 0.00000115 0.00004589 0.00069075 0.00028023 0.00022256 0.00098225  1.00000000
217.0  0.99337580 0.00410338 0.00008141 0.00042495 0.00000326 0.00005336 0.00057041 0.00025801 0.00015047 0.00097896  1.00000000
217.5  0.99299069 0.00460748 0.00008761 0.00046538 0.00000495 0.00001888 0.00048424 0.00017559 0.00056359 0.00060160  1.00000000
218.0  0.99368778 0.00376290 0.00008624 0.00039770 0.00001081 0.00002084 0.00052706 0.00035425 0.00048203 0.00067039  1.00000000
218.5  0.99248687 0.00486560 0.00007985 0.00043390 0.00002430 0.00008604 0.00058944 0.00024062 0.00064732 0.00054604  1.00000000
219.0  0.99368178 0.00358047 0.00007646 0.00043164 0.00004094 0.00013987 0.00058441 0.00043175 0.00042648 0.00060619  1.00000000
219.5  0.99252889 0.00485779 0.00008330 0.00043439 0.00003264 0.00010708 0.00047137 0.00029504 0.00053335 0.00065615  1.00000000
220.0  0.99379634 0.00365515 0.00009016 0.00040865 0.00011847 0.00003303 0.00041724 0.00038729 0.00039329 0.00070037  1.00000000
220.5  0.99261592 0.00466862 0.00009700 0.00046593 0.00010296 0.00004619 0.00047069 0.00035991 0.00047415 0.00069862  1.00000000
221.0  0.99326359 0.00389360 0.00008370 0.00043055 0.00012491 0.00009397 0.00054405 0.00039447 0.00051599 0.00065516  1.00000000
221.5  0.99282738 0.00441641 0.00009113 0.00043408 0.00010040 0.00008094 0.00058923 0.00037427 0.00043212 0.00065404  1.00000000
222.0  0.99331907 0.00414493 0.00008272 0.00042476 0.00010546 0.00002308 0.00044333 0.00036873 0.00036999 0.00071792  1.00000000
222.5  0.99323756 0.00421655 0.00008731 0.00042578 0.00010138 0.00000598 0.00048242 0.00032146 0.00036025 0.00076130  1.00000000
223.0  0.99300451 0.00428311 0.00007967 0.00042300 0.00011802 0.00004052 0.00050530 0.00032558 0.00048732 0.00073295  1.00000000
223.5  0.99316164 0.00410212 0.00008884 0.00041432 0.00010383 0.00005394 0.00066650 0.00030990 0.00042510 0.00067381  1.00000000
224.0  0.99310868 0.00430137 0.00009029 0.00041341 0.00011193 0.00002404 0.00064043 0.00024340 0.00038678 0.00067967  1.00000000
224.5  0.99330469 0.00412834 0.00009407 0.00041328 0.00012799 0.00000007 0.00064358 0.00010661 0.00036005 0.00082133  1.00000000
225.0  0.99308243 0.00423425 0.00010986 0.00040576 0.00011911 0.00002160 0.00069339 0.00004037 0.00047117 0.00082208  1.00000000
225.5  0.99297789 0.00425839 0.00011187 0.00041444 0.00012637 0.00001117 0.00087809 0.00001282 0.00049300 0.00071594  1.00000000
226.0  0.99333246 0.00403515 0.00010185 0.00041517 0.00014217 0.00011085 0.00079334 0.00000035 0.00045738 0.00061128  1.00000000
226.5  0.99287580 0.00443548 0.00010552 0.00044725 0.00011456 0.00010291 0.00079729 0.00000683 0.00045372 0.00066065  1.00000000
227.0  0.99341252 0.00382434 0.00010180 0.00037861 0.00015941 0.00009215 0.00055377 0.00019774 0.00050839 0.00077125  1.00000000
227.5  0.99260925 0.00466340 0.00010157 0.00046894 0.00006518 0.00005581 0.00046801 0.00005863 0.00066876 0.00084046  1.00000000
228.0  0.99368435 0.00368261 0.00011076 0.00034009 0.00016883 0.00005979 0.00040263 0.00013874 0.00064831 0.00076388  1.00000000
228.5  0.99254153 0.00479264 0.00011535 0.00038903 0.00008271 0.00005291 0.00035939 0.00006133 0.00079399 0.00081113  1.00000000
229.0  0.99364887 0.00367890 0.00011823 0.00037423 0.00015869 0.00003129 0.00036674 0.00015508 0.00065309 0.00081488  1.00000000
229.5  0.99266495 0.00467680 0.00010373 0.00038475 0.00017085 0.00001398 0.00036827 0.00007711 0.00067852 0.00086105  1.00000000
230.0  0.99335251 0.00388924 0.00011078 0.00038254 0.00016013 0.00002785 0.00033044 0.00008222 0.00077067 0.00089362  1.00000000
230.5  0.99265082 0.00443617 0.00010433 0.00037253 0.00020037 0.00003740 0.00029272 0.00009003 0.00089823 0.00091741  1.00000000
231.0  0.99297424 0.00423692 0.00010731 0.00037038 0.00020144 0.00005670 0.00029962 0.00010934 0.00079819 0.00084587  1.00000000
231.5  0.99331015 0.00401570 0.00011380 0.00035826 0.00018783 0.00002497 0.00032935 0.00008845 0.00069824 0.00087326  1.00000000
232.0  0.99263617 0.00457528 0.00011611 0.00040936 0.00018250 0.00000978 0.00028106 0.00007091 0.00076635 0.00095247  1.00000000
232.5  0.99338206 0.00371480 0.00010991 0.00037585 0.00018433 0.00002267 0.00027685 0.00008250 0.00085525 0.00099577  1.00000000
233.0  0.99239091 0.00478598 0.00011539 0.00040283 0.00017129 0.00005501 0.00028677 0.00010126 0.00079503 0.00089554  1.00000000
233.5  0.99374631 0.00360380 0.00011643 0.00036545 0.00022354 0.00006831 0.00027993 0.00008856 0.00066878 0.00083890  1.00000000
234.0  0.99250117 0.00475186 0.00011208 0.00035672 0.00018546 0.00004568 0.00024907 0.00008501 0.00068940 0.00102356  1.00000000
234.5  0.99343180 0.00373676 0.00011403 0.00031845 0.00023973 0.00001578 0.00023431 0.00007342 0.00078319 0.00105253  1.00000000
235.0  0.99264183 0.00458247 0.00011763 0.00036328 0.00017171 0.00001757 0.00022553 0.00012035 0.00082915 0.00093048  1.00000000
235.5  0.99346734 0.00396110 0.00012440 0.00027346 0.00022180 0.00004937 0.00020420 0.00009632 0.00082464 0.00077737  1.00000000
236.0  0.99302057 0.00437031 0.00014065 0.00033355 0.00017745 0.00007066 0.00012602 0.00008095 0.00084956 0.00083028  1.00000000
236.5  0.99314396 0.00420238 0.00013807 0.00032136 0.00018871 0.00006675 0.00009086 0.00006918 0.00094853 0.00083019  1.00000000
237.0  0.99323586 0.00424126 0.00013217 0.00033290 0.00015596 0.00003514 0.00004977 0.00018305 0.00095350 0.00068040  1.00000000
237.5  0.99341669 0.00425996 0.00012392 0.00039130 0.00016956 0.00004472 0.00002089 0.00027090 0.00063759 0.00066446  1.00000000
238.0  0.99332173 0.00428100 0.00013594 0.00045317 0.00016404 0.00007615 0.00000487 0.00015136 0.00046304 0.00094869  1.00000000
238.5  0.99345674 0.00412559 0.00013666 0.00035669 0.00017354 0.00010159 0.00000194 0.00015256 0.00025421 0.00124049  1.00000000
239.0  0.99289280 0.00450871 0.00016041 0.00044654 0.00022083 0.00010980 0.00000320 0.00013186 0.00014325 0.00138261  1.00000000
239.5  0.99364868 0.00387625 0.00015438 0.00042941 0.00019408 0.00008345 0.00001224 0.00013994 0.00015216 0.00130943  1.00000000
240.0  0.99294157 0.00466959 0.00015685 0.00036500 0.00019681 0.00009751 0.00002851 0.00010786 0.00014600 0.00129029  1.00000000
240.5  0.99365548 0.00378889 0.00015399 0.00049268 0.00016347 0.00013458 0.00003033 0.00011257 0.00008672 0.00138128  1.00000000
241.0  0.99284436 0.00459379 0.00014729 0.00042303 0.00016611 0.00015468 0.00005387 0.00011730 0.00008894 0.00141064  1.00000000
241.5  0.99337930 0.00403236 0.00014467 0.00043149 0.00017205 0.00013458 0.00008335 0.00014014 0.00016936 0.00131271  1.00000000
242.0  0.99324268 0.00425425 0.00014862 0.00044665 0.00018275 0.00010614 0.00007951 0.00011510 0.00027821 0.00114610  1.00000000
242.5  0.99307908 0.00456301 0.00014867 0.00041553 0.00014942 0.00011430 0.00005585 0.00009990 0.00039628 0.00097796  1.00000000
243.0  0.99376757 0.00375568 0.00014499 0.00044194 0.00014279 0.00014005 0.00006117 0.00013226 0.00050536 0.00090819  1.00000000
243.5  0.99232274 0.00504842 0.00013429 0.00045677 0.00013909 0.00014646 0.00006623 0.00015921 0.00083270 0.00069409  1.00000000
244.0  0.99410321 0.00343173 0.00014489 0.00042700 0.00011717 0.00014143 0.00003986 0.00013477 0.00102512 0.00043483  1.00000000
244.5  0.99243442 0.00518841 0.00013525 0.00045117 0.00011913 0.00011304 0.00002153 0.00010686 0.00109258 0.00033762  1.00000000
245.0  0.99417372 0.00343131 0.00013942 0.00044182 0.00016328 0.00011091 0.00003143 0.00013519 0.00108162 0.00029130  1.00000000
245.5  0.99262864 0.00501523 0.00014705 0.00042553 0.00015930 0.00013111 0.00002419 0.00018306 0.00108917 0.00019673  1.00000000
246.0  0.99396516 0.00372972 0.00014448 0.00039170 0.00015669 0.00013906 0.00001596 0.00015586 0.00109300 0.00020837  1.00000000
246.5  0.99322156 0.00463411 0.00015495 0.00035626 0.00016785 0.00013481 0.00001540 0.00011152 0.00105704 0.00014651  1.00000000
247.0  0.99379660 0.00410588 0.00017803 0.00035558 0.00014676 0.00005647 0.00000753 0.00009425 0.00111720 0.00014169  1.00000000
247.5  0.99360297 0.00430066 0.00016956 0.00040325 0.00012881 0.00005517 0.00004369 0.00048385 0.00066004 0.00015201  1.00000000
248.0  0.99340323 0.00434775 0.00016993 0.00045260 0.00015751 0.00009203 0.00009379 0.00060036 0.00052005 0.00016273  1.00000000
248.5  0.99352021 0.00420925 0.00017457 0.00039986 0.00019950 0.00006699 0.00039125 0.00028029 0.00057494 0.00018313  1.00000000
249.0  0.99310723 0.00442571 0.00018092 0.00038138 0.00021346 0.00007040 0.00058550 0.00043195 0.00039813 0.00020532  1.00000000
249.5  0.99324479 0.00422126 0.00019474 0.00036987 0.00021599 0.00025206 0.00046225 0.00041375 0.00041700 0.00020828  1.00000000
250.0  0.99329739 0.00422437 0.00021971 0.00039570 0.00021642 0.00030766 0.00038200 0.00040139 0.00033514 0.00022021  1.00000000
250.5  0.99304329 0.00443071 0.00023574 0.00040055 0.00022200 0.00028246 0.00038519 0.00044914 0.00034128 0.00020962  1.00000000
251.0  0.99329638 0.00406001 0.00024779 0.00043485 0.00019659 0.00028505 0.00059026 0.00035534 0.00032285 0.00021089  1.00000000
251.5  0.99281738 0.00463071 0.00024949 0.00045147 0.00018298 0.00026730 0.00039046 0.00051397 0.00031653 0.00017972  1.00000000
252.0  0.99369043 0.00386913 0.00023648 0.00047017 0.00014589 0.00027143 0.00047091 0.00037144 0.00028152 0.00019260  1.00000000
252.5  0.99258041 0.00490611 0.00021206 0.00044896 0.00013785 0.00020491 0.00051293 0.00054535 0.00026474 0.00018668  1.00000000
253.0  0.99351096 0.00382463 0.00022819 0.00047497 0.00015935 0.00025361 0.00062080 0.00041518 0.00029905 0.00021325  1.00000000
253.5  0.99244767 0.00496143 0.00023696 0.00048010 0.00022105 0.00023127 0.00043177 0.00050645 0.00027948 0.00020383  1.00000000
254.0  0.99370936 0.00383050 0.00024115 0.00052866 0.00013030 0.00022805 0.00048357 0.00037654 0.00032039 0.00015148  1.00000000
254.5  0.99256196 0.00485838 0.00023363 0.00042933 0.00023586 0.00025562 0.00043706 0.00051421 0.00030898 0.00016499  1.00000000
255.0  0.99326884 0.00401702 0.00022228 0.00057605 0.00013944 0.00029008 0.00041596 0.00036687 0.00044319 0.00026026  1.00000000
255.5  0.99267879 0.00462908 0.00023880 0.00055376 0.00017242 0.00025305 0.00032387 0.00055984 0.00033294 0.00025745  1.00000000
256.0  0.99292226 0.00437312 0.00022237 0.00058626 0.00013558 0.00020119 0.00037431 0.00031945 0.00060366 0.00026178  1.00000000
256.5  0.99302359 0.00421613 0.00021458 0.00054805 0.00018030 0.00019556 0.00036616 0.00054565 0.00045703 0.00025296  1.00000000
257.0  0.99245107 0.00477862 0.00022859 0.00060793 0.00012862 0.00018988 0.00044903 0.00037498 0.00050229 0.00028900  1.00000000
257.5  0.99355021 0.00385028 0.00020875 0.00051360 0.00018502 0.00021481 0.00042215 0.00041893 0.00041228 0.00022396  1.00000000
258.0  0.99236366 0.00510917 0.00021821 0.00054848 0.00016856 0.00020620 0.00042694 0.00039242 0.00043606 0.00013029  1.00000000
258.5  0.99368778 0.00361977 0.00023137 0.00060373 0.00022505 0.00022747 0.00041198 0.00038958 0.00043901 0.00016426  1.00000000
259.0  0.99212467 0.00523020 0.00025047 0.00053933 0.00016996 0.00022361 0.00045049 0.00035089 0.00045747 0.00020290  1.00000000
259.5  0.99362057 0.00369677 0.00026498 0.00052199 0.00020562 0.00023932 0.00046158 0.00035556 0.00041657 0.00021704  1.00000000
260.0  0.99220727 0.00499946 0.00028426 0.00066200 0.00017747 0.00023070 0.00045802 0.00039903 0.00041595 0.00016583  1.00000000
260.5  0.99354192 0.00394951 0.00028595 0.00045654 0.00018894 0.00022601 0.00046501 0.00039702 0.00015761 0.00033150  1.00000000
261.0  0.99277243 0.00463046 0.00030433 0.00056152 0.00018543 0.00024939 0.00046903 0.00033624 0.00007433 0.00041682  1.00000000
261.5  0.99312398 0.00427350 0.00031575 0.00055494 0.00019574 0.00023789 0.00044448 0.00034871 0.00006078 0.00044422  1.00000000
262.0  0.99312096 0.00437023 0.00033440 0.00042481 0.00018010 0.00024279 0.00045152 0.00039980 0.00006090 0.00041450  1.00000000
262.5  0.99292542 0.00440917 0.00033109 0.00051787 0.00015240 0.00026463 0.00044494 0.00040866 0.00022645 0.00031937  1.00000000
263.0  0.99307805 0.00432073 0.00032983 0.00048567 0.00017767 0.00026829 0.00047215 0.00034522 0.00026316 0.00025922  1.00000000
263.5  0.99319307 0.00429573 0.00033635 0.00047801 0.00017930 0.00029719 0.00042339 0.00029117 0.00027247 0.00023331  1.00000000
264.0  0.99283870 0.00452628 0.00032416 0.00044938 0.00030706 0.00027522 0.00041013 0.00039917 0.00025969 0.00021020  1.00000000
264.5  0.99309387 0.00407751 0.00032045 0.00057455 0.00028113 0.00032224 0.00042738 0.00036251 0.00032723 0.00021312  1.00000000
265.0  0.99242698 0.00473202 0.00033346 0.00038853 0.00047809 0.00028220 0.00044426 0.00029760 0.00039975 0.00021709  1.00000000
265.5  0.99351636 0.00388379 0.00030583 0.00055958 0.00019207 0.00024787 0.00055230 0.00024278 0.00028058 0.00021883  1.00000000
266.0  0.99238544 0.00480003 0.00035240 0.00048020 0.00040956 0.00031711 0.00048755 0.00025286 0.00027850 0.00023636  1.00000000
266.5  0.99307489 0.00397910 0.00036580 0.00060235 0.00026525 0.00018971 0.00074126 0.00011646 0.00033953 0.00032564  1.00000000
267.0  0.99257343 0.00454674 0.00036917 0.00052671 0.00032867 0.00036591 0.00060019 0.00003113 0.00036869 0.00028936  1.00000000
267.5  0.99287497 0.00435988 0.00039407 0.00059913 0.00024010 0.00024942 0.00076375 0.00000730 0.00023798 0.00027340  1.00000000
268.0  0.99323119 0.00408311 0.00042639 0.00051654 0.00025504 0.00028528 0.00073667 0.00003427 0.00025816 0.00017335  1.00000000
268.5  0.99242229 0.00486450 0.00045146 0.00056862 0.00021704 0.00024056 0.00080510 0.00004493 0.00014788 0.00023762  1.00000000
269.0  0.99360115 0.00363111 0.00049852 0.00046971 0.00020943 0.00028691 0.00082708 0.00001748 0.00018677 0.00027184  1.00000000
269.5  0.99204557 0.00519157 0.00051523 0.00045134 0.00020766 0.00025604 0.00082668 0.00000688 0.00015708 0.00034195  1.00000000
270.0  0.99381154 0.00346314 0.00053951 0.00044774 0.00022490 0.00023809 0.00081492 0.00004157 0.00016844 0.00025013  1.00000000
270.5  0.99202758 0.00521845 0.00055547 0.00044146 0.00020440 0.00026404 0.00082484 0.00006802 0.00016511 0.00023062  1.00000000
271.0  0.99370441 0.00359281 0.00054975 0.00047863 0.00019969 0.00025396 0.00081205 0.00003328 0.00014316 0.00023225  1.00000000
271.5  0.99243741 0.00492309 0.00055805 0.00047684 0.00020074 0.00024865 0.00080806 0.00001342 0.00015503 0.00017871  1.00000000
272.0  0.99330005 0.00393757 0.00055579 0.00051725 0.00018708 0.00025170 0.00083444 0.00008250 0.00008654 0.00024706  1.00000000
272.5  0.99259513 0.00456509 0.00055013 0.00049828 0.00018211 0.00026536 0.00086445 0.00009011 0.00015812 0.00023120  1.00000000
273.0  0.99292220 0.00429461 0.00054451 0.00059288 0.00013449 0.00021028 0.00086750 0.00004010 0.00015462 0.00023880  1.00000000
273.5  0.99308281 0.00425097 0.00052156 0.00058572 0.00015803 0.00022536 0.00076409 0.00004083 0.00016501 0.00020561  1.00000000
274.0  0.99277392 0.00453052 0.00053147 0.00055521 0.00013309 0.00020410 0.00072405 0.00012226 0.00017273 0.00025265  1.00000000
274.5  0.99314589 0.00410025 0.00051932 0.00056957 0.00019075 0.00018621 0.00074420 0.00011508 0.00018037 0.00024834  1.00000000
275.0  0.99282344 0.00451665 0.00049994 0.00061112 0.00018475 0.00016886 0.00081101 0.00004387 0.00019575 0.00014460  1.00000000
275.5  0.99324075 0.00412100 0.00047989 0.00060930 0.00019900 0.00023529 0.00067393 0.00007281 0.00020880 0.00015924  1.00000000
276.0  0.99248456 0.00439782 0.00044397 0.00059503 0.00024952 0.00023960 0.00110488 0.00012687 0.00018780 0.00016995  1.00000000
276.5  0.99253965 0.00438376 0.00047106 0.00063663 0.00018009 0.00033092 0.00109455 0.00009638 0.00013898 0.00012798  1.00000000
277.0  0.99281277 0.00416676 0.00045039 0.00024646 0.00060916 0.00023366 0.00118911 0.00007423 0.00008613 0.00013132  1.00000000
277.5  0.99201517 0.00473879 0.00048562 0.00071171 0.00021851 0.00025157 0.00113815 0.00023383 0.00002724 0.00017941  1.00000000
278.0  0.99293065 0.00389980 0.00049497 0.00065973 0.00027129 0.00029327 0.00047774 0.00077689 0.00001997 0.00017569  1.00000000
278.5  0.99205316 0.00497568 0.00050301 0.00065402 0.00021399 0.00028260 0.00025235 0.00079664 0.00010708 0.00016148  1.00000000
279.0  0.99334963 0.00364962 0.00053094 0.00075512 0.00018890 0.00020662 0.00013072 0.00078719 0.00026535 0.00013591  1.00000000
279.5  0.99193939 0.00511159 0.00052651 0.00069700 0.00019189 0.00032166 0.00020045 0.00045838 0.00041578 0.00013734  1.00000000
280.0  0.99344335 0.00363886 0.00053382 0.00064603 0.00019658 0.00029394 0.00029729 0.00033283 0.00045420 0.00016309  1.00000000
280.5  0.99203058 0.00501779 0.00052954 0.00075934 0.00021227 0.00022657 0.00034380 0.00026962 0.00045132 0.00015917  1.00000000
281.0  0.99314643 0.00391477 0.00051647 0.00068026 0.00022422 0.00020095 0.00034174 0.00027867 0.00053849 0.00015801  1.00000000
281.5  0.99236436 0.00463178 0.00050757 0.00065247 0.00026080 0.00029865 0.00030344 0.00020523 0.00061428 0.00016142  1.00000000
282.0  0.99275230 0.00434189 0.00048462 0.00077421 0.00026680 0.00022223 0.00029648 0.00017778 0.00054918 0.00013451  1.00000000
282.5  0.99306422 0.00414793 0.00045924 0.00070086 0.00027194 0.00021170 0.00029356 0.00018172 0.00050605 0.00016277  1.00000000
283.0  0.99229559 0.00483102 0.00042889 0.00068770 0.00024817 0.00024659 0.00030088 0.00026097 0.00054290 0.00015729  1.00000000
283.5  0.99330645 0.00375568 0.00038203 0.00069307 0.00027260 0.00024946 0.00032046 0.00022179 0.00057741 0.00022104  1.00000000
284.0  0.99219519 0.00505970 0.00035625 0.00064212 0.00024247 0.00023925 0.00032176 0.00021283 0.00046824 0.00026219  1.00000000
284.5  0.99365331 0.00358213 0.00033661 0.00068361 0.00028350 0.00024389 0.00030957 0.00023067 0.00037361 0.00030309  1.00000000
285.0  0.99200017 0.00505885 0.00037159 0.00067113 0.00035361 0.00007322 0.00048158 0.00035806 0.00034512 0.00028665  1.00000000
285.5  0.99323798 0.00372471 0.00039145 0.00068856 0.00041063 0.00005231 0.00047093 0.00044707 0.00026102 0.00031534  1.00000000
286.0  0.99224398 0.00485316 0.00040191 0.00068604 0.00036880 0.00006051 0.00051510 0.00039029 0.00016344 0.00031677  1.00000000
286.5  0.99314391 0.00397029 0.00038919 0.00069543 0.00037109 0.00006855 0.00056103 0.00035157 0.00013646 0.00031247  1.00000000
287.0  0.99248196 0.00453097 0.00039806 0.00078044 0.00031560 0.00007203 0.00055812 0.00042487 0.00012867 0.00030927  1.00000000
287.5  0.99275261 0.00421457 0.00042594 0.00073455 0.00033296 0.00008412 0.00052997 0.00050314 0.00007865 0.00034350  1.00000000
288.0  0.99265265 0.00432969 0.00046264 0.00073315 0.00034507 0.00009954 0.00053835 0.00042545 0.00011623 0.00029722  1.00000000
288.5  0.99251793 0.00432865 0.00050570 0.00075561 0.00035609 0.00011009 0.00054674 0.00032666 0.00006264 0.00048989  1.00000000
289.0  0.99248989 0.00431447 0.00055222 0.00067765 0.00034696 0.00012213 0.00059011 0.00039855 0.00017499 0.00033303  1.00000000
289.5  0.99257442 0.00421276 0.00057452 0.00072729 0.00031365 0.00011174 0.00061097 0.00048395 0.00008776 0.00030294  1.00000000
290.0  0.99218826 0.00450713 0.00059261 0.00075545 0.00039106 0.00009743 0.00062518 0.00042038 0.00008756 0.00033494  1.00000000
290.5  0.99283534 0.00397700 0.00060125 0.00072700 0.00036981 0.00009551 0.00065527 0.00034028 0.00005363 0.00034491  1.00000000
291.0  0.99197749 0.00473038 0.00062310 0.00076569 0.00032626 0.00008432 0.00067236 0.00037757 0.00005116 0.00039166  1.00000000
291.5  0.99285482 0.00378896 0.00058770 0.00074704 0.00027370 0.00008735 0.00069498 0.00047781 0.00005070 0.00043694  1.00000000
292.0  0.99185299 0.00489742 0.00057653 0.00075943 0.00026060 0.00006596 0.00068781 0.00039867 0.00002713 0.00047346  1.00000000
292.5  0.99309010 0.00381408 0.00053583 0.00073298 0.00029287 0.00007016 0.00069200 0.00034863 0.00004676 0.00037658  1.00000000
293.0  0.99207608 0.00472525 0.00054439 0.00081745 0.00033397 0.00006229 0.00071984 0.00031347 0.00003831 0.00036896  1.00000000
293.5  0.99243385 0.00419604 0.00050251 0.00078600 0.00036011 0.00008779 0.00072120 0.00034673 0.00012078 0.00044498  1.00000000
294.0  0.99250889 0.00418102 0.00048064 0.00082048 0.00033645 0.00011184 0.00077014 0.00027931 0.00007215 0.00043908  1.00000000
294.5  0.99200952 0.00480140 0.00044325 0.00082927 0.00033344 0.00012936 0.00077289 0.00020904 0.00010916 0.00036267  1.00000000
295.0  0.99315926 0.00364564 0.00045491 0.00079059 0.00028817 0.00009286 0.00074006 0.00027155 0.00012315 0.00043381  1.00000000
295.5  0.99152317 0.00524445 0.00044021 0.00085155 0.00025161 0.00005608 0.00069382 0.00051736 0.00004808 0.00037368  1.00000000
296.0  0.99331915 0.00335396 0.00044931 0.00094695 0.00024588 0.00008010 0.00065040 0.00061151 0.00001730 0.00032544  1.00000000
296.5  0.99148847 0.00526194 0.00046475 0.00093568 0.00022718 0.00011840 0.00056397 0.00061162 0.00003189 0.00029610  1.00000000
297.0  0.99309409 0.00352157 0.00045207 0.00090673 0.00027660 0.00014955 0.00044564 0.00063740 0.00005091 0.00046543  1.00000000
297.5  0.99169759 0.00495398 0.00044576 0.00101453 0.00023147 0.00015291 0.00040490 0.00057223 0.00007588 0.00045074  1.00000000
298.0  0.99284671 0.00396586 0.00044079 0.00090880 0.00029327 0.00015459 0.00038499 0.00056967 0.00007520 0.00036013  1.00000000
298.5  0.99233601 0.00448648 0.00044423 0.00095516 0.00023200 0.00018907 0.00037056 0.00050283 0.00006784 0.00041582  1.00000000
299.0  0.99243878 0.00431928 0.00045773 0.00098858 0.00024536 0.00022534 0.00029797 0.00053136 0.00007994 0.00041566  1.00000000
299.5  0.99273649 0.00417781 0.00046325 0.00092530 0.00023188 0.00026330 0.00025342 0.00051744 0.00009021 0.00034091  1.00000000
300.0  0.99235374 0.00450932 0.00047514 0.00091410 0.00025448 0.00026776 0.00024537 0.00056514 0.00008660 0.00032834  1.00000000
300.5  0.99262748 0.00413955 0.00045346 0.00096392 0.00028657 0.00025549 0.00023951 0.00058308 0.00008333 0.00036759  1.00000000
301.0  0.99238742 0.00441228 0.00047996 0.00091546 0.00026093 0.00026667 0.00022728 0.00062195 0.00009131 0.00033675  1.00000000
301.5  0.99245524 0.00427056 0.00048859 0.00097015 0.00029082 0.00031270 0.00023157 0.00060920 0.00009830 0.00027286  1.00000000
302.0  0.99253851 0.00421341 0.00046634 0.00103402 0.00025122 0.00035250 0.00021865 0.00057221 0.00011214 0.00024099  1.00000000
302.5  0.99234979 0.00449751 0.00048001 0.00084242 0.00027099 0.00041070 0.00018745 0.00057193 0.00012745 0.00026175  1.00000000
303.0  0.99285657 0.00400546 0.00046557 0.00095087 0.00018911 0.00050183 0.00013890 0.00055096 0.00010954 0.00023120  1.00000000
303.5  0.99224024 0.00467831 0.00046198 0.00093208 0.00019510 0.00064853 0.00011682 0.00041236 0.00010352 0.00021107  1.00000000
304.0  0.99307888 0.00384633 0.00048477 0.00094024 0.00015019 0.00057125 0.00055738 0.00010583 0.00010501 0.00016012  1.00000000
304.5  0.99184316 0.00476624 0.00047135 0.00100759 0.00018965 0.00069355 0.00054182 0.00025484 0.00006866 0.00016314  1.00000000
305.0  0.99283847 0.00389613 0.00044968 0.00118186 0.00005789 0.00066484 0.00019409 0.00043775 0.00007804 0.00020125  1.00000000
305.5  0.99195090 0.00475715 0.00044654 0.00117654 0.00008856 0.00054058 0.00040169 0.00042204 0.00004440 0.00017160  1.00000000
306.0  0.99243821 0.00402609 0.00048327 0.00123435 0.00022311 0.00070301 0.00025154 0.00044362 0.00002306 0.00017374  1.00000000
306.5  0.99186709 0.00450716 0.00047449 0.00112007 0.00030665 0.00076688 0.00037965 0.00035809 0.00001553 0.00020439  1.00000000
307.0  0.99208860 0.00430875 0.00045897 0.00114848 0.00039459 0.00069191 0.00032220 0.00035276 0.00003077 0.00020297  1.00000000
307.5  0.99230009 0.00422329 0.00044174 0.00110141 0.00037569 0.00052500 0.00036603 0.00041138 0.00002493 0.00023043  1.00000000
308.0  0.99184623 0.00462385 0.00044743 0.00119272 0.00038058 0.00051240 0.00034198 0.00038021 0.00001603 0.00025857  1.00000000
308.5  0.99247657 0.00385388 0.00045664 0.00121803 0.00037980 0.00060567 0.00039893 0.00032366 0.00001929 0.00026754  1.00000000
309.0  0.99135600 0.00496010 0.00044625 0.00122641 0.00037882 0.00065853 0.00035890 0.00033545 0.00004050 0.00023904  1.00000000
309.5  0.99277656 0.00365340 0.00042808 0.00122581 0.00035284 0.00058209 0.00033576 0.00038409 0.00002964 0.00023173  1.00000000
310.0  0.99140357 0.00506629 0.00043522 0.00129606 0.00030140 0.00052173 0.00035766 0.00033971 0.00001960 0.00025876  1.00000000
310.5  0.99271633 0.00359868 0.00045112 0.00145891 0.00023589 0.00050578 0.00040111 0.00034528 0.00002075 0.00026615  1.00000000
311.0  0.99124435 0.00500529 0.00047445 0.00147406 0.00018494 0.00064752 0.00031120 0.00036759 0.00003075 0.00025986  1.00000000
311.5  0.99244019 0.00377750 0.00044668 0.00148197 0.00013936 0.00068740 0.00031227 0.00041610 0.00001525 0.00028328  1.00000000
312.0  0.99158553 0.00470284 0.00040059 0.00148849 0.00009818 0.00067102 0.00036203 0.00039017 0.00001866 0.00028249  1.00000000
312.5  0.99241775 0.00405297 0.00034921 0.00141041 0.00007357 0.00058439 0.00042635 0.00037902 0.00001387 0.00029245  1.00000000
313.0  0.99210948 0.00444817 0.00036776 0.00143869 0.00003605 0.00069177 0.00018245 0.00038082 0.00002925 0.00031557  1.00000000
313.5  0.99250355 0.00427759 0.00038226 0.00122841 0.00000706 0.00043299 0.00047380 0.00044129 0.00000736 0.00024569  1.00000000
314.0  0.99231724 0.00429126 0.00040462 0.00124316 0.00000143 0.00051356 0.00042526 0.00045793 0.00006580 0.00027975  1.00000000
314.5  0.99234759 0.00427772 0.00037800 0.00121176 0.00004080 0.00061377 0.00032960 0.00053435 0.00000157 0.00026484  1.00000000
315.0  0.99240752 0.00437819 0.00034940 0.00096384 0.00019965 0.00059729 0.00033593 0.00056139 0.00001185 0.00019494  1.00000000
315.5  0.99255422 0.00413255 0.00032706 0.00078616 0.00050059 0.00057903 0.00036472 0.00054867 0.00000474 0.00020225  1.00000000
316.0  0.99210513 0.00456119 0.00032318 0.00057404 0.00082797 0.00046334 0.00036502 0.00057412 0.00001513 0.00019088  1.00000000
316.5  0.99283213 0.00389126 0.00030853 0.00042524 0.00098523 0.00052780 0.00030213 0.00052968 0.00000840 0.00018961  1.00000000
317.0  0.99182023 0.00480464 0.00030903 0.00027263 0.00107528 0.00057950 0.00041459 0.00054875 0.00000885 0.00016650  1.00000000
317.5  0.99275186 0.00381955 0.00031835 0.00021292 0.00117937 0.00063418 0.00046283 0.00043697 0.00000768 0.00017628  1.00000000
318.0  0.99199836 0.00475625 0.00032570 0.00014148 0.00120180 0.00053497 0.00046471 0.00040768 0.00001660 0.00015246  1.00000000
318.5  0.99288558 0.00399517 0.00031405 0.00013220 0.00122313 0.00045636 0.00053170 0.00031694 0.00000997 0.00013490  1.00000000
319.0  0.99230727 0.00446376 0.00032350 0.00013529 0.00127226 0.00048375 0.00054211 0.00030814 0.00000358 0.00016034  1.00000000
319.5  0.99227821 0.00441758 0.00031845 0.00016965 0.00125890 0.00050139 0.00054161 0.00029701 0.00000573 0.00021149  1.00000000
320.0  0.99265796 0.00403290 0.00033121 0.00017201 0.00129007 0.00059539 0.00043556 0.00031428 0.00000816 0.00016246  1.00000000
320.5  0.99187806 0.00491297 0.00031646 0.00016097 0.00134733 0.00026667 0.00071034 0.00031677 0.00000522 0.00008522  1.00000000
321.0  0.99312675 0.00370237 0.00031836 0.00017401 0.00137618 0.00053488 0.00039068 0.00025494 0.00000667 0.00011517  1.00000000
321.5  0.99155480 0.00511186 0.00032555 0.00021950 0.00131327 0.00045488 0.00057673 0.00026803 0.00000858 0.00016680  1.00000000
322.0  0.99296852 0.00364931 0.00035471 0.00024264 0.00127163 0.00060029 0.00045400 0.00018748 0.00011018 0.00016123  1.00000000
322.5  0.99172078 0.00500750 0.00038087 0.00028708 0.00116954 0.00057653 0.00043746 0.00016921 0.00013750 0.00011353  1.00000000
323.0  0.99291215 0.00389374 0.00036826 0.00097056 0.00048103 0.00039699 0.00055278 0.00022895 0.00007774 0.00011780  1.00000000
323.5  0.99215140 0.00460092 0.00033892 0.00146121 0.00011845 0.00024346 0.00066184 0.00016438 0.00007614 0.00018329  1.00000000
324.0  0.99241882 0.00421635 0.00031186 0.00149163 0.00016679 0.00018301 0.00076150 0.00020647 0.00006494 0.00017862  1.00000000
324.5  0.99219547 0.00430634 0.00032594 0.00149112 0.00025239 0.00011447 0.00087209 0.00021762 0.00006676 0.00015780  1.00000000
325.0  0.99210630 0.00443781 0.00036961 0.00138298 0.00028090 0.00014058 0.00086386 0.00016470 0.00010764 0.00014562  1.00000000
325.5  0.99238499 0.00416559 0.00040322 0.00132729 0.00027466 0.00017608 0.00080620 0.00016164 0.00009373 0.00020659  1.00000000
326.0  0.99203501 0.00449869 0.00039636 0.00133296 0.00025863 0.00016026 0.00078486 0.00022476 0.00007365 0.00023482  1.00000000
326.5  0.99223780 0.00421864 0.00036484 0.00137405 0.00028029 0.00017043 0.00078671 0.00023075 0.00009155 0.00024495  1.00000000
327.0  0.99207739 0.00437219 0.00034415 0.00141823 0.00025209 0.00024506 0.00073369 0.00015775 0.00010171 0.00029774  1.00000000
327.5  0.99208079 0.00439236 0.00033888 0.00143900 0.00021078 0.00035282 0.00062481 0.00015395 0.00007824 0.00032837  1.00000000
328.0  0.99233422 0.00414618 0.00034987 0.00149806 0.00019233 0.00037715 0.00051652 0.00022968 0.00006326 0.00029273  1.00000000
328.5  0.99192518 0.00460650 0.00035699 0.00153485 0.00029692 0.00026305 0.00048437 0.00022823 0.00008713 0.00021677  1.00000000
329.0  0.99260237 0.00398141 0.00035389 0.00155902 0.00040447 0.00015046 0.00048153 0.00015697 0.00007882 0.00023107  1.00000000
329.5  0.99174751 0.00473714 0.00038136 0.00165539 0.00033932 0.00017491 0.00046190 0.00015027 0.00006532 0.00028688  1.00000000
330.0  0.99246746 0.00385249 0.00041013 0.00168311 0.00033441 0.00021385 0.00038527 0.00022894 0.00008883 0.00033551  1.00000000
330.5  0.99321198 0.00308817 0.00041269 0.00176356 0.00034384 0.00016504 0.00041103 0.00023715 0.00010480 0.00026174  1.00000000
331.0  0.99374640 0.00259049 0.00039749 0.00181014 0.00035524 0.00018248 0.00042459 0.00016820 0.00007677 0.00024819  1.00000000
331.5  0.99387750 0.00248152 0.00035577 0.00175419 0.00034415 0.00019555 0.00048922 0.00017049 0.00007009 0.00026151  1.00000000
332.0  0.99353492 0.00277713 0.00033950 0.00160762 0.00040244 0.00024865 0.00041918 0.00025536 0.00007241 0.00034279  1.00000000
332.5  0.99287157 0.00346927 0.00035307 0.00123173 0.00072289 0.00011224 0.00051408 0.00024559 0.00009354 0.00038601  1.00000000
333.0  0.99177114 0.00456314 0.00036620 0.00051963 0.00136411 0.00016878 0.00051469 0.00030621 0.00004893 0.00037718  1.00000000
333.5  0.99025602 0.00601327 0.00038228 0.00022914 0.00159574 0.00023800 0.00067566 0.00028703 0.00004011 0.00028276  1.00000000
334.0  0.98877005 0.00761093 0.00037442 0.00016088 0.00160549 0.00017060 0.00073600 0.00018377 0.00010376 0.00028410  1.00000000
334.5  0.98705400 0.00927020 0.00034403 0.00014321 0.00167591 0.00016827 0.00073663 0.00012762 0.00014852 0.00033160  1.00000000
335.0  0.98561800 0.01090571 0.00029965 0.00013567 0.00157863 0.00016244 0.00061097 0.00026003 0.00012960 0.00029931  1.00000000
335.5  0.98422300 0.01235459 0.00026510 0.00012494 0.00173439 0.00015489 0.00046256 0.00029657 0.00012684 0.00025711  1.00000000
336.0  0.98311262 0.01352011 0.00025470 0.00010870 0.00176797 0.00010629 0.00043980 0.00032134 0.00014854 0.00021993  1.00000000
336.5  0.98215607 0.01440503 0.00023689 0.00011426 0.00166948 0.00013885 0.00053565 0.00035519 0.00011538 0.00027321  1.00000000
337.0  0.98164699 0.01501489 0.00022614 0.00012778 0.00163946 0.00014016 0.00045445 0.00033425 0.00015311 0.00026278  1.00000000
337.5  0.98142389 0.01533864 0.00021439 0.00014034 0.00161273 0.00008422 0.00043558 0.00035107 0.00011609 0.00028306  1.00000000
338.0  0.98118996 0.01540923 0.00020622 0.00014253 0.00175082 0.00010856 0.00048146 0.00038969 0.00015422 0.00016733  1.00000000
338.5  0.98119011 0.01527424 0.00020441 0.00014226 0.00182486 0.00013949 0.00048106 0.00042293 0.00014529 0.00017537  1.00000000
339.0  0.98141277 0.01505759 0.00018904 0.00010867 0.00184409 0.00010173 0.00042440 0.00041514 0.00020517 0.00024140  1.00000000
339.5  0.98168736 0.01487256 0.00017132 0.00010245 0.00177030 0.00011137 0.00042423 0.00040778 0.00016411 0.00028853  1.00000000
340.0  0.98180429 0.01481956 0.00016343 0.00011817 0.00167684 0.00013525 0.00046781 0.00047251 0.00014343 0.00019871  1.00000000
340.5  0.98172804 0.01496767 0.00018431 0.00011086 0.00168831 0.00014283 0.00040826 0.00047951 0.00020461 0.00008561  1.00000000
341.0  0.98134469 0.01539140 0.00021668 0.00008540 0.00171236 0.00011879 0.00042274 0.00042338 0.00018556 0.00009899  1.00000000
341.5  0.98064964 0.01608403 0.00024269 0.00005062 0.00169054 0.00019194 0.00041291 0.00043722 0.00013606 0.00010434  1.00000000
342.0  0.97982702 0.01689715 0.00023035 0.00004050 0.00166895 0.00020750 0.00039410 0.00046451 0.00013021 0.00013972  1.00000000
342.5  0.97906826 0.01774307 0.00019386 0.00004190 0.00172713 0.00027989 0.00029964 0.00034198 0.00016869 0.00013557  1.00000000
343.0  0.97841822 0.01820607 0.00022578 0.00003803 0.00172187 0.00053089 0.00010781 0.00033739 0.00000739 0.00040655  1.00000000
343.5  0.97832327 0.01831850 0.00022159 0.00002946 0.00176165 0.00066557 0.00000597 0.00027755 0.00002984 0.00036659  1.00000000
344.0  0.97870978 0.01790966 0.00020239 0.00001103 0.00180736 0.00066036 0.00000211 0.00036948 0.00000056 0.00032727  1.00000000
344.5  0.97982770 0.01684136 0.00021829 0.00000179 0.00167203 0.00074549 0.00000009 0.00033612 0.00002398 0.00033315  1.00000000
345.0  0.98144542 0.01532153 0.00020991 0.00000850 0.00157439 0.00076854 0.00000422 0.00032662 0.00002600 0.00031488  1.00000000
345.5  0.98334880 0.01347435 0.00020165 0.00001970 0.00151282 0.00077501 0.00000077 0.00030282 0.00003999 0.00032408  1.00000000
346.0  0.98515295 0.01160231 0.00020914 0.00002955 0.00151715 0.00074428 0.00000169 0.00037673 0.00005729 0.00030891  1.00000000
346.5  0.98668191 0.00997129 0.00020826 0.00002620 0.00159546 0.00073620 0.00000479 0.00038678 0.00009172 0.00029739  1.00000000
347.0  0.98785397 0.00874584 0.00019870 0.00001777 0.00164471 0.00071291 0.00001811 0.00036965 0.00014414 0.00029420  1.00000000
347.5  0.98855995 0.00807953 0.00020421 0.00000896 0.00162591 0.00067050 0.00024109 0.00018079 0.00020095 0.00022812  1.00000000
348.0  0.98878385 0.00794064 0.00019839 0.00000187 0.00159937 0.00059264 0.00043964 0.00004274 0.00016337 0.00023750  1.00000000
348.5  0.98854056 0.00819326 0.00019610 0.00000179 0.00155891 0.00052969 0.00052868 0.00002461 0.00014670 0.00027969  1.00000000
349.0  0.98797154 0.00873272 0.00017995 0.00000579 0.00159780 0.00051127 0.00059662 0.00002633 0.00013186 0.00024612  1.00000000
349.5  0.98737510 0.00939049 0.00018076 0.00003718 0.00156382 0.00034626 0.00072398 0.00001986 0.00014015 0.00022240  1.00000000
350.0  0.98671857 0.00998536 0.00018544 0.00012704 0.00143123 0.00052637 0.00071284 0.00003935 0.00009936 0.00017443  1.00000000
350.5  0.98631877 0.01046486 0.00013506 0.00028903 0.00122520 0.00005734 0.00124012 0.00000997 0.00008369 0.00017595  1.00000000
351.0  0.98612486 0.01072441 0.00013599 0.00048760 0.00098306 0.00001599 0.00137355 0.00001064 0.00000657 0.00013732  1.00000000
351.5  0.98590703 0.01078812 0.00012508 0.00058566 0.00082026 0.00000476 0.00135992 0.00022456 0.00001245 0.00017216  1.00000000
352.0  0.98602203 0.01072710 0.00010994 0.00060171 0.00079476 0.00002232 0.00139114 0.00011819 0.00008417 0.00012865  1.00000000
352.5  0.98620526 0.01061884 0.00013743 0.00051941 0.00085792 0.00017114 0.00120462 0.00008279 0.00008964 0.00011294  1.00000000
353.0  0.98633897 0.01056566 0.00013565 0.00038958 0.00097731 0.00061050 0.00071730 0.00006537 0.00013665 0.00006300  1.00000000
353.5  0.98625820 0.01064599 0.00011591 0.00028819 0.00108190 0.00099231 0.00030219 0.00004752 0.00016808 0.00009971  1.00000000
354.0  0.98587673 0.01090721 0.00014372 0.00025450 0.00111450 0.00118553 0.00017464 0.00008329 0.00017977 0.00008012  1.00000000
354.5  0.98552228 0.01133828 0.00012514 0.00024715 0.00113570 0.00123107 0.00011638 0.00010366 0.00014058 0.00003976  1.00000000
355.0  0.98488799 0.01198927 0.00012302 0.00022054 0.00119997 0.00120301 0.00008989 0.00006290 0.00015678 0.00006663  1.00000000
355.5  0.98391941 0.01288645 0.00015476 0.00018149 0.00116735 0.00127303 0.00007245 0.00003932 0.00020324 0.00010249  1.00000000
356.0  0.98283719 0.01389702 0.00017015 0.00016212 0.00114235 0.00136421 0.00007441 0.00009415 0.00019003 0.00006838  1.00000000
356.5  0.98173862 0.01500622 0.00015372 0.00013565 0.00111169 0.00144854 0.00007618 0.00010227 0.00015371 0.00007342  1.00000000
357.0  0.98069627 0.01611176 0.00016265 0.00012807 0.00109089 0.00141357 0.00008389 0.00005364 0.00018113 0.00007813  1.00000000
357.5  0.97957278 0.01729530 0.00016335 0.00011132 0.00109229 0.00134100 0.00009207 0.00004475 0.00021985 0.00006730  1.00000000
358.0  0.97833034 0.01850474 0.00015987 0.00009381 0.00114924 0.00131542 0.00010115 0.00009795 0.00018036 0.00006711  1.00000000
358.5  0.97718801 0.01963052 0.00015688 0.00012439 0.00109368 0.00137274 0.00011111 0.00011711 0.00016271 0.00004286  1.00000000
359.0  0.97619147 0.02055763 0.00016455 0.00011626 0.00104296 0.00151680 0.00011373 0.00003185 0.00022575 0.00003900  1.00000000
359.5  0.97543394 0.02131210 0.00016014 0.00011812 0.00096569 0.00153164 0.00011375 0.00007282 0.00025386 0.00003793  1.00000000
360.0  0.97492912 0.02190490 0.00015616 0.00011165 0.00087918 0.00154893 0.00014637 0.00007776 0.00019881 0.00004713  1.00000000
360.5  0.97462631 0.02230301 0.00016095 0.00011762 0.00076037 0.00149607 0.00017928 0.00013388 0.00017324 0.00004927  1.00000000
361.0  0.97448808 0.02240676 0.00017809 0.00016593 0.00064182 0.00157244 0.00023472 0.00001150 0.00023233 0.00006834  1.00000000
361.5  0.97449855 0.02239316 0.00014156 0.00031021 0.00045202 0.00146371 0.00034616 0.00009220 0.00023495 0.00006747  1.00000000
362.0  0.97469744 0.02226233 0.00017412 0.00063488 0.00015823 0.00085326 0.00080449 0.00014561 0.00021592 0.00005371  1.00000000
362.5  0.97467188 0.02209114 0.00015547 0.00089704 0.00004241 0.00033853 0.00140586 0.00012325 0.00018168 0.00009273  1.00000000
363.0  0.97447938 0.02205500 0.00015182 0.00100765 0.00008553 0.00010026 0.00154302 0.00011730 0.00036877 0.00009127  1.00000000
363.5  0.97436271 0.02232246 0.00016156 0.00093623 0.00013391 0.00009336 0.00152960 0.00010254 0.00028237 0.00007526  1.00000000
364.0  0.97393338 0.02285565 0.00016464 0.00094047 0.00012938 0.00006458 0.00153723 0.00012852 0.00017789 0.00006826  1.00000000
364.5  0.97309059 0.02369471 0.00014966 0.00091698 0.00007878 0.00003462 0.00165007 0.00010862 0.00020392 0.00007206  1.00000000
365.0  0.97184869 0.02488391 0.00016292 0.00092441 0.00005631 0.00001508 0.00168930 0.00009525 0.00028616 0.00003797  1.00000000
365.5  0.97038868 0.02636239 0.00016385 0.00091068 0.00008030 0.00002626 0.00162993 0.00012028 0.00027525 0.00004237  1.00000000
366.0  0.96888084 0.02789780 0.00015313 0.00092620 0.00011771 0.00005035 0.00160756 0.00012334 0.00018325 0.00005982  1.00000000
366.5  0.96754388 0.02924384 0.00015761 0.00090939 0.00011512 0.00006133 0.00165712 0.00009555 0.00016087 0.00005529  1.00000000
367.0  0.96653018 0.03029689 0.00015950 0.00086452 0.00008554 0.00004947 0.00167088 0.00011114 0.00017743 0.00005445  1.00000000
367.5  0.96588802 0.03089577 0.00016099 0.00093524 0.00004523 0.00002643 0.00165193 0.00014101 0.00021427 0.00004112  1.00000000
368.0  0.96590190 0.03089328 0.00016106 0.00098004 0.00002765 0.00001680 0.00166538 0.00012803 0.00018998 0.00003587  1.00000000
368.5  0.96646785 0.03027169 0.00016660 0.00102701 0.00001319 0.00003246 0.00172508 0.00009520 0.00016717 0.00003376  1.00000000
369.0  0.96752619 0.02917380 0.00017310 0.00099646 0.00000348 0.00004871 0.00172877 0.00015092 0.00014496 0.00005362  1.00000000
369.5  0.96901684 0.02787111 0.00015442 0.00090806 0.00000000 0.00005903 0.00157059 0.00022177 0.00016483 0.00003334  1.00000000
370.0  0.97060416 0.02646531 0.00017700 0.00082661 0.00000287 0.00005664 0.00152375 0.00018679 0.00012017 0.00003671  1.00000000
370.5  0.97195578 0.02505390 0.00016344 0.00089587 0.00001033 0.00005928 0.00149111 0.00022717 0.00010041 0.00004272  1.00000000
371.0  0.97291093 0.02378750 0.00016376 0.00105653 0.00002113 0.00031539 0.00139383 0.00024660 0.00002484 0.00007949  1.00000000
371.5  0.97368484 0.02297732 0.00018612 0.00112541 0.00003521 0.00031082 0.00125326 0.00034797 0.00000074 0.00007831  1.00000000
372.0  0.97439092 0.02245599 0.00016560 0.00111464 0.00004903 0.00047396 0.00096012 0.00028583 0.00002271 0.00008121  1.00000000
372.5  0.97461792 0.02227913 0.00016556 0.00106956 0.00005927 0.00045607 0.00096740 0.00025802 0.00001934 0.00010773  1.00000000
373.0  0.97445089 0.02226688 0.00018287 0.00098639 0.00012584 0.00061479 0.00098034 0.00023471 0.00006198 0.00009530  1.00000000
373.5  0.97432183 0.02242779 0.00016856 0.00028779 0.00072276 0.00056612 0.00110395 0.00023354 0.00007936 0.00008832  1.00000000
374.0  0.97436614 0.02254647 0.00016850 0.00001065 0.00095736 0.00046537 0.00100668 0.00029657 0.00008687 0.00009539  1.00000000
374.5  0.97446875 0.02250584 0.00018239 0.00000145 0.00103072 0.00035003 0.00104630 0.00022402 0.00008529 0.00010522  1.00000000
375.0  0.97454147 0.02229888 0.00016918 0.00000242 0.00106191 0.00041369 0.00104161 0.00027087 0.00010652 0.00009344  1.00000000
375.5  0.97469512 0.02186012 0.00017402 0.00000258 0.00107333 0.00052214 0.00126040 0.00017250 0.00013545 0.00010434  1.00000000
376.0  0.97520640 0.02122978 0.00017160 0.00000398 0.00113719 0.00055080 0.00111055 0.00028437 0.00011361 0.00019172  1.00000000
376.5  0.97623983 0.02052012 0.00019173 0.00000320 0.00110713 0.00048014 0.00089729 0.00025687 0.00010515 0.00019855  1.00000000
377.0  0.97694020 0.01988597 0.00018550 0.00000299 0.00112836 0.00050271 0.00079031 0.00023855 0.00011379 0.00021162  1.00000000
377.5  0.97695260 0.01946787 0.00019436 0.00000181 0.00121010 0.00082850 0.00079715 0.00023465 0.00011984 0.00019312  1.00000000
378.0  0.97677826 0.01936939 0.00019802 0.00000029 0.00127553 0.00120613 0.00056868 0.00028214 0.00010738 0.00021418  1.00000000
378.5  0.97672304 0.01965709 0.00018917 0.00000030 0.00131431 0.00118901 0.00036335 0.00027602 0.00007156 0.00021615  1.00000000
379.0  0.97634554 0.02042279 0.00019186 0.00000359 0.00126924 0.00098544 0.00032632 0.00019877 0.00010256 0.00015388  1.00000000
379.5  0.97530567 0.02166398 0.00022667 0.00000584 0.00108397 0.00111014 0.00012616 0.00021143 0.00008819 0.00017796  1.00000000
380.0  0.97343415 0.02323255 0.00023169 0.00000867 0.00103373 0.00138285 0.00017916 0.00026261 0.00005229 0.00018231  1.00000000
380.5  0.97143924 0.02513439 0.00024377 0.00002261 0.00102189 0.00140978 0.00020284 0.00025986 0.00010368 0.00016194  1.00000000
381.0  0.96960614 0.02707980 0.00028687 0.00010985 0.00083968 0.00123318 0.00021195 0.00034583 0.00010638 0.00018033  1.00000000
381.5  0.96766455 0.02903187 0.00026947 0.00005714 0.00080457 0.00111258 0.00032661 0.00035612 0.00011949 0.00025761  1.00000000
382.0  0.96576201 0.03101097 0.00028612 0.00001282 0.00077768 0.00106379 0.00039412 0.00037462 0.00011489 0.00020299  1.00000000
382.5  0.96403999 0.03261180 0.00027383 0.00001733 0.00074070 0.00130545 0.00025368 0.00041297 0.00009918 0.00024507  1.00000000
383.0  0.96285866 0.03395435 0.00027884 0.00001002 0.00082915 0.00123721 0.00020760 0.00037149 0.00011181 0.00014087  1.00000000
383.5  0.96184260 0.03494594 0.00026027 0.00003340 0.00073831 0.00124571 0.00028278 0.00037678 0.00013393 0.00014029  1.00000000
384.0  0.96118796 0.03547349 0.00028498 0.00002131 0.00073652 0.00118745 0.00033996 0.00041202 0.00013297 0.00022335  1.00000000
384.5  0.96090379 0.03574858 0.00028469 0.00003557 0.00079915 0.00119363 0.00025262 0.00041901 0.00012460 0.00023835  1.00000000
385.0  0.96087401 0.03587848 0.00027194 0.00006133 0.00075638 0.00119882 0.00024932 0.00037259 0.00011539 0.00022174  1.00000000
385.5  0.96085074 0.03580568 0.00028817 0.00006099 0.00070856 0.00119802 0.00036966 0.00036779 0.00013190 0.00021848  1.00000000
386.0  0.96072767 0.03581560 0.00028936 0.00008497 0.00079965 0.00122168 0.00030442 0.00036819 0.00016112 0.00022734  1.00000000
386.5  0.96047993 0.03617724 0.00028105 0.00012270 0.00071134 0.00120749 0.00027673 0.00036378 0.00016806 0.00021169  1.00000000
387.0  0.95992869 0.03677853 0.00028210 0.00017633 0.00068490 0.00112917 0.00031049 0.00030687 0.00019298 0.00020995  1.00000000
387.5  0.95896923 0.03765324 0.00027056 0.00020718 0.00070355 0.00123137 0.00038926 0.00030781 0.00012270 0.00014508  1.00000000
388.0  0.95756180 0.03900665 0.00027144 0.00019617 0.00081751 0.00129247 0.00025621 0.00026839 0.00017280 0.00015655  1.00000000
388.5  0.95566356 0.04086449 0.00025334 0.00022195 0.00077831 0.00127638 0.00033827 0.00029249 0.00015185 0.00015936  1.00000000
389.0  0.95351269 0.04302122 0.00026725 0.00026903 0.00066164 0.00127177 0.00042573 0.00017351 0.00019662 0.00020054  1.00000000
389.5  0.95131624 0.04529955 0.00023176 0.00016655 0.00072708 0.00114716 0.00019842 0.00062608 0.00008364 0.00020353  1.00000000
390.0  0.94888072 0.04741341 0.00021472 0.00030837 0.00065283 0.00061251 0.00037809 0.00127385 0.00011493 0.00015057  1.00000000
390.5  0.94674401 0.04945066 0.00024985 0.00027337 0.00063418 0.00037565 0.00140017 0.00042012 0.00029241 0.00015958  1.00000000
391.0  0.94525074 0.05115036 0.00026796 0.00031060 0.00056039 0.00021334 0.00161563 0.00010736 0.00034102 0.00018260  1.00000000
391.5  0.94436706 0.05201445 0.00026841 0.00030866 0.00057698 0.00011920 0.00168336 0.00009494 0.00038674 0.00018019  1.00000000
392.0  0.94422423 0.05214393 0.00025840 0.00029628 0.00060217 0.00007993 0.00175197 0.00008833 0.00046078 0.00009400  1.00000000
392.5  0.94460638 0.05162492 0.00026629 0.00028489 0.00059956 0.00010685 0.00165872 0.00011381 0.00052345 0.00021513  1.00000000
393.0  0.94593198 0.05031385 0.00024192 0.00033803 0.00057977 0.00012119 0.00164467 0.00011847 0.00036583 0.00034428  1.00000000
393.5  0.94783314 0.04832171 0.00024482 0.00032997 0.00063791 0.00011961 0.00161469 0.00014045 0.00032182 0.00043587  1.00000000
394.0  0.95015850 0.04607006 0.00024467 0.00032054 0.00060218 0.00010920 0.00162182 0.00019121 0.00026203 0.00041980  1.00000000
394.5  0.95249537 0.04373586 0.00025171 0.00033851 0.00061842 0.00011325 0.00163418 0.00025396 0.00016279 0.00039593  1.00000000
395.0  0.95458686 0.04165499 0.00026331 0.00033903 0.00057579 0.00010515 0.00159071 0.00030956 0.00017956 0.00039504  1.00000000
395.5  0.95626696 0.04006501 0.00024981 0.00033267 0.00055273 0.00010955 0.00158969 0.00026709 0.00018414 0.00038235  1.00000000
396.0  0.95731991 0.03910892 0.00027548 0.00032695 0.00058490 0.00011724 0.00154957 0.00027464 0.00013506 0.00030732  1.00000000
396.5  0.95761080 0.03875756 0.00026172 0.00033730 0.00055771 0.00011886 0.00158435 0.00032575 0.00010170 0.00034424  1.00000000
397.0  0.95760587 0.03877520 0.00026707 0.00032001 0.00064135 0.00009123 0.00159140 0.00033360 0.00013040 0.00024387  1.00000000
397.5  0.95748065 0.03892003 0.00025214 0.00031626 0.00063698 0.00009346 0.00163072 0.00026923 0.00018826 0.00021226  1.00000000
398.0  0.95727556 0.03896231 0.00023134 0.00029320 0.00064590 0.00009724 0.00163343 0.00018248 0.00043620 0.00024233  1.00000000
398.5  0.95763684 0.03858354 0.00027689 0.00029439 0.00061829 0.00012935 0.00156317 0.00025815 0.00030330 0.00033609  1.00000000
399.0  0.95845806 0.03775489 0.00025915 0.00023895 0.00069022 0.00017105 0.00148519 0.00032505 0.00007643 0.00054102  1.00000000
399.5  0.95970675 0.03648968 0.00029207 0.00021451 0.00064117 0.00039003 0.00133425 0.00029454 0.00001470 0.00062228  1.00000000
400.0  0.96096067 0.03523087 0.00026324 0.00019737 0.00067684 0.00156541 0.00021776 0.00020911 0.00004043 0.00063830  1.00000000
400.5  0.96202161 0.03389430 0.00026974 0.00016295 0.00073366 0.00179955 0.00003967 0.00018454 0.00012250 0.00077148  1.00000000
401.0  0.96279965 0.03298935 0.00021970 0.00024448 0.00071204 0.00179385 0.00003269 0.00017565 0.00022532 0.00080726  1.00000000
401.5  0.96301352 0.03278935 0.00023683 0.00018234 0.00085052 0.00180141 0.00002875 0.00010076 0.00020965 0.00078689  1.00000000
402.0  0.96246533 0.03337742 0.00024990 0.00027315 0.00077763 0.00169982 0.00005431 0.00007144 0.00016366 0.00086734  1.00000000
402.5  0.96107412 0.03461869 0.00027325 0.00023308 0.00082590 0.00162663 0.00024429 0.00007010 0.00017374 0.00086019  1.00000000
403.0  0.95908536 0.03669684 0.00025409 0.00029471 0.00077586 0.00138164 0.00052083 0.00008371 0.00017307 0.00073389  1.00000000
403.5  0.95661081 0.03932526 0.00024343 0.00024030 0.00084722 0.00104800 0.00070445 0.00009963 0.00014621 0.00073469  1.00000000
404.0  0.95370713 0.04224355 0.00024837 0.00027775 0.00085627 0.00078604 0.00091227 0.00013898 0.00006873 0.00076092  1.00000000
404.5  0.95077651 0.04521600 0.00025399 0.00024758 0.00066745 0.00053099 0.00129808 0.00018464 0.00006084 0.00076393  1.00000000
405.0  0.94767004 0.04812591 0.00024938 0.00024272 0.00070341 0.00040448 0.00142652 0.00024310 0.00008659 0.00084786  1.00000000
405.5  0.94515705 0.05060913 0.00025618 0.00027000 0.00077478 0.00034052 0.00129009 0.00034132 0.00003784 0.00092309  1.00000000
406.0  0.94319688 0.05270608 0.00021347 0.00032664 0.00068021 0.00033671 0.00108958 0.00052400 0.00001472 0.00091171  1.00000000
406.5  0.94155467 0.05425125 0.00013703 0.00023706 0.00079268 0.00031211 0.00118036 0.00071673 0.00004859 0.00076952  1.00000000
407.0  0.94046622 0.05528428 0.00012472 0.00027636 0.00073531 0.00022290 0.00123515 0.00086844 0.00005088 0.00073575  1.00000000
407.5  0.94015181 0.05585116 0.00013781 0.00007793 0.00089885 0.00020186 0.00092889 0.00102062 0.00004275 0.00068829  1.00000000
408.0  0.94021559 0.05578210 0.00012389 0.00035301 0.00058749 0.00027365 0.00062557 0.00125025 0.00008854 0.00069990  1.00000000
408.5  0.94047641 0.05538978 0.00011978 0.00004109 0.00098298 0.00047815 0.00052243 0.00113697 0.00014869 0.00070372  1.00000000
409.0  0.94116255 0.05494865 0.00014455 0.00013706 0.00073268 0.00038604 0.00090170 0.00085786 0.00017640 0.00055252  1.00000000
409.5  0.94166081 0.05432143 0.00013307 0.00006644 0.00092084 0.00030955 0.00096575 0.00088695 0.00010160 0.00063356  1.00000000
410.0  0.94204909 0.05385068 0.00011899 0.00014704 0.00087628 0.00031724 0.00083085 0.00090633 0.00022724 0.00067627  1.00000000
410.5  0.94226932 0.05380325 0.00011158 0.00005550 0.00087731 0.00027312 0.00081511 0.00095217 0.00021905 0.00062360  1.00000000
411.0  0.94184582 0.05421027 0.00010352 0.00006414 0.00087239 0.00027357 0.00104464 0.00081884 0.00016522 0.00060158  1.00000000
411.5  0.94083155 0.05518252 0.00012727 0.00004481 0.00092847 0.00032100 0.00113672 0.00077587 0.00009113 0.00056066  1.00000000
412.0  0.93923730 0.05688320 0.00011425 0.00006031 0.00082656 0.00040642 0.00099547 0.00081892 0.00010760 0.00054998  1.00000000
412.5  0.93679916 0.05925555 0.00013211 0.00006709 0.00084805 0.00041122 0.00095178 0.00076641 0.00016840 0.00060023  1.00000000
413.0  0.93386296 0.06219559 0.00012785 0.00005005 0.00088533 0.00031942 0.00106513 0.00071445 0.00020885 0.00057038  1.00000000
413.5  0.93050949 0.06559600 0.00012313 0.00004386 0.00082637 0.00028643 0.00124918 0.00067604 0.00014197 0.00054753  1.00000000
414.0  0.92655758 0.06943304 0.00013409 0.00003825 0.00087429 0.00027613 0.00121290 0.00069555 0.00007265 0.00070554  1.00000000
414.5  0.92272383 0.07322417 0.00011326 0.00005521 0.00083659 0.00033084 0.00114554 0.00069015 0.00011903 0.00076138  1.00000000
415.0  0.91964095 0.07626719 0.00014815 0.00007673 0.00080237 0.00034717 0.00122403 0.00062447 0.00015133 0.00071761  1.00000000
415.5  0.91721768 0.07863833 0.00012055 0.00013544 0.00081138 0.00026366 0.00130601 0.00059341 0.00014605 0.00076749  1.00000000
416.0  0.91570095 0.08012373 0.00014947 0.00012786 0.00080094 0.00021653 0.00124060 0.00062581 0.00007248 0.00094162  1.00000000
416.5  0.91558714 0.08033207 0.00013616 0.00020135 0.00074591 0.00020401 0.00119404 0.00060426 0.00009306 0.00090199  1.00000000
417.0  0.91685135 0.07910867 0.00015818 0.00011009 0.00077131 0.00025599 0.00134888 0.00051422 0.00015173 0.00072959  1.00000000
417.5  0.91897172 0.07679086 0.00014936 0.00025624 0.00059106 0.00021275 0.00157026 0.00048134 0.00008882 0.00088759  1.00000000
418.0  0.92191041 0.07378571 0.00014349 0.00013015 0.00078231 0.00032962 0.00142503 0.00012157 0.00043814 0.00093357  1.00000000
418.5  0.92557509 0.07030460 0.00014758 0.00021811 0.00068829 0.00070381 0.00103085 0.00033470 0.00026164 0.00073535  1.00000000
419.0  0.92906558 0.06681117 0.00013422 0.00015018 0.00077508 0.00091182 0.00099515 0.00021255 0.00024959 0.00069467  1.00000000
419.5  0.93207756 0.06354009 0.00016496 0.00017101 0.00082032 0.00108885 0.00092221 0.00010974 0.00029539 0.00080987  1.00000000
420.0  0.93460857 0.06121674 0.00012977 0.00015223 0.00070877 0.00113304 0.00091001 0.00005678 0.00029659 0.00078751  1.00000000
420.5  0.93620156 0.05959582 0.00017050 0.00022619 0.00078875 0.00112245 0.00075138 0.00007512 0.00029527 0.00077297  1.00000000
421.0  0.93714111 0.05850858 0.00013498 0.00021833 0.00076248 0.00132220 0.00075439 0.00007911 0.00026631 0.00081251  1.00000000
421.5  0.93758138 0.05794490 0.00016135 0.00022545 0.00081802 0.00141038 0.00079708 0.00004082 0.00027309 0.00074754  1.00000000
422.0  0.93754604 0.05792021 0.00014988 0.00023361 0.00078497 0.00151597 0.00070604 0.00001107 0.00024922 0.00088299  1.00000000
422.5  0.93749079 0.05800869 0.00015020 0.00021523 0.00083238 0.00147243 0.00060473 0.00000259 0.00027734 0.00094561  1.00000000
423.0  0.93774624 0.05787616 0.00014848 0.00021048 0.00078634 0.00159875 0.00054856 0.00002028 0.00033817 0.00072654  1.00000000
423.5  0.93797845 0.05763238 0.00015338 0.00021391 0.00075982 0.00162118 0.00054418 0.00001923 0.00042941 0.00064806  1.00000000
424.0  0.93862964 0.05704530 0.00015178 0.00024646 0.00083509 0.00163273 0.00047185 0.00001981 0.00022075 0.00074658  1.00000000
424.5  0.93971383 0.05605693 0.00013903 0.00024167 0.00087893 0.00163179 0.00042171 0.00001566 0.00017861 0.00072183  1.00000000
425.0  0.94107752 0.05490713 0.00013509 0.00025861 0.00076622 0.00165297 0.00035041 0.00000832 0.00040187 0.00044186  1.00000000
425.5  0.94215144 0.05357839 0.00015845 0.00023688 0.00091412 0.00158814 0.00031881 0.00000174 0.00036734 0.00068468  1.00000000
426.0  0.94339468 0.05222594 0.00014172 0.00019960 0.00086226 0.00169519 0.00027185 0.00002230 0.00037397 0.00081249  1.00000000
426.5  0.94463746 0.05120235 0.00015965 0.00018263 0.00085345 0.00159803 0.00031565 0.00005363 0.00030823 0.00068890  1.00000000
427.0  0.94481320 0.05104853 0.00013893 0.00018664 0.00092508 0.00158177 0.00033680 0.00003624 0.00034082 0.00059199  1.00000000
427.5  0.94385821 0.05193370 0.00015590 0.00021258 0.00085955 0.00136389 0.00039539 0.00001106 0.00039218 0.00081754  1.00000000
428.0  0.94198377 0.05382476 0.00012646 0.00022829 0.00088202 0.00112529 0.00067624 0.00000873 0.00034254 0.00080190  1.00000000
428.5  0.93876516 0.05696945 0.00015855 0.00022068 0.00099406 0.00068079 0.00122059 0.00004824 0.00029553 0.00064694  1.00000000
429.0  0.93444863 0.06124183 0.00014459 0.00020068 0.00099293 0.00036250 0.00157333 0.00005823 0.00031629 0.00066099  1.00000000
429.5  0.92940427 0.06606508 0.00015569 0.00026332 0.00106343 0.00025331 0.00152860 0.00007247 0.00052269 0.00067113  1.00000000
430.0  0.92428442 0.07127691 0.00015252 0.00006669 0.00106847 0.00027714 0.00190571 0.00001872 0.00041174 0.00053768  1.00000000
430.5  0.91949115 0.07620084 0.00013752 0.00005116 0.00090021 0.00028240 0.00203101 0.00011303 0.00028953 0.00050313  1.00000000
431.0  0.91531980 0.08044507 0.00016266 0.00006921 0.00086217 0.00014223 0.00203540 0.00023844 0.00024548 0.00047954  1.00000000
431.5  0.91192852 0.08375679 0.00014249 0.00009103 0.00082959 0.00022163 0.00200116 0.00027267 0.00024103 0.00051508  1.00000000
432.0  0.91010758 0.08581003 0.00014036 0.00008794 0.00082482 0.00023927 0.00190603 0.00024028 0.00022655 0.00041715  1.00000000
432.5  0.90936671 0.08658664 0.00015979 0.00010696 0.00087765 0.00029620 0.00175705 0.00023146 0.00017892 0.00043861  1.00000000
433.0  0.90946427 0.08633964 0.00008793 0.00009187 0.00108074 0.00033962 0.00166482 0.00032930 0.00014891 0.00045290  1.00000000
433.5  0.91032260 0.08542011 0.00004448 0.00007290 0.00113879 0.00043177 0.00165233 0.00032831 0.00012767 0.00046103  1.00000000
434.0  0.91156215 0.08413860 0.00001892 0.00008046 0.00115195 0.00054516 0.00157248 0.00024444 0.00014253 0.00054330  1.00000000
434.5  0.91279796 0.08290452 0.00003094 0.00010151 0.00117617 0.00058056 0.00152163 0.00025167 0.00014951 0.00048554  1.00000000
435.0  0.91387363 0.08177530 0.00002106 0.00011533 0.00135826 0.00065278 0.00130476 0.00029290 0.00011385 0.00049214  1.00000000
435.5  0.91423897 0.08137811 0.00002624 0.00009306 0.00139286 0.00085210 0.00114016 0.00026491 0.00008293 0.00053066  1.00000000
436.0  0.91372719 0.08173023 0.00001873 0.00004967 0.00134414 0.00110548 0.00120239 0.00026130 0.00006228 0.00049858  1.00000000
436.5  0.91279228 0.08280641 0.00002874 0.00003893 0.00127863 0.00135529 0.00084061 0.00032631 0.00015718 0.00037561  1.00000000
437.0  0.91104082 0.08469923 0.00002535 0.00005419 0.00123953 0.00110444 0.00090454 0.00043348 0.00012449 0.00037394  1.00000000
437.5  0.90843219 0.08721268 0.00001851 0.00007077 0.00132551 0.00119138 0.00079592 0.00035641 0.00015003 0.00044660  1.00000000
438.0  0.90533490 0.09008557 0.00003325 0.00006004 0.00136904 0.00130711 0.00085114 0.00031043 0.00026142 0.00038711  1.00000000
438.5  0.90183388 0.09320193 0.00001715 0.00004935 0.00132763 0.00115342 0.00141721 0.00020586 0.00035899 0.00043458  1.00000000
439.0  0.89872997 0.09652577 0.00002287 0.00008990 0.00110903 0.00099120 0.00149660 0.00009003 0.00044400 0.00050062  1.00000000
439.5  0.89613454 0.09913326 0.00003140 0.00013368 0.00111302 0.00101029 0.00140628 0.00004447 0.00050003 0.00049303  1.00000000
440.0  0.89415192 0.10090636 0.00002262 0.00011530 0.00106153 0.00109392 0.00165246 0.00000825 0.00050003 0.00048761  1.00000000
440.5  0.89300544 0.10194587 0.00002374 0.00008017 0.00109858 0.00116138 0.00174370 0.00001346 0.00047252 0.00045514  1.00000000
441.0  0.89308830 0.10198581 0.00003093 0.00005711 0.00102418 0.00111980 0.00174067 0.00001478 0.00045671 0.00048172  1.00000000
441.5  0.89438618 0.10077791 0.00001976 0.00006284 0.00101222 0.00103611 0.00162898 0.00002016 0.00048308 0.00057276  1.00000000
442.0  0.89688006 0.09831499 0.00003036 0.00008376 0.00103149 0.00098125 0.00156160 0.00000491 0.00051251 0.00059906  1.00000000
442.5  0.90039850 0.09480679 0.00002079 0.00009368 0.00105118 0.00103699 0.00161496 0.00001659 0.00045104 0.00050949  1.00000000
443.0  0.90457838 0.09053589 0.00002820 0.00011535 0.00098914 0.00117834 0.00159086 0.00000217 0.00049032 0.00049136  1.00000000
443.5  0.90919078 0.08574180 0.00002087 0.00012569 0.00094311 0.00136066 0.00160170 0.00002870 0.00037447 0.00061222  1.00000000
444.0  0.91431038 0.08082704 0.00002686 0.00013568 0.00092416 0.00140163 0.00123948 0.00001448 0.00052697 0.00059333  1.00000000
444.5  0.91923775 0.07625382 0.00002373 0.00011884 0.00094977 0.00156166 0.00105453 0.00000272 0.00039340 0.00040377  1.00000000
445.0  0.92313828 0.07234087 0.00002286 0.00007284 0.00091953 0.00185459 0.00059686 0.00012444 0.00048809 0.00044164  1.00000000
445.5  0.92589552 0.06917076 0.00002255 0.00006479 0.00083843 0.00233249 0.00062410 0.00011460 0.00037726 0.00055949  1.00000000
446.0  0.92797668 0.06719428 0.00002683 0.00007513 0.00072373 0.00257095 0.00042455 0.00007012 0.00046423 0.00047350  1.00000000
446.5  0.92917955 0.06635320 0.00002742 0.00009994 0.00070624 0.00232312 0.00039030 0.00009378 0.00042027 0.00040617  1.00000000
447.0  0.92931256 0.06620292 0.00001939 0.00012006 0.00079113 0.00230994 0.00022418 0.00013654 0.00033273 0.00055056  1.00000000
447.5  0.92867894 0.06653628 0.00003679 0.00013479 0.00089102 0.00247126 0.00016316 0.00013816 0.00041590 0.00053370  1.00000000
448.0  0.92813208 0.06699959 0.00001915 0.00009994 0.00096888 0.00248421 0.00037997 0.00008933 0.00044342 0.00038342  1.00000000
448.5  0.92804219 0.06703380 0.00002837 0.00008480 0.00102568 0.00213521 0.00058886 0.00011431 0.00057447 0.00037230  1.00000000
449.0  0.92890190 0.06638898 0.00002428 0.00008432 0.00100756 0.00175445 0.00064594 0.00011801 0.00026438 0.00081019  1.00000000
449.5  0.93059395 0.06502033 0.00002307 0.00008465 0.00111938 0.00145615 0.00061082 0.00012703 0.00066019 0.00030443  1.00000000
450.0  0.93231568 0.06317693 0.00002353 0.00007987 0.00120640 0.00131626 0.00069808 0.00014264 0.00044980 0.00059081  1.00000000
450.5  0.93400858 0.06110995 0.00002180 0.00007793 0.00121254 0.00133236 0.00096055 0.00014839 0.00058963 0.00053826  1.00000000
451.0  0.93571028 0.05918354 0.00002096 0.00008323 0.00126186 0.00133382 0.00104368 0.00013118 0.00057720 0.00065423  1.00000000
451.5  0.93719306 0.05781207 0.00001576 0.00007807 0.00142516 0.00122648 0.00101329 0.00012488 0.00049408 0.00061715  1.00000000
452.0  0.93753867 0.05771585 0.00001925 0.00005841 0.00147981 0.00099903 0.00089570 0.00011532 0.00058663 0.00059133  1.00000000
452.5  0.93592408 0.05923537 0.00001575 0.00005337 0.00151962 0.00085136 0.00097075 0.00011115 0.00058460 0.00073395  1.00000000
453.0  0.93251005 0.06245294 0.00001760 0.00006080 0.00146241 0.00093090 0.00114747 0.00011639 0.00128165 0.00001978  1.00000000
453.5  0.92765057 0.06720436 0.00001389 0.00007132 0.00144636 0.00098549 0.00122907 0.00012450 0.00085223 0.00042220  1.00000000
454.0  0.92191400 0.07285394 0.00001608 0.00008243 0.00144051 0.00104277 0.00115789 0.00012695 0.00091583 0.00044959  1.00000000
454.5  0.91597053 0.07905293 0.00001633 0.00007713 0.00155190 0.00088004 0.00105468 0.00014822 0.00079752 0.00045072  1.00000000
455.0  0.91001877 0.08525389 0.00001215 0.00008083 0.00165898 0.00061386 0.00098615 0.00013591 0.00078342 0.00045603  1.00000000
455.5  0.90443063 0.09077249 0.00002335 0.00008773 0.00165991 0.00054058 0.00106433 0.00016187 0.00080601 0.00045309  1.00000000
456.0  0.89989564 0.09503142 0.00001006 0.00008028 0.00165590 0.00057933 0.00112795 0.00013731 0.00102640 0.00045571  1.00000000
456.5  0.89686164 0.09801033 0.00002000 0.00006247 0.00171712 0.00071824 0.00115776 0.00021601 0.00083574 0.00040070  1.00000000
457.0  0.89516071 0.09997678 0.00001555 0.00003655 0.00167800 0.00066300 0.00116280 0.00000792 0.00100248 0.00029621  1.00000000
457.5  0.89454205 0.10055878 0.00001234 0.00031257 0.00153964 0.00070969 0.00132302 0.00016669 0.00056952 0.00026569  1.00000000
458.0  0.89478283 0.09991039 0.00001560 0.00103015 0.00092578 0.00070187 0.00176885 0.00001058 0.00055157 0.00030238  1.00000000
458.5  0.89614333 0.09850026 0.00002007 0.00135812 0.00084342 0.00077041 0.00162552 0.00009569 0.00032239 0.00032078  1.00000000
459.0  0.89834864 0.09685908 0.00001144 0.00136634 0.00072017 0.00080613 0.00105851 0.00023656 0.00026659 0.00032652  1.00000000
459.5  0.90041794 0.09512117 0.00001027 0.00132765 0.00067132 0.00086000 0.00103126 0.00010298 0.00014364 0.00031377  1.00000000
460.0  0.90189770 0.09318707 0.00001862 0.00138570 0.00066642 0.00107026 0.00089957 0.00033799 0.00019543 0.00034125  1.00000000
460.5  0.90302723 0.09175599 0.00001577 0.00142359 0.00063155 0.00115386 0.00120670 0.00024947 0.00020100 0.00033484  1.00000000
461.0  0.90394244 0.09113839 0.00001448 0.00133277 0.00056497 0.00105949 0.00118616 0.00026411 0.00019224 0.00030496  1.00000000
461.5  0.90417211 0.09127893 0.00001892 0.00133863 0.00052075 0.00088261 0.00115838 0.00021960 0.00009565 0.00031441  1.00000000
462.0  0.90317163 0.09224044 0.00001585 0.00142848 0.00051891 0.00091902 0.00100968 0.00026627 0.00012096 0.00030874  1.00000000
462.5  0.90103632 0.09408057 0.00001410 0.00152094 0.00045507 0.00097457 0.00122173 0.00033866 0.00014649 0.00021155  1.00000000
463.0  0.89796278 0.09701423 0.00001170 0.00162344 0.00028970 0.00105231 0.00141573 0.00026971 0.00015251 0.00020788  1.00000000
463.5  0.89442356 0.10082140 0.00001554 0.00160828 0.00011266 0.00090455 0.00145636 0.00027317 0.00010976 0.00027473  1.00000000
464.0  0.89013600 0.10539907 0.00001912 0.00169355 0.00007597 0.00082644 0.00125038 0.00027279 0.00007819 0.00024847  1.00000000
464.5  0.88500357 0.11057613 0.00000809 0.00180855 0.00008268 0.00063073 0.00126479 0.00027539 0.00013038 0.00021969  1.00000000
465.0  0.87926886 0.11601231 0.00002418 0.00178113 0.00014175 0.00041325 0.00173942 0.00027672 0.00011480 0.00022758  1.00000000
465.5  0.87387144 0.12127189 0.00000912 0.00168220 0.00017621 0.00016704 0.00219291 0.00028094 0.00012136 0.00022689  1.00000000
466.0  0.86941487 0.12588878 0.00000897 0.00149495 0.00043569 0.00002794 0.00212097 0.00032182 0.00007943 0.00020659  1.00000000
466.5  0.86613445 0.12949115 0.00001635 0.00109789 0.00067809 0.00003714 0.00183467 0.00040336 0.00008455 0.00022235  1.00000000
467.0  0.86398517 0.13146212 0.00001151 0.00090958 0.00095366 0.00014141 0.00171265 0.00043552 0.00013233 0.00025606  1.00000000
467.5  0.86322370 0.13191364 0.00001031 0.00070667 0.00121182 0.00027825 0.00191357 0.00038830 0.00017417 0.00017957  1.00000000
468.0  0.86410066 0.13077156 0.00001414 0.00050375 0.00143237 0.00038449 0.00199660 0.00034369 0.00030569 0.00014706  1.00000000
468.5  0.86683566 0.12837052 0.00001397 0.00026903 0.00160865 0.00036538 0.00181201 0.00029126 0.00023969 0.00019382  1.00000000
469.0  0.87089403 0.12442737 0.00000960 0.00017579 0.00166097 0.00035477 0.00165998 0.00030162 0.00029704 0.00021884  1.00000000
469.5  0.87547407 0.11974029 0.00001655 0.00019491 0.00168286 0.00040835 0.00180552 0.00033598 0.00021732 0.00012413  1.00000000
470.0  0.87985662 0.11486015 0.00001399 0.00023597 0.00185150 0.00049275 0.00184730 0.00032431 0.00037917 0.00013823  1.00000000
470.5  0.88431101 0.11028617 0.00001480 0.00027712 0.00187821 0.00056306 0.00180676 0.00023356 0.00042686 0.00020245  1.00000000
471.0  0.88829852 0.10645861 0.00001606 0.00029079 0.00188386 0.00053962 0.00167990 0.00023751 0.00040537 0.00018977  1.00000000
471.5  0.89133084 0.10350701 0.00001214 0.00031656 0.00192810 0.00045671 0.00161399 0.00030298 0.00034882 0.00018287  1.00000000
472.0  0.89327934 0.10153172 0.00002149 0.00034333 0.00190830 0.00042959 0.00166614 0.00028521 0.00033124 0.00020365  1.00000000
472.5  0.89426511 0.10047031 0.00000875 0.00046882 0.00178973 0.00047404 0.00172805 0.00022137 0.00039340 0.00018042  1.00000000
473.0  0.89465686 0.10017818 0.00002601 0.00067847 0.00141305 0.00056126 0.00167039 0.00020963 0.00043783 0.00016833  1.00000000
473.5  0.89477370 0.10015194 0.00001032 0.00098142 0.00115526 0.00046916 0.00164517 0.00029695 0.00033188 0.00018420  1.00000000
474.0  0.89498990 0.10000980 0.00001310 0.00139694 0.00086005 0.00042745 0.00159503 0.00018711 0.00036368 0.00015693  1.00000000
474.5  0.89539190 0.09947863 0.00001963 0.00176318 0.00063671 0.00038197 0.00167203 0.00025102 0.00026434 0.00014059  1.00000000
475.0  0.89654001 0.09839332 0.00001531 0.00180183 0.00046204 0.00057746 0.00136445 0.00025369 0.00043620 0.00015570  1.00000000
475.5  0.89854068 0.09636643 0.00001893 0.00196855 0.00028164 0.00049966 0.00164796 0.00032966 0.00016956 0.00017693  1.00000000
476.0  0.90127055 0.09356862 0.00001527 0.00216269 0.00014853 0.00058268 0.00133235 0.00064058 0.00010908 0.00016965  1.00000000
476.5  0.90415488 0.09052380 0.00001577 0.00216886 0.00006249 0.00121870 0.00116222 0.00035354 0.00017645 0.00016329  1.00000000
477.0  0.90670113 0.08776298 0.00001307 0.00207314 0.00010018 0.00189356 0.00056872 0.00050646 0.00015364 0.00022712  1.00000000
477.5  0.90844482 0.08587099 0.00002215 0.00189385 0.00014475 0.00218291 0.00071570 0.00038802 0.00016271 0.00017411  1.00000000
478.0  0.90900586 0.08528365 0.00001346 0.00172807 0.00013666 0.00220566 0.00078353 0.00049619 0.00014016 0.00020675  1.00000000
478.5  0.90806564 0.08643735 0.00001560 0.00167567 0.00011106 0.00213240 0.00065989 0.00050110 0.00015198 0.00024932  1.00000000
479.0  0.90539849 0.08914038 0.00001749 0.00177643 0.00013162 0.00207865 0.00061395 0.00043544 0.00020717 0.00020039  1.00000000
479.5  0.90114303 0.09310349 0.00001194 0.00181926 0.00014564 0.00210700 0.00077928 0.00042256 0.00019670 0.00027110  1.00000000
480.0  0.89583929 0.09824631 0.00001425 0.00188797 0.00013464 0.00207825 0.00092264 0.00049466 0.00013955 0.00024243  1.00000000
480.5  0.89024822 0.10395636 0.00001766 0.00184494 0.00010135 0.00199912 0.00085456 0.00052092 0.00017016 0.00028672  1.00000000
481.0  0.88496182 0.10925228 0.00001393 0.00192911 0.00006183 0.00190307 0.00078058 0.00053685 0.00022725 0.00033327  1.00000000
481.5  0.88055037 0.11368271 0.00002227 0.00204173 0.00004023 0.00169883 0.00085441 0.00046007 0.00029180 0.00035758  1.00000000
482.0  0.87726894 0.11674085 0.00001741 0.00237670 0.00002095 0.00152279 0.00097606 0.00055798 0.00017834 0.00033998  1.00000000
482.5  0.87530154 0.11862331 0.00002656 0.00254439 0.00000704 0.00148439 0.00100029 0.00058649 0.00018014 0.00024584  1.00000000
483.0  0.87457883 0.11939665 0.00000596 0.00246725 0.00001446 0.00129405 0.00118130 0.00061925 0.00015912 0.00028312  1.00000000
483.5  0.87494871 0.11911933 0.00001052 0.00226929 0.00007670 0.00099950 0.00147912 0.00057143 0.00018312 0.00034228  1.00000000
484.0  0.87611162 0.11807215 0.00000456 0.00208709 0.00015810 0.00056081 0.00179755 0.00067263 0.00010778 0.00042771  1.00000000
484.5  0.87745762 0.11665506 0.00000347 0.00194407 0.00041831 0.00026548 0.00209293 0.00069055 0.00007669 0.00039583  1.00000000
485.0  0.87857542 0.11535643 0.00000890 0.00168625 0.00077956 0.00010119 0.00223679 0.00079319 0.00006333 0.00039894  1.00000000
485.5  0.87903382 0.11479561 0.00000518 0.00085043 0.00170147 0.00010996 0.00215455 0.00091553 0.00002297 0.00041049  1.00000000
486.0  0.87908955 0.11470200 0.00000322 0.00013389 0.00237841 0.00017175 0.00228760 0.00069775 0.00019105 0.00034478  1.00000000
486.5  0.87871983 0.11520453 0.00001340 0.00003058 0.00256030 0.00012113 0.00233813 0.00051928 0.00020840 0.00028442  1.00000000
487.0  0.87791044 0.11604846 0.00004808 0.00002436 0.00257383 0.00020749 0.00216457 0.00027500 0.00048275 0.00026503  1.00000000
487.5  0.87695091 0.11736177 0.00002485 0.00002946 0.00257115 0.00020841 0.00191091 0.00018945 0.00051400 0.00023910  1.00000000
488.0  0.87521915 0.11906344 0.00004157 0.00003746 0.00248721 0.00063306 0.00149946 0.00019231 0.00057357 0.00025276  1.00000000
488.5  0.87341630 0.12102025 0.00003561 0.00005919 0.00230081 0.00061510 0.00152963 0.00020662 0.00054225 0.00027424  1.00000000
489.0  0.87181821 0.12284656 0.00003518 0.00006172 0.00219225 0.00065738 0.00151880 0.00015611 0.00046996 0.00024383  1.00000000
489.5  0.87049941 0.12421398 0.00003258 0.00005930 0.00215053 0.00082163 0.00124642 0.00022327 0.00056619 0.00018669  1.00000000
490.0  0.86915659 0.12536345 0.00003601 0.00004431 0.00215707 0.00095658 0.00131324 0.00007610 0.00065397 0.00024268  1.00000000
490.5  0.86820973 0.12609057 0.00003523 0.00003407 0.00230533 0.00088361 0.00127415 0.00028717 0.00062766 0.00025249  1.00000000
491.0  0.86822777 0.12626382 0.00003204 0.00004170 0.00242745 0.00080788 0.00136105 0.00013679 0.00055668 0.00014483  1.00000000
491.5  0.86911239 0.12566264 0.00002802 0.00005935 0.00227835 0.00086280 0.00115787 0.00011911 0.00054281 0.00017665  1.00000000
492.0  0.87023016 0.12435326 0.00004020 0.00006586 0.00215794 0.00096532 0.00111002 0.00014247 0.00060044 0.00033432  1.00000000
492.5  0.87210500 0.12240464 0.00002843 0.00005580 0.00210862 0.00101940 0.00106227 0.00028241 0.00063797 0.00029544  1.00000000
493.0  0.87496541 0.11991411 0.00002540 0.00007654 0.00218014 0.00099723 0.00091757 0.00018681 0.00051387 0.00022293  1.00000000
493.5  0.87827611 0.11658718 0.00003559 0.00013387 0.00226431 0.00113590 0.00066228 0.00017658 0.00045545 0.00027272  1.00000000
494.0  0.88183150 0.11278104 0.00003355 0.00022669 0.00220750 0.00126448 0.00069808 0.00028345 0.00042960 0.00024411  1.00000000
494.5  0.88536936 0.10896052 0.00001886 0.00032996 0.00214931 0.00128310 0.00061623 0.00071674 0.00022595 0.00032995  1.00000000
495.0  0.88919879 0.10565515 0.00003660 0.00042765 0.00193832 0.00112540 0.00064221 0.00057796 0.00010462 0.00029330  1.00000000
495.5  0.89264858 0.10228825 0.00002720 0.00058689 0.00171922 0.00087622 0.00086720 0.00071891 0.00001266 0.00025489  1.00000000
496.0  0.89527121 0.09942027 0.00002086 0.00072993 0.00138788 0.00072768 0.00131840 0.00071476 0.00000092 0.00040809  1.00000000
496.5  0.89720219 0.09746004 0.00003112 0.00071983 0.00128521 0.00099870 0.00107477 0.00076753 0.00002829 0.00043231  1.00000000
497.0  0.89857751 0.09624345 0.00002350 0.00072849 0.00129897 0.00089377 0.00107623 0.00071315 0.00003464 0.00041029  1.00000000
497.5  0.89905665 0.09573790 0.00002248 0.00072251 0.00134778 0.00076691 0.00114894 0.00066619 0.00001012 0.00052054  1.00000000
498.0  0.89898731 0.09562380 0.00001973 0.00074953 0.00129626 0.00076545 0.00128658 0.00072568 0.00001394 0.00053171  1.00000000
498.5  0.89888727 0.09549915 0.00002176 0.00085563 0.00123027 0.00091261 0.00134385 0.00070237 0.00010092 0.00044619  1.00000000
499.0  0.89918248 0.09536406 0.00002175 0.00083684 0.00127839 0.00097597 0.00119888 0.00068864 0.00001278 0.00044020  1.00000000
499.5  0.90007380 0.09452037 0.00001944 0.00077885 0.00135932 0.00093501 0.00112325 0.00073115 0.00002557 0.00043325  1.00000000
500.0  0.90160320 0.09296166 0.00002570 0.00075784 0.00140957 0.00095260 0.00107499 0.00072042 0.00001261 0.00048140  1.00000000
500.5  0.90380726 0.09082737 0.00001840 0.00073205 0.00146128 0.00092205 0.00105069 0.00076054 0.00003386 0.00038651  1.00000000
501.0  0.90619277 0.08829896 0.00003002 0.00067139 0.00157603 0.00114286 0.00089776 0.00076800 0.00003108 0.00039113  1.00000000
501.5  0.90848580 0.08585307 0.00001890 0.00058997 0.00168942 0.00127401 0.00077691 0.00085022 0.00011195 0.00034975  1.00000000
502.0  0.91030946 0.08392011 0.00002670 0.00052285 0.00176513 0.00162112 0.00053008 0.00086915 0.00007997 0.00035545  1.00000000
502.5  0.91150571 0.08310608 0.00001746 0.00042360 0.00181835 0.00134588 0.00049817 0.00079990 0.00017997 0.00030489  1.00000000
503.0  0.91134041 0.08334721 0.00002369 0.00035933 0.00190260 0.00146213 0.00043583 0.00076531 0.00006065 0.00030283  1.00000000
503.5  0.90954906 0.08489763 0.00002816 0.00048431 0.00183844 0.00155406 0.00032517 0.00097589 0.00005717 0.00029010  1.00000000
504.0  0.90661167 0.08762593 0.00001546 0.00058816 0.00170220 0.00197097 0.00019272 0.00067504 0.00032162 0.00029622  1.00000000
504.5  0.90329958 0.09119253 0.00002967 0.00064685 0.00158955 0.00203840 0.00005914 0.00035325 0.00052123 0.00026980  1.00000000
505.0  0.89969370 0.09466126 0.00002218 0.00067885 0.00160490 0.00223124 0.00004551 0.00022924 0.00052949 0.00030363  1.00000000
505.5  0.89614389 0.09808429 0.00001797 0.00071697 0.00159712 0.00212626 0.00014596 0.00025420 0.00057419 0.00033914  1.00000000
506.0  0.89321076 0.10088493 0.00002716 0.00067279 0.00151445 0.00219316 0.00031030 0.00024774 0.00054071 0.00039799  1.00000000
506.5  0.89106463 0.10292031 0.00002162 0.00067676 0.00154637 0.00210480 0.00052851 0.00024478 0.00038967 0.00050256  1.00000000
507.0  0.89003398 0.10422968 0.00002060 0.00047999 0.00160707 0.00186134 0.00068287 0.00027106 0.00016524 0.00064817  1.00000000
507.5  0.88974088 0.10461836 0.00002569 0.00042111 0.00176068 0.00156519 0.00066968 0.00031146 0.00010551 0.00078145  1.00000000
508.0  0.88985585 0.10435874 0.00002259 0.00038380 0.00183421 0.00147567 0.00072065 0.00028793 0.00010921 0.00095133  1.00000000
508.5  0.89042276 0.10367913 0.00002336 0.00037162 0.00188459 0.00148394 0.00086802 0.00025946 0.00012019 0.00088693  1.00000000
509.0  0.89110001 0.10281386 0.00002932 0.00041415 0.00192882 0.00153371 0.00101918 0.00027334 0.00019336 0.00069426  1.00000000
509.5  0.89189692 0.10210927 0.00002943 0.00042548 0.00189919 0.00145786 0.00102839 0.00033420 0.00033432 0.00048494  1.00000000
510.0  0.89257353 0.10149230 0.00002760 0.00042725 0.00183884 0.00133643 0.00092452 0.00027505 0.00070573 0.00039874  1.00000000
510.5  0.89296598 0.10112798 0.00003729 0.00041960 0.00173758 0.00123750 0.00101727 0.00026262 0.00087758 0.00031661  1.00000000
511.0  0.89287054 0.10098750 0.00002966 0.00055022 0.00176639 0.00117376 0.00125895 0.00027529 0.00081703 0.00027067  1.00000000
511.5  0.89221760 0.10149546 0.00004884 0.00059106 0.00183935 0.00110136 0.00136086 0.00031161 0.00075347 0.00028039  1.00000000
512.0  0.89140056 0.10254409 0.00003688 0.00070880 0.00163433 0.00107341 0.00121923 0.00027305 0.00078063 0.00032903  1.00000000
512.5  0.89007211 0.10387752 0.00006171 0.00090108 0.00151166 0.00088732 0.00112799 0.00029143 0.00092116 0.00034801  1.00000000
513.0  0.88867321 0.10515667 0.00005188 0.00128174 0.00116981 0.00096886 0.00115130 0.00018332 0.00098532 0.00037790  1.00000000
513.5  0.88717996 0.10643761 0.00004385 0.00182243 0.00089273 0.00091406 0.00111589 0.00034476 0.00084737 0.00040134  1.00000000
514.0  0.88588409 0.10776708 0.00005882 0.00234903 0.00041646 0.00083377 0.00101329 0.00012370 0.00116176 0.00039200  1.00000000
514.5  0.88473425 0.10910458 0.00004684 0.00256481 0.00005955 0.00087408 0.00124855 0.00048924 0.00052934 0.00034876  1.00000000
515.0  0.88389240 0.11007423 0.00004472 0.00249890 0.00000423 0.00082468 0.00083822 0.00103296 0.00045226 0.00033741  1.00000000
515.5  0.88373951 0.11045251 0.00005751 0.00217962 0.00003679 0.00138749 0.00068680 0.00068105 0.00045825 0.00032048  1.00000000
516.0  0.88402186 0.11019304 0.00004422 0.00219476 0.00009983 0.00135679 0.00058359 0.00078924 0.00039295 0.00032372  1.00000000
516.5  0.88470270 0.10927470 0.00005075 0.00217430 0.00012425 0.00159452 0.00049002 0.00079081 0.00044255 0.00035541  1.00000000
517.0  0.88592587 0.10785685 0.00004642 0.00223706 0.00013725 0.00164235 0.00042951 0.00082212 0.00049705 0.00040552  1.00000000
517.5  0.88797723 0.10597655 0.00004467 0.00215086 0.00012708 0.00173455 0.00049639 0.00070846 0.00042013 0.00036406  1.00000000
518.0  0.89022656 0.10373970 0.00004725 0.00207487 0.00012795 0.00181894 0.00047470 0.00074998 0.00044188 0.00029816  1.00000000
518.5  0.89268064 0.10136621 0.00004223 0.00181985 0.00015578 0.00192022 0.00040627 0.00080983 0.00051606 0.00028291  1.00000000
519.0  0.89491993 0.09917154 0.00004854 0.00180064 0.00013581 0.00194276 0.00030504 0.00081703 0.00052927 0.00032943  1.00000000
519.5  0.89687260 0.09729482 0.00004085 0.00183069 0.00011831 0.00193121 0.00030396 0.00077607 0.00046626 0.00036523  1.00000000
520.0  0.89810505 0.09584923 0.00005246 0.00204699 0.00009090 0.00189662 0.00033476 0.00086477 0.00049529 0.00026392  1.00000000
520.5  0.89881186 0.09495044 0.00004499 0.00208923 0.00010591 0.00204475 0.00029775 0.00092299 0.00054751 0.00018456  1.00000000
521.0  0.89900286 0.09500103 0.00005789 0.00208273 0.00013060 0.00188537 0.00021522 0.00089858 0.00052107 0.00020464  1.00000000
521.5  0.89858884 0.09544604 0.00004288 0.00205828 0.00015263 0.00198184 0.00012835 0.00076049 0.00052774 0.00031292  1.00000000
522.0  0.89782641 0.09611427 0.00006160 0.00200811 0.00016322 0.00204659 0.00005549 0.00090170 0.00049863 0.00032397  1.00000000
522.5  0.89741615 0.09648282 0.00005762 0.00197450 0.00022792 0.00213402 0.00001492 0.00086819 0.00062077 0.00020307  1.00000000
523.0  0.89738686 0.09648092 0.00004512 0.00194745 0.00037419 0.00211775 0.00007875 0.00083776 0.00051868 0.00021251  1.00000000
523.5  0.89799527 0.09577564 0.00006596 0.00188262 0.00049037 0.00181080 0.00027989 0.00074361 0.00063312 0.00032271  1.00000000
524.0  0.89936743 0.09442135 0.00003655 0.00185226 0.00048175 0.00159271 0.00053770 0.00081858 0.00045969 0.00043197  1.00000000
524.5  0.90170320 0.09210236 0.00006348 0.00168684 0.00062718 0.00125929 0.00070167 0.00081068 0.00064443 0.00040087  1.00000000
525.0  0.90480680 0.08919674 0.00004504 0.00144262 0.00081334 0.00114784 0.00085135 0.00079086 0.00057880 0.00032660  1.00000000
525.5  0.90805264 0.08607726 0.00005674 0.00108584 0.00102751 0.00102356 0.00085577 0.00072134 0.00076097 0.00033839  1.00000000
526.0  0.91117881 0.08289189 0.00004095 0.00073447 0.00132985 0.00099132 0.00087420 0.00084122 0.00070329 0.00041401  1.00000000
526.5  0.91372357 0.08027754 0.00006278 0.00049082 0.00164274 0.00092065 0.00081390 0.00075307 0.00083190 0.00048303  1.00000000
527.0  0.91556215 0.07846030 0.00004385 0.00029559 0.00185254 0.00090482 0.00079494 0.00086095 0.00087988 0.00034497  1.00000000
527.5  0.91640188 0.07769060 0.00004785 0.00016912 0.00201088 0.00088086 0.00069489 0.00075277 0.00102417 0.00032698  1.00000000
528.0  0.91585611 0.07800236 0.00005403 0.00012235 0.00212838 0.00077805 0.00068558 0.00074753 0.00102409 0.00060151  1.00000000
528.5  0.91462457 0.07909300 0.00004250 0.00013128 0.00225888 0.00079134 0.00070583 0.00081916 0.00095775 0.00057569  1.00000000
529.0  0.91278946 0.08088067 0.00004951 0.00011356 0.00221661 0.00067820 0.00085685 0.00096696 0.00129691 0.00015125  1.00000000
529.5  0.91041444 0.08296342 0.00004672 0.00009330 0.00220810 0.00065502 0.00114561 0.00095424 0.00147820 0.00004095  1.00000000
530.0  0.90840386 0.08492250 0.00004515 0.00007487 0.00222394 0.00054856 0.00121494 0.00115147 0.00140297 0.00001173  1.00000000
530.5  0.90694941 0.08659131 0.00004929 0.00003009 0.00214549 0.00056491 0.00113501 0.00125506 0.00127808 0.00000136  1.00000000
531.0  0.90582378 0.08770843 0.00002469 0.00001452 0.00221728 0.00040283 0.00114361 0.00151912 0.00114555 0.00000021  1.00000000
531.5  0.90502686 0.08836066 0.00002307 0.00000616 0.00217827 0.00040973 0.00141161 0.00161923 0.00096412 0.00000027  1.00000000
532.0  0.90447769 0.08876274 0.00002198 0.00000643 0.00221606 0.00050466 0.00114804 0.00180154 0.00104449 0.00001638  1.00000000
532.5  0.90443915 0.08883455 0.00001342 0.00000889 0.00231322 0.00066681 0.00129335 0.00137880 0.00099469 0.00005712  1.00000000
533.0  0.90451640 0.08889216 0.00002494 0.00001072 0.00205320 0.00064343 0.00145307 0.00140806 0.00096606 0.00003196  1.00000000
533.5  0.90402626 0.08924872 0.00001731 0.00053409 0.00145743 0.00047299 0.00103323 0.00207161 0.00110387 0.00003449  1.00000000
534.0  0.90311707 0.09007055 0.00001483 0.00128952 0.00065516 0.00032548 0.00132441 0.00208792 0.00105356 0.00006151  1.00000000
534.5  0.90187468 0.09164916 0.00001872 0.00160837 0.00045485 0.00011480 0.00116550 0.00216254 0.00083511 0.00011629  1.00000000
535.0  0.89986920 0.09361995 0.00001921 0.00164956 0.00044250 0.00007733 0.00113101 0.00200205 0.00108502 0.00010415  1.00000000
535.5  0.89704302 0.09620641 0.00001215 0.00150825 0.00045462 0.00035190 0.00081560 0.00232386 0.00115561 0.00012858  1.00000000
536.0  0.89402192 0.09931093 0.00001975 0.00148288 0.00048569 0.00062998 0.00069382 0.00212469 0.00114051 0.00008984  1.00000000
536.5  0.89098981 0.10264369 0.00001629 0.00149958 0.00048028 0.00079403 0.00061902 0.00194625 0.00090312 0.00010794  1.00000000
537.0  0.88793097 0.10565306 0.00008260 0.00152049 0.00048193 0.00077590 0.00054505 0.00183182 0.00106378 0.00011439  1.00000000
537.5  0.88506991 0.10830083 0.00009227 0.00160175 0.00050752 0.00064617 0.00047302 0.00206005 0.00113576 0.00011272  1.00000000
538.0  0.88283962 0.11061247 0.00003411 0.00156683 0.00064240 0.00060710 0.00042250 0.00197975 0.00116656 0.00012866  1.00000000
538.5  0.88156012 0.11222066 0.00005083 0.00142907 0.00073057 0.00066356 0.00042894 0.00185993 0.00093213 0.00012419  1.00000000
539.0  0.88060505 0.11298973 0.00004350 0.00144040 0.00080145 0.00074364 0.00049107 0.00175976 0.00097490 0.00015050  1.00000000
539.5  0.88042647 0.11295052 0.00004731 0.00132624 0.00082318 0.00068753 0.00044866 0.00201902 0.00111693 0.00015414  1.00000000
540.0  0.88137793 0.11219681 0.00004351 0.00126245 0.00082590 0.00056612 0.00042319 0.00203547 0.00116262 0.00010600  1.00000000
540.5  0.88313169 0.11071400 0.00004275 0.00119117 0.00093101 0.00053075 0.00040400 0.00191424 0.00105627 0.00008410  1.00000000
541.0  0.88505084 0.10872734 0.00004930 0.00120132 0.00106564 0.00065382 0.00046687 0.00168963 0.00102284 0.00007241  1.00000000
541.5  0.88675647 0.10651491 0.00003593 0.00110694 0.00125732 0.00081852 0.00047910 0.00176628 0.00118651 0.00007801  1.00000000
542.0  0.88884484 0.10431862 0.00003862 0.00098604 0.00137165 0.00079706 0.00058236 0.00170441 0.00127613 0.00008028  1.00000000
542.5  0.89134396 0.10218502 0.00005020 0.00083145 0.00147312 0.00077201 0.00074456 0.00147728 0.00101861 0.00010379  1.00000000
543.0  0.89345288 0.10047882 0.00002487 0.00066466 0.00163058 0.00072711 0.00092649 0.00087851 0.00113385 0.00008224  1.00000000
543.5  0.89444585 0.09902525 0.00004513 0.00048520 0.00186933 0.00085982 0.00116448 0.00088026 0.00113949 0.00008519  1.00000000
544.0  0.89539791 0.09791760 0.00002441 0.00046431 0.00194683 0.00085075 0.00071079 0.00135506 0.00122107 0.00011128  1.00000000
544.5  0.89584929 0.09755189 0.00003678 0.00041180 0.00198878 0.00080746 0.00060254 0.00134723 0.00130914 0.00009508  1.00000000
545.0  0.89548429 0.09783580 0.00002463 0.00041580 0.00200057 0.00057943 0.00028934 0.00195809 0.00132319 0.00008886  1.00000000
545.5  0.89470792 0.09861775 0.00004097 0.00041893 0.00203061 0.00058646 0.00027144 0.00194044 0.00127390 0.00011158  1.00000000
546.0  0.89363735 0.09982631 0.00001817 0.00043920 0.00213057 0.00057950 0.00011303 0.00184737 0.00130804 0.00010046  1.00000000
546.5  0.89226809 0.10118842 0.00003702 0.00043372 0.00209008 0.00067949 0.00019892 0.00176546 0.00123749 0.00010132  1.00000000
547.0  0.89069588 0.10252747 0.00002693 0.00043618 0.00210495 0.00066485 0.00018254 0.00207992 0.00119393 0.00008735  1.00000000
547.5  0.88975431 0.10348964 0.00003572 0.00048176 0.00205238 0.00058725 0.00019118 0.00201186 0.00129262 0.00010327  1.00000000
548.0  0.88964796 0.10396469 0.00002948 0.00046713 0.00195986 0.00061943 0.00013748 0.00177146 0.00130456 0.00009796  1.00000000
548.5  0.88982645 0.10373698 0.00003248 0.00052373 0.00200679 0.00071013 0.00019401 0.00161129 0.00124788 0.00011026  1.00000000
549.0  0.89091115 0.10245593 0.00003564 0.00048913 0.00200730 0.00070482 0.00026274 0.00190965 0.00111330 0.00011034  1.00000000
549.5  0.89357967 0.09980124 0.00002937 0.00043195 0.00208522 0.00075308 0.00018757 0.00171236 0.00128792 0.00013162  1.00000000
550.0  0.89750319 0.09611042 0.00002592 0.00050400 0.00207740 0.00064447 0.00022774 0.00168964 0.00109936 0.00011786  1.00000000
550.5  0.90175904 0.09183496 0.00004019 0.00039270 0.00214140 0.00066480 0.00020047 0.00165672 0.00118114 0.00012856  1.00000000
551.0  0.90659198 0.08701493 0.00002645 0.00041948 0.00207481 0.00059057 0.00025697 0.00198443 0.00094302 0.00009736  1.00000000
551.5  0.91146364 0.08215867 0.00003365 0.00037305 0.00206218 0.00074678 0.00026403 0.00142754 0.00134118 0.00012927  1.00000000
552.0  0.91554132 0.07824975 0.00003326 0.00032292 0.00199961 0.00069692 0.00029335 0.00183416 0.00088798 0.00014073  1.00000000
552.5  0.91824183 0.07536961 0.00002144 0.00037975 0.00196119 0.00074775 0.00025570 0.00144308 0.00142754 0.00015210  1.00000000
553.0  0.91974512 0.07371882 0.00003580 0.00041946 0.00190796 0.00048949 0.00048365 0.00202783 0.00100836 0.00016351  1.00000000
553.5  0.92007998 0.07369883 0.00004055 0.00049063 0.00187788 0.00049261 0.00047663 0.00161230 0.00112747 0.00010311  1.00000000
554.0  0.91905926 0.07477106 0.00003174 0.00044736 0.00192715 0.00037997 0.00050078 0.00174063 0.00104332 0.00009873  1.00000000
554.5  0.91722136 0.07634545 0.00003075 0.00047226 0.00191143 0.00042050 0.00056025 0.00174160 0.00123241 0.00006398  1.00000000
555.0  0.91536688 0.07820872 0.00003390 0.00044705 0.00203130 0.00046754 0.00052485 0.00176762 0.00110009 0.00005205  1.00000000
555.5  0.91383680 0.07990226 0.00002614 0.00041971 0.00197523 0.00048514 0.00058690 0.00172121 0.00095868 0.00008793  1.00000000
556.0  0.91248050 0.08113173 0.00002704 0.00043213 0.00189019 0.00049140 0.00058692 0.00169977 0.00116188 0.00009843  1.00000000
556.5  0.91174099 0.08164642 0.00003629 0.00045318 0.00186869 0.00052342 0.00044280 0.00201786 0.00119126 0.00007909  1.00000000
557.0  0.91189171 0.08168803 0.00001039 0.00048967 0.00189673 0.00047814 0.00033482 0.00199178 0.00111795 0.00010078  1.00000000
557.5  0.91221559 0.08129424 0.00001199 0.00051753 0.00193853 0.00054289 0.00042118 0.00189748 0.00102529 0.00013530  1.00000000
558.0  0.91242871 0.08090613 0.00002158 0.00058258 0.00197755 0.00048795 0.00037487 0.00195289 0.00117321 0.00009454  1.00000000
558.5  0.91254949 0.08109275 0.00004207 0.00057368 0.00170716 0.00050781 0.00036449 0.00195404 0.00111316 0.00009535  1.00000000
559.0  0.91219904 0.08157960 0.00003278 0.00076908 0.00154097 0.00048711 0.00032176 0.00192916 0.00099470 0.00014581  1.00000000
559.5  0.91085486 0.08262383 0.00003236 0.00116561 0.00143626 0.00047228 0.00057235 0.00187276 0.00080897 0.00016072  1.00000000
560.0  0.90854039 0.08452361 0.00004069 0.00166159 0.00109758 0.00046968 0.00052524 0.00178149 0.00120582 0.00015392  1.00000000
560.5  0.90532633 0.08769327 0.00003027 0.00192682 0.00084786 0.00051771 0.00065555 0.00196645 0.00084791 0.00018784  1.00000000
561.0  0.90124177 0.09165542 0.00003211 0.00196585 0.00073072 0.00049534 0.00125978 0.00139124 0.00105086 0.00017691  1.00000000
561.5  0.89680262 0.09595435 0.00004723 0.00206058 0.00066534 0.00059913 0.00243658 0.00027891 0.00095565 0.00019960  1.00000000
562.0  0.89249869 0.10055897 0.00002763 0.00198494 0.00065471 0.00034541 0.00250898 0.00010415 0.00109854 0.00021799  1.00000000
562.5  0.88816316 0.10483591 0.00003724 0.00195978 0.00068149 0.00054569 0.00231721 0.00017397 0.00103990 0.00024566  1.00000000
563.0  0.88425348 0.10890631 0.00003406 0.00181447 0.00062824 0.00021050 0.00272952 0.00014802 0.00109939 0.00017601  1.00000000
563.5  0.88152538 0.11188932 0.00003289 0.00150810 0.00076280 0.00052653 0.00242379 0.00018897 0.00098940 0.00015282  1.00000000
564.0  0.87997917 0.11356612 0.00003268 0.00135600 0.00100463 0.00022372 0.00231271 0.00021162 0.00119479 0.00011857  1.00000000
564.5  0.87933229 0.11366286 0.00006075 0.00133096 0.00120126 0.00029199 0.00256098 0.00018995 0.00115518 0.00021378  1.00000000
565.0  0.88015599 0.11265457 0.00002947 0.00137995 0.00138399 0.00023648 0.00249764 0.00023504 0.00119975 0.00022711  1.00000000
565.5  0.88232493 0.11068129 0.00006147 0.00123154 0.00159166 0.00026669 0.00239457 0.00017564 0.00107628 0.00019593  1.00000000
566.0  0.88513477 0.10787181 0.00003756 0.00096278 0.00170395 0.00021604 0.00237242 0.00024430 0.00122892 0.00022744  1.00000000
566.5  0.88815039 0.10439331 0.00004666 0.00081805 0.00180436 0.00023679 0.00257318 0.00026041 0.00121732 0.00049954  1.00000000
567.0  0.89171083 0.10092043 0.00003773 0.00077084 0.00180528 0.00021617 0.00245003 0.00031389 0.00121227 0.00056253  1.00000000
567.5  0.89519912 0.09751695 0.00004226 0.00080340 0.00174816 0.00022490 0.00228022 0.00028106 0.00124677 0.00065716  1.00000000
568.0  0.89796640 0.09462469 0.00004085 0.00095130 0.00168110 0.00023652 0.00236585 0.00029145 0.00120280 0.00063904  1.00000000
568.5  0.89990689 0.09245556 0.00004224 0.00111352 0.00153957 0.00025714 0.00241082 0.00032027 0.00131987 0.00063413  1.00000000
569.0  0.90096860 0.09136681 0.00003322 0.00146152 0.00141140 0.00026214 0.00231891 0.00038672 0.00115430 0.00063639  1.00000000
569.5  0.90104336 0.09138623 0.00005473 0.00173281 0.00108941 0.00015681 0.00198936 0.00049937 0.00141151 0.00063642  1.00000000
570.0  0.90021388 0.09223389 0.00002553 0.00211790 0.00071506 0.00022643 0.00222661 0.00062224 0.00101661 0.00060185  1.00000000
570.5  0.89843659 0.09373118 0.00006077 0.00241156 0.00040166 0.00019412 0.00174021 0.00090942 0.00142179 0.00069269  1.00000000
571.0  0.89619986 0.09618997 0.00003637 0.00268661 0.00010119 0.00050241 0.00182925 0.00044567 0.00133167 0.00067699  1.00000000
571.5  0.89376285 0.09875347 0.00004322 0.00297453 0.00003737 0.00009613 0.00171055 0.00065781 0.00135077 0.00061331  1.00000000
572.0  0.89134441 0.10083920 0.00003164 0.00281519 0.00003397 0.00049359 0.00155070 0.00108209 0.00105870 0.00075051  1.00000000
572.5  0.88971156 0.10260717 0.00005337 0.00261036 0.00006449 0.00034032 0.00192128 0.00106469 0.00085198 0.00077478  1.00000000
573.0  0.88887193 0.10361045 0.00002710 0.00248673 0.00012186 0.00043151 0.00169624 0.00116494 0.00082330 0.00076594  1.00000000
573.5  0.88918503 0.10305965 0.00004488 0.00261947 0.00016377 0.00050873 0.00161782 0.00113696 0.00097701 0.00068668  1.00000000
574.0  0.89118670 0.10079005 0.00003086 0.00270052 0.00025611 0.00054338 0.00163636 0.00100693 0.00104545 0.00080364  1.00000000
574.5  0.89490744 0.09715029 0.00003009 0.00260935 0.00026301 0.00044335 0.00168044 0.00112976 0.00106880 0.00071746  1.00000000
575.0  0.89978600 0.09241627 0.00004038 0.00263290 0.00021267 0.00049674 0.00155748 0.00120773 0.00092761 0.00072222  1.00000000
575.5  0.90548294 0.08676940 0.00003029 0.00247677 0.00019620 0.00046372 0.00169899 0.00118343 0.00092587 0.00077239  1.00000000
576.0  0.91162616 0.08058182 0.00003133 0.00259726 0.00017607 0.00056104 0.00163594 0.00106018 0.00092575 0.00080444  1.00000000
576.5  0.91745747 0.07467613 0.00003715 0.00256512 0.00016109 0.00068373 0.00171498 0.00098541 0.00094501 0.00077390  1.00000000
577.0  0.92236635 0.06969951 0.00003078 0.00256327 0.00011506 0.00068981 0.00170039 0.00106023 0.00096254 0.00081206  1.00000000
577.5  0.92639430 0.06588484 0.00003977 0.00245447 0.00007270 0.00058410 0.00169830 0.00107657 0.00096698 0.00082798  1.00000000
578.0  0.92923861 0.06344919 0.00002100 0.00244348 0.00007202 0.00050183 0.00163992 0.00097773 0.00085884 0.00079737  1.00000000
578.5  0.93012863 0.06249884 0.00004615 0.00233587 0.00004947 0.00056816 0.00175687 0.00106301 0.00091376 0.00063923  1.00000000
579.0  0.92929512 0.06296394 0.00002604 0.00226967 0.00003857 0.00065500 0.00182093 0.00124463 0.00104834 0.00063776  1.00000000
579.5  0.92787124 0.06441663 0.00003315 0.00229681 0.00005566 0.00080575 0.00160922 0.00147503 0.00074757 0.00068894  1.00000000
580.0  0.92553943 0.06670209 0.00003548 0.00222271 0.00010614 0.00061855 0.00189968 0.00125236 0.00068556 0.00093799  1.00000000
580.5  0.92286952 0.06927125 0.00003669 0.00224633 0.00012740 0.00100716 0.00163875 0.00140513 0.00043937 0.00095839  1.00000000
581.0  0.92067207 0.07152928 0.00003244 0.00204043 0.00013697 0.00044140 0.00215294 0.00125972 0.00078037 0.00095439  1.00000000
581.5  0.91907842 0.07335042 0.00003594 0.00208278 0.00015432 0.00105697 0.00140872 0.00141238 0.00028460 0.00113545  1.00000000
582.0  0.91798542 0.07418741 0.00002573 0.00193557 0.00032496 0.00054457 0.00179332 0.00144486 0.00055164 0.00120652  1.00000000
582.5  0.91801293 0.07423587 0.00003152 0.00119935 0.00096531 0.00088376 0.00121491 0.00197060 0.00016681 0.00131895  1.00000000
583.0  0.91852357 0.07386496 0.00004050 0.00012630 0.00181136 0.00117477 0.00094958 0.00197643 0.00022186 0.00131068  1.00000000
583.5  0.91874907 0.07352839 0.00002884 0.00000334 0.00199093 0.00031350 0.00197802 0.00196154 0.00015165 0.00129473  1.00000000
584.0  0.91823136 0.07392366 0.00001620 0.00001585 0.00179557 0.00064716 0.00162533 0.00233667 0.00013536 0.00127283  1.00000000
584.5  0.91677901 0.07526155 0.00002559 0.00005039 0.00185309 0.00027879 0.00117723 0.00304112 0.00020078 0.00133244  1.00000000
585.0  0.91406771 0.07774668 0.00009641 0.00006466 0.00193248 0.00032228 0.00226406 0.00185145 0.00016521 0.00148907  1.00000000
585.5  0.90992817 0.08201210 0.00019540 0.00005625 0.00190489 0.00031612 0.00118942 0.00288333 0.00013006 0.00138428  1.00000000
586.0  0.90413317 0.08786538 0.00018464 0.00006035 0.00201977 0.00030521 0.00179156 0.00218065 0.00010663 0.00135262  1.00000000
586.5  0.89735516 0.09474237 0.00019097 0.00006752 0.00192622 0.00030488 0.00153023 0.00219329 0.00015366 0.00153570  1.00000000
587.0  0.88979857 0.10213532 0.00020015 0.00006480 0.00201472 0.00031586 0.00162318 0.00212255 0.00013261 0.00159224  1.00000000
587.5  0.88241173 0.10954688 0.00018859 0.00006397 0.00195697 0.00033579 0.00163979 0.00232923 0.00009523 0.00143183  1.00000000
588.0  0.87544359 0.11662840 0.00020954 0.00010923 0.00180590 0.00045082 0.00164368 0.00210400 0.00005567 0.00154916  1.00000000
588.5  0.86950856 0.12254367 0.00019346 0.00014973 0.00163961 0.00053803 0.00166509 0.00177598 0.00008698 0.00189889  1.00000000
589.0  0.86568318 0.12634288 0.00018647 0.00026799 0.00165812 0.00073738 0.00173884 0.00167342 0.00007204 0.00163967  1.00000000
589.5  0.86337518 0.12846962 0.00022985 0.00045203 0.00147629 0.00076520 0.00182074 0.00170051 0.00007400 0.00163658  1.00000000
590.0  0.86243513 0.12929005 0.00018205 0.00065667 0.00120889 0.00174537 0.00111135 0.00134627 0.00011338 0.00191083  1.00000000
590.5  0.86369157 0.12825674 0.00019645 0.00107609 0.00084486 0.00075687 0.00231222 0.00084223 0.00022956 0.00179341  1.00000000
591.0  0.86627304 0.12591432 0.00021087 0.00135801 0.00059556 0.00136438 0.00172130 0.00074625 0.00034625 0.00147001  1.00000000
591.5  0.86931764 0.12268497 0.00020893 0.00152442 0.00039382 0.00158890 0.00187431 0.00061846 0.00028048 0.00150807  1.00000000
592.0  0.87280757 0.11916269 0.00016823 0.00158289 0.00039998 0.00184575 0.00164794 0.00041801 0.00045942 0.00150752  1.00000000
592.5  0.87698280 0.11521878 0.00023343 0.00142625 0.00035622 0.00184769 0.00164112 0.00028886 0.00054392 0.00146092  1.00000000
593.0  0.88082386 0.11158731 0.00016230 0.00133520 0.00046020 0.00172508 0.00159460 0.00019537 0.00063067 0.00148542  1.00000000
593.5  0.88392924 0.10852854 0.00021124 0.00141225 0.00051255 0.00168264 0.00151871 0.00020182 0.00057030 0.00143271  1.00000000
594.0  0.88611430 0.10638478 0.00019816 0.00141286 0.00056505 0.00169475 0.00146083 0.00017332 0.00066379 0.00133216  1.00000000
594.5  0.88718878 0.10499892 0.00019833 0.00155573 0.00063445 0.00169461 0.00150586 0.00023509 0.00065208 0.00133615  1.00000000
595.0  0.88764506 0.10447672 0.00019352 0.00157435 0.00063604 0.00156264 0.00150010 0.00025234 0.00069617 0.00146306  1.00000000
595.5  0.88759766 0.10492407 0.00019086 0.00139474 0.00063791 0.00133833 0.00151998 0.00032293 0.00064557 0.00142795  1.00000000
596.0  0.88637997 0.10641393 0.00019879 0.00132902 0.00069569 0.00125700 0.00151203 0.00031518 0.00066734 0.00123105  1.00000000
596.5  0.88346331 0.10888402 0.00020185 0.00120247 0.00084394 0.00137242 0.00155725 0.00053984 0.00061635 0.00131855  1.00000000
597.0  0.88001329 0.11208274 0.00018324 0.00106622 0.00097824 0.00157780 0.00160649 0.00056209 0.00059713 0.00133276  1.00000000
597.5  0.87645090 0.11571829 0.00022370 0.00092330 0.00093839 0.00158641 0.00151620 0.00081171 0.00056811 0.00126300  1.00000000
598.0  0.87251040 0.12004340 0.00018632 0.00083100 0.00095372 0.00144028 0.00168132 0.00047664 0.00065869 0.00121824  1.00000000
598.5  0.86844175 0.12424309 0.00021845 0.00078229 0.00094571 0.00135387 0.00121362 0.00098088 0.00061507 0.00120528  1.00000000
599.0  0.86485825 0.12776156 0.00018706 0.00067838 0.00103819 0.00155345 0.00173976 0.00044579 0.00067743 0.00106012  1.00000000
599.5  0.86209305 0.13024717 0.00022829 0.00064328 0.00117557 0.00166715 0.00098269 0.00102304 0.00093961 0.00100015  1.00000000
600.0  0.86121916 0.13133506 0.00018787 0.00054586 0.00116161 0.00170017 0.00185054 0.00035269 0.00060580 0.00104125  1.00000000
600.5  0.86245925 0.13029926 0.00026098 0.00049354 0.00107079 0.00108147 0.00217898 0.00030680 0.00081794 0.00103100  1.00000000
601.0  0.86576843 0.12683675 0.00020156 0.00056233 0.00110066 0.00136962 0.00209640 0.00027868 0.00072426 0.00106129  1.00000000
601.5  0.87114501 0.12102473 0.00022195 0.00062476 0.00124513 0.00121630 0.00238603 0.00032812 0.00082881 0.00097916  1.00000000
602.0  0.87881109 0.11309746 0.00022894 0.00061482 0.00121596 0.00171166 0.00195277 0.00040370 0.00088064 0.00108296  1.00000000
602.5  0.88774280 0.10437806 0.00021455 0.00061117 0.00128023 0.00146658 0.00208895 0.00043970 0.00087082 0.00090714  1.00000000
603.0  0.89680008 0.09531583 0.00021682 0.00058400 0.00125790 0.00156669 0.00199014 0.00039673 0.00083187 0.00103994  1.00000000
603.5  0.90523532 0.08698914 0.00022186 0.00057576 0.00121917 0.00141653 0.00197365 0.00039601 0.00095843 0.00101412  1.00000000
604.0  0.91195191 0.07999164 0.00021301 0.00057658 0.00126139 0.00177003 0.00174944 0.00039129 0.00106994 0.00102477  1.00000000
604.5  0.91640466 0.07521796 0.00022749 0.00055516 0.00135139 0.00177523 0.00195066 0.00044194 0.00102625 0.00104926  1.00000000
605.0  0.91914140 0.07271200 0.00021791 0.00056119 0.00119214 0.00180748 0.00191519 0.00041307 0.00101926 0.00102035  1.00000000
605.5  0.92015347 0.07184347 0.00023738 0.00053714 0.00115726 0.00167657 0.00176637 0.00036367 0.00116977 0.00109490  1.00000000
606.0  0.91978671 0.07233974 0.00021805 0.00049275 0.00112809 0.00167626 0.00180385 0.00034755 0.00103391 0.00117310  1.00000000
606.5  0.91865118 0.07336372 0.00022535 0.00046589 0.00106115 0.00172423 0.00203537 0.00032840 0.00117035 0.00097437  1.00000000
607.0  0.91753072 0.07452074 0.00021643 0.00043431 0.00112637 0.00177674 0.00184718 0.00028114 0.00111234 0.00115404  1.00000000
607.5  0.91677554 0.07517529 0.00024096 0.00058595 0.00114609 0.00175868 0.00176336 0.00023651 0.00121433 0.00110330  1.00000000
608.0  0.91697835 0.07499047 0.00019829 0.00068488 0.00123188 0.00159854 0.00191691 0.00023099 0.00111152 0.00105818  1.00000000
608.5  0.91832844 0.07367829 0.00023113 0.00073921 0.00127408 0.00150644 0.00201886 0.00020195 0.00114883 0.00087277  1.00000000
609.0  0.92070364 0.07160045 0.00022668 0.00058803 0.00136383 0.00144605 0.00194735 0.00017292 0.00107615 0.00087492  1.00000000
609.5  0.92325439 0.06887974 0.00019315 0.00050015 0.00141081 0.00143805 0.00234420 0.00017751 0.00104639 0.00075560  1.00000000
610.0  0.92594893 0.06611370 0.00023554 0.00042011 0.00131831 0.00158065 0.00192321 0.00011371 0.00150707 0.00083878  1.00000000
610.5  0.92801719 0.06402055 0.00022360 0.00036560 0.00147461 0.00136729 0.00157032 0.00023384 0.00183957 0.00088743  1.00000000
611.0  0.92902205 0.06319065 0.00021457 0.00017035 0.00176650 0.00103052 0.00127792 0.00047098 0.00197885 0.00087761  1.00000000
611.5  0.92812891 0.06386832 0.00027215 0.00007708 0.00199644 0.00062674 0.00159636 0.00022191 0.00236620 0.00084589  1.00000000
612.0  0.92524833 0.06662600 0.00023859 0.00010918 0.00193169 0.00027503 0.00212740 0.00010146 0.00241627 0.00092606  1.00000000
612.5  0.92014054 0.07164265 0.00019321 0.00015092 0.00196416 0.00012030 0.00227231 0.00011807 0.00241050 0.00098736  1.00000000
613.0  0.91325468 0.07851185 0.00023626 0.00017644 0.00214553 0.00006401 0.00210058 0.00008266 0.00240547 0.00102252  1.00000000
613.5  0.90509294 0.08676667 0.00020095 0.00019524 0.00216950 0.00004820 0.00216375 0.00005227 0.00241104 0.00089945  1.00000000
614.0  0.89625837 0.09556335 0.00022570 0.00023238 0.00211394 0.00003761 0.00220543 0.00014210 0.00229433 0.00092679  1.00000000
614.5  0.88749023 0.10434885 0.00028657 0.00025725 0.00186873 0.00004243 0.00223344 0.00022071 0.00223497 0.00101682  1.00000000
615.0  0.87945301 0.11260801 0.00024884 0.00039189 0.00167571 0.00006142 0.00213209 0.00024677 0.00210282 0.00107944  1.00000000
615.5  0.87255430 0.11927496 0.00029841 0.00069806 0.00165351 0.00012907 0.00204107 0.00043010 0.00180650 0.00111402  1.00000000
616.0  0.86730311 0.12439168 0.00026225 0.00113363 0.00125251 0.00025951 0.00189048 0.00089410 0.00143429 0.00117844  1.00000000
616.5  0.86400465 0.12769520 0.00028561 0.00152894 0.00092418 0.00048412 0.00127718 0.00137165 0.00114800 0.00128047  1.00000000
617.0  0.86248575 0.12935450 0.00029063 0.00165895 0.00069472 0.00087199 0.00043141 0.00192312 0.00093237 0.00135657  1.00000000
617.5  0.86220402 0.12955260 0.00025686 0.00193867 0.00043131 0.00129512 0.00000267 0.00216989 0.00062661 0.00152225  1.00000000
618.0  0.86316237 0.12875310 0.00031442 0.00196060 0.00023600 0.00153664 0.00012850 0.00202323 0.00031704 0.00156809  1.00000000
618.5  0.86488353 0.12717795 0.00028910 0.00195812 0.00012430 0.00175150 0.00019555 0.00176116 0.00010365 0.00175515  1.00000000
619.0  0.86656665 0.12526928 0.00025060 0.00201766 0.00010633 0.00206161 0.00027133 0.00160027 0.00001125 0.00184503  1.00000000
619.5  0.86821017 0.12359268 0.00032606 0.00196475 0.00010382 0.00089340 0.00165679 0.00144357 0.00005116 0.00175761  1.00000000
620.0  0.86957765 0.12243858 0.00027101 0.00201167 0.00012234 0.00079338 0.00177012 0.00130057 0.00018041 0.00153428  1.00000000
620.5  0.87016544 0.12210797 0.00028449 0.00177675 0.00025803 0.00074025 0.00184872 0.00116486 0.00034793 0.00130555  1.00000000
621.0  0.86909432 0.12316515 0.00028221 0.00126956 0.00061738 0.00078841 0.00200158 0.00102338 0.00043597 0.00132205  1.00000000
621.5  0.86648156 0.12552234 0.00029867 0.00101287 0.00089315 0.00079391 0.00195778 0.00095861 0.00054442 0.00153669  1.00000000
622.0  0.86265694 0.12931133 0.00026400 0.00095172 0.00101501 0.00075030 0.00176762 0.00096566 0.00063724 0.00168018  1.00000000
622.5  0.85766632 0.13431886 0.00030147 0.00106076 0.00103342 0.00071467 0.00174753 0.00095292 0.00061691 0.00158713  1.00000000
623.0  0.85116955 0.14080488 0.00027131 0.00097897 0.00106623 0.00076501 0.00184578 0.00095792 0.00059515 0.00154519  1.00000000
623.5  0.84334031 0.14867346 0.00027698 0.00085747 0.00111546 0.00074354 0.00172044 0.00106328 0.00060844 0.00160062  1.00000000
624.0  0.83489773 0.15723292 0.00027595 0.00077669 0.00111915 0.00074408 0.00150454 0.00111862 0.00062901 0.00170130  1.00000000
624.5  0.82648565 0.16559003 0.00028467 0.00076211 0.00110845 0.00084653 0.00150534 0.00117122 0.00053755 0.00170845  1.00000000
625.0  0.81857581 0.17315491 0.00028621 0.00093425 0.00108845 0.00091499 0.00170267 0.00124763 0.00039007 0.00170501  1.00000000
625.5  0.81175496 0.17977795 0.00029727 0.00104690 0.00097310 0.00094121 0.00198030 0.00103738 0.00034288 0.00184805  1.00000000
626.0  0.80709670 0.18485710 0.00028021 0.00110398 0.00083721 0.00091640 0.00219314 0.00045005 0.00044716 0.00181804  1.00000000
626.5  0.80517688 0.18705585 0.00031943 0.00114951 0.00069598 0.00094541 0.00229307 0.00009618 0.00064283 0.00162484  1.00000000
627.0  0.80553213 0.18659128 0.00025985 0.00135001 0.00052887 0.00097432 0.00228925 0.00002948 0.00082209 0.00162272  1.00000000
627.5  0.80835873 0.18354393 0.00034452 0.00157601 0.00019421 0.00089787 0.00218357 0.00004686 0.00102595 0.00182835  1.00000000
628.0  0.81387264 0.17838848 0.00027934 0.00168966 0.00004552 0.00088534 0.00177423 0.00034892 0.00077610 0.00193977  1.00000000
628.5  0.82141781 0.17085379 0.00028898 0.00152928 0.00023501 0.00100726 0.00149634 0.00113983 0.00012590 0.00190580  1.00000000
629.0  0.82962745 0.16263401 0.00028451 0.00133449 0.00039348 0.00117249 0.00142350 0.00107222 0.00020938 0.00184846  1.00000000
629.5  0.83771443 0.15436508 0.00030616 0.00125815 0.00058991 0.00131747 0.00099471 0.00113841 0.00026590 0.00204977  1.00000000
630.0  0.84522522 0.14675144 0.00026066 0.00132085 0.00060888 0.00151531 0.00077973 0.00118432 0.00029297 0.00206062  1.00000000
630.5  0.85168026 0.14018456 0.00031248 0.00129498 0.00072391 0.00157666 0.00083083 0.00119765 0.00011477 0.00208389  1.00000000
631.0  0.85687978 0.13512550 0.00030392 0.00121900 0.00077496 0.00180222 0.00070885 0.00115053 0.00011593 0.00191931  1.00000000
631.5  0.86027987 0.13176294 0.00027831 0.00132813 0.00087954 0.00178853 0.00058968 0.00106770 0.00023311 0.00179219  1.00000000
632.0  0.86156941 0.12999572 0.00031487 0.00131366 0.00088149 0.00200728 0.00061677 0.00107967 0.00026294 0.00195819  1.00000000
632.5  0.86191258 0.12969144 0.00030641 0.00127932 0.00079128 0.00212982 0.00065046 0.00091943 0.00026723 0.00205203  1.00000000
633.0  0.86220373 0.12987646 0.00029338 0.00122000 0.00079258 0.00201370 0.00050443 0.00089452 0.00029819 0.00190301  1.00000000
633.5  0.86225498 0.12976998 0.00034826 0.00120084 0.00085051 0.00216912 0.00048744 0.00085323 0.00031637 0.00174927  1.00000000
634.0  0.86272787 0.12904077 0.00027050 0.00127145 0.00088867 0.00232485 0.00045924 0.00093664 0.00026555 0.00181446  1.00000000
634.5  0.86441155 0.12732802 0.00033215 0.00129914 0.00095470 0.00207183 0.00041146 0.00102825 0.00022414 0.00193874  1.00000000
635.0  0.86733188 0.12449288 0.00024543 0.00134904 0.00085459 0.00216042 0.00036598 0.00101635 0.00080202 0.00138142  1.00000000
635.5  0.87114727 0.12032384 0.00032302 0.00128953 0.00084344 0.00250280 0.00028437 0.00097766 0.00189182 0.00041625  1.00000000
636.0  0.87641928 0.11518197 0.00021471 0.00128588 0.00075652 0.00249259 0.00025317 0.00108496 0.00197957 0.00033135  1.00000000
636.5  0.88176031 0.10987293 0.00017582 0.00152270 0.00065043 0.00215808 0.00020027 0.00117204 0.00218434 0.00030308  1.00000000
637.0  0.88673823 0.10476884 0.00018879 0.00146002 0.00052354 0.00254022 0.00011240 0.00116042 0.00216873 0.00033881  1.00000000
637.5  0.89046201 0.10108714 0.00016379 0.00138372 0.00064925 0.00256895 0.00024194 0.00110544 0.00199695 0.00034082  1.00000000
638.0  0.89198956 0.09968195 0.00017625 0.00090844 0.00102568 0.00095274 0.00209220 0.00115510 0.00171366 0.00030441  1.00000000
638.5  0.89084931 0.10061982 0.00019547 0.00018160 0.00170843 0.00034664 0.00356225 0.00166881 0.00059158 0.00027609  1.00000000
639.0  0.88744510 0.10369084 0.00017224 0.00009400 0.00199608 0.00083301 0.00123279 0.00376785 0.00049655 0.00027153  1.00000000
639.5  0.88187731 0.10920484 0.00017465 0.00010381 0.00196209 0.00134155 0.00118321 0.00273345 0.00115741 0.00026169  1.00000000
640.0  0.87416378 0.11678705 0.00018008 0.00010163 0.00195830 0.00165406 0.00141051 0.00197711 0.00146702 0.00030046  1.00000000
640.5  0.86528331 0.12567873 0.00016730 0.00012548 0.00177160 0.00184900 0.00143646 0.00159086 0.00181827 0.00027899  1.00000000
641.0  0.85627448 0.13505692 0.00015187 0.00012639 0.00194503 0.00162052 0.00135958 0.00135992 0.00187499 0.00023030  1.00000000
641.5  0.84733746 0.14377014 0.00019514 0.00013798 0.00195930 0.00163127 0.00133926 0.00139960 0.00201070 0.00021916  1.00000000
642.0  0.83904664 0.15167812 0.00016073 0.00014275 0.00205291 0.00170927 0.00133695 0.00147328 0.00215455 0.00024480  1.00000000
642.5  0.83221254 0.15876444 0.00018930 0.00010841 0.00204217 0.00165682 0.00115201 0.00127726 0.00232197 0.00027507  1.00000000
643.0  0.82671492 0.16455321 0.00014442 0.00009877 0.00202138 0.00143010 0.00110195 0.00131810 0.00237681 0.00024035  1.00000000
643.5  0.82229208 0.16851941 0.00017963 0.00010303 0.00208001 0.00144938 0.00113876 0.00162141 0.00237356 0.00024273  1.00000000
644.0  0.81954329 0.17096420 0.00016759 0.00015420 0.00204373 0.00133227 0.00116165 0.00187003 0.00248213 0.00028090  1.00000000
644.5  0.81800938 0.17240892 0.00015645 0.00023456 0.00221533 0.00121788 0.00112602 0.00157076 0.00262625 0.00043445  1.00000000
645.0  0.81731599 0.17326295 0.00018373 0.00019431 0.00203680 0.00132646 0.00121780 0.00140899 0.00257446 0.00047852  1.00000000
645.5  0.81704383 0.17359233 0.00018876 0.00006305 0.00209833 0.00123610 0.00135817 0.00171406 0.00230075 0.00040464  1.00000000
646.0  0.81740374 0.17334857 0.00013793 0.00003225 0.00213016 0.00145226 0.00125295 0.00178476 0.00207950 0.00037788  1.00000000
646.5  0.81770777 0.17336167 0.00020724 0.00004994 0.00193939 0.00175436 0.00118905 0.00157971 0.00191643 0.00029444  1.00000000
647.0  0.81714589 0.17363382 0.00016266 0.00004682 0.00201331 0.00219928 0.00089315 0.00202012 0.00160589 0.00027906  1.00000000
647.5  0.81544389 0.17529231 0.00019153 0.00002992 0.00186473 0.00294678 0.00022694 0.00272116 0.00108369 0.00019905  1.00000000
648.0  0.81281211 0.17793268 0.00018849 0.00002170 0.00198116 0.00268126 0.00065853 0.00280016 0.00076565 0.00015826  1.00000000
648.5  0.80886581 0.18203701 0.00019211 0.00012655 0.00219310 0.00189821 0.00119910 0.00270342 0.00060909 0.00017559  1.00000000
649.0  0.80288692 0.18807500 0.00016819 0.00011457 0.00214851 0.00152241 0.00163673 0.00276644 0.00051430 0.00016692  1.00000000
649.5  0.79489790 0.19606042 0.00019456 0.00008827 0.00218816 0.00109677 0.00205779 0.00284245 0.00045464 0.00011903  1.00000000
650.0  0.78576534 0.20535868 0.00017660 0.00003802 0.00220112 0.00082021 0.00224989 0.00267898 0.00054479 0.00016636  1.00000000
650.5  0.77563215 0.21582522 0.00017674 0.00009864 0.00197684 0.00052852 0.00247294 0.00252875 0.00055937 0.00020083  1.00000000
651.0  0.76459133 0.22688973 0.00018704 0.00009411 0.00191992 0.00039744 0.00265960 0.00259345 0.00046105 0.00020632  1.00000000
651.5  0.75356763 0.23777232 0.00017610 0.00011878 0.00188424 0.00030182 0.00277877 0.00269488 0.00045770 0.00024776  1.00000000
652.0  0.74374239 0.24758048 0.00017104 0.00009996 0.00204160 0.00024364 0.00256710 0.00264681 0.00058138 0.00032558  1.00000000
652.5  0.73589150 0.25532920 0.00017923 0.00009075 0.00198637 0.00022324 0.00275168 0.00260097 0.00055411 0.00039294  1.00000000
653.0  0.73066935 0.26048148 0.00017930 0.00006860 0.00201743 0.00031890 0.00285859 0.00264499 0.00044376 0.00031760  1.00000000
653.5  0.72896170 0.26254396 0.00018551 0.00007109 0.00187109 0.00038860 0.00258350 0.00275630 0.00036937 0.00026888  1.00000000
654.0  0.73034275 0.26123398 0.00015923 0.00005763 0.00203137 0.00032624 0.00253167 0.00267024 0.00036089 0.00028599  1.00000000
654.5  0.73422478 0.25693975 0.00018980 0.00004510 0.00197355 0.00038557 0.00279351 0.00281543 0.00037294 0.00025959  1.00000000
655.0  0.74019012 0.25072387 0.00016787 0.00005209 0.00200125 0.00058094 0.00276790 0.00288051 0.00035813 0.00027732  1.00000000
655.5  0.74729862 0.24400356 0.00016510 0.00008363 0.00198173 0.00077504 0.00208578 0.00307560 0.00035271 0.00017824  1.00000000
656.0  0.75405367 0.23711806 0.00019151 0.00015635 0.00183867 0.00100139 0.00102083 0.00398365 0.00043271 0.00020317  1.00000000
656.5  0.75982480 0.23089500 0.00018204 0.00024235 0.00183793 0.00116571 0.00188518 0.00276589 0.00084907 0.00035204  1.00000000
657.0  0.76436323 0.22639950 0.00017811 0.00029250 0.00179740 0.00101648 0.00175109 0.00275880 0.00111568 0.00032721  1.00000000
657.5  0.76709769 0.22384671 0.00019911 0.00032841 0.00187354 0.00135854 0.00105960 0.00311157 0.00077238 0.00035246  1.00000000
658.0  0.76827723 0.22266963 0.00019288 0.00042412 0.00189489 0.00163364 0.00048269 0.00334104 0.00077140 0.00031246  1.00000000
658.5  0.76863674 0.22216811 0.00017015 0.00052558 0.00195655 0.00189860 0.00025220 0.00330650 0.00086649 0.00021909  1.00000000
659.0  0.76851402 0.22193516 0.00019920 0.00049723 0.00217592 0.00202510 0.00015217 0.00335335 0.00091123 0.00023663  1.00000000
659.5  0.76884890 0.22176191 0.00019311 0.00039177 0.00207467 0.00199304 0.00011393 0.00346186 0.00084883 0.00031198  1.00000000
660.0  0.76983931 0.22108735 0.00015879 0.00028076 0.00214508 0.00192013 0.00007958 0.00329246 0.00080616 0.00039037  1.00000000
660.5  0.77201483 0.21878707 0.00017786 0.00030588 0.00208656 0.00191891 0.00007022 0.00330043 0.00083757 0.00050068  1.00000000
661.0  0.77561237 0.21505667 0.00019958 0.00038656 0.00222603 0.00186343 0.00006475 0.00336062 0.00076831 0.00046167  1.00000000
661.5  0.77092470 0.21989412 0.00018426 0.00039304 0.00221971 0.00193040 0.00005767 0.00325538 0.00064978 0.00049094  1.00000000
662.0  0.77657515 0.21459919 0.00009348 0.00038609 0.00187814 0.00184146 0.00004909 0.00332017 0.00066235 0.00059488  1.00000000
662.5  0.77058880 0.22064016 0.00006177 0.00034880 0.00207422 0.00177001 0.00004836 0.00318633 0.00073029 0.00055127  1.00000000
663.0  0.77594840 0.21544630 0.00005506 0.00038298 0.00207845 0.00178085 0.00003910 0.00305607 0.00082419 0.00038860  1.00000000
663.5  0.77181334 0.21997499 0.00004495 0.00032182 0.00196968 0.00191919 0.00002790 0.00255161 0.00091034 0.00046619  1.00000000
664.0  0.77405688 0.21766401 0.00004752 0.00036647 0.00195519 0.00185731 0.00001831 0.00268570 0.00096909 0.00037952  1.00000000
664.5  0.77429147 0.21723301 0.00005089 0.00041281 0.00192532 0.00192476 0.00002408 0.00285275 0.00090431 0.00038060  1.00000000
665.0  0.77115938 0.22036901 0.00003550 0.00051483 0.00184837 0.00197498 0.00002848 0.00275516 0.00081383 0.00050047  1.00000000
665.5  0.77695496 0.21446126 0.00005981 0.00059047 0.00169733 0.00190041 0.00004837 0.00262759 0.00090677 0.00075304  1.00000000
666.0  0.76890031 0.22227096 0.00004557 0.00070723 0.00171577 0.00176678 0.00011900 0.00266530 0.00091153 0.00089755  1.00000000
666.5  0.77829521 0.21301000 0.00002738 0.00124000 0.00113879 0.00141534 0.00048971 0.00281207 0.00092814 0.00064335  1.00000000
667.0  0.76862707 0.22281736 0.00002996 0.00193811 0.00022459 0.00089135 0.00106177 0.00264066 0.00118771 0.00058143  1.00000000
667.5  0.77812600 0.21301584 0.00002351 0.00242835 0.00001843 0.00064452 0.00088149 0.00241955 0.00180068 0.00064164  1.00000000
668.0  0.76967238 0.22128907 0.00000903 0.00221598 0.00017165 0.00060064 0.00115481 0.00249668 0.00163016 0.00075959  1.00000000
668.5  0.77620291 0.21474400 0.00000887 0.00211135 0.00022132 0.00080458 0.00147647 0.00249856 0.00125102 0.00068092  1.00000000
669.0  0.77146937 0.21935217 0.00002100 0.00213438 0.00038789 0.00157425 0.00065483 0.00276137 0.00115394 0.00049079  1.00000000
669.5  0.77425948 0.21655856 0.00003976 0.00227779 0.00042964 0.00175969 0.00006900 0.00286251 0.00123460 0.00050897  1.00000000
670.0  0.77264166 0.21838811 0.00006079 0.00197961 0.00045520 0.00186609 0.00014407 0.00273979 0.00110156 0.00062312  1.00000000
670.5  0.77353515 0.21775709 0.00010801 0.00192519 0.00053802 0.00185465 0.00025613 0.00229748 0.00110477 0.00062350  1.00000000
671.0  0.77352181 0.21771849 0.00013483 0.00186563 0.00056399 0.00178884 0.00083186 0.00173580 0.00112236 0.00071639  1.00000000
671.5  0.77321113 0.21793628 0.00016104 0.00195214 0.00047495 0.00185415 0.00184296 0.00070027 0.00121515 0.00065194  1.00000000
672.0  0.77287054 0.21805660 0.00015248 0.00200414 0.00038006 0.00206709 0.00209205 0.00049331 0.00118913 0.00069459  1.00000000
672.5  0.77432048 0.21696762 0.00016680 0.00223177 0.00025473 0.00171286 0.00217514 0.00027412 0.00123729 0.00065918  1.00000000
673.0  0.77180881 0.21947452 0.00017129 0.00225727 0.00015347 0.00160323 0.00241388 0.00017514 0.00127669 0.00066569  1.00000000
673.5  0.77507416 0.21584553 0.00017586 0.00250201 0.00005757 0.00173093 0.00245131 0.00009867 0.00132015 0.00074381  1.00000000
674.0  0.77042915 0.22058764 0.00020475 0.00234758 0.00003768 0.00184212 0.00251490 0.00013433 0.00115666 0.00074518  1.00000000
674.5  0.77687314 0.21451073 0.00028761 0.00252395 0.00000231 0.00146748 0.00242021 0.00009245 0.00122224 0.00059988  1.00000000
675.0  0.76940798 0.22173359 0.00030960 0.00269323 0.00006795 0.00130262 0.00273923 0.00017707 0.00103292 0.00053581  1.00000000
675.5  0.77698629 0.21399398 0.00046527 0.00250543 0.00017338 0.00118797 0.00280582 0.00008254 0.00127290 0.00052641  1.00000000
676.0  0.76918411 0.22130039 0.00055440 0.00220420 0.00037987 0.00137350 0.00282547 0.00045504 0.00118044 0.00054258  1.00000000
676.5  0.77632611 0.21389484 0.00058452 0.00183542 0.00094387 0.00176447 0.00252166 0.00021168 0.00121038 0.00070705  1.00000000
677.0  0.76998723 0.22036587 0.00073055 0.00107711 0.00150524 0.00146261 0.00259387 0.00062734 0.00096137 0.00068880  1.00000000
677.5  0.77492382 0.21533187 0.00078070 0.00067143 0.00210788 0.00129657 0.00275111 0.00061082 0.00099915 0.00052666  1.00000000
678.0  0.77162777 0.21838415 0.00082246 0.00024599 0.00256809 0.00126949 0.00275626 0.00086542 0.00089983 0.00056054  1.00000000
678.5  0.77357596 0.21663526 0.00089699 0.00009325 0.00264877 0.00125417 0.00252961 0.00076441 0.00092813 0.00067344  1.00000000
679.0  0.77347472 0.21680918 0.00092755 0.00004481 0.00267709 0.00098027 0.00249691 0.00094045 0.00089297 0.00075604  1.00000000
679.5  0.77167547 0.21811207 0.00086835 0.00002794 0.00275602 0.00123590 0.00250955 0.00102919 0.00096087 0.00082463  1.00000000
680.0  0.77441007 0.21516476 0.00090291 0.00001864 0.00276883 0.00124274 0.00270260 0.00088507 0.00100033 0.00090405  1.00000000
680.5  0.77119371 0.21888694 0.00089065 0.00003731 0.00268979 0.00117515 0.00246672 0.00088458 0.00100443 0.00077072  1.00000000
681.0  0.77521589 0.21502829 0.00087847 0.00004044 0.00286018 0.00099656 0.00237634 0.00100265 0.00096915 0.00063203  1.00000000
681.5  0.77086743 0.21892472 0.00085028 0.00004618 0.00302442 0.00128393 0.00236061 0.00096778 0.00088060 0.00079406  1.00000000
682.0  0.77433867 0.21507684 0.00090300 0.00004078 0.00321067 0.00111855 0.00267251 0.00094570 0.00076879 0.00092449  1.00000000
682.5  0.77155970 0.21793616 0.00105654 0.00005986 0.00304106 0.00110534 0.00266025 0.00104101 0.00063268 0.00090739  1.00000000
683.0  0.77354880 0.21590973 0.00111955 0.00014224 0.00357378 0.00081643 0.00246823 0.00127212 0.00053744 0.00061167  1.00000000
683.5  0.77245214 0.21686673 0.00127880 0.00024994 0.00343067 0.00087897 0.00247407 0.00134414 0.00044429 0.00058026  1.00000000
684.0  0.77252416 0.21650465 0.00146735 0.00033653 0.00315203 0.00072995 0.00283310 0.00138538 0.00039276 0.00067407  1.00000000
684.5  0.77262795 0.21627903 0.00152078 0.00096682 0.00257393 0.00064676 0.00262523 0.00188081 0.00017886 0.00069983  1.00000000
685.0  0.77275643 0.21564923 0.00176695 0.00343725 0.00069368 0.00052242 0.00240234 0.00187446 0.00027810 0.00061914  1.00000000
685.5  0.77221612 0.21683024 0.00176837 0.00382363 0.00005540 0.00075289 0.00217007 0.00124292 0.00065140 0.00048896  1.00000000
686.0  0.77365121 0.21494260 0.00164913 0.00404385 0.00002173 0.00053068 0.00270481 0.00097522 0.00086102 0.00061975  1.00000000
686.5  0.77010030 0.21839815 0.00166639 0.00377194 0.00012680 0.00148646 0.00203542 0.00080016 0.00100485 0.00060953  1.00000000
687.0  0.77451625 0.21433263 0.00177466 0.00340909 0.00022854 0.00087710 0.00235163 0.00074483 0.00116049 0.00060478  1.00000000
687.5  0.76949475 0.21954515 0.00165532 0.00345251 0.00026132 0.00085239 0.00206056 0.00083450 0.00128061 0.00056289  1.00000000
688.0  0.77480086 0.21422734 0.00177447 0.00329513 0.00039803 0.00084622 0.00207351 0.00073698 0.00127243 0.00057503  1.00000000
688.5  0.76979115 0.21885823 0.00184515 0.00336932 0.00039142 0.00096386 0.00215335 0.00068961 0.00124201 0.00069591  1.00000000
689.0  0.77341952 0.21526636 0.00183175 0.00355948 0.00040101 0.00081686 0.00221159 0.00054876 0.00137429 0.00057039  1.00000000
689.5  0.77170524 0.21705822 0.00195336 0.00334512 0.00046610 0.00088729 0.00207507 0.00047447 0.00129439 0.00074072  1.00000000
690.0  0.77136439 0.21731973 0.00202051 0.00318277 0.00047580 0.00095896 0.00205768 0.00054878 0.00132541 0.00074595  1.00000000
690.5  0.77391156 0.21505775 0.00200902 0.00300206 0.00042159 0.00080862 0.00214411 0.00065370 0.00128016 0.00071141  1.00000000
691.0  0.76984035 0.21925010 0.00203638 0.00293786 0.00040202 0.00085614 0.00216523 0.00061795 0.00132482 0.00056915  1.00000000
691.5  0.77516111 0.21390709 0.00227432 0.00280751 0.00041465 0.00088953 0.00210005 0.00053670 0.00129031 0.00061873  1.00000000
692.0  0.76901302 0.21983654 0.00232675 0.00285809 0.00042679 0.00091959 0.00199616 0.00056737 0.00121744 0.00083825  1.00000000
692.5  0.77485741 0.21381377 0.00227398 0.00289728 0.00038071 0.00075853 0.00216975 0.00077608 0.00123224 0.00084025  1.00000000
693.0  0.76954917 0.21904504 0.00239447 0.00299235 0.00035549 0.00096256 0.00206131 0.00080026 0.00112043 0.00071892  1.00000000
693.5  0.77462694 0.21460571 0.00235642 0.00262868 0.00039319 0.00094400 0.00178789 0.00082868 0.00116188 0.00066662  1.00000000
694.0  0.77112220 0.21832493 0.00216347 0.00249250 0.00036353 0.00136857 0.00120178 0.00074991 0.00136325 0.00084987  1.00000000
694.5  0.77308996 0.21576143 0.00226794 0.00262900 0.00055188 0.00209192 0.00069315 0.00166526 0.00025459 0.00099488  1.00000000
695.0  0.77131692 0.21735337 0.00236098 0.00209539 0.00117043 0.00194773 0.00079330 0.00165071 0.00034309 0.00096807  1.00000000
695.5  0.77220418 0.21691660 0.00239014 0.00100761 0.00214979 0.00192820 0.00043249 0.00139254 0.00075648 0.00082197  1.00000000
696.0  0.77203472 0.21656499 0.00274327 0.00051095 0.00272742 0.00201321 0.00070369 0.00110670 0.00095006 0.00064501  1.00000000
696.5  0.77197194 0.21630418 0.00292569 0.00032812 0.00313360 0.00218371 0.00030661 0.00107057 0.00118395 0.00059163  1.00000000
697.0  0.77200104 0.21639329 0.00307286 0.00026655 0.00295071 0.00214289 0.00044264 0.00089986 0.00124902 0.00058114  1.00000000
697.5  0.77240251 0.21563225 0.00340898 0.00026018 0.00331739 0.00168095 0.00051514 0.00083515 0.00135986 0.00058760  1.00000000
698.0  0.77107696 0.21664956 0.00358853 0.00023193 0.00278745 0.00240534 0.00059989 0.00073437 0.00129562 0.00063033  1.00000000
698.5  0.77334039 0.21435980 0.00365127 0.00031452 0.00345090 0.00184214 0.00047962 0.00067880 0.00137460 0.00050795  1.00000000
699.0  0.77048613 0.21722558 0.00377921 0.00032251 0.00267735 0.00247665 0.00033685 0.00062953 0.00135082 0.00071537  1.00000000
699.5  0.77415230 0.21373722 0.00376850 0.00032900 0.00314439 0.00178372 0.00033308 0.00071279 0.00148420 0.00055480  1.00000000
700.0  0.76935539 0.21847459 0.00373539 0.00042546 0.00281382 0.00205998 0.00040655 0.00069963 0.00154513 0.00048407  1.00000000
700.5  0.77486082 0.21306137 0.00371468 0.00057996 0.00269827 0.00213432 0.00044123 0.00063154 0.00140992 0.00046788  1.00000000
701.0  0.76943903 0.21880531 0.00374672 0.00053687 0.00283325 0.00175783 0.00036734 0.00061222 0.00145309 0.00044834  1.00000000
701.5  0.77495070 0.21298758 0.00388461 0.00057576 0.00220094 0.00233736 0.00023147 0.00066861 0.00156649 0.00059648  1.00000000
702.0  0.76956314 0.21793783 0.00390211 0.00065752 0.00317799 0.00174073 0.00019293 0.00064659 0.00158697 0.00059417  1.00000000
702.5  0.77396414 0.21333635 0.00413915 0.00057573 0.00280754 0.00223021 0.00030324 0.00058135 0.00144913 0.00061317  1.00000000
703.0  0.77037092 0.21674932 0.00438518 0.00063378 0.00300889 0.00196911 0.00036683 0.00055329 0.00144769 0.00051501  1.00000000
703.5  0.77294262 0.21397824 0.00447286 0.00078899 0.00292335 0.00224420 0.00021397 0.00064828 0.00124442 0.00054306  1.00000000
704.0  0.77165366 0.21491814 0.00472916 0.00078420 0.00281316 0.00207971 0.00014894 0.00089008 0.00119078 0.00079218  1.00000000
704.5  0.77157415 0.21464224 0.00504087 0.00078632 0.00258465 0.00219415 0.00015627 0.00120454 0.00090820 0.00090860  1.00000000
705.0  0.77235624 0.21358089 0.00505338 0.00102026 0.00247420 0.00171454 0.00043194 0.00175345 0.00066194 0.00095317  1.00000000
705.5  0.77046668 0.21529721 0.00528175 0.00115653 0.00220506 0.00200162 0.00008266 0.00205054 0.00045143 0.00100652  1.00000000
706.0  0.77231700 0.21330539 0.00534226 0.00123882 0.00205038 0.00248878 0.00008032 0.00194852 0.00034493 0.00088360  1.00000000
706.5  0.77053925 0.21497753 0.00512016 0.00131697 0.00212584 0.00214084 0.00006100 0.00251766 0.00037029 0.00083045  1.00000000
707.0  0.77191927 0.21324654 0.00513277 0.00160710 0.00207310 0.00241217 0.00005158 0.00237906 0.00022552 0.00095290  1.00000000
707.5  0.77110673 0.21384557 0.00498473 0.00193476 0.00209036 0.00202050 0.00005784 0.00276969 0.00032977 0.00086005  1.00000000
708.0  0.77100085 0.21389910 0.00477945 0.00205475 0.00221785 0.00245089 0.00003170 0.00250236 0.00013961 0.00092344  1.00000000
708.5  0.77134859 0.21338182 0.00474989 0.00212732 0.00236997 0.00218785 0.00002744 0.00273197 0.00020014 0.00087500  1.00000000
709.0  0.77068344 0.21409656 0.00481316 0.00194958 0.00250026 0.00230354 0.00002371 0.00259150 0.00015329 0.00088497  1.00000000
709.5  0.77118495 0.21370587 0.00494600 0.00189807 0.00235092 0.00207592 0.00001482 0.00279691 0.00010382 0.00092272  1.00000000
710.0  0.77131090 0.21330298 0.00507328 0.00176072 0.00245714 0.00230887 0.00002684 0.00275781 0.00008940 0.00091206  1.00000000
710.5  0.77009242 0.21404999 0.00523565 0.00166639 0.00283974 0.00230842 0.00000105 0.00279425 0.00005893 0.00095314  1.00000000
711.0  0.77215944 0.21167036 0.00570692 0.00154705 0.00286149 0.00225402 0.00000564 0.00280882 0.00006303 0.00092323  1.00000000
711.5  0.76930585 0.21475002 0.00557805 0.00088708 0.00360499 0.00223948 0.00001267 0.00256776 0.00009146 0.00096265  1.00000000
712.0  0.77295420 0.21067627 0.00573277 0.00100997 0.00365714 0.00216173 0.00001772 0.00266133 0.00006474 0.00106414  1.00000000
712.5  0.76910768 0.21457000 0.00585699 0.00105150 0.00317470 0.00238993 0.00010474 0.00246204 0.00014282 0.00113961  1.00000000
713.0  0.77245263 0.21106513 0.00567855 0.00101484 0.00330777 0.00241589 0.00006782 0.00267362 0.00017233 0.00115142  1.00000000
713.5  0.77006015 0.21349302 0.00580457 0.00124826 0.00321957 0.00232193 0.00026503 0.00212478 0.00019688 0.00126580  1.00000000
714.0  0.77134891 0.21201776 0.00603320 0.00122499 0.00339882 0.00210909 0.00013022 0.00202808 0.00022116 0.00148777  1.00000000
714.5  0.77118496 0.21218054 0.00587102 0.00102450 0.00371296 0.00240282 0.00057612 0.00128978 0.00036427 0.00139303  1.00000000
715.0  0.76988804 0.21337646 0.00634660 0.00084580 0.00350546 0.00234015 0.00064053 0.00141770 0.00037866 0.00126060  1.00000000
715.5  0.77291268 0.21086062 0.00615826 0.00082811 0.00329359 0.00237739 0.00097469 0.00103068 0.00035763 0.00120634  1.00000000
716.0  0.76944257 0.21381970 0.00656788 0.00074213 0.00366388 0.00229744 0.00077960 0.00112832 0.00031224 0.00124624  1.00000000
716.5  0.77269224 0.21032043 0.00689364 0.00065981 0.00340085 0.00241825 0.00105861 0.00083954 0.00043267 0.00128397  1.00000000
717.0  0.76972323 0.21312797 0.00698835 0.00061213 0.00340765 0.00237205 0.00122399 0.00092047 0.00045421 0.00116994  1.00000000
717.5  0.77230100 0.21054520 0.00689570 0.00063064 0.00351771 0.00252748 0.00145209 0.00075365 0.00037189 0.00100464  1.00000000
718.0  0.77073173 0.21237162 0.00696650 0.00053781 0.00332318 0.00248822 0.00115319 0.00086140 0.00042434 0.00114201  1.00000000
718.5  0.77153087 0.21133313 0.00702826 0.00062191 0.00344862 0.00226749 0.00107913 0.00079367 0.00046746 0.00142946  1.00000000
719.0  0.77123206 0.21145363 0.00697544 0.00060241 0.00353081 0.00244123 0.00115353 0.00080566 0.00045023 0.00135500  1.00000000
719.5  0.77108174 0.21151269 0.00698979 0.00059207 0.00361526 0.00264349 0.00131567 0.00069742 0.00038848 0.00116339  1.00000000
720.0  0.77112532 0.21164657 0.00692606 0.00069511 0.00377785 0.00243109 0.00106784 0.00076674 0.00041136 0.00115205  1.00000000
720.5  0.77204694 0.21107974 0.00706392 0.00065960 0.00348151 0.00230316 0.00083279 0.00083520 0.00049965 0.00119748  1.00000000
721.0  0.77074440 0.21237701 0.00692791 0.00081296 0.00330945 0.00238404 0.00091349 0.00089671 0.00039801 0.00123603  1.00000000
721.5  0.77263261 0.20991385 0.00709103 0.00110209 0.00301902 0.00265930 0.00118211 0.00084382 0.00026180 0.00129438  1.00000000
722.0  0.76969882 0.21246720 0.00748921 0.00135491 0.00282093 0.00221240 0.00140633 0.00098013 0.00028225 0.00128782  1.00000000
722.5  0.77326083 0.20879662 0.00747342 0.00229583 0.00217101 0.00250347 0.00105929 0.00078091 0.00028715 0.00137146  1.00000000
723.0  0.76936094 0.21243282 0.00788280 0.00326798 0.00099525 0.00209310 0.00074611 0.00148678 0.00035534 0.00137887  1.00000000
723.5  0.77373016 0.20748017 0.00826613 0.00388826 0.00031011 0.00284756 0.00052622 0.00140757 0.00022833 0.00131548  1.00000000
724.0  0.76937419 0.21159055 0.00823428 0.00395343 0.00016952 0.00209843 0.00046964 0.00238582 0.00028916 0.00143499  1.00000000
724.5  0.77340695 0.20745007 0.00853522 0.00367345 0.00023054 0.00166687 0.00061955 0.00245205 0.00029889 0.00166641  1.00000000
725.0  0.76984930 0.21073582 0.00874885 0.00360785 0.00028097 0.00118658 0.00055255 0.00306412 0.00027688 0.00169708  1.00000000
725.5  0.77257453 0.20761131 0.00844371 0.00387776 0.00031664 0.00075581 0.00068932 0.00374381 0.00034001 0.00164711  1.00000000
726.0  0.77043458 0.20976618 0.00854357 0.00375092 0.00034146 0.00060177 0.00058788 0.00387753 0.00042277 0.00167333  1.00000000
726.5  0.77196730 0.20850680 0.00853248 0.00373255 0.00031148 0.00066583 0.00060774 0.00350055 0.00053591 0.00163935  1.00000000
727.0  0.77102040 0.20940741 0.00834204 0.00383450 0.00030840 0.00044280 0.00068117 0.00376814 0.00057165 0.00162350  1.00000000
727.5  0.77136718 0.20851481 0.00843645 0.00386732 0.00033026 0.00041584 0.00071303 0.00416091 0.00056367 0.00163053  1.00000000
728.0  0.77103524 0.20882484 0.00857100 0.00384684 0.00036618 0.00041418 0.00067032 0.00398406 0.00066632 0.00162103  1.00000000
728.5  0.77087193 0.20886816 0.00882130 0.00383818 0.00030427 0.00044450 0.00066482 0.00375569 0.00090084 0.00153032  1.00000000
729.0  0.77106028 0.20802673 0.00900353 0.00407451 0.00024115 0.00037264 0.00075334 0.00392486 0.00103212 0.00151084  1.00000000
729.5  0.77090992 0.20797949 0.00928498 0.00403394 0.00023413 0.00043058 0.00069778 0.00405420 0.00098895 0.00138604  1.00000000
730.0  0.77125221 0.20792694 0.00967856 0.00375104 0.00023873 0.00035986 0.00067410 0.00383012 0.00108431 0.00120412  1.00000000
730.5  0.77131128 0.20759992 0.00975544 0.00377116 0.00035157 0.00027892 0.00069614 0.00364867 0.00123656 0.00135035  1.00000000
731.0  0.77060456 0.20757721 0.01008865 0.00373778 0.00046338 0.00019020 0.00081829 0.00364998 0.00138554 0.00148441  1.00000000
731.5  0.77136195 0.20681408 0.01043090 0.00351817 0.00040601 0.00020815 0.00066368 0.00366395 0.00144807 0.00148504  1.00000000
732.0  0.77055234 0.20763061 0.01020465 0.00366854 0.00061659 0.00006552 0.00067483 0.00354732 0.00144984 0.00158975  1.00000000
732.5  0.77201536 0.20609915 0.01035279 0.00327305 0.00086359 0.00015776 0.00046834 0.00346332 0.00172053 0.00158611  1.00000000
733.0  0.77022659 0.20801351 0.01017432 0.00307175 0.00084781 0.00005637 0.00080208 0.00336720 0.00179768 0.00164270  1.00000000
733.5  0.77201004 0.20654108 0.00956393 0.00328657 0.00102224 0.00018136 0.00068481 0.00312651 0.00196137 0.00162210  1.00000000
734.0  0.77071770 0.20846093 0.00951160 0.00274968 0.00126988 0.00014297 0.00077305 0.00279131 0.00184815 0.00173473  1.00000000
734.5  0.77142007 0.20813056 0.00916562 0.00243101 0.00175489 0.00021565 0.00048897 0.00249318 0.00216361 0.00173643  1.00000000
735.0  0.77164114 0.20799487 0.00862212 0.00153864 0.00299315 0.00026287 0.00061040 0.00244039 0.00196457 0.00193184  1.00000000
735.5  0.76995976 0.21017070 0.00879140 0.00021729 0.00409687 0.00039002 0.00060048 0.00190328 0.00186696 0.00200324  1.00000000
736.0  0.77309401 0.20717211 0.00872911 0.00009568 0.00442905 0.00032710 0.00074131 0.00191494 0.00150653 0.00199017  1.00000000
736.5  0.76869141 0.21127908 0.00870394 0.00012121 0.00429376 0.00040456 0.00056745 0.00195443 0.00150176 0.00248242  1.00000000
737.0  0.77393179 0.20589334 0.00900143 0.00015758 0.00422692 0.00049561 0.00055935 0.00186087 0.00130344 0.00256965  1.00000000
737.5  0.76861604 0.21124736 0.00915268 0.00020866 0.00425580 0.00040511 0.00068464 0.00182273 0.00126966 0.00233733  1.00000000
738.0  0.77310825 0.20621369 0.00935847 0.00030317 0.00436372 0.00040548 0.00040935 0.00234603 0.00128947 0.00220236  1.00000000
738.5  0.76929554 0.20958859 0.00980883 0.00031332 0.00439747 0.00044349 0.00068194 0.00186309 0.00153603 0.00207169  1.00000000
739.0  0.77158455 0.20744043 0.00977185 0.00034762 0.00415642 0.00038182 0.00063302 0.00152180 0.00197039 0.00219210  1.00000000
739.5  0.77091524 0.20803171 0.00970734 0.00043327 0.00384012 0.00037543 0.00074650 0.00085531 0.00273223 0.00236285  1.00000000
740.0  0.76986732 0.20899676 0.00955649 0.00042391 0.00370175 0.00042243 0.00078194 0.00050374 0.00332215 0.00242350  1.00000000
740.5  0.77183444 0.20753393 0.00960465 0.00045191 0.00355615 0.00064443 0.00038367 0.00100162 0.00273859 0.00225061  1.00000000
741.0  0.77007180 0.20949744 0.00972264 0.00061354 0.00335485 0.00035290 0.00062604 0.00133467 0.00216534 0.00226078  1.00000000
741.5  0.77159044 0.20732780 0.00953886 0.00096090 0.00343579 0.00069109 0.00074987 0.00130166 0.00225697 0.00214660  1.00000000
742.0  0.77030989 0.20821628 0.00972999 0.00200215 0.00207834 0.00073572 0.00065855 0.00176163 0.00182787 0.00267958  1.00000000
742.5  0.77063772 0.20811284 0.00994448 0.00306148 0.00068740 0.00070105 0.00065923 0.00247973 0.00098900 0.00272707  1.00000000
743.0  0.77120131 0.20707147 0.00964471 0.00405333 0.00046833 0.00026571 0.00093616 0.00292952 0.00055725 0.00287222  1.00000000
743.5  0.77037545 0.20867259 0.00987968 0.00360766 0.00040654 0.00055531 0.00094306 0.00279830 0.00041812 0.00234329  1.00000000
744.0  0.77131872 0.20758875 0.00998840 0.00356803 0.00044448 0.00036434 0.00110709 0.00289649 0.00040514 0.00231855  1.00000000
744.5  0.77067158 0.20790864 0.00967422 0.00408474 0.00043128 0.00039515 0.00129439 0.00283369 0.00043801 0.00226830  1.00000000
745.0  0.77039850 0.20845763 0.01018644 0.00369488 0.00040812 0.00024644 0.00109309 0.00265570 0.00048621 0.00237299  1.00000000
745.5  0.77193298 0.20770259 0.01006299 0.00340911 0.00034372 0.00028209 0.00086940 0.00252598 0.00039442 0.00247672  1.00000000
746.0  0.76937385 0.20960086 0.00999483 0.00351713 0.00049945 0.00035055 0.00105160 0.00269115 0.00041288 0.00250769  1.00000000
746.5  0.77253976 0.20614214 0.01052375 0.00334119 0.00039045 0.00038864 0.00113382 0.00264775 0.00037333 0.00251916  1.00000000
747.0  0.76840760 0.21059770 0.01031784 0.00331872 0.00046533 0.00037460 0.00089693 0.00257949 0.00047237 0.00256942  1.00000000
747.5  0.77322836 0.20584453 0.00989547 0.00328994 0.00072399 0.00042784 0.00068148 0.00271093 0.00043772 0.00275975  1.00000000
748.0  0.76769975 0.21135530 0.00982217 0.00290444 0.00076782 0.00054910 0.00072327 0.00309232 0.00035492 0.00273090  1.00000000
748.5  0.77298542 0.20612675 0.00971812 0.00256133 0.00104332 0.00050188 0.00044415 0.00350937 0.00030893 0.00280073  1.00000000
749.0  0.76822844 0.21145114 0.00955506 0.00202664 0.00167121 0.00050032 0.00025287 0.00330765 0.00023185 0.00277482  1.00000000
749.5  0.77260164 0.20659150 0.00969347 0.00147908 0.00226693 0.00061385 0.00028186 0.00342617 0.00016500 0.00288050  1.00000000
750.0  0.76825159 0.20994248 0.00979304 0.00114314 0.00277711 0.00066713 0.00114022 0.00319569 0.00010524 0.00298435  1.00000000
750.5  0.77103509 0.20712717 0.01025472 0.00093445 0.00288395 0.00051634 0.00253030 0.00178236 0.00016402 0.00277161  1.00000000
751.0  0.76982419 0.20889254 0.01020762 0.00073591 0.00298987 0.00046718 0.00271642 0.00108240 0.00029305 0.00279081  1.00000000
751.5  0.77021299 0.20772914 0.01058433 0.00093626 0.00287340 0.00044191 0.00301090 0.00087661 0.00045029 0.00288418  1.00000000
752.0  0.77055755 0.20732512 0.01082423 0.00091502 0.00296966 0.00042475 0.00295007 0.00108398 0.00050435 0.00244527  1.00000000
752.5  0.76970331 0.20820108 0.01060936 0.00082854 0.00307993 0.00028082 0.00306447 0.00108622 0.00063288 0.00251339  1.00000000
753.0  0.77117409 0.20690288 0.01076713 0.00101831 0.00301157 0.00049261 0.00268646 0.00050476 0.00101496 0.00242721  1.00000000
753.5  0.76926352 0.20867859 0.01062870 0.00119573 0.00281353 0.00037216 0.00311475 0.00057588 0.00105017 0.00230695  1.00000000
754.0  0.77038927 0.20761046 0.01041088 0.00117940 0.00304135 0.00063782 0.00277185 0.00045143 0.00121214 0.00229539  1.00000000
754.5  0.76977103 0.20841048 0.01035115 0.00117647 0.00281891 0.00052041 0.00303813 0.00048866 0.00135264 0.00207212  1.00000000
755.0  0.76942013 0.20853237 0.01053000 0.00130843 0.00265232 0.00072775 0.00297790 0.00051846 0.00151032 0.00182231  1.00000000
755.5  0.77061946 0.20726366 0.01040879 0.00123620 0.00267540 0.00068631 0.00331220 0.00049791 0.00175286 0.00154722  1.00000000
756.0  0.76802912 0.20973037 0.01087091 0.00105112 0.00255622 0.00082357 0.00295837 0.00048014 0.00225892 0.00124124  1.00000000
756.5  0.77213338 0.20544435 0.01096046 0.00121510 0.00249411 0.00068368 0.00305844 0.00047261 0.00257853 0.00095934  1.00000000
757.0  0.76736883 0.20972573 0.01129327 0.00107033 0.00246416 0.00085256 0.00310797 0.00049169 0.00285049 0.00077496  1.00000000
757.5  0.77221406 0.20452040 0.01161822 0.00117104 0.00256584 0.00068843 0.00298354 0.00043346 0.00299171 0.00081331  1.00000000
758.0  0.76785485 0.20902741 0.01172598 0.00128503 0.00278088 0.00052103 0.00272227 0.00037409 0.00271774 0.00099071  1.00000000
758.5  0.77131353 0.20560756 0.01216199 0.00128047 0.00268124 0.00038187 0.00286357 0.00033727 0.00225469 0.00111782  1.00000000
759.0  0.76925062 0.20696812 0.01216329 0.00130381 0.00282712 0.00030443 0.00319720 0.00027018 0.00184046 0.00187477  1.00000000
759.5  0.76859504 0.20729825 0.01221626 0.00127974 0.00307864 0.00020856 0.00304918 0.00032665 0.00144588 0.00250180  1.00000000
760.0  0.77142835 0.20488734 0.01229310 0.00116066 0.00294287 0.00015752 0.00307286 0.00042059 0.00108860 0.00254812  1.00000000
760.5  0.76635866 0.20975337 0.01186563 0.00126981 0.00355337 0.00011625 0.00332843 0.00042244 0.00075029 0.00258175  1.00000000
761.0  0.77314844 0.20282093 0.01165878 0.00123476 0.00376819 0.00022879 0.00345119 0.00029988 0.00052727 0.00286177  1.00000000
761.5  0.76552321 0.21088270 0.01189097 0.00090261 0.00371066 0.00007021 0.00355175 0.00027163 0.00025278 0.00294348  1.00000000
762.0  0.77307584 0.20342634 0.01111494 0.00082862 0.00448374 0.00079649 0.00276462 0.00046767 0.00011622 0.00292552  1.00000000
762.5  0.76599483 0.21062461 0.01086200 0.00050872 0.00477521 0.00009371 0.00323795 0.00054329 0.00022974 0.00312993  1.00000000
763.0  0.77128620 0.20527074 0.01106593 0.00034008 0.00485184 0.00021697 0.00271086 0.00059644 0.00031526 0.00334568  1.00000000
763.5  0.76811455 0.20861327 0.01084382 0.00025410 0.00523517 0.00005651 0.00203306 0.00074590 0.00099570 0.00310791  1.00000000
764.0  0.77008839 0.20665037 0.01127528 0.00025370 0.00488133 0.00000613 0.00248910 0.00011166 0.00134356 0.00290046  1.00000000
764.5  0.76975610 0.20656051 0.01168580 0.00033809 0.00498200 0.00001826 0.00183109 0.00011771 0.00153095 0.00317950  1.00000000
765.0  0.76930253 0.20714540 0.01172773 0.00049027 0.00482065 0.00000462 0.00130612 0.00018422 0.00166116 0.00335731  1.00000000
765.5  0.77053501 0.20578601 0.01197431 0.00044933 0.00462468 0.00000757 0.00131132 0.00020168 0.00150582 0.00360427  1.00000000
766.0  0.76889451 0.20709381 0.01215667 0.00056337 0.00459749 0.00000408 0.00142263 0.00023204 0.00113838 0.00389702  1.00000000
766.5  0.77042796 0.20603587 0.01200877 0.00064913 0.00440555 0.00000971 0.00107844 0.00016634 0.00089265 0.00432558  1.00000000
767.0  0.77013675 0.20636809 0.01193778 0.00072903 0.00422110 0.00001463 0.00097309 0.00018498 0.00074678 0.00468777  1.00000000
767.5  0.76927750 0.20694678 0.01181753 0.00088410 0.00411512 0.00001788 0.00133556 0.00023942 0.00063839 0.00472772  1.00000000
768.0  0.77087738 0.20556067 0.01202615 0.00125980 0.00360234 0.00001671 0.00123893 0.00021046 0.00077610 0.00443147  1.00000000
768.5  0.76942944 0.20725778 0.01204751 0.00219847 0.00280249 0.00001081 0.00101977 0.00018549 0.00104574 0.00400248  1.00000000
769.0  0.77150250 0.20514187 0.01211750 0.00314904 0.00191585 0.00000961 0.00117506 0.00009487 0.00144737 0.00344634  1.00000000
769.5  0.76967119 0.20647743 0.01257445 0.00352214 0.00119792 0.00000916 0.00158936 0.00014991 0.00166854 0.00313988  1.00000000
770.0  0.77014603 0.20592157 0.01247125 0.00425717 0.00087745 0.00001161 0.00145472 0.00011810 0.00181349 0.00292860  1.00000000
770.5  0.77159362 0.20450133 0.01258832 0.00469724 0.00055976 0.00003047 0.00142842 0.00017495 0.00172727 0.00269863  1.00000000
771.0  0.76794995 0.20777737 0.01297059 0.00451869 0.00051652 0.00001471 0.00194274 0.00006300 0.00167494 0.00257149  1.00000000
771.5  0.77327033 0.20226620 0.01255752 0.00476341 0.00064418 0.00003125 0.00224771 0.00020892 0.00136680 0.00264368  1.00000000
772.0  0.76646771 0.20941046 0.01268126 0.00443942 0.00065033 0.00002704 0.00209912 0.00005056 0.00140685 0.00276725  1.00000000
772.5  0.77478604 0.20099583 0.01302529 0.00406536 0.00083272 0.00005472 0.00213284 0.00019808 0.00128876 0.00262034  1.00000000
773.0  0.76565899 0.20996449 0.01262528 0.00425722 0.00121915 0.00002307 0.00229766 0.00009023 0.00131322 0.00255071  1.00000000
773.5  0.77491929 0.20110129 0.01274891 0.00365557 0.00133627 0.00000153 0.00230850 0.00019561 0.00112994 0.00260309  1.00000000
774.0  0.76576609 0.20998936 0.01269773 0.00354229 0.00150393 0.00000983 0.00204685 0.00015538 0.00130667 0.00298187  1.00000000
774.5  0.77327421 0.20222440 0.01216418 0.00381285 0.00183637 0.00002571 0.00190954 0.00019328 0.00152571 0.00303375  1.00000000
775.0  0.76705598 0.20921851 0.01201869 0.00324143 0.00182107 0.00001309 0.00200816 0.00014908 0.00159032 0.00288368  1.00000000
775.5  0.77234850 0.20461927 0.01167087 0.00307526 0.00184663 0.00000968 0.00202937 0.00011565 0.00142327 0.00286150  1.00000000
776.0  0.76884773 0.20821940 0.01127240 0.00321104 0.00202061 0.00001957 0.00192998 0.00013066 0.00150126 0.00284736  1.00000000
776.5  0.77077589 0.20655783 0.01107133 0.00333228 0.00178447 0.00007121 0.00176736 0.00016797 0.00170035 0.00277132  1.00000000
777.0  0.76980057 0.20747260 0.01108478 0.00316514 0.00175900 0.00010467 0.00198515 0.00016721 0.00172365 0.00273722  1.00000000
777.5  0.76973689 0.20733457 0.01122915 0.00336213 0.00164211 0.00008484 0.00204799 0.00010685 0.00160851 0.00284697  1.00000000
778.0  0.77040036 0.20642808 0.01129656 0.00367968 0.00149641 0.00004754 0.00190309 0.00011235 0.00153543 0.00310051  1.00000000
778.5  0.76945262 0.20695296 0.01140786 0.00394694 0.00123412 0.00008065 0.00178415 0.00010949 0.00170641 0.00332481  1.00000000
779.0  0.77025088 0.20576613 0.01180260 0.00407392 0.00089588 0.00008691 0.00209326 0.00019308 0.00168344 0.00315390  1.00000000
779.5  0.77012828 0.20622909 0.01172391 0.00443917 0.00057874 0.00013749 0.00212078 0.00006115 0.00160638 0.00297501  1.00000000
780.0  0.76982178 0.20670048 0.01161484 0.00518205 0.00013963 0.00010545 0.00179869 0.00025175 0.00146346 0.00292188  1.00000000
780.5  0.77105817 0.20548326 0.01183290 0.00479137 0.00003779 0.00035627 0.00172839 0.00006016 0.00154845 0.00310324  1.00000000
781.0  0.76882989 0.20810059 0.01144250 0.00440061 0.00038634 0.00019125 0.00261463 0.00012438 0.00060507 0.00330475  1.00000000
781.5  0.77276869 0.20489066 0.01137144 0.00386202 0.00090982 0.00008329 0.00203699 0.00018057 0.00080242 0.00309410  1.00000000
782.0  0.76814934 0.20974020 0.01145452 0.00334572 0.00120116 0.00047997 0.00159456 0.00010935 0.00078828 0.00313690  1.00000000
782.5  0.77359190 0.20403140 0.01111564 0.00354113 0.00138150 0.00001755 0.00234854 0.00003797 0.00077408 0.00316030  1.00000000
783.0  0.76731359 0.21052699 0.01107391 0.00327330 0.00146631 0.00024543 0.00216512 0.00004591 0.00088671 0.00300272  1.00000000
783.5  0.77378773 0.20437394 0.01119974 0.00304487 0.00156867 0.00016786 0.00194504 0.00004196 0.00079389 0.00307630  1.00000000
784.0  0.76756125 0.21063222 0.01084745 0.00332186 0.00145496 0.00029892 0.00183269 0.00004735 0.00070656 0.00329674  1.00000000
784.5  0.77277327 0.20556962 0.01104722 0.00318832 0.00141617 0.00025031 0.00205029 0.00004008 0.00066474 0.00299997  1.00000000
785.0  0.76895185 0.20945041 0.01107054 0.00315017 0.00136066 0.00030801 0.00193881 0.00004968 0.00069419 0.00302567  1.00000000
785.5  0.77092602 0.20762837 0.01118524 0.00330334 0.00116355 0.00026379 0.00193299 0.00008654 0.00062400 0.00288617  1.00000000
786.0  0.77153544 0.20698751 0.01134955 0.00325135 0.00109274 0.00028793 0.00203993 0.00011580 0.00058908 0.00275068  1.00000000
786.5  0.76832596 0.20991264 0.01129305 0.00334534 0.00101630 0.00027306 0.00213858 0.00011373 0.00057152 0.00300982  1.00000000
787.0  0.77363569 0.20497214 0.01121249 0.00342908 0.00089288 0.00028780 0.00203998 0.00010212 0.00043834 0.00298949  1.00000000
787.5  0.76678779 0.21250440 0.01097703 0.00362536 0.00066157 0.00027892 0.00202887 0.00012593 0.00050411 0.00250603  1.00000000
788.0  0.77450967 0.20483349 0.01071228 0.00369438 0.00066235 0.00031785 0.00205222 0.00013675 0.00046149 0.00261953  1.00000000
788.5  0.76663957 0.21314649 0.01046574 0.00356325 0.00041751 0.00034917 0.00200966 0.00011620 0.00046919 0.00282321  1.00000000
789.0  0.77360411 0.20697416 0.00976045 0.00351043 0.00044603 0.00033791 0.00202846 0.00007997 0.00045710 0.00280139  1.00000000
789.5  0.76849572 0.21240746 0.00944826 0.00353958 0.00044345 0.00040565 0.00197568 0.00011907 0.00043973 0.00272539  1.00000000
790.0  0.77143674 0.20925114 0.00945793 0.00358299 0.00028251 0.00036436 0.00200010 0.00014503 0.00042654 0.00305266  1.00000000
790.5  0.76996556 0.21117744 0.00914003 0.00375516 0.00026485 0.00052878 0.00153564 0.00015833 0.00042374 0.00305047  1.00000000
791.0  0.77000066 0.21110427 0.00929554 0.00344417 0.00024969 0.00029043 0.00174653 0.00008586 0.00045607 0.00332678  1.00000000
791.5  0.77062812 0.21036048 0.00939420 0.00338163 0.00046741 0.00056102 0.00138729 0.00019851 0.00036139 0.00325995  1.00000000
792.0  0.77014450 0.21074685 0.00958992 0.00345961 0.00057055 0.00042609 0.00175185 0.00012424 0.00021305 0.00297335  1.00000000
792.5  0.77034617 0.21055678 0.00966696 0.00358440 0.00030564 0.00053996 0.00133328 0.00029622 0.00042285 0.00294776  1.00000000
793.0  0.77079273 0.21008277 0.00954215 0.00351668 0.00049613 0.00053766 0.00136551 0.00010058 0.00048157 0.00308422  1.00000000
793.5  0.76927902 0.21188120 0.00943433 0.00321959 0.00043750 0.00041118 0.00154822 0.00004520 0.00049329 0.00325047  1.00000000
794.0  0.77184229 0.20960866 0.00933720 0.00308148 0.00038676 0.00114113 0.00069271 0.00007379 0.00053309 0.00330289  1.00000000
794.5  0.76903365 0.21235619 0.00915176 0.00332000 0.00046975 0.00012961 0.00171449 0.00003642 0.00055994 0.00322819  1.00000000
795.0  0.77172493 0.20994478 0.00904966 0.00319962 0.00058673 0.00004309 0.00177444 0.00002695 0.00049891 0.00315088  1.00000000
795.5  0.76981121 0.21185163 0.00896172 0.00322163 0.00058994 0.00003927 0.00189194 0.00005281 0.00043862 0.00314122  1.00000000
796.0  0.77055187 0.21114780 0.00886742 0.00318041 0.00058775 0.00003644 0.00190567 0.00007635 0.00047033 0.00317596  1.00000000
796.5  0.77109224 0.21044691 0.00889476 0.00311389 0.00055535 0.00001766 0.00196694 0.00004471 0.00046830 0.00339923  1.00000000
797.0  0.76886497 0.21290238 0.00887773 0.00282952 0.00053391 0.00002885 0.00207602 0.00002361 0.00041335 0.00344966  1.00000000
797.5  0.77306694 0.20885401 0.00895262 0.00268905 0.00047986 0.00006223 0.00212952 0.00004072 0.00037128 0.00335377  1.00000000
798.0  0.76731520 0.21452434 0.00891811 0.00283637 0.00057017 0.00010031 0.00207351 0.00007452 0.00029416 0.00329331  1.00000000
798.5  0.77420022 0.20697712 0.00885155 0.00338145 0.00061250 0.00012836 0.00174244 0.00029760 0.00025235 0.00355640  1.00000000
799.0  0.76590937 0.21505742 0.00895609 0.00346572 0.00059450 0.00022154 0.00175416 0.00006614 0.00025908 0.00371599  1.00000000
799.5  0.77439475 0.20663634 0.00896681 0.00334066 0.00057813 0.00038960 0.00167479 0.00001026 0.00029665 0.00371201  1.00000000
800.0  0.76647819 0.21512528 0.00882619 0.00272238 0.00081124 0.00044565 0.00176486 0.00005287 0.00027509 0.00349825  1.00000000
800.5  0.77373370 0.20791761 0.00900760 0.00293044 0.00045897 0.00060581 0.00139049 0.00001814 0.00029628 0.00364096  1.00000000
801.0  0.76775339 0.21382816 0.00896582 0.00311535 0.00081166 0.00105633 0.00083454 0.00008013 0.00031275 0.00324188  1.00000000
801.5  0.77229242 0.20937421 0.00873099 0.00343691 0.00072029 0.00154433 0.00035489 0.00002499 0.00035594 0.00316502  1.00000000
802.0  0.76961143 0.21246270 0.00848667 0.00341464 0.00052343 0.00169373 0.00018976 0.00000773 0.00017900 0.00343092  1.00000000
802.5  0.77013148 0.21218082 0.00800858 0.00324850 0.00065112 0.00186872 0.00018121 0.00001424 0.00014024 0.00357510  1.00000000
803.0  0.77062948 0.21189611 0.00777087 0.00313011 0.00068558 0.00194209 0.00012008 0.00001439 0.00027994 0.00353134  1.00000000
803.5  0.76949989 0.21305826 0.00764912 0.00337352 0.00062688 0.00186776 0.00009344 0.00004107 0.00025732 0.00353273  1.00000000
804.0  0.77111230 0.21136311 0.00744727 0.00356423 0.00062509 0.00196965 0.00014519 0.00001325 0.00019969 0.00356021  1.00000000
804.5  0.76912195 0.21298936 0.00737797 0.00340169 0.00069044 0.00213126 0.00016807 0.00003139 0.00026486 0.00382300  1.00000000
805.0  0.76997838 0.21216144 0.00742151 0.00336083 0.00063407 0.00200984 0.00011341 0.00003263 0.00027356 0.00401434  1.00000000
805.5  0.77015010 0.21225815 0.00748801 0.00336404 0.00068659 0.00184801 0.00010079 0.00003511 0.00024549 0.00382371  1.00000000
806.0  0.76891082 0.21321781 0.00756520 0.00378013 0.00058160 0.00209215 0.00010955 0.00005021 0.00021827 0.00347427  1.00000000
806.5  0.77174544 0.21038362 0.00755146 0.00388821 0.00063569 0.00203251 0.00010462 0.00004981 0.00021593 0.00339270  1.00000000
807.0  0.76741403 0.21469733 0.00756476 0.00404663 0.00062983 0.00183086 0.00007483 0.00004720 0.00018459 0.00350994  1.00000000
807.5  0.77267233 0.20901968 0.00751910 0.00421023 0.00057364 0.00197551 0.00012780 0.00005478 0.00014103 0.00370590  1.00000000
808.0  0.76639789 0.21547631 0.00735863 0.00425587 0.00056791 0.00216989 0.00010846 0.00002868 0.00013233 0.00350403  1.00000000
808.5  0.77364317 0.20883538 0.00738367 0.00398103 0.00059729 0.00194840 0.00013114 0.00007295 0.00008725 0.00331971  1.00000000
809.0  0.76704704 0.21589209 0.00726748 0.00387900 0.00046408 0.00198991 0.00009389 0.00004911 0.00009557 0.00322183  1.00000000
809.5  0.77200546 0.20961609 0.00777046 0.00373073 0.00056421 0.00230808 0.00010973 0.00007761 0.00014456 0.00367307  1.00000000
810.0  0.76802840 0.21287462 0.00774726 0.00380752 0.00053998 0.00199685 0.00042261 0.00010396 0.00014100 0.00433779  1.00000000
810.5  0.77000429 0.21067370 0.00781177 0.00412280 0.00045061 0.00143375 0.00078430 0.00007578 0.00018044 0.00446256  1.00000000
811.0  0.77100274 0.21039626 0.00782436 0.00379657 0.00063118 0.00121971 0.00115304 0.00003661 0.00017082 0.00376871  1.00000000
811.5  0.76809825 0.21327681 0.00796217 0.00358255 0.00051558 0.00099085 0.00152541 0.00003795 0.00016936 0.00384107  1.00000000
812.0  0.77262737 0.20884274 0.00797146 0.00355137 0.00049263 0.00086039 0.00127682 0.00007315 0.00021004 0.00409401  1.00000000
812.5  0.76655302 0.21486848 0.00799555 0.00363777 0.00058094 0.00094869 0.00130036 0.00007467 0.00061489 0.00342562  1.00000000
813.0  0.77281436 0.20812599 0.00797472 0.00394090 0.00053446 0.00096691 0.00164075 0.00006078 0.00051025 0.00343088  1.00000000
813.5  0.76644583 0.21487363 0.00803024 0.00393986 0.00053230 0.00075201 0.00155059 0.00006752 0.00000445 0.00380356  1.00000000
814.0  0.77281260 0.20899064 0.00801098 0.00373107 0.00054719 0.00073706 0.00129571 0.00006457 0.00002772 0.00378246  1.00000000
814.5  0.76731563 0.21428226 0.00793361 0.00388351 0.00054604 0.00075256 0.00149332 0.00006524 0.00002044 0.00370737  1.00000000
815.0  0.77122760 0.21054785 0.00773106 0.00377310 0.00054526 0.00076108 0.00159432 0.00003568 0.00004507 0.00373898  1.00000000
815.5  0.76920783 0.21358174 0.00753948 0.00341422 0.00048678 0.00080917 0.00146767 0.00004176 0.00004530 0.00340605  1.00000000
816.0  0.76995682 0.21283644 0.00724144 0.00352049 0.00051719 0.00101483 0.00143858 0.00002333 0.00022791 0.00322297  1.00000000
816.5  0.77008985 0.21316227 0.00696787 0.00325232 0.00056374 0.00097296 0.00158432 0.00003607 0.00025262 0.00311799  1.00000000
817.0  0.76937545 0.21500583 0.00578403 0.00311268 0.00074339 0.00105660 0.00159644 0.00002281 0.00023569 0.00306708  1.00000000
817.5  0.77031386 0.21323293 0.00650370 0.00312380 0.00065845 0.00137338 0.00138881 0.00002780 0.00024827 0.00312899  1.00000000
818.0  0.76906145 0.21439484 0.00635008 0.00315980 0.00065024 0.00156686 0.00128931 0.00004904 0.00029103 0.00318733  1.00000000
818.5  0.76940065 0.21403858 0.00641994 0.00335031 0.00047457 0.00164146 0.00119659 0.00003029 0.00035251 0.00309511  1.00000000
819.0  0.77040904 0.21292661 0.00649332 0.00312749 0.00064576 0.00160587 0.00105961 0.00006426 0.00044317 0.00322485  1.00000000
819.5  0.76853298 0.21464922 0.00680511 0.00332084 0.00043196 0.00184927 0.00097062 0.00011805 0.00007446 0.00324748  1.00000000
820.0  0.77110611 0.21188957 0.00677939 0.00249159 0.00128111 0.00259947 0.00020183 0.00030215 0.00009582 0.00325294  1.00000000
820.5  0.76814377 0.21480676 0.00675583 0.00250632 0.00106814 0.00236203 0.00070016 0.00021257 0.00003325 0.00341115  1.00000000
821.0  0.77086602 0.21226037 0.00675938 0.00275875 0.00072883 0.00226579 0.00082148 0.00037122 0.00005032 0.00311784  1.00000000
821.5  0.76976010 0.21394436 0.00664748 0.00271953 0.00063714 0.00214091 0.00089731 0.00023189 0.00001666 0.00300461  1.00000000
822.0  0.76979059 0.21441675 0.00633360 0.00298425 0.00046435 0.00191776 0.00077003 0.00027931 0.00002774 0.00301563  1.00000000
822.5  0.77198678 0.21219515 0.00612311 0.00296272 0.00045082 0.00216387 0.00076348 0.00025640 0.00004751 0.00305016  1.00000000
823.0  0.76698551 0.21712001 0.00598300 0.00293490 0.00037892 0.00226354 0.00090553 0.00029099 0.00008966 0.00304794  1.00000000
823.5  0.77485194 0.21004607 0.00572768 0.00274825 0.00036833 0.00210671 0.00079658 0.00028744 0.00007334 0.00299366  1.00000000
824.0  0.76582916 0.21938651 0.00558879 0.00259327 0.00034960 0.00209413 0.00078465 0.00028419 0.00003065 0.00305905  1.00000000
824.5  0.77555099 0.20937865 0.00547998 0.00268537 0.00050088 0.00204242 0.00085878 0.00027691 0.00002397 0.00320206  1.00000000
825.0  0.76528341 0.21947972 0.00535739 0.00285567 0.00049373 0.00210687 0.00086742 0.00028439 0.00005064 0.00322076  1.00000000
825.5  0.77479582 0.20983229 0.00519226 0.00256919 0.00075085 0.00221090 0.00079784 0.00029032 0.00005630 0.00350424  1.00000000
826.0  0.76635250 0.21827166 0.00515790 0.00228239 0.00104851 0.00216258 0.00081347 0.00034466 0.00005078 0.00351556  1.00000000
826.5  0.77308403 0.21178612 0.00530240 0.00182714 0.00121709 0.00204715 0.00088645 0.00032518 0.00004318 0.00348125  1.00000000
827.0  0.76882725 0.21636370 0.00519317 0.00143677 0.00161663 0.00198637 0.00067395 0.00045510 0.00002785 0.00341920  1.00000000
827.5  0.77183982 0.21316036 0.00519772 0.00094274 0.00235832 0.00236698 0.00068513 0.00040831 0.00003711 0.00300352  1.00000000
828.0  0.77014214 0.21454764 0.00509907 0.00069802 0.00274929 0.00220591 0.00071083 0.00059024 0.00007693 0.00317993  1.00000000
828.5  0.77012847 0.21454182 0.00478960 0.00067780 0.00290744 0.00249668 0.00043732 0.00051504 0.00003503 0.00347078  1.00000000
829.0  0.77078261 0.21397239 0.00456593 0.00043961 0.00323203 0.00265465 0.00018724 0.00052061 0.00003866 0.00360628  1.00000000
829.5  0.77048570 0.21516921 0.00433710 0.00041977 0.00324019 0.00218120 0.00053358 0.00032896 0.00012146 0.00318283  1.00000000
830.0  0.77145364 0.21421310 0.00376718 0.00040532 0.00362553 0.00153878 0.00106525 0.00023517 0.00021328 0.00348275  1.00000000
830.5  0.77107743 0.21500634 0.00341366 0.00016790 0.00388152 0.00119589 0.00138331 0.00023013 0.00023397 0.00340985  1.00000000
831.0  0.77016753 0.21562824 0.00303996 0.00017557 0.00381306 0.00130600 0.00169424 0.00003638 0.00031883 0.00382019  1.00000000
831.5  0.77166279 0.21464446 0.00274895 0.00021559 0.00379589 0.00138812 0.00131907 0.00014486 0.00041215 0.00366812  1.00000000
832.0  0.76994501 0.21696914 0.00272806 0.00034122 0.00336395 0.00154672 0.00135848 0.00002265 0.00041630 0.00330847  1.00000000
832.5  0.77282023 0.21395336 0.00264527 0.00072601 0.00330500 0.00141195 0.00118266 0.00016724 0.00054239 0.00324589  1.00000000
833.0  0.76875532 0.21752314 0.00255990 0.00089853 0.00302624 0.00156400 0.00140854 0.00006517 0.00056041 0.00363872  1.00000000
833.5  0.77316807 0.21326366 0.00256982 0.00107437 0.00269793 0.00186869 0.00115633 0.00003130 0.00057505 0.00359477  1.00000000
834.0  0.76883677 0.21790578 0.00257828 0.00111582 0.00273183 0.00170599 0.00110037 0.00001433 0.00055247 0.00345834  1.00000000
834.5  0.77357650 0.21332329 0.00258263 0.00109429 0.00256987 0.00177203 0.00102809 0.00003482 0.00054832 0.00347016  1.00000000
835.0  0.76904306 0.21786651 0.00249605 0.00116015 0.00244366 0.00193534 0.00097649 0.00004851 0.00048698 0.00354326  1.00000000
835.5  0.77297645 0.21422012 0.00242814 0.00102543 0.00277152 0.00179669 0.00083921 0.00005870 0.00047778 0.00340596  1.00000000
836.0  0.77044990 0.21697471 0.00239795 0.00069327 0.00305655 0.00172647 0.00085278 0.00004567 0.00049680 0.00330589  1.00000000
836.5  0.77094960 0.21627678 0.00223180 0.00016671 0.00354754 0.00164578 0.00096837 0.00007865 0.00050645 0.00362833  1.00000000
837.0  0.77214294 0.21511787 0.00223288 0.00047511 0.00305580 0.00203723 0.00059849 0.00015108 0.00048196 0.00370664  1.00000000
837.5  0.76969847 0.21830690 0.00223847 0.00094080 0.00258191 0.00146010 0.00067285 0.00028071 0.00030403 0.00351575  1.00000000
838.0  0.77458109 0.21357701 0.00207743 0.00119443 0.00242700 0.00147473 0.00085020 0.00040828 0.00015074 0.00325909  1.00000000
838.5  0.76879025 0.21920061 0.00209202 0.00139296 0.00231261 0.00123283 0.00122711 0.00053638 0.00004740 0.00316784  1.00000000
839.0  0.77501880 0.21292006 0.00211310 0.00164772 0.00213980 0.00072130 0.00170701 0.00053868 0.00000036 0.00319317  1.00000000
839.5  0.76894855 0.21909070 0.00196969 0.00183000 0.00214744 0.00041405 0.00183826 0.00052266 0.00001135 0.00322731  1.00000000
840.0  0.77422968 0.21389652 0.00188743 0.00197171 0.00220608 0.00039333 0.00184235 0.00054550 0.00005802 0.00296938  1.00000000
840.5  0.77036398 0.21792855 0.00185394 0.00204299 0.00201722 0.00043083 0.00192797 0.00064697 0.00028880 0.00249875  1.00000000
841.0  0.77280200 0.21554450 0.00188634 0.00201234 0.00208535 0.00040818 0.00171593 0.00070800 0.00090999 0.00192738  1.00000000
841.5  0.77195304 0.21636849 0.00193042 0.00193571 0.00217071 0.00033265 0.00168062 0.00075207 0.00220501 0.00067129  1.00000000
842.0  0.77212406 0.21642718 0.00196582 0.00206190 0.00195947 0.00036882 0.00171024 0.00075797 0.00234451 0.00028003  1.00000000
842.5  0.77210718 0.21640703 0.00187537 0.00222701 0.00174233 0.00037118 0.00172660 0.00085410 0.00247628 0.00021291  1.00000000
843.0  0.77260867 0.21574275 0.00209368 0.00218076 0.00177790 0.00032318 0.00169838 0.00089632 0.00253793 0.00014043  1.00000000
843.5  0.77129746 0.21707682 0.00207523 0.00232694 0.00168966 0.00030777 0.00172994 0.00082446 0.00257271 0.00009900  1.00000000
844.0  0.77395297 0.21486737 0.00173761 0.00240246 0.00152027 0.00033556 0.00175068 0.00070995 0.00263731 0.00008582  1.00000000
844.5  0.77058521 0.21873863 0.00140125 0.00236018 0.00142514 0.00033852 0.00173135 0.00064694 0.00262152 0.00015127  1.00000000
845.0  0.77449343 0.21477398 0.00140398 0.00241378 0.00143521 0.00030149 0.00170658 0.00062666 0.00258920 0.00025571  1.00000000
845.5  0.77098544 0.21825517 0.00136138 0.00252817 0.00134614 0.00036718 0.00173333 0.00051782 0.00230949 0.00059587  1.00000000
846.0  0.77364429 0.21563418 0.00136108 0.00222986 0.00141081 0.00033311 0.00169729 0.00046711 0.00127220 0.00195007  1.00000000
846.5  0.77252541 0.21687217 0.00142317 0.00205911 0.00142427 0.00041634 0.00166866 0.00049062 0.00059832 0.00252193  1.00000000
847.0  0.77194935 0.21719278 0.00153566 0.00228010 0.00141793 0.00052431 0.00150384 0.00057851 0.00033913 0.00267839  1.00000000
847.5  0.77416918 0.21445736 0.00147382 0.00265191 0.00120538 0.00067845 0.00144358 0.00054991 0.00032445 0.00304595  1.00000000
848.0  0.76990958 0.21845017 0.00152419 0.00353543 0.00077899 0.00111690 0.00100941 0.00058350 0.00027960 0.00281222  1.00000000
848.5  0.77502271 0.21327837 0.00137738 0.00268329 0.00199479 0.00172486 0.00022072 0.00074694 0.00019754 0.00275339  1.00000000
849.0  0.76902830 0.21907495 0.00157053 0.00231303 0.00242177 0.00173458 0.00027658 0.00063883 0.00020638 0.00273506  1.00000000
849.5  0.77500455 0.21313802 0.00150358 0.00226242 0.00253133 0.00161463 0.00001618 0.00081506 0.00034709 0.00276715  1.00000000
850.0  0.76901015 0.21872783 0.00175451 0.00223091 0.00259069 0.00086465 0.00082588 0.00077973 0.00034006 0.00287558  1.00000000
850.5  0.77382857 0.21380006 0.00168874 0.00226962 0.00247500 0.00112262 0.00055165 0.00096992 0.00041219 0.00288161  1.00000000
851.0  0.76992225 0.21733466 0.00177796 0.00241330 0.00249181 0.00107295 0.00058727 0.00097109 0.00042720 0.00300151  1.00000000
851.5  0.77278164 0.21459581 0.00161735 0.00226985 0.00274940 0.00121325 0.00070997 0.00069712 0.00045454 0.00291107  1.00000000
852.0  0.77117248 0.21604194 0.00166089 0.00233549 0.00286978 0.00114471 0.00073278 0.00067071 0.00053626 0.00283495  1.00000000
852.5  0.77148278 0.21555204 0.00166748 0.00232867 0.00283231 0.00112995 0.00074813 0.00069783 0.00066783 0.00289298  1.00000000
853.0  0.77168896 0.21526862 0.00162504 0.00251744 0.00285370 0.00103540 0.00063773 0.00066320 0.00072752 0.00298239  1.00000000
853.5  0.77078618 0.21609021 0.00165202 0.00231953 0.00303052 0.00112920 0.00056315 0.00064653 0.00071437 0.00306829  1.00000000
854.0  0.77178581 0.21507200 0.00165411 0.00242611 0.00284771 0.00124649 0.00061939 0.00052810 0.00074874 0.00307155  1.00000000
854.5  0.77093159 0.21574267 0.00169804 0.00253854 0.00280187 0.00108822 0.00074121 0.00052064 0.00075617 0.00318105  1.00000000
855.0  0.77145469 0.21566073 0.00176290 0.00238435 0.00259974 0.00118513 0.00077978 0.00047794 0.00064926 0.00304549  1.00000000
855.5  0.77195851 0.21532168 0.00150589 0.00239543 0.00266102 0.00114568 0.00083629 0.00046938 0.00059765 0.00310847  1.00000000
856.0  0.77054991 0.21602704 0.00156764 0.00262394 0.00248298 0.00116059 0.00112115 0.00035842 0.00061867 0.00348965  1.00000000
856.5  0.77316382 0.21384209 0.00131807 0.00258229 0.00245271 0.00114268 0.00118419 0.00027805 0.00059271 0.00344340  1.00000000
857.0  0.76966341 0.21727736 0.00166291 0.00239914 0.00224155 0.00103444 0.00131997 0.00031689 0.00072073 0.00336360  1.00000000
857.5  0.77400004 0.21340154 0.00133917 0.00272405 0.00186599 0.00158575 0.00081404 0.00018460 0.00078428 0.00330055  1.00000000
858.0  0.76922990 0.21862652 0.00139579 0.00270672 0.00154329 0.00046696 0.00187268 0.00016076 0.00068692 0.00331046  1.00000000
858.5  0.77438624 0.21358080 0.00130244 0.00271266 0.00160785 0.00112102 0.00127388 0.00015053 0.00059151 0.00327306  1.00000000
859.0  0.76909431 0.21830780 0.00119966 0.00301224 0.00160821 0.00094931 0.00139556 0.00013020 0.00081878 0.00348393  1.00000000
859.5  0.77405175 0.21340861 0.00121545 0.00322776 0.00159083 0.00102545 0.00114402 0.00012851 0.00090735 0.00330027  1.00000000
860.0  0.77001823 0.21773706 0.00121000 0.00324368 0.00161858 0.00089144 0.00105615 0.00015226 0.00079074 0.00328188  1.00000000
860.5  0.77259004 0.21496405 0.00136498 0.00308678 0.00160432 0.00091568 0.00128660 0.00015061 0.00070455 0.00333240  1.00000000
861.0  0.77107911 0.21655510 0.00132589 0.00306699 0.00161957 0.00094497 0.00111599 0.00019107 0.00083212 0.00326920  1.00000000
861.5  0.77124938 0.21631290 0.00138657 0.00295390 0.00160005 0.00082307 0.00120985 0.00020650 0.00094026 0.00331751  1.00000000
862.0  0.77236649 0.21532364 0.00134934 0.00296447 0.00155182 0.00090523 0.00122929 0.00016555 0.00082121 0.00332298  1.00000000
862.5  0.77013893 0.21743888 0.00138926 0.00284540 0.00162163 0.00102762 0.00129841 0.00019467 0.00068444 0.00336076  1.00000000
863.0  0.77288889 0.21445381 0.00139239 0.00290425 0.00175033 0.00073026 0.00147420 0.00014375 0.00084738 0.00341473  1.00000000
863.5  0.76943239 0.21779855 0.00132685 0.00303661 0.00167136 0.00090553 0.00138433 0.00025977 0.00089359 0.00329103  1.00000000
864.0  0.77257646 0.21480995 0.00136410 0.00292137 0.00165250 0.00096727 0.00150763 0.00005956 0.00098918 0.00315197  1.00000000
864.5  0.77004093 0.21735531 0.00131523 0.00291523 0.00161891 0.00103608 0.00119563 0.00031896 0.00101110 0.00319262  1.00000000
865.0  0.77231354 0.21503728 0.00142682 0.00292750 0.00151816 0.00088394 0.00135966 0.00001136 0.00138840 0.00313334  1.00000000
865.5  0.77073914 0.21695194 0.00140867 0.00260442 0.00151942 0.00102258 0.00097322 0.00015994 0.00156490 0.00305576  1.00000000
866.0  0.77147217 0.21609227 0.00140865 0.00240751 0.00194918 0.00114747 0.00093841 0.00000773 0.00156767 0.00300893  1.00000000
866.5  0.77158625 0.21569457 0.00129284 0.00292216 0.00218865 0.00099542 0.00078687 0.00039731 0.00122069 0.00291525  1.00000000
867.0  0.77137691 0.21601422 0.00118485 0.00248963 0.00233058 0.00091042 0.00075587 0.00000474 0.00201096 0.00292180  1.00000000
867.5  0.77129460 0.21612748 0.00126583 0.00239648 0.00240011 0.00087997 0.00075299 0.00006869 0.00202320 0.00279066  1.00000000
868.0  0.77183714 0.21523919 0.00136012 0.00276081 0.00223801 0.00116088 0.00051914 0.00004832 0.00213306 0.00270334  1.00000000
868.5  0.77053686 0.21657856 0.00147223 0.00265127 0.00202492 0.00111997 0.00070445 0.00003286 0.00216515 0.00271374  1.00000000
869.0  0.77261344 0.21425139 0.00163319 0.00229739 0.00198233 0.00117379 0.00075573 0.00002123 0.00247925 0.00279224  1.00000000
869.5  0.76950402 0.21731310 0.00140389 0.00251138 0.00218339 0.00116932 0.00053850 0.00003790 0.00275141 0.00258708  1.00000000
870.0  0.77346845 0.21350024 0.00106862 0.00260609 0.00254670 0.00123096 0.00057537 0.00003313 0.00281163 0.00215881  1.00000000
870.5  0.76921297 0.21821685 0.00085736 0.00230864 0.00255142 0.00117906 0.00075997 0.00002517 0.00304000 0.00184857  1.00000000
871.0  0.77279053 0.21403419 0.00094990 0.00250740 0.00287206 0.00111210 0.00067009 0.00001335 0.00338717 0.00166322  1.00000000
871.5  0.76960123 0.21703549 0.00096957 0.00279979 0.00274234 0.00132918 0.00049685 0.00003648 0.00354194 0.00144714  1.00000000
872.0  0.77128780 0.21584566 0.00103616 0.00265653 0.00253204 0.00118752 0.00067802 0.00001922 0.00323097 0.00152608  1.00000000
872.5  0.77166100 0.21508234 0.00108356 0.00275874 0.00251970 0.00109058 0.00067542 0.00000681 0.00318934 0.00193251  1.00000000
873.0  0.76912812 0.21707395 0.00109269 0.00298555 0.00259626 0.00121967 0.00064573 0.00000338 0.00287153 0.00238312  1.00000000
873.5  0.77282472 0.21353264 0.00107674 0.00310128 0.00232663 0.00125946 0.00047424 0.00000267 0.00257510 0.00282652  1.00000000
874.0  0.76821923 0.21853939 0.00105871 0.00317208 0.00227175 0.00118407 0.00074342 0.00002095 0.00191283 0.00287757  1.00000000
874.5  0.77386160 0.21346350 0.00086530 0.00307850 0.00225509 0.00108006 0.00053745 0.00007621 0.00204651 0.00273578  1.00000000
875.0  0.76922280 0.21830021 0.00085191 0.00310538 0.00194000 0.00116953 0.00057976 0.00020397 0.00184630 0.00278012  1.00000000
875.5  0.77295544 0.21445334 0.00077738 0.00344573 0.00167149 0.00111888 0.00046015 0.00025329 0.00199957 0.00286472  1.00000000
876.0  0.77017150 0.21729785 0.00098467 0.00412467 0.00119622 0.00099508 0.00051971 0.00048419 0.00135401 0.00287211  1.00000000
876.5  0.77187657 0.21581653 0.00089031 0.00488328 0.00055747 0.00117237 0.00026652 0.00038393 0.00151410 0.00263893  1.00000000
877.0  0.77092051 0.21661638 0.00092892 0.00482264 0.00048654 0.00152218 0.00014630 0.00068645 0.00153301 0.00233707  1.00000000
877.5  0.77120443 0.21595962 0.00072658 0.00406410 0.00113878 0.00156298 0.00052346 0.00037976 0.00201763 0.00242264  1.00000000
878.0  0.77132169 0.21596610 0.00068432 0.00368215 0.00156536 0.00115206 0.00056067 0.00034629 0.00224354 0.00247783  1.00000000
878.5  0.77152853 0.21576769 0.00068684 0.00333324 0.00170177 0.00118529 0.00063766 0.00036153 0.00232560 0.00247185  1.00000000
879.0  0.77078106 0.21613448 0.00076248 0.00313381 0.00212514 0.00105679 0.00071460 0.00050001 0.00230212 0.00248951  1.00000000
879.5  0.77185440 0.21513468 0.00084171 0.00317600 0.00194213 0.00110826 0.00081324 0.00041435 0.00236856 0.00234664  1.00000000
880.0  0.77006893 0.21723759 0.00081126 0.00326145 0.00195730 0.00099821 0.00082358 0.00039728 0.00247051 0.00197388  1.00000000
880.5  0.77270592 0.21474024 0.00085326 0.00358242 0.00172349 0.00078802 0.00086770 0.00045570 0.00237002 0.00191323  1.00000000
881.0  0.76957977 0.21798063 0.00084394 0.00366886 0.00161126 0.00079683 0.00093598 0.00046282 0.00231094 0.00180897  1.00000000
881.5  0.77296582 0.21423280 0.00079789 0.00396623 0.00157738 0.00083549 0.00083367 0.00040472 0.00232416 0.00206184  1.00000000
882.0  0.76900282 0.21793881 0.00085989 0.00407166 0.00154525 0.00084922 0.00087632 0.00043849 0.00224665 0.00217091  1.00000000
882.5  0.77305428 0.21419165 0.00070424 0.00382169 0.00156994 0.00097572 0.00099064 0.00042229 0.00219864 0.00207090  1.00000000
883.0  0.76907682 0.21780995 0.00080149 0.00419557 0.00155894 0.00058391 0.00096389 0.00047220 0.00244365 0.00209358  1.00000000
883.5  0.77259423 0.21420532 0.00068370 0.00428109 0.00130889 0.00075247 0.00089293 0.00046246 0.00257052 0.00224839  1.00000000
884.0  0.76964564 0.21747778 0.00088854 0.00412812 0.00124784 0.00062541 0.00095561 0.00054850 0.00229824 0.00218432  1.00000000
884.5  0.77248506 0.21506404 0.00088114 0.00374889 0.00110618 0.00070721 0.00098859 0.00048354 0.00241304 0.00212231  1.00000000
885.0  0.77048140 0.21630186 0.00088741 0.00416638 0.00107379 0.00058263 0.00102930 0.00068985 0.00226600 0.00252137  1.00000000
885.5  0.77128368 0.21543582 0.00080157 0.00405144 0.00091687 0.00059877 0.00082148 0.00039914 0.00319364 0.00249760  1.00000000
886.0  0.77200281 0.21485499 0.00061732 0.00411905 0.00110041 0.00096137 0.00081568 0.00085962 0.00236998 0.00229879  1.00000000
886.5  0.77060530 0.21547304 0.00061182 0.00418121 0.00127691 0.00104339 0.00089435 0.00030999 0.00309200 0.00251200  1.00000000
887.0  0.77255738 0.21390881 0.00061131 0.00383260 0.00147982 0.00126091 0.00040491 0.00050450 0.00295986 0.00247990  1.00000000
887.5  0.76977271 0.21681452 0.00074970 0.00329949 0.00194379 0.00134726 0.00064584 0.00019169 0.00280613 0.00242888  1.00000000
888.0  0.77275469 0.21388077 0.00073455 0.00204735 0.00305287 0.00140559 0.00049202 0.00011628 0.00294885 0.00256702  1.00000000
888.5  0.76974553 0.21651397 0.00077820 0.00115114 0.00380120 0.00153232 0.00066698 0.00006885 0.00277677 0.00296504  1.00000000
889.0  0.77226796 0.21412385 0.00066841 0.00078911 0.00413590 0.00166938 0.00043226 0.00001631 0.00312607 0.00277076  1.00000000
889.5  0.77085652 0.21569285 0.00064977 0.00073569 0.00421094 0.00162379 0.00049054 0.00001555 0.00306685 0.00265750  1.00000000
890.0  0.77123657 0.21531907 0.00068483 0.00066277 0.00429219 0.00143992 0.00054173 0.00000027 0.00330733 0.00251531  1.00000000
890.5  0.77159644 0.21464069 0.00072824 0.00066471 0.00446009 0.00151908 0.00054618 0.00003408 0.00343590 0.00237460  1.00000000
891.0  0.77020801 0.21584169 0.00073454 0.00055553 0.00453356 0.00163555 0.00043673 0.00005810 0.00373799 0.00225829  1.00000000
891.5  0.77149405 0.21462038 0.00078447 0.00065966 0.00453351 0.00153009 0.00047166 0.00004455 0.00371668 0.00214495  1.00000000
892.0  0.77082930 0.21541954 0.00089632 0.00067251 0.00446880 0.00144796 0.00054979 0.00006555 0.00349097 0.00215925  1.00000000
892.5  0.77061033 0.21564521 0.00097684 0.00064353 0.00434622 0.00152350 0.00043290 0.00009083 0.00336109 0.00236956  1.00000000
893.0  0.77234560 0.21365803 0.00093946 0.00063788 0.00438227 0.00155969 0.00051311 0.00009252 0.00312110 0.00275034  1.00000000
893.5  0.76870985 0.21730672 0.00092345 0.00066641 0.00435318 0.00138541 0.00065986 0.00003949 0.00306891 0.00288672  1.00000000
894.0  0.77438744 0.21236969 0.00065169 0.00051907 0.00413026 0.00142094 0.00091456 0.00016026 0.00255770 0.00288839  1.00000000
894.5  0.76770169 0.21927810 0.00052927 0.00030014 0.00411688 0.00092358 0.00094034 0.00019687 0.00283271 0.00318041  1.00000000
895.0  0.77463018 0.21220712 0.00054675 0.00106627 0.00336393 0.00024756 0.00124680 0.00053857 0.00274426 0.00340855  1.00000000
895.5  0.76827381 0.21849894 0.00064111 0.00199049 0.00238640 0.00011035 0.00108194 0.00168298 0.00213934 0.00319465  1.00000000
896.0  0.77331264 0.21362089 0.00061016 0.00219665 0.00218009 0.00005320 0.00108019 0.00035993 0.00371368 0.00287258  1.00000000
896.5  0.77027991 0.21654800 0.00048173 0.00227409 0.00243179 0.00009497 0.00103339 0.00065542 0.00323644 0.00296427  1.00000000
897.0  0.77099826 0.21606339 0.00035018 0.00235866 0.00245163 0.00008819 0.00086333 0.00049959 0.00357037 0.00275642  1.00000000
897.5  0.77293290 0.21459046 0.00030961 0.00228544 0.00228314 0.00009182 0.00075887 0.00066598 0.00377421 0.00230757  1.00000000
898.0  0.76947287 0.21778361 0.00032264 0.00213602 0.00241511 0.00012740 0.00075551 0.00054435 0.00429667 0.00214582  1.00000000
898.5  0.77321795 0.21331562 0.00035663 0.00208310 0.00269663 0.00019034 0.00077619 0.00057755 0.00474686 0.00203914  1.00000000
899.0  0.76871647 0.21812175 0.00037858 0.00200162 0.00258408 0.00013098 0.00068461 0.00054736 0.00509284 0.00174171  1.00000000
899.5  0.77322628 0.21363022 0.00037794 0.00191031 0.00268008 0.00016204 0.00062221 0.00061585 0.00511088 0.00166419  1.00000000
900.0  0.76931471 0.21731237 0.00034400 0.00188371 0.00290746 0.00022219 0.00067677 0.00049128 0.00503678 0.00181073  1.00000000
900.5  0.77221203 0.21465083 0.00034406 0.00190576 0.00284058 0.00020093 0.00078498 0.00052857 0.00482255 0.00170971  1.00000000
901.0  0.77028685 0.21669540 0.00032650 0.00198608 0.00293139 0.00017850 0.00084460 0.00053537 0.00463800 0.00157731  1.00000000
901.5  0.77101361 0.21552309 0.00031809 0.00215058 0.00310999 0.00015642 0.00082335 0.00058892 0.00460211 0.00171384  1.00000000
902.0  0.77096539 0.21585332 0.00029428 0.00218773 0.00286858 0.00020732 0.00078908 0.00050144 0.00438129 0.00195157  1.00000000
902.5  0.77131434 0.21574765 0.00029465 0.00225808 0.00273307 0.00018709 0.00074681 0.00051405 0.00399603 0.00220821  1.00000000
903.0  0.77095111 0.21570643 0.00034191 0.00230079 0.00296883 0.00023965 0.00070656 0.00053425 0.00389346 0.00235701  1.00000000
903.5  0.77132172 0.21539099 0.00036072 0.00218575 0.00303382 0.00015437 0.00063958 0.00055367 0.00403523 0.00232415  1.00000000
904.0  0.77002138 0.21691757 0.00039258 0.00207794 0.00299148 0.00019659 0.00062791 0.00044442 0.00411007 0.00222004  1.00000000
904.5  0.77296592 0.21363795 0.00033292 0.00192040 0.00323716 0.00016855 0.00084813 0.00037008 0.00436157 0.00215732  1.00000000
905.0  0.76885864 0.21766358 0.00029729 0.00190020 0.00329586 0.00117601 0.00048691 0.00028706 0.00396254 0.00207192  1.00000000
905.5  0.77449949 0.21242578 0.00028586 0.00193756 0.00313376 0.00043506 0.00143666 0.00007709 0.00400210 0.00176664  1.00000000
906.0  0.76748554 0.21935522 0.00029147 0.00196867 0.00318506 0.00095354 0.00159647 0.00006739 0.00326860 0.00182804  1.00000000
906.5  0.77547159 0.21077407 0.00036204 0.00181624 0.00308160 0.00061400 0.00171412 0.00002912 0.00428273 0.00185450  1.00000000
907.0  0.76688188 0.21918848 0.00034949 0.00186875 0.00280020 0.00100876 0.00140190 0.00002834 0.00446416 0.00200804  1.00000000
907.5  0.77588004 0.21058059 0.00035776 0.00186721 0.00269667 0.00070787 0.00157002 0.00002007 0.00420832 0.00211144  1.00000000
908.0  0.76753126 0.21916523 0.00028495 0.00202409 0.00263994 0.00090069 0.00154231 0.00002941 0.00399302 0.00188911  1.00000000
908.5  0.77452833 0.21181623 0.00027007 0.00209423 0.00273217 0.00079281 0.00185573 0.00004725 0.00410230 0.00176087  1.00000000
909.0  0.76841870 0.21777014 0.00025896 0.00197214 0.00268109 0.00076420 0.00197217 0.00005548 0.00423996 0.00186716  1.00000000
909.5  0.77333684 0.21295442 0.00022679 0.00194786 0.00234060 0.00083411 0.00225148 0.00002374 0.00412891 0.00195527  1.00000000
910.0  0.77048605 0.21589054 0.00026496 0.00185726 0.00230467 0.00085136 0.00229652 0.00002444 0.00399386 0.00203033  1.00000000
910.5  0.77178533 0.21493739 0.00022793 0.00166736 0.00203301 0.00087920 0.00243266 0.00004923 0.00404697 0.00194092  1.00000000
911.0  0.77193775 0.21488590 0.00026123 0.00171340 0.00183135 0.00069822 0.00260221 0.00002241 0.00415550 0.00189203  1.00000000
911.5  0.77057068 0.21552763 0.00023666 0.00172129 0.00160669 0.00081654 0.00279783 0.00001445 0.00440843 0.00229978  1.00000000
912.0  0.77256575 0.21346939 0.00022747 0.00148488 0.00179827 0.00078966 0.00264870 0.00005865 0.00472681 0.00223042  1.00000000
912.5  0.77045849 0.21598877 0.00020753 0.00132302 0.00188700 0.00078704 0.00238201 0.00012143 0.00469244 0.00215226  1.00000000
913.0  0.77249430 0.21438810 0.00016894 0.00134037 0.00163827 0.00079292 0.00245147 0.00009679 0.00466656 0.00196227  1.00000000
913.5  0.77099183 0.21586116 0.00020800 0.00122105 0.00156797 0.00091611 0.00267237 0.00014727 0.00472478 0.00168946  1.00000000
914.0  0.77139807 0.21565568 0.00021842 0.00113986 0.00163099 0.00088534 0.00275217 0.00032924 0.00437844 0.00161180  1.00000000
914.5  0.77222076 0.21480771 0.00030456 0.00114674 0.00161580 0.00126053 0.00255205 0.00076652 0.00383453 0.00149081  1.00000000
915.0  0.77016687 0.21702873 0.00025889 0.00102828 0.00187938 0.00090277 0.00290517 0.00168455 0.00274808 0.00139729  1.00000000
915.5  0.77358145 0.21346088 0.00026739 0.00073295 0.00212865 0.00122555 0.00285960 0.00318376 0.00121742 0.00134234  1.00000000
916.0  0.76941040 0.21768117 0.00021127 0.00063850 0.00223977 0.00093120 0.00301296 0.00390627 0.00062221 0.00134624  1.00000000
916.5  0.77403121 0.21317199 0.00020757 0.00056944 0.00220348 0.00108491 0.00295154 0.00381602 0.00060776 0.00135607  1.00000000
917.0  0.77013394 0.21713108 0.00021443 0.00054081 0.00224770 0.00088087 0.00301599 0.00380297 0.00060223 0.00142998  1.00000000
917.5  0.77265864 0.21442487 0.00021040 0.00063764 0.00229866 0.00119459 0.00281921 0.00369477 0.00051257 0.00154866  1.00000000
918.0  0.77168551 0.21518034 0.00022837 0.00077542 0.00222107 0.00088912 0.00273223 0.00384960 0.00067036 0.00176797  1.00000000
918.5  0.77022004 0.21649359 0.00020625 0.00092399 0.00235092 0.00107184 0.00243628 0.00336115 0.00091390 0.00202203  1.00000000
919.0  0.77464546 0.21238836 0.00019515 0.00088178 0.00231897 0.00095287 0.00262519 0.00295559 0.00100979 0.00202683  1.00000000
919.5  0.76809165 0.21889420 0.00027531 0.00086501 0.00223775 0.00100287 0.00276878 0.00258002 0.00124975 0.00203466  1.00000000
920.0  0.77610655 0.21053473 0.00042065 0.00091456 0.00213401 0.00088800 0.00304716 0.00205369 0.00168090 0.00221974  1.00000000
920.5  0.76687039 0.21943419 0.00059793 0.00112057 0.00205384 0.00099594 0.00308548 0.00149409 0.00219886 0.00214871  1.00000000
921.0  0.77658665 0.21063657 0.00050428 0.00145753 0.00155158 0.00092589 0.00263232 0.00126181 0.00248361 0.00195978  1.00000000
921.5  0.76832856 0.21872065 0.00056810 0.00324423 0.00001724 0.00104505 0.00253714 0.00112508 0.00258006 0.00183388  1.00000000
922.0  0.77388869 0.21223295 0.00055023 0.00338059 0.00034653 0.00107286 0.00258118 0.00128166 0.00277066 0.00189466  1.00000000
922.5  0.77025742 0.21585417 0.00062563 0.00322205 0.00041940 0.00086970 0.00307361 0.00094954 0.00291391 0.00181457  1.00000000
923.0  0.77096205 0.21529271 0.00068858 0.00323447 0.00037674 0.00092148 0.00339588 0.00055797 0.00285994 0.00171017  1.00000000
923.5  0.77278239 0.21264732 0.00065429 0.00349440 0.00039257 0.00122553 0.00432464 0.00008347 0.00272217 0.00167322  1.00000000
924.0  0.76872380 0.21697541 0.00057167 0.00335156 0.00025647 0.00074400 0.00519180 0.00005153 0.00241887 0.00171491  1.00000000
924.5  0.77338956 0.21219792 0.00053482 0.00337611 0.00010100 0.00131694 0.00515239 0.00000339 0.00223775 0.00169013  1.00000000
925.0  0.76859089 0.21678066 0.00054294 0.00356330 0.00005309 0.00096215 0.00577359 0.00017777 0.00183463 0.00172099  1.00000000
925.5  0.77289326 0.21274981 0.00063746 0.00352857 0.00001282 0.00151742 0.00501013 0.00033799 0.00144923 0.00186330  1.00000000
926.0  0.76975580 0.21628380 0.00063702 0.00340410 0.00003629 0.00102186 0.00514726 0.00069204 0.00124656 0.00177526  1.00000000
926.5  0.77147813 0.21427648 0.00071324 0.00346341 0.00007864 0.00127968 0.00520718 0.00095730 0.00094642 0.00159953  1.00000000
927.0  0.77128497 0.21421851 0.00059133 0.00357471 0.00017348 0.00112636 0.00531046 0.00143442 0.00084148 0.00144427  1.00000000
927.5  0.77064459 0.21509186 0.00068597 0.00328405 0.00026520 0.00139332 0.00455621 0.00157722 0.00075990 0.00174168  1.00000000
928.0  0.77122979 0.21488249 0.00058763 0.00328496 0.00039769 0.00110756 0.00417927 0.00170790 0.00077171 0.00185101  1.00000000
928.5  0.77124169 0.21439083 0.00065665 0.00351201 0.00043804 0.00124526 0.00404828 0.00196100 0.00077458 0.00173166  1.00000000
929.0  0.77000712 0.21569246 0.00058850 0.00322116 0.00037620 0.00113480 0.00458427 0.00203749 0.00074039 0.00161761  1.00000000
929.5  0.77311225 0.21279827 0.00063441 0.00290900 0.00033808 0.00156078 0.00454780 0.00186161 0.00067084 0.00156695  1.00000000
930.0  0.76822101 0.21763912 0.00062949 0.00300368 0.00034164 0.00150584 0.00519911 0.00120181 0.00068351 0.00157481  1.00000000
930.5  0.77489835 0.21097009 0.00065220 0.00262550 0.00033439 0.00146928 0.00588076 0.00083901 0.00075332 0.00157709  1.00000000
931.0  0.76624028 0.21935183 0.00069959 0.00232249 0.00022727 0.00142371 0.00699575 0.00050441 0.00066942 0.00156524  1.00000000
931.5  0.77637646 0.20925704 0.00074967 0.00220409 0.00022328 0.00168596 0.00706796 0.00032357 0.00049629 0.00161567  1.00000000
932.0  0.76546036 0.22050904 0.00067753 0.00215588 0.00020711 0.00144661 0.00713482 0.00028931 0.00046789 0.00165145  1.00000000
932.5  0.77652592 0.20921240 0.00076373 0.00214598 0.00024472 0.00157158 0.00734332 0.00018273 0.00041448 0.00159514  1.00000000
933.0  0.76547581 0.21980401 0.00068306 0.00208216 0.00059497 0.00123605 0.00785662 0.00014795 0.00048004 0.00163935  1.00000000
933.5  0.77489010 0.20991245 0.00085033 0.00154860 0.00136750 0.00197449 0.00691727 0.00012885 0.00053418 0.00187624  1.00000000
934.0  0.76676804 0.21805523 0.00074565 0.00099006 0.00216959 0.00081725 0.00762701 0.00009312 0.00065387 0.00208018  1.00000000
934.5  0.77319866 0.21172262 0.00091109 0.00074706 0.00285798 0.00251909 0.00514628 0.00009507 0.00073219 0.00206996  1.00000000
935.0  0.76994576 0.21544135 0.00077947 0.00063242 0.00297936 0.00182831 0.00554483 0.00008783 0.00084964 0.00191104  1.00000000
935.5  0.77097238 0.21405202 0.00080887 0.00062555 0.00343429 0.00187908 0.00519609 0.00006928 0.00094151 0.00202094  1.00000000
936.0  0.77123977 0.21352390 0.00074442 0.00066702 0.00330713 0.00186533 0.00544488 0.00006457 0.00099690 0.00214608  1.00000000
936.5  0.76930359 0.21559242 0.00073097 0.00060821 0.00338795 0.00189173 0.00531123 0.00002685 0.00095473 0.00219232  1.00000000
937.0  0.77253532 0.21221128 0.00071223 0.00054107 0.00345732 0.00196240 0.00533157 0.00003619 0.00098775 0.00222487  1.00000000
937.5  0.76888514 0.21574916 0.00068896 0.00056416 0.00376261 0.00196960 0.00506332 0.00002797 0.00103364 0.00225542  1.00000000
938.0  0.77214796 0.21257519 0.00064570 0.00051381 0.00371036 0.00186645 0.00533875 0.00002771 0.00099886 0.00217522  1.00000000
938.5  0.76955447 0.21532212 0.00065185 0.00051360 0.00355069 0.00193333 0.00558336 0.00001519 0.00088288 0.00199251  1.00000000
939.0  0.77164567 0.21346233 0.00058283 0.00066271 0.00336251 0.00182457 0.00553311 0.00001392 0.00094476 0.00196761  1.00000000
939.5  0.77143291 0.21351452 0.00064720 0.00067548 0.00293290 0.00193833 0.00571612 0.00000608 0.00105622 0.00208025  1.00000000
940.0  0.77015985 0.21475626 0.00051385 0.00076973 0.00287945 0.00193638 0.00579979 0.00000238 0.00109356 0.00208876  1.00000000
940.5  0.77263795 0.21182172 0.00055494 0.00097334 0.00265294 0.00188972 0.00634976 0.00000036 0.00106850 0.00205076  1.00000000
941.0  0.76819949 0.21662985 0.00042100 0.00109370 0.00238509 0.00201599 0.00632455 0.00000513 0.00105120 0.00187401  1.00000000
941.5  0.77382875 0.21108590 0.00054745 0.00117171 0.00234595 0.00155691 0.00644494 0.00002151 0.00098437 0.00201251  1.00000000
942.0  0.76800673 0.21709001 0.00053802 0.00130578 0.00192142 0.00204085 0.00602149 0.00005078 0.00086236 0.00216255  1.00000000
942.5  0.77372303 0.21091325 0.00062361 0.00147658 0.00175180 0.00143714 0.00709326 0.00013170 0.00069760 0.00215204  1.00000000
943.0  0.76877499 0.21596722 0.00051776 0.00160840 0.00167305 0.00219387 0.00630232 0.00043999 0.00047451 0.00204788  1.00000000
943.5  0.77167886 0.21362365 0.00049594 0.00211711 0.00164649 0.00128624 0.00554273 0.00150734 0.00020045 0.00190118  1.00000000
944.0  0.77145335 0.21342742 0.00047223 0.00255582 0.00144213 0.00149069 0.00494342 0.00181115 0.00040598 0.00199781  1.00000000
944.5  0.76800428 0.21623129 0.00048619 0.00360283 0.00049920 0.00091509 0.00745769 0.00039499 0.00031790 0.00209055  1.00000000
945.0  0.77447252 0.20978809 0.00049378 0.00378475 0.00040431 0.00079662 0.00743877 0.00047073 0.00029449 0.00205594  1.00000000
945.5  0.76506456 0.21938265 0.00058557 0.00283352 0.00102425 0.00142010 0.00626292 0.00100258 0.00027534 0.00214851  1.00000000
946.0  0.77647758 0.20843438 0.00033231 0.00237597 0.00131580 0.00135377 0.00692984 0.00037123 0.00024129 0.00216782  1.00000000
946.5  0.76441295 0.22057967 0.00022128 0.00238991 0.00139673 0.00144650 0.00648184 0.00068848 0.00020796 0.00217468  1.00000000
947.0  0.77552654 0.20891199 0.00014910 0.00236813 0.00180767 0.00136538 0.00693230 0.00057974 0.00024158 0.00211756  1.00000000
947.5  0.76604221 0.21833537 0.00021414 0.00250321 0.00176449 0.00142650 0.00681944 0.00050338 0.00021467 0.00217660  1.00000000
948.0  0.77285365 0.21208273 0.00015244 0.00244336 0.00180024 0.00133700 0.00666395 0.00044291 0.00017812 0.00204559  1.00000000
948.5  0.76919513 0.21556961 0.00017649 0.00249223 0.00189753 0.00133924 0.00671042 0.00047586 0.00020151 0.00194199  1.00000000
949.0  0.77019191 0.21429217 0.00013890 0.00245204 0.00191079 0.00149563 0.00690845 0.00054326 0.00017076 0.00189608  1.00000000
949.5  0.77162014 0.21323423 0.00014707 0.00217141 0.00208283 0.00145900 0.00682124 0.00050398 0.00014000 0.00182009  1.00000000
950.0  0.76869805 0.21609771 0.00015288 0.00226913 0.00224748 0.00145924 0.00666323 0.00038275 0.00007958 0.00194994  1.00000000
950.5  0.77201775 0.21240038 0.00015399 0.00198029 0.00256177 0.00144337 0.00705924 0.00056605 0.00005203 0.00176513  1.00000000
951.0  0.76892009 0.21531001 0.00013663 0.00182018 0.00274148 0.00152119 0.00769901 0.00052397 0.00002355 0.00130389  1.00000000
951.5  0.77204371 0.21241517 0.00012877 0.00166671 0.00289220 0.00137664 0.00733506 0.00089001 0.00001521 0.00123653  1.00000000
952.0  0.76985813 0.21435697 0.00009364 0.00152902 0.00325052 0.00156034 0.00731606 0.00039268 0.00001627 0.00162636  1.00000000
952.5  0.77024227 0.21422384 0.00009477 0.00112438 0.00349853 0.00167051 0.00641815 0.00095403 0.00003815 0.00173537  1.00000000
953.0  0.77094715 0.21299295 0.00009608 0.00091325 0.00380706 0.00236531 0.00650485 0.00033636 0.00031197 0.00172502  1.00000000
953.5  0.76935351 0.21506756 0.00014461 0.00070735 0.00410231 0.00408418 0.00376125 0.00119284 0.00023106 0.00135533  1.00000000
954.0  0.77214158 0.21343522 0.00012913 0.00037397 0.00441410 0.00692859 0.00053544 0.00039146 0.00039660 0.00125392  1.00000000
954.5  0.76948452 0.21586373 0.00013581 0.00035261 0.00423481 0.00709132 0.00025257 0.00083511 0.00039252 0.00135701  1.00000000
955.0  0.77089239 0.21398335 0.00009186 0.00036655 0.00458887 0.00735301 0.00044392 0.00052349 0.00050916 0.00124739  1.00000000
955.5  0.77088199 0.21431342 0.00010634 0.00031744 0.00471443 0.00686179 0.00065150 0.00066129 0.00040529 0.00108651  1.00000000
956.0  0.76916034 0.21650531 0.00009971 0.00031160 0.00442518 0.00660528 0.00081921 0.00056843 0.00038794 0.00111700  1.00000000
956.5  0.77353483 0.21174265 0.00013030 0.00028476 0.00456401 0.00673768 0.00090888 0.00065552 0.00035585 0.00108551  1.00000000
957.0  0.76606434 0.21905843 0.00013104 0.00029074 0.00466596 0.00667835 0.00102766 0.00065179 0.00037460 0.00105709  1.00000000
957.5  0.77608017 0.20923066 0.00013277 0.00029009 0.00457152 0.00641155 0.00111255 0.00072299 0.00038907 0.00105863  1.00000000
958.0  0.76386011 0.22111604 0.00013976 0.00040343 0.00458425 0.00641918 0.00122476 0.00065437 0.00041697 0.00118113  1.00000000
958.5  0.77753545 0.20772898 0.00014645 0.00042024 0.00413274 0.00646160 0.00122075 0.00078368 0.00042304 0.00114707  1.00000000
959.0  0.76405591 0.22167920 0.00014605 0.00037783 0.00402371 0.00608618 0.00139280 0.00060307 0.00042152 0.00121374  1.00000000
959.5  0.77748894 0.20816354 0.00014464 0.00036936 0.00395648 0.00603441 0.00132211 0.00087911 0.00050380 0.00113761  1.00000000
960.0  0.76474900 0.22050096 0.00011013 0.00045846 0.00433505 0.00607532 0.00176940 0.00049154 0.00045379 0.00105636  1.00000000
960.5  0.77546296 0.21005752 0.00013000 0.00068252 0.00423375 0.00570453 0.00199556 0.00048833 0.00037410 0.00087073  1.00000000
961.0  0.76693017 0.21851155 0.00010072 0.00100806 0.00416959 0.00484122 0.00261517 0.00055464 0.00037508 0.00089380  1.00000000
961.5  0.77294176 0.21207018 0.00016770 0.00130083 0.00375257 0.00478972 0.00343513 0.00016155 0.00042298 0.00095759  1.00000000
962.0  0.76893295 0.21712827 0.00014155 0.00151813 0.00326651 0.00447029 0.00315968 0.00013902 0.00040468 0.00083890  1.00000000
962.5  0.77185873 0.21424219 0.00011877 0.00169485 0.00323926 0.00435529 0.00258069 0.00035781 0.00076290 0.00078951  1.00000000
963.0  0.77052551 0.21545457 0.00007765 0.00174884 0.00325644 0.00488645 0.00250256 0.00017076 0.00066356 0.00071367  1.00000000
963.5  0.77055001 0.21509347 0.00009082 0.00173705 0.00320523 0.00478429 0.00284956 0.00018145 0.00080111 0.00070699  1.00000000
964.0  0.77096905 0.21493976 0.00011292 0.00174648 0.00343240 0.00471810 0.00233501 0.00029854 0.00072164 0.00072611  1.00000000
964.5  0.77068179 0.21530052 0.00012532 0.00148476 0.00365633 0.00445199 0.00227792 0.00025793 0.00088443 0.00087902  1.00000000
965.0  0.77056219 0.21521031 0.00013246 0.00161265 0.00363710 0.00460445 0.00224400 0.00019186 0.00075268 0.00105230  1.00000000
965.5  0.77112566 0.21422796 0.00013268 0.00132918 0.00391332 0.00495821 0.00223834 0.00025247 0.00076801 0.00105418  1.00000000
966.0  0.76901572 0.21596242 0.00011723 0.00150728 0.00432740 0.00482690 0.00223216 0.00019955 0.00064720 0.00116414  1.00000000
966.5  0.77192476 0.21307993 0.00015088 0.00134164 0.00445521 0.00509889 0.00201456 0.00012421 0.00062115 0.00118877  1.00000000
967.0  0.76781083 0.21800852 0.00014083 0.00125907 0.00460600 0.00442206 0.00181814 0.00010597 0.00057954 0.00124902  1.00000000
967.5  0.77413213 0.21179688 0.00017098 0.00120543 0.00429367 0.00480265 0.00156954 0.00011155 0.00076504 0.00115213  1.00000000
968.0  0.76631258 0.21907701 0.00016024 0.00139490 0.00437308 0.00486225 0.00195032 0.00009450 0.00078460 0.00099051  1.00000000
968.5  0.77462621 0.21068507 0.00018179 0.00136996 0.00434698 0.00502856 0.00189259 0.00008461 0.00071347 0.00107077  1.00000000
969.0  0.76588369 0.22005420 0.00017045 0.00133238 0.00430850 0.00449884 0.00176830 0.00009080 0.00075928 0.00113355  1.00000000
969.5  0.77443098 0.21176225 0.00022490 0.00144938 0.00439182 0.00462390 0.00132912 0.00009127 0.00063351 0.00106288  1.00000000
970.0  0.76771293 0.21849757 0.00019067 0.00140127 0.00422830 0.00461706 0.00145111 0.00007377 0.00073402 0.00109330  1.00000000
970.5  0.77204282 0.21418246 0.00014956 0.00128202 0.00426912 0.00489048 0.00131225 0.00012223 0.00071642 0.00103265  1.00000000
971.0  0.77125741 0.21493628 0.00011879 0.00159360 0.00395273 0.00418351 0.00185443 0.00009764 0.00066003 0.00134557  1.00000000
971.5  0.76820266 0.21801255 0.00014699 0.00184612 0.00397724 0.00462389 0.00097351 0.00005540 0.00075562 0.00140600  1.00000000
972.0  0.77488809 0.21131700 0.00016914 0.00223979 0.00360979 0.00372355 0.00182191 0.00002891 0.00082042 0.00138140  1.00000000
972.5  0.76479475 0.22082538 0.00019535 0.00275831 0.00344910 0.00498705 0.00050117 0.00014574 0.00092866 0.00141450  1.00000000
973.0  0.77656552 0.20903006 0.00016846 0.00300185 0.00321902 0.00390465 0.00173744 0.00007971 0.00084670 0.00144660  1.00000000
973.5  0.76457327 0.22138621 0.00012957 0.00280043 0.00290309 0.00398891 0.00239083 0.00008264 0.00041437 0.00133068  1.00000000
974.0  0.77527011 0.20967176 0.00003794 0.00283464 0.00321438 0.00633312 0.00080910 0.00008123 0.00010165 0.00164607  1.00000000
974.5  0.76679070 0.21851559 0.00006283 0.00263792 0.00333767 0.00285972 0.00406781 0.00004249 0.00019905 0.00148621  1.00000000
975.0  0.77246532 0.21282750 0.00004406 0.00221301 0.00390199 0.00367393 0.00310541 0.00032713 0.00030980 0.00113185  1.00000000
975.5  0.76958333 0.21518220 0.00007141 0.00091553 0.00560851 0.00346330 0.00223253 0.00168136 0.00036668 0.00089516  1.00000000
976.0  0.76963610 0.21515620 0.00006010 0.00098199 0.00563819 0.00341086 0.00115916 0.00259191 0.00043754 0.00092794  1.00000000
976.5  0.77099802 0.21374415 0.00007385 0.00138942 0.00505903 0.00332202 0.00077073 0.00278160 0.00028755 0.00157363  1.00000000
977.0  0.76959919 0.21526697 0.00006929 0.00193122 0.00461382 0.00344857 0.00055758 0.00296264 0.00048961 0.00106110  1.00000000
977.5  0.77099392 0.21422536 0.00007306 0.00215252 0.00408172 0.00340938 0.00050143 0.00299202 0.00044489 0.00112569  1.00000000
978.0  0.77079201 0.21408166 0.00007064 0.00219044 0.00412620 0.00338142 0.00043066 0.00303379 0.00037598 0.00151720  1.00000000
978.5  0.76884036 0.21592575 0.00005568 0.00239313 0.00404121 0.00335999 0.00040217 0.00303056 0.00078581 0.00116533  1.00000000
979.0  0.77275263 0.21236056 0.00004377 0.00269814 0.00354026 0.00334094 0.00035970 0.00308747 0.00043682 0.00137971  1.00000000
979.5  0.76796558 0.21681542 0.00006144 0.00263477 0.00349068 0.00329215 0.00036301 0.00336602 0.00064613 0.00136481  1.00000000
980.0  0.77302329 0.21132036 0.00009906 0.00278154 0.00367381 0.00342424 0.00035152 0.00336370 0.00051777 0.00144471  1.00000000
980.5  0.76834521 0.21605064 0.00014093 0.00293246 0.00343034 0.00314237 0.00036243 0.00369504 0.00059856 0.00130203  1.00000000
981.0  0.77122183 0.21318593 0.00009975 0.00254054 0.00371735 0.00344794 0.00035414 0.00358886 0.00061639 0.00122727  1.00000000
981.5  0.77030350 0.21347932 0.00009953 0.00247124 0.00434201 0.00292164 0.00063728 0.00378110 0.00070939 0.00125502  1.00000000
982.0  0.76835800 0.21568637 0.00002371 0.00238449 0.00443053 0.00341611 0.00032412 0.00332647 0.00078693 0.00126327  1.00000000
982.5  0.77319008 0.21102605 0.00005654 0.00184000 0.00490393 0.00296890 0.00025021 0.00376352 0.00062856 0.00137220  1.00000000
983.0  0.76523529 0.21881720 0.00004003 0.00149886 0.00549773 0.00305574 0.00025641 0.00304152 0.00094577 0.00161145  1.00000000
983.5  0.77564578 0.20877099 0.00011481 0.00162223 0.00569647 0.00274126 0.00024990 0.00318633 0.00093061 0.00104161  1.00000000
984.0  0.76440014 0.22013693 0.00007245 0.00150117 0.00573440 0.00286385 0.00024500 0.00318174 0.00084504 0.00101930  1.00000000
984.5  0.77618462 0.20771987 0.00007774 0.00175273 0.00585453 0.00266173 0.00021161 0.00350035 0.00069788 0.00133895  1.00000000
985.0  0.76334855 0.22014960 0.00005130 0.00219467 0.00571254 0.00273899 0.00017986 0.00318527 0.00109251 0.00134672  1.00000000
985.5  0.77480034 0.20908088 0.00003461 0.00230708 0.00580974 0.00270750 0.00020583 0.00296179 0.00088029 0.00121194  1.00000000
986.0  0.76484457 0.21906689 0.00005236 0.00228445 0.00571140 0.00261456 0.00024973 0.00309089 0.00080537 0.00127978  1.00000000
986.5  0.77357328 0.20995227 0.00006222 0.00208097 0.00579211 0.00290501 0.00022313 0.00353931 0.00049992 0.00137178  1.00000000
987.0  0.76660873 0.21699200 0.00005334 0.00179517 0.00573032 0.00278046 0.00027495 0.00364636 0.00075236 0.00136630  1.00000000
987.5  0.77168601 0.21238729 0.00006960 0.00170165 0.00577678 0.00259015 0.00032266 0.00337530 0.00067909 0.00141148  1.00000000
988.0  0.76854480 0.21570835 0.00004630 0.00146233 0.00596888 0.00294930 0.00053467 0.00296142 0.00055575 0.00126820  1.00000000
988.5  0.77025943 0.21353413 0.00011003 0.00126474 0.00614290 0.00256627 0.00068160 0.00359763 0.00056587 0.00127739  1.00000000
989.0  0.76952598 0.21413454 0.00007475 0.00110626 0.00631132 0.00296273 0.00083302 0.00326258 0.00055526 0.00123355  1.00000000
989.5  0.76927149 0.21435702 0.00006966 0.00046298 0.00737903 0.00256827 0.00067005 0.00343551 0.00053333 0.00125266  1.00000000
990.0  0.76988231 0.21414965 0.00002309 0.00113776 0.00707476 0.00297358 0.00052422 0.00223203 0.00092420 0.00107838  1.00000000
990.5  0.76951025 0.21469351 0.00003027 0.00322451 0.00504709 0.00253391 0.00029025 0.00246198 0.00092706 0.00128118  1.00000000
991.0  0.76909887 0.21504867 0.00005083 0.00412862 0.00420432 0.00272770 0.00044665 0.00254476 0.00040468 0.00134488  1.00000000
991.5  0.77070286 0.21348937 0.00006983 0.00486270 0.00345235 0.00266972 0.00046230 0.00239303 0.00050970 0.00138813  1.00000000
992.0  0.76697634 0.21678427 0.00006804 0.00484015 0.00383872 0.00253407 0.00046158 0.00258303 0.00049634 0.00141746  1.00000000
992.5  0.77199965 0.21125540 0.00004354 0.00507497 0.00354209 0.00261188 0.00085967 0.00281579 0.00033952 0.00145749  1.00000000
993.0  0.76524228 0.21808814 0.00002149 0.00526529 0.00349364 0.00222979 0.00095021 0.00287107 0.00033387 0.00150421  1.00000000
993.5  0.77429235 0.20907093 0.00001472 0.00504321 0.00335321 0.00234178 0.00097262 0.00291878 0.00042359 0.00156881  1.00000000
994.0  0.76342748 0.21991491 0.00002429 0.00511863 0.00363903 0.00206162 0.00091041 0.00299176 0.00041751 0.00149437  1.00000000
994.5  0.77440330 0.20860120 0.00005282 0.00521500 0.00379290 0.00200594 0.00096299 0.00296179 0.00026982 0.00173424  1.00000000
995.0  0.76358232 0.21959605 0.00004625 0.00496650 0.00403098 0.00207261 0.00090602 0.00280018 0.00048439 0.00151470  1.00000000
995.5  0.77296497 0.20987600 0.00006477 0.00471671 0.00415701 0.00238923 0.00093336 0.00271680 0.00041622 0.00176492  1.00000000
996.0  0.76604394 0.21690317 0.00005169 0.00483642 0.00413102 0.00218035 0.00084911 0.00292528 0.00041279 0.00166623  1.00000000
996.5  0.77037225 0.21342544 0.00016376 0.00411121 0.00389833 0.00208465 0.00087160 0.00292880 0.00050466 0.00163931  1.00000000
997.0  0.77026330 0.21291169 0.00035910 0.00412087 0.00423246 0.00211733 0.00092975 0.00284570 0.00024405 0.00197575  1.00000000
997.5  0.77334664 0.20998872 0.00026916 0.00348034 0.00449592 0.00229355 0.00082301 0.00282135 0.00052129 0.00196003  1.00000000
998.0  0.77935706 0.20392879 0.00025133 0.00332974 0.00487216 0.00190154 0.00116366 0.00259071 0.00038188 0.00222314  1.00000000
998.5  0.78708962 0.19595590 0.00024406 0.00348863 0.00508421 0.00208402 0.00024681 0.00313027 0.00047803 0.00219845  1.00000000
999.0  0.79566360 0.18703216 0.00024236 0.00358529 0.00526187 0.00202426 0.00132239 0.00217214 0.00058385 0.00211207  1.00000000
999.5  0.80370858 0.17887717 0.00027800 0.00350262 0.00526402 0.00080720 0.00236559 0.00268811 0.00042561 0.00208310  1.00000000
1000.0  0.81093659 0.17221092 0.00030451 0.00315050 0.00496492 0.00054827 0.00305240 0.00247449 0.00042663 0.00193078  1.00000000
