# Step S0->S0 S0->S1 S0->S2 S0->S3 S0->S4 S0->S5 S0->S6 S0->S7 S0->S8 S0->S9
0.0  -0.02596 0.00096 -0.01932 -0.02984 -0.02844 0.02428 0.01208 0.03064 -0.00800 0.02352
0.5  -0.02100 0.00100 -0.01460 -0.02892 -0.02840 0.02208 0.01472 0.03048 -0.00776 0.02008
1.0  -0.01572 0.00100 -0.00980 -0.02832 -0.02792 0.02048 0.01608 0.03032 -0.00748 0.01668
1.5  -0.01016 0.00100 -0.00500 -0.02788 -0.02728 0.01948 0.01672 0.03008 -0.00712 0.01336
2.0  -0.00440 0.00092 -0.00020 -0.02744 -0.02656 0.01888 0.01708 0.02988 -0.00676 0.01016
2.5  0.00148 0.00084 0.00456 -0.02696 -0.02580 0.01848 0.01740 0.02968 -0.00640 0.00716
3.0  0.00752 0.00076 0.00924 -0.02640 -0.02500 0.01820 0.01784 0.02956 -0.00612 0.00436
3.5  0.01356 0.00068 0.01376 -0.02584 -0.02420 0.01804 0.01840 0.02948 -0.00580 0.00176
4.0  0.01960 0.00060 0.01808 -0.02516 -0.02328 0.01800 0.01912 0.02948 -0.00552 -0.00060
4.5  0.02548 0.00052 0.02224 -0.02440 -0.02236 0.01816 0.01992 0.02952 -0.00516 -0.00276
5.0  0.03124 0.00048 0.02612 -0.02352 -0.02136 0.01876 0.02068 0.02956 -0.00464 -0.00468
5.5  0.03676 0.00044 0.02976 -0.02256 -0.02032 0.02020 0.02100 0.02952 -0.00404 -0.00648
6.0  0.04200 0.00044 0.03308 -0.02144 -0.01916 0.02356 0.01944 0.02940 -0.00320 -0.00836
6.5  0.04696 0.00044 0.03604 -0.02020 -0.01784 0.02948 0.01272 0.02920 -0.00220 -0.01040
7.0  0.05156 0.00040 0.03868 -0.01892 -0.01644 0.03356 0.00396 0.02884 -0.00096 -0.01268
7.5  0.05584 0.00040 0.04088 -0.01740 -0.01492 0.03552 -0.00024 0.02836 0.00048 -0.01524
8.0  0.05972 0.00040 0.04272 -0.01588 -0.01316 0.03712 -0.00164 0.02784 0.00200 -0.01776
8.5  0.06320 0.00040 0.04408 -0.01428 -0.01128 0.03860 -0.00164 0.02736 0.00328 -0.02012
9.0  0.06632 0.00040 0.04504 -0.01268 -0.00912 0.03988 -0.00096 0.02724 0.00296 -0.02224
9.5  0.06908 0.00040 0.04556 -0.01104 -0.00676 0.04076 -0.00056 0.02736 -0.00380 -0.02400
10.0  0.07140 0.00040 0.04560 -0.00936 -0.00400 0.04108 -0.00172 0.02600 -0.01160 -0.02556
10.5  0.07336 0.00040 0.04520 -0.00732 -0.00084 0.04048 -0.00488 0.02700 -0.01316 -0.02692
11.0  0.07492 0.00044 0.04436 -0.00436 0.00196 0.03876 -0.00868 0.02936 -0.01316 -0.02800
11.5  0.07608 0.00044 0.04312 -0.00072 0.00284 0.03608 -0.00892 0.03316 -0.01284 -0.02888
12.0  0.07688 0.00048 0.04148 0.00260 0.00228 0.03296 0.00908 0.03668 -0.01244 -0.02952
12.5  0.07728 0.00044 0.03944 0.00552 0.00108 0.02984 0.02188 0.03400 -0.01196 -0.03000
13.0  0.07732 0.00044 0.03704 0.00816 -0.00024 0.02720 0.02512 0.03408 -0.01136 -0.03028
13.5  0.07704 0.00040 0.03432 0.01060 -0.00176 0.02512 0.02648 0.03464 -0.01060 -0.03032
14.0  0.07640 0.00040 0.03132 0.01276 -0.00336 0.02368 0.02712 0.03500 -0.00960 -0.03020
14.5  0.07544 0.00032 0.02808 0.01472 -0.00496 0.02304 0.02720 0.03516 -0.00836 -0.02988
15.0  0.07420 0.00028 0.02456 0.01648 -0.00656 0.02388 0.02628 0.03508 -0.00684 -0.02940
15.5  0.07268 0.00024 0.02092 0.01800 -0.00808 0.02804 0.02176 0.03476 -0.00500 -0.02876
16.0  0.07092 0.00016 0.01712 0.01936 -0.00948 0.03528 0.00492 0.03424 -0.00280 -0.02792
16.5  0.06896 0.00012 0.01320 0.02060 -0.01060 0.03536 -0.00632 0.03348 -0.00036 -0.02680
17.0  0.06680 0.00004 0.00920 0.02188 -0.01140 0.03488 -0.00996 0.03236 0.00236 -0.02524
17.5  0.06444 -0.00000 0.00512 0.02316 -0.01152 0.03472 -0.01184 0.03092 0.00508 -0.02288
18.0  0.06184 -0.00008 0.00108 0.02468 -0.01080 0.03472 -0.01336 0.02912 0.00756 -0.01960
18.5  0.05904 -0.00016 -0.00296 0.02644 -0.00856 0.03476 -0.01488 0.02700 0.00960 -0.01636
19.0  0.05600 -0.00020 -0.00692 0.02804 -0.00452 0.03468 -0.01648 0.02484 0.01104 -0.01400
19.5  0.05272 -0.00028 -0.01080 0.02884 0.00032 0.03456 -0.01820 0.02264 0.01192 -0.01220
20.0  0.04920 -0.00032 -0.01448 0.02888 0.00392 0.03428 -0.02004 0.02048 0.01224 -0.01068
20.5  0.04540 -0.00036 -0.01800 0.02868 0.00588 0.03388 -0.02196 0.01844 0.01216 -0.00920
21.0  0.04136 -0.00040 -0.02128 0.02864 0.00664 0.03328 -0.02404 0.01632 0.01172 -0.00760
21.5  0.03704 -0.00040 -0.02424 0.02864 0.00660 0.03260 -0.02624 0.01408 0.01096 -0.00592
22.0  0.03252 -0.00040 -0.02692 0.02876 0.00604 0.03180 -0.02840 0.01164 0.00988 -0.00412
22.5  0.02780 -0.00040 -0.02920 0.02892 0.00528 0.03100 -0.03036 0.00928 0.00848 -0.00220
23.0  0.02292 -0.00040 -0.03108 0.02916 0.00440 0.03040 -0.03184 0.00716 0.00668 -0.00012
23.5  0.01796 -0.00036 -0.03256 0.02940 0.00364 0.03084 -0.03220 0.00552 0.00456 0.00196
24.0  0.01292 -0.00032 -0.03360 0.02972 0.00332 0.03612 -0.02688 0.00420 0.00224 0.00408
24.5  0.00780 -0.00028 -0.03416 0.02996 0.00424 0.04500 0.00592 0.00284 -0.00004 0.00632
25.0  0.00264 -0.00024 -0.03424 0.02960 0.00792 0.04348 0.01412 0.00096 -0.00196 0.00840
25.5  -0.00248 -0.00020 -0.03388 0.02708 0.01528 0.04352 0.01464 -0.00172 -0.00300 0.01048
26.0  -0.00764 -0.00012 -0.03308 0.02368 0.02088 0.04412 0.01352 -0.00448 -0.00200 0.01256
26.5  -0.01284 -0.00008 -0.03180 0.02244 0.02292 0.04492 0.01176 -0.00532 -0.00052 0.01452
27.0  -0.01800 -0.00000 -0.03020 0.02264 0.02332 0.04580 0.00956 -0.00456 -0.00036 0.01648
27.5  -0.02316 0.00004 -0.02812 0.02356 0.02296 0.04656 0.00716 -0.00304 -0.00096 0.01824
28.0  -0.02836 0.00008 -0.02576 0.02484 0.02212 0.04700 0.00556 -0.00208 -0.00192 0.02000
28.5  -0.03348 0.00012 -0.02308 0.02624 0.02100 0.04684 0.00736 0.00004 -0.00304 0.02168
29.0  -0.03852 0.00012 -0.02008 0.02764 0.01956 0.04616 0.01024 0.00268 -0.00416 0.02348
29.5  -0.04348 0.00012 -0.01688 0.02904 0.01792 0.04508 0.01292 0.00512 -0.00524 0.02512
30.0  -0.04824 0.00004 -0.01344 0.03032 0.01608 0.04376 0.01516 0.00728 -0.00612 0.02660
30.5  -0.05276 0.00000 -0.00988 0.03152 0.01408 0.04228 0.01708 0.00920 -0.00688 0.02732
31.0  -0.05700 -0.00004 -0.00620 0.03264 0.01196 0.04060 0.01880 0.01116 -0.00740 0.02696
31.5  -0.06088 -0.00012 -0.00240 0.03364 0.00968 0.03876 0.02016 0.01332 -0.00772 0.02564
32.0  -0.06436 -0.00020 0.00140 0.03464 0.00732 0.03676 0.02092 0.01584 -0.00772 0.02348
32.5  -0.06740 -0.00028 0.00520 0.03556 0.00492 0.03476 0.02092 0.01872 -0.00744 0.02080
33.0  -0.07000 -0.00036 0.00896 0.03644 0.00244 0.03288 0.01988 0.02172 -0.00692 0.01780
33.5  -0.07216 -0.00040 0.01264 0.03728 0.00000 0.03120 0.01816 0.02440 -0.00624 0.01452
34.0  -0.07384 -0.00040 0.01624 0.03808 -0.00232 0.02972 0.01636 0.02632 -0.00548 0.01128
34.5  -0.07512 -0.00044 0.01968 0.03888 -0.00452 0.02848 0.01504 0.02752 -0.00464 0.00808
35.0  -0.07600 -0.00044 0.02296 0.03972 -0.00648 0.02716 0.01476 0.02816 -0.00380 0.00508
35.5  -0.07652 -0.00040 0.02608 0.04056 -0.00816 0.02352 0.01852 0.02844 -0.00288 0.00240
36.0  -0.07668 -0.00032 0.02900 0.04136 -0.00944 0.01032 0.02732 0.02848 -0.00192 0.00020
36.5  -0.07656 -0.00028 0.03164 0.04220 -0.01012 0.01236 0.02588 0.02844 -0.00084 -0.00156
37.0  -0.07608 -0.00020 0.03416 0.04316 -0.00988 0.01344 0.02488 0.02832 0.00028 -0.00292
37.5  -0.07528 -0.00012 0.03632 0.04424 -0.00808 0.01452 0.02400 0.02816 0.00148 -0.00396
38.0  -0.07412 -0.00012 0.03832 0.04536 -0.00316 0.01568 0.02312 0.02792 0.00264 -0.00476
38.5  -0.07260 -0.00008 0.03996 0.04504 0.00780 0.01684 0.02220 0.02768 0.00372 -0.00536
39.0  -0.07068 -0.00008 0.04136 0.04024 0.02160 0.01816 0.02128 0.02740 0.00468 -0.00576
39.5  -0.06832 -0.00008 0.04240 0.03468 0.02916 0.01956 0.02028 0.02716 0.00548 -0.00604
40.0  -0.06552 -0.00012 0.04312 0.03100 0.03204 0.02108 0.01916 0.02696 0.00616 -0.00612
40.5  -0.06228 -0.00020 0.04352 0.02848 0.03288 0.02268 0.01788 0.02676 0.00680 -0.00604
41.0  -0.05864 -0.00028 0.04356 0.02644 0.03268 0.02444 0.01640 0.02660 0.00740 -0.00568
41.5  -0.05456 -0.00036 0.04324 0.02464 0.03180 0.02628 0.01468 0.02644 0.00792 -0.00504
42.0  -0.05012 -0.00040 0.04256 0.02288 0.03044 0.02816 0.01268 0.02632 0.00832 -0.00416
42.5  -0.04540 -0.00048 0.04148 0.02116 0.02860 0.03004 0.01040 0.02620 0.00844 -0.00288
43.0  -0.04040 -0.00056 0.04000 0.01936 0.02640 0.03184 0.00796 0.02624 0.00784 -0.00128
43.5  -0.03528 -0.00060 0.03808 0.01760 0.02400 0.03364 0.00540 0.02648 0.00560 0.00052
44.0  -0.03004 -0.00060 0.03584 0.01576 0.02148 0.03524 0.00288 0.02672 0.00060 0.00276
44.5  -0.02480 -0.00060 0.03308 0.01392 0.01880 0.03664 0.00052 0.02588 -0.00432 0.00524
45.0  -0.01960 -0.00056 0.02996 0.01192 0.01624 0.03788 -0.00140 0.02504 -0.00604 0.00804
45.5  -0.01444 -0.00052 0.02648 0.00968 0.01392 0.03904 -0.00260 0.02468 -0.00564 0.01104
46.0  -0.00944 -0.00048 0.02264 0.00652 0.01224 0.04016 -0.00184 0.02444 -0.00440 0.01440
46.5  -0.00456 -0.00036 0.01840 -0.00040 0.01092 0.04100 0.00464 0.02408 -0.00268 0.01776
47.0  0.00020 -0.00028 0.01392 -0.00288 0.00772 0.03652 0.02128 0.02360 -0.00088 0.02108
47.5  0.00484 -0.00020 0.00920 -0.00200 0.00536 0.03136 0.02984 0.02288 0.00104 0.02400
48.0  0.00940 -0.00012 0.00424 -0.00068 0.00348 0.03064 0.03188 0.02184 0.00292 0.02620
48.5  0.01388 -0.00004 -0.00088 0.00052 0.00172 0.03168 0.03192 0.02076 0.00488 0.02760
49.0  0.01836 0.00008 -0.00612 0.00156 0.00004 0.03328 0.03088 0.02016 0.00692 0.02812
49.5  0.02280 0.00012 -0.01148 0.00248 -0.00148 0.03476 0.02864 0.02060 0.00908 0.02788
50.0  0.02720 0.00020 -0.01684 0.00332 -0.00296 0.03596 0.02508 0.02236 0.01136 0.02696
50.5  0.03156 0.00028 -0.02216 0.00408 -0.00436 0.03672 0.02056 0.02452 0.01364 0.02548
51.0  0.03584 0.00036 -0.02740 0.00484 -0.00564 0.03708 0.01632 0.02588 0.01564 0.02360
51.5  0.04000 0.00044 -0.03252 0.00572 -0.00680 0.03720 0.01276 0.02656 0.01708 0.02132
52.0  0.04404 0.00052 -0.03740 0.00680 -0.00780 0.03708 0.00968 0.02712 0.01776 0.01884
52.5  0.04792 0.00060 -0.04208 0.00816 -0.00864 0.03684 0.00636 0.02808 0.01732 0.01608
53.0  0.05156 0.00064 -0.04644 0.00984 -0.00916 0.03640 0.00240 0.02980 0.01516 0.01308
53.5  0.05496 0.00068 -0.05044 0.01192 -0.00924 0.03544 -0.00244 0.03216 0.01012 0.00988
54.0  0.05812 0.00068 -0.05404 0.01416 -0.00888 0.03376 -0.00744 0.03380 0.00280 0.00652
54.5  0.06100 0.00068 -0.05716 0.01660 -0.00812 0.03164 -0.01148 0.03384 -0.00320 0.00312
55.0  0.06368 0.00060 -0.05988 0.01900 -0.00716 0.02960 -0.01416 0.03328 -0.00672 -0.00024
55.5  0.06612 0.00056 -0.06200 0.02120 -0.00612 0.02776 -0.01584 0.03280 -0.00856 -0.00340
56.0  0.06832 0.00044 -0.06372 0.02332 -0.00524 0.02620 -0.01696 0.03244 -0.00952 -0.00620
56.5  0.07036 0.00032 -0.06484 0.02528 -0.00452 0.02488 -0.01784 0.03212 -0.00992 -0.00832
57.0  0.07224 0.00020 -0.06552 0.02712 -0.00408 0.02360 -0.01868 0.03192 -0.01000 -0.00972
57.5  0.07392 0.00004 -0.06564 0.02884 -0.00388 0.02232 -0.01960 0.03180 -0.00980 -0.01020
58.0  0.07540 -0.00008 -0.06528 0.03036 -0.00396 0.02104 -0.02072 0.03168 -0.00940 -0.00988
58.5  0.07660 -0.00016 -0.06440 0.03168 -0.00424 0.01968 -0.02196 0.03160 -0.00876 -0.00872
59.0  0.07748 -0.00024 -0.06304 0.03276 -0.00496 0.01824 -0.02336 0.03156 -0.00792 -0.00684
59.5  0.07804 -0.00024 -0.06124 0.03376 -0.00584 0.01664 -0.02500 0.03136 -0.00688 -0.00440
60.0  0.07812 -0.00024 -0.05900 0.03440 -0.00704 0.01480 -0.02676 0.03112 -0.00568 -0.00144
60.5  0.07772 -0.00016 -0.05628 0.03468 -0.00836 0.01252 -0.02868 0.03076 -0.00428 0.00212
61.0  0.07680 -0.00008 -0.05312 0.03476 -0.01016 0.00932 -0.03084 0.03024 -0.00272 0.00624
61.5  0.07532 0.00004 -0.04964 0.03448 -0.01204 0.00324 -0.03300 0.02960 -0.00100 0.01112
62.0  0.07328 0.00016 -0.04556 0.03380 -0.01412 -0.01316 -0.03156 0.02880 0.00088 0.01672
62.5  0.07072 0.00032 -0.04124 0.03280 -0.01636 -0.02832 -0.02084 0.02788 0.00288 0.02228
63.0  0.06760 0.00044 -0.03660 0.03124 -0.01872 -0.03292 -0.01484 0.02696 0.00504 0.02656
63.5  0.06404 0.00056 -0.03148 0.02944 -0.02124 -0.03524 -0.01096 0.02588 0.00736 0.02912
64.0  0.06004 0.00068 -0.02616 0.02728 -0.02376 -0.03672 -0.00752 0.02472 0.00956 0.03040
64.5  0.05572 0.00080 -0.02072 0.02452 -0.02628 -0.03760 -0.00380 0.02428 0.01028 0.03084
65.0  0.05112 0.00084 -0.01488 0.02128 -0.02884 -0.03764 0.00016 0.02340 -0.01292 0.03072
65.5  0.04632 0.00088 -0.00896 0.01736 -0.03132 -0.03648 0.00548 0.02408 -0.01396 0.03028
66.0  0.04136 0.00088 -0.00300 0.01212 -0.03380 -0.03372 0.01388 0.02568 -0.01196 0.02944
66.5  0.03636 0.00084 0.00300 0.00380 -0.03592 -0.02964 0.02108 0.02640 -0.01004 0.02832
67.0  0.03132 0.00080 0.00896 -0.01104 -0.03468 -0.02504 0.02572 0.02732 -0.00840 0.02696
67.5  0.02628 0.00068 0.01484 -0.02540 -0.02668 -0.02056 0.02868 0.02812 -0.00696 0.02536
68.0  0.02124 0.00052 0.02060 -0.03196 -0.01940 -0.01660 0.03048 0.02860 -0.00564 0.02352
68.5  0.01620 0.00040 0.02616 -0.03528 -0.01432 -0.01328 0.03152 0.02884 -0.00448 0.02148
69.0  0.01124 0.00020 0.03148 -0.03740 -0.01052 -0.01052 0.03204 0.02892 -0.00344 0.01928
69.5  0.00628 0.00004 0.03648 -0.03908 -0.00732 -0.00824 0.03220 0.02884 -0.00256 0.01700
70.0  0.00136 -0.00012 0.04120 -0.04044 -0.00468 -0.00628 0.03212 0.02868 -0.00184 0.01456
70.5  -0.00348 -0.00028 0.04548 -0.04172 -0.00252 -0.00460 0.03180 0.02844 -0.00136 0.01196
71.0  -0.00824 -0.00040 0.04940 -0.04284 -0.00084 -0.00308 0.03140 0.02820 -0.00108 0.00924
71.5  -0.01292 -0.00052 0.05284 -0.04388 0.00032 -0.00152 0.03092 0.02788 -0.00104 0.00628
72.0  -0.01740 -0.00060 0.05588 -0.04484 0.00080 0.00024 0.03036 0.02760 -0.00116 0.00332
72.5  -0.02176 -0.00060 0.05840 -0.04568 0.00056 0.00284 0.02972 0.02728 -0.00144 0.00052
73.0  -0.02592 -0.00060 0.06040 -0.04648 -0.00068 0.00676 0.02868 0.02692 -0.00184 -0.00120
73.5  -0.02988 -0.00052 0.06192 -0.04696 -0.00324 0.01124 0.02716 0.02644 -0.00232 -0.00208
74.0  -0.03368 -0.00048 0.06296 -0.04688 -0.00728 0.01364 0.02656 0.02556 -0.00276 -0.00272
74.5  -0.03728 -0.00036 0.06344 -0.04596 -0.01260 0.01264 0.02872 0.02360 -0.00316 -0.00332
75.0  -0.04076 -0.00024 0.06348 -0.04408 -0.01808 0.00732 0.03348 0.01944 -0.00348 -0.00392
75.5  -0.04412 -0.00012 0.06300 -0.04172 -0.02244 -0.00296 0.03764 0.01236 -0.00384 -0.00452
76.0  -0.04736 0.00004 0.06204 -0.03956 -0.02524 -0.01172 0.03848 -0.00032 -0.00452 -0.00516
76.5  -0.05056 0.00016 0.06064 -0.03776 -0.02668 -0.01476 0.03512 0.01476 -0.00560 -0.00576
77.0  -0.05376 0.00028 0.05880 -0.03628 -0.02712 -0.01296 0.03404 0.02016 -0.00676 -0.00660
77.5  -0.05692 0.00040 0.05656 -0.03508 -0.02676 -0.00692 0.03600 0.02144 -0.00792 -0.00732
78.0  -0.06012 0.00052 0.05396 -0.03396 -0.02612 0.00064 0.03768 0.02172 -0.00900 -0.00820
78.5  -0.06324 0.00060 0.05096 -0.03288 -0.02496 0.00688 0.03836 0.02172 -0.00996 -0.00908
79.0  -0.06628 0.00060 0.04772 -0.03164 -0.02356 0.01184 0.03852 0.02168 -0.01076 -0.00992
79.5  -0.06912 0.00060 0.04416 -0.03036 -0.02192 0.01620 0.03840 0.02176 -0.01132 -0.01080
80.0  -0.07168 0.00060 0.04024 -0.02908 -0.02000 0.02036 0.03784 0.02204 -0.01168 -0.01172
80.5  -0.07388 0.00056 0.03620 -0.02776 -0.01776 0.02440 0.03684 0.02248 -0.01168 -0.01272
81.0  -0.07560 0.00056 0.03192 -0.02656 -0.01492 0.02848 0.03524 0.02304 -0.01124 -0.01364
81.5  -0.07676 0.00044 0.02752 -0.02568 -0.01092 0.03284 0.03260 0.02360 -0.01040 -0.01468
82.0  -0.07728 0.00040 0.02288 -0.02492 -0.00424 0.03792 0.02800 0.02400 -0.00916 -0.01552
82.5  -0.07712 0.00028 0.01828 -0.02228 0.00432 0.04380 0.01936 0.02408 -0.00752 -0.01620
83.0  -0.07632 0.00020 0.01340 -0.01828 0.00836 0.04828 0.00544 0.02360 -0.00568 -0.01648
83.5  -0.07480 0.00012 0.00860 -0.01512 0.00884 0.04872 -0.00696 0.02224 -0.00384 -0.01636
84.0  -0.07268 0.00004 0.00384 -0.01268 0.00808 0.04824 -0.01276 0.01964 -0.00224 -0.01568
84.5  -0.06992 -0.00000 -0.00092 -0.01060 0.00684 0.04464 0.02380 0.01572 -0.00124 -0.01432
85.0  -0.06664 -0.00008 -0.00556 -0.00876 0.00532 0.02888 0.04180 0.01164 -0.00108 -0.01240
85.5  -0.06284 -0.00016 -0.01012 -0.00708 0.00372 0.02688 0.04204 0.01096 -0.00168 -0.00992
86.0  -0.05864 -0.00020 -0.01448 -0.00556 0.00208 0.02452 0.04032 0.01660 -0.00276 -0.00712
86.5  -0.05412 -0.00024 -0.01868 -0.00412 0.00036 0.02176 0.03676 0.02392 -0.00372 -0.00408
87.0  -0.04928 -0.00024 -0.02264 -0.00268 -0.00132 0.01888 0.03428 0.02784 -0.00440 -0.00096
87.5  -0.04424 -0.00024 -0.02632 -0.00132 -0.00308 0.01592 0.03332 0.02948 -0.00472 0.00220
88.0  -0.03904 -0.00020 -0.02972 0.00008 -0.00488 0.01300 0.03312 0.03020 -0.00468 0.00528
88.5  -0.03372 -0.00016 -0.03292 0.00152 -0.00668 0.01008 0.03320 0.03060 -0.00440 0.00836
89.0  -0.02836 -0.00012 -0.03568 0.00304 -0.00856 0.00712 0.03336 0.03088 -0.00388 0.01128
89.5  -0.02296 -0.00004 -0.03812 0.00456 -0.01052 0.00408 0.03348 0.03116 -0.00316 0.01416
90.0  -0.01756 0.00004 -0.04020 0.00628 -0.01244 0.00084 0.03340 0.03140 -0.00224 0.01676
90.5  -0.01224 0.00012 -0.04184 0.00808 -0.01444 -0.00272 0.03300 0.03164 -0.00124 0.01920
91.0  -0.00704 0.00016 -0.04312 0.01004 -0.01636 -0.00668 0.03216 0.03180 -0.00008 0.02128
91.5  -0.00196 0.00024 -0.04392 0.01208 -0.01828 -0.01132 0.03048 0.03192 0.00108 0.02300
92.0  0.00296 0.00028 -0.04436 0.01424 -0.01996 -0.01652 0.02760 0.03204 0.00236 0.02400
92.5  0.00768 0.00032 -0.04436 0.01652 -0.02144 -0.02148 0.02336 0.03212 0.00364 0.02332
93.0  0.01216 0.00028 -0.04388 0.01900 -0.02252 -0.02512 0.01864 0.03212 0.00500 0.01468
93.5  0.01644 0.00020 -0.04300 0.02188 -0.02292 -0.02712 0.01452 0.03208 0.00640 -0.00556
94.0  0.02048 0.00012 -0.04172 0.02528 -0.02204 -0.02804 0.01144 0.03208 0.00784 -0.01420
94.5  0.02436 -0.00000 -0.04008 0.02960 -0.01892 -0.02836 0.00908 0.03208 0.00920 -0.01776
95.0  0.02804 -0.00020 -0.03812 0.03400 -0.01292 -0.02844 0.00700 0.03220 0.01032 -0.01980
95.5  0.03156 -0.00036 -0.03584 0.03668 -0.00656 -0.02840 0.00448 0.03252 0.01092 -0.02112
96.0  0.03500 -0.00056 -0.03324 0.03776 -0.00260 -0.02840 0.00060 0.03300 0.01080 -0.02200
96.5  0.03836 -0.00076 -0.03048 0.03804 -0.00112 -0.02848 -0.00504 0.03304 0.00972 -0.02252
97.0  0.04172 -0.00092 -0.02744 0.03804 -0.00128 -0.02884 -0.01064 0.03212 0.00780 -0.02288
97.5  0.04508 -0.00108 -0.02432 0.03776 -0.00252 -0.02976 -0.01396 0.03068 0.00548 -0.02304
98.0  0.04844 -0.00116 -0.02092 0.03720 -0.00456 -0.03512 0.00236 0.02848 0.00324 -0.02296
98.5  0.05184 -0.00124 -0.01748 0.03632 -0.00716 -0.02188 -0.03200 0.02388 0.00148 -0.02284
99.0  0.05528 -0.00124 -0.01400 0.03504 -0.01000 -0.02288 -0.03796 0.01076 0.00020 -0.02276
99.5  0.05872 -0.00120 -0.01028 0.03332 -0.01316 -0.02464 -0.03780 -0.00692 -0.00056 -0.02252
100.0  0.06208 -0.00112 -0.00660 0.03124 -0.01636 -0.02696 -0.03396 -0.01416 -0.00068 -0.02240
100.5  0.06536 -0.00100 -0.00292 0.02872 -0.01944 -0.03020 -0.02956 -0.01708 -0.00012 -0.02244
101.0  0.06848 -0.00080 0.00080 0.02572 -0.02240 -0.03456 -0.02292 -0.01864 0.00104 -0.02284
101.5  0.07136 -0.00064 0.00444 0.02236 -0.02512 -0.03916 -0.01180 -0.01940 0.00260 -0.02388
102.0  0.07396 -0.00044 0.00804 0.01856 -0.02752 -0.04036 0.00140 -0.01972 0.00404 -0.02648
102.5  0.07616 -0.00028 0.01152 0.01440 -0.02944 -0.03852 0.01072 -0.01976 0.00512 -0.02964
103.0  0.07796 -0.00016 0.01484 0.00996 -0.03088 -0.03600 0.01636 -0.01972 0.00572 -0.02820
103.5  0.07928 -0.00000 0.01800 0.00532 -0.03172 -0.03356 0.02008 -0.01960 0.00600 -0.02508
104.0  0.08008 0.00008 0.02092 0.00056 -0.03192 -0.03132 0.02280 -0.01948 0.00596 -0.02188
104.5  0.08040 0.00016 0.02356 -0.00404 -0.03148 -0.02916 0.02484 -0.01944 0.00572 -0.01860
105.0  0.08024 0.00020 0.02592 -0.00848 -0.03048 -0.02720 0.02644 -0.01936 0.00540 -0.01524
105.5  0.07952 0.00020 0.02792 -0.01264 -0.02896 -0.02540 0.02768 -0.01944 0.00500 -0.01168
106.0  0.07828 0.00020 0.02956 -0.01648 -0.02704 -0.02384 0.02852 -0.01960 0.00472 -0.00804
106.5  0.07660 0.00012 0.03080 -0.02016 -0.02452 -0.02260 0.02912 -0.01992 0.00448 -0.00444
107.0  0.07440 0.00004 0.03164 -0.02376 -0.02140 -0.02168 0.02940 -0.02040 0.00432 -0.00080
107.5  0.07180 -0.00000 0.03208 -0.02728 -0.01728 -0.02116 0.02936 -0.02112 0.00428 0.00272
108.0  0.06876 -0.00008 0.03212 -0.03048 -0.01204 -0.02104 0.02888 -0.02216 0.00436 0.00608
108.5  0.06528 -0.00020 0.03172 -0.03284 -0.00612 -0.02128 0.02772 -0.02372 0.00456 0.00924
109.0  0.06140 -0.00024 0.03096 -0.03416 -0.00056 -0.02200 0.02516 -0.02628 0.00488 0.01216
109.5  0.05716 -0.00032 0.02976 -0.03488 0.00400 -0.02300 0.01864 -0.03084 0.00540 0.01488
110.0  0.05256 -0.00036 0.02824 -0.03536 0.00752 -0.02432 0.00468 -0.03508 0.00608 0.01732
110.5  0.04760 -0.00036 0.02628 -0.03592 0.01028 -0.02572 -0.00528 -0.03412 0.00668 0.01948
111.0  0.04240 -0.00032 0.02400 -0.03660 0.01232 -0.02696 -0.00896 -0.03292 0.00488 0.02140
111.5  0.03696 -0.00028 0.02144 -0.03748 0.01360 -0.02756 -0.01068 -0.02368 -0.02204 0.02304
112.0  0.03136 -0.00020 0.01852 -0.03880 0.01364 -0.02712 -0.01264 -0.02084 -0.02428 0.02440
112.5  0.02568 -0.00008 0.01536 -0.04140 0.00884 -0.02544 -0.01572 -0.02248 -0.02260 0.02556
113.0  0.01996 0.00004 0.01196 -0.03660 -0.02324 -0.02240 -0.01968 -0.02428 -0.02040 0.02640
113.5  0.01428 0.00016 0.00844 -0.02856 -0.03372 -0.01832 -0.02344 -0.02580 -0.01796 0.02688
114.0  0.00868 0.00028 0.00456 -0.02704 -0.03568 -0.01396 -0.02636 -0.02692 -0.01540 0.02700
114.5  0.00324 0.00040 0.00064 -0.02664 -0.03636 -0.00992 -0.02832 -0.02772 -0.01276 0.02656
115.0  -0.00204 0.00052 -0.00336 -0.02644 -0.03644 -0.00636 -0.02952 -0.02820 -0.01012 0.02544
115.5  -0.00712 0.00064 -0.00736 -0.02620 -0.03612 -0.00324 -0.03028 -0.02848 -0.00752 0.02348
116.0  -0.01204 0.00072 -0.01132 -0.02576 -0.03556 -0.00040 -0.03072 -0.02856 -0.00500 0.02040
116.5  -0.01680 0.00072 -0.01520 -0.02512 -0.03468 0.00232 -0.03092 -0.02844 -0.00268 0.01580
117.0  -0.02136 0.00076 -0.01888 -0.02432 -0.03356 0.00512 -0.03088 -0.02824 -0.00056 0.00964
117.5  -0.02580 0.00072 -0.02240 -0.02328 -0.03228 0.00816 -0.03056 -0.02788 0.00128 0.00288
118.0  -0.03008 0.00064 -0.02568 -0.02212 -0.03084 0.01156 -0.02984 -0.02752 0.00292 -0.00304
118.5  -0.03428 -0.00056 -0.02864 -0.02072 -0.02924 0.01544 -0.02848 -0.02716 0.00428 -0.00712
119.0  -0.03840 -0.00044 -0.03132 -0.01924 -0.02760 0.01968 -0.02632 -0.02688 0.00536 -0.00960
119.5  -0.04240 -0.00036 -0.03368 -0.01760 -0.02584 0.02388 -0.02304 -0.02688 0.00608 -0.01060
120.0  -0.04632 -0.00024 -0.03564 -0.01584 -0.02408 0.02768 -0.01860 -0.02748 0.00624 -0.01044
120.5  -0.05008 -0.00012 -0.03732 -0.01392 -0.02220 0.03084 -0.01288 -0.02856 0.00548 -0.00952
121.0  -0.05368 -0.00000 -0.03864 -0.01184 -0.02032 0.03324 -0.00676 -0.02936 0.00324 -0.00824
121.5  -0.05704 0.00008 -0.03960 -0.00964 -0.01844 0.03496 -0.00164 -0.02932 -0.00056 -0.00688
122.0  -0.06020 0.00016 -0.04024 -0.00696 -0.01656 0.03612 0.00200 -0.02872 -0.00424 -0.00552
122.5  -0.06304 0.00020 -0.04048 -0.00312 -0.01476 0.03688 0.00476 -0.02816 -0.00644 -0.00392
123.0  -0.06556 0.00020 -0.04040 0.00400 -0.01148 0.03716 0.00752 -0.02808 -0.00732 -0.00204
123.5  -0.06772 0.00020 -0.03996 0.00688 -0.00624 0.03664 0.01116 -0.02840 -0.00752 0.00012
124.0  -0.06956 0.00024 -0.03916 0.00588 -0.00280 0.03428 0.01744 -0.02900 -0.00732 0.00256
124.5  -0.07104 0.00020 -0.03804 0.00412 -0.00012 0.02764 0.02668 -0.02976 -0.00688 0.00512
125.0  -0.07216 0.00012 -0.03652 0.00228 0.00232 0.01936 0.03292 -0.03068 -0.00636 0.00776
125.5  -0.07292 0.00008 -0.03464 0.00048 0.00464 0.01436 0.03492 -0.03164 -0.00568 0.01040
126.0  -0.07332 0.00000 -0.03248 -0.00124 0.00692 0.01196 0.03532 -0.03264 -0.00480 0.01288
126.5  -0.07336 -0.00008 -0.02992 -0.00272 0.00916 0.01092 0.03512 -0.03364 -0.00392 0.01528
127.0  -0.07304 -0.00016 -0.02704 -0.00400 0.01136 0.01060 0.03480 -0.03448 -0.00288 0.01748
127.5  -0.07236 -0.00020 -0.02384 -0.00496 0.01348 0.01084 0.03440 -0.03524 -0.00180 0.01944
128.0  -0.07132 -0.00032 -0.02036 -0.00576 0.01564 0.01148 0.03416 -0.03568 -0.00072 0.02120
128.5  -0.06996 -0.00036 -0.01660 -0.00624 0.01780 0.01244 0.03396 -0.03584 0.00044 0.02276
129.0  -0.06824 -0.00044 -0.01260 -0.00644 0.01988 0.01384 0.03380 -0.03564 0.00160 0.02404
129.5  -0.06620 -0.00048 -0.00844 -0.00644 0.02196 0.01580 0.03356 -0.03508 0.00272 0.02504
130.0  -0.06380 -0.00052 -0.00404 -0.00612 0.02396 0.01900 0.03272 -0.03412 0.00384 0.02564
130.5  -0.06108 -0.00056 0.00036 -0.00556 0.02592 0.02844 0.02616 -0.03276 0.00500 0.02576
131.0  -0.05804 -0.00048 0.00492 -0.00472 0.02776 0.03892 -0.00700 -0.03096 0.00612 0.02520
131.5  -0.05468 -0.00048 0.00960 -0.00360 0.02948 0.03784 -0.01456 -0.02880 0.00716 0.02376
132.0  -0.05104 -0.00040 0.01420 -0.00188 0.03104 0.03752 -0.01792 -0.02620 0.00796 0.02136
132.5  -0.04716 -0.00032 0.01864 0.00120 0.03236 0.03744 -0.02060 -0.02316 0.00820 0.01852
133.0  -0.04304 -0.00020 0.02324 0.01508 0.02992 0.03748 -0.02332 -0.01940 0.00760 0.01580
133.5  -0.03876 -0.00008 0.02764 0.03388 0.00644 0.03752 -0.02632 -0.01400 0.00588 0.01400
134.0  -0.03432 0.00004 0.03188 0.03536 0.00172 0.03748 -0.02888 -0.00536 0.00328 0.01296
134.5  -0.02972 0.00020 0.03596 0.03608 -0.00100 0.03704 -0.02912 0.00280 0.00040 0.01248
135.0  -0.02504 0.00032 0.03984 0.03648 -0.00324 0.03420 -0.03132 0.00456 -0.00212 0.01232
135.5  -0.02028 0.00048 0.04344 0.03660 -0.00540 0.01616 -0.04300 0.00128 -0.00392 0.01240
136.0  -0.01540 0.00064 0.04680 0.03644 -0.00752 -0.00116 -0.04496 -0.00488 -0.00500 0.01256
136.5  -0.01044 0.00072 0.04992 0.03600 -0.00964 -0.00408 -0.04296 -0.01128 -0.00556 0.01272
137.0  -0.00540 0.00080 0.05264 0.03532 -0.01172 -0.00348 -0.04076 -0.01612 -0.00564 0.01288
137.5  -0.00032 0.00084 0.05508 0.03436 -0.01380 -0.00112 -0.03884 -0.01932 -0.00540 0.01296
138.0  0.00484 0.00084 0.05712 0.03308 -0.01588 0.00348 -0.03704 -0.02136 -0.00496 0.01288
138.5  0.01004 0.00080 0.05880 0.03148 -0.01804 0.01196 -0.03392 -0.02264 -0.00436 0.01276
139.0  0.01528 0.00068 0.06008 0.02940 -0.02044 0.02128 -0.02852 -0.02268 -0.00380 0.01252
139.5  0.02056 0.00056 0.06092 0.02640 -0.02344 0.02440 -0.03184 0.01252 -0.00336 0.01224
140.0  0.02580 0.00044 0.06136 0.02000 -0.02840 0.02184 -0.03560 -0.00364 -0.00336 0.01212
140.5  0.03100 0.00032 0.06132 -0.00256 -0.03420 0.00912 -0.04076 -0.00292 -0.00404 0.01228
141.0  0.03612 0.00016 0.06088 -0.01736 -0.02912 -0.00844 -0.04116 0.00100 -0.00380 0.01340
141.5  0.04104 0.00004 0.05996 -0.02220 -0.02536 -0.01480 -0.03800 0.01116 -0.00256 0.01772
142.0  0.04580 -0.00008 0.05860 -0.02528 -0.02236 -0.01600 -0.02936 -0.02632 -0.00116 0.02684
142.5  0.05028 -0.00012 0.05680 -0.02784 -0.01968 -0.01456 -0.02692 -0.02976 0.00020 0.03052
143.0  0.05452 -0.00016 0.05456 -0.03024 -0.01708 -0.01176 -0.02820 -0.02992 0.00140 0.03280
143.5  0.05848 -0.00012 0.05188 -0.03256 -0.01464 -0.00896 -0.02980 -0.02928 0.00252 0.03488
144.0  0.06208 -0.00012 0.04884 -0.03480 -0.01240 -0.00680 -0.03100 -0.02836 0.00344 0.03684
144.5  0.06540 -0.00004 0.04520 -0.03700 -0.01040 -0.00548 -0.03176 -0.02740 0.00424 0.03872
145.0  0.06836 0.00004 0.04128 -0.03912 -0.00880 -0.00496 -0.03216 -0.02648 0.00476 0.04044
145.5  0.07104 0.00012 0.03684 -0.04120 -0.00768 -0.00536 -0.03220 -0.02576 0.00516 0.04212
146.0  0.07336 0.00020 0.03216 -0.04304 -0.00716 -0.00712 -0.03176 -0.02524 0.00536 0.04344
146.5  0.07536 0.00028 0.02700 -0.04476 -0.00732 -0.01172 -0.03000 -0.02504 0.00536 0.04448
147.0  0.07700 0.00036 0.02164 -0.04612 -0.00820 -0.02164 -0.02324 -0.02508 0.00528 0.04472
147.5  0.07828 0.00036 0.01596 -0.04704 -0.00984 -0.02856 -0.01248 -0.02544 0.00512 0.04380
148.0  0.07916 0.00040 0.01016 -0.04748 -0.01220 -0.02972 -0.00640 -0.02608 0.00488 0.04072
148.5  0.07964 0.00040 0.00408 -0.04728 -0.01516 -0.02940 -0.00268 -0.02696 0.00464 0.03424
149.0  0.07976 0.00036 -0.00192 -0.04644 -0.01836 -0.02860 0.00040 -0.02804 0.00456 0.02476
149.5  0.07944 0.00036 -0.00804 -0.04508 -0.02156 -0.02744 0.00360 -0.02912 0.00464 0.01540
150.0  0.07872 0.00032 -0.01400 -0.04324 -0.02432 -0.02600 0.00720 -0.03004 0.00488 0.00824
150.5  0.07760 0.00028 -0.01988 -0.04128 -0.02648 -0.02432 0.01136 -0.03044 0.00532 0.00312
151.0  0.07604 0.00024 -0.02572 -0.03928 -0.02800 -0.02252 0.01588 -0.03016 0.00584 -0.00056
151.5  0.07408 0.00020 -0.03120 -0.03748 -0.02876 -0.02064 0.02044 -0.02920 0.00628 -0.00324
152.0  0.07172 0.00012 -0.03644 -0.03584 -0.02900 -0.01876 0.02468 -0.02768 0.00640 -0.00512
152.5  0.06904 0.00008 -0.04140 -0.03444 -0.02872 -0.01688 0.02848 -0.02580 0.00620 -0.00648
153.0  0.06600 0.00000 -0.04604 -0.03312 -0.02816 -0.01500 0.03188 -0.02368 0.00564 -0.00740
153.5  0.06272 -0.00004 -0.05024 -0.03200 -0.02724 -0.01308 0.03484 -0.02148 0.00472 -0.00792
154.0  0.05916 -0.00008 -0.05408 -0.03088 -0.02616 -0.01088 0.03744 -0.01916 0.00356 -0.00816
154.5  0.05540 -0.00008 -0.05748 -0.02980 -0.02492 -0.00792 0.03968 -0.01704 0.00228 -0.00824
155.0  0.05148 -0.00012 -0.06036 -0.02868 -0.02356 -0.00296 0.04124 -0.01612 0.00088 -0.00816
155.5  0.04736 -0.00008 -0.06280 -0.02752 -0.02212 0.00620 0.04052 -0.01804 -0.00044 -0.00796
156.0  0.04312 -0.00004 -0.06472 -0.02632 -0.02072 0.01768 0.03564 -0.02136 -0.00152 -0.00780
156.5  0.03876 0.00000 -0.06608 -0.02508 -0.01924 0.02512 0.02996 -0.02340 -0.00216 -0.00768
157.0  0.03428 0.00012 -0.06692 -0.02380 -0.01776 0.02896 0.02568 -0.02500 -0.00220 -0.00780
157.5  0.02964 0.00024 -0.06720 -0.02248 -0.01632 0.03116 0.02200 -0.02676 -0.00164 -0.00832
158.0  0.02492 0.00040 -0.06700 -0.02112 -0.01484 0.03272 0.01844 -0.02852 -0.00068 -0.00944
158.5  0.02008 0.00052 -0.06624 -0.01968 -0.01340 0.03396 0.01488 -0.03004 0.00052 -0.01124
159.0  0.01508 0.00064 -0.06496 -0.01824 -0.01200 0.03504 0.01120 -0.03124 0.00180 -0.01364
159.5  0.01000 0.00076 -0.06324 -0.01676 -0.01060 0.03600 0.00716 -0.03216 0.00304 -0.01628
160.0  0.00476 0.00088 -0.06112 -0.01520 -0.00924 0.03668 0.00232 -0.03284 0.00432 -0.01896
160.5  -0.00052 0.00096 -0.05856 -0.01360 -0.00796 0.03680 -0.00356 -0.03328 0.00556 -0.02144
161.0  -0.00588 0.00096 -0.05568 -0.01184 -0.00696 0.03592 -0.00972 -0.03352 0.00684 -0.02380
161.5  -0.01124 0.00092 -0.05240 -0.00988 -0.00632 0.03460 -0.01456 -0.03360 0.00812 -0.02572
162.0  -0.01652 0.00088 -0.04904 -0.00780 -0.00604 0.03360 -0.01736 -0.03348 0.00940 -0.02752
162.5  -0.02168 0.00076 -0.04516 -0.00548 -0.00620 0.03328 -0.01848 -0.03320 0.01076 -0.02908
163.0  -0.02668 0.00064 -0.04128 -0.00308 -0.00668 0.03356 -0.01836 -0.03276 0.01212 -0.03052
163.5  -0.03140 0.00052 -0.03700 -0.00056 -0.00736 0.03428 -0.01740 -0.03216 0.01356 -0.03168
164.0  -0.03588 0.00040 -0.03268 0.00196 -0.00828 0.03512 -0.01580 -0.03132 0.01500 -0.03280
164.5  -0.04004 0.00028 -0.02820 0.00452 -0.00928 0.03604 -0.01376 -0.03028 0.01648 -0.03368
165.0  -0.04388 0.00012 -0.02360 0.00712 -0.01032 0.03688 -0.01140 -0.02908 0.01792 -0.03444
165.5  -0.04740 0.00004 -0.01884 0.00976 -0.01132 0.03752 -0.00888 -0.02780 0.01916 -0.03500
166.0  -0.05064 -0.00012 -0.01400 0.01248 -0.01200 0.03796 -0.00620 -0.02676 0.01984 -0.03528
166.5  -0.05356 -0.00020 -0.00912 0.01556 -0.01212 0.03808 -0.00336 -0.02708 0.01880 -0.03536
167.0  -0.05628 -0.00024 -0.00420 0.01912 -0.01084 0.03788 0.00000 -0.03124 0.00980 -0.03524
167.5  -0.05872 -0.00032 0.00068 0.02292 -0.00744 0.03708 0.00432 -0.03244 -0.00348 -0.03488
168.0  -0.06088 -0.00036 0.00548 0.02588 -0.00308 0.03484 0.01116 -0.03216 -0.00572 -0.03424
168.5  -0.06284 -0.00040 0.01020 0.02788 0.00004 0.02764 0.02252 -0.03252 -0.00460 -0.02772
169.0  -0.06452 -0.00040 0.01480 0.02948 0.00144 0.01584 0.03068 -0.03296 -0.00248 -0.01760
169.5  -0.06588 -0.00036 0.01920 0.03100 0.00172 0.00848 0.03212 -0.03340 0.00000 -0.01496
170.0  -0.06692 -0.00036 0.02336 0.03244 0.00128 0.00436 0.03148 -0.03364 0.00264 -0.01432
170.5  -0.06760 -0.00036 0.02724 0.03372 0.00028 0.00164 0.03016 -0.03368 0.00528 -0.01444
171.0  -0.06788 -0.00032 0.03084 0.03488 -0.00108 -0.00044 0.02864 -0.03340 0.00776 -0.01484
171.5  -0.06780 -0.00032 0.03412 0.03584 -0.00264 -0.00224 0.02708 -0.03292 0.01000 -0.01536
172.0  -0.06728 -0.00028 0.03712 0.03664 -0.00444 -0.00400 0.02556 -0.03220 0.01196 -0.01572
172.5  -0.06640 -0.00020 0.03968 0.03724 -0.00624 -0.00596 0.02416 -0.03120 0.01360 -0.01588
173.0  -0.06520 -0.00016 0.04196 0.03764 -0.00808 -0.00832 0.02276 -0.03012 0.01480 -0.01592
173.5  -0.06368 -0.00012 0.04392 0.03780 -0.00988 -0.01124 0.02112 -0.02904 0.01568 -0.01532
174.0  -0.06192 -0.00004 0.04548 0.03772 -0.01168 -0.01476 0.01880 -0.02796 0.01628 -0.01440
174.5  -0.05996 0.00004 0.04672 0.03748 -0.01344 -0.01844 0.01552 -0.02700 0.01664 -0.01272
175.0  -0.05784 0.00016 0.04752 0.03696 -0.01520 -0.02164 0.01164 -0.02616 0.01680 -0.01036
175.5  -0.05552 0.00024 0.04796 0.03620 -0.01708 -0.02400 0.00784 -0.02544 0.01680 -0.00716
176.0  -0.05312 0.00036 0.04804 0.03504 -0.01912 -0.02572 0.00464 -0.02488 0.01664 -0.00336
176.5  -0.05056 0.00040 0.04768 0.03340 -0.02160 -0.02708 0.00220 -0.02468 0.01628 0.00092
177.0  -0.04784 0.00044 0.04688 0.03056 -0.02496 -0.02832 0.00044 -0.02504 0.01540 0.00512
177.5  -0.04496 0.00048 0.04568 0.02364 -0.03108 -0.02944 -0.00096 -0.02664 0.01264 0.00892
178.0  -0.04192 0.00044 0.04404 0.00120 -0.03856 -0.03052 -0.00212 -0.02972 0.00280 0.01212
178.5  -0.03864 0.00040 0.04200 -0.01428 -0.03528 -0.03148 -0.00320 -0.02876 -0.01004 0.01484
179.0  -0.03512 0.00032 0.03960 -0.01972 -0.03188 -0.03228 -0.00428 -0.02772 -0.01440 0.01688
179.5  -0.03136 0.00024 0.03680 -0.02292 -0.02908 -0.03288 -0.00548 -0.02796 -0.01584 0.01832
180.0  -0.02736 0.00016 0.03368 -0.02532 -0.02644 -0.03328 -0.00676 -0.02876 -0.01632 0.01932
180.5  -0.02312 0.00008 0.03028 -0.02736 -0.02388 -0.03348 -0.00804 -0.02968 -0.01636 0.01980
181.0  -0.01864 -0.00000 0.02664 -0.02924 -0.02128 -0.03344 -0.00928 -0.03064 -0.01604 0.01972
181.5  -0.01392 -0.00008 0.02280 -0.03092 -0.01872 -0.03328 -0.01040 -0.03144 -0.01548 0.01908
182.0  -0.00908 -0.00016 0.01880 -0.03244 -0.01616 -0.03304 -0.01124 -0.03208 -0.01472 0.01788
182.5  -0.00408 -0.00024 0.01472 -0.03384 -0.01356 -0.03280 -0.01184 -0.03248 -0.01372 0.01604
183.0  0.00100 -0.00028 0.01056 -0.03508 -0.01100 -0.03264 -0.01200 -0.03264 -0.01252 0.01380
183.5  0.00608 -0.00028 0.00640 -0.03608 -0.00844 -0.03268 -0.01160 -0.03256 -0.01104 0.01108
184.0  0.01120 -0.00028 0.00228 -0.03684 -0.00596 -0.03304 -0.01044 -0.03216 -0.00932 0.00828
184.5  0.01624 -0.00024 -0.00180 -0.03744 -0.00360 -0.03376 -0.00828 -0.03136 -0.00740 0.00536
185.0  0.02124 -0.00020 -0.00576 -0.03780 -0.00144 -0.03472 -0.00516 -0.03004 -0.00532 0.00264
185.5  0.02612 -0.00008 -0.00960 -0.03800 0.00044 -0.03568 -0.00196 -0.02800 -0.00324 0.00008
186.0  0.03092 0.00000 -0.01316 -0.03808 0.00216 -0.03676 -0.00040 -0.02500 -0.00164 -0.00220
186.5  0.03560 0.00012 -0.01672 -0.03804 0.00348 -0.03792 -0.00904 -0.01912 -0.00140 -0.00424
187.0  0.04012 0.00020 -0.01992 -0.03800 0.00436 -0.03832 -0.01320 -0.01220 -0.00252 -0.00608
187.5  0.04452 0.00032 -0.02284 -0.03804 0.00428 -0.03708 -0.01432 -0.01112 -0.00328 -0.00764
188.0  0.04876 0.00044 -0.02548 -0.03820 0.00124 -0.03476 -0.01596 -0.01280 -0.00340 -0.00904
188.5  0.05288 0.00052 -0.02776 -0.03096 -0.02232 -0.03232 -0.01724 -0.01476 -0.00312 -0.01032
189.0  0.05680 0.00056 -0.02968 -0.01820 -0.03352 -0.03012 -0.01820 -0.01624 -0.00272 -0.01148
189.5  0.06052 0.00056 -0.03120 -0.01620 -0.03448 -0.02832 -0.01892 -0.01736 -0.00220 -0.01252
190.0  0.06404 0.00056 -0.03232 -0.01588 -0.03460 -0.02680 -0.01952 -0.01824 -0.00164 -0.01344
190.5  0.06728 0.00048 -0.03304 -0.01608 -0.03444 -0.02556 -0.02004 -0.01900 -0.00112 -0.01436
191.0  0.07012 0.00040 -0.03328 -0.01640 -0.03416 -0.02452 -0.02060 -0.01972 -0.00072 -0.01516
191.5  0.07256 0.00032 -0.03312 -0.01692 -0.03368 -0.02368 -0.02124 -0.02048 -0.00032 -0.01604
192.0  0.07456 0.00016 -0.03260 -0.01744 -0.03304 -0.02292 -0.02204 -0.02124 -0.00028 -0.01680
192.5  0.07596 0.00000 -0.03152 -0.01800 -0.03216 -0.02240 -0.02292 -0.02196 -0.00040 -0.01764
193.0  0.07680 -0.00016 -0.03020 -0.01860 -0.03104 -0.02196 -0.02396 -0.02264 -0.00068 -0.01856
193.5  0.07704 -0.00032 -0.02836 -0.01916 -0.02960 -0.02172 -0.02520 -0.02308 -0.00116 -0.01940
194.0  0.07668 -0.00044 -0.02632 -0.01976 -0.02784 -0.02152 -0.02680 -0.02324 -0.00184 -0.02044
194.5  0.07576 -0.00056 -0.02380 -0.02032 -0.02568 -0.02828 -0.02212 -0.02288 -0.00256 -0.02156
195.0  0.07432 -0.00068 -0.02104 -0.02080 -0.02312 -0.03032 -0.02272 -0.02180 -0.00332 -0.02280
195.5  0.07240 -0.00076 -0.01800 -0.02108 -0.02004 -0.03272 -0.02336 -0.01984 -0.00396 -0.02432
196.0  0.07008 -0.00080 -0.01472 -0.02124 -0.01636 -0.03548 -0.02352 -0.01728 -0.00436 -0.02612
196.5  0.06740 -0.00076 -0.01120 -0.02100 -0.01220 -0.03856 -0.02252 -0.01488 -0.00440 -0.02848
197.0  0.06448 -0.00072 -0.00756 -0.02008 -0.00756 -0.04160 -0.02044 -0.01308 -0.00400 -0.03152
197.5  0.06136 -0.00060 -0.00372 -0.01820 -0.00296 -0.04432 -0.01756 -0.01180 -0.00324 -0.03548
198.0  0.05804 -0.00052 0.00020 -0.01504 0.00056 -0.04672 -0.01448 -0.01036 -0.00244 -0.03984
198.5  0.05460 -0.00036 0.00420 -0.01124 0.00244 -0.04872 -0.01112 -0.00812 -0.00176 -0.04328
199.0  0.05108 -0.00020 0.00816 -0.00732 0.00276 -0.05048 -0.00456 -0.00644 -0.00124 -0.04476
199.5  0.04744 -0.00004 0.01216 -0.00356 0.00180 -0.04900 -0.01324 -0.00728 -0.00080 -0.04460
200.0  0.04372 0.00008 0.01600 -0.00004 0.00008 -0.03940 -0.03108 -0.01020 -0.00040 -0.04372
200.5  0.03996 0.00016 0.01972 0.00312 -0.00212 -0.03344 -0.03548 -0.01440 -0.00004 -0.04240
201.0  0.03612 0.00024 0.02328 0.00608 -0.00464 -0.03072 -0.03472 -0.01940 0.00020 -0.04072
201.5  0.03224 0.00024 0.02660 0.00876 -0.00724 -0.02920 -0.03148 -0.02440 0.00032 -0.03880
202.0  0.02828 0.00028 0.02960 0.01132 -0.00980 -0.02816 -0.02712 -0.02844 0.00032 -0.03652
202.5  0.02432 0.00028 0.03232 0.01368 -0.01212 -0.02740 -0.02280 -0.03096 0.00024 -0.03400
203.0  0.02036 0.00024 0.03468 0.01592 -0.01420 -0.02676 -0.01900 -0.03220 0.00008 -0.03112
203.5  0.01640 0.00020 0.03664 0.01812 -0.01588 -0.02648 -0.01576 -0.03264 -0.00012 -0.02784
204.0  0.01244 0.00012 0.03820 0.02028 -0.01712 -0.02652 -0.01272 -0.03264 -0.00020 -0.02428
204.5  0.00852 0.00008 0.03932 0.02236 -0.01784 -0.02708 -0.00936 -0.03228 -0.00012 -0.02056
205.0  0.00460 0.00000 0.04004 0.02452 -0.01804 -0.02836 -0.00488 -0.03140 0.00020 -0.01688
205.5  0.00064 -0.00004 0.04028 0.02676 -0.01752 -0.03036 0.00188 -0.02936 0.00088 -0.01360
206.0  -0.00332 -0.00008 0.04012 0.02900 -0.01640 -0.03280 0.01140 -0.02384 0.00188 -0.01064
206.5  -0.00736 -0.00012 0.03952 0.03112 -0.01496 -0.02792 -0.02888 -0.01264 0.00304 -0.00832
207.0  -0.01144 -0.00012 0.03848 0.03288 -0.01332 -0.03140 -0.02828 -0.00016 0.00364 -0.00640
207.5  -0.01564 -0.00008 0.03708 0.03424 -0.01208 -0.03292 -0.02412 0.01208 0.00224 -0.00480
208.0  -0.01988 -0.00008 0.03528 0.03524 -0.01140 -0.03320 -0.00576 0.02668 -0.00048 -0.00348
208.5  -0.02424 -0.00004 0.03304 0.03600 -0.01112 -0.03268 0.00716 0.02732 -0.00276 -0.00216
209.0  -0.02868 0.00000 0.03052 0.03656 -0.01124 -0.03172 0.01276 0.02668 -0.00436 -0.00104
209.5  -0.03316 0.00008 0.02764 0.03696 -0.01156 -0.03048 0.01660 0.02624 -0.00548 0.00012
210.0  -0.03768 0.00016 0.02448 0.03724 -0.01196 -0.02904 0.01948 0.02604 -0.00628 0.00128
210.5  -0.04216 0.00024 0.02108 0.03748 -0.01244 -0.02756 0.02180 0.02596 -0.00676 0.00252
211.0  -0.04656 0.00036 0.01740 0.03764 -0.01288 -0.02608 0.02360 0.02604 -0.00708 0.00384
211.5  -0.05080 0.00044 0.01352 0.03780 -0.01332 -0.02464 0.02512 0.02620 -0.00716 0.00536
212.0  -0.05484 0.00048 0.00948 0.03784 -0.01376 -0.02320 0.02632 0.02648 -0.00704 0.00708
212.5  -0.05864 0.00056 0.00532 0.03784 -0.01420 -0.02188 0.02724 0.02692 -0.00656 0.00908
213.0  -0.06204 0.00064 0.00104 0.03780 -0.01472 -0.02064 0.02792 0.02740 -0.00584 0.01152
213.5  -0.06508 0.00068 -0.00324 0.03760 -0.01540 -0.01964 0.02840 0.02792 -0.00480 0.01448
214.0  -0.06768 0.00068 -0.00768 0.03732 -0.01620 -0.01892 0.02860 0.02848 -0.00344 0.01832
214.5  -0.06980 0.00068 -0.01200 0.03684 -0.01724 -0.01864 0.02848 0.02900 -0.00168 0.02328
215.0  -0.07140 0.00068 -0.01644 0.03616 -0.01860 -0.01992 0.02736 0.02932 0.00040 0.02900
215.5  -0.07248 0.00064 -0.02076 0.03516 -0.02024 -0.03240 -0.00900 0.02944 0.00280 0.03364
216.0  -0.07304 0.00056 -0.02496 0.03372 -0.02256 -0.03012 -0.01452 0.02928 0.00540 0.03584
216.5  -0.07304 0.00048 -0.02900 0.03172 -0.02532 -0.02956 -0.01524 0.02880 0.00800 0.03620
217.0  -0.07252 0.00040 -0.03300 0.02876 -0.02864 -0.02920 -0.01544 0.02804 0.01052 0.03584
217.5  -0.07152 0.00032 -0.03676 0.02436 -0.03260 -0.02896 -0.01540 0.02712 0.01264 0.03504
218.0  -0.07000 0.00020 -0.04032 0.01796 -0.03680 -0.02876 -0.01508 0.02620 0.01436 0.03396
218.5  -0.06804 0.00008 -0.04364 0.00916 -0.04016 -0.02860 -0.01456 0.02532 0.01560 0.03252
219.0  -0.06564 -0.00004 -0.04664 -0.00076 -0.04160 -0.02848 -0.01368 0.02464 0.01640 0.03088
219.5  -0.06284 -0.00012 -0.04944 -0.01016 -0.04092 -0.02840 -0.01260 0.02412 0.01684 0.02892
220.0  -0.05968 -0.00024 -0.05188 -0.01796 -0.03880 -0.02832 -0.01128 0.02368 0.01700 0.02672
220.5  -0.05624 -0.00032 -0.05396 -0.02444 -0.03588 -0.02828 -0.00988 0.02336 0.01688 0.02436
221.0  -0.05248 -0.00040 -0.05568 -0.02988 -0.03252 -0.02832 -0.00852 0.02304 0.01644 0.02176
221.5  -0.04848 -0.00048 -0.05700 -0.03448 -0.02872 -0.02836 -0.00724 0.02284 0.01552 0.01896
222.0  -0.04428 -0.00052 -0.05788 -0.03832 -0.02468 -0.02848 -0.00640 0.02328 0.01340 0.01600
222.5  -0.03992 -0.00052 -0.05832 -0.04144 -0.02044 -0.02852 -0.00632 0.02516 0.00656 0.01288
223.0  -0.03548 -0.00052 -0.05836 -0.04380 -0.01628 -0.02820 -0.00820 0.02424 -0.00652 0.00972
223.5  -0.03096 -0.00048 -0.05792 -0.04548 -0.01236 -0.02616 -0.01312 0.02260 -0.00968 0.00640
224.0  -0.02648 -0.00040 -0.05708 -0.04660 -0.00880 -0.02284 -0.01512 0.02468 -0.00900 0.00316
224.5  -0.02204 -0.00028 -0.05576 -0.04720 -0.00596 -0.02148 -0.00624 0.02960 -0.00720 -0.00004
225.0  -0.01768 -0.00016 -0.05404 -0.04732 -0.00416 -0.02164 -0.00184 0.03056 -0.00512 -0.00320
225.5  -0.01340 -0.00004 -0.05188 -0.04712 -0.00420 -0.02156 -0.00576 0.03060 -0.00312 -0.00620
226.0  -0.00920 0.00008 -0.04928 -0.04620 -0.00820 -0.01940 -0.01240 0.03064 -0.00144 -0.00828
226.5  -0.00508 0.00020 -0.04628 -0.04184 -0.02000 -0.01672 -0.01704 0.03064 -0.00012 -0.00184
227.0  -0.00100 0.00028 -0.04292 -0.03284 -0.03172 -0.01484 -0.02000 0.03064 0.00088 -0.00292
227.5  0.00312 0.00032 -0.03912 -0.02764 -0.03524 -0.01356 -0.02236 0.03064 0.00172 -0.00276
228.0  0.00724 0.00032 -0.03500 -0.02560 -0.03556 -0.01280 -0.02448 0.03060 0.00244 -0.00240
228.5  0.01144 0.00032 -0.03052 -0.02472 -0.03472 -0.01252 -0.02640 0.03048 0.00304 -0.00200
229.0  0.01572 0.00028 -0.02580 -0.02436 -0.03348 -0.01260 -0.02824 0.03036 0.00360 -0.00152
229.5  0.02012 0.00020 -0.02072 -0.02412 -0.03188 -0.01324 -0.02992 0.03012 0.00424 -0.00100
230.0  0.02464 0.00012 -0.01540 -0.02392 -0.03012 -0.01440 -0.03128 0.02988 0.00488 -0.00040
230.5  0.02928 0.00000 -0.00984 -0.02372 -0.02832 -0.01616 -0.03228 0.02960 0.00572 0.00024
231.0  0.03396 -0.00012 -0.00404 -0.02344 -0.02644 -0.01856 -0.03268 0.02936 0.00664 0.00100
231.5  0.03868 -0.00020 0.00172 -0.02308 -0.02456 -0.02156 -0.03236 0.02912 0.00780 0.00184
232.0  0.04336 -0.00028 0.00772 -0.02268 -0.02264 -0.02496 -0.03112 0.02892 0.00928 0.00276
232.5  0.04796 -0.00036 0.01364 -0.02216 -0.02068 -0.02844 -0.02892 0.02884 0.01112 0.00376
233.0  0.05240 -0.00044 0.01952 -0.02156 -0.01868 -0.03172 -0.02580 0.02864 0.01336 0.00484
233.5  0.05664 -0.00048 0.02516 -0.02088 -0.01660 -0.03452 -0.02200 0.02816 0.01616 0.00592
234.0  0.06060 -0.00048 0.03088 -0.02004 -0.01452 -0.03668 -0.01792 0.02692 0.01956 0.00688
234.5  0.06432 -0.00048 0.03616 -0.01916 -0.01224 -0.03812 -0.01392 0.02456 0.02356 0.00788
235.0  0.06772 -0.00040 0.04144 -0.01832 -0.00928 -0.03892 -0.00984 0.01908 0.02896 0.00864
235.5  0.07076 -0.00032 0.04616 -0.01268 0.01304 -0.03920 -0.00556 -0.01172 0.03328 0.00924
236.0  0.07340 -0.00024 0.05076 -0.00776 0.01368 -0.03904 -0.00100 -0.02588 0.02456 0.00940
236.5  0.07564 -0.00012 0.05484 -0.00528 0.01188 -0.03836 0.00368 -0.02936 0.02060 0.00928
237.0  0.07748 -0.00000 0.05848 -0.00312 0.00968 -0.03712 0.00844 -0.03120 0.01756 0.00872
237.5  0.07880 0.00008 0.06164 -0.00108 0.00720 -0.03524 0.01324 -0.03224 0.01492 0.00776
238.0  0.07964 0.00012 0.06428 0.00092 0.00452 -0.03260 0.01796 -0.03276 0.01252 0.00628
238.5  0.08000 0.00020 0.06648 0.00280 0.00168 -0.02912 0.02240 -0.03304 0.01036 0.00440
239.0  0.07980 0.00020 0.06812 0.00448 -0.00136 -0.02480 0.02640 -0.03300 0.00840 0.00196
239.5  0.07908 0.00024 0.06916 0.00608 -0.00440 -0.01976 0.02964 -0.03284 0.00664 -0.00072
240.0  0.07788 0.00016 0.06964 0.00748 -0.00740 -0.01428 0.03196 -0.03264 0.00500 -0.00364
240.5  0.07612 0.00012 0.06952 0.00876 -0.01044 -0.00856 0.03332 -0.03240 0.00352 -0.00660
241.0  0.07392 0.00008 0.06884 0.00984 -0.01336 -0.00264 0.03372 -0.03220 0.00212 -0.00948
241.5  0.07124 -0.00004 0.06760 0.01072 -0.01620 0.00356 0.03312 -0.03208 0.00068 -0.01212
242.0  0.06816 -0.00008 0.06580 0.01156 -0.01884 0.01044 0.03120 -0.03200 -0.00068 -0.01440
242.5  0.06472 -0.00016 0.06344 0.01228 -0.02120 0.01832 0.02696 -0.03208 -0.00208 -0.01616
243.0  0.06096 -0.00024 0.06056 0.01312 -0.02332 0.02584 0.01956 -0.03216 -0.00344 -0.01748
243.5  0.05692 -0.00028 0.05732 0.01416 -0.02512 0.03048 0.01100 -0.03228 -0.00464 -0.01812
244.0  0.05268 -0.00032 0.05348 0.01544 -0.02648 0.03236 0.00392 -0.03240 -0.00568 -0.01816
244.5  0.04828 -0.00036 0.04940 0.01716 -0.02732 0.03300 -0.00164 -0.03248 -0.00612 -0.01748
245.0  0.04376 -0.00036 0.04492 0.01940 -0.02748 0.03340 -0.00684 -0.03224 -0.00548 -0.01628
245.5  0.03920 -0.00032 0.04028 0.02220 -0.02688 0.03388 -0.01292 -0.03088 -0.00188 -0.01476
246.0  0.03456 -0.00028 0.03544 0.02532 -0.02532 0.03500 -0.01868 -0.02696 0.00324 -0.01308
246.5  0.02996 -0.00020 0.03024 0.02848 -0.02300 0.03796 -0.01532 -0.02576 0.00196 -0.01144
247.0  0.02532 -0.00012 0.02520 0.03128 -0.02024 0.03828 -0.02580 -0.01532 -0.00028 -0.00992
247.5  0.02072 -0.00004 0.01996 0.03344 -0.01748 0.02096 -0.04272 0.01016 -0.00180 -0.00860
248.0  0.01612 0.00008 0.01456 0.03500 -0.01496 0.01900 -0.04052 0.01872 -0.00272 -0.00744
248.5  0.01156 0.00016 0.00948 0.03600 -0.01288 0.01840 -0.03916 0.02144 -0.00320 -0.00644
249.0  0.00700 0.00020 0.00408 0.03664 -0.01132 0.01796 -0.03828 0.02256 -0.00336 -0.00552
249.5  0.00248 0.00028 -0.00108 0.03696 -0.01028 0.01744 -0.03760 0.02300 -0.00332 -0.00472
250.0  -0.00204 0.00032 -0.00612 0.03700 -0.00976 0.01680 -0.03708 0.02320 -0.00316 -0.00392
250.5  -0.00656 0.00032 -0.01100 0.03692 -0.00976 0.01596 -0.03664 0.02320 -0.00280 -0.00312
251.0  -0.01104 0.00028 -0.01572 0.03664 -0.01036 0.01492 -0.03628 0.02308 -0.00248 -0.00232
251.5  -0.01552 0.00028 -0.02020 0.03620 -0.01140 0.01368 -0.03600 0.02284 -0.00204 -0.00140
252.0  -0.01996 0.00020 -0.02452 0.03564 -0.01300 0.01232 -0.03580 0.02256 -0.00172 -0.00052
252.5  -0.02440 0.00016 -0.02844 0.03484 -0.01508 0.01100 -0.03560 0.02220 -0.00144 0.00032
253.0  -0.02876 0.00012 -0.03212 0.03376 -0.01780 0.01040 -0.03528 0.02180 -0.00136 0.00108
253.5  -0.03304 0.00004 -0.03540 0.03212 -0.02112 -0.03600 -0.00560 0.02128 -0.00152 0.00144
254.0  -0.03720 0.00000 -0.03828 0.02948 -0.02536 -0.03632 0.00200 0.02056 -0.00204 0.00104
254.5  -0.04124 -0.00004 -0.04076 0.02460 -0.03076 -0.03656 0.00136 0.01928 -0.00288 -0.00196
255.0  -0.04512 -0.00008 -0.04280 0.01496 -0.03720 -0.03744 -0.01304 0.01092 -0.00324 -0.01216
255.5  -0.04884 -0.00012 -0.04444 0.00096 -0.04080 -0.03928 -0.00628 0.01052 -0.00060 -0.01548
256.0  -0.05240 -0.00016 -0.04564 -0.01044 -0.04028 -0.03620 0.01456 0.01284 0.00264 -0.01348
256.5  -0.05572 -0.00020 -0.04640 -0.01772 -0.03852 -0.02932 0.02492 0.01392 0.00496 -0.01052
257.0  -0.05880 -0.00024 -0.04680 -0.02280 -0.03660 -0.02604 0.01728 0.02620 0.00676 -0.00724
257.5  -0.06160 -0.00028 -0.04680 -0.02664 -0.03476 -0.02440 0.01784 0.02724 0.00824 -0.00372
258.0  -0.06412 -0.00032 -0.04648 -0.02976 -0.03292 -0.02344 0.01872 0.02736 0.00944 -0.00016
258.5  -0.06632 -0.00040 -0.04576 -0.03224 -0.03104 -0.02284 0.01964 0.02720 0.01032 0.00340
259.0  -0.06816 -0.00044 -0.04476 -0.03428 -0.02924 -0.02240 0.02064 0.02688 0.01100 0.00688
259.5  -0.06956 -0.00048 -0.04344 -0.03592 -0.02748 -0.02200 0.02176 0.02652 0.01140 0.01020
260.0  -0.07056 -0.00048 -0.04180 -0.03708 -0.02588 -0.02168 0.02292 0.02612 0.01140 0.01340
260.5  -0.07108 -0.00052 -0.03988 -0.03784 -0.02452 -0.02132 0.02416 0.02576 0.01108 0.01620
261.0  -0.07112 -0.00052 -0.03772 -0.03820 -0.02356 -0.02104 0.02540 0.02540 0.01040 0.01852
261.5  -0.07068 -0.00052 -0.03528 -0.03812 -0.02304 -0.02084 0.02664 0.02508 0.00924 0.02048
262.0  -0.06976 -0.00048 -0.03260 -0.03760 -0.02332 -0.02088 0.02764 0.02472 0.00768 0.02180
262.5  -0.06840 -0.00044 -0.02964 -0.03644 -0.02432 -0.02176 0.02808 0.02432 0.00572 0.02260
263.0  -0.06660 -0.00036 -0.02652 -0.03452 -0.02636 -0.02584 0.02548 0.02376 0.00368 0.02272
263.5  -0.06444 -0.00028 -0.02324 -0.03168 -0.02904 -0.03660 0.00476 0.02328 0.00196 0.02220
264.0  -0.06192 -0.00020 -0.01984 -0.02824 -0.03176 -0.03592 0.01184 0.02208 0.00096 0.02112
264.5  -0.05912 -0.00012 -0.01620 -0.02488 -0.03388 -0.02392 0.03684 -0.00164 0.00096 0.01972
265.0  -0.05612 -0.00008 -0.01256 -0.02204 -0.03512 -0.00428 0.04388 -0.00064 0.00148 0.01812
265.5  -0.05284 -0.00004 -0.00888 -0.02000 -0.03568 -0.00784 0.04344 0.00340 0.00192 0.01640
266.0  -0.04944 -0.00000 -0.00520 -0.01852 -0.03572 -0.00812 0.04276 0.00904 0.00204 0.01476
266.5  -0.04580 -0.00004 -0.00168 -0.01752 -0.03540 -0.00788 0.04128 0.01492 0.00192 0.01312
267.0  -0.04200 -0.00008 0.00188 -0.01684 -0.03484 -0.00772 0.03932 0.01988 0.00172 0.01172
267.5  -0.03800 -0.00012 0.00528 -0.01640 -0.03408 -0.00768 0.03744 0.02344 0.00160 0.01056
268.0  -0.03384 -0.00020 0.00856 -0.01604 -0.03316 -0.00780 0.03592 0.02584 0.00156 0.00964
268.5  -0.02948 -0.00032 0.01168 -0.01576 -0.03204 -0.00804 0.03464 0.02732 0.00164 0.00880
269.0  -0.02492 -0.00040 0.01452 -0.01548 -0.03084 -0.00840 0.03368 0.02824 0.00168 0.00832
269.5  -0.02020 -0.00048 0.01720 -0.01516 -0.02948 -0.00876 0.03292 0.02876 0.00176 0.00784
270.0  -0.01536 -0.00052 0.01952 -0.01480 -0.02792 -0.00920 0.03224 0.02912 0.00176 0.00748
270.5  -0.01036 -0.00060 0.02168 -0.01432 -0.02632 -0.00976 0.03164 0.02924 0.00172 0.00716
271.0  -0.00536 -0.00064 0.02348 -0.01380 -0.02460 -0.01088 0.03092 0.02928 0.00164 0.00676
271.5  -0.00032 -0.00064 0.02496 -0.01316 -0.02276 -0.01552 0.02864 0.02924 0.00148 0.00616
272.0  0.00472 -0.00064 0.02612 -0.01240 -0.02080 -0.03240 -0.00200 0.02920 0.00116 0.00540
272.5  0.00960 -0.00060 0.02688 -0.01152 -0.01876 -0.03192 -0.00624 0.02912 0.00072 0.00440
273.0  0.01440 -0.00056 0.02732 -0.01044 -0.01660 -0.03192 -0.00732 0.02904 -0.00004 0.00320
273.5  0.01904 -0.00048 0.02740 -0.00928 -0.01436 -0.03224 -0.00796 0.02884 -0.00128 0.00184
274.0  0.02344 -0.00044 0.02708 -0.00792 -0.01204 -0.03280 -0.00844 0.02852 -0.00316 0.00036
274.5  0.02764 -0.00036 0.02640 -0.00636 -0.00968 -0.03360 -0.00892 0.02784 -0.00580 -0.00100
275.0  0.03164 -0.00028 0.02536 -0.00440 -0.00732 -0.03448 -0.00928 0.02664 -0.00904 -0.00204
275.5  0.03536 -0.00016 0.02400 -0.00048 -0.00532 -0.03556 -0.00948 0.02500 -0.01200 -0.00300
276.0  0.03888 -0.00008 0.02228 0.00132 -0.00148 -0.03672 -0.00916 0.02364 -0.01380 -0.00412
276.5  0.04220 0.00000 0.02028 -0.00092 0.00116 -0.03796 -0.00768 0.02324 -0.01420 -0.00572
277.0  0.04528 0.00012 0.01804 -0.00336 0.00384 -0.03924 -0.00380 0.02384 -0.01308 -0.00776
277.5  0.04816 0.00020 0.01560 -0.00568 0.00664 -0.04060 0.00040 0.02456 -0.00964 -0.01000
278.0  0.05088 0.00028 0.01288 -0.00788 0.00956 -0.04180 -0.00032 0.02504 -0.00240 -0.01228
278.5  0.05336 0.00036 0.01000 -0.00996 0.01248 -0.04196 -0.00772 0.02384 0.00480 -0.01456
279.0  0.05568 0.00040 0.00692 -0.01184 0.01540 -0.03836 -0.01948 0.02268 0.00792 -0.01688
279.5  0.05776 0.00048 0.00380 -0.01348 0.01832 -0.03360 -0.02604 0.02332 0.00892 -0.01900
280.0  0.05964 0.00052 0.00060 -0.01500 0.02104 -0.03068 0.00280 0.03728 0.00892 -0.02096
280.5  0.06124 0.00056 -0.00280 -0.01632 0.02348 -0.02896 -0.01728 0.03460 0.00824 -0.02260
281.0  0.06260 0.00064 -0.00616 -0.01752 0.02564 -0.02764 -0.01932 0.03448 0.00700 -0.02380
281.5  0.06368 0.00064 -0.00952 -0.01860 0.02744 -0.02636 -0.02084 0.03444 0.00500 -0.02444
282.0  0.06444 0.00068 -0.01284 -0.01976 0.02880 -0.02476 -0.02252 0.03428 0.00248 -0.02404
282.5  0.06488 0.00072 -0.01612 -0.02120 0.02956 -0.02240 -0.02464 0.03380 -0.00016 -0.02132
283.0  0.06504 0.00076 -0.01912 -0.02316 0.02944 -0.01864 -0.02736 0.03308 -0.00252 -0.01272
283.5  0.06488 0.00080 -0.02220 -0.02648 0.02764 -0.01244 -0.03052 0.03220 -0.00420 -0.00240
284.0  0.06444 0.00080 -0.02496 -0.03240 0.02136 -0.00428 -0.03256 0.03124 -0.00536 0.00256
284.5  0.06380 0.00080 -0.02744 -0.03812 0.00872 0.00292 -0.03260 0.03028 -0.00612 0.00476
285.0  0.06292 0.00080 -0.02964 -0.03920 -0.00068 0.00776 -0.03172 0.02928 -0.00664 0.00588
285.5  0.06188 0.00084 -0.03156 -0.03880 -0.00492 0.01112 -0.03068 0.02828 -0.00712 0.00644
286.0  0.06068 0.00084 -0.03312 -0.03832 -0.00680 0.01364 -0.02968 0.02732 -0.00764 0.00672
286.5  0.05928 0.00084 -0.03428 -0.03788 -0.00756 0.01568 -0.02864 0.02628 -0.00824 0.00684
287.0  0.05776 0.00084 -0.03512 -0.03752 -0.00776 0.01748 -0.02760 0.02532 -0.00896 0.00696
287.5  0.05600 0.00084 -0.03552 -0.03720 -0.00764 0.01912 -0.02648 0.02440 -0.00980 0.00708
288.0  0.05400 0.00084 -0.03556 -0.03692 -0.00724 0.02072 -0.02520 0.02344 -0.01072 0.00736
288.5  0.05176 0.00080 -0.03524 -0.03672 -0.00668 0.02216 -0.02380 0.02260 -0.01160 0.00772
289.0  0.04916 0.00076 -0.03452 -0.03656 -0.00616 0.02356 -0.02216 0.02188 -0.01252 0.00820
289.5  0.04620 0.00076 -0.03332 -0.03640 -0.00568 0.02484 -0.02032 0.02124 -0.01332 0.00904
290.0  0.04288 0.00068 -0.03196 -0.03628 -0.00532 0.02600 -0.01832 0.02096 -0.01380 0.00988
290.5  0.03916 0.00060 -0.03012 -0.03628 -0.00532 0.02708 -0.01612 0.02116 -0.01384 0.01084
291.0  0.03508 0.00056 -0.02804 -0.03612 -0.00588 0.02804 -0.01372 0.02236 -0.01244 0.01164
291.5  0.03064 0.00052 -0.02556 -0.03588 -0.00736 0.02884 -0.01112 0.02472 -0.00808 0.01216
292.0  0.02592 0.00048 -0.02280 -0.03524 -0.01004 0.02948 -0.00828 0.02644 -0.00244 0.01232
292.5  0.02100 0.00048 -0.01976 -0.03392 -0.01388 0.03000 -0.00528 0.02720 0.00044 0.01208
293.0  0.01596 0.00044 -0.01648 -0.03204 -0.01776 0.03044 -0.00228 0.02780 0.00100 0.01152
293.5  0.01084 0.00044 -0.01292 -0.03044 -0.02036 0.03092 -0.00024 0.02824 0.00040 0.01056
294.0  0.00572 0.00040 -0.00916 -0.02964 -0.02148 0.03100 -0.00652 0.02844 -0.00072 0.00920
294.5  -0.00068 0.00040 -0.00524 -0.02964 -0.02136 0.02080 -0.02508 0.02852 -0.00212 0.00756
295.0  0.00428 0.00040 -0.00116 -0.03036 -0.02036 0.02020 -0.02676 0.02852 -0.00360 0.00548
295.5  0.00912 0.00040 0.00304 -0.03148 -0.01872 0.02204 -0.02636 0.02864 -0.00496 0.00324
296.0  0.01376 0.00036 0.00728 -0.03288 -0.01648 0.02424 -0.02524 0.02884 -0.00628 0.00088
296.5  0.01832 0.00032 0.01156 -0.03432 -0.01384 0.02652 -0.02344 0.02912 -0.00744 -0.00128
297.0  0.02268 0.00024 0.01584 -0.03580 -0.01088 0.02872 -0.02080 0.02948 -0.00852 -0.00284
297.5  0.02692 0.00020 0.02000 -0.03720 -0.00764 0.03084 -0.01716 0.02980 -0.00964 -0.00332
298.0  0.03096 0.00016 0.02408 -0.03852 -0.00432 0.03268 -0.01236 0.02992 -0.01080 -0.00260
298.5  0.03484 0.00008 0.02804 -0.03968 -0.00092 0.03408 -0.00688 0.02936 -0.01196 -0.00088
299.0  0.03848 0.00004 0.03180 -0.04068 0.00236 0.03484 -0.00148 0.02812 -0.01292 0.00136
299.5  0.04192 -0.00008 0.03528 -0.04152 0.00548 0.03492 0.00300 0.02724 -0.01208 0.00348
300.0  0.04508 -0.00012 0.03864 -0.04236 0.00820 0.03428 0.00644 0.02240 0.01792 0.00520
300.5  0.04796 -0.00020 0.04164 -0.04304 0.01044 0.03312 0.00904 0.01996 0.01940 0.00640
301.0  0.05048 -0.00024 0.04452 -0.04380 0.01188 0.03156 0.01092 0.02024 0.01840 0.00716
301.5  0.05260 -0.00032 0.04696 -0.04464 0.01200 0.02992 0.01216 0.02076 0.01744 0.00760
302.0  0.05436 -0.00036 0.04920 -0.04596 0.00872 0.02828 0.01300 0.02132 0.01676 0.00772
302.5  0.05568 -0.00036 0.05112 -0.04680 -0.00552 0.02680 0.01340 0.02192 0.01628 0.00768
303.0  0.05664 -0.00036 0.05268 -0.03880 -0.02668 0.02548 0.01368 0.02264 0.01600 0.00744
303.5  0.05720 -0.00036 0.05392 -0.03320 -0.03272 0.02444 0.01388 0.02340 0.01584 0.00720
304.0  0.05740 -0.00036 0.05484 -0.03080 -0.03388 0.02364 0.01412 0.02424 0.01576 0.00692
304.5  0.05728 -0.00032 0.05528 -0.02944 -0.03348 0.02316 0.01444 0.02512 0.01568 0.00668
305.0  0.05692 -0.00032 0.05544 -0.02832 -0.03240 0.02292 0.01492 0.02604 0.01552 0.00648
305.5  0.05640 -0.00028 0.05524 -0.02724 -0.03088 0.02292 0.01560 0.02692 0.01524 0.00624
306.0  0.05572 -0.00024 0.05456 -0.02620 -0.02904 0.02312 0.01640 0.02784 0.01484 0.00600
306.5  0.05496 -0.00020 0.05344 -0.02508 -0.02692 0.02360 0.01728 0.02864 0.01424 0.00572
307.0  0.05416 -0.00020 0.05192 -0.02388 -0.02464 0.02440 0.01812 0.02936 0.01348 0.00536
307.5  0.05332 -0.00020 0.04996 -0.02264 -0.02220 0.02572 0.01860 0.02992 0.01240 0.00496
308.0  0.05244 -0.00020 0.04756 -0.02128 -0.01980 0.02776 0.01832 0.03032 0.01104 0.00432
308.5  0.05148 -0.00024 0.04472 -0.01988 -0.01736 0.03084 0.01656 0.03040 0.00932 0.00376
309.0  0.05044 -0.00028 0.04148 -0.01848 -0.01500 0.03456 0.01300 0.03008 0.00728 0.00320
309.5  0.04920 -0.00032 0.03788 -0.01688 -0.01272 0.03796 0.00924 0.02912 0.00480 0.00288
310.0  0.04780 -0.00032 0.03396 -0.01528 -0.01064 0.04068 0.00704 0.02756 0.00208 0.00320
310.5  0.04612 -0.00032 0.02968 -0.01364 -0.00872 0.04280 0.00616 0.02568 -0.00056 0.00492
311.0  0.04416 -0.00036 0.02512 -0.01192 -0.00692 0.04428 -0.00512 0.02428 -0.00248 0.00960
311.5  0.04180 -0.00036 0.02040 -0.01024 -0.00528 0.04496 -0.00308 0.02416 -0.00224 0.01660
312.0  0.03908 -0.00036 0.01536 -0.00848 -0.00380 0.04508 0.00012 0.02480 0.00188 0.02232
312.5  0.03600 -0.00036 0.01020 -0.00668 -0.00268 0.04480 0.00520 0.02440 0.00652 0.02628
313.0  0.03256 -0.00036 0.00492 -0.00488 -0.00216 0.04428 0.01296 0.02180 0.00852 0.02936
313.5  0.02876 -0.00036 -0.00048 -0.00304 -0.00240 0.04376 0.01916 0.01756 0.00892 0.03180
314.0  0.02472 -0.00036 -0.00592 -0.00136 -0.00332 0.04344 0.02176 0.01492 0.00860 0.03380
314.5  0.02040 -0.00036 -0.01136 0.00028 -0.00456 0.04348 0.02212 0.01376 0.00792 0.03548
315.0  0.01592 -0.00044 -0.01676 0.00192 -0.00596 0.04428 0.02028 0.01332 0.00696 0.03668
315.5  0.01128 -0.00048 -0.02208 0.00364 -0.00744 0.04620 0.01440 0.01336 0.00592 0.03772
316.0  0.00652 -0.00052 -0.02736 0.00536 -0.00888 0.04792 0.00208 0.01368 0.00484 0.03824
316.5  0.00164 -0.00056 -0.03244 0.00720 -0.01020 0.04632 -0.00992 0.01432 0.00376 0.03848
317.0  -0.00328 -0.00064 -0.03732 0.00912 -0.01144 0.04404 -0.01500 0.01544 0.00272 0.03832
317.5  -0.00824 -0.00068 -0.04196 0.01108 -0.01240 0.04264 -0.01560 0.01732 0.00172 0.03776
318.0  -0.01324 -0.00068 -0.04640 0.01328 -0.01312 0.04168 -0.01228 0.02048 0.00092 0.03672
318.5  -0.01820 -0.00068 -0.05044 0.01568 -0.01352 0.04096 -0.00408 0.02376 0.00028 0.03492
319.0  -0.02316 -0.00064 -0.05432 0.01808 -0.01344 0.04016 0.00380 0.02408 0.00016 0.03164
319.5  -0.02804 -0.00056 -0.05768 0.02060 -0.01288 0.03920 0.00764 0.02368 0.00100 0.02444
320.0  -0.03280 -0.00048 -0.06068 0.02332 -0.01176 0.03804 0.00848 0.02408 0.00336 0.01016
320.5  -0.03736 -0.00040 -0.06336 0.02584 -0.01016 0.03672 0.00612 0.02544 0.00572 -0.00132
321.0  -0.04168 -0.00028 -0.06560 0.02812 -0.00828 0.03540 0.00204 0.02692 0.00640 -0.00684
321.5  -0.04568 -0.00020 -0.06724 0.03004 -0.00628 0.03408 -0.00164 0.02796 0.00596 -0.01028
322.0  -0.04936 -0.00012 -0.06856 0.03172 -0.00448 0.03288 -0.00456 0.02864 0.00492 -0.01244
322.5  -0.05264 -0.00004 -0.06928 0.03308 -0.00300 0.03168 -0.00764 0.02904 0.00372 -0.01420
323.0  -0.05548 0.00004 -0.06956 0.03424 -0.00196 0.02992 -0.01180 0.02920 0.00252 -0.01548
323.5  -0.05792 0.00008 -0.06932 0.03520 -0.00140 0.02640 -0.01792 0.02920 0.00136 -0.01648
324.0  -0.05992 0.00016 -0.06860 0.03600 -0.00136 0.02076 -0.02412 0.02912 0.00040 -0.01708
324.5  -0.06152 0.00016 -0.06728 0.03668 -0.00188 0.01604 -0.02748 0.02896 -0.00032 -0.01744
325.0  -0.06272 0.00020 -0.06556 0.03728 -0.00288 0.01352 -0.02892 0.02880 -0.00080 -0.01732
325.5  -0.06356 0.00024 -0.06324 0.03772 -0.00444 0.01252 -0.02956 0.02864 -0.00112 -0.01692
326.0  -0.06412 0.00028 -0.06044 0.03804 -0.00648 0.01224 -0.02984 0.02852 -0.00128 -0.01584
326.5  -0.06440 0.00032 -0.05712 0.03824 -0.00896 0.01244 -0.03000 0.02836 -0.00136 -0.01428
327.0  -0.06448 0.00036 -0.05340 0.03824 -0.01180 0.01284 -0.03008 0.02812 -0.00144 -0.01204
327.5  -0.06432 0.00040 -0.04916 0.03800 -0.01500 0.01320 -0.03020 0.02788 -0.00144 -0.00888
328.0  -0.06404 0.00044 -0.04456 0.03744 -0.01852 0.01328 -0.03044 0.02748 -0.00148 -0.00492
328.5  -0.06364 0.00048 -0.03964 0.03644 -0.02240 0.01260 -0.03112 0.02692 -0.00144 -0.00016
329.0  -0.06308 0.00056 -0.03432 0.03456 -0.02680 0.00804 -0.03312 0.02612 -0.00136 0.00512
329.5  -0.06240 0.00060 -0.02884 0.03072 -0.03236 -0.01476 -0.03148 0.02500 -0.00120 0.01028
330.0  -0.06160 0.00068 -0.02304 0.01964 -0.04092 -0.02416 -0.02640 0.02340 -0.00088 0.01516
330.5  -0.06060 0.00076 -0.01724 -0.00720 -0.04544 -0.02644 -0.02624 0.02088 -0.00040 0.01936
331.0  -0.05944 0.00080 -0.01124 -0.02148 -0.04116 -0.02788 -0.02792 0.01636 0.00044 0.02288
331.5  -0.05808 0.00084 -0.00524 -0.02728 -0.03780 -0.02948 -0.03004 0.00744 0.00188 0.02588
332.0  -0.05648 0.00088 0.00072 -0.03064 -0.03500 -0.03188 -0.02804 -0.00480 0.00412 0.02832
332.5  -0.05464 0.00088 0.00656 -0.03296 -0.03240 -0.03568 -0.01984 -0.01208 0.00708 0.03012
333.0  -0.05252 0.00092 0.01216 -0.03464 -0.02980 -0.03896 -0.00600 -0.01500 0.01024 0.03152
333.5  -0.05020 0.00088 0.01764 -0.03584 -0.02712 -0.03792 0.00576 -0.01664 0.01288 0.03228
334.0  -0.04760 0.00088 0.02296 -0.03684 -0.02432 -0.03556 0.00884 -0.01944 0.01476 0.03252
334.5  -0.04476 0.00084 0.02784 -0.03756 -0.02144 -0.03360 -0.00832 -0.02252 0.01596 0.03232
335.0  -0.04164 0.00076 0.03248 -0.03812 -0.01844 -0.03196 0.01328 -0.02244 0.01656 0.03164
335.5  -0.03832 0.00072 0.03668 -0.03864 -0.01536 -0.03044 0.01484 -0.02368 0.01656 0.03052
336.0  -0.03476 0.00068 0.04056 -0.03900 -0.01232 -0.02896 0.01604 -0.02508 0.01596 0.02896
336.5  -0.03092 0.00064 0.04400 -0.03932 -0.00932 -0.02732 0.01724 -0.02648 0.01484 0.02696
337.0  -0.02684 0.00060 0.04704 -0.03956 -0.00644 -0.02552 0.01856 -0.02788 0.01312 0.02460
337.5  -0.02252 0.00060 0.04960 -0.03972 -0.00360 -0.02356 0.02004 -0.02908 0.01096 0.02172
338.0  -0.01792 0.00056 0.05172 -0.03980 -0.00100 -0.02132 0.02168 -0.03004 0.00844 0.01808
338.5  -0.01308 0.00048 0.05340 -0.03976 0.00136 -0.01868 0.02340 -0.03072 0.00572 0.01352
339.0  -0.00804 0.00044 0.05464 -0.03968 0.00348 -0.01544 0.02524 -0.03112 0.00296 0.00888
339.5  -0.00280 0.00036 0.05540 -0.03952 0.00512 -0.01112 0.02708 -0.03120 0.00032 0.00512
340.0  0.00256 0.00032 0.05572 -0.03936 0.00612 -0.00548 0.02860 -0.03104 -0.00220 0.00236
340.5  0.00800 0.00028 0.05564 -0.03928 0.00592 0.00156 0.02900 -0.03068 -0.00452 0.00012
341.0  0.01340 0.00024 0.05516 -0.03948 0.00272 0.00872 0.02776 -0.03020 -0.00664 -0.00188
341.5  0.01868 0.00024 0.05428 -0.03812 -0.00936 0.01448 0.02544 -0.02960 -0.00860 -0.00376
342.0  0.02380 0.00024 0.05300 -0.03004 -0.02456 0.01864 0.02296 -0.02896 -0.01044 -0.00556
342.5  0.02864 0.00032 0.05140 -0.02524 -0.02864 0.02176 0.02072 -0.02820 -0.01216 -0.00732
343.0  0.03316 0.00040 0.04944 -0.02328 -0.02924 0.02428 0.01876 -0.02748 -0.01368 -0.00908
343.5  0.03732 0.00052 0.04716 -0.02224 -0.02884 0.02648 0.01696 -0.02680 -0.01504 -0.01072
344.0  0.04104 0.00064 0.04460 -0.02144 -0.02788 0.02856 0.01520 -0.02636 -0.01596 -0.01236
344.5  0.04436 0.00072 0.04172 -0.02076 -0.02656 0.03048 0.01324 -0.02668 -0.01580 -0.01384
345.0  0.04724 0.00084 0.03860 -0.02012 -0.02492 0.03232 0.01088 -0.02936 -0.01112 -0.01520
345.5  0.04976 0.00092 0.03528 -0.01932 -0.02308 0.03396 0.00872 -0.03088 0.00760 -0.01640
346.0  0.05188 0.00096 0.03172 -0.01848 -0.02096 0.03504 0.00720 -0.02916 0.01408 -0.01752
346.5  0.05368 0.00096 0.02800 -0.01752 -0.01856 0.03544 -0.02496 -0.01796 0.01476 -0.01852
347.0  0.05516 0.00092 0.02416 -0.01660 -0.01592 0.03496 -0.02688 -0.01880 0.01436 -0.01940
347.5  0.05640 0.00084 0.02020 -0.01576 -0.01288 0.03388 -0.02732 -0.02244 0.01352 -0.02036
348.0  0.05740 0.00072 0.01616 -0.01516 -0.00912 0.03232 -0.02772 -0.02604 0.01244 -0.02128
348.5  0.05816 0.00064 0.01208 -0.01456 -0.00332 0.03036 -0.02840 -0.02920 0.01124 -0.02228
349.0  0.05872 0.00052 0.00800 -0.01200 0.00228 0.02756 -0.02980 -0.03188 0.00980 -0.02340
349.5  0.05908 0.00040 0.00396 -0.00876 0.00364 0.02264 -0.03260 -0.03400 0.00836 -0.02484
350.0  0.05924 0.00024 -0.00008 -0.00604 0.00308 0.01384 -0.03640 -0.03568 0.00688 -0.02656
350.5  0.05916 0.00012 -0.00400 -0.00380 0.00180 0.00452 -0.03804 -0.03684 0.00540 -0.02856
351.0  0.05884 0.00000 -0.00772 -0.00180 0.00020 -0.00048 -0.03796 -0.03764 0.00388 -0.03048
351.5  0.05832 -0.00008 -0.01148 -0.00008 -0.00152 -0.00244 -0.03776 -0.03792 0.00224 -0.03152
352.0  0.05756 -0.00016 -0.01488 0.00152 -0.00340 -0.00304 -0.03776 -0.03772 0.00056 -0.03132
352.5  0.05652 -0.00024 -0.01820 0.00288 -0.00536 -0.00312 -0.03796 -0.03708 -0.00124 -0.03028
353.0  0.05528 -0.00032 -0.02132 0.00404 -0.00740 -0.00312 -0.03832 -0.03588 -0.00312 -0.02876
353.5  0.05380 -0.00032 -0.02404 0.00496 -0.00952 -0.00340 -0.03876 -0.03424 -0.00508 -0.02716
354.0  0.05212 -0.00040 -0.02660 0.00576 -0.01172 -0.00440 -0.03916 -0.03200 -0.00692 -0.02520
354.5  0.05028 -0.00040 -0.02872 0.00636 -0.01396 -0.00664 -0.03940 -0.02932 -0.00868 -0.02324
355.0  0.04820 -0.00044 -0.03056 0.00680 -0.01616 -0.01068 -0.03900 -0.02620 -0.01024 -0.02084
355.5  0.04600 -0.00044 -0.03192 0.00712 -0.01844 -0.01652 -0.03728 -0.02280 -0.01160 -0.01844
356.0  0.04356 -0.00048 -0.03300 0.00744 -0.02064 -0.02244 -0.03436 -0.01912 -0.01256 -0.01564
356.5  0.04100 -0.00052 -0.03360 0.00772 -0.02284 -0.02652 -0.03140 -0.01528 -0.01324 -0.01276
357.0  0.03820 -0.00048 -0.03380 0.00812 -0.02484 -0.02900 -0.02936 -0.01092 -0.01360 -0.00968
357.5  0.03524 -0.00048 -0.03356 0.00884 -0.02672 -0.03032 -0.02816 -0.00508 -0.01360 -0.00660
358.0  0.03204 -0.00048 -0.03288 0.01000 -0.02820 -0.03112 -0.02600 0.00648 -0.01308 -0.00336
358.5  0.02864 -0.00048 -0.03180 0.01208 -0.02924 -0.03152 -0.01752 0.01916 -0.01168 -0.00024
359.0  0.02500 -0.00044 -0.03036 0.01568 -0.02916 -0.03172 -0.01208 0.02344 -0.00836 0.00292
359.5  0.02112 -0.00040 -0.02856 0.02140 -0.02692 -0.03156 -0.01024 0.02540 -0.00268 0.00580
360.0  0.01704 -0.00032 -0.02640 0.02784 -0.02196 -0.03108 -0.01112 0.02564 0.00204 0.00852
360.5  0.01272 -0.00028 -0.02396 0.03200 -0.01704 -0.03024 -0.01372 0.02528 0.00396 0.01080
361.0  0.00820 -0.00024 -0.02128 0.03404 -0.01412 -0.02908 -0.01664 0.02516 0.00420 0.01228
361.5  0.00356 -0.00020 -0.01836 0.03496 -0.01292 -0.02752 -0.01952 0.02544 0.00368 0.01300
362.0  -0.00120 -0.00020 -0.01524 0.03524 -0.01280 -0.02544 -0.02244 0.02588 0.00280 0.01228
362.5  -0.00604 -0.00020 -0.01196 0.03508 -0.01360 -0.02280 -0.02544 0.02628 0.00176 0.00984
363.0  -0.01084 -0.00020 -0.00860 0.03464 -0.01488 -0.01976 -0.02824 0.02652 0.00068 0.00584
363.5  -0.01564 -0.00024 -0.00512 0.03384 -0.01664 -0.01668 -0.03060 0.02656 -0.00040 0.00096
364.0  -0.02032 -0.00028 -0.00160 0.03280 -0.01872 -0.01392 -0.03236 0.02648 -0.00148 -0.00400
364.5  -0.02488 -0.00036 0.00192 0.03152 -0.02100 -0.01156 -0.03364 0.02616 -0.00260 -0.00872
365.0  -0.02928 -0.00040 0.00536 0.03012 -0.02336 -0.00960 -0.03452 0.02564 -0.00372 -0.01320
365.5  -0.03348 -0.00048 0.00888 0.02848 -0.02568 -0.00796 -0.03524 0.02496 -0.00488 -0.01752
366.0  -0.03756 -0.00052 0.01228 0.02668 -0.02788 -0.00660 -0.03576 0.02396 -0.00600 -0.02184
366.5  -0.04144 -0.00056 0.01560 0.02476 -0.02992 -0.00552 -0.03628 0.02264 -0.00712 -0.02644
367.0  -0.04512 -0.00060 0.01876 0.02264 -0.03172 -0.00460 -0.03688 0.02088 -0.00816 -0.03124
367.5  -0.04860 -0.00064 0.02172 0.02032 -0.03332 -0.00416 -0.03768 0.01832 -0.00892 -0.03600
368.0  -0.05184 -0.00068 0.02448 0.01772 -0.03460 -0.00680 -0.03852 0.01448 -0.00920 -0.03936
368.5  -0.05488 -0.00068 0.02700 0.01472 -0.03568 0.04076 -0.00180 0.00800 -0.00860 -0.04020
369.0  -0.05764 -0.00068 0.02924 0.01116 -0.03644 0.04008 -0.01084 0.00328 -0.00700 -0.03912
369.5  -0.06012 -0.00068 0.03116 0.00680 -0.03684 0.02944 -0.02920 0.00532 -0.00500 -0.03688
370.0  -0.06224 -0.00068 0.03272 0.00136 -0.03664 0.01928 -0.03612 0.00884 -0.00364 -0.03436
370.5  -0.06400 -0.00068 0.03396 -0.00532 -0.03532 0.01144 -0.03848 0.01224 -0.00304 -0.03160
371.0  -0.06536 -0.00064 0.03480 -0.01288 -0.03232 0.00444 -0.03912 0.01480 -0.00288 -0.02884
371.5  -0.06632 -0.00060 0.03524 -0.02000 -0.02728 -0.00168 -0.03868 0.01668 -0.00288 -0.02616
372.0  -0.06684 -0.00056 0.03528 -0.02528 -0.02116 -0.00648 -0.03760 0.01804 -0.00288 -0.02348
372.5  -0.06692 -0.00052 0.03492 -0.02860 -0.01500 -0.00988 -0.03640 0.01896 -0.00288 -0.02080
373.0  -0.06664 -0.00048 0.03420 -0.03040 -0.00944 -0.01212 -0.03532 0.01960 -0.00276 -0.01812
373.5  -0.06596 -0.00044 0.03304 -0.03136 -0.00452 -0.01352 -0.03444 0.01996 -0.00264 -0.01540
374.0  -0.06500 -0.00040 0.03152 -0.03176 -0.00016 -0.01424 -0.03388 0.02004 -0.00236 -0.01252
374.5  -0.06376 -0.00036 0.02952 -0.03184 0.00372 -0.01452 -0.03360 0.01996 -0.00200 -0.00944
375.0  -0.06224 -0.00036 0.02728 -0.03180 0.00712 -0.01452 -0.03360 0.01956 -0.00152 -0.00624
375.5  -0.06056 -0.00036 0.02460 -0.03168 0.01020 -0.01440 -0.03396 0.01880 -0.00088 -0.00288
376.0  -0.05864 -0.00036 0.02152 -0.03152 0.01304 -0.01420 -0.03472 0.01736 -0.00016 0.00056
376.5  -0.05656 -0.00040 0.01808 -0.03116 0.01576 -0.01424 -0.03616 0.01444 0.00080 0.00404
377.0  -0.05424 -0.00040 0.01424 -0.03060 0.01840 -0.01476 -0.03828 0.00744 0.00208 0.00752
377.5  -0.05172 -0.00044 0.01020 -0.02944 0.02136 -0.01660 -0.03800 -0.00668 0.00396 0.01096
378.0  -0.04896 -0.00044 0.00592 -0.02692 0.02512 -0.03512 -0.01840 -0.01456 0.00696 0.01424
378.5  -0.04600 -0.00048 0.00140 -0.02036 0.03092 -0.03176 -0.02804 -0.00024 0.01036 0.01736
379.0  -0.04276 -0.00048 -0.00324 -0.00456 0.03668 -0.03004 -0.02664 0.01520 0.01176 0.01992
379.5  -0.03928 -0.00044 -0.00796 0.00756 0.03584 -0.02876 -0.02592 0.02136 0.01072 0.02204
380.0  -0.03560 -0.00040 -0.01268 0.01240 0.03372 -0.02764 -0.02644 0.02484 0.00900 0.02352
380.5  -0.03168 -0.00032 -0.01744 0.01452 0.03168 -0.02648 -0.02772 0.02704 0.00744 0.02412
381.0  -0.02760 -0.00024 -0.02200 0.01540 0.02968 -0.02536 -0.02924 0.02852 0.00616 0.02376
381.5  -0.02336 -0.00012 -0.02660 0.01552 0.02756 -0.02428 -0.03080 0.02960 0.00512 0.02240
382.0  -0.01904 0.00000 -0.03088 0.01520 0.02528 -0.02344 -0.03224 0.03044 0.00416 0.02000
382.5  -0.01468 0.00016 -0.03500 0.01452 0.02284 -0.02284 -0.03348 0.03104 0.00320 0.01692
383.0  -0.01032 0.00028 -0.03880 0.01352 0.02028 -0.02272 -0.03432 0.03148 0.00228 0.01320
383.5  -0.00604 0.00040 -0.04228 0.01228 0.01756 -0.02364 -0.03448 0.03172 0.00136 0.00912
384.0  -0.00180 0.00052 -0.04556 0.01088 0.01468 -0.03040 -0.02952 0.03184 0.00040 0.00484
384.5  0.00228 0.00064 -0.04840 0.00932 0.01164 -0.04128 0.01136 0.03184 -0.00056 0.00028
385.0  0.00628 0.00072 -0.05084 0.00772 0.00860 -0.04004 0.01576 0.03164 -0.00164 -0.00432
385.5  0.01020 0.00080 -0.05296 0.00612 0.00568 -0.03980 0.01648 0.03136 -0.00272 -0.00924
386.0  0.01400 0.00084 -0.05456 0.00472 0.00284 -0.03968 0.01640 0.03088 -0.00388 -0.01384
386.5  0.01772 0.00084 -0.05584 0.00356 0.00028 -0.03956 0.01588 0.03032 -0.00512 -0.01792
387.0  0.02136 0.00080 -0.05660 0.00296 -0.00200 -0.03948 0.01496 0.02964 -0.00648 -0.02116
387.5  0.02500 0.00072 -0.05692 0.00308 -0.00396 -0.03952 0.01324 0.02888 -0.00784 -0.02328
388.0  0.02856 0.00068 -0.05672 0.00380 -0.00556 -0.03988 0.00528 0.02952 -0.00896 -0.02412
388.5  0.03208 0.00060 -0.05608 0.00460 -0.00700 -0.04056 -0.01336 0.02500 -0.00804 -0.02396
389.0  0.03556 0.00052 -0.05496 0.00524 -0.00840 -0.04048 -0.01064 0.02672 -0.00080 -0.02296
389.5  0.03892 0.00040 -0.05336 0.00572 -0.00976 -0.03760 -0.01276 0.02892 0.00432 -0.02124
390.0  0.04220 0.00028 -0.05128 0.00604 -0.01116 -0.03292 -0.02104 0.02920 0.00540 -0.01896
390.5  0.04536 0.00020 -0.04880 0.00616 -0.01256 -0.02768 -0.02688 0.02956 0.00528 -0.01636
391.0  0.04832 0.00016 -0.04580 0.00628 -0.01404 -0.02208 -0.03116 0.03004 0.00480 -0.01344
391.5  0.05104 0.00012 -0.04248 0.00628 -0.01556 -0.01628 -0.03420 0.03048 0.00416 -0.01048
392.0  0.05352 0.00012 -0.03880 0.00628 -0.01716 -0.01068 -0.03600 0.03096 0.00340 -0.00744
392.5  0.05572 0.00012 -0.03476 0.00616 -0.01880 -0.00564 -0.03676 0.03148 0.00252 -0.00444
393.0  0.05756 0.00016 -0.03044 0.00600 -0.02044 -0.00128 -0.03672 0.03200 0.00160 -0.00152
393.5  0.05912 0.00028 -0.02584 0.00576 -0.02220 0.00240 -0.03612 0.03256 0.00060 0.00140
394.0  0.06032 0.00036 -0.02104 0.00540 -0.02392 0.00540 -0.03516 0.03316 -0.00052 0.00424
394.5  0.06120 0.00048 -0.01604 0.00488 -0.02568 0.00784 -0.03396 0.03368 -0.00176 0.00708
395.0  0.06176 0.00060 -0.01088 0.00420 -0.02732 0.00988 -0.03264 0.03420 -0.00308 0.00992
395.5  0.06204 0.00072 -0.00556 0.00332 -0.02888 0.01156 -0.03124 0.03468 -0.00444 0.01260
396.0  0.06204 0.00080 -0.00020 0.00216 -0.03032 0.01300 -0.02980 0.03504 -0.00588 0.01488
396.5  0.06180 0.00092 0.00524 0.00064 -0.03156 0.01432 -0.02840 0.03528 -0.00740 0.01544
397.0  0.06120 0.00096 0.01064 -0.00140 -0.03256 0.01560 -0.02704 0.03536 -0.00900 0.01248
397.5  0.06032 0.00104 0.01604 -0.00432 -0.03316 0.01684 -0.02572 0.03528 -0.01060 0.00944
398.0  0.05912 0.00104 0.02132 -0.00920 -0.03292 0.01820 -0.02452 0.03488 -0.01228 0.00772
398.5  0.05748 0.00104 0.02652 -0.01948 -0.02880 0.01956 -0.02344 0.03424 -0.01396 0.00668
399.0  0.05552 0.00100 0.03148 -0.03244 -0.01396 0.02108 -0.02252 0.03324 -0.01568 0.00584
399.5  0.05308 0.00096 0.03632 -0.03548 -0.00360 0.02260 -0.02176 0.03184 -0.01736 0.00504
400.0  0.05024 0.00088 0.04084 -0.03600 0.00196 0.02424 -0.02112 0.03000 -0.01904 0.00420
400.5  0.04700 0.00080 0.04512 -0.03592 0.00596 0.02596 -0.02056 0.02780 -0.02052 0.00324
401.0  0.04336 0.00072 0.04896 -0.03552 0.00952 0.02772 -0.02004 0.02552 -0.02148 0.00224
401.5  0.03940 0.00060 0.05272 -0.03484 0.01284 0.02948 -0.01944 0.02376 -0.02156 0.00120
402.0  0.03512 0.00048 0.05592 -0.03388 0.01612 0.03124 -0.01812 0.02352 -0.02016 0.00016
402.5  0.03060 0.00036 0.05888 -0.03260 0.01932 0.03304 -0.01440 0.02608 -0.01652 -0.00080
403.0  0.02596 0.00028 0.06144 -0.03092 0.02256 0.03476 -0.00896 0.02920 -0.00944 -0.00168
403.5  0.02120 0.00016 0.06356 -0.02880 0.02592 0.03632 -0.00892 0.02840 -0.00136 -0.00232
404.0  0.01644 0.00008 0.06536 -0.02584 0.02932 0.03536 -0.01904 0.02372 0.00344 -0.00284
404.5  0.01168 -0.00000 0.06668 -0.02164 0.03292 0.02312 -0.03796 0.01264 0.00540 -0.00316
405.0  0.00704 -0.00008 0.06744 -0.01544 0.03652 0.01436 -0.04244 -0.00992 0.00584 -0.00336
405.5  0.00248 -0.00016 0.06792 -0.00664 0.03928 0.01028 -0.03796 -0.02320 0.00548 -0.00336
406.0  -0.00196 -0.00020 0.06784 0.00340 0.03984 0.00752 -0.03496 -0.02808 0.00468 -0.00324
406.5  -0.00632 -0.00028 0.06716 0.01172 0.03832 0.00496 -0.03328 -0.03028 0.00360 -0.00296
407.0  -0.01056 -0.00032 0.06596 0.01756 0.03604 0.00208 -0.03232 -0.03140 0.00240 -0.00264
407.5  -0.01476 -0.00036 0.06432 0.02156 0.03376 -0.00148 -0.03156 -0.03192 0.00112 -0.00260
408.0  -0.01888 -0.00040 0.06212 0.02440 0.03160 -0.00584 -0.03060 -0.03208 -0.00012 -0.00396
408.5  -0.02296 -0.00040 0.05936 0.02664 0.02968 -0.01076 -0.02908 -0.03196 -0.00140 -0.00304
409.0  -0.02700 -0.00040 0.05608 0.02848 0.02784 -0.01552 -0.02692 -0.03168 -0.00256 0.00060
409.5  -0.03096 -0.00040 0.05248 0.03004 0.02604 -0.01940 -0.02452 -0.03124 -0.00368 0.00428
410.0  -0.03480 -0.00032 0.04808 0.03148 0.02424 -0.02236 -0.02220 -0.03068 -0.00476 0.00788
410.5  -0.03856 -0.00028 0.04344 0.03280 0.02248 -0.02476 -0.02000 -0.03000 -0.00568 0.01124
411.0  -0.04216 -0.00020 0.03840 0.03400 0.02076 -0.02672 -0.01784 -0.02936 -0.00656 0.01436
411.5  -0.04560 -0.00016 0.03308 0.03504 0.01912 -0.02840 -0.01556 -0.02864 -0.00736 0.01720
412.0  -0.04880 -0.00012 0.02748 0.03592 0.01772 -0.02984 -0.01308 -0.02792 -0.00812 0.01972
412.5  -0.05176 -0.00008 0.02168 0.03656 0.01672 -0.03112 -0.01024 -0.02720 -0.00872 0.02184
413.0  -0.05444 -0.00008 0.01576 0.03684 0.01632 -0.03216 -0.00700 -0.02648 -0.00928 0.02360
413.5  -0.05680 -0.00008 0.00984 0.03664 0.01688 -0.03300 -0.00332 -0.02568 -0.00952 0.02504
414.0  -0.05884 -0.00012 0.00372 0.03568 0.01888 -0.03356 0.00064 -0.02504 -0.00900 0.02596
414.5  -0.06060 -0.00016 -0.00224 0.03360 0.02184 -0.03372 0.00480 -0.02516 -0.00520 0.02640
415.0  -0.06208 -0.00024 -0.00820 0.03060 0.02532 -0.03336 0.00916 -0.02400 0.00616 0.02620
415.5  -0.06328 -0.00036 -0.01392 0.02756 0.02768 -0.03220 0.01400 -0.02200 0.00988 0.02516
416.0  -0.06424 -0.00044 -0.01948 0.02532 0.02880 -0.02964 0.01944 -0.02192 0.00916 0.02328
416.5  -0.06500 -0.00056 -0.02484 0.02360 0.02888 -0.02528 0.02528 -0.02256 0.00748 0.02048
417.0  -0.06560 -0.00068 -0.02992 0.02232 0.02828 -0.01940 0.03032 -0.02340 0.00560 0.01704
417.5  -0.06596 -0.00076 -0.03468 0.02136 0.02728 -0.01356 0.03356 -0.02420 0.00376 0.01304
418.0  -0.06616 -0.00084 -0.03912 0.02040 0.02596 -0.00872 0.03544 -0.02492 0.00208 0.00904
418.5  -0.06616 -0.00092 -0.04308 0.01928 0.02464 -0.00488 0.03652 -0.02560 0.00056 0.00512
419.0  -0.06592 -0.00096 -0.04664 0.01800 0.02292 -0.00168 0.03724 -0.02624 -0.00064 0.00140
419.5  -0.06544 -0.00096 -0.04988 0.01684 0.02128 0.00128 0.03780 -0.02676 -0.00176 -0.00188
420.0  -0.06460 -0.00096 -0.05252 0.01540 0.01964 0.00420 0.03816 -0.02724 -0.00264 -0.00488
420.5  -0.06348 -0.00088 -0.05476 0.01384 0.01796 0.00740 0.03824 -0.02760 -0.00356 -0.00760
421.0  -0.06192 -0.00080 -0.05648 0.01216 0.01636 0.01116 0.03796 -0.02792 -0.00448 -0.01016
421.5  -0.06000 -0.00072 -0.05768 0.01044 0.01472 0.01576 0.03700 -0.02808 -0.00544 -0.01248
422.0  -0.05768 -0.00060 -0.05840 0.00864 0.01304 0.02124 0.03480 -0.02812 -0.00648 -0.01456
422.5  -0.05488 -0.00048 -0.05864 0.00680 0.01144 0.02728 0.03104 -0.02804 -0.00764 -0.01632
423.0  -0.05172 -0.00032 -0.05844 0.00500 0.00980 0.03288 0.02540 -0.02800 -0.00884 -0.01760
423.5  -0.04820 -0.00020 -0.05780 0.00320 0.00828 0.03728 0.01784 -0.02844 -0.01000 -0.01840
424.0  -0.04436 -0.00004 -0.05668 0.00144 0.00672 0.04016 0.00820 -0.02884 -0.01052 -0.01872
424.5  -0.04024 -0.00004 -0.05520 -0.00028 0.00536 0.04168 0.00092 -0.02856 -0.00764 -0.01844
425.0  -0.03592 -0.00008 -0.05336 -0.00188 0.00424 0.04204 -0.00324 -0.02708 0.00892 -0.01744
425.5  -0.03144 -0.00012 -0.05112 -0.00344 0.00368 0.04144 -0.00784 -0.02452 0.01320 -0.01568
426.0  -0.02684 -0.00012 -0.04860 -0.00484 0.00388 0.04008 -0.01448 -0.02312 0.01260 -0.01316
426.5  -0.02220 -0.00012 -0.04572 -0.00612 0.00468 0.03816 -0.02196 -0.01988 0.01128 -0.01008
427.0  -0.01752 -0.00004 -0.04256 -0.00744 0.00580 0.03576 -0.02856 -0.01492 0.00964 -0.00636
427.5  -0.01284 0.00000 -0.03908 -0.00880 0.00688 0.03312 -0.03372 -0.00832 0.00768 -0.00244
428.0  -0.00820 0.00008 -0.03540 -0.01020 0.00788 0.03064 -0.03684 -0.00088 0.00544 0.00140
428.5  -0.00352 0.00016 -0.03144 -0.01164 0.00892 0.02840 -0.03812 0.00540 0.00284 0.00512
429.0  0.00108 0.00020 -0.02732 -0.01308 0.00988 0.02540 -0.03928 0.00936 0.00008 0.00856
429.5  0.00564 0.00028 -0.02316 -0.01444 0.01088 -0.03788 0.02660 0.01100 -0.00252 0.01156
430.0  0.01016 0.00028 -0.01856 -0.01580 0.01200 -0.03848 0.02540 0.01084 -0.00476 0.01416
430.5  0.01460 0.00032 -0.01408 -0.01712 0.01320 -0.03896 0.02648 -0.00320 -0.00648 0.01640
431.0  0.01896 0.00028 -0.00952 -0.01836 0.01448 -0.03944 0.01172 -0.02284 -0.00776 0.01808
431.5  0.02320 0.00024 -0.00504 -0.01956 0.01580 -0.03980 0.01044 -0.02248 -0.00860 0.01936
432.0  0.02724 0.00016 -0.00060 -0.02064 0.01720 -0.04012 0.00964 -0.02196 -0.00916 0.02028
432.5  0.03112 0.00008 0.00376 -0.02164 0.01856 -0.04032 0.00908 -0.02144 -0.00952 0.02080
433.0  0.03476 -0.00000 0.00792 -0.02252 0.01996 -0.04036 0.00868 -0.02100 -0.00960 0.02116
433.5  0.03812 -0.00012 0.01176 -0.02332 0.02124 -0.04032 0.00832 -0.02076 -0.00944 0.02124
434.0  0.04128 -0.00024 0.01556 -0.02432 0.02220 -0.04016 0.00788 -0.02072 -0.00892 0.02112
434.5  0.04416 -0.00040 0.01888 -0.02584 0.02228 -0.03992 0.00732 -0.02108 -0.00784 0.02080
435.0  0.04680 -0.00052 0.02208 -0.02992 0.01848 -0.03960 0.00640 -0.02176 -0.00608 0.02048
435.5  0.04920 -0.00060 0.02480 -0.03600 0.00164 -0.03924 0.00520 -0.02256 -0.00380 0.02000
436.0  0.05144 -0.00072 0.02736 -0.03588 -0.00780 -0.03876 0.00344 -0.02328 -0.00164 0.01956
436.5  0.05352 -0.00080 0.02940 -0.03616 -0.00912 -0.03820 0.00120 -0.02388 -0.00012 0.01896
437.0  0.05544 -0.00084 0.03116 -0.03684 -0.00812 -0.03748 -0.00160 -0.02440 0.00068 0.01852
437.5  0.05724 -0.00088 0.03260 -0.03760 -0.00616 -0.03644 -0.00492 -0.02492 0.00092 0.01792
438.0  0.05892 -0.00092 0.03360 -0.03820 -0.00372 -0.03504 -0.00876 -0.02532 0.00080 0.01740
438.5  0.06044 -0.00092 0.03424 -0.03864 -0.00100 -0.03312 -0.01296 -0.02560 0.00044 0.01680
439.0  0.06180 -0.00092 0.03444 -0.03888 0.00176 -0.03060 -0.01724 -0.02568 -0.00004 0.01616
439.5  0.06300 -0.00088 0.03432 -0.03888 0.00448 -0.02756 -0.02128 -0.02556 -0.00060 0.01544
440.0  0.06396 -0.00084 0.03380 -0.03880 0.00684 -0.02424 -0.02488 -0.02520 -0.00120 0.01476
440.5  0.06472 -0.00080 0.03292 -0.03860 0.00888 -0.02068 -0.02816 -0.02448 -0.00180 0.01396
441.0  0.06520 -0.00072 0.03168 -0.03848 0.01036 -0.01668 -0.03132 -0.02324 -0.00240 0.01304
441.5  0.06540 -0.00068 0.03012 -0.03848 0.01112 -0.01104 -0.03484 -0.02112 -0.00308 0.01208
442.0  0.06528 -0.00060 0.02828 -0.03876 0.01068 0.00124 -0.03820 -0.01752 -0.00380 0.01096
442.5  0.06484 -0.00056 0.02612 -0.03936 0.00860 0.02336 -0.03288 -0.01144 -0.00464 0.00964
443.0  0.06400 -0.00048 0.02376 -0.04012 0.00444 0.03308 -0.02548 -0.00164 -0.00568 0.00820
443.5  0.06280 -0.00048 0.02116 -0.04040 -0.00120 0.03552 0.01052 0.01904 -0.00672 0.00652
444.0  0.06124 -0.00048 0.01836 -0.03992 -0.00604 0.03548 0.00080 0.02196 -0.00660 0.00452
444.5  0.05928 -0.00048 0.01544 -0.03932 -0.00904 0.03456 -0.00016 0.02432 -0.00136 0.00240
445.0  0.05688 -0.00052 0.01240 -0.03888 -0.01052 0.03344 0.00112 0.02564 0.00432 -0.00020
445.5  0.05412 -0.00056 0.00924 -0.03860 -0.01104 0.03216 0.00276 0.02684 0.00592 0.00220
446.0  0.05092 -0.00064 0.00608 -0.03856 -0.01096 0.03080 0.00452 0.02828 0.00616 0.00460
446.5  0.04736 -0.00072 0.00288 -0.03852 -0.01052 0.02932 0.00644 0.02972 0.00592 0.00684
447.0  0.04336 -0.00080 -0.00032 -0.03856 -0.00992 0.02760 0.00864 0.03108 0.00556 0.00900
447.5  0.03896 -0.00084 -0.00352 -0.03856 -0.00916 0.02568 0.01100 0.03240 0.00520 0.01084
448.0  0.03424 -0.00088 -0.00664 -0.03856 -0.00836 0.02364 0.01316 0.03364 0.00484 0.01236
448.5  0.02916 -0.00092 -0.00972 -0.03844 -0.00760 0.02176 0.01484 0.03480 0.00456 0.01364
449.0  0.02380 -0.00092 -0.01276 -0.03832 -0.00680 0.02020 0.01604 0.03584 0.00424 0.01460
449.5  0.01820 -0.00092 -0.01564 -0.03812 -0.00600 0.01900 0.01700 0.03672 0.00392 0.01516
450.0  0.01244 -0.00092 -0.01844 -0.03792 -0.00520 0.01808 0.01788 0.03748 0.00360 0.01532
450.5  0.00656 -0.00084 -0.02096 -0.03760 -0.00444 0.01720 0.01892 0.03812 0.00316 0.01520
451.0  0.00064 -0.00080 -0.02344 -0.03720 -0.00380 0.01628 0.02020 0.03852 0.00264 0.01460
451.5  -0.00528 -0.00072 -0.02556 -0.03680 -0.00324 0.01504 0.02184 0.03872 0.00192 0.01360
452.0  -0.01108 -0.00060 -0.02744 -0.03628 -0.00296 0.01316 0.02396 0.03864 0.00112 0.01236
452.5  -0.01676 -0.00048 -0.02912 -0.03564 -0.00304 0.01016 0.02644 0.03832 0.00016 0.01064
453.0  -0.02216 -0.00036 -0.03036 -0.03488 -0.00380 0.00496 0.02908 0.03772 -0.00100 0.00888
453.5  -0.02724 -0.00024 -0.03128 -0.03380 -0.00572 -0.00352 0.03068 0.03676 -0.00252 0.00712
454.0  -0.03196 -0.00012 -0.03176 -0.03200 -0.00928 -0.01312 0.02952 0.03552 -0.00432 0.00552
454.5  -0.03628 -0.00000 -0.03192 -0.02880 -0.01452 -0.02048 0.02708 0.03376 -0.00644 0.00412
455.0  -0.04008 0.00012 -0.03164 -0.02432 -0.01928 -0.02572 0.02472 0.03152 -0.00880 0.00288
455.5  -0.04348 0.00020 -0.03096 -0.02024 -0.02156 -0.03004 0.02220 0.02888 -0.01112 0.00164
456.0  -0.04640 0.00028 -0.02984 -0.01728 -0.02204 -0.03400 0.00580 0.03172 -0.01280 0.00060
456.5  -0.04892 0.00032 -0.02836 -0.01500 -0.02140 -0.03720 -0.00940 0.02788 -0.01080 -0.00044
457.0  -0.05108 0.00040 -0.02648 -0.01312 -0.02024 -0.03868 -0.00272 0.02428 -0.01680 -0.00148
457.5  -0.05292 0.00044 -0.02420 -0.01140 -0.01868 -0.03844 0.00156 0.02324 -0.01904 -0.00252
458.0  -0.05452 0.00044 -0.02156 -0.00976 -0.01688 -0.03728 -0.02172 0.01308 -0.01884 -0.00344
458.5  -0.05596 0.00048 -0.01860 -0.00816 -0.01488 -0.03596 -0.02280 0.01552 -0.01824 -0.00432
459.0  -0.05728 0.00044 -0.01532 -0.00656 -0.01272 -0.03472 -0.02344 0.01804 -0.01756 -0.00512
459.5  -0.05852 0.00044 -0.01172 -0.00500 -0.01044 -0.03360 -0.02396 0.02024 -0.01676 -0.00592
460.0  -0.05972 0.00044 -0.00792 -0.00340 -0.00808 -0.03264 -0.02432 0.02208 -0.01576 -0.00656
460.5  -0.06092 0.00040 -0.00388 -0.00188 -0.00568 -0.03176 -0.02472 0.02388 -0.01468 -0.00728
461.0  -0.06208 0.00036 0.00032 -0.00028 -0.00332 -0.03096 -0.02500 0.02556 -0.01336 -0.00816
461.5  -0.06320 0.00036 0.00460 0.00132 -0.00104 -0.03024 -0.02524 0.02720 -0.01176 -0.00972
462.0  -0.06428 0.00036 0.00896 0.00312 0.00100 -0.02964 -0.02540 0.02884 -0.00972 -0.01456
462.5  -0.06524 0.00036 0.01332 0.00532 0.00248 -0.02908 -0.02544 0.03040 -0.00748 -0.02144
463.0  -0.06608 0.00040 0.01764 0.00808 0.00284 -0.02872 -0.02532 0.03172 -0.00508 -0.02420
463.5  -0.06676 0.00048 0.02184 0.01104 0.00168 -0.02860 -0.02476 0.03284 -0.00260 -0.02700
464.0  -0.06720 0.00056 0.02588 0.01368 -0.00012 -0.02908 -0.02340 0.03376 -0.00012 -0.02960
464.5  -0.06744 0.00068 0.02972 0.01600 -0.00176 -0.03060 -0.02036 0.03448 0.00228 -0.03192
465.0  -0.06736 0.00080 0.03332 0.01812 -0.00320 -0.03332 -0.01388 0.03500 0.00452 -0.03408
465.5  -0.06704 0.00096 0.03664 0.01996 -0.00448 -0.03492 -0.00544 0.03528 0.00668 -0.03576
466.0  -0.06636 0.00112 0.03976 0.02160 -0.00584 -0.03464 -0.00056 0.03536 0.00876 -0.03724
466.5  -0.06532 0.00124 0.04252 0.02304 -0.00716 -0.03404 0.00076 0.03508 0.01084 -0.03844
467.0  -0.06392 0.00132 0.04496 0.02420 -0.00856 -0.03364 0.00020 0.03444 0.01284 -0.03936
467.5  -0.06212 0.00144 0.04708 0.02504 -0.01004 -0.03348 -0.00136 0.03332 0.01492 -0.04000
468.0  -0.05984 0.00148 0.04872 0.02560 -0.01156 -0.03352 -0.00328 0.03156 0.01700 -0.04040
468.5  -0.05712 0.00148 0.05024 0.02588 -0.01308 -0.03380 -0.00520 0.02912 0.01916 -0.04056
469.0  -0.05392 0.00148 0.05128 0.02604 -0.01460 -0.03408 -0.00684 0.02592 0.02144 -0.04044
469.5  -0.05032 0.00144 0.05192 0.02600 -0.01596 -0.03448 -0.00808 0.02156 0.02412 -0.04000
470.0  -0.04624 0.00136 0.05224 0.02604 -0.01708 -0.03476 -0.00888 0.01380 0.02788 -0.03924
470.5  -0.04180 0.00128 0.05208 0.02640 -0.01764 -0.03496 -0.00936 -0.00840 0.02880 -0.03820
471.0  -0.03696 0.00116 0.05160 0.02720 -0.01748 -0.03500 -0.00960 -0.02076 0.02044 -0.03696
471.5  -0.03188 0.00104 0.05060 0.02864 -0.01628 -0.03480 -0.00976 -0.02424 0.01496 -0.03536
472.0  -0.02652 0.00088 0.04924 0.03044 -0.01412 -0.03440 -0.00992 -0.02596 0.01064 -0.03352
472.5  -0.02100 0.00076 0.04744 0.03192 -0.01196 -0.03388 -0.01024 -0.02688 0.00692 -0.03140
473.0  -0.01536 0.00060 0.04516 0.03316 -0.01056 -0.03328 -0.01064 -0.02732 0.00364 -0.02900
473.5  -0.00968 0.00048 0.04244 0.03392 -0.00984 -0.03264 -0.01108 -0.02732 0.00080 -0.02632
474.0  -0.00400 0.00036 0.03928 0.03448 -0.00992 -0.03228 -0.01120 -0.02704 -0.00160 -0.02352
474.5  0.00160 0.00024 0.03568 0.03484 -0.01024 -0.03256 -0.00968 -0.02648 -0.00364 -0.02204
475.0  0.00712 0.00016 0.03180 0.03496 -0.01104 -0.03372 0.00324 -0.02576 -0.00528 -0.01124
475.5  0.01252 0.00012 0.02764 0.03488 -0.01184 -0.02536 0.02252 -0.02500 -0.00656 -0.00900
476.0  0.01772 0.00008 0.02308 0.03460 -0.01284 -0.02276 0.02520 -0.02428 -0.00768 -0.00752
476.5  0.02272 0.00004 0.01836 0.03412 -0.01388 -0.02196 0.02600 -0.02360 -0.00844 -0.00632
477.0  0.02748 0.00004 0.01344 0.03352 -0.01508 -0.02136 0.02660 -0.02304 -0.00912 -0.00520
477.5  0.03196 0.00004 0.00836 0.03276 -0.01624 -0.02064 0.02732 -0.02256 -0.00960 -0.00412
478.0  0.03616 0.00008 0.00324 0.03180 -0.01756 -0.01968 0.02828 -0.02208 -0.00996 -0.00304
478.5  0.04004 0.00012 -0.00200 0.03076 -0.01892 -0.01848 0.02964 -0.02144 -0.01016 -0.00184
479.0  0.04360 0.00012 -0.00716 0.02960 -0.02044 -0.01692 0.03144 -0.02036 -0.01024 -0.00044
479.5  0.04684 0.00016 -0.01232 0.02828 -0.02200 -0.01520 0.03368 -0.01848 -0.01028 0.00132
480.0  0.04980 0.00020 -0.01740 0.02692 -0.02372 -0.01328 0.03628 -0.01544 -0.01020 0.00340
480.5  0.05244 0.00028 -0.02236 0.02536 -0.02556 -0.01124 0.03900 -0.01072 -0.01004 0.00592
481.0  0.05480 0.00028 -0.02712 0.02372 -0.02764 -0.00924 0.04116 -0.00448 -0.00968 0.00908
481.5  0.05692 0.00036 -0.03164 0.02164 -0.02992 -0.00740 0.04224 0.00264 -0.00896 0.01280
482.0  0.05876 0.00040 -0.03600 0.01872 -0.03272 -0.00576 0.04212 0.00968 -0.00768 0.01724
482.5  0.06040 0.00044 -0.04000 0.01260 -0.03652 -0.00448 0.04108 0.01604 -0.00508 0.02220
483.0  0.06184 0.00048 -0.04372 -0.00916 -0.03872 -0.03948 0.00332 0.02124 -0.00000 0.02740
483.5  0.06304 0.00048 -0.04704 -0.02872 -0.02944 -0.03748 0.00096 0.02448 0.00656 0.03216
484.0  0.06404 0.00044 -0.04996 -0.03444 -0.02504 -0.03524 -0.00720 0.02560 0.01096 0.03628
484.5  0.06480 0.00044 -0.05252 -0.03780 -0.02268 -0.03272 -0.01484 0.02500 0.01296 0.03932
485.0  0.06536 0.00036 -0.05464 -0.04048 -0.02096 -0.03008 -0.01864 0.02556 0.01372 0.04144
485.5  0.06564 0.00024 -0.05632 -0.04268 -0.01964 -0.02736 -0.02120 0.02644 0.01396 0.04272
486.0  0.06568 0.00012 -0.05764 -0.04456 -0.01840 -0.02488 -0.02312 0.02720 0.01388 0.04332
486.5  0.06544 -0.00004 -0.05852 -0.04604 -0.01724 -0.02284 -0.02452 0.02760 0.01356 0.04336
487.0  0.06488 -0.00016 -0.05912 -0.04716 -0.01600 -0.02120 -0.02556 0.02780 0.01292 0.04292
487.5  0.06400 -0.00028 -0.05932 -0.04792 -0.01468 -0.01996 -0.02648 0.02780 0.01216 0.04200
488.0  0.06276 -0.00040 -0.05924 -0.04820 -0.01328 -0.01892 -0.02740 0.02760 0.01120 0.04064
488.5  0.06112 -0.00048 -0.05880 -0.04816 -0.01176 -0.01800 -0.02828 0.02724 0.01008 0.03892
489.0  0.05912 -0.00052 -0.05804 -0.04756 -0.01012 -0.01728 -0.02932 0.02676 0.00904 0.03672
489.5  0.05664 -0.00056 -0.05704 -0.04660 -0.00840 -0.01672 -0.03044 0.02604 0.00792 0.03412
490.0  0.05376 -0.00056 -0.05576 -0.04528 -0.00664 -0.01684 -0.03148 0.02492 0.00684 0.03108
490.5  0.05048 -0.00052 -0.05396 -0.04352 -0.00492 -0.01944 -0.03168 0.02312 0.00584 0.02764
491.0  0.04680 -0.00044 -0.05208 -0.04156 -0.00336 -0.03432 -0.01908 0.01988 0.00488 0.02364
491.5  0.04276 -0.00032 -0.04960 -0.03936 -0.00216 -0.04212 -0.00232 0.01344 0.00416 0.01896
492.0  0.03840 -0.00020 -0.04684 -0.03696 -0.00156 -0.04432 -0.00292 0.00344 0.00376 0.01340
492.5  0.03376 -0.00012 -0.04368 -0.03452 -0.00256 -0.04284 0.00320 0.01304 0.00324 0.00676
493.0  0.02896 0.00000 -0.04016 -0.03132 -0.00792 -0.04016 -0.00244 0.02080 0.00188 -0.00020
493.5  0.02404 0.00012 -0.03628 -0.02156 -0.02088 -0.02328 -0.03064 0.02468 0.00040 -0.00580
494.0  0.01904 0.00024 -0.03200 -0.01420 -0.02404 -0.01292 -0.03512 0.02692 -0.00100 -0.00908
494.5  0.01404 0.00032 -0.02744 -0.01160 -0.02316 -0.01280 -0.03456 0.02836 -0.00228 -0.01052
495.0  0.00908 0.00036 -0.02264 -0.01024 -0.02176 -0.01420 -0.03372 0.02932 -0.00340 -0.01080
495.5  0.00416 0.00040 -0.01760 -0.00924 -0.02028 -0.01620 -0.03276 0.03000 -0.00428 -0.01036
496.0  -0.00068 0.00036 -0.01240 -0.00824 -0.01884 -0.01852 -0.03164 0.03056 -0.00500 -0.00952
496.5  -0.00548 0.00032 -0.00708 -0.00724 -0.01744 -0.02108 -0.03024 0.03096 -0.00548 -0.00848
497.0  -0.01020 0.00020 -0.00172 -0.00612 -0.01608 -0.02384 -0.02844 0.03128 -0.00572 -0.00732
497.5  -0.01484 0.00004 0.00364 -0.00496 -0.01468 -0.02676 -0.02616 0.03156 -0.00580 -0.00616
498.0  -0.01940 -0.00012 0.00896 -0.00368 -0.01316 -0.02972 -0.02328 0.03172 -0.00572 -0.00508
498.5  -0.02392 -0.00032 0.01420 -0.00228 -0.01168 -0.03272 -0.01988 0.03164 -0.00556 -0.00404
499.0  -0.02832 -0.00052 0.01928 -0.00088 -0.01004 -0.03544 -0.01644 0.03108 -0.00524 -0.00312
499.5  -0.03260 -0.00076 0.02420 0.00052 -0.00832 -0.03772 -0.01364 0.03004 -0.00476 -0.00220
500.0  -0.03676 -0.00096 0.02896 0.00188 -0.00664 -0.03936 -0.01212 0.02880 -0.00356 -0.00116
500.5  -0.04076 -0.00116 0.03340 0.00288 -0.00536 -0.04020 -0.01208 0.02788 0.00052 0.00008
501.0  -0.04460 -0.00128 0.03764 0.00180 -0.00588 -0.04016 -0.01272 0.02540 0.01040 0.00164
501.5  -0.04820 -0.00140 0.04148 0.00184 -0.00692 -0.03928 -0.01260 0.02412 0.01508 0.00372
502.0  -0.05164 -0.00148 0.04512 0.00352 -0.00800 -0.03796 -0.00960 0.02668 0.01560 0.00620
502.5  -0.05480 -0.00148 0.04824 0.00560 -0.00904 -0.03628 -0.00364 0.03004 0.01528 0.00872
503.0  -0.05772 -0.00144 0.05112 0.00776 -0.01012 -0.03432 0.00308 0.03216 0.01472 0.01088
503.5  -0.06040 -0.00136 0.05348 0.00992 -0.01116 -0.03204 0.00900 0.03324 0.01420 0.01240
504.0  -0.06280 -0.00128 0.05536 0.01196 -0.01224 -0.02952 0.01372 0.03380 0.01368 0.01332
504.5  -0.06496 -0.00112 0.05684 0.01408 -0.01328 -0.02708 0.01728 0.03404 0.01316 0.01372
505.0  -0.06684 -0.00092 0.05792 0.01608 -0.01456 -0.02496 0.01976 0.03412 0.01268 0.01388
505.5  -0.06844 -0.00072 0.05844 0.01784 -0.01588 -0.02332 0.02144 0.03408 0.01220 0.01368
506.0  -0.06976 -0.00052 0.05848 0.01944 -0.01732 -0.02208 0.02256 0.03400 0.01172 0.01328
506.5  -0.07080 -0.00028 0.05804 0.02080 -0.01884 -0.02124 0.02324 0.03380 0.01120 0.01264
507.0  -0.07144 -0.00008 0.05716 0.02196 -0.02048 -0.02076 0.02360 0.03352 0.01060 0.01176
507.5  -0.07176 0.00012 0.05576 0.02276 -0.02216 -0.02056 0.02372 0.03324 0.01004 0.01068
508.0  -0.07172 0.00028 0.05392 0.02336 -0.02384 -0.02064 0.02348 0.03288 0.00924 0.00940
508.5  -0.07124 0.00040 0.05168 0.02376 -0.02544 -0.02100 0.02300 0.03256 0.00832 0.00788
509.0  -0.07036 0.00044 0.04896 0.02404 -0.02688 -0.02164 0.02212 0.03216 0.00716 0.00616
509.5  -0.06908 0.00048 0.04588 0.02440 -0.02796 -0.02276 0.02072 0.03172 0.00572 0.00416
510.0  -0.06736 0.00048 0.04244 0.02520 -0.02844 -0.02464 0.01816 0.03120 0.00396 0.00200
510.5  -0.06524 0.00044 0.03864 0.02692 -0.02780 -0.02776 0.01256 0.03048 0.00176 -0.00004
511.0  -0.06276 0.00036 0.03456 0.02992 -0.02528 -0.03056 0.00012 0.02948 -0.00080 -0.00168
511.5  -0.05996 0.00028 0.03024 0.03356 -0.02092 -0.02892 -0.01144 0.02768 -0.00344 -0.00296
512.0  -0.05680 0.00020 0.02556 0.03604 -0.01676 -0.02712 -0.01912 0.02356 -0.00540 -0.00392
512.5  -0.05336 0.00012 0.02076 0.03704 -0.01456 -0.02712 -0.02972 -0.00100 -0.00408 -0.00472
513.0  -0.04968 0.00008 0.01588 0.03716 -0.01396 -0.03496 -0.01072 -0.01564 0.00324 -0.00536
513.5  -0.04580 0.00004 0.01092 0.03680 -0.01432 -0.02928 -0.01984 -0.01584 0.00800 -0.00592
514.0  -0.04176 0.00004 0.00596 0.03612 -0.01516 -0.02592 0.02224 0.01692 0.00992 -0.00644
514.5  -0.03756 0.00004 0.00108 0.03528 -0.01616 -0.02376 0.02308 0.01836 0.01072 -0.00700
515.0  -0.03328 0.00008 -0.00368 0.03432 -0.01720 -0.02196 0.02464 0.01884 0.01096 -0.00752
515.5  -0.02884 0.00012 -0.00832 0.03336 -0.01824 -0.02028 0.02640 0.01904 0.01084 -0.00808
516.0  -0.02436 0.00020 -0.01272 0.03240 -0.01932 -0.01844 0.02828 0.01948 0.01060 -0.00856
516.5  -0.01976 0.00024 -0.01684 0.03136 -0.02044 -0.01636 0.03032 0.01984 0.01020 -0.00896
517.0  -0.01508 0.00028 -0.02068 0.03036 -0.02172 -0.01360 0.03240 0.02032 0.00960 -0.00936
517.5  -0.01028 0.00032 -0.02416 0.02928 -0.02320 -0.00972 0.03456 0.02088 0.00888 -0.00956
518.0  -0.00540 0.00032 -0.02728 0.02812 -0.02496 -0.00384 0.03632 0.02148 0.00808 -0.00960
518.5  -0.00044 0.00032 -0.03004 0.02668 -0.02708 0.00392 0.03676 0.02212 0.00716 -0.00940
519.0  -0.00460 0.00028 -0.03236 0.02484 -0.02960 0.01172 0.03532 0.02280 0.00612 -0.00908
519.5  -0.00968 0.00028 -0.03428 0.02208 -0.03256 0.01756 0.03288 0.02352 0.00492 -0.00836
520.0  -0.01476 0.00032 -0.03580 0.01772 -0.03604 0.02132 0.03036 0.02420 0.00356 -0.00752
520.5  -0.01980 0.00032 -0.03688 0.01028 -0.03964 0.02376 0.02800 0.02480 0.00196 -0.00628
521.0  -0.02476 0.00036 -0.03760 -0.00064 -0.04164 0.02540 0.02580 0.02532 0.00008 -0.00388
521.5  -0.02956 0.00036 -0.03792 -0.01132 -0.04076 0.02660 0.02364 0.02568 -0.00200 -0.03200
522.0  -0.03420 0.00040 -0.03784 -0.01876 -0.03852 0.02740 0.02152 0.02580 -0.00428 -0.03988
522.5  -0.03864 0.00040 -0.03740 -0.02352 -0.03628 0.02796 0.01944 0.02568 -0.00652 -0.03768
523.0  -0.04280 0.00044 -0.03664 -0.02680 -0.03428 0.02828 0.01752 0.02540 -0.00856 -0.03492
523.5  -0.04672 0.00044 -0.03548 -0.02920 -0.03248 0.02840 0.01580 0.02504 -0.01024 -0.03184
524.0  -0.05036 0.00044 -0.03404 -0.03108 -0.03080 0.02836 0.01432 0.02472 -0.01148 -0.02864
524.5  -0.05376 0.00044 -0.03232 -0.03256 -0.02920 0.02824 0.01304 0.02452 -0.01216 -0.02508
525.0  -0.05688 0.00040 -0.03028 -0.03380 -0.02756 0.02808 0.01176 0.02460 -0.01220 -0.02140
525.5  -0.05980 0.00040 -0.02804 -0.03480 -0.02596 0.02800 0.01004 0.02508 -0.01152 -0.01764
526.0  -0.06248 0.00036 -0.02556 -0.03564 -0.02436 0.02812 0.00644 0.02632 -0.00968 -0.01360
526.5  -0.06492 0.00032 -0.02288 -0.03632 -0.02272 0.02856 0.00104 0.02720 -0.00608 -0.00980
527.0  -0.06712 0.00028 -0.02008 -0.03680 -0.02112 0.02964 0.00660 0.02556 0.00000 -0.00576
527.5  -0.06904 0.00024 -0.01716 -0.03704 -0.01964 0.03200 0.00384 0.02224 0.00596 -0.00192
528.0  -0.07060 0.00020 -0.01416 -0.03708 -0.01832 0.03028 0.01588 0.01784 0.00920 0.00200
528.5  -0.07184 0.00016 -0.01112 -0.03680 -0.01736 0.02484 0.02924 0.00256 0.01040 0.00572
529.0  -0.07264 0.00012 -0.00804 -0.03596 -0.01728 0.02320 0.02032 0.02336 0.01056 0.00916
529.5  -0.07300 0.00012 -0.00496 -0.03404 -0.01912 0.02236 0.01820 0.02672 0.01004 0.01224
530.0  -0.07284 0.00012 -0.00188 -0.02804 -0.02568 0.01924 0.02032 0.02868 0.00908 0.01460
530.5  -0.07216 0.00016 0.00112 -0.01544 -0.03352 -0.00192 0.02772 0.03012 0.00784 0.01576
531.0  -0.07100 0.00020 0.00412 -0.00852 -0.03460 -0.00580 0.02744 0.03116 0.00644 0.01508
531.5  -0.06928 0.00024 0.00712 -0.00644 -0.03364 -0.00576 0.02812 0.03188 0.00492 0.01232
532.0  -0.06708 0.00028 0.01000 -0.00592 -0.03216 -0.00524 0.02916 0.03236 0.00344 0.00900
532.5  -0.06444 0.00036 0.01280 -0.00588 -0.03040 -0.00480 0.03044 0.03256 0.00196 0.00576
533.0  -0.06144 0.00040 0.01552 -0.00596 -0.02844 -0.00456 0.03180 0.03252 0.00056 0.00312
533.5  -0.05812 0.00044 0.01812 -0.00596 -0.02632 -0.00456 0.03324 0.03232 -0.00080 0.00084
534.0  -0.05456 0.00044 0.02056 -0.00580 -0.02404 -0.00488 0.03472 0.03188 -0.00208 -0.00104
534.5  -0.05084 0.00040 0.02280 -0.00548 -0.02160 -0.00544 0.03632 0.03120 -0.00332 -0.00264
535.0  -0.04700 0.00032 0.02484 -0.00488 -0.01896 -0.00636 0.03792 0.03024 -0.00452 -0.00416
535.5  -0.04312 0.00028 0.02664 -0.00412 -0.01616 -0.00780 0.03952 0.02892 -0.00576 -0.00548
536.0  -0.03920 0.00020 0.02812 -0.00312 -0.01324 -0.00992 0.04100 0.02704 -0.00692 -0.00676
536.5  -0.03536 0.00012 0.02932 -0.00196 -0.01016 -0.01332 0.04204 0.02460 -0.00816 -0.00800
537.0  -0.03152 0.00004 0.03016 -0.00072 -0.00696 -0.01900 0.04180 0.02140 -0.00932 -0.00920
537.5  -0.02772 -0.00000 0.03060 0.00056 -0.00356 -0.02856 0.03804 0.01744 -0.01048 -0.01032
538.0  -0.02396 -0.00004 0.03068 0.00176 -0.00008 -0.03952 0.02864 0.01284 -0.01144 -0.01144
538.5  -0.02024 -0.00008 0.03036 0.00268 0.00356 -0.04544 0.01944 0.00788 -0.01204 -0.01260
539.0  -0.01652 -0.00012 0.02960 0.00288 0.00732 -0.04732 0.01460 0.00336 -0.01172 -0.01380
539.5  -0.01280 -0.00012 0.02844 0.00152 0.01108 -0.04752 0.00524 0.01368 -0.00820 -0.01504
540.0  -0.00900 -0.00012 0.02692 -0.00188 0.01428 -0.04696 0.01288 0.00940 -0.00120 -0.01628
540.5  -0.00520 -0.00008 0.02496 -0.00580 0.01640 -0.04624 0.01492 -0.00380 0.00012 -0.01764
541.0  -0.00128 -0.00004 0.02264 -0.00896 0.01804 -0.04572 0.01128 -0.00820 -0.00028 -0.01900
541.5  0.00268 -0.00000 0.02000 -0.01124 0.01964 -0.04532 0.00468 -0.01104 -0.00104 -0.02024
542.0  0.00676 0.00004 0.01700 -0.01292 0.02128 -0.04380 -0.00432 -0.01336 -0.00188 -0.02144
542.5  0.01088 0.00008 0.01372 -0.01408 0.02296 -0.04108 -0.01080 -0.01536 -0.00280 -0.02188
543.0  0.01508 0.00016 0.01016 -0.01488 0.02468 -0.03884 -0.01308 -0.01704 -0.00372 -0.02176
543.5  0.01936 0.00024 0.00636 -0.01536 0.02640 -0.03752 -0.01296 -0.01836 -0.00468 -0.02116
544.0  0.02368 0.00028 0.00240 -0.01556 0.02824 -0.03676 -0.01172 -0.01932 -0.00560 -0.02000
544.5  0.02804 0.00032 -0.00176 -0.01560 0.02996 -0.03628 -0.01004 -0.02004 -0.00644 -0.01824
545.0  0.03240 0.00036 -0.00608 -0.01552 0.03172 -0.03592 -0.00816 -0.02064 -0.00720 -0.01620
545.5  0.03676 0.00036 -0.01044 -0.01536 0.03332 -0.03560 -0.00620 -0.02124 -0.00772 -0.01368
546.0  0.04116 0.00032 -0.01488 -0.01512 0.03480 -0.03528 -0.00416 -0.02188 -0.00788 -0.01132
546.5  0.04556 0.00028 -0.01928 -0.01484 0.03612 -0.03504 -0.00204 -0.02264 -0.00748 -0.00852
547.0  0.04992 0.00016 -0.02360 -0.01452 0.03724 -0.03480 0.00012 -0.02348 -0.00632 -0.00620
547.5  0.05420 0.00004 -0.02780 -0.01416 0.03812 -0.03472 0.00216 -0.02420 -0.00432 -0.00404
548.0  0.05836 -0.00012 -0.03180 -0.01380 0.03872 -0.03484 0.00356 -0.02456 -0.00204 -0.00260
548.5  0.06236 -0.00032 -0.03560 -0.01348 0.03904 -0.03532 0.00316 -0.02456 -0.00044 -0.00232
549.0  0.06608 -0.00052 -0.03908 -0.01316 0.03908 -0.03596 -0.00276 -0.02448 0.00008 -0.00348
549.5  0.06948 -0.00072 -0.04224 -0.01300 0.03888 -0.03228 -0.01912 -0.02316 -0.00036 -0.00604
550.0  0.07248 -0.00092 -0.04504 -0.01312 0.03828 -0.02604 -0.02792 -0.02292 -0.00144 -0.00888
550.5  0.07496 -0.00112 -0.04740 -0.01432 0.03712 -0.02068 -0.03048 -0.02580 -0.00300 -0.01108
551.0  0.07692 -0.00132 -0.04940 -0.01996 0.03352 -0.01296 -0.03432 -0.02648 -0.00476 -0.01244
551.5  0.07828 -0.00144 -0.05096 -0.03640 0.01156 -0.00388 -0.03668 -0.02632 -0.00668 -0.01304
552.0  0.07900 -0.00156 -0.05204 -0.03720 0.00172 0.00304 -0.03712 -0.02572 -0.00852 -0.01312
552.5  0.07912 -0.00168 -0.05272 -0.03628 0.00028 0.00780 -0.03676 -0.02484 -0.01020 -0.01276
553.0  0.07860 -0.00172 -0.05292 -0.03532 0.00060 0.01144 -0.03604 -0.02388 -0.01144 -0.01208
553.5  0.07752 -0.00172 -0.05268 -0.03440 0.00160 0.01452 -0.03512 -0.02288 -0.01232 -0.01108
554.0  0.07592 -0.00168 -0.05200 -0.03356 0.00292 0.01724 -0.03392 -0.02204 -0.01288 -0.01000
554.5  0.07380 -0.00164 -0.05084 -0.03276 0.00452 0.01972 -0.03256 -0.02132 -0.01308 -0.00876
555.0  0.07132 -0.00152 -0.04924 -0.03204 0.00628 0.02192 -0.03100 -0.02076 -0.01316 -0.00760
555.5  0.06848 -0.00140 -0.04716 -0.03148 0.00812 0.02396 -0.02920 -0.02044 -0.01312 -0.00632
556.0  0.06536 -0.00124 -0.04468 -0.03108 0.00988 0.02568 -0.02716 -0.02036 -0.01304 -0.00516
556.5  0.06196 -0.00108 -0.04176 -0.03092 0.01144 0.02716 -0.02480 -0.02060 -0.01296 -0.00416
557.0  0.05832 -0.00088 -0.03840 -0.03124 0.01236 0.02828 -0.02208 -0.02136 -0.01280 -0.00320
557.5  0.05448 -0.00068 -0.03468 -0.03240 0.01180 0.02900 -0.01892 -0.02256 -0.01248 -0.00256
558.0  0.05044 -0.00052 -0.03056 -0.03476 0.00732 0.02940 -0.01552 -0.02424 -0.01140 -0.00212
558.5  0.04620 -0.00036 -0.02616 -0.03656 -0.00244 0.02944 -0.01208 -0.02636 -0.00840 -0.00208
559.0  0.04176 -0.00024 -0.02144 -0.03648 -0.00996 0.02916 -0.00884 -0.02828 -0.00180 -0.00232
559.5  0.03720 -0.00016 -0.01648 -0.03668 -0.01332 0.02876 -0.00588 -0.02840 0.00528 -0.00300
560.0  0.03252 -0.00012 -0.01132 -0.03736 -0.01456 0.02812 -0.00300 -0.02804 0.00884 -0.00392
560.5  0.02776 -0.00012 -0.00608 -0.03816 -0.01492 0.02728 0.00008 -0.02820 0.01004 -0.00524
561.0  0.02300 -0.00012 -0.00056 -0.03896 -0.01492 0.02608 0.00376 -0.02884 0.01020 -0.00676
561.5  0.01828 -0.00016 0.00492 -0.03956 -0.01468 0.02388 0.00864 -0.02984 0.00976 -0.00868
562.0  0.01364 -0.00024 0.01044 -0.03992 -0.01440 0.01948 0.01492 -0.03100 0.00892 -0.01080
562.5  0.00912 -0.00028 0.01592 -0.04016 -0.01396 0.01228 0.02040 -0.03228 0.00780 -0.01312
563.0  0.00472 -0.00040 0.02128 -0.04012 -0.01360 0.00484 0.02280 -0.03344 0.00632 -0.01552
563.5  0.00044 -0.00048 0.02652 -0.03992 -0.01320 -0.00144 0.02316 -0.03440 0.00456 -0.01792
564.0  -0.00368 -0.00056 0.03160 -0.03952 -0.01296 -0.00684 0.02264 -0.03496 0.00244 -0.02024
564.5  -0.00764 -0.00064 0.03644 -0.03900 -0.01284 -0.01176 0.02172 -0.03496 0.00004 -0.02252
565.0  -0.01156 -0.00076 0.04104 -0.03840 -0.01296 -0.01628 0.02056 -0.03444 -0.00260 -0.02464
565.5  -0.01536 -0.00080 0.04524 -0.03752 -0.01344 -0.02036 0.01908 -0.03340 -0.00544 -0.02676
566.0  -0.01916 -0.00088 0.04928 -0.03644 -0.01440 -0.02400 0.01728 -0.03208 -0.00820 -0.02888
566.5  -0.02296 -0.00088 0.05280 -0.03496 -0.01608 -0.02720 0.01496 -0.03052 -0.01088 -0.03096
567.0  -0.02676 -0.00088 0.05604 -0.03292 -0.01844 -0.02992 0.01216 -0.02896 -0.01328 -0.03272
567.5  -0.03060 -0.00084 0.05872 -0.03000 -0.02152 -0.03216 0.00896 -0.02752 -0.01528 -0.02996
568.0  -0.03448 -0.00076 0.06108 -0.02668 -0.02408 -0.03392 0.00536 -0.02640 -0.01672 -0.02288
568.5  -0.03840 -0.00068 0.06300 -0.02336 -0.02584 -0.03520 0.00152 -0.02644 -0.01632 -0.01980
569.0  -0.04232 -0.00056 0.06432 -0.02064 -0.02644 -0.03612 -0.00244 -0.03104 0.00132 -0.01872
569.5  -0.04616 -0.00044 0.06524 -0.01852 -0.02608 -0.03668 -0.00648 -0.02720 0.01500 -0.01840
570.0  -0.04984 -0.00028 0.06568 -0.01692 -0.02504 -0.03684 -0.01048 -0.02700 0.01540 -0.01836
570.5  -0.05340 -0.00016 0.06556 -0.01560 -0.02340 -0.03660 -0.01440 -0.02756 0.01448 -0.01832
571.0  -0.05668 -0.00004 0.06504 -0.01452 -0.02136 -0.03596 -0.01824 -0.02820 0.01332 -0.01816
571.5  -0.05964 0.00004 0.06404 -0.01340 -0.01900 -0.03476 -0.02192 -0.02892 0.01204 -0.01800
572.0  -0.06228 0.00016 0.06256 -0.01232 -0.01640 -0.03300 -0.02544 -0.02968 0.01072 -0.01768
572.5  -0.06452 0.00024 0.06068 -0.01116 -0.01364 -0.03040 -0.02896 -0.03040 0.00940 -0.01728
573.0  -0.06636 0.00028 0.05840 -0.00988 -0.01084 -0.02680 -0.03228 -0.03120 0.00804 -0.01692
573.5  -0.06772 0.00032 0.05568 -0.00844 -0.00812 -0.02208 -0.03536 -0.03188 0.00664 -0.01688
574.0  -0.06868 0.00036 0.05260 -0.00680 -0.00556 -0.01616 -0.03792 -0.03252 0.00520 -0.01732
574.5  -0.06916 0.00040 0.04912 -0.00488 -0.00316 -0.00952 -0.03944 -0.03308 0.00376 -0.01868
575.0  -0.06924 0.00044 0.04524 -0.00268 -0.00100 -0.00292 -0.03972 -0.03348 0.00236 -0.02076
575.5  -0.06892 0.00048 0.04108 -0.00016 0.00080 0.00304 -0.03888 -0.03376 0.00096 -0.02156
576.0  -0.06820 0.00048 0.03656 0.00268 0.00212 0.00824 -0.03720 -0.03388 -0.00040 -0.01996
576.5  -0.06716 0.00048 0.03176 0.00584 0.00272 0.01304 -0.03484 -0.03388 -0.00176 -0.01700
577.0  -0.06576 0.00048 0.02668 0.00920 0.00244 0.01784 -0.03160 -0.03376 -0.00308 -0.01348
577.5  -0.06408 0.00048 0.02136 0.01252 0.00108 0.02272 -0.02708 -0.03352 -0.00448 -0.00964
578.0  -0.06208 0.00048 0.01588 0.01548 -0.00120 0.02692 -0.02152 -0.03308 -0.00600 -0.00556
578.5  -0.05980 0.00040 0.01024 0.01796 -0.00396 0.02948 -0.01612 -0.03244 -0.00780 -0.00136
579.0  -0.05716 0.00036 0.00456 0.01996 -0.00688 0.03056 -0.01200 -0.03148 -0.00980 0.00292
579.5  -0.05424 0.00028 -0.00116 0.02164 -0.00964 0.03080 -0.00920 -0.03016 -0.01208 0.00720
580.0  -0.05100 0.00024 -0.00688 0.02300 -0.01224 0.03076 -0.00732 -0.02860 -0.01436 0.01156
580.5  -0.04744 0.00020 -0.01248 0.02420 -0.01460 0.03064 -0.00588 -0.02712 -0.01588 0.01584
581.0  -0.04360 0.00012 -0.01796 0.02512 -0.01672 0.03036 -0.00536 -0.02704 -0.01500 0.02008
581.5  -0.03948 0.00012 -0.02328 0.02588 -0.01860 0.02884 -0.00884 -0.02940 -0.00960 0.02420
582.0  -0.03520 0.00008 -0.02840 0.02648 -0.02020 0.02516 -0.01376 -0.03160 -0.00376 0.02804
582.5  -0.03072 0.00008 -0.03320 0.02700 -0.02152 0.02168 -0.01368 -0.03400 -0.00096 0.03164
583.0  -0.02616 0.00008 -0.03772 0.02740 -0.02264 0.01932 -0.00408 -0.03760 0.00012 0.03488
583.5  -0.02156 0.00004 -0.04192 0.02780 -0.02340 0.01784 -0.01112 -0.03688 0.00052 0.03768
584.0  -0.01696 0.00004 -0.04576 0.02820 -0.02388 0.01692 -0.01764 -0.03484 0.00044 0.03996
584.5  -0.01240 0.00004 -0.04924 0.02872 -0.02404 0.01632 -0.02004 -0.03400 0.00004 0.04188
585.0  -0.00792 0.00008 -0.05232 0.02944 -0.02380 0.01596 -0.02124 -0.03372 -0.00056 0.04344
585.5  -0.00352 0.00008 -0.05484 0.03040 -0.02304 0.01580 -0.02200 -0.03364 -0.00136 0.04472
586.0  0.00080 0.00008 -0.05704 0.03160 -0.02172 0.01572 -0.02260 -0.03352 -0.00228 0.04576
586.5  0.00504 0.00008 -0.05868 0.03320 -0.01936 0.01572 -0.02320 -0.03340 -0.00328 0.04680
587.0  0.00928 0.00008 -0.05988 0.03496 -0.01640 0.01568 -0.02396 -0.03304 -0.00432 0.04768
587.5  0.01344 0.00008 -0.06056 0.03660 -0.01244 0.01560 -0.02480 -0.03260 -0.00536 0.04608
588.0  0.01764 0.00004 -0.06072 0.03776 -0.00896 0.01524 -0.02580 -0.03208 -0.00640 0.03924
588.5  0.02188 0.00004 -0.06032 0.03840 -0.00596 0.01428 -0.02712 -0.03140 -0.00740 0.03424
589.0  0.02616 -0.00000 -0.05948 0.03872 -0.00404 0.00984 -0.02964 -0.03068 -0.00836 0.03140
589.5  0.03040 -0.00004 -0.05812 0.03892 -0.00304 -0.02248 -0.02236 -0.02988 -0.00936 0.02988
590.0  0.03468 -0.00016 -0.05628 0.03888 -0.00292 -0.02660 -0.01784 -0.02900 -0.01036 0.02872
590.5  0.03892 -0.00024 -0.05396 0.03892 -0.00340 -0.02800 -0.01608 -0.02800 -0.01140 0.02780
591.0  0.04304 -0.00032 -0.05124 0.03884 -0.00436 -0.02892 -0.01448 -0.02696 -0.01248 0.02688
591.5  0.04704 -0.00044 -0.04812 0.03864 -0.00576 -0.02976 -0.01264 -0.02572 -0.01360 0.02596
592.0  0.05088 -0.00052 -0.04468 0.03840 -0.00732 -0.03056 -0.01032 -0.02448 -0.01468 0.02500
592.5  0.05452 -0.00060 -0.04088 0.03804 -0.00912 -0.03128 -0.00728 -0.02320 -0.01556 0.02412
593.0  0.05796 -0.00068 -0.03676 0.03756 -0.01108 -0.03200 -0.00380 -0.02176 -0.01616 0.02316
593.5  0.06112 -0.00068 -0.03240 0.03696 -0.01300 -0.03260 -0.00132 -0.02024 -0.01612 0.02232
594.0  0.06400 -0.00072 -0.02784 0.03636 -0.01488 -0.03312 -0.00080 -0.02288 -0.00888 0.02148
594.5  0.06664 -0.00068 -0.02304 0.03584 -0.01632 -0.03352 -0.00156 -0.01960 0.01284 0.02064
595.0  0.06896 -0.00064 -0.01812 0.03580 -0.01660 -0.03380 -0.00296 -0.01868 0.01248 0.01984
595.5  0.07096 -0.00056 -0.01308 0.03748 -0.01236 -0.03392 -0.00436 -0.01840 0.01160 0.01896
596.0  0.07268 -0.00044 -0.00800 0.03876 0.00800 -0.03396 -0.00528 -0.01840 0.01068 0.01792
596.5  0.07400 -0.00036 -0.00288 0.03528 0.01796 -0.03400 -0.00492 -0.01884 0.00984 0.01652
597.0  0.07500 -0.00024 0.00228 0.03492 0.01880 -0.03412 -0.00236 -0.01964 0.00900 0.01420
597.5  0.07556 -0.00016 0.00732 0.03556 0.01764 -0.03428 0.00216 -0.01996 0.00816 0.00988
598.0  0.07572 -0.00008 0.01224 0.03644 0.01580 -0.03444 0.00592 -0.01952 0.00724 0.00380
598.5  0.07540 0.00000 0.01704 0.03728 0.01364 -0.03444 0.00856 -0.01924 0.00624 -0.00156
599.0  0.07460 0.00008 0.02152 0.03800 0.01132 -0.03392 0.01152 -0.01924 0.00524 -0.00568
599.5  0.07332 0.00012 0.02588 0.03864 0.00900 -0.03156 0.01744 -0.01948 0.00424 -0.00908
600.0  0.07148 0.00012 0.02972 0.03904 0.00660 -0.02208 0.02860 -0.02000 0.00340 -0.01204
600.5  0.06916 0.00012 0.03328 0.03920 0.00432 -0.01096 0.03440 -0.02072 0.00276 -0.01476
601.0  0.06636 0.00008 0.03636 0.03936 0.00204 -0.00620 0.03556 -0.02160 0.00224 -0.01728
601.5  0.06308 0.00004 0.03912 0.03924 -0.00008 -0.00416 0.03580 -0.02244 0.00196 -0.01940
602.0  0.05944 -0.00004 0.04128 0.03904 -0.00212 -0.00324 0.03592 -0.02328 0.00184 -0.02136
602.5  0.05544 -0.00012 0.04300 0.03868 -0.00408 -0.00288 0.03612 -0.02400 0.00192 -0.02292
603.0  0.05116 -0.00016 0.04412 0.03820 -0.00584 -0.00312 0.03648 -0.02440 0.00220 -0.02436
603.5  0.04668 -0.00024 0.04484 0.03756 -0.00748 -0.00388 0.03712 -0.02420 0.00268 -0.02532
604.0  0.04208 -0.00024 0.04508 0.03680 -0.00892 -0.00552 0.03816 -0.02312 0.00340 -0.02608
604.5  0.03744 -0.00032 0.04484 0.03600 -0.01020 -0.00828 0.03944 -0.02064 0.00440 -0.02644
605.0  0.03272 -0.00036 0.04416 0.03500 -0.01120 -0.01264 0.04016 -0.01732 0.00568 -0.02660
605.5  0.02808 -0.00032 0.04308 0.03396 -0.01200 -0.01844 0.03824 -0.01664 0.00720 -0.02648
606.0  0.02344 -0.00032 0.04156 0.03280 -0.01256 -0.02440 0.03052 -0.02344 0.00872 -0.02620
606.5  0.01880 -0.00032 0.03968 0.03148 -0.01280 -0.02900 0.02040 -0.02860 0.00988 -0.02600
607.0  0.01424 -0.00028 0.03744 0.03020 -0.01272 -0.03192 0.01416 -0.02952 0.00980 -0.02516
607.5  0.00964 -0.00024 0.03492 0.02884 -0.01208 -0.03380 0.00888 -0.03024 0.00788 -0.01840
608.0  0.00504 -0.00016 0.03212 0.02812 -0.00908 -0.03504 0.00192 -0.03096 0.00472 -0.01272
608.5  0.00040 -0.00012 0.02904 0.01868 0.02032 -0.03260 -0.01372 -0.03120 0.00184 -0.01020
609.0  -0.00424 -0.00008 0.02576 0.01432 0.02096 -0.02180 -0.02832 -0.03108 -0.00032 -0.00864
609.5  -0.00892 -0.00004 0.02236 0.01272 0.01908 -0.01756 -0.03184 -0.03052 -0.00196 -0.00744
610.0  -0.01360 -0.00004 0.01880 0.01140 0.01680 -0.01736 -0.03296 -0.02952 -0.00344 -0.00640
610.5  -0.01824 -0.00000 0.01516 0.01000 0.01432 -0.01924 -0.03324 -0.02792 -0.00496 -0.00548
611.0  -0.02280 -0.00004 0.01144 0.00848 0.01180 -0.02240 -0.03240 -0.02616 -0.00664 -0.00468
611.5  -0.02724 -0.00004 0.00776 0.00676 0.00924 -0.02612 -0.02788 -0.02728 -0.00840 -0.00412
612.0  -0.03148 -0.00008 0.00408 0.00492 0.00664 -0.02948 -0.01620 -0.03212 -0.01028 -0.00368
612.5  -0.03552 -0.00012 0.00044 0.00288 0.00416 -0.03204 -0.01232 -0.03052 -0.01220 -0.00360
613.0  -0.03932 -0.00016 -0.00312 0.00072 0.00176 -0.03380 -0.01244 -0.02744 -0.01404 -0.00372
613.5  -0.04288 -0.00020 -0.00656 -0.00164 -0.00040 -0.03492 -0.01228 -0.02492 -0.01568 -0.00412
614.0  -0.04616 -0.00028 -0.00988 -0.00432 -0.00224 -0.03556 -0.01124 -0.02372 -0.01664 -0.00480
614.5  -0.04920 -0.00032 -0.01308 -0.00740 -0.00316 -0.03592 -0.00928 -0.02448 -0.01588 -0.00584
615.0  -0.05200 -0.00040 -0.01612 -0.01116 -0.00068 -0.03588 -0.00648 -0.02748 -0.01176 -0.00736
615.5  -0.05460 -0.00044 -0.01896 -0.01296 0.00608 -0.03560 -0.00296 -0.03004 -0.00660 -0.01024
616.0  -0.05700 -0.00048 -0.02164 -0.01376 0.01044 -0.03500 0.00108 -0.03128 -0.00424 -0.02164
616.5  -0.05924 -0.00048 -0.02408 -0.01500 0.01356 -0.03392 0.00576 -0.03196 -0.00380 -0.03048
617.0  -0.06128 -0.00048 -0.02628 -0.01632 0.01628 -0.03196 0.01156 -0.03240 -0.00428 -0.03180
617.5  -0.06316 -0.00048 -0.02824 -0.01756 0.01872 -0.02748 0.01932 -0.03264 -0.00512 -0.03280
618.0  -0.06488 -0.00048 -0.02992 -0.01876 0.02104 -0.01872 0.02752 -0.03264 -0.00608 -0.03344
618.5  -0.06632 -0.00044 -0.03132 -0.01984 0.02320 -0.00984 0.03156 -0.03256 -0.00700 -0.03384
619.0  -0.06752 -0.00040 -0.03236 -0.02092 0.02508 -0.00424 0.03268 -0.03240 -0.00788 -0.03400
619.5  -0.06840 -0.00036 -0.03312 -0.02192 0.02680 -0.00076 0.03292 -0.03216 -0.00864 -0.03400
620.0  -0.06892 -0.00032 -0.03352 -0.02292 0.02828 0.00172 0.03304 -0.03180 -0.00928 -0.03388
620.5  -0.06904 -0.00028 -0.03356 -0.02396 0.02944 0.00368 0.03316 -0.03124 -0.00984 -0.03364
621.0  -0.06880 -0.00020 -0.03324 -0.02508 0.03032 0.00552 0.03344 -0.03048 -0.01032 -0.03340
621.5  -0.06812 -0.00012 -0.03256 -0.02644 0.03080 0.00748 0.03392 -0.02924 -0.01084 -0.03308
622.0  -0.06700 -0.00004 -0.03148 -0.02804 0.03080 0.00984 0.03476 -0.02712 -0.01144 -0.03252
622.5  -0.06556 0.00004 -0.03000 -0.03000 0.03012 0.01292 0.03628 -0.02296 -0.01212 -0.03212
623.0  -0.06372 0.00016 -0.02824 -0.03244 0.02856 0.01704 0.03920 -0.01164 -0.01288 -0.03140
623.5  -0.06160 0.00020 -0.02604 -0.03524 0.02592 0.02240 0.03484 0.01392 -0.01364 -0.03064
624.0  -0.05916 0.00028 -0.02348 -0.03804 0.02236 0.02748 0.02336 0.02356 -0.01408 -0.02960
624.5  -0.05648 0.00032 -0.02064 -0.04040 0.01824 0.02988 0.01656 0.02608 -0.01244 -0.02832
625.0  -0.05360 0.00036 -0.01764 -0.04200 0.01444 0.02988 0.01636 0.02784 0.00332 -0.02684
625.5  -0.05048 0.00040 -0.01416 -0.04284 0.01136 0.02876 0.01796 0.02560 0.00912 -0.02496
626.0  -0.04716 0.00040 -0.01060 -0.04316 0.00912 0.02712 0.01944 0.02580 0.00696 -0.02284
626.5  -0.04360 0.00040 -0.00680 -0.04312 0.00772 0.02508 0.02092 0.02608 0.00452 -0.02052
627.0  -0.03980 0.00036 -0.00288 -0.04288 0.00700 0.02252 0.02264 0.02612 0.00260 -0.01808
627.5  -0.03580 0.00028 0.00120 -0.04244 0.00688 0.01932 0.02456 0.02604 0.00116 -0.01572
628.0  -0.03148 0.00020 0.00532 -0.04188 0.00728 0.01564 0.02636 0.02584 0.00008 -0.01344
628.5  -0.02692 0.00008 0.00944 -0.04128 0.00816 0.01216 0.02752 0.02568 -0.00068 -0.01136
629.0  -0.02208 -0.00000 0.01360 -0.04052 0.00952 0.00968 0.02792 0.02556 -0.00128 -0.00964
629.5  -0.01700 -0.00012 0.01768 -0.03952 0.01128 0.00836 0.02792 0.02544 -0.00172 -0.00816
630.0  -0.01172 -0.00020 0.02164 -0.03832 0.01336 0.00804 0.02768 0.02544 -0.00208 -0.00704
630.5  -0.00624 -0.00024 0.02548 -0.03688 0.01564 0.00848 0.02736 0.02544 -0.00240 -0.00612
631.0  -0.00072 -0.00028 0.02916 -0.03512 0.01804 0.00944 0.02696 0.02552 -0.00268 -0.00540
631.5  0.00484 -0.00028 0.03256 -0.03304 0.02052 0.01096 0.02648 0.02556 -0.00296 -0.00484
632.0  0.01036 -0.00028 0.03572 -0.03060 0.02292 0.01292 0.02592 0.02568 -0.00324 -0.00424
632.5  0.01576 -0.00020 0.03856 -0.02764 0.02524 0.01552 0.02504 0.02576 -0.00356 -0.00308
633.0  0.02096 -0.00016 0.04108 -0.02416 0.02764 0.01900 0.02340 0.02572 -0.00396 0.00124
633.5  0.02596 -0.00008 0.04328 -0.01980 0.03004 0.02364 0.02012 0.02560 -0.00444 0.02352
634.0  0.03064 -0.00004 0.04504 -0.01380 0.03244 0.02868 0.01440 0.02532 -0.00508 0.03192
634.5  0.03504 -0.00000 0.04640 -0.00496 0.03432 0.03236 0.00740 0.02480 -0.00600 0.03528
635.0  0.03916 0.00008 0.04736 0.00720 0.03348 0.03440 0.00144 0.02392 -0.00732 0.03788
635.5  0.04300 0.00012 0.04788 0.01808 0.02880 0.03552 -0.00316 0.02256 -0.00908 0.03984
636.0  0.04660 0.00012 0.04796 0.02476 0.02328 0.03608 -0.00712 0.02100 -0.01072 0.04144
636.5  0.04992 0.00012 0.04760 0.02880 0.01840 0.03532 -0.01240 0.02124 -0.00956 0.04252
637.0  0.05304 0.00012 0.04684 0.03164 0.01412 0.03052 -0.02096 0.02440 -0.00072 0.04324
637.5  0.05596 0.00008 0.04560 0.03384 0.01024 0.02436 -0.02436 0.02748 0.00556 0.04360
638.0  0.05868 0.00004 0.04392 0.03556 0.00652 0.02048 -0.01404 0.03576 0.00796 0.04372
638.5  0.06116 0.00004 0.04184 0.03696 0.00296 0.01820 -0.01980 0.03360 0.00900 0.04356
639.0  0.06340 -0.00000 0.03944 0.03808 -0.00040 0.01676 -0.02092 0.03292 0.00936 0.04324
639.5  0.06540 -0.00004 0.03644 0.03888 -0.00372 0.01572 -0.02152 0.03228 0.00928 0.04276
640.0  0.06708 -0.00012 0.03324 0.03940 -0.00696 0.01500 -0.02204 0.03152 0.00888 0.04204
640.5  0.06840 -0.00012 0.02956 0.03948 -0.01008 0.01436 -0.02252 0.03072 0.00836 0.04112
641.0  0.06932 -0.00016 0.02556 0.03928 -0.01308 0.01384 -0.02304 0.02992 0.00768 0.03992
641.5  0.06980 -0.00016 0.02128 0.03852 -0.01620 0.01340 -0.02356 0.02920 0.00692 0.03852
642.0  0.06984 -0.00016 0.01676 0.03732 -0.01912 0.01308 -0.02408 0.02860 0.00612 0.03660
642.5  0.06948 -0.00012 0.01200 0.03540 -0.02220 0.01280 -0.02464 0.02808 0.00532 0.03416
643.0  0.06868 -0.00012 0.00708 0.03256 -0.02536 0.01260 -0.02524 0.02772 0.00432 0.03080
643.5  0.06752 -0.00012 0.00200 0.02812 -0.02896 0.01256 -0.02576 0.02756 0.00324 0.02488
644.0  0.06604 -0.00012 -0.00308 0.02048 -0.03340 0.01284 -0.02624 0.02748 0.00196 0.01200
644.5  0.06432 -0.00012 -0.00816 0.00716 -0.03688 0.01412 -0.02624 0.02752 0.00040 -0.00120
645.0  0.06236 -0.00012 -0.01320 -0.00588 -0.03512 0.02660 -0.01476 0.02760 -0.00156 -0.00692
645.5  0.06020 -0.00012 -0.01812 -0.01256 -0.03092 0.03016 -0.00740 0.02764 -0.00396 -0.00988
646.0  0.05796 -0.00012 -0.02288 -0.01552 -0.02664 0.03032 -0.00924 0.02752 -0.00684 -0.01180
646.5  0.05556 -0.00012 -0.02752 -0.01672 -0.02256 0.03084 -0.01012 0.02716 -0.00984 -0.01328
647.0  0.05304 -0.00012 -0.03192 -0.01692 -0.01868 0.03128 -0.01072 0.02676 -0.01256 -0.01452
647.5  0.05036 -0.00008 -0.03608 -0.01648 -0.01496 0.03168 -0.01148 0.02656 -0.01468 -0.01552
648.0  0.04756 -0.00004 -0.03996 -0.01556 -0.01136 0.03196 -0.01224 0.02680 -0.01592 -0.01632
648.5  0.04460 0.00000 -0.04356 -0.01424 -0.00792 0.03216 -0.01288 0.02776 -0.01632 -0.01688
649.0  0.04140 0.00008 -0.04688 -0.01264 -0.00472 0.03216 -0.01264 0.02972 -0.01588 -0.01716
649.5  0.03804 0.00012 -0.04988 -0.01092 -0.00180 0.03204 -0.00616 0.03376 -0.01448 -0.01704
650.0  0.03440 0.00020 -0.05248 -0.00896 0.00084 0.03196 0.02224 0.02892 -0.01216 -0.01676
650.5  0.03056 0.00028 -0.05476 -0.00724 0.00308 0.03212 0.02860 0.02544 -0.00896 -0.01600
651.0  0.02648 0.00036 -0.05672 -0.00624 0.00448 0.03288 0.03080 0.02436 -0.00512 -0.01496
651.5  0.02220 0.00040 -0.05824 -0.00768 0.00340 0.03440 0.03208 0.02244 -0.00128 -0.01348
652.0  0.01776 0.00044 -0.05940 -0.00916 0.00376 0.03604 0.03364 0.01840 0.00196 -0.01160
652.5  0.01316 0.00044 -0.06012 -0.01016 0.00580 0.03532 0.03780 0.01124 0.00388 -0.00932
653.0  0.00848 0.00048 -0.06044 -0.01088 0.00828 0.02892 0.04460 0.00100 0.00436 -0.00660
653.5  0.00376 0.00044 -0.06032 -0.01148 0.01096 0.02416 0.04660 -0.00924 0.00368 -0.00344
654.0  -0.00100 0.00040 -0.05976 -0.01184 0.01376 0.02456 0.04416 -0.01688 0.00224 0.00008
654.5  -0.00576 0.00036 -0.05876 -0.01212 0.01648 0.02660 0.04040 -0.02164 0.00044 0.00380
655.0  -0.01052 0.00028 -0.05736 -0.01228 0.01924 0.02848 0.03664 -0.02436 -0.00148 0.00764
655.5  -0.01520 0.00024 -0.05564 -0.01256 0.02180 0.02980 0.03316 -0.02576 -0.00332 0.01120
656.0  -0.01980 0.00020 -0.05344 -0.01292 0.02420 0.03068 0.03000 -0.02628 -0.00496 0.01416
656.5  -0.02432 0.00012 -0.05100 -0.01340 0.02640 0.03120 0.02708 -0.02624 -0.00636 0.01640
657.0  -0.02876 0.00004 -0.04804 -0.01408 0.02832 0.03144 0.02436 -0.02584 -0.00748 0.01768
657.5  -0.03312 -0.00000 -0.04480 -0.01488 0.02992 0.03144 0.02180 -0.02524 -0.00840 0.01824
658.0  -0.03732 -0.00008 -0.04124 -0.01584 0.03120 0.03128 0.01940 -0.02460 -0.00904 0.01800
658.5  -0.04136 -0.00016 -0.03736 -0.01692 0.03224 0.03108 0.01704 -0.02404 -0.00948 0.01720
659.0  -0.04520 -0.00024 -0.03320 -0.01812 0.03292 0.03088 0.01472 -0.02352 -0.00976 0.01568
659.5  -0.04880 -0.00028 -0.02872 -0.01932 0.03336 0.03068 0.01212 -0.02332 -0.00996 0.01388
660.0  -0.05212 -0.00036 -0.02400 -0.02052 0.03352 0.03052 0.00872 -0.02348 -0.01004 0.01156
660.5  -0.05508 -0.00040 -0.01908 -0.02180 0.03348 0.03040 -0.00196 -0.02400 -0.01000 0.00884
661.0  -0.05768 -0.00048 -0.01392 -0.02312 0.03316 0.03028 0.01176 -0.02024 -0.00992 0.00580
661.5  -0.05988 -0.00052 -0.00864 -0.02456 0.03248 0.03012 0.01796 -0.01460 -0.00972 0.00240
662.0  -0.06168 -0.00052 -0.00324 -0.02616 0.03140 0.02972 0.02028 -0.01176 -0.00948 -0.00492
662.5  -0.06304 -0.00048 0.00216 -0.02808 0.02980 0.02892 0.02240 -0.00980 -0.00920 -0.00896
663.0  -0.06396 -0.00048 0.00756 -0.03024 0.02756 0.02676 0.02588 -0.00744 -0.00896 -0.00860
663.5  -0.06452 -0.00044 0.01284 -0.03236 0.02476 -0.00704 0.03744 -0.00176 -0.00892 -0.00820
664.0  -0.06468 -0.00040 0.01800 -0.03404 0.02200 0.01716 0.03360 0.00676 -0.00888 -0.00788
664.5  -0.06452 -0.00036 0.02300 -0.03512 0.01984 0.01680 0.02712 0.02180 -0.00892 -0.00748
665.0  -0.06404 -0.00032 0.02772 -0.03552 0.01872 0.01632 0.02756 0.02220 -0.00880 -0.00712
665.5  -0.06332 -0.00032 0.03212 -0.03544 0.01860 0.01640 0.02984 0.01980 -0.00860 -0.00672
666.0  -0.06240 -0.00028 0.03624 -0.03500 0.01940 0.01692 0.03124 0.01800 -0.00828 -0.00628
666.5  -0.06128 -0.00028 0.03996 -0.03428 0.02084 0.01792 0.03176 0.01720 -0.00784 -0.00584
667.0  -0.06000 -0.00028 0.04332 -0.03340 0.02280 0.01944 0.03148 0.01716 -0.00740 -0.00532
667.5  -0.05856 -0.00028 0.04628 -0.03220 0.02520 0.02140 0.03064 0.01744 -0.00688 -0.00468
668.0  -0.05696 -0.00028 0.04884 -0.03080 0.02788 0.02368 0.02940 0.01756 -0.00628 -0.00404
668.5  -0.05516 -0.00028 0.05100 -0.02908 0.03076 0.02624 0.02804 0.01696 -0.00552 -0.00328
669.0  -0.05320 -0.00028 0.05276 -0.02692 0.03380 0.02888 0.02776 0.01352 -0.00464 -0.00248
669.5  -0.05100 -0.00032 0.05408 -0.02416 0.03692 0.03152 0.02800 0.00448 -0.00360 -0.00160
670.0  -0.04856 -0.00028 0.05500 -0.02056 0.04008 0.03424 0.02196 0.01208 -0.00236 -0.00080
670.5  -0.04592 -0.00028 0.05548 -0.01560 0.04316 0.03712 0.01744 0.01064 -0.00104 -0.00000
671.0  -0.04308 -0.00024 0.05556 -0.00876 0.04576 0.04000 0.01148 0.00748 0.00016 0.00036
671.5  -0.03996 -0.00020 0.05524 0.00016 0.04712 0.04192 0.00336 0.00304 0.00104 0.00004
672.0  -0.03668 -0.00020 0.05448 0.00992 0.04636 0.04180 -0.00420 -0.00300 0.00140 -0.00160
672.5  -0.03324 -0.00016 0.05336 0.01824 0.04388 0.04016 -0.00652 -0.01116 0.00128 -0.00584
673.0  -0.02960 -0.00016 0.05180 0.02428 0.04072 0.03792 -0.00244 -0.01864 0.00072 -0.01332
673.5  -0.02584 -0.00016 0.04988 0.02828 0.03760 0.03540 0.00284 -0.02332 -0.00000 -0.02104
674.0  -0.02196 -0.00020 0.04772 0.03104 0.03468 0.03300 0.00656 -0.02632 -0.00084 -0.02508
674.5  -0.01796 -0.00024 0.04492 0.03296 0.03208 0.03100 0.00852 -0.02840 -0.00172 -0.02644
675.0  -0.01384 -0.00024 0.04204 0.03416 0.02964 0.02964 0.00920 -0.02976 -0.00260 -0.02620
675.5  -0.00964 -0.00028 0.03868 0.03496 0.02740 0.02876 0.00916 -0.03060 -0.00344 -0.02524
676.0  -0.00532 -0.00032 0.03516 0.03544 0.02544 0.02840 0.00884 -0.03088 -0.00420 -0.02352
676.5  -0.00092 -0.00036 0.03136 0.03564 0.02372 0.02820 0.00852 -0.03080 -0.00496 -0.02136
677.0  0.00360 -0.00040 0.02748 0.03568 0.02232 0.02816 0.00832 -0.03040 -0.00560 -0.01876
677.5  0.00824 -0.00040 0.02324 0.03548 0.02116 0.02820 0.00832 -0.02976 -0.00604 -0.01576
678.0  0.01296 -0.00036 0.01900 0.03516 0.02036 0.02832 0.00844 -0.02908 -0.00624 -0.01232
678.5  0.01776 -0.00032 0.01464 0.03472 0.01980 0.02848 0.00864 -0.02844 -0.00616 -0.00896
679.0  0.02256 -0.00028 0.01020 0.03408 0.01952 0.02872 0.00892 -0.02788 -0.00568 -0.00520
679.5  0.02736 -0.00020 0.00576 0.03332 0.01932 0.02900 0.00920 -0.02744 -0.00472 -0.00140
680.0  0.03204 -0.00012 0.00128 0.03244 0.01920 0.02944 0.00948 -0.02720 -0.00328 0.00220
680.5  0.03660 -0.00000 -0.00312 0.03144 0.01912 0.03000 0.00968 -0.02704 -0.00136 0.00600
681.0  0.04088 0.00012 -0.00744 0.03028 0.01892 0.03064 0.00980 -0.02688 0.00088 0.00980
681.5  0.04492 0.00020 -0.01164 0.02900 0.01864 0.03140 0.00976 -0.02668 0.00324 0.01356
682.0  0.04856 0.00028 -0.01572 0.02764 0.01824 0.03236 0.00944 -0.02636 0.00536 0.01724
682.5  0.05184 0.00036 -0.01956 0.02608 0.01780 0.03336 0.00860 -0.02604 0.00712 0.02096
683.0  0.05468 0.00040 -0.02320 0.02448 0.01720 0.03456 0.00692 -0.02576 0.00848 0.02480
683.5  0.05704 0.00044 -0.02656 0.02276 0.01656 0.03588 0.00352 -0.02556 0.00932 0.02940
684.0  0.05896 0.00044 -0.02964 0.02092 0.01580 0.03668 -0.00292 -0.02544 0.00976 0.02916
684.5  0.06044 0.00040 -0.03240 0.01896 0.01492 0.03540 -0.01256 -0.02532 0.00980 0.02392
685.0  0.06144 0.00036 -0.03476 0.01692 0.01396 0.03192 -0.02112 -0.02520 0.00944 0.02264
685.5  0.06208 0.00032 -0.03680 0.01484 0.01288 0.02880 -0.02628 -0.02504 0.00876 0.02260
686.0  0.06232 0.00024 -0.03840 0.01272 0.01164 0.02656 -0.02940 -0.02484 0.00776 0.02308
686.5  0.06224 0.00020 -0.03960 0.01064 0.01028 0.02488 -0.03156 -0.02456 0.00652 0.02380
687.0  0.06192 0.00012 -0.04040 0.00856 0.00876 0.02344 -0.03324 -0.02428 0.00508 0.02484
687.5  0.06132 0.00012 -0.04080 0.00652 0.00712 0.02204 -0.03460 -0.02400 0.00344 0.02616
688.0  0.06056 0.00008 -0.04076 0.00464 0.00532 0.02068 -0.03572 -0.02372 0.00168 0.02776
688.5  0.05956 0.00012 -0.04028 0.00276 0.00348 0.01924 -0.03664 -0.02344 -0.00016 0.02964
689.0  0.05844 0.00012 -0.03940 0.00100 0.00156 0.01768 -0.03740 -0.02312 -0.00212 0.03184
689.5  0.05712 0.00020 -0.03816 -0.00068 -0.00044 0.01596 -0.03808 -0.02280 -0.00412 0.03412
690.0  0.05564 0.00028 -0.03648 -0.00228 -0.00244 0.01364 -0.03872 -0.02244 -0.00624 0.03616
690.5  0.05400 0.00036 -0.03444 -0.00376 -0.00452 0.00912 -0.03972 -0.02200 -0.00860 0.03788
691.0  0.05216 0.00044 -0.03208 -0.00508 -0.00664 -0.01424 -0.03760 -0.02152 -0.01124 0.03880
691.5  0.05016 0.00052 -0.02936 -0.00596 -0.00900 -0.03356 -0.01976 -0.02180 -0.01420 0.03892
692.0  0.04804 0.00064 -0.02636 -0.00476 -0.01236 -0.03428 -0.00952 -0.02544 -0.01648 0.03832
692.5  0.04576 0.00064 -0.02312 0.00520 -0.01476 -0.03160 -0.00344 -0.03356 -0.00568 0.03712
693.0  0.04336 0.00064 -0.01964 0.01016 -0.01488 -0.02780 0.00384 -0.03612 0.00800 0.03560
693.5  0.04084 0.00064 -0.01600 0.01244 -0.01608 -0.02388 0.01156 -0.03644 0.00992 0.03368
694.0  0.03824 0.00056 -0.01224 0.01416 -0.01772 -0.01960 0.01756 -0.03620 0.00992 0.03160
694.5  0.03552 0.00048 -0.00840 0.01560 -0.01956 -0.01464 0.02196 -0.03576 0.00948 0.02944
695.0  0.03276 0.00036 -0.00452 0.01676 -0.02148 -0.00912 0.02496 -0.03516 0.00876 0.02720
695.5  0.02984 0.00024 -0.00064 0.01768 -0.02336 -0.00336 0.02656 -0.03440 0.00796 0.02492
696.0  0.02684 0.00012 0.00320 0.01836 -0.02536 0.00240 0.02692 -0.03352 0.00708 0.02252
696.5  0.02372 -0.00000 0.00692 0.01872 -0.02732 0.00780 0.02620 -0.03260 0.00620 0.02012
697.0  0.02040 -0.00012 0.01056 0.01880 -0.02924 0.01284 0.02456 -0.03156 0.00536 0.01760
697.5  0.01692 -0.00024 0.01404 0.01860 -0.03108 0.01748 0.02208 -0.03060 0.00464 0.01512
698.0  0.01324 -0.00028 0.01728 0.01812 -0.03280 0.02164 0.01880 -0.02964 0.00400 0.01264
698.5  0.00936 -0.00032 0.02032 0.01728 -0.03432 0.02524 0.01484 -0.02880 0.00352 0.01028
699.0  0.00520 -0.00036 0.02312 0.01616 -0.03576 0.02804 0.01056 -0.02808 0.00316 0.00796
699.5  0.00080 -0.00036 0.02560 0.01460 -0.03708 0.03012 0.00636 -0.02744 0.00292 0.00580
700.0  -0.00380 -0.00032 0.02780 0.01260 -0.03828 0.03160 0.00284 -0.02688 0.00280 0.00388
700.5  -0.00856 -0.00032 0.02980 0.00988 -0.03944 0.03284 0.00004 -0.02632 0.00280 0.00220
701.0  -0.01348 -0.00024 0.03132 0.00604 -0.04036 0.03408 -0.00200 -0.02572 0.00292 0.00064
701.5  -0.01852 -0.00020 0.03260 0.00000 -0.04092 0.03540 -0.00360 -0.02492 0.00316 -0.00064
702.0  -0.02352 -0.00016 0.03352 -0.01076 -0.03952 0.03684 -0.00512 -0.02384 0.00356 -0.00172
702.5  -0.02852 -0.00008 0.03404 -0.02588 -0.03168 0.03828 -0.00728 -0.02224 0.00416 -0.00256
703.0  -0.03340 -0.00008 0.03408 -0.03464 -0.02152 0.03956 -0.01120 -0.01952 0.00484 -0.00316
703.5  -0.03812 -0.00004 0.03380 -0.03800 -0.01460 0.04052 -0.01588 -0.01500 0.00556 -0.00352
704.0  -0.04260 -0.00004 0.03320 -0.03944 -0.00972 0.04104 -0.01828 -0.01172 0.00628 -0.00372
704.5  -0.04676 -0.00000 0.03220 -0.04000 -0.00580 0.04108 -0.01944 -0.01056 0.00712 -0.00368
705.0  -0.05064 0.00000 0.03072 -0.04008 -0.00248 0.04068 -0.02052 -0.01048 0.00808 -0.00348
705.5  -0.05416 0.00000 0.02908 -0.03992 0.00032 0.03988 -0.02148 -0.01096 0.00904 -0.00316
706.0  -0.05728 -0.00000 0.02696 -0.03948 0.00276 0.03896 -0.02224 -0.01176 0.00992 -0.00268
706.5  -0.05996 -0.00004 0.02464 -0.03880 0.00464 0.03812 -0.02248 -0.01276 0.01056 -0.00208
707.0  -0.06224 -0.00008 0.02200 -0.03808 0.00576 0.03740 -0.02212 -0.01396 0.01100 -0.00136
707.5  -0.06412 -0.00012 0.01908 -0.03748 0.00580 0.03692 -0.02112 -0.01520 0.01120 -0.00060
708.0  -0.06552 -0.00016 0.01596 -0.03704 0.00432 0.03660 -0.01944 -0.01640 0.01124 0.00016
708.5  -0.06648 -0.00020 0.01264 -0.03668 0.00104 0.03636 -0.01732 -0.01756 0.01124 0.00072
709.0  -0.06700 -0.00024 0.00912 -0.03604 -0.00288 0.03612 -0.01468 -0.01872 0.01116 0.00108
709.5  -0.06704 -0.00028 0.00544 -0.03528 -0.00564 0.03576 -0.01160 -0.01992 0.01108 0.00052
710.0  -0.06668 -0.00032 0.00164 -0.03480 -0.00660 0.03516 -0.00816 -0.02108 0.01092 -0.00304
710.5  -0.06592 -0.00032 -0.00224 -0.03480 -0.00632 0.03428 -0.00464 -0.02228 0.01072 -0.01520
711.0  -0.06472 -0.00028 -0.00616 -0.03500 -0.00536 0.03308 -0.00140 -0.02340 0.01040 -0.01624
711.5  -0.06320 -0.00032 -0.01012 -0.03548 -0.00404 0.03176 0.00128 -0.02436 0.00992 -0.01384
712.0  -0.06132 0.00028 -0.01408 -0.03608 -0.00260 0.03044 0.00324 -0.02524 0.00932 -0.01108
712.5  -0.05920 0.00024 -0.01796 -0.03676 -0.00112 0.02936 0.00460 -0.02596 0.00852 -0.00812
713.0  -0.05684 0.00016 -0.02172 -0.03748 0.00028 0.02844 0.00544 -0.02672 0.00744 -0.00504
713.5  -0.05428 0.00008 -0.02536 -0.03816 0.00152 0.02776 0.00580 -0.02744 0.00612 -0.00204
714.0  -0.05164 0.00000 -0.02884 -0.03880 0.00244 0.02724 0.00572 -0.02832 0.00480 0.00096
714.5  -0.04884 -0.00008 -0.03204 -0.03944 0.00316 0.02668 0.00508 -0.02928 0.00348 0.00392
715.0  -0.04600 -0.00016 -0.03504 -0.04004 0.00356 0.02608 0.00320 -0.03048 0.00256 0.00676
715.5  -0.04308 -0.00024 -0.03768 -0.04052 0.00356 0.02512 0.00104 -0.03180 0.00204 0.00956
716.0  -0.04012 -0.00032 -0.04008 -0.04084 0.00304 0.02372 0.01036 -0.03176 0.00192 0.01232
716.5  -0.03708 -0.00040 -0.04208 -0.04100 0.00208 0.02148 0.02160 -0.02808 0.00212 0.01488
717.0  -0.03396 -0.00048 -0.04376 -0.04100 0.00060 0.01820 0.02856 -0.02480 0.00256 0.01744
717.5  -0.03072 -0.00052 -0.04504 -0.04064 -0.00144 0.01388 0.03280 -0.02332 0.00308 0.01984
718.0  -0.02732 -0.00056 -0.04592 -0.03992 -0.00392 0.00852 0.03572 -0.02288 0.00376 0.02208
718.5  -0.02376 -0.00060 -0.04640 -0.03864 -0.00660 0.00144 0.03760 -0.02280 0.00448 0.02416
719.0  -0.01996 -0.00060 -0.04648 -0.03692 -0.00928 -0.01188 0.03680 -0.02264 0.00528 0.02580
719.5  -0.01592 -0.00056 -0.04612 -0.03476 -0.01164 -0.03148 0.02440 -0.02236 0.00608 0.02684
720.0  -0.01168 -0.00056 -0.04532 -0.03224 -0.01344 -0.03856 0.01380 -0.02216 0.00688 0.02676
720.5  -0.00720 -0.00048 -0.04408 -0.02956 -0.01460 -0.04160 0.00452 -0.02240 0.00720 0.02488
721.0  -0.00252 -0.00040 -0.04240 -0.02696 -0.01508 -0.04384 -0.00308 -0.02040 0.00672 0.02136
721.5  0.00228 -0.00032 -0.04028 -0.02440 -0.01488 -0.04572 -0.00200 -0.01864 0.00544 0.01744
722.0  0.00716 -0.00020 -0.03768 -0.02200 -0.01412 -0.04704 0.00396 -0.01720 0.00400 0.01432
722.5  0.01212 -0.00008 -0.03472 -0.01984 -0.01304 -0.04560 0.01648 -0.01536 0.00292 0.01184
723.0  0.01704 0.00008 -0.03132 -0.01788 -0.01156 -0.03796 0.03200 -0.01296 0.00220 0.01008
723.5  0.02188 0.00024 -0.02752 -0.01608 -0.00996 -0.03104 0.03996 -0.01000 0.00172 0.00868
724.0  0.02660 0.00036 -0.02340 -0.01432 -0.00820 -0.02788 0.04308 -0.00656 0.00140 0.00760
724.5  0.03116 0.00052 -0.01892 -0.01272 -0.00644 -0.02684 0.04416 -0.00276 0.00132 0.00664
725.0  0.03552 0.00064 -0.01428 -0.01112 -0.00468 -0.02704 0.04408 0.00104 0.00136 0.00588
725.5  0.03960 0.00072 -0.00932 -0.00952 -0.00296 -0.02804 0.04312 0.00448 0.00164 0.00528
726.0  0.04348 0.00080 -0.00424 -0.00780 -0.00124 -0.02980 0.04128 0.00724 0.00212 0.00468
726.5  0.04708 0.00084 0.00096 -0.00604 0.00044 -0.03256 0.03844 0.00912 0.00280 0.00420
727.0  0.05040 0.00088 0.00624 -0.00408 0.00216 -0.03692 0.03352 0.01012 0.00368 0.00376
727.5  0.05344 0.00080 0.01156 -0.00196 0.00388 -0.04392 0.02272 0.01020 0.00468 0.00352
728.0  0.05620 0.00072 0.01684 0.00044 0.00548 -0.04908 0.00216 0.00932 0.00568 0.00412
728.5  0.05868 0.00064 0.02200 0.00356 0.00664 -0.04716 -0.01268 0.00752 0.00656 0.00904
729.0  0.06084 0.00048 0.02708 0.00788 0.00620 -0.04456 -0.01956 0.00428 0.00704 0.01364
729.5  0.06268 0.00032 0.03200 0.01244 0.00264 -0.04256 -0.02272 -0.00372 0.00684 0.01104
730.0  0.06424 0.00012 0.03672 0.01548 -0.00100 -0.04088 -0.00888 -0.02352 0.00580 0.00756
730.5  0.06544 -0.00012 0.04120 0.01796 -0.00364 -0.03928 -0.00040 -0.02696 0.00376 0.00396
731.0  0.06636 -0.00032 0.04536 0.02028 -0.00568 -0.03728 0.00600 -0.02840 0.00092 0.00036
731.5  0.06692 -0.00052 0.04924 0.02264 -0.00752 -0.03444 0.01248 -0.02896 -0.00228 -0.00316
732.0  0.06716 -0.00072 0.05276 0.02488 -0.00920 -0.03084 0.01800 -0.02896 -0.00516 -0.00652
732.5  0.06716 -0.00084 0.05592 0.02708 -0.01088 -0.02748 0.02160 -0.02868 -0.00744 -0.00964
733.0  0.06688 -0.00096 0.05868 0.02908 -0.01252 -0.02508 0.02348 -0.02832 -0.00908 -0.01260
733.5  0.06636 -0.00096 0.06096 0.03096 -0.01416 -0.02356 0.02428 -0.02796 -0.01008 -0.01532
734.0  0.06560 -0.00100 0.06284 0.03256 -0.01584 -0.02288 0.02436 -0.02764 -0.01068 -0.01788
734.5  0.06464 -0.00092 0.06420 0.03392 -0.01740 -0.02276 0.02392 -0.02740 -0.01096 -0.02012
735.0  0.06352 -0.00084 0.06508 0.03508 -0.01892 -0.02316 0.02296 -0.02724 -0.01100 -0.02220
735.5  0.06216 -0.00068 0.06540 0.03600 -0.02020 -0.02408 0.02140 -0.02720 -0.01092 -0.02404
736.0  0.06056 -0.00056 0.06524 0.03684 -0.02108 -0.02544 0.01908 -0.02724 -0.01084 -0.02568
736.5  0.05876 -0.00036 0.06452 0.03780 -0.02120 -0.02724 0.01572 -0.02728 -0.01064 -0.02700
737.0  0.05664 -0.00020 0.06336 0.03912 -0.01996 -0.02920 0.01132 -0.02704 -0.01040 -0.02800
737.5  0.05424 -0.00004 0.06152 0.04120 -0.01612 -0.03096 0.00616 -0.02648 -0.00988 -0.02876
738.0  0.05152 0.00012 0.05920 0.04336 -0.00928 -0.03220 0.00088 -0.02572 -0.00872 -0.02888
738.5  0.04844 0.00024 0.05640 0.04412 -0.00240 -0.03252 -0.00432 -0.02528 -0.00620 -0.02824
739.0  0.04500 0.00036 0.05308 0.04384 0.00128 -0.03152 -0.01052 -0.02500 -0.00260 -0.02660
739.5  0.04116 0.00044 0.04940 0.04324 0.00220 -0.02716 -0.01940 -0.02460 0.00020 -0.02320
740.0  0.03700 0.00052 0.04516 0.04260 0.00152 -0.01852 -0.02776 -0.02428 0.00144 -0.01776
740.5  0.03252 0.00056 0.04072 0.04184 -0.00012 -0.01180 -0.03108 -0.02416 0.00176 -0.01108
741.0  0.02780 0.00060 0.03572 0.04096 -0.00228 -0.00812 -0.03204 -0.02416 0.00164 -0.00460
741.5  0.02284 0.00060 0.03060 0.03992 -0.00468 -0.00608 -0.03224 -0.02424 0.00140 0.00056
742.0  0.01780 0.00060 0.02512 0.03872 -0.00720 -0.00484 -0.03212 -0.02440 0.00112 0.00424
742.5  0.01268 0.00052 0.01952 0.03744 -0.00972 -0.00392 -0.03192 -0.02460 0.00072 0.00700
743.0  0.00760 0.00044 0.01376 0.03600 -0.01220 -0.00312 -0.03160 -0.02484 0.00032 0.00884
743.5  0.00256 0.00044 0.00792 0.03456 -0.01460 -0.00224 -0.03128 -0.02508 -0.00016 0.00996
744.0  -0.00244 0.00036 0.00200 0.03304 -0.01676 -0.00100 -0.03092 -0.02536 -0.00080 0.01068
744.5  -0.00728 0.00032 -0.00384 0.03160 -0.01880 0.00076 -0.03056 -0.02560 -0.00168 0.01100
745.0  -0.01204 0.00028 -0.00960 0.03028 -0.02068 0.00352 -0.03000 -0.02588 -0.00264 0.01092
745.5  -0.01668 0.00024 -0.01528 0.02900 -0.02236 0.00752 -0.02892 -0.02608 -0.00400 0.01052
746.0  -0.02120 0.00024 -0.02072 0.02792 -0.02384 0.01276 -0.02676 -0.02608 -0.00580 0.00992
746.5  -0.02560 0.00028 -0.02596 0.02700 -0.02512 0.01836 -0.02324 -0.02572 -0.00816 0.00896
747.0  -0.02992 0.00032 -0.03092 0.02636 -0.02612 0.02284 -0.01936 -0.02440 -0.01120 0.00780
747.5  -0.03412 0.00032 -0.03560 0.02624 -0.02676 0.02572 -0.01624 -0.02212 -0.01488 0.00664
748.0  -0.03820 0.00036 -0.03992 0.02724 -0.02628 0.02748 -0.01336 -0.01908 -0.01908 0.00520
748.5  -0.04212 0.00040 -0.04384 0.03372 -0.01804 0.02856 -0.01020 -0.01260 -0.02468 0.00372
749.0  -0.04592 0.00044 -0.04740 0.03696 0.01128 0.02932 -0.00680 0.01592 -0.02372 0.00192
749.5  -0.04948 0.00044 -0.05056 0.03556 0.01596 0.02976 -0.00312 0.02248 -0.01896 0.00012
750.0  -0.05284 0.00044 -0.05328 0.03556 0.01668 0.02984 0.00092 0.02516 -0.01684 -0.00192
750.5  -0.05592 0.00044 -0.05560 0.03592 0.01644 0.02932 0.00540 0.02700 -0.01536 -0.00400
751.0  -0.05864 0.00040 -0.05748 0.03632 0.01576 0.02800 0.01024 0.02852 -0.01428 -0.00620
751.5  -0.06104 0.00040 -0.05888 0.03672 0.01480 0.02592 0.01476 0.02988 -0.01344 -0.00840
752.0  -0.06304 0.00028 -0.05988 0.03700 0.01348 0.02348 0.01852 0.03104 -0.01280 -0.01064
752.5  -0.06460 0.00020 -0.06040 0.03720 0.01192 0.02120 0.02116 0.03208 -0.01228 -0.01292
753.0  -0.06580 0.00008 -0.06052 0.03728 0.01012 0.01936 0.02300 0.03292 -0.01188 -0.01528
753.5  -0.06660 -0.00004 -0.06020 0.03724 0.00816 0.01804 0.02420 0.03360 -0.01160 -0.01772
754.0  -0.06704 -0.00016 -0.05944 0.03704 0.00596 0.01716 0.02496 0.03408 -0.01136 -0.02020
754.5  -0.06716 -0.00028 -0.05824 0.03664 0.00364 0.01672 0.02540 0.03444 -0.01112 -0.02280
755.0  -0.06700 -0.00044 -0.05664 0.03612 0.00128 0.01668 0.02564 0.03460 -0.01088 -0.02556
755.5  -0.06660 -0.00052 -0.05472 0.03544 -0.00104 0.01692 0.02568 0.03460 -0.01060 -0.02840
756.0  -0.06596 -0.00060 -0.05232 0.03440 -0.00324 0.01752 0.02560 0.03440 -0.01024 -0.03160
756.5  -0.06516 -0.00068 -0.04968 0.03332 -0.00524 0.01840 0.02540 0.03412 -0.00984 -0.03480
757.0  -0.06416 -0.00072 -0.04660 0.03196 -0.00692 0.01980 0.02488 0.03372 -0.00932 -0.03632
757.5  -0.06296 -0.00072 -0.04324 0.03060 -0.00800 0.02840 0.01552 0.03316 -0.00860 -0.03320
758.0  -0.06152 -0.00072 -0.03952 0.02932 -0.00808 0.02752 -0.01844 0.03252 -0.00772 -0.02896
758.5  -0.05980 -0.00068 -0.03568 0.02872 -0.00400 0.02728 -0.02040 0.03176 -0.00652 -0.02548
759.0  -0.05776 -0.00064 -0.03156 0.02168 0.01688 0.02764 -0.02192 0.03072 -0.00488 -0.02260
759.5  -0.05540 -0.00056 -0.02744 0.01692 0.01944 0.02824 -0.02388 0.02896 -0.00248 -0.02004
760.0  -0.05260 -0.00052 -0.02292 0.01544 0.01824 0.02912 -0.02728 0.02508 0.00092 -0.01772
760.5  -0.04944 -0.00044 -0.01840 0.01436 0.01656 0.03032 -0.03344 0.01340 0.00376 -0.01556
761.0  -0.04588 -0.00036 -0.01380 0.01320 0.01476 0.03236 -0.03308 -0.01028 -0.00024 -0.01348
761.5  -0.04192 -0.00028 -0.00920 0.01184 0.01300 0.04156 -0.00804 -0.02108 -0.00536 -0.01152
762.0  -0.03764 -0.00024 -0.00452 0.01036 0.01132 0.02636 -0.03672 -0.01344 -0.00764 -0.00972
762.5  -0.03308 -0.00020 0.00012 0.00872 0.00972 0.02240 -0.03328 0.02492 -0.00844 -0.00796
763.0  -0.02832 -0.00016 0.00472 0.00704 0.00816 0.02044 -0.03184 0.02856 -0.00856 -0.00636
763.5  -0.02340 -0.00012 0.00924 0.00524 0.00668 0.01920 -0.03164 0.02992 -0.00832 -0.00488
764.0  -0.01840 -0.00012 0.01368 0.00348 0.00520 0.01836 -0.03168 0.03068 -0.00788 -0.00348
764.5  -0.01340 -0.00016 0.01788 0.00168 0.00376 0.01768 -0.03180 0.03120 -0.00736 -0.00228
765.0  -0.00844 -0.00016 0.02192 -0.00012 0.00240 0.01712 -0.03196 0.03156 -0.00680 -0.00124
765.5  -0.00352 -0.00020 0.02572 -0.00192 0.00120 0.01648 -0.03224 0.03176 -0.00612 -0.00040
766.0  0.00128 -0.00024 0.02920 -0.00388 0.00032 0.01572 -0.03264 0.03184 -0.00536 0.00016
766.5  0.00596 -0.00032 0.03240 -0.00584 0.00024 0.01472 -0.03316 0.03184 -0.00448 0.00040
767.0  0.01052 -0.00036 0.03520 -0.00792 0.00136 0.01316 -0.03400 0.03172 -0.00340 0.00024
767.5  0.01496 -0.00044 0.03760 -0.00980 0.00320 0.01052 -0.03512 0.03148 -0.00204 -0.00060
768.0  0.01924 -0.00052 0.03956 -0.01152 0.00488 0.00572 -0.03652 0.03108 -0.00028 -0.00268
768.5  0.02340 -0.00056 0.04112 -0.01332 0.00636 -0.00256 -0.03724 0.03052 0.00168 -0.00684
769.0  0.02736 -0.00060 0.04220 -0.01516 0.00768 -0.01208 -0.03560 0.02984 0.00372 -0.01348
769.5  0.03112 -0.00060 0.04284 -0.01696 0.00896 -0.01860 -0.03292 0.02912 0.00528 -0.01960
770.0  0.03476 -0.00060 0.04304 -0.01876 0.01016 -0.02236 -0.03040 0.02884 0.00612 -0.02356
770.5  0.03816 -0.00060 0.04280 -0.02044 0.01144 -0.02472 -0.02740 0.02956 0.00620 -0.02604
771.0  0.04132 -0.00056 0.04224 -0.02196 0.01272 -0.02648 -0.02048 0.03312 0.00580 -0.02768
771.5  0.04428 -0.00052 0.04104 -0.02340 0.01416 -0.02808 0.00388 0.03744 0.00504 -0.02880
772.0  0.04704 -0.00044 0.03972 -0.02456 0.01560 -0.02964 0.01440 0.03316 0.00416 -0.02960
772.5  0.04952 -0.00036 0.03780 -0.02568 0.01712 -0.03152 0.01528 0.03060 0.00312 -0.03012
773.0  0.05180 -0.00028 0.03572 -0.02656 0.01872 -0.03412 0.01204 0.02876 0.00188 -0.03036
773.5  0.05388 -0.00020 0.03324 -0.02744 0.02024 -0.03696 0.00044 0.02720 0.00028 -0.03032
774.0  0.05572 -0.00008 0.03032 -0.02808 0.02164 -0.03360 -0.01668 0.02580 -0.00220 -0.03020
774.5  0.05740 0.00004 0.02716 -0.02880 0.02284 -0.02956 -0.02320 0.02460 -0.00532 -0.02988
775.0  0.05892 0.00012 0.02376 -0.02960 0.02372 -0.02748 -0.02432 0.02480 -0.00696 -0.02940
775.5  0.06024 0.00020 0.02020 -0.03056 0.02412 -0.02648 -0.02120 0.02804 -0.00644 -0.02880
776.0  0.06136 0.00028 0.01628 -0.03184 0.02392 -0.02604 -0.01300 0.03288 -0.00468 -0.02808
776.5  0.06232 0.00032 0.01228 -0.03324 0.02300 -0.02616 -0.00536 0.03476 -0.00228 -0.02712
777.0  0.06308 0.00036 0.00812 -0.03464 0.02168 -0.02648 -0.00524 0.03428 0.00020 -0.02564
777.5  0.06360 0.00036 0.00388 -0.03576 0.02028 -0.02152 -0.01808 0.03300 0.00252 -0.02348
778.0  0.06392 0.00036 -0.00032 -0.03628 0.01924 -0.01792 -0.02340 0.03132 0.00456 -0.02064
778.5  0.06392 0.00032 -0.00448 -0.03628 0.01880 -0.01784 -0.02528 0.02932 0.00620 -0.01792
779.0  0.06360 0.00028 -0.00852 -0.03576 0.01896 -0.01844 -0.02672 0.02712 0.00736 -0.01572
779.5  0.06296 0.00020 -0.01240 -0.03488 0.01956 -0.01900 -0.02816 0.02472 0.00808 -0.01404
780.0  0.06192 0.00012 -0.01608 -0.03364 0.02056 -0.01932 -0.02972 0.02216 0.00828 -0.01280
780.5  0.06048 0.00004 -0.01944 -0.03216 0.02164 -0.01932 -0.03140 0.01952 0.00804 -0.01184
781.0  0.05860 -0.00008 -0.02256 -0.03056 0.02288 -0.01888 -0.03316 0.01680 0.00736 -0.01112
781.5  0.05628 -0.00016 -0.02532 -0.02884 0.02408 -0.01788 -0.03496 0.01420 0.00624 -0.01064
782.0  0.05356 -0.00024 -0.02768 -0.02712 0.02528 -0.01604 -0.03672 0.01200 0.00484 -0.01028
782.5  0.05048 -0.00032 -0.02980 -0.02536 0.02632 -0.01300 -0.03840 0.01064 0.00316 -0.01004
783.0  0.04704 -0.00040 -0.03144 -0.02368 0.02740 -0.00820 -0.03988 0.01032 0.00132 -0.00992
783.5  0.04328 -0.00044 -0.03264 -0.02204 0.02832 -0.00152 -0.04052 0.01096 -0.00056 -0.00992
784.0  0.03924 -0.00040 -0.03352 -0.02040 0.02928 0.00612 -0.03972 0.01232 -0.00236 -0.01000
784.5  0.03496 -0.00036 -0.03396 -0.01868 0.03020 0.01316 -0.03744 0.01396 -0.00400 -0.01024
785.0  0.03048 -0.00028 -0.03400 -0.01680 0.03112 0.01896 -0.03424 0.01560 -0.00536 -0.01056
785.5  0.02584 -0.00016 -0.03364 -0.01452 0.03212 0.02372 -0.03052 0.01720 -0.00640 -0.01120
786.0  0.02104 -0.00004 -0.03292 -0.01168 0.03316 0.02788 -0.02620 0.01868 -0.00700 -0.01220
786.5  0.01612 0.00012 -0.03184 -0.00760 0.03424 0.03148 -0.02116 0.02024 -0.00700 -0.01420
787.0  0.01112 0.00028 -0.03040 -0.00124 0.03496 0.03436 -0.01532 0.02188 -0.00636 -0.01896
787.5  0.00600 0.00044 -0.02860 0.00796 0.03400 0.03624 -0.00920 0.02348 -0.00492 -0.03168
788.0  0.00088 0.00060 -0.02652 0.01720 0.03020 0.03696 -0.00356 0.02496 -0.00300 -0.03848
788.5  -0.00424 0.00076 -0.02416 0.02316 0.02572 0.03680 0.00112 0.02616 -0.00076 -0.03972
789.0  -0.00932 0.00088 -0.02156 0.02652 0.02200 0.03616 0.00460 0.02708 0.00144 -0.04036
789.5  -0.01428 0.00096 -0.01872 0.02852 0.01896 0.03540 0.00712 0.02772 0.00348 -0.04068
790.0  -0.01908 0.00100 -0.01576 0.02984 0.01628 0.03460 0.00872 0.02812 0.00532 -0.04076
790.5  -0.02364 0.00104 -0.01248 0.03068 0.01396 0.03392 0.00964 0.02832 0.00696 -0.04068
791.0  -0.02788 0.00104 -0.00908 0.03116 0.01184 0.03336 0.00992 0.02828 0.00848 -0.04032
791.5  -0.03176 0.00100 -0.00572 0.03152 0.00988 0.03296 0.00968 0.02816 0.00984 -0.03968
792.0  -0.03528 0.00088 -0.00212 0.03140 0.00808 0.03272 0.00892 0.02788 0.01108 -0.03880
792.5  -0.03836 0.00076 0.00132 0.03128 0.00652 0.03260 0.00772 0.02748 0.01232 -0.03768
793.0  -0.04100 0.00060 0.00500 0.03092 0.00520 0.03264 0.00616 0.02688 0.01344 -0.03632
793.5  -0.04332 0.00040 0.00856 0.03040 0.00428 0.03280 0.00428 0.02612 0.01452 -0.03472
794.0  -0.04532 0.00024 0.01208 0.02964 0.00464 0.03296 0.00220 0.02528 0.01540 -0.03292
794.5  -0.04708 0.00004 0.01544 0.02552 0.01428 0.03308 0.00000 0.02476 0.01568 -0.03088
795.0  -0.04864 -0.00012 0.01888 0.00680 0.02764 0.03308 -0.00232 0.02604 0.01288 -0.02860
795.5  -0.05008 -0.00024 0.02216 0.00488 0.02716 0.03276 -0.00500 0.02896 0.00012 -0.02596
796.0  -0.05148 -0.00036 0.02528 0.00472 0.02620 0.03208 -0.00844 0.02840 -0.00584 -0.02280
796.5  -0.05284 -0.00040 0.02828 0.00480 0.02508 0.03076 -0.01292 0.02840 -0.00560 -0.01824
797.0  -0.05420 -0.00044 0.03096 0.00492 0.02380 0.02840 -0.01840 0.02844 -0.00400 -0.00880
797.5  -0.05556 -0.00040 0.03360 0.00500 0.02244 0.02396 -0.02496 0.02832 -0.00204 0.00168
798.0  -0.05688 -0.00036 0.03588 0.00496 0.02080 0.01500 -0.03204 0.02812 0.00000 0.00480
798.5  -0.05816 -0.00024 0.03788 0.00492 0.01904 0.00212 -0.03608 0.02796 0.00200 0.00580
799.0  -0.05936 -0.00016 0.03952 0.00476 0.01704 -0.00808 -0.03596 0.02788 0.00392 0.00608
799.5  -0.06040 0.00004 0.04092 0.00448 0.01488 -0.01456 -0.03448 0.02796 0.00576 0.00584
800.0  -0.06124 0.00016 0.04188 0.00424 0.01248 -0.01900 -0.03280 0.02812 0.00748 0.00544
800.5  -0.06180 0.00032 0.04248 0.00388 0.00980 -0.02228 -0.03104 0.02836 0.00912 0.00484
801.0  -0.06204 0.00048 0.04272 0.00356 0.00704 -0.02496 -0.02916 0.02868 0.01064 0.00408
801.5  -0.06192 0.00060 0.04252 0.00320 0.00412 -0.02716 -0.02712 0.02900 0.01204 0.00320
802.0  -0.06136 0.00072 0.04192 0.00280 0.00108 -0.02904 -0.02492 0.02932 0.01344 0.00228
802.5  -0.06044 0.00084 0.04092 0.00244 -0.00188 -0.03060 -0.02256 0.02952 0.01472 0.00128
803.0  -0.05904 0.00092 0.03956 0.00212 -0.00476 -0.03196 -0.02004 0.02964 0.01596 0.00012
803.5  -0.05724 0.00092 0.03780 0.00192 -0.00756 -0.03304 -0.01740 0.02964 0.01712 -0.00108
804.0  -0.05504 0.00092 0.03568 0.00208 -0.01004 -0.03396 -0.01480 0.02964 0.01796 -0.00248
804.5  -0.05248 0.00088 0.03320 0.00300 -0.01224 -0.03464 -0.01232 0.03000 0.01796 -0.00396
805.0  -0.04956 0.00080 0.03040 0.00548 -0.01372 -0.03504 -0.01000 0.03184 0.01528 -0.00556
805.5  -0.04632 0.00068 0.02728 0.00932 -0.01392 -0.03516 -0.00768 0.03552 0.00472 -0.00728
806.0  -0.04276 0.00056 0.02388 0.01240 -0.01372 -0.03488 -0.00516 0.03616 -0.00528 -0.00912
806.5  -0.03896 0.00044 0.02020 0.01420 -0.01428 -0.03424 -0.00216 0.03672 -0.00776 -0.01100
807.0  -0.03492 0.00028 0.01628 0.01520 -0.01540 -0.03320 0.00156 0.03772 -0.00756 -0.01288
807.5  -0.03072 0.00016 0.01216 0.01564 -0.01696 -0.03160 0.00644 0.03868 -0.00664 -0.01464
808.0  -0.02628 0.00008 0.00788 0.01568 -0.01884 -0.02760 0.01508 0.03932 -0.00560 -0.01628
808.5  -0.02172 -0.00004 0.00348 0.01536 -0.02088 -0.01208 0.02840 0.03960 -0.00456 -0.01760
809.0  -0.01700 -0.00008 -0.00108 0.01464 -0.02304 -0.00216 0.03032 0.03956 -0.00368 -0.01852
809.5  -0.01220 -0.00012 -0.00564 0.01368 -0.02528 0.00124 0.03000 0.03928 -0.00288 -0.01904
810.0  -0.00728 -0.00012 -0.01028 0.01232 -0.02744 0.00280 0.02960 0.03872 -0.00212 -0.01908
810.5  -0.00228 -0.00012 -0.01488 0.01068 -0.02952 0.00356 0.02924 0.03792 -0.00136 -0.01880
811.0  0.00272 -0.00008 -0.01944 0.00880 -0.03144 0.00396 0.02908 0.03692 -0.00056 -0.01808
811.5  0.00768 -0.00004 -0.02396 0.00656 -0.03308 0.00424 0.02912 0.03572 0.00028 -0.01688
812.0  0.01256 0.00004 -0.02832 0.00404 -0.03444 0.00480 0.02920 0.03436 0.00120 -0.01544
812.5  0.01728 0.00012 -0.03260 0.00104 -0.03540 0.00636 0.02940 0.03276 0.00224 -0.01360
813.0  0.02180 0.00024 -0.03664 -0.00248 -0.03588 0.01132 0.02860 0.03096 0.00340 -0.01140
813.5  0.02612 0.00036 -0.04048 -0.00732 -0.03552 0.02452 0.02000 0.02896 0.00472 -0.00888
814.0  0.03016 0.00044 -0.04412 -0.01580 -0.03284 0.03116 0.00984 0.02672 0.00620 -0.00608
814.5  0.03396 0.00052 -0.04744 -0.03036 -0.02008 0.03328 0.00536 0.02440 0.00784 -0.00328
815.0  0.03752 0.00056 -0.05048 -0.03580 -0.00576 0.03436 0.00192 0.02252 0.00928 -0.00132
815.5  0.04080 0.00064 -0.05316 -0.03600 0.00100 0.03464 -0.00076 0.02192 0.00952 -0.00064
816.0  0.04388 0.00064 -0.05544 -0.03524 0.00512 0.03416 -0.00292 0.02444 0.00260 -0.00104
816.5  0.04668 0.00064 -0.05736 -0.03420 0.00828 0.03304 -0.00564 0.02460 -0.00752 -0.00208
817.0  0.04928 0.00056 -0.05880 -0.03300 0.01092 0.03164 -0.00904 0.02496 -0.01012 -0.00352
817.5  0.05168 0.00048 -0.05980 -0.03160 0.01332 0.03000 -0.01248 0.02568 -0.01084 -0.00520
818.0  0.05380 0.00040 -0.06036 -0.03004 0.01552 0.02816 -0.01568 0.02640 -0.01100 -0.00700
818.5  0.05572 0.00028 -0.06036 -0.02836 0.01764 0.02616 -0.01864 0.02712 -0.01100 -0.00884
819.0  0.05736 0.00016 -0.05988 -0.02660 0.01976 0.02396 -0.02132 0.02776 -0.01080 -0.01052
819.5  0.05872 0.00004 -0.05884 -0.02460 0.02184 0.02140 -0.02384 0.02836 -0.01056 -0.01200
820.0  0.05976 -0.00012 -0.05736 -0.02236 0.02408 0.01844 -0.02616 0.02888 -0.01024 -0.01336
820.5  0.06052 -0.00020 -0.05532 -0.01980 0.02644 0.01492 -0.02828 0.02928 -0.00988 -0.01420
821.0  0.06092 -0.00032 -0.05276 -0.01656 0.02900 0.01064 -0.03012 0.02952 -0.00948 -0.01468
821.5  0.06100 -0.00036 -0.04984 -0.01228 0.03168 0.00532 -0.03140 0.02960 -0.00900 -0.01472
822.0  0.06076 -0.00044 -0.04644 -0.00628 0.03416 -0.00100 -0.03172 0.02960 -0.00836 -0.01376
822.5  0.06028 -0.00048 -0.04264 0.00152 0.03560 -0.00784 -0.03056 0.02944 -0.00756 -0.01112
823.0  0.05952 -0.00048 -0.03856 0.00976 0.03536 -0.01408 -0.02808 0.02912 -0.00668 -0.00488
823.5  0.05860 -0.00048 -0.03404 0.01652 0.03396 -0.01884 -0.02500 0.02868 -0.00560 0.00656
824.0  0.05752 -0.00048 -0.02936 0.02140 0.03240 -0.02220 -0.02188 0.02824 -0.00436 0.01680
824.5  0.05628 -0.00048 -0.02432 0.02492 0.03108 -0.02456 -0.01908 0.02768 -0.00300 0.02224
825.0  0.05488 -0.00048 -0.01924 0.02752 0.03004 -0.02624 -0.01656 0.02708 -0.00156 0.02512
825.5  0.05336 -0.00044 -0.01396 0.02948 0.02912 -0.02756 -0.01440 0.02640 -0.00016 0.02676
826.0  0.05164 -0.00040 -0.00864 0.03096 0.02832 -0.02864 -0.01240 0.02572 0.00116 0.02768
826.5  0.04972 -0.00036 -0.00324 0.03204 0.02752 -0.02960 -0.01068 0.02500 0.00232 0.02816
827.0  0.04752 -0.00032 0.00216 0.03272 0.02660 -0.03052 -0.00908 0.02436 0.00316 0.02812
827.5  0.04500 -0.00024 0.00752 0.03316 0.02572 -0.03140 -0.00772 0.02376 0.00348 0.02768
828.0  0.04216 -0.00020 0.01284 0.03332 0.02468 -0.03232 -0.00660 0.02328 0.00320 0.02676
828.5  0.03896 -0.00016 0.01800 0.03316 0.02356 -0.03320 -0.00604 0.02268 0.00212 0.02524
829.0  0.03536 -0.00008 0.02304 0.03276 0.02228 -0.03412 -0.00712 0.02172 0.00060 0.02332
829.5  0.03144 -0.00004 0.02784 0.03216 0.02104 -0.03440 -0.01180 0.01988 -0.00076 0.02092
830.0  0.02712 0.00000 0.03240 0.03136 0.01972 -0.03088 -0.02304 0.01628 -0.00152 0.01808
830.5  0.02252 0.00004 0.03668 0.03040 0.01844 -0.02052 -0.03580 0.00904 -0.00180 0.01484
831.0  0.01768 0.00008 0.04056 0.02928 0.01732 -0.01256 -0.04076 -0.00204 -0.00180 0.01160
831.5  0.01260 0.00008 0.04424 0.02800 0.01644 -0.00820 -0.04076 -0.01168 -0.00168 0.00812
832.0  0.00744 0.00008 0.04744 0.02648 0.01580 -0.00560 -0.03976 -0.01736 -0.00144 0.00452
832.5  0.00220 0.00004 0.05036 0.02488 0.01552 -0.00388 -0.03916 -0.02036 -0.00120 0.00092
833.0  -0.00300 0.00004 0.05280 0.02300 0.01552 -0.00252 -0.03924 -0.02188 -0.00092 -0.00284
833.5  -0.00812 0.00000 0.05492 0.02100 0.01576 -0.00080 -0.03996 -0.02220 -0.00060 -0.00656
834.0  -0.01308 0.00000 0.05656 0.01904 0.01568 0.00440 -0.04124 -0.02116 -0.00028 -0.01036
834.5  -0.01784 -0.00004 0.05788 0.01732 0.01528 0.03808 -0.02212 -0.01756 0.00008 -0.01416
835.0  -0.02240 -0.00004 0.05880 0.01584 0.01452 0.04608 -0.01144 -0.00864 0.00044 -0.01828
835.5  -0.02676 -0.00004 0.05932 0.01448 0.01340 0.04892 -0.00196 0.00436 0.00032 -0.02320
836.0  -0.03088 -0.00004 0.05948 0.01320 0.01200 0.04772 0.01336 0.00680 -0.00100 -0.02620
836.5  -0.03476 -0.00004 0.05924 0.01192 0.01044 0.04436 0.02432 -0.00440 -0.00276 -0.02356
837.0  -0.03840 -0.00008 0.05860 0.01048 0.00868 0.04060 0.02864 -0.01332 -0.00400 -0.02184
837.5  -0.04180 -0.00008 0.05760 0.00884 0.00684 0.03740 0.03164 -0.01732 -0.00480 -0.02072
838.0  -0.04496 -0.00008 0.05620 0.00692 0.00500 0.03520 0.03344 -0.01956 -0.00524 -0.01976
838.5  -0.04788 -0.00008 0.05440 0.00472 0.00324 0.03376 0.03436 -0.02096 -0.00548 -0.01876
839.0  -0.05056 -0.00008 0.05224 0.00232 0.00164 0.03276 0.03472 -0.02192 -0.00544 -0.01756
839.5  -0.05296 -0.00008 0.04964 -0.00028 0.00032 0.03200 0.03472 -0.02260 -0.00528 -0.01624
840.0  -0.05512 -0.00008 0.04672 -0.00296 -0.00080 0.03132 0.03436 -0.02312 -0.00492 -0.01484
840.5  -0.05700 -0.00012 0.04348 -0.00560 -0.00156 0.03064 0.03376 -0.02352 -0.00448 -0.01324
841.0  -0.05860 -0.00012 0.03988 -0.00820 -0.00204 0.02996 0.03288 -0.02392 -0.00388 -0.01108
841.5  -0.05988 -0.00016 0.03608 -0.01072 -0.00228 0.02928 0.03180 -0.02432 -0.00320 -0.00452
842.0  -0.06084 -0.00016 0.03192 -0.01312 -0.00220 0.02860 0.03040 -0.02488 -0.00240 -0.03364
842.5  -0.06148 -0.00020 0.02756 -0.01536 -0.00180 0.02792 0.02876 -0.02556 -0.00148 -0.03440
843.0  -0.06184 -0.00024 0.02300 -0.01744 -0.00100 0.02744 0.02688 -0.02624 -0.00048 -0.03320
843.5  -0.06192 -0.00028 0.01824 -0.01928 0.00024 0.02720 0.02476 -0.02688 0.00076 -0.03136
844.0  -0.06176 -0.00032 0.01344 -0.02088 0.00204 0.02720 0.02240 -0.02744 0.00220 -0.02900
844.5  -0.06144 -0.00040 0.00860 -0.02208 0.00444 0.02776 0.01952 -0.02784 0.00384 -0.02664
845.0  -0.06096 -0.00040 0.00372 -0.02276 0.00744 0.02904 0.01540 -0.02804 0.00556 -0.02420
845.5  -0.06032 -0.00044 -0.00104 -0.02280 0.01104 0.03088 0.00872 -0.02812 0.00732 -0.02172
846.0  -0.05960 -0.00048 -0.00584 -0.02192 0.01500 0.03156 0.00028 -0.02796 0.00904 -0.01924
846.5  -0.05872 -0.00048 -0.01044 -0.02020 0.01896 0.03076 -0.00568 -0.02776 0.01068 -0.01676
847.0  -0.05768 -0.00048 -0.01488 -0.01780 0.02264 0.02992 -0.00852 -0.02756 0.01212 -0.01432
847.5  -0.05648 -0.00044 -0.01916 -0.01496 0.02584 0.02952 -0.00848 -0.02780 0.01324 -0.01184
848.0  -0.05500 -0.00040 -0.02316 -0.01192 0.02840 0.02944 0.01248 -0.02632 0.01392 -0.00936
848.5  -0.05328 -0.00032 -0.02692 -0.00884 0.03052 0.02972 0.02216 -0.01912 0.01368 -0.00684
849.0  -0.05124 -0.00028 -0.03036 -0.00572 0.03208 0.03024 0.02216 -0.01996 0.01180 -0.00420
849.5  -0.04884 -0.00016 -0.03344 -0.00260 0.03324 0.03116 0.02128 -0.02180 0.00732 -0.00140
850.0  -0.04604 -0.00008 -0.03620 0.00048 0.03396 0.03324 0.01900 -0.02208 0.00196 0.00152
850.5  -0.04288 0.00008 -0.03856 0.00360 0.03436 0.02252 0.03268 -0.01956 -0.00132 0.00456
851.0  -0.03932 0.00024 -0.04052 0.00676 0.03440 0.02072 0.03720 -0.01144 -0.00268 0.00772
851.5  -0.03540 0.00040 -0.04204 0.01008 0.03412 0.02008 0.03840 0.00740 -0.00276 0.01088
852.0  -0.03120 0.00056 -0.04312 0.01372 0.03328 0.01988 0.03416 0.01896 -0.00180 0.01400
852.5  -0.02672 0.00076 -0.04376 0.01772 0.03180 0.02016 0.03108 0.02316 0.00000 0.01684
853.0  -0.02204 0.00092 -0.04400 0.02236 0.02920 0.02120 0.02840 0.02504 0.00260 0.01904
853.5  -0.01724 0.00108 -0.04380 0.02748 0.02508 0.02380 0.02460 0.02576 0.00560 0.01908
854.0  -0.01236 0.00120 -0.04320 0.03248 0.01908 0.02968 0.01504 0.02580 0.00848 0.01272
854.5  -0.00748 0.00132 -0.04224 0.03616 0.01204 0.03244 -0.00152 0.02548 0.01096 0.00404
855.0  -0.00256 0.00132 -0.04088 0.03820 0.00536 0.03052 -0.00892 0.02496 0.01296 -0.00084
855.5  0.00232 0.00128 -0.03924 0.03908 -0.00012 0.02892 -0.01196 0.02440 0.01448 -0.00360
856.0  0.00716 0.00124 -0.03732 0.03932 -0.00460 0.02776 -0.01356 0.02384 0.01564 -0.00560
856.5  0.01200 0.00116 -0.03504 0.03928 -0.00828 0.02688 -0.01456 0.02340 0.01652 -0.00724
857.0  0.01680 0.00104 -0.03256 0.03912 -0.01136 0.02632 -0.01512 0.02308 0.01716 -0.00864
857.5  0.02152 0.00088 -0.02980 0.03888 -0.01392 0.02600 -0.01528 0.02288 0.01764 -0.00992
858.0  0.02616 0.00072 -0.02680 0.03860 -0.01612 0.02596 -0.01508 0.02284 0.01804 -0.01104
858.5  0.03068 0.00052 -0.02352 0.03844 -0.01776 0.02616 -0.01452 0.02300 0.01832 -0.01204
859.0  0.03504 0.00040 -0.02008 0.03844 -0.01884 0.02656 -0.01364 0.02332 0.01844 -0.01288
859.5  0.03916 0.00024 -0.01640 0.03868 -0.01912 0.02720 -0.01252 0.02384 0.01836 -0.01360
860.0  0.04304 0.00012 -0.01256 0.03920 -0.01832 0.02792 -0.01112 0.02492 0.01756 -0.01428
860.5  0.04656 0.00004 -0.00860 0.04016 -0.01608 0.02872 -0.00948 0.02684 0.01508 -0.01480
861.0  0.04976 -0.00000 -0.00452 0.04124 -0.01236 0.02956 -0.00792 0.02956 0.00924 -0.01540
861.5  0.05256 -0.00004 -0.00040 0.04184 -0.00792 0.03036 -0.00648 0.03096 0.00108 -0.01600
862.0  0.05500 -0.00004 0.00368 0.04180 -0.00408 0.03112 -0.00520 0.03048 -0.00452 -0.01672
862.5  0.05704 0.00004 0.00764 0.04120 -0.00156 0.03188 -0.00392 0.02956 -0.00740 -0.01772
863.0  0.05868 0.00008 0.01160 0.04028 -0.00028 0.03256 -0.00192 0.02868 -0.00884 -0.01924
863.5  0.06000 0.00020 0.01528 0.03924 0.00016 0.03292 0.00284 0.02792 -0.00956 -0.02196
864.0  0.06104 0.00028 0.01876 0.03808 0.00008 0.02932 0.01608 0.02720 -0.00992 -0.02236
864.5  0.06184 0.00036 0.02192 0.03688 -0.00036 0.02068 0.02672 0.02660 -0.01000 -0.01784
865.0  0.06244 0.00048 0.02476 0.03564 -0.00096 0.01712 0.02952 0.02616 -0.00984 -0.01324
865.5  0.06292 0.00052 0.02724 0.03436 -0.00172 0.01592 0.03052 0.02576 -0.00948 -0.00920
866.0  0.06324 0.00052 0.02936 0.03308 -0.00264 0.01552 0.03112 0.02548 -0.00884 -0.00560
866.5  0.06340 0.00052 0.03108 0.03184 -0.00360 0.01548 0.03152 0.02528 -0.00796 -0.00240
867.0  0.06340 0.00044 0.03236 0.03060 -0.00472 0.01552 0.03192 0.02508 -0.00692 0.00048
867.5  0.06320 0.00036 0.03328 0.02936 -0.00596 0.01552 0.03240 0.02480 -0.00560 0.00304
868.0  0.06272 0.00024 0.03372 0.02812 -0.00736 0.01544 0.03304 0.02436 -0.00412 0.00540
868.5  0.06196 0.00008 0.03380 0.02676 -0.00904 0.01524 0.03388 0.02364 -0.00260 0.00748
869.0  0.06084 -0.00004 0.03352 0.02520 -0.01100 0.01476 0.03504 0.02252 -0.00108 0.00948
869.5  0.05932 -0.00024 0.03272 0.02324 -0.01332 0.01396 0.03652 0.02088 0.00044 0.01140
870.0  0.05740 -0.00040 0.03160 0.02068 -0.01584 0.01244 0.03856 0.01828 0.00184 0.01332
870.5  0.05508 -0.00060 0.03008 0.01744 -0.01832 0.00904 0.04128 0.01424 0.00312 0.01512
871.0  0.05232 -0.00072 0.02812 0.01380 -0.02016 -0.00536 0.04376 0.00780 0.00436 0.01692
871.5  0.04920 -0.00088 0.02584 0.01012 -0.02108 -0.03520 -0.02812 -0.00084 0.00544 0.01864
872.0  0.04576 -0.00100 0.02324 0.00680 -0.02116 -0.03828 -0.02284 -0.00848 0.00628 0.02016
872.5  0.04196 -0.00112 0.02036 0.00376 -0.02044 -0.03768 -0.01212 -0.02332 0.00600 0.02140
873.0  0.03796 -0.00116 0.01712 0.00104 -0.01908 -0.03684 -0.00360 -0.02872 0.00128 0.02232
873.5  0.03376 -0.00124 0.01372 -0.00124 -0.01712 -0.03624 -0.00732 -0.02952 -0.00316 0.02288
874.0  0.02944 -0.00124 0.01008 -0.00304 -0.01464 -0.03580 -0.00964 -0.03004 -0.00464 0.02304
874.5  0.02508 -0.00128 0.00632 -0.00400 -0.01180 -0.03516 -0.01240 -0.03052 -0.00500 0.02284
875.0  0.02072 -0.00124 0.00248 -0.00420 -0.00880 -0.03288 -0.01820 -0.03088 -0.00484 0.02236
875.5  0.01640 -0.00120 -0.00144 -0.00376 -0.00576 -0.01744 -0.03368 -0.03108 -0.00444 0.02172
876.0  0.01212 -0.00116 -0.00536 -0.00276 -0.00280 -0.00176 -0.03816 -0.03124 -0.00392 0.02104
876.5  0.00788 -0.00108 -0.00928 -0.00116 -0.00004 0.00264 -0.03828 -0.03132 -0.00336 0.02036
877.0  0.00364 -0.00100 -0.01312 0.00076 0.00252 0.00444 -0.03816 -0.03140 -0.00272 0.01972
877.5  -0.00056 -0.00088 -0.01692 0.00308 0.00468 0.00532 -0.03800 -0.03144 -0.00204 0.01920
878.0  -0.00476 -0.00076 -0.02056 0.00572 0.00632 0.00572 -0.03776 -0.03148 -0.00136 0.01876
878.5  -0.00904 -0.00068 -0.02404 0.00860 0.00728 0.00584 -0.03748 -0.03148 -0.00076 0.01848
879.0  -0.01332 -0.00056 -0.02736 0.01168 0.00744 0.00584 -0.03712 -0.03144 -0.00020 0.01868
879.5  -0.01760 -0.00048 -0.03052 0.01472 0.00652 0.00584 -0.03676 -0.03136 0.00036 0.01976
880.0  -0.02192 -0.00040 -0.03344 0.01748 0.00460 0.00612 -0.03624 -0.03124 0.00088 0.02344
880.5  -0.02616 -0.00032 -0.03604 0.01976 0.00180 0.00764 -0.03552 -0.03096 0.00156 0.02468
881.0  -0.03036 -0.00020 -0.03840 0.02132 -0.00152 0.02424 -0.02652 -0.03060 0.00228 0.02112
881.5  -0.03440 -0.00012 -0.04044 0.02216 -0.00504 0.03560 -0.00140 -0.03000 0.00308 0.01756
882.0  -0.03824 -0.00008 -0.04208 0.02236 -0.00836 0.03548 0.00112 -0.02912 0.00416 0.01384
882.5  -0.04184 -0.00004 -0.04332 0.02220 -0.01148 0.03564 0.00268 -0.02768 0.00532 0.00996
883.0  -0.04512 -0.00004 -0.04416 0.02176 -0.01444 0.03632 0.00532 -0.02540 0.00520 0.00604
883.5  -0.04812 -0.00000 -0.04456 0.02120 -0.01704 0.03800 0.00344 -0.02256 0.00284 0.00204
884.0  -0.05076 -0.00004 -0.04452 0.02068 -0.01944 0.02780 -0.02912 -0.01748 0.00208 -0.00172
884.5  -0.05308 -0.00004 -0.04400 0.02032 -0.02144 0.01352 -0.04132 -0.00008 0.00212 -0.00524
885.0  -0.05516 -0.00008 -0.04312 0.02036 -0.02308 0.01024 -0.03800 -0.01776 0.00228 -0.00848
885.5  -0.05696 -0.00016 -0.04176 0.02092 -0.02412 0.00928 -0.03456 -0.02392 0.00240 -0.01140
886.0  -0.05864 -0.00024 -0.04004 0.02228 -0.02440 0.00944 -0.03248 -0.02660 0.00244 -0.01396
886.5  -0.06012 -0.00032 -0.03796 0.02472 -0.02348 0.01032 -0.03104 -0.02816 0.00240 -0.01604
887.0  -0.06144 -0.00040 -0.03552 0.02812 -0.02084 0.01180 -0.02996 -0.02912 0.00228 -0.01784
887.5  -0.06264 -0.00048 -0.03284 0.03164 -0.01684 0.01384 -0.02904 -0.02968 0.00212 -0.01916
888.0  -0.06360 -0.00056 -0.02984 0.03424 -0.01288 0.01632 -0.02816 -0.02992 0.00192 -0.02020
888.5  -0.06432 -0.00064 -0.02652 0.03580 -0.01000 0.01920 -0.02716 -0.02980 0.00168 -0.02088
889.0  -0.06472 -0.00068 -0.02296 0.03672 -0.00836 0.02232 -0.02592 -0.02940 0.00144 -0.02120
889.5  -0.06480 -0.00072 -0.01912 0.03728 -0.00772 0.02560 -0.02424 -0.02888 0.00124 -0.02104
890.0  -0.06448 -0.00068 -0.01508 0.03756 -0.00780 0.02884 -0.02204 -0.02816 0.00112 -0.02056
890.5  -0.06380 -0.00064 -0.01084 0.03764 -0.00844 0.03196 -0.01932 -0.02728 0.00120 -0.01952
891.0  -0.06264 -0.00060 -0.00640 0.03756 -0.00940 0.03492 -0.01588 -0.02636 0.00148 -0.01788
891.5  -0.06108 -0.00048 -0.00184 0.03724 -0.01068 0.03772 -0.01092 -0.02536 0.00184 -0.01572
892.0  -0.05908 -0.00036 0.00292 0.03672 -0.01212 0.04004 -0.00156 -0.02436 0.00208 -0.01304
892.5  -0.05668 -0.00020 0.00772 0.03604 -0.01372 0.03684 0.01748 -0.02320 0.00204 -0.01028
893.0  -0.05392 -0.00008 0.01252 0.03520 -0.01548 0.02704 0.03132 -0.02196 0.00172 -0.00764
893.5  -0.05084 0.00008 0.01728 0.03416 -0.01732 0.02068 0.03640 -0.02060 0.00108 -0.00536
894.0  -0.04744 0.00024 0.02208 0.03296 -0.01924 0.01640 0.03888 -0.01912 0.00020 -0.00360
894.5  -0.04380 0.00036 0.02672 0.03172 -0.02124 0.01276 0.04032 -0.01776 -0.00080 -0.00236
895.0  -0.03992 0.00044 0.03124 0.03028 -0.02324 0.00940 0.04096 -0.01680 -0.00192 -0.00152
895.5  -0.03584 0.00052 0.03560 0.02884 -0.02528 0.00608 0.04092 -0.01664 -0.00296 -0.00104
896.0  -0.03160 0.00056 0.03976 0.02728 -0.02724 0.00288 0.04020 -0.01736 -0.00380 -0.00084
896.5  -0.02720 0.00060 0.04360 0.02564 -0.02916 -0.00008 0.03888 -0.01876 -0.00440 -0.00084
897.0  -0.02268 0.00060 0.04732 0.02400 -0.03100 -0.00272 0.03712 -0.02048 -0.00468 -0.00104
897.5  -0.01804 0.00056 0.05064 0.02232 -0.03272 -0.00492 0.03524 -0.02216 -0.00460 -0.00144
898.0  -0.01332 0.00056 0.05376 0.02056 -0.03428 -0.00672 0.03352 -0.02356 -0.00428 -0.00196
898.5  -0.00856 0.00048 0.05644 0.01868 -0.03564 -0.00844 0.03192 -0.02464 -0.00368 -0.00272
899.0  -0.00376 0.00044 0.05872 0.01660 -0.03688 -0.01104 0.03016 -0.02540 -0.00292 -0.00364
899.5  0.00096 0.00040 0.06060 -0.00332 -0.04048 -0.02692 0.01632 -0.02600 -0.00184 -0.00476
900.0  0.00560 0.00044 0.06204 -0.03792 -0.01452 -0.03084 -0.00376 -0.02644 -0.00044 -0.00632
900.5  0.01012 0.00044 0.06296 -0.03860 -0.01236 -0.03020 -0.00588 -0.02676 0.00148 -0.00840
901.0  0.01448 0.00044 0.06344 -0.03888 -0.01048 -0.02984 -0.00664 -0.02680 0.00408 -0.01108
901.5  0.01868 0.00048 0.06336 -0.03900 -0.00864 -0.02960 -0.00692 -0.02648 0.00724 -0.01396
902.0  0.02260 0.00056 0.06276 -0.03884 -0.00684 -0.02940 -0.00688 -0.02600 0.01016 -0.01708
902.5  0.02632 0.00064 0.06160 -0.03852 -0.00504 -0.02916 -0.00604 -0.02612 0.01172 -0.02040
903.0  0.02980 0.00072 0.05988 -0.03796 -0.00324 -0.02872 -0.00316 -0.02768 0.01140 -0.02376
903.5  0.03296 0.00080 0.05756 -0.03724 -0.00148 -0.02732 -0.00436 -0.03012 0.00912 -0.02716
904.0  0.03588 0.00084 0.05476 -0.03628 0.00028 -0.02300 -0.01712 -0.03056 0.00552 -0.03048
904.5  0.03856 0.00088 0.05140 -0.03516 0.00200 -0.01480 -0.03000 -0.02636 0.00188 -0.03360
905.0  0.04100 0.00088 0.04752 -0.03384 0.00368 -0.00752 -0.04196 -0.00568 -0.00104 -0.03652
905.5  0.04324 0.00084 0.04316 -0.03224 0.00540 -0.00276 -0.03968 -0.01740 -0.00312 -0.03924
906.0  0.04532 0.00080 0.03848 -0.03060 0.00692 0.00060 -0.03688 -0.02348 -0.00460 -0.04156
906.5  0.04732 0.00076 0.03332 -0.02856 0.00848 0.00336 -0.03532 -0.02624 -0.00556 -0.04352
907.0  0.04924 0.00068 0.02784 -0.02640 0.00996 0.00600 -0.03408 -0.02800 -0.00612 -0.04508
907.5  0.05112 0.00060 0.02204 -0.02396 0.01140 0.00896 -0.03284 -0.02940 -0.00632 -0.04632
908.0  0.05292 0.00052 0.01624 -0.02108 0.01296 0.01260 -0.03120 -0.03068 -0.00612 -0.04712
908.5  0.05464 0.00044 0.01020 -0.01760 0.01464 0.01772 -0.02836 -0.03172 -0.00552 -0.04772
909.0  0.05628 0.00036 0.00400 -0.01308 0.01636 0.02516 -0.02204 -0.03252 -0.00464 -0.01964
909.5  0.05772 0.00032 -0.00208 -0.00700 0.01756 0.03232 -0.00956 -0.03308 -0.00340 -0.00992
910.0  0.05896 0.00024 0.00804 -0.00068 0.01680 0.03424 0.00160 -0.03332 -0.00188 -0.00860
910.5  0.05996 0.00020 0.01408 0.00380 0.01420 0.03396 0.00852 -0.03320 -0.00016 -0.00820
911.0  0.06060 0.00020 0.01984 0.00632 0.01096 0.03340 0.01308 -0.03284 0.00176 -0.00808
911.5  0.06088 0.00016 0.02552 0.00776 0.00756 0.03284 0.01632 -0.03232 0.00384 -0.00796
912.0  0.06080 0.00012 0.03092 0.00840 0.00412 0.03244 0.01860 -0.03164 0.00608 -0.00792
912.5  0.06032 0.00012 0.03608 0.00856 0.00076 0.03208 0.02008 -0.03092 0.00828 -0.00792
913.0  0.05944 0.00016 0.04088 0.00824 -0.00244 0.03188 0.02088 -0.03012 0.01044 -0.00792
913.5  0.05816 0.00020 0.04540 0.00756 -0.00552 0.03176 0.02116 -0.02932 0.01248 -0.00800
914.0  0.05648 0.00024 0.04956 0.00648 -0.00832 0.03180 0.02096 -0.02852 0.01420 -0.00804
914.5  0.05444 0.00032 0.05332 0.00512 -0.01084 0.03196 0.02036 -0.02776 0.01564 -0.00812
915.0  0.05208 0.00040 0.05660 0.00352 -0.01304 0.03232 0.01936 -0.02708 0.01676 -0.00816
915.5  0.04940 0.00044 0.05952 0.00176 -0.01488 0.03280 0.01800 -0.02644 0.01756 -0.00812
916.0  0.04640 0.00052 0.06200 0.00036 -0.01652 0.03348 0.01620 -0.02592 0.01816 -0.00808
916.5  0.04312 0.00056 0.06396 0.01304 -0.01248 0.03420 0.01380 -0.02548 0.01860 -0.00784
917.0  0.03956 0.00056 0.06540 0.01812 -0.00736 0.03500 0.01080 -0.02516 0.01876 -0.00760
917.5  0.03576 0.00056 0.06636 0.01900 -0.00920 0.03564 0.00712 -0.02520 0.01848 -0.00720
918.0  0.03172 0.00052 0.06680 0.01968 -0.01140 0.03592 0.00268 -0.02632 0.01668 -0.00660
918.5  0.02744 0.00048 0.06672 0.02024 -0.01364 0.03568 -0.00248 -0.02968 0.00912 -0.00580
919.0  0.02296 0.00040 0.06616 0.02068 -0.01580 0.03456 -0.00844 -0.03084 -0.00156 -0.00480
919.5  0.01832 0.00036 0.06508 0.02120 -0.01784 0.03188 -0.01564 -0.03032 -0.00452 -0.00360
920.0  0.01356 0.00024 0.06352 0.02164 -0.01964 0.02556 -0.02468 -0.03004 -0.00412 -0.00208
920.5  0.00876 0.00012 0.06152 0.02216 -0.02132 0.01212 -0.03340 -0.03004 -0.00284 -0.00016
921.0  0.00396 0.00000 0.05908 0.02268 -0.02272 -0.00128 -0.03536 -0.03016 -0.00140 0.00208
921.5  -0.00080 -0.00012 0.05624 0.02324 -0.02384 -0.00896 -0.03400 -0.03048 0.00008 0.00460
922.0  -0.00548 -0.00024 0.05304 0.02376 -0.02476 -0.01364 -0.03208 -0.03084 0.00144 0.00752
922.5  -0.01000 -0.00032 0.04940 0.02428 -0.02540 -0.01688 -0.03016 -0.03116 0.00264 0.01036
923.0  -0.01436 -0.00044 0.04552 0.02468 -0.02588 -0.01940 -0.02832 -0.03144 0.00380 0.01328
923.5  -0.01856 -0.00052 0.04128 0.02500 -0.02612 -0.02148 -0.02652 -0.03164 0.00484 0.01596
924.0  -0.02252 -0.00060 0.03692 0.02516 -0.02624 -0.02336 -0.02476 -0.03168 0.00592 0.01844
924.5  -0.02624 -0.00064 0.03208 0.02516 -0.02628 -0.02504 -0.02304 -0.03152 0.00692 0.02064
925.0  -0.02976 -0.00068 0.02736 0.02504 -0.02608 -0.02660 -0.02132 -0.03116 0.00800 0.02244
925.5  -0.03308 -0.00072 0.02212 0.02476 -0.02620 -0.02808 -0.01968 -0.03052 0.00916 0.02384
926.0  -0.03624 -0.00072 0.01708 0.02440 -0.02604 -0.02944 -0.01800 -0.02960 0.01036 0.02496
926.5  -0.03920 -0.00072 0.01168 0.02396 -0.02604 -0.03064 -0.01632 -0.02844 0.01160 0.02584
927.0  -0.04200 -0.00072 0.00652 0.02356 -0.02596 -0.03164 -0.01456 -0.02724 0.01272 0.02644
927.5  -0.04472 -0.00068 0.00116 0.02324 -0.02588 -0.03236 -0.01288 -0.02624 0.01332 0.02664
928.0  -0.04732 -0.00068 -0.00400 0.02312 -0.02580 -0.03276 -0.01108 -0.02612 0.01264 0.02660
928.5  -0.04980 -0.00064 -0.00916 0.02320 -0.02576 -0.03292 -0.00928 -0.02728 0.00928 0.02616
929.0  -0.05220 -0.00060 -0.01396 0.02340 -0.02588 -0.03276 -0.00756 -0.02848 0.00408 0.02544
929.5  -0.05448 -0.00060 -0.01880 0.02364 -0.02620 -0.03244 -0.00580 -0.02884 0.00084 0.02432
930.0  -0.05664 -0.00056 -0.02324 0.02376 -0.02688 -0.03204 -0.00320 -0.02904 -0.00020 0.02284
930.5  -0.05864 -0.00052 -0.02744 0.02364 -0.02800 -0.02956 0.01048 -0.02932 -0.00024 0.02120
931.0  -0.06052 -0.00048 -0.03136 0.02328 -0.02948 -0.01196 0.02808 -0.02964 0.00000 0.01936
931.5  -0.06220 -0.00040 -0.03488 0.02264 -0.03132 -0.00928 0.02816 -0.03000 0.00032 0.01732
932.0  -0.06364 -0.00036 -0.03808 0.02164 -0.03336 -0.00852 0.02748 -0.03028 0.00052 0.01520
932.5  -0.06480 -0.00032 -0.04092 0.02028 -0.03548 -0.00824 0.02664 -0.03052 0.00060 0.01284
933.0  -0.06568 -0.00028 -0.04336 0.01848 -0.03764 -0.00816 0.02584 -0.03068 0.00056 0.01032
933.5  -0.06624 -0.00024 -0.04540 0.01616 -0.03972 -0.00812 0.02508 -0.03072 0.00032 0.00768
934.0  -0.06644 -0.00024 -0.04704 0.01320 -0.04160 -0.00824 0.02448 -0.03072 0.00000 0.00484
934.5  -0.06628 -0.00020 -0.04824 0.00924 -0.04320 -0.00832 0.02408 -0.03064 -0.00036 0.00172
935.0  -0.06572 -0.00024 -0.04900 0.00404 -0.04436 -0.00852 0.02388 -0.03048 -0.00068 -0.00156
935.5  -0.06480 -0.00024 -0.04936 -0.00260 -0.04460 -0.00892 0.02388 -0.03024 -0.00092 -0.00516
936.0  -0.06344 -0.00028 -0.04928 -0.01024 -0.04336 -0.00980 0.02392 -0.02996 -0.00100 -0.00908
936.5  -0.06172 -0.00032 -0.04876 -0.01764 -0.04068 -0.01968 0.01776 -0.02964 -0.00080 -0.01328
937.0  -0.05960 -0.00032 -0.04784 -0.02364 -0.03700 -0.02668 -0.00616 -0.02928 -0.00032 -0.01720
937.5  -0.05712 -0.00036 -0.04648 -0.02800 -0.03312 -0.02748 -0.00732 -0.02884 0.00048 -0.02016
938.0  -0.05424 -0.00036 -0.04472 -0.03104 -0.02948 -0.02856 -0.00764 -0.02832 0.00144 -0.02216
938.5  -0.05104 -0.00040 -0.04256 -0.03312 -0.02608 -0.02980 -0.00768 -0.02780 0.00224 -0.02356
939.0  -0.04752 -0.00040 -0.04004 -0.03468 -0.02300 -0.03108 -0.00748 -0.02736 0.00212 -0.02456
939.5  -0.04372 -0.00036 -0.03720 -0.03568 -0.02016 -0.03232 -0.00720 -0.02708 -0.00000 -0.02536
940.0  -0.03964 -0.00036 -0.03408 -0.03644 -0.01756 -0.03344 -0.00764 -0.02628 -0.00396 -0.02592
940.5  -0.03532 -0.00032 -0.03072 -0.03688 -0.01520 -0.03456 -0.00920 -0.02476 -0.00692 -0.02644
941.0  -0.03088 -0.00024 -0.02712 -0.03712 -0.01308 -0.03568 -0.01140 -0.02296 -0.00820 -0.02688
941.5  -0.02632 -0.00020 -0.02340 -0.03716 -0.01120 -0.03688 -0.01348 -0.02100 -0.00864 -0.02716
942.0  -0.02172 -0.00012 -0.01952 -0.03696 -0.00952 -0.03824 -0.01512 -0.01880 -0.00872 -0.02744
942.5  -0.01708 -0.00004 -0.01556 -0.03656 -0.00804 -0.03968 -0.01640 -0.01624 -0.00860 -0.02740
943.0  -0.01256 0.00008 -0.01156 -0.03596 -0.00676 -0.04096 -0.01796 -0.01312 -0.00836 -0.02716
943.5  -0.00808 0.00016 -0.00756 -0.03520 -0.00564 -0.03952 -0.02428 -0.00928 -0.00812 -0.02668
944.0  -0.00380 0.00024 -0.00356 -0.03416 -0.00472 -0.00816 0.04700 -0.00456 -0.00784 -0.02584
944.5  0.00036 0.00032 0.00032 -0.03296 -0.00396 -0.00144 0.04844 0.00088 -0.00752 -0.02448
945.0  0.00432 0.00040 0.00412 -0.03156 -0.00340 -0.00372 0.04836 0.00656 -0.00716 -0.02276
945.5  0.00812 0.00044 0.00776 -0.02996 -0.00316 -0.00804 0.04712 0.01192 -0.00676 -0.02064
946.0  0.01176 0.00052 0.01120 -0.02820 -0.00336 -0.01372 0.04456 0.01640 -0.00628 -0.01824
946.5  0.01524 0.00056 0.01440 -0.02608 -0.00448 -0.02212 0.03952 0.01976 -0.00572 -0.01556
947.0  0.01856 0.00060 0.01736 -0.02308 -0.00812 -0.03852 0.02144 0.02200 -0.00512 -0.01284
947.5  0.02180 0.00056 0.02000 -0.01620 -0.01532 -0.04316 -0.00028 0.02324 -0.00448 -0.00992
948.0  0.02496 0.00060 0.02236 -0.00980 -0.01744 -0.04188 -0.00704 0.02372 -0.00388 -0.00704
948.5  0.02800 0.00056 0.02432 -0.00728 -0.01604 -0.04092 -0.00940 0.02368 -0.00344 -0.00404
949.0  0.03096 0.00052 0.02600 -0.00608 -0.01388 -0.04052 -0.00988 0.02320 -0.00340 -0.00116
949.5  0.03388 0.00044 0.02724 -0.00532 -0.01144 -0.04056 -0.00856 0.02264 -0.00440 0.00176
950.0  0.03668 0.00036 0.02812 -0.00464 -0.00880 -0.04084 0.00224 0.02196 -0.00784 0.00456
950.5  0.03940 0.00028 0.02864 -0.00392 -0.00612 -0.04116 -0.01748 0.00076 -0.01376 0.00736
951.0  0.04204 0.00016 0.02872 -0.00300 -0.00344 -0.04124 -0.01816 -0.00524 -0.01084 0.00996
951.5  0.04456 0.00008 0.02856 -0.00192 -0.00068 -0.04056 -0.02052 -0.00436 -0.00876 0.01204
952.0  0.04696 -0.00004 0.02784 -0.00064 0.00204 -0.03896 -0.02420 -0.00208 -0.00708 0.01288
952.5  0.04924 -0.00012 0.02692 0.00068 0.00476 -0.03648 -0.02800 0.00032 -0.00564 0.01100
953.0  0.05136 -0.00020 0.02552 0.00204 0.00744 -0.03412 -0.03084 0.00232 -0.00444 0.00668
953.5  0.05340 -0.00024 0.02388 0.00320 0.01024 -0.03252 -0.03236 0.00368 -0.00344 0.00208
954.0  0.05524 -0.00024 0.02188 0.00388 0.01312 -0.03192 -0.03272 0.00428 -0.00272 -0.00212
954.5  0.05692 -0.00024 0.01964 0.00332 0.01620 -0.03220 -0.03224 0.00416 -0.00220 -0.00612
955.0  0.05844 -0.00020 0.01712 0.00096 0.01932 -0.03296 -0.03124 0.00336 -0.00184 -0.01012
955.5  0.05976 -0.00008 0.01440 -0.00268 0.02192 -0.03392 -0.02984 0.00180 -0.00172 -0.01452
956.0  0.06080 0.00004 0.01144 -0.00584 0.02400 -0.03476 -0.02840 -0.00064 -0.00168 -0.01988
956.5  0.06164 0.00016 0.00840 -0.00812 0.02584 -0.03524 -0.02684 -0.00424 -0.00168 -0.02736
957.0  0.06212 0.00028 0.00516 -0.00964 0.02768 -0.03532 -0.02456 -0.00984 -0.00164 -0.03584
957.5  0.06228 0.00040 0.00184 -0.01076 0.02944 -0.03488 -0.02048 -0.01656 -0.00136 -0.04132
958.0  0.06208 0.00056 0.00144 -0.01156 0.03108 -0.03396 -0.01692 -0.02096 -0.00088 -0.04376
958.5  0.06152 0.00068 0.00496 -0.01220 0.03252 -0.03240 -0.01644 -0.02308 -0.00020 -0.04468
959.0  0.06048 0.00080 0.00836 -0.01276 0.03364 -0.02992 -0.01908 -0.02392 0.00040 -0.04500
959.5  0.05904 0.00088 0.01172 -0.01328 0.03464 -0.02604 -0.02392 -0.02368 0.00076 -0.04488
960.0  0.05720 0.00092 0.01500 -0.01380 0.03528 -0.02052 -0.02916 -0.02304 0.00076 -0.04448
960.5  0.05488 0.00092 0.01816 -0.01428 0.03568 -0.01392 -0.03288 -0.02292 0.00040 -0.04376
961.0  0.05220 0.00088 0.02120 -0.01464 0.03588 -0.00780 -0.03456 -0.02352 -0.00016 -0.04288
961.5  0.04908 0.00084 0.02404 -0.01500 0.03592 -0.00304 -0.03480 -0.02444 -0.00092 -0.04176
962.0  0.04564 0.00076 0.02668 -0.01504 0.03580 0.00048 -0.03448 -0.02536 -0.00172 -0.04036
962.5  0.04192 0.00068 0.02908 -0.01476 0.03568 0.00316 -0.03400 -0.02612 -0.00248 -0.03876
963.0  0.03788 0.00056 0.03124 -0.01412 0.03560 0.00528 -0.03348 -0.02672 -0.00320 -0.03688
963.5  0.03360 0.00052 0.03312 -0.01300 0.03560 0.00712 -0.03292 -0.02724 -0.00380 -0.03472
964.0  0.02916 0.00044 0.03464 -0.01136 0.03576 0.00880 -0.03220 -0.02772 -0.00436 -0.03224
964.5  0.02460 0.00036 0.03588 -0.00916 0.03600 0.01044 -0.03136 -0.02812 -0.00484 -0.02956
965.0  0.01988 0.00036 0.03672 -0.00636 0.03628 0.01212 -0.03032 -0.02844 -0.00520 -0.02672
965.5  0.01516 0.00032 0.03720 -0.00296 0.03652 0.01400 -0.02904 -0.02864 -0.00540 -0.02376
966.0  0.01036 0.00032 0.03724 0.00136 0.03652 0.01648 -0.02724 -0.02868 -0.00540 -0.02076
966.5  0.00556 0.00036 0.03692 0.00764 0.03576 0.02020 -0.02412 -0.02864 -0.00508 -0.01780
967.0  0.00076 0.00040 0.03616 0.02096 0.03004 0.02552 -0.01784 -0.02852 -0.00428 -0.01492
967.5  -0.00400 0.00044 0.03500 0.03596 0.00800 0.02960 -0.00880 -0.02828 -0.00296 -0.01228
968.0  -0.00872 0.00048 0.03344 0.03700 -0.00292 0.03060 -0.00236 -0.02788 -0.00108 -0.00988
968.5  -0.01340 0.00048 0.03148 0.03636 -0.00868 0.03056 0.00104 -0.02732 0.00124 -0.00776
969.0  -0.01796 0.00052 0.02916 0.03532 -0.01296 0.03044 0.00296 -0.02648 0.00364 -0.00592
969.5  -0.02244 0.00052 0.02652 0.03400 -0.01660 0.03044 0.00404 -0.02552 0.00580 -0.00452
970.0  -0.02676 0.00052 0.02352 0.03248 -0.01984 0.03056 0.00476 -0.02452 0.00760 -0.00328
970.5  -0.03092 0.00048 0.02028 0.03072 -0.02276 0.03076 0.00512 -0.02360 0.00896 -0.00240
971.0  -0.03484 0.00044 0.01680 0.02872 -0.02548 0.03112 0.00524 -0.02280 0.01004 -0.00184
971.5  -0.03856 0.00040 0.01312 0.02644 -0.02808 0.03152 0.00512 -0.02216 0.01080 -0.00160
972.0  -0.04204 0.00032 0.00928 0.02376 -0.03056 0.03212 0.00476 -0.02168 0.01140 -0.00164
972.5  -0.04520 0.00028 0.00536 0.02056 -0.03308 0.03268 0.00400 -0.02148 0.01164 -0.00212
973.0  -0.04812 0.00020 0.00128 0.01644 -0.03556 0.03332 0.00300 -0.02156 0.01132 -0.00304
973.5  -0.05076 0.00008 -0.00276 0.01080 -0.03796 0.03392 0.00176 -0.02252 0.00920 -0.00468
974.0  -0.05308 0.00000 -0.00692 0.00244 -0.03972 0.03448 0.00048 -0.02432 -0.00152 -0.00752
974.5  -0.05516 -0.00004 -0.01104 -0.00892 -0.03916 0.03488 -0.00084 -0.02192 -0.01120 -0.01256
975.0  -0.05700 -0.00012 -0.01512 -0.01996 -0.03528 0.03508 -0.00228 -0.02160 -0.01260 -0.01916
975.5  -0.05860 -0.00020 -0.01908 -0.02748 -0.03036 0.03504 -0.00364 -0.02260 -0.01220 -0.02348
976.0  -0.06000 -0.00024 -0.02300 -0.03212 -0.02612 0.03484 -0.00444 -0.02416 -0.01108 -0.02540
976.5  -0.06116 -0.00028 -0.02676 -0.03512 -0.02272 0.03456 -0.00408 -0.02592 -0.00952 -0.02620
977.0  -0.06208 -0.00032 -0.03028 -0.03732 -0.01984 0.03428 0.00072 -0.02768 -0.00764 -0.02656
977.5  -0.06280 -0.00036 -0.03388 -0.03896 -0.01748 0.02376 -0.02380 -0.02928 -0.00564 -0.02652
978.0  -0.06328 -0.00036 -0.03704 -0.04024 -0.01544 0.01692 -0.02828 -0.03044 -0.00356 -0.02624
978.5  -0.06348 -0.00036 -0.04024 -0.04116 -0.01380 0.01608 -0.02796 -0.03128 -0.00148 -0.02564
979.0  -0.06340 -0.00040 -0.04296 -0.04176 -0.01248 0.01644 -0.02680 -0.03180 0.00056 -0.02488
979.5  -0.06300 -0.00044 -0.04556 -0.04212 -0.01152 0.01740 -0.02528 -0.03200 0.00256 -0.02400
980.0  -0.06224 -0.00048 -0.04788 -0.04220 -0.01096 0.01860 -0.02336 -0.03200 0.00452 -0.02292
980.5  -0.06112 -0.00052 -0.04992 -0.04192 -0.01088 0.02004 -0.02104 -0.03188 0.00624 -0.02176
981.0  -0.05964 -0.00052 -0.05152 -0.04128 -0.01116 0.02160 -0.01840 -0.03164 0.00776 -0.02032
981.5  -0.05784 -0.00060 -0.05296 -0.04032 -0.01184 0.02316 -0.01560 -0.03128 0.00892 -0.01868
982.0  -0.05572 -0.00060 -0.05392 -0.03892 -0.01284 0.02460 -0.01312 -0.03084 0.00968 -0.01684
982.5  -0.05328 -0.00068 -0.05456 -0.03712 -0.01400 0.02588 -0.01108 -0.03044 0.00984 -0.01484
983.0  -0.05056 -0.00072 -0.05484 -0.03484 -0.01516 0.02704 -0.00948 -0.03028 0.00948 -0.01252
983.5  -0.04764 -0.00076 -0.05472 -0.03232 -0.01612 0.02808 -0.00824 -0.03036 0.00852 -0.01008
984.0  -0.04456 -0.00080 -0.05424 -0.02948 -0.01668 0.02900 -0.00728 -0.03060 0.00716 -0.00732
984.5  -0.04128 -0.00084 -0.05324 -0.02652 -0.01668 0.02996 -0.00636 -0.03100 0.00552 -0.00436
985.0  -0.03788 -0.00088 -0.05196 -0.02360 -0.01600 0.03088 -0.00540 -0.03140 0.00364 -0.00120
985.5  -0.03436 -0.00092 -0.05012 -0.02076 -0.01476 0.03180 -0.00432 -0.03172 0.00164 0.00196
986.0  -0.03076 -0.00096 -0.04792 -0.01816 -0.01276 0.03264 -0.00300 -0.03196 -0.00032 0.00512
986.5  -0.02704 -0.00096 -0.04528 -0.01576 -0.01036 0.03340 -0.00128 -0.03204 -0.00220 0.00800
987.0  -0.02324 -0.00096 -0.04224 -0.01352 -0.00760 0.03396 0.00104 -0.03204 -0.00392 0.01072
987.5  -0.01936 -0.00092 -0.03876 -0.01148 -0.00460 0.03416 0.00424 -0.03196 -0.00540 0.01308
988.0  -0.01536 -0.00088 -0.03492 -0.00952 -0.00156 0.03368 0.00880 -0.03180 -0.00660 0.01516
988.5  -0.01128 -0.00080 -0.03072 -0.00752 0.00140 0.03180 0.01480 -0.03172 -0.00744 0.01676
989.0  -0.00712 -0.00072 -0.02620 -0.00544 0.00416 0.02824 0.02136 -0.03160 -0.00792 0.01804
989.5  -0.00288 -0.00064 -0.02140 -0.00320 0.00660 0.02368 0.02684 -0.03160 -0.00796 0.01884
990.0  0.00148 -0.00056 -0.01636 -0.00064 0.00864 0.01932 0.03064 -0.03168 -0.00760 0.01920
990.5  0.00584 -0.00048 -0.01112 0.00228 0.01016 0.01564 0.03324 -0.03184 -0.00672 0.01916
991.0  0.01028 -0.00044 -0.00580 0.00544 0.01104 0.01260 0.03516 -0.03200 -0.00548 0.01880
991.5  0.01468 -0.00036 -0.00028 0.00868 0.01128 0.00984 0.03672 -0.03212 -0.00396 0.01820
992.0  0.01908 -0.00032 0.00532 0.01196 0.01088 0.00720 0.03808 -0.03208 -0.00212 0.01780
992.5  0.02340 -0.00032 0.01080 0.01512 0.00996 0.00432 0.03932 -0.03176 -0.00016 0.01792
993.0  0.02764 -0.00032 0.01636 0.01808 0.00852 0.00084 0.04032 -0.03120 0.00184 0.02216
993.5  0.03176 -0.00032 0.02176 0.02084 0.00656 -0.00392 0.04092 -0.03020 0.00384 0.03092
994.0  0.03572 -0.00036 0.02720 0.02336 0.00420 -0.01128 0.04024 -0.02888 0.00572 0.02936
994.5  0.03948 -0.00036 0.03236 0.02544 0.00144 -0.02188 0.03624 -0.02732 0.00752 0.02832
995.0  0.04312 -0.00036 0.03724 0.02720 -0.00152 -0.03136 0.02860 -0.02592 0.00916 0.02712
995.5  0.04656 -0.00036 0.04192 0.02856 -0.00452 -0.03620 0.02056 -0.02564 0.01040 0.02568
996.0  0.04980 -0.00032 0.04624 0.02956 -0.00748 -0.03772 0.01208 -0.02736 0.01052 0.02388
996.5  0.05284 -0.00028 0.05024 0.03028 -0.01020 -0.03724 0.00396 -0.03004 0.00656 0.02180
997.0  0.05568 -0.00024 0.05380 0.03080 -0.01272 -0.03548 0.00284 -0.03140 -0.00240 0.01948
997.5  0.05824 -0.00016 0.05692 0.03108 -0.01496 -0.03292 0.00900 -0.03080 -0.00736 0.01696
998.0  0.06056 -0.00012 0.05960 0.03120 -0.01696 -0.02976 0.01404 -0.03028 -0.00884 0.01432
998.5  0.06260 -0.00004 0.06180 0.03116 -0.01884 -0.02616 0.01800 -0.02996 -0.00908 0.01168
999.0  0.06432 -0.00000 0.06352 0.03088 -0.02064 -0.02224 0.02112 -0.02976 -0.00880 0.00912
999.5  0.06572 0.00004 0.06468 0.03040 -0.02232 -0.01832 0.02332 -0.02972 -0.00824 0.00672
1000.0  0.06668 0.00004 0.06544 0.02960 -0.02404 -0.01468 0.02476 -0.02976 -0.00752 0.00436
