0.0  1.00000000 0.00000000 0.00000000 0.00000000 0.00000000 0.00000000 0.00000000 0.00000000 0.00000000 0.00000000
0.5  0.48919835 -0.00000948 0.00044315 -0.00023460 -0.00001577 -0.00100621 0.00061144 0.00108931 -0.00118559 0.00028967
1.0  -0.50809046 -0.00008679 -0.00017987 -0.00077734 -0.00048610 -0.00165747 -0.00058078 0.00191256 -0.00112267 0.00137353
1.5  -0.99997685 -0.00035161 -0.00113445 -0.00032267 -0.00040203 -0.00092942 -0.00081437 0.00151501 -0.00049269 0.00074914
2.0  -0.51404993 -0.00053289 -0.00011488 0.00036980 -0.00015536 0.00025626 -0.00079435 -0.00057297 0.00030229 0.00086245
2.5  0.48632928 0.00032822 0.00045536 -0.00002918 0.00072079 0.00156691 -0.00016494 -0.00182669 0.00268023 0.00103571
3.0  0.99995574 0.00065896 0.00033628 -0.00047523 0.00038891 0.00198135 0.00069001 -0.00178121 0.00356551 0.00165895
3.5  0.45430373 0.00028865 0.00043670 -0.00011199 -0.00070082 0.00147559 0.00200426 -0.00084956 0.00375831 0.00228762
4.0  -0.58999236 -0.00009693 -0.00015557 0.00015943 -0.00033983 0.00033378 0.00252624 0.00004412 0.00394525 0.00384690
4.5  -0.98825584 -0.00055153 -0.00028013 0.00017339 0.00104226 -0.00086100 0.00159639 -0.00000936 0.00311816 0.00354555
5.0  -0.34805391 -0.00008723 0.00024270 -0.00022025 0.00212669 -0.00193724 -0.00114830 -0.00060253 0.00093899 0.00161492
5.5  0.61499525 0.00011629 -0.00014221 -0.00001657 -0.00098549 -0.00223113 -0.00284340 -0.00023828 -0.00235113 0.00148911
6.0  0.99785748 -0.00020822 -0.00094582 -0.00012057 -0.00270984 -0.00138265 -0.00261605 0.00122077 -0.00400264 0.00150824
6.5  0.53572222 -0.00001143 0.00018261 -0.00007582 -0.00018651 0.00064886 -0.00126360 0.00254806 -0.00500790 0.00186409
7.0  -0.35301025 -0.00002873 0.00019045 0.00019927 0.00253187 0.00195111 -0.00095402 0.00179236 -0.00379672 0.00171291
7.5  -0.96133635 0.00040100 -0.00005513 0.00004799 0.00161229 0.00206641 -0.00153524 -0.00063620 -0.00164550 0.00011787
8.0  -0.78256252 0.00048486 0.00084211 -0.00015444 -0.00132417 0.00116667 0.00003986 -0.00321499 -0.00008545 -0.00298452
8.5  0.07942663 -0.00009723 -0.00045829 0.00249369 -0.00095506 0.00027683 0.00471155 -0.00600485 0.00165417 -0.00849621
9.0  0.88451799 -0.00015672 -0.00007459 0.00047984 0.00015226 0.00089688 0.00682320 -0.00483909 0.00342568 -0.00764915
9.5  0.85617432 -0.00058295 0.00061997 -0.00187180 0.00168731 0.00216127 0.00431796 -0.00334040 0.00148768 -0.00584974
10.0  -0.01247609 0.00000947 -0.00039229 -0.00244649 0.00141865 0.00075477 -0.00032924 -0.00071374 -0.00015081 -0.00228378
10.5  -0.86984056 0.00036460 -0.00056852 -0.00037457 -0.00103398 -0.00261127 -0.00345140 0.00237632 -0.00165251 0.00089492
11.0  -0.86728723 -0.00005453 -0.00009255 0.00226755 -0.00218896 -0.00466963 -0.00374489 0.00473627 -0.00279395 0.00342571
11.5  -0.02222617 0.00028581 -0.00046389 0.00207663 -0.00118260 -0.00345822 -0.00194136 0.00509256 -0.00304301 0.00523356
12.0  0.84114599 -0.00021471 0.00062598 -0.00093066 0.00222792 0.00027018 -0.00000500 0.00340980 -0.00309958 0.00709412
12.5  0.89891546 -0.00012754 0.00133306 -0.00285154 0.00267818 0.00395762 0.00123868 0.00058371 -0.00228946 0.00885256
13.0  0.07881680 0.00017432 -0.00051828 -0.00249547 0.00051974 0.00462634 0.00162334 -0.00236347 -0.00074449 0.00874713
13.5  -0.83124009 -0.00024215 -0.00015468 0.00107624 -0.00328409 0.00158968 0.00172510 -0.00431087 0.00051260 0.00772537
14.0  -0.88149517 0.00030991 0.00028619 0.00318215 -0.00343126 -0.00277108 0.00199272 -0.00503433 0.00140231 0.00639642
14.5  0.00912099 0.00010664 -0.00053895 0.00199710 0.00048440 -0.00496218 0.00172354 -0.00473812 0.00208988 0.00328657
15.0  0.88308901 -0.00043014 -0.00025204 -0.00080872 0.00383585 -0.00369048 -0.00005025 -0.00287774 0.00247774 0.00124381
15.5  0.85405180 -0.00012313 -0.00018315 -0.00218669 0.00295785 0.00014354 -0.00266083 0.00050656 0.00215876 -0.00149945
16.0  0.04166394 -0.00025195 -0.00057905 -0.00124609 -0.00139593 0.00342467 -0.00398784 0.00421459 0.00081196 -0.00430379
16.5  -0.77475364 0.00040875 0.00098035 0.00047444 -0.00618666 0.00364269 -0.00223845 0.00603470 -0.00130518 -0.00758292
17.0  -0.97953022 0.00075623 0.00128800 0.00136643 -0.00295875 0.00131326 0.00158913 0.00409239 -0.00305745 -0.01004633
17.5  -0.48218957 0.00007753 -0.00009336 0.00102287 0.00421624 -0.00008669 0.00423448 -0.00118216 -0.00257932 -0.01054767
18.0  0.35517360 0.00013597 0.00003692 0.00083882 0.00561248 -0.00009650 0.00348455 -0.00613376 0.00086674 -0.00907209
18.5  0.94832835 -0.00065015 -0.00059585 -0.00119287 -0.00045611 -0.00114012 0.00011387 -0.00592934 0.00499419 -0.00692265
19.0  0.82950384 -0.00024264 -0.00089091 -0.00247152 -0.00544911 -0.00347003 -0.00137397 -0.00180102 0.00475884 -0.00358460
19.5  0.03118972 0.00019396 0.00049042 0.00011235 -0.00304024 -0.00425468 -0.00012430 0.00082315 0.00080324 -0.00135269
20.0  -0.81010853 -0.00031560 -0.00019891 0.00440746 0.00173111 -0.00366420 0.00109647 0.00118147 -0.00297262 0.00149926
20.5  -0.93239715 0.00003198 -0.00092421 0.00444147 0.00316850 -0.00111320 0.00200098 0.00070756 -0.00510280 0.00547644
21.0  -0.19346829 -0.00020131 0.00061056 -0.00196469 0.00163119 0.00214630 0.00239408 -0.00006546 -0.00583361 0.00913578
21.5  0.72771154 0.00016540 0.00052800 -0.00621504 -0.00085548 0.00336105 0.00228089 -0.00102175 -0.00504690 0.01053002
22.0  0.96758762 0.00121266 0.00006200 -0.00273026 -0.00192634 0.00300045 0.00111391 -0.00152305 -0.00329526 0.00961620
22.5  0.29611545 0.00007405 0.00099853 0.00389242 -0.00163302 0.00152599 0.00073636 -0.00062118 -0.00101326 0.01085284
23.0  -0.66599460 -0.00060953 -0.00042156 0.00579850 0.00201099 -0.00045899 -0.00169909 0.00036659 0.00129217 0.00984318
23.5  -0.97704537 -0.00081807 -0.00145742 0.00000642 0.00281235 -0.00145188 -0.00385888 0.00177097 0.00346906 0.00804199
24.0  -0.26229572 -0.00081862 0.00051141 -0.00573596 -0.00006715 -0.00124225 -0.00510366 0.00195229 0.00552626 0.00592502
24.5  0.75770957 0.00104854 0.00054399 -0.00405952 -0.00208461 -0.00078358 -0.00477864 0.00260995 0.00613334 0.00316821
25.0  0.90672121 0.00118370 -0.00087775 0.00226245 -0.00151655 -0.00069934 -0.00230459 0.00240657 0.00456911 0.00071745
25.5  -0.00752503 -0.00017518 0.00073015 0.00434068 0.00110758 -0.00153560 0.00150027 0.00138182 0.00166776 -0.00359431
26.0  -0.90140019 -0.00047133 0.00068584 0.00001315 -0.00064131 -0.00271557 0.00364259 0.00070816 -0.00005494 -0.00586619
26.5  -0.81156235 -0.00121824 -0.00106147 0.00062784 -0.00514505 -0.00242732 0.00448983 0.00039994 -0.00006373 -0.00722931
27.0  0.07692043 -0.00003324 0.00076606 0.00384367 -0.00474738 -0.00075175 0.00497447 -0.00035657 0.00154199 -0.01076250
27.5  0.87406875 0.00108327 -0.00018024 -0.00109160 0.00301320 0.00078866 0.00311966 -0.00158853 0.00159084 -0.01124048
28.0  0.89560838 0.00047271 -0.00152285 -0.00523569 0.00591136 0.00197424 -0.00083848 -0.00168901 -0.00004666 -0.01078271
28.5  0.14120605 0.00046780 0.00089124 -0.00056064 -0.00063149 0.00274601 -0.00466140 -0.00295928 -0.00256542 -0.00756833
29.0  -0.74635366 -0.00053676 0.00008136 0.00267639 -0.00760506 0.00234840 0.00448308 -0.00394798 -0.00442263 -0.00206825
29.5  -0.96081968 -0.00052622 -0.00071047 0.00162323 -0.00242132 0.00180773 -0.00231461 -0.00300155 -0.00369715 0.00473836
30.0  -0.25524882 0.00009624 0.00116075 -0.00253378 0.00617395 -0.00033637 0.00386976 -0.00071824 -0.00107554 0.01094274
30.5  0.71078495 -0.00020348 -0.00038348 -0.00326969 0.00533092 -0.00239755 0.00092158 0.00138802 0.00095178 0.01403519
31.0  0.96245868 0.00014336 -0.00015705 0.00084764 -0.00392171 -0.00288791 -0.00527789 0.00206923 0.00281913 0.01321245
31.5  0.24644923 -0.00014930 0.00128724 0.00336171 -0.00770461 -0.00223951 0.00331334 0.00140628 0.00191022 -0.01214280
32.0  -0.70481241 0.00005366 -0.00121457 0.00101815 -0.00136356 0.00038393 -0.00396363 0.00110957 0.00223612 -0.00883733
32.5  -0.97499973 0.00084452 -0.00082569 -0.00142240 0.00723419 0.00178108 0.00233214 0.00142325 0.00137320 -0.00349691
33.0  -0.34337857 0.00017714 0.00055374 -0.00008343 0.00462810 0.00211015 0.00275601 0.00095731 -0.00066081 0.00319045
33.5  0.59916945 -0.00027623 -0.00080870 0.00067972 -0.00523171 0.00124357 -0.00445591 -0.00039112 0.00034899 0.00969631
34.0  0.99693885 -0.00116859 0.00127768 -0.00034031 -0.00746642 0.00003324 0.00436275 -0.00199353 0.00135584 0.01279165
34.5  0.45054148 -0.00090787 0.00078550 0.00012911 0.00131973 -0.00038220 -0.00344388 -0.00434944 -0.00038278 0.01389809
35.0  -0.55227577 0.00092617 -0.00127785 0.00136719 0.00779762 -0.00105375 0.00034451 -0.00524375 0.00070811 0.01115852
35.5  -0.99648271 0.00120851 0.00068749 0.00094696 0.00237344 -0.00223681 0.00251728 -0.00298073 0.00259941 0.00842439
36.0  -0.41412725 0.00124892 0.00041448 -0.00205352 -0.00641614 -0.00215329 -0.00519844 0.00146777 0.00356587 0.00629657
36.5  0.56978353 -0.00073343 -0.00097806 -0.00319249 -0.00529362 -0.00091212 0.00320586 0.00487471 0.00115840 0.00292920
37.0  0.99952851 -0.00225689 -0.00007341 0.00247504 0.00285231 0.00270584 -0.00032913 0.00324019 -0.00407807 -0.00244960
37.5  0.56405661 -0.00092834 -0.00041381 0.00695383 0.00503863 0.00291168 0.00178038 -0.00273836 -0.00681784 -0.00573545
38.0  -0.30754011 -0.00017244 -0.00061433 -0.00047998 0.00047416 0.00014916 0.00423508 -0.00647401 -0.00445346 -0.00949178
38.5  -0.93534961 0.00184107 0.00165653 -0.00834228 -0.00098892 -0.00280596 -0.00494719 -0.00412334 -0.00068938 -0.01134330
39.0  -0.85760030 0.00151929 -0.00014310 -0.00413472 -0.00014430 -0.00316714 0.00133931 0.00176135 0.00260601 -0.01191425
39.5  -0.11131165 0.00005777 -0.00025376 0.00609408 -0.00027847 0.00018612 0.00093046 0.00663198 0.00310840 -0.01131835
40.0  0.73931902 -0.00029364 0.00100605 0.00694635 -0.00092977 0.00402610 -0.00465906 0.00704751 0.00258316 -0.00690869
40.5  0.97394467 -0.00144491 -0.00076277 -0.00154099 -0.00095323 0.00427494 0.00519484 0.00303529 0.00296604 -0.00261618
41.0  0.35450006 -0.00005232 0.00017282 -0.00770271 -0.00030709 -0.00001891 -0.00087333 -0.00171533 0.00357999 0.00068104
41.5  -0.58073539 0.00038360 0.00051558 -0.00369510 0.00033149 -0.00471677 -0.00228139 -0.00508511 0.00315911 0.00524126
42.0  -0.99960185 -0.00014681 -0.00150833 0.00508135 -0.00003391 -0.00538411 0.00419518 -0.00556647 0.00083148 0.00967452
42.5  -0.56171510 0.00042120 -0.00033763 0.00685708 -0.00044652 -0.00135485 -0.00403040 -0.00351492 -0.00287373 0.01462828
43.0  0.33059844 -0.00034347 0.00091699 -0.00026279 0.00017835 0.00405280 0.00026412 -0.00109635 -0.00540331 0.01728750
43.5  0.95133974 0.00033957 -0.00039130 -0.00887868 0.00081197 0.00592608 0.00247566 0.00104542 -0.00546966 0.01662447
44.0  0.81876955 0.00084239 0.00156793 -0.00539747 0.00063970 0.00330485 -0.00230497 0.00210246 -0.00299651 0.01269619
44.5  0.01437709 -0.00032629 0.00051388 0.00532366 -0.00011766 -0.00086210 0.00235913 0.00359720 0.00058799 0.01032409
45.0  -0.82334817 -0.00027160 -0.00219168 0.00976183 0.00026693 -0.00367690 0.00027750 0.00466936 0.00257319 0.00542194
45.5  -0.91244971 -0.00111118 0.00103999 0.00190655 -0.00019585 -0.00468655 -0.00178386 0.00395932 0.00273221 0.00056356
46.0  -0.09174766 -0.00036743 0.00032715 -0.00809485 -0.00156459 -0.00314395 0.00338056 0.00327394 0.00282154 -0.00343330
46.5  0.83019785 0.00128007 0.00169465 -0.00801257 -0.00042002 -0.00100331 -0.00250282 0.00047771 0.00391735 -0.00733972
47.0  0.89026590 0.00137571 0.00164137 0.00161652 0.00025755 0.00280209 0.00085990 0.00013777 0.00603652 -0.01086024
47.5  0.05823009 0.00039652 -0.00046182 0.00902137 -0.00045533 0.00607834 0.00064750 -0.00003352 0.00426545 -0.01321318
48.0  -0.81686192 -0.00145999 -0.00415272 0.00396641 -0.00167862 0.00642665 -0.00285061 -0.00238735 0.00447949 -0.01437210
48.5  -0.92690063 -0.00234698 -0.00530296 -0.00618839 -0.00323136 0.00264339 0.00457448 -0.00431477 0.00449613 -0.01468326
49.0  -0.18632552 -0.00051045 -0.00135287 -0.00802244 -0.00327345 -0.00302787 -0.00191432 -0.00507419 0.00403116 -0.01068066
49.5  0.73680127 0.00134370 0.00649166 0.00200329 0.00400666 -0.00622784 0.00067867 -0.00307853 0.00066125 -0.00487043
50.0  0.95443770 0.00247041 0.00987391 0.00807583 0.00788390 -0.00556141 0.00093642 -0.00015468 -0.00363392 0.00059769
50.5  0.19233940 0.00117740 0.00324853 0.00260053 0.00266655 -0.00167629 -0.00313738 0.00350456 -0.00712993 0.00499075
51.0  -0.78755820 -0.00215392 -0.00788752 -0.00541162 -0.00605684 0.00225194 0.00335325 0.00539984 -0.01092186 0.00788244
51.5  -0.89960312 -0.00200190 -0.01154935 -0.00564606 -0.00721891 0.00423163 -0.00306475 0.00634851 -0.01188443 0.00809518
52.0  -0.00584569 -0.00020501 -0.00346799 0.00103797 0.00113034 0.00304554 0.00173169 0.00685833 -0.01266242 0.00758838
52.5  0.88752550 0.00117177 0.00730649 0.00416991 0.00842227 0.00257229 0.00007167 0.00519542 -0.01247056 0.00599137
53.0  0.82785991 0.00212257 0.01044035 0.00071061 0.00380741 0.00185858 -0.00204195 0.00234375 -0.01134152 0.00269088
53.5  -0.07092643 -0.00027614 0.00510094 -0.00452018 -0.00785872 0.00097885 0.00342052 -0.00151352 0.00945775 -0.00226199
54.0  -0.89013182 -0.00104473 -0.00266074 -0.00021218 -0.00806160 -0.00023324 -0.00426927 -0.00557029 -0.00327548 0.00139033
54.5  -0.85245216 -0.00012725 -0.00705359 0.00279230 0.00577215 -0.00189279 0.00377855 -0.00923038 -0.00325036 -0.00044955
55.0  0.01443521 -0.00065209 -0.00684689 -0.00007134 0.01145419 -0.00288993 -0.00321040 -0.01194019 0.00821199 -0.00036837
55.5  0.88014545 0.00057296 -0.00269651 -0.00265757 0.00194377 -0.00323772 0.00137860 -0.01229946 -0.00986301 0.00091414
56.0  0.82663055 -0.00027432 0.00321521 -0.00181546 -0.01029013 -0.00063569 -0.00065344 -0.00564455 0.01470635 -0.00031113
56.5  -0.13516542 -0.00053482 0.00713649 0.00621274 0.00536849 0.00105681 -0.00054544 -0.00270233 -0.01413982 0.00037420
57.0  -0.94595546 0.00136927 0.00484557 0.00269662 0.00450886 0.00304678 0.00268764 0.00468409 0.01166125 -0.00049834
57.5  -0.73037367 0.00024171 -0.00206605 -0.00491991 -0.00779678 0.00398583 -0.00501340 0.00612544 -0.00973531 -0.00071044
58.0  0.22278072 0.00000304 -0.00683146 -0.00504779 0.00114155 0.00309826 0.00485104 0.00899660 0.00262909 0.00018643
58.5  0.94319298 -0.00068805 -0.00423445 0.00499996 0.00755225 0.00218592 -0.00479010 0.01024051 0.00550079 0.00121823
59.0  0.79672374 -0.00200679 0.00194423 0.00770904 -0.00468862 -0.00088245 0.00536210 0.00869978 -0.01508582 0.00254546
59.5  -0.05981054 0.00073151 0.00561797 -0.00230770 -0.00552679 -0.00252468 -0.00009096 0.00475279 0.02122784 0.00319279
60.0  -0.86977074 0.00050906 0.00302444 -0.00885274 0.00707404 -0.00396236 -0.00292787 -0.00161768 -0.02020036 0.00181921
60.5  -0.87513679 0.00186119 -0.00275877 -0.00152592 0.00182010 -0.00304669 0.00411272 -0.00776331 0.01408582 0.00431774
61.0  -0.02066024 0.00068390 -0.00562411 0.00828942 -0.00848870 -0.00086652 -0.00701192 -0.01128843 -0.00818137 0.00369019
61.5  0.86434216 -0.00205243 -0.00279050 0.00540277 0.00324915 0.00195711 0.00519478 -0.01074660 -0.00338360 0.00260227
62.0  0.85414968 -0.00089898 0.00241152 -0.00473188 0.00645303 0.00464939 -0.00084408 -0.00627543 0.01410118 0.00100975
62.5  -0.03931170 -0.00058678 0.00556467 -0.00858467 -0.00837783 0.00465412 -0.00143117 0.00104107 -0.01964054 -0.00159562
63.0  -0.88210992 0.00116017 0.00486947 0.00026016 -0.00002523 0.00216137 0.00422774 0.00738640 0.02195673 -0.00193788
63.5  -0.86671161 0.00240575 0.00060837 0.00802039 0.00888346 -0.00121308 -0.00691578 0.01051066 -0.01766378 -0.00424742
64.0  -0.06941619 -0.00044784 -0.00492570 0.00568584 -0.00669883 -0.00462064 -0.00049117 0.01033348 0.00389142 -0.00495812
64.5  0.77569869 -0.00068417 -0.00829628 -0.00548307 -0.00457433 -0.00416425 -0.00243540 0.00201895 0.01175698 -0.00576784
65.0  0.96324326 -0.00213625 -0.00676465 -0.00520832 0.01218324 -0.00393211 -0.01551059 -0.01216098 -0.00558545 -0.00661670
65.5  0.32757137 -0.00139261 0.00067360 0.00075033 0.00067751 -0.00145732 0.00961124 -0.01622526 -0.00811152 -0.00370772
66.0  -0.61439464 0.00193039 0.00983761 0.00496150 -0.01089576 -0.00007577 -0.00267102 -0.01307718 -0.01015836 -0.00113544
66.5  -0.99246618 0.00098875 0.01128832 0.00219817 0.00762488 -0.00280963 -0.00583208 -0.00503427 -0.01082522 0.00112289
67.0  -0.39460381 0.00147338 0.00123073 -0.00331656 0.00387215 0.00317064 0.01442549 0.00496442 -0.00977165 0.00209862
67.5  0.59326434 -0.00050651 -0.01008788 -0.00612063 -0.01016099 -0.00512146 -0.01284896 0.01340465 -0.00717033 0.00418544
68.0  0.99658855 -0.00232319 -0.01043741 -0.00104104 0.00582187 0.00228938 0.00508287 0.01797726 -0.00249458 0.00610174
68.5  0.50318808 0.00030290 -0.00145720 0.00555842 0.00394095 0.00425402 0.00376303 0.01594839 0.00241955 0.00625160
69.0  -0.38347448 -0.00036550 0.00708897 0.00518129 -0.00927222 -0.00621371 -0.01458156 0.00721792 0.00715566 0.00841530
69.5  -0.95810596 0.00045455 0.00744351 -0.00294966 0.00230203 0.00376243 0.01308423 -0.00476137 0.01064952 0.00840766
70.0  -0.83301555 0.00053715 0.00104868 -0.00681541 0.00667071 0.00250208 -0.00021997 -0.01423632 0.01121346 0.00897106
70.5  -0.10581418 -0.00107022 -0.00419147 -0.00308571 -0.00584998 -0.00855981 -0.00941962 -0.01663090 0.00882702 0.00953469
71.0  0.71084683 0.00134835 -0.00431247 0.00389448 -0.00028431 0.00500336 0.01452534 -0.01147173 0.00427262 0.00655775
71.5  0.98963126 0.00062418 0.00036855 0.00637695 0.00553335 0.00338061 -0.00954192 -0.00205565 -0.00238239 0.00265814
72.0  0.47021501 0.00059649 0.00446984 -0.00013426 -0.00599126 -0.00640134 -0.00397961 0.00722648 -0.00847538 -0.00383095
72.5  -0.44504607 0.00028852 0.00375914 -0.00709176 -0.00489666 0.00589435 0.01193351 0.01361108 -0.01298046 -0.00762770
73.0  -0.98694876 -0.00298138 -0.00004670 -0.00335699 0.00737908 -0.00078097 -0.01379275 0.01380747 -0.01490890 -0.01004799
73.5  -0.70942958 -0.00094417 -0.00324000 0.00477665 0.00074275 -0.00788308 0.00942389 0.00782701 -0.01117185 -0.01205869
74.0  0.13567782 -0.00003418 -0.00470443 0.00655180 -0.00548609 0.00511431 0.00634585 0.00041931 -0.00225558 0.01629634
74.5  0.86731200 0.00135684 -0.00419177 0.00003068 0.00328204 0.00149004 -0.01473720 -0.00310767 0.01050263 -0.01582389
75.0  0.92173148 0.00337894 -0.00142400 -0.00658233 0.00276695 -0.00561709 0.01163274 0.00868109 0.01879081 0.01166349
75.5  0.23162388 -0.00010917 0.00374454 -0.00375866 -0.00532183 0.00892039 -0.00872549 0.01175265 0.01525197 -0.00816497
76.0  -0.68169217 -0.00110097 0.00805278 0.00586440 0.00079304 -0.00612348 -0.00004962 0.00928557 0.00892403 0.00062049
76.5  -0.97430641 -0.00200451 0.00614487 0.00674161 0.00480341 0.01069554 0.00499282 0.00235119 0.00278752 0.00581400
77.0  -0.23852835 -0.00179458 -0.00285551 -0.00292973 -0.00809483 -0.01098866 -0.00636561 -0.00677452 -0.00073101 -0.00851407
77.5  0.78811868 0.00238188 -0.01028955 -0.00767314 -0.00131082 0.00967415 0.00963536 -0.01285691 -0.00369375 0.01315991
78.0  0.87554639 0.00208468 -0.00676091 -0.00413495 0.00944202 -0.00448471 -0.00940088 -0.01790482 -0.00684068 -0.01775309
78.5  -0.08318860 -0.00059852 0.00468006 0.00434475 -0.00653332 -0.00512944 0.00433757 -0.01913176 -0.01021203 0.01809514
79.0  -0.93172358 -0.00076629 0.01064798 0.00826440 -0.00449283 0.01065569 0.00034733 -0.01634654 -0.01048152 -0.01944617
79.5  -0.75830647 -0.00233607 0.00548078 0.00084349 0.01002385 -0.01054362 -0.00368802 -0.00924289 -0.01659731 0.01243423
80.0  0.18704717 -0.00000728 -0.00407029 -0.00723233 -0.00072130 0.00900463 0.00907656 0.00009678 0.00108700 -0.01155255
80.5  0.94007507 0.00225178 -0.00816310 -0.00463195 -0.00995204 -0.00050125 -0.00884289 0.01018634 -0.00103213 0.00494867
81.0  0.76935991 0.00026327 -0.00441391 0.00493050 0.00651590 -0.00994317 0.00403201 0.01722542 -0.00087031 -0.00016456
81.5  -0.17130770 0.00079006 0.00243679 0.00825415 0.00422187 0.01081942 0.00033258 0.02042507 0.00445009 -0.00745915
82.0  -0.94452135 -0.00090637 0.00558009 -0.00141427 -0.01094591 -0.01043436 -0.00548024 0.01876861 -0.01134946 0.00690593
82.5  -0.73661222 -0.00121732 0.00320794 -0.00919323 0.00249319 0.00645844 0.00969789 0.01152758 0.01331473 -0.00527673
83.0  0.24230229 0.00103712 -0.00140137 -0.00517650 0.01210576 0.00224486 -0.00919594 0.00366578 -0.01672335 0.00371733
83.5  0.96404748 -0.00107528 -0.00452630 0.00781090 -0.00831568 -0.00987176 0.00593900 -0.00800370 0.01440111 -0.00336321
84.0  0.71911046 0.00031125 -0.00422741 0.01107617 -0.00675202 0.01320121 -0.00365743 -0.01390435 -0.00890976 0.00392134
84.5  -0.19892912 -0.00002669 -0.00003728 -0.00471115 0.01215851 -0.00919109 -0.01149788 -0.01854641 -0.00535411 -0.00030292
85.0  -0.92261327 0.00043070 0.00548416 -0.01017621 -0.00340564 0.00509391 -0.01379797 -0.01626113 0.00644570 -0.00043253
85.5  -0.84393014 0.00234082 0.00746217 0.00313917 -0.01228077 0.00609140 -0.00869730 -0.00399547 -0.01290528 -0.00114325
86.0  -0.04214806 -0.00048446 0.00320291 0.01091038 -0.00219106 -0.01256773 0.00320179 0.00186378 0.01622113 0.00001671
86.5  0.81045958 -0.00108742 -0.00505502 -0.00080318 0.01088317 0.00966129 0.01514394 0.01115494 -0.01041208 0.00049773
87.0  0.91919722 -0.00246650 -0.00997512 -0.01137362 0.00768085 -0.00479264 0.01870358 0.01080456 0.00268256 -0.00303674
87.5  0.09651560 -0.00135860 -0.00613820 -0.00434901 -0.00593036 -0.00238031 0.01568774 0.01015970 0.00061568 0.00303968
88.0  -0.84190456 0.00309544 0.00404928 0.00850850 -0.01121523 0.01052209 0.00690728 0.00738111 -0.00620388 -0.00535002
88.5  -0.86148254 0.00231067 0.01011729 0.00979118 -0.00243901 -0.01536859 -0.00356814 0.00080259 0.01169682 0.00703440
89.0  0.03642850 0.00044948 0.00703285 -0.00162066 0.00916079 0.00832061 -0.01419433 -0.00407333 -0.01183846 -0.00626215
89.5  0.87709365 -0.00192290 -0.00059133 -0.01086710 0.00946787 0.00025166 -0.01828756 -0.01070618 0.01270855 0.00495087
90.0  0.88108934 -0.00378124 -0.00640264 -0.00507604 -0.00296235 -0.00802919 -0.01466470 -0.01211498 -0.01105876 -0.00439629
90.5  0.11905078 -0.00000626 -0.00799821 0.00674690 -0.01288096 0.01523684 -0.00263285 -0.00853404 0.00306025 -0.00145029
91.0  -0.73555750 0.00137865 -0.00623728 0.00823936 -0.00646664 -0.00752069 0.01113189 -0.00237935 0.00364559 0.00305624
91.5  -0.97810937 0.00238906 -0.00161770 0.00204588 0.00951247 -0.00467063 0.01856556 0.00534928 -0.01012932 -0.00294889
92.0  -0.38819824 0.00193961 0.00538066 -0.00499671 0.01339959 0.01024260 0.01682582 0.00851683 0.01495422 0.00690052
92.5  0.55078311 -0.00185298 0.00908295 -0.00515369 0.00302983 -0.01320943 0.00352256 0.00885982 -0.01298203 -0.00486252
93.0  0.99933814 -0.00154464 0.00550160 -0.00176264 -0.01132814 0.00632249 -0.01007164 0.00652943 0.00774398 0.00248362
93.5  0.53573497 -0.00082693 -0.00366136 0.00157850 -0.01221481 0.00730362 -0.01887729 0.00241966 0.00186866 -0.00463920
94.0  -0.40804575 -0.00005214 -0.00902163 0.00264535 0.00064612 -0.00804987 -0.01655485 -0.00521654 -0.01210750 0.00327243
94.5  -0.98238129 0.00196703 -0.00523629 0.00385367 0.01178645 0.01053573 0.00052847 -0.00960970 0.01599982 -0.00160326
95.0  -0.72772939 0.00032840 0.00324735 0.00026168 0.00692555 -0.00118608 0.01425064 0.00335187 -0.01472275 0.00025559
95.5  -0.10214524 -0.00013067 0.00792499 -0.00598593 -0.00680471 -0.00458168 0.01276671 0.01418730 0.00395980 0.00296364
96.0  0.84710914 0.00163068 0.00632686 -0.00838986 -0.00907936 0.00771983 -0.00069717 0.01800020 0.00965806 -0.00521492
96.5  -0.93489941 -0.00304571 -0.00219909 0.00186437 -0.00003983 -0.00638560 -0.01144714 0.00982166 -0.01620429 0.00552787
97.0  0.25338014 0.00239087 -0.00705082 0.01214031 0.00705486 -0.00145231 -0.01273704 -0.00769468 0.01796110 -0.00575322
97.5  0.67819043 -0.00084339 -0.00629903 0.00543870 0.00866748 0.00723891 -0.00643127 -0.01411442 -0.01354012 0.00614985
98.0  -0.97360914 0.00048926 0.00040155 -0.00658237 0.00191922 -0.00798181 0.00417625 -0.01600375 0.00584778 -0.00677188
98.5  0.25228098 0.00033402 0.00756200 -0.01172860 -0.00684614 0.00449713 0.01102754 -0.01510246 0.00154455 0.00667979
99.0  0.74444724 -0.00464742 0.00592402 -0.00463926 -0.00812657 0.00157698 0.01373036 -0.00674294 -0.00926676 -0.00539874
99.5  -0.94054462 0.01016328 -0.00173426 0.00835900 -0.00204861 -0.00677741 0.01037096 0.00360243 0.01470050 0.00296169
100.0  0.18812217 -0.00851163 -0.00763050 0.01212610 0.00432871 0.00736465 0.00044664 0.00945620 -0.01839828 -0.00043501
100.5  0.72125313 -0.00421643 -0.00630134 0.00084420 0.00619480 -0.00282519 -0.00951473 0.01508653 0.01821004 -0.00437529
101.0  -0.97862356 0.02078133 0.00148527 -0.01219516 0.00032456 -0.00361651 -0.01432037 0.01692578 -0.01221207 0.00720075
101.5  0.39968059 -0.02693489 0.00673374 -0.00823471 -0.00439785 0.00768443 -0.01003168 0.00735899 0.00521377 -0.00856071
102.0  0.52514735 0.01282639 0.00670966 0.00658315 -0.00517783 -0.00572945 0.00084436 0.00162955 0.00530988 0.00932572
102.5  -0.99821264 0.01642120 0.00124921 0.01258515 0.00175154 -0.00060853 0.01074009 -0.00398076 -0.01402995 -0.00957552
103.0  0.55471979 -0.03917032 -0.00647042 0.00237185 0.00777346 0.00372999 0.01497202 -0.01768635 0.01655021 0.00612853
103.5  0.43095893 0.03337241 -0.00736663 -0.01085051 0.00310328 -0.00695198 0.01149039 -0.01296691 -0.02036231 -0.00443430
104.0  -0.99555845 -0.00017619 -0.00138306 -0.01012773 -0.00233423 0.00394916 0.00339360 -0.01384253 0.01532581 0.00210999
104.5  0.55970414 -0.03515129 0.00621788 0.00319508 -0.00592516 -0.00141119 -0.00715694 -0.01097345 -0.01263736 -0.00090657
105.0  0.43198502 0.04463340 0.00765829 0.00856614 -0.00368254 0.00001253 -0.01596402 -0.00510135 0.00517144 -0.00044763
105.5  -0.99403076 -0.02378305 0.00230896 0.00237385 0.00290514 0.00300603 -0.01826490 0.00090712 0.00485770 0.00132603
106.0  0.60502310 -0.00934363 -0.00419365 -0.00617705 0.00595349 -0.00143619 -0.01253213 0.00690471 0.00874242 0.00741320
106.5  0.35241380 0.03345714 -0.00788248 -0.00661186 0.00082001 0.00227695 -0.00125372 0.01393582 0.00783032 0.00478871
107.0  -0.98162888 -0.03722620 -0.00545174 0.00418743 -0.00576867 0.00038176 0.00936162 0.01821456 0.00466703 0.00271290
107.5  0.64501251 0.02215981 0.00245397 0.00923762 -0.00366454 -0.00226220 0.01532636 0.02006493 0.00116679 0.00449457
108.0  0.38524998 0.00212020 0.00773103 -0.00215278 0.00290486 0.00339863 0.01631964 0.01374257 -0.00372331 -0.00060557
108.5  -0.99844415 -0.02334705 0.00586604 -0.00843042 0.00579050 -0.00277870 0.01254729 0.00600941 -0.00412984 -0.00351518
109.0  0.42370364 0.03064459 -0.00162058 -0.00233721 0.00123523 0.00039460 0.00656980 -0.00262226 -0.00397889 -0.00205026
109.5  0.66565808 -0.02051724 -0.00775471 0.00520229 -0.00547907 0.00217633 0.00069766 -0.01113014 -0.00218378 -0.00446418
110.0  -0.95468442 -0.00097064 -0.00570853 0.00573111 -0.00495751 -0.00355044 -0.00552099 -0.01823367 -0.00018360 -0.00640710
110.5  0.17231906 0.02122208 0.00050911 -0.00106380 0.00300935 0.00214238 -0.01032889 -0.02173228 -0.00187973 0.00042323
111.0  0.77128730 -0.02972164 0.00612436 -0.00623182 0.00814447 -0.00127384 -0.01128084 -0.02314370 -0.00336808 0.00229100
111.5  -0.94350400 0.02372285 0.00802606 -0.00137204 -0.00011579 -0.00098572 -0.00843159 -0.01841417 -0.00367702 0.00402244
112.0  0.22310638 -0.00795198 0.00218116 0.00275077 -0.01052311 0.00118141 -0.00136743 -0.00806816 0.00408378 0.00395416
112.5  0.70843152 -0.00861306 -0.00479223 0.00254071 -0.00113886 -0.00166096 0.00514734 0.00255676 0.00650186 -0.00496129
113.0  -0.96993792 0.01863809 -0.00718682 0.00326648 0.00923804 0.00430429 0.00574885 0.01345497 0.00225798 0.00376949
113.5  0.28366367 -0.02039891 -0.00449170 0.00444223 0.00478985 0.00099969 -0.00056186 0.03299078 -0.00086826 -0.00256558
114.0  0.68889209 0.01711382 0.00247451 -0.00756061 0.00026962 0.00129530 -0.00446640 0.03241781 -0.00125433 0.00201882
114.5  -0.97118729 -0.01040600 0.00716480 -0.01116696 -0.00069871 0.00275844 -0.00494131 0.02270242 -0.00662658 -0.00040092
115.0  0.29743301 -0.00134495 0.00572308 -0.00132297 -0.00177186 -0.00432224 -0.00493884 0.00607144 0.00701313 -0.00117490
115.5  0.64635655 0.01843936 -0.00004723 0.01553476 -0.00072051 0.00517812 0.00416761 -0.01248386 -0.00714880 0.00090169
116.0  -0.99282417 -0.03331303 -0.00640192 0.00665971 0.00259711 -0.00337902 0.01219099 -0.02608897 0.00731940 -0.00040869
116.5  0.49419567 0.03485508 -0.00664240 -0.01398340 0.00389205 -0.00159614 0.01267579 -0.03105059 -0.00374408 -0.00076904
117.0  0.39626824 -0.01699050 -0.00257850 -0.00879831 -0.00232974 0.00566899 0.00985349 -0.02107827 -0.00016000 0.00329778
117.5  -0.96981463 -0.01491703 0.00297673 0.00745390 -0.00523054 -0.00615234 -0.00147568 -0.00311406 0.00479107 -0.00355161
118.0  0.76179927 0.04412829 0.00780373 0.01231544 -0.00031167 0.00252829 -0.01299342 0.01588190 -0.00804456 0.00302400
118.5  0.10314949 -0.05018496 0.00593739 0.00292781 0.00261844 0.00161244 -0.01284975 0.02855056 0.00876346 -0.00286928
119.0  -0.89284861 0.02392698 -0.00154269 -0.01328687 0.00246566 -0.00583495 -0.00064879 0.03140142 -0.00605317 0.00152800
119.5  0.84517734 0.01945656 -0.00754011 -0.01236944 -0.00148374 0.00546951 0.00826860 0.01967559 0.00186790 -0.00024116
120.0  0.00734931 -0.04963082 -0.00616875 0.00607146 -0.00440789 -0.00310137 0.00509391 -0.00000846 0.00374344 0.00022303
120.5  -0.83757911 0.04727185 0.00129496 0.01402454 0.00087937 -0.00058789 -0.00538910 -0.01853138 -0.00730464 0.00060113
121.0  0.92968920 -0.01894010 0.00610328 0.00295892 0.00569707 0.00450097 -0.01420736 -0.02887649 0.01114227 -0.00055874
121.5  -0.28742861 -0.01558594 0.00737619 -0.00968896 0.00366534 -0.00619331 -0.01415501 -0.02893794 -0.00126940 -0.00028358
122.0  -0.55462750 0.04091858 0.00220995 -0.00952219 -0.01506128 0.00266532 0.00347756 -0.01162087 0.00519159 -0.00082499
122.5  0.99241760 -0.04736277 -0.00631033 -0.00359730 -0.01303976 -0.00105490 0.01132541 0.00801874 0.00407152 0.00192208
123.0  -0.70452086 0.03364288 -0.00688417 0.01800451 0.00549284 0.00359912 -0.01719107 0.02508506 -0.01019509 -0.00334925
123.5  -0.13327433 -0.00392751 -0.00277091 -0.00617440 0.01558463 -0.00335515 0.01173872 0.02881731 0.01007351 0.00554960
124.0  0.88078284 -0.02986823 0.00351682 -0.01314774 0.00551793 -0.00407907 0.00152307 0.01959253 -0.00815105 -0.00561475
124.5  -0.88339068 0.04898472 0.00763215 0.01686777 -0.01090975 0.00952166 -0.01102216 0.00243856 0.00360946 0.00474116
125.0  0.09919944 -0.03994805 0.00402156 -0.00095834 -0.01466640 -0.00829874 0.01358639 -0.01699113 0.00068620 -0.00394600
125.5  0.77553587 0.00527489 -0.00350015 -0.01739679 -0.00214712 0.00140143 -0.01060651 -0.02747742 -0.00545341 0.00254529
126.0  -0.95275320 0.03431798 -0.00840821 0.01332769 0.01289659 0.00851204 0.00019187 -0.02755887 0.00902377 -0.00007608
126.5  0.29862734 -0.05429840 -0.00432512 0.00812819 0.01239215 -0.01189423 0.00806946 -0.01616878 -0.01011380 -0.00198368
127.0  0.60139649 0.04266687 0.00293139 -0.01941648 -0.00570521 0.00729450 -0.01250306 0.00310689 0.00844985 0.00406876
127.5  -0.99722628 -0.00657286 0.00646749 0.00341010 -0.01591633 0.00195537 0.01064974 0.01974800 -0.00413527 -0.00557129
128.0  0.55736702 -0.03325077 0.00671147 0.01740233 -0.00443289 -0.01047323 -0.00292796 0.02863483 -0.00118961 0.00701173
128.5  0.38066684 0.05347785 0.00003423 -0.01328403 0.01423799 0.01276251 -0.00447606 0.02665049 0.00516080 -0.00700363
129.0  -0.98599359 -0.03987000 -0.00701100 -0.00857387 0.01404101 -0.00902839 0.01026629 0.01625590 -0.00703434 0.00443478
129.5  0.60695376 0.00118302 -0.00665054 0.01893794 -0.00476787 0.00265523 -0.01166188 0.00321215 0.00714493 -0.00117047
130.0  0.43021411 0.03341730 -0.00037434 -0.00773653 -0.01805258 0.00354659 0.01082557 -0.01033538 -0.00653071 -0.00060132
130.5  -0.99797607 -0.03969774 0.00697257 -0.01593818 -0.00627000 -0.01031849 -0.00621514 -0.02089189 0.00685640 0.00344427
131.0  0.48017166 0.02144360 0.00711398 0.01756886 0.01381897 0.01325619 -0.00152891 -0.02788599 -0.00837814 -0.00532336
131.5  0.52680220 0.00117228 -0.00004241 0.00533137 0.01508050 -0.01428252 -0.00219099 -0.02719494 0.00565287 0.00829242
132.0  -0.99860008 -0.01497121 -0.00591934 -0.01997603 -0.00519016 0.01221525 0.00232671 -0.01671497 -0.01107732 -0.00913249
132.5  0.51981692 0.02070159 -0.00792612 0.00339955 -0.01970757 -0.00951013 0.00544163 -0.00983886 -0.00584590 0.00856421
133.0  0.44725121 -0.02273202 -0.00352162 0.01731923 -0.00426768 0.00337160 -0.00821385 0.00240344 0.01298096 -0.00758860
133.5  -0.99559488 0.02055990 0.00416759 -0.00839305 0.01885771 0.00266092 0.00445302 0.01424312 -0.01722166 0.00712680
134.0  0.55989343 -0.00935640 0.00791407 -0.01199683 0.01194595 -0.00900928 0.00146591 0.02556795 0.01513310 -0.00556795
134.5  0.46495817 -0.01064510 0.00535101 0.01454212 -0.01366864 0.00817773 -0.00614669 0.02731922 -0.01245853 0.00164615
135.0  -0.99844652 0.02842382 -0.00240114 0.00437808 -0.01735293 -0.00662279 0.00737711 0.02366747 0.00797154 0.00398275
135.5  0.43827643 -0.03083689 -0.00783617 -0.01784388 0.00400092 0.00051750 -0.00460317 0.01816587 -0.00514146 -0.00801672
136.0  0.59822261 0.01546132 -0.00608666 0.00472888 0.01682793 0.00440035 0.00034690 0.00582844 -0.00376681 0.00755940
136.5  -0.98746339 0.00715155 0.00076853 0.01676553 0.00573923 -0.00615499 0.00451288 -0.00760292 0.01217289 -0.00336637
137.0  0.36244907 -0.02497115 0.00786485 -0.01167201 -0.01317792 0.00425482 -0.00964591 -0.01810135 -0.01504107 -0.00177963
137.5  0.60638793 0.03273338 0.00835201 -0.01158822 -0.01249377 0.00108140 0.00904250 -0.02501140 0.01558834 0.00616881
138.0  -0.99448885 -0.02957453 0.00097296 0.01472197 0.00904723 -0.00299750 -0.00481946 -0.02764372 -0.01092746 -0.00768887
138.5  0.45838756 0.01493687 -0.00573146 0.00724680 0.01607969 0.00343186 -0.00139249 -0.02103256 0.00651020 0.00556389
139.0  0.51741314 0.00971983 -0.00820133 -0.01573874 -0.00414203 -0.00115729 0.00791442 -0.01008575 -0.00020596 -0.00844014
139.5  -0.99779194 -0.03554979 -0.00428480 -0.00097569 -0.01591621 0.00105551 -0.01207168 0.00439363 -0.00474692 0.01134486
140.0  0.44275239 0.04553106 0.00431473 0.01609201 -0.00297668 -0.00631117 0.01195122 0.01722693 0.00752658 -0.01407295
140.5  0.59974748 -0.02642741 0.00886312 -0.00842944 0.01166187 0.00672749 -0.00553819 0.02308091 -0.01475824 0.01359081
141.0  -0.98251117 -0.01323862 0.00558886 -0.01062124 0.01036317 0.00117064 -0.00036104 0.02500910 0.01821411 -0.01235460
141.5  0.31445548 0.04518683 -0.00341922 0.01429194 -0.00655828 -0.01000922 0.01135670 -0.02498181 -0.00567892 0.01118658
142.0  0.65447277 -0.04817799 -0.00972296 -0.00031337 -0.01456312 0.01530915 0.00950147 0.00655611 -0.00425741 -0.00533597
142.5  -0.98738795 0.02286946 -0.00579486 -0.01785866 -0.00103627 -0.01383311 -0.00139792 0.00821865 -0.00520648 -0.00123898
143.0  0.43441901 0.01228419 0.00199636 0.00745640 0.01139147 -0.00828879 -0.01576238 -0.01452585 0.01545894 0.01087004
143.5  0.49663200 -0.03648004 0.00859644 0.01425578 0.00918729 -0.00280397 -0.02270283 0.01553044 -0.01862852 -0.01626729
144.0  -0.99578683 0.03772912 0.00851157 -0.01533642 -0.00476725 0.01300138 -0.01696513 -0.00954006 0.01360748 0.01843204
144.5  0.59463274 -0.01906425 -0.00019945 -0.00484541 -0.01281062 -0.01475392 -0.00072253 -0.00005591 -0.00345711 -0.01910211
145.0  0.37122529 -0.00474284 -0.00802249 0.01674331 -0.00208155 0.00715318 0.01223590 0.00924144 -0.00753522 0.01581163
145.5  -0.98574647 0.01897642 -0.00867939 -0.00758521 0.01035987 0.00472157 0.02103576 -0.01490027 0.01583800 -0.01125590
146.0  0.64655999 -0.02020582 -0.00111177 -0.01038843 0.00929422 -0.01472527 0.01994454 0.01419134 -0.01882618 0.00684959
146.5  0.30200280 0.01476835 0.00754760 0.01605330 -0.00156664 0.01457834 0.00589860 -0.00619041 0.01634391 -0.00090153
147.0  -0.96031684 -0.00754600 0.00904241 -0.00177148 -0.01003702 -0.00536384 -0.01000781 -0.00464681 -0.00799912 -0.00627573
147.5  0.77943391 -0.00125693 0.00306640 -0.01530697 -0.00577691 -0.00675464 -0.01902743 0.01244645 -0.00375748 0.01433614
148.0  0.03105582 0.01186375 -0.00598146 0.01094196 0.00650932 0.01651167 -0.01907782 -0.01382110 0.01353411 -0.02105279
148.5  -0.80754518 -0.02120614 -0.00975352 0.00723270 0.00838556 -0.01275173 -0.00509120 0.00715227 -0.01910434 0.02330341
149.0  0.95822217 0.02286867 -0.00485294 -0.01685675 -0.00016688 -0.00058955 0.01308964 0.00307477 0.01582392 -0.02115995
149.5  -0.34001138 -0.01299238 0.00255563 0.00629124 -0.01018665 0.00871644 0.02373075 -0.00866613 -0.00516361 0.01627227
150.0  -0.58799020 -0.00572647 0.00886594 0.01104897 -0.00482321 -0.02115178 0.01314585 0.01290700 -0.00458218 -0.01067390
150.5  0.99554560 0.02197493 0.00731879 -0.00987510 0.01330698 0.01462449 0.00805792 -0.00938755 0.01238322 0.00600707
151.0  -0.43161718 -0.02525084 -0.00271803 0.00257575 0.00689681 -0.00574190 -0.01215784 -0.00513310 -0.01580455 -0.00319293
151.5  -0.56775969 0.01396080 -0.00950512 0.01132848 0.00342081 -0.00785949 -0.00271452 0.02510440 -0.01099570 -0.00208164
152.0  0.99608445 0.00326006 -0.00711071 -0.01120165 -0.00351675 0.01650631 -0.01329375 -0.02564372 0.00101740 0.00828297
152.5  -0.47678138 -0.01751992 0.00256473 -0.00443107 -0.00579092 -0.02006102 -0.01198796 0.01825543 0.01050408 -0.01551815
153.0  -0.46049214 0.02517683 0.00951731 0.01032926 -0.00120722 0.00921665 -0.00688236 -0.00114543 0.01689587 0.02182919
153.5  0.99015868 -0.02508335 0.00796139 -0.00301631 0.00474504 0.00600175 0.00442081 -0.01637448 0.01697929 -0.02517801
154.0  -0.66777334 0.01402165 0.00117286 -0.00876607 0.00442311 -0.01636795 0.01401363 0.02763532 0.01521486 0.02269134
154.5  -0.24724652 0.00718048 -0.00806978 0.00826229 -0.00453242 0.01684513 0.01533281 -0.02741589 0.00526497 -0.01918374
155.0  0.94923353 -0.03038644 -0.00999993 0.00523745 -0.00543274 -0.00633980 0.00961634 0.01715649 -0.00287056 0.01225721
155.5  -0.75402865 0.03981138 -0.00214470 -0.01275021 0.00084123 -0.00737429 -0.00158891 -0.00156061 -0.00885926 -0.00656335
156.0  -0.18255708 -0.02480238 0.00701518 0.00295085 0.00310609 0.01752624 -0.01178398 -0.01476344 -0.01635769 -0.00063459
156.5  0.93842321 -0.00832232 0.00997201 0.01044534 0.00356139 -0.01862352 -0.01548090 0.02370166 -0.02011915 0.01030627
157.0  -0.77484859 0.03858937 0.00359341 -0.00885173 -0.00127687 0.01071892 -0.01177312 -0.02576523 -0.01730694 -0.01842633
157.5  -0.11463773 -0.04709817 -0.00519009 -0.00609750 -0.00542988 0.00363051 -0.00336595 0.01761320 -0.01506191 0.02504340
158.0  0.88592720 0.03046052 -0.00958594 0.01109726 0.00139424 -0.01665228 0.00674887 -0.00741130 -0.00534620 -0.02765501
158.5  -0.88528126 0.00011640 -0.00713868 0.00236656 0.00665083 0.02222457 0.01343278 -0.00299325 0.00702014 0.02383910
159.0  0.14306480 -0.02877928 0.00198455 -0.01273936 0.00081181 -0.01654445 0.01009837 0.01351553 0.01475382 -0.01585181
159.5  0.72663546 0.04298177 0.00924938 0.00325097 -0.00369941 0.00342605 -0.00139539 -0.01559898 0.02160784 0.00239751
160.0  -0.96979538 -0.03749978 0.00921018 0.01116460 -0.00392067 0.01062032 -0.00692614 0.02030975 0.01771197 0.00865468
160.5  0.28592655 0.01584933 0.00160100 -0.00775064 -0.00060323 -0.02122146 -0.01063686 -0.01347359 0.01563001 -0.02299842
161.0  0.71819330 0.01124462 -0.00838624 -0.00769545 0.00672884 0.02375752 -0.00767649 0.00646767 0.01023409 0.02845105
161.5  -0.93242177 -0.03005971 -0.01061595 0.01227267 0.00329544 -0.01931515 -0.00427109 0.00666410 -0.00227357 -0.02797841
162.0  0.06035876 0.03262000 -0.00178675 -0.00008342 -0.00461158 0.00963721 -0.00100555 -0.01756514 -0.00933268 0.02104698
162.5  0.87696180 -0.01929287 0.00850757 -0.01311582 -0.00598812 0.00348738 0.00581081 0.02265767 -0.01750113 -0.01264161
163.0  -0.81886719 -0.00308691 0.01080177 0.00747054 0.00080470 -0.01676566 0.00930283 -0.02519078 -0.02461947 0.00209185
163.5  -0.11438233 0.02403799 0.00256090 0.01122075 0.00724997 0.02304049 0.01088320 0.01721323 -0.02613535 0.00390611
164.0  0.92021228 -0.03352764 -0.00803645 -0.01178690 0.00295293 -0.02090629 0.00766985 -0.01008968 -0.01799126 -0.01557975
164.5  -0.79067634 0.02627785 -0.01031822 -0.00557799 -0.00658239 0.00982161 0.00351027 -0.00479791 -0.01308878 0.01975116
165.0  -0.14572443 -0.00623869 -0.00454018 0.01228366 -0.00609901 0.00187490 -0.00578070 0.01793689 0.00285432 -0.02311134
165.5  0.93723914 -0.01528141 0.00536390 -0.00122819 0.00119852 -0.01221213 -0.01302824 -0.02576650 0.01238297 0.02118822
166.0  -0.74304825 0.02698285 0.01151654 -0.01120998 0.00647383 0.01560922 -0.01445902 0.03003947 0.01597235 -0.01335472
166.5  -0.23954054 -0.02566571 0.00577180 0.00897202 0.00262295 -0.01858104 -0.00998665 -0.01999766 0.02473114 0.00808654
167.0  0.96452044 0.01476422 -0.00580728 0.00544509 -0.00362692 0.00959692 -0.00617165 0.01170804 0.02223759 -0.00008446
167.5  -0.70971049 0.00188248 -0.01140621 -0.01266413 -0.00523348 0.00079881 0.00674896 0.00610565 0.01449487 -0.00652964
168.0  -0.20964867 -0.01967160 -0.00593960 0.00140025 0.00119244 -0.00921918 0.01218417 -0.01952107 0.00624466 0.01638651
168.5  0.91966036 0.03281748 0.00446461 0.01365536 0.00636611 0.01153870 0.01546141 0.02744885 -0.01064199 -0.02259608
169.0  -0.86436499 -0.03452805 0.00988104 -0.00606181 0.00242462 -0.00742094 0.00586211 -0.02885673 -0.01904028 0.02438814
169.5  0.14873131 0.02156122 0.00924684 -0.01104167 -0.00534687 -0.00013385 -0.00502057 0.01084972 -0.02188078 -0.02255369
170.0  0.67607000 0.00345767 0.00167012 0.00918866 -0.00290070 0.00549279 -0.01235513 0.00999806 -0.01464058 0.01619472
170.5  -0.99385257 -0.03135665 -0.00881526 0.00693600 0.00398004 -0.00207398 -0.01510346 -0.02717253 0.00368354 -0.00787386
171.0  0.50758152 0.04636829 -0.01080038 -0.01370680 0.00329008 -0.00213769 -0.00818908 0.03483592 0.00800469 -0.00066098
171.5  0.44093262 -0.03647364 -0.00414264 0.00082649 -0.00183912 0.00650281 0.00157352 -0.02289386 0.02291881 0.00854880
172.0  -0.99346478 0.00392359 0.00622521 0.01487730 -0.00292543 -0.00450415 0.01002765 0.00995705 0.02085252 -0.01557579
172.5  0.58818683 0.03171766 0.01095452 -0.01258269 -0.00011373 -0.00159166 0.01318824 0.01168727 0.01679110 0.02168553
173.0  0.37523851 -0.04717705 0.00525278 -0.00498663 0.00058131 0.00772135 0.01500561 -0.02610086 0.00809930 -0.02464539
173.5  -0.97817876 0.03609003 -0.00465441 0.01631920 0.00161975 -0.01103763 0.00497707 0.03255186 -0.00467466 0.02388611
174.0  0.72056827 -0.00660101 -0.01150043 -0.00724511 0.00000984 0.00661921 -0.00354693 -0.02387384 -0.01528609 -0.01847753
174.5  0.13601389 -0.02579301 -0.00789994 -0.00961378 -0.00206230 0.00318720 -0.01191914 0.00320263 -0.02170377 0.01169593
175.0  -0.87969611 0.04602782 0.00320644 0.01193741 -0.00105116 -0.01260492 -0.01457519 0.01727124 -0.02102391 -0.00297861
175.5  0.89172908 -0.04417672 0.01009936 0.00172993 0.00100110 0.01226193 -0.00792031 -0.03019663 -0.01316837 -0.00675232
176.0  -0.13141767 0.01777183 0.00933227 -0.01194224 0.00001886 -0.00313183 0.00422825 0.02764730 -0.00119126 0.01456193
176.5  -0.75548918 0.02039044 -0.00052866 0.00719858 0.00020079 -0.00729849 0.01344130 -0.01260147 0.00983800 -0.02062679
177.0  0.95550331 -0.04839434 -0.01063445 0.00827135 0.00065330 0.01270496 0.01421143 -0.00724042 0.01816671 0.02398232
177.5  -0.27609063 0.04823154 -0.00958408 -0.01444837 -0.00098520 -0.00497375 0.01090179 0.02310122 0.02167150 -0.02389454
178.0  -0.64662930 -0.01894033 -0.00023010 0.00313417 0.00100183 -0.00602577 -0.00078025 -0.02929934 0.01722882 0.02186080
178.5  0.99233792 -0.02063200 0.00965807 0.01163830 0.00229476 0.01212903 -0.01655051 0.02115906 0.00849358 -0.01912466
179.0  -0.50996723 0.04936800 0.01102447 -0.00978856 -0.00825890 -0.01066015 -0.01544347 -0.00523471 -0.00375225 0.01042613
179.5  -0.36657466 -0.05385764 0.00256215 -0.00415111 -0.00434528 -0.00299500 -0.01059995 -0.01624435 -0.01075985 -0.00269430
180.0  0.95503032 0.03337565 -0.00645810 0.01258694 0.00814008 0.01088686 -0.00054604 0.02791208 0.01685116 -0.00655202
180.5  -0.81170128 0.00143966 -0.01188692 -0.00306079 0.01054589 -0.00966625 0.01879692 -0.02815166 -0.01478730 0.01535549
181.0  0.00920075 -0.03494190 -0.00747072 -0.01238065 -0.00475259 0.00296421 0.01588423 0.01700676 0.00853816 -0.02302523
181.5  0.82796108 0.05075419 0.00348727 0.00938457 -0.01039992 0.00660587 0.00933648 0.00102843 0.00060039 0.02610202
182.0  -0.89900896 -0.03881873 0.01084158 0.00550422 -0.00419119 -0.00896820 0.00010973 -0.01711168 -0.00896138 -0.02618910
182.5  0.04473987 0.00615966 0.00853248 -0.01176358 0.00367995 0.00624359 -0.01475651 0.02770143 0.01553903 0.02343342
183.0  0.86473781 0.02674834 -0.00296400 0.00248109 0.01007744 -0.00107927 -0.01801408 -0.03200761 -0.01849650 -0.02041374
183.5  -0.84358801 -0.04226730 -0.01066564 0.01015763 0.00348344 -0.00507735 -0.01588580 0.02708243 0.01772515 0.01463674
184.0  -0.05423184 0.03590383 -0.00851492 -0.00920831 -0.00867233 0.00737260 -0.00890513 -0.01675364 -0.01424740 -0.00679886
184.5  0.88562911 -0.01462461 0.00054189 -0.00625417 -0.00908474 -0.00705573 0.00367753 0.00001594 0.01093220 -0.00286924
185.0  -0.85285828 -0.01230572 0.01039139 0.01281000 0.00271960 0.00517502 0.01361769 0.01797185 -0.00784196 0.01064639
185.5  0.00015398 0.03428636 0.00987980 0.00095351 0.01012648 -0.00281396 0.01944060 -0.02809688 0.00340588 -0.01828664
186.0  0.85964993 -0.04098999 0.00133923 -0.01258670 0.00299315 0.00044525 0.01294460 0.03430032 0.00073284 0.02350858
186.5  -0.86326778 0.02770252 -0.00734398 0.00548704 -0.00864592 -0.00147076 0.00619446 -0.02899010 -0.00538596 -0.02608577
187.0  -0.03052399 -0.00013605 -0.01082012 0.00929014 -0.00772477 -0.00170475 -0.00491545 0.02042113 0.00821915 0.02575450
187.5  0.89689120 -0.02683424 -0.00371389 -0.01080641 0.00594536 0.00457407 -0.01665855 -0.00996556 -0.01058130 -0.02047910
188.0  -0.80480214 0.03857574 0.00750242 -0.00483695 0.00946044 -0.00663090 -0.01571040 0.00734878 0.01879298 0.01178324
188.5  -0.13423408 -0.03130172 0.01119786 0.01498136 -0.00291350 0.00716597 -0.01510795 -0.00258977 -0.02364395 0.00217745
189.0  0.92485944 0.01027502 0.00504689 -0.00421935 -0.00880426 -0.00548363 -0.00668383 0.00593552 0.02749303 0.01052123
189.5  -0.80127883 0.01393028 -0.00520971 -0.01343774 0.00178709 0.00160334 0.00391784 -0.00901149 -0.01944790 -0.02543447
190.0  -0.06761348 -0.03209395 -0.01036653 0.00770894 0.00302572 0.00750359 0.01367992 0.00535097 -0.00606077 0.03612879
190.5  0.86809422 0.03807277 -0.00749806 0.01228326 0.00705688 -0.00436949 0.01805351 0.00674651 0.01892919 -0.02996448
191.0  -0.88668589 -0.02923630 -0.00020445 -0.01127679 -0.00205115 0.00703895 0.01174558 -0.02412843 -0.00287786 0.02245907
191.5  0.07649408 0.00842926 0.00889783 -0.00728381 -0.00882510 -0.00272007 -0.00198918 0.01760428 -0.01095210 -0.00920523
192.0  0.82985512 0.01781941 0.01057240 0.01432493 -0.00059082 -0.00284013 -0.01237557 -0.00880196 0.01772699 -0.00149087
192.5  -0.86888433 -0.03634820 0.00224267 0.00021557 0.00873129 0.00664491 -0.01705023 -0.00099063 -0.02082147 0.00992973
193.0  -0.07800906 0.03477017 -0.00779886 -0.01422344 0.00513331 -0.00753062 -0.01819399 0.00773640 0.02251232 -0.01972118
193.5  0.93729677 -0.01212593 -0.01015474 0.00820554 -0.00467789 0.00503506 -0.01167790 -0.00885242 -0.02400570 0.02637107
194.0  -0.71320464 -0.01730600 -0.00132993 0.00903918 -0.00929009 -0.00010563 -0.00092378 0.00406422 0.02421968 -0.02948395
194.5  -0.28906145 0.03628513 0.00798517 -0.01252064 0.00168615 -0.00598352 0.01043276 -0.00274483 -0.02455869 0.03508738
195.0  0.97301155 -0.03495933 0.00961270 -0.00367459 0.00811079 0.00876141 0.01868945 0.00760247 0.02009590 -0.03385020
195.5  -0.69102950 0.01615248 0.00468008 0.01554119 0.00296355 -0.00848484 0.01735459 -0.01396863 -0.01943770 0.02324477
196.0  -0.24994544 0.00993920 -0.00518498 -0.00441397 -0.00717016 0.00184783 0.00845735 0.01942752 0.00351328 -0.01466559
196.5  0.95441929 -0.03124288 -0.01140770 -0.01480798 -0.00571754 0.00573455 -0.00386089 -0.01802089 -0.01483566 0.00323514
197.0  -0.73775216 0.03645062 -0.00595749 0.01259255 0.00352891 -0.00576269 -0.01582804 0.01428383 -0.02606660 0.00646965
197.5  -0.21097897 -0.02177973 0.00449455 0.00769428 0.00840353 0.01231053 -0.01780847 0.00360032 -0.03536008 -0.01455086
198.0  0.95089247 -0.00525657 0.01091404 -0.01734254 0.00360679 -0.00564212 -0.01358623 -0.00191205 -0.03496844 0.02126787
198.5  -0.73761852 0.02906120 0.00666843 0.00442401 -0.00902058 -0.00164564 -0.00058696 0.01972090 -0.02113585 -0.02883650
199.0  -0.19433778 -0.03586863 -0.00474122 0.01400511 -0.00953317 0.00806520 0.00905127 -0.01938036 -0.00688575 0.03390093
199.5  0.92860508 0.02366347 -0.01084397 -0.01501786 0.00296764 -0.01147675 0.02346193 0.01014312 0.01220595 -0.03166881
200.0  -0.82613748 -0.00010582 -0.00804866 -0.00508023 0.01017013 0.00430287 0.02592715 -0.00829857 0.02304975 0.02391035
200.5  0.03850869 -0.02334654 0.00235005 0.01812557 0.00657412 0.00237936 0.01747190 -0.01136862 0.03058694 -0.01007313
201.0  0.76737833 0.03673908 0.01059202 -0.00482919 -0.00919422 -0.01407679 -0.00561323 0.01403590 0.02687763 -0.00362898
201.5  -0.97292651 -0.03402284 0.00912494 -0.01508177 -0.01232392 0.01610419 -0.02332265 -0.01342376 0.01327029 0.01602694
202.0  0.40354444 0.01591818 0.00271092 0.01365587 0.00285993 -0.00260761 -0.03251141 0.00246042 0.00217089 -0.02490044
202.5  0.52332185 0.01182811 -0.00751063 0.00462053 0.00952743 -0.01117243 -0.02019638 0.00334659 -0.01408013 0.02976810
203.0  -0.99726578 -0.03472585 -0.01171312 -0.01603918 0.00440637 0.02054790 0.00009427 -0.00752113 -0.02583683 -0.03175880
203.5  0.51004392 0.03774901 -0.00343932 0.01026467 -0.00462621 -0.01761983 0.01792856 0.00842395 -0.02767715 0.03130244
204.0  0.48636135 -0.01808912 0.00745272 0.00553979 -0.01314738 0.00322973 0.02794230 -0.00492375 -0.02933306 -0.02804221
204.5  -0.99644395 -0.01248306 0.01158798 -0.01422147 -0.00546686 0.01486251 0.02519663 0.00383589 -0.02282971 0.02137785
205.0  0.58457792 0.03479774 0.00467734 0.00405624 0.01070000 -0.02445317 0.01093966 -0.00393226 -0.00437662 -0.01057686
205.5  0.30921428 -0.03984098 -0.00570115 0.01044635 0.01174127 0.01787732 -0.00680035 0.00092700 0.01330705 0.00072662
206.0  -0.93957596 0.02686221 -0.01060241 -0.00882904 -0.00098819 0.00302765 -0.02187499 0.00380106 0.02886386 0.01175390
206.5  0.84246864 -0.00255262 -0.00964443 -0.00740375 -0.01281574 -0.01425594 -0.02727352 -0.01634047 0.03222865 -0.02255002
207.0  -0.08843032 -0.02217133 0.00122005 0.00827451 -0.00804837 0.02086902 -0.00358699 0.01037359 0.02416187 0.03066454
207.5  -0.75031966 0.03701634 0.01093855 -0.00328514 0.00948256 -0.01025690 0.01063370 -0.00801945 -0.00256688 -0.03330165
208.0  0.96666069 -0.03433025 0.00966180 -0.00536320 0.01227471 -0.00535276 0.01671919 0.00924382 -0.02792552 0.03241690
208.5  -0.32798448 0.01587870 0.00181692 0.00763947 -0.00033144 0.01844870 0.00122282 0.03052748 -0.02958950 -0.02663292
209.0  -0.61436755 0.00941582 -0.00834383 0.00165446 -0.01327448 -0.02254942 -0.00484434 0.03140632 -0.02466263 0.01900061
209.5  0.99330162 -0.02858957 -0.01138234 -0.00973765 -0.00915199 0.01068154 -0.01430018 0.02103592 -0.01475440 -0.00452445
210.0  -0.47516949 0.03429076 -0.00500900 0.00378957 0.00490202 0.00326410 -0.00875807 -0.00211536 -0.00082890 -0.00699189
210.5  -0.44965181 -0.02621030 0.00503898 0.00809519 0.01366298 -0.01663131 -0.00130050 -0.02580320 0.00432032 0.02044653
211.0  0.98481397 0.00924238 0.01159475 -0.00815417 0.00081190 0.02156975 0.00931106 -0.03891156 0.00868916 -0.02952797
211.5  -0.71365246 0.01013690 0.00924731 -0.00478739 -0.01398808 -0.00808974 0.01673086 -0.03700790 0.01818274 -0.03071486
212.0  -0.13981599 -0.02643455 0.00106424 0.00930907 -0.00429863 -0.00871830 0.00835194 -0.01864333 0.01932293 -0.03001182
212.5  0.89166518 0.03386388 -0.00765887 0.00320961 0.01079758 0.02098922 -0.00031731 0.00177209 0.01152509 -0.01999292
213.0  -0.85088908 -0.02829885 -0.01173542 -0.01090007 0.00858714 -0.02020288 -0.00543572 0.01380814 -0.00141476 -0.00526403
213.5  -0.04895073 0.00860184 -0.00589078 0.00117891 -0.00643555 0.00623669 -0.01445116 0.02006595 -0.01722971 0.00674363
214.0  0.91856518 0.01747718 0.00468109 0.01042392 -0.01319271 0.00837458 -0.01327162 0.01686309 -0.02820094 0.01784062
214.5  -0.73061887 -0.03492869 0.01106117 -0.00678551 -0.00263747 -0.02094083 -0.00561969 0.00742993 -0.03404513 0.02903777
215.0  -0.31739929 0.03157390 0.00667816 -0.00711966 0.01159363 0.02410335 -0.00230094 0.00232498 -0.03254280 0.03541848
215.5  0.98911311 -0.00929982 -0.00462729 0.00907820 0.00918596 -0.01642543 0.00627995 -0.00146246 -0.02483554 0.04030552
216.0  -0.57600147 -0.01746291 -0.01017434 0.00267420 -0.00746854 0.00115842 0.01365119 0.00403458 -0.01013348 0.04240826
216.5  -0.42237109 0.03410082 -0.00820699 -0.01116949 -0.01195917 0.01662441 0.01084510 -0.00504150 0.00345738 0.03503077
217.0  0.99282446 -0.03412576 -0.00020177 0.00192197 0.00246482 -0.02215442 0.00770427 -0.00031475 -0.01868785 0.02210864
217.5  -0.58502262 0.01820392 0.00918605 0.01161352 0.01306939 0.01680471 -0.00376957 -0.00226002 0.03040527 0.00666466
218.0  -0.41011061 0.00630831 0.00991303 -0.00709841 0.00501769 -0.00473845 -0.01022344 0.00405643 -0.03512587 0.00929935
218.5  0.99371993 -0.02827098 0.00102763 -0.01238958 -0.01275006 -0.01291206 -0.01240814 -0.00757253 0.03038126 0.02836746
219.0  -0.54317154 0.03606372 -0.00847136 0.01049107 -0.01267201 0.02347190 -0.01132423 0.00715817 -0.01785022 -0.04258316
219.5  -0.47786284 -0.02278031 -0.01009408 0.00187396 0.00704007 -0.02446408 -0.00261536 -0.00010918 0.00601546 0.04827745
220.0  0.99682349 -0.00480214 -0.00273570 -0.01201767 0.01709737 0.01587805 0.00327318 -0.00730707 0.00582066 -0.04582917
220.5  -0.51311331 0.03001021 0.00694298 0.00535925 0.00203550 -0.00256302 0.01211461 0.01488280 -0.01623260 0.03611134
221.0  -0.44467293 -0.03719721 0.01075550 0.00892022 -0.01906324 -0.01303866 0.01420668 -0.02682425 0.01818469 -0.02155286
221.5  0.98682454 0.02358770 0.00691739 -0.00925727 -0.00928325 0.01687282 0.01305641 0.03457341 -0.01499783 0.00219832
222.0  -0.70052646 0.00101807 -0.00428399 -0.00484723 0.01595171 -0.01579034 0.00150761 -0.03202790 0.00474725 0.01633687
222.5  -0.13836636 -0.02227933 -0.01047950 0.01063308 0.01167804 0.00668249 -0.00814624 0.01701945 0.00197225 -0.03290017
223.0  0.87137653 0.03006417 -0.00837351 0.00103726 -0.00803889 0.00379159 -0.01343163 0.00399754 -0.00158100 0.04326619
223.5  -0.90143348 -0.02193007 -0.00136665 -0.01217993 -0.01581264 -0.00745177 -0.01220245 -0.02604624 -0.00315926 -0.04533158
224.0  0.13593306 0.00513443 0.00862632 0.00449375 -0.00589934 0.00480846 -0.00549046 0.03690966 0.01049466 0.04260284
224.5  0.77783267 0.01057930 0.01007095 0.01000304 0.01463405 0.00043606 0.00540782 -0.03750519 -0.01372396 -0.03382791
225.0  -0.92752888 -0.01699445 0.00154957 -0.01132829 0.01694361 -0.00316022 0.01162671 0.02900580 0.01199914 0.02264958
225.5  0.14290728 0.01452705 -0.00819131 0.00048072 -0.00252478 0.00291070 0.01502720 -0.01222407 -0.00602382 -0.00964039
226.0  0.77058220 -0.00762460 -0.01010495 0.01117173 -0.01862389 0.00380551 0.00841605 -0.00527869 -0.00590224 -0.00118065
226.5  -0.95081071 -0.00094576 -0.00139453 -0.00934912 -0.01145922 -0.01155778 -0.00142270 0.01694288 0.01994738 0.01118664
227.0  0.28763891 0.00970007 0.00761036 -0.00436932 0.01017015 0.01151954 -0.01406424 -0.01813640 -0.03198183 -0.01897973
227.5  0.61984274 -0.01557088 0.00955214 0.01256316 0.01884829 -0.00678245 -0.01395815 0.01021446 0.03673457 0.02747422
228.0  -0.99516091 0.01457213 0.00362187 -0.00290039 0.00522441 -0.00833059 -0.00841985 -0.00191404 -0.02882797 -0.03557394
228.5  0.48416034 -0.00569826 -0.00726463 -0.01207815 -0.01254712 0.01575177 0.00879454 -0.00110799 0.01439654 0.04068645
229.0  0.48812850 -0.00695434 -0.01007487 0.01136702 -0.01889754 -0.01008908 0.01577520 -0.00186037 0.00276612 -0.04211662
229.5  -0.99749978 0.01474706 -0.00281110 0.00089438 -0.00117972 0.00009901 0.01349416 0.00665399 -0.02126433 0.03913147
230.0  0.51514970 -0.01271456 0.00738756 -0.01270077 0.01606388 0.01154740 0.00876342 -0.01084841 0.03332930 -0.03549720
230.5  0.48031942 0.00448855 0.01003033 0.01141962 0.01698777 -0.01612677 -0.00950743 0.01170001 -0.03893684 0.02667824
231.0  -0.99664187 0.00421079 0.00267811 0.00411990 0.00031437 0.00779401 -0.01789049 -0.00760766 0.03620087 -0.01526758
231.5  0.57473650 -0.00958837 -0.00656723 -0.01552091 -0.01722287 0.00590416 -0.01365861 -0.00010254 -0.02348165 0.00034305
232.0  0.34243373 0.01199587 -0.01057846 0.00396985 -0.01452765 -0.01691037 -0.00729207 0.00900597 0.00416822 0.01684377
232.5  -0.95680498 -0.01197510 -0.00645562 0.01209162 0.00702750 0.01509970 0.00594394 -0.01487719 0.01838217 -0.03163413
233.0  0.80590000 0.00864085 0.00387654 -0.01079076 0.01966358 -0.00134023 0.02059030 0.01426945 -0.03579612 0.03996665
233.5  -0.02245834 -0.00007427 0.00975554 -0.00611508 0.00475730 -0.01179203 0.01488222 -0.00948431 0.04038949 -0.03689849
234.0  -0.79311564 -0.01224342 0.00851855 0.01334268 -0.01380890 0.01802957 0.00546534 -0.00265780 -0.03005965 0.02555042
234.5  0.94366451 0.02351429 0.00231393 0.00016817 -0.01321522 -0.01221225 -0.00007654 0.01395968 0.01130789 -0.01003551
235.0  -0.21778553 -0.02320881 -0.00794025 -0.01450547 0.00593693 -0.00031502 0.02154333 -0.01572892 0.00589145 -0.00578331
235.5  -0.73473042 0.00610160 -0.01031185 0.00838743 0.01846494 0.01392137 -0.03185237 0.00947874 -0.01518025 0.02040177
236.0  0.94956362 0.01935093 -0.00390252 0.00831355 0.00393767 -0.02131891 0.02921272 -0.00022630 0.01980589 -0.03366237
236.5  -0.22080521 -0.03459028 0.00547463 -0.01359788 0.01113520 0.01817188 -0.00946930 -0.00917310 -0.01914954 0.04197892
237.0  -0.70785535 0.02806422 0.01016255 0.00015330 -0.01539404 0.00559455 -0.00089049 0.01366906 0.01628384 -0.04151568
237.5  0.97479024 -0.00478118 0.00652646 0.01612313 -0.00129410 -0.02787537 -0.00763630 -0.01469116 -0.00980379 0.03085536
238.0  -0.35892109 -0.02027300 -0.00028192 -0.00758599 0.01638193 0.03457765 0.01364728 0.01259180 0.00195956 -0.01396234
238.5  -0.59195188 0.03221633 -0.00835397 -0.01315786 -0.00769056 -0.02379820 -0.01104601 -0.00540025 0.00590113 -0.00641952
239.0  0.99278612 -0.02541718 -0.01016680 0.01508452 -0.01203753 0.00283276 0.00297535 -0.00552143 -0.01137658 0.02378771
239.5  -0.40301618 0.00623227 -0.00146091 0.00323566 0.01578285 0.01917009 0.00768261 0.01464986 0.01199516 -0.03715537
240.0  -0.61989859 0.01327078 0.00760360 -0.01829242 0.00149596 -0.02985395 -0.01625245 -0.02077891 -0.00246802 0.04507090
240.5  0.97706582 -0.02347751 0.00945719 0.00739049 -0.01688172 0.02677173 0.01937844 0.02215461 -0.01697084 -0.04112505
241.0  -0.26186678 0.02136028 0.00360169 0.01315758 0.00939515 -0.01294865 -0.01474156 -0.01782636 0.02384236 0.02617163
241.5  -0.73122029 -0.00824393 -0.00596600 -0.01359813 0.01160886 -0.00539891 0.00469109 0.00771451 -0.01578142 -0.01012212
242.0  0.94834031 -0.00980417 -0.00982858 -0.00580453 -0.01630093 0.02058050 0.00784272 0.00653102 0.00287539 -0.00524053
242.5  -0.22299395 0.02279216 -0.00610384 0.01547473 -0.00293016 -0.02568926 -0.01798682 -0.02130879 0.00914578 0.02060780
243.0  -0.69868042 -0.02274742 0.00236324 0.00022278 0.01573062 0.01740823 0.01915551 0.02877479 -0.01558681 -0.03479189
243.5  0.97946834 0.00975710 0.00941005 -0.01469481 -0.00001287 0.00009767 -0.01109510 -0.02651018 0.01413832 0.04289793
244.0  -0.38130547 0.00759101 0.00843985 -0.00060868 -0.01650990 -0.01481726 -0.00341915 0.01474995 -0.00877669 -0.03983264
244.5  -0.58019201 -0.01724729 0.00132199 0.01641236 0.00024967 0.02084289 0.01687002 0.00046678 0.00410011 0.02899044
245.0  0.99247495 0.01332073 -0.00752355 -0.00079363 0.01649337 -0.01545002 -0.02321674 -0.01516448 0.00006917 -0.01257578
245.5  -0.36634370 -0.00155731 -0.00958662 -0.01632416 -0.00615933 0.00285987 0.02054391 0.02439399 -0.00531991 -0.00454149
246.0  -0.67420458 -0.00470426 -0.00150456 0.00989416 -0.01218596 0.00972470 -0.01017797 -0.02520186 0.00863359 0.02026495
246.5  0.95635386 0.00145978 0.00677447 0.01072260 0.01300028 -0.01590590 -0.00323625 0.01969921 -0.00537861 -0.03336886
247.0  -0.18335257 0.00183415 0.00934839 -0.01465255 0.00380380 0.01280485 0.01220150 -0.01355077 -0.00702263 0.04317758
247.5  -0.76886837 0.00316046 0.00316655 -0.00190448 -0.01601422 -0.00262437 -0.01328609 0.00348499 0.02204659 -0.04719180
248.0  0.93848148 -0.01217548 -0.00787691 0.01480665 0.00407225 -0.00902808 0.00699834 0.01060961 -0.02815792 0.04277601
248.5  -0.19795587 0.01308576 -0.00980834 -0.00442606 0.01374152 0.01422198 0.00229888 -0.02274358 0.02228500 -0.03356267
249.0  -0.73545612 -0.00049568 -0.00254980 -0.01502037 -0.00920821 -0.01044243 -0.00714313 0.02743255 -0.00941158 0.01810413
249.5  0.95204048 -0.01805251 0.00543138 0.00784106 -0.01216058 0.00262089 0.00696610 -0.02121472 -0.00370331 -0.00123770
250.0  -0.20124900 0.02465206 0.00974863 0.01503641 0.00994311 0.00411404 -0.00290082 0.00662428 0.01374533 -0.00946678
250.5  -0.76587269 -0.00936974 0.00320333 -0.01310983 0.00770441 -0.00543982 -0.00241838 0.01031775 -0.02072864 0.02104896
251.0  0.92461992 -0.01656755 -0.00698901 -0.00685850 -0.01349800 0.00204035 0.00612977 -0.02552910 0.02479114 -0.03130765
251.5  -0.11917442 0.02989274 -0.00939692 0.01852322 0.00196739 0.00261191 -0.00676263 0.03505185 -0.02420586 0.03756920
252.0  -0.79162196 -0.01944305 -0.00252471 -0.00576692 0.01238586 -0.00520718 0.00341927 -0.03358526 0.01773269 -0.04114748
252.5  0.94016342 -0.00491230 0.00769090 -0.01432225 -0.01094252 0.00315618 0.00178816 0.01815905 -0.00518444 0.04003993
253.0  -0.27795699 0.02453821 0.00924064 0.01299606 -0.00604756 0.00036402 -0.00489171 0.00792538 -0.00896960 -0.03793634
253.5  -0.58144244 -0.02980197 0.00405805 0.00879652 0.01552925 -0.00110436 0.00395121 -0.03353403 0.01709529 0.02829489
254.0  0.99477719 0.02093468 -0.00339455 -0.01741596 -0.00302511 -0.00316645 0.00189393 0.04240607 -0.01411872 -0.01405450
254.5  -0.69675629 -0.00387028 -0.01031449 -0.00231930 -0.01265638 0.00490720 -0.00721797 -0.02683331 0.00357727 -0.00339302
255.0  -0.11393945 -0.01474720 -0.00766747 0.01956966 0.00582926 0.00439806 0.00686115 -0.00378270 0.00408096 0.01907050
255.5  0.85980157 0.02841464 0.00111004 -0.00809540 0.00892656 -0.02320994 -0.00063395 0.02453479 0.00159773 -0.02993091
256.0  -0.90409077 -0.02994452 0.00802637 -0.01448772 -0.00714790 0.03510993 -0.00349201 -0.02130921 -0.01169426 0.03667517
256.5  0.13840975 0.01431666 0.00891999 0.01561524 -0.00852679 -0.02618933 0.00330089 0.00611957 0.01621145 -0.04115147
257.0  0.75718200 0.01318207 0.00017336 0.00295220 0.00985894 -0.00022033 -0.00559960 0.00208676 -0.01349579 0.04330620
257.5  -0.95909484 -0.03698154 -0.00863534 -0.01550518 0.00343984 0.02628077 0.01290075 -0.00105103 0.00725720 -0.04288020
258.0  0.33178024 0.04119616 -0.00998138 0.00631007 -0.01506440 -0.03452696 -0.01782970 -0.00410340 0.00041590 0.03469018
258.5  0.55541266 -0.02151219 -0.00302356 0.01127193 0.00726908 0.01815167 0.01240063 0.00754141 -0.00810595 -0.02138250
259.0  -0.99490879 -0.01254787 0.00642346 -0.01169246 0.01151347 0.01164361 0.00253903 -0.00468119 0.01374653 0.00330417
259.5  0.64310039 0.04278775 0.00952954 -0.00477160 -0.01469800 -0.03038475 -0.01732624 -0.00406786 -0.01556101 0.01426858
260.0  0.24672236 -0.04962951 0.00633799 0.01609053 0.00121580 0.02434359 0.02048715 0.01296861 0.01296764 -0.02774361
260.5  -0.93949582 0.02591373 -0.00202801 -0.00447182 0.01479582 -0.00129386 -0.01039919 -0.01538390 -0.00519158 0.03759483
261.0  0.78226027 0.01463501 -0.00946721 -0.01437001 -0.01297886 -0.01980245 -0.00361101 0.00746024 -0.00532634 -0.04054195
261.5  0.12109659 -0.04415022 -0.00720521 0.01622840 -0.00444265 0.02488686 0.01539008 0.00570220 0.01550957 0.03864966
262.0  -0.90941519 0.04344608 0.00098670 0.00418857 0.01502565 -0.01421986 -0.01927933 -0.01685987 -0.02102124 -0.03318494
262.5  0.82667213 -0.01741057 0.00902863 -0.01914355 0.00128602 -0.00387767 0.01169643 0.02082717 0.01945716 0.02342816
263.0  0.01249195 -0.01299974 0.00824624 -0.00238135 -0.01404275 0.01657529 0.00440637 -0.01620581 -0.01122546 -0.00842759
263.5  -0.82361894 0.03122355 0.00052767 0.01679052 -0.00503328 -0.01479705 -0.02189324 0.00398249 -0.00127646 -0.01159969
264.0  0.94275599 -0.03346684 -0.00643471 -0.00241341 0.01808166 -0.00030523 0.02742601 0.00895476 0.01384733 0.03135944
264.5  -0.31649045 0.02491944 -0.00981359 -0.01606945 -0.00396990 0.01513488 -0.01613103 -0.01446993 -0.02229073 -0.04048648
265.0  -0.56160116 -0.01167221 -0.00645050 0.00621917 -0.01710124 -0.01578849 -0.00564337 0.00829856 0.02392219 0.03896639
265.5  0.99731667 -0.00299610 0.00345045 0.01304726 0.01077688 0.00148900 0.01864265 0.00802611 -0.02093212 -0.02660296
266.0  -0.55832627 0.01721425 0.00969678 -0.01212007 0.01158658 0.01539996 -0.01644671 -0.01689463 0.01547939 0.01004252
266.5  -0.44190824 -0.02643461 0.00758538 -0.00735533 -0.01623863 -0.02507939 0.01098943 0.01714662 -0.00897664 0.00594110
267.0  0.99736334 0.02460991 -0.00085794 0.01447847 -0.00219241 0.02348480 -0.00557204 -0.01842052 -0.00194312 -0.01869532
267.5  -0.45628603 -0.00936801 -0.00868777 0.00224162 0.01700844 -0.01136891 0.00216854 0.02200997 0.01433065 0.02753723
268.0  -0.58735617 -0.01199318 -0.00835346 -0.01747624 -0.00128138 -0.00676662 -0.00420923 -0.02388464 -0.02351678 -0.03417920
268.5  0.98763969 0.02705465 -0.00068380 -0.00268294 -0.01201358 0.02258754 0.01315213 0.01768073 0.02814917 0.03541119
269.0  -0.36321842 -0.02796436 0.00841861 0.01584444 -0.00380355 -0.02684571 -0.01872519 -0.00563562 -0.02684107 -0.03040631
269.5  -0.62121157 0.01590747 0.00998283 -0.00208012 0.01574637 0.01911439 0.01444530 -0.00801930 0.01984358 0.01952867
270.0  0.98652404 0.00227736 0.00199370 -0.01391058 -0.00281788 -0.00301659 0.00129831 0.01919236 -0.00818151 -0.00589835
270.5  -0.35079879 -0.01952390 -0.00627501 0.00791417 -0.01490817 -0.01310148 -0.02002949 -0.02252741 -0.00599698 -0.00371518
271.0  -0.65988228 0.02953782 -0.00960260 0.00918280 0.00996110 0.02272305 0.03136299 0.01866140 0.01888766 0.01118986
271.5  0.96615106 -0.02683097 -0.00370679 -0.01334605 0.00803153 -0.02317649 -0.03013934 -0.01096921 -0.02358858 -0.01954831
272.0  -0.21320660 0.00809323 0.00609055 -0.00141526 -0.01540121 0.01648536 0.01647523 0.00213750 0.02289880 0.02907447
272.5  -0.76894190 0.02072250 0.00952807 0.01494317 0.00206762 -0.00333851 0.00239171 0.00826831 -0.01875896 0.03311052
273.0  0.92476169 -0.04255918 0.00509948 -0.00609593 0.01396442 -0.01726226 -0.01525700 -0.01748137 0.01771514 0.02814910
273.5  -0.14822092 0.03998551 -0.00462278 -0.01320117 -0.00894077 0.03486259 0.00072089 0.02525906 -0.00792750 0.02539751
274.0  -0.74837182 -0.01114685 -0.01013146 0.01120991 -0.01038552 -0.03289610 0.00854223 -0.02545010 -0.00429854 0.01423529
274.5  0.96768203 -0.02726510 -0.00667795 0.00997331 0.01200627 0.01651729 -0.01161395 0.01045852 0.01550876 0.00062532
275.0  -0.37780013 0.05305442 0.00083519 -0.00668650 0.01296048 0.00522319 0.01250452 0.00574541 -0.00664312 -0.00909503
275.5  -0.52163289 -0.05060275 0.00843797 -0.01562091 -0.00269637 -0.02546137 -0.00659796 0.01969693 0.01232139 -0.02185932
276.0  0.99487030 0.01906014 0.00956216 0.00597437 -0.01478520 0.03262875 0.01346541 0.02959236 -0.00490968 -0.02961867
276.5  -0.57913088 0.02482672 0.00090884 0.01221401 0.00971544 -0.02749360 -0.01112986 0.02503727 0.00271023 -0.03329801
277.0  -0.42003782 -0.05143705 -0.00787713 -0.01248435 0.00890395 0.01257062 0.00389481 0.01900035 0.00310964 -0.03230996
277.5  0.99579791 0.04023615 -0.00891967 -0.00327193 -0.01467439 0.00320909 0.01266988 0.00793281 -0.00604257 -0.02926605
278.0  -0.48835509 -0.00113115 -0.00042004 0.01399739 0.00276853 -0.01822385 -0.02718804 -0.00539306 0.00726912 -0.02568584
278.5  -0.54498834 -0.03368403 0.00856469 -0.00604890 0.01351385 0.02549752 0.03274505 -0.01644554 -0.00681689 -0.02098034
279.0  0.99467885 0.04208569 0.00790241 -0.00938771 -0.01234817 -0.01940910 -0.02610810 -0.02414442 0.00412998 -0.01285395
279.5  -0.44938812 -0.02501482 0.00038490 0.01149838 -0.00485366 0.00485683 0.00432037 -0.02762430 -0.00382755 -0.00401014
280.0  -0.51982465 -0.00379895 -0.00761799 0.00360497 0.01272211 0.01419737 0.02011936 -0.02157941 0.00199304 0.00569032
280.5  0.99719973 0.02758504 -0.00947818 -0.01245923 -0.00163262 -0.02162534 -0.03568568 -0.00910816 -0.00369678 0.01453894
281.0  -0.52704518 -0.03581420 -0.00060331 0.00306593 -0.01106451 0.01552574 0.03212434 0.00367633 0.00213884 0.02586841
281.5  -0.46146135 0.02348378 0.00850694 0.01249840 0.00859476 -0.00035724 -0.01049063 0.01704114 -0.00051191 0.03233405
282.0  0.99638860 0.00358505 0.00792539 -0.01147428 0.00548625 -0.01390683 -0.01536309 0.02508941 -0.00100721 0.03523347
282.5  -0.52697604 -0.02892782 0.00068627 -0.00501175 -0.01065753 0.01691269 0.03538689 0.02473807 0.00523970 0.03845558
283.0  -0.46618051 0.03508255 -0.00750076 0.01344640 0.00392197 -0.00995121 -0.03219420 0.01903250 -0.00562989 0.03756190
283.5  0.99522452 -0.01752856 -0.00854502 -0.00456232 0.00715780 -0.00404529 0.00991885 0.00544004 0.00740872 0.03453066
284.0  -0.60237250 -0.00977577 -0.00069502 -0.01080684 -0.00694487 0.00949318 0.02201721 -0.00835442 -0.00728177 0.02891196
284.5  -0.29525010 0.02842026 0.00719337 0.01176027 -0.00697637 0.00558168 -0.03893399 -0.02221222 0.00275961 0.01764085
285.0  0.93558214 -0.02854030 0.00908296 0.00493991 0.00959055 -0.01511794 0.01926291 -0.02645266 0.00046200 0.00308566
285.5  -0.85436829 0.01462342 0.00423501 -0.01370481 0.00706105 -0.00059602 0.01255394 -0.01620538 -0.00841440 -0.01148370
286.0  0.12919755 0.00249869 -0.00311544 -0.00323885 -0.01394140 0.02216605 -0.02914755 -0.00336665 0.00886990 -0.02521749
286.5  0.71107033 -0.01195283 -0.00906046 0.01173856 -0.00487931 -0.02585024 0.02247039 0.01355322 -0.00546400 -0.03334281
287.0  -0.98042304 0.01048764 -0.00774261 0.00143427 0.01720150 0.00893603 -0.00348565 0.02401659 0.00145906 -0.03409309
287.5  0.36221394 -0.00483652 0.00018779 -0.01261321 -0.00593202 0.01393722 -0.01569817 0.02311872 0.00443883 -0.03120279
288.0  0.62349346 0.00426942 0.00773099 0.00693970 -0.01183196 -0.03017042 0.02419881 0.01640847 -0.00460600 -0.02491267
288.5  -0.98498048 -0.00907566 0.00880539 0.00810630 0.01375226 0.02900876 -0.02229030 0.00499111 0.00342556 -0.01478574
289.0  0.35364306 0.00886667 0.00125276 -0.01290283 0.00117519 -0.01101289 0.01129275 -0.00882002 -0.00167629 -0.00277134
289.5  0.61196906 0.00182726 -0.00623331 -0.00081694 -0.01244703 -0.01477093 0.00430920 -0.01984664 0.00101045 0.01099954
290.0  -0.99396447 -0.01744580 -0.00805790 0.01259885 0.00642109 0.03450622 -0.01460209 -0.02251348 -0.00353045 0.02389830
290.5  0.47504043 0.02584176 -0.00507865 -0.00544264 0.00838593 -0.03162755 0.01962739 -0.01794278 0.00498933 0.03281518
291.0  0.47181129 -0.01871456 0.00369427 -0.00972977 -0.01074775 0.01049911 -0.01362184 -0.00543572 -0.00533463 0.03305407
291.5  -0.99489097 -0.00081037 0.00974203 0.00905701 -0.00319864 0.01728304 0.00528751 0.01028961 0.00132865 0.02808628
292.0  0.58190376 0.02080021 0.00745510 0.00683860 0.01118227 -0.03621838 -0.00073478 0.01989761 0.00428620 0.01993585
292.5  0.40428223 -0.02912427 -0.00122870 -0.01209815 -0.00182330 0.03537463 -0.00271397 0.02620185 -0.00751616 0.00698527
293.0  -0.99214450 0.02166540 -0.00962351 -0.00560394 -0.01188789 -0.02188154 0.00372916 0.01748398 0.01237596 -0.00622423
293.5  0.58906220 -0.00394133 -0.00897015 0.01658896 -0.00080590 -0.00066960 -0.01195245 0.00682758 -0.00503839 -0.01702221
294.0  0.38509542 -0.01516957 -0.00193195 0.00363930 0.00854102 0.02131372 0.01948420 -0.00429822 0.00209868 -0.03008367
294.5  -0.98271189 0.02838556 0.00608667 -0.01631206 0.00071709 -0.03031184 -0.01818595 -0.02378234 -0.00186972 -0.03488943
295.0  0.69559493 -0.03067194 0.01128519 0.00233861 -0.00809682 0.02915126 0.01325583 -0.02447886 -0.00781333 -0.03058094
295.5  0.17367553 0.02027484 0.00680153 0.01677763 0.00087651 -0.00672502 0.00125463 -0.02264145 0.00560143 -0.02379837
296.0  -0.89322565 0.00010346 -0.00254835 -0.00612948 0.00946231 -0.01914051 -0.00910185 -0.00967874 -0.01248002 -0.00494378
296.5  0.88376402 -0.02311653 -0.00839620 -0.01612849 -0.00452727 0.03645250 0.00964020 0.00445854 0.01274340 0.00916275
297.0  -0.11468345 0.03706585 -0.01015825 0.01143136 -0.00806269 -0.03348627 -0.00524759 0.02215288 -0.00486200 0.02320412
297.5  -0.78447929 -0.03056717 -0.00425614 0.01191815 0.00841316 0.01350199 -0.00056108 0.02784800 0.00339460 0.02945671
298.0  0.91684557 0.00359490 0.00635094 -0.01731875 0.00336390 0.01163421 0.00298506 0.02593009 0.00550394 0.03188756
298.5  -0.06051461 0.02472048 0.01049609 -0.00132940 -0.00941212 -0.03310953 -0.00612054 0.02335996 -0.00885588 0.02831161
299.0  -0.86766424 -0.03165190 0.00463504 0.01869808 -0.00009587 0.04137441 0.00767583 0.01216084 0.00798159 0.02391710
299.5  0.83104254 0.01396015 -0.00564905 -0.00778848 0.01089788 -0.03236642 -0.00979263 -0.00276095 -0.01386133 0.01394395
300.0  0.08845900 0.00824007 -0.01018538 -0.01230706 0.00122503 0.00963358 0.00581418 -0.01133942 0.01065035 0.00384896
300.5  -0.90465235 -0.01697949 -0.00507227 0.00632448 -0.01589589 0.01429400 0.00489422 -0.02395163 -0.00699331 -0.00884583
301.0  0.82586934 0.01145305 0.00376731 0.00792039 0.00454789 -0.02818261 -0.02180763 -0.02969146 0.00764920 -0.01623336
301.5  0.05710956 -0.00345555 0.01021113 -0.00855440 0.01637516 0.02478954 0.02653628 -0.02773312 -0.00179328 -0.02284946
302.0  -0.89066112 0.00196044 0.00668501 -0.00516974 -0.01312282 -0.01285835 -0.02774544 -0.01486855 0.00060609 -0.02564415
302.5  0.82689462 -0.00423553 -0.00396222 0.01016097 -0.00953291 -0.00379239 0.01329152 -0.00960678 0.00129521 -0.02586520
303.0  0.09919947 -0.00026283 -0.00968939 0.00287272 0.01831540 0.01451999 0.00671650 0.00935055 -0.00258375 -0.02455346
303.5  -0.92207240 0.01224441 -0.00601035 -0.01161889 0.00135593 -0.01553633 -0.02532684 0.01839572 0.01218279 -0.02114320
304.0  0.77961501 -0.01874739 0.00465324 -0.00434767 -0.01631671 0.00556952 0.03420907 0.02670760 -0.01382708 -0.01571563
304.5  0.14250834 0.01019621 0.01068883 0.01480042 0.00956674 0.00687363 -0.02500051 0.02833118 0.02177696 -0.01376923
305.0  -0.90857768 0.00801681 0.00488088 -0.00580159 0.00898475 -0.01020439 0.00263981 0.02493247 -0.01768274 -0.00680328
305.5  0.86030182 -0.02179754 -0.00347741 -0.01171403 -0.01441651 0.00269463 0.02133509 0.01140139 0.00971633 0.00150569
306.0  -0.12123525 0.02361859 -0.00947167 0.01117873 -0.00002791 0.00993648 -0.03174536 -0.00743335 0.00260116 0.01026840
306.5  -0.69442399 -0.01518093 -0.00847208 0.00626366 0.01385707 -0.01380859 0.02091834 -0.02320488 -0.01367316 0.01904341
307.0  0.99413061 0.00170034 0.00080044 -0.01475563 -0.00722070 0.00570463 0.00246314 -0.02859186 0.01863790 0.02436519
307.5  -0.54561059 0.01197629 0.00781243 0.00156429 -0.01093183 0.01006407 -0.02384334 -0.02392446 -0.01949775 0.02696074
308.0  -0.35634691 -0.02349837 0.00918426 0.01328054 0.01496908 -0.01841274 0.02764866 -0.00753109 0.01496490 0.02193111
308.5  0.97380310 0.02752106 0.00268789 -0.01042391 -0.00013801 0.01432513 -0.01609617 0.01279757 -0.00880018 0.01613805
309.0  -0.69685940 -0.01780695 -0.00741106 -0.00415979 -0.01529992 0.00063148 -0.00127679 0.02432969 0.00189462 0.01271019
309.5  -0.24721062 -0.00559901 -0.00989885 0.01365708 0.01667381 -0.01786651 0.01679891 0.03216905 0.00693780 0.00478226
310.0  0.94914426 0.03116689 -0.00299858 -0.00298586 -0.00014735 0.02453981 -0.02166005 0.02682952 -0.01502603 -0.00329492
310.5  -0.78197500 -0.04228780 0.00692555 -0.01244464 -0.01641469 -0.01605014 0.01556868 0.00552190 0.02096066 -0.00914261
311.0  -0.05608099 0.03003617 0.01027491 0.00924522 0.01183103 -0.00541324 -0.00139880 -0.01307702 -0.01917574 -0.01882799
311.5  0.84132449 -0.00128389 0.00502099 0.00873902 0.00390462 -0.02503958 -0.01035568 -0.02929977 0.00791898 -0.02498129
312.0  -0.92171462 -0.02791596 -0.00365124 -0.01605965 -0.01386071 -0.02331014 0.02304178 -0.02936758 0.00691674 -0.02570672
312.5  0.19701279 -0.04684681 -0.01080122 0.00341277 0.00558653 -0.01098239 -0.00837572 -0.00810437 -0.02271311 -0.03040398
313.0  0.72359251 -0.04165806 -0.00779225 0.01362709 0.00764700 -0.00957435 -0.00671991 0.00507542 0.02161339 -0.02623448
313.5  -0.95779975 -0.01108820 0.00307165 -0.01356674 -0.00935212 0.02906636 0.01098966 0.02160500 0.00720682 -0.01961356
314.0  0.22790032 0.02227521 0.00945089 -0.00218181 0.00073581 -0.02928046 -0.00888482 0.02754888 -0.00660048 -0.01234378
314.5  0.73799702 0.04444687 0.00769536 0.01885386 0.00502797 0.01192833 -0.00382966 0.02515877 -0.01359394 -0.00229565
315.0  -0.94751151 0.04440353 -0.00069906 -0.01027778 -0.00377846 0.00735231 0.00133674 0.01002490 -0.01843245 0.00881376
315.5  0.22229412 0.01883781 -0.00943498 -0.01430549 0.00230368 -0.02443755 0.00520020 -0.01082669 -0.02257496 0.01916926
316.0  0.69658709 -0.01275194 -0.00971206 0.01898289 -0.00031199 0.02666208 -0.00243953 -0.02561472 -0.01866745 0.02902512
316.5  -0.98246350 -0.03602061 -0.00259873 -0.00044673 -0.00734172 -0.01082219 -0.00765136 -0.02985924 -0.00789969 0.03249833
317.0  0.43705399 -0.04811836 0.00721543 -0.00673595 0.02454746 -0.01203417 -0.00487784 -0.01888374 0.00391510 0.02771227
317.5  0.46791960 -0.04062059 0.01068555 0.00582528 -0.00163137 0.02714150 -0.00047546 -0.00043089 0.01524203 0.01399541
318.0  -0.98933483 -0.01758882 0.00673379 0.00117355 -0.02496596 -0.02282274 0.00541455 0.01678500 0.02049697 -0.00332472
318.5  0.64417462 0.01085954 -0.00115022 -0.00566528 0.01391553 0.00406719 0.00994226 0.02495195 0.01786075 -0.01944067
319.0  0.31686340 0.03774745 -0.00871276 0.00223654 0.01683044 0.01691030 0.00555521 0.02620580 0.01422883 -0.03039297
319.5  -0.97709554 0.04779294 -0.00918292 0.00463818 -0.02420322 -0.02860236 -0.00069051 0.01683155 0.00737959 -0.03510336
320.0  0.65846693 0.03444425 -0.00225696 -0.00464660 -0.00164112 0.02454568 0.00080708 0.00170177 -0.00336365 -0.03484357
320.5  0.29949105 0.00604069 0.00648620 -0.00273469 0.02534758 -0.00841920 -0.00309848 -0.01314562 -0.01298588 -0.02797556
321.0  -0.96066563 -0.02418396 0.01040793 0.00561706 -0.01315634 -0.01249643 -0.00112047 -0.02345932 -0.02113290 -0.01721544
321.5  0.76239349 -0.04277371 0.00444675 -0.00119844 -0.01884988 0.02532689 0.00780526 -0.03220573 -0.01293445 -0.00386214
322.0  0.08964896 -0.04643841 -0.00301048 -0.00419450 0.02293004 -0.02510342 -0.00642991 -0.02193902 0.00662636 0.01445948
322.5  -0.87050968 -0.03208784 -0.00772050 0.00419454 0.01055455 0.01084086 -0.00456260 -0.00319255 0.00118599 0.02608309
323.0  0.87937607 -0.00025610 -0.00771661 -0.00326099 -0.02858330 0.00997981 0.00485981 0.01288494 -0.00334794 0.03291078
323.5  -0.04638426 0.02968616 -0.00083346 -0.00400387 0.00672867 -0.02488042 0.01653187 0.02351760 -0.00461322 0.03581775
324.0  -0.84999135 0.04592096 0.00787015 0.01620310 0.01833342 0.02682459 0.02309334 0.02443509 -0.00336253 0.03076761
324.5  0.85378905 0.03969321 0.00926083 -0.01029629 -0.01902354 -0.01946173 0.01474210 0.01892723 -0.00069120 0.02223019
325.0  0.07375301 0.00574024 0.00005975 -0.01087040 -0.00151367 0.00085005 0.00712618 0.01228384 -0.00099854 0.01479627
325.5  -0.91814929 -0.03134409 -0.00918662 0.01910051 0.01845362 0.01893381 -0.00686738 0.00123949 -0.00298951 0.00380423
326.0  0.77581348 -0.04583236 -0.00780970 -0.00182182 -0.01234277 -0.02978214 -0.02098952 -0.01242660 -0.00892800 -0.00719814
326.5  0.15989515 -0.03778767 -0.00065102 -0.01865675 -0.00943026 0.02685017 -0.02037145 -0.01839319 -0.01939616 -0.01227387
327.0  -0.92495121 -0.00957296 0.00668841 0.01076529 0.01895167 -0.00758318 -0.01382938 -0.02350450 -0.02587232 -0.01759346
327.5  0.80535640 0.02673456 0.00968301 0.01203336 -0.00300581 -0.01528850 -0.00156742 -0.02340230 -0.02536246 -0.02234219
328.0  0.07390670 0.04602723 0.00212576 -0.01653581 -0.01850955 0.03076731 0.01379503 -0.00990846 -0.02125880 -0.02911253
328.5  -0.89402063 0.04053831 -0.00797246 -0.00187233 0.01514763 -0.02897102 0.02038688 -0.00250370 -0.00895731 0.02770397
329.0  0.81195286 0.01322337 -0.00901543 0.01705996 0.00883110 0.01413733 0.01831825 0.00574174 0.00039424 -0.02228060
329.5  0.16308347 -0.02625816 -0.00072512 -0.00700062 -0.02142440 0.00563216 0.01160660 0.01279014 0.01450302 0.01684250
330.0  -0.96175943 -0.04772847 0.00869627 -0.01040200 0.00818376 -0.02356817 -0.00118818 0.01102895 0.02402349 -0.01136018
330.5  0.63958604 -0.03284333 0.00795230 0.00991025 0.01862805 0.03192642 -0.01804772 0.00467883 0.02732177 0.00244576
331.0  0.40325034 0.00403655 -0.00216877 0.01443753 -0.01427925 -0.03114424 -0.02513099 -0.00747545 0.02984160 0.00581287
331.5  -0.99336156 0.03731459 -0.00906423 -0.01047558 -0.00877223 0.01750134 -0.02427867 -0.00920915 0.01966920 -0.01356115
332.0  0.57423279 0.04650802 -0.00833216 -0.01177603 0.01552682 0.00720162 -0.01246541 0.00153770 0.00174660 0.01884621
332.5  0.39058211 0.02832380 0.00212252 0.01776248 -0.00222631 -0.02889177 0.00593894 0.00806080 -0.00663599 -0.02461021
333.0  -0.98497783 -0.00589509 0.01175569 0.00112274 -0.01495263 0.03102390 0.03127959 0.01745807 -0.00873254 0.02842220
333.5  0.63922449 -0.03825355 0.00743091 -0.01820489 0.01119082 -0.02418041 0.03510518 0.01751693 -0.01212128 -0.03037855
334.0  0.34225411 -0.04667970 -0.00342273 0.01311502 0.00573001 -0.00227540 0.02199208 0.00875877 -0.00862759 0.02956933
334.5  -0.98452769 -0.02410369 -0.01010665 0.00852592 -0.01457173 0.02393698 -0.00078009 0.00150330 -0.00672065 -0.02669384
335.0  0.61091729 0.01181893 -0.00710973 -0.02062497 0.00774628 -0.03217512 -0.02294950 -0.00340799 -0.00650742 0.02084925
335.5  0.38623376 0.04175409 0.00399315 0.00869483 0.00768660 0.02386857 -0.03826455 -0.00834013 -0.00612758 -0.01591930
336.0  -0.98656127 0.04580650 0.01101396 0.01165948 -0.01640503 0.00253205 -0.03243841 -0.00999570 -0.00503745 0.00873358
336.5  0.65812137 0.02122949 0.00755004 -0.01905989 0.00831363 -0.02610768 -0.00345986 -0.00798907 -0.00119091 0.00062159
337.0  0.22330102 -0.00918959 -0.00316034 0.00123468 0.00886782 0.03031526 0.02419239 -0.00675956 0.00325018 -0.00902471
337.5  -0.90240352 -0.03392898 -0.01134321 0.01996321 -0.01650091 -0.01054318 0.03677278 -0.00338253 0.00885567 0.01851725
338.0  0.90151281 -0.04832749 -0.00988895 -0.01093512 0.00481118 -0.02121786 0.02265535 0.00099870 0.01203482 -0.02418129
338.5  -0.25214613 -0.03971874 -0.00262516 -0.01400809 0.01189520 0.03345750 -0.01497682 0.00780810 0.01035597 0.02630202
339.0  -0.59500399 -0.01884544 0.00705414 0.01665082 -0.01495035 -0.01317624 -0.03648435 0.00890548 0.00584288 -0.02425422
339.5  0.99687909 0.00881260 0.01195378 0.00438995 0.00061953 -0.01565867 -0.02876684 0.00780637 -0.00115313 0.01915976
340.0  -0.55524865 0.03788543 0.00708230 -0.01881657 0.01353764 0.03327351 -0.00178925 0.00567674 -0.00830935 -0.01248451
340.5  -0.40242611 0.04660042 -0.00359406 0.00774085 -0.01084155 -0.02828768 0.02574513 -0.00170409 -0.01014820 0.00483893
341.0  0.98661754 0.03186084 -0.01213597 0.01286975 -0.00711754 -0.00296089 0.03895935 -0.00466984 -0.00918838 0.00291510
341.5  -0.65505132 0.00437739 -0.00953406 -0.01572627 0.01815333 0.02061356 0.02556555 -0.00407783 -0.00650724 -0.01078448
342.0  -0.24879269 -0.02555911 0.00116911 -0.00111454 -0.00432585 -0.03082033 -0.00603147 -0.00887949 -0.00236195 0.01758989
342.5  0.92885362 -0.04379009 0.00913104 0.00863282 -0.02117868 0.01969633 -0.02963405 -0.00960609 -0.00353492 -0.02484518
343.0  -0.83955766 -0.04409316 0.01160090 0.00338905 0.01698051 0.01144090 -0.03765814 -0.00931711 -0.00631002 0.03036764
343.5  0.04755497 -0.02730146 0.00473547 -0.00212589 0.01182503 -0.02778059 -0.01838969 -0.00847991 -0.00552131 -0.02666502
344.0  0.80091793 0.00226802 -0.00567277 -0.00418409 -0.02324040 0.02854803 0.00789541 0.00388094 0.00296665 0.01804237
344.5  -0.92752196 0.03123345 -0.01090047 0.00486813 0.00475845 -0.00912329 0.02345668 0.00776737 0.01518968 -0.00604031
345.0  0.15328676 0.04622685 -0.00710576 0.00134694 0.01748087 -0.01878536 0.02852208 0.01042061 0.02444612 -0.00806642
345.5  0.78265507 0.03720587 0.00355199 -0.00589041 -0.02052497 0.03266723 0.01607702 0.01118915 0.02681190 0.01732196
346.0  -0.92192969 0.00765680 0.01073014 0.00156966 -0.00180539 -0.02734823 -0.00486160 0.00321742 0.02199426 -0.02518521
346.5  0.13906703 -0.02365244 0.00830812 0.00381751 0.02158284 0.00316346 -0.01875163 -0.00258520 0.01264643 0.02879060
347.0  0.76189443 -0.04323749 -0.00058081 -0.00363108 -0.01460944 0.02343231 -0.02365156 -0.00611333 -0.00516366 -0.02845161
347.5  -0.96027919 -0.04478505 -0.00961103 -0.00296099 -0.01188382 -0.03317783 -0.01170255 -0.00653671 -0.02305296 0.02363217
348.0  0.35411548 -0.02704414 -0.00983648 0.00530619 0.02080861 0.01915322 0.01008382 -0.00047555 -0.02954088 -0.01188996
348.5  0.52155148 -0.00160571 -0.00457285 -0.00100016 0.00125196 0.00993865 0.02521702 0.00464126 -0.02825660 -0.00313998
349.0  -0.99098955 0.02366685 0.00443675 -0.00859858 -0.01796644 -0.03279877 0.02153431 0.00526918 -0.01598281 0.01446902
349.5  0.67384972 0.04392433 0.01194854 0.00599925 0.00503769 0.03028034 0.00392783 0.00006709 0.00346393 -0.02402874
350.0  0.23364200 0.04444142 0.00877551 0.01114516 0.00998153 -0.00658056 -0.02052992 -0.00426404 0.01233492 0.02771404
350.5  -0.95033253 0.02403786 -0.00285460 -0.01328390 -0.00444763 -0.00988272 -0.03348249 -0.01146878 0.01774276 -0.02694286
351.0  0.72452047 -0.00825930 -0.01072729 -0.00703122 -0.00290932 0.03422689 -0.02600266 -0.01877024 0.01844470 0.02291860
351.5  0.25981987 -0.03849391 -0.00927970 0.01904976 0.00503755 -0.03025761 -0.01207149 -0.01874286 0.01525237 -0.01767563
352.0  -0.96846477 -0.04622282 0.00240585 -0.00591600 -0.00049219 0.01621386 0.01134953 -0.01249619 0.01144628 0.01044136
352.5  0.69030783 -0.02629743 0.01052598 -0.01563172 -0.00467873 0.00758235 0.02644850 -0.00606805 0.00708434 -0.00058744
353.0  0.25849071 0.00645464 0.00964403 0.01741640 0.00171150 -0.02922551 0.02987954 0.01128466 0.00527371 -0.00755227
353.5  -0.95674330 0.03598673 -0.00032892 0.00413075 0.00169483 0.03210172 0.01921591 0.02318730 0.00214106 0.01552048
354.0  0.72758700 0.04625755 -0.01106410 -0.01951767 -0.00492650 -0.01929172 -0.00337666 0.02312649 -0.00174412 -0.02132948
354.5  0.24367841 0.02771783 -0.00977878 0.00879890 0.00355830 -0.00339768 -0.02139041 0.02231822 -0.00305219 0.02458642
355.0  -0.97093702 -0.00945660 0.00206611 0.01149821 0.00289334 0.02580410 -0.03013878 0.01079053 -0.00417654 -0.02576586
355.5  0.62651184 -0.04129572 0.01089597 -0.01791981 -0.00746390 -0.03185919 -0.02978820 -0.00723581 -0.00776482 0.02372631
356.0  0.43346187 -0.04232742 0.00850555 0.00226630 0.00239106 0.02813101 -0.01534621 -0.01492076 -0.00641412 -0.02307571
356.5  -0.99696562 -0.01155570 -0.00372560 0.01237904 0.00798366 -0.01235625 0.00080250 -0.01965958 -0.00645591 0.01988870
357.0  0.46118680 0.02534387 -0.01169734 -0.01093140 -0.01163150 -0.00788638 0.02020875 -0.02304840 -0.00925196 -0.01380679
357.5  0.53433231 0.04532871 -0.00687259 0.00073336 -0.00213109 0.02274037 0.03180788 -0.01513746 -0.00762183 0.00613623
358.0  -0.99701434 0.03898840 0.00389612 0.00307828 0.01660545 -0.03066111 0.02937984 -0.00349194 -0.00559262 0.00586843
358.5  0.59254406 0.01049462 0.01188878 -0.00067165 -0.00752300 0.01884461 0.01914391 0.00741065 -0.00428165 -0.01865213
359.0  0.26988325 -0.01976749 0.00844277 0.00056328 -0.01243333 0.00273688 -0.00470688 0.02042937 0.00447508 0.02706186
359.5  -0.91969427 -0.04049848 -0.00140763 -0.00164671 0.01537645 -0.02298387 -0.01952547 0.02473148 0.01444236 -0.02949583
360.0  0.86489962 -0.04640286 -0.00838850 -0.00099227 0.00408011 0.03066075 -0.01779181 0.01773115 0.02294497 0.02556889
360.5  -0.09424311 -0.02799675 -0.01057662 0.00314143 -0.01989580 -0.01727397 -0.01428368 0.00587440 0.02712887 -0.01880091
361.0  -0.78473876 0.00536572 -0.00299475 0.00046465 0.01019895 -0.00021486 -0.00747864 -0.00913809 0.01477776 0.00957991
361.5  0.92930887 0.03564163 0.00862370 0.00084667 0.01230945 0.02011012 -0.00231989 -0.01732879 -0.00508416 -0.00101554
362.0  -0.15195613 0.04628916 0.01087567 -0.01197713 -0.01549829 -0.02982767 -0.00617687 -0.01353715 -0.02056305 -0.00857978
362.5  -0.76984549 0.02954880 0.00258880 0.00394013 0.00090429 0.02537281 0.00394686 -0.00732927 -0.03320525 0.01516631
363.0  0.94569499 -0.00407164 -0.00764103 0.01365901 0.01268665 -0.00615642 0.00629974 0.00148511 -0.03759983 -0.02178812
363.5  -0.25583652 -0.03336491 -0.01056631 -0.01272647 -0.00952091 -0.01849108 0.00804846 0.01139013 -0.02718880 0.02969243
364.0  -0.65896316 -0.04615508 -0.00500483 -0.00433178 -0.00570511 0.03032098 0.00875874 0.01479900 -0.00948604 -0.03053773
364.5  0.98678960 -0.03722485 0.00429879 0.01483968 0.01339831 -0.02151597 0.00136858 0.00973891 0.00966675 0.02601643
365.0  -0.40146087 -0.00793483 0.01144383 -0.00739615 -0.00373413 -0.00161339 -0.00870663 0.00335884 0.02809860 -0.01690359
365.5  -0.58496243 0.02547952 0.00780986 -0.00982484 -0.00986742 0.02466716 -0.01203049 -0.00869628 0.03562279 0.00746371
366.0  0.98940807 0.04534570 -0.00319275 0.01343207 0.01094261 -0.03165617 -0.01121830 -0.01735482 0.03397382 0.00084837
366.5  -0.36118133 0.03957008 -0.01045562 -0.00166209 0.00035898 0.01876148 -0.00568491 -0.01613845 0.02450483 -0.00666484
367.0  -0.64514723 0.01074636 -0.00828978 -0.01115912 -0.01000265 0.00539009 0.00619412 -0.01092902 0.00827962 0.01401817
367.5  0.97947060 -0.02277307 0.00190107 0.00824792 0.00728136 -0.02654702 0.01654549 -0.00118498 -0.01046114 -0.02308055
368.0  -0.35375210 -0.04373640 0.00981867 0.00667173 0.00468461 0.03184710 0.01615882 0.01743518 -0.02287828 0.02789231
368.5  -0.57666265 -0.04465336 0.00932029 -0.01229873 -0.00781685 -0.00876912 0.02167051 0.02253019 -0.02642749 -0.02995656
369.0  0.99678804 -0.02780217 0.00291167 -0.00027860 0.00048657 -0.00806737 0.00463381 0.02234476 -0.01437979 0.02539948
369.5  -0.61914075 -0.00363591 -0.00725005 0.01646332 -0.00172588 0.03055996 -0.01540567 0.00874222 0.00524374 -0.01382815
370.0  -0.23588269 0.02271240 -0.01189572 -0.00825691 -0.00230131 -0.03171870 -0.02786146 -0.00683024 0.00810639 -0.00114360
370.5  0.91682686 0.04222909 -0.00794279 -0.01194528 0.00726963 0.00401340 -0.02814651 -0.02023877 0.00791962 0.01535605
371.0  -0.84238005 0.04512598 0.00063524 0.01478422 -0.00356286 0.01991661 -0.01017268 -0.02152624 0.00323330 -0.02361712
371.5  -0.00572358 0.03194234 0.00955732 0.00201685 -0.00573759 -0.03385428 0.01124184 -0.01482881 -0.00750968 0.02591414
372.0  0.86525695 0.00276220 0.01091319 -0.01589093 0.00836598 0.02659202 0.02708614 -0.00550924 -0.01034140 -0.02590951
372.5  -0.85747667 -0.03021339 0.00322047 0.00864638 -0.00045030 -0.00210205 0.03248797 0.00798581 -0.01309902 0.02097625
373.0  -0.00480455 -0.04531980 -0.00798890 0.00992463 -0.00690803 -0.02432125 0.01835534 0.01683875 -0.01184024 -0.01586858
373.5  0.84840732 -0.04031647 -0.01236682 -0.01394801 0.00549754 0.03658600 -0.00132764 0.01980337 -0.00618586 0.00461757
374.0  -0.90415387 -0.02084847 -0.00574301 -0.00190823 0.00442018 -0.02306238 -0.01996318 0.01778235 0.00235862 0.00917627
374.5  0.15756596 0.00983681 0.00300152 0.01197315 -0.01270302 -0.00708425 -0.03081227 0.01237883 0.00727629 -0.02005974
375.0  0.73341960 0.03589243 0.01006068 -0.00523816 0.00099811 0.03143490 -0.02377870 -0.00087372 0.01572171 0.02658826
375.5  -0.96195932 0.04588072 0.01023468 -0.00587705 0.01368218 -0.03651990 -0.00710104 -0.01230970 0.01501998 -0.02840898
376.0  0.26066506 0.03550349 0.00024987 0.00869745 -0.01041504 0.01935791 0.00647585 -0.02095812 0.00974892 0.02260287
376.5  0.71884634 0.00477216 -0.00949636 -0.00110128 -0.00820588 0.00469676 0.01906486 -0.02489243 0.00100151 -0.01632582
377.0  -0.94504365 -0.02925450 -0.00999060 -0.00632694 0.01616185 -0.02447679 0.02545912 -0.02148297 -0.00727515 0.00845590
377.5  0.15366054 -0.04664297 -0.00084614 0.00528907 -0.00304661 0.03841781 0.01790519 -0.00651420 -0.01407853 0.00090541
378.0  0.79587457 -0.03650218 0.00973170 0.00241949 -0.01300341 -0.03128751 0.01239825 0.00900479 -0.01656250 -0.01181349
378.5  -0.91557077 -0.00495385 0.00996229 -0.00709933 0.01277705 0.01460599 -0.01091959 0.01506127 -0.01081681 0.02241225
379.0  0.14621782 0.02612640 0.00230836 0.00178561 0.00485068 0.00742154 -0.02782814 0.02335404 0.00341764 -0.03192969
379.5  0.74019960 0.04411114 -0.00677274 0.00640838 -0.01665749 -0.03483444 -0.02654432 0.00926549 0.01460597 0.03559557
380.0  -0.97023302 0.04283555 -0.01121631 -0.00482495 0.00316257 0.03672549 -0.01887868 -0.01100708 0.01505115 -0.03196280
380.5  0.36465255 0.01954247 -0.00505267 -0.00259794 0.01513932 -0.02425850 0.00489353 -0.01886844 0.01000753 0.02194394
381.0  0.57683677 -0.01310284 0.00540634 0.00254748 -0.01177632 0.00443126 0.02467182 -0.01042873 -0.00530403 -0.01141424
381.5  -0.99324987 -0.03835089 0.01146606 -0.00369918 -0.00658813 0.01971055 0.03123682 0.00706175 -0.00968275 0.00076444
382.0  0.38431153 -0.04392945 0.00636377 0.00743116 0.01451731 -0.02942115 0.02716380 0.01540766 -0.00279706 0.00530179
382.5  0.66940327 -0.01776083 -0.00665273 -0.00091211 -0.00728695 0.03762698 0.00004031 0.02388553 -0.00104002 -0.01176027
383.0  -0.94791412 0.02315571 -0.01115294 -0.00821148 -0.00656598 -0.02998640 -0.00329342 0.02521370 -0.00041809 0.01789083
383.5  0.11636606 0.04439863 -0.00320246 0.00749137 0.01301501 0.01151115 -0.02089511 0.01939140 0.00419442 -0.02154441
384.0  0.83589631 0.03375818 0.00777632 0.00303069 -0.00405265 0.00941923 -0.02815790 0.01292447 0.00448789 0.02621430
384.5  -0.87359453 0.00238729 0.01117755 -0.00926828 -0.01014996 -0.02766475 -0.02699957 0.00325078 0.00280677 -0.02936314
385.0  0.01366646 -0.03232465 0.00188347 0.00257562 0.01160594 0.03638013 -0.01517048 -0.00999102 0.00461727 0.03077424
385.5  0.85423439 -0.04580598 -0.00977723 0.00701597 0.00135199 -0.02733801 -0.00015167 -0.02053758 0.00191309 -0.03057837
386.0  -0.87398561 -0.02886751 -0.00997619 -0.00697724 -0.01261594 0.00532860 0.01819759 -0.02420386 -0.00188147 0.02841677
386.5  0.01876238 0.00448491 -0.00111448 -0.00166847 0.00750794 0.01633666 0.02584942 -0.02452388 -0.00158726 -0.02073967
387.0  0.85807121 0.03551560 0.00925782 0.00758451 0.00788164 -0.03485246 0.02204768 -0.01691796 -0.00543246 0.01381660
387.5  -0.86558179 0.04475283 0.01097352 -0.00245100 -0.01376842 0.03185386 0.01788122 -0.00256081 -0.00887677 -0.00755939
388.0  0.01243847 0.02446676 0.00028810 -0.00542207 0.00225008 -0.01510102 0.00210124 0.01172461 -0.00790558 0.00228785
388.5  0.83868671 -0.00957986 -0.00930423 0.00343017 0.02076868 -0.00897615 -0.00128826 0.02823168 0.00039278 0.00671320
389.0  -0.91659093 -0.03679159 -0.01035555 0.00059246 -0.01641471 0.03180016 -0.01474733 0.02933492 0.01434282 -0.01713258
389.5  0.23197351 -0.04477487 -0.00215206 -0.00792648 -0.00759857 -0.02764579 0.02162903 0.01734436 0.02430558 0.02485247
390.0  0.60980844 -0.03373852 0.00759117 -0.00557846 0.01906693 0.00546204 -0.01412147 -0.00464492 0.01628012 -0.03186695
390.5  -0.99568256 -0.01171637 0.01001960 0.00768119 -0.00037711 0.01347499 -0.01221536 -0.01965191 0.00120661 0.03193312
391.0  0.68273352 0.01683939 0.00746991 0.01004937 -0.02086997 -0.01443147 0.03383199 -0.02569080 -0.01454452 -0.02440614
391.5  0.12473484 0.03721541 -0.00140156 -0.00544645 0.01034477 0.00103089 -0.02742974 -0.01501200 -0.02416261 0.01514651
392.0  -0.86140703 0.04376581 -0.00989919 -0.00964258 0.01520433 0.00941671 0.00045493 0.00139658 -0.02625822 -0.00030976
392.5  0.90377564 0.03539341 -0.00965306 -0.00105192 -0.01960417 -0.00897539 0.02708269 0.01495872 -0.02224552 -0.01144843
393.0  -0.13586119 0.00534087 -0.00230498 0.00546898 0.00047162 -0.00117907 -0.03647159 0.02419052 -0.01089239 0.02199970
393.5  -0.76702380 -0.02650850 0.00745790 0.00792487 0.01896474 0.00791137 0.02118703 0.02335411 0.00011278 -0.02929899
394.0  0.94737834 -0.04159997 0.01086687 -0.00081982 -0.01563918 -0.00584035 0.00787475 0.01389894 0.01137834 0.03192389
394.5  -0.26087011 -0.04198197 0.00503411 -0.00887739 -0.00723380 -0.00189506 -0.03111988 -0.00187453 0.02206876 -0.03195667
395.0  -0.64511722 -0.02254047 -0.00507897 -0.00101702 0.02072362 0.00832544 0.03400243 -0.01728339 0.02416565 0.02577694
395.5  0.99244302 0.00876771 -0.01140705 0.00608062 -0.00786285 -0.00411719 -0.01169661 -0.02580459 0.02170185 -0.01504265
396.0  -0.49233133 0.03120469 -0.00868063 0.00477829 -0.01721031 -0.00335105 -0.01676723 -0.02212238 0.00850738 0.00181449
396.5  -0.44538425 0.04429311 0.00074096 -0.00373517 0.01580691 0.01090380 0.03259090 -0.00776217 -0.00389622 0.01249964
397.0  0.99121772 0.03925982 0.01011677 -0.00853151 0.00843207 -0.01186844 -0.02689489 0.01068754 -0.01072367 -0.02533327
397.5  -0.60246331 0.01241261 0.01122806 -0.00156303 -0.01954669 0.00179845 0.00376124 0.02940396 -0.01594640 0.03262374
398.0  -0.38038208 -0.01852139 0.00246946 0.00848056 0.00488865 0.01027270 0.01755749 0.03355593 -0.00499420 -0.03644412
398.5  0.98761057 -0.04031339 -0.00867727 0.00622602 0.01378951 -0.02939704 -0.02133013 0.02385570 0.00616543 0.03572792
399.0  -0.62431339 -0.04366347 -0.01271482 -0.00626709 -0.01394976 0.02635518 0.01144746 0.01125653 0.00778437 -0.03181058
399.5  -0.32122650 -0.02612382 -0.00487273 -0.01008525 -0.00558836 -0.00370128 -0.00170508 -0.01586573 0.00312193 0.02431973
400.0  0.96061552 0.00145645 0.00705843 0.00052920 0.01838110 -0.02043650 -0.00748834 -0.03023317 -0.00752771 -0.00920720
400.5  -0.78043302 0.02692757 0.01119580 0.00958352 -0.00259062 0.03606731 0.00649390 -0.02362490 -0.01590980 -0.01024250
401.0  -0.02091888 0.04223984 0.00932281 0.00342875 -0.01854016 -0.02208803 -0.00848559 -0.01633351 -0.02153394 0.02541869
401.5  0.80373941 0.04288770 0.00094435 -0.00594354 0.01191639 -0.00577741 0.00103447 0.00593497 -0.01290115 -0.03551351
402.0  -0.95141171 0.02794226 -0.01040152 -0.00557605 0.01272964 0.02680554 0.00781966 0.02336024 0.00003938 0.03527143
402.5  0.29221292 -0.00000358 -0.01226419 0.00392439 -0.01995998 -0.03180472 -0.01263324 0.02125166 0.01317820 -0.03027160
403.0  0.65258587 -0.02920749 -0.00461585 0.00745636 0.00067568 0.01477478 0.01082377 0.01633122 0.02238979 0.02202222
403.5  -0.97939791 -0.04351440 0.00822806 0.00014419 0.02058678 0.00700637 -0.00415345 0.00289882 0.02887542 -0.01023221
404.0  0.32093801 -0.03650568 0.01319254 -0.00837014 -0.01462785 -0.02368194 -0.00337288 -0.00969576 0.02324660 -0.00338982
404.5  0.65773734 -0.00830686 0.00548061 -0.00452349 -0.00916014 0.03003646 0.01209876 -0.01877706 0.01824672 0.01565442
405.0  -0.98073932 0.02581778 -0.00626490 0.00521456 0.02248729 -0.02010324 -0.01440269 -0.02355193 0.00831771 -0.02488810
405.5  0.37462918 0.04198598 -0.01339902 0.00578616 -0.00547659 0.00055377 0.01221059 -0.01499129 -0.00718433 0.03253803
406.0  0.57388126 0.03877848 -0.00891443 -0.00027134 -0.01903248 0.02132821 -0.00367660 -0.00532792 -0.01874951 -0.03775001
406.5  -0.99537447 0.01799878 0.00518655 -0.00523357 0.01703519 -0.03193549 -0.00523883 0.00719252 -0.02246891 0.04190667
407.0  0.47178128 -0.01913353 0.01308940 -0.00340359 0.00740320 0.02685176 0.00965763 0.02506406 -0.02563406 -0.03599809
407.5  0.53494373 -0.04237613 0.00751394 0.00365668 -0.01999237 -0.01182315 -0.01081314 0.02836040 -0.01546257 0.03250433
408.0  -0.99300438 -0.03633114 -0.00545739 0.00690384 0.00881467 0.00025298 0.01712128 0.02522954 -0.00359920 -0.02358083
408.5  0.35874368 -0.00969260 -0.01283080 0.00056802 0.01138128 0.00724105 -0.02869080 0.01966998 0.00547363 0.01440260
409.0  0.68430500 0.02688439 -0.00470514 -0.00672782 -0.01884327 -0.01416393 0.03279353 0.00037346 0.01041700 -0.00592519
409.5  -0.95070182 0.04628323 0.00885430 -0.00494308 0.00491054 0.01694669 -0.02632515 -0.01520121 0.00993977 -0.00474546
410.0  0.16847828 0.02758086 0.01249140 -0.00024658 0.01437365 -0.01212473 0.00656270 -0.02691588 0.00732294 0.01440368
410.5  0.77698561 -0.00807762 0.00315136 0.00889170 -0.01437253 0.00487705 0.00777783 -0.03561086 -0.00142982 -0.02450767
411.0  -0.93527720 -0.03502554 -0.01056106 0.00621303 -0.00259776 0.00810875 -0.03080550 -0.02949906 -0.01026516 0.03265863
411.5  0.21318868 -0.04462916 -0.01289916 -0.00698672 0.01794247 -0.01529904 0.03427216 -0.01515248 -0.01375472 -0.03768497
412.0  0.69874458 -0.02727565 -0.00300836 -0.00726376 -0.01257560 0.01596784 -0.02730617 0.00669720 -0.01181767 0.03682935
412.5  -0.97503522 0.00637490 0.00836330 -0.00711382 -0.00933112 -0.00640552 0.00787682 0.01914794 -0.00508223 -0.03078055
413.0  0.32786055 0.03545452 0.01373336 -0.00000295 -0.01984998 -0.00979922 0.01611858 0.02876692 0.00916696 0.02267152
413.5  0.65838322 0.04381938 0.00488750 0.00325508 -0.00443810 0.01931546 -0.03039026 0.02639978 0.01748194 -0.01262859
414.0  -0.97087853 0.02311129 -0.00944728 0.00195319 0.01633278 -0.01984587 0.03375618 0.01415766 0.02123633 0.00152192
414.5  0.26321726 -0.01232432 -0.01330483 -0.00146504 0.01726195 0.00923455 -0.02426484 0.00229039 0.02202851 0.01031819
415.0  0.70575577 -0.03888929 -0.00408110 -0.00649381 -0.00080444 0.00545103 0.00221217 -0.01427671 0.01550003 -0.02050329
415.5  -0.96873281 -0.04386453 0.00928985 -0.00193370 -0.01762155 -0.01239947 0.02077101 -0.02671013 0.00553909 0.03020714
416.0  0.33760423 -0.02325739 0.01313922 0.00619331 -0.01361729 0.00729608 -0.03948773 -0.02795201 -0.00086039 -0.03393176
416.5  0.58238829 0.00689428 0.00521639 0.00522872 0.01035153 0.00619251 0.03634747 -0.02377456 0.00244284 0.03139080
417.0  -0.99634419 0.03075141 -0.00582178 -0.00227580 0.02025948 -0.00908793 0.00270927 -0.01852179 -0.01570962 -0.02473123
417.5  0.53077568 0.04541136 -0.01285521 -0.00534504 0.00252279 0.00016722 -0.02045728 0.01061740 -0.02256091 0.01785356
418.0  0.43468264 0.03507735 -0.00795378 -0.00480227 -0.01655217 0.01547120 0.03139944 0.03451717 -0.01421571 -0.00943913
418.5  -0.99365963 0.00475873 0.00419634 -0.00235290 -0.01545602 -0.02079561 -0.02312896 0.03794650 -0.00002362 -0.00289010
419.0  0.54901396 -0.02339843 0.01201934 0.00586353 0.00053908 0.00958884 0.00256975 0.02349502 0.01415883 0.01255583
419.5  0.47017820 -0.04243858 0.00873978 0.01539688 0.01477788 0.01464236 0.01256886 -0.00097290 0.01886471 -0.02396938
420.0  -0.99635713 -0.04015353 -0.00293327 0.00534270 0.01161567 -0.03109817 -0.01762633 -0.02414681 0.01796711 0.02985178
420.5  0.50753884 -0.01134646 -0.01108234 -0.01422283 -0.00291151 0.02810281 0.01323650 -0.03755864 0.01003944 -0.03221302
421.0  0.46147383 0.01724176 -0.01057025 -0.01515148 -0.01458170 -0.00370317 -0.00175968 -0.03457585 0.00138715 0.03079812
421.5  -0.99084625 0.03564374 -0.00234455 0.00616307 -0.00541446 -0.02458724 -0.00687773 -0.01412690 -0.00983911 -0.02263414
422.0  0.65787788 0.04590427 0.00912547 0.01846445 0.01133206 0.03499457 0.01008451 0.01860225 -0.01712560 0.01033429
422.5  0.22256028 0.03386764 0.01272272 0.00349568 0.00980694 -0.01935735 -0.01084944 0.03614095 -0.01599138 0.00829001
423.0  -0.92188938 0.00921685 0.00765602 -0.01600395 -0.00488496 -0.01105155 -0.00147677 0.03479368 -0.01002822 -0.02442907
423.5  0.82692041 -0.01517122 -0.00143811 -0.01222473 -0.01387201 0.03286201 0.00665259 -0.01711853 -0.00162850 0.03248552
424.0  0.03281083 -0.03906041 -0.01073756 0.01060766 -0.00456091 -0.03741942 0.00299912 -0.00579971 0.01160741 -0.03234536
424.5  -0.87192125 -0.04430398 -0.01152640 0.01868394 0.01232211 0.01472379 0.02043116 0.02543441 0.01586915 0.02811508
425.0  0.86000934 -0.02619021 -0.00188216 0.00261791 0.01322825 0.00519177 0.00842181 -0.03547474 0.02158446 -0.02009001
425.5  -0.02601883 0.00047013 0.00877831 -0.01660982 -0.00262628 -0.02743853 -0.00403124 0.03770282 0.00569058 0.01500874
426.0  -0.81446270 0.02675660 0.01319576 -0.01889233 -0.00753616 0.03890376 -0.00878753 -0.01528277 -0.00420476 -0.00223123
426.5  0.93993709 0.04252732 0.00586113 0.00411710 -0.00696903 -0.02491291 -0.02220572 0.01379154 -0.00029646 -0.01327815
427.0  -0.29358946 0.04116962 -0.00351636 0.01743588 -0.00719388 0.00001105 -0.01633088 0.03767834 0.00447339 0.02567415
427.5  -0.59043801 0.02427902 -0.01166428 0.00572148 0.00775204 0.02830402 -0.00510177 0.03963689 -0.00841966 -0.03309838
428.0  0.99627847 -0.00338435 -0.01207552 -0.01484764 0.00284422 -0.03802282 0.00550875 0.02304256 0.00463113 0.03356789
428.5  -0.54314409 -0.02847274 -0.00103042 -0.01286750 -0.00919738 0.02030215 0.02383584 0.00037028 -0.00048419 -0.02895164
429.0  -0.42073873 -0.04293305 0.01045428 0.00660838 0.00012320 0.00759562 0.02442900 -0.02391412 -0.00309384 0.02208060
429.5  0.99183242 -0.03613794 0.01235627 0.01708333 0.00991750 -0.03124036 0.01715919 -0.03781718 0.00478001 -0.01222469
430.0  -0.57239718 -0.00562645 0.00245258 0.00572184 -0.00796898 0.03687314 0.00708071 -0.03638279 -0.00259520 0.00283884
430.5  -0.42503679 0.02550236 -0.00985510 -0.01602527 -0.00481090 -0.02101185 -0.01235232 -0.02808247 0.00224611 0.00823375
431.0  0.99190361 0.04099647 -0.01178368 -0.01495529 0.01543444 -0.00577018 -0.02437046 -0.00947166 -0.00171227 -0.01805382
431.5  -0.60880892 0.03855296 -0.00407283 0.00693282 -0.00777938 0.03112374 -0.02449931 0.01605369 0.00299118 0.02699411
432.0  -0.31377140 0.01296192 0.00802047 0.01752000 -0.00912049 -0.03698821 -0.01971142 0.03084872 -0.00532752 -0.03172403
432.5  0.95338482 -0.01936417 0.01391340 0.00665408 0.01469831 0.01996954 -0.00091510 0.03715010 0.00366430 0.03277501
433.0  -0.78932115 -0.03692935 0.00547252 -0.01354895 -0.00141358 0.00919556 0.01911117 0.03075658 -0.00161362 -0.03287189
433.5  -0.05285623 -0.04227716 -0.00637520 -0.01980427 -0.01389744 -0.03335576 0.02451805 0.01039662 -0.00304841 0.02421399
434.0  0.86696418 -0.02470469 -0.01190531 0.00526023 0.01032350 0.03451258 0.02756683 -0.00877550 0.00792310 -0.01647722
434.5  -0.85945388 0.01368603 -0.00726275 0.02173569 0.00628241 -0.02636590 0.01092563 -0.02440358 -0.00910831 0.00923800
435.0  -0.03931186 0.03900565 0.00709324 0.00544433 -0.01498636 0.00279255 0.00197269 -0.03729916 0.00982654 -0.00205221
435.5  0.90408299 0.03798110 0.01254698 -0.01315814 0.00610112 0.01586003 -0.00912517 -0.04059479 -0.00533905 -0.00445609
436.0  -0.78821106 0.01465456 0.00415849 -0.01533326 0.00996312 -0.02942079 -0.01973762 -0.03551230 -0.00530862 0.01036946
436.5  -0.16029809 -0.02306900 -0.00945514 -0.00113472 -0.01420616 0.03340860 -0.02464998 -0.02076997 0.01147360 -0.01967696
437.0  0.93403765 -0.04490733 -0.01348353 0.01516068 -0.00038024 -0.02113453 -0.02628099 0.00606740 0.01133622 0.02497440
437.5  -0.77010634 -0.03336065 -0.00222930 0.01151770 0.00874163 0.00732249 -0.00377607 0.02650102 0.01020842 -0.02542079
438.0  -0.16158755 -0.00385366 0.01081607 -0.00502672 -0.01163514 0.01299658 0.01848359 0.03400160 0.00145147 0.02863304
438.5  0.93768768 0.02905943 0.01256746 -0.01300643 -0.00020248 -0.02939320 0.03445213 0.03149065 -0.00176572 -0.02922846
439.0  -0.73598895 0.04430604 0.00262336 -0.00582960 0.01189581 0.02782139 0.03836484 0.02322782 -0.00514764 0.03012880
439.5  -0.27025471 0.02638305 -0.01108206 0.00977996 -0.01007222 -0.01718408 0.02737563 0.00769957 -0.00639541 -0.02669781
440.0  0.98022567 -0.01072804 -0.01281255 0.01163829 -0.00326592 -0.00334393 0.00714270 -0.00730981 -0.00826406 0.02052251
440.5  -0.59782619 -0.04052687 -0.00033192 -0.00072964 0.01231720 0.02312102 -0.01611727 -0.01925065 -0.00527436 -0.01244356
441.0  -0.42193431 -0.04114263 0.01215375 -0.01196344 -0.00831846 -0.03095317 -0.03338087 -0.03087226 -0.00459959 0.00293468
441.5  0.99170676 -0.01478960 0.01271570 -0.00777034 -0.00620547 0.02438720 -0.03708582 -0.03445248 -0.00151031 0.00841661
442.0  -0.63325603 0.01346013 0.00151866 0.00724038 0.01275712 -0.00056742 -0.02529407 -0.02692997 0.00395732 -0.01910914
442.5  -0.23229558 0.03724962 -0.01031199 0.01073891 -0.00287404 -0.02314436 -0.00001510 -0.00643093 0.00638290 0.02945902
443.0  0.89436518 0.04618979 -0.01426252 -0.00135354 -0.01154278 0.03086159 0.02068644 0.02479790 0.00391862 -0.03199138
443.5  -0.91774805 0.03255172 -0.00934071 -0.01074636 0.00898335 -0.02395637 0.01783026 0.04553286 -0.00113775 0.02327474
444.0  0.30443774 0.01715072 0.00093503 -0.00020407 0.00822365 -0.00439466 0.01158725 0.03869810 -0.01525931 -0.00969102
444.5  0.54245056 -0.00886346 0.01199070 0.00966654 -0.00890272 0.02976482 0.00194279 0.01034624 -0.01159339 -0.00649759
445.0  -0.99363754 -0.03614344 0.01455694 0.00110107 -0.00482823 -0.02986666 0.01233771 -0.02513382 0.00960695 0.01826740
445.5  0.62947144 -0.04169010 0.00554338 0.01141207 0.00602101 0.01079786 -0.01601308 -0.05075437 0.00325019 -0.02518751
446.0  0.28950542 -0.03591586 -0.00773062 -0.00346328 0.00305057 0.00789159 -0.02530177 -0.04606585 -0.00061267 0.02785973
446.5  -0.95353601 -0.01595145 -0.01366543 -0.00838438 -0.00734480 -0.03368113 -0.01318736 -0.02304236 0.00616127 -0.02562330
447.0  0.77454801 0.01722894 -0.01025808 0.00761011 0.00174218 0.02919498 -0.00135845 0.00557767 -0.00567150 0.01945312
447.5  0.07656659 0.03673310 0.00126943 0.00336012 0.00467937 -0.00296392 0.02424864 0.03517176 0.00307293 -0.00716271
448.0  -0.86361273 0.04210681 0.01263858 -0.01173558 -0.00563174 -0.02200236 0.03065267 0.04752611 -0.00369625 -0.00644544
448.5  0.88878519 0.03549842 0.01297323 0.00240742 -0.00118187 0.03554487 0.01634552 0.03881295 -0.00023019 0.01776082
449.0  -0.08009101 0.00633796 0.00418566 0.00815886 0.00591420 -0.01832317 -0.00194440 0.01733999 -0.00011910 -0.02233833
449.5  -0.82637772 -0.02602168 -0.00827674 -0.01069264 -0.00070273 -0.01026198 -0.02325005 -0.01076060 -0.00150500 0.02494243
450.0  0.87403657 -0.04155976 -0.01350650 0.00110120 -0.00679017 0.02882282 -0.03192118 -0.03475111 0.00545282 -0.02563969
450.5  0.04635140 -0.03751876 -0.00551045 0.01151644 0.00542302 -0.03056669 -0.02280239 -0.04658426 -0.00656622 0.02271978
451.0  -0.91676240 -0.01064594 0.00772861 -0.00682641 0.00331276 0.01078962 -0.00651181 -0.04521856 0.00868113 -0.01728148
451.5  0.75958570 0.02526275 0.01359176 -0.00758236 -0.01042652 0.01187628 0.01180691 -0.02941339 -0.00446009 0.00921637
452.0  0.20101121 0.04325012 0.00634880 0.01209314 0.00716466 -0.02689583 0.02889429 -0.00386108 0.00072983 0.00122388
452.5  -0.93682956 0.03929646 -0.00650972 -0.00204603 0.00633884 0.02556562 0.02858167 0.02560516 0.00274045 -0.01146532
453.0  0.81106144 0.02007796 -0.01237879 -0.01432123 -0.01118260 -0.00431451 0.01101872 0.04725928 -0.00611188 0.02013749
453.5  -0.03002172 -0.00630810 -0.01110577 0.01112876 0.00123244 -0.01707154 -0.01202442 0.04278433 0.00464305 -0.02576811
454.0  -0.75727165 -0.02930149 -0.00155677 0.00930524 0.00928484 0.02814646 -0.02975382 0.01207047 -0.00563307 0.02411550
454.5  0.97970715 -0.04412803 0.01018783 -0.01716088 -0.00633312 -0.02052639 -0.02074832 -0.02420323 0.00473893 -0.01808670
455.0  -0.46227062 -0.04115465 0.01199369 0.00030541 -0.00542541 -0.01244976 0.01036540 -0.04553969 0.00450720 0.00811892
455.5  -0.43475022 -0.02395400 0.00727264 0.01647639 0.00177720 0.01249374 0.02280564 -0.04216496 0.00455174 0.00445150
456.0  0.98387267 0.00208217 -0.00368290 -0.00488463 0.00235564 -0.02832570 0.02235756 -0.02584166 0.01303366 -0.01401565
456.5  -0.68728208 0.03343660 -0.01296057 -0.01235062 0.00455242 0.02399246 0.02357634 -0.01616609 -0.00389234 0.02267158
457.0  -0.20150453 0.04489025 -0.01106246 0.01409346 -0.00347108 0.00294582 0.03104427 0.01246470 -0.00106486 -0.02358036
457.5  0.91212814 0.03496483 -0.00097014 0.00508717 -0.00488658 -0.01937281 0.02280673 0.03445305 0.00257632 0.02312219
458.0  -0.86022520 0.01737126 0.01129811 -0.01432538 0.00159927 0.03067328 -0.00285197 0.04258568 -0.00497464 -0.01739681
458.5  0.09146579 -0.01632106 0.01348153 -0.00083401 0.00695559 -0.01759062 -0.02393722 0.03956364 0.00423518 0.01131852
459.0  0.76937052 -0.04220427 0.00424320 0.01195854 0.00337233 -0.01002372 -0.03164929 0.02171136 -0.00512384 -0.00457400
459.5  -0.94371065 -0.03995389 -0.00771208 -0.00450256 -0.00459711 0.02801182 -0.02223682 -0.00072786 0.00815876 -0.00133745
460.0  0.17412852 -0.02189654 -0.01368685 -0.00992396 -0.00682347 -0.02840055 -0.00310242 -0.01719466 -0.01365934 0.00457440
460.5  0.80640489 0.01442450 -0.00430340 0.00928862 -0.00159368 0.01044451 0.01650745 -0.03144440 0.01548976 -0.00673990
461.0  -0.85916360 0.04647155 0.01049701 0.00288189 0.00483076 0.01092544 0.02918685 -0.03993911 -0.01642461 0.01269286
461.5  -0.14073156 0.03533687 0.01215559 -0.01225461 0.00682246 -0.02673047 0.03013397 -0.04316271 0.01428723 -0.01833640
462.0  0.96610993 -0.00455718 -0.00102169 0.00698329 0.00131434 0.03001915 0.02126875 -0.04439626 -0.00926644 0.02176622
462.5  -0.61040780 -0.03531428 -0.01310017 0.00563319 -0.00591821 -0.02137307 0.00477366 -0.04018914 0.00720438 -0.02130024
463.0  -0.44407702 -0.04229925 -0.01018510 -0.01283101 -0.00598350 -0.00085488 -0.01571096 -0.03340426 -0.00106575 0.01809912
463.5  0.99602606 -0.02118795 0.00493606 0.00015549 0.00072938 0.01378232 -0.03343348 -0.01936993 0.00293831 -0.01858405
464.0  -0.52974524 0.01654799 0.01329367 0.01227843 0.00624730 -0.02438512 -0.03404142 -0.00355005 0.00044665 0.02047217
464.5  -0.44542094 0.04140845 0.00958234 -0.00875826 0.00129957 -0.02513876 -0.01828747 0.01464771 -0.00377565 -0.01766548
465.0  0.99329889 0.04162139 -0.00335082 -0.00705088 -0.00662117 -0.00393184 0.00107084 0.03220421 0.00430031 0.01358219
465.5  -0.55928986 0.01760348 -0.01431524 0.01314306 -0.00485774 0.02091640 0.01563423 0.04087147 -0.01539671 -0.00478677
466.0  -0.46748403 -0.01910849 -0.01003655 -0.00253642 0.00496317 0.03485572 0.02396995 0.04546256 0.01388819 -0.00242043
466.5  0.99604730 -0.04324895 0.00406327 -0.01210951 0.00799533 0.02953216 0.02256739 0.03806365 -0.02207824 0.00634696
467.0  -0.42435641 -0.03794721 0.01429011 0.01138869 0.00155838 0.00693248 0.01795468 0.02574452 0.02033312 -0.01262460
467.5  -0.59896776 -0.00757054 0.00986461 0.00268671 -0.00616463 -0.01973092 0.00893492 0.00532607 -0.02100584 0.01724254
468.0  0.98883291 0.02747004 -0.00437731 -0.01261640 -0.00596518 -0.03882214 0.00150757 -0.01747649 0.01572597 -0.02023739
468.5  -0.42203544 0.04330181 -0.01375201 0.00548263 0.00321965 -0.03667440 -0.00114094 -0.03758225 -0.00413704 0.02418093
469.0  -0.51839989 0.03886523 -0.01193137 0.00992495 0.00939131 -0.00900184 0.00092383 -0.04545202 -0.00516009 -0.01841471
469.5  0.99508879 0.01848458 -0.00151186 -0.00696211 -0.00293585 0.02477651 0.00295742 -0.03607508 0.01688738 0.00987794
470.0  -0.59239341 -0.01578095 0.01259679 -0.00501084 -0.00826102 0.04072740 0.00134027 -0.01574414 -0.01833539 0.00112736
470.5  -0.35397664 -0.03920878 0.01501181 0.01336442 -0.01485673 0.03805756 -0.00381181 0.01050266 0.01724054 -0.01297622
471.0  0.97892974 -0.04202310 0.00619500 -0.00103372 -0.00262721 0.01693318 -0.01227148 0.02911603 -0.01323928 0.02006079
471.5  -0.65707952 -0.03041498 -0.00829438 -0.01098084 0.01093645 -0.01089422 -0.02110471 0.04181665 -0.00209197 -0.02699919
472.0  -0.31351381 0.00164889 -0.01613860 0.00815221 0.00813892 -0.02395416 -0.02548154 0.04225239 0.00481695 0.02672900
472.5  0.97182316 0.03346204 -0.00918146 0.00465475 -0.00371307 -0.02903986 -0.02182721 0.02866699 -0.01893790 -0.02338793
473.0  -0.70738366 0.04215325 0.00453728 -0.01326188 -0.00831945 -0.02711569 -0.01161960 0.01017837 0.01886177 0.01829816
473.5  -0.17628873 0.03964581 0.01447654 0.00105941 0.00112798 -0.01690093 -0.01338496 -0.02967078 -0.01330276 -0.00749070
474.0  0.89251610 0.02310551 0.01434269 0.01190223 0.00831527 -0.00719671 -0.01910058 -0.05066472 0.00612353 -0.00485991
474.5  -0.89739753 -0.00631546 0.00342794 -0.00441870 0.00347305 0.00644129 -0.01664911 -0.04696633 0.01414579 0.02033274
475.0  0.21222758 -0.02645346 -0.00923121 -0.01188007 -0.00599435 0.01919761 -0.01304620 -0.03138164 -0.01557412 -0.02902452
475.5  0.65107715 -0.04124196 -0.01620178 0.00631718 -0.01010699 0.02897659 -0.00225892 0.01151985 0.01754528 0.02914535
476.0  -0.99012088 -0.04453350 -0.01269784 0.00694495 0.00143960 0.02513037 0.00598020 0.04201643 -0.01340521 -0.02290004
476.5  0.43448885 -0.02421908 0.00216668 -0.01321876 0.00986106 0.00665140 0.01029215 0.05191267 -0.00092367 0.01001535
477.0  0.55848252 0.00590339 0.01510886 0.00160587 0.00996032 -0.00908740 0.00802438 0.04722320 0.00483923 0.00157934
477.5  -0.99263088 0.03292244 0.01496718 0.01233640 -0.00311031 -0.02422733 0.00430358 0.02376776 -0.01651190 -0.01236452
478.0  0.42639184 0.04531060 0.00057218 -0.01078070 -0.01428921 -0.03528144 0.01159117 -0.00602705 0.02143910 0.02034397
478.5  0.54050857 0.03414392 -0.01327319 -0.00459861 -0.00754162 -0.02511316 0.02170177 -0.03185802 -0.01937558 -0.02526086
479.0  -0.99614898 0.00867019 -0.01498194 0.01471640 0.00600993 -0.00357874 0.02801410 -0.04270764 0.01140148 0.02742167
479.5  0.58329249 -0.01989315 -0.00761175 -0.00241882 0.01058609 0.01721588 0.02042708 -0.03676514 0.00494220 -0.02118966
480.0  0.31834804 -0.04016895 0.00640495 -0.01487392 0.00051117 0.03487257 -0.00196462 -0.01675689 -0.01673926 0.01217717
480.5  -0.95519532 -0.04335498 0.01601283 0.00970155 -0.00633901 0.03010092 -0.01964740 0.01671192 0.02152251 0.00044468
481.0  0.76851678 -0.02950289 0.01143371 0.00828119 -0.00263221 0.00683587 -0.02473550 0.04239453 -0.01827116 -0.01259528
481.5  0.11691674 0.00104626 -0.00155627 -0.01632129 0.00200763 -0.01455747 -0.02223933 0.04392383 0.00578014 0.01968109
482.0  -0.90237401 0.03164893 -0.01303421 0.00103671 0.00541792 -0.02768930 -0.00253464 0.03314007 0.00385744 -0.02482038
482.5  0.83154288 0.04313249 -0.01365793 0.01550115 0.00004759 -0.01799451 0.02841985 0.01729476 -0.01484018 0.02605224
483.0  0.02154633 0.03518998 -0.00191407 -0.01141577 -0.00787606 0.01896351 0.03307536 -0.00297192 0.02362692 -0.02358924
483.5  -0.84076928 0.00947964 0.01191856 -0.00917962 -0.00430082 0.03375445 0.01526624 -0.02846369 -0.02768043 0.01747559
484.0  0.92439531 -0.02366358 0.01636491 0.01426053 0.00696980 0.01777895 -0.02852466 0.04010191 0.01101801 -0.00665813
484.5  -0.27190675 -0.03988570 0.00686166 0.00148247 0.01037837 -0.01611098 -0.02422967 -0.02825631 0.00669717 -0.00567747
485.0  -0.57358525 -0.04180165 -0.00767910 -0.01327144 -0.00332330 -0.03845786 -0.00407968 -0.00659548 -0.01341824 0.01619648
485.5  0.99368088 -0.03010419 -0.01535438 -0.00872564 -0.00980965 -0.02276177 0.02273246 0.03583502 0.00946060 -0.02201378
486.0  -0.66113021 0.00185808 -0.01285853 0.00655573 0.00121915 0.01500355 0.02514636 -0.04821716 -0.00001321 0.02321977
486.5  -0.23094034 0.02998452 0.00167168 0.01244393 0.00832232 0.03431948 0.00414382 0.04075568 -0.00811968 -0.01994049
487.0  0.94520217 0.04152797 0.01539521 0.00026823 0.00520217 0.03244300 -0.01767898 -0.02108914 0.01252895 0.01597390
487.5  -0.73559575 0.03251421 0.01307969 -0.01176744 -0.00458982 0.01220463 -0.02816151 0.00015567 -0.01290315 -0.01048313
488.0  -0.25242289 -0.00435044 -0.00352793 -0.00792675 -0.01303457 -0.01653302 -0.02579235 0.02129588 0.01046594 0.00539545
488.5  0.97058441 -0.03873052 -0.01668922 0.00297513 -0.00694487 -0.03362824 -0.01145247 -0.03866788 -0.00726117 -0.00173027
489.0  -0.66199167 -0.04018202 -0.01068135 0.01220478 0.00482284 -0.03419517 0.01038989 0.04663801 0.00211622 -0.00067936
489.5  -0.31744261 -0.01895813 0.00601169 0.01266204 0.00732934 -0.01614555 0.02545100 -0.04621910 0.00410586 0.00369169
490.0  0.97490438 0.01349854 0.01667502 -0.00398471 0.00353595 0.01034195 0.02981523 0.02951605 -0.01004058 -0.00804919
490.5  -0.66865571 0.04115269 0.01057345 -0.01742212 -0.00205152 0.03277316 0.01472062 -0.00629385 0.01448742 0.01455058
491.0  -0.31772451 0.03870586 -0.00731352 -0.00813932 -0.00688570 0.03560427 -0.00905148 -0.01730047 -0.01085309 -0.01652200
491.5  0.98372728 0.00935317 -0.01749271 0.00975424 -0.00336616 0.01358517 -0.02719939 0.03927689 0.00170558 0.01648142
492.0  -0.57412129 -0.02613514 -0.00734064 0.01684909 0.00453794 -0.01549922 -0.03278393 -0.04261465 0.01498668 -0.01563048
492.5  -0.49407178 -0.04289343 0.01172880 0.00494354 0.00582749 -0.03497518 -0.00986709 0.03333247 -0.03424779 0.01362888
493.0  0.99272519 -0.02651065 0.01640907 -0.01049401 0.00487149 -0.03467905 0.00580263 -0.01313881 0.03971498 -0.01208072
493.5  -0.36114899 0.00767275 0.00210878 -0.01463931 -0.00218907 -0.02688995 0.02130958 -0.00836391 -0.02621254 0.00989743
494.0  -0.64826246 0.03576499 -0.01461951 -0.00212875 -0.00510809 -0.00861558 0.03260572 0.01220922 0.00549880 -0.00774974
494.5  0.98187944 -0.04376487 -0.01464380 0.01385240 -0.00322545 0.01561500 0.03352771 -0.01308713 0.02068577 0.00439184
495.0  -0.40715719 0.02973323 -0.00165691 0.01226586 0.00147286 0.03256434 0.02237387 0.00141980 -0.04061955 0.00041631
495.5  -0.49612878 0.00126339 0.01136907 -0.01071959 0.00870046 0.03552586 0.00054751 0.01307862 0.04714166 -0.00529149
496.0  0.98783230 -0.03641757 0.01611541 -0.01459272 0.00507111 0.01646454 -0.02334361 -0.01911928 -0.03747702 0.01069509
496.5  -0.68503918 0.05846359 0.00742367 0.00356482 -0.00936979 -0.01215045 -0.03610009 0.01774179 0.01445735 -0.01291713
497.0  -0.20260331 -0.05322558 -0.00602031 0.01089187 -0.00818472 -0.03137308 -0.02994150 -0.00302555 0.01181670 0.01286220
497.5  0.92984539 0.01635279 -0.01554121 0.00511443 0.00155144 -0.03360498 -0.01181833 -0.01356638 -0.03168260 -0.00979634
498.0  -0.78207934 0.03308473 -0.01141025 -0.00575315 0.00971355 -0.01978076 0.01173012 0.02529965 0.04265401 0.00808651
498.5  -0.13313874 -0.06237665 0.00284944 -0.01117957 0.00861683 0.00699101 0.03168639 -0.02968338 -0.04172358 -0.00209528
499.0  0.91165433 0.05401352 0.01526375 0.00276744 -0.00562851 0.02733752 0.03782310 0.02101994 0.02875610 -0.00427577
499.5  -0.83015949 -0.01832056 0.01502089 0.01325398 -0.01291292 0.03206836 0.02546613 0.00071367 -0.00723610 0.00989313
500.0  0.01803655 -0.02100581 0.00248289 0.00203551 0.00055245 0.02155754 0.00187674 -0.02017178 -0.01886732 -0.01445942
500.5  0.80116907 0.04526532 -0.01256109 -0.01073732 0.01369831 -0.00682013 -0.02623768 0.03048591 0.03832357 0.01461957
501.0  -0.94424824 -0.04871021 -0.01686284 -0.00818914 0.00716621 -0.03236145 -0.03512798 -0.02857067 -0.04092986 -0.01048671
501.5  0.26191596 0.03426650 -0.00901353 0.00490485 -0.00908749 -0.03556088 -0.01953518 0.00603850 0.02984074 0.00461184
502.0  0.68031209 -0.00950103 0.00576547 0.01127829 -0.01340774 -0.02077746 0.00081233 0.01376531 -0.00508001 0.00084109
502.5  -0.96819811 -0.01693904 0.01657301 0.00251255 -0.00212862 0.00990757 0.01410375 -0.02777792 -0.01849656 -0.00623088
503.0  0.24364603 0.03617389 0.01192010 -0.00203385 0.01661112 0.04603331 0.00412603 0.03707125 0.02391489 0.00900403
503.5  0.75056966 -0.03975011 -0.00394543 -0.00248291 0.01527257 0.04641981 -0.00659950 -0.04523874 -0.01442981 -0.01025320
504.0  -0.92678201 0.02365347 -0.01581803 -0.00198100 -0.00353130 0.03385124 -0.00904575 0.02610121 0.01370588 0.01120736
504.5  0.12959920 0.00574386 -0.01182746 -0.00246131 -0.01750332 0.00066440 -0.01223584 -0.00247652 -0.01449068 -0.01362109
505.0  0.77462821 -0.03251013 0.00275069 0.00052044 -0.01072196 -0.03667498 -0.00021580 -0.02513912 0.01528674 0.01061194
505.5  -0.95318578 0.04450489 0.01369144 0.00367582 0.01134289 -0.04782189 0.01294423 0.04646910 -0.01280586 -0.00365153
506.0  0.33335615 -0.03877186 0.01537860 0.00086921 0.01755107 -0.02266011 0.02116596 -0.04176806 0.00568271 -0.00337405
506.5  0.54099111 0.01886725 0.00605739 -0.00125842 -0.00384033 0.01896080 0.01223429 0.01576468 0.00417629 0.00934235
507.0  -0.99315534 0.00742082 -0.00869408 -0.00148897 -0.01888696 0.04444738 -0.00677038 0.01858680 -0.01431385 -0.01217917
507.5  0.64493296 -0.03098235 -0.01620847 -0.00053734 -0.00847385 0.03431883 -0.02251069 -0.04236042 0.02051493 0.00893596
508.0  0.26774779 0.04359222 -0.01172041 0.00161326 0.01410405 -0.00418445 -0.02123532 0.04573378 -0.02122062 -0.00677136
508.5  -0.95230381 -0.03797581 0.00287739 -0.00168336 0.01822787 -0.03552657 -0.01013058 -0.02629796 0.01544893 0.00465087
509.0  0.75707375 0.01454593 0.01523407 -0.00452710 0.00012177 -0.04119188 0.00894150 -0.00499732 -0.00374699 -0.00209635
509.5  0.12196820 0.01742592 0.01387808 -0.00232660 -0.01735050 -0.02288493 0.02698334 0.02944569 -0.01114241 -0.00118798
510.0  -0.87655323 -0.04458683 0.00134092 -0.00451122 -0.01568048 0.01472868 0.01659360 -0.04619750 0.02512378 0.00379024
510.5  0.90512753 0.05354315 -0.01306215 0.00624241 0.00427401 0.03887862 0.00888381 0.03053352 -0.03142603 -0.00577060
511.0  -0.22768663 -0.03823785 -0.01601661 0.01473453 0.01124886 0.03702592 0.01718335 0.00392065 0.01921408 0.01110508
511.5  -0.63366534 0.00188263 -0.00678574 -0.00155063 0.00436606 0.02688502 0.00974291 -0.01633030 0.01705227 -0.01075848
512.0  0.99218304 0.04140157 0.00800414 -0.01487996 -0.00316766 0.01432479 0.02115335 -0.01026535 -0.04428829 0.00990608
512.5  -0.46822259 -0.06484425 0.01736970 -0.00992506 -0.00748951 -0.00411163 -0.00436725 0.04728207 0.04209353 -0.00596170
513.0  -0.53874162 0.04401984 0.00821729 0.00657007 -0.00442450 -0.01846739 -0.00774915 -0.05468672 -0.02290975 0.00364794
513.5  0.98831347 0.01343120 -0.01091689 0.01561028 0.00100892 -0.02545311 0.00641361 0.04158845 0.00221797 -0.00190485
514.0  -0.30470103 -0.06217873 -0.01741483 0.00847306 0.00500007 -0.02065149 -0.00647596 -0.01754389 0.01183927 -0.00002076
514.5  -0.74443890 0.05697298 -0.00259389 -0.00606749 0.00657408 -0.00786424 -0.00185035 -0.01065729 -0.01645470 0.00216234
515.0  0.90828792 -0.00369197 0.01546111 -0.01470849 0.00513345 0.00835063 0.00774648 0.03713051 0.01419356 -0.00433373
515.5  -0.03311531 -0.04989777 0.01490577 -0.00932018 0.00003909 0.02323295 -0.00946559 -0.05726499 -0.00693230 0.00605050
516.0  -0.86268952 0.06354653 -0.00240482 0.00821502 -0.01150807 0.02422468 0.00928241 0.06616964 -0.00428578 -0.00722987
516.5  0.85707036 -0.03388764 -0.01623613 0.01372155 -0.01187719 0.01672927 -0.00374113 -0.05734682 0.01436256 0.00495114
517.0  0.00381480 -0.01480627 -0.01374926 0.00023367 0.00886768 -0.00317375 -0.00600827 0.03622672 -0.02151168 -0.00236357
517.5  -0.86549745 0.05243646 0.00237027 -0.00706326 0.01665813 -0.01724453 0.01260519 -0.00710246 0.02149412 0.00141850
518.0  0.84312287 -0.05652704 0.01760642 -0.00583001 0.00345166 -0.02250324 -0.01524170 -0.02183047 -0.01435953 -0.00263284
518.5  0.09534576 0.02342354 0.01223152 -0.00067009 -0.00975739 -0.02120707 0.01224726 0.03942184 0.00302623 0.00418357
519.0  -0.93474661 0.02559499 -0.00702264 0.00591411 -0.01485652 -0.00854423 -0.00578436 -0.05188340 0.00974154 -0.00352027
519.5  0.71823553 -0.05622572 -0.01760916 0.00525677 -0.00280679 0.00540684 -0.00399941 0.05612320 -0.02050698 0.00096402
520.0  0.27031594 0.04975462 -0.00980020 -0.00163947 0.01636823 0.01633003 0.01592154 -0.04861785 0.03039921 0.00439181
520.5  -0.96038615 -0.01495180 0.00825550 -0.00359063 0.01386986 0.02013327 -0.02046922 0.02674199 -0.03538302 -0.01129515
521.0  0.75318226 -0.02528155 0.01735693 -0.00256811 -0.00980395 0.01874405 -0.00934961 0.00476905 0.02929836 0.01416130
521.5  0.08542237 0.05228192 0.01300741 -0.00026663 -0.01878397 -0.00113533 0.00128624 -0.03562215 -0.00862802 -0.01597270
522.0  -0.84811777 -0.05641520 -0.00137462 0.00257229 -0.00032998 -0.01957882 0.00765789 0.04734637 -0.02158237 0.01222525
522.5  0.91785107 0.03668621 -0.01545479 0.00333258 0.01790220 -0.02649864 0.01067562 -0.03265270 0.04679502 -0.00480927
523.0  -0.19258535 -0.00090922 -0.01655392 -0.00102684 0.00938466 -0.02159803 0.00551639 0.00550004 -0.05104898 0.00066831
523.5  -0.72805401 -0.03474589 -0.00467328 -0.00298577 -0.01154895 -0.00247210 -0.00185898 0.02091119 0.03753367 0.00560210
524.0  0.95237639 0.05209786 0.01238379 -0.00164900 -0.01509102 0.01823973 0.00083317 -0.03371342 -0.01398384 -0.01008684
524.5  -0.21286097 -0.04348778 0.01795857 0.00352204 0.00365775 0.02669763 -0.00717443 0.03175713 -0.01267463 0.01217598
525.0  -0.74064039 0.01488971 0.00760464 0.00767842 0.01572486 0.02595587 -0.00654102 -0.01389487 0.03829015 -0.01606577
525.5  0.95237646 0.01818096 -0.00785194 -0.00070248 0.00703991 0.00914487 -0.01448294 -0.01810123 -0.04670373 0.01929931
526.0  -0.27844674 -0.04212214 -0.01855093 -0.01220542 -0.00942232 -0.00490545 0.00669231 0.04432677 0.03126811 -0.01799605
526.5  -0.61674317 0.05016196 -0.01437355 -0.00588618 -0.01200216 -0.00808283 0.01722052 -0.04488420 -0.00328650 0.01043604
527.0  0.99566998 -0.04184273 -0.00038397 0.01127606 0.00520235 -0.00878018 0.02871790 0.01174133 -0.02251932 0.00105188
527.5  -0.59213598 0.02039899 0.01235923 0.01064870 0.01384810 0.00199927 0.02228288 0.01985238 0.03460199 -0.01229062
528.0  -0.28876491 0.00880166 0.01806095 -0.00749552 -0.00002079 0.00517752 -0.00412909 -0.04659172 -0.03027522 0.02045377
528.5  0.94871048 -0.03621388 0.01073553 -0.01569350 -0.01089118 0.00660325 -0.01665089 0.05042153 0.01443337 -0.02568901
529.0  -0.76052976 0.05019892 -0.00526699 -0.00090088 -0.00540805 0.01040671 -0.02547427 -0.02938829 0.00596707 0.02425723
529.5  -0.17297050 -0.04211752 -0.01737927 0.01640519 0.00262364 0.00013823 -0.02427225 0.00051404 -0.02048258 -0.01855592
530.0  0.93719808 0.01425857 -0.01460192 0.01105172 0.00702528 -0.00698695 -0.00786991 0.03108038 0.02690204 0.01004344
530.5  -0.76948152 0.01953028 0.00116873 -0.00869228 0.00474949 -0.00739001 0.01104003 -0.05177917 -0.01987362 -0.00017371
531.0  -0.11104813 -0.04375282 0.01482110 -0.01490519 -0.00456909 -0.01901989 0.01967695 0.04840146 0.00278749 -0.00971242
531.5  0.87235478 0.05019384 0.01697104 -0.00243271 -0.00855577 -0.01191683 0.01963124 -0.02349563 0.01133999 0.01908732
532.0  -0.90644747 -0.03812877 0.00764270 0.01419094 -0.00556708 0.00207207 0.01218121 -0.01779979 -0.01305365 -0.02495635
532.5  0.21458303 0.01192913 -0.00867566 0.01162671 -0.00091785 0.02086642 -0.00287096 0.04804699 -0.00281414 0.02569090
533.0  0.66295365 0.02055003 -0.01808214 -0.00298495 0.01364642 0.02658122 -0.00707844 -0.04778667 0.02093012 -0.02356822
533.5  -0.98652973 -0.04669253 -0.01269132 -0.01096655 0.01172560 0.00968286 -0.01088461 0.02676179 -0.02813843 0.01829882
534.0  0.40292846 0.05094923 0.00297330 -0.00543812 -0.00524603 -0.00753608 -0.01107686 0.00568508 0.02363795 -0.01295436
534.5  0.58689686 -0.02684738 0.01642581 0.00489307 -0.01678298 -0.02340134 -0.00650296 -0.03299827 -0.00873407 0.00624720
535.0  -0.98880255 -0.01404193 0.01423704 0.00741550 -0.01011407 -0.02414067 0.00069778 0.04621840 -0.00952747 0.00194627
535.5  0.39043107 0.04707342 -0.00189904 0.00353842 0.00939732 -0.00871237 0.00818462 -0.04121129 0.02673123 -0.00989466
536.0  0.57536094 -0.05140035 -0.01671491 -0.00633344 0.01851794 0.00802526 0.01146440 0.01894362 -0.03673031 0.01710462
536.5  -0.99559330 0.02793035 -0.01595822 -0.00711362 0.00845634 0.02107523 0.01009619 0.01370760 0.03391384 -0.02291440
537.0  0.57983147 0.00756497 -0.00134181 0.00134284 -0.01164426 0.01921850 0.01066900 -0.04054617 -0.01737798 0.02706086
537.5  0.26823962 -0.03782197 0.01315993 0.01162766 -0.01957880 0.00900348 -0.01421556 0.04217642 -0.00717852 -0.02548419
538.0  -0.91065184 0.05118056 0.01746446 0.00448733 0.00127932 -0.00757402 -0.01304646 -0.02330391 0.02811213 0.01974057
538.5  0.88383041 -0.04291395 0.00974229 -0.01275745 0.01872328 -0.01426170 -0.01607292 -0.00847358 -0.03955500 -0.00934577
539.0  -0.15845754 0.01460020 -0.00767426 -0.00879963 0.00748768 -0.01247466 -0.01925736 0.02920282 0.03559595 0.00005257
539.5  -0.72770403 0.02241442 -0.01832565 0.00685616 -0.00762545 -0.00744958 0.00745105 -0.03741920 -0.03052731 0.00907546
540.0  0.96064099 -0.04796871 -0.01102932 0.01767895 -0.00842353 0.00046276 -0.00363438 0.04146738 0.00053670 -0.01440562
540.5  -0.26359307 0.04386609 0.00748129 0.00488216 0.00343724 0.00996490 0.00377237 -0.02417406 0.02484057 0.01809142
541.0  -0.68581240 -0.01290946 0.01834283 -0.01479230 -0.00095878 0.01366365 -0.00314817 -0.00322708 -0.03760915 -0.02049891
541.5  0.97804866 -0.02478421 0.01054918 -0.01434796 -0.00656161 0.00859611 0.00140868 0.03061279 0.03799097 0.02316201
542.0  -0.39166295 0.04780165 -0.00624850 0.00630057 -0.00066816 0.00642680 -0.00039384 -0.04790406 -0.02586900 -0.02192662
542.5  -0.53029212 -0.04513293 -0.01740078 0.01880128 0.00530791 -0.00781517 -0.00250389 0.04665521 0.00471007 0.01998022
543.0  0.99555268 0.01818089 -0.01272746 0.00359051 0.00305218 -0.01252330 0.00356083 -0.02882372 0.01629279 -0.01499874
543.5  -0.55150645 0.01988928 0.00431946 -0.01643375 -0.00418774 -0.01085897 -0.00399174 0.00026811 -0.03002179 0.01155562
544.0  -0.45809163 -0.04679894 0.01702368 -0.01423016 -0.00509632 -0.01097839 -0.00212793 0.02519086 0.03368205 -0.00740434
544.5  0.99589992 0.04183859 0.01188003 0.00564762 0.00041019 -0.00128750 0.00977083 -0.04450256 -0.02987639 0.00308905
545.0  -0.37906592 -0.00618234 -0.00652058 0.01796702 0.00365721 0.00395050 -0.01545257 0.05491303 0.02076663 0.00095710
545.5  -0.70479551 -0.03340495 -0.01740065 0.00855553 0.00208045 0.01203126 0.01690878 -0.05553371 -0.00809697 -0.00463361
546.0  0.92325876 0.04711004 -0.00790597 -0.01216161 -0.00218510 0.01237548 -0.01330581 0.04581384 -0.00466398 0.00751115
546.5  -0.04660464 -0.02795239 0.01011969 -0.01837356 -0.00431310 0.01369555 0.00333337 -0.02640925 0.01551655 -0.01132633
547.0  -0.86205080 -0.00734893 0.01716220 0.00096529 -0.00217446 0.00904945 0.00957114 0.00130196 -0.02207409 0.01592729
547.5  0.86477653 0.03703117 0.00845387 0.01914271 0.00234798 0.00029476 -0.02136197 0.02388098 0.02272141 -0.02105523
548.0  -0.04687999 -0.04762303 -0.00749918 0.00798249 0.00431846 -0.00905391 0.02776330 -0.04292482 -0.01423128 0.02474601
548.5  -0.80393705 0.03651350 -0.01698384 -0.01620885 -0.00386170 -0.01249150 -0.02573392 0.04948564 -0.00091900 -0.02137921
549.0  0.93148132 -0.00894344 -0.01219110 -0.01457920 -0.00478596 -0.01337754 0.01283034 -0.04104343 0.01479352 0.01366337
549.5  -0.18474470 -0.02293229 0.00173260 0.01019866 0.00009299 -0.00442008 0.00684658 0.02391135 -0.02071028 -0.00266944
550.0  -0.76293003 0.04319903 0.01458058 0.02040224 0.00436286 0.00074601 -0.02781727 -0.01029707 0.00841979 -0.00867723
550.5  0.92137682 -0.04077213 0.01477956 0.00088236 0.00394747 0.01023588 0.04129237 -0.01098809 -0.01377171 0.01740983
551.0  -0.08703001 0.01753601 0.00092491 -0.01647647 0.00950743 0.00591671 -0.04133704 0.03564539 0.02256035 -0.02351566
551.5  -0.83059866 0.01216670 -0.01377668 -0.01275650 0.00726776 0.01684161 0.01722635 -0.05013052 -0.02685124 0.02316430
552.0  0.89569775 -0.03410516 -0.01592576 0.00471022 -0.01069714 0.00769365 0.00694307 0.04423112 0.02961474 -0.01833847
552.5  -0.11871530 0.04101293 -0.00532105 0.01284806 -0.01214557 -0.00423763 -0.03153752 -0.01928221 -0.02530246 0.00724673
553.0  -0.75200349 -0.03358640 0.00929486 0.00215566 0.00173876 -0.01071620 0.03740534 -0.01645677 0.01164495 0.00460801
553.5  0.96255270 0.01467674 0.01586610 -0.01177384 0.01463612 -0.01325829 -0.01830377 0.04502956 0.00626787 -0.01131633
554.0  -0.30936740 0.01072096 0.01148812 -0.00857784 0.00793558 -0.00540202 -0.00985348 -0.05322398 -0.02213681 0.01258562
554.5  -0.65298208 -0.03358497 -0.00158252 0.00974235 -0.01404146 0.00454440 0.03116859 0.04128318 0.03028208 -0.01076983
555.0  0.97315112 0.04252765 -0.01462395 0.01385895 -0.01484325 0.01118162 -0.03604308 -0.01845416 -0.03238072 0.00944286
555.5  -0.25534032 -0.02973539 -0.01395826 -0.00272279 0.00517033 0.01360173 0.02347707 -0.00769749 0.02743175 -0.00909242
556.0  -0.74704143 -0.00079331 -0.00032165 -0.01326781 0.01551845 0.00637572 -0.00173124 0.03250599 -0.02132046 0.00720919
556.5  0.92817398 0.03139853 0.01382286 -0.00750238 0.00838481 -0.00516149 -0.02190893 -0.04962767 0.01444635 -0.00189860
557.0  -0.14044626 -0.04471140 0.01462040 0.00696125 -0.01202762 -0.00910413 0.03737085 0.05244324 -0.00716119 -0.00681693
557.5  -0.75971274 0.03584489 0.00250995 0.01124098 -0.01485796 -0.01545059 -0.03299221 -0.03612061 -0.00227190 0.01676988
558.0  0.96370398 -0.01205531 -0.00961445 0.00142553 0.00130361 -0.00745068 0.01405630 0.00201516 0.01493881 -0.02329441
558.5  -0.38670013 -0.01481224 -0.01625262 -0.00411439 0.01262917 0.00964674 -0.00358361 0.03684785 -0.02992858 0.02493859
559.0  -0.47594495 0.03546139 -0.01110734 -0.00536281 0.01503446 0.00619003 -0.00538599 -0.05195497 0.04856398 -0.02337518
559.5  0.98135770 -0.04351935 0.00286066 -0.00135007 -0.00997303 0.00036215 -0.02261975 0.01593188 -0.04980015 0.01632444
560.0  -0.72162251 -0.03496336 0.01294244 0.00010110 -0.02326571 -0.01386124 -0.00705581 -0.01054530 0.01098101 -0.00935548
560.5  -0.15531106 -0.01150073 0.01357480 0.00368048 0.00009004 -0.00392931 0.00728991 0.01473596 0.03180834 -0.00099817
561.0  0.91084298 0.01910976 0.00246942 0.00342521 0.01850958 0.01259159 0.01519887 -0.01376290 -0.05999746 0.01009681
561.5  -0.82590250 0.04005469 -0.01153228 0.00102351 0.01578636 0.01849818 0.01297197 0.00929599 0.06693791 -0.01880487
562.0  -0.01487343 0.04001172 -0.01438188 -0.00303671 -0.00234551 0.01515963 0.00422490 0.00150057 -0.05301832 0.02437443
562.5  0.82421231 0.02117772 -0.00508808 -0.00598153 -0.01877209 -0.00178260 -0.00762627 -0.01192212 0.01979983 -0.02662225
563.0  -0.94157513 -0.00924160 0.00901809 -0.00118054 -0.01004198 -0.01984097 -0.01219522 0.01810919 0.02266710 0.02350747
563.5  0.32382951 -0.03222810 0.01460891 0.00403085 0.01227838 -0.01994238 -0.00853620 -0.01337274 -0.05652009 -0.01957040
564.0  0.54848424 -0.04218361 0.00903892 0.00447390 0.01634997 -0.00811648 0.00377698 -0.00015870 0.06608061 0.01302156
564.5  -0.99475187 -0.03534109 -0.00307544 -0.00179872 -0.00251778 0.01225689 0.00224344 0.01379585 -0.04819266 -0.00456161
565.0  0.58110389 -0.00358123 -0.01465567 -0.00520813 -0.01870562 0.02337151 -0.00906911 -0.01963375 0.01096541 -0.00393464
565.5  0.40424625 0.02821069 -0.01103966 -0.00383323 -0.01084303 0.01622196 -0.01265515 0.00241419 0.02711879 0.01092730
566.0  -0.99356817 0.04116991 0.00441967 0.00436400 0.00756191 0.00217092 -0.01495415 0.03508504 -0.03656715 -0.01631976
566.5  0.50884896 0.02966734 0.01449662 0.01528910 0.00861606 -0.00664883 0.00410460 -0.05693454 0.03284974 0.02181531
567.0  0.53419593 -0.00637840 0.00900848 0.00760547 0.00207035 -0.01897399 -0.02264915 0.05466089 -0.02572340 -0.02521859
567.5  -0.99298198 -0.03838912 -0.00705038 -0.00921164 -0.00147122 -0.01837729 -0.00895698 -0.04277102 0.01796088 0.02733895
568.0  0.44002401 -0.04084490 -0.01494024 -0.01472209 -0.00062665 -0.00677508 0.01697182 0.01235843 -0.00260862 -0.02501439
568.5  0.51283328 -0.02180128 -0.00845565 -0.00148526 0.00058297 0.00662318 -0.01378032 0.01488754 -0.02237870 0.02114306
569.0  -0.99383235 0.00672796 0.00491362 0.01513334 -0.00375416 0.01716824 0.00225029 -0.02169758 0.05053014 -0.01600042
569.5  0.62296890 0.03464027 0.01516602 0.00826614 -0.00835375 0.01987488 0.01323792 0.00969446 -0.06504654 0.00990995
570.0  0.28861530 0.04352301 0.01102700 -0.00293345 0.01063077 0.00630864 -0.01885319 0.00311719 0.05864181 -0.00524876
570.5  -0.95884427 0.02873313 -0.00364809 -0.00511926 0.01677095 -0.00963445 0.01543358 -0.00681381 -0.04029088 -0.00434464
571.0  0.71498702 -0.00171291 -0.01456854 -0.00165930 0.00032091 -0.01385410 -0.00547614 0.00171073 0.01953732 0.01371976
571.5  0.26937479 -0.03290637 -0.01086550 0.00505520 -0.01687787 -0.01772781 -0.01137521 0.00799780 -0.00022513 -0.02096185
572.0  -0.97310564 -0.04300577 0.00444551 0.00486603 -0.01242116 -0.01043940 0.02124789 -0.01744741 -0.02416856 0.01695975
572.5  0.65585280 -0.02700706 0.01491733 -0.00308111 0.00838390 0.00892602 -0.02287988 0.02419816 0.04136518 -0.01292583
573.0  0.30562951 0.00352970 0.01111369 -0.00490431 0.01545721 0.01348662 0.01351717 -0.02486723 0.05609794 0.01381205
573.5  -0.96119945 0.03128862 -0.00180997 -0.00219933 0.00265630 0.01472561 0.00410115 0.02283459 0.06333718 -0.00590259
574.0  0.75651280 0.04174493 -0.01395711 0.00341908 -0.01392140 0.00772873 -0.01800669 -0.01215427 0.05949912 0.00227992
574.5  0.10761940 0.03632044 -0.01365103 0.00941468 -0.01123877 -0.01216955 0.02274080 0.00098219 0.04570665 0.00709766
575.0  -0.88698284 -0.01408707 -0.00319120 -0.00430534 0.00901327 -0.01659337 -0.01410138 0.01103267 0.02221864 -0.01220660
575.5  0.84624789 -0.01224516 0.01043213 -0.01260583 0.01498746 -0.00803043 -0.00209060 -0.01884375 -0.00752035 0.02097193
576.0  0.04739376 0.03507003 0.01517142 0.00352270 -0.00088141 0.00126025 0.01555544 0.02203704 -0.02327963 -0.03183956
576.5  -0.90440947 -0.04530815 0.00478044 0.00947200 -0.01604190 0.01534819 -0.02366534 -0.01866156 -0.05173422 0.02207437
577.0  0.77799842 0.03387368 -0.01087322 0.00359315 -0.00970494 0.02157675 0.02380463 0.02026325 -0.05825547 -0.03242760
577.5  0.19448451 -0.00142341 -0.01543384 -0.00273609 0.00984899 0.01296096 -0.01288842 -0.00581566 -0.06802012 0.01786581
578.0  -0.94807708 -0.03737841 -0.00549669 -0.00453137 0.01767052 0.00093754 -0.00106014 0.00630028 -0.05886811 -0.01495908
578.5  0.74792551 0.05993494 0.00990671 -0.00261491 0.00183741 -0.01170783 0.01708190 0.01784706 -0.03698624 0.00145230
579.0  0.13534676 -0.05419547 0.01575063 -0.01100527 -0.01102917 -0.01430762 -0.02420942 -0.02506131 -0.00776173 0.00901026
579.5  -0.88394838 0.02182867 0.00943588 -0.00339831 -0.01096192 -0.02325280 0.01252459 0.01437233 0.03853342 -0.02405957
580.0  0.88356467 0.02137181 -0.00301478 0.01111673 0.00227156 -0.01209654 -0.00181621 -0.01700758 0.06305782 0.03286983
580.5  -0.13066652 -0.05535662 -0.01506024 0.01133291 0.01423166 0.00748619 -0.01958806 -0.00864592 0.06453425 -0.03400257
581.0  -0.75538742 0.06316948 -0.01532770 -0.00876076 0.00228778 0.01739960 0.02394877 0.01134490 0.05530811 0.02493683
581.5  0.94219086 -0.03854467 -0.00212924 -0.01560845 -0.01014583 0.02193165 -0.01962932 -0.01680961 0.03013919 -0.01413339
582.0  -0.18629815 -0.00453087 0.01261027 0.00064561 -0.00810435 0.01574355 0.00446951 0.01670249 -0.00255924 0.00169436
582.5  -0.76219806 0.04166093 0.01656030 0.01357073 0.00261824 -0.00167224 0.01522469 -0.01112378 -0.03034903 0.01050042
583.0  0.93724583 -0.05432600 0.00508022 0.01092683 0.00986966 -0.01737429 -0.02645141 0.00536557 -0.05246699 -0.02220934
583.5  -0.22857118 0.04187070 -0.00957220 -0.00526557 0.00955412 -0.01869371 0.02697424 0.00674097 -0.06918250 0.02965670
584.0  -0.65768227 -0.01511672 -0.01625306 -0.01698497 -0.00206755 -0.00648814 -0.00733376 -0.01291619 -0.06612255 -0.03521747
584.5  0.99161055 -0.01667625 -0.01258495 -0.00441343 -0.01013930 0.00941678 -0.01483350 0.01856310 -0.04172101 0.03144285
585.0  -0.54394572 0.04219633 0.00259971 0.01600577 -0.00617413 0.01999292 0.02712750 -0.01072722 -0.00270996 -0.01750659
585.5  -0.34276388 -0.05150012 0.01488073 0.01113062 0.00337802 0.00877001 -0.01867945 -0.00150400 0.03681338 0.00401263
586.0  0.96161077 0.03802459 0.01486332 -0.01088375 0.01006539 -0.01149001 -0.00417247 0.01000316 0.06411966 0.00758838
586.5  -0.73677504 -0.00418533 0.00399353 -0.01859073 0.00462919 -0.01911361 0.01739981 -0.02232547 0.07000007 -0.01797890
587.0  -0.18616302 -0.03139783 -0.01178258 -0.00296095 -0.00780409 -0.01333807 -0.02782854 0.01519767 0.05858480 0.02268182
587.5  0.93497079 0.04647722 -0.01673699 0.01762366 -0.01151960 0.00107597 0.01700472 -0.01066506 0.03223844 -0.02762187
588.0  -0.77553335 -0.03338352 -0.00460583 0.01934644 -0.00164167 0.01551561 0.00328383 -0.00278185 -0.00058451 0.02894169
588.5  -0.10497892 0.00490924 0.01172450 -0.00139364 0.01094656 0.02195091 -0.02025539 0.01689130 -0.03616902 -0.02892939
589.0  0.87260243 0.02065297 0.01741991 -0.01765974 0.01425063 0.00943359 0.02932013 -0.01677527 -0.06330929 0.02845496
589.5  -0.90613289 -0.03238495 0.00812621 -0.01237645 0.00113282 -0.00668951 -0.01387358 0.01718352 -0.06825537 -0.02513969
590.0  0.23734405 0.03070055 -0.00735687 0.00352803 -0.01442902 -0.02020837 -0.00899252 -0.00061439 -0.04727879 0.01723008
590.5  0.60875652 -0.02225783 -0.01657370 0.01341886 -0.01349597 -0.02046233 0.02693784 -0.00720171 -0.00564403 -0.00442534
591.0  -0.99534695 0.00831158 -0.01444004 0.00644515 0.00485120 -0.00228680 -0.03200275 -0.00017521 0.03633259 -0.01074698
591.5  0.57390720 0.00937669 0.00181200 -0.00532778 0.01782671 0.01651060 0.01603697 -0.00137219 0.06498224 0.02419772
592.0  0.37019693 -0.02829278 0.01622960 -0.01093524 0.01035095 0.02275235 0.00378990 0.00481628 0.06797759 -0.03041348
592.5  -0.98261529 0.03936670 0.01415159 -0.00352158 -0.00831303 0.01790314 -0.01706116 -0.02309457 0.04915319 0.03272631
593.0  0.62935851 -0.02679194 -0.00078338 0.00735275 -0.02201451 0.00829140 0.01986053 0.02092563 0.02447150 -0.03148793
593.5  0.34039438 -0.00685333 -0.01635156 0.01188013 -0.00915283 -0.00756517 -0.02341227 -0.01283921 -0.01515436 0.02766807
594.0  -0.97160690 0.04292436 -0.01552085 -0.00026040 0.00893381 0.02027890 0.00994438 0.00260802 -0.04697567 -0.02040877
594.5  0.71838044 -0.05660547 0.00014844 -0.01186075 0.01496040 -0.02241475 0.01304092 0.00831113 -0.06582352 0.00766868
595.0  0.15269453 0.03716454 0.01546807 -0.01005687 0.00209034 0.00985517 -0.02863970 -0.00315215 -0.06597169 0.00607372
595.5  -0.89516484 0.00569131 0.01746399 0.00847510 -0.01217577 0.00720067 0.03029321 0.00474346 -0.04255452 -0.01843229
596.0  0.84969108 -0.04850091 0.00315401 0.01679974 -0.00426869 -0.02164902 -0.01495523 -0.00306250 -0.00853621 0.02690484
596.5  0.01139054 0.06353718 -0.01449169 -0.00290283 0.00789507 0.02323825 -0.00896694 0.00291352 0.02758852 -0.02965487
597.0  -0.88362267 -0.03742109 -0.01740566 -0.02050315 0.01023339 0.00203071 0.02616321 -0.01798148 0.05070306 0.03023851
597.5  0.79236341 -0.01436835 -0.00160700 -0.00949619 -0.00017230 -0.02930586 -0.01725990 -0.00463721 0.06327314 -0.02994955
598.0  0.22019066 0.05590105 0.01770292 0.02168791 -0.00739354 0.03478331 0.00175395 -0.01794587 0.06720926 0.02867641
598.5  -0.97397322 -0.05953801 0.01765740 0.02188225 -0.00018536 -0.02492749 0.01635288 -0.00022202 0.06190767 -0.02212920
599.0  0.59069274 0.02446399 -0.00203997 -0.00894648 0.00134594 0.00407400 -0.02072815 0.00264619 0.04342936 0.01751466
599.5  0.44884506 0.02506258 -0.01894336 -0.02374152 -0.00388229 0.01639308 0.01256998 -0.01938292 0.02067009 -0.00562844
600.0  -0.99285780 -0.06156934 -0.01758599 -0.00897521 -0.00649289 -0.02390185 0.00308413 0.02815887 -0.00225213 -0.00208876
600.5  0.51436564 0.06668543 0.00102108 0.01538340 0.00169345 0.01968589 -0.01586430 -0.02901235 -0.03594681 -0.00165665
601.0  0.47730942 -0.03648938 0.01785997 0.01930886 0.01215360 -0.00677770 0.02224218 0.02740776 -0.05623308 -0.01843369
601.5  -0.99257558 -0.01642934 0.01860701 -0.00777369 0.00288920 -0.00755362 -0.01862294 -0.01417104 -0.07276652 0.01574182
602.0  0.47703773 0.06327605 0.00355101 -0.02672238 -0.00876369 0.01700266 0.00854496 0.00661691 -0.07031227 -0.02665096
602.5  0.56722917 -0.07242052 -0.01499247 -0.00581503 -0.00488717 -0.01832726 0.00453562 0.00974701 -0.05906978 0.02570446
603.0  -0.97940252 0.03562489 -0.02050320 0.02516491 -0.00342195 0.01016782 -0.01552815 -0.02060343 -0.03748046 -0.02828110
603.5  0.28008736 0.02091633 -0.00638882 0.01948314 -0.00343656 0.00159382 0.02175986 0.03048149 -0.00989719 0.02569447
604.0  0.71620626 -0.05784931 0.01410798 -0.00986945 0.00743692 -0.01375724 -0.02225577 -0.03191940 0.02437842 -0.02179915
604.5  -0.95464374 0.05981843 0.02269427 -0.02495307 0.01016814 0.02154801 0.01584200 0.02879172 0.04802946 0.01607726
605.0  0.28435362 -0.03804917 0.01205825 -0.00135914 -0.00174628 -0.01587584 0.00170934 -0.00715006 0.06876981 -0.00031546
605.5  0.62407842 0.00967189 -0.00589958 0.02718052 -0.01295192 0.00221168 -0.02090879 0.00143910 0.06868570 -0.00965669
606.0  -0.99188479 0.01458956 -0.01748647 0.00811303 -0.00583480 0.02133044 0.02892180 0.00236388 0.04275049 0.03167447
606.5  0.50023918 -0.03414527 -0.01891466 -0.02406935 0.01043066 -0.03320006 -0.01926416 0.01008927 0.01837523 -0.02438712
607.0  0.45744175 0.04766257 -0.00611679 -0.01367014 0.01030825 0.02276600 0.00596498 -0.01517623 -0.01736470 0.02601923
607.5  -0.99266172 -0.04886758 0.01256520 0.01728798 -0.00876234 -0.00095897 0.00892824 0.00707626 -0.04790071 -0.02467656
608.0  0.52316857 0.02841941 0.01981512 0.01891133 -0.01796835 -0.01323239 -0.02508569 -0.01379746 -0.06744761 0.01977182
608.5  0.50034160 0.01318697 0.01040274 -0.00591770 -0.00031781 0.01975269 0.03746659 -0.00534923 -0.07129133 -0.01425942
609.0  -0.99258153 -0.05518463 -0.00879894 -0.01202936 0.02562717 -0.01228106 -0.03537200 0.00521615 -0.06330285 0.00519291
609.5  0.46158818 0.06978108 -0.02018191 0.00189346 0.01574853 0.00395145 0.01624899 -0.02120940 -0.04037479 0.00455940
610.0  0.50705142 -0.04598316 -0.01429169 0.00547632 -0.01967605 0.00318284 0.01353803 0.02425351 -0.00979249 -0.01304784
610.5  -0.99126933 -0.00252719 0.00198550 -0.00106458 -0.02558842 -0.00450952 -0.03773051 -0.01938644 0.02675180 0.01844147
611.0  0.61273714 0.04920544 0.01805915 -0.00252755 0.00688602 -0.00193440 0.04034950 0.00857464 0.05928663 -0.01875973
611.5  0.27263598 -0.07297566 0.01987148 0.00399629 0.02868661 0.00362104 -0.02028167 0.01148323 0.07066695 0.02059375
612.0  -0.93474375 0.06573877 0.00534555 0.00220310 0.01003891 -0.00376112 -0.01435018 -0.01803152 0.06259075 -0.01375987
612.5  0.80407433 -0.02800416 -0.01190510 -0.00426273 -0.02151956 -0.00247896 0.03817935 0.02006858 0.03394238 0.01053082
613.0  0.04978035 -0.02466041 -0.02009183 -0.00666707 -0.02255036 0.00722471 -0.04107914 -0.01101342 -0.00503755 -0.00248712
613.5  -0.86575064 0.06960947 -0.01102523 0.00178221 0.00230210 -0.00629447 0.02264329 -0.00203998 -0.04086751 -0.00500448
614.0  0.87302744 -0.08038777 0.01009490 0.01053879 0.02658789 0.00207560 0.01046740 0.00892538 -0.06598212 0.01186566
614.5  -0.09767410 0.04628648 0.02032144 0.00605526 0.01959487 0.00802267 -0.03019358 -0.02342280 -0.06888862 -0.01924000
615.0  -0.73543210 0.01442929 0.01355425 -0.00794140 -0.01355621 -0.01623113 0.03807546 0.01831721 -0.04371762 0.02371393
615.5  0.97837676 -0.07358524 -0.00410598 -0.01374900 -0.02746532 0.01347019 -0.01561781 -0.00749663 0.00189709 -0.02384559
616.0  -0.51601667 0.10149972 -0.01800569 0.00211925 -0.00465615 0.00774569 -0.01615007 -0.00685742 0.04839902 0.02342725
616.5  -0.30592556 -0.08283056 -0.01812231 0.01704139 0.01549503 -0.02464789 0.02418835 0.02844316 0.07006955 -0.01646505
617.0  0.92185554 0.02082477 -0.00579183 0.01321714 0.01692481 0.02277513 -0.02030925 -0.02031333 0.05586370 0.00852790
617.5  -0.84280004 0.05922069 0.01167201 -0.00919330 0.00016405 -0.00168998 0.00000582 0.00895325 0.01584236 -0.00115004
618.0  0.04887323 -0.10739304 0.01917552 -0.02001913 -0.01368062 -0.02028859 -0.01448947 0.01659085 -0.02624337 -0.00614307
618.5  0.81109795 0.08611422 0.00885435 -0.00202399 -0.01098830 0.03188397 -0.03127294 0.00853085 -0.06274303 0.01288983
619.0  -0.90088044 -0.00502542 -0.01030989 0.01720311 0.00415411 -0.02351850 -0.03098733 0.00845814 -0.07601122 -0.01899963
619.5  0.10147159 -0.07636425 -0.01927357 0.01553671 0.01548098 0.00192218 -0.00804274 -0.00154372 -0.06641192 0.02310902
620.0  0.79216790 0.09967443 -0.00929926 -0.00574269 0.00528034 0.01948810 0.01280532 -0.00442609 -0.04068416 -0.02546374
620.5  -0.92649548 -0.05886551 0.00881123 -0.02180468 -0.01226235 -0.03229183 0.02542051 -0.00063690 -0.00486182 0.02149909
621.0  0.22750639 -0.01026735 0.01881859 -0.00959084 -0.01363566 0.02452660 0.03100146 0.00589591 0.03562715 -0.01605263
621.5  0.65757101 0.06446138 0.01202074 0.01689346 -0.00081678 0.00009947 0.01884761 0.01986209 0.06125968 0.00889928
622.0  -0.98646128 -0.08162937 -0.00444151 0.01805951 0.01654118 -0.02351366 -0.00305987 0.02904106 0.06917651 0.00267829
622.5  0.47785808 0.06086117 -0.01670831 -0.00711243 0.01386836 0.03291037 -0.02251510 0.02571140 0.06301651 -0.00840017
623.0  0.46514054 -0.01319844 -0.01565482 -0.01921535 -0.00936855 -0.02447945 -0.03093346 0.01333152 0.03861783 0.01709204
623.5  -0.99094817 -0.03776191 -0.00099826 -0.00370570 0.02156919 0.00216767 -0.02584327 -0.00518248 0.00764595 -0.02125649
624.0  0.54396125 0.06879001 0.01534005 0.01623010 -0.00140563 0.01487667 -0.00729336 -0.02548995 -0.01027994 0.02344850
624.5  0.45497845 -0.06304677 0.01656369 0.00955621 -0.02185328 -0.02528613 0.02149276 -0.03508486 -0.04097224 -0.01493724
625.0  -0.99122685 0.02487711 0.00325240 -0.00997011 0.01342853 0.03412744 0.04126444 -0.03014962 -0.05701466 0.00887055
625.5  0.57077817 0.02411844 -0.01310884 -0.01409965 0.01399672 -0.01460913 0.06270285 0.01040473 -0.05036360 -0.00676672
626.0  0.35953538 -0.06038151 -0.01578347 0.00504969 -0.01873172 0.00514687 -0.04707927 0.01380496 -0.02079880 -0.00624489
626.5  -0.96644414 0.06864355 -0.00761585 0.02009210 -0.00696790 0.01790398 0.00171263 0.01152353 0.00782591 0.02084282
627.0  0.72931727 -0.04766369 0.00405602 0.00366989 0.02221506 -0.04785270 0.02559276 -0.00536647 0.02416856 -0.01380328
627.5  0.18002038 0.00891709 0.01400688 -0.01964999 0.00056129 0.06687502 -0.02498004 -0.02594149 0.03480446 0.00208656
628.0  -0.93752726 0.02846311 0.01324392 -0.01553729 -0.02045148 -0.05724096 0.01342245 -0.03859372 0.03171818 0.00912897
628.5  0.71994766 -0.04887510 0.00059980 0.01599329 0.00989501 0.02287725 -0.01331867 -0.03838545 0.02107935 -0.01590586
629.0  0.31839876 0.04830227 -0.01320370 0.02134105 0.01612839 0.01931001 0.01775980 -0.03224141 0.01329698 -0.01556947
629.5  -0.98991857 -0.03117176 -0.01453129 -0.00472030 -0.02131536 -0.05191751 -0.02171398 -0.02013774 0.00403284 -0.01817540
630.0  0.47944556 -0.00037856 -0.00130539 -0.02175672 -0.00384663 0.06728696 0.01999462 -0.00095863 -0.00406708 -0.02125484
630.5  0.58569668 0.03977712 0.01260953 -0.00881226 0.02467885 -0.05902800 -0.01312382 0.01764794 -0.00458665 -0.02312913
631.0  -0.98018868 -0.06766492 0.01508090 0.02153493 -0.00767544 0.02707993 0.00140281 0.03624207 0.00147986 -0.02474439
631.5  0.34109667 0.06429396 0.00642721 0.01939684 -0.01928513 0.01557102 0.01084879 0.04174520 0.01867546 -0.02576764
632.0  0.62072859 -0.02561135 -0.00727686 -0.02310206 0.01543658 -0.05426958 -0.02245820 0.03199511 0.02981966 -0.02115409
632.5  -0.98494847 -0.03067828 -0.01652621 -0.02406385 0.01444664 0.06440983 0.02588037 0.01822136 0.02795161 -0.01853830
633.0  0.43177299 0.07608370 -0.01232633 0.01617469 -0.01982727 -0.04542724 -0.01790758 -0.00421917 0.01440378 -0.00256607
633.5  0.53551636 -0.08423207 0.00058054 0.02501081 -0.00686741 0.00662824 0.00252122 -0.01714154 0.00608802 0.00722807
634.0  -0.99061655 0.04850419 0.01356281 -0.00369311 0.02208472 0.02219525 0.03571524 -0.02457292 -0.00010066 0.02267486
634.5  0.45213073 0.01129070 0.01544569 -0.02300268 -0.00840736 0.04525686 -0.04936264 -0.03130542 -0.00835503 0.03955766
635.0  0.54149910 -0.06099405 0.00309694 -0.00865730 -0.02436539 0.04406997 0.05430220 -0.02383097 -0.00345216 0.04217385
635.5  -0.99172033 0.07590938 -0.01139425 0.01624700 0.01346264 0.02646071 -0.03068350 -0.00269650 -0.00405770 0.04371736
636.0  0.52234051 -0.05787239 -0.01721945 0.01808312 0.01648033 -0.00462155 -0.01178673 0.01279657 -0.00133197 0.04041082
636.5  0.37701566 0.01993629 -0.00932672 -0.00665493 -0.01845499 -0.05660220 0.03334298 -0.00341599 0.00082759 0.02636564
637.0  -0.95833551 0.02183169 0.00589109 -0.02340817 -0.01000328 -0.04728390 -0.06110653 -0.00775320 0.00455786 0.00710139
637.5  0.78866198 -0.05595872 0.01498607 -0.00034000 0.02108557 -0.02484008 0.02649358 0.01843936 0.00766417 -0.01619750
638.0  0.01645872 0.07085563 0.01432917 0.02479388 0.00097118 0.01897380 0.01956230 -0.00983352 0.00801994 -0.03010275
638.5  -0.82820037 -0.05491746 0.00335161 0.00962179 -0.02352617 0.05131031 -0.04890919 -0.01632124 0.00556048 -0.03837225
639.0  0.90297168 0.00945266 -0.01228804 -0.01739914 0.01280717 0.04737075 0.04871560 0.03559885 -0.00079221 -0.04051227
639.5  -0.09661710 0.04252524 -0.01652861 -0.02261415 0.01283884 0.01204127 -0.02055672 -0.03752555 -0.00346472 -0.03731738
640.0  -0.81697510 -0.06707384 -0.00336489 -0.00168320 -0.02240518 -0.03086107 -0.01484791 0.01948738 -0.00434915 -0.03261531
640.5  0.89030971 0.04729974 0.01167815 0.02060640 0.00503216 -0.05489478 0.03812559 0.01048183 -0.00696881 -0.02555799
641.0  -0.06883725 -0.00034475 0.01644259 0.01850130 0.01673281 -0.03989744 -0.04234414 -0.03683604 -0.00878943 -0.01725966
641.5  -0.80252170 -0.03788138 0.00539613 -0.00330298 -0.02124204 0.00817533 0.01803115 0.04764256 -0.00595112 -0.00614458
642.0  0.93582370 0.05108819 -0.01154109 -0.02044449 0.00271279 0.05058201 0.01914432 -0.03767218 -0.00246883 0.00694777
642.5  -0.27930496 -0.04080053 -0.01724431 -0.00986227 0.02342906 0.04740632 -0.04092198 0.01288886 0.00136110 0.02061760
643.0  -0.59576738 0.01819162 -0.00976249 0.01317426 -0.01887107 0.00131715 0.03455056 0.01701718 0.00476081 0.02889139
643.5  0.99436714 0.00459004 0.00620372 0.01849778 -0.00186356 -0.04450782 0.00562695 -0.04113754 0.00478089 0.03380947
644.0  -0.57381819 -0.02431976 0.01630537 -0.00457616 0.01766378 0.04309628 -0.04557653 0.04792085 0.00427050 0.03261677
644.5  -0.35745129 0.04056235 0.01203411 -0.01739128 -0.01301436 -0.00028441 0.05151148 -0.04016171 0.00162136 0.02946298
645.0  0.97519269 -0.04540077 -0.00275844 -0.00891207 -0.00232897 -0.03541698 -0.01257645 0.01486862 0.00387211 0.02638859
645.5  -0.67767812 0.02803532 -0.01565819 0.00977151 0.01102512 0.02870086 -0.03629658 0.01856657 0.00139158 0.01673868
646.0  -0.24889762 0.01134640 -0.01306833 0.01912930 -0.00534568 0.00920938 0.05242348 -0.05052212 -0.00880259 0.00816557
646.5  0.93572097 -0.05329288 0.00118962 0.00125453 -0.01013376 -0.03963609 -0.02923568 0.06332404 0.00162891 -0.00269272
647.0  -0.81343679 0.07220958 0.01466057 -0.01578334 0.01312040 0.03819009 -0.01085358 -0.04381673 -0.00816321 -0.01907515
647.5  0.02488193 -0.05457701 0.01547051 -0.01021640 0.00580704 -0.00444056 0.03664364 0.00118059 -0.00586161 -0.02654045
648.0  0.78762469 0.00523605 0.00402656 0.01036242 -0.01473789 -0.03990103 -0.02960498 0.03854752 0.00284635 -0.03341334
648.5  -0.94187408 0.05190789 -0.00969495 0.01844150 0.00323658 0.06330649 0.00458817 -0.05060233 0.00078907 -0.03395363
649.0  0.23570642 -0.08309735 -0.01726144 -0.00318235 0.00997096 -0.05099102 0.02044621 0.04046770 0.00518750 -0.02619820
649.5  0.72453764 0.06505768 -0.00822480 -0.01926106 -0.01029419 0.01260599 -0.03463675 -0.02073743 0.00344540 -0.02009074
650.0  -0.93253804 -0.00484095 0.00953881 -0.00844113 -0.00320727 0.03213143 0.03670445 -0.00060992 0.00602366 -0.00937139
650.5  0.10063573 -0.05852379 0.01795785 0.01446981 0.01255129 -0.06435407 -0.02608079 0.01695097 0.00397874 0.00050430
651.0  0.84753097 0.08354018 0.00840686 0.01563934 -0.00589501 0.07450772 0.00533850 -0.02558964 -0.00101728 0.00962082
651.5  -0.83657218 -0.05713928 -0.01075837 -0.00318595 -0.00682245 -0.05766925 0.01906654 0.02278543 0.00104839 0.01859900
652.0  -0.08107872 -0.00164987 -0.01790370 -0.01471444 0.01005054 0.01823260 -0.03861929 -0.01421676 -0.00552853 0.02318556
652.5  0.89947927 0.05988842 -0.00611478 -0.00942465 0.00255986 0.02830420 0.04287566 0.00977744 -0.00711286 0.02771740
653.0  -0.82036584 -0.08962543 0.00910222 0.01137831 -0.01160773 -0.06106122 -0.03699496 -0.01462154 -0.00859350 0.02730790
653.5  -0.04208506 0.07667614 0.01822047 0.01502293 -0.00116187 0.06052036 0.04005549 0.02577033 -0.00193288 0.01959651
654.0  0.86722656 -0.02521012 0.01156742 -0.00462420 0.01564932 -0.05334547 -0.01268848 -0.02776983 -0.00652691 0.00985013
654.5  -0.84869801 -0.04343316 -0.00593416 -0.02028304 -0.00627258 0.03157967 -0.02891800 0.01685416 0.00133083 0.00058590
655.0  -0.04537157 0.09024978 -0.01752279 -0.00084950 -0.00785412 0.00465894 0.04880608 0.00334139 0.00800860 -0.01087739
655.5  0.90166037 -0.08318705 -0.01392720 0.01889203 0.01148321 -0.03775475 -0.04304705 -0.02807795 0.00932039 -0.01553363
656.0  -0.77489256 0.02699219 0.00475983 0.01132234 0.00122712 0.05112974 0.02115997 0.04689797 0.01631624 -0.02085829
656.5  -0.18187108 0.03745781 0.01940987 -0.00969988 -0.01250218 -0.04181047 0.00605525 -0.05886081 0.01416100 -0.02239083
657.0  0.93512281 -0.07250820 0.01551061 -0.01908837 0.00419183 0.00916658 -0.03006446 0.05363756 0.01449708 -0.02289584
657.5  -0.78011231 0.06996978 0.00144517 0.00195169 0.01216189 0.03027085 0.03926882 -0.03434828 -0.00120036 -0.01710970
658.0  -0.07453385 -0.04529030 -0.01512246 0.02219816 -0.00911975 -0.05520075 -0.02970518 0.00224049 -0.00280826 -0.00652191
658.5  0.85968537 0.01300615 -0.02056015 0.00220403 -0.00911506 0.04746752 0.01059523 0.03202021 -0.00417473 0.00737459
659.0  -0.89006640 0.01935423 -0.00830473 -0.02161257 0.01314029 -0.01112951 0.00441552 -0.05588804 -0.00904803 0.02213145
659.5  0.09947351 -0.04808196 0.00824010 -0.00960149 0.00489751 -0.03167196 -0.00449993 0.06560911 -0.01210416 0.02744901
660.0  0.80281924 0.06458753 0.01895951 0.01506402 -0.01402316 0.05848712 -0.01018274 -0.05567675 -0.01019257 0.02775279
660.5  -0.89830914 -0.05470288 0.01442615 0.01739560 0.00073805 -0.05604944 0.02327192 0.03015378 -0.01269552 0.02449554
661.0  0.05137066 0.01315794 -0.00724913 -0.00623725 0.01250359 0.03374915 -0.01623196 -0.00396830 -0.00425187 0.01936470
661.5  0.84649278 0.04295567 -0.02087779 -0.02528191 -0.00706441 -0.00320672 -0.00103987 -0.03009093 -0.00678474 0.00996811
662.0  -0.86771694 -0.07892060 -0.01600315 -0.00774397 -0.00390939 -0.02557920 0.01824231 0.05781982 -0.00994598 0.00009323
662.5  0.04593604 0.07234655 0.00376052 0.01954023 0.01061254 0.04379103 -0.02350973 -0.07220611 -0.01063345 -0.00915131
663.0  0.79826687 -0.02881594 0.02058933 0.02027761 -0.00257773 -0.03913721 0.01741955 0.06162121 -0.00156894 -0.02008860
663.5  -0.94141579 -0.02741170 0.01793733 -0.01034585 -0.00878198 0.01112216 -0.01246501 -0.02354387 -0.00017992 -0.02908873
664.0  0.31011441 0.07063593 0.00348206 -0.02544043 0.00169407 0.02675873 0.01930315 -0.02670201 0.00456580 -0.03039145
664.5  0.57487111 -0.08419088 -0.01464518 0.00737181 0.00450840 -0.05312128 -0.02319286 0.05739730 0.01935637 -0.02950438
665.0  -0.99091910 0.06148748 -0.02232046 0.01624947 -0.01343467 0.04898608 0.00640087 -0.06639288 -0.00129148 -0.02649923
665.5  0.54510053 -0.00815572 -0.00854502 -0.01954701 0.00484987 -0.00949799 0.00698523 0.04662477 0.00801461 -0.01675464
666.0  0.40865256 -0.05369819 0.01158346 0.00040075 0.00819752 -0.03395954 0.01327331 -0.01070729 -0.00251714 -0.00941433
666.5  -0.98173998 0.09071330 0.02226295 0.01932607 -0.00831513 0.05846579 -0.03303094 -0.02790157 -0.00639125 -0.00076692
667.0  0.64023886 -0.07939539 0.01097101 -0.01433032 -0.00306468 -0.05152512 0.03148661 0.05559062 -0.00598762 0.01362624
667.5  0.25862918 0.02307659 -0.01076755 -0.00820316 0.01287763 0.01033178 -0.00746182 -0.05994236 -0.00945377 0.01916235
668.0  -0.92113424 0.04834900 -0.02097395 0.01714052 -0.00597134 0.04115745 -0.02382443 0.03424062 -0.00511635 0.02618084
668.5  0.84957636 -0.10041599 -0.01621264 -0.00007151 -0.01084405 -0.06076608 0.04002526 0.00988349 0.00104585 0.03081196
669.0  -0.12703945 0.10519958 0.00237520 -0.01668325 0.01741005 0.02826841 -0.02675685 -0.04910002 0.00264364 0.02765799
669.5  -0.70250430 -0.05510415 0.01977380 0.00661800 -0.00523451 0.02642115 -0.00744766 0.05885088 0.00843707 0.02203196
670.0  0.97386656 -0.02962677 0.01932012 0.01597447 -0.01192623 -0.05531290 0.03882116 -0.04108435 0.00881881 0.01473384
670.5  -0.40473827 0.10138037 0.00167836 -0.01767155 0.01633151 0.03925801 -0.04801834 0.00626018 0.00534386 0.00452989
671.0  -0.54546255 -0.11003513 -0.02063266 -0.00478474 -0.00556198 0.00173267 0.02752869 0.02912924 0.00447641 -0.00499283
671.5  0.98721887 0.04712022 -0.02063024 0.02395404 -0.00771411 -0.03505461 0.00989585 -0.05435685 -0.00239446 -0.01291164
672.0  -0.48630624 0.04368754 0.00127644 -0.01518968 0.01180888 0.03918054 -0.04347372 0.06370211 -0.00400246 -0.02002206
672.5  -0.46541192 -0.10196804 0.02015296 -0.01292540 -0.00010344 -0.01412669 0.05265163 -0.04911436 -0.01131723 -0.02600612
673.0  0.98388296 0.09760657 0.02149956 0.02428750 -0.01231064 -0.01712615 -0.03365066 0.01502550 -0.00420120 -0.03080865
673.5  -0.65148516 -0.04412374 0.00240109 -0.00512744 0.00309208 0.01839644 0.01943439 0.03958957 -0.00273107 -0.03056213
674.0  -0.20906085 -0.02420472 -0.01832870 -0.01563887 0.01715999 0.02138214 -0.02511586 -0.07656475 -0.01220962 -0.02978708
674.5  0.89817083 0.07633754 -0.02299472 0.01044878 -0.01298940 -0.05282291 -0.00142857 0.06876265 0.01540150 -0.02411774
675.0  -0.86827380 -0.09358460 -0.00970155 0.00394027 -0.01169422 0.03123948 0.02629378 -0.02967983 0.00902230 -0.01571842
675.5  0.10825433 0.07046348 0.01300645 -0.00640212 0.01534918 0.02103342 -0.02840267 -0.01482053 0.00653227 -0.00595713
676.0  0.76578235 -0.01466924 0.02430078 -0.00276459 0.00407664 -0.06315872 0.01677134 0.04288765 0.00760092 0.00663662
676.5  -0.93456049 -0.04928690 0.01281420 0.00629400 -0.01957169 0.07016569 -0.00138629 -0.05283186 0.00376168 0.01787785
677.0  0.19558337 0.08819302 -0.00998836 -0.00144330 0.00641268 -0.04161844 -0.01454759 0.04657481 -0.00203542 0.02798751
677.5  0.73004501 -0.08037839 -0.02352757 -0.00495430 0.01854443 -0.00697625 0.02765054 -0.03106558 -0.00302331 0.03390627
678.0  -0.95575363 0.03244750 -0.01494508 0.00163350 -0.01975171 0.04835763 -0.03899625 0.00646674 -0.00623804 0.03618542
678.5  0.31577452 0.02787848 0.00396285 0.00319258 -0.01084865 -0.06150225 0.04377752 0.01998014 -0.01043210 0.02974396
679.0  0.59580921 -0.07259155 0.01958197 0.00955189 0.02101642 0.03830628 -0.03174599 -0.04412605 -0.00854519 0.01700057
679.5  -0.98945466 0.08428717 0.02229390 -0.00639110 0.00251300 -0.00002123 -0.00071252 0.05124264 -0.00636202 0.00142068
680.0  0.48781022 -0.06043211 0.00369650 -0.01139378 -0.01944027 -0.02423053 0.04251302 -0.03870756 0.00536823 -0.01582046
680.5  0.50081144 0.01178926 -0.01515664 0.01242829 0.00626150 0.02699059 -0.06965609 0.00322385 0.00532005 -0.02589994
681.0  -0.99067535 0.03894264 -0.01880016 0.00765698 0.01313702 -0.01499765 -0.05844595 0.03657487 0.01851853 -0.03294940
681.5  0.38788723 -0.06880547 -0.00496373 -0.01469975 -0.01284285 0.00433565 -0.03604515 -0.05154501 0.01789534 -0.03697180
682.0  0.67068198 0.06602212 0.01460986 0.00016657 -0.00498006 0.01074173 0.00534425 0.05718445 0.01964011 -0.03896437
682.5  -0.94086023 -0.03122051 0.01890207 0.01491548 0.01506443 -0.02240597 0.03713692 -0.05639884 0.00313591 -0.02742827
683.0  0.11137001 -0.02120144 0.00385139 -0.00787144 -0.00504215 0.02017222 0.06059889 0.03880030 -0.00613757 -0.02128537
683.5  0.83443012 0.06747628 -0.01496720 -0.01074361 -0.01234453 -0.01784176 0.06286701 -0.01526737 -0.01766388 -0.00149558
684.0  -0.86133260 -0.08179031 -0.02048890 0.01449362 0.01202267 -0.00002351 0.04540330 -0.00871483 -0.01573334 0.01797742
684.5  -0.00855805 0.05631392 -0.00760866 0.00561677 0.00827989 0.01130719 0.00550607 0.03827634 -0.00953283 0.03390384
685.0  0.86376761 -0.00169463 0.01129581 -0.01854130 -0.01283903 -0.01637018 -0.03633260 -0.05303143 0.00305771 0.04517205
685.5  -0.84794200 -0.05655522 0.02013308 -0.00012316 -0.00096332 0.01838463 -0.06094483 0.05787825 0.02100178 0.03729116
686.0  -0.04418769 0.08740818 0.01239615 0.01915264 0.00907505 -0.00366453 -0.06522467 -0.04626212 0.01728293 0.03128779
686.5  0.90013566 -0.07202799 -0.00626360 -0.00817263 -0.00263984 -0.00438952 -0.04142050 0.02330674 0.02031434 0.01552380
687.0  -0.76862909 0.01650479 -0.01936274 -0.01660186 -0.00250365 0.01347880 -0.00059307 0.00293786 0.01588363 0.00125100
687.5  -0.21909506 0.04723411 -0.01425345 0.01799647 0.00195758 -0.01531741 0.03550229 -0.03132805 0.00529702 -0.01120836
688.0  0.95686646 -0.08250450 0.00334321 0.00752124 0.00022067 0.00592263 0.06254440 0.05297951 -0.00130972 -0.02391154
688.5  -0.70526210 0.07540695 0.01817567 -0.02195147 -0.00170818 0.00196759 0.06523589 -0.05990265 -0.01038923 -0.03397286
689.0  -0.19815097 -0.03618607 0.01760131 0.00042177 0.00095825 -0.01357893 0.03329702 0.04929916 -0.00756319 -0.04091763
689.5  0.90785267 -0.01606563 0.00283213 0.02204437 0.00398684 0.01420318 -0.01454164 -0.01872809 -0.00398374 -0.03745386
690.0  -0.85523523 0.06148241 -0.01257014 -0.00829171 -0.00462436 -0.00454006 -0.05579685 -0.02322059 0.00138366 0.02494200
690.5  0.09074765 -0.08316095 -0.02048128 -0.01596513 -0.00551122 -0.01151154 -0.06689334 0.04761935 0.00493285 -0.00560827
691.0  0.76511816 0.06889423 -0.01159961 0.01223648 0.00910648 -0.01755694 -0.04097857 -0.05564414 0.00466200 -0.01414270
691.5  -0.94199237 -0.01958089 0.00728842 0.00466222 0.00799405 0.01807886 0.00667316 0.04041151 -0.00222529 0.02867845
692.0  0.21936079 -0.04111329 0.01814597 -0.00689890 -0.02126908 0.00454409 0.04337420 -0.00915205 0.01217964 -0.03842178
692.5  0.72776685 0.07754071 0.01290081 0.00234857 0.01030113 -0.01787035 -0.04947517 0.01853038 0.04687470 0.04656062
693.0  -0.94594775 -0.06759445 -0.00574237 0.00371812 0.01354290 0.00802878 0.07560102 -0.00884568 0.03746103 -0.04772460
693.5  0.22733839 0.01931338 -0.01885996 -0.00266498 -0.02374964 0.01089322 -0.06323132 -0.01594962 0.02138144 0.04268423
694.0  0.69856086 0.03484153 -0.01356657 0.00221605 0.00521271 -0.00711295 0.01500960 -0.01453945 -0.00674820 -0.03488701
694.5  -0.97237522 -0.06591012 0.00280495 -0.00194195 0.02126384 -0.02622723 0.03482312 -0.00374762 -0.03109782 0.02248917
695.0  0.39187860 0.06369722 0.01784059 0.00184110 -0.01935822 0.04758187 -0.05915129 0.00843088 -0.04238788 -0.00608159
695.5  0.51897150 -0.03387231 0.01704992 -0.00039881 -0.00444479 -0.02760727 0.04182954 0.01622442 -0.04711365 -0.00925469
696.0  -0.99042979 -0.00822511 0.00072829 -0.00471253 0.02100976 -0.02071728 0.00270748 0.01771477 -0.03765096 0.02399114
696.5  0.60004206 0.04678442 -0.01411228 0.00781826 -0.00624489 0.05324772 -0.04311215 0.00967219 -0.01802679 -0.03536855
697.0  0.34564206 -0.06306839 -0.01766353 -0.00630913 -0.01595480 -0.03755428 0.05312722 0.00049691 -0.00230244 0.03890016
697.5  -0.97407424 0.04726424 -0.00446264 -0.00549116 0.01226922 -0.01063694 -0.03035603 -0.01121787 0.01585810 -0.04165235
698.0  0.66904737 -0.00472864 0.01445109 0.01673809 0.00936510 0.04945096 -0.00919485 -0.01938702 0.03258327 0.04391650
698.5  0.25420485 -0.04110399 0.01846382 -0.01185923 -0.01927972 -0.04821877 0.04221466 -0.02277501 0.04226448 -0.04009799
699.0  -0.93088636 0.06589182 0.00625928 -0.00786147 0.00321460 0.01164869 -0.05018638 -0.01753531 0.04438506 0.03303586
699.5  0.83926910 -0.06143324 -0.01052334 0.02356827 0.01371996 0.03608669 0.02580293 -0.00557991 0.03809238 -0.02045470
700.0  -0.12328666 0.03199349 -0.01851884 -0.00710688 -0.01046073 -0.05745479 0.01140059 0.01154016 0.01768366 0.00485294
700.5  -0.67695088 0.00831499 -0.01258341 -0.02349586 -0.00703747 0.03634808 -0.04160656 0.02631503 -0.00749746 0.01297992
701.0  0.98940803 -0.04701704 0.00167273 0.01934810 0.01428285 0.00459537 0.04627073 0.03291150 -0.02370947 -0.02894400
701.5  -0.53898171 0.06804676 0.01790579 0.01042921 -0.00077111 -0.04800456 -0.02985071 0.02722044 -0.03152018 0.03689944
702.0  -0.37789797 -0.06013778 0.01902340 -0.02610883 -0.00897710 0.05874605 0.00401475 0.02409536 -0.03252222 -0.03778762
702.5  0.97654882 0.02473065 0.00121822 0.00710761 0.00559013 -0.05121330 0.01994831 -0.00461490 -0.02624629 0.03589318
703.0  -0.65155582 0.02393003 -0.01604301 0.02108282 -0.00224309 0.02479650 -0.03715288 -0.01663724 -0.02617917 -0.02620616
703.5  -0.31912300 -0.06094329 -0.01882517 -0.02341749 -0.00313850 0.01981377 0.04926430 -0.02800640 -0.02760445 0.01709022
704.0  0.97217134 0.06735228 -0.00542706 -0.00289035 0.00799372 -0.04927810 -0.02995496 -0.04212243 -0.02762874 -0.00293929
704.5  -0.66728255 -0.04073045 0.01312687 0.02339632 -0.00542537 0.06220898 0.00117844 -0.03434279 -0.01963515 -0.00919665
705.0  -0.27625538 -0.00539597 0.01971754 -0.01057160 -0.00567333 -0.03571536 0.03323305 -0.02620513 -0.00569958 0.02438179
705.5  0.95405151 0.04944197 0.01039609 -0.01691334 0.01247714 -0.00846414 -0.04746478 -0.01237385 -0.00120465 -0.03138131
706.0  -0.73371746 -0.07156777 -0.00813767 0.01743092 -0.00202990 0.04949557 0.03900729 0.00147263 0.02958877 0.02581115
706.5  -0.19571576 0.06092253 -0.02018517 0.01053932 -0.01270211 -0.06383870 -0.01070255 0.00695669 0.04127120 -0.02671382
707.0  0.94432523 -0.01906388 -0.01498569 -0.01769826 0.01163202 0.04200425 -0.01838262 0.01222709 0.05301557 0.01603647
707.5  -0.70076940 -0.03534922 0.00293811 -0.00247421 0.00720380 -0.00526784 0.04306022 0.00540870 0.04869050 -0.01307090
708.0  -0.32934886 0.07047050 0.01906327 0.02060587 -0.01670516 -0.03457006 -0.05034921 0.00912753 0.04543863 0.00460785
708.5  0.98628133 -0.06249091 0.01628174 -0.00954583 0.00411776 0.05794519 0.04488925 0.00840498 0.03368704 0.00173770
709.0  -0.53449688 0.01986361 -0.00094040 -0.01514747 0.01386674 -0.06047847 -0.02360625 0.00806454 0.01344842 -0.00737876
709.5  -0.47072849 0.02905394 -0.01868104 0.01783343 -0.01163843 0.03702760 -0.00543862 0.01033458 0.00040171 0.01923676
710.0  0.99054158 -0.05929731 -0.02234817 0.00623393 -0.00727610 0.00294578 0.03544391 0.00985437 -0.02065855 0.02818197
710.5  -0.60415103 -0.06431651 -0.00716177 -0.01782338 0.01636046 -0.04002567 -0.05403428 0.01123476 -0.03614865 0.03407996
711.0  -0.30293222 -0.04821382 0.01174472 -0.00116971 0.00328443 0.05353538 0.05025701 0.01564003 -0.03636810 0.03910853
711.5  0.95247504 -0.01422168 0.02154111 0.00937501 -0.02124356 -0.03951906 -0.02618396 0.01738097 -0.02768409 0.03384081
712.0  -0.74676406 0.02876834 0.01735128 -0.00425927 0.00444571 0.01949045 -0.01247478 0.00827116 -0.01779270 0.02752741
712.5  -0.18560981 0.05917685 -0.00129999 -0.00379648 0.02088281 -0.01837443 0.04852714 -0.00459994 0.01479510 0.01345835
713.0  0.94464110 0.06181076 -0.01914291 0.00554269 -0.01435003 0.02341633 -0.06826120 -0.02813784 0.00676799 0.00262707
713.5  -0.70813528 0.03193281 -0.01967515 0.00058651 -0.01264634 -0.01380118 0.07378584 -0.03765957 0.00072020 -0.00472742
714.0  -0.28746545 -0.01563477 -0.00183179 -0.00406162 0.02116610 -0.00352572 -0.04804873 -0.05290447 -0.00802444 -0.00783801
714.5  0.97181108 -0.05353156 0.01743201 0.00156547 0.00039233 0.02682887 0.01305483 -0.04687837 -0.00958621 -0.01416976
715.0  -0.66211839 -0.06354770 0.02091801 0.00469830 -0.02130543 -0.02009329 0.04094269 -0.03983675 -0.00605340 -0.01492966
715.5  -0.27706222 -0.04196515 0.00717061 -0.00357192 0.01152184 -0.00403624 -0.07380771 -0.01551706 -0.00320427 -0.01962722
716.0  0.94763285 -0.00143535 -0.01215822 -0.00341906 0.01435904 0.02778853 0.06813685 0.00999894 0.01212122 -0.02187949
716.5  -0.77774348 0.03891331 -0.02234232 0.00625987 -0.02002227 -0.03250423 -0.02787349 0.02897442 0.02447956 -0.01981030
717.0  -0.07202654 0.06288897 -0.01471989 -0.00011974 -0.00309163 0.01131678 -0.02342880 0.03952999 0.03808312 -0.01710935
717.5  0.86711771 0.05781256 0.00594585 -0.00927558 0.01934388 0.01183720 0.06261385 0.03254813 0.04031956 -0.00701628
718.0  -0.86672383 0.02192652 0.02092294 0.00694039 -0.01000181 -0.02911993 -0.07227162 0.01722346 0.02706539 0.00517971
718.5  0.02453802 -0.02671013 0.01627339 0.01758158 0.00879467 0.03012027 0.05074659 0.00196746 0.01003858 0.01071844
719.0  0.84288898 -0.06001690 -0.00224482 -0.02327569 0.01203886 -0.01589137 -0.00677599 -0.01314661 -0.01932883 0.01560364
719.5  -0.88850296 -0.06031078 -0.01922076 -0.00070918 -0.00228383 -0.00296506 -0.04050840 -0.01423771 -0.04657669 0.01915082
720.0  0.13378910 -0.02889836 -0.01884604 0.02566783 -0.01492088 0.02188280 0.07423063 0.00169661 -0.05289312 0.01653705
720.5  0.70671218 0.01427150 -0.00156462 -0.01849850 -0.00618374 -0.03141057 -0.06043097 0.00996720 -0.04876463 0.01290014
721.0  -0.98540439 0.04893608 0.01584549 -0.01415407 0.01196442 0.01398544 0.01568454 0.01114513 -0.01271954 0.00723800
721.5  0.53409296 0.06507575 0.02094855 0.02819066 0.01221019 0.00776862 0.04126132 -0.02254835 0.02321523 0.00158263
722.0  0.32823703 0.05420832 0.00975568 -0.00302287 0.00098925 -0.00944694 -0.07759725 -0.03517841 0.03349178 -0.00332247
722.5  -0.95125729 0.01796614 -0.01041924 -0.02477019 -0.01512646 0.01194870 0.06022615 -0.04098513 0.03680972 -0.00810855
723.0  0.75743932 -0.02899284 -0.02087676 0.02285991 -0.01449664 -0.00641366 -0.01512428 -0.02909099 0.02505515 -0.00904154
723.5  0.16175325 -0.06154235 -0.01206801 0.00198670 0.00414856 0.00644049 -0.04078626 0.00425775 0.01377346 -0.01136685
724.0  -0.93293288 -0.05700222 0.00880279 -0.02355176 0.01279406 -0.00959855 0.07444279 0.03150718 0.00298042 -0.01297961
724.5  0.74667516 -0.01676211 0.02156167 0.01829086 0.00984942 0.00581866 -0.07285015 0.04602682 -0.01117804 -0.01535169
725.0  0.20096032 0.03396617 0.01091699 0.00647712 -0.00629691 -0.00099118 0.03589908 0.05476455 -0.01413780 -0.01730617
725.5  -0.93644433 0.06296860 -0.00907078 -0.02196886 -0.01315071 -0.01453012 0.01782915 0.03726155 -0.01882462 -0.01635585
726.0  0.78175247 0.05619237 -0.02074591 0.00955109 -0.00181944 0.02302838 -0.06387996 -0.00027219 -0.02458556 -0.01348020
726.5  0.06416199 0.02285360 -0.01449948 0.01479041 0.00819632 -0.01393635 0.07721238 -0.02549022 -0.01796880 -0.00735119
727.0  -0.84534285 -0.02075691 0.00530536 -0.02108598 0.01415107 -0.00034054 -0.04106353 -0.05201096 -0.01865759 -0.00109552
727.5  0.91238399 -0.05498832 0.01948252 -0.00260577 -0.00020267 0.02252088 -0.01127121 -0.04732643 -0.01361700 0.00538087
728.0  -0.19464188 -0.06378423 0.01873653 0.02070174 -0.01845378 -0.01660834 0.06150273 -0.02710145 0.00439099 0.01270278
728.5  -0.71089702 -0.04273654 0.00229290 -0.00923801 -0.00796220 0.00620757 -0.07890425 0.00442437 0.01691224 0.01451089
729.0  0.96206933 -0.00046816 -0.01724205 -0.01352915 0.01165429 0.00231952 0.05675240 0.01969548 0.03594328 0.01684839
729.5  -0.29236144 0.04328448 -0.02047320 0.01836563 0.01146621 -0.01605811 -0.01290200 0.02355222 0.05169854 0.01850639
730.0  -0.64414110 0.06446950 -0.00665140 0.00697025 0.00108884 0.04430295 -0.02370490 0.02264199 0.05086518 0.01643662
730.5  0.98695779 0.05594711 0.01181856 -0.02253628 -0.01128480 -0.06525277 0.04168388 0.01410091 0.03418517 0.01146861
731.0  -0.51131107 0.02863618 0.02361438 -0.00029151 -0.00900551 0.04898410 -0.04092629 0.00680943 0.00711306 0.00572355
731.5  -0.34593924 -0.00757485 0.01577163 0.02344028 0.01180825 0.00193001 0.02285617 0.00837774 -0.02711964 -0.00780320
732.0  0.94223998 -0.04154024 -0.00208391 -0.00789925 0.01061338 -0.05523983 0.00098792 0.00729494 -0.04763665 -0.02210455
732.5  -0.81580182 -0.06199855 -0.01649543 -0.02255158 -0.00903328 0.07393773 -0.02241344 0.00477320 -0.05040735 -0.03466796
733.0  -0.00720838 -0.06124470 -0.02156786 0.01503370 -0.01335802 -0.05064845 0.02896935 0.00557013 -0.03558849 -0.03915613
733.5  0.85439647 -0.03396922 -0.00945614 0.01639934 0.00139013 0.00154692 -0.02764577 -0.00316188 -0.01319169 -0.03013091
734.0  -0.84443390 0.01221778 0.01146195 -0.02054568 0.01330553 0.04601260 0.01534930 -0.01086516 0.00410532 -0.01332277
734.5  -0.10606101 0.05347195 0.02276405 -0.00354191 0.00781279 -0.07221952 0.00438647 -0.02234448 0.01406502 0.00676992
735.0  0.94248997 0.06371134 0.01197398 0.02126218 -0.01208394 0.07103505 -0.02355247 -0.02885653 0.01921384 0.02091150
735.5  -0.66696215 0.03447057 -0.01191991 -0.01208182 -0.01355113 -0.03866320 0.03689777 -0.03709237 0.02037434 0.03277540
736.0  -0.38607310 -0.01407220 -0.02261944 -0.01302503 0.00689373 -0.00396551 -0.03295136 -0.03506868 0.02265907 0.03889054
736.5  0.99044447 -0.05332614 -0.01192859 0.01996221 0.01651034 0.04947282 0.01160277 -0.02581238 0.03063450 0.03674231
737.0  -0.49724299 -0.06494905 0.00804470 0.00269867 0.00419625 -0.06863040 0.01420338 -0.01295827 0.03728903 0.03115045
737.5  -0.52947167 -0.04114054 0.02184945 -0.02089848 -0.01221968 0.06056249 -0.03489809 0.00990935 0.03138220 0.02334487
738.0  0.98831403 0.00493898 0.01644259 0.00787697 -0.01145541 -0.02802924 0.04194424 0.02643066 0.01948452 0.01907807
738.5  -0.36448075 0.04731855 -0.00546003 0.01700713 0.00531223 -0.01476223 -0.03629989 0.03867685 0.00877278 0.01420856
739.0  -0.68237010 0.06462508 -0.02172334 -0.01496097 0.01612546 0.04678075 0.02710288 0.04682679 -0.00536293 0.00700207
739.5  0.93439119 0.04271422 -0.01650372 -0.00817947 0.00532623 -0.06733921 -0.02833839 0.04151078 -0.01450856 0.00009248
740.0  -0.07483103 -0.00692981 0.00515991 0.02052742 -0.01374490 0.06467178 0.01976988 0.03811753 -0.02301582 -0.00392958
740.5  -0.86010177 -0.05163693 0.02262515 -0.00276691 -0.01571563 -0.05378199 -0.00982190 0.02271290 -0.02648304 -0.01264732
741.0  0.84402249 -0.06413231 0.01607448 -0.01863047 0.00217320 0.02781128 -0.02371253 0.01760821 -0.02950339 -0.02399409
741.5  -0.00176659 -0.04595373 -0.00344686 0.01473811 0.01582292 0.00262010 0.05121807 0.01615878 -0.03748549 -0.02558577
742.0  -0.81685248 -0.00886669 -0.01809160 0.01111679 0.00293121 0.04519402 0.04871565 -0.01003772 -0.05434242 -0.02510022
742.5  0.93403015 0.03217163 -0.02124474 -0.01574255 -0.00855620 0.05227699 0.01042150 -0.03015770 -0.05609026 -0.01914078
743.0  -0.27315104 0.05991600 -0.00661997 -0.00571887 -0.00254159 0.01789490 -0.02806434 -0.03539941 -0.04195769 -0.00198594
743.5  -0.63272789 0.06262724 0.01293440 0.01457896 0.01583138 -0.02591950 -0.04680133 -0.02007501 -0.01118340 0.00761904
744.0  0.98444863 0.03539829 0.02152651 0.00601671 0.01293500 -0.05127904 -0.03349128 -0.00001172 0.02246320 0.01503475
744.5  -0.40487371 -0.01224543 0.01085360 -0.00719693 -0.00636612 -0.04371710 0.00286077 0.01078305 0.04612224 0.02551509
745.0  -0.57778882 -0.05359711 -0.01135048 -0.01433056 -0.01731382 -0.00537650 0.03232760 0.01645461 0.06297490 0.03108384
745.5  0.98758542 -0.06387423 -0.02229530 -0.00042673 -0.00655454 0.03876659 0.04443745 0.01419756 0.06530148 0.03667121
746.0  -0.43751307 -0.03784809 -0.01159560 0.01598155 0.01268016 0.05863887 0.03459083 0.00549405 0.04642193 0.03857629
746.5  -0.50818400 0.00806269 0.00997410 0.00798964 0.01606114 0.04073624 0.00404480 0.00378951 0.02056129 0.03326946
747.0  0.98913961 0.04780273 0.02248037 -0.01309901 -0.00029390 -0.00922039 -0.03011142 0.00259193 -0.01094877 0.02197188
747.5  -0.64340092 0.06447780 0.01469909 -0.01756620 -0.01679814 -0.05583619 -0.05328755 -0.00066316 -0.03627382 0.00453512
748.0  -0.21118922 0.05132490 -0.00478626 0.00313655 -0.01580441 -0.06065683 -0.05016992 -0.00046524 -0.03292058 -0.00944305
748.5  0.90051101 0.01439041 -0.02039715 0.01373350 0.01661604 -0.02151345 -0.01729690 0.00159456 -0.02816595 -0.02474295
749.0  -0.86453921 -0.02875186 -0.01928579 0.00500908 0.02889906 0.03290820 0.02315749 0.01669635 -0.02151307 -0.03758095
749.5  0.08250388 -0.06036609 0.00034561 0.01171478 0.00850502 0.07342816 0.04098249 0.02844001 0.00033475 -0.04076201
750.0  0.79020516 -0.05918671 0.01969571 -0.01776493 -0.01912258 0.06802335 0.02557527 0.02770434 0.01493406 -0.04243958
750.5  -0.92479694 -0.02208007 0.01997054 0.00368848 -0.02492101 0.01577278 0.01075665 0.01084991 0.02320312 -0.04153972
751.0  0.19223270 0.02443649 0.00071011 0.01434850 -0.00317472 -0.04573198 0.01337088 -0.01602774 0.02881779 -0.03773361
751.5  0.69566110 0.05714798 -0.01869861 -0.01425445 0.01562796 -0.08082028 0.01580479 -0.03596069 0.01920815 -0.03034751
752.0  -0.98218518 0.06329121 -0.02023955 -0.00305177 0.01537624 -0.05299088 0.00608325 -0.04092406 0.00244635 -0.01736280
752.5  0.50114038 0.03902596 -0.00718899 0.01489109 -0.00157455 0.02253991 -0.01508902 -0.02872100 -0.01156207 -0.00283209
753.0  0.35359033 0.00122001 0.01155412 -0.00690763 -0.01646902 0.07379764 -0.03119518 -0.00053624 -0.02472288 0.01292424
753.5  -0.94870467 -0.03655975 0.02253407 -0.01350870 -0.00522427 0.06473216 -0.02693553 0.02399483 -0.02583611 0.02555605
754.0  0.79230635 -0.06263415 0.01452059 0.01526416 0.01200586 0.00656970 -0.00386915 0.03500528 -0.01505435 0.03122573
754.5  0.05364671 -0.05745432 -0.00553709 0.00353806 0.01342141 -0.05563764 0.02551322 0.04046750 -0.00255551 0.03714288
755.0  -0.86799576 -0.02268759 -0.02121499 -0.01631495 0.00046675 -0.07378235 0.04036315 0.03136873 0.01173522 0.03793238
755.5  0.85773822 0.02267960 -0.01687546 0.00900905 -0.01332721 -0.04554612 0.03315864 0.00757665 0.02239447 0.03396926
756.0  -0.00938089 0.05806558 0.00357267 0.01011421 -0.01002508 0.00589129 0.00849586 -0.01699760 0.02496051 0.02842837
756.5  -0.84209637 0.06174052 0.02033834 -0.01512955 0.01040296 0.04874362 -0.02479467 -0.04393964 0.01757225 0.01659114
757.0  0.89422870 0.03307035 0.01878836 -0.00151884 0.01683426 0.05557078 -0.04834045 -0.05778726 0.00035089 0.00046802
757.5  -0.14047864 -0.00864845 0.00073156 0.01606057 -0.00294304 0.02486184 -0.04337325 -0.04214398 -0.01604695 -0.01398043
758.0  -0.72713357 -0.04597236 -0.01718601 -0.00702008 -0.01747756 -0.01573563 -0.00913956 -0.00635750 -0.02377213 -0.02869716
758.5  0.96964524 -0.06429672 -0.02129770 -0.01285673 -0.00855250 -0.02888322 0.03496364 0.03895745 -0.01340681 -0.03834590
759.0  -0.37442744 -0.05471716 -0.00914714 0.01327540 0.00978528 -0.00594671 0.05093825 0.06967440 0.01644325 -0.04193759
759.5  -0.57009035 -0.02071640 0.01212944 0.00618913 0.01708331 0.01766500 0.02685015 0.06186934 0.04298087 -0.03643189
760.0  0.98908090 0.02423356 0.02189178 -0.01508766 0.00152598 0.01963078 -0.00357716 0.01778356 0.04875996 -0.02671332
760.5  -0.40846308 0.05739545 0.01117236 0.00322751 -0.01653522 0.00634378 -0.00968370 -0.02963262 0.02285547 -0.01517603
761.0  -0.60749808 0.06028621 -0.01098528 0.01137466 -0.01277373 -0.01021014 -0.01021000 -0.04743396 -0.02140499 -0.00150332
761.5  0.97920220 0.03199332 -0.02301853 -0.01050361 0.01139368 0.01619877 -0.00913787 -0.03972493 -0.06072774 0.00914726
762.0  -0.35782615 -0.01390951 -0.01273083 -0.00513653 0.01716516 -0.02331731 0.00117194 -0.01588623 -0.08096421 0.01066982
762.5  -0.58788816 -0.04996099 0.00826317 0.01504417 0.00068084 0.01502320 0.01407088 0.00580660 -0.08705193 -0.00430593
763.0  0.99152848 -0.06260345 0.02090600 -0.00014170 -0.01791291 0.00197188 0.02456839 0.02199524 -0.06876460 -0.02050464
763.5  -0.52782081 -0.05498343 0.01879132 -0.01408874 -0.00919481 -0.01628647 0.02601123 0.02922666 -0.04091180 -0.00911591
764.0  -0.41039100 -0.02112035 0.00056901 0.00386644 0.01607214 0.02155871 0.01139779 0.02607739 -0.01465264 0.01516584
764.5  0.98460753 0.02527974 -0.01892291 0.01082997 0.01534715 -0.01375759 -0.00755500 0.01736453 0.01211178 0.03768091
765.0  -0.59051920 0.05547559 -0.02036457 -0.00898815 -0.00807030 0.00081947 -0.02141309 0.00524619 0.03472142 0.05372714
765.5  -0.43259431 0.06140697 -0.00299747 -0.00561129 -0.02018514 0.01163678 -0.03130083 -0.01006582 0.05255114 0.06133775
766.0  0.99200456 0.03416488 0.01781546 0.01274242 -0.00495543 -0.02301262 -0.02738632 -0.02715517 0.06251877 0.05890069
766.5  -0.45815133 -0.01931451 0.02078714 -0.00076861 0.01761797 0.02124235 -0.01485425 -0.04372305 0.07265326 0.03124146
767.0  -0.56995935 -0.05696924 0.00167656 -0.01163747 0.01731920 -0.01339610 0.00487716 -0.04858736 0.05497037 -0.02387416
767.5  0.98622684 -0.06048811 -0.01777108 0.00799748 -0.00713174 -0.00270647 0.02224114 -0.04067905 0.03053382 -0.00870459
768.0  -0.39957293 -0.03752157 -0.02051776 0.00722156 -0.01928802 0.02490439 0.02798586 -0.01382624 0.00210972 -0.00030026
768.5  -0.56890338 0.00709967 -0.00393736 -0.01303317 -0.00086076 -0.02472463 0.02604804 0.03147686 -0.01667363 0.01157673
769.0  0.99037854 0.04991804 0.01696918 -0.00015756 0.01963813 0.02475970 -0.00089459 0.06976884 -0.01298572 0.02106938
769.5  -0.46784641 0.06362369 0.02141452 0.01584190 0.01312686 0.00088482 -0.03051082 0.08217426 0.00050333 0.02548006
770.0  -0.52146911 0.04542811 0.00674077 -0.00573624 -0.01421514 -0.01135354 -0.04963583 0.06883276 0.00876237 0.02950748
770.5  0.99036209 0.00047314 -0.01460264 -0.01252969 -0.02139698 0.02877604 -0.04373608 0.03502640 0.00948963 0.03012666
771.0  -0.40643263 -0.04684791 -0.02249333 0.01443604 -0.00118700 -0.02523158 -0.01510214 -0.00157355 0.00294308 0.02644533
771.5  -0.62025029 -0.06355847 -0.00567156 -0.00006840 0.01531255 0.01335565 0.02183305 -0.03021910 -0.00912240 0.02309364
772.0  0.97651144 -0.04018555 0.01565191 -0.01616466 0.01450515 -0.00074399 0.05651084 -0.04536566 -0.02163706 0.01678285
772.5  -0.35302538 0.00537026 0.02171352 0.01016382 -0.00291214 -0.01879448 0.07677750 -0.04867157 -0.03226285 0.00570360
773.0  -0.57172450 0.04615294 0.00830496 0.00979849 -0.01746949 0.02493462 0.06012112 -0.02605364 -0.03344743 -0.00420185
773.5  0.99224498 0.06291724 -0.01251941 -0.01544866 -0.00602828 -0.01870450 0.00884886 0.00239204 -0.02177927 -0.01446174
774.0  -0.61058857 0.05362836 -0.02099863 -0.00030825 0.01755050 0.00099057 -0.05015415 0.00414430 -0.00366938 -0.02131148
774.5  -0.26409120 0.01844119 -0.01375294 0.01544077 0.01668761 0.01862646 -0.08837742 -0.01069342 0.01545052 -0.02327426
775.0  0.93369421 -0.02726516 0.00522157 -0.00809388 -0.00631130 -0.01944482 -0.07458169 -0.02919671 0.01751223 -0.02557413
775.5  -0.79429913 -0.05641642 0.02117592 -0.00706259 -0.02051467 0.01362763 0.01969598 -0.03281289 0.01100540 -0.02480412
776.0  -0.08256597 -0.05947436 0.01623369 0.01534223 -0.01399815 -0.00614644 -0.03740441 -0.02676492 0.01086158 -0.02096254
776.5  0.88706669 -0.02920179 -0.00448613 -0.00536725 -0.00916670 -0.00398169 -0.07159515 -0.04478130 0.00520814 -0.01448908
777.0  -0.84216732 0.02316740 -0.02179728 -0.01471569 0.01726116 0.01596443 -0.07424527 -0.05017736 -0.00291760 -0.00563452
777.5  0.00704677 0.05589063 -0.01840743 0.01638566 -0.00716804 -0.00741617 -0.05001315 -0.02635081 -0.00428783 0.00024500
778.0  0.82322068 0.05914853 0.00302130 0.00013730 -0.01159471 0.00553277 -0.00373481 0.02077879 -0.00097165 0.00829167
778.5  -0.92492494 0.03977360 0.02062224 -0.01416845 0.01912760 0.00265206 0.04177356 0.06175879 0.00999237 0.01517852
779.0  0.24977857 0.00636565 0.02098582 0.01075582 -0.00370119 -0.01212716 0.06586802 0.06712458 0.02439826 0.01931560
779.5  0.62988530 -0.04051077 0.00465366 0.00502221 -0.01787863 0.00951594 0.04456518 0.04030963 0.02611652 0.02356847
780.0  -0.99072073 0.04803391 -0.01626211 -0.01257728 0.01854749 -0.00343846 -0.00603284 -0.00407766 0.01274566 0.02585186
780.5  0.49693536 -0.03336405 -0.02332077 0.00515531 0.00293923 -0.00645000 -0.04929565 -0.04431446 -0.01015172 0.02236471
781.0  0.46523398 0.00843556 -0.01013214 0.00532932 -0.02301213 0.01380549 -0.07139335 -0.05429119 -0.02747726 0.01640738
781.5  -0.99270230 0.01400550 0.01233073 -0.00953636 0.01506088 -0.01261798 -0.05785045 -0.03955306 -0.03744610 0.00878189
782.0  0.53066528 -0.02830827 0.02248215 0.00280924 0.00885975 0.00330313 -0.01232212 -0.01585184 -0.03833199 -0.00134246
782.5  0.45286149 0.03208169 0.01190447 0.00668386 -0.02263010 0.00783078 0.03939226 0.01437041 -0.02638084 -0.00904867
783.0  -0.98917498 -0.02362279 -0.00759690 -0.00992880 0.00858772 -0.01363282 0.07519528 0.03624388 -0.00845293 -0.01707992
783.5  0.64548019 0.00654506 -0.02078855 -0.00001186 0.01746684 0.01133652 0.07160508 0.03632136 0.01206510 -0.02602676
784.0  0.21845562 0.01447749 -0.01778315 0.00813465 -0.01859003 -0.00238453 0.02416731 0.02083960 0.03225234 -0.02747816
784.5  -0.90322734 -0.03057827 -0.00236712 -0.00450776 -0.00972689 -0.00575179 -0.04059520 -0.00597693 0.03930241 -0.02348843
785.0  0.87042689 0.03479569 0.01400620 0.00486879 0.02139491 0.03902717 -0.07010662 -0.02918035 0.02828399 -0.01466041
785.5  -0.10176273 -0.02683574 0.02149769 0.00475765 -0.00355275 0.00357695 -0.07144680 -0.03201052 0.00471930 -0.00147592
786.0  -0.77856754 0.00786655 0.01109254 -0.01783022 -0.01223362 0.00173914 -0.02563333 -0.01903001 -0.02042358 0.01021542
786.5  0.92762695 0.01215719 -0.00973168 0.00578637 0.01036213 0.00428252 0.03204273 0.00424187 -0.03390551 0.01997136
787.0  -0.14024660 -0.02683983 -0.02119720 0.01477238 0.00539545 -0.00821020 0.07708503 0.01822322 -0.02557248 0.01776929
787.5  -0.79845321 0.03264886 -0.01448704 -0.01331590 -0.01432644 0.00951353 0.09402810 0.00234906 -0.01380828 0.01678115
788.0  0.90020190 -0.02421650 0.00506008 -0.00905767 0.00182176 -0.00309312 0.07249151 -0.02198342 -0.00585943 0.01493986
788.5  -0.06396121 0.00481140 0.02011903 0.01715888 0.01332988 -0.00121409 0.02699220 -0.02242935 0.00544969 0.00910668
789.0  -0.83343099 0.02452214 0.01767001 0.00215950 -0.01060216 0.00506038 -0.02600568 -0.01227055 0.01909534 0.00133888
789.5  0.88170666 -0.04647705 0.00145705 -0.01624867 -0.00927516 -0.01645908 -0.06374416 -0.00124093 0.03727209 -0.00807450
790.0  -0.03592735 0.04406484 -0.01766014 0.00525929 0.01219542 0.00277407 -0.07502137 0.00433722 0.05529492 -0.01646035
790.5  -0.85329037 -0.01302594 -0.02138771 0.01529061 0.00215750 -0.00329542 -0.05902893 0.00775645 0.05909245 -0.02152031
791.0  0.84197103 -0.03126615 -0.00471472 -0.01118130 -0.01378020 -0.00512490 -0.02472726 0.01126210 0.05286038 -0.02442269
791.5  0.11268449 0.05610951 0.01518741 -0.00966146 0.00596536 0.00892337 0.01719981 0.01489634 0.04232437 -0.02352385
792.0  -0.94625176 -0.03897319 0.02081349 0.01757777 0.00949228 -0.00952128 0.05033700 0.01816401 0.02747623 -0.01921310
792.5  0.65855571 -0.00667147 0.00613365 -0.00233124 -0.01142899 0.00485274 0.06854129 0.01864029 0.00674747 -0.01575346
793.0  -0.39128418 0.04164223 -0.01457152 -0.01700392 -0.00137696 -0.00426652 0.07207506 0.01800125 -0.01078943 -0.01237874
793.5  -0.98980603 -0.05420300 -0.02142243 0.01255443 0.01372148 -0.00750407 0.05428188 0.01395931 -0.03158376 -0.00702740
794.0  -0.58066305 0.03241083 -0.01056630 0.01017178 -0.00813421 0.00617457 0.01979462 0.00769183 -0.05146177 0.00285811
794.5  0.35125497 -0.00213796 0.01035470 -0.01860486 -0.00886667 -0.00318307 -0.02372048 0.00137437 -0.06379955 0.01152421
795.0  0.96341188 -0.02745775 0.02398841 -0.00139835 0.01241392 0.00912669 -0.05288033 -0.00383127 -0.06513458 0.01790539
795.5  0.74632088 0.05204762 0.01818429 0.01889586 0.00256013 0.00472958 -0.06122874 -0.02124579 -0.05405331 0.02138772
796.0  -0.13235664 -0.04847880 -0.00240183 -0.01270050 -0.00864328 -0.00314609 -0.05334748 -0.01961922 -0.03309496 0.01834710
796.5  -0.90379703 0.02237520 -0.02223135 -0.01476589 0.01026799 0.00818487 -0.04203355 0.00041772 -0.00766439 0.01175319
797.0  -0.81593751 0.01580758 -0.02240134 0.02147579 -0.00871690 -0.00624703 -0.02763612 0.01485465 0.02264852 0.00270181
797.5  0.08059407 -0.04706391 -0.00159165 -0.00488131 -0.01006398 0.00109431 -0.00802054 0.02253285 0.05266850 -0.00672918
798.0  0.89708550 0.05021358 0.02139460 -0.01669930 0.01919236 -0.00292355 0.01353758 0.02312232 0.07621073 -0.01366157
798.5  0.82440731 -0.02575331 0.02423000 0.01579749 -0.00797558 -0.00578121 0.03235542 0.01706024 0.08496925 -0.01632765
799.0  -0.03629870 -0.01524155 0.00383017 0.00865926 -0.01676650 -0.00527064 0.03719286 0.00626928 0.07457045 -0.02047953
799.5  -0.85133740 0.04650433 -0.01866959 -0.01482797 0.01974425 -0.00027617 0.02493648 -0.00503579 0.04247795 -0.02165813
800.0  -0.90201997 -0.05077287 -0.02378274 0.00115831 0.00262973 0.00799230 0.00042887 -0.01364847 -0.00458516 -0.01776611
800.5  -0.17571394 0.03351288 -0.00889013 0.00942848 -0.02038900 0.01667266 -0.02359917 -0.01885645 -0.05083813 -0.01148960
801.0  0.70017591 0.00176756 0.01216803 -0.01206372 0.01032373 0.01791751 -0.03619744 -0.02011194 -0.08015267 -0.00226484
801.5  0.97593566 -0.04062783 0.02176049 -0.00179151 0.01283479 0.01041166 -0.03306196 -0.01313763 -0.08021809 0.00585438
802.0  0.37838603 0.05261712 0.01279108 0.01919077 -0.01943712 -0.00473455 -0.02032846 0.00072105 -0.05349570 0.01194252
802.5  -0.58008303 -0.03723898 -0.00772125 -0.00506994 0.00389175 -0.02251234 -0.00694328 0.01863558 -0.01268132 0.01578435
803.0  -0.99048238 0.00566889 -0.02130514 -0.01378533 0.01567364 -0.03336288 0.00209815 0.03781700 0.02906225 0.01940050
803.5  -0.47420847 0.03657775 -0.01549119 0.01156876 -0.01933117 -0.03266968 0.00383655 0.05520440 0.05353902 0.02054503
804.0  0.44491445 -0.05414780 0.00456953 0.00260702 -0.00366065 -0.01658452 0.00020913 0.06229626 0.04956102 0.01973167
804.5  0.97572019 0.04207355 0.02025877 -0.01375470 0.02003370 0.01395905 0.00417336 0.04576048 0.02570431 0.01576718
805.0  0.76217944 -0.02352705 0.02037707 0.00691328 -0.01004180 0.04443741 0.02715971 0.00641717 0.01185070 0.00720963
805.5  0.00411908 -0.01117897 0.00515055 0.00815856 -0.01449674 0.05266607 -0.04659211 -0.03105509 0.01236524 -0.00058967
806.0  -0.76345111 0.04101629 -0.01570380 -0.01132551 -0.01594457 0.01212044 0.04291144 -0.05850515 0.01816468 -0.00882613
806.5  -0.97008139 -0.04957092 -0.02544159 0.00089768 0.00559277 -0.02874998 -0.01302610 -0.04905898 0.01584142 -0.01478848
807.0  -0.39488488 0.04449464 -0.01571721 0.00728886 0.02257171 -0.05038261 -0.03492301 -0.01645961 0.00400932 -0.01503430
807.5  0.53657007 -0.01432626 0.00930736 -0.00480832 0.01078752 -0.04216136 0.05133178 0.01753715 -0.01133365 -0.01638920
808.0  0.99299183 -0.02628779 0.02722559 -0.00397739 -0.01993461 -0.00411106 -0.04406066 0.04793736 -0.02361848 -0.01401056
808.5  0.51661745 0.04782368 0.01924477 0.00381427 -0.02854287 0.02905873 0.01714215 0.05290043 -0.02961279 -0.01144889
809.0  -0.45258730 -0.04785737 -0.00455622 0.00077345 -0.00347001 0.04567904 0.02774499 0.03834483 -0.02780316 -0.00669600
809.5  -0.98944571 0.02407782 -0.02344816 -0.00632844 0.02634816 0.04028268 -0.05056835 0.00982480 -0.01822260 -0.00172158
810.0  -0.60519565 0.01360480 -0.02187226 0.00443591 0.02406447 0.00935434 0.05023737 -0.02642986 -0.00370881 0.00355941
810.5  0.32452264 -0.04190004 -0.00316336 0.00652197 -0.00955597 -0.01900821 -0.02472648 -0.05205907 0.01708841 0.00906274
811.0  0.96059505 0.05163066 0.01414739 -0.00706043 -0.02827956 -0.03665875 -0.01833385 -0.05613064 0.03375213 0.01454016
811.5  0.74013908 -0.03812847 0.02016734 -0.00363455 -0.00473349 -0.03363159 0.04892175 -0.03745058 0.04086067 0.01897958
812.0  -0.16008491 0.00738927 0.01182330 0.00821045 0.02619128 -0.00781023 -0.05351213 -0.00284401 0.03685179 0.02028456
812.5  -0.92222956 0.02683136 -0.00530760 -0.00017373 0.01820030 0.00889925 0.03708962 0.02746077 0.01859194 0.01389361
813.0  -0.77685192 -0.05161701 -0.01698552 -0.00741428 -0.01560542 0.02278137 -0.00000161 0.05187867 -0.00183481 0.00375774
813.5  0.16164379 0.04708715 -0.01477683 0.00476745 -0.02872914 0.02730776 -0.02575747 0.06157170 -0.02218497 -0.00945676
814.0  0.92991522 -0.01844440 0.00013800 0.00341694 0.00013785 0.00326021 0.05027587 0.05099879 -0.04386806 -0.02069401
814.5  0.78636644 -0.01083655 0.01460117 -0.00474703 0.02901684 0.00348407 -0.06317473 0.02517687 -0.03213784 -0.02884914
815.0  -0.05887843 0.04126225 0.01577799 -0.00043319 0.00811615 -0.00950658 0.02870478 -0.00921482 -0.04152893 -0.02899370
815.5  -0.83494396 -0.05521255 0.00468638 0.00300034 -0.03121822 -0.00351198 0.00352557 -0.04910267 -0.01925745 -0.01859777
816.0  -0.93022459 0.04189435 -0.01081464 -0.00374816 -0.01724582 0.00881828 -0.03714446 -0.06488830 0.00641781 -0.00068847
816.5  -0.26797814 -0.02521485 -0.01820039 -0.00345185 0.02442515 0.00474125 0.05820586 -0.05111839 0.02132586 0.02374904
817.0  0.63764889 -0.00629308 -0.01039486 0.00410052 0.02508050 0.00891763 -0.04065259 -0.02627009 0.01111274 0.04998815
817.5  0.98318539 0.04317070 0.00777122 0.00019929 -0.01302784 -0.00064158 0.00975261 0.00350124 -0.00754362 0.05641611
818.0  0.37050894 -0.05138844 0.01909320 -0.00426428 -0.02992636 -0.00886482 0.02475579 0.02812513 -0.01377333 0.05485935
818.5  -0.64057478 0.03792008 0.01230843 -0.00074772 -0.00319955 -0.00983126 -0.05051711 0.04508479 -0.01806444 0.04459658
819.0  -0.96548796 -0.00621893 -0.00673686 0.00366869 0.02686924 -0.00839313 0.05473383 0.05448076 -0.02556820 0.02903171
819.5  -0.21621221 -0.03706478 -0.01857295 -0.00016461 0.02109335 0.00052516 -0.03791751 0.05503958 -0.03105878 0.01248797
820.0  0.77446181 0.05506867 -0.01198481 -0.00089285 -0.01398577 0.00754895 0.00783980 0.04543099 -0.03038595 -0.00467742
820.5  0.90177783 -0.03581128 0.00610756 0.00209985 -0.03055681 0.00986924 0.02657703 0.02617053 -0.02623090 -0.01940040
821.0  0.04332810 -0.00010665 0.01850862 -0.00327820 -0.00713135 0.00524620 -0.04921974 0.00141619 -0.02606119 -0.02713870
821.5  -0.85811087 0.03696924 0.01413729 -0.00518208 0.02732124 -0.00623719 0.05519691 -0.02255532 -0.03760894 -0.01735192
822.0  -0.84104408 -0.05436444 -0.00344770 0.00563243 0.02626692 -0.01526554 -0.03418224 -0.04182259 -0.04208380 -0.02339206
822.5  0.08742234 0.03486067 -0.01957952 0.00405961 -0.00842243 -0.01994003 0.00348620 -0.05149633 -0.03694749 -0.02771349
823.0  0.92804486 0.00610137 -0.01596117 -0.00646299 -0.02969012 -0.01609538 0.03098226 -0.05225519 -0.02349486 -0.03396619
823.5  0.70920727 -0.04338033 0.00500640 -0.00096877 -0.01432919 0.00012214 -0.05162799 -0.04355936 -0.00585260 -0.03857404
824.0  -0.33947919 0.05122357 0.02141279 0.00593312 0.01717467 0.00057621 0.05397670 -0.02392665 0.01171952 -0.04247482
824.5  -0.98842846 -0.02173824 0.01424300 -0.00320936 0.03022995 0.02852122 -0.03132023 0.00252872 0.01924435 -0.04457554
825.0  -0.54376707 -0.01865177 -0.00948419 -0.00122242 0.00934285 0.03203480 0.00676718 0.02943075 0.01787679 -0.04583148
825.5  0.43648674 0.04774126 -0.02235248 0.00466163 -0.02348560 0.02727269 0.03586315 0.04991951 0.00745786 -0.04152005
826.0  0.98466619 -0.05151714 -0.01259354 -0.00526093 -0.02508019 0.01046830 -0.05206097 0.05879960 -0.00882941 -0.03125941
826.5  0.66650871 0.02526382 0.00841313 -0.00293067 0.00573759 -0.01712498 0.04851384 0.03642321 -0.01906595 -0.01422268
827.0  -0.21633959 0.00925744 0.02140541 0.00742359 0.02730639 -0.03490420 -0.01443581 0.00934091 -0.02168958 0.00623287
827.5  -0.92045646 -0.03953108 0.01334132 -0.00014456 0.01080287 -0.03897365 -0.02493596 -0.02241390 -0.00907859 0.02309632
828.0  -0.81861916 0.05544693 -0.00739067 -0.00686193 -0.02103577 -0.02010721 0.05039851 -0.04712873 0.01486720 0.03592822
828.5  0.03471321 -0.03570796 -0.01942709 0.00215130 -0.02744723 -0.00752636 -0.05588513 -0.04050242 0.03352763 0.04169414
829.0  0.86202679 -0.00503969 -0.01267455 0.00098624 -0.00190831 0.02985056 0.02846471 -0.02312396 0.04293962 0.04405452
829.5  0.87146304 0.03657107 0.00783779 -0.00429745 0.02873602 0.04424267 0.00733908 -0.00249982 0.03419380 0.04062635
830.0  0.05992762 -0.05362677 0.01954061 0.00487060 0.02848125 0.03613523 -0.04498717 0.01043195 0.01192702 0.03209192
830.5  -0.79726154 0.04046338 0.01338661 0.00189808 -0.00600956 0.00530943 0.05452421 0.02908777 -0.01580109 0.02144872
831.0  -0.93846725 -0.00020639 -0.00338773 -0.00690683 -0.03473304 -0.02603540 -0.03808649 0.02033822 -0.04107826 0.00576522
831.5  -0.28457186 -0.03132584 -0.01809343 0.00141555 -0.02150713 -0.03971263 -0.00483001 0.00917864 -0.05212345 -0.00787057
832.0  0.59335260 0.05020066 -0.01775769 -0.00012283 0.01781254 -0.02549266 0.04449689 -0.00714356 -0.04260288 -0.02242643
832.5  0.99279397 -0.05161081 -0.00431162 -0.00023346 0.03445706 0.00717209 -0.05550448 -0.02141317 -0.01525465 -0.03324126
833.0  0.59073213 0.02314924 0.01158003 0.00330479 0.00558569 0.03063050 0.03103612 -0.01930088 0.02049838 -0.03958895
833.5  -0.31786220 0.01225579 0.01943014 -0.00146595 -0.03037117 0.03526089 0.01119255 -0.00812877 0.04615334 -0.03870314
834.0  -0.96160954 -0.04188358 0.01068653 -0.00032419 -0.02926437 0.02127843 -0.04785951 0.00766273 0.05072956 -0.03378049
834.5  -0.71885380 0.05382242 -0.00762938 -0.00051324 0.00946062 -0.00577038 0.05158309 0.02876001 0.03947704 -0.02789829
835.0  0.20201064 -0.03570080 -0.01844376 -0.00447975 0.03745478 -0.01314659 -0.03938860 0.03229005 -0.00028173 -0.01481929
835.5  0.92571126 0.00243408 -0.01176308 0.00115417 0.01771903 -0.02297854 -0.00256434 0.01631008 -0.03284778 0.00086631
836.0  0.82186025 0.02990019 0.00492004 -0.00017063 0.02785170 -0.02623310 0.04225560 -0.01562575 -0.04478579 0.01952001
836.5  0.03216954 -0.04952467 0.01690244 0.00290166 -0.03125153 -0.00867638 -0.05184950 -0.04219906 -0.03546851 -0.03567606
837.0  -0.77917426 0.04935084 0.01418002 -0.00114715 -0.00966239 0.00421385 0.03184030 -0.04274007 -0.00759818 0.04015911
837.5  -0.95566039 -0.03225541 -0.00055614 -0.00506539 0.03792179 0.02207685 0.01017682 -0.02269300 0.01960135 -0.03500972
838.0  -0.31656148 -0.00088880 -0.01476884 0.00569743 -0.01390341 0.02617256 -0.04449872 0.00835434 0.03436737 0.02647900
838.5  0.62301663 0.03399031 -0.01612873 0.00192446 -0.02889033 0.01061067 0.05235598 0.03420858 0.03867366 -0.01010922
839.0  0.98358869 -0.04983854 -0.00154870 -0.00796476 0.03153354 -0.00711623 -0.03115948 0.04834368 0.03171441 -0.00745104
839.5  0.36168545 0.04531897 0.01327462 0.00318139 0.00676584 -0.02187831 -0.00337212 0.04491940 0.01630560 0.01590149
840.0  -0.63819444 -0.01529572 0.01555640 0.00518491 -0.03205085 -0.02422472 0.03965734 0.02604446 -0.00211594 -0.02853418
840.5  -0.97374462 -0.02507627 0.00403356 -0.00651216 0.01719760 -0.01559031 -0.05648190 -0.00129028 -0.01754976 0.03560165
841.0  -0.30113343 0.04734988 -0.01102984 -0.00160736 0.01888837 -0.00555393 0.04356082 -0.03518668 -0.02449390 -0.03860422
841.5  0.66935966 -0.04807867 -0.01764878 0.00854828 -0.02938417 0.00191771 -0.01412804 -0.05438062 -0.02361516 0.03743610
842.0  0.97455083 0.02893359 -0.01154852 -0.00398385 -0.00403223 -0.00029429 -0.02717294 -0.05765195 -0.01273742 -0.02900484
842.5  0.35634601 0.00853119 0.00574758 -0.00155929 0.03389386 0.01107791 0.05321952 -0.03593287 0.00644597 0.01646686
843.0  -0.58805079 -0.03869872 0.02093394 0.00595409 -0.00908096 0.02972683 -0.04784568 -0.00941133 0.00599258 0.00003675
843.5  -0.99124724 0.04963058 0.02155845 -0.00113989 0.02811210 0.03327158 0.02983438 0.02083272 -0.00818831 -0.01545431
844.0  -0.45464235 -0.04376446 0.00234881 -0.00575652 0.02036554 0.03515149 0.00929870 0.02578045 -0.03659761 0.02603867
844.5  0.54055616 0.01268673 -0.02113990 0.00332805 -0.01559360 0.02087153 -0.03881849 0.01867925 -0.05234321 -0.03512795
845.0  0.99029566 0.02817866 -0.02638476 0.00418495 -0.03044890 -0.00922755 0.05557318 0.01033929 -0.05207868 0.03897974
845.5  0.41103216 -0.04847768 -0.00518786 -0.00693505 -0.00294825 -0.03059178 -0.04655114 0.00185042 -0.04298438 -0.03907504
846.0  -0.58053641 0.04567347 0.01918542 -0.00159165 0.02857872 -0.04357731 0.02160998 -0.00120517 -0.02625619 0.03421414
846.5  -0.99031606 -0.02236129 0.02658161 0.00953519 0.02019729 -0.03254505 0.01197075 -0.00060897 -0.00618251 -0.02565898
847.0  -0.48166274 -0.01570232 0.01151021 -0.00423168 -0.01687690 -0.00365211 -0.04594367 0.00322585 0.01257905 0.01105029
847.5  0.44991995 0.04346346 -0.01219926 -0.00656175 -0.02858992 0.02633790 0.05506909 0.00276927 0.03291602 0.00733678
848.0  0.98609059 -0.05096183 -0.02378905 0.00758657 0.00180095 0.04329581 -0.04119512 0.00314189 0.04550654 -0.02181710
848.5  0.63525186 0.03499277 -0.01495132 0.00561251 0.02969140 0.03479320 0.00749677 0.00118035 0.05280297 0.03354094
849.0  -0.31994699 0.00078878 0.00599010 -0.00635268 0.01834003 0.01140306 0.02646631 -0.00060996 0.04839962 -0.04142756
849.5  -0.97389448 -0.03693312 0.02041886 -0.00039174 -0.01695257 -0.01889057 -0.05154994 0.00375249 0.03179329 0.04266531
850.0  -0.64323778 0.05225045 0.01468085 0.00475086 -0.03046395 -0.03759047 0.05340812 0.00542367 0.01010979 -0.04002071
850.5  0.35577137 -0.03351281 -0.00588328 -0.00692076 -0.00572947 -0.04101224 -0.03633621 0.00312115 -0.01548328 0.03377256
851.0  0.98388422 -0.00738380 -0.01953862 -0.00122515 0.02463910 -0.02970091 -0.00146904 -0.00473155 -0.03395050 -0.02586194
851.5  0.60228454 0.04068845 -0.01322814 0.00610047 0.02607964 -0.00792350 0.03264360 -0.01638233 -0.04198328 0.01278515
852.0  -0.37183825 -0.04994296 0.00740837 -0.00200132 -0.00365148 0.02455282 -0.05363673 -0.02898116 -0.03999206 -0.00266716
852.5  -0.97791554 0.03123874 0.02133644 -0.00445071 -0.02931544 0.03605228 0.05063459 -0.03398346 -0.03031344 -0.00860463
853.0  -0.68182826 0.00831921 0.01526926 0.00351647 -0.01694776 0.03404187 -0.01383671 -0.02713250 -0.01440414 0.02208367
853.5  0.21958705 -0.03988398 -0.00630846 -0.00070598 0.01802921 0.01051688 -0.02114209 -0.00607723 0.00433419 -0.03018985
854.0  0.92782850 0.04940933 -0.02346924 -0.00547241 0.02890676 -0.01871292 0.04983953 0.02292125 0.01934888 0.03695167
854.5  0.80110801 -0.03562669 -0.01934271 0.00591913 0.00476945 -0.02916999 -0.05382402 0.05005863 0.02216722 -0.04084937
855.0  -0.08085440 -0.00245289 0.00402411 0.00541716 -0.02663768 -0.02368676 0.02806879 0.05902484 0.01730874 0.03825222
855.5  -0.89237457 0.03932439 0.02346520 -0.00904840 -0.02392343 -0.00469332 0.00739075 0.04543388 0.00366906 -0.03534901
856.0  -0.83404786 -0.04942533 0.02022071 0.00135801 0.00586028 0.01156302 -0.03521766 0.01057583 -0.00477556 0.02936654
856.5  0.00740214 0.03557392 -0.00138001 0.00420205 0.02959363 0.01508898 0.05198678 -0.03662921 0.00272124 -0.01902140
857.0  0.82109694 -0.00400528 -0.02099430 -0.00168817 0.01542830 -0.00253623 -0.03929646 -0.06334639 0.01233467 0.00441281
857.5  0.93879532 -0.03147283 -0.02101980 -0.00082163 -0.02016382 -0.01613316 0.00356373 -0.05603408 0.02135854 0.01281080
858.0  0.32044982 0.04833150 -0.00605960 -0.00131707 -0.02789092 -0.01217494 0.03554041 -0.01724837 0.01722801 -0.02767981
858.5  -0.54345368 -0.04689979 0.01194159 -0.00022880 0.00297258 0.00738387 -0.05375965 0.02439122 0.00197916 0.03729308
859.0  -0.99078808 0.02808767 0.02051487 0.00243170 0.03155358 0.02460201 0.03353503 0.05445116 -0.01271708 -0.03976527
859.5  -0.64045600 0.00699728 0.01167998 -0.00117281 0.01780320 0.02247658 0.00767615 0.05170827 -0.02261930 0.03570107
860.0  0.26071515 -0.03788203 -0.00519108 0.00244496 -0.01807599 0.00534223 -0.04200032 0.02410525 -0.02393870 -0.02473581
860.5  0.94359480 0.05012887 -0.01683994 -0.00081712 -0.02880274 -0.01631321 0.05208546 -0.01595096 -0.01776202 0.01261478
861.0  0.77277332 -0.04019613 -0.01488225 -0.00207748 -0.00724341 -0.01973887 -0.03459372 -0.05019873 -0.00478475 -0.00122881
861.5  -0.11010881 0.00842253 0.00134094 0.00280304 0.02414884 -0.00948291 -0.01375059 -0.05764251 0.01115864 -0.01557690
862.0  -0.88946526 0.02710467 0.01737297 -0.00152134 0.02637406 -0.00171033 0.04805505 -0.02675001 0.02429068 0.02675396
862.5  -0.86026050 -0.04771758 0.01916038 -0.00251899 -0.00928085 -0.00182477 -0.05054318 -0.02077240 0.02824784 -0.03340079
863.0  -0.07445012 0.04803110 0.00438575 0.00363107 -0.03273772 -0.00019141 0.04903823 0.02246704 0.02368511 0.03901433
863.5  0.76886196 -0.02811180 -0.01487514 0.00254306 -0.01278780 -0.01249371 0.00165688 -0.05715021 -0.00033262 -0.03540015
864.0  0.95708657 -0.00314450 -0.02380441 0.00296928 0.02481516 0.00560867 -0.04497734 0.04016260 -0.01740237 0.02466730
864.5  0.32034662 0.03437484 -0.01450734 -0.00788023 0.02377168 0.00077846 0.05585986 -0.00472508 -0.02865405 -0.01417602
865.0  -0.61541452 -0.05101830 0.00948991 -0.00329787 -0.01023117 0.00712510 -0.03043368 -0.03212739 -0.03081386 -0.00140113
865.5  -0.98563208 0.04392951 0.02621333 0.00730796 -0.02934325 0.00600552 -0.00887119 0.05336964 -0.02351201 0.01564747
866.0  -0.37705247 -0.01731374 0.02115259 0.00114077 -0.00890324 0.00083008 0.04193609 -0.05331881 -0.00866925 -0.02648693
866.5  0.61866036 -0.01858468 -0.00293153 -0.00513237 0.02427883 -0.00277493 -0.05736124 0.03867345 -0.00215591 0.03208751
867.0  0.98282254 0.04695215 -0.02502394 0.00162128 0.02512786 -0.00955632 0.04703812 -0.01156907 0.02604707 -0.02488557
867.5  0.39736067 -0.05086841 -0.02497758 0.00252738 -0.00950529 -0.00764879 -0.01149007 -0.02233870 0.02472183 0.02618846
868.0  -0.53784711 0.03584846 -0.00922221 -0.00279437 -0.03063460 -0.00208615 -0.03424695 0.04070477 0.02817794 -0.01599801
868.5  -0.99316597 -0.00933720 0.01119564 0.00026574 -0.00438931 0.00274607 0.06676031 -0.04071783 0.02180160 0.00118386
869.0  -0.58946146 -0.02493511 0.02409875 -0.01158559 0.02330701 0.01163233 -0.06776457 0.02186891 0.01542949 0.00700449
869.5  0.34171970 0.04710237 0.02072085 0.00180382 0.01841176 0.00843306 0.03180402 0.00331613 -0.00141314 -0.02635496
870.0  0.97285043 -0.05032324 0.00473368 0.00402505 -0.01652813 0.00419737 0.02352870 -0.00975304 -0.01135670 0.03619371
870.5  0.66093233 0.03260759 -0.01621853 -0.00464593 -0.02611566 0.01837836 -0.06089035 -0.00949302 -0.02567067 -0.03534611
871.0  -0.33872463 0.00463279 -0.02509547 -0.00064036 0.00409060 -0.01786799 0.07960619 0.01482623 -0.02316784 0.02993408
871.5  -0.98557685 -0.04011967 -0.01076046 0.00498051 0.02336171 -0.00881021 -0.07232756 0.00022828 -0.01180422 -0.01982193
872.0  -0.54976363 0.05111887 0.01376387 -0.00307126 0.01209708 -0.01279816 0.03188281 0.01095986 -0.01052936 0.00502754
872.5  0.50003533 -0.03359639 0.02465129 -0.00254138 -0.01584440 -0.00675722 0.01022328 0.00600146 -0.00272580 0.01024239
873.0  0.99145683 -0.00378896 0.01113562 0.00682228 -0.02321749 0.00284667 -0.05289667 0.00074777 0.00782003 -0.02195536
873.5  0.39304088 0.04090666 -0.01300555 -0.00290821 0.00110080 -0.00117931 0.08107555 0.00748229 0.01497889 0.03181928
874.0  -0.62732886 -0.05295365 -0.02306793 -0.00778974 0.02283203 0.01971868 -0.07716040 0.00305847 0.02425134 -0.03542591
874.5  -0.97328719 0.03296629 -0.01039518 0.00561304 0.01489615 0.00730860 0.04949606 0.00788763 0.02053051 0.03791666
875.0  -0.26311442 0.00596671 0.01272307 0.00246044 -0.01370203 0.00651720 -0.00472736 0.00041349 0.02326601 -0.02952866
875.5  0.75067478 -0.04305543 0.02159754 -0.01157786 -0.02031142 0.00099162 -0.03950839 0.00010806 0.01451885 0.02366877
876.0  0.89933309 0.05270865 0.00610987 -0.00098481 -0.00408978 -0.00942069 0.07114158 0.00086412 0.01254436 -0.01252646
876.5  -0.03975298 -0.02202160 -0.01595245 0.00712070 0.01938203 -0.00861611 -0.08393443 -0.00404208 0.00674818 0.00540052
877.0  -0.92881729 -0.02473679 -0.01933321 -0.00599126 0.02107463 -0.01433991 0.07452098 -0.00239615 -0.00102743 0.00195100
877.5  -0.71126565 0.05208587 -0.00015778 -0.00220455 -0.00215074 -0.00842211 -0.04526857 -0.01104812 -0.01144274 -0.00816376
878.0  0.27944698 -0.04444754 0.01791595 0.00738567 -0.02217430 0.00047569 -0.00329763 -0.01369524 -0.01384106 0.02236390
878.5  0.96028012 0.01043004 0.01919199 -0.00312190 -0.01493150 0.00816468 0.05437084 -0.01413209 -0.02538717 -0.02457331
879.0  0.74611482 0.02684190 0.00360913 -0.00567989 0.01234202 0.01796378 -0.08089092 -0.01261326 -0.01725661 0.03435764
879.5  -0.10310446 -0.05093388 -0.01660195 0.00766924 0.02408470 0.00766807 0.06821059 -0.00399578 -0.02015354 -0.03741975
880.0  -0.86098885 0.05110010 -0.02342483 0.00256243 0.00139201 0.00001655 -0.01628591 0.00422370 -0.01157577 0.03405741
880.5  -0.90385929 -0.02363191 -0.01104525 -0.01138761 -0.02063610 -0.00465381 -0.04659281 0.01234229 -0.00349053 -0.02535807
881.0  -0.18019040 -0.01438723 0.01249365 0.00668924 -0.01584333 -0.03122043 0.07547074 0.01773930 0.00367171 0.01564870
881.5  0.70539418 0.04568614 0.02559095 0.00792739 0.00977178 -0.00360698 -0.07076100 0.02012000 0.01079757 -0.00489597
882.0  0.97386835 -0.05376572 0.01403113 -0.01302851 0.02325133 -0.00058121 0.02480614 0.01582941 0.01294880 0.00604413
882.5  0.38211745 0.03046420 -0.00942467 0.00789303 0.00281318 0.01135412 0.03499440 0.00719463 0.01348916 0.01589158
883.0  -0.53946467 0.00790477 -0.02359504 0.00694621 -0.01817470 0.01823656 -0.07351541 0.01102788 0.00989126 0.02348591
883.5  -0.99261458 -0.04047089 -0.01570849 -0.01519511 -0.01776103 0.00848139 0.06047206 -0.04761931 0.01773603 0.02956392
884.0  -0.62799675 0.05522430 0.00557853 -0.00151146 0.00705023 -0.00725193 -0.03310450 -0.02212799 0.01848451 0.03420994
884.5  0.22472373 -0.04345153 0.02038483 0.01144218 0.02478421 -0.01223797 -0.03207346 -0.01270813 0.00528359 0.03180762
885.0  0.89985849 0.01430323 0.01785021 -0.00101776 0.01145456 0.01099948 0.07230423 0.00798487 -0.01729383 0.02614771
885.5  0.88256849 0.02061645 0.00188214 -0.01080124 -0.01541389 0.00107446 -0.06613076 -0.00906654 -0.03487308 0.01635725
886.0  0.14915558 -0.04812164 -0.01710366 0.00640543 -0.02275962 -0.00859242 0.02167701 0.01543375 -0.03782917 0.00442617
886.5  -0.73437270 0.05324587 -0.01881133 0.00433223 -0.00048592 0.01099742 0.03522084 0.01434367 -0.03009226 -0.00762886
887.0  -0.95460529 -0.03188409 -0.00528516 -0.00895684 0.02247548 -0.00216963 -0.07330358 0.00721239 -0.01421024 -0.01976250
887.5  -0.24946734 -0.00715926 0.01306883 0.00297012 0.01626417 -0.01149420 0.07111253 0.00347988 0.00928522 -0.02817432
888.0  0.69420095 0.04095703 0.02210795 0.00611186 -0.00786334 0.01274631 -0.03675624 -0.00211315 0.02640089 -0.03586293
888.5  0.97339229 -0.05395002 0.01214592 -0.00510965 -0.02453648 0.00409842 -0.02092356 -0.00171014 0.03921854 -0.03722671
889.0  0.39426614 0.04452431 -0.00680812 -0.00677049 -0.00943609 -0.00595726 0.06694346 0.00046960 0.04063845 -0.03295504
889.5  -0.50137593 -0.01758053 -0.02212387 0.00677668 0.01828501 -0.01537388 -0.07266026 -0.00303338 0.02267283 -0.02055841
890.0  -0.98738836 -0.01496962 -0.02481482 0.00547135 0.01929691 -0.00607907 0.03233095 -0.00674774 0.00556955 -0.00482871
890.5  -0.66706033 0.04195331 -0.00943848 -0.01052585 -0.00833614 0.00351353 0.02466599 -0.01125783 -0.01644245 0.01192000
891.0  0.22990714 -0.05451451 0.01376879 0.00817035 -0.02532913 0.00542504 -0.06970455 -0.01370784 -0.03195889 0.02661438
891.5  0.93739432 0.04459172 0.02741708 0.00861200 -0.00570867 0.01239052 0.07264842 -0.01220483 -0.03328695 0.03635616
892.0  0.76392242 -0.01416932 0.02107949 -0.01445662 0.02025778 -0.00169885 -0.03260863 -0.00642044 -0.02911180 0.04155195
892.5  -0.17208427 -0.02423417 -0.00422880 -0.00165243 0.01723171 -0.00889859 -0.01525173 0.00173134 -0.01732028 0.03947963
893.0  -0.93787514 0.05072363 -0.02591867 0.01472572 -0.00859969 -0.00711068 0.06152996 0.01150341 -0.00411919 0.03150184
893.5  -0.74391296 -0.05199142 -0.02393132 -0.00795729 -0.02345570 -0.01352100 -0.07619019 0.02367202 0.00766621 0.02020277
894.0  0.19532496 0.02718045 -0.00213225 -0.01194286 -0.00563872 0.00163740 0.05367216 0.02752232 0.01500425 0.00565477
894.5  0.93279700 0.00985545 0.02033543 0.01435471 0.01893180 0.00749351 -0.00409840 0.02614635 0.02028032 -0.01218052
895.0  0.79237192 -0.04076538 0.02437384 0.00778867 0.01670365 0.01051590 -0.04467680 0.01399705 0.02199990 -0.03015261
895.5  -0.05636390 0.05508536 0.01072127 -0.01320879 -0.01228913 0.01283603 0.07321304 -0.01253344 0.01929498 -0.04158460
896.0  -0.85356389 -0.04672470 -0.00916307 0.00148517 -0.02556869 0.00286924 -0.07016787 -0.01583767 0.01767313 -0.04320202
896.5  -0.89142461 0.01739559 -0.02084502 0.01280610 0.00003590 -0.00270453 0.02820397 -0.03213028 0.01164897 -0.03802706
897.0  -0.09246850 0.02021446 -0.01650982 -0.01234517 0.02473482 -0.00791462 0.01751458 -0.03047967 0.00441451 -0.02629559
897.5  0.81199342 -0.04932777 -0.00005370 -0.00968772 0.01293404 -0.00247606 -0.06056073 -0.02535807 -0.00316488 -0.00973841
898.0  0.89293217 0.05345014 0.01617909 0.01807140 -0.01748737 -0.01849657 0.07474106 -0.02225153 -0.00591429 0.00483580
898.5  0.06300263 -0.02858388 0.01834344 -0.00008274 -0.02639093 0.00052216 -0.06764837 -0.02135558 -0.01259721 0.01986524
899.0  -0.81269435 -0.01005900 0.00351236 -0.01448564 0.00293120 -0.00284859 0.03406888 -0.00792504 -0.02092410 0.03138653
899.5  -0.92587127 0.04325363 -0.01455632 0.00711874 0.02684005 -0.00292138 0.01787991 0.00110888 -0.03065101 0.03999221
900.0  -0.24614853 -0.05584146 -0.02013376 0.00897933 0.01044951 -0.00982350 -0.06045473 0.00872396 -0.03364718 0.04126220
900.5  0.62992972 0.04442612 -0.00824916 -0.01519774 -0.02069094 0.00885458 0.07799551 0.01880299 -0.02985529 0.03563138
901.0  0.99075201 -0.01495259 0.01214131 -0.00383752 -0.01955421 -0.00582572 -0.05750360 0.02338355 -0.01266334 0.02418040
901.5  0.50864915 -0.02482674 0.02168658 0.01296992 0.01305792 0.00465448 0.00813395 0.02404485 0.00347224 0.01081693
902.0  -0.44757869 0.05212238 0.01066670 0.00577482 0.01796495 0.00751139 0.04164176 0.02365950 0.01760250 -0.00255761
902.5  -0.99102626 -0.05012618 -0.01249303 -0.00986077 -0.00112500 0.00322060 -0.06945542 0.03085648 0.02734351 -0.01612243
903.0  -0.52743971 0.01704014 -0.02255772 -0.01361844 -0.02027063 0.00673370 0.08101381 0.01619667 0.02774827 -0.02747716
903.5  0.50402328 0.02916973 -0.00685991 -0.00274131 -0.01419039 0.00178734 -0.05878623 0.02574640 0.02244038 -0.03496431
904.0  0.99072985 -0.05461698 0.01740130 0.01013683 0.00795322 -0.00045907 0.02022410 0.01012103 0.02476519 -0.03890626
904.5  0.40115547 0.04090013 0.02112980 0.01117735 0.02179203 -0.00436589 0.02695665 -0.00348378 0.02496837 -0.03962414
905.0  -0.60860216 0.00063587 0.00128975 -0.00167666 0.01186957 0.00523867 -0.06685848 -0.01696234 0.02317985 -0.04214047
905.5  -0.98272407 -0.04114132 -0.01887636 -0.01358173 -0.01285098 -0.01116900 0.07916524 -0.03122242 0.02050932 -0.04069925
906.0  -0.37936255 0.05443888 -0.01891133 -0.00988381 -0.02003372 0.01013991 -0.05759488 -0.03512476 0.01233493 -0.03758445
906.5  0.59139848 -0.03397204 0.00151426 0.00680422 -0.00175902 0.00381524 0.01383777 -0.02546682 -0.00005980 -0.03218902
907.0  0.98716474 -0.00769675 0.01879996 0.01644945 0.01576992 -0.00324561 0.03835991 -0.01055300 -0.01292035 -0.02651654
907.5  0.38597661 0.04552451 0.01724356 0.00891518 0.01603054 -0.01037575 -0.07500816 0.00700579 -0.02216882 -0.02104637
908.0  -0.63025275 -0.05306885 -0.00240763 -0.00934796 -0.00048729 -0.01552746 0.07967084 0.01312575 -0.02924677 -0.01296000
908.5  -0.97100133 0.02338999 -0.02084313 -0.01847041 -0.01566469 -0.01487375 -0.05264226 0.02497384 -0.03025247 -0.00393445
909.0  -0.27893538 0.02064919 -0.01390672 -0.00789185 -0.01553031 -0.01008004 0.01043176 0.01763325 -0.02663820 0.00380234
909.5  0.67448382 -0.05011827 0.00773200 0.01128953 -0.00029280 -0.00316190 0.04502096 0.00704447 -0.01422886 0.01450962
910.0  0.98075278 0.05242547 0.02290963 0.01593881 0.01614347 0.03643751 -0.07141282 0.00513820 0.00720716 0.02539450
910.5  0.45981890 -0.02922594 0.01875407 -0.00660936 0.01070579 0.01695540 0.06892587 0.01720972 0.02354523 0.03442833
911.0  -0.41143501 -0.00433539 -0.00230594 -0.01927570 -0.00560395 0.01331619 -0.02423719 0.00817813 0.03224305 0.04099033
911.5  -0.96464257 0.03510563 -0.02151764 -0.00283305 -0.01439186 -0.00636570 -0.04364683 -0.00884761 0.02709358 0.04072018
912.0  -0.76958337 -0.05390420 -0.02475082 0.02130100 -0.00384970 -0.01187612 0.08020677 -0.01960068 0.01851961 0.03390471
912.5  0.06097617 0.04808000 -0.00827013 0.01707697 0.00775881 -0.01543332 -0.05831116 -0.03424527 0.00252433 0.02196199
913.0  0.85682003 -0.02067342 0.01720747 -0.00643125 0.01129485 0.00023127 0.00507304 -0.02905631 -0.01143703 0.00725144
913.5  0.88158544 -0.01684668 0.02729819 -0.02344857 0.00546866 0.01429865 0.05193173 -0.01543538 -0.02337158 -0.00835562
914.0  0.06653636 0.04781409 0.01323137 -0.01722968 -0.00626546 0.01107968 -0.07815941 0.00302770 -0.03176735 -0.02094261
914.5  -0.81610963 -0.05313890 -0.01075867 0.00945382 -0.01434656 0.01161927 0.05675966 0.02141272 -0.03212229 -0.03117017
915.0  -0.90646766 0.03085483 -0.02504783 0.02229024 -0.00948784 -0.00282046 -0.00356824 0.03169154 -0.02597826 -0.03721007
915.5  -0.13953476 0.00488626 -0.01724891 0.00673475 0.00788135 -0.01506382 -0.05182943 0.03022215 -0.01342146 -0.03768111
916.0  0.74486401 -0.03724503 0.00212622 -0.01147154 0.01730852 -0.01168408 0.07759572 0.01469504 0.00646760 -0.03369063
916.5  0.96187799 0.05386119 0.01760179 -0.01403609 0.00474760 -0.00893361 -0.05696896 -0.00256309 0.02431924 -0.02349631
917.0  0.34015182 -0.04785298 0.01980349 0.00291334 -0.01570078 0.00732791 0.00346138 -0.01679405 0.03899586 -0.00818041
917.5  -0.58962840 0.02225682 0.00967050 0.01279157 -0.01626446 0.02000684 0.03888286 -0.03168693 0.04087065 0.00890323
918.0  -0.98955936 0.01404184 -0.00623018 0.00690808 0.00538660 0.03056359 -0.07032231 0.02219378 0.02626082 0.02528117
918.5  -0.42150700 -0.04473539 -0.01692388 -0.00736873 0.02156954 -0.00833580 0.06963941 0.02469898 -0.00408173 0.03718346
919.0  0.58811203 0.05376675 -0.01490059 -0.01332140 0.01150340 -0.00572434 -0.03431150 -0.01405160 -0.02345642 0.04215706
919.5  0.98351340 -0.03688960 0.00127669 -0.00542977 -0.01269794 -0.00228912 -0.00733578 -0.03416054 -0.02800046 0.04006955
920.0  0.38328088 0.00023186 0.01554786 0.00708934 -0.02125577 0.00728662 0.06510514 -0.04380386 -0.02087570 0.03056837
920.5  -0.56320167 0.03367689 0.01604680 0.01126353 -0.00515579 0.00492013 -0.08225598 -0.04124202 -0.00930962 0.01678145
921.0  -0.99240445 -0.05009667 0.00298519 0.00326503 0.01985100 0.00888761 0.06228686 -0.01217576 0.00326755 0.00014892
921.5  -0.58696744 0.05291270 -0.01350165 -0.00708857 0.01459415 -0.00256731 -0.00981714 0.02374368 0.01092229 -0.02020852
922.0  0.30173307 -0.03310940 -0.01768451 -0.00523060 -0.01454432 -0.01210040 -0.04772437 0.05053405 0.01037453 -0.03245442
922.5  0.94770190 -0.00149992 -0.00686261 0.00311709 -0.02033429 -0.00471417 0.08362288 0.04924172 0.00340876 -0.03931947
923.0  0.76508348 0.03159851 0.00982745 0.00750452 0.00385058 -0.00752337 -0.07043638 0.03442306 0.00080699 -0.03873575
923.5  -0.14425897 -0.05309929 0.01739973 -0.00029432 0.02321357 0.00503551 0.03055725 -0.00352187 -0.00301170 -0.03321649
924.0  -0.92612762 0.04685599 0.00669453 -0.00900327 0.01264648 0.00941033 0.01838175 -0.03226514 -0.00160792 -0.02539404
924.5  -0.75038614 -0.00997550 -0.01056049 -0.00638582 -0.01347942 0.00767107 -0.06482630 -0.04747913 0.00167851 -0.01799474
925.0  0.22981006 -0.03045797 -0.01643776 0.00458622 -0.02261367 0.00789940 0.08075503 -0.05491026 -0.00018119 -0.00838780
925.5  0.96203082 0.05215594 -0.00508288 0.01156708 -0.00506508 -0.00021366 -0.07327670 -0.04130875 0.00637452 0.00247383
926.0  0.67079469 -0.04346912 0.01190035 0.00759999 0.01697083 -0.00513205 0.04059194 -0.01598735 0.00341712 0.01287304
926.5  -0.30855918 0.00606477 0.01617907 -0.00002999 0.01867886 -0.01133610 0.01024756 0.01323690 0.00161972 0.02314413
927.0  -0.97052671 0.03450418 0.00546241 -0.00934659 0.00724818 -0.01511627 -0.05893042 0.03384686 -0.00180889 0.03190679
927.5  -0.66690800 -0.05264980 -0.01051050 -0.01679747 -0.00999430 -0.00849643 0.07774478 0.05486481 -0.01020934 0.04095236
928.0  0.31420898 0.04041312 -0.01684017 -0.00435204 -0.01770806 -0.00386401 -0.08022197 0.04265317 -0.00866739 0.04186274
928.5  0.97973976 -0.00066525 -0.00521991 0.01256337 -0.00642764 0.00971864 0.04656956 0.03485556 -0.01433156 0.04174004
929.0  0.56533993 -0.04168332 0.01290050 0.01579597 0.00958888 0.01650856 -0.00657288 0.01311397 -0.01070929 0.03856902
929.5  -0.50729432 0.05201137 0.01596890 0.00188727 0.01405053 0.01498652 -0.03897350 -0.00683434 -0.00318942 0.03562106
930.0  -0.98720513 -0.02230376 -0.00115962 -0.01336357 0.00549239 0.01213736 0.07155225 -0.02172265 0.00586248 0.03333259
930.5  -0.35953849 -0.02268762 -0.01718861 -0.01818234 -0.00463261 -0.01123365 -0.08227879 -0.02942213 0.02807622 0.02965883
931.0  0.62090060 0.05080109 -0.01255804 -0.00695104 -0.01335537 -0.01355883 0.06813623 -0.02607055 0.03716093 0.02182846
931.5  0.98718713 -0.04669840 0.00594776 0.01188855 -0.01400174 -0.01989845 -0.01390001 -0.01586461 0.04480553 0.00843512
932.0  0.48460174 0.01817628 0.01802597 0.01732711 0.00145933 -0.01135640 -0.04537277 -0.00339171 0.04000351 -0.00615907
932.5  -0.41628945 0.02005029 0.01224962 0.00247102 0.01604818 0.01332038 0.08303376 0.00649182 0.02108058 -0.01981701
933.0  -0.97374303 -0.04966018 -0.00580970 -0.01627251 0.01171500 0.01781459 -0.07231520 0.01388793 0.00307355 -0.02951431
933.5  -0.71522946 0.04759563 -0.01933241 -0.01136546 -0.00846234 0.01920441 0.01795096 0.01354851 -0.02192605 -0.03495418
934.0  0.16920915 -0.02408360 -0.01389143 0.00826348 -0.01900491 0.00657059 0.04620127 0.00845646 -0.03929183 -0.03616537
934.5  0.91077407 -0.01303650 0.00509982 0.01634507 -0.00476945 -0.01527740 -0.08363431 0.00084580 -0.04647715 -0.03635562
935.0  0.82420551 0.04861846 0.01905420 0.00387803 0.01503505 -0.01706362 0.07381844 -0.00886983 -0.04588864 -0.03608025
935.5  -0.01359093 -0.04952064 0.01385353 -0.01393451 0.01693863 -0.01625377 -0.02536025 -0.01409943 -0.03385782 -0.02663567
936.0  -0.83118045 0.02382444 -0.00244306 -0.01380852 -0.00183482 -0.00257452 -0.03975667 -0.01368113 -0.01319112 -0.01643812
936.5  -0.92220655 0.00742351 -0.01571537 0.00543788 -0.01692464 0.01597694 0.08233377 -0.00774591 0.01292738 -0.00304802
937.0  -0.25679546 -0.04179208 -0.01663811 0.01619976 -0.01106527 0.01629410 -0.07378431 0.01137712 0.03675772 0.00955862
937.5  0.60122796 0.05363900 -0.00490674 0.00626897 0.01119791 0.00874707 0.02069625 0.02438066 0.04453515 0.02209028
938.0  0.99230979 -0.03982114 0.00767454 -0.00984940 0.01888693 -0.00995784 0.04697726 0.02332841 0.02944340 0.03288905
938.5  0.59993670 0.01528686 0.01497684 -0.01065861 0.00262082 -0.01138069 -0.08524876 0.00950961 0.00384162 0.03853588
939.0  -0.31158694 0.02137894 0.01325419 -0.00808296 -0.01679232 -0.00948683 0.07309435 -0.03100654 -0.00524502 0.03610739
939.5  -0.96440193 -0.04961123 0.00029964 0.00317210 -0.01659007 0.02365699 -0.02715763 -0.04399783 -0.00262140 0.03038712
940.0  -0.68296099 0.04871586 -0.01317999 0.01441373 0.00190740 0.03558529 -0.01212055 -0.04102884 0.00183756 0.02132766
940.5  0.29378740 -0.02339517 -0.01454051 0.01192055 0.01457130 0.03017589 -0.07047097 0.00674862 0.00213852 0.01079989
941.0  0.96671213 -0.01359674 -0.00143460 -0.00624781 0.01290385 0.00562012 -0.07595627 0.04124510 0.00318345 -0.00172092
941.5  0.70415929 0.04438430 0.01331275 -0.01903110 -0.00165091 -0.02855979 -0.05224824 0.04899070 0.00019207 -0.01608341
942.0  -0.18478263 -0.05251455 0.01563702 -0.00652992 -0.00945134 -0.05158906 -0.00593079 0.02866304 -0.00710546 -0.02935769
942.5  -0.90338821 0.03905510 0.00452814 0.01729124 -0.00628486 -0.04266416 0.04275832 -0.00724905 -0.01532229 -0.03730314
943.0  -0.85594557 -0.01095388 -0.01122324 0.01831245 0.00451252 -0.00172122 0.06860050 -0.03707544 -0.01933284 -0.03769629
943.5  -0.06602591 -0.02302444 -0.01742944 -0.00454775 0.00774349 0.04256783 0.05910290 -0.04499698 -0.01567690 -0.03105515
944.0  0.79813715 0.04758159 -0.00793275 -0.02138000 -0.00173432 0.05805393 0.01969070 -0.02993613 -0.00590252 -0.02185107
944.5  0.91612836 -0.05128180 0.00848097 -0.01365009 -0.00722697 0.03391600 -0.02843177 -0.00276143 0.00436474 -0.01037571
945.0  0.12147545 0.02786907 0.01715636 0.00897627 -0.00272707 -0.01142090 -0.06378941 0.02162630 0.01286879 0.00183600
945.5  -0.80302503 0.01119319 0.00919210 0.02225379 0.00549129 -0.04511212 -0.07042544 0.03733757 0.01689549 0.01495007
946.0  -0.90006586 -0.04226879 -0.00747994 0.01075374 0.00675332 -0.04981943 -0.04215818 0.03928224 0.01798049 0.02797670
946.5  -0.09159813 0.05305668 -0.01780944 -0.01321452 0.00119189 -0.02748789 0.01113024 0.02999445 0.01555393 0.03774741
947.0  0.78921370 -0.03762295 -0.01349350 -0.02127117 -0.00718181 0.00395651 0.06318493 0.01058356 0.00851767 0.04242621
947.5  0.94033444 0.00226044 0.00114078 -0.00063074 -0.00587035 0.02657632 0.08341700 -0.01358521 0.00003118 0.04201877
948.0  0.29835056 0.02703404 0.01487240 0.02027355 0.00409495 0.03140558 0.05464057 -0.03333056 -0.00673293 0.03395590
948.5  -0.57229106 -0.04752036 0.01891621 0.01130154 0.00843593 0.02418945 -0.00797650 -0.04013076 -0.00774080 -0.01655085
949.0  -0.99103016 0.05450417 0.01101033 -0.01536447 0.00233882 0.01406260 -0.06513949 -0.03332265 -0.00412622 -0.00373091
949.5  -0.61181759 -0.03275302 -0.00501428 -0.01794965 -0.00706285 0.00511734 -0.08546491 -0.02119114 0.00091184 0.02113291
950.0  0.30267492 0.00212550 -0.01911458 0.00642689 -0.00733395 -0.00779464 -0.06883138 -0.01078262 0.00326133 -0.03733932
950.5  0.95977821 0.02947538 -0.01742380 0.02253752 -0.00247947 -0.02518447 -0.03859880 -0.00089151 -0.00466199 0.04560060
951.0  0.71573665 -0.05532854 -0.00053903 0.00940234 0.00193897 -0.04066483 -0.00389342 0.00970413 -0.02840173 -0.04460473
951.5  -0.20309916 0.04610118 0.01692432 -0.01401781 0.01370162 -0.02354414 0.04136660 0.00896528 -0.05515298 0.04021288
952.0  -0.92426809 -0.01450418 0.01858391 -0.01467938 0.01433951 0.00729058 0.04792721 0.00665014 -0.07135139 -0.02937635
952.5  -0.81909083 -0.01759989 0.00503037 0.00411255 -0.00647650 0.02675184 0.03159061 0.01078427 -0.06989713 0.01202762
953.0  -0.00534456 0.04746061 -0.01234565 0.01600416 -0.01944448 0.02995325 0.00166408 0.02218799 -0.05077097 0.00313145
953.5  0.81899823 -0.05320101 -0.01681891 0.00501187 -0.00625299 0.01750787 -0.02762734 0.03199261 -0.01999447 -0.01817321
954.0  0.91280012 0.02767651 -0.00573646 -0.01425917 0.01505849 -0.00373649 -0.04524451 0.03332259 0.01402537 0.03110813
954.5  0.12554969 0.01214842 0.01030166 -0.01542133 0.01592407 -0.02195578 -0.04374306 0.02613396 0.04330764 -0.03797117
955.0  -0.80847966 -0.04708121 0.01435324 0.00288630 -0.00110082 -0.02993678 -0.02246285 0.01351060 0.06318685 0.04054741
955.5  -0.87401545 0.04873030 0.00124198 0.02115339 -0.01227976 -0.02300104 0.01023055 0.00188568 0.07307540 -0.03788495
956.0  0.05437579 -0.01296369 -0.01292505 0.02028289 -0.00183700 0.00932305 0.03375813 -0.00658932 0.07349199 0.03763903
956.5  0.92204888 -0.03242466 -0.01187836 -0.00501966 -0.00023444 0.04606773 0.01900107 -0.00891918 0.06553947 -0.03302618
957.0  0.72653249 0.05445267 0.00355582 -0.01702815 -0.01557797 0.05390742 -0.00422369 -0.00794302 0.05046477 0.02536792
957.5  -0.27859059 -0.03313355 0.01510361 -0.00384332 -0.01618489 0.03994990 -0.02812894 -0.00719788 0.03022698 -0.01951998
958.0  -0.97104150 -0.01235626 0.01167743 0.01449623 0.00252349 0.00740169 -0.04580459 -0.01228335 0.00818102 0.00922410
958.5  -0.65642369 0.04397795 -0.00479563 0.01496804 0.01580512 -0.03900874 -0.04083955 -0.02686413 -0.00866241 0.00472504
959.0  0.31360293 -0.05083079 -0.01727000 -0.00607453 0.00296611 -0.06684458 -0.01742736 -0.03890004 -0.01549542 -0.01496819
959.5  0.97260235 0.02702469 -0.01343229 -0.01566733 -0.01317661 -0.06434283 -0.00848599 -0.04130464 -0.02010359 0.02607413
960.0  0.63768528 0.02026926 0.00415584 -0.00494929 -0.01263443 -0.03150454 0.03812284 -0.03583422 -0.01948256 -0.03498273
960.5  -0.38604903 -0.05086229 0.01814214 0.01154109 0.00541294 0.01705411 -0.04838920 -0.02672964 -0.01733317 0.04106923
961.0  -0.99070671 0.04408029 0.01291151 0.01178515 0.01696078 0.05865551 0.04275397 -0.01596441 -0.01280491 -0.04425211
961.5  -0.49988456 -0.01407314 -0.00553983 -0.00170660 0.00882793 0.07675679 -0.01997066 -0.00575476 -0.00851174 0.04391282
962.0  0.50825235 -0.02768757 -0.01768506 -0.01521219 -0.01297569 0.05807505 -0.00973118 0.00660555 -0.00281638 -0.04125859
962.5  0.99207768 0.05518289 -0.01155043 -0.01319513 -0.01346357 0.00830791 0.03814859 0.02327098 0.00196786 0.03220401
963.0  0.58143243 -0.04543867 0.00466969 0.00620605 0.00343564 -0.04615574 -0.04906124 0.04255863 0.00164168 -0.01637651
963.5  -0.29652198 0.02225342 0.01476402 0.01835025 0.01128724 -0.06785023 0.02958678 0.05262383 0.00052979 -0.00149986
964.0  -0.93151437 0.00757107 0.01300505 0.00482752 0.00223077 -0.04027841 0.00608016 0.03676057 -0.00450899 0.02120365
964.5  -0.83665413 -0.04310404 0.00049835 -0.01744360 -0.01005851 0.00984290 -0.03823368 -0.00488143 -0.00223789 -0.03729436
965.0  -0.06349026 0.05290013 -0.01192793 -0.01356156 -0.01245268 0.04132496 0.05185032 -0.04575355 0.01301869 0.04064353
965.5  0.77746713 -0.04094659 -0.01266603 0.01179617 0.00034408 0.03787276 -0.02500055 -0.06995571 0.02536919 -0.03994398
966.0  0.94313872 0.01386999 -0.00377291 0.02164346 0.01395045 0.00743226 -0.00985871 -0.05677558 0.03297952 0.03230424
966.5  0.24668251 0.02632592 0.00887111 0.00398124 0.01234192 -0.02371314 0.03732456 -0.01789305 0.02736780 -0.02094237
967.0  -0.68121449 -0.05088383 0.01413065 -0.01761710 -0.00163660 -0.02956267 -0.05067849 0.02588193 0.00830755 0.00603004
967.5  -0.97488886 0.04905648 0.00711322 -0.01894556 -0.01267320 -0.01876022 0.02786256 0.05836005 -0.01632486 0.00957945
968.0  -0.38447133 -0.02616479 -0.00483975 0.00235867 -0.00845312 0.01149672 0.01469036 0.06092656 -0.04002160 -0.02343845
968.5  0.53553953 -0.00848656 -0.01369748 0.02087307 0.00153592 0.03491105 -0.03756280 0.02925591 -0.05160344 0.03605187
969.0  0.99138910 0.03755472 -0.01316126 0.01008344 0.00394374 0.02063277 0.04835256 -0.01783913 -0.03496761 -0.04260000
969.5  0.60765521 -0.05447729 -0.00201409 -0.01039995 0.00796239 -0.00423670 -0.02663301 -0.04739266 0.00037447 0.03857015
970.0  -0.31036850 0.04672480 0.01086548 -0.01593346 0.00481366 -0.03241444 -0.01864134 -0.03736699 0.04229726 -0.03098157
970.5  -0.96440470 -0.01713754 0.01670393 -0.00123451 -0.00771995 -0.03595693 0.03498733 0.00213273 0.06497625 0.01915603
971.0  -0.67716118 -0.01750377 0.01002722 0.01568701 -0.01196141 -0.00735324 -0.05104434 0.04328354 0.04643365 -0.00398946
971.5  0.33160804 0.04896856 -0.00667644 0.01453958 0.00021494 0.02748418 0.03636343 0.04613171 0.02520645 -0.00870674
972.0  0.98390282 -0.05408111 -0.01673784 -0.00341346 0.01323641 0.04423378 -0.01565395 0.01366572 -0.00719100 0.02187854
972.5  0.57275218 0.02414285 -0.01233062 -0.01684709 0.01357512 0.02933284 -0.01298785 -0.02392129 -0.03009575 -0.03501160
973.0  -0.41764656 0.01304573 0.00334991 -0.01047186 0.00082618 -0.00795989 0.03949086 -0.05110819 -0.04501191 0.04106219
973.5  -0.98454823 -0.04035242 0.01498761 0.00961339 -0.01458721 -0.04101676 -0.04905782 -0.05363854 -0.04780713 -0.04277192
974.0  -0.64929678 0.05664783 0.01335675 0.01514254 -0.00972730 -0.05046569 0.03151659 -0.03310030 -0.03610656 0.03759518
974.5  0.24861806 -0.04418920 0.00410878 0.00055125 0.00556562 -0.01892138 0.00233939 0.00452253 -0.01798740 -0.02437177
975.0  0.93190229 0.01157885 -0.00804879 -0.01384109 0.01227273 0.02855438 -0.03412698 0.03975445 0.00306926 0.00746125
975.5  0.80346393 -0.01999645 -0.01169376 -0.00693086 0.00258951 0.05385147 0.05089496 0.05544545 0.02057723 0.00950313
976.0  -0.04611022 -0.04740031 -0.00670339 0.00738947 -0.01236959 0.04774796 -0.03149796 0.05239569 0.02998832 -0.02416028
976.5  -0.85933640 -0.06104964 0.00295185 0.00971942 -0.00957467 0.00732847 0.00396002 0.02950983 0.03343731 0.03425559
977.0  -0.87801146 -0.04772151 0.01084841 0.00335894 0.00730868 -0.04015672 0.02635164 0.00307765 0.03093419 -0.04090081
977.5  -0.08576554 -0.00686742 0.00870875 -0.00220347 0.01861724 -0.05958777 -0.05437640 -0.01530563 0.02555392 0.04036866
978.0  0.77670073 0.04399135 -0.00100927 -0.00355000 0.00507484 -0.06427645 0.03619808 -0.03211213 0.02329170 -0.03511321
978.5  0.94723706 0.07704259 -0.01038611 -0.00220155 -0.01493899 -0.02784397 -0.01771677 -0.03827342 0.01674112 0.02615666
979.0  0.31570286 0.07078729 -0.01034294 -0.00021416 -0.01556730 0.01918923 -0.02503405 -0.04539790 0.00702377 -0.01465605
979.5  -0.57127096 0.02574051 -0.00096944 0.00404422 0.00510079 0.05663346 0.04565029 -0.04909355 -0.00326848 -0.00167365
980.0  -0.99018708 -0.03613561 0.01030805 0.00260112 0.01765072 0.05754458 -0.04927300 -0.03868670 -0.01704739 0.01614771
980.5  -0.56211644 -0.08144888 0.01229827 -0.00243394 0.00414362 0.03067447 0.02632964 -0.01832804 -0.02827911 -0.02388425
981.0  0.40297955 -0.07899960 0.00182665 -0.00327369 -0.01518960 -0.01048417 0.00416915 0.00770783 -0.03642676 0.03263170
981.5  0.98712811 -0.02223871 -0.01188152 0.00074557 -0.01688496 -0.04180607 -0.03141941 0.03183531 -0.04118982 -0.03595355
982.0  0.50178072 0.05205559 -0.01285911 0.00271175 0.00014959 -0.05349687 0.04746616 0.04626986 -0.03955515 0.03807751
982.5  -0.55678612 0.08783272 0.00128465 -0.00352998 0.01666810 -0.04301925 -0.04858857 0.05520942 -0.03741531 -0.03570536
983.0  -0.98023054 0.05887309 0.01389627 -0.00763182 0.01434299 -0.01670853 0.03729399 0.05150967 -0.03121483 0.03325100
983.5  -0.34424111 -0.01053301 0.01192665 0.00326626 -0.00039130 0.02061925 -0.01012073 0.04146331 -0.01822340 -0.02179937
984.0  0.62379722 -0.07472012 -0.00104879 0.01910697 -0.00555395 0.04941444 -0.01425961 0.02035982 0.00060804 0.01043954
984.5  0.98173922 -0.09734725 -0.01209605 0.01206787 0.00121926 0.04532210 0.05282288 -0.00926639 0.02293754 0.00173112
985.0  0.43348668 -0.06232503 -0.01110518 -0.01171428 0.00117088 0.04592896 -0.04481690 -0.01788834 0.05111144 -0.01332294
985.5  -0.51318103 0.01774429 -0.00245282 -0.01684041 0.00001302 0.00032893 0.03063237 -0.04001149 0.06061091 0.02114525
986.0  -0.98708233 0.09623880 0.00792568 -0.00319923 -0.00192150 -0.03350011 -0.01484099 -0.05035796 -0.03878241 -0.02789520
986.5  -0.51325884 0.11645364 0.01093693 0.01386431 0.00048516 -0.05382030 -0.03207062 -0.02470569 0.02294154 0.03208739
987.0  0.47263023 0.05310513 0.00277086 0.01120376 0.00226121 -0.05287624 0.03247733 -0.00481004 0.01234090 -0.03314068
987.5  0.98536831 -0.05369683 -0.00784446 -0.00342020 0.00027117 -0.01714577 -0.03114533 0.02156983 -0.04087194 0.03165383
988.0  0.50943731 -0.12615257 -0.01089451 -0.01317460 0.00298356 0.01947929 0.01257768 0.04809339 0.05227635 -0.02677241
988.5  -0.45873396 -0.11354140 -0.00214514 -0.00945940 0.00282744 0.04855470 0.02297658 0.04900553 -0.06250022 0.02122002
989.0  -0.98121472 -0.02945656 0.01010337 0.00428914 -0.00382080 0.05538478 -0.03031910 0.04229607 0.04671277 -0.01520708
989.5  -0.62200740 0.06827775 0.01335835 0.01157644 -0.00934114 0.02431691 0.03262737 0.01076357 -0.02279786 0.00584693
990.0  0.26046038 0.12605177 0.00340884 0.00066568 -0.00337529 -0.01608497 -0.01172073 -0.02609863 -0.00831548 0.00507270
990.5  0.92278692 0.12015023 -0.00910936 -0.01111390 0.00504126 -0.04234547 -0.01462172 -0.05429104 0.04100523 -0.01548509
991.0  0.81300951 0.05800542 -0.01605029 -0.00842937 0.00825378 -0.03821599 0.02771464 -0.06214365 -0.05911235 0.02516389
991.5  -0.02111215 -0.03051941 -0.00775373 0.00891819 0.00049448 -0.00885389 -0.03051438 -0.03608243 0.06196656 -0.02855791
992.0  -0.85616625 -0.10223333 0.00746917 0.01658651 -0.00554099 0.01884312 0.01643768 0.00017695 -0.04913105 0.02888349
992.5  -0.84759389 -0.11841734 0.01566082 0.00459680 -0.00377562 0.03224752 0.00427166 0.04068149 0.02728729 -0.02682936
993.0  0.02543354 -0.07180786 0.00963333 -0.01212039 0.00472411 0.02612815 -0.01977145 0.06481676 0.00367009 0.02095780
993.5  0.86184112 0.00794944 -0.00497829 -0.01572014 0.00878510 0.00426355 0.02034886 0.06762544 -0.03700446 -0.01250343
994.0  0.87218945 0.07876089 -0.01461930 -0.00111270 0.00060313 -0.01736442 -0.03471737 0.03067351 0.05667868 -0.00091177
994.5  0.12395776 0.11362114 -0.01479388 0.01009032 -0.01006096 -0.02796006 0.00935413 -0.01503153 -0.06456141 0.01288942
995.0  -0.71298121 0.10595308 -0.00421731 0.00502144 -0.01025407 -0.01213310 0.01381281 -0.06064678 0.04071882 -0.02299665
995.5  -0.97355382 0.05919985 0.00761400 -0.00550248 0.00438036 0.02719358 -0.01469548 -0.07068382 -0.00976331 0.02894924
996.0  -0.43923610 -0.01116279 0.01363120 0.00021880 0.01356108 0.03595308 0.03886079 0.02982979 -0.03721293 -0.02529381
996.5  0.48191631 -0.07912600 0.01043061 0.00268428 0.00305454 0.02209040 -0.00537972 0.00778249 -0.05811178 0.02011912
997.0  0.98608662 -0.11280884 0.00005499 -0.00593898 -0.00931917 -0.00558567 -0.01464126 0.03559688 -0.05917680 -0.01193648
997.5  0.56278715 -0.09223808 -0.01016167 -0.00827565 -0.00785958 -0.02353564 0.02970382 0.05416618 -0.04838320 0.00133733
998.0  -0.41524158 -0.02795310 -0.01251822 0.00100444 0.00044559 -0.03385415 -0.02548430 0.05842718 -0.02547529 0.01030844
998.5  -0.98393286 0.04520306 -0.00421505 0.01363409 0.00505253 -0.01735849 0.01267449 0.04483302 0.00495667 -0.02109578
999.0  -0.59503717 0.09294485 0.00844288 0.00971940 -0.00071512 0.00698170 0.01611837 0.01999224 0.03813902 0.02760009
999.5  0.34145247 0.10037033 0.01299395 -0.00799753 -0.00617020 0.02275622 -0.02993435 -0.01112402 0.06502451 -0.03270079
1000.0  0.95825118 0.07156204 0.00673935 -0.01624806 -0.00373176 0.02160725 0.02465002 -0.03498997 0.07855407 0.03070884
