# Step S0->S0 S0->S1 S0->S2 S0->S3 S0->S4 S0->S5 S0->S6 S0->S7 S0->S8 S0->S9
0.0  -0.03636 -0.00828 -0.12312 -0.50944 0.28372 -0.05596 -0.20992 0.00120 -0.07272 0.05516
0.5  -0.04140 -0.00608 -0.12716 -0.50744 0.28832 -0.06308 -0.20196 -0.01556 -0.06300 0.06916
1.0  -0.04324 -0.00392 -0.12812 -0.50792 0.29140 -0.06792 -0.19292 -0.03152 -0.05960 0.07420
1.5  -0.04180 -0.00188 -0.12592 -0.51116 0.29228 -0.07092 -0.18268 -0.04736 -0.06744 0.06912
2.0  -0.03728 -0.00004 -0.12060 -0.51756 0.28988 -0.07232 -0.17100 -0.06416 -0.08556 0.04676
2.5  -0.03020 -0.00172 -0.11208 -0.52744 0.28256 -0.07196 -0.15708 -0.08300 -0.09508 0.02488
3.0  -0.02128 -0.00320 -0.10052 -0.54200 0.26676 -0.06936 -0.13976 -0.10472 -0.09784 0.01732
3.5  -0.01148 -0.00452 -0.08608 -0.56332 0.23344 -0.06288 -0.11708 -0.12996 -0.09920 0.01756
4.0  -0.00160 -0.00568 -0.06900 -0.59656 0.14832 -0.04808 -0.08872 -0.15672 -0.10012 0.02216
4.5  0.00756 -0.00672 -0.04968 -0.59704 -0.16048 -0.01544 -0.06896 -0.17732 -0.10032 0.03000
5.0  0.01524 -0.00776 -0.02872 -0.42940 -0.44672 0.03868 -0.09476 -0.17488 -0.09384 0.04020
5.5  0.02088 -0.00880 -0.00688 -0.34064 -0.51608 0.09636 -0.09564 -0.19164 -0.00704 0.04992
6.0  0.02404 -0.00988 0.01516 -0.28028 -0.54636 0.14276 -0.08012 -0.18104 0.05460 0.05368
6.5  0.02444 -0.01104 0.03656 -0.22332 -0.56456 0.17252 -0.10100 -0.16616 0.06204 0.05260
7.0  0.02196 -0.01228 0.05648 -0.16468 -0.57524 0.18572 -0.14092 -0.15108 0.06236 0.05012
7.5  0.01668 -0.01352 0.07432 -0.10776 -0.57868 0.18712 -0.18188 -0.13612 0.06168 0.04840
8.0  0.00892 -0.01464 0.08940 -0.05956 -0.57656 0.18100 -0.21692 -0.12104 0.06144 0.04820
8.5  -0.00060 -0.01556 0.10136 -0.02440 -0.57192 0.17008 -0.24480 -0.10576 0.06244 0.04980
9.0  -0.01104 -0.01616 0.10980 -0.00228 -0.56796 0.15528 -0.26608 -0.09004 0.06544 0.05292
9.5  -0.02132 -0.01628 0.11440 0.01024 -0.56652 0.13712 -0.28180 -0.07380 0.07120 0.05548
10.0  -0.03028 -0.01596 0.11512 0.01692 -0.56772 0.11632 -0.29232 -0.05692 0.07900 0.05464
10.5  -0.03680 -0.01520 0.11168 0.02156 -0.57136 0.09320 -0.29868 -0.03928 0.08636 0.05032
11.0  -0.04008 -0.01404 0.10404 0.02848 -0.57676 0.06828 -0.30128 -0.02076 0.09132 0.04596
11.5  -0.03964 -0.01244 0.09228 0.04336 -0.58248 0.04200 -0.30048 -0.00140 0.09308 0.04580
12.0  -0.03536 -0.01060 0.07660 0.07560 -0.58608 0.01428 -0.29632 0.01916 0.09248 0.04848
12.5  -0.02772 -0.00856 0.05752 0.13804 -0.58104 -0.01592 -0.28848 0.04108 0.08992 0.04592
13.0  -0.01748 -0.00644 0.03556 0.23384 -0.55504 -0.05220 -0.27536 0.06456 0.08460 0.04292
13.5  -0.00564 -0.00424 0.01164 0.32820 -0.50912 -0.10452 -0.24968 0.08956 0.07492 0.04108
14.0  0.00660 -0.00220 -0.01328 0.38612 -0.46876 -0.18420 -0.18352 0.11488 0.05864 0.04068
14.5  0.01816 -0.00028 -0.03820 0.41208 -0.44600 -0.23376 -0.08388 0.13752 0.03596 0.04112
15.0  0.02808 0.00132 -0.06216 0.41952 -0.43700 -0.23660 -0.01052 0.15324 0.01068 0.04176
15.5  0.03560 0.00260 -0.08440 0.41676 -0.43632 -0.22672 0.07824 0.14004 -0.01324 0.04212
16.0  0.04032 0.00348 -0.10424 0.40820 -0.44060 -0.21388 0.14324 0.08544 -0.03384 0.04204
16.5  0.04188 0.00380 -0.12136 0.39648 -0.44800 -0.19980 0.16004 0.05812 -0.05100 0.04132
17.0  0.04036 0.00372 -0.13544 0.38296 -0.45756 -0.18520 0.16416 0.04548 -0.06524 0.04004
17.5  0.03580 0.00312 -0.14636 0.36856 -0.46888 -0.17012 0.16292 0.03848 -0.07696 0.03848
18.0  0.02864 0.00220 -0.15396 0.35336 -0.48160 -0.15432 0.15824 0.03408 -0.08664 0.03688
18.5  0.01940 0.00096 -0.15840 0.33744 -0.49592 -0.13728 0.15152 0.03144 -0.09460 0.03536
19.0  0.00872 -0.00048 -0.15964 0.31988 -0.51160 -0.11784 0.14428 0.03136 -0.10092 0.03428
19.5  -0.00244 -0.00200 -0.15760 0.29936 -0.52916 -0.09208 0.13928 0.03696 -0.10480 0.03356
20.0  -0.01324 -0.00352 -0.15240 0.27264 -0.54936 -0.04716 0.13876 0.05748 -0.10156 0.03320
20.5  -0.02264 -0.00492 -0.14408 0.23456 -0.57320 0.00852 0.12468 0.09464 -0.07792 0.03300
21.0  -0.02984 -0.00612 -0.13264 0.17500 -0.60076 0.02284 0.09808 0.11612 -0.05740 0.03288
21.5  -0.03412 -0.00704 -0.11816 0.08096 -0.62720 0.01452 0.06708 0.12892 -0.05156 0.03272
22.0  -0.03516 -0.00756 -0.10076 -0.04360 -0.63748 -0.00360 0.00636 0.13796 -0.05272 0.03232
22.5  -0.03284 -0.00772 -0.08076 -0.15648 -0.62576 -0.02868 0.06664 0.10976 -0.05756 0.03160
23.0  -0.02744 -0.00756 -0.05856 -0.22672 -0.60916 -0.05940 0.08068 0.07916 -0.06412 0.03060
23.5  -0.01956 -0.00700 -0.03464 -0.25888 -0.59988 -0.09292 0.07024 0.05460 -0.07000 0.02900
24.0  -0.00996 -0.00612 -0.00976 -0.26460 -0.59876 -0.12464 0.04712 0.03304 -0.07268 0.02668
24.5  0.00048 -0.00504 0.01536 -0.25128 -0.60304 -0.15220 0.01736 0.01520 -0.07140 0.02324
25.0  0.01088 -0.00376 0.03984 -0.22384 -0.60932 -0.17600 -0.01556 0.00124 -0.06764 0.01908
25.5  0.02040 -0.00248 0.06292 -0.18668 -0.61396 -0.19664 -0.05020 -0.00948 -0.06264 0.01536
26.0  0.02820 -0.00132 0.08384 -0.14512 -0.61488 -0.21304 -0.08580 -0.01804 -0.05708 0.01204
26.5  0.03368 -0.00024 0.10208 -0.10532 -0.61188 -0.22276 -0.12104 -0.02512 -0.05136 0.00920
27.0  0.03632 0.00064 0.11700 -0.07284 -0.60680 -0.22332 -0.15392 -0.03116 -0.04572 0.00728
27.5  0.03584 0.00120 0.12840 -0.05040 -0.60220 -0.21308 -0.18256 -0.03648 -0.04028 0.00708
28.0  0.03208 0.00152 0.13588 -0.03824 -0.60032 -0.19228 -0.20544 -0.04124 -0.03516 0.00900
28.5  0.02524 0.00176 0.13940 -0.03468 -0.60136 -0.16328 -0.22188 -0.04556 -0.03068 0.01212
29.0  0.01580 0.00188 0.13880 -0.03696 -0.60428 -0.12968 -0.23196 -0.04928 -0.02676 0.01532
29.5  0.00456 0.00208 0.13420 -0.04304 -0.60788 -0.09580 -0.23672 -0.05228 -0.02404 0.01808
30.0  -0.00744 0.00236 0.12560 -0.05080 -0.61140 -0.06484 -0.23688 -0.05424 -0.02272 0.02064
30.5  -0.01904 0.00280 0.11320 -0.05784 -0.61456 -0.03868 -0.23404 -0.05340 -0.02420 0.02308
31.0  -0.02904 0.00344 0.09736 -0.06036 -0.61784 -0.01956 -0.11580 -0.20364 -0.03092 0.02572
31.5  -0.03644 0.00424 0.07844 -0.04564 -0.62212 -0.01336 -0.07492 -0.21152 -0.04988 0.02908
32.0  -0.04044 0.00516 0.05692 0.08356 -0.62008 -0.02304 -0.06320 -0.19520 -0.08756 0.03356
32.5  -0.04076 0.00628 0.03356 0.55124 -0.29752 -0.02400 -0.13940 -0.12712 -0.10828 0.03804
33.0  -0.03760 0.00756 0.00916 0.58448 -0.22272 -0.01092 -0.12432 -0.15148 -0.08672 0.04084
33.5  -0.03152 0.00900 -0.01544 0.58608 -0.21076 0.01556 -0.11876 -0.16588 -0.05432 0.04220
34.0  -0.02336 0.01060 -0.03944 0.58168 -0.20984 0.05016 -0.11076 -0.16968 -0.02936 0.04256
34.5  -0.01428 0.01212 -0.06196 0.57464 -0.21148 0.08236 -0.09808 -0.16888 -0.01120 0.04100
35.0  -0.00528 0.01360 -0.08228 0.56592 -0.21308 0.10980 -0.08396 -0.16676 0.00384 0.03724
35.5  0.00264 0.01496 -0.09992 0.55644 -0.21364 0.13500 -0.06984 -0.16448 0.01804 0.02876
36.0  0.00876 0.01596 -0.11452 0.54656 -0.21316 0.15764 -0.05536 -0.16220 0.02732 0.01488
36.5  0.01248 0.01644 -0.12580 0.53748 -0.21252 0.17692 -0.04088 -0.16000 0.02884 0.00212
37.0  0.01368 0.01632 -0.13364 0.53056 -0.21196 0.19028 -0.02688 -0.15788 0.02692 -0.00700
37.5  0.01220 0.01552 -0.13792 0.52780 -0.20972 0.19600 -0.01260 -0.15584 0.02416 -0.01404
38.0  0.00832 0.01408 -0.13856 0.53144 -0.20080 0.19452 0.00116 -0.15356 0.02204 -0.01956
38.5  0.00228 0.01192 -0.13544 0.54340 -0.17824 0.18732 0.01476 -0.15064 0.02728 -0.01836
39.0  -0.00544 0.00932 -0.12852 0.56132 -0.13628 0.17576 0.02856 -0.14736 0.03800 -0.00188
39.5  -0.01424 0.00640 -0.11812 0.58024 -0.07536 0.16112 0.04292 -0.14320 0.04508 -0.00232
40.0  -0.02336 0.00336 -0.10400 0.59316 -0.00588 0.14396 0.05800 -0.13800 0.05308 -0.00596
40.5  -0.03196 0.00044 -0.08664 0.59856 0.05780 0.12400 0.07424 -0.13156 0.06200 -0.00996
41.0  -0.03924 -0.00224 -0.06640 0.59908 0.10932 0.09992 0.09144 -0.12308 0.07168 -0.01276
41.5  -0.04440 -0.00452 -0.04364 0.59692 0.15080 0.06912 0.10832 -0.11252 0.08240 -0.01384
42.0  -0.04680 -0.00636 -0.01944 0.59208 0.18760 0.03044 0.12024 -0.09884 0.09424 -0.01320
42.5  -0.04608 -0.00756 0.00556 0.58240 0.22692 -0.01032 0.12156 -0.08108 0.10636 -0.01160
43.0  -0.04216 -0.00816 0.03048 0.56168 0.27960 -0.04496 0.11420 -0.05812 0.11780 -0.00956
43.5  -0.03540 -0.00812 0.05452 0.51196 0.36388 -0.07212 0.10328 -0.03044 0.12592 -0.00740
44.0  -0.02628 -0.00740 0.07708 0.39460 0.48768 -0.09388 0.09224 -0.00096 0.12848 -0.00492
44.5  -0.01568 -0.00624 0.09760 0.23424 0.57960 -0.11176 0.08252 0.02720 0.12560 -0.00180
45.0  -0.00448 -0.00460 0.11568 0.12868 0.60844 -0.12628 0.07508 0.05324 0.11876 0.00248
45.5  0.00640 -0.00280 0.13104 0.07568 0.61324 -0.13680 0.07036 0.07760 0.10900 0.00784
46.0  0.01612 -0.00096 0.14352 0.04996 0.61180 -0.14212 0.06848 0.10040 0.09684 0.01384
46.5  0.02396 0.00080 0.15280 0.03908 0.60916 -0.14196 0.06912 0.12296 0.08260 0.01896
47.0  0.02944 0.00240 0.15884 0.03692 0.60692 -0.13532 0.07156 0.14292 0.06740 0.02128
47.5  0.03220 0.00364 0.16140 0.04048 0.60556 -0.12356 0.07436 0.16036 0.05216 0.02028
48.0  0.03204 0.00460 0.16036 0.04788 0.60504 -0.10868 0.07576 0.17508 0.03728 0.01688
48.5  0.02896 0.00528 0.15556 0.05768 0.60512 -0.09288 0.07240 0.18776 0.02280 0.01280
49.0  0.02316 0.00568 0.14684 0.06800 0.60588 -0.07740 0.05368 0.20112 0.00868 0.00912
49.5  0.01500 0.00592 0.13424 0.07600 0.60752 -0.06192 0.03680 0.20868 -0.00520 0.00616
50.0  0.00512 0.00600 0.11780 0.07364 0.61088 -0.04436 0.13768 0.16268 -0.01860 0.00380
50.5  -0.00572 0.00604 0.09780 0.01388 0.61836 -0.01976 0.15428 0.14568 -0.03084 0.00144
51.0  -0.01656 0.00596 0.07472 -0.48532 0.38804 0.01788 0.14576 0.14728 -0.03980 0.00148
51.5  -0.02636 0.00580 0.04924 -0.56496 0.26352 0.04908 0.09724 0.17228 -0.04124 0.00540
52.0  -0.03428 0.00544 0.02208 -0.57044 0.25368 0.04664 0.07092 0.18228 -0.03768 0.01160
52.5  -0.03956 0.00512 -0.00576 -0.56688 0.25972 0.01924 0.12228 0.15528 -0.03712 0.01964
53.0  -0.04176 0.00464 -0.03336 -0.55944 0.26992 -0.01752 0.13144 0.14584 -0.03784 0.02724
53.5  -0.04084 0.00400 -0.05976 -0.54964 0.28080 -0.05248 0.12656 0.14228 -0.03824 0.03276
54.0  -0.03716 0.00328 -0.08412 -0.53812 0.29132 -0.08240 0.11500 0.14104 -0.03804 0.03656
54.5  -0.03124 0.00252 -0.10588 -0.52536 0.30140 -0.10752 0.10000 0.14100 -0.03772 0.03952
55.0  -0.02392 0.00156 -0.12448 -0.51192 0.31140 -0.12792 0.08340 0.14156 -0.03700 0.04324
55.5  -0.01604 0.00048 -0.13964 -0.49816 0.32224 -0.14320 0.06620 0.14232 -0.03528 0.04792
56.0  -0.00844 -0.00080 -0.15120 -0.48424 0.33500 -0.15296 0.04972 0.14320 -0.03304 0.05336
56.5  -0.00184 -0.00232 -0.15888 -0.47004 0.35032 -0.15676 0.03548 0.14436 -0.03500 0.05660
57.0  0.00324 -0.00404 -0.16296 -0.45504 0.36892 -0.15464 0.02684 0.14568 -0.04432 0.05492
57.5  0.00648 -0.00600 -0.16312 -0.43756 0.39216 -0.14712 0.03588 0.14560 -0.05468 0.05080
58.0  0.00764 -0.00816 -0.15952 -0.41020 0.42560 -0.13488 0.09696 0.11908 -0.06284 0.04788
58.5  0.00660 -0.01048 -0.15212 -0.31828 0.50376 -0.11856 0.13092 0.08920 -0.07076 0.04648
59.0  0.00344 -0.01284 -0.14132 0.22268 0.55860 -0.09808 0.13912 0.08540 -0.08104 0.04548
59.5  -0.00184 -0.01528 -0.12700 0.35160 0.49500 -0.07104 0.14364 0.08236 -0.09760 0.04440
60.0  -0.00896 -0.01772 -0.10952 0.38340 0.47800 0.02096 0.14800 0.05964 -0.12588 0.04276
60.5  -0.01756 -0.02012 -0.08932 0.39572 0.47456 -0.13136 0.04580 0.00668 -0.15052 0.04028
61.0  -0.02704 -0.02240 -0.06684 0.39568 0.48040 -0.13048 -0.00268 -0.03360 -0.15700 0.03712
61.5  -0.03664 -0.02464 -0.04268 0.38140 0.49636 -0.12220 -0.06200 -0.02408 -0.15668 0.03332
62.0  -0.04548 -0.02664 -0.01748 0.34616 0.52472 -0.10540 -0.08780 -0.06144 -0.15032 0.02904
62.5  -0.05260 -0.02840 0.00796 0.28064 0.56436 -0.07856 -0.11052 -0.09624 -0.13776 0.02452
63.0  -0.05720 -0.02984 0.03300 0.18700 0.60264 -0.04796 -0.12384 -0.12564 -0.12120 0.02004
63.5  -0.05860 -0.03084 0.05688 0.09380 0.62364 -0.02192 -0.12740 -0.14884 -0.10448 0.01480
64.0  -0.05648 -0.03124 0.07892 0.02692 0.62912 -0.00148 -0.12524 -0.16688 -0.08972 0.00180
64.5  -0.05088 -0.03100 0.09860 -0.01252 0.62792 0.01544 -0.12020 -0.18132 -0.04100 -0.06436
65.0  -0.04208 -0.03000 0.11540 -0.03312 0.62520 0.03060 -0.11340 -0.19336 -0.02668 -0.05940
65.5  -0.03088 -0.02824 0.12900 -0.04180 0.62256 0.04512 -0.10500 -0.20320 -0.02360 -0.05052
66.0  -0.01808 -0.02568 0.13904 -0.04332 0.62044 0.05912 -0.09508 -0.21284 -0.02188 -0.04212
66.5  -0.00476 -0.02244 0.14532 -0.04032 0.61912 0.07164 -0.08332 -0.22084 -0.02008 -0.03396
67.0  0.00800 -0.01864 0.14764 -0.03500 0.61888 0.08064 -0.06960 -0.22752 -0.01800 -0.02536
67.5  0.01928 -0.01456 0.14584 -0.02892 0.62016 0.08384 -0.05388 -0.23264 -0.01540 -0.01568
68.0  0.02812 -0.01028 0.13976 -0.02392 0.62300 0.08008 -0.03656 -0.23612 -0.01128 -0.00440
68.5  0.03388 -0.00620 0.12944 -0.02228 0.62668 0.07068 -0.01824 -0.23764 -0.00128 0.00412
69.0  0.03608 -0.00236 0.11504 -0.02760 0.63032 0.05840 0.00016 -0.23700 0.01256 0.00636
69.5  0.03456 0.00104 0.09676 -0.04612 0.63260 0.04556 0.01772 -0.23408 0.02868 0.00744
70.0  0.02940 0.00388 0.07520 -0.08848 0.63068 0.03296 0.03372 -0.22784 0.04852 0.00956
70.5  0.02104 0.00616 0.05100 -0.16772 0.61600 0.01980 0.04748 -0.21620 0.07440 0.01264
71.0  0.01028 0.00792 0.02504 -0.27688 0.57552 0.00416 0.05816 -0.19604 0.10708 0.01468
71.5  -0.00180 0.00928 -0.00172 -0.36996 0.51944 -0.01468 0.06392 -0.16472 0.14124 0.01452
72.0  -0.01408 0.01028 -0.02824 -0.42196 0.47512 -0.03312 0.06452 -0.12828 0.16592 0.01228
72.5  -0.02520 0.01100 -0.05364 -0.44476 0.44908 -0.04736 0.06304 -0.09728 0.17664 0.00864
73.0  -0.03400 0.01164 -0.07712 -0.45184 0.43608 -0.05772 0.06164 -0.07648 0.17748 0.00444
73.5  -0.03956 0.01220 -0.09812 -0.45044 0.43104 -0.06596 0.05576 -0.07040 0.17228 0.00032
74.0  -0.04136 0.01280 -0.11624 -0.44436 0.43084 -0.07312 0.00824 -0.08832 0.16316 -0.00316
74.5  -0.03928 0.01340 -0.13120 -0.43544 0.43400 -0.07972 -0.01896 -0.09064 0.15108 -0.00560
75.0  -0.03372 0.01400 -0.14280 -0.42476 0.43996 -0.08552 -0.02848 -0.09500 0.13680 -0.00724
75.5  -0.02532 0.01448 -0.15096 -0.41244 0.44860 -0.08956 -0.03788 -0.09944 0.12160 -0.00856
76.0  -0.01516 0.01472 -0.15560 -0.39796 0.46056 -0.09088 -0.04824 -0.10244 0.10660 -0.01004
76.5  -0.00424 0.01464 -0.15660 -0.37912 0.47744 -0.08836 -0.05924 -0.10376 0.09276 -0.01196
77.0  0.00632 0.01420 -0.15388 -0.34920 0.50316 -0.08152 -0.06884 -0.10356 0.08148 -0.01420
77.5  0.01564 0.01340 -0.14736 -0.28116 0.54908 -0.07168 -0.07372 -0.10260 0.07468 -0.01660
78.0  0.02296 0.01216 -0.13696 -0.03552 0.62156 -0.06140 -0.06920 -0.10276 0.07380 -0.01872
78.5  0.02776 0.01056 -0.12276 0.28824 0.55924 -0.05228 -0.04576 -0.10760 0.07848 -0.02076
79.0  0.02976 0.00872 -0.10496 0.38084 0.50952 -0.04488 0.00280 -0.10520 0.08696 -0.02272
79.5  0.02888 0.00664 -0.08396 0.41280 0.49248 -0.03912 -0.02580 -0.08504 0.09796 -0.02472
80.0  0.02516 0.00448 -0.06028 0.42376 0.49068 -0.03448 -0.02752 -0.06188 0.10928 -0.02664
80.5  0.01892 0.00232 -0.03476 0.42052 0.49924 -0.03004 -0.02240 -0.03620 0.11892 -0.02800
81.0  0.01056 0.00024 -0.00816 0.40256 0.51724 -0.02456 -0.01508 -0.00816 0.12508 -0.02776
81.5  0.00080 -0.00168 0.01848 0.36676 0.54436 -0.01704 -0.00832 0.02076 0.12656 -0.02508
82.0  -0.00960 -0.00336 0.04428 0.31008 0.57748 -0.00756 -0.00336 0.04888 0.12392 -0.02028
82.5  -0.01960 -0.00476 0.06848 0.23668 0.60848 0.00316 0.00004 0.07516 0.11800 -0.01364
83.0  -0.02820 -0.00580 0.09048 0.16164 0.62860 0.01428 0.00248 0.09936 0.10984 -0.00492
83.5  -0.03448 -0.00640 0.10976 0.10032 0.63620 0.02512 0.00468 0.12164 0.09976 0.00772
84.0  -0.03768 -0.00660 0.12604 0.05828 0.63560 0.03500 0.00712 0.14228 0.08488 0.02920
84.5  -0.03740 -0.00636 0.13908 0.03268 0.63116 0.04332 0.01080 0.16148 0.05812 0.05428
85.0  -0.03364 -0.00560 0.14872 0.01932 0.62528 0.04936 0.01708 0.18016 0.03868 0.05768
85.5  -0.02676 -0.00436 0.15488 0.01484 0.61904 0.05244 0.03124 0.19636 0.03632 0.04724
86.0  -0.01752 -0.00276 0.15764 0.01664 0.61288 0.05192 0.08084 0.20112 0.04436 0.02224
86.5  -0.00684 -0.00072 0.15700 0.02324 0.60700 0.04664 0.20656 0.10932 0.03872 0.00668
87.0  0.00412 0.00164 0.15300 0.03368 0.60144 0.03464 0.24268 0.05976 0.02796 0.00180
87.5  0.01436 0.00432 0.14572 0.04772 0.59596 0.01000 0.25984 0.04872 0.01528 -0.00060
88.0  0.02300 0.00708 0.13540 0.06612 0.59012 -0.04444 0.26712 0.04756 -0.00008 -0.00256
88.5  0.02924 0.00992 0.12220 0.09300 0.58280 -0.14936 0.23480 0.05060 -0.01904 -0.00420
89.0  0.03268 0.01260 0.10632 0.15192 0.56704 -0.22584 0.16784 0.05932 -0.04140 -0.00548
89.5  0.03304 0.01516 0.08804 0.54204 0.21744 -0.25060 0.12356 0.07340 -0.06260 -0.00680
90.0  0.03028 0.01748 0.06784 0.58068 -0.02776 -0.25192 0.12548 0.06488 -0.07712 -0.00804
90.5  0.02460 0.01952 0.04620 0.57440 -0.07092 -0.23148 0.16580 0.04720 -0.08340 -0.00956
91.0  0.01644 0.02132 0.02364 0.56832 -0.09400 -0.18404 0.21928 0.03244 -0.08408 -0.01148
91.5  0.00636 0.02280 0.00092 0.56260 -0.11044 -0.12252 0.25832 0.02152 -0.08156 -0.01424
92.0  -0.00488 0.02396 -0.02128 0.55700 -0.12252 -0.06796 0.27608 0.01332 -0.07724 -0.01804
92.5  -0.01636 0.02472 -0.04232 0.55180 -0.13072 -0.02372 0.28080 0.00692 -0.07132 -0.02364
93.0  -0.02704 0.02520 -0.06156 0.54740 -0.13436 0.01384 0.27896 0.00160 -0.06276 -0.03192
93.5  -0.03596 0.02536 -0.07852 0.54428 -0.13252 0.04748 0.27244 -0.00296 -0.04924 -0.04308
94.0  -0.04224 0.02508 -0.09252 0.54320 -0.12376 0.07852 0.26308 -0.00696 -0.03076 -0.05208
94.5  -0.04532 0.02444 -0.10356 0.54444 -0.10632 0.10736 0.25112 -0.01068 -0.01472 -0.05372
95.0  -0.04488 0.02352 -0.11120 0.54776 -0.07868 0.13396 0.23684 -0.01420 -0.00424 -0.05156
95.5  -0.04100 0.02212 -0.11496 0.55196 -0.04228 0.15808 0.22076 -0.01784 0.00312 -0.04812
96.0  -0.03416 0.02060 -0.11520 0.55548 -0.00228 0.17920 0.20256 -0.02176 0.00872 -0.04508
96.5  -0.02508 0.01880 -0.11152 0.55836 0.03340 0.19708 0.18264 -0.02600 0.01544 -0.04124
97.0  -0.01456 0.01696 -0.10392 0.56192 0.06076 0.21136 0.16064 -0.03076 0.04256 -0.00472
97.5  -0.00364 0.01500 -0.09268 0.56704 0.08168 0.22200 0.13616 -0.03588 0.03948 -0.01140
98.0  0.00692 0.01300 -0.07780 0.57344 0.10016 0.22920 0.10748 -0.04104 0.03716 -0.01232
98.5  0.01624 0.01100 -0.05976 0.57928 0.12180 0.23280 0.07412 -0.04608 0.03452 -0.01084
99.0  0.02384 0.00904 -0.03908 0.58236 0.15124 0.23204 0.03352 -0.05048 0.03136 -0.00160
99.5  0.02916 0.00708 -0.01652 0.57888 0.19344 0.22416 -0.01416 -0.05332 0.02748 0.00816
100.0  0.03196 0.00520 0.00688 0.56188 0.25568 0.20680 -0.06256 -0.05332 0.02348 0.00784
100.5  0.03200 0.00332 0.03036 0.51536 0.34876 0.18348 -0.10172 -0.04884 0.02096 0.00636
101.0  0.02928 0.00152 0.05300 0.41392 0.46828 0.16124 -0.12804 -0.03944 0.02212 0.00456
101.5  0.02388 -0.00032 0.07396 0.27788 0.56096 0.14348 -0.14392 -0.02768 0.02688 0.00244
102.0  0.01616 -0.00196 0.09272 0.17240 0.60128 0.12944 -0.15336 -0.02040 0.03244 -0.00000
102.5  0.00668 -0.00348 0.10872 0.10800 0.61488 0.11696 -0.15936 -0.02340 0.03592 -0.00264
103.0  0.00376 -0.00480 0.12168 0.06972 0.61900 0.10444 -0.16316 -0.03500 0.03636 -0.00540
103.5  0.01420 -0.00584 0.13132 0.04680 0.62004 0.09104 -0.16500 -0.04988 0.03344 -0.00836
104.0  0.02348 -0.00652 0.13764 0.03256 0.62040 0.07660 -0.16504 -0.06476 0.02784 -0.01044
104.5  0.03056 -0.00688 0.14048 0.02304 0.62084 0.06152 -0.16376 -0.07844 0.02060 -0.01044
105.0  0.03464 -0.00680 0.13964 0.01508 0.62172 0.04652 -0.16164 -0.09068 0.01292 -0.00784
105.5  0.03512 -0.00636 0.13528 0.00516 0.62276 0.03260 -0.15924 -0.10144 0.00448 -0.00384
106.0  0.03192 -0.00556 0.12732 -0.01252 0.62376 0.02036 -0.15708 -0.11040 -0.00448 -0.00048
106.5  0.02544 -0.00440 0.11580 -0.04960 0.62312 0.01012 -0.15556 -0.11752 -0.01396 0.00140
107.0  0.01644 -0.00308 0.10096 -0.13292 0.61204 0.00152 -0.15492 -0.12280 -0.02376 0.00260
107.5  0.00588 -0.00148 0.08304 -0.29444 0.55388 -0.00648 -0.15520 -0.12596 -0.03424 0.00452
108.0  -0.00512 0.00016 0.06272 -0.44164 0.44608 -0.01660 -0.15556 -0.12656 -0.04648 0.00832
108.5  -0.01540 0.00188 0.04024 -0.50184 0.37652 -0.03480 -0.15404 -0.12352 -0.06188 0.01620
109.0  -0.02408 0.00360 0.01648 -0.52128 0.34716 -0.07108 -0.14272 -0.11528 -0.08036 0.02784
109.5  -0.03040 0.00516 -0.00812 -0.52488 0.33800 -0.11436 -0.11296 -0.10296 -0.09848 0.03784
110.0  -0.03388 0.00656 -0.03236 -0.52088 0.33876 -0.13568 -0.08796 -0.08944 -0.11248 0.04340
110.5  -0.03436 0.00772 -0.05600 -0.51244 0.34488 -0.14352 -0.07528 -0.07732 -0.12176 0.04584
111.0  -0.03176 0.00848 -0.07796 -0.50116 0.35408 -0.14688 -0.06944 -0.06684 -0.12776 0.04692
111.5  -0.02628 0.00892 -0.09772 -0.48800 0.36508 -0.14772 -0.06660 -0.05712 -0.13160 0.04752
112.0  -0.01840 0.00896 -0.11520 -0.47344 0.37752 -0.14668 -0.06524 -0.04768 -0.13372 0.04836
112.5  -0.00864 0.00864 -0.12968 -0.45760 0.39144 -0.14424 -0.06472 -0.03780 -0.13488 0.04920
113.0  0.00228 0.00788 -0.14112 -0.44052 0.40736 -0.14008 -0.06468 -0.02744 -0.13544 0.04976
113.5  0.01336 0.00680 -0.14936 -0.42136 0.42592 -0.13408 -0.06480 -0.01644 -0.13616 0.04872
114.0  0.02372 0.00540 -0.15444 -0.39832 0.44828 -0.12596 -0.06488 -0.00444 -0.13736 0.04508
114.5  0.03240 0.00380 -0.15624 -0.36772 0.47628 -0.11600 -0.06464 0.00872 -0.13888 0.03852
115.0  0.03856 0.00208 -0.15480 -0.32176 0.51256 -0.10420 -0.06384 0.02316 -0.14036 0.03016
115.5  0.04164 0.00024 -0.15008 -0.24432 0.55884 -0.09052 -0.06172 0.03912 -0.14108 0.02152
116.0  0.04136 -0.00156 -0.14216 -0.11568 0.60452 -0.07468 -0.05876 0.05672 -0.14080 0.01392
116.5  0.03788 -0.00332 -0.13104 0.03892 0.62044 -0.05584 -0.05472 0.07620 -0.13936 0.00792
117.0  0.03160 -0.00484 -0.11676 0.15340 0.60868 -0.03268 -0.05004 0.09812 -0.13600 0.00316
117.5  0.02320 -0.00612 -0.09948 0.21780 0.59444 -0.00304 -0.04412 0.12332 -0.12764 -0.00084
118.0  0.01344 -0.00720 -0.07948 0.24960 0.58604 0.03540 -0.03204 0.15360 -0.10652 -0.00436
118.5  0.00328 -0.00804 -0.05712 0.25976 0.58328 0.08360 -0.00792 0.18088 -0.06024 -0.00728
119.0  -0.00656 -0.00876 -0.03308 0.25232 0.58468 0.13864 0.01084 0.18180 -0.00496 -0.00976
119.5  -0.01532 -0.00932 -0.00800 0.22792 0.58900 0.19256 -0.00356 0.16260 0.02972 -0.01160
120.0  -0.02244 -0.00968 0.01716 0.18608 0.59420 0.23340 -0.05256 0.14004 0.04468 -0.01252
120.5  -0.02732 -0.00992 0.04152 0.12948 0.59684 0.25284 -0.11804 0.11944 0.04868 -0.01236
121.0  -0.02972 -0.01000 0.06408 0.06888 0.59332 0.25476 -0.17960 0.10160 0.04700 -0.01120
121.5  -0.02924 -0.00992 0.08400 0.01900 0.58396 0.24628 -0.22940 0.08588 0.04244 -0.00956
122.0  -0.02588 -0.00964 0.10064 -0.01264 0.57340 0.23064 -0.26720 0.07184 0.03696 -0.00760
122.5  -0.01968 -0.00912 0.11336 -0.02776 0.56580 0.20916 -0.29468 0.05904 0.03124 -0.00600
123.0  -0.01100 -0.00832 0.12188 -0.03152 0.56276 0.18240 -0.31352 0.04740 0.02624 -0.00528
123.5  -0.00044 -0.00712 0.12596 -0.02828 0.56408 0.15124 -0.32504 0.03672 0.02204 -0.00580
124.0  0.01104 -0.00552 0.12552 -0.02132 0.56860 0.11704 -0.33028 0.02700 0.01852 -0.00712
124.5  0.02236 -0.00368 0.12060 -0.01324 0.57504 0.08132 -0.33036 0.01816 0.01480 -0.00232
125.0  0.03232 -0.00164 0.11140 -0.00692 0.58224 0.04584 -0.32588 0.01048 0.01036 0.01456
125.5  0.03984 0.00060 0.09808 -0.00628 0.58960 0.01172 -0.31756 0.00384 0.00440 0.01976
126.0  0.04408 0.00300 0.08108 -0.01904 0.59656 -0.02132 -0.30576 -0.00108 -0.00332 0.02372
126.5  0.04448 0.00536 0.06088 -0.06180 0.60024 -0.05572 -0.28952 -0.00352 -0.01296 0.02644
127.0  0.04100 0.00776 0.03824 -0.16728 0.58552 -0.09720 -0.26556 -0.00240 -0.02476 0.02832
127.5  0.03408 0.01016 0.01396 -0.32708 0.51860 -0.15704 -0.21956 0.00520 -0.03844 0.02920
128.0  0.02444 0.01256 -0.01116 -0.42960 0.44124 -0.21780 -0.13284 0.02480 -0.05252 0.02952
128.5  0.01316 0.01488 -0.03604 -0.46964 0.40024 -0.22292 -0.09180 -0.03092 -0.06164 0.02948
129.0  0.00132 0.01712 -0.05984 -0.48284 0.38360 -0.17240 -0.15100 -0.05384 -0.04724 0.02920
129.5  -0.01000 0.01928 -0.08192 -0.48500 0.37864 -0.08772 -0.19976 -0.06344 -0.03380 0.02888
130.0  -0.01980 0.02124 -0.10172 -0.48200 0.37904 -0.03444 -0.20444 -0.05948 -0.04280 0.02868
130.5  -0.02736 0.02288 -0.11872 -0.47684 0.38156 -0.00312 -0.19732 -0.05228 -0.05116 0.02824
131.0  -0.03220 0.02416 -0.13300 -0.47132 0.38452 0.01900 -0.18784 -0.04060 -0.05792 0.02756
131.5  -0.03404 0.02492 -0.14416 -0.46704 0.38652 0.03688 -0.17796 -0.02216 -0.06280 0.02676
132.0  -0.03280 0.02512 -0.15232 -0.46516 0.38640 0.05208 -0.16564 0.00544 -0.06660 0.02568
132.5  -0.02864 0.02460 -0.15732 -0.46776 0.38256 0.06500 -0.14764 0.03528 -0.06868 0.02456
133.0  -0.02192 0.02348 -0.15920 -0.47752 0.37132 0.07584 -0.12448 0.05840 -0.06952 0.02352
133.5  -0.01320 0.02180 -0.15788 -0.49976 0.34392 0.08464 -0.10064 0.07076 -0.06916 0.02264
134.0  -0.00328 0.01968 -0.15328 -0.54368 0.27572 0.09184 -0.08128 0.07184 -0.06796 0.02168
134.5  0.00688 0.01716 -0.14540 -0.60316 0.11240 0.09796 -0.06808 0.06456 -0.06616 0.02064
135.0  0.01628 0.01456 -0.13420 -0.61132 -0.09140 0.10368 -0.05912 0.05268 -0.06384 0.01944
135.5  0.02392 0.01184 -0.11984 -0.58956 -0.20248 0.10964 -0.05156 0.03860 -0.06116 0.01812
136.0  0.02900 0.00932 -0.10244 -0.57416 -0.25564 0.11628 -0.04324 0.02312 -0.05812 0.01672
136.5  0.03088 0.00704 -0.08228 -0.56452 -0.28684 0.12392 -0.03180 0.00692 -0.05464 0.01564
137.0  0.02948 0.00512 -0.05984 -0.55656 -0.31000 0.13208 -0.01472 -0.00992 -0.05004 0.01524
137.5  0.02492 0.00348 -0.03560 -0.54636 -0.33244 0.13872 0.01024 -0.02700 -0.04380 0.01688
138.0  0.01784 0.00228 -0.01032 -0.52996 -0.35924 0.14068 0.04176 -0.04372 -0.03476 0.02052
138.5  0.00904 0.00156 0.01516 -0.50188 -0.39604 0.13732 0.07472 -0.05840 -0.02196 0.02396
139.0  -0.00048 0.00116 0.04016 -0.45092 -0.44844 0.13060 0.10624 -0.06792 -0.00588 0.02744
139.5  -0.00976 0.00100 0.06388 -0.36436 -0.51480 0.12192 0.13876 -0.06540 0.01084 0.03080
140.0  -0.01788 0.00124 0.08568 -0.25068 -0.57136 0.11116 0.16360 0.06988 0.02388 0.03376
140.5  -0.02416 0.00156 0.10496 -0.15232 -0.59684 0.09784 0.10520 0.17100 0.03104 0.03608
141.0  -0.02812 0.00196 0.12128 -0.09024 -0.60092 0.08120 0.09428 0.20088 0.03100 0.03792
141.5  -0.02940 0.00240 0.13432 -0.05648 -0.59696 0.06148 0.08568 0.22448 0.02252 0.03876
142.0  -0.02796 0.00276 0.14368 -0.04020 -0.59136 0.03920 0.07568 0.24292 0.00252 0.03844
142.5  -0.02380 0.00308 0.14928 -0.03468 -0.58624 0.01640 0.06144 0.25272 -0.03820 0.03680
143.0  -0.01720 0.00332 0.15088 -0.03548 -0.58248 -0.00248 0.04176 0.23780 -0.11408 0.03380
143.5  -0.00856 0.00356 0.14836 -0.04064 -0.58064 -0.01236 0.01740 0.18788 -0.19064 0.02956
144.0  0.00152 0.00376 0.14184 -0.04848 -0.58028 -0.01324 -0.00916 0.14620 -0.22392 0.02456
144.5  0.01216 0.00412 0.13136 -0.05836 -0.58144 -0.00808 -0.04148 0.11972 -0.23320 0.01904
145.0  0.02244 0.00464 0.11704 -0.06964 -0.58340 0.00084 -0.12068 -0.02212 -0.23112 0.01376
145.5  0.03136 0.00532 0.09916 -0.08376 -0.58536 0.01272 -0.10948 -0.07116 -0.22068 0.00972
146.0  0.03792 0.00616 0.07812 0.58796 -0.09068 0.02768 -0.10360 -0.10880 -0.19948 0.00728
146.5  0.04136 0.00712 0.05444 0.58868 -0.10448 0.04696 -0.09772 -0.15204 -0.15988 0.00808
147.0  0.04128 0.00824 0.02880 0.58776 -0.11740 0.07192 -0.08676 -0.18640 -0.10284 0.01420
147.5  0.03764 0.00940 0.00200 0.58480 -0.13056 0.09972 -0.06532 -0.19832 -0.05144 0.02800
148.0  0.03076 0.01056 -0.02500 0.57948 -0.14388 0.12196 -0.03804 -0.19668 -0.01324 0.04136
148.5  0.02132 0.01160 -0.05120 0.57172 -0.15768 0.13644 -0.01444 -0.19028 0.02088 0.04156
149.0  0.01032 0.01244 -0.07580 0.56196 -0.17204 0.14724 0.00344 -0.18268 0.04892 0.02108
149.5  -0.00124 0.01292 -0.09800 0.55076 -0.18700 0.15568 0.01704 -0.17528 0.05904 0.00128
150.0  -0.01240 0.01292 -0.11716 0.53912 -0.20176 0.16196 0.02768 -0.16860 0.06228 -0.01044
150.5  -0.02232 0.01232 -0.13284 0.52868 -0.21460 0.16560 0.03608 -0.16304 0.06284 -0.01824
151.0  -0.03036 0.01108 -0.14488 0.52188 -0.22272 0.16624 0.04260 -0.15820 0.06200 -0.02472
151.5  -0.03612 0.00924 -0.15304 0.52084 -0.22232 0.16356 0.04772 -0.15404 0.06036 -0.03128
152.0  -0.03936 0.00672 -0.15724 0.52812 -0.20896 0.15756 0.05160 -0.15020 0.05856 -0.03780
152.5  -0.04008 0.00380 -0.15748 0.54356 -0.17848 0.14820 0.05444 -0.14600 0.05744 -0.04336
153.0  -0.03836 0.00060 -0.15376 0.56392 -0.12904 0.13556 0.05640 -0.14120 0.05812 -0.04688
153.5  -0.03428 0.00272 -0.14628 0.58284 -0.06592 0.12048 0.05760 -0.13540 0.06704 -0.03992
154.0  -0.02824 0.00588 -0.13508 0.59568 -0.00144 0.10396 0.05820 -0.12816 0.07880 -0.02288
154.5  -0.02052 0.00872 -0.12036 0.60292 0.05452 0.08708 0.05836 -0.11892 0.07980 -0.03452
155.0  -0.01176 0.01116 -0.10244 0.60660 0.10060 0.07012 0.05796 -0.10708 0.08584 -0.03496
155.5  -0.00252 0.01324 -0.08176 0.60824 0.14008 0.05372 0.05652 -0.09180 0.09344 -0.03320
156.0  0.00636 0.01480 -0.05884 0.60680 0.17904 0.03852 0.05300 -0.07240 0.10152 -0.03044
156.5  0.01412 0.01584 -0.03436 0.59892 0.22584 0.02716 0.04656 -0.04840 0.10840 -0.02712
157.0  0.02004 0.01648 -0.00908 0.57476 0.29460 0.02416 0.03932 -0.01972 0.11136 -0.02320
157.5  0.02364 0.01668 0.01620 0.50580 0.40784 0.03204 0.03748 0.01076 0.10672 -0.01896
158.0  0.02452 0.01652 0.04064 0.35244 0.54760 0.04732 0.04596 0.03608 0.09496 -0.01396
158.5  0.02276 0.01608 0.06360 0.19288 0.62040 0.06480 0.06500 0.05248 0.08048 -0.00816
159.0  0.01860 0.01536 0.08432 0.09888 0.63756 0.08048 0.09232 0.06196 0.06708 -0.00164
159.5  0.01256 0.01448 0.10248 0.04692 0.63604 0.09180 0.12520 0.06724 0.05508 0.00532
160.0  0.00528 0.01348 0.11744 0.01652 0.62788 0.09668 0.16064 0.06968 0.04432 0.01244
160.5  -0.00240 0.01236 0.12896 -0.00148 0.61740 0.09344 0.19552 0.07000 0.03484 0.01840
161.0  -0.00976 0.01124 0.13668 -0.01140 0.60684 0.08180 0.22736 0.06836 0.02788 0.02204
161.5  -0.01608 0.01004 0.14048 -0.01616 0.59744 0.06300 0.25452 0.06492 0.02472 0.02360
162.0  -0.02076 0.00888 0.14000 -0.01856 0.58972 0.03936 0.27604 0.05992 0.02604 0.02296
162.5  -0.02328 0.00772 0.13512 -0.02152 0.58396 0.01340 0.29184 0.05384 0.03044 0.02036
163.0  -0.02336 0.00664 0.12576 -0.02924 0.58008 -0.01280 0.30212 0.04732 0.03524 0.01700
163.5  -0.02076 0.00564 0.11200 -0.04840 0.57724 -0.03832 0.30720 0.04156 0.03924 0.01348
164.0  -0.01552 0.00484 0.09392 -0.09112 0.57228 -0.06296 0.30740 0.03760 0.04204 0.01004
164.5  -0.00796 0.00424 0.07208 -0.17324 0.55460 -0.08768 0.30260 0.03644 0.04364 0.07832
165.0  0.00140 0.00392 0.04700 -0.28352 0.50964 -0.11516 0.29164 0.03912 0.04388 0.06764
165.5  0.01164 0.00380 0.01968 -0.36612 0.45668 -0.15256 0.26940 0.04664 0.04172 0.05588
166.0  0.02184 0.00392 -0.00884 -0.40504 0.42468 -0.21556 0.21380 0.05856 0.03576 0.04416
166.5  0.03080 0.00428 -0.03744 -0.41732 0.41304 -0.27948 0.09660 0.07236 0.02728 0.03300
167.0  0.03752 0.00476 -0.06504 -0.41464 0.41452 -0.28580 0.01436 0.08656 0.01872 0.02280
167.5  0.04112 0.00540 -0.09072 -0.40248 0.42340 -0.27456 -0.01996 0.10124 0.01100 0.01404
168.0  0.04108 0.00608 -0.11384 -0.38312 0.43668 -0.26124 -0.03384 0.11612 0.00408 0.00776
168.5  0.03720 0.00680 -0.13388 -0.35752 0.45324 -0.24816 -0.03712 0.13068 -0.00164 0.00792
169.0  0.02984 0.00756 -0.15056 -0.32564 0.47200 -0.23556 -0.03300 0.14444 -0.00632 0.01368
169.5  0.01960 0.00832 -0.16376 -0.28716 0.49276 -0.22308 -0.02132 0.15724 -0.01072 0.02024
170.0  0.00736 0.00912 -0.17340 -0.24084 0.51504 -0.20996 0.00112 0.16788 -0.01588 0.02652
170.5  -0.00580 0.01000 -0.17936 -0.18444 0.53784 -0.19524 0.03692 0.17248 -0.02264 0.03160
171.0  -0.01884 0.01100 -0.18164 -0.11624 0.55884 -0.17788 0.07524 0.16816 -0.03424 0.03268
171.5  -0.03080 0.01216 -0.18024 -0.03600 0.57408 -0.15696 0.10344 0.16116 -0.05396 0.01756
172.0  -0.04084 0.01356 -0.17496 0.05148 0.57940 -0.13116 0.12228 0.15540 -0.06844 -0.00240
172.5  -0.04840 0.01512 -0.16580 0.13644 0.57376 -0.09752 0.13652 0.14872 -0.08416 -0.01148
173.0  -0.05292 0.01684 -0.15268 0.20944 0.56104 -0.04612 0.14760 0.13324 -0.11104 -0.01612
173.5  -0.05424 0.01868 -0.13572 0.26636 0.54692 0.03364 0.13656 0.08952 -0.15240 -0.01884
174.0  -0.05220 0.02052 -0.11500 0.30672 0.53600 0.08432 0.09372 0.02460 -0.17884 -0.02052
174.5  -0.04700 0.02220 -0.09092 0.33072 0.53180 0.09908 0.03028 0.03976 -0.18360 -0.02116
175.0  -0.03896 0.02372 -0.06412 0.33664 0.53700 0.09884 -0.03020 0.01284 -0.18104 -0.02192
175.5  -0.02868 0.02484 -0.03540 0.32032 0.55396 0.08812 -0.05544 -0.03068 -0.17140 -0.02220
176.0  -0.01704 0.02544 -0.00576 0.27652 0.58216 0.06804 -0.07416 -0.07264 -0.15220 -0.02248
176.5  -0.00492 0.02556 0.02380 0.20752 0.61320 0.04440 -0.08244 -0.10476 -0.12688 -0.02268
177.0  0.00656 0.02500 0.05212 0.13248 0.63500 0.02420 -0.07988 -0.12548 -0.10180 -0.02272
177.5  0.01632 0.02364 0.07824 0.07328 0.64472 0.00868 -0.06992 -0.13824 -0.07980 -0.02256
178.0  0.02356 0.02156 0.10136 0.03572 0.64692 -0.00328 -0.05488 -0.14640 -0.06052 -0.02216
178.5  0.02768 0.01872 0.12092 0.01564 0.64612 -0.01240 -0.03592 -0.15212 -0.04320 -0.02140
179.0  0.02844 0.01520 0.13644 0.00748 0.64400 -0.01804 -0.01388 -0.15632 -0.02656 -0.02052
179.5  0.02596 0.01108 0.14776 0.00724 0.64156 -0.01836 0.01032 -0.15956 -0.00836 -0.01832
180.0  0.02076 0.00664 0.15468 0.01248 0.63896 -0.01204 0.03540 -0.16208 0.00440 -0.00780
180.5  0.01368 0.00204 0.15724 0.02136 0.63584 0.00020 0.05960 -0.16384 0.00804 0.00112
181.0  0.00568 -0.00248 0.15544 0.03256 0.63260 0.01552 0.08124 -0.16468 0.01676 -0.00036
181.5  -0.00228 -0.00676 0.14940 0.04464 0.62932 0.03104 0.09892 -0.16464 0.02572 0.00188
182.0  -0.00924 -0.01068 0.13932 0.05560 0.62676 0.04592 0.11184 -0.16352 0.03356 0.00372
182.5  -0.01444 -0.01416 0.12540 0.06284 0.62544 0.05996 0.11908 -0.16140 0.04084 0.00452
183.0  -0.01736 -0.01704 0.10808 0.05912 0.62580 0.07428 0.12040 -0.15792 0.04820 0.00364
183.5  -0.01764 -0.01948 0.08736 0.01932 0.62880 0.08956 0.11500 -0.15288 0.05664 0.00088
184.0  -0.01528 -0.02144 0.06420 -0.20736 0.59484 0.10568 0.10216 -0.14544 0.06736 -0.00368
184.5  -0.01048 -0.02292 0.03904 -0.50956 0.37092 0.11944 0.08368 -0.13388 0.08196 -0.00948
185.0  -0.00352 -0.02400 0.01272 -0.55212 0.30316 0.12640 0.06548 -0.11696 0.09964 -0.01480
185.5  0.00492 -0.02476 -0.01400 -0.55876 0.28772 0.12576 0.02220 -0.12036 0.10328 -0.01848
186.0  0.01408 -0.02516 -0.04020 -0.55724 0.28500 0.11268 0.04940 -0.13772 0.06940 -0.02004
186.5  0.02312 -0.02536 -0.06512 -0.55268 0.28584 0.04332 0.10540 -0.14460 0.05036 -0.01964
187.0  0.03104 -0.02524 -0.08816 -0.54692 0.28676 0.05596 0.02424 -0.16844 0.04600 -0.01776
187.5  0.03696 -0.02488 -0.10864 -0.54128 0.28608 0.07176 0.10640 -0.11792 0.04588 -0.01420
188.0  0.04008 -0.02428 -0.12616 -0.53680 0.28260 0.08740 0.10332 -0.10392 0.04712 -0.00696
188.5  0.03992 -0.02336 -0.14044 -0.53464 0.27476 0.10264 0.09440 -0.09488 0.04596 0.01240
189.0  0.03628 -0.02208 -0.15120 -0.53608 0.26072 0.11716 0.08344 -0.08760 0.03492 0.03196
189.5  0.02928 -0.02040 -0.15836 -0.54248 0.23716 0.13028 0.07120 -0.08128 0.02872 0.03796
190.0  0.01956 -0.01828 -0.16168 -0.55472 0.19944 0.14124 0.05796 -0.07596 0.02604 0.03996
190.5  0.00780 -0.01576 -0.16108 -0.57140 0.14220 0.14928 0.04376 -0.07148 0.02504 0.04048
191.0  -0.00500 -0.01296 -0.15636 -0.58660 0.06568 0.15384 0.02864 -0.06780 0.02608 0.03964
191.5  -0.01784 -0.01000 -0.14740 -0.59372 -0.01732 0.15448 0.01256 -0.06460 0.03360 0.03364
192.0  -0.02984 -0.00688 -0.13424 -0.59288 -0.08956 0.15084 -0.00472 -0.06164 0.04648 0.01276
192.5  -0.04020 -0.00384 -0.11688 -0.58904 -0.14520 0.14260 -0.02344 -0.05900 0.04972 0.00388
193.0  -0.04836 -0.00088 -0.09564 -0.58512 -0.18732 0.12904 -0.04392 -0.05608 0.05256 0.00256
193.5  -0.05392 0.00188 -0.07100 -0.58144 -0.22068 0.10932 -0.06644 -0.05280 0.05656 0.00328
194.0  -0.05664 0.00448 -0.04376 -0.57652 -0.24924 0.08056 -0.09064 -0.04792 0.06248 0.00432
194.5  -0.05636 0.00672 -0.01484 -0.56828 -0.27716 0.03792 -0.11204 -0.04032 0.06996 0.00544
195.0  -0.05320 0.00868 0.01468 -0.55288 -0.31024 -0.01688 -0.11924 -0.02792 0.07896 0.00672
195.5  -0.04724 0.01028 0.04368 -0.52088 -0.35980 -0.06520 -0.10916 -0.00788 0.08752 0.00800
196.0  -0.03892 0.01148 0.07120 -0.44452 -0.44624 -0.09872 -0.09500 0.01904 0.09108 0.00936
196.5  -0.02876 0.01220 0.09644 -0.27964 -0.55876 -0.12044 -0.08916 0.04284 0.08716 0.01068
197.0  -0.01752 0.01240 0.11888 -0.11556 -0.60772 -0.13168 -0.10956 0.04100 0.07808 0.01196
197.5  -0.00608 0.01224 0.13812 -0.03364 -0.61072 -0.12956 -0.14564 0.01508 0.06620 0.01296
198.0  0.00456 0.01144 0.15396 0.00196 -0.60468 -0.10900 -0.18312 0.00560 0.05308 0.01380
198.5  0.01340 0.01008 0.16620 0.01640 -0.59780 -0.06576 -0.21916 0.00052 0.03968 0.01424
199.0  0.01964 0.00816 0.17492 0.02032 -0.59164 -0.00696 -0.24244 -0.00484 0.02700 0.01420
199.5  0.02276 0.00584 0.17968 0.01812 -0.58656 0.05392 -0.24856 -0.01056 0.01488 0.01332
200.0  0.02252 0.00308 0.18084 0.01288 -0.58272 0.11000 -0.24024 -0.01648 0.00348 0.01124
200.5  0.01920 -0.00000 0.17792 0.00648 -0.58016 0.15780 -0.22164 -0.02256 -0.00716 0.00792
201.0  0.01328 -0.00328 0.17128 0.00056 -0.57896 0.19396 -0.19868 -0.02948 -0.01748 0.00400
201.5  0.00556 -0.00652 0.16080 -0.00120 -0.57904 0.21812 -0.17692 -0.03824 -0.02776 0.00012
202.0  -0.00296 -0.00968 0.14664 0.00848 -0.58024 0.23212 -0.15828 -0.05004 -0.03876 -0.00308
202.5  -0.01136 -0.01264 0.12896 0.05788 -0.57952 0.23812 -0.05804 -0.14464 -0.05292 -0.00532
203.0  -0.01868 -0.01520 0.10812 0.28748 -0.50940 0.23712 -0.08368 -0.12332 -0.07264 -0.00648
203.5  -0.02424 -0.01744 0.08452 0.50556 -0.29876 0.22816 -0.11036 -0.09716 -0.09576 -0.00640
204.0  -0.02748 -0.01912 0.05884 0.53808 -0.23996 0.20684 -0.14600 -0.06776 -0.11220 -0.00484
204.5  -0.02812 -0.02028 0.03176 0.54400 -0.22876 0.16580 -0.18876 -0.04392 -0.11852 -0.00168
205.0  -0.02604 -0.02084 0.00416 0.54272 -0.23164 0.10856 -0.22344 -0.02664 -0.11896 0.00312
205.5  -0.02148 -0.02088 -0.02308 0.53780 -0.24008 0.05596 -0.23840 -0.01352 -0.11640 0.00984
206.0  -0.01480 -0.02040 -0.04916 0.53040 -0.25116 0.01744 -0.24012 -0.00252 -0.11188 0.01864
206.5  -0.00656 -0.01932 -0.07320 0.52152 -0.26316 -0.01072 -0.23628 0.00684 -0.10516 0.02932
207.0  0.00248 -0.01780 -0.09464 0.51144 -0.27580 -0.03248 -0.22984 0.01556 -0.09552 0.04160
207.5  0.01148 -0.01576 -0.11308 0.50120 -0.28852 -0.05008 -0.22208 0.02360 -0.08320 0.05372
208.0  0.01948 -0.01340 -0.12816 0.49132 -0.30116 -0.06488 -0.21344 0.03112 -0.06964 0.06248
208.5  0.02564 -0.01076 -0.13964 0.48264 -0.31328 -0.07740 -0.20404 0.03804 -0.05852 0.06576
209.0  0.02924 -0.00788 -0.14748 0.47604 -0.32456 -0.08812 -0.19384 0.04452 -0.05228 0.06388
209.5  0.02984 -0.00496 -0.15164 0.47256 -0.33412 -0.09724 -0.18280 0.05036 -0.05264 0.05652
210.0  0.02724 -0.00208 -0.15208 0.47416 -0.33972 -0.10508 -0.17048 0.05620 -0.06096 0.03792
210.5  0.02168 0.00064 -0.14876 0.48444 -0.33616 -0.11192 -0.15640 0.06280 -0.06464 0.01404
211.0  0.01364 0.00300 -0.14172 0.51460 -0.30380 -0.11816 -0.13956 0.07128 -0.05976 0.00308
211.5  0.00384 0.00516 -0.13104 0.59640 -0.11024 -0.12460 -0.11584 0.08536 -0.05260 -0.00092
212.0  -0.00680 0.00688 -0.11676 0.54640 0.28416 -0.13192 -0.05996 0.11500 -0.04348 -0.00216
212.5  -0.01740 0.00828 -0.09904 0.49460 0.38236 -0.14268 0.01100 0.11124 -0.03220 -0.00224
213.0  -0.02716 0.00952 -0.07840 0.46960 0.42472 -0.15888 -0.00124 0.08364 -0.02044 -0.00160
213.5  -0.03536 0.01060 -0.05516 0.44500 0.45924 -0.17328 -0.04808 0.01292 -0.01480 -0.00072
214.0  -0.04156 0.01160 -0.03000 0.40880 0.49680 -0.18344 -0.01008 -0.01416 -0.01844 0.00016
214.5  -0.04540 0.01260 -0.00384 0.35024 0.54100 -0.18500 0.04824 -0.01292 -0.02652 0.00044
215.0  -0.04668 0.01364 0.02248 0.26204 0.58696 -0.17312 0.10412 -0.00056 -0.03308 -0.00056
215.5  -0.04532 0.01460 0.04796 0.15712 0.61908 -0.15912 0.14320 0.01596 -0.03576 -0.00340
216.0  -0.04132 0.01556 0.07164 0.06724 0.62944 -0.14836 0.16944 0.03320 -0.03520 -0.00756
216.5  -0.03492 0.01640 0.09280 0.00780 0.62660 -0.13972 0.18760 0.04984 -0.03260 -0.01220
217.0  -0.02636 0.01696 0.11080 -0.02664 0.62036 -0.13108 0.19972 0.06532 -0.02972 -0.01620
217.5  -0.01624 0.01708 0.12520 -0.04476 0.61532 -0.12008 0.20636 0.07988 -0.03136 -0.01084
218.0  -0.00528 0.01680 0.13568 -0.05352 0.61320 -0.10456 0.20792 0.09380 -0.02740 0.01716
218.5  0.00564 0.01592 0.14212 -0.05744 0.61420 -0.08308 0.20468 0.10720 -0.02812 0.01244
219.0  0.01556 0.01440 0.14436 -0.05996 0.61736 -0.05696 0.19704 0.12000 -0.02764 0.00600
219.5  0.02352 0.01240 0.14240 -0.06332 0.62120 -0.03156 0.18536 0.13228 -0.02536 -0.00140
220.0  0.02868 0.00988 0.13624 -0.07000 0.62488 -0.01272 0.17056 0.14380 -0.02140 -0.00972
220.5  0.03064 0.00708 0.12608 -0.08236 0.62784 -0.00268 0.15380 0.15384 -0.01588 -0.01900
221.0  0.02916 0.00412 0.11200 -0.10376 0.62872 0.00008 0.13636 0.16316 -0.03104 -0.00796
221.5  0.02448 0.00104 0.09448 -0.13776 0.62524 -0.00200 0.11964 0.16936 -0.04564 -0.00016
222.0  0.01712 -0.00188 0.07392 -0.18720 0.61412 -0.00652 0.10508 0.17252 -0.06492 0.00812
222.5  0.00788 -0.00464 0.05104 -0.24960 0.59144 -0.01128 0.09392 0.16948 -0.08988 0.01568
223.0  -0.00232 -0.00708 0.02660 -0.31276 0.55840 -0.01328 0.08780 0.15720 -0.12020 0.02148
223.5  -0.01260 -0.00920 0.00148 -0.36232 0.52308 -0.00832 0.08760 0.13448 -0.15128 0.02504
224.0  -0.02204 -0.01092 -0.02344 -0.39268 0.49392 0.00116 0.09100 0.10520 -0.17640 0.02720
224.5  -0.02992 -0.01212 -0.04732 -0.40668 0.47404 0.00740 0.09588 0.07612 -0.19256 0.02876
225.0  -0.03556 -0.01280 -0.06948 -0.40908 0.46284 0.00976 0.10108 0.05008 -0.20148 0.03044
225.5  -0.03856 -0.01300 -0.08940 -0.40376 0.45808 0.01036 0.10540 0.02724 -0.20568 0.03232
226.0  -0.03864 -0.01268 -0.10660 -0.39344 0.45820 0.01008 0.10804 0.00688 -0.20696 0.03436
226.5  -0.03576 -0.01192 -0.12092 -0.37984 0.46188 0.00916 0.10856 -0.01184 -0.20648 0.03564
227.0  -0.03004 -0.01076 -0.13228 -0.36424 0.46820 0.00756 0.10716 -0.02956 -0.20524 0.03400
227.5  -0.02196 -0.00924 -0.14052 -0.34708 0.47676 0.00516 0.10408 -0.04692 -0.20372 0.02708
228.0  -0.01220 -0.00756 -0.14568 -0.32844 0.48720 0.00216 0.09920 -0.06448 -0.20152 0.01376
228.5  -0.00160 -0.00592 -0.14776 -0.30776 0.49956 -0.00096 0.09224 -0.08296 -0.19752 -0.00192
229.0  0.00876 -0.00436 -0.14676 -0.28388 0.51412 -0.00444 0.07888 -0.10456 -0.19132 -0.01380
229.5  0.01784 -0.00288 -0.14252 -0.25416 0.53140 -0.00760 0.03484 -0.13552 -0.18384 -0.02076
230.0  0.02464 -0.00160 -0.13516 -0.21384 0.55192 -0.01052 -0.07184 -0.13260 -0.17496 -0.02420
230.5  0.02844 -0.00056 -0.12464 -0.15336 0.57576 -0.01272 -0.11276 -0.11872 -0.16404 -0.02596
231.0  0.02884 0.00016 -0.11092 -0.05760 0.59752 -0.01440 -0.13632 -0.11688 -0.14920 -0.02736
231.5  0.02580 0.00052 -0.09424 0.07604 0.60024 -0.01692 -0.15668 -0.12492 -0.12460 -0.02896
232.0  0.01964 0.00060 -0.07492 0.20172 0.57508 -0.04172 -0.17348 -0.14736 -0.06480 -0.03136
232.5  0.01104 0.00044 -0.05324 0.27888 0.54592 -0.19652 -0.04616 -0.13692 0.02096 -0.03444
233.0  0.00092 -0.00000 -0.02988 0.31316 0.52968 -0.22324 0.08364 -0.05920 0.04860 -0.03832
233.5  -0.00972 -0.00076 -0.00556 0.31748 0.52816 -0.24936 0.02844 0.00040 0.05324 -0.04256
234.0  -0.01992 -0.00164 0.01896 0.29792 0.53860 -0.23084 -0.11444 0.01512 0.05088 -0.04636
234.5  -0.02868 -0.00272 0.04280 0.25852 0.55624 -0.17576 -0.19724 0.01828 0.04744 -0.04272
235.0  -0.03528 -0.00372 0.06520 0.20736 0.57388 -0.13904 -0.23140 0.01536 0.04492 -0.01776
235.5  -0.03904 -0.00472 0.08536 0.15660 0.58600 -0.11096 -0.25040 0.00868 0.04324 -0.01320
236.0  -0.03960 -0.00572 0.10276 0.11620 0.59200 -0.08504 -0.26164 -0.00060 0.04212 -0.01480
236.5  -0.03676 -0.00664 0.11676 0.08900 0.59416 -0.05940 -0.26648 -0.01208 0.04088 -0.01900
237.0  -0.03064 -0.00748 0.12716 0.07284 0.59516 -0.03344 -0.26588 -0.02544 0.03856 -0.02496
237.5  -0.02160 -0.00824 0.13376 0.06432 0.59628 -0.00716 -0.25968 -0.04036 0.03608 -0.03060
238.0  -0.01040 -0.00904 0.13648 0.06040 0.59812 0.01856 -0.24780 -0.05712 0.03596 -0.03416
238.5  0.00208 -0.00980 0.13536 0.05844 0.60096 0.04288 -0.22968 -0.07676 0.03920 -0.03496
239.0  0.01468 -0.01076 0.13044 0.05552 0.60492 0.06512 -0.20188 -0.10292 0.04596 -0.03344
239.5  0.02608 -0.01196 0.12184 0.04768 0.60980 0.08508 -0.14964 -0.14428 0.05476 -0.03100
240.0  0.03512 -0.01316 0.11000 0.02580 0.61552 0.10328 -0.04968 -0.17912 0.06616 -0.02768
240.5  0.04084 -0.01456 0.09504 -0.04212 0.61864 0.12132 0.00972 -0.15728 0.08196 -0.02368
241.0  0.04256 -0.01604 0.07748 -0.29744 0.54764 0.14052 0.00652 -0.11124 0.10820 -0.01880
241.5  0.04016 -0.01776 0.05780 -0.52716 0.33552 0.14020 -0.04620 0.04256 0.13740 -0.01320
242.0  0.03392 -0.01952 0.03656 -0.56736 0.26156 0.12740 0.00600 0.14556 0.06952 -0.00740
242.5  0.02464 -0.02132 0.01444 -0.57604 0.23628 0.11216 -0.09312 0.14592 0.02540 -0.00224
243.0  0.01332 -0.02312 -0.00784 -0.57612 0.22544 0.08040 -0.15004 0.12724 -0.00488 0.00184
243.5  0.00116 -0.02484 -0.02952 -0.57216 0.21928 0.03164 -0.18660 0.10764 -0.02504 0.00448
244.0  -0.01064 -0.02632 -0.04992 -0.56628 0.21424 -0.01600 -0.20500 0.08824 -0.03856 0.00536
244.5  -0.02104 -0.02744 -0.06856 -0.55968 0.20848 -0.05400 -0.21296 0.06912 -0.04784 0.00488
245.0  -0.02920 -0.02804 -0.08484 -0.55348 0.20124 -0.08352 -0.21608 0.05036 -0.05436 0.00356
245.5  -0.03456 -0.02796 -0.09844 -0.54868 0.19200 -0.10652 -0.21604 0.03196 -0.05872 0.00236
246.0  -0.03692 -0.02712 -0.10908 -0.54596 0.18036 -0.12392 -0.21324 0.01396 -0.06148 0.00680
246.5  -0.03624 -0.02544 -0.11660 -0.54620 0.16532 -0.13640 -0.20836 -0.00360 -0.04952 0.04012
247.0  -0.03268 -0.02296 -0.12092 -0.54968 0.14560 -0.14440 -0.20148 -0.02060 -0.03976 0.05112
247.5  -0.02664 -0.01980 -0.12196 -0.55620 0.11948 -0.14868 -0.19288 -0.03740 -0.04860 0.04368
248.0  -0.01856 -0.01616 -0.11972 -0.56456 0.08600 -0.14980 -0.18268 -0.05412 -0.06212 0.02000
248.5  -0.00912 -0.01224 -0.11428 -0.57312 0.04620 -0.14860 -0.17104 -0.07060 -0.06432 0.00096
249.0  0.00096 -0.00832 -0.10560 -0.58008 0.00268 -0.14580 -0.15804 -0.08712 -0.06184 -0.00648
249.5  0.01080 -0.00460 -0.09392 -0.58444 -0.04004 -0.14212 -0.14356 -0.10360 -0.05784 -0.00912
250.0  0.01956 -0.00124 -0.07944 -0.58656 -0.07872 -0.13836 -0.12724 -0.12024 -0.05216 -0.00952
250.5  0.02640 0.00160 -0.06244 -0.58704 -0.11208 -0.13556 -0.10808 -0.13680 -0.04384 -0.00852
251.0  0.03064 0.00392 -0.04332 -0.58624 -0.14052 -0.13504 -0.08288 -0.15312 -0.03208 -0.00612
251.5  0.03184 0.00560 -0.02256 -0.58420 -0.16540 -0.13664 -0.04376 -0.16852 -0.01496 -0.00208
252.0  0.02988 0.00672 -0.00076 -0.58032 -0.18876 -0.12840 0.00828 -0.18168 0.01028 0.00020
252.5  0.02484 0.00728 0.02144 -0.57344 -0.21392 -0.10684 0.04016 -0.18912 0.04604 0.00012
253.0  0.01728 0.00744 0.04332 -0.56032 -0.24672 -0.08584 0.05196 -0.18584 0.09120 -0.00060
253.5  0.00784 0.00712 0.06420 -0.53184 -0.30084 -0.06708 0.05656 -0.17080 0.13688 -0.00156
254.0  -0.00268 0.00656 0.08348 -0.45044 -0.40920 -0.04972 0.05992 -0.14916 0.17468 -0.00252
254.5  -0.01344 0.00580 0.10052 -0.24264 -0.55448 -0.03320 0.06864 -0.12296 0.20348 -0.00372
255.0  -0.02364 0.00500 0.11488 -0.07372 -0.59680 -0.01744 0.11872 -0.02600 0.22532 -0.00520
255.5  -0.03264 0.00428 0.12612 -0.00296 -0.59752 -0.00276 0.09784 0.03056 0.24208 -0.00720
256.0  -0.03976 0.00376 0.13404 0.02904 -0.59344 0.01036 0.07540 0.03416 0.25492 -0.00968
256.5  -0.04456 0.00336 0.13820 0.04636 -0.59000 0.02128 0.05332 0.02736 0.26472 -0.01268
257.0  -0.04664 0.00312 0.13844 0.05840 -0.58784 0.02928 0.03056 -0.01228 0.27156 -0.01576
257.5  -0.04588 0.00296 0.13472 0.07152 -0.58680 0.03312 0.00732 -0.20444 0.18344 -0.01876
258.0  -0.04216 0.00300 0.12700 0.09172 -0.58580 0.03144 -0.01532 -0.24748 0.11968 -0.02148
258.5  -0.03576 0.00292 0.11532 0.12704 -0.58232 0.02352 -0.03520 -0.25136 0.10612 -0.02396
259.0  -0.02716 0.00296 0.09992 0.18748 -0.57000 0.01004 -0.04784 -0.25000 0.09936 -0.02544
259.5  -0.01704 0.00296 0.08108 0.27500 -0.53848 -0.00748 -0.04240 -0.24900 0.09208 -0.02576
260.0  -0.00644 0.00292 0.05944 0.36508 -0.48780 -0.02824 0.05716 -0.24192 0.08092 -0.02292
260.5  -0.00360 0.00292 0.03560 0.42812 -0.43968 -0.05508 0.16376 -0.17724 0.06280 -0.00616
261.0  -0.01200 0.00280 0.01040 0.46296 -0.40820 -0.09004 0.15496 -0.16524 0.03652 0.00048
261.5  -0.01780 0.00272 -0.01524 0.47996 -0.39204 -0.12160 0.12252 -0.16208 0.00756 -0.00068
262.0  -0.02048 0.00252 -0.04056 0.48632 -0.38612 -0.13520 0.09216 -0.15664 -0.01556 -0.00296
262.5  -0.01972 0.00236 -0.06464 0.48576 -0.38664 -0.13708 0.07316 -0.14916 -0.03112 -0.00456
263.0  -0.01576 0.00216 -0.08680 0.48052 -0.39136 -0.13560 0.06260 -0.14044 -0.04168 -0.00512
263.5  -0.00916 0.00200 -0.10652 0.47172 -0.39900 -0.13412 0.05708 -0.13092 -0.04944 -0.00444
264.0  -0.00076 0.00188 -0.12340 0.45980 -0.40920 -0.13352 0.05428 -0.12060 -0.05592 -0.00264
264.5  0.00848 0.00192 -0.13708 0.44528 -0.42212 -0.13360 0.05304 -0.10976 -0.06160 -0.00048
265.0  0.01756 0.00212 -0.14744 0.42764 -0.43820 -0.13328 0.05292 -0.09804 -0.06720 0.00044
265.5  0.02556 0.00252 -0.15436 0.40560 -0.45880 -0.13168 0.05560 -0.08424 -0.07244 -0.00056
266.0  0.03172 0.00320 -0.15776 0.37644 -0.48500 -0.12796 0.07720 -0.04572 -0.07748 -0.00284
266.5  0.03552 0.00420 -0.15752 0.33424 -0.51868 -0.12164 0.07144 -0.03348 -0.08192 -0.00532
267.0  0.03656 0.00548 -0.15384 0.26912 -0.56044 -0.11308 0.05600 -0.03984 -0.08564 -0.00748
267.5  0.03468 0.00696 -0.14664 0.16844 -0.60416 -0.10248 0.04316 -0.04612 -0.08788 -0.00892
268.0  0.02992 0.00852 -0.13616 0.03884 -0.63204 -0.08884 0.03704 -0.05996 -0.08528 -0.00968
268.5  0.02252 0.01028 -0.12252 -0.07928 -0.63392 -0.06560 0.05036 -0.08348 -0.07236 -0.00968
269.0  0.01292 0.01204 -0.10600 -0.15936 -0.62360 -0.06404 0.02872 -0.10492 -0.05768 -0.00876
269.5  0.00180 0.01372 -0.08716 -0.20556 -0.61352 -0.08648 0.04756 -0.09292 -0.05288 -0.00708
270.0  -0.00996 0.01528 -0.06640 -0.22692 -0.60744 -0.11896 0.05808 -0.06532 -0.05524 -0.00436
270.5  -0.02136 0.01660 -0.04428 -0.22956 -0.60564 -0.15500 0.03004 -0.04272 -0.06164 -0.00064
271.0  -0.03136 0.01768 -0.02156 -0.21588 -0.60728 -0.18136 -0.02428 -0.01796 -0.06652 0.00392
271.5  -0.03892 0.01848 0.00108 -0.18692 -0.61112 -0.19128 -0.08192 0.00408 -0.06528 0.00908
272.0  -0.04316 0.01892 0.02300 -0.14496 -0.61480 -0.19292 -0.13000 0.01956 -0.06136 0.01408
272.5  -0.04364 0.01900 0.04348 -0.09560 -0.61540 -0.19080 -0.17004 0.03044 -0.05752 0.01852
273.0  -0.04012 0.01868 0.06192 -0.04800 -0.61140 -0.18520 -0.20472 0.03880 -0.05496 0.02176
273.5  -0.03296 0.01796 0.07788 -0.00992 -0.60380 -0.17536 -0.23536 0.04560 -0.05372 0.02400
274.0  -0.02268 0.01680 0.09092 0.01584 -0.59504 -0.16060 -0.26232 0.05120 -0.05352 0.02564
274.5  -0.01020 0.01532 0.10064 0.03072 -0.58704 -0.14080 -0.28564 0.05564 -0.05372 0.02716
275.0  -0.00344 0.01356 0.10684 0.03780 -0.58060 -0.11644 -0.30532 0.05892 -0.05376 0.02928
275.5  -0.01712 0.01164 0.10928 0.04032 -0.57572 -0.08868 -0.32084 0.06112 -0.05308 0.03328
276.0  -0.02988 0.00964 0.10788 0.04092 -0.57244 -0.05864 -0.33232 0.06220 -0.05056 0.04000
276.5  -0.04080 0.00764 0.10264 0.04288 -0.57024 -0.02824 -0.33964 0.06232 -0.04576 0.05156
277.0  -0.04916 0.00584 0.09356 0.04964 -0.56900 0.00196 -0.34256 0.06164 -0.03888 0.06844
277.5  -0.05456 0.00436 0.08092 0.06652 -0.56792 0.03132 -0.34132 0.06044 -0.03012 0.08464
278.0  -0.05668 0.00332 0.06492 0.10104 -0.56476 0.06004 -0.33556 0.05856 -0.01972 0.09272
278.5  -0.05548 0.00264 0.04632 0.15900 -0.55400 0.09016 -0.32488 0.05616 -0.00824 0.09408
279.0  -0.05116 0.00240 0.02496 0.23276 -0.53068 0.12536 -0.30688 0.05324 0.00316 0.09120
279.5  -0.04416 0.00252 0.00224 0.29788 -0.50064 0.17488 -0.27272 0.05044 0.01336 0.08524
280.0  -0.03512 0.00300 -0.02128 0.33972 -0.47644 0.24628 -0.19604 0.05004 0.02112 0.07744
280.5  -0.02492 0.00368 -0.04460 0.36148 -0.46236 0.29060 -0.08664 0.05688 0.02576 0.06852
281.0  -0.01464 0.00464 -0.06744 0.37032 -0.45652 0.28736 -0.01968 0.07640 0.02856 0.05912
281.5  -0.00528 0.00564 -0.08856 0.37136 -0.45568 0.26536 0.00712 0.10948 0.03144 0.04984
282.0  0.00220 0.00656 -0.10776 0.36772 -0.45792 0.23484 -0.11944 0.08180 0.03540 0.04116
282.5  0.00700 0.00736 -0.12436 0.36128 -0.46204 0.20572 -0.14616 0.07896 0.04032 0.03360
283.0  0.00872 0.00788 -0.13820 0.35312 -0.46728 0.18360 -0.14384 0.09836 0.04564 0.02732
283.5  0.00732 0.00808 -0.14884 0.34416 -0.47392 0.16740 -0.11876 0.12804 0.05068 0.02236
284.0  0.00316 0.00800 -0.15632 0.33440 -0.48156 0.15444 -0.06404 0.15916 0.05560 0.01844
284.5  -0.00312 0.00760 -0.16032 0.32376 -0.49104 0.14288 -0.01108 0.16680 0.06064 0.01412
285.0  -0.01072 0.00692 -0.16076 0.31072 -0.50324 0.13128 0.02080 0.16112 0.06560 0.00852
285.5  -0.01876 0.00608 -0.15740 0.28804 -0.52172 0.11932 0.04092 0.15264 0.07036 0.00436
286.0  -0.02636 0.00524 -0.15024 0.17340 -0.57616 0.10628 0.05572 0.14356 0.07520 0.00348
286.5  -0.03280 0.00444 -0.13920 -0.45588 -0.40276 0.09212 0.06780 0.13392 0.08060 0.00356
287.0  -0.03752 0.00372 -0.12432 -0.50040 -0.35844 0.07680 0.07816 0.12316 0.08740 0.00324
287.5  -0.04016 0.00328 -0.10580 -0.51528 -0.34972 0.06040 0.08712 0.11052 0.09600 0.00208
288.0  -0.04040 0.00308 -0.08396 -0.52228 -0.35136 0.04260 0.09468 0.09452 0.10680 0.00040
288.5  -0.03816 0.00304 -0.05956 -0.52272 -0.36068 0.02260 0.10012 0.07332 0.11904 -0.00152
289.0  -0.03340 0.00316 -0.03320 -0.51444 -0.37944 -0.00284 0.10212 0.04476 0.13100 -0.00332
289.5  -0.02632 0.00340 -0.00592 -0.49280 -0.41104 -0.03720 0.09496 0.00908 0.13828 -0.00496
290.0  -0.01720 0.00360 0.02128 -0.44880 -0.45960 -0.06796 0.07608 -0.02828 0.13736 -0.00676
290.5  -0.00660 0.00372 0.04744 -0.37256 -0.52196 -0.08304 0.06012 -0.06088 0.12944 -0.00972
291.0  0.00472 0.00372 0.07180 -0.27184 -0.57776 -0.09004 0.05168 -0.08688 0.11812 -0.01352
291.5  0.01576 0.00344 0.09380 -0.18036 -0.60860 -0.09480 0.04816 -0.10776 0.10504 -0.01844
292.0  0.02556 0.00284 0.11300 -0.11768 -0.61908 -0.09952 0.04744 -0.12492 0.09080 -0.02404
292.5  0.03304 0.00180 0.12916 -0.08040 -0.62004 -0.10532 0.04816 -0.13900 0.07548 -0.02872
293.0  0.03732 0.00040 0.14208 -0.06008 -0.61700 -0.11236 0.04888 -0.15212 0.05992 -0.03016
293.5  0.03792 -0.00148 0.15172 -0.05068 -0.61288 -0.12076 0.04796 -0.16320 0.04612 -0.02616
294.0  0.03464 -0.00364 0.15800 -0.04828 -0.60840 -0.13036 0.04240 -0.17304 0.03492 -0.01648
294.5  0.02776 -0.00612 0.16084 -0.05056 -0.60428 -0.14116 0.02672 -0.18140 0.02444 -0.00180
295.0  0.01804 -0.00868 0.16032 -0.05536 -0.60092 -0.15312 -0.00896 -0.18456 0.00788 -0.01224
295.5  0.00636 -0.01128 0.15636 -0.06120 -0.59844 -0.16644 -0.05772 -0.17184 -0.01280 -0.01568
296.0  -0.00604 -0.01376 0.14900 -0.06608 -0.59728 -0.18156 -0.08156 -0.14964 -0.03312 -0.01508
296.5  -0.01808 -0.01600 0.13832 -0.06640 -0.59780 -0.19800 -0.07504 -0.12880 -0.05476 -0.01408
297.0  -0.02856 -0.01788 0.12476 -0.05248 -0.60084 -0.21268 -0.04568 -0.10500 -0.07892 -0.01336
297.5  -0.03664 -0.01936 0.10816 0.02068 -0.60516 -0.21764 -0.00468 -0.06808 -0.10636 -0.01280
298.0  -0.04164 -0.02036 0.08900 0.39096 -0.46612 -0.20872 -0.02080 -0.00020 -0.13044 -0.01252
298.5  -0.04316 -0.02088 0.06772 0.53796 -0.29028 -0.18896 0.00192 0.09700 -0.11240 -0.01248
299.0  -0.04108 -0.02088 0.04488 0.55888 -0.25340 -0.15996 0.05876 0.14696 -0.05748 -0.01240
299.5  -0.03560 -0.02036 0.02104 0.56528 -0.24260 -0.11704 0.11136 0.15360 -0.01620 -0.01212
300.0  -0.02712 -0.01932 -0.00308 0.56728 -0.23780 -0.05368 0.14780 0.14728 0.00888 -0.01184
300.5  -0.01636 -0.01780 -0.02664 0.56712 -0.23356 0.01900 0.15496 0.13788 0.02380 -0.01084
301.0  -0.00428 -0.01588 -0.04904 0.56592 -0.22700 0.07724 0.13896 0.12832 0.03284 -0.00916
301.5  -0.00816 -0.01352 -0.06952 0.56400 -0.21720 0.12020 0.11476 0.11944 0.03832 -0.00720
302.0  -0.01972 -0.01076 -0.08768 0.56164 -0.20360 0.15380 0.08844 0.11212 0.04172 -0.00492
302.5  -0.02936 -0.00764 -0.10284 0.55896 -0.18712 0.18116 0.06148 0.10612 0.04376 -0.00276
303.0  -0.03612 -0.00432 -0.11480 0.55608 -0.16908 0.20312 0.03440 0.10164 0.04476 -0.00112
303.5  -0.03936 -0.00084 -0.12324 0.55360 -0.15144 0.21928 0.00736 0.09852 0.04496 -0.00172
304.0  -0.03888 0.00264 -0.12808 0.55280 -0.13332 0.22872 -0.01948 0.09672 0.02492 0.03720
304.5  -0.03484 0.00584 -0.12916 0.55544 -0.10992 0.23100 -0.04632 0.09588 0.02480 0.03692
305.0  -0.02776 0.00868 -0.12640 0.56204 -0.07328 0.22612 -0.07324 0.09588 0.03848 0.02292
305.5  -0.01860 0.01112 -0.11980 0.56960 -0.01820 0.21416 -0.10072 0.09664 0.04488 0.01136
306.0  -0.00836 0.01304 -0.10944 0.57284 0.04928 0.19460 -0.12876 0.09820 0.04856 0.00740
306.5  0.00188 0.01440 -0.09540 0.57024 0.11264 0.16604 -0.15712 0.10044 0.05344 0.00660
307.0  0.01120 0.01540 -0.07800 0.56556 0.16020 0.12580 -0.18460 0.10304 0.06080 0.00744
307.5  0.01888 0.01604 -0.05748 0.56224 0.19116 0.06912 -0.20728 0.10568 0.07132 0.00884
308.0  0.02440 0.01644 -0.03460 0.56068 0.20976 -0.00816 -0.21392 0.10704 0.08640 0.01020
308.5  0.02744 0.01676 -0.00992 0.55988 0.22120 -0.09372 -0.18728 0.10444 0.10752 0.01116
309.0  0.02804 0.01712 0.01564 0.55764 0.23180 -0.15564 -0.13212 0.09052 0.13592 0.01144
309.5  0.02620 0.01748 0.04124 0.54784 0.25540 -0.18480 -0.07940 0.04424 0.16724 0.01100
310.0  0.02212 0.01796 0.06604 0.47880 0.36824 -0.18072 -0.07588 -0.05172 0.17608 0.01004
310.5  0.01608 0.01852 0.08920 0.03180 0.60216 -0.14396 -0.09732 -0.14552 0.14824 0.00848
311.0  0.00856 0.01908 0.11020 -0.06848 0.59772 -0.10176 -0.08660 -0.20740 0.11396 0.00688
311.5  0.00000 0.01948 0.12852 -0.08540 0.59420 -0.06840 -0.05356 -0.24292 0.08564 0.00688
312.0  -0.00884 0.01960 0.14368 -0.08624 0.59296 -0.04252 -0.02308 -0.25936 0.05036 0.03856
312.5  -0.01720 0.01936 0.15560 -0.08176 0.59284 -0.02152 -0.00340 -0.26520 0.01568 0.04264
313.0  -0.02420 0.01852 0.16400 -0.07516 0.59364 -0.00400 0.00700 -0.26696 0.01556 0.02712
313.5  -0.02912 0.01712 0.16888 -0.06760 0.59520 0.01064 0.01096 -0.26632 0.01632 0.01336
314.0  -0.03124 0.01512 0.16996 -0.06060 0.59744 0.02248 0.01040 -0.26480 0.01560 0.00104
314.5  -0.03028 0.01256 0.16728 -0.05492 0.60048 0.03152 0.00668 -0.26224 0.01232 -0.01028
315.0  -0.02620 0.00964 0.16080 -0.05260 0.60396 0.03816 0.00044 -0.25884 0.00660 -0.02084
315.5  -0.01932 0.00648 0.15040 -0.05536 0.60776 0.04276 -0.00772 -0.25440 -0.00140 -0.03116
316.0  -0.01036 0.00320 0.13644 -0.06768 0.61088 0.04576 -0.01748 -0.24868 -0.01184 -0.04092
316.5  -0.00008 -0.00008 0.11884 -0.09592 0.61176 0.04720 -0.02884 -0.24124 -0.03004 -0.04716
317.0  0.01048 -0.00316 0.09800 -0.14904 0.60544 0.04672 -0.04176 -0.23128 -0.06680 -0.02452
317.5  0.02044 -0.00600 0.07440 -0.23104 0.58304 0.04264 -0.05588 -0.21776 -0.08900 -0.00500
318.0  0.02892 -0.00844 0.04864 -0.32212 0.54136 0.03248 -0.07064 -0.19852 -0.11160 0.00028
318.5  0.03520 -0.01040 0.02172 -0.38928 0.49736 0.01428 -0.08280 -0.17124 -0.13760 0.00036
319.0  0.03876 -0.01180 -0.00560 -0.42548 0.46752 -0.00828 -0.08800 -0.13668 -0.16096 -0.00176
319.5  0.03932 -0.01264 -0.03232 -0.44024 0.45288 -0.02824 -0.08560 -0.10344 -0.17412 -0.00456
320.0  0.03668 -0.01284 -0.05768 -0.44188 0.44928 -0.04328 -0.07752 -0.07916 -0.17748 -0.00740
320.5  0.03096 -0.01236 -0.08084 -0.43540 0.45284 -0.05396 -0.06428 -0.06444 -0.17520 -0.00956
321.0  0.02240 -0.01136 -0.10144 -0.42356 0.46104 -0.06112 -0.04524 -0.05664 -0.17000 -0.01116
321.5  0.01152 -0.00976 -0.11892 -0.40764 0.47256 -0.06520 -0.02496 -0.04764 -0.16316 -0.01224
322.0  -0.00096 -0.00764 -0.13324 -0.38796 0.48676 -0.06620 -0.01592 -0.03092 -0.15500 -0.01328
322.5  -0.01412 -0.00516 -0.14412 -0.36412 0.50360 -0.06432 -0.01648 -0.01052 -0.14536 -0.01440
323.0  -0.02692 -0.00236 -0.15160 -0.33448 0.52344 -0.05960 -0.02144 0.01188 -0.13380 -0.01548
323.5  -0.03828 0.00056 -0.15560 -0.29580 0.54696 -0.05192 -0.02828 0.03660 -0.11912 -0.01648
324.0  -0.04724 0.00344 -0.15616 -0.24200 0.57444 -0.04048 -0.03592 0.06648 -0.09684 -0.01708
324.5  -0.05296 0.00616 -0.15316 -0.16340 0.60396 -0.02296 -0.04264 0.10284 -0.04828 -0.01716
325.0  -0.05500 0.00860 -0.14672 -0.05188 0.62664 0.00028 -0.04120 0.11156 0.02056 -0.01668
325.5  -0.05328 0.01060 -0.13680 0.07948 0.62756 0.01808 -0.02608 0.09984 0.06060 -0.01556
326.0  -0.04804 0.01220 -0.12340 0.19380 0.60668 0.02816 0.00460 0.08432 0.08640 -0.01380
326.5  -0.03992 0.01336 -0.10664 0.27260 0.58040 0.03416 0.03928 0.05124 0.10664 -0.01140
327.0  -0.02968 0.01412 -0.08684 0.32132 0.55984 0.03820 0.04372 0.01320 0.12216 -0.00868
327.5  -0.01836 0.01448 -0.06432 0.34776 0.54788 0.04060 0.03624 -0.02608 0.13048 -0.00556
328.0  -0.00692 0.01464 -0.03968 0.35600 0.54544 0.04120 0.02504 -0.06880 0.12684 -0.00252
328.5  0.00380 0.01452 -0.01352 0.34488 0.55372 0.03828 0.01276 -0.10684 0.11292 0.00040
329.0  0.01288 0.01440 0.01320 0.30960 0.57336 0.03080 0.00292 -0.13592 0.09580 0.00332
329.5  0.01968 0.01412 0.03956 0.24528 0.60128 0.01916 -0.00200 -0.15736 0.07964 0.00696
330.0  0.02380 0.01380 0.06460 0.15876 0.62552 0.00472 -0.00188 -0.17388 0.06460 0.01244
330.5  0.02484 0.01332 0.08748 0.07720 0.63540 -0.01172 0.00204 -0.18708 0.04900 0.02100
331.0  0.02284 0.01276 0.10744 0.01972 0.63352 -0.02872 0.00808 -0.19772 0.03068 0.02852
331.5  0.01796 0.01196 0.12392 -0.01360 0.62716 -0.04324 0.01464 -0.20644 0.01520 0.02724
332.0  0.01060 0.01076 0.13632 -0.03024 0.62080 -0.04980 0.02048 -0.21348 0.00420 0.02052
332.5  0.00160 0.00928 0.14480 -0.03684 0.61660 -0.04436 0.02464 -0.21908 -0.00496 0.01208
333.0  -0.00816 0.00740 0.14860 -0.03772 0.61444 -0.02896 0.02652 -0.22344 -0.01328 0.00260
333.5  -0.01752 0.00524 0.14828 -0.03636 0.61344 -0.01020 0.02620 -0.22680 -0.02096 -0.00748
334.0  -0.02536 0.00280 0.14340 -0.03552 0.61312 0.00756 0.02392 -0.22916 -0.02764 -0.01776
334.5  -0.03060 0.00020 0.13444 -0.03828 0.61316 0.02352 0.01964 -0.23064 -0.03268 -0.02864
335.0  -0.03256 -0.00256 0.12164 -0.04928 0.61296 0.03812 0.01316 -0.23092 -0.03676 -0.04048
335.5  -0.03080 -0.00548 0.10532 -0.07728 0.61068 0.05216 0.00344 -0.22904 -0.04660 -0.04972
336.0  -0.02548 -0.00852 0.08600 -0.13948 0.59968 0.06584 -0.01180 -0.22332 -0.08524 0.00444
336.5  -0.01712 -0.01164 0.06424 -0.25812 0.55844 0.07676 -0.03628 -0.21092 -0.10688 -0.00952
337.0  -0.00660 -0.01492 0.04088 -0.39600 0.46916 0.07872 -0.07240 -0.18776 -0.13336 -0.00896
337.5  0.00504 -0.01828 0.01664 -0.47392 0.38644 0.06780 -0.11384 -0.15000 -0.15912 -0.00648
338.0  0.01656 -0.02164 -0.00748 -0.50500 0.33904 0.04932 -0.15100 -0.10124 -0.17400 -0.00356
338.5  0.02696 -0.02488 -0.03080 -0.51616 0.31420 0.02828 -0.17980 -0.05364 -0.17208 -0.00128
339.0  0.03528 -0.02784 -0.05260 -0.51900 0.30100 0.00600 -0.19872 -0.01520 -0.15868 0.00060
339.5  0.04088 -0.03036 -0.07232 -0.51836 0.29348 -0.01692 -0.20812 0.01376 -0.14148 0.00224
340.0  0.04340 -0.03228 -0.08952 -0.51672 0.28836 -0.03976 -0.20968 0.03476 -0.12464 0.00380
340.5  0.04264 -0.03348 -0.10388 -0.51584 0.28340 -0.06156 -0.20552 0.04900 -0.10956 0.00580
341.0  0.03872 -0.03376 -0.11524 -0.51748 0.27616 -0.08164 -0.19740 0.05748 -0.09632 0.00936
341.5  0.03196 -0.03308 -0.12344 -0.52304 0.26384 -0.09956 -0.18652 0.06188 -0.08360 0.01788
342.0  0.02284 -0.03148 -0.12844 -0.53444 0.24164 -0.11524 -0.17324 0.06380 -0.06888 0.03152
342.5  0.01212 -0.02908 -0.13012 -0.55312 0.20144 -0.12852 -0.15788 0.06472 -0.05816 0.03292
343.0  0.00056 -0.02620 -0.12840 -0.57724 0.13252 -0.13956 -0.14076 0.06524 -0.05428 0.02340
343.5  -0.01084 -0.02292 -0.12324 -0.59588 0.03412 -0.14876 -0.12228 0.06584 -0.05032 0.01320
344.0  -0.02108 -0.01948 -0.11464 -0.59856 -0.06736 -0.15624 -0.10116 0.06664 -0.04544 0.00544
344.5  -0.02920 -0.01608 -0.10260 -0.59100 -0.14456 -0.16224 -0.07836 0.06780 -0.04024 -0.00044
345.0  -0.03452 -0.01296 -0.08720 -0.58252 -0.19624 -0.16648 -0.05248 0.06924 -0.03504 -0.00500
345.5  -0.03648 -0.01020 -0.06872 -0.57568 -0.23208 -0.16840 -0.02228 0.07088 -0.02988 -0.00896
346.0  -0.03496 -0.00792 -0.04760 -0.56948 -0.26048 -0.16572 0.01404 0.07272 -0.02428 -0.01240
346.5  -0.03016 -0.00620 -0.02440 -0.56148 -0.28732 -0.15416 0.05612 0.07480 -0.01780 -0.01544
347.0  -0.02268 -0.00508 0.00012 -0.54844 -0.31780 -0.13100 0.09756 0.07696 -0.00980 -0.01364
347.5  -0.01328 -0.00460 0.02508 -0.52504 -0.35768 -0.10032 0.13004 0.07888 -0.00056 -0.01248
348.0  -0.00288 -0.00468 0.04972 -0.48264 -0.41272 -0.06820 0.15200 0.08076 0.00872 -0.01216
348.5  0.00760 -0.00524 0.07308 -0.40924 -0.48292 -0.03684 0.16636 0.08324 0.01640 -0.01220
349.0  0.01724 -0.00632 0.09456 -0.30760 -0.54884 -0.00588 0.17548 0.08740 0.02216 -0.01208
349.5  0.02524 -0.00772 0.11356 -0.21040 -0.58712 0.02556 0.18028 0.09384 0.02680 -0.01192
350.0  0.03108 -0.00928 0.12964 -0.14156 -0.60008 0.05744 0.18064 0.10336 0.03092 -0.01152
350.5  0.03420 -0.01084 0.14252 -0.09864 -0.60024 0.08848 0.17532 0.11700 0.03496 -0.01096
351.0  0.03440 -0.01224 0.15200 -0.07296 -0.59536 0.11628 0.16044 0.13788 0.03924 -0.01012
351.5  0.03160 -0.01340 0.15788 -0.05748 -0.58940 0.13768 0.12004 0.17328 0.04400 -0.00932
352.0  0.02592 -0.01416 0.16008 -0.04732 -0.58504 0.15028 0.00880 0.20948 0.04904 -0.00816
352.5  0.01768 -0.01464 0.15860 -0.03964 -0.58340 0.15268 0.08260 0.19220 0.05464 -0.00648
353.0  0.00752 -0.01488 0.15336 -0.03152 -0.58440 0.14408 0.12592 0.16948 0.06092 -0.00424
353.5  -0.00376 -0.01492 0.14444 -0.01844 -0.58744 0.12188 0.15736 0.15052 0.06744 -0.00128
354.0  -0.01508 -0.01488 0.13200 0.00960 -0.59112 0.07204 0.18696 0.13644 0.07376 0.00164
354.5  -0.02548 -0.01488 0.11620 0.08916 -0.58824 -0.03100 0.19264 0.13264 0.07872 0.00448
355.0  -0.03384 -0.01496 0.09732 0.33964 -0.49248 -0.10400 0.13844 0.15468 0.07892 0.00672
355.5  -0.03936 -0.01520 0.07580 0.51660 -0.30644 -0.12688 0.04884 0.18472 0.08092 0.00800
356.0  -0.04152 -0.01564 0.05216 0.55128 -0.24128 -0.12512 0.13200 0.12684 0.09792 0.00788
356.5  -0.04012 -0.01620 0.02720 0.56016 -0.21928 -0.09992 0.17376 0.08100 0.11036 0.00608
357.0  -0.03544 -0.01696 0.00164 0.56104 -0.21136 -0.05240 0.20592 0.05032 0.10936 0.00228
357.5  -0.02804 -0.01784 -0.02360 0.55824 -0.20880 -0.00188 0.22192 0.03000 0.10336 -0.00392
358.0  -0.01884 -0.01880 -0.04776 0.55328 -0.20828 0.03784 0.22672 0.01460 0.09580 -0.01264
358.5  -0.00880 -0.01968 -0.07000 0.54708 -0.20824 0.06796 0.22680 0.00152 0.08740 -0.02436
359.0  0.00108 -0.02032 -0.08968 0.54048 -0.20800 0.09148 0.22396 -0.01076 0.07696 -0.03896
359.5  0.01000 -0.02064 -0.10636 0.53496 -0.20708 0.10972 0.21896 -0.02260 0.06380 -0.05376
360.0  0.01724 -0.02032 -0.11956 0.53184 -0.20448 0.12300 0.21176 -0.03448 0.05112 -0.06416
360.5  0.02228 -0.01932 -0.12924 0.53256 -0.19808 0.13120 0.20220 -0.04664 0.04404 -0.06900
361.0  0.02492 -0.01752 -0.13508 0.53924 -0.18288 0.13436 0.19024 -0.05916 0.04656 -0.06792
361.5  0.02496 -0.01496 -0.13724 0.55336 -0.14996 0.13276 0.17588 -0.07196 0.05936 -0.05784
362.0  0.02256 -0.01172 -0.13556 0.57308 -0.08660 0.12700 0.15916 -0.08516 0.06976 -0.04464
362.5  0.01788 -0.00804 -0.13016 0.58736 0.01252 0.11796 0.14040 -0.09912 0.07304 -0.03768
363.0  0.01136 -0.00404 -0.12120 0.58360 0.12172 0.10648 0.11996 -0.11344 0.07248 -0.03456
363.5  0.00352 -0.00004 -0.10888 0.56804 0.20760 0.09332 0.09860 -0.12812 0.06936 -0.03284
364.0  0.00492 0.00388 -0.09356 0.55196 0.26644 0.07848 0.07724 -0.14324 0.06336 -0.03148
364.5  0.01324 0.00752 -0.07560 0.53788 0.30812 0.06176 0.05764 -0.15876 0.05268 -0.02936
365.0  0.02056 0.01076 -0.05552 0.52380 0.34184 0.04256 0.04220 -0.17412 0.03412 -0.02656
365.5  0.02608 0.01364 -0.03388 0.50556 0.37484 0.02060 0.03544 -0.18644 0.00044 -0.02256
366.0  0.02924 0.01596 -0.01144 0.47636 0.41488 -0.00360 0.04732 -0.18384 -0.05572 -0.01716
366.5  0.02956 0.01788 0.01124 0.42116 0.47140 -0.02912 0.15700 -0.07072 -0.11192 -0.01052
367.0  0.02700 0.01928 0.03340 0.31380 0.54732 -0.05732 0.14356 -0.09420 -0.12276 -0.00284
367.5  0.02184 0.02020 0.05432 0.16016 0.60736 -0.10308 0.09436 -0.16416 -0.08308 0.00560
368.0  0.01448 0.02060 0.07348 0.03736 0.62292 -0.13052 -0.02436 -0.19904 -0.04652 0.01440
368.5  0.00572 0.02048 0.09032 -0.03108 0.61820 -0.11208 -0.06888 -0.21888 -0.02072 0.02308
369.0  -0.00368 0.01988 0.10432 -0.06628 0.60968 -0.09584 -0.09904 -0.23000 0.00008 0.03076
369.5  -0.01288 0.01872 0.11520 -0.08408 0.60164 -0.08008 -0.13772 -0.22864 0.01848 0.03664
370.0  -0.02112 0.01720 0.12256 -0.09260 0.59492 -0.06356 -0.19944 -0.19620 0.03496 0.04076
370.5  -0.02768 0.01528 0.12624 -0.09636 0.58972 -0.04576 -0.26452 -0.11792 0.04936 0.04344
371.0  -0.03200 0.01304 0.12604 -0.09868 0.58616 -0.02664 -0.29144 -0.05380 0.06112 0.04540
371.5  -0.03364 0.01068 0.12184 -0.10216 0.58360 -0.00640 -0.29924 -0.02108 0.07000 0.04860
372.0  -0.03236 0.00832 0.11364 -0.11004 0.58172 0.01452 -0.30060 -0.00432 0.07564 0.05444
372.5  -0.02804 0.00600 0.10152 -0.12636 0.57928 0.03576 -0.29808 0.00428 0.07812 0.06640
373.0  -0.02084 0.00388 0.08576 -0.15556 0.57408 0.05728 -0.29216 0.00804 0.07748 0.08448
373.5  -0.01112 0.00200 0.06664 -0.20020 0.56264 0.07940 -0.28272 0.00820 0.07460 0.08972
374.0  0.00048 0.00036 0.04472 -0.25560 0.54272 0.10396 -0.26856 0.00532 0.07028 0.08960
374.5  0.01308 -0.00100 0.02068 -0.30824 0.51748 0.13664 -0.24520 -0.00084 0.06564 0.08936
375.0  0.02560 -0.00212 -0.00476 -0.34644 0.49488 0.19236 -0.19212 -0.01020 0.06088 0.08872
375.5  0.03696 -0.00288 -0.03068 -0.36824 0.48020 0.25160 -0.07236 -0.02052 0.05620 0.08752
376.0  0.04608 -0.00340 -0.05628 -0.37684 0.47368 0.25016 0.00804 -0.02912 0.05296 0.08604
376.5  0.05212 -0.00376 -0.08080 -0.37600 0.47352 0.23424 0.03692 -0.03856 0.05280 0.08452
377.0  0.05456 -0.00400 -0.10356 -0.36820 0.47760 0.21744 0.03500 -0.05740 0.05560 0.08240
377.5  0.05328 -0.00408 -0.12392 -0.35576 0.48508 0.20080 0.00968 -0.07288 0.06220 0.08012
378.0  0.04848 -0.00416 -0.14168 -0.33928 0.49476 0.18420 -0.00104 -0.07508 0.07044 0.07704
378.5  0.04080 -0.00436 -0.15640 -0.31900 0.50676 0.16752 -0.00156 -0.07336 0.08096 0.07320
379.0  0.03108 -0.00468 -0.16792 -0.29464 0.52072 0.15072 -0.00500 -0.06916 0.09212 0.06792
379.5  0.02024 -0.00508 -0.17608 -0.26492 0.53716 0.13372 -0.00584 -0.06328 0.10256 0.06128
380.0  0.00932 -0.00532 -0.18068 -0.22752 0.55592 0.11708 -0.00012 -0.05632 0.11180 0.05324
380.5  -0.00088 -0.00564 -0.18160 -0.17860 0.57644 0.10092 0.01400 -0.04848 0.11920 0.04412
381.0  -0.00956 -0.00568 -0.17880 -0.11360 0.59656 0.02708 0.08628 -0.03936 0.12464 0.03424
381.5  -0.01612 -0.00540 -0.17208 -0.02972 0.61088 -0.04920 0.07132 -0.02240 0.12916 0.02372
382.0  -0.02024 -0.00464 -0.16148 0.06764 0.61228 -0.07672 0.05364 0.12432 0.03768 0.01280
382.5  -0.02164 -0.00344 -0.14708 0.16312 0.59784 -0.10556 0.03388 0.12408 0.02472 0.00140
383.0  -0.02032 -0.00184 -0.12892 0.24168 0.57344 -0.13592 0.00708 0.11816 0.01712 -0.01024
383.5  -0.01636 -0.00008 -0.10748 0.29844 0.54768 -0.16724 -0.03448 0.09780 0.01128 -0.02228
384.0  -0.01024 0.00192 -0.08324 0.33472 0.52592 -0.19844 -0.05180 0.06340 0.00688 -0.03440
384.5  -0.00240 0.00392 -0.05692 0.35252 0.51180 -0.22708 -0.02704 0.04288 0.00336 -0.04652
385.0  0.00632 0.00580 -0.02944 0.35120 0.50864 -0.24604 0.02584 0.03264 -0.00024 -0.05840
385.5  0.01508 0.00752 -0.00188 0.32572 0.51984 -0.24496 0.09476 0.02844 -0.00520 -0.06952
386.0  0.02296 0.00892 0.02492 0.26772 0.54620 -0.22548 0.15704 0.02824 -0.01140 -0.07904
386.5  0.02904 0.01000 0.05000 0.17948 0.57544 -0.19916 0.20204 0.03084 -0.01832 -0.08516
387.0  0.03264 0.01064 0.07260 0.09176 0.59064 -0.17212 0.23280 0.03648 -0.02544 -0.08384
387.5  0.03332 0.01084 0.09208 0.03136 0.59228 -0.14528 0.25348 0.04652 -0.03252 -0.07680
388.0  0.03096 0.01040 0.10796 -0.00288 0.58944 -0.11888 0.26568 0.06504 -0.03908 -0.06740
388.5  0.02576 0.00952 0.12000 -0.02088 0.58620 -0.09288 0.26556 0.10160 -0.04436 -0.05848
389.0  0.01828 0.00808 0.12796 -0.02968 0.58388 -0.06752 0.23508 0.17188 -0.04764 -0.05044
389.5  0.00928 0.00620 0.13172 -0.03372 0.58276 -0.04300 0.16392 0.24492 -0.04904 -0.04424
390.0  -0.00036 0.00388 0.13124 -0.03572 0.58284 -0.01916 0.10808 0.27492 -0.04976 -0.03948
390.5  -0.00980 0.00136 0.12652 -0.03808 0.58384 0.00452 0.07584 0.28316 -0.05140 -0.03548
391.0  -0.01812 -0.00132 0.11772 -0.04336 0.58556 0.02928 0.05116 0.28296 -0.05552 -0.03172
391.5  -0.02460 -0.00392 0.10496 -0.05596 0.58728 0.05480 0.01480 0.27744 -0.06368 -0.02896
392.0  -0.02872 -0.00632 0.08856 -0.08492 0.58708 0.05388 -0.04280 0.26440 -0.08228 -0.02784
392.5  -0.03000 -0.00844 0.06912 -0.15120 0.57692 0.03796 -0.08636 0.15412 -0.21328 -0.02888
393.0  -0.02828 -0.01028 0.04712 -0.28880 0.52508 0.02220 -0.12048 0.07364 -0.23252 -0.02848
393.5  -0.02352 -0.01176 0.02324 -0.44040 0.40940 0.00484 0.03820 0.19988 -0.17084 -0.02364
394.0  -0.01604 -0.01296 -0.00168 -0.50932 0.32128 -0.01952 0.05148 0.23232 -0.09868 -0.01844
394.5  -0.00636 -0.01384 -0.02684 -0.53340 0.27860 -0.05788 0.03488 0.23652 -0.04960 -0.01380
395.0  -0.00484 -0.01444 -0.05132 -0.54164 0.25808 -0.08016 0.00148 0.22968 -0.02024 -0.01012
395.5  -0.01656 -0.01488 -0.07436 -0.54316 0.24736 -0.09108 -0.01948 0.21860 -0.00216 -0.00808
396.0  -0.02768 -0.01504 -0.09540 -0.54172 0.24048 -0.10044 -0.03532 0.20652 0.00120 -0.01428
396.5  -0.03720 -0.01512 -0.11384 -0.53904 0.23436 -0.10940 -0.04900 0.19384 0.00052 -0.02364
397.0  -0.04408 -0.01492 -0.12936 -0.53652 0.22720 -0.11816 -0.06136 0.18144 0.00120 -0.03076
397.5  -0.04764 -0.01460 -0.14168 -0.53524 0.21720 -0.12676 -0.07284 0.16952 0.00168 -0.03620
398.0  -0.04748 -0.01404 -0.15060 -0.53628 0.20224 -0.13504 -0.08356 0.15828 0.00268 -0.04032
398.5  -0.04368 -0.01324 -0.15600 -0.54056 0.17980 -0.14264 -0.09372 0.14768 0.00480 -0.04340
399.0  -0.03660 -0.01224 -0.15780 -0.54832 0.14720 -0.14908 -0.10324 0.13748 0.00828 -0.04644
399.5  -0.02700 -0.01104 -0.15588 -0.55812 0.10272 -0.15392 -0.11224 0.12744 0.01252 -0.04964
400.0  -0.01580 -0.00976 -0.15020 -0.56732 0.04912 -0.15672 -0.12056 0.11712 0.01680 -0.05308
400.5  -0.00404 -0.00844 -0.14064 -0.57364 -0.00664 -0.15664 -0.12808 0.10612 0.01656 -0.05840
401.0  0.00728 -0.00720 -0.12724 -0.57712 -0.05764 -0.15312 -0.13492 0.09392 0.04104 -0.05268
401.5  0.01736 -0.00596 -0.11024 -0.57940 -0.10104 -0.14584 -0.14080 0.07980 0.06020 -0.04140
402.0  0.02536 -0.00492 -0.08976 -0.58132 -0.13764 -0.13416 -0.14616 0.06320 0.06728 -0.04180
402.5  0.03088 -0.00400 -0.06636 -0.58256 -0.16928 -0.11780 -0.15152 0.04348 0.07264 -0.04216
403.0  0.03348 -0.00320 -0.04072 -0.58244 -0.19800 -0.09604 -0.15740 0.02004 0.07556 -0.04028
403.5  0.03308 -0.00248 -0.01380 -0.57900 -0.22632 -0.06724 -0.16384 -0.00680 0.07396 -0.03652
404.0  0.02968 -0.00188 0.01352 -0.56988 -0.25824 -0.03328 -0.16808 -0.03488 0.06528 -0.03188
404.5  0.02356 -0.00140 0.04016 -0.54984 -0.30084 -0.00656 -0.16812 -0.05984 0.04908 -0.02684
405.0  0.01520 -0.00100 0.06528 -0.50560 -0.36772 0.00492 -0.16852 -0.07772 0.02816 -0.02168
405.5  0.00532 -0.00072 0.08812 -0.40372 -0.47220 0.00580 -0.17316 -0.08760 0.00632 -0.01676
406.0  -0.00524 -0.00048 0.10808 -0.23664 -0.56832 0.00236 -0.18192 -0.08948 -0.01416 -0.01228
406.5  -0.01536 -0.00028 0.12468 -0.10700 -0.59976 -0.00088 -0.19468 -0.08108 -0.03252 -0.00840
407.0  -0.02412 -0.00016 0.13780 -0.03948 -0.60164 -0.00136 -0.21780 -0.00068 -0.04888 -0.00504
407.5  -0.03052 -0.00004 0.14720 -0.00480 -0.59728 0.00192 -0.11184 0.19316 -0.06352 -0.00240
408.0  -0.03388 0.00000 0.15276 0.01444 -0.59292 0.00892 -0.08988 0.20808 -0.07704 -0.00016
408.5  -0.03388 0.00004 0.15440 0.02708 -0.58972 0.01888 -0.07432 0.21520 -0.09012 0.00180
409.0  -0.03056 -0.00008 0.15204 0.03832 -0.58800 0.03128 -0.05744 0.21848 -0.10316 0.00340
409.5  -0.02432 -0.00028 0.14560 0.05312 -0.58716 0.04432 -0.03476 0.21796 -0.11732 0.00436
410.0  -0.01600 -0.00064 0.13508 0.07880 -0.58580 0.05056 -0.00328 0.21252 -0.13444 0.00504
410.5  -0.00648 -0.00112 0.12064 0.12884 -0.57932 0.04244 0.02608 0.18808 -0.17004 0.00592
411.0  0.00320 -0.00188 0.10236 0.22804 -0.55068 0.02720 0.04564 0.11936 -0.22432 0.00724
411.5  0.01204 -0.00248 0.08068 0.37128 -0.46912 0.00916 -0.01060 0.16960 -0.19712 0.01012
412.0  0.01928 -0.00304 0.05620 0.46956 -0.37280 -0.01312 -0.14328 0.14660 -0.16076 0.01688
412.5  0.02424 -0.00340 0.02964 0.50904 -0.31676 -0.04604 -0.15380 0.18132 -0.09784 0.03700
413.0  0.02652 -0.00344 0.00220 0.52164 -0.29196 -0.10724 -0.13436 0.19208 -0.04392 0.05516
413.5  0.02596 -0.00304 -0.02560 0.52184 -0.28456 -0.16984 -0.06352 0.18820 -0.01520 0.05948
414.0  0.02260 -0.00208 -0.05228 0.51496 -0.28696 -0.18884 -0.01444 0.18136 0.00004 0.06208
414.5  0.01672 -0.00048 -0.07700 0.50308 -0.29588 -0.19564 0.01392 0.17452 0.00892 0.06408
415.0  0.00876 -0.00176 -0.09936 0.48732 -0.30936 -0.19848 0.03472 0.16840 0.00856 0.06604
415.5  -0.00076 -0.00456 -0.11856 0.46836 -0.32668 -0.19864 0.05200 0.16352 -0.06360 0.02136
416.0  -0.01104 -0.00780 -0.13456 0.44612 -0.34740 -0.19640 0.06704 0.16004 -0.06116 0.02412
416.5  -0.02128 -0.01140 -0.14712 0.41988 -0.37240 -0.19180 0.08024 0.15824 -0.05628 0.02668
417.0  -0.03056 -0.01504 -0.15624 0.38628 -0.40348 -0.18484 0.09156 0.15812 -0.04916 0.02916
417.5  -0.03808 -0.01860 -0.16192 0.33328 -0.44748 -0.17548 0.10084 0.15932 -0.04080 0.03180
418.0  -0.04312 -0.02176 -0.16420 0.19900 -0.52280 -0.16364 0.10780 0.16164 -0.03212 0.03496
418.5  -0.04512 -0.02440 -0.16308 -0.15288 -0.54176 -0.14932 0.11180 0.16540 -0.02400 0.03896
419.0  -0.04396 -0.02640 -0.15864 -0.32268 -0.46804 -0.13260 0.11144 0.17136 -0.01584 0.04408
419.5  -0.03972 -0.02784 -0.15080 -0.38452 -0.42876 -0.11336 0.10352 0.18048 -0.00444 0.05064
420.0  -0.03276 -0.02864 -0.13952 -0.42104 -0.40556 -0.09156 0.08464 0.19292 0.01940 0.05536
420.5  -0.02376 -0.02896 -0.12480 -0.44776 -0.39060 -0.06664 0.05076 0.20404 0.05616 0.04432
421.0  -0.01344 -0.02892 -0.10684 -0.46832 -0.38164 -0.03728 0.01236 0.20344 0.08720 0.03216
421.5  -0.00264 -0.02860 -0.08584 -0.48292 -0.37908 0.00112 -0.01028 0.18220 0.12504 0.02424
422.0  0.00788 -0.02808 -0.06220 -0.48948 -0.38568 -0.04060 0.02696 0.12816 0.16864 0.01788
422.5  0.01740 -0.02756 -0.03656 -0.48072 -0.40904 -0.04884 0.08612 -0.00756 0.18840 0.01188
423.0  0.02532 -0.02692 -0.00968 -0.43560 -0.46616 -0.04780 0.04324 -0.09332 0.17436 0.00556
423.5  0.03116 -0.02632 0.01752 -0.29788 -0.56996 -0.03888 0.01576 -0.13672 0.14296 -0.00108
424.0  0.03460 -0.02564 0.04408 -0.10224 -0.63832 -0.02536 0.00548 -0.15880 0.11132 -0.00844
424.5  0.03528 -0.02480 0.06908 0.00592 -0.64816 -0.01176 0.00836 -0.16776 0.08552 -0.01680
425.0  0.03312 -0.02380 0.09164 0.05148 -0.64616 0.00012 0.02028 -0.16972 0.06420 -0.02664
425.5  0.02820 -0.02252 0.11112 0.07088 -0.64256 0.00968 0.03884 -0.16748 0.04356 -0.03752
426.0  0.02080 -0.02088 0.12688 0.07852 -0.63848 0.01500 0.06236 -0.16348 0.02416 -0.04384
426.5  0.01144 -0.01880 0.13856 0.08016 -0.63392 0.01152 0.08908 -0.15816 0.01180 -0.04432
427.0  0.00088 -0.01620 0.14584 0.07828 -0.62888 -0.00708 0.11676 -0.15236 0.00604 -0.04292
427.5  -0.00984 -0.01320 0.14856 0.07492 -0.62252 -0.03944 0.14296 -0.14644 0.00464 -0.04040
428.0  -0.01968 -0.00992 0.14656 0.07232 -0.61520 -0.07048 0.16568 -0.14040 0.00628 -0.03564
428.5  -0.02756 -0.00660 0.13988 0.07360 -0.60908 -0.09040 0.18360 -0.13396 0.01036 -0.02676
429.0  -0.03264 -0.00324 0.12860 0.08276 -0.60464 -0.10216 0.19664 -0.12704 0.01304 -0.01140
429.5  -0.03432 -0.00012 0.11284 0.10520 -0.60024 -0.11068 0.20488 -0.11928 0.00336 0.00368
430.0  -0.03252 0.00272 0.09300 0.14680 -0.59216 -0.11908 0.20860 -0.11012 -0.01436 0.01876
430.5  -0.02748 0.00520 0.06980 0.20824 -0.57496 -0.12960 0.20748 -0.09880 -0.03496 0.05180
431.0  -0.01984 0.00728 0.04376 0.27584 -0.54720 -0.14604 0.19896 -0.08384 -0.05616 0.08356
431.5  -0.01048 0.00900 0.01600 0.32864 -0.51800 -0.17980 0.16960 -0.06252 -0.07656 0.08672
432.0  -0.00044 0.01032 -0.01256 0.35876 -0.49704 -0.23704 0.06512 -0.03332 -0.09220 0.08308
432.5  0.00924 0.01124 -0.04084 0.37024 -0.48656 -0.24124 -0.02784 0.00020 -0.09876 0.07764
433.0  0.01756 0.01172 -0.06772 0.36904 -0.48404 -0.23128 -0.05396 0.03284 -0.09684 0.07172
433.5  0.02376 0.01172 -0.09228 0.35964 -0.48696 -0.22220 -0.04820 0.06704 -0.09104 0.06568
434.0  0.02724 0.01124 -0.11408 0.34488 -0.49312 -0.21352 -0.00732 0.09432 -0.08432 0.05932
434.5  0.02768 0.01020 -0.13264 0.32660 -0.50140 -0.20464 0.02444 0.09912 -0.07836 0.05284
435.0  0.02500 0.00864 -0.14756 0.30552 -0.51132 -0.19536 0.04080 0.09776 -0.07504 0.04584
435.5  0.01940 0.00660 -0.15884 0.28136 -0.52300 -0.17180 0.08572 0.09168 -0.07796 0.03884
436.0  0.01128 0.00412 -0.16648 0.25212 -0.53708 -0.04944 0.17664 0.07348 -0.09280 0.03184
436.5  0.00132 0.00136 -0.17052 0.21384 -0.55420 -0.05192 0.16580 0.04676 -0.10812 0.02508
437.0  -0.00960 -0.00152 -0.17096 0.15772 -0.57472 -0.05144 0.15464 0.03704 -0.11324 0.01864
437.5  -0.02052 -0.00428 -0.16788 0.06700 -0.59528 -0.04864 0.14300 0.03996 -0.11596 0.01260
438.0  -0.03040 -0.00680 -0.16128 -0.07504 -0.59836 -0.04356 0.13052 0.04844 -0.11904 0.00696
438.5  -0.03832 -0.00908 -0.15112 -0.23316 -0.56148 -0.03624 0.11664 0.05988 -0.12284 0.00180
439.0  -0.04344 -0.01104 -0.13744 -0.34344 -0.50836 -0.02652 0.09956 0.07368 -0.12776 -0.00248
439.5  -0.04528 -0.01260 -0.12032 -0.40728 -0.46652 -0.01412 0.07184 0.09212 -0.13384 -0.00588
440.0  -0.04364 -0.01380 -0.09992 -0.44552 -0.43844 0.00108 -0.00640 0.10864 -0.14120 -0.00840
440.5  -0.03880 -0.01460 -0.07648 -0.46912 -0.42100 0.01928 -0.06228 0.07648 -0.14952 -0.01016
441.0  -0.03124 -0.01500 -0.05056 -0.48212 -0.41272 0.04088 -0.07348 0.04192 -0.15764 -0.01132
441.5  -0.02176 -0.01496 -0.02280 -0.48420 -0.41476 0.06504 -0.06880 0.00236 -0.16276 -0.01204
442.0  -0.01128 -0.01444 0.00588 -0.47064 -0.43200 0.08512 -0.05432 -0.04336 -0.16008 -0.01232
442.5  -0.00072 -0.01352 0.03456 -0.42716 -0.47420 0.09552 -0.04060 -0.08912 -0.14704 -0.01240
443.0  0.00904 -0.01208 0.06224 -0.32432 -0.54692 0.09844 -0.03248 -0.12788 -0.12676 -0.01240
443.5  0.01728 -0.01044 0.08812 -0.17096 -0.60852 0.09716 -0.02888 -0.15736 -0.10472 -0.01260
444.0  0.02344 -0.00836 0.11132 -0.05936 -0.62432 0.09364 -0.02808 -0.17944 -0.08352 -0.01308
444.5  0.02712 -0.00612 0.13148 -0.00544 -0.62160 0.08872 -0.02872 -0.19572 -0.06400 -0.01400
445.0  0.02812 -0.00356 0.14812 0.01684 -0.61612 0.08296 -0.02992 -0.20776 -0.04612 -0.01576
445.5  0.02644 -0.00100 0.16096 0.02320 -0.61112 0.07612 -0.03140 -0.21644 -0.02728 -0.02044
446.0  0.02220 0.00160 0.16984 0.02120 -0.60740 0.06796 -0.03268 -0.22256 -0.00524 -0.02064
446.5  0.01568 0.00424 0.17468 0.01432 -0.60504 0.05820 -0.03372 -0.22668 0.00332 -0.00992
447.0  0.00744 0.00680 0.17540 0.00496 -0.60380 0.04656 -0.03432 -0.22936 0.00668 0.00112
447.5  -0.00192 0.00944 0.17196 -0.00584 -0.60364 0.03300 -0.03448 -0.23088 0.00952 0.01188
448.0  -0.01152 0.01196 0.16448 -0.01632 -0.60408 0.01692 -0.03460 -0.23112 -0.02612 -0.00452
448.5  -0.02052 0.01456 0.15332 -0.02484 -0.60516 -0.00332 -0.03564 -0.22944 -0.03752 -0.01212
449.0  -0.02800 0.01716 0.13824 -0.02860 -0.60668 -0.03116 -0.04092 -0.22332 -0.05232 -0.01488
449.5  -0.03320 0.01980 0.12016 -0.01524 -0.60868 -0.07104 -0.05912 -0.20464 -0.07000 -0.01712
450.0  -0.03552 0.02232 0.09892 0.09952 -0.60180 -0.11604 -0.08892 -0.16140 -0.08944 -0.01876
450.5  -0.03468 0.02484 0.07556 0.54276 -0.27904 -0.13996 -0.11844 -0.10400 -0.10644 -0.01956
451.0  -0.03072 0.02724 0.05052 0.57656 -0.19788 -0.13220 -0.15532 -0.05544 -0.10724 -0.01904
451.5  -0.02400 0.02940 0.02452 0.57820 -0.18600 -0.09960 -0.19132 -0.03136 -0.09648 -0.01704
452.0  -0.01512 0.03136 -0.00124 0.57436 -0.18660 -0.05428 -0.21636 -0.01940 -0.08648 -0.01292
452.5  -0.00484 0.03296 -0.02640 0.56820 -0.18944 -0.00856 -0.22872 -0.01200 -0.07912 -0.00588
453.0  0.00588 0.03412 -0.04992 0.56104 -0.19140 0.03344 -0.23184 -0.00576 -0.07304 0.00536
453.5  0.01616 0.03464 -0.07136 0.55400 -0.19040 0.07172 -0.22880 -0.00032 -0.06572 0.01928
454.0  0.02524 0.03436 -0.09008 0.54820 -0.18456 0.10640 -0.22108 0.00468 -0.05764 0.03036
454.5  0.03236 0.03316 -0.10584 0.54508 -0.17208 0.13688 -0.20964 0.00948 -0.05096 0.03640
455.0  0.03708 0.03100 -0.11836 0.54580 -0.15056 0.16212 -0.19500 0.01416 -0.04612 0.03960
455.5  0.03900 0.02792 -0.12720 0.55084 -0.11696 0.18156 -0.17788 0.01868 -0.04316 0.04080
456.0  0.03796 0.02404 -0.13256 0.55824 -0.07200 0.19476 -0.15900 0.02300 -0.04128 0.04076
456.5  0.03400 0.01956 -0.13392 0.56516 -0.02332 0.20184 -0.13868 0.02704 -0.04132 0.03820
457.0  0.02744 0.01472 -0.13164 0.57100 0.01848 0.20328 -0.11708 0.03096 -0.04420 0.03112
457.5  0.01872 0.01004 -0.12556 0.57720 0.05056 0.19948 -0.09416 0.03460 -0.03956 0.03292
458.0  0.00860 0.00560 -0.11580 0.58408 0.07688 0.19192 -0.06996 0.03832 -0.03700 0.03196
458.5  -0.00208 0.00164 -0.10264 0.59048 0.10232 0.18136 -0.04408 0.04204 -0.03464 0.03068
459.0  -0.01228 -0.00168 -0.08628 0.59536 0.12844 0.16852 -0.01620 0.04596 -0.03248 0.02920
459.5  -0.02100 -0.00432 -0.06708 0.59828 0.15424 0.15324 0.01408 0.05000 -0.03024 0.02708
460.0  -0.02744 -0.00624 -0.04552 0.59928 0.17856 0.13328 0.04736 0.05452 -0.02788 0.02396
460.5  -0.03092 -0.00748 -0.02224 0.59796 0.20140 0.10432 0.08236 0.05964 -0.02520 0.02160
461.0  -0.03116 -0.00816 0.00204 0.59368 0.22456 0.06392 0.11180 0.06560 -0.02188 0.02128
461.5  -0.02820 -0.00832 0.02660 0.58412 0.25296 0.02064 0.12728 0.07252 -0.01788 0.02220
462.0  -0.02244 -0.00796 0.05072 0.56180 0.29908 -0.01572 0.13172 0.08032 -0.01400 0.02384
462.5  -0.01464 -0.00728 0.07356 0.49332 0.39884 -0.04360 0.13144 0.08948 -0.01132 0.02560
463.0  -0.00556 -0.00632 0.09444 0.26908 0.57076 -0.06404 0.12992 0.10064 -0.01056 0.02724
463.5  0.00380 -0.00520 0.11288 0.06564 0.62328 -0.07708 0.12788 0.11476 -0.01112 0.02836
464.0  0.01256 -0.00404 0.12852 -0.00840 0.62196 -0.08188 0.12424 0.13276 -0.01200 0.02888
464.5  0.01992 -0.00280 0.14096 -0.03696 0.61668 -0.07820 0.11612 0.15452 -0.01148 0.02852
465.0  0.02516 -0.00168 0.15004 -0.04848 0.61276 -0.06776 0.10596 0.17404 -0.00908 0.02708
465.5  0.02788 -0.00064 0.15568 -0.05284 0.61084 -0.05372 0.09776 0.18676 -0.00472 0.02464
466.0  0.02780 0.00020 0.15768 -0.05416 0.61088 -0.03864 0.09104 0.19332 0.00176 0.02148
466.5  0.02484 0.00096 0.15596 -0.05528 0.61244 -0.02372 0.08452 0.19516 0.00996 0.01780
467.0  0.01924 0.00160 0.15068 -0.05876 0.61488 -0.00928 0.07804 0.19360 0.01984 0.01396
467.5  0.01148 0.00220 0.14148 -0.06740 0.61740 0.00456 0.07212 0.18944 0.03148 0.01012
468.0  0.00216 0.00284 0.12880 -0.08568 0.61872 0.01752 0.06740 0.18324 0.04504 0.00552
468.5  -0.00776 0.00352 0.11260 -0.12044 0.61624 0.02928 0.06500 0.17468 0.06024 -0.00192
469.0  -0.01736 0.00420 0.09324 -0.18136 0.60412 0.03916 0.06608 0.16324 0.07620 -0.01244
469.5  -0.02564 0.00504 0.07108 -0.27248 0.57072 0.04544 0.07216 0.14788 0.09288 -0.02360
470.0  -0.03164 0.00584 0.04660 -0.37016 0.51328 0.04636 0.08368 0.12740 0.10968 -0.03316
470.5  -0.03472 0.00668 0.02060 -0.43856 0.45456 0.04132 0.09888 0.10176 0.12448 -0.04108
471.0  -0.03444 0.00744 -0.00628 -0.47340 0.41428 0.03316 0.11420 0.07308 0.13360 -0.05000
471.5  -0.03076 0.00808 -0.03292 -0.48640 0.39248 0.02472 0.12772 0.04472 0.13300 -0.06520
472.0  -0.02400 0.00856 -0.05860 -0.48644 0.38388 0.01700 0.13904 0.01864 0.11580 -0.09316
472.5  -0.01480 0.00880 -0.08244 -0.47836 0.38440 0.00996 0.14760 -0.00488 0.07744 -0.12380
473.0  -0.00392 0.00864 -0.10384 -0.46468 0.39136 0.00364 0.15332 -0.02648 0.04544 -0.13472
473.5  0.00764 0.00808 -0.12224 -0.44668 0.40316 -0.00172 0.15532 -0.04736 0.02744 -0.13552
474.0  0.01892 0.00704 -0.13732 -0.42508 0.41876 -0.00572 0.15292 -0.06852 0.01580 -0.13400
474.5  0.02908 0.00544 -0.14880 -0.40040 0.43764 -0.00756 0.14488 -0.09076 0.00572 -0.13252
475.0  0.03732 0.00340 -0.15664 -0.37236 0.45924 -0.00676 0.12944 -0.11468 -0.00576 -0.13132
475.5  0.04312 0.00088 -0.16064 -0.33984 0.48372 -0.00300 0.10368 -0.13980 -0.02520 -0.12796
476.0  0.04600 -0.00192 -0.16088 -0.30000 0.51112 0.00396 0.06384 -0.16292 -0.07628 -0.10420
476.5  0.04584 -0.00488 -0.15736 -0.24680 0.54196 0.01428 0.00952 -0.17576 -0.11980 -0.04420
477.0  0.04260 -0.00780 -0.15024 -0.17020 0.57452 0.02888 -0.04816 -0.17068 -0.12460 -0.01992
477.5  0.03648 -0.01048 -0.13960 -0.06156 0.59996 0.05052 -0.09468 -0.14988 -0.12516 -0.00836
478.0  0.02788 -0.01276 -0.12580 0.06376 0.60348 0.08536 -0.12212 -0.11784 -0.12680 -0.00008
478.5  0.01728 -0.01460 -0.10904 0.16736 0.58644 0.13712 -0.12212 -0.06828 -0.13164 0.00720
479.0  0.00552 -0.01596 -0.08972 0.23272 0.56584 0.18832 -0.09984 0.00324 -0.12224 0.01456
479.5  -0.00664 -0.01684 -0.06836 0.26556 0.55196 0.22436 -0.03404 -0.07852 -0.09148 0.02240
480.0  -0.01828 -0.01712 -0.04556 0.27176 0.54808 0.24620 -0.05296 -0.07648 -0.05616 0.03072
480.5  -0.02844 -0.01700 -0.02184 0.25156 0.55532 0.24976 -0.10792 -0.06688 -0.02824 0.03916
481.0  -0.03632 -0.01636 0.00204 0.20184 0.57168 0.23292 -0.17036 -0.05100 -0.01632 0.04768
481.5  -0.04136 -0.01532 0.02536 0.12904 0.58816 0.20624 -0.22056 -0.03460 -0.01252 0.05536
482.0  -0.04320 -0.01380 0.04756 0.05748 0.59504 0.17796 -0.25652 -0.01904 -0.01156 0.06148
482.5  -0.04176 -0.01188 0.06792 0.00820 0.59372 0.14912 -0.28224 -0.00444 -0.01180 0.06548
483.0  -0.03732 -0.00964 0.08584 -0.01796 0.59016 0.11832 -0.30052 0.00936 -0.01260 0.06644
483.5  -0.03032 -0.00716 0.10084 -0.02804 0.58732 0.08408 -0.31288 0.02244 -0.01388 0.06364
484.0  -0.02156 -0.00436 0.11240 -0.02892 0.58564 0.04544 -0.31968 0.03476 -0.01544 0.05780
484.5  -0.01184 -0.00148 0.12020 -0.02512 0.58476 0.00244 -0.32100 0.04640 -0.01696 0.04948
485.0  -0.00196 0.00140 0.12400 -0.02004 0.58396 -0.04380 -0.31644 0.05728 -0.01884 0.03928
485.5  0.00716 0.00420 0.12372 -0.01716 0.58320 -0.09016 -0.30568 0.06768 -0.02124 0.02724
486.0  0.01480 0.00688 0.11928 -0.02040 0.58320 -0.13232 -0.28804 0.07748 -0.02480 0.01352
486.5  0.02032 0.00920 0.11080 -0.03504 0.58508 -0.16612 -0.26300 0.08680 -0.02992 -0.00176
487.0  0.02324 0.01124 0.09844 -0.06716 0.58852 -0.18880 -0.23068 0.09520 -0.03708 -0.01600
487.5  0.02332 0.01280 0.08260 -0.12048 0.59008 -0.19936 -0.19188 0.10232 -0.04692 -0.02584
488.0  0.02056 0.01396 0.06376 -0.19076 0.58320 -0.19836 -0.14852 0.10708 -0.06008 -0.02812
488.5  0.01532 0.01476 0.04240 -0.26480 0.56548 -0.18716 -0.10316 0.10724 -0.07840 -0.02444
489.0  0.00812 0.01528 0.01936 -0.32960 0.54012 -0.16692 -0.05988 0.09940 -0.10192 -0.01824
489.5  -0.00024 0.01556 -0.00464 -0.37944 0.51256 -0.13896 -0.02600 0.08188 -0.12668 -0.01232
490.0  -0.00876 0.01580 -0.02880 -0.41456 0.48632 -0.10804 -0.01044 0.06020 -0.14576 -0.00744
490.5  -0.01644 0.01600 -0.05216 -0.43748 0.46328 -0.08140 -0.01488 0.04156 -0.15664 -0.00348
491.0  -0.02224 0.01632 -0.07412 -0.45112 0.44400 -0.06304 -0.03344 0.02848 -0.16020 -0.00052
491.5  -0.02540 0.01672 -0.09400 -0.45772 0.42844 -0.05340 -0.05940 0.02172 -0.15716 0.00132
492.0  -0.02544 0.01728 -0.11140 -0.45936 0.41632 -0.05096 -0.08700 0.02168 -0.14824 0.00156
492.5  -0.02224 0.01776 -0.12592 -0.45760 0.40732 -0.05372 -0.11348 0.01808 -0.13544 -0.00020
493.0  -0.01600 0.01812 -0.13732 -0.45404 0.40096 -0.05988 -0.10352 -0.08760 -0.12136 -0.00492
493.5  -0.00736 0.01820 -0.14540 -0.45016 0.39628 -0.06772 -0.10008 -0.11324 -0.10764 -0.01288
494.0  0.00292 0.01780 -0.15024 -0.44824 0.39144 -0.07604 -0.10616 -0.12336 -0.09476 -0.02132
494.5  0.01380 0.01696 -0.15160 -0.45240 0.38192 -0.08408 -0.10824 -0.13272 -0.08396 -0.02444
495.0  0.02432 0.01556 -0.14952 -0.47420 0.35248 -0.09136 -0.10552 -0.14308 -0.07588 -0.02064
495.5  0.03344 0.01368 -0.14392 -0.54888 0.21984 -0.09768 -0.09812 -0.15440 -0.06856 -0.01336
496.0  0.04036 0.01144 -0.13480 -0.58040 -0.12224 -0.10268 -0.08672 -0.16636 -0.06008 -0.00784
496.5  0.04440 0.00888 -0.12216 -0.54664 -0.23760 -0.10648 -0.07188 -0.17836 -0.04960 -0.00616
497.0  0.04512 0.00620 -0.10616 -0.53728 -0.26616 -0.10912 -0.05436 -0.18960 -0.03684 -0.00748
497.5  0.04224 0.00356 -0.08704 -0.53704 -0.27464 -0.11080 -0.03448 -0.19948 -0.02132 -0.01088
498.0  0.03592 0.00092 -0.06528 -0.53928 -0.27648 -0.11116 -0.01172 -0.20728 -0.00148 -0.01516
498.5  0.02648 -0.00140 -0.04160 -0.54140 -0.27660 -0.10904 0.01596 -0.21140 0.02452 -0.02028
499.0  0.01452 -0.00340 -0.01668 -0.54184 -0.27756 -0.10032 0.04968 -0.20868 0.05908 -0.02600
499.5  0.00088 -0.00500 0.00860 -0.53896 -0.28184 -0.08480 0.08280 -0.19300 0.10252 -0.02936
500.0  -0.01336 -0.00612 0.03328 -0.53008 -0.29456 -0.07044 0.11356 -0.15564 0.14812 -0.02524
500.5  -0.02716 -0.00668 0.05668 -0.50576 -0.32968 -0.06004 0.14716 -0.08184 0.18464 -0.02196
501.0  -0.03944 -0.00664 0.07800 -0.41580 -0.43332 -0.05212 0.14724 0.00816 0.20844 -0.01964
501.5  -0.04916 -0.00600 0.09684 -0.13840 -0.58096 -0.04520 0.12172 0.05252 0.22312 -0.01768
502.0  -0.05568 -0.00480 0.11268 0.01576 -0.59384 -0.03868 0.09784 0.07208 0.23312 -0.01600
502.5  -0.05852 -0.00316 0.12544 0.06152 -0.58840 -0.03232 0.07696 0.08040 0.24096 -0.01468
503.0  -0.05756 -0.00108 0.13480 0.07688 -0.58492 -0.02616 0.05776 0.08164 0.24780 -0.01424
503.5  -0.05316 0.00124 0.14060 0.08168 -0.58372 -0.02016 0.03932 0.07784 0.25340 -0.01500
504.0  -0.04580 0.00364 0.14280 0.08308 -0.58424 -0.01436 0.02104 0.07016 0.25748 -0.01724
504.5  -0.03632 0.00608 0.14136 0.08528 -0.58564 -0.00892 0.00252 0.05904 0.25976 -0.02052
505.0  -0.02564 0.00832 0.13636 0.09352 -0.58720 -0.00408 -0.04404 0.01760 0.25928 -0.02416
505.5  -0.01472 0.01028 0.12764 0.11608 -0.58668 -0.00060 -0.02628 0.03720 0.25536 -0.02728
506.0  -0.00448 0.01200 0.11556 0.17252 -0.57680 0.00076 -0.00492 0.06100 0.24648 -0.02932
506.5  0.00428 0.01336 0.10024 0.29600 -0.52892 -0.00092 0.01908 0.09280 0.22836 -0.02984
507.0  0.01092 0.01432 0.08216 0.44912 -0.41264 -0.00672 0.04420 0.14168 0.18800 -0.02864
507.5  0.01504 0.01480 0.06164 0.52596 -0.31512 -0.01796 0.06796 0.19244 0.10820 -0.02552
508.0  0.01648 0.01492 0.03936 0.55436 -0.26724 -0.03656 0.08664 0.19880 0.04004 -0.02064
508.5  0.01532 0.01464 0.01608 0.56572 -0.24492 -0.06332 0.09564 0.18264 0.00492 -0.01432
509.0  0.01176 0.01400 -0.00764 0.57008 -0.23384 -0.09356 0.09308 0.16112 -0.01452 -0.00772
509.5  0.00632 0.01308 -0.03104 0.57084 -0.22740 -0.11960 0.08400 0.13852 -0.02660 -0.00228
510.0  -0.00032 0.01192 -0.05336 0.56960 -0.22216 -0.13908 0.07472 0.11612 -0.03480 0.00144
510.5  -0.00744 0.01056 -0.07400 0.56760 -0.21640 -0.15392 0.06748 0.09448 -0.04052 0.00340
511.0  -0.01416 0.00912 -0.09244 0.56544 -0.20860 -0.16564 0.06216 0.07384 -0.04440 0.00332
511.5  -0.01960 0.00760 -0.10824 0.56408 -0.19752 -0.17532 0.05840 0.05424 -0.04656 0.00072
512.0  -0.02308 0.00616 -0.12108 0.56448 -0.18208 -0.18308 0.05572 0.03588 -0.04680 -0.00412
512.5  -0.02400 0.00476 -0.13060 0.56732 -0.16092 -0.18848 0.05360 0.01876 -0.04556 -0.00832
513.0  -0.02212 0.00340 -0.13668 0.57316 -0.13176 -0.19096 0.05172 0.00268 -0.04420 -0.00736
513.5  -0.01740 0.00212 -0.13908 0.58148 -0.09172 -0.19012 0.04968 -0.01260 -0.04300 -0.00340
514.0  -0.01016 0.00092 -0.13780 0.59008 -0.03912 -0.18624 0.04708 -0.02752 -0.04140 -0.00248
514.5  -0.00104 -0.00024 -0.13272 0.59548 0.02332 -0.18008 0.04324 -0.04240 -0.03964 -0.00376
515.0  0.00928 -0.00128 -0.12392 0.59556 0.08672 -0.17252 0.03772 -0.05768 -0.03740 -0.00612
515.5  0.01996 -0.00232 -0.11160 0.59144 0.14208 -0.16452 0.02948 -0.07356 -0.03432 -0.00860
516.0  0.03012 -0.00344 -0.09604 0.58588 0.18580 -0.15668 0.01744 -0.09012 -0.02968 -0.01072
516.5  0.03900 -0.00456 -0.07748 0.58012 0.21908 -0.14924 0.00000 -0.10688 -0.02236 -0.01236
517.0  0.04588 -0.00580 -0.05668 0.57400 0.24496 -0.14120 -0.02548 -0.12264 -0.01072 -0.01352
517.5  0.05024 -0.00716 -0.03416 0.56660 0.26680 -0.12976 -0.06104 -0.13376 0.00820 -0.01400
518.0  0.05160 -0.00868 -0.01068 0.55548 0.28924 -0.11244 -0.10568 -0.13220 0.03560 -0.01384
518.5  0.04984 -0.01032 0.01288 0.53472 0.32192 -0.09512 -0.15760 -0.09932 0.06196 -0.01316
519.0  0.04488 -0.01216 0.03564 0.47808 0.39516 -0.08800 -0.20212 0.01356 0.06728 -0.01264
519.5  0.03692 -0.01408 0.05696 0.23892 0.56676 -0.08972 -0.18216 0.12340 0.05284 -0.01216
520.0  0.02648 -0.01596 0.07612 -0.01900 0.60876 -0.08504 -0.18512 0.14912 0.03652 -0.01176
520.5  0.01424 -0.01768 0.09276 -0.09248 0.59588 -0.07292 -0.21584 0.13424 0.02528 -0.01132
521.0  0.00112 -0.01920 0.10604 -0.11708 0.58576 -0.05748 -0.24784 0.10132 0.01852 -0.01112
521.5  -0.01184 -0.02020 0.11612 -0.12664 0.57904 -0.04020 -0.26940 0.07096 0.01480 -0.01084
522.0  -0.02352 -0.02064 0.12256 -0.13072 0.57476 -0.02164 -0.28260 0.04844 0.01324 -0.01020
522.5  -0.03288 -0.02056 0.12540 -0.13348 0.57224 -0.00240 -0.29036 0.03284 0.01272 -0.00920
523.0  -0.03912 -0.01988 0.12444 -0.13704 0.57124 0.01744 -0.29432 0.02180 0.01276 -0.00816
523.5  -0.04168 -0.01876 0.11960 -0.14332 0.57132 0.03728 -0.29500 0.01392 0.01272 -0.00788
524.0  -0.04048 -0.01736 0.11100 -0.15384 0.57168 0.05744 -0.29300 0.00820 0.01236 -0.00864
524.5  -0.03568 -0.01572 0.09852 -0.17040 0.57108 0.07796 -0.28812 0.00396 0.01128 -0.01020
525.0  -0.02776 -0.01400 0.08252 -0.19416 0.56824 0.09956 -0.28036 0.00044 0.00988 -0.01172
525.5  -0.01756 -0.01244 0.06328 -0.22464 0.56152 0.12332 -0.26892 -0.00372 0.00744 -0.01332
526.0  -0.00600 -0.01108 0.04128 -0.25888 0.55052 0.15156 -0.25152 -0.01016 0.00412 -0.01524
526.5  -0.00596 -0.01016 0.01736 -0.29112 0.53676 0.18844 -0.22148 -0.02068 0.00100 -0.01680
527.0  -0.01728 -0.00964 -0.00752 -0.31596 0.52324 0.23600 -0.16300 -0.03584 0.00080 -0.01816
527.5  -0.02712 -0.00964 -0.03256 -0.33044 0.51280 0.27136 -0.07400 -0.05344 0.00456 -0.01916
528.0  -0.03468 -0.01028 -0.05664 -0.33460 0.50716 0.27428 -0.00444 -0.07056 0.01016 -0.01992
528.5  -0.03944 -0.01148 -0.07900 -0.33000 0.50628 0.26400 0.03028 -0.08656 0.01508 -0.02040
529.0  -0.04116 -0.01324 -0.09908 -0.31816 0.50956 0.25136 0.03420 -0.10552 0.01844 -0.02080
529.5  -0.03972 -0.01536 -0.11636 -0.30084 0.51628 0.23840 -0.00772 -0.12404 0.02024 -0.02084
530.0  -0.03540 -0.01784 -0.13056 -0.27888 0.52580 0.22484 -0.04024 -0.12772 0.02044 -0.02096
530.5  -0.02872 -0.02028 -0.14164 -0.25220 0.53784 0.21016 -0.04900 -0.13192 0.01996 -0.02080
531.0  -0.02032 -0.02252 -0.14968 -0.21988 0.55208 0.19392 -0.04992 -0.13704 0.01928 -0.02060
531.5  -0.01108 -0.02436 -0.15452 -0.17960 0.56824 0.17604 -0.04820 -0.14200 0.01840 -0.02084
532.0  -0.00204 -0.02560 -0.15636 -0.12720 0.58532 0.15640 -0.04608 -0.14660 0.01800 -0.02164
532.5  0.00592 -0.02616 -0.15508 -0.05720 0.60048 0.13456 -0.04568 -0.15044 0.01960 -0.02272
533.0  0.01192 -0.02596 -0.15080 0.03340 0.60760 0.10756 -0.05324 -0.15256 0.02884 -0.02380
533.5  0.01532 -0.02508 -0.14352 0.13608 0.59936 0.05140 -0.08220 -0.13412 0.08420 -0.02460
534.0  0.01584 -0.02364 -0.13308 0.23056 0.57688 0.01308 -0.07192 -0.05456 0.15136 -0.02484
534.5  0.01348 -0.02176 -0.11952 0.30280 0.55052 0.00796 -0.04884 -0.03740 0.15788 -0.02460
535.0  0.00852 -0.01964 -0.10292 0.35220 0.52864 0.00992 -0.03488 -0.02972 0.15804 -0.02392
535.5  0.00152 -0.01744 -0.08340 0.38328 0.51472 0.01420 -0.04156 -0.02852 0.15404 -0.02280
536.0  -0.00668 -0.01520 -0.06144 0.39888 0.50984 0.01896 -0.04772 -0.05540 0.14440 -0.02136
536.5  -0.01536 -0.01304 -0.03752 0.39872 0.51516 0.02144 -0.05832 -0.08388 0.12892 -0.01960
537.0  -0.02356 -0.01108 -0.01228 0.37924 0.53244 0.01764 -0.07424 -0.10772 0.10920 -0.01720
537.5  -0.03060 -0.00920 0.01336 0.33348 0.56248 0.00664 -0.09324 -0.12496 0.08844 -0.01420
538.0  -0.03584 -0.00756 0.03856 0.25764 0.59872 -0.00712 -0.11324 -0.13608 0.06864 -0.01044
538.5  -0.03876 -0.00608 0.06240 0.16684 0.62548 -0.02288 -0.13260 -0.14232 0.05080 -0.00632
539.0  -0.03912 -0.00476 0.08400 0.09084 0.63468 -0.04272 -0.15100 -0.14428 0.03528 -0.00240
539.5  -0.03676 -0.00348 0.10284 0.04220 0.63176 -0.06836 -0.16676 -0.14436 0.02176 0.00092
540.0  -0.03176 -0.00232 0.11824 0.01536 0.62384 -0.09788 -0.17876 -0.14204 0.00988 0.00352
540.5  -0.02448 -0.00120 0.12980 0.00168 0.61488 -0.12576 -0.18660 -0.13824 -0.00076 0.00512
541.0  -0.01544 -0.00012 0.13720 -0.00528 0.60776 -0.14640 -0.19056 -0.13320 -0.01060 0.00552
541.5  -0.00528 0.00100 0.14028 -0.00972 0.60412 -0.15796 -0.19112 -0.12736 -0.01988 0.00584
542.0  0.00508 0.00216 0.13904 -0.01484 0.60384 -0.16244 -0.18896 -0.12080 -0.02452 0.01664
542.5  0.01468 0.00332 0.13348 -0.02372 0.60592 -0.16312 -0.18444 -0.11348 -0.03292 0.01984
543.0  0.02256 0.00448 0.12384 -0.04036 0.60892 -0.16268 -0.17752 -0.10516 -0.04288 0.01960
543.5  0.02788 0.00568 0.11032 -0.07056 0.61084 -0.16312 -0.16772 -0.09600 -0.05256 0.01904
544.0  0.03004 0.00692 0.09344 -0.12264 0.60728 -0.16580 -0.15416 -0.08528 -0.06236 0.01856
544.5  0.02876 0.00816 0.07372 -0.20352 0.58964 -0.17116 -0.13512 -0.07268 -0.07240 0.01804
545.0  0.02404 0.00932 0.05172 -0.30244 0.54936 -0.17820 -0.10920 -0.05772 -0.08264 0.01676
545.5  0.01632 0.01044 0.02816 -0.38768 0.49556 -0.18280 -0.07612 -0.04796 -0.09156 0.01448
546.0  0.00620 0.01140 0.00388 -0.44268 0.44780 -0.17832 0.03808 -0.06860 -0.09116 0.01120
546.5  -0.00544 0.01220 -0.02044 -0.47400 0.41264 -0.13308 0.11716 -0.09748 -0.04912 0.00740
547.0  -0.01764 0.01264 -0.04392 -0.49120 0.38728 0.03216 0.17052 -0.09848 -0.03772 0.00356
547.5  -0.02952 0.01268 -0.06596 -0.50036 0.36744 0.07564 0.12920 -0.12620 -0.04196 -0.00008
548.0  -0.04016 0.01220 -0.08584 -0.50528 0.34984 0.10104 0.01712 -0.16524 -0.04664 -0.00348
548.5  -0.04872 0.01108 -0.10344 -0.50856 0.33228 0.11968 0.01292 -0.15436 -0.05008 -0.00672
549.0  -0.05460 0.00932 -0.11792 -0.51208 0.31268 0.13388 0.02672 -0.14496 -0.05240 -0.00972
549.5  -0.05732 0.00684 -0.12932 -0.51780 0.28864 0.14408 0.04432 -0.13688 -0.05372 -0.01228
550.0  -0.05664 0.00376 -0.13728 -0.52788 0.25580 0.15028 0.06304 -0.12972 -0.05436 -0.01444
550.5  -0.05264 0.00032 -0.14176 -0.54344 0.20756 0.15244 0.08212 -0.12332 -0.05472 -0.01584
551.0  -0.04556 -0.00336 -0.14272 -0.56176 0.13792 0.15068 0.10112 -0.11752 -0.05496 -0.01644
551.5  -0.03604 -0.00692 -0.14008 -0.57432 0.05344 0.14512 0.12008 -0.11244 -0.05532 -0.01588
552.0  -0.02476 -0.01020 -0.13392 -0.57620 -0.02336 0.13588 0.13892 -0.10804 -0.05592 -0.01432
552.5  -0.01280 -0.01292 -0.12424 -0.57256 -0.07704 0.12296 0.15764 -0.10412 -0.05700 -0.01108
553.0  -0.00120 -0.01496 -0.11112 -0.56932 -0.10948 0.10604 0.17604 -0.10060 -0.05856 -0.00600
553.5  0.00896 -0.01620 -0.09472 -0.56828 -0.12728 0.08384 0.19400 -0.09720 -0.06112 0.00088
554.0  0.01684 -0.01668 -0.07524 -0.56916 -0.13580 0.05496 0.21084 -0.09348 -0.06468 0.00888
554.5  0.02172 -0.01640 -0.05308 -0.57100 -0.13824 0.01584 0.22488 -0.08880 -0.06940 0.01644
555.0  0.02324 -0.01544 -0.02876 -0.57292 -0.13632 -0.03924 0.23080 -0.08240 -0.07568 0.02180
555.5  0.02148 -0.01380 -0.00300 -0.57452 -0.13092 -0.11216 0.21656 -0.07288 -0.08372 0.02400
556.0  0.01680 -0.01156 0.02348 -0.57508 -0.12248 -0.18340 0.17668 -0.05812 -0.09320 0.02356
556.5  0.00980 -0.00872 0.04972 -0.57460 -0.11028 -0.23168 0.13084 -0.03548 -0.10244 0.02104
557.0  0.00136 -0.00548 0.07504 -0.57360 -0.09076 -0.26088 0.09428 -0.00408 -0.10664 0.01696
557.5  -0.00764 -0.00196 0.09856 -0.57528 0.00280 -0.27876 0.07088 0.03028 -0.10092 0.01216
558.0  -0.01616 0.00164 0.11976 -0.11796 0.55712 -0.28824 0.06724 0.05856 -0.08616 0.00760
558.5  -0.02344 0.00520 0.13812 -0.08580 0.55748 -0.28912 0.09264 0.07188 -0.06632 0.00428
559.0  -0.02868 0.00844 0.15340 -0.06636 0.55596 -0.27812 0.13640 0.07256 -0.04424 0.00384
559.5  -0.03132 0.01116 0.16524 -0.04956 0.55552 -0.24828 0.18800 0.07036 -0.02232 -0.00768
560.0  -0.03108 0.01320 0.17360 -0.03428 0.55688 -0.19256 0.24100 0.06536 -0.00284 -0.01668
560.5  -0.02784 0.01444 0.17824 -0.02040 0.56012 -0.12040 0.27644 0.05652 0.01392 -0.02860
561.0  -0.02180 0.01496 0.17912 -0.00808 0.56508 -0.05400 0.28628 0.04400 0.03012 -0.03968
561.5  -0.01332 0.01480 0.17612 0.00160 0.57140 -0.00044 0.27856 0.02848 0.04912 -0.04508
562.0  -0.00312 0.01432 0.16920 0.00728 0.57852 0.04288 0.26020 0.01064 0.07116 -0.03996
562.5  -0.00788 0.01376 0.15836 0.00628 0.58632 0.07820 0.23468 -0.00896 0.08992 -0.02836
563.0  -0.01872 0.01324 0.14368 -0.00780 0.59412 0.10464 0.20464 -0.02908 0.10212 -0.01864
563.5  -0.02832 0.01292 0.12532 -0.05108 0.59948 0.11968 0.17780 -0.03920 0.10836 -0.01216
564.0  -0.03564 0.01284 0.10364 -0.16856 0.58452 0.12136 0.14704 -0.08140 0.10872 -0.00788
564.5  -0.03996 0.01308 0.07908 -0.37632 0.48488 0.10896 0.14744 -0.08036 0.10472 -0.00476
565.0  -0.04072 0.01348 0.05220 -0.49328 0.37184 0.08212 0.16796 -0.05844 0.09768 -0.00240
565.5  -0.03788 0.01404 0.02408 -0.53152 0.31868 0.04080 0.18484 -0.04196 0.08888 -0.00068
566.0  -0.03164 0.01456 -0.00484 -0.54496 0.29500 -0.01108 0.19044 -0.03252 0.08032 0.00020
566.5  -0.02264 0.01496 -0.03300 -0.54908 0.28256 -0.06408 0.18156 -0.02780 0.07376 0.00064
567.0  -0.01172 0.01508 -0.05964 -0.54892 0.27392 -0.10984 0.16172 -0.02560 0.06900 -0.00012
567.5  0.00016 0.01480 -0.08396 -0.54696 0.26532 -0.14624 0.13616 -0.02452 0.06624 -0.00184
568.0  -0.01200 0.01400 -0.10496 -0.54504 0.25544 -0.17360 0.10808 -0.02404 0.06500 -0.00436
568.5  -0.02276 0.01256 -0.12228 -0.54440 0.24392 -0.19184 0.07904 -0.02384 0.06472 -0.00728
569.0  -0.03168 0.01044 -0.13548 -0.54692 0.23048 -0.20012 0.05012 -0.02380 0.06520 -0.01048
569.5  -0.03816 0.00760 -0.14444 -0.55452 0.21156 -0.19768 0.02172 -0.02392 0.06600 -0.01360
570.0  -0.04168 0.00424 -0.14896 -0.57120 0.17340 -0.18508 -0.00552 -0.02456 0.06720 -0.01644
570.5  -0.04208 0.00044 -0.14912 -0.59700 0.08120 -0.16468 -0.03124 -0.02564 0.06880 -0.01876
571.0  -0.03940 -0.00356 -0.14500 -0.60236 -0.08840 -0.13984 -0.05452 -0.02768 0.07136 -0.02068
571.5  -0.03388 -0.00752 -0.13680 -0.57048 -0.22968 -0.11312 -0.07452 -0.03128 0.07584 -0.02204
572.0  -0.02600 -0.01120 -0.12472 -0.54536 -0.29612 -0.08596 -0.08944 -0.03760 0.08312 -0.02276
572.5  -0.01644 -0.01460 -0.10920 -0.53380 -0.32572 -0.05868 -0.09532 -0.04996 0.09484 -0.02284
573.0  -0.00604 -0.01748 -0.09052 -0.52920 -0.34072 -0.03124 -0.08436 -0.06992 0.11256 -0.02204
573.5  -0.00432 -0.01984 -0.06932 -0.52640 -0.35104 -0.00588 -0.09776 -0.02052 0.13468 -0.02020
574.0  -0.01360 -0.02168 -0.04604 -0.52064 -0.36356 -0.01020 -0.07724 0.04500 0.15216 -0.01724
574.5  -0.02100 -0.02296 -0.02140 -0.50484 -0.38736 -0.01692 -0.05136 0.09260 0.15232 -0.01328
575.0  -0.02580 -0.02368 0.00392 -0.45716 -0.44308 -0.01876 -0.03080 0.14080 0.13132 -0.00868
575.5  -0.02756 -0.02380 0.02924 -0.29836 -0.56136 -0.01848 -0.01548 0.17756 0.10032 -0.00392
576.0  -0.02620 -0.02332 0.05388 -0.05696 -0.63128 -0.01780 -0.00368 0.20124 0.07172 0.00028
576.5  -0.02184 -0.02228 0.07712 0.05012 -0.62916 -0.01748 0.00600 0.21688 0.04884 0.00316
577.0  -0.01496 -0.02064 0.09840 0.08616 -0.62192 -0.01760 0.01460 0.22776 0.02900 -0.01060
577.5  -0.00624 -0.01836 0.11720 0.09684 -0.61668 -0.01804 0.02260 0.23568 -0.01040 -0.01396
578.0  0.00356 -0.01568 0.13304 0.09724 -0.61304 -0.01844 0.03008 0.24096 -0.01024 -0.00148
578.5  0.01352 -0.01256 0.14556 0.09272 -0.61068 -0.01832 0.03720 0.24400 -0.00996 0.00872
579.0  0.02292 -0.00928 0.15440 0.08576 -0.60952 -0.01716 0.04348 0.24500 -0.00912 0.01780
579.5  0.03092 -0.00600 0.15940 0.07824 -0.60960 -0.01404 0.04884 0.24392 -0.00728 0.02648
580.0  0.03692 -0.00292 0.16044 0.07124 -0.61092 -0.00844 0.05292 0.24072 -0.00460 0.03616
580.5  0.04044 -0.00016 0.15740 0.06612 -0.61332 -0.00020 0.05544 0.23532 -0.00160 0.04792
581.0  0.04112 0.00208 0.15028 0.06424 -0.61644 0.00984 0.05624 0.22752 0.00060 0.06232
581.5  0.03892 0.00380 0.13912 0.06768 -0.61976 0.02040 0.05532 0.21716 0.00036 0.07888
582.0  0.03392 0.00504 0.12408 0.07924 -0.62248 0.03040 0.05276 0.20380 -0.00452 0.09676
582.5  0.02648 0.00584 0.10532 0.10296 -0.62316 0.03928 0.04864 0.18684 -0.01636 0.11488
583.0  0.01724 0.00628 0.08328 0.14280 -0.61900 0.04708 0.04280 0.16536 -0.03708 0.13064
583.5  0.00688 0.00644 0.05856 0.19976 -0.60600 0.05400 0.03448 0.13832 -0.06492 0.14064
584.0  0.00364 0.00648 0.03176 0.26592 -0.58188 0.06000 0.02184 0.10668 -0.09360 0.14288
584.5  0.01344 0.00644 0.00392 0.32524 -0.55120 0.06284 0.00220 0.07324 -0.11676 0.13852
585.0  0.02168 0.00644 -0.02400 0.36652 -0.52320 0.05756 -0.02000 0.04132 -0.13424 0.12692
585.5  0.02764 0.00652 -0.05108 0.38912 -0.50352 0.04692 -0.03472 0.01280 -0.14868 0.10728
586.0  0.03088 0.00668 -0.07636 0.39696 -0.49284 0.03488 -0.04284 -0.01232 -0.15988 0.07972
586.5  0.03116 0.00700 -0.09912 0.39404 -0.48988 0.02176 -0.04784 -0.03436 -0.16372 0.05152
587.0  0.02860 0.00748 -0.11868 0.38260 -0.49328 0.00684 -0.05128 -0.05404 -0.16028 0.03004
587.5  0.02360 0.00796 -0.13476 0.36360 -0.50236 -0.01016 -0.05316 -0.07168 -0.15244 0.01584
588.0  0.01664 0.00844 -0.14704 0.33620 -0.51692 -0.02916 -0.05088 -0.08828 -0.14216 0.00668
588.5  0.00840 0.00888 -0.15536 0.29720 -0.53744 -0.04944 -0.02324 -0.10880 -0.13020 0.00060
589.0  -0.00028 0.00908 -0.15968 0.23944 -0.56444 -0.06972 0.06080 -0.09960 -0.11712 -0.00320
589.5  -0.00868 0.00892 -0.15992 0.14924 -0.59544 -0.08860 0.07840 -0.08784 -0.10360 -0.00484
590.0  -0.01604 0.00844 -0.15604 0.01484 -0.61612 -0.10524 0.08052 -0.08152 -0.09068 -0.00480
590.5  -0.02168 0.00748 -0.14808 -0.13708 -0.60484 -0.11972 0.07652 -0.07528 -0.07912 -0.00304
591.0  -0.02504 0.00612 -0.13608 -0.25372 -0.57132 -0.13220 0.06560 -0.07032 -0.07012 0.00000
591.5  -0.02572 0.00448 -0.12012 -0.32664 -0.53940 -0.14248 0.03644 -0.07388 -0.06464 0.00388
592.0  -0.02364 0.00260 -0.10052 -0.37024 -0.51704 -0.14900 0.01112 -0.06968 -0.06272 0.00812
592.5  -0.01888 0.00056 -0.07776 -0.39436 -0.50484 -0.14960 0.02668 -0.06520 -0.06312 0.01260
593.0  -0.01192 -0.00140 -0.05244 -0.40248 -0.50300 -0.13736 0.06492 -0.06904 -0.06332 0.01704
593.5  -0.00332 -0.00320 -0.02540 -0.39336 -0.51284 -0.09904 0.11348 -0.07972 -0.06076 0.02120
594.0  0.00596 -0.00464 0.00232 -0.36240 -0.53564 -0.05312 0.13900 -0.09408 -0.05436 0.02436
594.5  0.01488 -0.00560 0.02968 -0.30420 -0.56916 -0.01872 0.14600 -0.10904 -0.04512 0.02516
595.0  0.02248 -0.00600 0.05580 -0.22364 -0.60180 0.00940 0.14624 -0.12256 -0.03476 0.02328
595.5  0.02776 -0.00580 0.07968 -0.14280 -0.62088 0.03608 0.14340 -0.13464 -0.02440 0.02120
596.0  0.03000 -0.00484 0.10080 -0.08132 -0.62540 0.06336 0.13824 -0.14528 -0.01392 0.01988
596.5  0.02888 -0.00324 0.11860 -0.04156 -0.62156 0.09156 0.13088 -0.15500 -0.00256 0.01776
597.0  0.02428 -0.00092 0.13272 -0.01744 -0.61408 0.11964 0.12116 -0.16384 0.00704 0.01148
597.5  0.01652 0.00196 0.14292 -0.00292 -0.60564 0.14492 0.10896 -0.17208 0.01044 0.00412
598.0  0.00624 0.00516 0.14928 0.00656 -0.59832 0.16428 0.09416 -0.17968 0.01072 -0.00176
598.5  -0.00572 0.00864 0.15180 0.01420 -0.59356 0.17548 0.07696 -0.18672 0.00996 -0.00704
599.0  -0.01836 0.01220 0.15028 0.02236 -0.59164 0.17752 0.05784 -0.19292 0.00932 -0.01184
599.5  -0.03068 0.01552 0.14504 0.03432 -0.59236 0.17100 0.03744 -0.19820 0.01216 -0.01588
600.0  -0.04168 0.01848 0.13612 0.05388 -0.59404 0.15720 0.01676 -0.20248 0.02456 0.01108
600.5  -0.05048 0.02100 0.12388 0.08864 -0.59400 0.13704 -0.00304 -0.20580 0.03552 0.00808
601.0  -0.05640 0.02300 0.10864 0.15328 -0.58484 0.11056 -0.01968 -0.20780 0.04888 0.00828
601.5  -0.05892 0.02456 0.09068 0.26760 -0.54604 0.07696 -0.02820 -0.20744 0.06800 0.00876
602.0  -0.05780 0.02552 0.07056 0.40464 -0.45732 0.03688 -0.01676 -0.20076 0.09628 0.00836
602.5  -0.05316 0.02612 0.04888 0.49024 -0.36672 -0.00372 0.02788 -0.17020 0.13576 0.00656
603.0  -0.04532 0.02628 0.02608 0.52776 -0.31088 -0.03516 0.08372 -0.09604 0.16804 0.00304
603.5  -0.03496 0.02612 0.00264 0.54376 -0.28036 -0.04548 0.11372 -0.02596 0.16712 -0.00252
604.0  -0.02296 0.02572 -0.02044 0.55012 -0.26328 -0.03456 0.13276 0.00884 0.15056 -0.01068
604.5  -0.01032 0.02508 -0.04288 0.55168 -0.25316 -0.01648 0.14464 0.02860 0.13252 -0.02260
605.0  0.00180 0.02436 -0.06392 0.55080 -0.24616 0.00196 0.15028 0.04256 0.11316 -0.03988
605.5  0.01240 0.02344 -0.08316 0.54904 -0.23996 0.01964 0.15208 0.05356 0.08904 -0.06008
606.0  0.02060 0.02244 -0.09992 0.54760 -0.23240 0.03672 0.15128 0.06272 0.06376 -0.07192
606.5  0.02580 0.02132 -0.11408 0.54784 -0.22108 0.05336 0.14868 0.07068 0.04548 -0.07252
607.0  0.02772 0.02004 -0.12504 0.55096 -0.20292 0.06936 0.14456 0.07800 0.03348 -0.06784
607.5  0.02648 0.01860 -0.13256 0.55852 -0.17256 0.08432 0.13908 0.08480 0.02492 -0.06136
608.0  0.02236 0.01704 -0.13652 0.57044 -0.12240 0.09792 0.13184 0.09132 0.01812 -0.05452
608.5  0.01604 0.01532 -0.13664 0.58200 -0.04776 0.10972 0.12308 0.09784 0.01212 -0.04836
609.0  0.00820 0.01348 -0.13284 0.58524 0.03816 0.11964 0.11216 0.10456 0.00708 -0.04268
609.5  -0.00036 0.01164 -0.12504 0.58072 0.10824 0.12772 0.09856 0.11148 0.00344 -0.03732
610.0  0.00888 0.00968 -0.11340 0.57656 0.15232 0.13380 0.08168 0.11868 0.00840 -0.03108
610.5  0.01664 0.00784 -0.09792 0.57640 0.17700 0.13724 0.06060 0.12616 0.01884 0.01992
611.0  0.02300 0.00604 -0.07900 0.57932 0.19112 0.13668 0.03384 0.13380 0.01172 0.02108
611.5  0.02748 0.00416 -0.05716 0.58340 0.20028 0.12928 0.00016 0.14132 0.00052 0.02380
612.0  0.02972 0.00232 -0.03308 0.58688 0.20788 0.11036 -0.03768 0.14776 -0.01488 0.02208
612.5  0.02944 0.00052 -0.00764 0.58860 0.21496 0.07980 -0.06820 0.15156 -0.03672 0.01536
613.0  0.02672 -0.00132 0.01824 0.58740 0.22352 0.04704 -0.08416 0.14940 -0.06588 0.00736
613.5  0.02168 -0.00312 0.04364 0.58112 0.23816 0.01888 -0.09064 0.13896 -0.09868 -0.00036
614.0  0.01472 -0.00472 0.06760 0.55992 0.27904 -0.00388 -0.09348 0.12400 -0.12668 -0.00784
614.5  0.00648 -0.00620 0.08948 0.38456 0.48856 -0.02200 -0.09528 0.11192 -0.14576 -0.01516
615.0  -0.00224 -0.00732 0.10868 -0.01476 0.61676 -0.03632 -0.08520 0.11696 -0.15676 -0.02220
615.5  -0.01064 -0.00800 0.12480 -0.07812 0.60692 -0.04768 0.06312 0.13656 -0.15956 -0.02852
616.0  -0.01776 -0.00820 0.13756 -0.09228 0.60016 -0.05700 0.06712 0.15108 -0.15240 -0.03392
616.5  -0.02280 -0.00792 0.14680 -0.09456 0.59592 -0.06524 0.06292 0.17384 -0.13572 -0.03828
617.0  -0.02524 -0.00704 0.15232 -0.09308 0.59352 -0.07384 0.05684 0.19176 -0.11820 -0.04112
617.5  -0.02464 -0.00568 0.15432 -0.09100 0.59292 -0.08336 0.04872 0.20064 -0.10780 -0.04260
618.0  -0.02108 -0.00384 0.15240 -0.09072 0.59372 -0.09392 0.03784 0.20180 -0.10512 -0.04244
618.5  -0.01480 -0.00168 0.14688 -0.09444 0.59588 -0.10452 0.02380 0.19676 -0.10768 -0.04100
619.0  -0.00632 0.00076 0.13744 -0.10524 0.59848 -0.11392 0.00588 0.18592 -0.11344 -0.03860
619.5  0.00356 0.00336 0.12444 -0.12772 0.59960 -0.12020 -0.01580 0.16984 -0.12036 -0.03516
620.0  0.01408 0.00600 0.10792 -0.16756 0.59596 -0.12108 -0.04032 0.14992 -0.12648 -0.03100
620.5  0.02436 0.00856 0.08820 -0.23064 0.58088 -0.11356 -0.06472 0.13264 -0.12728 -0.02612
621.0  0.03352 0.01092 0.06588 -0.31184 0.54772 -0.09524 -0.08224 0.14952 -0.09212 -0.02016
621.5  0.04080 0.01300 0.04136 -0.38936 0.50080 -0.06520 -0.08316 0.17232 -0.04016 -0.01284
622.0  0.04552 0.01460 0.01592 -0.44428 0.45640 -0.01896 -0.05404 0.18036 -0.05076 -0.00428
622.5  0.04720 0.01568 -0.00996 -0.47592 0.42504 0.04636 -0.01824 0.16588 -0.06768 0.00392
623.0  0.04556 0.01612 -0.03536 -0.49136 0.40648 0.09284 -0.02928 0.12352 -0.07996 0.00992
623.5  0.04056 0.01588 -0.05936 -0.49656 0.39780 0.10904 0.01028 0.09132 -0.08736 0.01344
624.0  0.03248 0.01496 -0.08136 -0.49504 0.39588 0.11260 0.00104 0.06452 -0.09124 0.01448
624.5  0.02188 0.01336 -0.10104 -0.48900 0.39916 0.11044 0.00352 0.04340 -0.09256 0.01416
625.0  0.00960 0.01116 -0.11792 -0.47944 0.40612 0.10500 0.01252 0.02844 -0.09224 0.01256
625.5  -0.00340 0.00856 -0.13188 -0.46716 0.41644 0.09708 0.02468 0.01976 -0.09076 0.00948
626.0  -0.01596 0.00572 -0.14280 -0.45180 0.43020 0.08712 0.03844 0.01744 -0.08832 0.00504
626.5  -0.02696 0.00276 -0.15056 -0.43204 0.44812 0.07528 0.05288 0.01964 -0.08508 -0.00024
627.0  -0.03548 -0.00016 -0.15528 -0.40420 0.47268 0.06216 0.06776 0.02312 -0.08104 -0.00576
627.5  -0.04080 -0.00276 -0.15684 -0.35696 0.50952 0.04752 0.08316 0.02572 -0.07632 -0.01076
628.0  -0.04248 -0.00504 -0.15524 -0.24916 0.57108 0.03172 0.09932 0.02644 -0.07092 -0.01484
628.5  -0.04048 -0.00692 -0.15056 0.02272 0.62408 0.01416 0.11612 0.02504 -0.06476 -0.01832
629.0  -0.03516 -0.00844 -0.14268 0.25616 0.57136 -0.00660 0.13304 0.02180 -0.05732 -0.02132
629.5  -0.02708 -0.00960 -0.13168 0.34584 0.52400 -0.03504 0.14816 0.01744 -0.04772 -0.02388
630.0  -0.01704 -0.01048 -0.11776 0.38820 0.49488 -0.08268 0.15224 0.01252 -0.03488 -0.02632
630.5  -0.00588 -0.01124 -0.10104 0.41268 0.47500 -0.15292 0.12140 0.00800 -0.01716 -0.02840
631.0  0.00536 -0.01188 -0.08180 0.42692 0.46096 -0.20116 0.07988 -0.00400 0.00212 -0.03024
631.5  0.01584 -0.01256 -0.06056 0.43208 0.45272 -0.22444 0.07704 0.00620 0.00120 -0.03188
632.0  0.02472 -0.01340 -0.03780 0.42508 0.45376 -0.23092 0.11232 0.01856 0.00424 -0.03324
632.5  0.03124 -0.01436 -0.01424 0.39456 0.47396 -0.22120 0.16356 0.01436 0.00988 -0.03440
633.0  0.03496 -0.01544 0.00928 0.30496 0.52952 -0.20012 0.21032 0.01104 0.01640 -0.03504
633.5  0.03552 -0.01680 0.03200 0.12076 0.59296 -0.17436 0.24636 0.00904 0.02320 -0.03496
634.0  0.03296 -0.01828 0.05328 -0.02332 0.59912 -0.14728 0.27280 0.00804 0.03084 -0.03288
634.5  0.02748 -0.01964 0.07224 -0.08208 0.58888 -0.11996 0.29168 0.00772 0.03988 -0.02628
635.0  0.01972 -0.02100 0.08832 -0.10368 0.58104 -0.09236 0.30504 0.00844 0.04824 -0.01196
635.5  0.01044 -0.02192 0.10100 -0.11044 0.57608 -0.06468 0.31420 0.00992 0.05076 0.00308
636.0  0.00064 -0.02252 0.10992 -0.11104 0.57304 -0.03724 0.32016 0.01228 0.04972 0.01148
636.5  0.00868 -0.02248 0.11480 -0.10916 0.57140 -0.01052 0.32348 0.01540 0.04812 0.01500
637.0  0.01648 -0.02184 0.11540 -0.10692 0.57088 0.01496 0.32452 0.01916 0.04656 0.01600
637.5  0.02196 -0.02064 0.11176 -0.10564 0.57140 0.03880 0.32324 0.02348 0.04548 0.01584
638.0  0.02452 -0.01888 0.10384 -0.10664 0.57296 0.06112 0.31968 0.02820 0.04508 0.01496
638.5  0.02396 -0.01664 0.09184 -0.11140 0.57508 0.08232 0.31340 0.03328 0.04728 0.00684
639.0  0.02044 -0.01408 0.07612 -0.12136 0.57704 0.10372 0.30372 0.03888 0.02632 -0.04048
639.5  0.01440 -0.01128 0.05712 -0.13768 0.57808 0.12844 0.28864 0.04528 0.02264 -0.04288
640.0  0.00648 -0.00832 0.03552 -0.16048 0.57680 0.16460 0.26132 0.05240 0.01992 -0.04324
640.5  -0.00240 -0.00536 0.01212 -0.18804 0.57252 0.23352 0.18832 0.06000 0.01344 -0.04240
641.0  -0.01144 -0.00244 -0.01216 -0.21660 0.56564 0.28732 0.03700 0.06576 0.00152 -0.04040
641.5  -0.01976 0.00036 -0.03632 -0.24176 0.55748 0.27556 -0.03456 0.07080 -0.00848 -0.03724
642.0  -0.02664 0.00308 -0.05956 -0.26044 0.54952 0.25784 0.03564 0.08980 -0.00140 -0.03352
642.5  -0.03140 0.00536 -0.08100 -0.27200 0.54356 0.23276 0.06004 0.10452 0.02412 -0.02952
643.0  -0.03360 0.00736 -0.10008 -0.27708 0.53976 0.13308 0.17552 0.10992 0.04784 -0.02540
643.5  -0.03288 0.00884 -0.11636 -0.27752 0.53824 0.10936 0.16772 0.11232 0.06264 -0.02136
644.0  -0.02920 0.00972 -0.12960 -0.27448 0.53872 0.10068 0.14976 0.11352 0.07204 -0.01728
644.5  -0.02260 0.00992 -0.13968 -0.26860 0.54124 0.09480 0.13012 0.11356 0.07876 -0.01356
645.0  -0.01340 0.00948 -0.14656 -0.25956 0.54600 0.08940 0.11020 0.11248 0.08416 -0.01012
645.5  -0.00228 0.00848 -0.15028 -0.24468 0.55412 0.08388 0.09024 0.11032 0.08872 -0.00708
646.0  0.01000 0.00700 -0.15088 -0.21500 0.56864 0.07836 0.07000 0.10736 0.09280 -0.00488
646.5  0.02244 0.00528 -0.14840 -0.12804 0.59728 0.07312 0.04912 0.10380 0.09636 -0.00368
647.0  0.03400 0.00344 -0.14288 0.22236 0.57264 0.06876 0.02632 0.09972 0.09904 -0.00308
647.5  0.04372 0.00164 -0.13436 0.44444 0.42980 0.06580 -0.00344 0.09416 0.10048 -0.00236
648.0  0.05068 0.00004 -0.12284 0.49232 0.38096 0.06468 -0.07456 0.05016 0.09996 -0.00108
648.5  0.05428 -0.00132 -0.10852 0.51240 0.36084 0.06560 -0.09088 -0.01020 0.09696 0.00128
649.0  0.05420 -0.00228 -0.09144 0.52424 0.35040 0.06812 -0.09200 -0.03880 0.09028 0.00472
649.5  0.05052 -0.00292 -0.07196 0.53184 0.34448 0.07092 -0.09548 -0.06276 0.07904 0.00932
650.0  0.04352 -0.00304 -0.05052 0.53616 0.34160 0.07120 -0.10376 -0.08404 0.06244 0.01492
650.5  0.03380 -0.00280 -0.02768 0.53692 0.34172 0.06456 -0.11836 -0.10112 0.04040 0.02044
651.0  0.02208 -0.00216 -0.00416 0.53296 0.34584 0.04908 -0.13684 -0.11244 0.01464 0.02416
651.5  0.00928 -0.00100 0.01912 0.52240 0.35708 0.03204 -0.15352 -0.11728 -0.01132 0.02320
652.0  -0.00376 0.00044 0.04152 0.50024 0.38096 0.02016 -0.16732 -0.11672 -0.03540 0.01980
652.5  -0.01608 0.00216 0.06228 0.45216 0.42924 0.01292 -0.17932 -0.11228 -0.05672 0.01600
653.0  -0.02684 0.00392 0.08080 0.34208 0.51396 0.00820 -0.18964 -0.10504 -0.07492 0.01168
653.5  -0.03524 0.00568 0.09660 0.16468 0.58872 0.00432 -0.19812 -0.09556 -0.09044 0.00596
654.0  -0.04068 0.00716 0.10948 0.03568 0.60444 0.00044 -0.20444 -0.08436 -0.10356 -0.00228
654.5  -0.04272 0.00824 0.11924 -0.02720 0.59988 -0.00368 -0.20844 -0.07172 -0.11436 -0.01324
655.0  -0.04128 0.00888 0.12572 -0.05836 0.59360 -0.00816 -0.21020 -0.05748 -0.12332 -0.02448
655.5  -0.03652 0.00900 0.12892 -0.07620 0.58888 -0.01308 -0.20996 -0.04112 -0.13184 -0.03180
656.0  -0.02900 0.00872 0.12880 -0.08932 0.58560 -0.01812 -0.20772 -0.02056 -0.14180 -0.03060
656.5  -0.01952 0.00812 0.12528 -0.10320 0.58292 -0.02316 -0.20164 0.01740 -0.15256 -0.02140
657.0  -0.00916 0.00740 0.11852 -0.12276 0.57960 -0.02808 -0.06332 0.18432 -0.16288 -0.00888
657.5  0.00092 0.00672 0.10856 -0.15548 0.57284 -0.03076 0.00556 0.18552 -0.17356 0.00212
658.0  0.00968 0.00608 0.09564 -0.21336 0.55532 -0.01644 0.04788 0.16432 -0.18992 0.00956
658.5  0.01608 0.00572 0.08004 -0.31180 0.50800 -0.02532 0.07816 0.07644 -0.23064 0.01380
659.0  0.01960 0.00552 0.06212 -0.43268 0.41100 -0.06244 -0.02396 0.15312 -0.19600 0.01520
659.5  0.01984 0.00560 0.04252 -0.51240 0.30540 -0.09916 -0.08612 0.19944 -0.10144 0.01468
660.0  0.01696 0.00580 0.02164 -0.54704 0.23376 -0.13688 -0.07668 0.20544 -0.04536 0.01260
660.5  0.01140 0.00608 0.00028 -0.56036 0.19008 -0.16980 -0.04564 0.19956 -0.01960 0.00992
661.0  0.00376 0.00632 -0.02092 -0.56400 0.16212 -0.19312 -0.00808 0.19156 -0.00492 0.00720
661.5  -0.00504 0.00656 -0.04136 -0.56248 0.14348 -0.20840 0.02712 0.18304 0.00532 0.00392
662.0  -0.01420 0.00652 -0.06032 -0.55784 0.13080 -0.21844 0.05792 0.17408 0.01320 0.00040
662.5  -0.02272 0.00624 -0.07724 -0.55172 0.12192 -0.22472 0.08512 0.16464 0.02032 -0.00112
663.0  -0.02992 0.00564 -0.09160 -0.54572 0.11408 -0.22708 0.10968 0.15488 0.02680 -0.00092
663.5  -0.03504 0.00456 -0.10316 -0.54180 0.10292 -0.22496 0.13228 0.14504 0.03180 -0.00104
664.0  -0.03756 0.00308 -0.11148 -0.54156 0.08224 -0.21788 0.15296 0.13516 0.03468 -0.00208
664.5  -0.03724 0.00108 -0.11644 -0.54456 0.04524 -0.20548 0.17276 0.12576 0.03588 -0.00436
665.0  -0.03388 -0.00128 -0.11788 -0.54760 -0.00860 -0.18820 0.19116 0.11656 0.03632 -0.00728
665.5  -0.02772 -0.00388 -0.11580 -0.54716 -0.06692 -0.16632 0.20792 0.10728 0.03640 -0.01104
666.0  -0.01916 -0.00660 -0.11028 -0.54472 -0.11400 -0.14036 0.22268 0.09764 0.03724 -0.01488
666.5  -0.00884 -0.00924 -0.10148 -0.54424 -0.14500 -0.11020 0.23504 0.08760 0.03928 -0.01812
667.0  0.00236 -0.01168 -0.08956 -0.54656 -0.16324 -0.07600 0.24468 0.07676 0.04256 -0.02020
667.5  0.01352 -0.01384 -0.07484 -0.55124 -0.17288 -0.03720 0.25084 0.06480 0.04704 -0.02096
668.0  0.02356 -0.01560 -0.05780 -0.55736 -0.17660 0.00780 0.25188 0.05120 0.05220 -0.02072
668.5  0.03168 -0.01692 -0.03880 -0.56376 -0.17604 0.06016 0.24356 0.03524 0.05756 -0.02020
669.0  0.03716 -0.01768 -0.01836 -0.57044 -0.17204 0.11692 0.22164 0.01624 0.06256 -0.01956
669.5  0.03956 -0.01792 0.00296 -0.57684 -0.16468 0.16644 0.18676 -0.00648 0.06660 -0.01912
670.0  0.03880 -0.01768 0.02456 -0.58300 -0.15344 0.19704 0.15176 -0.03176 0.06824 -0.01912
670.5  0.03508 -0.01688 0.04588 -0.58936 -0.13524 0.20776 0.13496 -0.05200 0.06484 -0.01964
671.0  0.02876 -0.01552 0.06624 -0.59832 -0.09560 0.20200 0.15112 -0.05180 0.05320 -0.02048
671.5  0.02056 -0.01372 0.08520 -0.54536 0.26504 0.18528 0.18016 -0.04320 0.03448 -0.02176
672.0  0.01112 -0.01148 0.10208 -0.20856 0.56940 0.16432 0.20368 -0.03780 0.01424 -0.02304
672.5  0.00124 -0.00892 0.11656 -0.16556 0.58328 0.14488 0.20768 -0.07700 -0.00400 -0.02404
673.0  -0.00836 -0.00628 0.12816 -0.14520 0.58856 0.12912 0.07392 -0.21672 -0.01952 -0.02436
673.5  -0.01696 -0.00344 0.13660 -0.13108 0.59196 0.11756 0.08060 -0.21708 -0.03232 -0.02384
674.0  -0.02388 -0.00068 0.14160 -0.12056 0.59472 0.10976 0.10380 -0.20628 -0.04304 -0.02240
674.5  -0.02856 0.00184 0.14312 -0.11300 0.59720 0.10504 0.12744 -0.18908 -0.05184 -0.02020
675.0  -0.03056 0.00392 0.14096 -0.10912 0.59936 0.10284 0.14736 -0.16792 -0.05920 -0.01716
675.5  -0.02968 0.00560 0.13512 -0.10988 0.60136 0.10288 0.16204 -0.14532 -0.06568 -0.01368
676.0  -0.02584 0.00672 0.12560 -0.11728 0.60232 0.10480 0.17160 -0.12212 -0.07120 -0.00956
676.5  -0.01936 0.00736 0.11252 -0.13380 0.60172 0.10852 0.17656 -0.09924 -0.07608 -0.00556
677.0  -0.01080 0.00752 0.09612 -0.16164 0.59768 0.11420 0.17780 -0.07640 -0.08008 -0.00204
677.5  -0.00088 0.00732 0.07668 -0.20196 0.58780 0.12236 0.17544 -0.05360 -0.08280 -0.00056
678.0  0.00936 0.00672 0.05468 -0.25092 0.57064 0.13460 0.16856 -0.02948 -0.08312 -0.00696
678.5  0.01904 0.00584 0.03072 -0.29968 0.54732 0.15452 0.15272 -0.00456 -0.07884 -0.03468
679.0  0.02716 0.00468 0.00560 -0.33860 0.52352 0.18992 0.10860 0.01768 -0.06828 -0.04820
679.5  0.03300 0.00332 -0.01988 -0.36372 0.50420 0.22012 0.01228 0.03204 -0.05360 -0.05228
680.0  0.03604 0.00180 -0.04488 -0.37588 0.49168 0.21568 -0.05340 0.03796 -0.03920 -0.05464
680.5  0.03608 0.00016 -0.06856 -0.37712 0.48600 0.20772 -0.08260 0.03968 -0.02732 -0.05636
681.0  0.03320 -0.00160 -0.09028 -0.36964 0.48636 0.20116 -0.01052 0.10624 -0.01844 -0.05772
681.5  0.02776 -0.00340 -0.10948 -0.35440 0.49212 0.19464 -0.01172 0.11752 -0.01320 -0.05884
682.0  0.02024 -0.00520 -0.12580 -0.33140 0.50312 0.18632 0.00612 0.12944 -0.01208 -0.05956
682.5  0.01132 -0.00692 -0.13900 -0.29840 0.51948 0.17304 0.03292 0.14088 -0.01580 -0.06024
683.0  0.00172 -0.00844 -0.14892 -0.25016 0.54148 0.15072 0.06420 0.15164 -0.02416 -0.06052
683.5  -0.00780 -0.00976 -0.15552 -0.17700 0.56820 0.11972 0.08912 0.16124 -0.03640 -0.05992
684.0  -0.01656 -0.01096 -0.15864 -0.06708 0.59136 0.08504 0.10136 0.16852 -0.05268 -0.05844
684.5  -0.02376 -0.01208 -0.15836 0.07084 0.59240 0.05112 0.10124 0.17000 -0.07700 -0.05604
685.0  -0.02884 -0.01324 -0.15456 0.19368 0.56736 0.02260 0.09000 0.14896 -0.12596 -0.05280
685.5  -0.03128 -0.01444 -0.14736 0.27864 0.53548 0.00380 0.07084 0.07272 -0.18800 -0.04872
686.0  -0.03072 -0.01580 -0.13668 0.33400 0.50904 -0.00576 0.04796 0.02304 -0.20464 -0.04364
686.5  -0.02720 -0.01724 -0.12272 0.37112 0.49008 -0.00920 0.02324 0.00456 -0.20820 -0.03748
687.0  -0.02100 -0.01876 -0.10572 0.39616 0.47828 -0.00904 0.00024 0.00516 -0.20788 -0.03028
687.5  -0.01260 -0.02016 -0.08600 0.41148 0.47360 -0.00680 -0.00624 0.03160 -0.20404 -0.02208
688.0  -0.00288 -0.02144 -0.06404 0.41636 0.47704 -0.00348 -0.00692 0.06336 -0.19524 -0.01312
688.5  0.00716 -0.02248 -0.04040 0.40668 0.49176 -0.00008 -0.00476 0.09908 -0.17844 -0.00388
689.0  0.01656 -0.02316 -0.01564 0.37228 0.52284 0.00236 -0.00028 0.13448 -0.15160 0.00532
689.5  0.02432 -0.02316 0.00944 0.29540 0.57268 0.00308 0.00628 0.16292 -0.11856 0.01404
690.0  0.02972 -0.02256 0.03416 0.17200 0.62212 0.00140 0.01460 0.18040 -0.08660 0.02188
690.5  0.03228 -0.02128 0.05784 0.05528 0.64268 -0.00352 0.02428 0.18956 -0.05924 0.02832
691.0  0.03192 -0.01932 0.07968 -0.01552 0.64308 -0.01232 0.03512 0.19380 -0.03556 0.03284
691.5  0.02872 -0.01664 0.09916 -0.04976 0.63816 -0.02608 0.04696 0.19528 -0.01368 0.03420
692.0  0.02316 -0.01324 0.11564 -0.06316 0.63240 -0.04524 0.05936 0.19496 0.00688 0.03072
692.5  0.01584 -0.00928 0.12864 -0.06488 0.62632 -0.06912 0.07176 0.19352 0.02356 0.02220
693.0  0.00744 -0.00488 0.13776 -0.06020 0.61980 -0.09456 0.08340 0.19104 0.03580 0.01304
693.5  -0.00124 -0.00028 0.14272 -0.05260 0.61396 -0.11608 0.09380 0.18736 0.04596 0.00744
694.0  -0.00948 0.00432 0.14332 -0.04476 0.61012 -0.12936 0.10176 0.18248 0.05588 0.00656
694.5  -0.01656 0.00868 0.13956 -0.03884 0.60936 -0.13364 0.10684 0.17612 0.06564 0.00808
695.0  -0.02184 0.01268 0.13144 -0.03752 0.61124 -0.13132 0.10856 0.16812 0.07532 0.00900
695.5  -0.02472 0.01616 0.11936 -0.04408 0.61464 -0.12580 0.10660 0.15788 0.08548 0.00804
696.0  -0.02480 0.01904 0.10360 -0.06368 0.61780 -0.12016 0.10056 0.14504 0.09592 0.00524
696.5  -0.02196 0.02128 0.08432 -0.10424 0.61744 -0.11648 0.08968 0.12888 0.10736 0.00032
697.0  -0.01620 0.02296 0.06268 -0.17424 0.60604 -0.11608 0.07228 0.10784 0.11976 -0.00580
697.5  -0.00796 0.02400 0.03884 -0.27124 0.57320 -0.11720 0.04820 0.08104 0.13160 -0.01220
698.0  0.00212 0.02460 0.01372 -0.36392 0.52184 -0.11468 0.02608 0.05004 0.13928 -0.01760
698.5  0.01320 0.02480 -0.01168 -0.42652 0.47260 -0.10924 0.01644 0.02180 0.13960 -0.02100
699.0  0.02424 0.02464 -0.03676 -0.46164 0.43648 -0.10584 0.01880 0.00640 0.13352 -0.02224
699.5  0.03424 0.02416 -0.06072 -0.48016 0.41168 -0.10780 -0.02316 0.01536 0.12312 -0.02132
700.0  0.04228 0.02340 -0.08296 -0.48960 0.39364 -0.11540 -0.01328 0.03268 0.10980 -0.01844
700.5  0.04764 0.02244 -0.10288 -0.49468 0.37836 -0.12520 -0.00328 0.04028 0.09704 -0.01396
701.0  0.04992 0.02120 -0.12004 -0.49884 0.36252 -0.13688 -0.00320 0.03908 0.08696 -0.00816
701.5  0.04888 0.01976 -0.13404 -0.50496 0.34228 -0.15024 0.02060 0.02464 0.07948 -0.00100
702.0  0.04476 0.01812 -0.14476 -0.51668 0.31152 -0.16408 0.01900 0.00936 0.07372 0.00692
702.5  0.03792 0.01628 -0.15188 -0.53860 0.25820 -0.17680 0.00748 0.00200 0.06864 0.01556
703.0  0.02892 0.01444 -0.15536 -0.56984 0.16244 -0.18680 -0.00652 -0.00448 0.06348 0.02432
703.5  0.01848 0.01260 -0.15504 -0.58920 0.02676 -0.19256 -0.02204 -0.01080 0.05824 0.03192
704.0  0.00736 0.01084 -0.15092 -0.58316 -0.08620 -0.19276 -0.03848 -0.01760 0.05328 0.03900
704.5  -0.00364 0.00920 -0.14296 -0.57236 -0.15036 -0.18688 -0.05556 -0.02440 0.04880 0.04472
705.0  -0.01372 0.00768 -0.13128 -0.56676 -0.18492 -0.17484 -0.07308 -0.03152 0.04524 0.05028
705.5  -0.02208 0.00636 -0.11596 -0.56592 -0.20496 -0.15700 -0.09068 -0.03896 0.04248 0.05524
706.0  -0.02804 0.00520 -0.09728 -0.56788 -0.21728 -0.13424 -0.10784 -0.04684 0.04020 0.05940
706.5  -0.03104 0.00416 -0.07568 -0.57092 -0.22488 -0.10728 -0.12396 -0.05536 0.03796 0.06124
707.0  -0.03084 0.00328 -0.05172 -0.57376 -0.22944 -0.07624 -0.13808 -0.06464 0.03504 0.05856
707.5  -0.02740 0.00256 -0.02612 -0.57568 -0.23264 -0.04072 -0.14824 -0.07492 0.03016 0.05072
708.0  -0.02104 0.00204 0.00024 -0.57560 -0.23664 -0.00220 -0.15172 -0.08608 0.02256 0.04220
708.5  -0.01240 0.00180 0.02644 -0.57192 -0.24492 0.03400 -0.14720 -0.09748 0.01196 0.03628
709.0  -0.00244 0.00196 0.05168 -0.56116 -0.26536 0.06248 -0.13752 -0.10860 -0.00064 0.03212
709.5  0.00780 0.00256 0.07516 -0.52840 -0.32100 0.08104 -0.12720 -0.11956 -0.01368 0.02936
710.0  0.01720 0.00364 0.09632 -0.38456 -0.47988 0.09120 -0.11864 -0.13088 -0.02548 0.02664
710.5  0.02472 0.00508 0.11476 -0.11100 -0.60100 0.09436 -0.11184 -0.14384 -0.03612 0.02308
711.0  0.02972 0.00692 0.13020 -0.00908 -0.60724 0.09152 -0.10024 -0.16196 -0.04556 0.01828
711.5  0.03172 0.00908 0.14248 0.02320 -0.60324 0.08336 -0.11528 -0.16384 -0.05352 0.01212
712.0  0.03068 0.01132 0.15152 0.03420 -0.59960 0.07000 -0.16252 -0.13388 -0.06004 0.00572
712.5  0.02680 0.01360 0.15720 0.03700 -0.59708 0.05080 -0.17644 -0.13136 -0.06544 0.00052
713.0  0.02060 0.01584 0.15952 0.03644 -0.59568 0.02420 -0.18580 -0.13084 -0.07012 -0.00288
713.5  0.01280 0.01780 0.15848 0.03552 -0.59528 -0.01116 -0.18920 -0.13032 -0.07408 -0.00484
714.0  0.00404 0.01952 0.15404 0.03664 -0.59576 -0.05140 -0.18276 -0.13068 -0.07716 -0.00540
714.5  -0.00480 0.02096 0.14608 0.04320 -0.59672 -0.08660 -0.16492 -0.13488 -0.07880 -0.00504
715.0  -0.01304 0.02216 0.13476 0.06172 -0.59700 -0.11040 -0.09940 -0.17368 -0.08012 -0.00412
715.5  -0.01996 0.02308 0.12024 0.10824 -0.59260 -0.12316 -0.12040 -0.14488 -0.08372 -0.00276
716.0  -0.02496 0.02368 0.10268 0.22860 -0.55976 -0.12664 -0.13492 -0.11652 -0.09212 -0.00108
716.5  -0.02756 0.02400 0.08244 0.43600 -0.42180 -0.12028 -0.14768 -0.08748 -0.10332 0.00080
717.0  -0.02736 0.02396 0.06004 0.53596 -0.28704 -0.09944 -0.16472 -0.05688 -0.11156 0.00272
717.5  -0.02436 0.02352 0.03600 0.56392 -0.22844 -0.05436 -0.18416 -0.02948 -0.11384 0.00432
718.0  -0.01868 0.02272 0.01100 0.57308 -0.20280 0.00300 -0.19016 -0.00704 -0.11200 0.00552
718.5  -0.01080 0.02148 -0.01416 0.57536 -0.19040 0.04148 -0.18272 0.01144 -0.10832 0.00568
719.0  -0.00136 0.01996 -0.03888 0.57460 -0.18400 0.06308 -0.17268 0.02732 -0.10424 0.00440
719.5  0.00872 0.01792 -0.06220 0.57216 -0.17988 0.07684 -0.16300 0.04160 -0.09996 0.00092
720.0  0.01840 0.01552 -0.08364 0.56924 -0.17584 0.08696 -0.15344 0.05512 -0.09536 -0.00560
720.5  0.02680 0.01272 -0.10248 0.56688 -0.16980 0.09512 -0.14376 0.06808 -0.08964 -0.01500
721.0  0.03308 0.00964 -0.11832 0.56628 -0.15900 0.10152 -0.13364 0.08064 -0.08204 -0.02488
721.5  0.03656 0.00632 -0.13072 0.56888 -0.13932 0.10580 -0.12288 0.09304 -0.07508 -0.02800
722.0  0.03696 0.00288 -0.13952 0.57556 -0.10388 0.10752 -0.11120 0.10536 -0.07376 -0.00584
722.5  0.03424 -0.00056 -0.14448 0.58408 -0.04524 0.10672 -0.09832 0.11736 -0.06228 0.02592
723.0  0.02864 -0.00380 -0.14564 0.58760 0.03308 0.10408 -0.08404 0.12916 -0.05396 0.02696
723.5  0.02060 -0.00668 -0.14280 0.58272 0.10844 0.10080 -0.06800 0.14060 -0.04744 0.02220
724.0  0.01076 -0.00904 -0.13616 0.57524 0.16284 0.09788 -0.05008 0.15156 -0.04024 0.01588
724.5  -0.00020 -0.01080 -0.12576 0.57048 0.19680 0.09564 -0.03000 0.16172 -0.03136 0.00912
725.0  -0.01140 -0.01204 -0.11180 0.56920 0.21716 0.09380 -0.00788 0.17076 -0.02028 0.00224
725.5  -0.02208 -0.01264 -0.09448 0.57040 0.22880 0.09172 0.01676 0.17792 -0.00600 -0.00456
726.0  -0.03140 -0.01292 -0.07440 0.57276 0.23480 0.08888 0.04416 0.18144 0.01216 -0.01040
726.5  -0.03864 -0.01284 -0.05196 0.57512 0.23776 0.08472 0.07516 0.17832 0.03444 -0.01532
727.0  -0.04308 -0.01256 -0.02780 0.57628 0.24044 0.07996 0.11052 0.16400 0.05748 -0.01892
727.5  -0.04428 -0.01228 -0.00276 0.57372 0.24860 0.07876 0.14924 0.13344 0.07280 -0.02120
728.0  -0.04200 -0.01196 0.02228 0.55680 0.28364 0.08136 0.18320 0.09192 0.07256 -0.02224
728.5  -0.03636 -0.01168 0.04656 0.35092 0.51556 0.07620 0.20292 0.06980 0.06152 -0.02252
729.0  -0.02772 -0.01140 0.06924 -0.03516 0.62088 0.06044 0.21432 0.06908 0.04972 -0.02260
729.5  -0.01688 -0.01096 0.08956 -0.08224 0.61416 0.03900 0.22148 0.07316 0.04100 -0.02280
730.0  -0.00488 -0.01036 0.10688 -0.08908 0.61080 0.01476 0.22520 0.07744 0.03540 -0.02348
730.5  0.00720 -0.00956 0.12072 -0.08644 0.60876 -0.01132 0.22612 0.08140 0.03160 -0.02440
731.0  0.01812 -0.00840 0.13072 -0.08072 0.60740 -0.03852 0.22436 0.08532 0.02880 -0.02548
731.5  0.02692 -0.00688 0.13668 -0.07472 0.60636 -0.06604 0.22000 0.08908 0.02536 -0.02764
732.0  0.03280 -0.00500 0.13840 -0.07004 0.60592 -0.09244 0.21264 0.09272 0.02184 -0.03040
732.5  0.03540 -0.00292 0.13596 -0.06836 0.60660 -0.11572 0.20216 0.09620 0.03000 -0.02456
733.0  0.03468 -0.00068 0.12916 -0.07124 0.60868 -0.13448 0.18792 0.09912 0.04008 -0.01444
733.5  0.03092 -0.00164 0.11852 -0.08088 0.61188 -0.14776 0.16968 0.10100 0.04904 -0.00564
734.0  0.02468 -0.00384 0.10376 -0.09976 0.61568 -0.15528 0.14688 0.10156 0.05928 0.00280
734.5  0.01668 -0.00596 0.08580 -0.12976 0.61776 -0.15740 0.11872 0.09968 0.07120 0.01148
735.0  0.00772 -0.00788 0.06452 -0.17092 0.61544 -0.15488 0.08424 0.09440 0.08508 0.02028
735.5  -0.00136 -0.00956 0.04112 -0.21964 0.60676 -0.14624 0.04100 0.08416 0.10036 0.02796
736.0  -0.00972 -0.01080 0.01612 -0.26836 0.59188 -0.12524 -0.00576 0.06872 0.11560 0.03260
736.5  -0.01664 -0.01168 -0.00964 -0.30976 0.57404 -0.09196 -0.03428 0.04908 0.12824 0.03420
737.0  -0.02148 -0.01196 -0.03504 -0.33968 0.55648 -0.05972 -0.03960 0.02836 0.13660 0.03360
737.5  -0.02376 -0.01168 -0.05940 -0.35804 0.54192 -0.03292 -0.03360 0.00896 0.14072 0.03276
738.0  -0.02320 -0.01076 -0.08192 -0.36608 0.53116 -0.01124 -0.02344 -0.00840 0.14152 0.03232
738.5  -0.01972 -0.00924 -0.10216 -0.36552 0.52484 0.00596 -0.01268 -0.02404 0.13976 0.03360
739.0  -0.01356 -0.00716 -0.11972 -0.35780 0.52276 0.01944 -0.00256 -0.03844 0.13488 0.04132
739.5  -0.00524 -0.00460 -0.13448 -0.34376 0.52496 0.03016 0.00584 -0.05208 0.08580 0.10772
740.0  0.00448 -0.00176 -0.14632 -0.32316 0.53124 0.03884 0.01176 -0.06552 -0.00100 0.13384
740.5  0.01472 0.00108 -0.15524 -0.29516 0.54152 0.04648 0.01364 -0.07940 -0.01476 0.12928
741.0  0.02444 0.00372 -0.16120 -0.25716 0.55584 0.05400 0.00632 -0.09416 -0.02920 0.12280
741.5  0.03272 0.00604 -0.16420 -0.20496 0.57336 0.06232 -0.03156 -0.10344 -0.07204 0.09844
742.0  0.03876 0.00792 -0.16420 -0.13252 0.59160 0.07192 -0.08872 -0.08388 -0.11048 0.03996
742.5  0.04204 0.00928 -0.16112 -0.03560 0.60332 0.08316 -0.11564 -0.07152 -0.11012 0.02256
743.0  0.04232 0.01024 -0.15492 0.07704 0.59820 0.09616 -0.13396 -0.06704 -0.10500 0.01872
743.5  0.03960 0.01084 -0.14544 0.18148 0.57436 0.11104 -0.14932 -0.06512 -0.09804 0.01952
744.0  0.03424 0.01108 -0.13260 0.26128 0.54244 0.12800 -0.16252 -0.06468 -0.08840 0.02304
744.5  0.02668 0.01112 -0.11660 0.31620 0.51216 0.14860 -0.17224 -0.06832 -0.07192 0.02832
745.0  0.01752 0.01096 -0.09752 0.35220 0.48784 0.17424 -0.17652 0.06992 0.04668 0.03504
745.5  0.00752 0.01080 -0.07580 0.37340 0.47088 0.20532 -0.17244 0.02360 0.05496 0.04244
746.0  -0.00264 0.01032 -0.05196 0.38128 0.46300 0.23880 -0.12728 -0.07548 0.05540 0.05060
746.5  -0.01220 0.00984 -0.02684 0.37352 0.46656 0.26936 -0.01632 -0.11004 0.05444 0.05888
747.0  -0.02040 0.00916 -0.00124 0.34360 0.48528 0.18576 0.20816 -0.10976 0.05292 0.06700
747.5  -0.02660 0.00840 0.02388 0.28108 0.51992 0.11728 0.26240 -0.10640 0.05076 0.07396
748.0  -0.03016 0.00756 0.04760 0.18776 0.55628 0.08460 0.28120 -0.10184 0.04816 0.07880
748.5  -0.03068 0.00656 0.06912 0.09744 0.57508 0.05892 0.29240 -0.09524 0.04496 0.07972
749.0  -0.02800 0.00548 0.08776 0.03668 0.57880 0.03488 0.29948 -0.08640 0.04168 0.07544
749.5  -0.02216 0.00424 0.10288 0.00220 0.57748 0.01100 0.30296 -0.07536 0.03924 0.06644
750.0  -0.01360 0.00288 0.11408 -0.01668 0.57608 -0.01280 0.30296 -0.06252 0.03812 0.05488
750.5  -0.00308 0.00128 0.12124 -0.02744 0.57588 -0.03640 0.29916 -0.04932 0.03892 0.04320
751.0  0.00844 0.00048 0.12404 -0.03520 0.57744 -0.05880 0.29132 -0.03652 0.04196 0.03212
751.5  0.01984 0.00236 0.12236 -0.04352 0.58072 -0.07992 0.27936 -0.02476 0.04712 0.02196
752.0  0.03012 0.00432 0.11652 -0.05596 0.58532 -0.09948 0.26276 -0.01476 0.05440 0.01216
752.5  0.03828 0.00636 0.10660 -0.07704 0.59020 -0.11792 0.24052 -0.00680 0.06420 0.00228
753.0  0.04368 0.00836 0.09296 -0.11356 0.59288 -0.13636 0.21072 0.00008 0.07672 -0.00812
753.5  0.04584 0.01044 0.07588 -0.17444 0.58688 -0.15488 0.16416 0.04104 0.09264 -0.01932
754.0  0.04476 0.01244 0.05628 -0.26568 0.56068 -0.16096 -0.06500 0.10372 0.11232 -0.02940
754.5  0.04064 0.01428 0.03444 -0.37016 0.50644 -0.08928 -0.12568 0.08344 0.12472 -0.03560
755.0  0.03392 0.01604 0.01128 -0.45296 0.44076 -0.00700 -0.09372 0.17228 0.03880 -0.03564
755.5  0.02524 0.01768 -0.01240 -0.50384 0.38540 0.03732 -0.01168 0.17716 0.04700 -0.03076
756.0  0.01532 0.01928 -0.03576 -0.53248 0.34368 0.07040 0.03364 0.15096 0.05420 -0.02384
756.5  0.00496 0.02060 -0.05804 -0.54892 0.31096 0.09704 0.05040 0.12164 0.05796 -0.01600
757.0  -0.00500 0.02168 -0.07856 -0.55860 0.28212 0.11932 0.05652 0.09436 0.05940 -0.00816
757.5  -0.01376 0.02236 -0.09676 -0.56508 0.25388 0.13788 0.05820 0.06924 0.05908 -0.00020
758.0  -0.02048 0.02256 -0.11224 -0.57024 0.22392 0.15248 0.05752 0.04608 0.05708 0.00812
758.5  -0.02448 0.02212 -0.12472 -0.57556 0.19092 0.16256 0.05536 0.02484 0.05288 0.01724
759.0  -0.02532 0.02092 -0.13388 -0.58160 0.15360 0.16780 0.05212 0.00536 0.04556 0.02704
759.5  -0.02276 0.01912 -0.13968 -0.58824 0.11132 0.16836 0.04804 -0.01244 0.03568 0.03496
760.0  -0.01688 0.01668 -0.14216 -0.59448 0.06380 0.16492 0.04308 -0.02868 0.02660 0.03792
760.5  -0.00824 0.01380 -0.14116 -0.59880 0.01272 0.15872 0.03724 -0.04388 0.02092 0.03680
761.0  0.00248 0.01072 -0.13684 -0.60016 -0.03780 0.15084 0.03052 -0.05840 0.01844 0.03320
761.5  0.01412 0.00764 -0.12920 -0.59900 -0.08316 0.14228 0.02268 -0.07268 0.01800 0.02808
762.0  0.02556 0.00480 -0.11840 -0.59668 -0.12008 0.13356 0.01364 -0.08660 0.01724 0.02168
762.5  0.03564 0.00240 -0.10468 -0.59460 -0.14776 0.12504 0.00268 -0.10044 0.01308 0.01728
763.0  0.04336 0.00040 -0.08820 -0.59348 -0.16680 0.11628 -0.01076 -0.11400 0.00492 0.01536
763.5  0.04800 -0.00112 -0.06936 -0.59344 -0.17816 0.10628 -0.02764 -0.12688 -0.00700 0.01432
764.0  0.04924 -0.00212 -0.04856 -0.59420 -0.18264 0.09296 -0.04788 -0.13836 -0.02284 0.01204
764.5  0.04704 -0.00264 -0.02636 -0.59564 -0.18088 0.07544 -0.06772 -0.14728 -0.04296 0.00752
765.0  0.04176 -0.00292 -0.00348 -0.59728 -0.17316 0.05720 -0.08288 -0.15216 -0.06776 0.00252
765.5  0.03396 -0.00272 0.01948 -0.59904 -0.15832 0.04104 -0.09352 -0.15092 -0.09620 -0.00116
766.0  0.02436 -0.00236 0.04164 -0.60120 -0.13412 0.02840 -0.10240 -0.14360 -0.12532 -0.00400
766.5  0.01388 -0.00176 0.06244 -0.60416 -0.09244 0.01760 -0.11108 -0.13176 -0.15140 -0.00620
767.0  0.00340 -0.00112 0.08120 -0.60552 -0.00460 0.00860 -0.12004 -0.11804 -0.17252 -0.00788
767.5  -0.00624 -0.00052 0.09756 -0.55392 0.22972 0.00024 -0.12916 -0.10564 -0.18804 -0.00908
768.0  -0.01420 -0.00016 0.11112 -0.37596 0.45980 -0.00716 -0.12404 -0.11384 -0.19808 -0.00968
768.5  -0.01972 0.00000 0.12156 -0.28076 0.51764 -0.01420 0.05248 -0.16556 -0.20240 -0.00988
769.0  -0.02236 -0.00024 0.12884 -0.23584 0.53528 -0.02096 0.04128 -0.17852 -0.20064 -0.00944
769.5  -0.02176 -0.00080 0.13268 -0.21024 0.54312 -0.02776 0.02344 -0.19580 -0.19140 -0.00884
770.0  -0.01792 -0.00176 0.13324 -0.19536 0.54740 -0.03472 0.00256 -0.21524 -0.17308 -0.00820
770.5  -0.01116 -0.00288 0.12992 -0.18908 0.54980 -0.04132 -0.02140 -0.23528 -0.14252 -0.00804
771.0  -0.00208 -0.00408 0.12336 -0.19188 0.55044 -0.04116 -0.05312 -0.25324 -0.09460 -0.00836
771.5  0.00840 -0.00520 0.11312 -0.20600 0.54788 -0.02404 -0.09024 -0.25916 -0.03060 -0.00896
772.0  0.01932 -0.00616 0.09936 -0.23480 0.53940 -0.07284 -0.10248 -0.24384 -0.02412 -0.00952
772.5  0.02952 -0.00684 0.08252 -0.28060 0.52024 -0.10756 -0.14184 -0.20152 -0.04964 -0.01032
773.0  0.03808 -0.00728 0.06284 -0.34004 0.48640 -0.14488 -0.21620 0.06000 -0.05048 -0.01204
773.5  0.04416 -0.00756 0.04092 -0.39956 0.44076 -0.18500 -0.16452 0.10292 -0.03644 -0.01740
774.0  0.04732 -0.00772 0.01740 -0.44504 0.39528 -0.21812 -0.10964 0.11384 -0.01700 -0.04184
774.5  0.04732 -0.00784 -0.00692 -0.47324 0.35968 -0.23636 -0.05920 0.11544 0.00096 -0.06112
775.0  0.04424 -0.00800 -0.03112 -0.48800 0.33580 -0.24364 -0.02036 0.11228 0.01500 -0.06232
775.5  0.03844 -0.00828 -0.05444 -0.49392 0.32196 -0.24528 0.00900 0.10696 0.02524 -0.06240
776.0  0.03044 -0.00880 -0.07612 -0.49444 0.31548 -0.24360 0.03208 0.10040 0.03240 -0.06112
776.5  0.02084 -0.00948 -0.09540 -0.49204 0.31408 -0.23896 0.05108 0.09288 0.03760 -0.05920
777.0  0.01024 -0.01036 -0.11196 -0.48908 0.31604 -0.23108 0.06720 0.08460 0.04132 -0.05744
777.5  -0.00056 -0.01144 -0.12536 -0.48760 0.31880 -0.21904 0.08080 0.07552 0.04384 -0.05548
778.0  -0.01084 -0.01256 -0.13536 -0.49088 0.31832 -0.20264 0.09196 0.06588 0.04576 -0.05380
778.5  -0.01992 -0.01380 -0.14196 -0.50372 0.30616 -0.18212 0.10152 0.05592 0.04712 -0.05176
779.0  -0.02700 -0.01500 -0.14492 -0.53484 0.26168 -0.15836 0.10884 0.04576 0.04824 -0.04880
779.5  -0.03156 -0.01612 -0.14436 -0.58872 0.12724 -0.13280 0.11428 0.03580 0.04908 -0.04524
780.0  -0.03304 -0.01720 -0.14036 -0.60200 -0.09544 -0.10716 0.11808 0.02676 0.04976 -0.04124
780.5  -0.03124 -0.01828 -0.13292 -0.57492 -0.22232 -0.08344 0.12056 0.02004 0.05036 -0.03684
781.0  -0.02628 -0.01924 -0.12232 -0.55900 -0.27512 -0.06332 0.12144 0.02120 0.05136 -0.03200
781.5  -0.01864 -0.02004 -0.10872 -0.55216 -0.30172 -0.04880 0.11100 0.05600 0.05320 -0.02684
782.0  -0.00900 -0.02068 -0.09252 -0.54856 -0.31960 -0.04320 0.06908 0.10328 0.05688 -0.02136
782.5  0.00160 -0.02108 -0.07408 -0.54416 -0.33664 -0.05132 0.04152 0.11496 0.06200 -0.01552
783.0  0.01204 -0.02124 -0.05380 -0.53428 -0.35952 -0.06584 -0.01132 0.12132 0.06292 -0.00944
783.5  0.02128 -0.02108 -0.03236 -0.50944 -0.39912 -0.07332 -0.05604 0.11880 0.05376 -0.00316
784.0  0.02832 -0.02064 -0.01016 -0.43816 -0.47860 -0.07332 -0.08476 0.12096 0.03624 0.00296
784.5  0.03252 -0.01984 0.01216 -0.24832 -0.60016 -0.06764 -0.10976 0.12296 0.01640 0.00860
785.0  0.03348 -0.01876 0.03404 -0.04792 -0.64704 -0.05744 -0.13296 0.12232 -0.00156 0.01324
785.5  0.03120 -0.01740 0.05476 0.04016 -0.64560 -0.04260 -0.15452 0.11932 -0.01672 0.01644
786.0  0.02592 -0.01580 0.07392 0.07376 -0.63952 -0.02280 -0.17384 0.11464 -0.02964 0.01812
786.5  0.01816 -0.01392 0.09080 0.08552 -0.63380 0.00204 -0.19052 0.10868 -0.04064 0.01708
787.0  0.00864 -0.01196 0.10500 0.08736 -0.62824 0.03096 -0.20420 0.10164 -0.05004 0.01188
787.5  -0.00188 -0.00984 0.11604 0.08456 -0.62220 0.06208 -0.21468 0.09376 -0.05672 -0.00116
788.0  -0.01244 -0.00772 0.12356 0.08000 -0.61580 0.09312 -0.22188 0.08512 -0.05612 -0.02032
788.5  -0.02212 -0.00572 0.12732 0.07576 -0.60940 0.12176 -0.22564 0.07616 -0.05012 -0.03372
789.0  -0.03012 -0.00392 0.12716 0.07348 -0.60388 0.14672 -0.22600 0.06700 -0.04296 -0.04148
789.5  -0.03564 -0.00248 0.12288 0.07464 -0.59968 0.16780 -0.22280 0.05792 -0.01640 -0.05584
790.0  -0.03816 -0.00148 0.11480 0.08112 -0.59680 0.18560 -0.21580 0.04880 -0.03172 -0.04700
790.5  -0.03728 -0.00100 0.10300 0.09516 -0.59456 0.20120 -0.20448 0.03964 -0.03764 -0.04132
791.0  -0.03308 -0.00108 0.08768 0.11780 -0.59184 0.21580 -0.18816 0.03008 -0.04136 -0.03844
791.5  -0.02592 -0.00160 0.06924 0.15092 -0.58656 0.23040 -0.16568 0.01968 -0.04492 -0.03924
792.0  -0.01652 -0.00248 0.04812 0.19232 -0.57684 0.24488 -0.13568 0.00776 -0.04788 -0.07608
792.5  -0.00584 -0.00368 0.02496 0.23620 -0.56256 0.25764 -0.09716 -0.00544 -0.04876 -0.07160
793.0  0.00504 -0.00504 0.00060 0.27512 -0.54596 0.26524 -0.05276 -0.01884 -0.04640 -0.06620
793.5  0.01500 -0.00652 -0.02448 0.30388 -0.53052 0.26532 -0.00920 -0.03060 -0.04072 -0.06080
794.0  0.02300 -0.00796 -0.04888 0.32104 -0.51904 0.25900 0.02684 -0.04028 -0.03300 -0.05556
794.5  0.02840 -0.00936 -0.07248 0.32724 -0.51256 0.24920 0.05200 -0.05036 -0.02508 -0.05044
795.0  0.03068 -0.01060 -0.09408 0.32396 -0.51128 0.23800 0.05788 -0.07184 -0.01768 -0.04532
795.5  0.02980 -0.01160 -0.11324 0.31192 -0.51480 0.22600 0.02144 -0.10604 -0.01304 -0.03976
796.0  0.02596 -0.01244 -0.12948 0.29068 -0.52360 0.21308 0.00732 -0.12188 -0.01168 -0.03400
796.5  0.01956 -0.01300 -0.14232 0.25788 -0.53732 0.19852 0.01172 -0.13464 -0.01528 -0.02748
797.0  0.01124 -0.01312 -0.15188 0.20804 -0.55676 0.18112 0.02324 -0.14644 -0.02404 -0.02084
797.5  0.00172 -0.01312 -0.15752 0.12736 -0.57972 0.15956 0.03784 -0.15736 -0.03600 -0.01420
798.0  -0.00832 -0.01288 -0.15948 -0.00132 -0.59400 0.13336 0.05096 -0.16708 -0.04984 -0.00788
798.5  -0.01800 -0.01236 -0.15744 -0.16116 -0.57348 0.10316 0.05852 -0.17516 -0.06468 -0.00200
799.0  -0.02664 -0.01176 -0.15140 -0.28808 -0.52468 0.07112 0.05776 -0.18044 -0.08116 0.00348
799.5  -0.03348 -0.01116 -0.14132 -0.36640 -0.47804 0.04108 0.04660 -0.18084 -0.10044 0.00848
800.0  -0.03784 -0.01068 -0.12728 -0.41556 -0.44200 0.01796 0.02448 -0.17420 -0.12288 0.01312
800.5  -0.03924 -0.01032 -0.10932 -0.44920 -0.41464 0.00304 -0.00556 -0.15956 -0.14560 0.01720
801.0  -0.03740 -0.01012 -0.08788 -0.47320 -0.39392 -0.00760 -0.04252 -0.13776 -0.16312 0.02084
801.5  -0.03236 -0.00992 -0.06344 -0.49004 -0.37944 -0.01772 -0.10144 -0.09420 -0.17068 0.02352
802.0  -0.02444 -0.00964 -0.03680 -0.49924 -0.37260 -0.02968 -0.12296 0.08104 -0.16560 0.02484
802.5  -0.01436 -0.00936 -0.00892 -0.49708 -0.37836 -0.04360 -0.10180 0.13348 -0.14632 0.02416
803.0  -0.00308 -0.00872 0.01932 -0.47184 -0.41020 -0.05744 -0.08520 0.17064 -0.11592 0.02152
803.5  0.00832 -0.00776 0.04672 -0.37656 -0.49788 -0.06844 -0.07120 0.19572 -0.08260 0.01764
804.0  0.01872 -0.00628 0.07252 -0.16088 -0.60076 -0.07640 -0.06040 0.21088 -0.05352 0.01404
804.5  0.02712 -0.00432 0.09584 -0.01920 -0.61832 -0.08272 -0.05260 0.22004 -0.02984 0.01072
805.0  0.03284 -0.00180 0.11616 0.03060 -0.61396 -0.08844 -0.04676 0.22608 -0.01060 0.00816
805.5  0.03532 0.00120 0.13308 0.04560 -0.60888 -0.09372 -0.04204 0.23012 0.00596 0.00624
806.0  0.03456 0.00448 0.14648 0.04668 -0.60500 -0.09816 -0.03764 0.23284 0.02112 0.00448
806.5  0.03064 0.00796 0.15612 0.04140 -0.60248 -0.10104 -0.03228 0.23416 0.03568 0.00276
807.0  0.02400 0.01144 0.16196 0.03308 -0.60152 -0.10132 -0.02400 0.23388 0.05028 0.00108
807.5  0.01524 0.01480 0.16396 0.02380 -0.60220 -0.09816 -0.00412 0.23164 0.06512 -0.00016
808.0  0.00500 0.01788 0.16204 0.01484 -0.60460 -0.09096 -0.19252 0.11768 0.08036 -0.00088
808.5  -0.00588 0.02052 0.15652 0.00780 -0.60840 -0.07828 -0.21376 0.03688 0.09592 -0.00108
809.0  -0.01664 0.02272 0.14728 0.00444 -0.61316 -0.05540 -0.20528 0.01808 0.11164 -0.00080
809.5  -0.02652 0.02448 0.13456 0.00728 -0.61844 -0.00192 -0.19152 0.00284 0.12752 -0.00016
810.0  -0.03468 0.02584 0.11856 0.02224 -0.62336 0.08556 -0.13984 -0.01224 0.14368 0.00092
810.5  -0.04052 0.02668 0.09988 0.06380 -0.62504 0.09620 -0.08268 -0.02196 0.16080 0.00212
811.0  -0.04344 0.02708 0.07872 0.17664 -0.60652 0.07440 -0.02036 -0.17156 0.04896 0.00328
811.5  -0.04316 0.02688 0.05580 0.40840 -0.48460 0.04100 0.07820 -0.15212 0.05480 0.00416
812.0  -0.03968 0.02624 0.03180 0.54136 -0.33044 0.00076 0.12740 -0.10724 0.05748 0.00448
812.5  -0.03328 0.02516 0.00732 0.57792 -0.25832 -0.04212 0.13268 -0.08060 0.05712 0.00412
813.0  -0.02464 0.02360 -0.01688 0.58976 -0.22208 -0.08176 0.12016 -0.06416 0.05528 0.00280
813.5  -0.01460 0.02168 -0.04020 0.59352 -0.19836 -0.11476 0.09880 -0.05280 0.05276 0.00032
814.0  -0.00416 0.01956 -0.06188 0.59384 -0.17848 -0.14088 0.07348 -0.04428 0.04984 -0.00324
814.5  0.00564 0.01716 -0.08136 0.59240 -0.15940 -0.16128 0.04652 -0.03756 0.04660 -0.00676
815.0  0.01392 0.01472 -0.09820 0.59008 -0.14000 -0.17676 0.01892 -0.03216 0.04360 -0.00860
815.5  0.01996 0.01224 -0.11188 0.58732 -0.12052 -0.18756 -0.00896 -0.02784 0.04140 -0.00824
816.0  0.02336 0.00980 -0.12204 0.58484 -0.10164 -0.19316 -0.03716 -0.02436 0.03984 -0.00648
816.5  0.02396 0.00752 -0.12852 0.58332 -0.08296 -0.19276 -0.06556 -0.02136 0.03860 -0.00432
817.0  0.02184 0.00532 -0.13108 0.58360 -0.06136 -0.18552 -0.09424 -0.01880 0.03764 -0.00260
817.5  0.01736 0.00340 -0.12972 0.58552 -0.03204 -0.17080 -0.12316 -0.01644 0.03712 -0.00148
818.0  0.01092 0.00176 -0.12428 0.58748 0.00752 -0.14804 -0.15172 -0.01396 0.03732 -0.00076
818.5  0.00320 0.00036 -0.11496 0.58732 0.05292 -0.11648 -0.17888 -0.01128 0.03844 0.00028
819.0  -0.00508 -0.00072 -0.10192 0.58472 0.09464 -0.07540 -0.20232 -0.00840 0.04060 0.00220
819.5  -0.01324 -0.00156 -0.08544 0.58140 0.12504 -0.02540 -0.21852 -0.00504 0.04404 0.00520
820.0  -0.02036 -0.00216 -0.06600 0.57908 0.14212 0.03056 -0.22356 -0.00096 0.04876 0.00820
820.5  -0.02572 -0.00256 -0.04416 0.57860 0.14740 0.08720 -0.21500 0.00472 0.05476 0.00960
821.0  -0.02852 -0.00300 -0.02060 0.57956 0.14364 0.13852 -0.19320 0.01324 0.06184 0.00908
821.5  -0.02828 -0.00328 0.00408 0.58164 0.13256 0.17924 -0.16164 0.02716 0.06912 0.00752
822.0  -0.02468 -0.00360 0.02896 0.58464 0.11360 0.20476 -0.12788 0.05068 0.07360 0.00564
822.5  -0.01784 -0.00388 0.05336 0.58932 0.07644 0.20976 -0.10784 0.08772 0.06824 0.00396
823.0  -0.00824 -0.00424 0.07656 0.58192 -0.11212 0.18488 -0.12104 0.13380 0.04664 0.00280
823.5  0.00324 -0.00452 0.09800 0.20956 -0.55240 0.13076 -0.12712 0.18884 0.01628 0.00232
824.0  0.01552 -0.00472 0.11680 0.14472 -0.57096 0.07824 -0.06868 0.24080 -0.01260 0.00264
824.5  0.02732 -0.00480 0.13276 0.11724 -0.57564 0.04144 -0.02048 0.25464 -0.03704 0.00476
825.0  0.03748 -0.00464 0.14536 0.09816 -0.57816 0.01508 0.00084 0.25284 -0.05580 0.01580
825.5  0.04504 -0.00420 0.15452 0.08264 -0.58032 -0.00608 0.01068 0.24628 -0.02964 -0.06952
826.0  0.04928 -0.00340 0.15980 0.06968 -0.58260 -0.02500 0.01508 0.23740 -0.01964 -0.08880
826.5  0.04988 -0.00236 0.16136 0.05924 -0.58536 -0.04268 0.01600 0.22676 -0.02260 -0.10224
827.0  0.04692 -0.00108 0.15920 0.05220 -0.58872 -0.05916 0.01412 0.21436 -0.03180 -0.11312
827.5  0.04072 0.00044 0.15288 0.05000 -0.59276 -0.07360 0.00932 0.19996 -0.04904 -0.12008
828.0  0.03188 0.00212 0.14280 0.05560 -0.59720 -0.08512 0.00188 0.18320 -0.07868 -0.11768
828.5  0.02112 0.00392 0.12892 0.07376 -0.60084 -0.09288 -0.00820 0.16328 -0.11708 -0.09868
829.0  0.00924 0.00568 0.11128 0.11224 -0.60100 -0.09648 -0.02060 0.13964 -0.14692 -0.07352
829.5  -0.00296 0.00736 0.09052 0.17956 -0.59068 -0.09548 -0.03480 0.11164 -0.16532 -0.05508
830.0  -0.01460 0.00884 0.06708 0.27212 -0.56000 -0.08932 -0.05044 0.07940 -0.17620 -0.04272
830.5  -0.02488 0.01000 0.04164 0.35956 -0.51344 -0.07712 -0.06656 0.04516 -0.17996 -0.03396
831.0  -0.03312 0.01076 0.01512 0.41720 -0.47152 -0.05852 -0.08100 0.01272 -0.17684 -0.02732
831.5  -0.03864 0.01096 -0.01164 0.44756 -0.44476 -0.03532 -0.09048 -0.01388 -0.16796 -0.02240
832.0  -0.04108 0.01052 -0.03748 0.46068 -0.43120 -0.01180 -0.09292 -0.03404 -0.15604 -0.01896
832.5  -0.04020 0.00928 -0.06180 0.46340 -0.42696 0.00856 -0.08940 -0.04840 -0.14284 -0.01696
833.0  -0.03612 0.00744 -0.08380 0.45940 -0.42888 0.02480 -0.08180 -0.05856 -0.12956 -0.01560
833.5  -0.02932 0.00500 -0.10304 0.45100 -0.43508 0.03728 -0.07140 -0.06580 -0.11680 -0.01400
834.0  -0.02056 0.00212 -0.11916 0.43916 -0.44476 0.04636 -0.05864 -0.07136 -0.10512 -0.01088
834.5  -0.01072 -0.00100 -0.13208 0.42432 -0.45756 0.05232 -0.04352 -0.07604 -0.09468 -0.00600
835.0  -0.00088 -0.00412 -0.14168 0.40524 -0.47428 0.05552 -0.02520 -0.08008 -0.08476 -0.00200
835.5  0.00800 -0.00700 -0.14800 0.37864 -0.49652 0.05628 -0.00192 -0.08268 -0.07532 -0.00184
836.0  0.01508 -0.00952 -0.15100 0.33480 -0.52876 0.05500 0.03052 -0.07888 -0.06624 -0.00408
836.5  0.01980 -0.01152 -0.15056 0.23992 -0.58064 0.05240 0.07160 -0.05408 -0.05756 -0.00684
837.0  0.02188 -0.01300 -0.14672 -0.00048 -0.63144 0.04960 0.09584 -0.01584 -0.04992 -0.00944
837.5  0.02124 -0.01396 -0.13940 -0.25324 -0.58256 0.04892 0.10408 0.01328 -0.04496 -0.01160
838.0  0.01816 -0.01444 -0.12852 -0.35476 -0.53204 0.05620 0.10332 0.03488 -0.04544 -0.01300
838.5  0.01300 -0.01460 -0.11420 -0.39836 -0.50604 0.07884 0.08648 0.05292 -0.05268 -0.01420
839.0  0.00624 -0.01444 -0.09656 -0.41880 -0.49516 0.09348 0.05300 0.07932 -0.06224 -0.01496
839.5  -0.00156 -0.01408 -0.07592 -0.42352 -0.49692 0.08808 0.05648 0.09264 -0.06832 -0.01568
840.0  -0.00968 -0.01356 -0.05280 -0.40964 -0.51292 0.06944 0.08660 0.09804 -0.06824 -0.01660
840.5  -0.01748 -0.01276 -0.02788 -0.36660 -0.54760 0.04044 0.10404 0.11220 -0.06212 -0.01788
841.0  -0.02416 -0.01180 -0.00200 -0.27792 -0.59868 0.00660 0.11176 0.12676 -0.05132 -0.01936
841.5  -0.02900 -0.01096 0.02392 -0.15388 -0.64116 -0.02724 0.11100 0.13904 -0.03896 -0.02076
842.0  -0.03140 -0.00984 0.04908 -0.04808 -0.65460 -0.06064 0.10516 0.14836 -0.02716 -0.02192
842.5  -0.03080 -0.00868 0.07264 0.01584 -0.65064 -0.09520 0.09644 0.15508 -0.01820 -0.02216
843.0  -0.02708 -0.00748 0.09368 0.04964 -0.64036 -0.13240 0.08588 0.15968 -0.02080 -0.01588
843.5  -0.02040 -0.00620 0.11176 0.06612 -0.62664 -0.17256 0.07416 0.16276 -0.02264 -0.01608
844.0  -0.01124 -0.00476 0.12628 0.07296 -0.61040 -0.21388 0.06168 0.16492 -0.02204 -0.02372
844.5  -0.00056 -0.00328 0.13692 0.07472 -0.59280 -0.25220 0.04892 0.16648 -0.02080 -0.03248
845.0  0.01060 -0.00168 0.14336 0.07400 -0.57712 -0.28184 0.03608 0.16776 -0.01816 -0.04136
845.5  0.02104 0.00004 0.14540 0.07284 -0.56752 -0.29804 0.02356 0.16896 -0.01280 -0.05020
846.0  0.02964 0.00184 0.14312 0.07300 -0.56660 -0.29788 0.01124 0.16972 -0.00384 -0.05936
846.5  0.03552 0.00372 0.13640 0.07632 -0.57448 -0.28100 -0.00080 0.16936 0.00924 -0.06868
847.0  0.03820 0.00564 0.12568 0.08472 -0.58800 -0.24936 -0.01260 0.16696 0.02656 -0.07752
847.5  0.03748 0.00756 0.11116 0.10060 -0.60192 -0.20800 -0.02412 0.16168 0.04924 -0.08328
848.0  0.03348 0.00948 0.09328 0.12688 -0.61116 -0.16272 -0.03496 0.15284 0.07956 -0.08084
848.5  0.02668 0.01136 0.07256 0.16632 -0.61184 -0.11824 -0.04424 0.13976 0.11460 -0.06320
849.0  0.01768 0.01324 0.04972 0.21856 -0.60116 -0.07660 -0.04984 0.12160 0.14272 -0.03972
849.5  0.00716 0.01504 0.02548 0.27924 -0.57824 -0.03912 -0.04840 0.09784 0.16236 -0.02364
850.0  -0.00412 0.01684 0.00072 0.33624 -0.54664 -0.00960 -0.03728 0.06912 0.17568 -0.01488
850.5  -0.01544 0.01848 -0.02380 0.38036 -0.51412 0.00856 -0.01884 0.03772 0.18248 -0.01088
851.0  -0.02604 0.01988 -0.04740 0.40912 -0.48664 0.01604 0.00200 0.00684 0.18256 -0.00964
851.5  -0.03516 0.02096 -0.06928 0.42520 -0.46632 0.01568 0.02140 -0.02112 0.17680 -0.01008
852.0  -0.04212 0.02168 -0.08900 0.43224 -0.45268 0.00960 0.03720 -0.04548 0.16668 -0.01136
852.5  -0.04628 0.02172 -0.10620 0.43344 -0.44456 -0.00028 0.04704 -0.06712 0.15348 -0.01320
853.0  -0.04724 0.02104 -0.12032 0.43112 -0.44064 -0.01228 0.04796 -0.08728 0.13860 -0.01512
853.5  -0.04472 0.01960 -0.13160 0.42724 -0.43948 -0.02468 0.03880 -0.10520 0.12280 -0.01716
854.0  -0.03888 0.01736 -0.13912 0.42480 -0.43868 -0.03628 0.02576 -0.11776 0.10672 -0.01916
854.5  -0.03016 0.01456 -0.14344 0.43304 -0.42940 -0.04624 0.01648 -0.12464 0.09088 -0.02076
855.0  -0.01940 0.01128 -0.14440 0.58824 -0.16304 -0.05416 0.01084 -0.12836 0.07568 -0.02192
855.5  -0.00760 0.00784 -0.14184 0.51864 0.32564 -0.05996 0.00536 -0.13064 0.06120 -0.02204
856.0  -0.00408 0.00452 -0.13580 0.51376 0.33908 -0.06352 -0.00216 -0.13260 0.04740 -0.02108
856.5  -0.01452 0.00144 -0.12636 0.52068 0.33580 -0.06488 -0.01256 -0.13464 0.03416 -0.01908
857.0  -0.02284 -0.00116 -0.11352 0.53056 0.32884 -0.06388 -0.02588 -0.13668 0.02124 -0.01624
857.5  -0.02836 -0.00320 -0.09744 0.54116 0.32076 -0.05984 -0.04192 -0.13864 0.00828 -0.01264
858.0  -0.03080 -0.00468 -0.07832 0.55128 0.31248 -0.05128 -0.06044 -0.13984 -0.00492 -0.00848
858.5  -0.03012 -0.00560 -0.05652 0.56008 0.30484 -0.03484 -0.08044 -0.13988 -0.01872 -0.00384
859.0  -0.02660 -0.00584 -0.03268 0.56656 0.29900 -0.00784 -0.09764 -0.13808 -0.03336 0.00152
859.5  -0.02068 -0.00544 -0.00752 0.56928 0.29732 0.02392 -0.10700 -0.13372 -0.04900 0.00800
860.0  -0.01300 -0.00448 0.01816 0.56508 0.30536 0.05168 -0.11052 -0.12640 -0.06504 0.01504
860.5  -0.00420 -0.00300 0.04336 0.54360 0.33956 0.07416 -0.11200 -0.11656 -0.07988 0.02204
861.0  0.00500 -0.00088 0.06724 0.44492 0.45756 0.09300 -0.11232 -0.10588 -0.09120 0.02860
861.5  0.01384 0.00164 0.08904 0.14512 0.61752 0.10912 -0.11092 -0.09684 -0.09848 0.03500
862.0  0.02156 0.00440 0.10820 0.00280 0.62988 0.12284 -0.10708 -0.09112 -0.10244 0.04112
862.5  0.02740 0.00728 0.12432 -0.03536 0.62428 0.13420 -0.09932 -0.08948 -0.10400 0.04688
863.0  0.03076 0.01008 0.13716 -0.04492 0.61956 0.14324 -0.08564 -0.09204 -0.10396 0.05288
863.5  0.03120 0.01260 0.14664 -0.04440 0.61640 0.14960 -0.06356 -0.09728 -0.10284 0.05836
864.0  0.02860 0.01464 0.15268 -0.03964 0.61468 0.15328 -0.03576 -0.09840 -0.10196 0.06304
864.5  0.02312 0.01612 0.15532 -0.03336 0.61420 0.15440 -0.01348 -0.09008 -0.10188 0.06592
865.0  0.01536 0.01700 0.15460 -0.02732 0.61500 0.15320 -0.00136 -0.07512 -0.10444 0.06500
865.5  0.00620 0.01744 0.15052 -0.02312 0.61664 0.14968 0.00216 -0.05648 -0.11024 0.05908
866.0  -0.00328 0.01756 0.14312 -0.02300 0.61892 0.14372 -0.00196 -0.03512 -0.11776 0.04912
866.5  -0.01192 0.01748 0.13252 -0.03080 0.62132 0.13424 -0.01448 -0.01008 -0.12480 0.03820
867.0  -0.01872 0.01748 0.11880 -0.05496 0.62252 0.11636 -0.03644 0.02332 -0.12908 0.02828
867.5  -0.02296 0.01760 0.10216 -0.11880 0.61632 0.08636 -0.05348 0.09944 -0.10076 0.02012
868.0  -0.02420 0.01796 0.08300 -0.28132 0.56336 0.05520 -0.03820 0.15668 0.00616 0.01356
868.5  -0.02236 0.01856 0.06180 -0.48464 0.40392 0.02644 0.05128 0.15256 0.04120 0.00860
869.0  -0.01772 0.01940 0.03912 -0.55936 0.29196 -0.00508 0.12652 0.09312 0.05776 0.00504
869.5  -0.01068 0.02036 0.01552 -0.58176 0.24108 -0.04224 0.13668 0.05944 0.06560 0.00264
870.0  -0.00192 0.02136 -0.00816 -0.58964 0.21344 -0.08044 0.12880 0.03692 0.06852 0.00128
870.5  0.00796 0.02228 -0.03136 -0.59196 0.19400 -0.11152 0.11344 0.01920 0.06876 0.00028
871.0  0.01828 0.02300 -0.05336 -0.59176 0.17692 -0.13412 0.09736 0.00412 0.06780 -0.00032
871.5  0.02836 0.02336 -0.07348 -0.59044 0.15900 -0.15028 0.08276 -0.00932 0.06620 -0.00048
872.0  0.03752 0.02324 -0.09136 -0.58912 0.13888 -0.16148 0.06968 -0.02160 0.06420 -0.00016
872.5  0.04512 0.02252 -0.10644 -0.58828 0.11556 -0.16812 0.05772 -0.03316 0.06188 0.00076
873.0  0.05048 0.02116 -0.11856 -0.58848 0.08844 -0.17016 0.04652 -0.04444 0.05932 0.00248
873.5  0.05300 0.01904 -0.12748 -0.58980 0.05664 -0.16744 0.03572 -0.05552 0.05600 0.00480
874.0  0.05228 0.01624 -0.13300 -0.59152 0.01980 -0.16044 0.02492 -0.06676 0.05200 0.00732
874.5  0.04816 0.01276 -0.13516 -0.59248 -0.02128 -0.14984 0.01388 -0.07828 0.04728 0.00968
875.0  0.04072 0.00884 -0.13388 -0.59196 -0.06360 -0.13676 0.00260 -0.09024 0.04192 0.01132
875.5  0.03052 0.00460 -0.12920 -0.58988 -0.10264 -0.12220 -0.00912 -0.10272 0.03556 0.01180
876.0  0.01836 0.00028 -0.12136 -0.58736 -0.13448 -0.10672 -0.02112 -0.11584 0.02824 0.01120
876.5  0.00532 -0.00396 -0.11044 -0.58568 -0.15712 -0.09040 -0.03360 -0.12948 0.01944 0.00960
877.0  -0.00744 -0.00788 -0.09664 -0.58564 -0.17060 -0.07268 -0.04616 -0.14360 0.00840 0.00704
877.5  -0.01880 -0.01140 -0.08032 -0.58732 -0.17548 -0.05200 -0.05840 -0.15764 -0.00592 0.00388
878.0  -0.02780 -0.01444 -0.06176 -0.59052 -0.17216 -0.02560 -0.06788 -0.17068 -0.02444 0.00036
878.5  -0.03384 -0.01696 -0.04148 -0.59508 -0.16036 0.00676 -0.06776 -0.18152 -0.04828 -0.00300
879.0  -0.03668 -0.01900 -0.01992 -0.60080 -0.13812 0.03564 -0.04764 -0.18960 -0.07716 -0.00608
879.5  -0.03632 -0.02052 0.00228 -0.60784 -0.09812 0.05304 0.06140 -0.18144 -0.10824 -0.00860
880.0  -0.03312 -0.02156 0.02440 -0.61412 -0.01092 0.05976 0.13860 -0.12784 -0.13236 -0.01044
880.5  -0.02752 -0.02212 0.04580 -0.55488 0.25868 0.05596 0.13020 -0.15992 -0.12644 -0.01236
881.0  -0.02012 -0.02216 0.06568 -0.33916 0.50704 0.03144 0.11752 -0.20568 -0.09404 -0.01388
881.5  -0.01168 -0.02180 0.08344 -0.24532 0.55592 -0.01412 0.09876 -0.23140 -0.07820 -0.01564
882.0  -0.00280 -0.02104 0.09848 -0.20104 0.57100 -0.01040 0.08020 -0.24636 -0.07428 -0.01748
882.5  -0.00572 -0.01988 0.11036 -0.17348 0.57784 0.01028 0.06904 -0.25516 -0.07412 -0.01968
883.0  -0.01320 -0.01840 0.11872 -0.15392 0.58160 0.03396 0.06188 -0.25944 -0.07440 -0.02144
883.5  -0.01888 -0.01676 0.12344 -0.13964 0.58412 0.05740 0.06176 -0.25900 -0.07408 -0.02272
884.0  -0.02220 -0.01508 0.12444 -0.12928 0.58628 0.07976 0.10968 -0.23956 -0.07284 -0.02336
884.5  -0.02264 -0.01336 0.12168 -0.12276 0.58848 0.10080 0.25732 -0.02156 -0.07056 -0.02352
885.0  -0.02004 -0.01184 0.11536 -0.12028 0.59068 0.12052 0.25056 -0.00460 -0.06728 -0.02344
885.5  -0.01464 -0.01048 0.10556 -0.12264 0.59292 0.13920 0.24028 -0.00560 -0.06304 -0.02336
886.0  -0.00696 -0.00936 0.09252 -0.13088 0.59456 0.15756 0.22676 -0.00976 -0.05768 -0.02364
886.5  0.00204 -0.00844 0.07652 -0.14604 0.59468 0.17648 0.20876 -0.01484 -0.05132 -0.02472
887.0  0.01136 -0.00764 0.05788 -0.16864 0.59232 0.19764 0.18324 -0.01980 -0.04412 -0.02628
887.5  0.01976 -0.00700 0.03708 -0.19804 0.58640 0.22288 0.14288 -0.02384 -0.03628 -0.02844
888.0  0.02628 -0.00648 0.01468 -0.23112 0.57696 0.24796 0.07532 -0.02604 -0.02848 -0.02912
888.5  0.03016 -0.00608 -0.00856 -0.26276 0.56508 0.25252 -0.00904 -0.02604 -0.02188 -0.02848
889.0  0.03092 -0.00572 -0.03204 -0.28812 0.55360 0.23548 -0.06912 -0.02384 -0.01728 -0.02760
889.5  0.02856 -0.00548 -0.05484 -0.30404 0.54536 0.21400 -0.10260 -0.01932 -0.01508 -0.02680
890.0  0.02328 -0.00532 -0.07624 -0.30956 0.54204 0.19312 -0.12224 -0.00820 -0.01524 -0.02620
890.5  0.01564 -0.00524 -0.09572 -0.30460 0.54444 0.17280 -0.05084 -0.12340 -0.01796 -0.02576
891.0  0.00620 -0.00520 -0.11252 -0.28860 0.55252 0.15260 -0.02220 -0.13836 -0.02332 -0.02540
891.5  -0.00432 -0.00516 -0.12660 -0.25980 0.56648 0.13228 -0.01444 -0.14264 -0.03140 -0.02460
892.0  -0.01516 -0.00508 -0.13740 -0.21368 0.58572 0.11204 -0.00856 -0.14312 -0.04256 -0.02348
892.5  -0.02568 -0.00500 -0.14492 -0.14252 0.60768 0.09264 -0.00324 -0.13924 -0.05708 -0.02156
893.0  -0.03512 -0.00488 -0.14908 -0.03992 0.62424 0.07576 0.00060 -0.12900 -0.07576 -0.01884
893.5  -0.04284 -0.00476 -0.14984 0.08252 0.62184 0.06456 -0.00120 -0.11020 -0.09688 -0.01560
894.0  -0.04816 -0.00464 -0.14728 0.19284 0.59936 0.06140 -0.01016 -0.08700 -0.11224 -0.01224
894.5  -0.05056 -0.00472 -0.14152 0.27260 0.57048 0.06476 -0.02152 -0.07128 -0.11620 -0.00880
895.0  -0.04968 -0.00500 -0.13264 0.32600 0.54520 0.07220 -0.02768 -0.06892 -0.11172 -0.00548
895.5  -0.04548 -0.00560 -0.12076 0.36112 0.52636 0.08112 -0.00592 -0.08296 -0.10252 -0.00256
896.0  -0.03820 -0.00644 -0.10612 0.38332 0.51384 0.08948 -0.03764 -0.08912 -0.09040 0.00008
896.5  -0.02848 -0.00752 -0.08916 0.39476 0.50828 0.09388 -0.06580 -0.09392 -0.07596 0.00232
897.0  -0.01724 -0.00888 -0.07024 0.39452 0.51056 0.09092 -0.09508 -0.09920 -0.05984 0.00408
897.5  -0.00564 -0.01024 -0.04984 0.37876 0.52324 0.07940 -0.12608 -0.10280 -0.04256 0.00544
898.0  -0.00516 -0.01160 -0.02856 0.33864 0.54928 0.06360 -0.15460 -0.10388 -0.02496 0.00652
898.5  -0.01416 -0.01272 -0.00708 0.26244 0.58700 0.04752 -0.18004 -0.10188 -0.00812 0.00736
899.0  -0.02056 -0.01356 0.01408 0.15492 0.61996 0.03176 -0.20352 -0.09728 0.00720 0.00788
899.5  -0.02392 -0.01400 0.03428 0.05528 0.63096 0.01516 -0.22556 -0.09036 0.02048 0.00812
900.0  -0.02420 -0.01408 0.05304 -0.00944 0.62616 -0.00316 -0.24596 -0.08160 0.03208 0.00796
900.5  -0.02164 -0.01372 0.06984 -0.04448 0.61644 -0.02344 -0.26396 -0.07136 0.04236 0.00740
901.0  -0.01672 -0.01292 0.08420 -0.06156 0.60620 -0.04520 -0.27868 -0.05972 0.05188 0.00612
901.5  -0.01000 -0.01168 0.09580 -0.06892 0.59692 -0.06736 -0.28920 -0.04676 0.06088 0.00400
902.0  -0.00228 -0.01008 0.10424 -0.07132 0.58924 -0.08852 -0.29488 -0.03252 0.06940 0.00116
902.5  0.00588 -0.00812 0.10928 -0.07160 0.58364 -0.10792 -0.29544 -0.01704 0.07732 -0.00188
903.0  0.01376 -0.00596 0.11080 -0.07160 0.58020 -0.12480 -0.29096 -0.00032 0.08420 -0.00472
903.5  0.02088 -0.00376 0.10876 -0.07232 0.57888 -0.13944 -0.28148 0.01748 0.09000 -0.00728
904.0  0.02660 -0.00152 0.10324 -0.07460 0.57916 -0.15228 -0.26748 0.03620 0.09416 -0.00924
904.5  0.03048 0.00052 0.09444 -0.07904 0.58052 -0.16436 -0.24884 0.05584 0.09636 -0.01056
905.0  0.03212 0.00232 0.08276 -0.08636 0.58228 -0.17684 -0.22524 0.07628 0.09568 -0.01092
905.5  0.03120 0.00376 0.06848 -0.09728 0.58344 -0.19084 -0.19504 0.09896 0.09080 -0.01108
906.0  0.02768 0.00476 0.05224 -0.11260 0.58320 -0.20656 -0.15584 0.12224 0.07916 -0.01004
906.5  0.02172 0.00536 0.03440 -0.13324 0.58044 -0.22252 -0.10284 0.14588 0.05652 -0.00852
907.0  0.01380 0.00548 0.01564 -0.16000 0.57432 -0.23520 -0.02616 0.15868 0.02136 -0.00720
907.5  0.00468 0.00520 -0.00348 -0.19336 0.56316 -0.24672 0.08992 0.10196 -0.01508 -0.00704
908.0  -0.00488 0.00456 -0.02244 -0.23332 0.54560 -0.27764 -0.00960 -0.01508 -0.03196 -0.00788
908.5  -0.01388 0.00364 -0.04076 -0.27956 0.51972 -0.23256 -0.11684 -0.09864 -0.02532 -0.00908
909.0  -0.02152 0.00268 -0.05788 -0.33236 0.48252 -0.21944 -0.06620 -0.16144 -0.00896 -0.01048
909.5  -0.02720 0.00160 -0.07328 -0.39392 0.42700 -0.21348 0.01260 -0.18424 0.00744 -0.01136
910.0  -0.03056 0.00052 -0.08660 -0.46844 0.33492 -0.20848 0.07312 -0.17844 0.02092 -0.01172
910.5  -0.03144 -0.00044 -0.09736 -0.54268 0.17852 -0.20252 0.11680 -0.16392 0.03108 -0.01168
911.0  -0.02996 -0.00132 -0.10532 -0.56764 0.00340 -0.19412 0.15116 -0.14692 0.03816 -0.01084
911.5  -0.02636 -0.00208 -0.11020 -0.55516 -0.10724 -0.18216 0.18000 -0.12948 0.04252 -0.00968
912.0  -0.02096 -0.00264 -0.11184 -0.54036 -0.16484 -0.16552 0.20488 -0.11244 0.04488 -0.00840
912.5  -0.01416 -0.00304 -0.11012 -0.53164 -0.19488 -0.14280 0.22660 -0.09640 0.04544 -0.00660
913.0  -0.00636 -0.00320 -0.10504 -0.52904 -0.21040 -0.11268 0.24512 -0.08152 0.04464 -0.00504
913.5  0.00192 -0.00320 -0.09668 -0.53112 -0.21724 -0.07408 0.25928 -0.06756 0.04292 -0.00448
914.0  0.01012 -0.00300 -0.08532 -0.53656 -0.21840 -0.02740 0.26640 -0.05364 0.04052 -0.00616
914.5  0.01768 -0.00264 -0.07104 -0.54428 -0.21512 0.02424 0.26400 -0.03932 0.03776 -0.00976
915.0  0.02388 -0.00208 -0.05424 -0.55320 -0.20840 0.07536 0.25072 -0.02376 0.03584 -0.01172
915.5  0.02812 -0.00156 -0.03552 -0.56256 -0.19872 0.12016 0.22788 -0.00640 0.03476 -0.01112
916.0  0.02992 -0.00088 -0.01516 -0.57172 -0.18676 0.15536 0.19904 0.01320 0.03260 -0.00880
916.5  0.02896 -0.00012 0.00612 -0.58016 -0.17284 0.17996 0.16772 0.03448 0.02744 -0.00568
917.0  0.02536 0.00060 0.02772 -0.58796 -0.15636 0.19424 0.13724 0.05592 0.01752 -0.00216
917.5  0.01948 0.00144 0.04908 -0.59532 -0.13408 0.19956 0.11032 0.07564 0.00280 0.00116
918.0  0.01212 0.00224 0.06952 -0.60444 -0.08904 0.19784 0.08884 0.09180 -0.01548 0.00324
918.5  0.00420 0.00316 0.08856 -0.50800 0.33904 0.19140 0.07356 0.10384 -0.03532 0.00316
919.0  -0.00320 0.00408 0.10556 -0.20464 0.57420 0.18240 0.06392 0.11184 -0.05484 0.00040
919.5  -0.00920 0.00516 0.12024 -0.16484 0.58500 0.17276 0.05832 0.11676 -0.07256 -0.00412
920.0  -0.01300 0.00628 0.13224 -0.14616 0.58760 0.16348 0.05448 0.11984 -0.08788 -0.00872
920.5  -0.01416 0.00740 0.14132 -0.13380 0.58824 0.15524 0.05004 0.12204 -0.10084 -0.01192
921.0  -0.01268 0.00852 0.14728 -0.12488 0.58828 0.14828 0.04448 0.12304 -0.11200 -0.01340
921.5  -0.00868 0.00968 0.15004 -0.11896 0.58848 0.14236 0.04072 0.12132 -0.12192 -0.01372
922.0  -0.00256 0.01076 0.14944 -0.11656 0.58908 0.13676 0.04268 0.11496 -0.13132 -0.01392
922.5  0.00512 0.01188 0.14540 -0.11920 0.59008 0.13016 0.05148 0.10284 -0.14020 -0.01472
923.0  0.01372 0.01304 0.13792 -0.13004 0.59072 0.12060 0.06524 0.08396 -0.14876 -0.01624
923.5  0.02264 0.01420 0.12696 -0.15388 0.58880 0.10584 0.08084 0.05684 -0.15688 -0.01820
924.0  0.03120 0.01544 0.11268 -0.20068 0.57884 0.08400 0.09336 0.01884 -0.16380 -0.02020
924.5  0.03872 0.01672 0.09540 -0.28400 0.54720 0.05520 0.09728 -0.04596 -0.16076 -0.02204
925.0  0.04464 0.01772 0.07548 -0.39784 0.47492 0.01992 0.08808 -0.15288 -0.08204 -0.02360
925.5  0.04836 0.01852 0.05344 -0.49124 0.38024 -0.01948 0.06412 -0.17888 -0.01776 -0.02484
926.0  0.04936 0.01884 0.03012 -0.53972 0.30776 -0.06104 0.03264 -0.17664 0.01048 -0.02568
926.5  0.04740 0.01868 0.00624 -0.56092 0.26344 -0.09856 0.01764 -0.15976 0.02580 -0.02580
927.0  0.04244 0.01788 -0.01744 -0.56920 0.23732 -0.12560 0.02608 -0.13948 0.03416 -0.02468
927.5  0.03472 0.01636 -0.04012 -0.57084 0.22128 -0.14212 0.04468 -0.12228 0.03836 -0.02160
928.0  0.02488 0.01412 -0.06112 -0.56920 0.21064 -0.15164 0.06540 -0.10928 0.03980 -0.01708
928.5  0.01372 0.01124 -0.07996 -0.56604 0.20216 -0.15648 0.08584 -0.10012 0.03944 -0.01276
929.0  0.00228 0.00776 -0.09620 -0.56308 0.19252 -0.15760 0.10560 -0.09472 0.03812 -0.00956
929.5  -0.00844 0.00384 -0.10956 -0.56204 0.17756 -0.15528 0.12452 -0.09300 0.03612 -0.00776
930.0  -0.01752 0.00032 -0.11984 -0.56488 0.14960 -0.14936 0.14236 -0.09540 0.03388 -0.00716
930.5  -0.02424 0.00448 -0.12684 -0.57260 0.09496 -0.13940 0.15832 -0.10252 0.03164 -0.00744
931.0  -0.02824 0.00848 -0.13044 -0.57788 -0.00124 -0.12484 0.17112 -0.11516 0.02980 -0.00824
931.5  -0.02940 0.01220 -0.13052 -0.56480 -0.11712 -0.10512 0.17876 -0.13408 0.02868 -0.00936
932.0  -0.02780 0.01532 -0.12708 -0.54236 -0.19816 -0.07996 0.17808 -0.15924 0.02880 -0.01064
932.5  -0.02380 0.01776 -0.12004 -0.52856 -0.23768 -0.04888 0.16604 -0.18848 0.03044 -0.01204
933.0  -0.01788 0.01952 -0.10948 -0.52532 -0.25288 -0.01188 0.14148 -0.21612 0.03456 -0.01368
933.5  -0.01056 0.02064 -0.09556 -0.52908 -0.25588 0.03064 0.10812 -0.23400 0.04236 -0.01540
934.0  -0.00240 0.02108 -0.07852 -0.53680 -0.25236 0.07720 0.07408 -0.23440 0.05680 -0.01760
934.5  0.00596 0.02092 -0.05888 -0.54612 -0.24636 0.04016 0.12852 -0.20924 0.08548 -0.01952
935.0  0.01384 0.02032 -0.03716 -0.55516 -0.24104 0.01608 0.17432 -0.13792 0.13496 -0.02124
935.5  0.02060 0.01924 -0.01392 -0.56196 -0.24064 -0.00220 0.20996 -0.02136 0.14564 -0.02216
936.0  0.02556 0.01784 0.01000 -0.55964 -0.25964 -0.01516 0.10916 0.19400 0.11436 -0.02276
936.5  0.02824 0.01620 0.03388 -0.43384 -0.44516 -0.02436 0.05080 0.22348 0.07884 -0.02304
937.0  0.02828 0.01444 0.05692 0.06192 -0.62244 -0.03176 0.03356 0.22636 0.04792 -0.02312
937.5  0.02560 0.01252 0.07844 0.10584 -0.61956 -0.03900 0.02736 0.22204 0.02228 -0.02392
938.0  0.02044 0.01060 0.09784 0.11104 -0.62072 -0.04756 0.02708 0.21428 0.00112 -0.02508
938.5  0.01344 0.00868 0.11456 0.10772 -0.62236 -0.05872 0.03096 0.20468 -0.01704 -0.02672
939.0  0.00540 0.00688 0.12812 0.10140 -0.62352 -0.07340 0.03796 0.19408 -0.03956 -0.01712
939.5  -0.00264 0.00500 0.13812 0.09400 -0.62368 -0.09224 0.04740 0.18296 -0.04276 0.03444
940.0  -0.00976 0.00324 0.14428 0.08668 -0.62260 -0.11460 0.05864 0.17124 -0.04816 0.04492
940.5  -0.01508 0.00152 0.14644 0.08048 -0.62044 -0.13856 0.07096 0.15904 -0.05644 0.05068
941.0  -0.01812 -0.00020 0.14444 0.07648 -0.61784 -0.16068 0.08304 0.14632 -0.06688 0.05184
941.5  -0.01856 -0.00192 0.13832 0.07604 -0.61600 -0.17772 0.09340 0.13316 -0.07992 0.04560
942.0  -0.01660 -0.00364 0.12824 0.08104 -0.61584 -0.18840 0.09988 0.11948 -0.09372 0.02872
942.5  -0.01256 -0.00532 0.11436 0.09368 -0.61716 -0.19392 0.09976 0.10528 -0.10256 0.00872
943.0  -0.00696 -0.00696 0.09700 0.11608 -0.61844 -0.19672 0.08952 0.09024 -0.10676 -0.00340
943.5  -0.00036 -0.00848 0.07672 0.14968 -0.61740 -0.19824 0.06552 0.07424 -0.10992 -0.00800
944.0  0.00664 -0.00988 0.05400 0.19316 -0.61164 -0.19556 0.02604 0.05628 -0.11284 -0.00896
944.5  0.01356 -0.01112 0.02976 0.24160 -0.59984 -0.18240 -0.01568 0.03596 -0.11452 -0.00880
945.0  0.01992 -0.01220 0.00460 0.28760 -0.58332 -0.16172 -0.04356 0.01312 -0.11412 -0.00972
945.5  0.02520 -0.01304 -0.02064 0.32496 -0.56524 -0.14020 -0.05728 -0.01120 -0.11008 -0.01148
946.0  0.02908 -0.01356 -0.04500 0.35112 -0.54920 -0.12036 -0.06164 -0.03508 -0.10224 -0.01400
946.5  0.03104 -0.01372 -0.06788 0.36628 -0.53692 -0.10260 -0.05724 -0.05836 -0.09180 -0.01640
947.0  0.03084 -0.01348 -0.08856 0.37172 -0.52924 -0.08732 -0.03296 -0.08352 -0.08088 -0.01888
947.5  0.02820 -0.01280 -0.10668 0.36888 -0.52648 -0.07496 -0.01228 -0.09408 -0.07108 -0.02128
948.0  0.02312 -0.01164 -0.12196 0.35820 -0.52876 -0.06732 -0.03332 -0.09016 -0.06416 -0.02376
948.5  0.01592 -0.01004 -0.13420 0.33880 -0.53660 -0.06780 -0.03340 -0.08376 -0.06408 -0.02596
949.0  0.00708 -0.00804 -0.14328 0.30704 -0.55140 -0.07384 -0.01964 -0.06892 -0.07664 -0.02788
949.5  -0.00252 -0.00580 -0.14928 0.25288 -0.57520 -0.07648 -0.01352 -0.05012 -0.09056 -0.02920
950.0  -0.01204 -0.00332 -0.15216 0.15052 -0.60808 -0.07764 -0.01576 -0.04576 -0.09636 -0.03000
950.5  -0.02048 -0.00076 -0.15192 -0.03560 -0.62448 -0.07836 -0.02068 -0.05144 -0.09992 -0.02996
951.0  -0.02704 0.00168 -0.14868 -0.23080 -0.58124 -0.07832 -0.02580 -0.06216 -0.10332 -0.02916
951.5  -0.03108 0.00400 -0.14228 -0.34080 -0.52512 -0.07720 -0.02836 -0.07692 -0.10664 -0.02740
952.0  -0.03232 0.00608 -0.13268 -0.39824 -0.48472 -0.07408 -0.00788 -0.09872 -0.10940 -0.02520
952.5  -0.03064 0.00784 -0.11992 -0.43288 -0.45652 -0.06764 -0.08224 -0.08500 -0.11096 -0.02256
953.0  -0.02636 0.00916 -0.10400 -0.45604 -0.43620 -0.05656 -0.10868 -0.08700 -0.11048 -0.01980
953.5  -0.01984 0.01000 -0.08504 -0.47148 -0.42232 -0.03964 -0.12616 -0.09952 -0.10700 -0.01688
954.0  -0.01164 0.01032 -0.06336 -0.47932 -0.41540 -0.01668 -0.13904 -0.11572 -0.09956 -0.01408
954.5  -0.00244 0.01000 -0.03960 -0.47720 -0.41864 0.01100 -0.14604 -0.13312 -0.08764 -0.01156
955.0  0.00712 0.00892 -0.01432 -0.45744 -0.43916 0.04072 -0.14652 -0.14960 -0.07184 -0.00956
955.5  0.01636 0.00728 0.01152 -0.39908 -0.49008 0.06968 -0.14096 -0.16320 -0.05380 -0.00804
956.0  0.02448 0.00500 0.03704 -0.26848 -0.56832 0.09588 -0.13088 -0.17336 -0.03560 -0.00688
956.5  0.03088 0.00212 0.06128 -0.11460 -0.61320 0.11844 -0.11796 -0.18004 -0.01876 -0.00596
957.0  0.03496 -0.00116 0.08352 -0.02628 -0.61772 0.13700 -0.10344 -0.18420 -0.00356 -0.00456
957.5  0.03628 -0.00468 0.10304 0.01188 -0.61240 0.15100 -0.08832 -0.18624 0.01012 -0.00192
958.0  0.03464 -0.00828 0.11952 0.02572 -0.60696 0.15996 -0.07308 -0.18636 0.02232 0.00280
958.5  0.03012 -0.01164 0.13232 0.02732 -0.60340 0.16284 -0.05828 -0.18500 0.03328 0.00940
959.0  0.02320 -0.01464 0.14156 0.02360 -0.60244 0.15884 -0.04460 -0.18216 0.04356 0.01696
959.5  0.01452 -0.01720 0.14696 0.01644 -0.60408 0.14764 -0.03220 -0.17788 0.05436 0.02372
960.0  0.00508 -0.01924 0.14852 0.00792 -0.60768 0.12980 -0.02216 -0.17192 0.06656 0.02816
960.5  -0.00408 -0.02080 0.14616 -0.00032 -0.61240 0.10684 -0.01500 -0.16400 0.08064 0.02936
961.0  -0.01208 -0.02192 0.13992 -0.00664 -0.61808 0.08084 -0.01172 -0.15340 0.09608 0.02716
961.5  -0.01808 -0.02272 0.13004 -0.00892 -0.62356 0.05400 -0.01320 -0.13892 0.11172 0.02296
962.0  -0.02176 -0.02324 0.11652 -0.00300 -0.62856 0.02888 -0.01976 -0.11924 0.12664 0.01828
962.5  -0.02292 -0.02364 0.10000 0.01940 -0.63256 0.00852 -0.03112 -0.09216 0.13920 0.01448
963.0  -0.02180 -0.02388 0.08076 0.08288 -0.63068 -0.00392 -0.04592 -0.05888 0.14676 0.01180
963.5  -0.01880 -0.02400 0.05928 0.26212 -0.58192 -0.00632 -0.06220 -0.02364 0.14652 0.01036
964.0  -0.01444 -0.02404 0.03648 0.49136 -0.40832 0.00132 -0.07720 0.00764 0.13888 0.00960
964.5  -0.00920 -0.02392 0.01276 0.56568 -0.29500 0.01676 -0.08836 0.03140 0.12664 0.00892
965.0  -0.00364 -0.02364 -0.01112 0.58692 -0.24360 0.03636 -0.09440 0.04788 0.11312 0.00800
965.5  0.00188 -0.02320 -0.03440 0.59464 -0.21244 0.05676 -0.09536 0.05888 0.10024 0.00568
966.0  0.00704 -0.02244 -0.05644 0.59776 -0.18672 0.07588 -0.09224 0.06628 0.08892 -0.00036
966.5  0.01148 -0.02144 -0.07656 0.59928 -0.16040 0.09228 -0.08600 0.07164 0.07692 -0.01792
967.0  0.01484 -0.02020 -0.09432 0.60040 -0.13032 0.10492 -0.07736 0.07588 0.05596 -0.04332
967.5  0.01680 -0.01860 -0.10928 0.60156 -0.09456 0.11348 -0.06712 0.07984 0.04232 -0.04756
968.0  0.01700 -0.01664 -0.12108 0.60212 -0.05232 0.11804 -0.05588 0.08372 0.03760 -0.04388
968.5  0.01524 -0.01440 -0.12952 0.60120 -0.00584 0.11916 -0.04404 0.08800 0.03596 -0.03872
969.0  0.01140 -0.01188 -0.13440 0.59816 0.03976 0.11744 -0.03152 0.09284 0.03528 -0.03336
969.5  0.00572 -0.00912 -0.13560 0.59388 0.07916 0.11340 -0.01876 0.09844 0.03456 -0.02784
970.0  -0.00140 -0.00636 -0.13320 0.59008 0.10900 0.10744 -0.00536 0.10512 0.03308 -0.02176
970.5  -0.00924 -0.00348 -0.12720 0.58800 0.12920 0.09968 0.00852 0.11284 0.03032 -0.01428
971.0  -0.01696 -0.00080 -0.11776 0.58808 0.14128 0.09000 0.02276 0.12156 0.02556 0.00068
971.5  -0.02372 0.00160 -0.10504 0.59000 0.14692 0.07784 0.03716 0.13112 0.00936 -0.01188
972.0  -0.02864 0.00364 -0.08936 0.59324 0.14744 0.06272 0.05144 0.14100 -0.00284 -0.00412
972.5  -0.03120 0.00524 -0.07108 0.59712 0.14332 0.04436 0.06464 0.15084 -0.01536 0.00712
973.0  -0.03100 0.00632 -0.05060 0.60116 0.13448 0.02316 0.07580 0.15960 -0.02936 0.01884
973.5  -0.02804 0.00692 -0.02840 0.60504 0.12048 0.00004 0.08368 0.16672 -0.04524 0.02872
974.0  -0.02256 0.00680 -0.00520 0.60832 0.09988 -0.02296 0.08780 0.17144 -0.06300 0.03520
974.5  -0.01488 0.00612 0.01820 0.61092 0.07116 -0.04360 0.08904 0.17252 -0.08240 0.03780
975.0  -0.00560 0.00484 0.04144 0.61232 0.02972 -0.06024 0.08932 0.16884 -0.10296 0.03716
975.5  0.00472 0.00296 0.06344 0.60972 -0.03684 -0.07264 0.09036 0.15964 -0.12308 0.03432
976.0  0.01536 0.00064 0.08352 0.58552 -0.16640 -0.08136 0.09240 0.14648 -0.14012 0.02992
976.5  0.02568 -0.00212 0.10128 0.45980 -0.39640 -0.08780 0.09340 0.13280 -0.15156 0.02484
977.0  0.03496 -0.00508 0.11608 0.28716 -0.53384 -0.09308 0.08888 0.12444 -0.15644 0.01952
977.5  0.04244 -0.00820 0.12760 0.19324 -0.57432 -0.09812 0.07504 0.12428 -0.15576 0.01420
978.0  0.04748 -0.01120 0.13572 0.14004 -0.59028 -0.10332 0.05708 0.12532 -0.15148 0.00900
978.5  0.04960 -0.01396 0.14028 0.10464 -0.59936 -0.10812 0.04368 0.12156 -0.14536 0.00440
979.0  0.04852 -0.01624 0.14124 0.07920 -0.60608 -0.11168 0.03280 0.11460 -0.13888 0.00096
979.5  0.04420 -0.01804 0.13860 0.06108 -0.61184 -0.11248 0.02156 0.10652 -0.13304 -0.00080
980.0  0.03708 -0.01924 0.13248 0.05016 -0.61736 -0.10876 0.01120 0.09876 -0.12864 -0.00100
980.5  0.02780 -0.01992 0.12292 0.04876 -0.62256 -0.10004 0.00816 0.09192 -0.12624 -0.00012
981.0  0.01740 -0.02016 0.11008 0.06232 -0.62656 -0.08780 0.01824 0.08340 -0.12628 0.00124
981.5  0.00688 -0.01996 0.09416 0.10256 -0.62628 -0.07480 0.03024 0.06908 -0.12884 0.00236
982.0  -0.00268 -0.01940 0.07540 0.18992 -0.61004 -0.06284 0.03396 0.05044 -0.13324 0.00320
982.5  -0.01044 -0.01852 0.05420 0.32600 -0.55332 -0.05244 0.03244 0.02852 -0.13716 0.00376
983.0  -0.01584 -0.01736 0.03120 0.44000 -0.47064 -0.04324 0.02860 0.00500 -0.13900 0.00416
983.5  -0.01864 -0.01580 0.00696 0.49660 -0.41148 -0.03436 0.02400 -0.01776 -0.13832 0.00476
984.0  -0.01888 -0.01392 -0.01764 0.52000 -0.38008 -0.02504 0.02020 -0.03892 -0.13572 0.00564
984.5  -0.01688 -0.01164 -0.04184 0.52760 -0.36508 -0.01512 0.01812 -0.05820 -0.13148 0.00696
985.0  -0.01300 -0.00904 -0.06488 0.52660 -0.35952 -0.00496 0.01764 -0.07592 -0.12680 0.00820
985.5  -0.00780 -0.00620 -0.08604 0.52028 -0.35976 0.00472 0.01788 -0.09248 -0.12132 0.00964
986.0  -0.00176 -0.00312 -0.10476 0.51004 -0.36388 0.01332 0.01796 -0.10824 -0.11508 0.01088
986.5  0.00468 -0.00004 -0.12060 0.49692 -0.37124 0.02056 0.01668 -0.12344 -0.10848 0.01204
987.0  0.01096 0.00296 -0.13332 0.48104 -0.38184 0.02624 0.01272 -0.13836 -0.10124 0.01288
987.5  0.01668 0.00564 -0.14276 0.46112 -0.39720 0.03028 0.00468 -0.15288 -0.09292 0.01372
988.0  0.02124 0.00788 -0.14880 0.42496 -0.42912 0.03272 -0.01008 -0.16624 -0.08320 0.01432
988.5  0.02420 0.00972 -0.15148 -0.25136 -0.54500 0.03368 -0.03588 -0.17628 -0.07188 0.01508
989.0  0.02512 0.01120 -0.15088 -0.38284 -0.45884 0.03316 -0.07684 -0.17688 -0.05872 0.01644
989.5  0.02372 0.01236 -0.14704 -0.40680 -0.43568 0.03116 -0.12624 -0.16220 -0.04304 0.01820
990.0  0.01992 0.01336 -0.14016 -0.42268 -0.41952 0.02744 -0.16676 -0.13976 -0.02380 0.01996
990.5  0.01404 0.01420 -0.13044 -0.43624 -0.40588 0.02148 -0.19500 -0.11880 0.00088 0.02128
991.0  0.00660 0.01508 -0.11804 -0.44824 -0.39396 0.01028 -0.21544 -0.09596 0.03428 0.02164
991.5  -0.00152 0.01600 -0.10324 -0.45888 -0.38348 -0.08956 -0.21232 -0.05660 0.07328 0.02024
992.0  -0.00944 0.01696 -0.08644 -0.46780 -0.37468 -0.23896 -0.02956 -0.00152 0.09400 0.01660
992.5  -0.01612 0.01788 -0.06792 -0.47416 -0.36872 -0.24488 -0.02252 0.04976 0.09700 0.01036
993.0  -0.02084 0.01880 -0.04828 -0.47580 -0.36744 -0.24176 0.07496 0.07216 0.09332 0.00140
993.5  -0.02296 0.01956 -0.02788 -0.46812 -0.37728 -0.22788 0.14892 0.04516 0.08648 -0.00980
994.0  -0.02224 0.02012 -0.00724 -0.43164 -0.41756 -0.20260 0.19956 0.04512 0.07688 -0.02316
994.5  -0.01884 0.02048 0.01308 -0.26792 -0.53608 -0.16832 0.24176 0.04696 0.06472 -0.03760
995.0  -0.01308 0.02040 0.03252 0.00192 -0.59788 -0.12864 0.27420 0.04692 0.05032 -0.05172
995.5  -0.00552 0.01988 0.05040 0.09016 -0.58960 -0.08652 0.29684 0.04480 0.03408 -0.06308
996.0  0.00316 0.01888 0.06632 0.11224 -0.58432 -0.04352 0.31056 0.04148 0.01836 -0.06984
996.5  0.01224 0.01732 0.07956 0.11484 -0.58316 -0.00064 0.31616 0.03736 0.00620 -0.07200
997.0  0.02100 0.01524 0.08992 0.11052 -0.58376 0.04112 0.31444 0.03364 -0.00096 -0.07140
997.5  0.02880 0.01268 0.09688 0.10400 -0.58560 0.08116 0.30560 0.03068 -0.00312 -0.06960
998.0  0.03496 0.00964 0.10024 0.09784 -0.58836 0.11852 0.29012 0.02860 0.00036 -0.06712
998.5  0.03904 0.00632 0.09980 0.09384 -0.59200 0.15236 0.26752 0.02752 0.01000 -0.06360
999.0  0.04056 0.00296 0.09556 0.09388 -0.59668 0.18140 0.23824 0.02748 0.02288 -0.05704
999.5  0.03928 -0.00040 0.08772 0.09960 -0.60188 0.20452 0.20212 0.02844 0.03412 -0.04740
1000.0  0.03516 -0.00352 0.07656 0.11332 -0.60680 0.22004 0.15996 0.03068 0.04168 -0.03396
