0.0  0.00000000 0.00000000 0.00000000 0.00000000 0.00000000 0.00000000 0.00000000 0.00000000 0.00000000 0.00000000
0.5  -0.83672725 0.01037714 -0.00048154 0.00173622 -0.00039716 -0.00309479 -0.00181009 0.00079854 -0.00106134 0.00058467
1.0  -0.92342689 0.00061171 0.00023081 0.00111550 -0.00028600 -0.00354663 -0.00203452 0.00056092 -0.00091270 -0.00056007
1.5  -0.21956832 -0.00334901 -0.00010695 -0.00072752 -0.00008338 -0.00147925 -0.00128550 0.00063724 -0.00063282 -0.00412391
2.0  0.65996847 0.01332321 -0.00013587 -0.00340051 0.00148767 0.00154187 0.00055126 0.00064576 -0.00059805 -0.00447994
2.5  0.99541548 0.03825763 0.00019237 -0.00105479 0.00106089 0.00347764 0.00131548 0.00054940 -0.00089818 -0.00277673
3.0  0.51935109 0.04403212 -0.00030764 0.00277199 -0.00098263 0.00261347 0.00059316 -0.00055430 -0.00159116 0.00370984
3.5  -0.38642295 0.01565395 0.00020655 0.00185892 -0.00288524 -0.00010314 -0.00034919 0.00018940 -0.00203402 0.00762166
4.0  -0.97438376 -0.03281498 0.00068428 0.00035546 -0.00072444 -0.00209752 -0.00016382 0.00028409 -0.00088526 0.00770285
4.5  -0.72777850 -0.06662749 0.00015263 0.00037068 0.00243079 -0.00178859 0.00009313 0.00094085 -0.00076723 0.00582345
5.0  0.16930971 -0.05830247 0.00008387 -0.00176422 0.00257546 0.00075601 0.00094041 0.00518527 0.00154464 0.00312767
5.5  0.92185823 -0.01093749 -0.00032580 -0.00289685 0.00025395 0.00265502 0.00150513 0.00593777 -0.00073300 0.00200745
6.0  0.80038057 0.04398606 -0.00096679 -0.00232981 -0.00271204 0.00232805 0.00123012 0.00438739 -0.00137655 0.00126694
6.5  -0.12176740 0.07115148 0.00018780 0.00015406 -0.00437189 0.00023230 -0.00025322 0.00174441 0.00164646 0.00133056
7.0  -0.92863216 0.05491943 0.00026809 0.00276097 -0.00340255 -0.00207920 -0.00207223 -0.00093098 -0.00139263 -0.00018957
7.5  -0.74987798 0.00437402 -0.00050708 0.00251735 0.00100167 -0.00342745 -0.00317855 -0.00371273 0.00198428 -0.00330655
8.0  0.25211353 -0.05463876 0.00015936 -0.00131159 0.00356560 -0.00301072 -0.00290298 -0.00518498 -0.00163994 -0.00589615
8.5  0.97641183 -0.08731402 0.00059417 -0.00399949 0.00228000 -0.00095112 -0.00099179 -0.00420655 0.00095321 -0.00630506
9.0  0.60284205 -0.06313181 -0.00004602 -0.00193665 -0.00185544 0.00192334 0.00167824 -0.00134452 -0.00028735 -0.00426554
9.5  -0.44634687 0.01674153 -0.00012053 0.00152454 -0.00279280 0.00356489 0.00508461 0.00199331 -0.00081616 -0.00206083
10.0  -0.99275597 0.10238150 -0.00068192 0.00313330 -0.00026385 0.00301650 0.00584722 0.00357083 0.00163891 -0.00196787
10.5  -0.45698114 0.12425286 -0.00061080 0.00039535 0.00266038 0.00096714 0.00371371 0.00392341 -0.00176137 -0.00336909
11.0  0.55185151 0.05408393 0.00055220 -0.00332875 0.00228789 -0.00106426 -0.00032492 0.00287057 0.00204276 -0.00240587
11.5  0.98620663 -0.06430933 0.00096617 -0.00299818 -0.00193432 -0.00041046 -0.00506028 0.00140498 -0.00091322 -0.00034509
12.0  0.44447365 -0.14809323 0.00123584 0.00150859 -0.00506439 0.00067696 -0.00807753 0.00083096 -0.00107710 0.00072917
12.5  -0.52141179 -0.13825130 -0.00076143 0.00370575 0.00151900 0.00356572 -0.00367349 -0.00248855 0.00195545 0.00195853
13.0  -0.98733879 -0.04065382 -0.00104226 -0.00319580 0.00349573 0.00332199 0.00168558 -0.00223641 -0.00075138 0.00318104
13.5  -0.50842754 0.07990087 0.00107332 -0.00433089 -0.00283763 0.00095857 0.00466112 0.00166302 0.00268602 0.00486188
14.0  0.46599938 0.14573599 -0.00042067 0.00349070 -0.00430320 -0.00151865 0.00364097 0.00560709 -0.00088882 0.00729001
14.5  0.98885322 0.12018441 -0.00063624 0.00790562 0.00026009 -0.00272189 0.00036382 0.00738619 -0.00192704 0.00719795
15.0  0.53002726 0.02822115 0.00087787 0.00208395 0.00424153 -0.00169530 -0.00275051 0.00688342 0.00108448 0.00503398
15.5  -0.46538636 -0.06893065 -0.00065631 -0.00464850 0.00280563 0.00051384 -0.00442480 0.00460580 -0.00252726 0.00175445
16.0  -0.99231478 -0.11766108 -0.00004264 -0.00591239 -0.00223014 0.00280435 -0.00373224 0.00053294 0.00285496 -0.00090548
16.5  -0.50014261 -0.09819130 0.00111375 -0.00036352 -0.00463069 0.00393035 -0.00130356 -0.00346690 -0.00005073 -0.00279067
17.0  0.51634893 -0.02544070 -0.00096874 0.00596400 -0.00182940 0.00269052 0.00188878 -0.00614914 0.00145910 -0.00603302
17.5  0.99191636 0.06078899 0.00038650 0.00465388 0.00273309 -0.00025538 0.00456192 -0.00708078 -0.00095671 -0.00810682
18.0  0.40777391 0.11027275 0.00134408 -0.00255116 0.00396730 -0.00295916 0.00565048 -0.00648030 -0.00233367 -0.00848828
18.5  -0.61871501 0.08796060 -0.00079570 -0.00598714 0.00080796 -0.00395059 0.00430768 -0.00346710 0.00132112 -0.00891959
19.0  -0.97388483 0.00398146 -0.00077750 -0.00276907 -0.00284815 -0.00290460 0.00073663 0.00124576 -0.00092049 -0.00856804
19.5  -0.27007743 -0.08284675 0.00130425 0.00342013 -0.00410697 -0.00150848 -0.00367794 0.00576885 0.00285614 -0.00824161
20.0  0.72307475 -0.10761598 -0.00052007 0.00682133 0.00167611 -0.00066655 -0.00632271 0.00825962 0.00000539 -0.00647593
20.5  0.94333602 -0.05544546 0.00013851 0.00195804 0.00507071 0.00008072 -0.00565916 0.00815124 0.00080141 -0.00290614
21.0  0.18538794 0.02717077 0.00161842 -0.00562597 0.00195073 0.00147854 -0.00199293 0.00324018 0.00253836 0.00231175
21.5  -0.75156980 0.07846562 -0.00148903 -0.00588081 -0.00525600 0.00195757 -0.00368502 -0.00486980 -0.00268040 0.00698295
22.0  -0.94956063 0.07353052 -0.00096273 0.00209245 -0.00499784 0.00068377 -0.00850286 -0.00822187 0.00274452 0.01038660
22.5  -0.24728486 0.03334559 0.00104924 0.00506649 0.00458807 -0.00244222 -0.00840030 -0.01045301 0.00058414 0.01149676
23.0  0.68368324 -0.00566061 -0.00093260 -0.00447682 0.00773873 -0.00345925 -0.00103394 -0.00952471 -0.00055224 0.01191306
23.5  0.98098826 -0.02563793 0.00009750 -0.00794255 -0.00045598 0.00287275 0.00440212 -0.00596071 0.00351435 0.00911378
24.0  0.36026242 -0.03382585 0.00165577 -0.00093384 -0.00758671 0.00826026 0.00535515 -0.00156606 -0.00332199 0.00789271
24.5  -0.60689955 -0.04309473 -0.00119475 0.00743666 -0.00559325 0.00713048 0.00410892 0.00352823 0.00381404 0.00465756
25.0  -0.99189401 -0.04770402 0.00037977 0.00734840 0.00282578 0.00024080 0.00086852 0.00853462 -0.00247650 0.00365670
25.5  -0.40405016 -0.02600193 0.00149249 -0.00165172 0.00794109 -0.00741066 -0.00270890 0.01216321 0.00202422 0.00138880
26.0  0.58795085 0.02835220 -0.00166398 -0.00708037 0.00451731 -0.00970543 -0.00446957 0.01189160 0.00022357 0.00037441
26.5  0.98912466 0.08285141 -0.00049516 -0.00392270 -0.00369154 -0.00429262 -0.00353385 0.00745635 -0.00215620 -0.00274660
27.0  0.37714497 0.08546358 0.00120753 0.00355479 -0.00746959 0.00445938 -0.00070685 0.00022202 0.00199451 -0.00892412
27.5  -0.63020429 0.01759639 -0.00084956 0.00692862 -0.00407505 0.00955200 0.00267657 -0.00671402 -0.00216272 -0.01108095
28.0  -0.97411079 -0.07434564 -0.00080904 0.00193888 0.00320904 0.00738687 0.00454476 -0.01080275 0.00361676 -0.01136403
28.5  -0.27848704 -0.11235719 0.00225553 -0.00539568 0.00707364 -0.00009127 0.00375988 -0.01137873 -0.00252933 -0.00869468
29.0  0.71485244 -0.05998133 -0.00077004 -0.00668746 0.00416841 -0.00671053 0.00174032 -0.00838559 0.00288666 -0.00552000
29.5  0.94425321 0.04065280 -0.00132961 -0.00048304 -0.00289403 -0.00864506 -0.00156621 -0.00307438 -0.00120834 -0.00493172
30.0  0.18218187 0.10936884 0.00225953 0.00726887 -0.00643232 -0.00549597 -0.00396111 0.00351869 0.00236906 -0.00525907
30.5  -0.75913622 0.09840672 -0.00046670 0.00721669 -0.00161603 -0.00070225 -0.00236652 0.00971274 0.00041995 -0.00486995
31.0  -0.93880722 0.02245715 -0.00227184 -0.00076065 0.00430816 -0.00204417 -0.00293100 0.00945871 -0.00379884 -0.00066361
31.5  -0.22854187 -0.06650898 0.00489831 -0.00878943 0.00518951 -0.00228098 0.00110758 0.01367649 0.00237539 0.00632118
32.0  0.67410695 -0.11974797 -0.00501626 -0.00549296 -0.00176829 -0.00024286 0.00427387 0.01337839 -0.00319770 0.00868187
32.5  0.98295547 -0.11265629 -0.00014694 0.00596939 -0.00447869 0.00358430 -0.00282977 -0.00843748 -0.00673430 0.00794088
33.0  0.48097726 -0.04701135 0.00574767 0.00945387 0.00247113 0.00547445 0.00288829 -0.00083345 -0.00781632 0.00693093
33.5  -0.39612629 0.05125065 -0.00548724 -0.00029082 0.00285840 0.00335174 0.00230499 0.00947059 -0.00611960 0.00667725
34.0  -0.95700412 0.13858057 0.00141210 -0.00898734 -0.00309545 -0.00252048 -0.00427016 -0.01384734 -0.00258000 0.00628005
34.5  -0.77782074 0.16794396 0.00407081 -0.00493247 -0.00512234 -0.00603180 0.00254924 0.01048001 0.00076644 0.00354244
35.0  -0.00530799 0.11343899 -0.00616162 0.00430839 0.00078277 -0.00411286 -0.00099728 -0.00401024 0.00351915 0.00395384
35.5  0.76594178 -0.00772665 0.00313867 0.00829254 0.00672878 0.00199246 -0.00382609 -0.00572682 0.00560413 0.00066750
36.0  0.95472931 -0.13803592 -0.00012840 -0.00045838 0.00387026 0.00611181 0.00458139 0.01211024 0.00733281 -0.00328195
36.5  0.42521214 -0.20839964 -0.00096280 -0.00832544 -0.00546116 0.00340853 -0.00247094 -0.01342710 0.00785744 -0.00689113
37.0  -0.42694611 -0.17559863 0.00109232 -0.00411714 -0.00576661 -0.00211883 -0.00127728 0.00879152 0.00641941 -0.00811397
37.5  -0.95588005 -0.04901621 -0.00237637 0.00713547 -0.00163976 -0.00491128 0.00524640 0.00074806 0.00240424 -0.00802605
38.0  -0.72667387 0.10807297 0.00297478 0.00902864 0.00475725 -0.00269336 -0.00349667 -0.00871254 -0.00348708 -0.00985306
38.5  0.11458800 0.20651854 -0.00017746 -0.00172673 0.00533747 0.00192720 0.00177701 0.01312560 -0.00854372 -0.00977766
39.0  0.87077564 0.18361423 -0.00297804 -0.00957303 0.00033565 0.00350316 0.00222318 -0.01269563 -0.01050101 -0.00749431
39.5  0.84209095 0.05041375 0.00384616 -0.00550029 -0.00494842 0.00384615 -0.00626355 0.00609892 -0.00853909 -0.00518448
40.0  0.01177374 -0.10886800 -0.00020687 0.00525217 -0.00506050 0.00175626 0.00290162 0.00186613 -0.00379060 -0.00324401
40.5  -0.83956594 -0.19222485 -0.00322852 0.01019818 0.00072918 -0.00206794 -0.00037804 -0.00935483 0.00060478 -0.00212136
41.0  -0.85785190 -0.15041232 0.00271798 0.00358115 0.00541131 -0.00607062 -0.00194039 0.01389529 0.00434474 -0.00160356
41.5  -0.00857537 -0.01586721 -0.00044770 -0.00746392 0.00346864 -0.00259244 -0.00797746 -0.01370700 0.00630276 0.00129416
42.0  0.85056979 0.12458217 -0.00272583 -0.01021159 -0.00165922 0.00290357 -0.00683352 0.00770565 0.00758460 0.00261230
42.5  0.84726630 0.18621988 0.00384559 -0.00109447 -0.00217029 0.00723593 -0.00130868 -0.00206672 0.00665561 0.00577998
43.0  -0.01238484 0.13229587 -0.00027178 -0.00943765 0.00159551 0.00745910 0.00593758 -0.01169497 0.00126926 0.00913507
43.5  -0.85916345 -0.00666978 -0.00373134 0.00901478 0.00208449 0.00288937 -0.00261174 0.01535438 -0.00754787 0.01091714
44.0  -0.83434793 -0.14637143 0.00349569 0.00165876 0.00068245 -0.00513209 0.00235159 0.00569300 -0.01448954 0.01042117
44.5  0.04366385 -0.19481351 -0.00009339 -0.00913993 -0.00152995 -0.01052694 0.00191886 -0.00472539 -0.01057253 0.00528168
45.0  0.87737461 -0.11527881 -0.00333842 0.00747135 -0.00201959 -0.01015200 -0.00714704 -0.00985542 -0.00392766 0.00254785
45.5  0.80984291 0.03925869 0.00344761 0.00292918 -0.00024678 -0.00173805 0.00650998 -0.00966631 0.00132847 -0.00096439
46.0  -0.07536382 0.16282493 -0.00072634 -0.01360645 0.00209691 0.00851625 -0.00476789 -0.00403729 0.00598873 -0.00342601
46.5  -0.87897870 0.17910421 -0.00262850 0.00572171 0.00163196 0.01243412 -0.00026450 -0.00017465 0.01067002 -0.00456805
47.0  -0.84071859 0.09345698 0.00473646 0.00982593 -0.00045810 0.00578900 -0.00029769 0.00823735 0.01459625 -0.00577842
47.5  -0.03081659 -0.02840357 -0.00164057 -0.01001337 -0.00204772 -0.00430387 -0.00236819 -0.01034921 0.01590641 -0.00468444
48.0  0.80472687 -0.11621755 -0.00269209 -0.00070357 0.00026472 -0.01080199 -0.00015799 0.00919081 0.01011169 -0.00304664
48.5  0.92643083 -0.13560052 0.00364876 0.01113745 0.00329745 -0.00893892 0.00267355 -0.00276817 0.00086802 -0.00206596
49.0  0.21958203 -0.09497085 -0.00288520 -0.01115159 -0.00016177 -0.00023900 -0.00064869 -0.00669836 -0.00962912 -0.00210922
49.5  -0.69310902 -0.02548789 -0.00090980 -0.00508670 -0.00338741 0.00882405 0.00807427 0.00649162 -0.01678977 -0.00004117
50.0  -0.97269085 0.04308499 0.00422619 0.01444566 -0.00238260 0.01086833 -0.00984888 0.00407059 -0.01610896 0.00263031
50.5  -0.34078956 0.09156023 -0.00293631 -0.00512144 -0.00067089 0.00703689 0.00051461 0.00202711 -0.00933973 0.00509861
51.0  0.61629061 0.10493435 -0.00038576 -0.01078904 0.00346793 -0.00064119 0.00747339 -0.00550885 -0.00112712 0.00696189
51.5  0.98634951 0.07075603 0.00427004 0.01387603 0.00332667 0.00706066 -0.01259175 -0.01256417 0.00302100 0.00735418
52.0  0.41739826 -0.00652824 -0.00303768 0.00054773 -0.00172715 -0.00763038 0.02056972 -0.00585733 0.00469822 0.00773222
52.5  -0.54485627 -0.09107310 -0.00063395 -0.01042463 -0.00581152 0.00479604 -0.00358585 -0.01024176 0.00891667 0.00688398
53.0  -0.99076127 -0.12979677 0.00297569 0.00827650 -0.00355589 -0.00270352 -0.00917700 -0.00062089 0.00734871 0.00474193
53.5  -0.50086224 -0.08917643 -0.00372006 0.00379810 0.00135751 0.00165261 0.01932991 0.00985560 0.00188164 0.00285174
54.0  0.46875380 0.01188306 0.00025129 -0.01254168 0.00479638 0.00182358 -0.01671019 0.01433416 -0.00312081 0.00186113
54.5  0.98923141 0.10809383 0.00352633 0.00416886 0.00389323 -0.00524776 0.00525308 0.01270154 -0.00671900 0.00106526
55.0  0.52762519 0.13398810 -0.00353202 0.01071023 -0.00121196 0.00561441 0.00728970 0.00652330 -0.00622950 0.00040076
55.5  -0.47596793 0.07296620 0.00042036 -0.01129949 -0.00743196 -0.00236073 -0.01551397 -0.00129169 -0.00539443 -0.00094945
56.0  -0.99087722 -0.03043917 0.00365466 -0.00000510 -0.00529583 -0.00136463 0.01815736 -0.00971665 -0.00550515 -0.00271317
56.5  -0.48189388 -0.11044581 -0.00313523 0.01120211 0.00032581 0.00454362 -0.01274357 -0.01464988 -0.00469611 -0.00375618
57.0  0.51234405 -0.12867811 0.00030959 -0.00982986 0.00559051 -0.00473927 0.00029892 -0.01390800 -0.00213460 -0.00414227
57.5  0.99036737 -0.08344610 0.00149969 -0.00385916 0.00536730 0.00106173 0.01236309 -0.00570561 0.00119429 -0.00385866
58.0  0.50989222 0.00517765 -0.00351321 0.01276155 -0.00184876 0.00292085 -0.01756516 -0.00777895 0.00387217 -0.00393455
58.5  -0.45243848 0.10444625 0.00138306 -0.00696092 -0.00611134 -0.00569700 0.02007612 0.00715680 0.00471622 -0.00139534
59.0  -0.98291186 0.16688114 0.00243825 -0.00792272 -0.00407658 0.00437324 -0.01184320 0.00964285 0.00462525 -0.00019807
59.5  -0.55833123 0.14190641 -0.00345799 0.01265558 0.00158425 0.00003992 -0.00232071 0.00942215 0.00306516 -0.00045318
60.0  0.42988960 0.01647711 0.00113069 -0.00133355 0.00469935 -0.00993194 0.01290447 0.00520345 0.00196006 0.00287241
60.5  0.97639331 -0.14505523 0.00265907 -0.00997817 0.00330432 0.01608962 -0.01527793 -0.00365370 -0.00078935 0.00398905
61.0  0.47535823 -0.22149830 -0.00327658 0.01025105 -0.00409859 -0.01261806 0.01290103 -0.00745501 -0.00219201 0.00441911
61.5  -0.55134885 -0.13343504 0.00057098 0.00329292 -0.00534709 0.00251007 -0.00428966 -0.00532012 -0.00516121 0.00313763
62.0  -0.96034834 0.06621186 0.00257956 -0.01314537 -0.00077632 0.01011270 -0.00298708 -0.00195775 -0.00484203 0.00210719
62.5  -0.28380447 0.22047453 -0.00354472 0.00766759 0.00366221 -0.01813468 0.01019372 -0.00147241 -0.00197852 0.00127145
63.0  0.71232437 0.20485044 0.00022042 0.00626926 0.00315282 0.01036143 -0.01464311 -0.00062567 0.00234014 0.00182559
63.5  0.90685152 0.03575802 0.00403905 -0.01323546 0.00025424 0.00255119 0.00995785 0.00043469 0.00572365 0.00381671
64.0  0.08925633 -0.15302785 -0.00311835 0.00569755 -0.00028402 -0.00578558 0.00316567 0.00287890 0.01018867 0.00270924
64.5  -0.82792819 -0.22546289 -0.00120930 0.00830903 -0.00354977 0.00627905 -0.01417798 0.00307111 0.01103726 0.00285245
65.0  -0.82973535 -0.13967175 0.00385591 -0.01306331 -0.00324185 -0.00399274 0.01788464 0.00211423 0.00828692 0.00223546
65.5  0.08455936 0.03701882 -0.00257690 0.00256926 0.00030597 -0.00447423 -0.01652446 0.00265417 0.00485068 0.00335160
66.0  0.90393758 0.18492964 -0.00192874 0.01089014 0.00299256 0.00671553 0.00483602 0.00052271 0.00051387 0.00192141
66.5  0.74640803 0.21219671 0.00453679 -0.01145711 0.00197994 -0.00362549 0.01058048 -0.00150202 -0.00319949 0.00205810
67.0  -0.18263545 0.10837165 -0.00248675 -0.00391201 -0.00148438 0.00278524 -0.01645041 -0.00273174 -0.00637456 0.00285132
67.5  -0.91361881 0.05878090 -0.00064658 0.01405522 -0.00318901 0.00248137 0.01771467 -0.00239611 -0.00959999 0.00095979
68.0  -0.78139769 -0.18232772 0.00389799 -0.00569243 -0.00189950 -0.00699621 -0.01165973 0.00100838 -0.00910967 -0.00034393
68.5  0.03890392 0.22321481 -0.00356845 -0.00616054 0.00328275 0.00529002 -0.00749205 0.00227183 -0.00577015 -0.00325794
69.0  0.81502273 -0.16395333 -0.00110471 0.01214009 0.00421607 -0.00455109 0.01822123 0.00021456 -0.00286347 -0.00480628
69.5  0.90709943 0.02270033 0.00442145 -0.00034228 -0.00198333 0.00319757 -0.01555562 -0.00330467 0.00432566 -0.00758483
70.0  0.22840825 0.11485413 -0.00528521 -0.01375011 -0.00376323 -0.00245743 0.01117682 -0.00681729 0.00607764 -0.00555698
70.5  -0.66024596 -0.20822822 0.00173702 0.00738725 -0.00088619 -0.01208014 -0.00018285 -0.00696856 0.00569700 -0.00402445
71.0  -0.95894518 0.21421400 0.00395715 0.00801606 0.00235976 0.02107709 -0.00519595 -0.00479824 0.00555215 -0.00229097
71.5  -0.37117835 -0.09371291 -0.00590475 -0.01083403 0.00311534 -0.01464039 0.00705068 0.00201612 0.00224326 0.00122579
72.0  0.57484220 -0.06819311 0.00219900 -0.00359329 0.00006675 0.00440819 -0.00347149 0.00835291 0.00353576 0.00413778
72.5  0.97206835 0.18566311 0.00469077 0.01146229 -0.00180242 0.01057514 -0.00046039 0.00941480 0.00257096 0.00672684
73.0  0.42859703 -0.22248536 -0.00664059 -0.00376758 -0.00064502 -0.02164360 -0.00570365 0.00645098 -0.00057929 0.00768734
73.5  -0.52047316 0.12717667 0.00378748 -0.00488982 -0.00028804 0.01450640 0.00726505 -0.00055757 -0.00334326 0.00719223
74.0  -0.97364575 0.04590479 0.00403793 0.00844784 -0.00058152 -0.00072249 -0.00447759 -0.00497898 -0.00634980 0.00662388
74.5  -0.49915357 -0.17688048 -0.00691048 -0.00286790 -0.00050983 -0.00993119 -0.00057347 -0.00763127 -0.00698351 0.00372034
75.0  0.46190797 0.21887394 0.00344311 -0.00858439 -0.00013859 0.01928926 0.00543930 -0.00775426 -0.00584181 0.00134882
75.5  0.97285447 -0.13443200 0.00425689 0.00847854 0.00091932 -0.01818120 -0.00405417 -0.00429675 -0.00347160 -0.00164367
76.0  0.51067496 -0.05066487 -0.00638916 0.00220132 0.00138852 0.00707112 0.00471871 -0.00106785 -0.00040362 -0.00442706
76.5  -0.47817877 0.19694933 0.00234048 -0.00888533 -0.00005274 0.00480632 -0.00586974 -0.00213849 -0.00701881 -0.00627916
77.0  -0.97481773 -0.20775625 0.00407904 0.00601599 -0.00169247 -0.01575211 0.00753225 0.00264098 0.01180542 -0.00759440
77.5  -0.46872725 0.08428245 -0.00616249 0.00342785 -0.00231754 0.02082542 -0.00879801 0.00124112 -0.01242573 -0.00589484
78.0  0.49720413 0.09821804 0.00174510 -0.01040824 0.00183580 -0.01263430 0.00184656 -0.00001543 0.00885026 -0.00562126
78.5  0.97389043 -0.21456474 0.00139518 0.00368569 0.00412303 -0.00225764 0.00459730 -0.00002124 -0.00259453 -0.00550370
79.0  0.54827295 0.19648526 -0.00610313 0.00769349 0.00199496 0.01488325 -0.00622326 0.00076914 -0.00397639 -0.00263403
79.5  -0.36587319 -0.06032647 0.00328120 -0.00573646 -0.00330428 -0.01966985 0.00957438 0.00302682 0.00958819 -0.00209571
80.0  -0.95374285 -0.11502787 0.00272117 0.00034823 -0.00344352 0.01154023 -0.00452285 -0.00298555 -0.01331848 -0.00043815
80.5  -0.68795321 0.21427739 -0.00556592 0.00437792 0.00084277 0.00367668 -0.00608207 -0.00135049 0.00870151 0.00072417
81.0  0.21403785 -0.18808959 0.00362149 -0.00564370 0.00033367 -0.02074098 -0.01081946 -0.00167703 -0.00483456 -0.00031020
81.5  0.91967685 0.04547794 0.00231696 -0.00355760 0.00101319 0.01938515 0.00904457 -0.00161723 -0.00151703 0.00102117
82.0  0.75311418 0.13985654 -0.00565290 0.00780269 0.00022250 -0.00380738 -0.00115649 -0.00053480 0.00925784 0.00032712
82.5  -0.12917226 -0.22266285 0.00293026 0.00096841 -0.00042237 -0.00924646 -0.00691353 -0.00100330 -0.01056248 0.00411085
83.0  -0.88893695 0.16507830 0.00208136 -0.00709766 0.00049717 0.02089045 0.01194702 -0.00021449 0.01112509 0.00455773
83.5  -0.81899679 -0.02798163 -0.00620081 0.00496122 0.00089004 -0.01745351 -0.01011847 -0.00011294 -0.00978439 0.00645722
84.0  -0.01817571 -0.14025532 0.00310975 0.00330617 -0.00060289 -0.00442854 0.00047995 0.00046532 0.00247860 0.00648186
84.5  0.78544183 0.22749166 0.00281228 -0.00970452 -0.00228957 0.01766928 0.00782104 0.00088774 0.00230369 0.00666098
85.0  0.92665103 -0.18003715 -0.00386315 0.00438683 -0.00146629 -0.01706697 -0.01142748 0.00044954 -0.00550621 0.00667532
85.5  0.29729803 0.06612995 0.00459436 0.00791186 0.00085733 0.01059815 0.01134609 0.00059909 0.01060574 0.00613941
86.0  -0.57437111 0.08980674 -0.00145882 -0.01112962 0.00322011 0.01187813 -0.00210090 0.00052645 -0.00895163 0.00337056
86.5  -0.97241838 -0.21214051 -0.00321277 0.00070890 0.00169624 -0.02382664 -0.00663541 -0.00099815 0.00554526 0.00019385
87.0  -0.57592847 0.20846207 0.00509944 0.01078854 -0.00086907 0.01611183 0.00667420 -0.00451226 -0.00365205 -0.00308965
87.5  0.29130491 -0.11506991 -0.00311643 -0.00685283 -0.00234624 -0.00551847 -0.00278491 0.01313536 -0.00399799 -0.00621417
88.0  0.91621833 -0.03109648 -0.00395423 -0.00330519 -0.00232833 -0.01006148 0.00531360 -0.01187631 0.00806148 -0.00782435
88.5  0.82556832 0.17390654 0.00705745 0.00830959 0.00188696 0.01900473 -0.01280945 0.01589980 -0.00384938 -0.00889187
89.0  0.11627797 -0.22273842 -0.00592556 -0.00791063 0.00329938 -0.01289354 0.00861380 -0.00670826 0.00827741 -0.00847647
89.5  -0.68314740 0.17220438 -0.00041817 -0.00415815 -0.00481322 0.00140783 -0.00402008 0.01073849 -0.00488003 -0.00529218
90.0  -0.96729346 -0.04167944 0.00717727 0.00549060 -0.00923136 0.01260353 -0.00000933 0.01753600 0.00188177 -0.00007625
90.5  -0.47668477 -0.12044117 -0.00549441 0.00418344 -0.00326145 -0.02271391 -0.00374621 0.01471743 -0.00076456 0.00333904
91.0  0.44118887 0.21829061 -0.00133853 -0.00800678 0.00569120 0.01212653 0.00627021 0.00802605 -0.00375885 -0.00328037
91.5  0.97104141 -0.18591513 0.00664451 0.00171171 0.00892873 0.00187239 0.00224075 -0.00033460 0.00673263 0.00425406
92.0  0.54063356 0.02613828 -0.00585811 0.00523251 0.00260051 -0.00932249 -0.01097464 -0.00856570 -0.00461061 -0.00909015
92.5  -0.46494350 0.15279482 -0.00199386 -0.00625737 -0.00831829 0.01747923 0.01398585 -0.01377404 0.00743870 0.00881183
93.0  -0.97450987 -0.21959187 0.00745597 0.00090382 -0.00945419 -0.00998488 -0.00860538 -0.01633146 -0.00856361 -0.00779811
93.5  -0.41415979 0.13989825 -0.00483005 0.00439061 -0.00182775 -0.00919681 -0.00430694 -0.01657052 0.00467968 0.00932643
94.0  0.59443580 0.03741941 -0.00200741 -0.00530447 0.00812587 0.01260518 0.01298117 -0.01134131 -0.00509656 -0.00669990
94.5  0.95906619 -0.19426056 0.00698812 -0.00188148 0.00896605 -0.00938218 -0.01448434 -0.00214884 0.00420978 0.00413361
95.0  0.31954568 0.21519478 -0.00383266 0.00844268 -0.00080586 0.00492480 0.00935213 0.00803739 0.00105138 -0.00658249
95.5  -0.64893018 -0.11991685 -0.00244736 -0.00231108 -0.00934397 0.01134012 0.00367032 0.01409827 -0.00398048 0.00289230
96.0  -0.95240142 -0.02820285 0.00563138 -0.00585292 -0.00625150 -0.01632254 -0.01402390 0.01547108 0.00587969 0.00269493
96.5  -0.28529032 0.18027439 -0.00421737 0.00620751 0.00465087 0.00346403 0.01380198 0.01213040 -0.00964794 -0.00037400
97.0  0.66881704 -0.22795433 -0.00151424 0.00097480 0.01145859 0.00383673 -0.00876036 0.00604169 0.00831107 0.00276532
97.5  0.94631896 0.14488042 0.00578303 -0.00679657 0.00347781 -0.01025812 -0.00123735 -0.00259456 -0.00523856 -0.00558663
98.0  0.27110923 -0.01074234 -0.00424379 0.00463744 -0.01045026 0.02000781 0.01104272 -0.00977804 0.00533230 0.00513374
98.5  -0.66201689 -0.13603260 -0.00070407 0.00457961 -0.00951845 -0.01530793 -0.00707926 -0.01475804 0.00195783 -0.00519606
99.0  -0.95623716 0.22745260 0.00583362 -0.00761661 0.00505929 0.00660134 0.00844481 -0.01358544 -0.00523412 0.00365572
99.5  -0.37673099 -0.19117209 -0.00539538 0.00032557 0.00858682 -0.00194858 -0.01172128 -0.01514024 -0.00036706 -0.00579152
100.0  0.54649425 0.07414948 0.00038571 0.00950433 0.00379676 0.01432085 0.01882012 -0.00743531 -0.00193528 0.00352405
100.5  0.97431398 0.07721781 0.00522445 -0.00650621 -0.00417670 0.01564209 0.02141108 0.00869780 -0.00117957 -0.00066488
101.0  0.47642547 -0.20690550 -0.00919689 -0.00722608 -0.00623115 0.01052952 0.01170031 -0.01982381 0.00205694 -0.00075229
101.5  -0.50975482 0.20655911 0.00416983 0.00900644 -0.00263467 0.00112438 0.00474614 0.01985555 -0.00483960 0.00401530
102.0  -0.97109793 -0.06236521 0.00552247 -0.00046357 0.00270083 -0.01034441 -0.01784645 -0.01039810 0.00615706 -0.00737549
102.5  -0.34838716 -0.12622737 -0.01016332 -0.00988012 0.00482579 -0.01598888 0.02193884 -0.00536051 -0.00474811 0.00690841
103.0  0.68316255 0.22203642 0.00512257 0.00865875 0.00185694 -0.01159860 -0.01825835 0.01481325 0.00354133 -0.00800755
103.5  0.91451405 -0.13863035 0.00602197 0.00145547 -0.00380654 0.00051845 0.00667662 -0.01886063 -0.00123713 0.00899635
104.0  0.08141120 -0.05537923 -0.00981092 -0.00943338 -0.00431847 0.01168317 0.01006598 0.01974392 -0.00265354 -0.00689543
104.5  -0.83740224 0.20211263 0.00176197 0.00914029 0.00110196 0.01582048 -0.01925922 -0.01129118 0.00518920 0.00505335
105.0  -0.82593258 -0.20251822 0.00797239 0.00037647 0.00427410 0.00951608 0.01940122 -0.00267776 -0.00568287 -0.00381634
105.5  0.05810524 0.05613209 -0.00916068 -0.01089346 0.00247825 -0.00050358 -0.01017684 0.01313210 0.00756995 -0.00146667
106.0  0.87459986 0.12481310 0.00021458 0.00678673 -0.00091128 -0.01192999 -0.00562768 -0.02017240 -0.00802416 0.00474872
106.5  0.80893139 -0.21282906 0.01009576 0.00512549 -0.00475051 -0.01539197 0.01736937 0.01964522 0.00613891 -0.00765783
107.0  -0.06408345 0.18513583 -0.01000483 -0.01387642 -0.00460172 -0.00564171 -0.01982516 -0.00740883 -0.00103991 0.00967144
107.5  -0.86828628 -0.05052852 -0.00009002 0.00284412 0.00422303 0.00278567 0.00941654 -0.00518119 -0.00500575 -0.01053189
108.0  -0.82628548 -0.12629104 0.01044559 0.01265873 0.00635517 0.01304059 0.00944059 0.01151611 0.01130698 0.00778829
108.5  -0.00959268 0.21314622 -0.01079964 -0.01193202 0.00025045 0.01613098 -0.02060167 -0.00263265 -0.01703844 -0.00145479
109.0  0.80921347 -0.19467234 0.00166130 -0.00218834 -0.00309064 0.00586939 0.02119701 -0.01120071 0.00857676 -0.00117242
109.5  0.90718425 0.10334104 0.00886349 0.01461313 -0.00456782 -0.00482209 -0.00751870 0.00879979 0.00355964 0.00390599
110.0  0.23595032 0.05821605 -0.01325673 -0.00947960 -0.00137223 -0.01607337 -0.00118980 0.01138699 -0.00462249 -0.01075707
110.5  -0.63692815 -0.18571520 0.00745024 -0.00896412 0.00790971 -0.01459534 0.00799889 -0.02591556 0.00297236 0.01090768
111.0  -0.96780982 0.21286441 0.00721259 0.01423416 0.00533318 -0.00319085 -0.00514449 0.02774783 0.00245202 -0.00927332
111.5  -0.39821984 -0.14509804 -0.01351888 -0.00190284 -0.00370701 0.00899578 0.00194619 -0.01496703 -0.00811621 0.00959502
112.0  0.58022204 -0.02736603 0.00750365 -0.01186513 -0.00853580 0.01694485 -0.00263955 -0.00515482 0.00686052 -0.00558441
112.5  0.95981817 0.19500072 0.00691022 0.01265098 -0.00411837 0.01387670 0.00414783 0.02146011 -0.00393155 0.00038552
113.0  0.27817770 -0.20765540 -0.01347131 0.00080555 0.00386840 0.00086784 -0.00682612 -0.02753977 0.00406413 0.00182706
113.5  -0.72548865 0.06435080 0.00561485 -0.01216856 0.00782779 -0.01147124 0.01039149 0.02564940 -0.00014475 -0.00463222
114.0  -0.90106677 0.12414108 0.00758436 0.01047933 0.00562735 -0.01621898 -0.00610872 -0.01262232 -0.00399339 0.00797859
114.5  -0.07502507 -0.22254829 -0.01234919 0.00224686 -0.00412152 -0.01051401 -0.00846826 -0.00237471 0.00365967 -0.00677263
115.0  0.81907511 0.15389151 0.00410514 -0.01352260 -0.00960453 0.00096792 0.02133598 0.01371406 -0.00713088 0.00736802
115.5  0.86357472 0.01952925 0.01015330 0.00945865 -0.00383975 0.01157745 -0.02469679 -0.01983452 0.01088486 -0.00818107
116.0  0.05456049 -0.17570823 -0.01467431 0.00739007 0.00661169 0.01400540 0.02083653 0.01617927 -0.00763389 0.00559095
116.5  -0.80257083 0.22164515 0.00534794 -0.01312229 0.00686581 0.00801905 -0.00148139 -0.00687387 0.00473792 -0.00281518
117.0  -0.88707394 -0.12744700 0.00844745 0.00141911 0.00087648 -0.00054836 -0.01887704 -0.00326017 0.00189892 0.00108078
117.5  -0.10732325 -0.03570961 -0.01503880 0.00921557 -0.00585062 -0.01289262 0.02782370 0.00385634 -0.01436076 0.00342307
118.0  0.78070148 0.17738520 0.00677823 -0.01108012 -0.00863206 -0.00875767 -0.02903457 0.00376582 0.02110459 -0.00446417
118.5  0.89951443 -0.22524455 0.00786280 -0.00279955 0.00143051 -0.01164495 0.01074197 -0.01193296 -0.02132333 0.00405079
119.0  0.16295027 0.13607004 -0.01506316 0.01613010 0.00973318 -0.00588341 0.00001488 -0.00002932 0.00870323 -0.00813647
119.5  -0.71087042 0.01300096 0.00983491 -0.00477985 0.00421692 0.00523563 -0.01356173 0.01567181 -0.00978419 0.00844733
120.0  -0.95477221 -0.13762147 0.00444622 -0.01296294 -0.00457131 0.01578712 0.02035658 -0.02492946 0.01006687 -0.00686185
120.5  -0.40111803 0.22194147 -0.01587681 0.01150888 -0.00717991 0.01284118 -0.01548942 0.02630433 -0.00214085 0.00763957
121.0  0.47360007 -0.20283559 0.01511554 0.00544302 -0.00042253 0.00134210 0.00057806 -0.01243055 -0.00269689 -0.00251712
121.5  0.96868560 0.08828314 -0.00173602 -0.01586511 0.00695599 -0.01156888 0.01384222 -0.00576264 0.00803538 -0.00117136
122.0  0.62862300 0.04868354 -0.01476781 0.00457095 0.00423150 -0.01626153 -0.01795369 0.01927561 -0.01502384 0.00215100
122.5  -0.29994828 -0.18418158 0.01759041 0.01523431 -0.00270212 -0.00704970 0.01271221 -0.02763116 0.01358969 -0.00468951
123.0  -0.94861680 0.22547343 -0.00389123 -0.01411245 -0.00633778 0.00721661 0.00028485 0.02389051 -0.01077210 0.00633108
123.5  -0.65326417 -0.11387337 -0.01290510 -0.00403042 -0.00230773 0.01646802 -0.01351976 -0.01013250 0.00849133 -0.00581571
124.0  0.30980582 -0.05562651 0.01602706 0.01654426 0.00225571 0.01435534 0.01655106 -0.00434096 0.00033881 0.00562847
124.5  0.95597706 0.18744392 -0.00042929 -0.01034991 0.00517210 0.00181969 -0.01131496 0.01891548 -0.00787256 -0.00458649
125.0  0.65877803 -0.21724282 -0.01379665 -0.00846021 0.00418609 -0.01218483 0.00048869 -0.02764564 0.01207026 0.00330980
125.5  -0.24692681 0.10558720 0.01550699 0.01499488 -0.00117660 -0.01795246 0.01390037 0.02134565 -0.01763629 -0.00113185
126.0  -0.92040427 0.06638441 -0.00233384 -0.00555883 -0.00642062 -0.01095660 -0.01638381 -0.00638282 0.01548659 -0.00101364
126.5  -0.78085997 -0.19132564 -0.01325778 -0.01039178 -0.00339864 0.00463181 0.00806490 -0.01005267 -0.00415799 0.00350741
127.0  0.04912456 0.21388780 0.01590942 0.01512436 0.00154349 0.01131664 -0.00551331 0.02268216 -0.00793731 -0.00798758
127.5  0.84295487 -0.10504196 -0.00311371 0.00050882 0.00477053 0.01737545 -0.00873920 -0.01858182 0.02275334 0.01184167
128.0  0.85716139 -0.07467361 -0.01366295 -0.01411587 0.00507945 0.01181996 0.01375765 0.00216387 -0.02574283 -0.01461999
128.5  0.03861500 0.20650010 0.01593917 0.01409959 -0.00500715 -0.00096268 -0.01135580 0.00643401 0.01217418 0.01431398
129.0  -0.81900507 -0.19885266 -0.00159746 0.00119455 -0.00514324 -0.01104812 0.00932756 -0.00573484 0.00469016 -0.01379367
129.5  -0.87536043 0.05429169 -0.01397165 -0.01670400 -0.00125200 -0.01948908 -0.00170212 0.00349710 -0.02014953 0.01300746
130.0  -0.11719789 0.11372939 0.01602988 0.01220753 0.00295027 -0.01676298 -0.01033126 -0.01067042 0.02804569 -0.00782116
130.5  0.72932741 -0.21116345 -0.00061024 0.00637605 0.00636730 -0.00264461 0.01600479 0.01801991 -0.01909341 0.00371069
131.0  0.95067120 0.20193874 -0.01290609 -0.01703414 0.00275021 0.01117530 -0.01266538 -0.00986755 0.00547890 0.00113251
131.5  0.40308693 -0.07451746 0.01595946 0.00773222 -0.00539201 0.02072624 0.00239445 0.00143009 0.00907657 -0.00780035
132.0  -0.47600468 -0.08361008 -0.00715082 0.00974446 -0.00750719 0.01522602 0.01123163 0.01372650 -0.01779770 0.01139916
132.5  -0.97050015 0.19211180 -0.00965529 -0.01459736 -0.00089354 -0.00027378 -0.01835890 0.01814992 0.02035141 -0.01331838
133.0  -0.62093497 -0.21635044 0.01798978 0.00133480 0.00607182 -0.01420152 0.01312459 0.01368567 -0.01627659 0.01422667
133.5  0.29117929 0.10230446 -0.00905530 0.01215620 0.00789997 -0.02109749 -0.00278822 0.00482862 0.00347724 -0.01174740
134.0  0.94017474 0.07628808 -0.00849793 -0.01434477 -0.00108559 -0.01312983 -0.01232347 -0.00730346 0.00932416 0.00883118
134.5  0.72160213 -0.19007437 0.01896318 -0.00108080 -0.00846066 0.00412899 0.01817683 -0.01485329 -0.01749697 -0.00597066
135.0  -0.14901901 0.21220970 -0.01094044 0.01628099 -0.00625107 0.01158360 0.02000806 -0.01691874 0.01889312 0.00258963
135.5  -0.87272259 -0.12148079 -0.00756458 -0.01041580 0.00139268 0.01466329 0.00853026 -0.00836376 -0.01449518 0.00150461
136.0  -0.86318264 -0.04448367 0.01746000 -0.01053857 0.00925385 0.00849967 -0.00858278 0.00008617 -0.00010180 -0.00645090
136.5  -0.16023868 0.16815689 -0.01349834 0.01337822 0.00896356 -0.00325559 0.02266894 -0.00594314 0.01418900 0.01077819
137.0  0.67503466 0.21784004 -0.00120026 -0.00137012 -0.00790875 -0.01469191 -0.01482369 -0.01235588 -0.02271260 -0.01346088
137.5  0.96666938 0.14725933 0.01622308 -0.01215429 -0.01217085 -0.01107469 0.01039912 -0.00307942 0.01958684 0.01465203
138.0  0.42426265 -0.00226389 -0.01599862 0.01452570 -0.00057118 -0.00897210 0.00522202 0.00143900 -0.01026529 -0.01370964
138.5  -0.52749861 -0.14341645 -0.00200565 0.00528311 0.01108367 -0.00234340 -0.01487437 0.00615413 -0.00525882 0.01206915
139.0  -0.97976830 -0.18792006 0.01890930 -0.01689081 0.01133369 0.00695441 0.01861361 0.00867198 0.01657180 -0.00855101
139.5  -0.43158946 -0.10878016 -0.01559460 0.00781300 -0.00073756 0.01345481 -0.01654386 0.00624290 -0.01909366 0.00442140
140.0  0.56504894 0.03719259 -0.00409632 0.00815232 -0.01127159 0.01349376 0.00604747 0.00391436 0.02314599 0.00057497
140.5  0.97813528 0.15409447 0.01945404 -0.01545346 -0.00888045 0.00580006 0.00657691 0.00001076 -0.02160393 -0.00642893
141.0  0.41981506 0.17339220 -0.01738665 0.00480885 0.00209490 -0.00593047 -0.01420465 -0.01054081 0.01027799 0.01020085
141.5  -0.53803654 0.08718099 -0.00207663 0.01628660 0.01102610 -0.01404085 0.01884249 -0.00378296 -0.00153241 -0.01325468
142.0  -0.98134186 -0.05533037 0.02033349 -0.01499218 0.00719505 -0.01353905 -0.01203674 -0.00774659 -0.00890576 0.01246887
142.5  -0.47268758 -0.16827223 -0.01806364 -0.00384416 -0.00493755 -0.00460049 0.00146685 -0.00528069 0.02135828 -0.01015806
143.0  0.52137943 -0.17026888 -0.00125038 0.01904396 -0.01024958 0.00072667 0.01160088 -0.00159361 -0.02173448 0.00940823
143.5  0.97855902 -0.04878933 0.01917304 -0.01203668 -0.00609787 0.01616789 -0.01242049 0.00344511 0.01736188 -0.00720850
144.0  0.36635286 0.10805737 -0.01735638 -0.00640711 0.00446550 0.01801547 0.00773767 0.00692585 0.02044505 0.00092806
144.5  -0.65938644 0.17532277 -0.00278566 0.01659851 0.01580862 0.01108587 -0.01307147 -0.00840029 0.00168153 0.00056233
145.0  -0.94761984 0.10811495 0.01925111 -0.01385151 -0.00022930 -0.00236912 0.00845634 0.00345407 -0.01338106 -0.00041802
145.5  -0.19977817 -0.02268332 -0.01525152 -0.00826865 -0.00742886 -0.01460493 0.01007999 -0.00760865 -0.02296090 0.00399953
146.0  0.75038910 -0.11436670 -0.00423276 0.02211845 -0.00602399 -0.02042285 -0.01553472 0.00189952 -0.02773996 -0.00716529
146.5  0.93751810 -0.12280219 0.01892476 -0.00696425 0.00092604 -0.00619362 0.01819004 -0.00108154 -0.02538325 0.00836315
147.0  0.21722072 -0.07308246 -0.01599919 -0.01803848 0.00532282 0.00581718 -0.00794736 -0.00317669 -0.01606329 -0.01461198
147.5  -0.70887735 -0.00989458 -0.00130319 0.01846750 0.00347167 0.01609625 -0.01180767 0.00399413 -0.00405628 0.01069113
148.0  -0.96462403 0.04064802 0.01609781 0.00568287 -0.00249081 0.01415394 0.01994787 -0.00389581 0.01030490 -0.00848567
148.5  -0.27300096 0.07422048 -0.01795849 -0.02207380 -0.00501082 -0.00095558 -0.01553340 0.00433596 0.02086224 0.00413929
149.0  0.70899749 0.08770108 0.00327953 0.00845080 -0.00132402 -0.01467641 0.00013759 -0.00029951 0.02756565 0.00155959
149.5  0.94527567 0.06489200 0.01661399 0.01438563 0.00408092 -0.01696972 0.01508785 -0.00353064 0.02946993 -0.00155708
150.0  0.15820717 -0.00250436 -0.01867444 -0.01919033 0.00374698 -0.00636327 -0.02190276 0.00713158 0.02533670 0.00309166
150.5  -0.79227304 -0.08371124 0.00235214 0.00305939 0.00214976 0.00873493 0.01780738 -0.00869089 0.02104785 -0.00600636
151.0  -0.90724430 -0.12222547 0.01571720 0.01721989 -0.00220108 0.01766508 -0.00270222 0.00758402 0.01494210 0.00794560
151.5  -0.12268208 -0.08629275 -0.01945391 -0.01659983 -0.00528646 0.01236893 -0.01565026 -0.00178691 0.00358803 -0.01161610
152.0  0.76778333 0.00396744 0.00555531 -0.00999916 0.00004183 -0.00459703 0.02351694 -0.00354648 -0.00723822 0.01138765
152.5  0.93881034 0.09456219 0.01328530 0.02188960 0.00364419 -0.01739942 -0.01570515 0.00652025 -0.01878437 -0.00895072
153.0  0.22836861 0.13241521 -0.02081838 -0.00198942 0.00160091 -0.01686971 0.00073309 -0.00881364 -0.02417049 0.00824892
153.5  -0.71233760 0.09417341 0.00856956 -0.01668632 -0.00163038 -0.00448067 0.01585026 0.00611767 -0.02549839 -0.00386350
154.0  -0.94768539 0.00036667 0.01220052 0.01614331 -0.00285323 0.01162114 -0.02409473 0.00063155 -0.02037851 0.00129481
154.5  -0.19297799 -0.09576402 -0.02054798 0.00323830 0.00062681 0.01893033 0.01658941 -0.00490104 -0.01139661 0.00037302
155.0  0.77321845 -0.13751117 0.00795464 -0.01909398 0.00161901 0.01709125 0.00425791 0.00934078 0.00132572 -0.00396771
155.5  0.90188051 -0.09622986 0.01363369 0.01278090 0.00128828 0.00701701 0.00942147 -0.00719505 0.01616971 0.00657129
156.0  0.06280759 0.01130272 -0.01999353 0.00932545 0.00053681 0.00031445 -0.01660341 0.01552587 0.02319153 -0.00982223
156.5  -0.83320013 0.12648719 0.00548163 -0.02000943 -0.00116371 -0.00842438 0.02384264 -0.00855564 0.02285356 0.01129613
157.0  -0.86484071 0.17608331 0.01356158 0.00589084 -0.00213873 -0.01233955 -0.01272303 0.01000976 0.01823054 -0.01116159
157.5  -0.02441150 0.11593930 -0.01977881 0.01461030 -0.00321233 -0.00945647 0.00899469 0.00110308 0.00532085 0.01165574
158.0  0.83782399 -0.03243660 0.00624894 -0.01844718 0.00200678 -0.00412254 0.00151212 -0.01542675 -0.00837487 -0.00884824
158.5  0.84475920 -0.17785753 0.01358069 0.00143807 0.00270892 0.00459173 -0.01079228 0.02542071 -0.02001396 0.00534249
159.0  -0.04082398 -0.20838944 -0.01981618 0.01685823 -0.00134452 0.01219701 0.01274538 -0.01944699 -0.02722630 -0.00351452
159.5  -0.88847820 -0.08251337 0.00499186 -0.01645966 -0.00171111 0.00999649 -0.00974486 0.01306688 -0.02801855 -0.00295341
160.0  -0.74768729 0.11242641 0.00975728 -0.00131082 -0.00203104 0.00170524 0.00120583 -0.00517621 -0.02397529 0.00760859
160.5  0.22370798 0.21976581 -0.00940234 0.01943200 0.00034817 -0.00830534 0.00832981 -0.00739721 -0.01610105 -0.00848869
161.0  0.94253609 0.16211691 0.00048630 -0.01683941 0.00332813 -0.01227614 -0.01371709 0.01787369 -0.00704647 0.01043591
161.5  0.69156942 0.00087993 0.00790577 -0.00700689 0.00271601 -0.00664991 0.01127124 -0.02067764 0.00174724 -0.01384910
162.0  -0.20735384 -0.14517504 -0.00949128 0.02203020 -0.00228165 0.00441418 -0.00164728 0.02201036 0.01288019 0.01120163
162.5  -0.90673067 -0.19630887 0.00292495 -0.01021972 -0.00532988 0.01151308 -0.00965689 -0.01255266 0.02091004 -0.00989101
163.0  -0.82745948 -0.14028559 0.00775071 -0.01337642 -0.00133550 0.01008660 0.01391085 -0.00542728 0.02560837 0.00932212
163.5  -0.04706603 -0.01563782 -0.01007661 0.02024382 0.00409443 0.00023767 -0.00643272 0.01658882 0.02141014 -0.00902745
164.0  0.78301285 0.11255826 0.00300548 -0.00077658 0.00554614 -0.00843215 -0.00200799 -0.02334542 0.00913949 0.00470510
164.5  0.92678366 0.17609076 0.00600016 -0.01804747 0.00541479 -0.01257176 0.00865658 0.01962083 -0.00777213 -0.00311328
165.0  0.22185653 0.13563501 -0.00945160 0.01754825 -0.00569116 0.00578733 -0.02201203 -0.00164124 -0.02134308 0.00204433
165.5  -0.69283599 0.00978972 0.00385949 0.00221456 -0.00399596 0.00164143 -0.00350555 -0.00665119 -0.02941596 0.00095440
166.0  -0.95896108 -0.12486240 0.00497735 -0.02004752 0.00075369 -0.01166134 0.01521833 0.02086867 -0.00997684 -0.00517392
166.5  -0.34745816 -0.18311793 -0.00898972 0.01349316 0.00453436 0.01803708 -0.01941309 -0.01174289 0.00672821 0.00880887
167.0  0.56121578 -0.13044596 0.00503948 0.00842415 0.00430296 -0.00931322 -0.00641409 0.00299264 0.02236649 -0.01215874
167.5  0.98095234 -0.00147640 0.00416296 -0.01993567 -0.00179690 -0.00852906 0.01018729 0.00627307 0.02926765 0.01384934
168.0  0.59167799 0.12768988 -0.00850049 0.00684250 -0.00457669 0.01616641 0.02057130 0.00451544 0.02627981 -0.01242625
168.5  -0.27583134 0.18569580 0.00674764 0.01656967 -0.00189874 -0.01747872 0.01821370 0.00033292 0.01457885 0.00917553
169.0  -0.92452808 0.14221947 -0.00061490 -0.01770537 0.00257420 0.00129770 0.00419600 -0.00293025 -0.00272346 -0.00343679
169.5  -0.80075897 0.02329876 -0.00815283 -0.00469806 0.00436287 0.01932333 -0.01300351 -0.00347853 -0.01924687 -0.00284549
170.0  0.03419438 -0.10005827 0.00866491 0.02038586 0.00083538 -0.01773564 -0.02316791 -0.00257593 -0.03031110 0.00891547
170.5  0.85094936 -0.15415377 -0.00218038 -0.01114208 -0.00349085 0.00954264 -0.02018778 -0.00007102 -0.03329336 -0.01284244
171.0  0.87583444 -0.11598608 -0.00515779 -0.01106381 -0.00335180 0.00424217 -0.00673093 0.00303284 -0.02686143 0.01503094
171.5  0.08380464 -0.02654398 0.00879826 0.02036189 0.00105302 -0.02208280 0.01029075 0.00567160 -0.01470982 -0.01703683
172.0  -0.77764635 0.05421294 -0.00431670 -0.00241859 0.00330804 0.01899970 0.02319941 0.00373151 0.00016581 0.01360724
172.5  -0.94963548 0.09466788 -0.00339036 -0.01885403 0.00047315 -0.00381732 0.02360054 0.00119314 0.01474384 -0.00806681
173.0  -0.31160891 0.09488642 0.00879746 0.01491262 -0.00168676 -0.00987572 0.01158862 -0.00190140 0.02519965 0.00252391
173.5  0.59273312 0.06709086 -0.00662205 0.01015761 -0.00267942 0.02045476 -0.00456250 -0.00499286 0.02880863 0.00621875
174.0  0.99345311 0.01885479 -0.00194688 -0.02122650 -0.00067765 -0.01718251 -0.01982746 0.00312555 0.02181263 -0.01415557
174.5  0.49785333 -0.04142760 0.00779945 0.00513264 0.00446992 0.00262247 -0.02202455 0.00801448 0.00824172 0.01660117
175.0  -0.48605888 -0.09049265 -0.00690415 0.01787572 0.00170092 0.01406115 -0.01726140 0.00269050 -0.01016060 -0.01907373
175.5  -0.99331080 -0.09311144 -0.00052234 -0.01860835 -0.00354831 -0.01860385 -0.01423874 -0.01602448 -0.01679136 0.01911384
176.0  -0.46100977 -0.03345550 0.00831387 -0.00317026 -0.00319193 0.02194120 0.00503196 -0.02690116 -0.00968494 -0.01653928
176.5  0.56708160 0.05498140 -0.00617400 0.02117470 0.00007928 -0.00239321 0.00631256 -0.03100470 -0.00308789 0.01494951
177.0  0.98508046 0.10689320 -0.00274008 -0.01439215 0.00225987 -0.01341034 0.01394715 -0.02252966 0.00321083 -0.01287924
177.5  0.36365743 0.08472586 0.00863484 -0.00931804 0.00134727 0.02021096 0.01525643 -0.00506648 0.00699126 0.00898814
178.0  -0.62355091 0.00972856 -0.00560643 0.02072959 -0.00065384 -0.01917085 0.00618216 0.01355990 0.00827416 -0.00322380
178.5  -0.98295528 -0.06507586 -0.00329210 -0.00712279 -0.00039996 0.00351609 -0.00585767 0.02891367 0.00831333 -0.00380682
179.0  -0.38851402 -0.09890875 0.00875823 -0.01416618 0.00088047 0.01737617 -0.01314035 0.03544933 0.00720697 0.01116392
179.5  0.57524527 -0.08286404 -0.00584690 0.01955889 0.00140655 -0.02324170 -0.01381218 0.02578581 0.00302829 -0.01717169
180.0  0.99145781 -0.03031879 -0.00212066 0.00008698 -0.00115800 0.01170584 -0.00566604 0.00680287 -0.00103085 0.02131901
180.5  0.46544864 0.03790163 0.00809423 -0.01950086 -0.00438957 0.00469428 0.00649468 -0.01515404 -0.00564720 -0.02083511
181.0  -0.49482899 0.09637275 -0.00668165 0.01637748 -0.00138717 -0.02049541 0.01503122 -0.03178274 -0.00704027 0.02085861
181.5  -0.98942554 0.11787270 -0.00056980 0.00715305 0.00389096 0.02144907 0.01455312 -0.03634986 -0.00646530 -0.01793286
182.0  -0.61354057 0.08479378 0.00815099 -0.02197609 0.00595078 -0.00189521 0.00540304 -0.02780101 -0.00384256 0.00941308
182.5  0.25125926 0.00315555 -0.00817213 0.00764208 0.00131454 -0.01409724 -0.00857459 -0.00784506 -0.00135744 -0.00400897
183.0  0.90137634 -0.09395777 0.00126121 0.01782235 -0.00491304 0.02115576 -0.01752527 0.01644591 -0.00102097 -0.00383821
183.5  0.88085410 -0.16087300 0.00486983 -0.01820085 -0.00561008 -0.01459340 -0.00945886 0.03233033 -0.00319043 -0.01217102
184.0  0.21821582 -0.15883067 -0.00875016 -0.00699901 0.00162547 0.00893845 0.00812691 0.03275338 -0.00695115 0.02058846
184.5  -0.61918597 -0.07306150 0.00494096 0.01993704 0.00921662 0.00380921 0.02737028 0.01701811 -0.00444656 -0.02508752
185.0  -0.97917501 0.06458661 0.00364658 -0.00818319 -0.00007264 -0.00484773 0.02427361 -0.00529910 0.00624449 0.02622695
185.5  -0.49897614 0.17439317 -0.00802731 -0.01464693 -0.00664958 -0.00836011 0.00059508 -0.01863449 0.02196166 -0.02224888
186.0  0.45840930 0.17358801 0.00564466 0.02199763 -0.00490333 -0.00646598 -0.02897336 -0.01226321 0.02444104 0.01871112
186.5  0.97919835 0.04961659 0.00306941 -0.00231583 0.00052724 -0.00400775 -0.03960220 0.00747988 0.01074653 -0.01364584
187.0  0.49970098 -0.11054811 -0.00833541 -0.01849802 0.00685483 -0.00162560 -0.03115739 -0.00558823 -0.00260563 0.00649152
187.5  -0.50427519 -0.18720985 0.00513894 0.01842770 0.00670268 0.00817602 -0.01112416 -0.00201009 -0.01475989 0.00101424
188.0  -0.97982544 -0.12828272 0.00308148 0.00078564 -0.00074013 0.02022998 0.01190674 -0.00164268 -0.02174737 -0.00647048
188.5  -0.43469813 0.01658852 -0.00915485 -0.01967767 -0.00744085 0.02375282 0.02936482 0.00626818 -0.02361204 0.01491739
189.0  0.55941885 0.14706995 0.00354120 0.01643109 -0.00711469 0.01188494 0.03646267 -0.00155207 -0.01841674 -0.02202458
189.5  0.97553301 0.18100172 0.00670235 0.00533096 0.00079419 -0.00744420 0.02520048 0.00395989 -0.01062816 0.02602201
190.0  0.37015372 0.09759997 -0.00839148 -0.02209769 0.00825096 -0.02193098 0.00289477 -0.00191615 -0.00059284 -0.02658347
190.5  -0.63500166 -0.05408282 0.00185312 0.01193608 0.00737902 -0.02330425 -0.02097112 0.00010668 0.00763733 0.02770648
191.0  -0.95144443 -0.17688255 0.00545181 0.01044910 -0.00062991 -0.01118168 -0.03629782 0.00310163 0.01271947 -0.02644440
191.5  -0.22185391 -0.18320136 -0.00841325 -0.02010853 -0.00801019 0.00712034 -0.03829695 -0.00369294 0.01519416 0.02513146
192.0  0.74279526 -0.06420822 0.00132679 0.00703305 -0.00692862 0.02113806 -0.02573622 0.00320212 0.01493806 -0.02086167
192.5  0.91296850 0.09896170 0.00673155 0.01589772 0.00108334 0.02365348 -0.00279414 -0.00387024 0.01379615 0.01263077
193.0  0.16549303 0.20085668 -0.00642617 -0.01893310 0.00699198 0.01483535 0.02200756 -0.00029816 0.01061571 0.00072903
193.5  -0.72845459 0.18587965 0.00171477 -0.00220129 0.00356279 0.00530788 0.03837891 0.00271821 0.00523541 -0.01090862
194.0  -0.94098749 0.07089857 0.00571148 0.01980300 0.00119994 -0.00848834 0.03785242 -0.00440885 -0.00497480 0.01880834
194.5  -0.28453313 -0.07621450 -0.00560652 -0.01032906 -0.00769322 -0.01953853 -0.01411535 -0.00366293 -0.01554428 -0.02833013
195.0  0.65305030 -0.17399524 0.00051985 -0.01016861 0.00022795 -0.01216157 -0.01611291 -0.00595640 -0.01926205 0.03101214
195.5  0.95902339 -0.16794433 0.00456845 0.01961006 0.00575491 0.00184564 0.03486011 -0.00239961 -0.01645369 -0.03004414
196.0  0.25738382 -0.06532539 -0.00687723 -0.00430585 0.00342900 0.01308241 -0.03708769 0.01782312 -0.00602439 0.02664607
196.5  -0.74389746 0.06584986 0.00132619 -0.01585591 -0.00215011 0.01879243 0.02145237 -0.02012242 0.00501541 -0.01897752
197.0  -0.89903197 0.14271283 0.00638439 0.01913727 -0.00576805 0.01471338 -0.00293519 0.00893619 0.01459157 0.00989990
197.5  -0.00108995 0.12575909 -0.00647134 -0.00328691 -0.00147578 0.00237071 -0.01444548 0.00680846 0.02113877 -0.00040480
198.0  0.89625001 0.03566181 -0.00041991 -0.01631863 0.00506634 -0.00956183 0.02738693 -0.01939147 0.02238214 -0.01055948
198.5  0.76508082 -0.07102804 0.00666678 0.01641769 0.00582783 -0.01838901 -0.02878079 0.02833865 0.01418994 0.02100916
199.0  -0.20877321 -0.13564781 -0.00592642 0.00059408 0.00157686 -0.01589969 0.01891666 -0.02419263 0.00740661 -0.02740071
199.5  -0.94954876 -0.12248959 -0.00133242 -0.01542581 -0.00656868 -0.00522291 -0.00069952 0.01447343 -0.00782883 0.03081329
200.0  -0.69841688 -0.03800541 0.00611728 0.01037103 -0.00972769 0.00745077 -0.02123056 -0.00492850 -0.01605147 -0.02925925
200.5  0.26650055 0.07070845 -0.00646815 0.00437297 0.00210301 0.01566611 0.03655364 -0.00536008 -0.02289989 0.02413772
201.0  0.95926389 0.13913247 0.00057794 0.01498810 0.00913903 0.01572376 -0.03613954 0.00541420 -0.02417919 -0.01592700
201.5  0.67538671 0.12563116 0.00748290 0.00799094 0.00598785 0.00479708 0.02267791 -0.01295156 -0.01494787 0.00590505
202.0  -0.28975877 0.04232023 -0.00670125 -0.00995440 -0.00234371 -0.00477052 0.00056156 0.01672509 -0.00669978 0.00419301
202.5  -0.96040860 -0.05683799 0.00009447 -0.01583319 -0.00812030 -0.01371284 -0.02448496 -0.01993747 0.00966334 -0.01387270
203.0  -0.71130742 -0.12028432 0.00535668 0.00022928 -0.00468446 -0.01745214 0.03457671 0.02257130 0.01873205 0.02002821
203.5  0.17303016 -0.12830284 -0.00773287 0.01212432 0.00680315 -0.00453200 -0.02802925 -0.00835992 0.02470095 -0.02716798
204.0  0.89498127 -0.08925359 0.00345622 0.00799330 0.00893198 0.00683803 0.00188324 -0.00608942 0.02168406 0.03023787
204.5  0.86613387 -0.01914952 0.00433598 -0.00692401 -0.00150929 0.01459941 0.02438216 0.02009748 0.01131380 -0.02631595
205.0  0.11456051 0.06461494 -0.00700772 -0.01142836 -0.01131153 0.01312774 -0.03359938 -0.02883412 -0.00294885 0.02436396
205.5  -0.74550428 0.13529157 0.00170309 0.00028276 -0.00657205 -0.00221323 0.02022000 0.01927697 -0.01630661 -0.01625628
206.0  -0.94416502 0.15322221 0.00408234 0.01051349 0.00646976 -0.01478599 0.00549691 -0.00012200 -0.02430994 0.00222789
206.5  -0.23597647 0.08313635 -0.00622682 0.00590552 0.01161508 -0.01586606 -0.02647547 -0.01637749 -0.02566210 -0.00187909
207.0  0.72000072 -0.05737442 0.00264452 -0.00331695 0.00429995 -0.00589090 0.03323809 0.02828030 -0.02240905 -0.00623523
207.5  0.92413864 -0.17893676 0.00418887 -0.00736969 -0.00715022 0.01169124 -0.02127021 -0.02936673 -0.01314366 0.01497575
208.0  0.14258553 -0.18000447 -0.00612582 -0.00243241 -0.01097444 0.01967987 -0.00389297 0.01505348 -0.00269410 -0.01415778
208.5  -0.78480056 -0.04387143 0.00132298 0.00425079 -0.00333345 0.01274263 0.02551086 0.00171367 0.00894411 0.01906423
209.0  -0.88592348 0.13170768 0.00367849 0.00494656 0.00804658 -0.00372982 -0.03372385 -0.01800905 0.01733443 -0.02338460
209.5  -0.08799554 0.21724704 -0.00605280 -0.00073824 0.01049488 -0.01916422 0.02408395 0.02876978 0.02153218 0.02078068
210.0  0.79102393 0.15346706 0.00230063 -0.00657918 0.00101400 -0.01931714 -0.00167687 -0.02450426 0.02298082 -0.01808096
210.5  0.89325214 -0.01273715 0.00411750 -0.00422086 -0.01026047 -0.00618419 -0.02101813 0.00960963 0.01993257 0.01357565
211.0  0.11902236 -0.16770387 -0.00560236 0.00248069 -0.00979685 0.01044139 0.03260818 0.00874948 0.01197095 -0.01120570
211.5  -0.77769025 -0.20931450 0.00243162 0.00541642 0.00148291 0.02169657 0.03673470 -0.00499560 -0.00042047 0.00402852
212.0  -0.89750334 -0.11293657 0.00353230 0.00041860 0.01202365 -0.02982895 0.00670155 0.01584880 -0.01852331 0.00215134
212.5  -0.11609658 0.05425810 -0.00785966 -0.00678664 0.00661341 0.00702507 0.01187319 -0.03527665 -0.00533054 -0.00461853
213.0  0.77228727 0.18376376 0.00768649 -0.00427427 -0.00348245 0.00745505 0.00715455 0.03311209 -0.01093171 0.01167810
213.5  0.91763291 0.20236553 -0.00039572 0.00564615 -0.00553704 -0.02539285 -0.01497697 0.02199387 -0.01237888 -0.01953220
214.0  0.24555241 0.10884790 -0.00784818 0.00692516 0.00258758 0.03906615 -0.00014886 0.00048030 -0.02018585 0.01965741
214.5  -0.61541581 -0.04374748 0.01103696 -0.00308976 0.00454120 -0.01225518 0.00310086 -0.01958465 -0.02533758 -0.02462128
215.0  -0.97102479 -0.18129066 -0.00510900 -0.00852788 -0.00161006 -0.02075228 0.00643909 -0.03240324 -0.02389320 0.02514927
215.5  -0.56057534 -0.23451051 -0.00481291 -0.00306384 -0.00599376 0.02988339 -0.01343318 -0.03087850 -0.01555506 -0.01855613
216.0  0.30181801 -0.16476904 0.01040444 0.00601967 -0.00095254 -0.02190814 0.01051037 -0.01701826 -0.00211641 0.01390380
216.5  0.92403065 0.00614870 -0.00786842 0.00538676 0.00249595 -0.01285405 0.00074067 0.00392082 0.01006749 -0.00592099
217.0  0.74920408 0.18558013 -0.00302157 -0.00294301 0.00249015 0.03685405 -0.01377570 0.02230279 0.01853139 -0.00101780
217.5  -0.10659041 0.25318896 0.01048863 -0.00874115 -0.00100158 -0.02024777 0.01553544 0.03177251 0.02388569 0.00696774
218.0  -0.86741928 0.15536128 -0.00733772 -0.00183703 -0.00064731 -0.00503111 -0.00773045 0.02775997 0.02590803 -0.01507472
218.5  -0.82580841 -0.04077353 -0.00148324 0.00760324 0.00047429 0.02701637 -0.00477098 0.01206698 0.02538886 0.02254541
219.0  -0.04268062 -0.20224647 0.00902879 0.00684723 0.00071143 -0.03105790 0.01758157 -0.00812161 0.01853168 -0.02877311
219.5  0.76623341 -0.23703592 -0.00796941 -0.00070685 0.00210101 0.00067107 -0.01639486 -0.02593637 0.00424691 0.02930122
220.0  0.93419946 -0.14492928 0.00090637 -0.00740641 -0.00077451 0.02637535 0.00119574 -0.03188157 -0.01387177 -0.02433250
220.5  0.35988820 0.00765288 0.00785400 -0.00335155 -0.00519966 -0.02668359 0.01376174 -0.01761106 -0.02821473 0.02104664
221.0  -0.49601500 0.14173801 -0.00946963 0.00414450 -0.00078169 0.00813914 -0.02076391 0.00239027 -0.03217804 -0.00884765
221.5  -0.97046684 0.20140380 0.00238733 0.00348504 0.00413498 0.02073707 0.00948001 0.02237667 -0.01969384 -0.00322560
222.0  -0.66088940 0.16616243 0.00503412 -0.00345152 0.00339163 -0.02660139 0.01682208 0.03263239 0.00031948 0.00863621
222.5  0.22198593 0.05523809 -0.00941997 -0.00563972 -0.00312157 0.00781195 -0.02807166 -0.02648773 0.01865549 -0.01916077
223.0  0.92183447 -0.07799717 0.00568338 0.00076179 -0.00678781 0.01427915 0.01613897 0.00287682 0.03205662 0.02571390
223.5  0.77471503 -0.16720828 0.00412619 0.00583212 -0.00075182 -0.02115945 -0.00242995 0.02097734 0.02205037 -0.02973669
224.0  -0.10161309 -0.16602495 -0.00989457 0.00239397 0.00700503 0.01173510 -0.02376497 0.03162155 0.00372569 0.03054125
224.5  -0.88151386 -0.07357796 0.00542789 -0.00262123 0.00727612 0.00276411 0.02907444 0.03011193 -0.01191110 -0.02642522
225.0  -0.83439457 0.06075875 0.00238985 -0.00370344 0.00402090 -0.02057304 -0.02128359 0.00929819 -0.02452994 0.02012778
225.5  -0.00156763 0.16132177 -0.00634521 -0.01026644 -0.00219713 0.01787088 0.00510606 -0.00864723 -0.02989304 -0.00642979
226.0  0.84073983 0.16471091 0.00447990 -0.00482756 -0.00665539 -0.00334569 0.01841831 -0.02649049 -0.02839826 -0.00444296
226.5  0.85769479 0.06277003 0.00072092 0.00571340 -0.00500840 -0.01228854 -0.02639970 -0.03339892 -0.02185913 0.01547300
227.0  -0.01763208 -0.07860016 -0.00648712 0.00920277 0.00229768 0.02397915 0.02353855 -0.02397987 -0.00973351 -0.02593650
227.5  -0.88627317 -0.15688633 0.00539980 0.00182991 0.00578580 -0.01531950 -0.01087279 -0.00451119 0.00273624 0.03094473
228.0  -0.77679043 -0.11860435 0.00145147 -0.00816377 0.00344599 -0.00382218 -0.00586102 0.01817182 0.01645492 -0.03226739
228.5  0.20341911 -0.00761557 -0.00629550 -0.00931031 -0.00255626 0.01763124 0.02426286 0.03119741 0.02581515 0.03235233
229.0  0.95537015 0.08714189 0.00464369 -0.00027057 -0.00665441 -0.02213321 -0.02288720 0.03697124 0.03103753 -0.02793615
229.5  0.68185632 0.11593047 0.00161464 0.00977090 -0.00478625 0.01365190 -0.02371826 0.01340148 0.02830901 0.02605446
230.0  -0.28036559 0.08942229 -0.00633205 0.00698820 0.00495295 0.00611943 0.00082514 -0.00454965 0.01890483 -0.01676483
230.5  -0.95724104 0.03792510 0.00460731 -0.00462159 0.01079755 -0.02286972 0.02977338 -0.00250053 0.00403223 0.00491270
231.0  -0.73630226 -0.02227106 0.00028329 -0.01051152 0.00296429 0.01626085 0.04851688 0.00207923 -0.00965041 0.00601966
231.5  0.15417062 -0.08309907 -0.00481262 0.00041278 -0.00879737 -0.02538370 0.03363421 0.00517816 -0.01611055 -0.02013364
232.0  0.90512048 -0.12551229 0.00549876 0.01200944 -0.00623092 -0.00437572 -0.02266796 -0.00197409 -0.01098219 0.02762444
232.5  0.81737080 -0.11540131 -0.00096431 0.00304406 0.00506527 0.01506251 -0.01319402 0.00276907 -0.01963562 -0.03048545
233.0  -0.05412842 -0.03380181 -0.00408955 -0.01343963 0.00251190 0.01471577 0.03955541 0.00828417 0.01939108 0.03293951
233.5  -0.87564522 0.08663319 0.00553667 -0.01145779 -0.00229763 -0.03631836 -0.02972079 0.01430409 -0.01330525 -0.03416891
234.0  -0.82898278 0.16587029 -0.00182739 0.00539259 -0.00319665 0.02616571 0.00749854 0.01200844 0.00572594 0.03156127
234.5  0.03014222 0.14349977 -0.00347207 0.01578092 0.00098963 0.00842827 0.01318965 0.01025257 0.00117849 -0.02570706
235.0  0.85093840 0.02838159 0.00548318 0.00514414 0.00265640 -0.03761922 -0.02449910 0.00396755 -0.00859590 0.01825410
235.5  0.86988581 -0.10583487 -0.00348644 -0.01113392 0.00159207 0.04079008 0.02084119 -0.00450607 0.01568396 -0.01016175
236.0  0.09144098 -0.17754459 -0.00295013 -0.01450416 -0.00386294 -0.00954414 -0.00273235 -0.01088840 -0.02083518 -0.00076762
236.5  -0.77306581 -0.14760766 0.00635961 0.00251042 -0.00364843 -0.03112958 -0.01490973 -0.01344999 0.02289730 0.01166519
237.0  -0.92135057 -0.03144713 -0.00299234 0.01577847 0.00382354 0.04417526 0.02106238 -0.01193193 -0.02069840 -0.02215777
237.5  -0.18032897 0.10669846 -0.00237438 0.00946738 0.00592794 -0.02386156 -0.01544258 -0.00540132 0.01315596 0.03268036
238.0  0.74838343 0.18423874 0.00558683 -0.00717659 0.00018164 -0.01457739 0.00227923 0.00234363 -0.00251278 -0.03371174
238.5  0.91498987 0.14808408 -0.00263413 -0.01422678 -0.00930654 0.04351051 0.00961951 0.00838079 -0.00824449 0.03159709
239.0  0.13382483 0.01171625 -0.00285509 -0.00148129 -0.00804411 -0.04377385 -0.00920318 0.01488089 0.01731437 -0.02833567
239.5  -0.77944234 -0.14475941 0.00463122 0.00803713 0.00412425 0.01696410 0.00565820 0.01076914 -0.02205023 0.02229197
240.0  -0.89441520 -0.22018000 -0.00287329 0.00632620 0.01299250 0.02005780 -0.00895598 0.00696478 0.01937892 -0.01358250
240.5  -0.12417506 -0.15984747 -0.00365145 -0.00291152 0.00706740 -0.03825813 0.02256935 -0.00056880 -0.01437493 0.00640605
241.0  0.75829204 0.00851000 0.00552473 -0.00673736 -0.01040127 0.03202255 -0.02999390 -0.01163354 0.00293802 -0.00027619
241.5  0.90449824 0.18652753 -0.00056393 0.00064332 -0.01381918 -0.01427534 0.02234439 -0.00529161 0.01300252 -0.00740644
242.0  0.16633731 0.25750230 -0.00210638 0.00721134 0.00129985 -0.01234463 0.00614287 -0.00807977 -0.01964537 0.01662541
242.5  -0.74685055 0.16061498 0.00356208 0.00059694 0.01330788 0.04065927 -0.01709975 0.00597051 0.02132679 -0.02121747
243.0  -0.88505205 -0.05288223 -0.00244376 -0.00650791 0.00934272 -0.04720983 0.01317862 0.00046086 -0.02058020 0.02338486
243.5  -0.05416013 -0.23068886 -0.00297144 -0.00442539 -0.00404500 0.02765642 -0.00844732 -0.00979285 0.01707339 -0.02680220
244.0  0.84539162 -0.23323003 0.00426360 0.00329982 -0.01225074 0.00650085 0.01040337 0.00947439 -0.01109593 0.02701801
244.5  0.78658581 -0.06323506 -0.00069504 0.00750870 -0.00658642 -0.03798105 -0.00760346 -0.00287078 0.00404218 -0.02338961
245.0  -0.15454911 0.13781311 -0.00317367 0.00177485 0.00521181 0.05007925 0.00138678 0.00030780 0.00437838 0.02091665
245.5  -0.92187251 0.22446766 0.00390783 -0.00716538 0.01082643 -0.03199839 0.00584234 0.00151109 -0.01312631 -0.01559154
246.0  -0.71738235 0.15819409 -0.00006735 -0.00866902 0.00401436 -0.00793962 -0.01077993 -0.00330461 0.01972967 0.00899836
246.5  0.21736518 0.00216398 -0.00352267 -0.00000715 -0.00885941 0.04195803 0.00968608 0.00017936 -0.02332108 0.00089651
247.0  0.93507424 -0.14191687 0.00360540 0.00926795 -0.01141791 -0.04780642 -0.00429129 0.00115595 0.02174029 -0.01040853
247.5  0.71203205 -0.19142490 -0.00094307 0.00687740 -0.00225184 0.02046458 -0.00428033 -0.00218432 -0.01563801 0.01723894
248.0  -0.24371938 -0.11862385 -0.00289565 -0.00286946 0.01004362 0.02105874 0.01088085 0.00119629 0.00800184 -0.02416331
248.5  -0.95101490 0.03200028 0.00440748 -0.00780882 0.01133585 -0.04627028 -0.01099231 0.00227056 0.00218009 0.02862698
249.0  -0.65917513 0.16096290 -0.00036384 -0.00521349 0.00047561 0.04213829 0.00741557 -0.00650614 -0.01157674 -0.03175179
249.5  0.32105743 0.17718463 -0.00431117 0.00415702 -0.00948673 -0.01169068 0.00213486 0.00588282 0.01784602 0.03236645
250.0  0.96406150 0.07029334 0.00407843 0.00646869 -0.00916785 -0.02449333 -0.01444040 -0.00031295 -0.02250621 0.03160031
250.5  0.64351286 -0.08149088 0.00031498 0.00289206 0.00074147 0.04020641 0.02518116 -0.00534422 0.02258984 0.02506846
251.0  -0.28871904 -0.17547425 -0.00473693 -0.00506901 0.01021001 -0.02491293 -0.03082225 0.01251533 -0.01422646 0.01393560
251.5  -0.94531994 -0.15656532 0.00511313 -0.00585391 0.00573936 0.00547702 0.00419376 -0.01230773 0.00171550 0.00315694
252.0  -0.73863469 -0.04881002 -0.00116879 0.00130102 -0.00843001 0.00149521 0.03157410 0.00511620 -0.00582772 -0.00945130
252.5  0.14453839 0.07364373 -0.00431013 0.00788500 -0.01175238 -0.00375217 -0.04559370 -0.00258536 -0.01856586 -0.02209857
253.0  0.90428479 0.13787032 0.00586575 0.00363621 0.00204857 0.00500418 0.03899774 -0.01452854 -0.01836250 -0.03192793
253.5  0.80712823 0.11797923 -0.00182372 -0.01023277 0.00841792 -0.00550903 -0.01464493 -0.01441851 -0.01558736 -0.03896203
254.0  -0.08962230 0.04524787 -0.00300490 -0.00931645 0.00277197 -0.00122844 -0.02254271 -0.00924218 -0.00888141 -0.04025094
254.5  -0.90337569 -0.02541485 0.00616934 0.00364504 -0.00594935 0.00942558 0.04069422 -0.00777332 0.00184518 -0.03287435
255.0  -0.80882487 -0.06638502 -0.00314132 0.01357129 -0.00519097 -0.01586454 -0.03943441 0.01128421 0.00875952 -0.02028893
255.5  0.08048205 -0.08394601 -0.00240140 0.00483366 -0.00208763 0.01467438 0.02403262 0.02035247 0.01166410 -0.00460395
256.0  0.88083713 -0.08463539 0.00587029 -0.01136099 0.00530763 0.00340734 0.00521169 0.02477940 0.00797045 0.01067456
256.5  0.86766148 -0.05826063 -0.00505262 -0.01301130 0.00602149 -0.02883635 -0.02620730 0.01665319 0.00224874 0.02449292
257.0  0.08882082 0.00601457 -0.00088763 -0.00195634 -0.00149842 -0.02983842 0.03364765 -0.00065156 -0.00261159 0.03615590
257.5  -0.76353330 0.09107663 0.00545232 0.01671374 -0.00664179 -0.01558448 0.01747269 -0.01783071 0.00080718 0.03939770
258.0  -0.94542319 0.14519845 -0.00502493 0.01529687 -0.00130110 0.01444732 -0.00367048 -0.02234354 0.00886088 0.03617170
258.5  -0.27871538 0.11558258 0.00156016 -0.00486547 0.00549276 0.03650171 -0.02035753 -0.01272488 0.00937385 0.02764290
259.0  0.64777877 0.00073175 0.00412247 -0.01962852 -0.00513039 0.03576848 -0.01592322 -0.01821793 -0.00254366 0.01627403
259.5  0.97001192 -0.12705568 -0.00596894 -0.00860673 -0.00937624 0.01255760 -0.00835516 -0.00669304 -0.01562735 0.00357439
260.0  0.37888386 -0.17407778 0.00253056 -0.01177530 -0.00711109 -0.01926800 -0.00369004 0.01440416 -0.01416368 -0.00767790
260.5  -0.56312738 -0.10352470 0.00240115 0.02231232 0.00343059 -0.04105733 -0.00153134 0.02610916 -0.00381464 -0.01756345
261.0  -0.98064180 0.03437439 -0.00724446 -0.00399729 0.00887846 -0.03785294 0.00025442 0.02286096 0.00622724 -0.02465696
261.5  -0.50978389 0.14897989 0.00568940 -0.02033167 0.00416217 0.01009522 0.00582181 0.00850456 0.01067302 -0.03233780
262.0  0.41403138 0.17466683 0.00168571 0.01707645 -0.00416262 0.03193466 -0.00072305 -0.01050664 0.01079716 -0.03957700
262.5  0.96983238 0.10270450 -0.00681537 0.00847980 -0.00799801 -0.04611955 -0.00755173 -0.02466711 0.00839535 -0.04279429
263.0  0.65196579 0.02735340 0.00739954 -0.02169118 -0.00333741 0.02352319 -0.00933880 -0.02693187 0.00435128 -0.04081054
263.5  -0.27555443 -0.14730830 -0.00181561 0.00555487 0.00705105 0.00811658 -0.00648150 -0.01840401 -0.00007108 -0.03420551
264.0  -0.94646485 0.18159120 -0.00523110 0.01691514 0.00946475 -0.03767017 -0.00067587 -0.00210219 -0.00476188 -0.02296180
264.5  -0.70444918 -0.09015446 0.00762622 -0.01947367 0.00107983 0.04448844 0.00515218 0.01590144 -0.00928746 -0.00889503
265.0  0.22036015 -0.04332487 -0.00312789 0.00001206 -0.00843326 -0.01298627 0.00798043 0.02934324 -0.01195314 0.00560375
265.5  0.92777853 0.14543058 -0.00472056 0.02372322 -0.00727293 -0.02070862 0.00448835 0.03133777 -0.00995868 0.01892865
266.0  0.78306498 -0.18456151 0.00761394 -0.01854680 0.00179813 0.03724938 -0.00532282 0.01764777 -0.00437078 0.02923011
266.5  -0.01528758 0.11338220 -0.00448893 -0.00973627 0.00816646 -0.03798240 -0.00091045 -0.00735836 0.00102843 0.03699268
267.0  -0.78535804 0.00401736 -0.00239685 0.02752929 0.00813362 0.00516671 0.01939850 -0.01803441 0.00639132 0.04008927
267.5  -0.95072923 -0.09934440 0.01080991 -0.00808150 -0.00381894 0.02968282 0.02696258 -0.01747740 0.00705269 0.03753179
268.0  -0.40458399 0.17841875 -0.00819081 -0.02428497 -0.01089548 0.03877487 0.02004072 -0.00700465 0.00232214 0.02841637
268.5  0.44751354 -0.16836163 -0.00107899 0.01944893 -0.00300306 -0.02582839 0.00407759 0.00251233 0.00571169 0.01617195
269.0  0.96694179 0.07175757 0.00806406 0.00927263 0.00677158 -0.00296302 -0.02381798 0.00910142 0.00235837 0.00065898
269.5  0.70399053 0.04306373 -0.00823047 -0.02649015 0.00733863 0.02535364 0.02879949 0.00905169 0.00047652 -0.01541619
270.0  -0.16257821 -0.15454893 0.00053751 0.00986121 0.00072848 -0.02273019 -0.03544552 0.00348386 -0.00288418 -0.02759953
270.5  -0.89179753 0.18054146 0.00696672 0.02145865 -0.00804618 0.01627440 0.01294999 -0.00381941 -0.00279051 -0.03544517
271.0  -0.83139444 -0.08750928 -0.00813851 -0.02786549 -0.00848842 -0.01564816 0.02160610 -0.00796615 0.00054742 0.04496494
271.5  -0.01856074 -0.04646078 0.00116177 -0.00125440 0.00260725 0.00154120 -0.03973565 -0.00941521 0.00446905 -0.04423221
272.0  0.81503066 0.15545413 0.00738372 0.02594237 0.01107637 0.00677185 0.03645428 -0.00733630 0.00324416 0.04327076
272.5  0.89679896 -0.17331153 -0.00650906 -0.02072285 0.00515114 -0.01102739 -0.01100162 -0.00271620 0.00304433 -0.04065540
273.0  0.12786076 -0.07431676 0.00088173 -0.00512145 -0.00648611 0.01318923 -0.02331612 0.00103374 -0.00183710 0.02479171
273.5  -0.77925243 0.07278938 0.00447270 0.02448676 -0.00860806 -0.00197530 0.04183629 0.00437228 -0.00114229 -0.01404905
274.0  -0.89503214 0.17278509 -0.00535367 -0.01602713 -0.00213604 -0.01085435 -0.03664332 0.00834747 -0.00295292 0.00397065
274.5  -0.04517382 0.14806050 0.00056356 -0.01029578 0.00775336 0.01323964 0.01481734 0.00980542 -0.00287305 0.01158118
275.0  0.86205063 0.00615657 0.00652344 0.02290471 0.01069896 -0.00929801 0.01803978 0.00711839 -0.00285755 -0.02082088
275.5  0.79244302 -0.14674614 -0.00564653 -0.00931790 0.00204829 -0.00033061 -0.04107619 0.00279452 -0.00099045 0.02638310
276.0  -0.16353243 -0.18650495 -0.00041759 -0.01479752 -0.00895351 0.01385153 0.04178612 -0.00309433 -0.00294385 -0.04045491
276.5  -0.92860147 -0.08494412 0.00632295 0.02313820 -0.00733261 -0.01366531 -0.02082542 -0.00629775 0.00049570 0.04658574
277.0  -0.73236836 0.07279927 -0.00579153 -0.00326353 0.00003189 0.00030646 -0.01353614 -0.00785370 -0.00327113 -0.04610139
277.5  0.16571564 0.17454357 -0.00059919 -0.01984298 0.00897573 0.01553764 0.03944121 -0.00499610 0.00027451 0.04240647
278.0  0.90158053 0.16300929 0.00624140 0.01827585 0.00913588 -0.02707097 -0.03349017 -0.00274891 -0.00135751 -0.03299335
278.5  0.81922695 0.05934296 -0.00665221 0.00630869 -0.00411305 0.01212227 0.00617126 0.00141603 0.00036350 0.01577410
279.0  -0.01482832 -0.06328982 0.00036201 -0.02336715 -0.01445923 0.02658243 0.01328730 0.00316263 -0.00001554 -0.00147584
279.5  -0.84785671 -0.12922730 0.00614780 0.00652418 -0.00433452 -0.04840446 -0.01738648 0.00414938 -0.00447128 -0.01446011
280.0  -0.87029097 -0.11056597 -0.00699882 0.01871556 0.00973944 0.03578346 0.01623743 0.00119191 -0.00423055 0.02775460
280.5  -0.02514098 -0.04043953 0.00112804 -0.01889308 0.00722769 -0.00135104 -0.00146584 0.00130283 -0.00500309 -0.03744717
281.0  0.85150358 0.02568248 0.00713804 -0.00384839 -0.00055340 -0.02586848 -0.01931184 0.00004467 -0.00255236 0.04280117
281.5  0.86742617 0.06005838 -0.00941944 0.02262580 0.01054522 0.02773188 0.03622097 -0.00320852 0.00247898 -0.04320403
282.0  0.01179527 0.06979266 0.00321271 -0.01379608 -0.00930367 -0.01104949 -0.03518557 0.00440508 0.00661165 0.03814788
282.5  -0.85309256 0.06274582 0.00560768 -0.01159953 -0.00592518 -0.00530618 0.01212593 0.00226793 0.00830391 -0.02703158
283.0  -0.87193967 0.03164669 -0.01027448 0.02344932 0.01365090 0.01281820 0.01834552 0.00082314 0.00803879 0.01081112
283.5  -0.01967987 -0.02674757 0.00523908 -0.01023831 -0.00379170 -0.00892841 -0.03687348 0.00249056 0.00591486 0.00582655
284.0  0.85857356 -0.08572253 0.00533816 -0.02090504 -0.01006453 -0.00106557 0.03862873 -0.00277209 0.00223695 -0.02276792
284.5  0.84096207 -0.09672484 -0.00990095 0.02742394 0.01219025 0.00864554 -0.02296878 -0.00193499 0.00109725 0.03470710
285.0  -0.09173722 -0.03649423 0.00534785 0.00153791 -0.00099021 -0.01068940 0.00088196 -0.00110494 -0.00408811 -0.04373134
285.5  -0.92698032 0.05618785 0.00545855 -0.02572338 -0.01227343 0.00529539 0.01937688 0.00056723 -0.00570764 0.04775485
286.0  -0.72518477 0.10896563 -0.01159217 0.02056363 0.01304160 0.00289321 -0.03123715 -0.00504590 -0.01039629 -0.04596496
286.5  0.26896463 0.08524428 0.00458776 0.00635282 0.00166343 -0.01027149 0.03308050 0.00399046 -0.01102535 0.04399120
287.0  0.96531771 0.01087137 0.00468370 -0.02861932 -0.01460279 0.01444456 -0.01964571 0.00121775 -0.00865213 -0.03556254
287.5  0.68958285 -0.06405271 -0.00864892 0.01601299 0.01059939 -0.00477860 -0.00472019 0.00278262 -0.00426835 0.02130304
288.0  -0.23477045 -0.10602478 0.00417057 0.01942774 0.00621949 -0.01426221 0.01116444 0.00378968 0.00301212 -0.00680650
288.5  -0.93618613 -0.10275265 0.00407896 -0.02716788 -0.01690737 0.02659461 -0.00962222 -0.00026478 0.00555643 -0.01198587
289.0  -0.77594710 -0.05162683 -0.00768509 -0.00223754 0.00511099 -0.02276826 -0.00141131 -0.00352262 0.00901990 0.03044122
289.5  0.12290220 0.03815499 0.00466362 0.01928253 0.01926209 0.00444301 0.00219371 -0.00691422 0.00611039 -0.04181426
290.0  0.91110636 0.12863556 0.00271430 -0.00652751 -0.02458605 0.01661393 0.00928329 -0.00692369 -0.00065392 0.04859745
290.5  0.76332988 0.15260091 -0.00832643 -0.00782398 -0.00270799 -0.03067979 0.01142076 -0.00291710 -0.00556125 -0.05288956
291.0  -0.20196373 0.06524306 0.00408011 0.01041416 0.02959638 0.02384328 -0.00518245 0.00039884 -0.00934758 0.05152437
291.5  -0.94556091 -0.09184908 0.00439729 0.00023774 -0.02445319 -0.00341844 0.00036958 0.00560304 -0.01028962 -0.04607833
292.0  -0.65652406 -0.19977570 -0.00807023 -0.00896265 -0.00645595 -0.01932025 0.00351046 0.00861688 -0.01039569 0.03823627
292.5  0.33143623 -0.16141525 0.00316002 0.00600621 0.02923344 0.03293481 -0.00562100 0.00889901 -0.00694789 -0.02525219
293.0  0.96160820 0.00384785 0.00549398 0.00370221 -0.02129693 -0.02133093 0.00355689 0.00521877 -0.00326273 0.00896219
293.5  0.59749520 0.17375420 -0.00800888 -0.00952017 -0.01184506 -0.00516088 -0.00162487 -0.00168970 0.00177519 0.00671172
294.0  -0.37670929 0.21905245 0.00269851 0.00326879 0.03150106 0.02505711 -0.00122674 -0.00686415 0.00660756 -0.02544715
294.5  -0.96707240 0.10305293 0.00556532 0.00685762 -0.01641899 -0.02968312 0.00324285 -0.00964393 0.00989890 0.03942317
295.0  -0.54783971 -0.08710579 -0.00852101 -0.00950651 -0.01622920 0.01659627 -0.00246582 -0.00693523 0.01027072 -0.04654108
295.5  0.46189188 -0.20304137 0.00155221 -0.00141213 0.03348767 0.00748937 0.00226635 -0.00219110 0.01124601 0.05229046
296.0  0.97654547 -0.15726652 0.00678803 0.01175254 -0.01627050 -0.02522607 -0.00366717 0.00167171 0.00668582 -0.05458615
296.5  0.44169943 0.00226043 -0.00770474 -0.00430128 -0.01807486 0.02888056 0.00362212 0.00422998 0.00410327 0.05214114
297.0  -0.54517189 0.14576863 0.00069256 -0.01575265 0.02887522 -0.01870978 -0.00520810 0.00568267 -0.00263156 -0.04622128
297.5  -0.97965144 0.18007634 0.00681304 0.01635119 -0.00361614 -0.00094762 0.00060921 0.00550302 -0.00874462 0.03793430
298.0  -0.51189254 0.10202319 -0.00724926 0.01362816 -0.01497973 0.01560135 0.01391815 0.00229474 -0.01442774 -0.02362804
298.5  0.38303871 -0.02963558 0.00076158 -0.02838801 0.00677623 -0.01472149 -0.02793355 0.00130115 -0.00843277 0.00758416
299.0  0.95360085 -0.14421938 0.00595916 0.00341503 0.00839237 0.00756759 0.01993460 -0.01052036 -0.00521781 0.00930457
299.5  0.75015334 -0.18194850 -0.00808826 0.02719177 -0.00938462 0.00288241 0.00586864 -0.01332817 -0.00247594 -0.02830362
300.0  -0.07652914 -0.11440349 0.00120145 -0.01982318 -0.00367422 0.00416946 -0.00788510 -0.02335816 0.00235944 0.04199619
300.5  -0.84771156 0.03147081 0.00444622 -0.01244594 0.00823880 -0.00425551 -0.01609579 -0.02567900 0.00655863 -0.05206303
301.0  -0.87207176 0.16934593 -0.00521523 0.02860685 -0.00109174 -0.00870673 -0.01645503 -0.01659881 0.00910251 0.05828838
301.5  -0.10145930 0.19988976 0.00245316 -0.00963630 -0.00704245 -0.00596508 -0.00881648 -0.00134577 0.00953227 -0.05612046
302.0  0.76067261 0.09329771 0.00430282 -0.02177147 0.00670358 0.00040513 0.00261262 0.01665999 0.00837829 0.05076428
302.5  0.92510867 -0.08001734 -0.00522208 0.02659902 0.00303540 0.00600352 0.01083324 0.02785507 0.00568598 -0.04097485
303.0  0.26563663 -0.20256866 0.00133204 0.00152953 -0.00961470 0.00642815 0.01243962 0.02802186 0.00316787 0.02220949
303.5  -0.61933061 -0.19955699 0.00321082 -0.02882645 0.00563480 0.00130544 0.00530926 0.01623588 -0.00118857 -0.00204092
304.0  -0.97117541 -0.08052182 -0.00536172 0.01735533 0.00547932 -0.00529194 -0.00525228 -0.00229811 -0.00606684 -0.01837634
304.5  -0.48794479 0.07707159 0.00232877 0.01906836 -0.00952164 -0.00627151 -0.01116778 -0.01938178 -0.00930340 0.03824302
305.0  0.43509352 0.17916688 0.00274217 -0.02734962 0.00077129 -0.00105338 -0.00935062 -0.02886807 -0.01082642 -0.04977313
305.5  0.97573808 0.16911884 -0.00536291 0.00034016 0.00900241 0.00507639 -0.00190808 -0.02840736 -0.01018329 0.05446203
306.0  0.58084311 0.06215055 0.00413820 0.02603412 -0.00770976 0.00640794 0.00707518 -0.01912503 -0.00556015 -0.05538801
306.5  -0.40880488 -0.06418695 0.00194521 -0.02177580 0.00017541 0.00252010 0.01159259 -0.00630385 -0.00165732 0.05041889
307.0  -0.98488734 -0.13047370 -0.00585226 -0.01070409 0.00922643 -0.00318370 0.01044038 0.00949521 0.00321656 -0.04414746
307.5  -0.54353765 -0.11381842 0.00349533 0.03275627 -0.00632214 -0.00713942 0.00283017 0.02155714 0.00676048 -0.03706045
308.0  0.44300815 -0.04319011 0.00186702 -0.01373758 -0.00556981 -0.00242883 -0.01175495 0.02675122 0.01306764 -0.02427744
308.5  0.98776753 0.03628590 -0.00566969 -0.02074747 -0.00323156 0.01110218 -0.00996442 0.01461509 0.02353722 -0.00754137
309.0  0.59675062 0.09212440 0.00330424 0.02021762 0.02182462 0.00929398 -0.00421270 -0.00280087 0.01616108 0.01191523
309.5  -0.34720034 0.10317667 0.00196360 0.00377853 -0.00640439 0.00217602 0.00306439 -0.01098765 -0.00185304 0.03401157
310.0  -0.97136266 0.05976045 -0.00463889 -0.01912642 -0.01879752 -0.00659223 0.00821682 -0.01999035 -0.01593155 0.04858753
310.5  -0.66812892 -0.02277324 0.00351975 0.01015918 0.02361657 -0.01142930 -0.00982745 -0.02594311 -0.01860941 0.05766304
311.0  0.30304369 -0.09434713 0.00167509 0.00646028 -0.00303625 -0.01005038 0.00382391 -0.02085306 -0.01603424 0.06053581
311.5  0.97228241 -0.09868212 -0.00559814 -0.01724416 -0.02041466 -0.00322488 0.00167744 -0.00745253 -0.01180823 0.05918758
312.0  0.64068665 -0.03027414 0.00234463 0.01016680 0.02493803 0.00500877 -0.00249060 0.00970079 -0.00818412 0.05264122
312.5  -0.33881028 0.05343922 0.00109425 0.00853837 -0.00370678 0.01339709 0.00500258 0.02420464 -0.00519939 0.04126222
313.0  -0.97337234 0.08929581 -0.00447296 -0.01759436 -0.02201263 0.01396422 -0.00633155 0.02948511 0.00014485 0.02394067
313.5  -0.69834508 0.06475980 0.00238744 0.00526330 0.02420404 0.00847223 -0.00132156 0.02267789 0.00800639 0.00162037
314.0  0.17235563 0.01556942 0.00088581 0.01262269 -0.00131180 -0.00352705 0.00209290 0.00575452 0.01440987 -0.02478806
314.5  0.88566332 -0.02127357 -0.00318332 -0.01333878 -0.02474806 -0.01410131 -0.00537144 -0.01271934 0.01743214 -0.04711292
315.0  0.90504087 -0.03559501 0.00410541 -0.00453403 0.01857348 -0.01488266 0.00410522 -0.02450764 0.01569479 -0.06165667
315.5  0.24119352 -0.03991269 -0.00098694 0.01429583 0.01355724 -0.00605661 -0.00203708 -0.02391493 0.00797156 -0.06769914
316.0  -0.60696413 -0.04859249 -0.00301534 -0.00174133 -0.02754078 0.00682287 -0.00491318 -0.01287887 -0.00445705 -0.05972021
316.5  -0.99471009 -0.05816616 0.00429276 -0.01278124 0.00078704 0.01602862 0.00391230 -0.00099378 -0.01699882 -0.04205573
317.0  -0.60347637 -0.04596792 -0.00254317 -0.00173908 0.02758533 0.01523539 -0.00461858 0.00948276 -0.02586845 -0.01899579
317.5  0.26919662 0.00413032 -0.00143206 0.01403635 -0.01211729 0.00790937 0.00632688 0.00850944 -0.02681103 0.00530962
318.0  0.92317622 0.07661355 0.00439552 0.00266301 -0.01928217 -0.00346917 0.00039259 0.00677983 -0.01649999 0.02791917
318.5  0.84258474 0.12626343 -0.00457965 -0.02118831 0.01934472 -0.01325837 -0.01051225 0.00559811 0.00090450 0.04842681
319.0  0.10198141 0.11030271 0.00023942 0.00712332 0.00934598 -0.01387631 0.00276969 0.00756385 0.01772939 0.06325057
319.5  -0.72080165 0.02231011 0.00431806 0.02016657 -0.01806053 -0.00645290 -0.00214540 0.00247939 0.02751736 0.06933914
320.0  -0.96563026 -0.09379533 -0.00374561 -0.02022552 0.00188168 0.00475248 -0.00342419 -0.00151299 0.02534177 0.06472484
320.5  -0.37964261 -0.16066837 0.00160462 -0.00965296 0.01147274 0.01181134 0.00683898 -0.00631737 0.01331834 0.04984106
321.0  0.57572082 -0.11819036 0.00275781 0.03044803 -0.00248679 0.01124444 -0.00284823 -0.01063884 -0.00045583 0.03091841
321.5  0.97594987 0.01731788 -0.00514453 -0.01084414 -0.00912093 0.00170853 -0.00017760 -0.01113132 -0.01195525 0.01060311
322.0  0.34172278 0.14200408 0.00126074 -0.02123724 0.00230338 -0.01030818 0.00165426 -0.00846453 -0.01851541 -0.00970968
322.5  -0.67868516 0.15139367 0.00338556 0.02673982 0.00883718 -0.01647421 -0.00569118 -0.00209354 -0.02246400 -0.02723907
323.0  -0.93533289 0.03930326 -0.00423819 -0.00580211 -0.01160859 -0.01474516 0.00014879 0.00531266 -0.02310891 -0.04283690
323.5  -0.14062606 -0.10105986 0.00079122 -0.01953939 0.00065091 -0.00634827 0.00016833 0.01048159 -0.01965754 -0.05298202
324.0  0.80242181 -0.16703787 0.00405388 0.02665974 0.00901916 0.00393207 -0.00241306 0.01375326 -0.01060958 -0.06125563
324.5  0.87718132 -0.11961613 -0.00381618 -0.00459979 -0.00959041 0.01285236 0.00576015 0.01422320 0.00052976 -0.06225406
325.0  0.03233133 0.00800733 0.00071307 -0.02429819 0.00146892 0.01008141 0.00324654 0.01817573 0.00894738 -0.05697541
325.5  -0.84285031 0.14066420 0.00313129 0.02506649 0.00445713 0.00320869 0.00530866 0.01962362 0.01392591 -0.04362322
326.0  -0.83707985 0.19514261 -0.00488140 -0.00087673 -0.00863550 -0.00657513 0.00281493 0.01608633 0.01771988 -0.02543719
326.5  0.06303781 0.12211730 0.00034203 -0.00611661 0.02553703 -0.01344214 -0.00290154 0.01064362 0.01791847 -0.00432135
327.0  0.89791817 -0.04726610 0.00425857 0.00818198 -0.01857960 -0.00988442 0.00251134 0.00086082 0.01666621 0.01519935
327.5  0.72748796 -0.19884034 -0.00364693 -0.00602362 -0.01177408 -0.00012080 -0.00017644 -0.00837278 0.01835862 0.03261820
328.0  -0.26354820 -0.21270777 0.00012528 -0.00021288 0.02888600 0.01029821 0.00146898 -0.01721084 0.02134262 0.04428306
328.5  -0.95278858 -0.07326893 0.00403042 0.00618859 -0.01207165 0.01454196 0.00516792 -0.02058045 0.02317672 0.05479206
329.0  -0.60253674 0.11381387 -0.00343555 -0.00780107 -0.01977850 0.00983641 -0.00229228 -0.02422427 0.02073900 0.05523748
329.5  0.37373832 0.21871486 -0.00044776 0.00241120 0.02675139 -0.00365603 -0.00072270 -0.02183382 0.01801189 0.05098637
330.0  0.96564600 0.18320261 0.00332403 0.00468830 -0.00242698 -0.01427288 0.00260568 -0.01441650 0.00954538 0.04305158
330.5  0.59167495 0.04398641 -0.00466727 -0.00593578 -0.02429758 -0.01394383 -0.00406699 -0.00326910 -0.00425397 0.02739798
331.0  -0.38386620 -0.10599992 0.00119209 0.00200776 0.02227569 -0.00332993 0.00010313 0.00829495 -0.02042272 0.01372739
331.5  -0.97607497 -0.17805249 0.00210702 0.00436050 0.00649317 0.01053898 0.00271584 0.01621726 -0.03224235 -0.00270531
332.0  -0.54032867 -0.13825440 -0.00194133 -0.00376753 -0.02819793 0.01559801 -0.00104409 0.01909660 -0.03585457 -0.01947041
332.5  0.48328147 -0.02273657 0.00199578 -0.00235626 0.01768078 0.00915143 0.00025352 0.01600216 -0.03194567 -0.03340676
333.0  0.98495562 0.09384403 0.00161639 0.00471369 0.01291902 -0.00296848 0.00103481 0.00710130 -0.02125782 -0.04451890
333.5  0.43361706 0.14810247 -0.00368487 0.00164488 -0.02940091 -0.01273162 -0.00072795 -0.00509075 -0.00563953 -0.05051105
334.0  -0.55867811 0.11797460 0.00216048 -0.00546757 0.01132863 -0.01468223 -0.00098329 -0.01675063 0.01172580 -0.04958644
334.5  -0.98461168 0.02527393 0.00111862 -0.00024569 0.01981018 -0.00772268 0.00324638 -0.02191564 0.02640677 -0.04231254
335.0  -0.47437994 -0.07942030 -0.00418694 0.00752760 -0.02381166 0.00448844 0.00365805 -0.01863667 0.03201795 -0.02968441
335.5  0.46372857 -0.14268290 0.00324685 -0.00468302 -0.00152968 0.01409792 -0.00097158 -0.00654379 0.02470807 -0.01472277
336.0  0.98199368 -0.13127474 0.00124465 -0.00796919 0.02485406 0.01498204 0.00151980 0.01254993 0.00658644 0.00339305
336.5  0.61266545 -0.05089877 -0.00371855 0.01163881 -0.01653577 0.00447486 0.00701395 -0.03025427 0.00249259 0.02319391
337.0  -0.33293534 0.05318004 0.00387990 0.00512393 -0.01475333 0.00561459 -0.00839098 0.03070146 -0.01656274 0.03563954
337.5  -0.97066262 0.12070451 -0.00039583 -0.01978015 0.02288176 0.01782390 0.01593846 -0.01391801 -0.02263321 0.04354333
338.0  -0.64278563 0.11575498 -0.00359090 0.00746540 -0.00226332 0.01620501 -0.00445001 -0.00403684 -0.02452803 0.04660778
338.5  0.34696230 0.05288191 0.00436766 0.01794332 -0.01330772 0.00537044 -0.01763959 0.00939197 -0.02142233 0.04632123
339.0  0.98045024 -0.02343525 -0.00024831 -0.02539379 0.00727572 -0.00840898 0.03120094 -0.01197820 -0.01224541 0.03975192
339.5  0.61461270 -0.07942220 -0.00401223 -0.00013217 0.00312761 -0.01711938 -0.03026668 0.01081885 0.00111142 0.02724622
340.0  -0.36142188 -0.10416514 0.00433272 0.02705131 -0.00316569 -0.01376703 0.01779247 -0.00425422 0.01404244 0.01216390
340.5  -0.97795542 -0.09302822 -0.00069273 -0.01939264 -0.00354234 -0.00205148 0.00575560 -0.00338056 0.02291111 -0.00421503
341.0  -0.63452258 -0.03729113 -0.00315804 -0.01203944 0.00483492 0.01203598 -0.02563121 0.00870379 0.02517227 -0.01836185
341.5  0.34255340 0.05616675 0.00440430 0.03038510 0.00103834 0.01935900 0.03364253 -0.01238121 0.02207657 -0.03102068
342.0  0.97484086 0.14057297 -0.00181054 -0.01020938 -0.00487700 0.01270386 -0.02540914 0.01078699 0.01678709 -0.03938485
342.5  0.58792062 0.14422903 -0.00316930 -0.02342349 0.00356053 -0.00063771 0.00471157 -0.00258763 0.00913415 -0.04338956
343.0  -0.42498174 0.03748927 0.00435448 0.02775338 -0.00163463 -0.01358932 0.01760065 -0.00187854 -0.00162125 -0.04639484
343.5  -0.97932833 -0.11388795 -0.00064835 -0.00103038 -0.00304689 -0.01978902 -0.03168754 0.00716040 -0.01266596 -0.04443076
344.0  -0.50197150 -0.19272627 -0.00355452 -0.02527966 0.00768186 -0.01371833 0.03111668 -0.01031880 -0.02273942 -0.03953904
344.5  0.47809026 -0.13356474 0.00422352 0.02498839 -0.00555935 -0.00198339 -0.01691868 0.00894994 -0.02735429 -0.03083465
345.0  0.97626376 0.02052878 0.00023358 0.00458545 -0.00575438 0.01114441 -0.00648215 -0.00417021 -0.02063297 -0.02114721
345.5  0.54956929 0.16208700 -0.00394505 -0.02266963 0.02549237 0.02095292 0.02223363 -0.00061731 -0.00943001 0.00508096
346.0  -0.37682526 0.19996052 0.00443274 0.00154525 -0.01552777 0.00936728 -0.03337170 -0.00375268 0.00493345 0.00941444
346.5  -0.96050697 0.11536941 -0.00122091 -0.00612122 -0.01784147 0.00805677 -0.02072502 0.00561014 0.01825662 -0.02330152
347.0  -0.67188031 -0.03776262 -0.00491391 0.00838869 0.02813008 -0.01239948 -0.00940846 0.01547563 -0.01611666 0.02988162
347.5  0.24154862 -0.16744481 0.00686530 -0.00138809 -0.00664773 -0.02653211 0.00238819 -0.02256548 0.01472243 -0.03986690
348.0  0.93258801 -0.19523929 -0.00156549 -0.00984371 -0.02132384 -0.03336849 0.01210945 0.01515568 -0.00570525 0.04451012
348.5  0.73508255 -0.10229849 -0.00424854 0.01197097 0.02580963 -0.01693068 0.01761913 -0.00791167 -0.00359084 -0.04055854
349.0  -0.15698475 0.05618452 0.00651863 0.00123599 0.00130795 0.00902852 0.01548221 -0.00668680 0.01133153 0.04049350
349.5  -0.89138235 0.18659799 -0.00102021 -0.01275081 -0.02555210 0.02981928 0.00513288 0.01785362 -0.01653958 -0.03368377
350.0  -0.82848996 0.21432423 -0.00525052 0.00797992 0.02041273 0.02996452 -0.00910124 -0.02085546 0.01804975 0.02189199
350.5  -0.07705501 0.12407713 0.00651881 0.00534816 0.00869621 0.00559051 -0.01704329 0.01722467 -0.01545209 -0.00957215
351.0  0.72163933 -0.03900359 -0.00297541 -0.01314231 -0.02618617 -0.02347822 -0.01526732 -0.00172853 0.00786002 -0.00780993
351.5  0.94984030 -0.19407845 -0.00386514 0.00358677 0.01266315 -0.03237039 -0.00459491 -0.01387833 0.00008932 0.02448337
352.0  0.43866219 -0.25653576 0.00649708 0.01147491 0.01477158 -0.01351494 0.01047235 0.02061779 -0.01113395 -0.03486985
352.5  -0.42078126 -0.18159757 -0.00444091 -0.01033195 -0.02591426 0.01475323 0.01750769 -0.02068433 0.01846334 0.04140911
353.0  -0.94487235 -0.00022102 -0.00070849 -0.00423359 0.00388527 0.03129838 0.01620493 0.00357965 -0.01738421 -0.04168553
353.5  -0.69461603 0.18799713 0.00593366 -0.00377283 0.02682269 0.02444396 0.00494142 0.01011156 0.01297464 0.03990218
354.0  0.13042524 0.27121048 -0.00576525 0.01687645 -0.01658570 -0.00208905 -0.01160090 -0.01843027 0.00412372 -0.02974576
354.5  0.84655068 0.20359239 0.00043149 0.00786065 -0.00977672 -0.02549931 -0.00577345 0.01593919 -0.02093474 0.01744572
355.0  0.86776519 0.02992093 0.00508942 -0.02521931 0.02006533 -0.03212850 0.00697266 0.01388547 0.01472350 -0.00462863
355.5  0.18188273 -0.15075162 -0.00688478 0.00958165 -0.00402673 -0.01554912 -0.00581852 -0.01890565 -0.00177527 -0.01048758
356.0  -0.65786203 -0.24556290 0.00221156 0.02277081 -0.01754051 0.01235829 -0.00101236 -0.01817268 -0.00830313 0.02312752
356.5  -0.95897887 -0.21266988 0.00402682 -0.02489646 0.01494221 0.03157224 0.00220959 -0.00750548 0.01647712 -0.03305029
357.0  -0.42973566 -0.07317216 -0.00700070 -0.00763657 0.00606563 0.02890037 -0.00794753 0.00397128 -0.01912837 0.03969417
357.5  0.51036889 0.09897223 0.00352850 0.02955229 -0.01558323 0.00858336 0.00609489 0.01512253 0.01366767 -0.04189707
358.0  0.97254952 0.20915526 0.00436254 -0.01547761 0.00657700 -0.01913495 -0.00173027 0.01852083 -0.00707458 0.03911449
358.5  0.42626472 0.18898360 -0.00934973 -0.01684445 0.00625644 -0.03361291 -0.00308841 0.01626297 0.00194988 -0.03624394
359.0  -0.59631556 0.04602846 0.00136535 0.03248310 -0.01229230 -0.02724938 0.00808278 0.01048897 0.00630118 0.02882376
359.5  -0.95311009 -0.12743913 0.01023673 -0.01091244 0.00472564 -0.00413191 -0.00903258 0.00372960 -0.01273189 -0.01930627
360.0  -0.23235588 -0.21101866 -0.01078910 -0.02581818 0.00823814 0.02321717 0.00459380 -0.00322448 0.01019864 0.00815878
360.5  0.74072294 -0.14782480 -0.00069024 0.03056879 -0.00909025 0.03537761 0.00034429 -0.01060257 -0.00944819 0.00565791
361.0  0.90665585 0.01475509 0.01082488 0.00010323 0.00123321 0.02261832 -0.00551397 -0.01658125 0.00990353 -0.02092700
361.5  0.12769816 0.16436673 -0.01012370 -0.03062413 0.00409885 -0.00689244 0.00846997 -0.01927408 -0.00504602 0.03101862
362.0  -0.77467746 0.20453979 -0.00084173 0.02383365 -0.00559955 -0.03119101 -0.00562829 -0.01427040 0.00520788 -0.04228907
362.5  -0.90475287 0.11656145 0.01139314 0.01336733 0.00081303 -0.03241671 -0.00018427 -0.00454878 -0.00589405 0.04885581
363.0  -0.14935896 -0.03519433 -0.01046981 -0.03298768 0.00508405 -0.00943562 0.00529697 0.00860250 -0.00098664 -0.04867815
363.5  0.74908176 -0.15167093 0.00025921 0.01298355 -0.00579149 0.01797999 -0.00818737 0.01682508 0.00419318 0.04610255
364.0  0.93509598 -0.17165546 0.00980387 0.02513540 0.00055457 0.03458052 0.00278116 0.01801446 -0.00603515 -0.04048359
364.5  0.26024210 -0.10516291 -0.01092824 -0.03153930 0.00058038 0.02439116 -0.01073680 0.01099439 0.01243779 0.02691222
365.0  -0.63925321 -0.00623113 0.00186791 0.00017784 -0.00754685 0.00049565 -0.00227265 0.00062774 -0.01048711 -0.01080233
365.5  -0.98366705 0.07645909 0.00998152 0.01645508 0.02705626 -0.02598304 0.00277935 -0.00969903 0.00378516 -0.00910316
366.0  -0.51142201 0.12286794 -0.01403997 -0.01089776 -0.01104425 -0.03515285 -0.00347348 -0.01731988 -0.00674546 0.02913809
366.5  0.37423688 0.13142886 0.00624851 -0.00714070 -0.02019179 -0.02146177 -0.00081459 -0.01460582 -0.01221254 -0.04157327
367.0  0.95813945 0.10221942 0.00628774 0.01393269 0.02453656 0.00793245 0.00831291 -0.00507498 0.01287667 0.04666454
367.5  0.75196497 0.03288684 -0.01304639 -0.00094102 0.00324782 0.02764497 -0.00593162 0.01356258 -0.00820901 -0.04420518
368.0  -0.10652724 -0.06519036 0.01076016 -0.01236351 -0.02844071 0.03040876 -0.01535452 0.02175573 0.00498987 0.03062595
368.5  -0.88179890 -0.15021214 0.00057651 0.01167017 0.01774461 0.01996155 0.00660511 0.01977454 0.00885134 -0.01602538
369.0  -0.82661323 -0.16093337 -0.01187439 0.00230362 0.01327786 -0.00521270 -0.00117302 0.00958190 -0.01854840 0.00179183
369.5  0.04827223 -0.06842973 0.01154987 -0.01242272 -0.02911734 -0.02784045 -0.00292895 0.00619603 0.02031628 0.01598142
370.0  0.87636092 0.07885855 -0.00066386 0.00841468 0.01679704 -0.03271758 0.01439940 0.01379542 -0.02003172 -0.02800538
370.5  0.81377649 0.17998118 -0.01169372 0.00304507 0.01650369 -0.01680419 -0.01910182 0.01982915 0.01669495 0.03564684
371.0  -0.05974728 0.16481489 0.01257025 -0.00447049 -0.03303104 0.00941196 0.01684579 0.01580237 -0.00821266 -0.04526013
371.5  -0.86795438 0.04724454 -0.00047862 0.00036144 0.01378713 0.03097778 -0.00251176 0.00570355 -0.00389467 0.04621435
372.0  -0.83891003 -0.09775895 -0.01044846 -0.00585962 0.01780053 0.02975706 -0.01049070 -0.00630594 0.01316911 -0.03965151
372.5  -0.00517405 -0.18444436 0.01132025 0.01067923 -0.02759894 0.00540357 0.02093251 -0.01846878 -0.02138585 0.03591422
373.0  0.83828975 0.16436187 0.00088825 0.00061150 0.00706927 -0.01767396 -0.02000075 -0.01976525 0.02495810 -0.02463353
373.5  0.85497120 -0.03648021 -0.01060428 -0.01245790 0.02101670 -0.03299366 0.00274509 -0.01444480 -0.01693462 0.01098988
374.0  -0.00247400 -0.11001686 0.00970055 0.00999767 -0.02658488 -0.02337227 0.00967152 -0.00179802 0.00527754 0.00214760
374.5  -0.86371541 0.18603088 0.00160385 0.00300754 0.00040376 -0.00020490 -0.01691394 0.01580366 0.01082820 -0.01574123
375.0  -0.81239026 -0.14899244 -0.01103490 -0.01297916 0.02622542 0.02031306 0.02167628 0.00952693 -0.02506167 0.03125046
375.5  0.09922574 0.00715463 0.00945884 0.00801722 -0.02554520 0.03151603 -0.00644596 0.01341689 0.02953847 -0.04290976
376.0  0.90418743 0.13809084 0.00178438 0.00575751 -0.00449424 0.02254394 -0.00917224 0.01135475 -0.02246960 0.04766665
376.5  0.75758287 -0.18542260 -0.01136305 -0.00671523 0.03245331 -0.00030604 0.01981588 0.00478784 0.00886752 -0.04607617
377.0  -0.19115972 0.13178702 0.00984434 -0.00811623 -0.02017394 -0.02187067 -0.01557373 -0.00481848 0.00859057 0.04006632
377.5  -0.93849211 0.00056466 0.00065694 -0.00042200 -0.01194133 -0.03137409 0.00660120 -0.00718550 -0.02146361 -0.02722411
378.0  -0.67331277 -0.14719724 -0.01135248 0.01878985 0.02227150 -0.02175703 0.00981110 -0.02175211 0.02242488 0.00942381
378.5  0.33941272 0.19116736 0.01069991 -0.01477270 -0.01051846 -0.00047529 -0.02039499 -0.01962586 0.02193357 0.00456345
379.0  0.97586235 -0.10816359 0.00073712 -0.01059590 -0.01120550 0.01853392 0.02200972 -0.01585599 -0.01620883 -0.01915741
379.5  0.47895756 -0.03511117 -0.01104647 0.02732544 0.02034983 0.02893140 -0.01498258 -0.00476713 0.01065842 0.03534889
380.0  -0.58109125 0.16341989 0.01062316 -0.01052416 -0.00656728 0.02382048 0.00417440 0.00688831 -0.00206251 -0.04367944
380.5  -0.95843536 -0.18527129 0.00016961 -0.01701364 -0.01302372 0.00545532 0.00986552 0.01582682 -0.00798544 0.04756927
381.0  -0.24917792 0.07375344 -0.01174948 0.02345318 0.01977828 -0.01444272 -0.01240698 0.02510904 0.01644495 -0.04805372
381.5  0.72168435 0.07705431 0.01160997 -0.00586391 -0.00214135 -0.02804444 0.02169889 0.01660029 -0.02287629 0.04106188
382.0  0.92979686 -0.17424980 -0.00083000 -0.01942609 -0.01938153 -0.02268129 -0.01479100 0.01262886 0.02383893 -0.02704040
382.5  0.20530167 0.17654187 -0.01041397 0.02024537 0.01846508 -0.00291048 0.00146864 -0.00056353 -0.01585778 0.01124415
383.0  -0.71360795 -0.07709039 0.01265486 0.00378010 0.00630054 0.01994543 0.00716767 -0.01336752 0.00242399 0.00820865
383.5  -0.94261992 -0.06635185 -0.00325072 -0.01589866 -0.02678435 0.02934516 -0.01129256 -0.02042474 0.01318546 -0.02423401
384.0  -0.26157449 0.17258748 -0.00855959 0.00668125 0.01639498 0.01709530 0.01175234 -0.01792036 0.02427291 0.03739509
384.5  0.67293825 -0.18181131 0.01223790 0.00596329 0.01728508 -0.00632872 0.00034078 -0.01322235 -0.02462431 -0.04571427
385.0  0.95629735 0.08547881 0.00522169 -0.01205402 -0.02841805 -0.02537246 -0.01261192 0.00015199 0.02053095 0.04820637
385.5  0.32069173 0.05147366 -0.00798527 0.00239984 0.00347389 -0.02591932 -0.00235429 0.01133081 -0.01678559 -0.03907052
386.0  -0.61592345 -0.16091487 -0.01348792 0.01338404 0.02319766 -0.00491221 -0.00320022 0.01953787 0.00300849 0.03554645
386.5  -0.97198510 0.19193432 -0.00642647 -0.01102127 -0.02174767 0.01698961 -0.00261201 0.02104933 0.01104045 -0.02716933
387.0  -0.43898515 -0.11489326 0.00560997 -0.00765359 -0.00590320 0.02645972 0.00962248 0.01334407 -0.02076183 0.01039217
387.5  0.49280427 -0.00981205 0.01240553 0.01528601 0.02780465 0.01625633 -0.00774873 0.00187963 0.02880447 0.00299074
388.0  0.97883043 0.12280360 0.00774260 -0.00427624 -0.01402184 -0.00635109 0.00276017 -0.01094730 -0.02971894 -0.01832283
388.5  0.56412389 -0.19337184 -0.00362594 -0.01162619 -0.01656751 -0.02340638 0.00335793 -0.01931659 0.02113735 0.03390149
389.0  -0.38096419 0.15704554 -0.01127979 0.01562337 0.02627122 -0.02451806 -0.00962128 -0.01854803 -0.01144061 -0.04054901
389.5  -0.96965995 -0.03398721 -0.00775240 0.00085095 -0.00704589 -0.00891636 0.01045050 -0.01238271 -0.00240921 0.04271876
390.0  -0.60746880 -0.09228889 0.00399717 -0.01723014 -0.02069591 0.01167874 -0.00687549 0.00061560 0.01953769 -0.04111842
390.5  0.36305185 0.18148347 0.01144917 0.00817422 0.02311696 0.02479417 0.00033635 0.01138048 -0.02789974 0.03055064
391.0  0.96711585 -0.17287133 0.00704404 0.00774085 0.00088195 0.02441532 0.00718435 0.01742897 0.02990872 -0.01849354
391.5  0.62296901 0.05175575 -0.00140097 -0.01064622 -0.02434240 0.01198901 -0.00587867 0.01497210 -0.02558581 0.00423448
392.0  -0.31303834 0.08571234 -0.01214375 0.00179621 0.01806212 -0.00986449 0.00869255 0.00670334 0.00687486 0.01285660
392.5  -0.95150955 -0.17364912 -0.01410800 0.00741377 0.01191253 -0.02611154 -0.01107710 0.00517913 0.01272939 -0.02578160
393.0  -0.71167154 0.17683338 -0.00232890 -0.00216955 -0.02995183 -0.03081358 0.00887172 0.00050820 -0.02989763 0.03370560
393.5  0.17993653 -0.06743091 0.01352286 -0.00473425 0.01176814 -0.01890279 -0.00611990 0.01105613 0.02897305 -0.04037206
394.0  0.91001362 -0.08442097 0.01688110 0.00037326 0.02021458 -0.00617497 -0.00222460 -0.01190091 -0.02331932 0.04312227
394.5  0.78412477 0.17943568 0.00333248 0.01115940 -0.02858182 0.00310972 0.01236696 -0.02381833 0.01544064 -0.04222491
395.0  -0.09589243 -0.16313201 -0.01452538 -0.00838590 0.00140468 0.00894657 -0.01704548 -0.03159340 0.00556056 0.04157260
395.5  -0.88285230 0.03564657 -0.01826944 -0.01349909 0.01848090 0.00905130 0.01301996 -0.02656716 -0.01788857 -0.03765029
396.0  -0.82271355 0.11575488 -0.00315199 0.02221902 -0.01130671 0.00699558 0.00099304 -0.00813831 0.02585166 0.03184767
396.5  0.00834652 -0.18956245 0.01564326 -0.00253855 -0.00509678 0.00141271 -0.01390131 0.01168586 -0.03320866 -0.02520375
397.0  0.82279723 0.14356582 0.01798133 -0.02423535 0.01209242 -0.00358826 0.01732393 0.02844002 0.02946688 0.01443213
397.5  0.90015039 -0.00703104 0.00279224 0.02148370 -0.00283341 -0.00546809 -0.01030754 0.03315445 -0.01959344 0.00056478
398.0  0.19792775 -0.12482122 -0.01486735 0.00935769 -0.00909077 -0.00327162 -0.00240854 0.02453006 0.00923565 -0.01223699
398.5  -0.67020435 0.18692850 -0.01677349 -0.02950207 0.00676122 0.00136834 0.01327287 0.00493707 0.00617348 0.02456429
399.0  -0.96953630 -0.15537924 -0.00219541 0.01262072 0.00286352 0.00357701 -0.01561155 -0.01623905 -0.02151288 -0.03538685
399.5  -0.45725313 0.02896600 0.01313325 0.02048449 -0.00771486 0.00365881 0.00803530 -0.03089036 0.02959234 0.03853047
400.0  0.43812282 0.10350579 0.01575770 -0.02761710 0.00428596 0.00073260 0.00292302 -0.03292783 -0.03322941 -0.03869687
400.5  0.96829629 -0.17608712 0.00273940 -0.00086407 0.00425215 -0.00272034 -0.01250745 -0.02030352 0.02876326 0.03342703
401.0  0.68989875 0.17818007 -0.01340322 0.02688065 -0.00767735 -0.00479932 0.01615511 0.00084032 -0.01245469 -0.02484960
401.5  -0.14862458 -0.07980322 -0.01662588 -0.01761886 0.00172217 -0.00382071 -0.01016302 0.02281506 -0.00666562 0.01524671
402.0  -0.86311794 -0.05576236 -0.00351705 -0.01570063 0.00651704 -0.00670624 -0.00033762 0.03347182 0.02585419 -0.00316891
402.5  -0.89092768 0.14836032 0.01198758 0.02913213 -0.00223396 -0.00736451 -0.00727840 0.02642583 -0.03653615 -0.00935496
403.0  -0.21004460 -0.19164562 0.01708522 -0.00185019 -0.00380111 0.00298653 -0.01215071 0.00758540 0.02895476 0.02206960
403.5  0.64185026 0.13761171 0.00825448 -0.02531901 -0.01804986 0.00998749 0.01820021 -0.00952050 0.00664142 -0.02937042
404.0  0.97416235 -0.00308249 -0.00760411 0.01446834 0.01863393 0.01482220 -0.00771193 -0.02310775 -0.01871912 0.03215768
404.5  0.46201553 -0.12190643 -0.01709929 0.00987440 0.00950348 0.00803985 0.00192618 -0.02231373 -0.03558463 -0.03331093
405.0  -0.48513449 0.18797204 -0.01041662 -0.02469594 -0.02686007 -0.00199514 0.00858108 -0.01153886 -0.04042727 0.03281334
405.5  -0.97820220 -0.14211683 0.00627462 0.00949295 0.01529699 -0.00861278 -0.01297066 0.00434541 -0.03493435 -0.02856907
406.0  -0.50953239 -0.00607795 0.01677710 0.01698053 0.01149052 -0.01127737 0.01063572 0.01844117 -0.01942004 0.02155226
406.5  0.47430130 0.14555848 0.01026722 -0.02271856 -0.02759506 -0.00658931 -0.00480953 0.02513125 -0.00098133 -0.01344687
407.0  0.97914124 -0.18696451 -0.00649138 0.00355967 0.01478807 0.00121613 -0.00483505 0.02262039 0.01627431 0.00473332
407.5  0.49116854 0.10949029 -0.01669723 0.01970104 0.01418465 0.00727698 0.00919661 0.01117723 0.03003800 0.00774239
408.0  -0.49224880 0.04015236 -0.00914809 -0.02474395 -0.02540927 0.00922969 -0.01438461 -0.00666820 0.03711565 -0.02008216
408.5  -0.97891746 -0.16184698 0.00765944 -0.00102811 0.01049382 0.00697353 0.01332242 -0.01877277 0.03743147 0.02885635
409.0  -0.47628103 0.18396211 0.01727524 0.02597161 0.01503670 0.00235310 0.00204932 -0.02712240 0.03042449 -0.03729831
409.5  0.50871821 -0.09294273 0.00900197 -0.01734935 -0.02460680 -0.00487825 -0.00680582 -0.02319239 0.01374438 0.03850958
410.0  0.97824488 -0.05677477 -0.00970273 -0.00957377 0.00541933 -0.00900719 0.01537822 -0.01132646 -0.00845740 -0.03622737
410.5  0.45577730 0.16366859 -0.01772877 0.00300393 0.02879268 -0.01061302 -0.01572168 -0.00151648 -0.03120636 0.03296694
411.0  -0.52649646 -0.18093802 -0.00826168 0.01726172 -0.02397989 -0.01259148 0.00565858 0.00293761 -0.04590578 -0.02464183
411.5  -0.97767225 0.10495683 0.00882458 -0.00428589 -0.01281515 -0.00888637 0.00430395 -0.01708426 -0.04271670 0.01136671
412.0  -0.47070078 0.03878297 0.01836572 -0.01738749 0.03269498 -0.00016449 0.00493379 -0.01198614 -0.03346766 -0.00245886
412.5  0.48176881 -0.15190260 0.01076225 0.01637012 -0.01069853 0.01473594 0.01210776 -0.00254538 -0.02316501 -0.01055138
413.0  0.97913881 0.18278528 -0.00536258 0.00653970 -0.02479581 0.02581192 0.01624702 -0.01463974 -0.00265570 0.02309916
413.5  0.56211920 -0.14305870 -0.01678030 -0.02362731 0.02880816 0.02200780 0.00946041 -0.01539187 0.02050354 -0.03024983
414.0  -0.37776809 0.02131205 -0.01382265 0.00964113 0.00553196 0.00198076 0.00417805 -0.00224694 0.03448637 0.03476357
414.5  -0.96621357 0.11788056 -0.00078191 0.01926776 -0.03001996 -0.02011498 0.00230462 0.01049989 0.03769912 -0.03369777
415.0  -0.62667968 -0.18058864 0.01267246 -0.02229546 0.01523474 -0.02838599 0.00261135 0.01916811 0.02812245 0.03170496
415.5  0.33856781 0.15866268 0.01613210 -0.00333895 0.01483256 -0.01541235 -0.00005849 0.01954525 0.01548502 -0.02404668
416.0  0.96517752 -0.04909241 0.00452437 0.02822805 -0.02578848 0.00839952 -0.00631675 0.01206132 0.00199311 0.01609926
416.5  0.61989718 -0.10406431 -0.01134962 -0.01801807 0.00843170 0.02429194 -0.01029917 -0.00060570 -0.00946657 -0.00719460
417.0  -0.34255320 0.18587496 -0.01645041 -0.01648951 0.02306764 0.02094033 -0.00896158 -0.01346533 -0.02028717 -0.00789292
417.5  -0.96465237 -0.15771010 -0.00572369 0.03196222 -0.02170041 0.00021196 -0.00151063 -0.02077157 -0.02956018 0.01837539
418.0  -0.64143407 0.04929402 0.01101953 -0.00633428 -0.00682991 -0.02062340 0.00692486 -0.02102785 -0.03426468 -0.02949324
418.5  0.30241060 0.09579967 0.01643442 -0.02947578 0.02303261 -0.02307470 0.01166929 -0.01343484 -0.03279030 0.03500173
419.0  0.95353105 -0.18617066 0.00513519 0.02611572 -0.01392556 -0.00738282 0.00838288 -0.00275346 -0.02956699 -0.03328321
419.5  0.67455911 0.16144273 -0.01169032 0.00918202 -0.01276923 0.01432417 0.00155794 0.00908332 -0.01549741 0.03402848
420.0  -0.27596901 -0.04229605 -0.01571764 -0.02604055 0.03132440 0.02689593 -0.00463572 0.01733588 -0.00371304 -0.02797109
420.5  -0.95301224 -0.10538218 -0.00071793 0.01262981 -0.01442884 0.01999202 -0.00664672 0.01990568 0.01315569 0.02228948
421.0  -0.65994747 0.18637726 0.01509982 0.00288911 -0.02472288 0.00201130 -0.00547799 0.01683230 0.02603614 -0.01536926
421.5  0.31596650 -0.14963525 0.01403484 -0.00434795 0.04071886 -0.01588624 -0.00703975 0.00956930 0.03420068 0.00440813
422.0  0.96455635 0.01866257 -0.00393407 0.00621358 -0.00689723 -0.02754289 -0.01375390 0.00456411 0.03115251 0.00335425
422.5  0.60630528 0.13165550 -0.01715144 -0.00738783 -0.03540997 -0.02528803 -0.01537913 0.00196967 0.01567116 -0.01309537
423.0  -0.38528339 -0.19160123 -0.01207340 0.00174984 0.03581518 -0.00917080 -0.01249209 -0.00517775 0.00004025 0.01954115
423.5  -0.97572024 0.12286286 0.00478549 0.00705174 0.00266448 0.01361352 -0.01368479 -0.00940626 0.01362849 -0.02531641
424.0  -0.53558034 0.01350685 0.01705514 -0.00995385 -0.03769198 0.03108495 -0.00621809 -0.00600349 -0.02387590 0.03025305
424.5  0.47948826 -0.15016654 0.01206499 0.00169067 0.03026488 0.02765338 0.00367199 0.00088026 0.03046968 -0.03333882
425.0  0.97691651 0.19341806 -0.00468183 0.00947573 0.00846773 0.00619028 0.01324526 0.00303266 -0.02839088 0.03342102
425.5  0.40592082 -0.08879550 -0.01622497 -0.01031758 -0.03764190 -0.01860532 0.01371772 -0.00073800 0.02161605 -0.03080806
426.0  -0.61496076 -0.06902977 -0.01153049 -0.00054065 0.02750972 -0.03186876 0.00574372 -0.00433142 -0.00880933 0.02541437
426.5  -0.95895816 0.16977586 0.00402764 0.01095205 0.01180502 -0.02348725 -0.00443596 -0.00550922 -0.00592430 -0.01947616
427.0  -0.26488297 -0.17327973 0.01549645 -0.00715752 -0.03937727 0.00095555 -0.01266960 -0.00443490 0.01817639 0.01299987
427.5  0.69505421 0.05854185 0.01204572 -0.00560299 0.02239811 0.02290100 -0.01386521 -0.00058637 -0.02902632 -0.00294354
428.0  0.94456446 0.09996967 -0.00183574 0.00963449 0.02235402 0.03127448 -0.00719253 0.00338850 0.03351829 -0.00820586
428.5  0.27452808 -0.18015054 -0.01589292 -0.00163528 -0.03883484 0.01626586 0.00375988 0.00333474 -0.02752927 0.01521020
429.0  -0.65396435 0.16438762 -0.01522330 -0.00793609 0.01181788 -0.01154940 0.01561331 0.00463523 0.01645292 -0.02503572
429.5  -0.96518492 -0.06402258 0.00076786 0.00571279 0.02839597 -0.02445708 0.02249843 0.00346742 0.00027984 0.02964443
430.0  -0.37865978 -0.08622543 0.01520801 0.00820266 -0.03526511 -0.02098463 0.01975408 -0.00041208 -0.02041816 -0.02886278
430.5  0.56080226 0.18095559 0.01425250 -0.00593427 0.00114012 -0.00742992 0.00189860 -0.00012760 0.02992030 0.02939236
431.0  0.97849221 -0.16959339 0.00002767 -0.00403409 0.03541728 0.00534877 -0.02212599 -0.00947585 -0.03123733 -0.02484870
431.5  0.47674467 0.06747991 -0.01457818 0.00727760 -0.02946304 0.00984907 -0.03455233 -0.00458721 0.02889315 0.02068109
432.0  -0.47212219 0.07809438 -0.01575832 -0.00695819 -0.01222643 0.00889662 -0.02881475 -0.00976188 -0.01059040 -0.01113381
432.5  -0.97755133 -0.17739173 0.00183113 0.01628814 0.03728791 0.00397275 -0.00650977 -0.00562208 -0.00675817 0.00086030
433.0  -0.56533328 0.17450803 0.01938216 -0.01156198 -0.01956267 -0.00116379 0.01869485 0.00661397 0.02074186 0.00570365
433.5  0.37783366 -0.07076053 0.01513066 -0.02552069 -0.00569482 -0.00402194 0.03087556 0.01672061 -0.03383056 -0.01696603
434.0  0.96632025 -0.07651473 -0.00112169 0.03504543 0.01976203 -0.00402200 0.02381232 0.03063752 0.02923227 0.02464263
434.5  0.63575132 0.17285111 -0.01636092 -0.00162992 -0.01149317 -0.00198272 0.00359251 0.01942720 -0.01885499 -0.02306306
435.0  -0.31627746 -0.17485154 -0.01698967 -0.03308605 -0.00632246 0.00177699 -0.01101705 -0.00080437 0.00389861 0.02439517
435.5  -0.95948678 0.07689471 -0.00329270 0.02992587 0.01580010 0.00296666 -0.01462299 -0.02103529 0.01437069 -0.02134594
436.0  -0.64407958 0.07895889 0.01303850 0.00871088 -0.00888722 0.00116877 -0.00753635 -0.03528148 -0.02692179 0.01393544
436.5  0.31752989 -0.17753946 0.01817556 -0.04047202 -0.00711764 -0.00332409 0.00283428 -0.02952631 0.03318242 -0.00454666
437.0  0.96114461 0.16976838 0.00713027 0.01968235 0.01534396 -0.00541052 0.00946881 -0.01610629 -0.02812419 -0.00559373
437.5  0.66060570 -0.08676912 -0.01074288 0.02610824 -0.00704811 -0.00328624 0.00998813 0.00684027 0.01861587 0.01558316
438.0  -0.25747694 -0.05174939 -0.01873034 -0.03395661 -0.01181358 0.00324756 0.00872283 0.02780609 0.00193892 -0.02296342
438.5  -0.92896831 0.16475006 -0.01031856 -0.00273955 0.01410071 0.00829754 0.02642997 0.02261908 -0.02008154 0.02842482
439.0  -0.77520514 -0.18239178 0.00574747 0.03633177 0.00478632 0.00703777 0.01983917 0.01501896 0.03000171 -0.02623008
439.5  0.06020155 0.13675568 0.01716036 -0.02080551 -0.01529597 0.00081905 -0.00007742 0.00848909 -0.03259376 0.02357959
440.0  0.84225561 -0.02771768 0.01358328 -0.02528243 0.00252699 -0.00933115 -0.02290473 0.00097377 0.02162585 -0.01465305
440.5  0.88056104 -0.11101546 -0.00398136 0.03364877 0.01798450 -0.01622473 -0.03045160 -0.00908763 -0.00507549 0.00316659
441.0  0.12082605 0.18131820 -0.01685179 0.00402497 -0.01360790 -0.01496379 -0.01985038 -0.01570500 -0.01262364 0.00317328
441.5  -0.76110542 -0.16542964 -0.01228107 -0.03142269 -0.01624935 -0.00173793 -0.00185035 -0.01121509 0.02670379 -0.01347255
442.0  -0.92244780 0.06957061 0.00503245 0.01246220 0.02789645 0.02369261 0.00355488 -0.00858928 -0.02895087 0.02295013
442.5  -0.19143595 0.08163988 0.01678913 0.02036010 -0.00195213 0.03376613 0.00227351 0.00678664 0.02958544 -0.02878041
443.0  0.72885071 -0.18211457 0.01214718 -0.02494060 -0.02643737 0.02283207 0.00291322 0.01480084 -0.01769804 0.03253724
443.5  0.93255527 0.16535903 -0.00482237 -0.00111821 0.02373801 -0.00329186 0.00423273 0.01853623 -0.00012791 -0.03269676
444.0  0.21188960 -0.04956567 -0.01737342 0.02620029 0.00555285 -0.02824921 0.00382649 0.01087912 0.01096101 0.02977426
444.5  -0.71786396 -0.10346240 -0.01249776 -0.02081238 -0.02675217 -0.03409591 0.00068353 -0.00214879 -0.02522015 -0.02522231
445.0  -0.93722216 0.18867707 0.00352148 -0.00794276 0.02086797 -0.01578662 -0.00559711 -0.01186923 0.03328236 0.01853162
445.5  -0.23025945 -0.14240382 0.01804055 0.02603784 0.00410463 0.01393730 -0.00807093 -0.01653153 -0.02738724 -0.01091070
446.0  0.70236994 -0.00261753 0.01420036 -0.01650539 -0.02654592 0.03316261 -0.00955022 -0.00806144 0.01884333 0.00205738
446.5  0.94601267 0.14911069 -0.00122785 -0.01200865 0.02203973 0.02995395 -0.00279029 0.00159790 -0.00433155 0.00631371
447.0  0.29073634 -0.18634845 -0.01718912 0.02940249 0.00912180 0.00673804 0.00717359 0.00705775 -0.01649826 -0.01252434
447.5  -0.61967791 0.10496159 -0.01806738 -0.00852013 -0.02966887 -0.02163407 0.01164275 0.00783440 0.02793404 0.02309368
448.0  -0.97701034 0.02802307 -0.00155972 -0.02198395 0.01386297 -0.03556732 0.00148854 -0.00493285 -0.02955482 -0.03243605
448.5  -0.54048234 -0.15438974 0.01706725 0.02026047 0.01802085 -0.01390105 -0.01736399 -0.00710565 0.02306798 0.03594152
449.0  0.28786763 0.19088154 0.02065066 0.01115652 -0.02754313 0.01332677 -0.00215784 -0.00551034 0.00052678 -0.03668723
449.5  0.89945485 -0.13737306 0.00803628 -0.02167508 -0.01124014 0.02472007 -0.01349658 0.00733236 -0.02444111 0.03040730
450.0  0.88321853 0.04761863 -0.00971520 -0.01704422 0.02772164 0.01606524 -0.01013164 0.02532543 0.03325310 -0.01902909
450.5  0.26164206 0.08236404 -0.02004452 0.02444209 0.00825880 -0.00153629 -0.00744444 0.01586158 -0.03008635 0.00812600
451.0  -0.54650969 -0.17137545 -0.01571470 0.01030817 -0.02410351 -0.02145921 -0.00459257 0.00505026 0.00992733 0.00474901
451.5  -0.97608245 0.17933490 0.00335000 -0.02925149 0.00078527 0.02463417 0.00249104 -0.00928853 0.01135241 -0.01838743
452.0  -0.67095742 -0.13139272 0.02055404 0.00308395 0.02264087 -0.01041177 0.00544151 -0.01949996 -0.02997488 0.02693611
452.5  0.17073617 0.00242702 0.01808217 0.02844788 -0.01014069 -0.01577703 0.00512854 -0.01971537 0.03573610 -0.03142137
453.0  0.88588984 0.13260677 -0.00115668 -0.02090327 -0.01561998 0.02681121 0.00181449 -0.01307143 -0.03228418 0.03367579
453.5  0.83634718 -0.18378638 -0.02014730 -0.01507000 0.01897414 -0.01603044 -0.00219624 -0.00002315 0.02370028 -0.03321485
454.0  0.00878524 0.14375781 -0.02008283 0.03310289 0.00064708 -0.00213923 -0.00491606 0.01082150 -0.00706433 0.02979272
454.5  -0.83812409 -0.00882502 0.00111256 -0.00971790 -0.02221565 0.02110642 -0.00522490 0.01898070 -0.00795361 -0.02319125
455.0  -0.84903650 -0.14413169 0.02154526 -0.02506668 0.01839246 -0.02550445 -0.00407383 0.01999382 0.02007399 0.01490533
455.5  0.03286935 0.18797879 0.01867934 0.03012432 0.00517251 0.01046907 -0.00050313 0.01398234 -0.03148323 -0.00664189
456.0  0.88986883 -0.09377613 -0.00450126 -0.00130365 -0.02282570 0.00787539 0.00410720 0.00331020 0.03607151 -0.00151542
456.5  0.75370832 -0.07087611 -0.02278119 -0.02955036 0.01793812 -0.01991751 0.00741533 -0.00869859 -0.03471024 0.00936956
457.0  -0.24441226 0.18348872 -0.01446123 0.02741018 0.00470463 0.02325048 0.00873058 -0.01749914 0.02933322 -0.01623119
457.5  -0.96150518 -0.15043209 0.01015903 0.00273407 -0.02367612 -0.01261903 0.00545705 -0.02063285 -0.01744287 0.02280870
458.0  -0.58384758 0.00536550 0.02208727 -0.03014991 0.01902741 -0.00659340 0.00000694 -0.01602764 0.00026735 -0.02896900
458.5  0.43925413 0.14174706 0.00972061 0.02700920 0.00745263 0.01875636 -0.00477216 -0.00654772 0.01596500 0.03239144
459.0  0.97785566 -0.19197275 -0.01308460 0.01092812 -0.02597844 -0.01936851 -0.01560497 0.00567755 -0.02940481 -0.03373316
459.5  0.48780648 0.11131400 -0.02270515 -0.03891622 0.01418473 0.02232206 -0.00155621 0.01722658 0.03597157 0.03295007
460.0  -0.50118454 0.02913557 -0.00808657 0.01587488 0.01466123 -0.00318567 0.00456956 0.02065562 -0.02743082 -0.02801223
460.5  -0.97928838 -0.14532193 0.01585224 0.03199274 -0.02146837 -0.01447241 0.01850492 0.00429412 0.01151299 0.02031205
461.0  -0.45948261 0.19263899 0.02299153 -0.03717460 -0.01059547 0.02875806 0.00750352 0.00818283 -0.00299494 -0.00984072
461.5  0.52724819 -0.12633893 0.00835748 -0.01408348 0.01583680 -0.02216863 -0.01817469 -0.00475177 -0.00785579 -0.00324489
462.0  0.97655084 -0.01480449 -0.01513007 0.04087246 0.01228975 0.00844661 0.01515872 -0.02110247 0.01592597 0.01647115
462.5  0.42395205 0.13052760 -0.02340572 -0.01409891 -0.02380708 0.00837271 -0.00261101 -0.02538326 -0.02080309 -0.02614393
463.0  -0.56663103 -0.18650210 -0.00926167 -0.02788807 0.00429661 -0.02138809 -0.01245438 -0.01574914 0.01485858 0.03581059
463.5  -0.97233192 0.15246108 0.01473848 0.03629595 0.02086515 0.02342903 -0.01385110 -0.00067016 -0.00730428 -0.03809105
464.0  -0.38663152 -0.01928089 0.02407747 0.00068873 -0.02251122 -0.01317632 -0.01095001 0.01456272 -0.00023578 0.03437126
464.5  0.59120648 -0.11474090 0.01270099 -0.03644052 -0.00781583 -0.00830050 -0.00300186 0.02458555 0.00783146 -0.02429364
465.0  0.97144072 0.17960789 -0.00936601 0.02495862 0.02867989 0.02530912 0.00708628 0.02476109 -0.01204990 0.01076821
465.5  0.36793256 -0.16349327 -0.02389189 0.01723228 -0.01334006 -0.02449083 0.01243798 0.01536167 0.01325692 0.00036391
466.0  -0.60291073 0.04701334 -0.01725845 -0.03780133 -0.02029659 0.00733688 0.01425115 0.00144352 -0.01477174 -0.01330604
466.5  -0.96796199 0.10406141 0.00334542 0.00376712 0.02975601 0.01371054 0.01208951 -0.01424782 0.01454189 0.02499503
467.0  -0.36379369 -0.18239778 0.02040353 0.02871062 0.01523148 -0.02900681 0.00796030 -0.02236958 -0.01056489 -0.02949816
467.5  0.60388277 0.15936698 0.02126369 -0.00645875 -0.03945663 0.02408605 0.01371343 0.01999511 0.00637851 0.03504044
468.0  0.97060599 -0.04526146 0.00303432 -0.01834919 0.00967597 -0.00796201 -0.00919177 -0.01629865 0.00274382 -0.03591198
468.5  0.39822579 -0.10194152 -0.01913403 0.01289698 0.03033612 -0.00761748 -0.01326099 0.00543742 -0.02140582 0.02867746
469.0  -0.54386788 0.18490546 -0.02266125 0.01128909 -0.03684908 0.02462518 -0.01772630 0.00421196 0.02709079 -0.02130439
469.5  -0.97862590 -0.16381572 -0.00666505 -0.01911839 -0.00514703 -0.02510692 -0.00709293 -0.01959235 0.01961631 0.00893524
470.0  -0.52356112 0.05324452 0.01504593 -0.00443816 0.04198558 0.00415876 0.00098302 0.02246306 0.00767566 -0.00015276
470.5  0.40682849 0.08665231 0.02345952 0.02220974 -0.02076724 0.01800501 0.01338857 -0.01333610 -0.00670610 -0.01448728
471.0  0.96999162 -0.17680484 0.00859185 -0.00837667 -0.02424509 -0.02308812 0.02059406 -0.00068931 -0.01591295 0.02534000
471.5  0.62201374 0.17424892 -0.01520289 -0.01944857 0.03489659 0.01232156 0.01259883 0.01162389 -0.02282151 -0.03074498
472.0  -0.33264348 -0.06486750 -0.02224446 0.02102987 -0.00070209 0.00867700 -0.00069617 -0.01827275 -0.02201331 0.04137820
472.5  -0.96371129 -0.08787159 -0.00459756 0.01361326 -0.02766987 -0.02388241 -0.01377516 0.01840950 -0.02232135 -0.04215721
473.0  -0.61427218 0.17645563 0.01776950 -0.03592280 0.01475840 0.02186152 -0.01924498 -0.01179378 -0.01534219 0.03745084
473.5  0.38297641 -0.16420877 0.01900793 0.00886051 0.01181082 0.00002591 -0.01446160 0.00470352 -0.00741611 -0.03506547
474.0  0.97534864 0.05152731 -0.00135410 0.02999168 -0.01732263 -0.02073249 -0.00289572 0.00503333 0.00031415 0.02716722
474.5  0.51478948 0.11041363 -0.02004316 -0.03411607 0.00302308 0.02456274 0.01064279 -0.01565742 0.00978163 -0.01396788
475.0  -0.50840583 -0.19083603 -0.01566601 -0.00036297 0.01720803 -0.01404928 0.01863195 0.01787354 0.01648853 0.00475855
475.5  -0.97634586 0.13702815 0.00598386 0.03524098 -0.01496013 -0.00871453 0.01906506 -0.01382245 0.02193846 0.00640013
476.0  -0.36823024 -0.00688707 0.02077908 -0.03043441 -0.00463932 0.02807166 0.01161995 0.00717886 0.02460926 -0.01840206
476.5  0.64210977 -0.13625790 0.01353404 -0.00967929 0.01692778 -0.02529983 -0.00163714 0.00606697 0.02119933 0.02733059
477.0  0.94996499 0.19559086 -0.00912199 0.03742053 -0.01106733 0.00912452 -0.01841265 0.01017118 0.01213061 -0.03197477
477.5  0.24078608 -0.10572077 -0.02121937 -0.02334726 -0.00615229 0.01080806 -0.02366498 -0.00511771 -0.00280474 0.03911420
478.0  -0.71878726 -0.04919600 -0.01161663 -0.01683245 0.01766109 -0.01489780 -0.02691159 0.00754861 -0.01431959 -0.04178692
478.5  -0.93267846 0.16182262 0.00754968 0.03870158 -0.00506241 0.02636659 -0.00397454 -0.00033086 -0.02410618 0.04137043
479.0  -0.21497681 -0.18078952 0.01904884 -0.01628028 -0.01185187 -0.01132487 0.00296460 0.00488239 -0.02777602 -0.04246757
479.5  0.69724491 0.08108680 0.01377291 -0.02837664 0.00735908 -0.00818728 0.01262205 0.00302222 -0.02942561 0.03950853
480.0  0.95489429 0.07099764 -0.00408986 0.03364547 0.01406699 0.02240158 0.02007020 -0.01102146 -0.02082848 -0.03177403
480.5  0.35329272 -0.17205800 -0.01286158 0.00657938 -0.01288759 -0.02246946 -0.02048996 0.01168770 -0.00591181 -0.02222540
481.0  -0.55796924 0.17757751 -0.00990413 -0.03177964 -0.01550400 0.01259622 -0.00851050 -0.00622771 0.01423046 -0.01186048
481.5  -0.97863681 -0.08312660 -0.00044074 0.01533412 0.02603177 0.00305827 0.01447022 -0.00116257 0.02687722 0.00161421
482.0  -0.54530496 -0.05917358 0.01005999 0.01795964 -0.00186527 -0.02244451 0.02659798 0.00637134 0.03230097 0.01957792
482.5  0.36289459 0.16726971 0.01206237 -0.02700844 -0.02410887 0.01801839 0.02162994 -0.00867204 0.03162581 0.03241068
483.0  0.95379636 -0.18532835 0.00253183 -0.00003629 0.02064272 -0.00370692 0.00306170 0.00845579 0.02597972 0.03937204
483.5  0.72488108 0.10056926 -0.00893129 0.02590969 0.00742258 -0.01307906 -0.01881057 -0.00354777 0.01792781 0.04082322
484.0  -0.11854170 0.02951361 -0.01239114 -0.01606221 -0.03057548 0.02840324 -0.02703462 0.00158081 -0.00596818 0.03786392
484.5  -0.86049846 -0.14226981 -0.00543338 -0.01488563 0.01241192 -0.01168765 -0.01719374 0.00319453 -0.01140574 0.03242478
485.0  -0.87860476 0.19434133 0.00673126 0.02420946 0.02019581 -0.01900435 0.00579027 -0.00669834 0.02942760 0.02265643
485.5  -0.16134795 -0.14192139 0.01244645 -0.00070531 -0.02596826 0.02474685 0.02537931 0.01021567 -0.03445501 0.01470809
486.0  0.69540730 0.02615745 0.00772827 -0.02600385 -0.00221274 -0.01526010 0.02447974 -0.00783027 0.03882735 -0.00207397
486.5  0.96338358 0.09198788 -0.00165232 0.01415025 0.02636464 -0.01079757 0.00665258 0.00236278 -0.03570081 -0.01438675
487.0  0.40126616 -0.18356943 -0.01056915 0.01760259 -0.01260601 0.03436884 -0.01748835 0.00313245 0.01614090 -0.03068779
487.5  -0.51269694 0.17904219 -0.01216781 -0.02221287 -0.01480879 -0.01868350 -0.02904606 -0.00808595 -0.00020376 0.03491808
488.0  -0.97862510 -0.07955414 -0.00349396 0.00023174 0.02385569 -0.00745328 -0.01777172 0.00840464 -0.01939007 -0.03863030
488.5  -0.55761612 -0.04286038 0.00786768 0.02020399 -0.00408093 0.02036202 0.00947965 -0.00274238 0.03917732 0.03491623
489.0  0.37917297 0.15610678 0.01271001 -0.01712067 -0.02373596 -0.02093757 0.02867198 -0.00308602 -0.03974286 -0.02889007
489.5  0.96370031 -0.19422008 0.00841935 -0.00397363 0.02149795 0.00769913 -0.03297041 0.01862640 0.01727006 0.01929277
490.0  0.65365952 0.11663140 -0.00286320 0.02566387 -0.00106047 0.01071748 0.02359732 -0.00439447 0.00166268 -0.00579380
490.5  -0.27107526 0.01040641 -0.01448034 -0.02395951 -0.01445425 -0.02268559 0.01586914 -0.00204111 0.01777248 -0.00803628
491.0  -0.94383550 -0.13196639 -0.01276463 -0.00167351 0.01920969 0.03085936 -0.02672977 -0.01422847 0.02960827 0.02099304
491.5  -0.70901258 0.19370096 0.00166515 0.02500695 -0.00602821 -0.02605175 0.01720712 0.02671235 0.02474562 -0.03086198
492.0  0.22511795 -0.13535391 0.01354306 -0.02235674 -0.01409045 0.00739049 -0.01665694 -0.02401198 0.02003994 0.03756061
492.5  0.93978955 -0.00461772 0.01061574 -0.00658445 0.01705658 0.01922315 0.01249248 0.01190181 0.00798830 -0.03674782
493.0  0.69520774 0.13711325 -0.00262784 0.02592629 -0.00007753 -0.03771681 -0.01186718 0.01275867 -0.00803506 0.03030267
493.5  -0.26756496 -0.18949720 -0.01206234 -0.01316679 -0.01546909 0.02925979 -0.00254761 -0.02415418 -0.01946845 -0.02312281
494.0  -0.95264516 0.12178304 -0.00704425 -0.01430995 0.01707154 -0.00524300 0.00331763 0.02844335 -0.02774259 0.01268649
494.5  -0.66491462 0.02260084 0.00483466 0.02627290 -0.00057907 -0.02096115 0.01054811 -0.02530320 -0.02864401 0.00213630
495.0  0.28885168 -0.15150863 0.01056447 -0.00664299 -0.01943111 0.03747091 0.01177526 0.00466069 -0.02449815 -0.01281654
495.5  0.95128194 0.18954851 0.00544764 -0.02032538 0.01637308 -0.02686894 0.00793406 0.01454775 -0.01490799 0.02480232
496.0  0.69195804 -0.11086759 -0.00664553 0.02297031 0.00497256 -0.00309415 -0.00037813 -0.02302917 -0.00215826 -0.03224056
496.5  -0.21587343 -0.02589441 -0.01030190 -0.00182356 -0.01865470 0.03005664 -0.01027342 0.02493829 0.01405847 0.03485955
497.0  -0.91806341 0.14409778 -0.00672452 -0.01625420 0.01753872 -0.03818529 -0.00838569 -0.00899162 0.02664039 -0.03603411
497.5  -0.79539042 -0.19400146 -0.00019532 0.02114987 0.00323025 0.01832080 -0.00482880 -0.01609539 0.02804440 0.03379345
498.0  0.01422966 0.13160026 0.00837865 -0.00139139 0.02086581 0.01851007 0.00048006 0.01673822 0.01919462 -0.02695178
498.5  0.80807363 -0.00352233 0.01313958 -0.01891095 0.01333907 -0.03985943 0.01126606 -0.00895444 -0.00260570 0.01787695
499.0  0.92069633 0.11256497 0.00958936 0.01505284 -0.01364072 0.03484023 0.00576210 0.00048891 -0.02224731 -0.00815984
499.5  0.27392037 0.17697735 -0.00348624 0.00301724 -0.02115813 -0.00916254 -0.00017227 0.01816314 -0.02736269 -0.00577712
500.0  -0.59390086 0.17262976 -0.01475489 -0.02070377 -0.00006959 -0.02294764 0.00536098 -0.02483640 -0.02265795 0.01865025
500.5  -0.97889326 0.10212542 -0.01478223 0.01054483 0.01883492 0.03956620 -0.01275011 0.01874696 -0.00831254 -0.02839492
501.0  -0.57175927 -0.01583772 -0.00355801 0.01861948 0.01507961 -0.02891185 -0.00546052 -0.00111141 0.01016809 0.03812094
501.5  0.30467706 -0.14183913 0.01195642 -0.01701168 -0.00854020 0.00108037 -0.00601564 -0.01461198 0.02310838 -0.03885089
502.0  0.93089878 -0.21556446 0.01764858 -0.00537558 -0.02185956 0.02658890 -0.00221578 0.02351423 0.02864417 0.03453721
502.5  0.75589000 -0.18310034 0.00741526 0.02039842 -0.00766805 -0.03987531 0.00856692 -0.02299884 0.02262903 -0.02669677
503.0  -0.09677947 -0.03968040 -0.00865998 -0.01271907 0.01666275 0.02490853 0.00722871 0.00919686 0.01274140 0.01343582
503.5  -0.86469504 0.14340787 -0.01591893 -0.01340711 0.02257733 0.00032260 0.00686497 0.00561596 -0.00286942 -0.00114944
504.0  -0.82000895 0.25005501 -0.00687395 0.02265683 0.00592804 -0.02189979 0.00351136 -0.01647793 -0.01912831 -0.00912890
504.5  0.00905345 0.20278094 0.00782745 -0.00540973 -0.02271538 0.03615475 -0.00655986 0.02747897 -0.02578436 0.01987781
505.0  0.83131019 0.02429093 0.01216011 -0.01646808 -0.02231257 -0.02748049 -0.01060651 -0.02084460 -0.03061108 -0.02877128
505.5  0.83810190 -0.17350091 0.00395075 0.02332210 0.00441956 0.00541876 -0.00467958 0.01692951 -0.01843784 0.03131033
506.0  0.00250303 -0.26170203 -0.00690006 -0.00292374 0.02286266 0.01737280 -0.00830499 0.00181457 -0.00405125 -0.03631124
506.5  -0.84163702 -0.18136637 -0.01000970 -0.02076160 0.01616857 -0.03100057 0.00349126 -0.02431728 0.00932067 0.03583310
507.0  -0.80724201 0.01694173 -0.00322875 0.01713619 -0.00765193 0.02567980 0.00729502 0.03272785 0.02630737 -0.02990062
507.5  0.09497614 0.20699215 0.00684096 0.00608459 -0.02345564 -0.00178906 -0.01273438 -0.03259803 0.02550829 0.02908556
508.0  0.89769131 0.26332174 0.00849659 -0.02128726 -0.01204869 -0.01598681 -0.00279836 0.01769517 0.02702727 -0.02475423
508.5  0.69936089 0.14272318 0.00043365 0.01334060 0.01343849 0.01350313 0.01910746 0.00004821 0.01957145 0.01650119
509.0  -0.29261382 -0.08348848 -0.00550711 0.01586976 0.02541517 -0.00067377 -0.02642028 -0.01747809 0.00968981 -0.00845788
509.5  -0.94684046 -0.26464241 -0.00472358 -0.02490339 0.00659024 -0.01160470 0.01930622 0.02694003 0.00041049 -0.00114530
510.0  -0.51030059 -0.26784218 0.00134677 0.00353746 -0.01760268 0.01484694 -0.00129322 -0.02749598 -0.00920755 0.01248644
510.5  0.50607102 -0.07990729 0.00556780 0.01904173 -0.02475531 -0.00852757 -0.01525860 0.02104512 -0.01627661 -0.02385701
511.0  0.94054679 0.17364175 0.00180472 -0.02088267 -0.00563663 -0.00466567 0.02504161 -0.00940754 -0.01988460 0.03299194
511.5  0.32006323 0.31639910 -0.00466646 0.00130388 0.02080598 0.01597818 -0.02265456 -0.00560582 -0.02615705 -0.03879055
512.0  -0.65071589 0.24861670 -0.00542169 0.02227109 0.02469422 -0.01564772 0.01020037 0.01879663 -0.02338144 0.04496022
512.5  -0.90399977 0.01767586 0.00059086 -0.01852720 0.00066445 0.00455583 0.00663105 -0.02601239 -0.02583407 -0.04002972
513.0  -0.17004833 -0.21960727 0.00573750 -0.01184835 -0.02376088 0.00873353 -0.01999794 0.02684515 -0.02235732 0.03473317
513.5  0.74780817 -0.31064849 0.00300586 0.02389780 -0.02096922 -0.01709378 0.02539992 -0.01885446 -0.00985137 -0.02751741
514.0  0.86919325 -0.21230047 -0.00406061 -0.00485639 0.00593204 0.01507449 -0.01885268 0.00450381 -0.00048498 0.01558031
514.5  0.08898023 -0.00361253 -0.00590971 -0.01736707 0.02601491 -0.00261871 0.00583561 0.01009903 0.01214002 0.00151276
515.0  -0.77764851 0.18874123 -0.00045995 0.02132189 0.01794866 -0.00824995 0.01058448 -0.02100807 0.02181141 -0.01536692
515.5  -0.88116263 0.27195912 0.00548519 0.00361906 -0.01202285 0.01284256 -0.02382442 0.02501405 0.02497631 0.02762102
516.0  -0.14065625 0.21926512 0.00640308 -0.02618191 -0.02510636 -0.01076638 0.02203311 -0.01820683 0.02289039 -0.04094768
516.5  0.73476372 0.06289491 0.00202568 0.01248234 -0.00782415 -0.00150407 -0.01304458 0.00627354 0.01198638 0.04405633
517.0  0.91423308 -0.12384103 -0.00521275 0.01555943 0.02008731 -0.00549591 0.00571787 0.00786600 -0.00239010 -0.04209446
517.5  0.21483232 -0.24736633 0.00831164 -0.02112074 0.02397421 0.01422873 -0.01469992 -0.01656262 -0.01611273 0.04055320
518.0  -0.69803383 -0.23518604 -0.00287877 0.00363753 -0.00465664 -0.00909177 0.02269594 0.02310747 0.02370866 -0.03253545
518.5  -0.92367698 -0.08423328 -0.00391545 0.01781476 -0.02610260 -0.00354268 -0.01703739 -0.02400006 -0.02146059 0.02066754
519.0  -0.22216964 0.11982858 0.00849292 -0.02046937 -0.01531277 0.00785937 -0.00114783 0.01560697 0.01425233 -0.01103357
519.5  0.70606179 0.24726303 -0.00430883 -0.00288989 0.01268418 -0.00452051 0.02006006 -0.00208292 -0.00482741 -0.00538270
520.0  0.92028343 0.21632322 -0.00556998 0.02416168 0.02675500 -0.00090789 -0.02953633 -0.00964094 -0.00503696 0.02210669
520.5  0.21136458 0.05512944 0.00878451 -0.01647461 0.01149892 0.00765040 0.02147926 0.01862858 0.01139799 -0.03443821
521.0  -0.70310653 -0.12645373 -0.00430818 -0.01272414 -0.01876553 -0.00857641 -0.00641117 -0.01936775 -0.01574030 0.04562269
521.5  -0.93736241 -0.22294400 -0.00445254 0.02597012 -0.02689951 0.00378570 -0.01242734 0.01220000 0.01547743 -0.05101375
522.0  -0.29028672 -0.19700363 0.00890505 -0.00629537 -0.00221157 0.00344832 0.02665503 -0.00029850 -0.00948129 0.04823329
522.5  0.62415430 -0.08057189 -0.00526613 -0.01789480 0.02498138 -0.00535378 -0.02642908 -0.01009361 0.00254864 -0.03723848
523.0  0.96783050 0.06256051 -0.00250725 0.02073575 0.02080357 0.00260378 0.01336710 0.01587833 0.00707821 0.01988543
523.5  0.42728889 0.17234578 0.00887134 0.00332504 -0.00916878 -0.00286446 0.00914893 -0.01614931 -0.01495653 0.00132449
524.0  -0.50389932 0.20846413 -0.00649180 -0.02313587 -0.02670033 0.00335438 -0.02884887 -0.00240707 0.01432155 -0.02076303
524.5  -0.97315077 0.15459098 -0.00203041 0.01440775 -0.00960945 -0.00661657 0.02750221 0.02020085 -0.01154700 0.03569525
525.0  -0.55917980 0.02497262 0.00736164 0.01254200 0.02032074 0.00875858 -0.01254503 -0.02230060 0.00615635 -0.04745757
525.5  0.35355827 -0.13027309 -0.00687436 -0.02373884 0.02123139 0.00121344 -0.01101113 0.01832676 0.00076900 0.05387444
526.0  0.94507769 -0.23637943 0.00046196 0.00482276 -0.00390774 -0.01695464 0.02466086 -0.00500648 -0.00123468 -0.05245635
526.5  0.68486201 -0.22477605 0.00785516 0.02084435 -0.02359264 0.02494826 -0.01977566 -0.01191977 -0.00047558 0.04992315
527.0  -0.20273176 -0.08150534 -0.00758464 -0.01784701 -0.01661258 -0.01651402 0.00543090 -0.02516592 -0.00296972 -0.03790394
527.5  -0.90412616 0.12565344 0.00035440 -0.01066001 0.01071478 -0.00551514 0.00701240 -0.02590592 0.00270359 0.02483790
528.0  -0.73719984 0.26635080 0.00728518 0.01634231 0.03236162 0.03032989 -0.01296016 -0.01521774 -0.00131953 -0.01111041
528.5  0.16196366 0.23346639 -0.00518558 -0.01096650 0.01216639 -0.02889895 0.00743025 -0.00253965 0.00377058 -0.00561311
529.0  0.90176822 0.03447613 0.00193666 -0.01056256 -0.01763395 0.01433830 -0.00370069 0.01565782 -0.00327769 0.01961974
529.5  0.71332042 -0.19279579 -0.00230512 0.02191851 -0.02730665 0.00769090 0.00098934 0.02551063 -0.00143459 -0.03292821
530.0  -0.21624563 -0.28209103 -0.00188952 -0.00747903 -0.00894295 -0.03423416 0.00293206 0.02399971 -0.00041467 0.04535817
530.5  -0.91928876 -0.17097427 0.00149251 -0.01537870 0.01748819 0.03170594 -0.00354694 0.01455444 0.00026754 -0.05096775
531.0  -0.68455953 0.05597361 0.00039845 0.01924767 0.02648929 -0.00688097 0.00316273 -0.00309361 0.00548396 0.05483042
531.5  0.22075333 0.24205203 -0.00130392 -0.00303399 0.00807569 -0.01633450 -0.00219176 -0.01960051 -0.00246577 -0.05226203
532.0  0.90329540 0.27815636 0.00067280 -0.01823858 -0.01951010 0.03386373 0.00087253 -0.02674940 0.00145395 0.04376202
532.5  0.75659698 0.15572756 0.00017390 0.01718699 -0.02601212 -0.02638784 -0.00001457 -0.02413945 -0.00494941 -0.03081690
533.0  -0.04415070 -0.05118647 0.00031747 0.00683467 -0.00461047 -0.00535972 -0.00283737 -0.00878215 -0.00173185 0.00945221
533.5  -0.79496136 -0.23649679 0.00195009 -0.02239214 0.02316776 0.02664657 0.00390550 0.01128052 0.00164542 0.01310509
534.0  -0.88759987 -0.31352589 -0.00629958 0.00719608 0.02161102 -0.02765481 0.00044313 0.02683635 0.00203622 -0.03262836
534.5  -0.27905115 -0.24766149 -0.00009252 0.01740586 -0.00620211 0.01524958 0.01536266 0.01877876 0.00532086 0.05520761
535.0  0.53083212 -0.06810190 0.00332555 -0.01651891 -0.02788050 0.01524582 -0.00004862 0.01140587 -0.00144110 -0.06026359
535.5  0.93364082 0.14714171 -0.00031708 -0.00792119 -0.01086073 -0.03535124 -0.00295063 -0.01059343 0.00440053 0.05175354
536.0  0.65111655 0.30809805 -0.00057827 0.02080892 0.02326546 0.02045625 0.01600713 -0.02074710 -0.00603327 -0.04064427
536.5  -0.10729869 0.34436632 0.00216724 -0.00585990 0.02007791 0.02089813 -0.01283223 -0.01927284 0.01412431 0.01669895
537.0  -0.79441211 0.23265906 -0.00270829 -0.02138241 -0.00879772 -0.02080632 -0.02684671 -0.01092211 -0.00244680 0.00594341
537.5  -0.86652059 0.00879025 0.00044947 0.01774715 -0.02667777 0.00331665 0.03463332 0.00090709 -0.01298378 -0.02492091
538.0  -0.20503583 -0.22477832 0.00210115 0.01384762 -0.01025515 0.00943624 -0.01887486 0.01079267 0.01551467 0.04119846
538.5  0.66233063 -0.33772496 -0.00631724 -0.02751721 0.01780365 -0.01783247 -0.01030211 0.01616721 -0.01876870 -0.05037711
539.0  0.90898540 -0.25157268 0.00225773 0.00692820 0.02571582 0.00426740 0.03443358 0.01677809 0.01847442 0.05576734
539.5  0.22871370 -0.00914449 0.00458611 0.02276287 0.00726315 0.01045215 -0.03184504 0.01300033 -0.00893964 -0.05410497
540.0  -0.70772882 0.23338747 -0.00682552 -0.02610243 -0.02081497 -0.01127043 0.01369851 0.00453860 0.00367548 0.05168899
540.5  -0.87862356 0.31089341 0.00218121 0.00199226 -0.02593434 0.00391966 0.01273161 -0.00631193 0.00035606 -0.04653279
541.0  -0.07931862 0.17456999 0.00547898 0.02198740 -0.00481327 0.00662447 -0.03453613 -0.01636370 -0.01092170 0.03438028
541.5  0.80634951 -0.07577762 -0.00733130 -0.02484741 0.01883686 -0.01447190 0.03072158 -0.02109963 0.01362185 -0.02524387
542.0  0.81841191 -0.27021347 0.00080190 -0.00276226 0.02353120 0.01042904 -0.00891083 -0.01863129 -0.01295939 0.01598005
542.5  -0.02615071 -0.28785287 0.00844353 0.02736287 0.00155143 0.01122889 -0.01580043 -0.01112349 0.01333296 0.00144491
543.0  -0.83629909 -0.12813000 -0.00665928 -0.01686709 -0.02207867 -0.02394961 0.03111899 0.00023097 -0.00893843 -0.01661759
543.5  -0.81159602 0.10573020 -0.00381725 -0.01194932 -0.01986259 0.01613621 -0.02312878 0.01007045 0.00200896 0.02663018
544.0  -0.00046767 0.27544414 0.00999429 0.02466124 0.00881287 0.00225854 0.00140363 0.01531131 0.00099492 -0.04329746
544.5  0.80657843 0.28704457 -0.00626177 -0.00639583 0.02528536 -0.02692662 0.01344806 0.01796138 -0.00441551 0.05219792
545.0  0.85798271 0.14431239 -0.00150107 -0.02029047 0.01006645 0.03931877 -0.01644715 0.01222464 0.00214784 -0.05430706
545.5  0.13057647 -0.06360797 0.00951933 0.02136598 -0.01573601 -0.02106628 0.01524064 0.00452952 -0.00330694 0.05356545
546.0  -0.70672166 -0.22565261 -0.00941650 0.00920253 -0.02255026 -0.01122016 -0.00771504 -0.00669537 0.00364788 -0.03914362
546.5  -0.93547588 -0.27368823 0.00265162 -0.02749578 -0.00004187 0.03611949 -0.00240309 -0.01872415 -0.00077423 0.01631211
547.0  -0.37482061 -0.20261097 0.00412458 0.00677488 0.02408307 -0.04091341 0.00469501 -0.01477060 0.00635474 0.00924858
547.5  0.50816753 -0.05616263 -0.01150573 0.00956339 0.02356944 0.01147729 -0.01391729 -0.00971897 -0.00255966 -0.03261167
548.0  0.96510577 0.10341021 0.00821594 -0.02283044 -0.00456440 0.02499278 0.00847407 0.00199039 0.00146165 0.04829818
548.5  0.56904665 0.21413400 -0.00101833 -0.00229816 -0.02181765 -0.04152151 0.00916788 0.01440281 -0.00009191 -0.05247134
549.0  -0.36022627 0.23097467 -0.00562641 0.02627977 -0.01321626 0.02955717 -0.01591268 0.01812763 -0.00326622 0.04934523
549.5  -0.95511186 0.13872022 0.01127575 -0.01525131 0.01217430 0.00511427 0.01534583 0.01427457 0.00288932 -0.03947799
550.0  -0.60963178 -0.03236459 -0.00328051 -0.01410946 0.02335129 -0.03463207 -0.00479681 0.00518577 -0.00374341 0.02111767
550.5  0.35440931 -0.20004555 -0.00721751 0.02543423 0.00851189 0.03772198 -0.01029075 -0.00972785 0.00346613 -0.00487906
551.0  0.95365327 -0.25934115 0.00963033 -0.00790804 -0.01488410 -0.01575929 -0.01475048 -0.02113188 -0.00121711 -0.01264140
551.5  0.56904308 -0.15530733 -0.00473976 -0.02060990 -0.02273795 -0.01432536 -0.00926753 0.02593646 -0.00341114 0.03167989
552.0  -0.39427026 0.05988231 -0.00635240 0.02485122 -0.00424559 0.03583454 -0.00389699 -0.01762643 0.00440526 -0.04090434
552.5  -0.95057534 0.24773745 0.01047586 -0.00000225 0.01892288 -0.03419220 0.00435372 0.00298493 -0.00302040 0.04837890
553.0  -0.55087984 0.27877721 -0.00336024 -0.02401207 0.02150470 0.01128411 0.01138157 0.01246434 -0.00006643 -0.05518340
553.5  0.39667021 0.12821448 -0.00634760 0.02190968 -0.00053504 0.01922447 0.01250240 -0.02418145 0.00115373 0.04963901
554.0  0.94768820 -0.10843908 0.01018734 0.00952298 -0.02165267 -0.03884606 0.00552552 0.02829445 -0.00316989 -0.04199908
554.5  0.53943650 -0.27674039 -0.00323406 -0.02880499 -0.01820386 0.03395749 -0.00230736 -0.02081710 0.00325393 0.03468027
555.0  -0.42493215 -0.26651096 -0.00680695 0.01329564 0.00450038 -0.00919566 -0.01270033 0.00437744 -0.00338033 -0.02199648
555.5  -0.95084571 -0.08602568 0.00960207 0.01483760 0.02087693 -0.01331381 -0.01741525 0.01228689 0.00299382 0.00829199
556.0  -0.49120977 0.14682950 -0.00252423 -0.02870313 0.01422905 0.03620754 -0.00441895 -0.02489994 0.00105444 0.00183989
556.5  0.47025875 0.29090792 -0.00680558 0.00757201 -0.01098548 -0.03990259 -0.00400979 0.02908732 -0.00260960 -0.01590880
557.0  0.94838810 0.26552268 0.00993526 0.02555167 -0.01938695 0.02416361 0.00555313 -0.02301740 0.00173447 0.02851586
557.5  0.46287513 0.08172944 -0.00221447 -0.02018707 -0.01336460 0.00418161 0.01130122 -0.00653661 0.00347284 -0.03750904
558.0  -0.49610636 -0.16537835 -0.00849621 0.00167564 0.01799973 -0.02691760 -0.00162551 -0.00469164 -0.01235244 0.04542338
558.5  -0.93649174 -0.32820464 0.01076140 0.02000391 0.02242483 0.03749101 -0.00284011 0.01114280 0.02415675 -0.04864049
559.0  -0.37205914 -0.28363673 -0.00119565 -0.02382067 0.00329255 -0.03059589 -0.01715283 -0.01274621 -0.02986529 0.04394731
559.5  0.60051563 -0.03339189 -0.00900914 -0.00180723 -0.01730199 0.00696912 -0.01496746 0.01388880 0.02447410 -0.03698249
560.0  0.89668977 0.26012579 0.00887588 0.02319629 -0.02056310 0.01940809 -0.01238188 -0.00118341 -0.01230003 0.02852836
560.5  0.17882817 0.37456856 0.00017245 -0.01701210 -0.00380313 -0.03526361 -0.00102455 -0.00121720 -0.00195339 -0.01509374
561.0  -0.73473236 0.21428533 -0.00919762 -0.00690431 0.01828337 0.03222081 0.01072759 0.00736974 0.01621421 0.00264418
561.5  -0.82698706 -0.10106744 0.00870450 0.02235154 0.02177726 -0.00774884 0.01484839 -0.01786688 -0.02513325 0.01145398
562.0  -0.02722685 -0.34054658 0.00092871 -0.01379692 -0.00023051 -0.01961790 0.01605155 0.01430243 0.02730219 -0.02630276
562.5  0.79349501 -0.34841116 -0.01020576 -0.00867655 -0.02268474 0.03522016 0.00674793 -0.00677897 -0.02352763 0.03764484
563.0  0.81289456 -0.14264925 0.00802246 0.02974765 -0.01004192 -0.03024075 -0.00594792 -0.00317394 0.01151520 -0.04757230
563.5  0.04535333 0.13255095 0.00132304 -0.00591929 0.00555246 0.00142598 -0.01209656 0.01794653 -0.00445691 0.05009691
564.0  -0.76494283 0.31875136 -0.00934914 -0.02020380 0.02121072 0.02795269 -0.01348175 -0.02266073 -0.00533238 -0.04536201
564.5  -0.86333476 0.32472876 0.00995791 0.01723630 0.01151887 -0.03459869 -0.01313098 0.02169073 0.01751368 0.03470093
565.0  -0.15335075 0.15752319 0.00045678 0.00845438 -0.01345211 0.02672951 0.01677934 -0.01181585 -0.01924797 -0.02017496
565.5  0.70633379 -0.08981405 -0.00958775 -0.02055805 -0.02089079 0.00397237 0.01648893 0.00068066 0.02072222 0.00687928
566.0  0.89942560 -0.28384539 0.00993167 0.00660009 -0.00189994 -0.03889359 0.00909016 0.00735982 -0.02042223 0.00528216
566.5  0.24042012 -0.32053031 -0.00174917 0.01555903 0.01830313 0.04737307 0.00101778 -0.01163157 0.01206176 -0.02365173
567.0  -0.64371054 -0.17940463 -0.00840290 -0.02104244 0.01443584 -0.02963552 -0.01087587 0.01179641 -0.00546463 0.03612593
567.5  -0.92275608 0.06297571 0.01083612 -0.00475041 -0.00505949 -0.00746460 -0.01531396 -0.01250946 -0.00311177 -0.04403459
568.0  -0.33336390 0.27186506 -0.00342883 0.02494540 -0.01811950 0.04227162 -0.01121965 0.01141972 0.01317265 0.05004698
568.5  0.57939896 0.32298868 -0.00717742 -0.01132609 -0.01012759 -0.04649974 -0.00337778 -0.00836770 -0.01786716 -0.04843687
569.0  0.93353389 0.17728772 0.01068266 -0.01416829 0.00951947 0.02064722 0.00779847 0.00172445 0.02030651 0.04269185
569.5  0.34869215 -0.07804271 -0.00433275 0.02375164 0.01867700 0.01367722 0.01329096 0.00866947 -0.01956857 -0.03213026
570.0  -0.60400646 -0.27463724 -0.00634986 -0.00667785 0.00870684 -0.04174593 0.01488705 -0.01629799 0.01369740 0.01881379
570.5  -0.93151491 -0.28411895 0.01127459 -0.01926072 -0.01104103 0.04414129 0.00745221 0.01916118 -0.00594912 -0.00406256
571.0  -0.28142274 -0.11556958 -0.00385445 0.02200676 -0.01864850 -0.01831459 0.00053775 -0.01216777 -0.00396193 -0.01065981
571.5  0.66248246 0.10455188 -0.00708900 0.00099518 -0.00515308 -0.01480949 -0.00958859 -0.00254493 0.01466350 0.02533344
572.0  0.93374963 0.24102308 0.01021102 -0.02343482 0.01445268 0.03741392 -0.01951520 0.01382637 -0.02222484 -0.03751811
572.5  0.29154317 0.23911759 -0.00471454 0.01676453 0.01599705 -0.04140460 -0.01013425 -0.02544829 0.02273800 0.04495118
573.0  -0.61763167 0.12792033 -0.00622415 0.00933244 0.00086614 0.01667043 -0.00779241 0.01886536 -0.01625314 -0.05069069
573.5  -0.96238797 -0.02812199 0.01122536 -0.02618624 -0.01504836 0.01119294 0.00780085 -0.00114923 0.00072832 0.05151801
574.0  -0.46876505 -0.16754486 -0.00515047 0.00727094 -0.01569470 -0.02702299 -0.01133018 -0.02262850 0.02044663 -0.04443645
574.5  0.42073540 -0.24132268 -0.00445915 0.01898645 0.00148591 0.02647752 0.00603410 -0.00287966 -0.04883135 0.03718115
575.0  0.95133131 -0.21470424 0.01078769 -0.01411207 0.02391205 -0.00702823 0.00617260 -0.01443593 0.04147508 -0.02273150
575.5  0.67102608 -0.08326339 -0.00666400 -0.00128223 0.01119157 -0.01509718 0.00133470 -0.00393546 -0.01425509 0.00365756
576.0  -0.18764879 0.10593006 -0.00262193 0.02661558 -0.01356344 0.01770774 -0.00893052 0.00695615 -0.01501425 0.01006704
576.5  -0.88004823 0.25513201 0.01236219 -0.01568854 -0.02007591 -0.01213734 0.01020211 0.01353250 0.04005363 -0.02540756
577.0  -0.80449084 0.26981606 -0.01568940 -0.01625773 -0.00489178 -0.00022000 -0.00528157 0.01310146 -0.05361665 0.03977473
577.5  -0.03596895 0.12852901 -0.00221390 0.02777761 0.01059732 0.01604936 -0.00441733 0.00699229 0.04678315 -0.04800797
578.0  0.76029152 -0.09462275 0.02071077 -0.00841866 0.01811900 -0.01485087 0.00835569 -0.00086437 -0.03062357 0.05335291
578.5  0.90089349 -0.26768195 -0.01909712 -0.02180507 0.00550947 0.00234532 -0.00780223 -0.00869442 0.00771012 -0.05312146
579.0  0.25376986 -0.28209193 0.00035892 0.02893023 -0.01127635 0.00596480 0.00349207 -0.01250960 0.02164525 0.04619058
579.5  -0.62625968 -0.12271440 0.01899987 0.00039523 -0.01579988 -0.01480095 0.00584852 -0.01151910 -0.04040265 -0.03799686
580.0  -0.93982700 0.11346066 -0.01905061 -0.02716506 -0.00472869 0.01233480 -0.01107372 -0.00485816 0.05035918 0.02764992
580.5  -0.38085574 0.27648066 0.00041011 0.02464138 0.01237413 0.00455391 0.01127182 0.00291485 -0.05347392 -0.01552848
581.0  0.53442280 0.26738299 0.01879117 0.00403915 0.01524230 -0.01188895 -0.00428924 0.00786092 0.03686054 0.00106386
581.5  0.95026084 0.09928006 -0.01923630 -0.03027919 0.00194028 0.01265816 -0.00805323 0.01116509 -0.01102731 0.01356254
582.0  0.49656676 -0.12442173 -0.00042613 0.01968997 -0.01218542 -0.01078212 0.01330345 0.00849780 -0.01648043 -0.02647440
582.5  -0.39014317 -0.28333756 0.01908430 0.00986931 -0.01408387 -0.00745410 -0.01366577 0.00065863 0.04480821 0.03934118
583.0  -0.92719492 -0.30116339 -0.01902579 -0.02677707 -0.00005782 0.01473307 0.01462844 -0.00466917 -0.05209178 -0.04969555
583.5  -0.68587567 -0.17139324 0.00352769 0.01038628 0.01558898 -0.01730723 0.00356531 -0.01146611 0.03204101 0.05532045
584.0  0.10581602 0.04972477 0.01558651 0.02134571 0.00808746 -0.01246870 -0.01189523 -0.00657666 0.00873934 -0.05898058
584.5  0.80248556 0.26565276 -0.02237468 -0.02240258 -0.00998886 0.00096087 0.01064782 0.00140342 -0.03379136 0.05364663
585.0  0.84842670 0.37319372 0.00637377 -0.00758736 -0.01469032 -0.01474778 0.00346379 0.00233839 0.04333223 -0.04125339
585.5  0.19464967 0.30076286 0.01344391 0.02108828 -0.00355107 0.00823123 -0.01752002 0.00237772 -0.04462581 0.02511902
586.0  -0.62633016 0.06075172 -0.01998529 -0.01282119 0.01826473 0.00186753 0.02085417 0.00330946 0.02444657 -0.00306585
586.5  -0.89532766 -0.23209619 0.00928373 -0.01409163 0.01323183 -0.01038930 -0.01300624 0.00292944 -0.00099821 -0.01919853
587.0  -0.34806079 -0.40586929 0.00837300 0.02589150 -0.00699951 0.01674626 0.00018857 0.00067200 -0.01423562 0.03982377
587.5  0.52242798 -0.34493909 -0.01872801 -0.00327011 -0.01741131 -0.00659882 0.01249784 -0.00036194 0.03493749 -0.05641810
588.0  0.90331404 -0.07755663 0.01393740 -0.02136885 -0.00682825 -0.00636892 -0.01821028 -0.00416358 -0.04363445 0.06497955
588.5  0.42971924 0.23675167 0.00461653 0.02122155 0.01000926 0.01036094 0.01360196 -0.00602977 0.03864019 -0.06077237
589.0  -0.46317386 0.40467974 -0.02079113 0.00596238 0.01639180 -0.01386188 -0.00651035 -0.00454467 -0.03099137 0.05092680
589.5  -0.90961011 0.31806269 0.01550611 -0.02692585 0.00345593 0.00753522 -0.00419443 0.00059638 0.01381213 -0.03358532
590.0  -0.43316294 0.02365658 0.00322380 0.01410918 -0.01236291 0.00547253 0.01413523 0.00039287 0.01373693 0.01444253
590.5  0.50954102 -0.28659234 -0.01706678 0.01341849 -0.01469040 -0.00957551 -0.01267602 0.00396256 -0.03328205 0.00311463
591.0  0.90666076 -0.39434304 0.01115631 -0.02454329 -0.00285803 0.01131495 -0.00698378 0.00666222 0.04601417 -0.01961469
591.5  0.29545521 -0.21491758 0.00568746 0.00719963 0.01535517 0.00644222 0.00457867 -0.00946934 -0.04819498 0.03471057
592.0  -0.64895921 0.12571859 -0.01713437 0.00894107 0.01760255 0.00842686 0.01003196 -0.00502825 -0.03788714 -0.04578224
592.5  -0.85938635 0.37641424 0.00992913 -0.02240857 -0.00896853 -0.00013016 0.01386862 0.00723274 -0.01177790 0.05454933
593.0  -0.11224834 0.35578192 0.00889780 0.00961580 -0.01321522 -0.00978175 0.00929190 0.00596126 0.01651750 -0.05685929
593.5  0.74886734 0.08339539 -0.01826781 0.01687785 -0.00817233 -0.01114500 -0.00379899 -0.02058445 0.03921574 0.06033573
594.0  0.80303769 -0.24506957 0.00812453 -0.02349739 0.01098713 -0.00469311 -0.01421289 0.02194111 0.05370999 -0.05342512
594.5  0.02429703 -0.41276359 0.01025866 0.00375739 0.01905099 0.00656756 -0.01358262 -0.01877708 0.04829831 0.04798743
595.0  -0.77309393 -0.32382164 -0.01790142 0.01986632 0.00558037 0.01094804 -0.00165582 0.00581548 0.03279508 -0.03242784
595.5  -0.79761563 -0.04739728 0.00863624 -0.02156158 -0.01588760 0.00412177 0.01191183 0.01110527 0.00769112 0.01009653
596.0  -0.03384324 0.24426097 0.00807455 -0.00616568 -0.02075185 -0.00799449 0.01701247 -0.02634698 -0.01937117 0.01101322
596.5  0.76855406 0.38538459 -0.01841148 0.02571023 -0.00031576 -0.01332221 0.01288219 0.03148102 -0.03629104 -0.03302784
597.0  0.82872362 0.31458071 0.01279403 -0.01101035 0.02042904 -0.00542331 0.00137437 -0.02649345 -0.05129706 0.04410593
597.5  0.09480616 0.09641298 0.00493386 -0.01776196 0.01513498 0.00885055 -0.01080044 0.01487866 -0.04451106 -0.05796070
598.0  -0.73070708 -0.14163588 -0.01808018 0.02406587 -0.00358440 0.01480749 -0.01743583 0.00387625 -0.04018879 0.05653233
598.5  -0.89450330 -0.29303889 0.01499352 0.00182490 -0.01808437 0.00680155 -0.01174225 -0.02196006 -0.02144260 -0.05119927
599.0  -0.26636896 -0.31261411 -0.00023145 -0.02564868 -0.00760024 -0.00775426 0.00223996 0.03170885 0.00142768 0.03466795
599.5  0.59734865 -0.20773083 -0.01409591 0.01296783 0.01438720 -0.01339479 0.01324933 -0.02985366 0.02041408 -0.01102530
600.0  0.94257141 -0.01814999 0.01763982 0.01511357 0.01677480 -0.00612338 0.01542979 0.01367251 0.03627642 -0.01603459
600.5  0.44811365 0.18674711 -0.00777523 -0.01897813 -0.00520600 0.00477648 0.00625272 0.01072949 0.04556181 0.03206072
601.0  -0.46247448 0.31128159 -0.01132186 0.00065473 -0.01688412 0.00903505 -0.01160897 -0.03056989 0.03912088 -0.04870778
601.5  -0.94127380 0.26993501 0.01815623 0.02093723 -0.00875696 0.00135975 -0.02024225 0.04144449 0.02757708 0.05177854
602.0  -0.50297856 0.05799995 -0.00867995 -0.01665506 0.00593511 -0.00670813 -0.01643436 -0.03734701 0.00625179 -0.05207045
602.5  0.44181978 -0.20559993 -0.00954406 -0.00901587 0.01720393 -0.00658386 -0.00201191 0.01737562 -0.01884470 0.04661711
603.0  0.93660389 -0.33794723 0.01685427 0.02452208 0.00954327 0.00088766 0.00789751 0.00112738 -0.03844835 -0.03683449
603.5  0.45733133 -0.23200005 -0.00818120 -0.01127644 -0.01205837 0.00780454 -0.00230997 -0.03111744 -0.04653161 0.02521176
604.0  -0.50397956 0.04038629 -0.00995807 -0.01662225 -0.01737846 0.00902373 0.01309846 0.04823326 -0.03559753 -0.01000181
604.5  -0.93473328 0.27986205 0.01772010 0.02529143 -0.00177033 0.00660181 -0.02202009 -0.04289663 0.00810197 -0.00488398
605.0  -0.37195249 0.31884682 -0.00588778 -0.00757068 0.01509226 0.00082842 0.01522768 0.01682891 0.00878787 0.01994101
605.5  0.59303129 0.14163957 -0.01063958 -0.01734927 0.01376211 0.00120713 0.01361675 0.00600474 -0.02592164 -0.03180959
606.0  0.92201993 -0.12201680 0.01665765 0.01985454 -0.00074297 -0.00950047 -0.04627860 0.00199686 0.03691785 0.04027143
606.5  0.24168763 -0.30043909 -0.00483406 0.00000832 -0.01244450 0.01340419 0.05786780 -0.01198328 -0.03837062 -0.04481547
607.0  -0.70825098 -0.28866618 -0.01188312 -0.01958005 -0.01271950 -0.00490477 -0.04464751 0.01331673 0.03897687 0.04504821
607.5  -0.87012354 -0.09827164 0.01567955 0.01642658 0.00092041 -0.00654359 0.01283570 -0.00865629 -0.03639507 -0.04343291
608.0  -0.07750120 0.15904230 -0.00294378 0.01157412 0.01248961 0.01352278 0.02458169 0.00233935 0.02575678 0.03565723
608.5  0.78424602 0.33667013 -0.01293865 -0.02347654 0.01048343 -0.01444997 -0.05091143 0.00722053 -0.01566004 -0.02676831
609.0  0.81402224 0.32825866 0.01537628 0.00723709 -0.00511623 0.00553971 0.05339307 -0.01455080 0.00346762 0.01446886
609.5  0.02512477 0.12413704 -0.00232680 0.01475840 -0.01743189 0.01076158 -0.02622142 0.01353290 0.01489789 0.00082069
610.0  -0.77261496 -0.17395313 -0.01239332 -0.02199636 -0.00712159 -0.01705833 -0.01460388 -0.00877116 -0.02812927 -0.01364236
610.5  -0.80270088 -0.39283662 0.01441779 -0.00014434 0.01089999 0.01146060 0.04912812 0.00137186 0.03529358 0.02342115
611.0  -0.04467347 -0.38177207 -0.00269148 0.02296463 0.01663826 0.00018522 -0.05616428 0.00849278 -0.04002959 -0.03178474
611.5  0.75309832 -0.12172900 -0.01200164 -0.01604767 0.00299000 -0.01621661 0.02978234 -0.01433935 0.03386174 -0.03775854
612.0  0.79258826 0.23132948 0.01361794 -0.01032334 -0.01406207 0.01642860 0.01404875 0.01344311 -0.01727679 -0.04125557
612.5  0.02751921 0.43391230 -0.00118169 0.02433920 -0.02150936 -0.00395145 -0.03552177 -0.01367144 0.00198683 -0.04303086
613.0  -0.76542357 0.33492609 -0.01382411 -0.01222351 0.00190715 0.00640835 0.05391456 0.01574971 0.01646912 -0.03776031
613.5  -0.78193487 0.00268992 0.01343035 0.01722805 0.02641079 0.01151925 -0.04673593 -0.02258903 -0.02227717 -0.02762166
614.0  -0.01484198 -0.32578121 0.00250183 0.02786543 0.01891859 0.00712869 0.02163324 0.02099313 0.02168148 -0.01447765
614.5  0.76467363 -0.42452620 -0.01415574 0.00806123 -0.00667673 0.00154751 -0.00312146 0.00530451 -0.02906082 -0.00132847
615.0  0.80458070 -0.23944779 0.01229803 -0.02239468 -0.02495569 -0.00581205 -0.02772001 0.00534028 0.04254261 0.01125923
615.5  0.08697559 0.09457280 0.00097746 -0.02491769 -0.01514398 -0.01481260 0.04887603 -0.00740088 -0.03830017 0.02435080
616.0  -0.70765253 0.36508629 -0.01375663 0.00084907 0.01131997 -0.00800220 -0.04633135 0.00770897 0.02397163 0.03416015
616.5  -0.85260313 0.41146859 0.01394430 0.02603146 0.02470059 -0.00161350 0.01906238 -0.00328752 -0.00485099 0.03945471
617.0  -0.22225563 0.21100496 -0.00148177 0.01745351 0.01083995 0.00887898 0.01228750 -0.01107662 -0.01871716 0.03892747
617.5  0.60517031 -0.11676856 -0.01334834 -0.01333127 -0.01515184 0.01452750 -0.04000824 0.01411959 0.03323730 0.03244674
618.0  0.88154843 -0.38229414 0.01585329 -0.02673331 -0.02331097 0.00769891 0.04774456 -0.01309910 -0.03963120 0.02099046
618.5  0.37913753 -0.43871148 -0.00583485 -0.00814668 -0.00427521 -0.00192869 -0.02905414 0.01025776 0.03403622 0.00680623
619.0  -0.43698515 -0.26485341 -0.01075824 0.02185972 0.02259547 -0.01112154 -0.00246855 0.00193836 -0.01377930 -0.00884556
619.5  -0.87696659 0.04079044 0.01530589 0.02339428 0.02100017 -0.01268685 0.03604247 -0.00507963 -0.00582257 -0.02446627
620.0  -0.60431345 0.32652154 -0.01103369 -0.00680153 -0.00915182 -0.00608666 -0.04986836 -0.00511265 0.02816098 -0.03486468
620.5  0.15124352 0.46178422 -0.00267928 -0.02363086 -0.02694483 0.00485946 0.03457309 0.01067904 -0.03804951 -0.04277307
621.0  0.79086308 0.38494436 0.01461713 -0.00580337 -0.01008470 0.01184064 0.00088712 -0.00652991 0.02621790 -0.04158174
621.5  0.78300965 0.12813341 -0.01352435 0.02032876 0.01819727 0.01138512 -0.03119667 -0.01691064 -0.01154577 -0.03514534
622.0  0.09644458 -0.18554706 0.00097848 -0.02017426 0.01566890 -0.00890836 0.03930526 0.03681600 0.00518675 -0.02175507
622.5  -0.69691904 -0.39463959 0.01329641 -0.00566923 -0.00457909 0.01162106 0.01918814 -0.04557993 -0.00528145 -0.01012247
623.0  -0.85811038 -0.38543112 -0.01448231 0.02251221 -0.01850064 -0.00079193 0.00740876 0.03410446 -0.00197189 0.00407772
623.5  -0.18930180 -0.16538462 0.00176987 -0.01192500 -0.01429432 -0.00970367 -0.02750452 -0.00758688 0.01152157 0.01634199
624.0  0.68328752 0.13431306 0.01210635 -0.01355602 0.00743959 0.02762276 -0.03437809 -0.01395698 -0.02229174 0.02730533
624.5  0.87801762 0.33885388 -0.01481997 0.02056992 0.02151354 -0.02690742 -0.02955368 0.03278890 0.02862446 0.03559735
625.0  0.17690318 0.33242251 0.00193753 -0.00562869 0.01030132 0.01193344 -0.00877220 -0.03582532 -0.02595273 0.04235704
625.5  -0.71095144 0.12388904 0.01383114 -0.01525937 -0.00963908 0.00709195 0.01217642 0.02888626 0.01802857 0.04587576
626.0  -0.87316979 -0.15851661 -0.01339770 0.01989718 -0.01835098 -0.02508767 0.02988058 -0.01171478 -0.00575719 0.04479699
626.5  -0.14225057 -0.33779931 0.00022500 -0.00007514 -0.00821012 0.03095260 0.03389150 -0.00696947 -0.01195222 0.03942785
627.0  0.73404298 -0.29432689 0.01360248 -0.01756456 0.01273245 -0.01919916 0.02234935 0.02361141 0.02470819 0.03113403
627.5  0.86082278 -0.05050253 -0.01340498 0.01624027 0.02068216 -0.00360944 0.00339481 -0.02801531 -0.03358686 0.01935437
628.0  0.11870292 0.22917852 -0.00091795 0.00329865 0.00702907 0.01866722 -0.01564815 0.02605072 0.03856018 0.00733132
628.5  -0.73271411 0.35194952 0.01239083 -0.01860065 -0.01152539 -0.02732036 -0.03266205 -0.01382612 -0.03110274 -0.00580629
629.0  -0.87965381 0.24612324 -0.01416958 0.01071709 -0.01711419 0.02923972 -0.03020317 -0.00042073 0.01504561 -0.01915634
629.5  -0.24138089 0.00092312 0.00218588 0.01119474 -0.00228402 -0.00323050 -0.02007117 0.01056841 0.01045987 -0.03201909
630.0  0.58468229 -0.22835109 0.00453390 -0.01635653 0.01591008 -0.00784293 0.01447500 -0.01298354 -0.04054020 -0.04158815
630.5  0.93947929 -0.32842003 -0.00450255 -0.00038625 0.01325000 0.01589138 0.04031523 0.00832830 0.04870183 -0.04590843
631.0  0.58568329 -0.27310059 0.00384459 0.01516777 -0.00494898 -0.02425008 0.03357578 0.01120421 -0.03824446 -0.04470300
631.5  -0.20335181 -0.10742681 0.00192033 -0.00563976 -0.01650484 0.00965470 0.01511482 -0.00923306 -0.00005168 -0.03659117
632.0  -0.85139493 0.08915871 -0.00483025 -0.00927388 -0.00198213 -0.00181807 -0.02136216 -0.01697072 0.02477132 -0.02475586
632.5  -0.85977441 0.23639259 0.00413575 0.01386251 0.01492558 -0.01349762 0.04030367 0.03960729 -0.03120049 0.01034054
633.0  -0.18754865 0.28081016 -0.00029786 -0.00143349 0.01213936 0.01859584 -0.02702578 -0.04017365 0.03204076 0.00486287
633.5  0.64978366 0.20832665 -0.00446450 -0.01392394 -0.00456275 -0.00490236 -0.00063874 0.02367511 -0.01784206 -0.01800598
634.0  0.94785397 0.04694156 0.00476959 0.01065351 -0.01657314 -0.00965382 0.03087927 0.00738840 0.00296816 0.03059327
634.5  0.42507225 -0.14296851 -0.00078251 0.00457521 -0.00956755 0.00837993 -0.04220945 -0.03403909 0.00480376 -0.03996322
635.0  -0.47474547 -0.27812547 -0.00402895 -0.01136308 0.00736604 -0.00682639 0.02343786 0.04712618 -0.01575093 0.04989325
635.5  -0.94632420 -0.28052168 0.00666380 0.00531623 0.01581978 -0.00166204 0.00775456 -0.04036206 0.02137430 -0.05251641
636.0  -0.55579621 -0.12619142 -0.00123212 0.00686739 0.00690794 0.01179379 -0.03338149 0.01156399 -0.01966214 0.04778568
636.5  0.34638215 0.12167429 -0.00360262 -0.01261269 -0.00926579 -0.00144485 0.04008481 0.01822078 0.02131282 -0.04186662
637.0  0.91955264 0.32036419 0.00474860 0.00170511 -0.01375139 -0.00645641 -0.02336318 -0.04169319 -0.01757652 0.02990664
637.5  0.60296793 0.32629771 -0.00225140 0.01156505 -0.00398827 0.00467945 -0.00500794 0.04938140 0.00732689 -0.01366865
638.0  -0.31641901 0.10823713 -0.00447018 -0.00914552 0.00893460 -0.00714057 0.03286765 -0.03038287 -0.00146998 0.00077514
638.5  -0.91217964 -0.20041400 0.00510350 -0.00314396 0.01393635 -0.00159890 -0.04203673 0.00090557 -0.00652532 0.01288622
639.0  -0.55229696 -0.37572905 -0.00083617 0.01180366 0.00370180 0.01194887 0.02852007 0.02802653 0.01808515 -0.02950182
639.5  0.38953430 -0.28379456 -0.00510631 -0.00997888 -0.01014192 -0.00372302 0.01521691 -0.04294922 -0.02451116 0.03702379
640.0  0.91824345 0.00681220 0.00427436 -0.00253522 -0.01340460 -0.00355272 -0.03745039 0.02877642 0.02720051 -0.04555174
640.5  0.48732005 0.29047603 0.00184388 0.01110407 -0.00240831 0.00608373 -0.04811761 -0.01044853 -0.02220103 0.05287260
641.0  -0.44932694 0.37872634 -0.00604127 -0.00784503 0.00916251 -0.02383569 0.03624470 -0.01423580 -0.00216516 -0.05449750
641.5  -0.91897798 0.21908977 0.00426305 -0.00340132 0.00875778 0.03177493 -0.00195623 0.01158692 0.02754397 0.04860158
642.0  -0.41041373 -0.08796712 0.00234385 0.01193086 -0.00086691 -0.01426452 -0.02550271 0.00846963 -0.04265334 -0.03950053
642.5  0.55191649 -0.34512799 -0.00718538 -0.00311658 -0.00885608 -0.00491502 0.02965218 -0.03148976 0.04330755 0.02626485
643.0  0.89346674 -0.37102675 0.00343952 -0.01072939 -0.00702327 0.02003787 -0.01716525 0.04209954 -0.03238569 -0.01060367
643.5  0.19777196 -0.12858288 0.00285911 0.01040947 -0.00012455 -0.02768723 -0.00268980 -0.03830409 0.02063238 -0.00299388
644.0  -0.72581456 0.22330745 -0.00633020 -0.00195524 0.00892598 0.01352318 0.02301687 0.01945206 -0.00361927 0.01826421
644.5  -0.78033946 0.42865017 0.00465351 -0.00854795 0.00643788 0.00730928 -0.03174048 0.00575351 -0.01613820 -0.03197062
645.0  0.08010454 0.32965392 0.00334151 0.01177353 -0.00270883 -0.01844770 0.02478869 -0.02765859 0.02924762 0.04243957
645.5  0.83248373 -0.00487665 -0.00688091 -0.00239951 -0.01063018 0.02018355 -0.00562615 0.04148361 -0.03920782 -0.04841487
646.0  0.64552509 -0.33975343 0.00331171 -0.01167729 -0.00284982 -0.00908194 -0.01647399 -0.04107839 0.03883013 0.04681289
646.5  -0.22958961 -0.45936492 0.00287423 0.01155122 0.00740935 -0.01201372 0.02994580 0.02325912 -0.02472269 -0.04138917
647.0  -0.85770650 -0.30734059 -0.00541480 0.00443895 0.00524296 0.02498812 -0.02375420 0.00194646 0.00569967 0.02650361
647.5  -0.62569015 0.00694420 0.00456533 -0.01050888 -0.00499870 -0.02058321 0.00191174 -0.02568283 0.01979157 -0.00779571
648.0  0.21740091 0.30030749 -0.00025467 0.00945372 -0.00823267 -0.00117956 0.01325126 0.03863587 -0.04019498 -0.01130131
648.5  0.85825591 0.42488111 -0.00636099 0.00259492 -0.00004339 -0.01886456 -0.02563312 -0.02352848 0.04952286 0.02919793
649.0  0.69227497 0.33469059 0.00568906 -0.01193091 0.00634539 -0.02507562 0.01697686 0.01072592 -0.03376350 -0.04041719
649.5  -0.12090558 0.09236458 -0.00127282 0.00711887 -0.00475182 -0.01333199 0.00995429 0.00471512 -0.00612116 0.04428416
650.0  -0.82688918 -0.17629059 -0.00444215 0.00893220 -0.00226345 0.00732324 -0.00362821 -0.02885439 0.02135610 -0.03884639
650.5  -0.79228212 -0.35178934 0.00657935 -0.01127054 0.00699827 0.02461086 -0.00559548 0.02469850 0.05137768 0.02787782
651.0  -0.05642508 -0.36137676 -0.00011407 -0.00184142 -0.00271451 0.02346326 -0.00927715 -0.03337175 0.04855955 -0.01306875
651.5  0.73444939 -0.19860530 -0.00483001 0.00762633 -0.00512205 0.00512460 -0.00569541 0.00641643 0.04253526 -0.00542144
652.0  0.86791045 0.07089225 0.00149021 -0.00393734 0.00982526 -0.01267528 0.01180098 0.01037202 0.02097958 -0.02101582
652.5  0.18171579 0.31092517 0.00537871 -0.00712890 -0.00053031 -0.00407020 0.03144168 -0.02733734 -0.00644345 0.03815187
653.0  -0.69790290 0.36579085 -0.00797024 0.00759356 -0.01015135 0.00079962 0.02243541 0.03519900 -0.02399942 -0.04486444
653.5  -0.86009226 0.17282577 0.00102107 0.00132111 0.00851955 0.00051879 -0.00211177 -0.03050170 -0.04431998 0.04182044
654.0  -0.08442486 -0.14794839 0.00427273 -0.00859382 0.00080154 0.00045469 -0.02493960 0.01911029 -0.05038217 -0.04861934
654.5  0.79252155 -0.35417857 -0.00595976 0.00419395 -0.01295578 0.00015549 -0.03190702 -0.00297859 -0.05406049 0.04162823
655.0  0.77995711 -0.29032427 -0.00058069 0.00630484 0.00868616 -0.00085348 -0.01963405 -0.01437217 -0.05032954 -0.02849824
655.5  -0.10331197 -0.02213601 0.00473200 -0.00672203 0.00531145 -0.00184634 0.00354080 0.02809198 -0.03553963 0.02552477
656.0  -0.87246743 0.23917258 -0.00161904 -0.00214420 -0.01289425 -0.00279314 0.02371026 -0.03390403 -0.01785901 -0.00869692
656.5  -0.72374611 0.32833282 -0.00242857 0.00925246 0.00446604 -0.00136802 0.02981633 0.02545645 0.00404120 -0.00712637
657.0  0.15418110 0.22516713 0.00399815 -0.00716670 0.00707738 0.00005125 0.01878599 -0.01047449 0.02901768 0.01823375
657.5  0.87809246 0.01712991 -0.00254070 -0.00293313 -0.01515977 0.00298901 -0.00407996 -0.01012938 0.04551773 -0.03347474
658.0  0.76817823 -0.18471231 -0.00239051 0.00825331 0.01005113 0.00694128 -0.02283943 0.03299516 0.05211116 0.04065995
658.5  -0.05750157 -0.29717583 0.00400146 -0.01055991 0.00783511 0.00698920 -0.03341054 -0.02310042 0.04001608 -0.04253398
659.0  -0.82754055 -0.27700874 -0.00200248 0.00328698 -0.01648821 0.01181694 -0.02024885 -0.01817822 0.00601300 0.04061091
659.5  -0.83264105 -0.12643791 -0.00166885 0.00564374 0.00751334 -0.00231252 -0.01600058 -0.01223591 -0.01437068 -0.03424425
660.0  -0.08258817 0.09739544 0.00399122 -0.00743611 0.01064192 0.00215629 -0.03966568 0.02704733 -0.02708884 0.02439462
660.5  0.72841466 0.29222646 -0.00221919 0.00234611 -0.01558733 -0.00006713 -0.05027315 0.03061607 -0.02874300 -0.01274776
661.0  0.89030563 0.35436847 -0.00044175 0.00559374 0.00057957 0.00405206 -0.03422733 0.02173765 -0.02257522 -0.00178077
661.5  0.28535786 0.23329077 0.00432697 -0.00979039 0.01440531 0.01129989 0.00068263 0.00267739 -0.01148880 0.01775956
662.0  -0.56127114 -0.02861570 -0.00343442 -0.00139032 -0.00914141 0.01357718 0.03434686 -0.01771395 0.00224699 -0.02920097
662.5  -0.91441120 -0.29604710 0.00246675 0.01247291 -0.00301490 0.00656547 0.04554239 -0.03319186 0.01508803 0.03737740
663.0  -0.42897886 -0.39492331 -0.00342420 -0.00845566 0.01257768 -0.00614697 0.02940731 -0.03667354 0.02425193 -0.04439458
663.5  0.47728945 -0.22884500 -0.00299876 -0.00257669 -0.00822411 -0.01506452 -0.00259007 -0.03019219 0.02865791 0.04301338
664.0  0.91056173 0.11044265 0.00584899 0.01532942 -0.00216571 -0.01429002 -0.03166919 -0.01326296 0.02631674 -0.03939104
664.5  0.39555811 0.37372702 -0.00208368 -0.01293719 0.01172380 -0.00361288 -0.04295181 0.00679490 0.02207345 0.03509968
665.0  -0.53803562 0.35208457 -0.00318886 -0.00792877 -0.00906221 0.00958989 -0.03120209 0.02564391 0.01851174 -0.03019303
665.5  -0.90314129 0.06826333 0.00556642 0.01619416 -0.00423641 0.01669878 -0.00257685 0.03674745 0.01414833 0.02258748
666.0  -0.34610587 -0.25821041 -0.00114529 -0.00550794 0.01104699 0.01145000 0.02789597 0.03714805 0.00809579 -0.01485164
666.5  0.53688925 -0.40680714 -0.00364568 -0.00764132 -0.01030199 -0.00115802 0.04186154 0.02634330 -0.00148307 0.00381089
667.0  0.90633741 -0.30721653 0.00484288 0.01334153 -0.00411563 -0.01395608 0.02961832 0.00686458 -0.01397941 0.00597074
667.5  0.47472968 -0.03897741 -0.00190093 -0.00445978 0.01807354 -0.02014724 -0.00265255 -0.01575801 -0.02451159 -0.01700873
668.0  -0.34732853 0.25093887 -0.00341843 -0.01261701 -0.00447913 -0.01109568 -0.03316397 -0.03480607 -0.02786946 0.03145264
668.5  -0.87093795 0.42531691 0.00459822 0.01291695 -0.01263027 -0.00333669 -0.04236972 -0.03996823 -0.02090777 -0.04251672
669.0  -0.67467381 0.40034499 -0.00259686 0.00382646 0.01284051 0.00270145 -0.03136455 -0.02964359 -0.00560758 0.04773005
669.5  0.07720818 0.17768982 -0.00227207 -0.01051739 -0.00052695 0.02326987 -0.00622292 -0.00317184 0.01286432 -0.04601849
670.0  0.75651755 -0.14610821 0.00572830 0.00428073 -0.01499160 0.03720981 0.01596028 0.02449633 0.01945045 0.03960029
670.5  0.79271068 -0.41287969 -0.00286434 -0.00719315 0.01297562 0.03032638 0.03140694 0.03617201 -0.02702624 -0.02725958
671.0  0.16847624 -0.48651007 -0.00076634 -0.00682150 0.00645112 0.00555839 0.03948494 0.02713297 0.01737151 0.00797152
671.5  -0.58617133 -0.32793117 0.00404109 0.00038236 -0.01837008 -0.02338316 -0.02163798 0.01775662 0.00844938 0.01230069
672.0  -0.85690736 -0.01149058 -0.00504551 0.00349270 0.00428682 -0.03647590 -0.02650527 -0.01068964 -0.01476989 -0.03158853
672.5  -0.42201081 0.31374755 -0.00333495 0.00261794 0.01723946 -0.03523579 0.03785337 -0.00174587 0.01831222 0.04182274
673.0  0.37752593 0.48624934 0.00455835 -0.00247354 -0.01894244 0.00450573 -0.03848607 0.02443189 -0.01831475 -0.04499468
673.5  0.86181390 0.40267983 -0.00176572 -0.00364902 -0.00098195 0.03366237 0.00689322 -0.02826403 0.01406723 0.04223805
674.0  0.55846417 0.09099273 0.00182056 -0.00091774 0.01945987 0.04106603 0.02085517 0.00658023 -0.00456943 -0.02953897
674.5  -0.29384078 -0.27279519 0.00483169 0.00365978 -0.01417357 0.01985719 -0.02687366 0.02581449 -0.00172692 0.01928708
675.0  -0.86756907 -0.45975207 -0.00126207 0.00407721 -0.00581391 -0.01440561 0.01273492 -0.04482834 0.00731176 -0.00532978
675.5  -0.57056948 -0.34888679 0.00066559 -0.00249579 0.01937298 -0.03937328 0.00743595 0.04144912 -0.01285443 -0.01289578
676.0  0.30027163 -0.01934119 0.00143738 -0.00412875 -0.00962480 -0.03561909 -0.02230286 -0.02514668 0.01263925 0.01926314
676.5  0.87232931 0.31257528 -0.00265631 0.00048589 -0.00963233 -0.00990093 0.02219771 -0.00508638 -0.01233154 -0.02774256
677.0  0.60693728 0.44929566 -0.00039480 0.00254135 0.01739548 0.02182098 -0.00929921 0.03295110 0.01374757 0.03614340
677.5  -0.21767638 0.32526412 0.00252879 0.00713555 -0.00412901 0.04227791 -0.00809889 -0.04375663 -0.01117631 -0.03792638
678.0  -0.83955048 0.02170566 -0.00133338 0.00092502 -0.01563755 0.02642576 0.02788419 0.04030303 0.00958119 0.03718692
678.5  -0.70714340 -0.29343393 0.00111695 -0.00813192 0.01714632 0.00849216 -0.02015205 -0.01771521 -0.00579198 -0.03420641
679.0  0.06298591 -0.44898038 -0.00150928 -0.00377564 0.00356035 -0.02581052 0.01235107 -0.00644926 -0.01236471 0.02602775
679.5  0.78089578 -0.35675701 -0.00146853 0.00629683 -0.01564012 -0.04296002 -0.00301116 0.01359600 0.03553819 -0.01239831
680.0  0.77509135 -0.06431584 0.00169318 0.00522883 0.01133232 -0.03123864 0.00475262 -0.02464844 -0.04962510 -0.00067603
680.5  0.03449336 0.25885910 -0.00106181 -0.00215410 0.00589852 -0.00874450 -0.00480617 0.00972393 0.05208674 0.01124645
681.0  -0.74209564 0.42699730 -0.00042695 -0.00715949 -0.01924661 0.02422671 -0.00208557 -0.00952348 -0.03954495 -0.02155756
681.5  -0.82836209 0.36185203 0.00067780 -0.00591694 0.00574384 0.04147841 0.00471303 0.01775695 0.01604879 0.03251568
682.0  -0.16260371 0.12239800 -0.00142374 0.00338756 0.01257042 0.03284591 -0.01089648 -0.01712226 0.01168672 -0.03572708
682.5  0.65049964 -0.15546733 0.00176549 0.01003427 -0.01491755 0.00136871 0.00757935 0.01915884 -0.03482999 0.03464447
683.0  0.90006210 -0.34453480 -0.00009896 0.00270667 -0.00158596 -0.03124019 0.00013649 -0.01386933 0.04822227 -0.02824623
683.5  0.35414098 -0.37034700 -0.00302919 -0.00774333 0.01551442 -0.04161166 -0.00618374 -0.00062035 -0.05284595 0.01724544
684.0  -0.52634906 -0.22461836 0.00057273 -0.00667076 -0.01066321 -0.02310866 0.00757260 0.01511047 0.04163540 -0.00151171
684.5  -0.92488813 0.02993760 -0.00007770 0.00397292 -0.00761154 0.00969077 0.00792101 -0.02260122 -0.01966824 -0.01211071
685.0  -0.41761826 0.27336283 -0.00030238 0.01015176 0.01665205 0.03502594 -0.01947584 0.01272881 -0.00008712 0.02074311
685.5  0.51675576 0.37014618 0.00136417 0.00582218 -0.00721669 0.03935487 0.01989126 -0.00234537 0.02552267 -0.02867669
686.0  0.91894794 0.24875530 -0.00204524 -0.00564194 -0.00773175 0.02228680 -0.01491937 -0.01209354 -0.04486300 0.03644148
686.5  0.36948232 -0.03280347 -0.00150612 -0.01772478 0.01547022 -0.00628028 -0.00080283 0.01706493 0.04873384 -0.03437216
687.0  -0.55421124 -0.30634820 -0.00004115 -0.00675910 -0.00308227 -0.03277031 0.01133966 -0.01883564 -0.04560666 0.03300798
687.5  -0.90495507 -0.39432061 0.00069699 0.00944271 -0.01559984 -0.03943136 -0.02259795 0.01702502 0.02554879 -0.03005307
688.0  -0.34012806 -0.23153692 -0.00084769 0.01217637 0.01346256 -0.02970101 0.02306450 0.00321630 0.00229841 0.01965695
688.5  0.56810953 0.08611404 -0.00012026 0.00106981 0.00414528 0.00499358 -0.01598233 -0.02941054 -0.00399321 -0.01081781
689.0  0.89462066 0.35568564 0.00080763 -0.01116228 -0.01549095 0.02650718 0.00534613 0.04864528 -0.00088489 0.00291691
689.5  0.27767279 0.39010426 -0.00182961 -0.00992462 0.01182217 0.03920655 0.00784697 -0.05253039 0.00651181 0.00264200
690.0  -0.64816583 0.15437633 -0.00001132 0.00385919 0.00530822 0.03095911 -0.01967487 0.04242817 -0.00777337 -0.01002538
690.5  -0.85485409 -0.19030547 0.00118238 0.01162936 -0.01665389 0.00767582 0.02393353 -0.01605296 0.00472175 0.01900380
691.0  -0.09100782 -0.39937636 -0.00085591 0.00615581 0.01070873 -0.02035402 -0.02005540 -0.01260510 0.00029313 -0.02706462
691.5  0.77278242 -0.33257434 0.00000764 -0.00709838 0.00824439 -0.03908031 0.01311119 0.03532347 -0.00916679 0.03011714
692.0  0.77445744 -0.04976117 0.00156467 -0.01307932 -0.01319737 -0.03292149 -0.00029742 -0.05250323 0.02128599 -0.03290666
692.5  -0.04942727 0.26146341 -0.00163662 0.00154121 0.00304550 -0.01029656 -0.01211224 0.04844308 -0.02717622 0.02971385
693.0  -0.80833620 0.42349876 -0.00129202 0.01339783 0.00903387 0.02285507 0.01910446 -0.02753580 0.02727728 -0.02342191
693.5  -0.74386767 0.34869964 0.00223712 0.00860824 -0.01183958 0.03891442 -0.01892991 -0.00200053 -0.02235241 0.01400948
694.0  0.06087140 0.07123977 -0.00004913 -0.00659719 0.00064279 0.02880811 0.00747843 0.03364788 0.00697736 -0.00664109
694.5  0.79724607 -0.26536555 -0.00422558 -0.01712363 0.01154866 0.00036027 0.00574873 -0.04930083 0.00970548 -0.00273564
695.0  0.71650048 -0.46363867 0.00355697 -0.00631910 -0.01040258 -0.03243940 -0.01376285 0.04589697 -0.02525665 0.01281892
695.5  -0.10377620 -0.38563217 0.00324121 0.01020461 -0.00230005 -0.03782832 0.01838094 -0.02666841 0.03522287 -0.01973822
696.0  -0.80946553 -0.06456097 -0.00115764 0.01519133 0.01235488 -0.02316232 -0.00768129 -0.00854950 -0.03214112 0.02535169
696.5  -0.66896210 0.30169347 -0.00373171 0.00344838 -0.00815289 0.00872674 -0.00491664 0.03395430 0.01667799 -0.03232853
697.0  0.15558523 0.48417520 0.00692846 -0.01112717 -0.00840614 0.03715196 0.01072705 -0.04379714 0.00981343 0.03675801
697.5  0.81906148 0.38190217 -0.00281831 -0.01368138 0.01175593 0.03763202 -0.01398956 0.02933880 -0.03470940 -0.03048490
698.0  0.67582505 0.06952573 -0.00419339 0.00052470 0.00100779 0.01609565 -0.00174672 0.01001360 0.04155986 0.02061048
698.5  -0.12327144 -0.27031474 0.00623560 0.01470422 -0.01042200 -0.01579416 0.03371555 -0.01232475 -0.02972518 -0.00691786
699.0  -0.81036157 -0.45523531 -0.00406103 0.00800955 0.00794983 -0.04221103 -0.03714642 0.01188269 0.00482838 -0.00871604
699.5  -0.71342347 -0.38961077 -0.00286664 -0.00882391 0.00486574 -0.03455120 0.02295207 -0.02075409 0.01443520 0.02129106
700.0  0.10179469 -0.10695403 0.00733250 -0.01323035 -0.01355659 -0.00457331 0.01396840 0.02243778 -0.02777736 -0.03122363
700.5  0.82498185 0.23778969 -0.00403693 -0.00006022 0.00358263 0.02114638 -0.04154983 -0.01941255 0.03042104 0.03631178
701.0  0.67789258 0.43807741 -0.00385008 0.01593443 -0.00289441 0.04547033 0.04402863 0.00808875 -0.02561834 -0.03717195
701.5  -0.20292099 0.36241512 0.00610430 0.01351527 -0.00421050 0.03362182 -0.03199539 0.00808401 0.02221566 0.03176824
702.0  -0.86278866 0.05769252 -0.00445331 -0.00497557 -0.00261103 0.00677932 -0.00033346 -0.02168861 -0.01278425 -0.02399776
702.5  -0.60750648 -0.27888532 -0.00101851 -0.01430458 0.00033891 -0.02613597 0.03182292 0.02549151 0.00221162 0.01178561
703.0  0.26268636 -0.44345517 0.00542015 -0.00565540 0.00611520 -0.04652666 -0.04795001 -0.02554916 0.00403093 -0.00099955
703.5  0.86576125 -0.35328824 -0.00543382 0.01073745 0.00380213 -0.03282392 0.04250057 0.01514520 -0.01222314 -0.01093693
704.0  0.63982149 -0.07410421 0.00015123 0.01184585 0.00071821 0.00140567 -0.01152580 0.00584804 0.01737411 0.02381644
704.5  -0.19169303 0.23682341 0.00716318 -0.00372557 -0.00620221 0.03534269 -0.02187313 -0.02040224 -0.01608695 -0.03062412
705.0  -0.85040752 0.41279129 -0.00840635 -0.01270342 -0.00727144 0.04844352 0.04352866 0.02670695 0.01151959 0.03117156
705.5  -0.69955442 0.36334996 0.00054447 -0.00502880 0.00084625 0.01774687 0.04357798 -0.02156167 -0.01514290 -0.03124948
706.0  0.13558570 0.12417270 0.00672412 0.01168192 0.00823941 -0.01109417 0.00890114 0.01466444 0.00544118 0.02231509
706.5  0.84691944 -0.16627836 -0.00709343 0.01430939 0.00311337 -0.03487226 -0.01629213 -0.01850879 0.01537456 -0.01486247
707.0  0.73915875 -0.35464489 0.00164173 0.00059605 -0.00731547 -0.04312277 -0.04070411 -0.00794844 -0.02966975 0.01030676
707.5  -0.07152572 -0.35967961 0.00514731 -0.00934339 -0.01105692 -0.02844515 -0.03464192 0.02491408 0.02084049 0.00339726
708.0  -0.81154938 -0.19689536 -0.00811154 -0.00711209 -0.00626044 0.00713761 -0.02209275 -0.02052563 -0.00892441 -0.01818304
708.5  -0.81614711 -0.05250636 0.00306062 -0.00330449 0.00811457 0.04480464 -0.01835650 0.00660819 -0.00258003 0.02368603
709.0  -0.09585576 0.28981790 0.00457775 0.00472727 0.01402099 0.05545142 -0.01225841 0.01027388 0.01718465 -0.03708016
709.5  0.70117464 -0.37855368 -0.00716971 0.00581251 0.00264155 0.03002738 0.00650202 -0.02452136 -0.02303242 0.03803659
710.0  0.89034929 0.26471055 0.00363510 -0.00350672 -0.01359111 -0.01491230 0.02795474 0.02876531 0.02115059 -0.03583795
710.5  0.28177732 -0.02144136 0.00284162 -0.00563710 -0.01147462 -0.04614541 0.03429602 -0.01979279 -0.01900127 0.03427763
711.0  -0.58772080 -0.24507939 -0.00740414 -0.00489863 0.00224447 -0.04517035 0.02416965 0.00145957 0.00886381 -0.02454009
711.5  -0.91455566 0.37775314 0.00475960 0.00434105 0.01447656 -0.01588837 0.00145926 0.01841864 0.00340812 0.01279034
712.0  -0.39549962 -0.27739809 0.00505954 0.01099459 0.01270033 0.02067785 -0.02301986 -0.02997728 -0.01032002 -0.00312685
712.5  0.48242177 0.01807732 -0.00560530 0.00486676 -0.00568345 0.04272977 -0.04212035 0.02813936 0.02105198 -0.00841059
713.0  0.92203100 0.24640728 0.00422392 -0.00667941 -0.01497874 0.03676997 -0.03557717 -0.02052778 -0.02765415 0.01948530
713.5  0.57964052 -0.37373192 -0.00036945 -0.01032172 -0.00825568 0.00680787 -0.01368883 -0.00945587 0.02182921 -0.03016834
714.0  -0.22118620 0.30280481 -0.00373768 -0.00530656 0.00617529 -0.02066345 0.01922552 0.02799534 -0.01376891 0.03654422
714.5  -0.84252581 -0.08248467 0.00633536 0.00329814 0.01274276 -0.02698712 0.05755998 -0.02544659 -0.00478731 -0.03454216
715.0  -0.81465660 -0.18278208 -0.00189827 0.00815877 0.00277793 -0.00319473 0.05255105 0.02157855 0.02199073 0.03015094
715.5  -0.15108627 0.35353856 -0.00466343 0.00245333 -0.01079191 0.01069014 0.01051641 0.01013773 -0.02613958 -0.01719816
716.0  0.64658479 -0.34226178 0.00748118 -0.00033052 -0.00781866 -0.00513041 -0.03464016 -0.02239586 0.01401108 0.00699725
716.5  0.91092098 0.15160832 -0.00272643 -0.00296936 0.00382555 -0.02033299 -0.04890051 0.04263684 0.00500323 0.00172542
717.0  0.39301872 0.13670404 -0.00386312 -0.01182052 0.00473856 0.00441216 -0.05552216 -0.02329291 -0.01019543 -0.01334506
717.5  -0.47278159 -0.34344811 0.00680558 -0.00619140 0.00260205 0.01673343 -0.01498847 0.00246556 -0.01812073 0.01985327
718.0  -0.92444532 0.34899983 -0.00325132 0.00633018 -0.00033827 -0.02235706 0.01321545 0.02196083 -0.01972434 -0.02562706
718.5  -0.54126163 -0.17446143 -0.00274661 0.01114885 -0.00483445 -0.04911484 0.03196988 -0.03369681 -0.02173716 0.03042404
719.0  0.32765310 -0.10514467 0.00715638 -0.00122986 -0.00169240 -0.03796006 0.02737514 0.03054025 -0.01502641 -0.03337994
719.5  0.89959867 0.33111647 -0.00595506 -0.00909467 0.00064451 0.00560588 0.00782256 -0.01436436 -0.00476289 0.03305086
720.0  0.65159830 -0.36024848 -0.00146789 -0.00506630 0.00328728 0.04513306 -0.01694442 -0.00544007 0.00529665 -0.02902696
720.5  -0.22385454 0.19864444 0.00621240 0.00386467 0.00293429 0.04489191 -0.03106033 0.02268968 0.01665682 0.02191943
721.0  -0.88780047 0.08224045 -0.00868538 0.00853064 -0.00139818 0.00650664 -0.02604084 -0.03192548 0.02056366 -0.01425122
721.5  -0.64847255 -0.33068445 -0.00113266 0.00303032 -0.00576128 -0.03726522 -0.00627310 0.03027947 0.02333228 0.00311303
722.0  0.27512982 0.35817969 0.01038212 -0.00565249 -0.00559762 -0.05120423 0.01577728 -0.02173786 0.02431958 0.00609895
722.5  0.90984868 -0.14779065 -0.00627461 -0.00785927 0.00187969 -0.02241365 0.02947972 0.00781131 0.02359928 -0.01477212
723.0  0.56559691 -0.14944637 -0.00312549 -0.00323026 0.00811819 0.02180757 0.02844661 0.00933579 0.01914281 0.02341099
723.5  -0.36575578 0.35343747 0.01063459 0.00213368 0.00462060 0.04993976 0.01145405 -0.02344425 0.01645256 -0.02990701
724.0  -0.91461047 -0.34060736 -0.00771571 0.00551090 -0.00521052 0.04042160 -0.01282803 0.03049435 0.00521171 0.03729426
724.5  -0.58473428 0.12770144 -0.00442665 0.00452801 -0.00955554 -0.00234950 -0.02858958 -0.02849527 -0.00519800 -0.03810955
725.0  0.28341780 0.14907207 0.00938279 0.00071984 -0.00145677 -0.04108319 -0.02883220 0.01463168 -0.01764920 0.03753475
725.5  0.89147638 -0.34482243 -0.00475831 -0.00457270 0.00779130 -0.05077686 -0.01200562 0.00538481 -0.02319518 -0.03288625
726.0  0.68039537 0.35144835 -0.00282870 -0.00599249 0.00848980 -0.03063916 0.00690513 -0.02317745 -0.02059719 0.02397013
726.5  -0.17476658 -0.15729404 0.00883980 -0.00072767 -0.00181227 0.00258424 0.02729193 0.03062802 -0.01311295 -0.01485686
727.0  -0.86790651 -0.13035528 -0.00709300 0.00926368 -0.00340911 -0.03470820 0.04178537 -0.01443361 0.00409787 0.00322746
727.5  -0.70964671 0.34577767 0.00297798 0.00880492 0.00202127 0.05094537 0.02488548 -0.00194015 -0.00265907 0.00994440
728.0  0.14767053 -0.34908134 0.00939342 -0.00414933 -0.00125893 -0.04174389 -0.00359121 -0.00890967 0.01583379 -0.02214519
728.5  0.85926294 0.14733969 -0.00853980 -0.01056317 -0.00590838 0.00327283 -0.01593621 -0.02145585 0.02665108 0.03241117
729.0  0.73775236 0.12369257 0.00084832 -0.00551317 -0.00136268 0.03969408 -0.02512715 -0.02145369 0.02746078 -0.04188799
729.5  -0.07962467 -0.33269408 0.00618874 0.00803613 0.00397997 -0.05267657 -0.02110932 -0.01098101 0.02395666 0.04467403
730.0  -0.81304904 0.36909155 -0.00682796 0.01393195 0.00451430 0.02883013 -0.00146175 0.00369399 0.01072417 -0.04228447
730.5  -0.80882028 -0.21103175 0.00360604 0.00117532 -0.00091961 0.01392622 0.01818948 0.01427762 -0.00083201 0.03159686
731.0  -0.06503806 -0.03373552 0.00394548 -0.01225872 -0.00545944 -0.05026766 0.02823377 0.02044699 -0.01442258 -0.01759890
731.5  0.74366548 0.26604452 -0.00814818 -0.00981033 -0.00242636 0.04500165 0.02241964 0.01695826 -0.02337592 0.00052673
732.0  0.85671460 -0.38125499 0.00540191 0.00388506 0.00352776 -0.00663894 0.00258312 0.00785288 -0.02861319 0.01772917
732.5  0.16423131 0.29076675 0.00169496 0.01152771 0.00712503 -0.03318997 -0.01737974 -0.00138975 -0.02688822 -0.02784278
733.0  -0.68955341 -0.05902384 -0.00810102 0.00405732 0.00242221 0.05302961 -0.02953321 -0.01212711 -0.02292977 0.03636749
733.5  -0.88718728 -0.19141078 0.00836262 -0.01097607 -0.00708474 -0.03749359 -0.02457039 -0.01772259 -0.00705918 -0.04451583
734.0  -0.25778544 0.36007261 -0.00277170 -0.00712535 -0.00699478 -0.00398752 -0.00492625 -0.01858181 0.00702318 0.04421012
734.5  0.59433161 -0.34819230 -0.00542260 0.00859180 0.00306783 0.03847745 0.01904232 -0.01314817 0.02177140 -0.04087215
735.0  0.91776857 0.16395772 0.00922423 0.00811826 0.00910145 -0.05576096 0.02502117 0.00266396 0.02528575 0.03295653
735.5  0.41843491 0.09340189 -0.00524236 -0.00050441 0.00599285 0.02457990 0.03610527 0.00967259 0.02390995 -0.02280251
736.0  -0.47500825 -0.31573450 -0.00323280 -0.01091475 -0.00677114 0.00557426 0.00776668 0.01739828 0.01408342 0.00607022
736.5  -0.92208820 0.36775820 0.00882354 -0.00728793 -0.01226133 -0.03813535 -0.01116578 0.02363070 -0.00344584 0.00925557
737.0  -0.42638876 -0.18482909 -0.00556611 0.00788548 -0.00436102 0.04615457 -0.02746861 0.02159307 -0.02127999 -0.02122533
737.5  0.54785466 -0.13053770 -0.00410774 0.01188090 0.00477587 -0.03818522 -0.03363334 0.01003534 0.02635638 0.03329489
738.0  0.90270020 0.35755872 0.00875278 0.00678097 0.01061899 0.00670967 -0.02272128 0.00060854 -0.03000056 -0.04303468
738.5  0.18480756 -0.30820360 -0.00273458 -0.00431565 0.00807560 0.02240569 -0.00458853 -0.00779094 0.02453274 0.04653061
739.0  -0.75932408 0.01358920 -0.00613554 -0.01352909 -0.00157232 -0.04349789 0.02250945 -0.00999549 -0.01535451 -0.04995375
739.5  -0.78259878 0.28652766 0.00758741 -0.01084471 -0.00836381 0.04885184 0.02962808 -0.00669921 0.00362744 0.04910547
740.0  0.13722669 -0.36628456 0.00097704 0.00279733 -0.00863413 -0.02547565 0.03264434 -0.00264517 0.00879719 -0.04486416
740.5  0.88811554 0.16923749 -0.00822988 0.01431271 -0.00181408 -0.00718538 0.02182068 0.00256233 -0.01822724 0.03590188
741.0  0.59543964 0.15942127 0.00455798 0.01093069 0.00689783 0.03760397 0.00382756 0.00630489 0.02544809 -0.02521505
741.5  -0.38632399 -0.36343842 0.00637161 -0.00178390 0.00855075 -0.04729415 -0.01370710 0.00544159 -0.02617902 0.01057078
742.0  -0.92480589 0.30487532 -0.00975885 -0.01237198 -0.00051135 0.03099513 -0.02909009 -0.00231210 0.02286444 0.00444745
742.5  -0.39993727 -0.04859029 0.00243409 -0.01141676 -0.01122797 0.00223853 0.03317164 -0.00576444 -0.01327246 -0.01775117
743.0  0.57080616 -0.24395699 0.00893021 0.00425784 -0.01016363 -0.03238709 -0.02473933 0.01350769 0.00441444 0.03244639
743.5  0.90499093 0.38175634 -0.00885770 0.01387832 0.00514520 0.04507605 0.00632888 -0.01733002 0.00479630 -0.04383885
744.0  0.30509681 -0.27250674 0.00109969 -0.00050756 0.01841196 -0.03637262 0.01560672 0.01112979 -0.01203414 0.05288317
744.5  -0.57969067 0.02479046 0.00643930 -0.01068056 0.00250169 0.00654054 -0.03325354 0.00169780 0.01382285 -0.05604748
745.0  -0.92099499 0.21842994 -0.00952729 -0.00153187 -0.01729361 0.02235085 0.03636319 -0.02169836 -0.01213010 0.05179346
745.5  -0.46800020 -0.36880268 0.00086798 0.01020473 -0.01090780 -0.03059638 -0.01606187 0.03433483 0.01442053 -0.03779022
746.0  0.36175071 0.33701775 0.00724505 0.00790505 0.01210754 0.02665955 -0.01193276 -0.01232541 -0.03127710 0.02386402
746.5  0.90087624 -0.14092925 -0.00852282 -0.00476298 0.01868862 -0.00707811 0.03407830 -0.00700991 0.01090157 -0.00399556
747.0  0.67764935 -0.12083716 0.00230071 -0.01077401 0.00202938 -0.01106060 -0.03433346 0.01154934 0.01883243 -0.02106378
747.5  -0.15655537 0.33535293 0.00581375 -0.00251699 -0.01556357 0.01686357 0.01489070 -0.00309613 -0.03865098 0.03819229
748.0  -0.85425636 -0.35606421 -0.00834319 0.00669378 -0.01294070 -0.01920589 0.01132355 -0.00932969 0.04356043 -0.05342209
748.5  -0.73426444 0.14761799 0.00421890 0.00799699 0.00395794 0.01209860 -0.02953332 0.01879348 -0.03585069 0.06776753
749.0  0.11078867 0.15265246 0.00723719 0.00088527 0.01622886 0.00954095 0.03319272 -0.02053943 0.01852940 -0.06514961
749.5  0.84557990 0.35460332 -0.00833946 -0.00932057 0.00997035 -0.01962670 -0.01571669 0.01106985 0.00110642 0.06008440
750.0  0.75255695 0.33152043 0.00121137 -0.00837721 -0.00865003 0.01388798 -0.01379959 0.00595921 -0.01787060 -0.05316900
750.5  -0.05668629 0.10888837 0.00607804 0.00361224 -0.01790846 -0.00538570 0.03264189 -0.01724383 0.03156475 0.03426537
751.0  -0.80632566 -0.17632683 -0.00998192 0.01075762 -0.00529535 -0.01423931 -0.03648614 0.02384576 -0.03655682 -0.01328494
751.5  -0.80610234 -0.36419179 0.00593172 0.00442521 0.01397619 0.02405624 0.01903949 -0.01964818 0.03148371 -0.00773098
752.0  -0.05980524 -0.35155937 0.00401802 -0.00810304 0.01687534 -0.01056201 0.01208737 0.00567393 -0.02339814 0.03179727
752.5  0.74395603 -0.14004357 -0.01010060 -0.00957118 -0.00227014 -0.00200197 -0.03378878 0.00569436 0.00758510 -0.04952630
753.0  0.84022433 0.15545652 0.00696618 0.00159582 -0.01722127 0.01358937 0.04038446 -0.01611503 0.01092482 0.06183703
753.5  0.12158475 0.36447683 0.00201726 0.00977615 -0.00969788 -0.02328202 -0.03142144 0.01954539 -0.01941642 -0.07112221
754.0  -0.71573752 0.36621832 -0.00991280 0.00561925 0.00762109 0.01991646 0.00561727 -0.02660701 0.02010391 0.06967965
754.5  -0.86178446 0.16949062 0.00717481 -0.00547655 0.01642664 0.00000316 0.02003378 0.03545128 0.00359578 -0.06397069
755.0  -0.19925574 -0.10083460 -0.00271446 -0.00412239 0.01114724 -0.03149981 -0.03005085 -0.00658232 0.00530862 0.04670848
755.5  0.64199608 -0.30045041 0.00170557 -0.01086497 -0.00804913 -0.02898856 -0.03131066 -0.01940727 0.00253862 -0.02402298
756.0  0.91913409 -0.34946420 0.00264518 -0.00574651 -0.01674049 -0.01564013 -0.00828513 0.03694734 -0.00609505 -0.00343606
756.5  0.39855791 -0.24574263 -0.00381505 0.00752448 -0.00391263 0.00067112 0.01762245 -0.03301750 -0.00926902 0.03082778
757.0  -0.48298409 -0.04458231 0.00212835 0.01006410 0.01410645 0.01787135 0.03610602 0.01128729 -0.01354801 -0.05343282
757.5  -0.94461010 0.16689874 0.00092141 -0.00112732 0.01533254 0.02244763 0.03591345 0.01285783 -0.01381383 0.06620324
758.0  -0.51912500 0.29396366 -0.00296364 -0.01129266 -0.00312395 0.01364798 0.01904766 -0.02946752 -0.01152360 -0.06860551
758.5  0.42586833 0.26832621 0.00149925 -0.00780949 -0.01794899 -0.00373049 -0.00673905 0.03346221 -0.00631381 0.06353989
759.0  0.94734425 0.09155470 0.00145855 0.00460872 -0.01128770 -0.02028021 -0.02836939 -0.02563833 0.00284665 -0.05072210
759.5  0.50393910 -0.14424901 -0.00610534 0.01167323 0.00510855 -0.02569789 -0.03784278 0.00559316 0.01281947 0.02724044
760.0  -0.44277678 -0.29760533 0.01047295 0.00573992 0.01724411 -0.01479728 -0.03068627 0.01669933 0.01912043 -0.00575767
760.5  -0.94327738 -0.27062180 0.00140293 -0.00621357 0.01112953 0.00730688 -0.00848035 -0.03088141 0.01920447 -0.01673182
761.0  -0.54938646 -0.07861574 -0.00805058 -0.00906506 -0.00477630 0.02580447 0.02053400 0.02478407 0.01246512 0.04302143
761.5  0.33346828 0.16148410 0.00639414 -0.00025258 -0.02025322 0.02515014 0.03727584 -0.01329124 0.00158751 -0.05929040
762.0  0.91442947 0.30914598 0.00048007 0.00898561 -0.01206606 0.00662116 0.03464603 -0.01068019 -0.00935968 0.06881956
762.5  0.71390637 0.28450694 -0.00705490 0.00806866 0.01164804 -0.01505306 0.01129552 0.02926062 -0.01678866 -0.07332134
763.0  -0.08299329 0.10767380 0.00701877 -0.00263778 0.02155435 -0.02261810 -0.02167886 -0.02650616 -0.01536694 0.06303314
763.5  -0.81124629 -0.11981384 -0.00131397 -0.01190447 0.00634033 -0.00296713 -0.03807379 0.02297274 -0.00876799 -0.04947782
764.0  -0.87157908 -0.27723600 -0.00644474 -0.00970788 -0.01622171 0.01774220 -0.02823224 0.00678691 0.00847214 0.03522912
764.5  -0.22762060 -0.29401809 0.00927962 0.00202654 -0.01858786 0.01340381 0.00281985 -0.02464136 0.02699077 -0.01253648
765.0  0.59095330 -0.17950322 -0.00345357 0.00785755 0.00386088 -0.02460620 0.02058134 0.03929412 0.01535078 -0.00925362
765.5  0.95050481 0.00128831 -0.00389801 0.00295496 0.02347221 -0.03839482 0.00541662 -0.02917251 0.00845388 0.03330798
766.0  0.60179809 0.17618300 0.00637192 0.00750030 0.01047666 -0.02508692 -0.00507684 0.00414476 -0.00931083 -0.05477416
766.5  -0.18724025 0.28576688 -0.00403785 -0.00896195 -0.01400722 0.01050677 -0.00809923 0.02253196 -0.02095159 0.06975845
767.0  -0.84180803 0.28968138 -0.00148070 -0.00097035 -0.01840350 0.03919761 -0.00514732 -0.03675786 -0.02378823 -0.07266069
767.5  -0.85075120 0.17013606 0.00518122 0.00952700 0.00083446 0.03311650 0.00362302 0.02773653 -0.01658000 0.06221004
768.0  -0.15530120 -0.04939711 -0.00814420 -0.00632641 0.01979302 0.00092161 0.00504098 -0.00911033 -0.00422143 -0.04462510
768.5  0.68832027 -0.27052093 0.00225146 -0.00464942 0.01283537 -0.03356464 0.00295895 -0.01606914 0.00891290 0.02008509
769.0  0.89222244 -0.35228792 0.00258309 0.01005419 -0.01027791 -0.04316279 0.00104390 0.03354311 0.01742635 0.00738000
769.5  0.21798620 -0.20710005 -0.00637060 -0.00498511 -0.02186808 -0.02258717 -0.00285666 -0.03290476 0.02243248 -0.02631524
770.0  -0.67308456 0.09538258 0.00543837 -0.00508163 -0.00771978 0.01155775 -0.00231924 0.02204047 0.02114394 0.04742329
770.5  -0.87133766 0.34875713 0.00168195 0.00665388 0.01682131 0.03873297 -0.00566323 0.00052776 0.01622724 -0.06357886
771.0  -0.18503653 0.36933219 -0.00691738 -0.00383632 0.01932809 0.04365997 -0.01242611 -0.02129870 0.00466973 0.06846371
771.5  0.68099128 0.13829224 0.00529263 -0.00397007 -0.00011730 0.02466558 0.00692430 0.03424082 -0.01003720 -0.07261268
772.0  0.86175768 -0.18842815 0.00047595 0.00603739 -0.01682735 -0.00376539 0.00210286 -0.03294791 -0.01947591 0.07068187
772.5  0.17742026 -0.39380756 -0.00748852 -0.00140642 -0.01528504 -0.02595527 0.03083271 -0.00316797 -0.01316266 -0.05953373
773.0  -0.69325517 -0.34110578 0.00537090 -0.00325262 0.00357545 -0.02431759 0.01192318 0.03486210 -0.00866218 0.04759879
773.5  -0.84417382 -0.06094711 0.00229512 0.00412315 0.01888487 -0.00869002 -0.01560768 0.03729251 0.01345643 -0.03642749
774.0  -0.08285268 0.26167500 -0.00693673 0.00069298 0.01263008 0.02389521 -0.01924003 0.02251644 -0.02170799 0.02137102
774.5  0.77598755 0.40464018 0.00559096 -0.00555822 -0.00696088 0.03530092 -0.00482133 0.00312805 0.02379685 0.00702322
775.0  0.76072862 0.26941502 0.00340797 0.00486769 -0.01909532 0.02409151 0.01015806 -0.01774912 -0.02400452 -0.00921277
775.5  -0.11101434 -0.04993237 -0.00505891 0.00370259 -0.01225294 -0.00406362 0.01712748 -0.03654122 0.02174427 -0.03018587
776.0  -0.85002079 -0.33926282 -0.00311408 -0.00477731 0.00931667 -0.03042892 0.01430493 -0.04870259 -0.00855112 -0.05171380
776.5  -0.66107635 -0.41632561 0.00480873 -0.00172921 0.02050132 -0.03676928 0.00175486 -0.04840756 0.03353072 -0.06039486
777.0  0.21993509 -0.23800287 -0.00617478 0.00507251 0.00609263 -0.01412554 -0.01040710 -0.03413207 -0.00229927 -0.07791706
777.5  0.86302784 0.08998980 0.00022678 -0.00007422 -0.01644102 0.02072766 -0.01633821 -0.01083319 0.00011137 -0.07945047
778.0  0.61011265 0.37352130 0.00614596 -0.00342663 -0.02028745 0.03907802 -0.01277918 0.01599293 0.00875145 -0.07418345
778.5  -0.27881017 0.43539861 -0.00634062 0.00304735 -0.00216825 0.02549699 -0.00403205 0.03769334 -0.02001303 -0.06017958
779.0  -0.87580355 0.22975238 0.00074619 -0.00197252 0.01926341 -0.00580353 0.00690115 0.04870613 0.01426525 -0.04421272
779.5  -0.54739490 -0.11349189 0.00517267 -0.00417710 0.01897098 -0.03126389 0.01401388 0.04434376 -0.02962336 -0.00854031
780.0  0.35590263 -0.37526063 -0.00595026 0.00507298 -0.00440849 -0.03409526 0.01413358 0.02621489 0.02530571 0.01505108
780.5  0.89479514 -0.40858646 0.00166795 0.00321337 -0.02406711 -0.01692085 0.00764639 -0.00523047 -0.01307022 0.04451144
781.0  0.54993844 -0.22417977 0.00422766 -0.00921975 -0.01595035 0.00587720 -0.00272540 -0.03708768 0.00690014 0.06467027
781.5  -0.31315271 0.05123878 -0.00686245 -0.00028845 0.01237463 0.02326408 -0.01025893 -0.06080878 0.00890344 0.07869167
782.0  -0.89108897 0.27841486 0.00337814 0.00711236 0.02481389 0.02301632 -0.01150331 -0.05615918 -0.02355078 0.07983594
782.5  -0.68728455 0.37025142 0.00347887 -0.00252130 0.00411668 0.01302695 -0.01027015 -0.02601144 0.02328474 0.06844981
783.0  0.11462309 0.30237238 -0.00683248 -0.00107882 -0.02261125 0.01159864 0.00141582 0.02585089 -0.01654305 0.04616175
783.5  0.82516205 0.10564175 0.00342835 0.01205387 -0.01702123 0.01452690 0.03202832 0.04647502 0.02125815 0.01851246
784.0  0.80416691 -0.14274279 0.00247802 0.00100599 -0.00989989 -0.00321372 -0.05888972 0.04044029 -0.00613764 -0.01278934
784.5  0.03503609 -0.32746913 -0.00651596 -0.01702315 0.02459349 0.00214811 0.03050487 0.03565698 0.00049514 -0.03749641
785.0  -0.77706248 -0.33912708 0.00455557 0.00495723 -0.00843609 0.00771019 0.01085461 0.01775671 0.01751236 -0.05630066
785.5  -0.82083543 -0.14874012 0.00122987 0.01477762 -0.02073805 0.00377103 -0.04126713 -0.00568687 -0.02780596 -0.06983950
786.0  -0.02831701 0.14089508 -0.00502772 -0.01826850 0.02571226 -0.00435467 0.05306089 -0.02766910 0.04018399 -0.07567216
786.5  0.79459486 0.34351307 0.00456283 0.00099035 -0.00256387 -0.01273215 -0.03997509 -0.03757515 -0.03669265 -0.07869299
787.0  0.79629699 0.32148051 0.00414355 0.01877722 -0.02309910 -0.01176108 0.00804546 -0.03486561 0.03328256 -0.07118795
787.5  -0.02946093 0.08744437 -0.00496396 -0.02097409 0.02498916 -0.00111247 0.02404366 -0.02184762 -0.01827894 -0.05977955
788.0  -0.82989987 -0.20030300 -0.00159502 -0.00112417 -0.00349532 0.00980177 -0.04563047 -0.00060828 0.00257664 -0.04178945
788.5  -0.75319890 -0.34811195 0.00493520 0.02199421 -0.02242582 0.01525302 0.04449072 0.01912955 0.01358730 -0.01978413
789.0  0.14252612 -0.25929673 -0.00453834 -0.01789181 0.02660501 0.01105458 -0.01833831 0.03300492 -0.02894589 0.00063561
789.5  0.88829220 -0.00015703 -0.00145267 -0.00254735 0.00157567 -0.00065115 -0.01492002 0.03820334 0.04028939 0.01816490
790.0  0.65466675 0.25046373 0.00572578 0.02389069 -0.02417840 -0.01266547 0.04256272 0.03256033 -0.04214885 0.03779457
790.5  -0.29431591 0.33566359 -0.00257435 -0.01683056 0.02037031 -0.01286826 -0.04789533 0.02043097 0.04063165 0.04996711
791.0  -0.91992483 0.21546833 -0.00228791 -0.01290152 0.00171016 -0.00932073 0.02435400 0.00020209 -0.03049887 0.06197670
791.5  -0.58560522 -0.03142621 0.00552247 0.02561387 -0.02063100 0.00088304 0.01360615 -0.01813641 0.01478640 0.07161074
792.0  0.32723852 -0.26848065 -0.00243561 -0.01441658 0.01485383 0.01721224 -0.03979010 -0.02841383 0.01180661 0.07654022
792.5  0.90648680 -0.37068864 -0.00358348 -0.01796377 0.00882264 0.00276116 0.04903131 -0.03697890 -0.02602653 0.07406842
793.0  0.61293376 -0.27177077 0.00537992 0.02943699 -0.02095954 0.00493372 -0.02804854 -0.00728293 0.04974158 0.06782686
793.5  -0.25972342 -0.00700492 -0.00259765 -0.00183338 0.00460187 -0.00671076 -0.00327576 -0.01458407 -0.03807089 0.05097957
794.0  -0.87529264 0.28749841 -0.00312404 -0.01722879 0.02301288 -0.00670692 0.03339246 0.00895727 0.02922226 0.02820441
794.5  -0.62949280 0.42519791 0.00642634 0.00297393 -0.02701603 -0.00115034 -0.04432533 0.03229104 -0.01722308 0.00283998
795.0  0.24629833 0.29081475 -0.00519493 0.00333271 -0.00467827 0.01703807 0.05099636 0.02274071 -0.00041330 -0.02235631
795.5  0.86767917 -0.04914877 -0.00460853 0.00688677 0.03497508 0.01131934 -0.03440161 0.01986972 0.01371406 -0.04676708
796.0  0.59724031 -0.36469921 0.00657610 -0.01067247 -0.02498214 0.00381434 0.00439828 0.00003481 -0.03009673 -0.06751726
796.5  -0.27641014 -0.43105384 0.00168791 0.00242085 -0.01648869 -0.01145196 0.02957419 0.01302801 0.03767711 -0.07937865
797.0  -0.86742847 -0.20723345 -0.00448018 0.01179170 0.03858206 -0.01831784 0.05294824 -0.01053692 -0.03573257 -0.08186520
797.5  -0.62065628 0.14681069 0.00492274 -0.01335770 -0.02184287 -0.01134969 0.05324349 0.00816317 0.03098220 -0.07259052
798.0  0.19874096 0.40163733 -0.00178574 -0.00295317 -0.01824686 0.00377687 0.02669418 -0.00198269 -0.01772820 -0.05147226
798.5  0.83357176 0.41066770 -0.00292474 0.01509293 0.03780333 0.01684442 -0.01537545 -0.00431688 -0.00262423 -0.02400778
799.0  0.72462081 0.17755199 0.00495943 -0.00750669 -0.01466121 0.01739503 -0.05031363 0.01143725 0.01536351 0.00658098
799.5  -0.02415692 -0.15881525 -0.00250534 -0.01005775 -0.02610654 0.00713047 -0.05772910 -0.01456268 -0.03413020 0.03423646
800.0  -0.74848785 -0.40557623 -0.00170818 0.01741283 0.03547728 -0.00794531 -0.03512149 0.00713839 0.03597106 0.05785353
800.5  -0.81327219 -0.42544857 0.00341295 -0.00334421 -0.00279461 -0.01738468 0.00969633 -0.00070998 -0.02372089 0.07059043
801.0  -0.17535942 -0.21010892 -0.00240944 -0.01286939 -0.03237790 -0.01179635 0.04606301 -0.00691361 0.01580499 0.07815106
801.5  0.60102494 0.11994237 -0.00125862 0.00479294 0.03227652 -0.00002580 0.05434393 0.02187318 0.01388652 0.07362254
802.0  0.86496787 0.39491312 0.00270704 -0.00464660 0.01054454 0.01574543 0.03261175 -0.02457905 -0.01855732 0.06283033
802.5  0.41447762 0.47914665 -0.00408842 0.01642828 -0.03789479 0.00914071 -0.02050166 0.02027388 0.01680947 0.04743863
803.0  -0.37329464 0.33262733 0.00112532 -0.00389944 0.01411831 -0.03344895 -0.03857180 -0.01317297 -0.01648973 0.02037931
803.5  -0.84915352 0.02048577 0.00296417 -0.01273861 0.03056443 -0.04797977 -0.01270842 -0.01556820 0.01001652 -0.01140512
804.0  -0.60102509 -0.30933246 -0.00380212 0.01698092 -0.03468562 -0.01861345 0.01109339 0.02724879 -0.00865506 -0.04432186
804.5  0.18359509 -0.48732516 0.00216194 0.00394842 -0.00174276 0.02995867 0.02104138 -0.02899658 -0.00011654 -0.06825320
805.0  0.81217761 -0.41043461 -0.00390130 -0.01933677 0.03592147 0.05355344 0.01678438 0.01701932 0.00798731 -0.08257203
805.5  0.67714767 -0.11357957 -0.00667562 0.00641647 -0.03247025 0.04049798 0.00437376 0.00497490 -0.00828183 -0.08399823
806.0  -0.12412734 0.23743356 0.01354040 0.01048606 -0.00880893 0.00087419 -0.01173170 -0.02221052 0.01360000 -0.07414483
806.5  -0.81477149 0.44296083 -0.00181352 -0.01438775 0.04082691 -0.04060913 -0.01761271 0.03028912 -0.01378314 -0.05543132
807.0  -0.70551274 0.39481212 -0.00924820 0.00064325 -0.02662226 -0.05539500 -0.01858324 -0.02948334 0.00756696 -0.02952213
807.5  0.09393699 0.13784404 0.01181090 0.01248816 -0.01387539 -0.03265209 -0.00730457 0.00843438 -0.00600796 0.00130278
808.0  0.80582425 -0.17758162 -0.00281696 -0.00951182 0.04014699 0.01351348 0.00603246 0.01421804 -0.00229861 0.03287442
808.5  0.76581661 -0.38837241 -0.00788895 -0.00672808 -0.02106160 0.05222541 0.01582642 -0.02789892 0.01486974 0.05995871
809.0  0.02160024 -0.39341731 0.01172202 0.01548233 -0.02365545 0.05454692 0.01831969 0.03818267 -0.01728622 0.07608805
809.5  -0.74419420 -0.19175573 -0.00518212 -0.00278905 0.03965240 0.02330700 0.01319562 -0.01483756 0.01777546 0.08259644
810.0  -0.83217921 0.11529107 -0.00717475 -0.01169562 -0.00827597 -0.02413737 -0.00158273 -0.00985707 -0.01094686 0.08063037
810.5  -0.15837571 0.36082900 0.01205246 0.01534301 -0.02678495 -0.05673399 -0.01879694 0.01852603 -0.00687973 0.07127010
811.0  0.65892374 0.40137801 -0.00582892 -0.00671200 0.03498622 -0.04951604 -0.02051786 -0.03342683 0.02486306 0.05685732
811.5  0.87633389 0.21049486 -0.00809387 -0.01468059 -0.00610355 -0.02303708 -0.00966942 0.01251268 -0.03302068 0.03598576
812.0  0.31076420 -0.09869305 0.00437220 0.02645510 -0.03022430 0.02283814 -0.00058635 0.01695147 0.02425771 0.01306001
812.5  -0.52623132 -0.34574815 0.00641687 -0.00431024 0.02462281 0.05211703 -0.01940645 -0.02018969 0.00093448 0.01153049
813.0  -0.90656888 -0.39788259 -0.01240753 -0.02828774 0.00061916 0.04395001 0.02536333 0.01467459 -0.02139313 -0.03786353
813.5  -0.50417914 -0.23642192 0.00715422 0.02989584 -0.01664768 0.00708130 -0.02176833 0.00937690 0.03435481 0.05872304
814.0  0.34228101 0.04174007 0.00358811 0.00118912 0.01561794 -0.03280716 0.00461363 -0.02907128 -0.03100215 -0.07317023
814.5  0.89883056 0.28389252 -0.01184137 -0.03606427 -0.00671561 -0.05198547 0.01475597 0.02979746 0.01998844 0.07900145
815.0  0.65267136 0.36782097 0.00889886 0.02816492 -0.00681986 -0.03256702 -0.02511926 -0.02176520 -0.00993599 -0.07451466
815.5  -0.19729408 0.26145993 0.00237553 0.00956566 0.01988186 0.01136882 0.02965902 -0.00319324 -0.00408032 0.06251259
816.0  -0.87305310 0.03073966 -0.01072976 -0.03898848 -0.01353217 0.04401745 -0.01721423 0.02569361 0.01611009 -0.04361108
816.5  -0.73454202 -0.20684745 0.01013039 0.02081583 -0.00696114 0.04891247 -0.00546088 -0.03495066 -0.02117432 0.02131491
817.0  0.08907053 -0.34049858 0.00115019 0.02504062 0.01936653 0.01540813 0.02082033 0.03570738 0.02698946 0.00402499
817.5  0.82493002 -0.30989469 -0.01047871 -0.03746037 -0.01128071 -0.02853934 -0.02817090 -0.01617463 -0.02807640 -0.02937475
818.0  0.80605473 -0.12483523 0.01097833 0.00592986 -0.00979541 -0.05188700 0.01723058 -0.01309010 0.02046724 0.05150528
818.5  0.06932280 0.13561715 -0.00247768 0.03324696 0.01686288 -0.04025536 0.00775580 0.02816223 -0.01045049 -0.06781259
819.0  -0.72150979 0.34542925 -0.00758666 -0.03055947 -0.00220127 0.00661077 -0.02549083 -0.03621032 -0.00438883 0.07489522
819.5  -0.86097283 0.37979754 0.01095583 -0.01147999 -0.01405072 0.03861704 0.02670384 0.02929831 0.01944622 -0.07204565
820.0  -0.20505891 0.18528825 -0.00233041 0.03751241 0.01179356 0.05330835 -0.00723233 0.00157612 -0.02832993 0.06538801
820.5  0.65005377 -0.14740605 -0.00721839 -0.01486513 0.00662184 0.03495804 0.00229870 -0.01748064 0.03092446 -0.05198842
821.0  0.85889874 -0.40023004 0.01568248 -0.02674779 -0.01552675 -0.01052444 -0.00244571 0.03057596 -0.03449384 0.03723878
821.5  0.18034490 -0.37296966 -0.00370885 0.03694891 0.00597629 -0.04651899 0.00873283 -0.02523137 0.03414684 -0.01972235
822.0  -0.69003570 -0.06507899 -0.01217592 -0.00726453 0.00523582 -0.05715942 -0.02373087 0.01896560 -0.01734759 0.00002282
822.5  -0.82104243 0.29572650 0.01498142 -0.03194423 -0.01252002 -0.04021040 0.00546853 -0.01629927 0.00109320 0.01751327
823.0  -0.06822874 0.43560727 -0.00041995 0.03672314 0.00526341 0.00497944 -0.00452237 0.01514413 0.01651680 -0.03539204
823.5  0.75801950 0.25570516 -0.01472230 -0.00117064 0.00863552 0.04538791 -0.00940012 -0.00680804 -0.02892373 0.05320801
824.0  0.76510414 -0.10644129 0.01267073 -0.03529094 -0.00648531 0.06136926 0.02453487 -0.00208899 0.03207896 -0.06693837
824.5  -0.06159441 -0.39248254 0.00251187 0.03691091 -0.00313566 0.04312423 -0.02312014 0.01041414 -0.02801137 0.07719269
825.0  -0.82153471 -0.40532249 -0.01623340 0.00230585 0.00598975 0.00186062 0.01249041 -0.01798617 0.01879714 -0.07823340
825.5  -0.66659960 -0.13972641 0.01211115 -0.04997538 0.01439949 -0.03719021 -0.00116908 0.01344642 -0.00608164 0.07434097
826.0  0.23363937 0.22717218 0.00520230 0.04458898 0.00329280 -0.05869919 -0.00684290 0.01518295 -0.00449382 -0.05941194
826.5  0.86316840 0.45223748 -0.01274461 0.00825261 -0.01038247 -0.05229909 0.02434028 0.00363656 0.01434277 0.03917874
827.0  0.52630397 0.38730883 0.00901036 -0.05295845 -0.01389405 -0.02086467 -0.02791128 -0.00054357 -0.02498801 -0.01732576
827.5  -0.37423111 0.07580846 0.00363678 0.03817163 -0.00471223 0.00277625 0.02330084 -0.00166605 0.02699890 -0.01135879
828.0  -0.85974030 -0.28821175 -0.01155844 0.02406353 0.00845154 0.03890719 -0.02598829 -0.00111579 -0.02355445 0.03904616
828.5  -0.46262883 -0.49304542 0.00654275 -0.05141527 0.02898454 0.05339225 -0.01825828 -0.00514652 0.00064193 -0.06205883
829.0  0.37899774 -0.43403863 0.00603998 0.01478800 -0.00575696 0.03826426 0.00295986 -0.00755908 0.01421162 0.08074343
829.5  0.84864844 -0.15155588 -0.00783248 0.04878241 -0.02440276 -0.00039717 0.01291541 -0.01537302 -0.02829983 -0.08407044
830.0  0.51274796 0.20729000 0.00508740 -0.04489614 -0.01089547 -0.04319991 0.00174979 -0.02484394 0.02290988 0.07313388
830.5  -0.31896075 0.45780447 0.00344476 -0.02222920 0.01394737 -0.04919473 -0.02885802 -0.01895358 -0.01727939 -0.05717663
831.0  -0.85241924 0.46297994 -0.00832646 0.05643879 0.02110267 -0.02384130 -0.03333337 -0.00711958 0.00439239 0.03388970
831.5  -0.54158169 0.21699959 0.00505921 -0.02048236 0.00262822 0.01050702 -0.00796656 0.01037835 0.01325675 -0.00933414
832.0  0.32647328 -0.14060071 0.00134701 -0.04529852 -0.01839454 0.03212440 0.02664069 0.02622135 -0.02059602 -0.01459339
832.5  0.87148184 -0.40573149 -0.00930254 0.05229998 -0.01622515 0.02997572 0.04766223 0.03101806 0.02756014 0.03750410
833.0  0.53153524 0.43355001 0.00795207 0.00562901 0.00455460 0.00713125 0.04288250 0.02367539 -0.03061780 -0.05710829
833.5  -0.34943090 -0.21568796 0.00277457 -0.06085558 0.02018262 -0.02062115 0.01274703 0.00709433 0.02771626 0.07180038
834.0  -0.87568112 -0.12844212 -0.00870175 0.03685446 0.00979241 -0.02984442 -0.02382486 -0.01155177 -0.02190138 -0.07953415
834.5  -0.52215456 0.40381894 0.00438376 0.03375112 -0.01225803 -0.01626127 -0.04785651 -0.02582126 0.01534618 0.07725869
835.0  0.35822218 -0.43391601 0.00441326 -0.05970484 -0.02212116 0.00809430 -0.04687738 -0.03167246 -0.00225261 -0.06947678
835.5  0.87758787 0.19819545 -0.00870570 0.01384970 -0.00572279 0.02757166 -0.02114775 -0.02729019 -0.01087619 0.05540616
836.0  0.48987735 0.16330817 0.00352273 0.04863797 0.01393349 0.02491366 0.01316013 -0.01350903 0.02301188 -0.03527421
836.5  -0.40954112 -0.42275113 0.00335596 -0.05336751 0.01790556 0.00667827 0.04138026 0.00457326 -0.03592078 0.01272213
837.0  -0.88189516 0.41110298 -0.00609736 -0.00434207 0.00290295 -0.01521147 0.05148114 0.01973458 0.03923938 0.01600728
837.5  -0.43823120 -0.14700838 0.00436582 0.05671151 -0.01414699 -0.02738394 0.03485088 0.03251950 -0.03071180 -0.04193820
838.0  0.44494390 -0.20565329 0.00056959 -0.04125685 -0.01568280 -0.02100515 0.00492992 0.03036495 0.01585975 0.06181633
838.5  0.87886187 0.43600165 -0.00273258 -0.02716930 0.00416148 -0.00381769 -0.02744432 0.02248994 0.00594437 -0.07329422
839.0  0.48591170 -0.41091367 0.00647139 0.06289848 0.02078315 0.01462126 -0.05015217 0.01505189 -0.02667864 0.07981406
839.5  -0.34746107 0.17943191 -0.00028171 -0.01711173 0.01001910 0.02442420 -0.05074775 -0.01604504 0.03361458 -0.07219133
840.0  -0.86641334 0.13653274 -0.00291864 -0.03908756 -0.03204550 0.00565634 0.02399458 -0.02858512 -0.03267647 0.05743367
840.5  -0.61920194 -0.39935789 0.00373991 0.05385113 -0.00628018 -0.01014858 -0.02143411 -0.02884282 -0.02200987 -0.03756765
841.0  0.17492211 0.44398849 -0.00122261 0.00525990 -0.00022633 -0.02286047 -0.03276309 -0.03920387 0.00744935 0.01455108
841.5  0.82514035 -0.24540127 -0.00244347 -0.06003659 0.00911569 0.02362565 -0.02512298 -0.03121491 0.03500436 0.00721013
842.0  0.69979392 -0.08403201 0.00300943 0.04017730 0.01196512 -0.00434600 -0.00997342 -0.01204952 0.04920931 -0.02540403
842.5  -0.10148100 0.38231550 -0.00062634 0.03042581 -0.00000942 -0.02312773 0.01599422 0.00895248 0.05387777 0.04430320
843.0  -0.79824836 -0.44798989 -0.00232836 -0.06264111 -0.01246999 0.02768260 0.03352607 0.02661561 0.04824743 -0.06081735
843.5  -0.72939321 0.22230203 0.00290810 0.02348013 -0.01034452 -0.00884744 0.02584031 0.03456765 0.03506106 0.06896118
844.0  0.04176454 0.12828975 0.00053188 0.04589203 0.00198144 -0.01345573 0.00466559 0.03262963 0.01568688 -0.07798460
844.5  0.77267490 -0.39965973 -0.00582357 -0.06265437 0.00737212 0.03000583 -0.02200590 0.02018779 -0.00404871 0.07850306
845.0  0.76954736 0.43199506 0.00387039 0.00445747 0.00633556 -0.02151730 -0.03477639 0.00187916 -0.02776488 -0.07068201
845.5  0.04824315 -0.18074308 0.00120746 0.05614919 -0.00438337 -0.01656398 -0.02213270 -0.01356360 -0.04453254 0.06133764
846.0  -0.72166706 -0.18575379 -0.00204506 -0.04709259 -0.00985079 0.03751834 0.00216121 -0.02958977 -0.05670382 -0.05000561
846.5  -0.81096252 0.42733266 -0.00083827 -0.01708420 -0.00180922 -0.02566008 0.02647039 -0.03419749 -0.06104916 0.03391953
847.0  -0.13077563 -0.39860981 0.00358887 0.06010880 0.01142209 -0.00337004 0.03438355 -0.02890461 -0.05486045 -0.01931543
847.5  0.66653386 0.11285647 -0.00265315 -0.02962925 0.00883890 0.03548172 0.01758014 -0.01706969 -0.04291174 0.00059723
848.0  0.84678671 0.23939045 -0.00168458 -0.03643078 -0.00088907 -0.03719303 -0.00653306 0.00107413 -0.01869873 0.01755735
848.5  0.26886139 -0.44279121 0.00436222 0.05825385 -0.00851535 0.00512277 -0.02681372 0.01710209 0.01398751 -0.03403517
849.0  -0.53173902 0.39137660 -0.00319022 -0.01066410 -0.00584426 0.01125980 -0.03369473 0.02128558 0.04603383 0.04990311
849.5  -0.88211146 -0.12974765 -0.00028310 -0.05210091 0.00726230 -0.03548846 -0.00020262 0.00733132 0.07310846 -0.06183610
850.0  -0.51898730 -0.18475264 0.00177263 0.04774823 0.00672238 0.02860011 0.01266674 -0.02166062 0.05730684 0.06688493
850.5  0.25801603 0.41130465 -0.00238180 0.02210687 -0.00485059 0.00444469 0.02012859 -0.03062618 0.00854267 -0.06331077
851.0  0.82765713 -0.44129582 0.00080566 -0.06159000 -0.00807935 -0.03088433 0.02070115 0.00210138 -0.02813851 0.05045086
851.5  0.72860852 0.24211647 0.00390488 0.01708875 -0.00703536 0.03224000 0.03814342 0.04434438 -0.03021511 -0.02964962
852.0  0.00116740 0.07165153 -0.00348249 0.04572615 0.00541682 -0.02537753 0.03453275 0.05576056 -0.00982022 0.00514499
852.5  -0.73923809 -0.35351987 0.00098831 -0.05499695 0.01350454 -0.01193722 0.01395760 0.04023868 0.01351231 0.01935073
853.0  -0.80191746 0.45868210 0.00007598 -0.00478221 0.00302953 0.03591774 -0.01163679 0.00867143 0.02594929 -0.04349839
853.5  -0.12451513 -0.30120944 -0.00446442 0.06273916 -0.01011348 -0.03126391 -0.04567308 -0.02491242 0.01988722 0.05990685
854.0  0.67524529 -0.01301947 -0.00049126 -0.03885789 -0.00732111 0.02140067 -0.04809543 -0.04547326 0.00822115 -0.06641951
854.5  0.84153656 0.30716609 0.00603894 -0.03118376 0.00367406 0.01023667 -0.03187273 -0.04262175 -0.01092452 0.06130372
855.0  0.21016835 -0.45563413 -0.00266679 0.05943673 0.00962783 -0.03686798 0.00138332 -0.02453094 -0.02478163 -0.04705428
855.5  -0.61388910 0.35996044 -0.00083201 -0.01473506 0.01064604 0.03618956 0.03784425 -0.01809910 -0.02707952 0.02458348
856.0  -0.85937488 -0.06455301 0.00427458 -0.04989470 -0.00279993 -0.01504283 0.06028386 -0.02199470 -0.02247494 0.00115707
856.5  -0.26678553 -0.25484075 -0.00315200 0.05173432 -0.01688220 -0.01056730 0.06097335 -0.01681423 -0.01006219 -0.02156780
857.0  0.59780850 0.44243215 -0.00113163 0.01054738 -0.00792557 0.03223581 0.03663744 0.00268356 0.00372933 0.04191405
857.5  0.85838513 -0.38599684 0.00349082 -0.06031006 0.01007322 -0.03901280 -0.00494576 0.02210326 0.01290536 -0.05755103
858.0  0.25690006 0.09751336 -0.00312729 0.03588632 0.00938217 0.02179914 -0.04011161 0.03809457 0.02150137 0.06014433
858.5  -0.60271537 0.24253138 0.00003155 0.03198197 -0.00804901 0.01509426 -0.05948193 0.03776280 0.02290533 -0.06318130
859.0  -0.86181502 -0.43912091 0.00383367 -0.05585146 0.01913519 -0.01116161 -0.05596315 0.02707710 0.01954227 0.06052607
859.5  -0.28119286 0.39395186 -0.00368649 0.01067659 -0.00230249 0.04088782 -0.01234461 0.00555879 0.01050057 -0.04540894
860.0  0.55865930 -0.13012263 -0.00029829 0.04969804 -0.00613215 -0.03301855 0.02787635 -0.01408852 0.00746219 0.03009835
860.5  0.87663725 -0.20045960 0.00468347 -0.04442896 0.00279137 0.00307742 0.06223753 -0.03488905 -0.00097179 -0.01023126
861.0  0.39268522 0.42492620 -0.00381083 -0.02025994 0.00581558 0.01863028 0.05680635 0.04198615 -0.02285401 -0.01652488
861.5  -0.44811897 -0.42235884 -0.00495341 0.06212651 0.00149070 -0.04069988 0.01716093 0.02158476 -0.02540896 0.03548614
862.0  -0.88230277 0.18610718 0.00238205 -0.02282186 -0.00268488 0.03421480 -0.01119978 -0.00418420 -0.00850595 -0.05144268
862.5  -0.49655387 0.14612730 -0.00597033 -0.04652839 -0.00471499 -0.00297327 -0.04505304 -0.03076550 0.01487324 0.05768112
863.0  0.35591499 -0.40298244 0.00065552 0.05804010 -0.00256208 -0.01703777 -0.04471043 -0.04065183 0.03682253 -0.05666958
863.5  0.86930546 0.44243450 0.00508283 0.00318565 0.00228003 0.03893177 -0.01939645 -0.02310721 0.04670167 0.04771201
864.0  0.59592182 -0.23649363 -0.00480445 -0.06024694 0.00371396 -0.03033624 0.00607844 0.00760209 0.04204446 -0.03061969
864.5  -0.20030989 -0.07052281 -0.00079759 0.04079359 0.00487195 0.00253235 0.01416308 0.04743528 0.01774163 0.01039319
865.0  -0.81930322 0.33482483 0.00752944 0.03429096 0.00016630 0.02422735 0.01052120 0.05339345 -0.01470776 0.01427645
865.5  -0.74759527 -0.46037210 -0.00897778 -0.06172316 -0.00730317 -0.03746390 0.00866312 0.02082584 -0.04167203 -0.03847764
866.0  -0.07012518 0.36700185 0.00270241 0.00029790 0.00181634 0.01820228 0.00037743 -0.02076955 -0.05126394 0.04969261
866.5  0.67798432 -0.11259424 0.00618032 0.05444427 0.00633149 0.01603001 -0.00165393 -0.05384425 -0.03489467 -0.05543897
867.0  0.85124982 -0.18786322 -0.00930760 -0.03832880 -0.00158373 -0.03276586 -0.00726214 -0.05285259 -0.00475259 0.05506522
867.5  0.25971292 0.42128713 0.00371785 -0.02730906 -0.00466329 0.03243209 -0.01608543 -0.01396595 0.02280949 -0.04179920
868.0  -0.57698739 -0.43091248 0.00630072 0.05982056 -0.00326763 -0.01261360 0.00117416 -0.02671126 0.03686804 0.02673561
868.5  -0.86770166 0.18789370 -0.00892854 -0.01548099 0.00019517 -0.00418783 -0.00321581 0.04767093 0.04464264 -0.00980198
869.0  -0.27713187 0.16314698 0.00138180 -0.04632335 0.00279619 0.01748324 0.02122328 -0.06391869 0.02981712 -0.00285532
869.5  0.61310410 -0.42182693 0.01412092 0.04973304 0.00493816 -0.02699226 0.01416055 0.05564769 0.01958612 0.01562045
870.0  0.84387475 0.40454990 -0.01017596 0.00222204 -0.00190460 0.02514297 0.01029976 -0.02753059 -0.00612929 -0.02757145
870.5  0.14927000 -0.09123524 -0.00174991 -0.05012545 -0.00419700 -0.02161089 -0.00672978 -0.01174084 -0.02233317 0.03626471
871.0  -0.71863475 -0.29161494 0.01269822 0.04408342 -0.00369878 0.01278482 -0.01569332 0.05134856 -0.03477473 -0.04490404
871.5  -0.76641357 0.45338795 -0.01057346 0.00956421 -0.00137727 0.00102588 -0.02712869 -0.06787383 -0.04434002 0.05183570
872.0  0.09238837 -0.25572717 -0.00441939 -0.05431008 0.00547944 -0.01474262 -0.01934561 0.06480104 -0.03967719 -0.05491183
872.5  0.84505349 -0.16050665 0.01547614 0.04222234 0.00579492 0.02391208 -0.00885364 -0.03736459 -0.03515310 0.05650193
873.0  0.55379229 0.44047013 -0.00808431 0.01136724 0.00035460 -0.02172583 0.00559857 0.00095138 -0.02457162 -0.05314272
873.5  -0.43327486 -0.33819720 -0.00929486 -0.05564772 -0.00503899 0.00948981 0.01738452 0.03638319 -0.00752740 0.04682467
874.0  -0.87660086 -0.05042635 0.01591629 0.04706362 -0.00567726 0.00693968 0.02600807 -0.06173951 0.00629234 -0.03972575
874.5  -0.24953285 0.39591319 -0.00347137 0.00890731 0.00013187 -0.02010283 0.02381600 0.06562727 0.01961975 0.03019295
875.0  0.65768760 -0.42613731 -0.01293104 -0.05513592 0.00544728 0.02331194 0.01144317 -0.04742367 0.02925291 -0.02038331
875.5  0.82329100 0.14741754 0.01404944 0.04189762 0.00369639 -0.01546918 -0.00289015 0.01056458 0.03497905 0.00715007
876.0  0.11405154 0.20701445 -0.00134053 0.01794918 -0.00187084 0.00044906 -0.01788119 0.03184831 0.03270507 0.00835180
876.5  -0.70519290 -0.42905053 -0.01283349 -0.05844345 -0.00400577 0.01676944 -0.02922727 -0.05938678 0.02021623 -0.02390384
877.0  -0.81798876 0.41633629 0.01450250 0.02500164 -0.00226223 -0.02197407 -0.00828255 0.06323762 0.00207310 0.03738659
877.5  -0.15354629 -0.16816025 -0.00180762 0.04249625 0.00052447 0.01460860 -0.00825808 -0.03171795 -0.01961676 -0.04867938
878.0  0.65392244 -0.15749578 -0.01374289 -0.05047121 0.00628705 -0.00696221 0.01516472 -0.00604996 -0.03366893 0.05100103
878.5  0.85517860 0.39056313 0.01784127 -0.00641265 0.00240160 0.01732755 0.02406131 0.04176614 -0.03118574 -0.04708928
879.0  0.26464683 -0.45022426 -0.00606522 0.05225747 -0.00379831 -0.01239633 0.02740922 -0.05953476 -0.02124218 0.04169006
879.5  -0.55331047 0.28869819 -0.01074893 -0.02732479 -0.00394185 0.00128427 0.01404452 0.04932262 -0.00120526 -0.02508691
880.0  -0.87952683 0.01553178 0.01782825 -0.03456066 -0.00422474 0.00953723 -0.00514307 -0.01024617 -0.02474829 0.00420333
880.5  -0.42851505 -0.29682560 -0.00862432 0.04433373 0.02176558 0.00755088 -0.02301576 -0.03179879 0.02675336 0.01435753
881.0  0.40433711 0.44952264 -0.00186324 0.00275278 -0.00028939 0.00456020 -0.02095061 0.06255951 -0.01513667 -0.03587970
881.5  0.87530060 -0.38984898 0.01343938 -0.04973845 -0.01136098 -0.00720757 -0.02455073 -0.05750748 -0.00206711 0.04769393
882.0  0.56733360 0.12020316 -0.01441803 0.03155484 -0.00817884 -0.00818391 0.00701244 0.02934942 0.01285027 -0.04940960
882.5  -0.27075653 0.21319393 -0.00014215 0.02567921 0.00508059 -0.00244047 0.02061078 0.00911179 -0.02702309 0.04707455
883.0  -0.86131951 -0.43294780 0.02042309 -0.05209237 0.01151920 0.00872717 0.02349762 -0.04610318 0.03656195 -0.03815861
883.5  -0.60462452 0.40118257 -0.01807414 0.01603853 0.00624064 0.01273956 0.02354553 0.05877903 -0.03593792 0.02383596
884.0  0.26043564 -0.11562487 -0.00013480 0.04051139 -0.00799824 0.01184891 0.00431793 -0.04589192 0.03143446 -0.01088075
884.5  0.86255610 -0.24104543 0.01577140 -0.04484592 -0.01004598 -0.00303302 -0.00984397 0.02107238 -0.01274516 -0.00689976
885.0  0.59860280 0.44648857 -0.01535029 -0.00490685 -0.00071070 -0.01762676 -0.01835712 0.00226300 -0.01825053 0.02178848
885.5  -0.24691409 -0.38375552 0.00011342 0.04709518 0.01009394 -0.02232358 -0.01547253 -0.02429920 0.04764595 -0.03854150
886.0  -0.85109181 0.10407393 0.01518381 -0.03416754 0.00674144 -0.01964887 -0.00185232 0.02025115 -0.06714412 0.04766972
886.5  -0.65637212 0.22115669 -0.01651281 -0.02200252 -0.00605256 0.00354495 0.00261622 -0.00233420 0.06173271 -0.04909664
887.0  0.15086665 -0.43307909 0.00335713 0.05407434 -0.00614285 0.02154095 0.00150531 0.00066852 -0.03341465 0.04738023
887.5  0.81456375 0.42008623 0.01165232 -0.01664878 -0.00487445 0.02802810 -0.00022172 0.00476250 -0.00614873 -0.03957180
888.0  0.71475998 -0.17566851 -0.01675168 -0.04040138 0.00454721 0.02366675 -0.00023851 0.00196477 0.04690266 0.03097936
888.5  -0.07689185 -0.15222056 0.00823209 0.04359617 0.01638555 0.00962363 -0.00911061 0.01245627 -0.06411292 -0.01531771
889.0  -0.80054808 0.40019327 0.00865857 0.00349134 0.00019328 -0.01063299 -0.01224360 0.00456981 0.06878168 -0.00019007
889.5  -0.72764350 -0.44399079 -0.01614499 -0.04492938 -0.02008329 -0.02238186 -0.01866642 0.01167546 -0.05463839 0.01461134
890.0  0.05659107 0.23122334 0.00879555 0.03385027 -0.00314953 -0.02326271 -0.01421091 0.00828035 0.02714405 -0.03344962
890.5  0.78631725 0.10743806 0.00723624 0.02143618 0.00599236 -0.00896228 -0.00227402 0.00275700 0.00573906 0.04643854
891.0  0.75201938 -0.37417285 -0.01695515 -0.05145497 0.00944321 0.00896374 0.01039528 -0.00651740 -0.03534822 -0.05378034
891.5  -0.00898891 0.44962331 0.01680596 0.01845743 0.00808613 0.01973395 0.01967812 -0.01586438 0.06033470 0.05830173
892.0  -0.75036250 -0.27279721 0.00761781 0.03237301 -0.00454012 0.01535163 0.01756813 -0.01749114 -0.07104385 -0.05393429
892.5  -0.79177014 -0.07260714 -0.01747120 -0.04435952 -0.00995446 0.00098236 0.00712971 -0.01276960 0.06200053 0.04293442
893.0  -0.09327879 0.36724175 0.00724114 0.00651012 -0.00561463 -0.01461095 -0.00679488 0.00377558 -0.04033926 -0.02939444
893.5  0.69861307 -0.44612806 0.00865506 0.03927099 0.00508643 -0.01821754 -0.00396753 0.02163253 0.00447411 0.01222178
894.0  0.82864752 0.25365956 -0.01526097 -0.04150881 0.01096016 -0.00791492 0.00956419 0.02596810 0.03601091 0.00557138
894.5  0.18952959 0.11003033 0.01100160 -0.00283779 0.00597391 0.00424142 0.01145576 0.02033064 -0.06156838 -0.02157401
895.0  -0.61505424 -0.39879485 0.00382019 0.04511503 -0.00828102 0.01701695 -0.00346793 -0.00603460 0.07051965 0.03420861
895.5  -0.87132783 0.43622175 -0.01521587 -0.03505283 -0.01401601 0.01402560 0.00200989 0.00321080 -0.05146388 -0.04540698
896.0  -0.39103170 -0.22227460 0.01201918 -0.01705510 -0.00060275 -0.00021606 0.02564080 -0.00824857 0.00317474 0.05341914
896.5  0.39445767 -0.11327878 0.00274704 0.04683448 0.01517117 -0.01306657 0.02695669 0.01399955 0.03752413 -0.05432185
897.0  0.86598634 0.38202042 -0.01505519 -0.02413865 0.00642823 -0.01616973 0.00250138 0.02472699 -0.06405075 0.04952814
897.5  0.67087968 -0.45188837 0.01461868 -0.03256359 -0.00052517 -0.00662527 -0.01904257 -0.02275018 0.06212862 -0.04260986
898.0  -0.04071986 0.28436011 -0.00181222 0.04576812 -0.00863251 0.01333726 -0.02279582 0.01431547 -0.04151050 0.02783230
898.5  -0.72864625 0.03421065 -0.01368605 -0.00020775 -0.01103318 -0.02388769 -0.01704424 0.00055969 0.00641342 -0.01455814
899.0  -0.83392579 -0.32928758 0.01771621 -0.04307313 0.00285736 0.01867831 0.00668957 -0.01572684 0.02871415 0.00093695
899.5  -0.23616481 0.45792836 -0.00573682 0.02899041 0.01366492 0.00801384 0.02550152 0.02530251 -0.05123560 -0.01020900
900.0  0.56551113 -0.33162110 -0.00776333 0.02044101 0.00728733 -0.02085695 0.02336466 -0.02653878 0.06620609 -0.02454102
900.5  0.87774310 0.01163381 0.01880946 -0.04515791 -0.00278726 0.01508445 0.01115062 0.01684526 -0.06829154 -0.03627843
901.0  0.40267737 0.29992548 -0.00438868 0.01364198 -0.01546344 -0.00088025 -0.01197409 -0.00312557 0.05452271 -0.04759430
901.5  -0.44729856 -0.45198632 -0.00982480 0.03713860 -0.00972922 -0.01881058 -0.02573057 -0.01270422 -0.03785344 -0.05142595
902.0  -0.87989897 0.35918660 0.01676248 -0.04208899 0.00758723 0.01824332 -0.02142031 0.02190335 0.01199605 -0.05205869
902.5  -0.50604543 -0.04954716 -0.00860387 -0.00666143 0.01439281 0.00239034 -0.00690699 -0.02478362 0.01746839 -0.04882862
903.0  0.34282508 -0.27812390 -0.00741438 0.04419901 0.00766768 -0.01367746 0.01427631 0.01794240 -0.04146448 -0.04039067
903.5  0.87700712 0.44525923 0.01643474 -0.02816351 -0.00872928 0.01728395 0.02670561 -0.00442926 0.05934742 -0.02827198
904.0  0.55777985 -0.36833711 -0.00858316 -0.02117647 -0.01444333 -0.01088761 0.02030185 -0.01160825 -0.06927970 -0.01325599
904.5  -0.30623425 0.05838785 -0.00731246 0.04698217 -0.00555816 -0.01314667 0.00311913 0.02372921 0.06148290 0.00228591
905.0  -0.86829941 0.29060065 0.01483861 -0.01483066 0.01115369 0.02548029 -0.01613467 -0.02665690 -0.04112091 0.01710869
905.5  -0.56747173 -0.45084842 -0.00717280 -0.03574961 0.01464157 -0.01349210 -0.02841408 0.01858070 0.01227366 0.03154681
906.0  0.30190560 0.34554865 -0.00714405 0.04012695 0.00192172 0.00588654 -0.02188394 0.00041691 0.02427831 0.04096140
906.5  0.86776511 -0.03524112 0.01418339 0.00296731 -0.01163411 0.01356599 -0.00469446 -0.02365629 -0.05201898 0.05094339
907.0  0.58420002 -0.30151449 -0.00804904 -0.04225976 -0.01511265 -0.02081487 0.01818007 0.04055028 0.05822777 0.05629849
907.5  -0.27064466 0.45525343 -0.00705104 0.03370900 0.00226648 0.00664938 0.00137731 -0.04668722 -0.04972770 0.05669020
908.0  -0.86305934 -0.33911757 0.01515333 0.01943726 0.01685332 0.00938793 -0.02166236 0.02683678 0.01344260 0.05294602
908.5  -0.58574417 0.01888782 -0.00703169 -0.05045616 0.00716742 0.00012980 0.00042921 -0.00846719 0.02100225 0.03871592
909.0  0.30042692 0.31731759 -0.00657676 0.02078707 0.00030688 -0.02056698 0.01946674 0.02733656 -0.04579721 0.02219299
909.5  0.87532408 -0.45387066 0.01195097 0.03701523 -0.00402138 0.03108189 0.03673012 -0.03385055 0.05617926 0.00722886
910.0  0.50913905 0.30614980 -0.00585831 -0.04866109 -0.01518695 -0.02663555 0.03131170 0.03394913 -0.05113165 -0.01224081
910.5  -0.40887712 0.03857990 -0.00433986 0.00818248 -0.00066635 -0.00331551 0.01478665 -0.02286572 0.04645319 -0.02292397
911.0  -0.88103949 -0.36030166 0.00934282 0.04284669 0.01166212 0.02832200 -0.01031165 0.00344134 -0.02527791 -0.04424917
911.5  -0.41004748 0.44929703 -0.00464208 -0.04262100 0.01034928 -0.03000820 -0.03108569 0.01471816 0.01020338 -0.05037508
912.0  0.49470794 -0.27776227 -0.00421814 -0.00719039 -0.00841028 0.01442703 -0.03294719 -0.03221966 0.01161161 -0.05763994
912.5  0.88090398 -0.03919702 0.00658375 0.05234699 -0.01210950 0.02125206 -0.01931384 0.03745504 -0.03529122 -0.05363678
913.0  0.38693335 0.34253210 -0.00229777 -0.02957772 -0.00214518 -0.04023133 0.00774452 -0.02772892 0.04392861 -0.04837898
913.5  -0.46785521 -0.45767634 -0.00426373 -0.03216142 0.01079777 0.02024750 0.03062164 0.00722989 -0.05584765 -0.02417026
914.0  -0.88516770 0.33893385 0.00410469 0.04968699 0.00883326 0.01991573 0.03032517 0.02046038 0.04852988 -0.00906568
914.5  -0.47578430 -0.07417805 -0.00597166 0.00144317 -0.00700320 -0.04021235 0.01540125 -0.03668238 -0.02909424 0.01495017
915.0  0.36666022 -0.23712289 0.00302389 -0.05174834 -0.01446380 0.02881854 -0.01544408 0.03109819 0.00050962 0.03245932
915.5  0.86872289 0.43969711 0.00287500 0.03153263 -0.00734523 0.00254964 -0.03184652 -0.01255490 0.03135178 0.04674892
916.0  0.60299905 -0.41581856 -0.00650590 0.03110869 0.01115345 -0.03858144 -0.02486917 -0.01042935 -0.04974633 0.05838404
916.5  -0.19871261 0.20871939 0.00501633 -0.05534520 0.02020837 0.02794258 -0.01063963 0.02055081 0.05693420 -0.06020287
917.0  -0.82154730 0.09664383 0.00215941 0.00040492 -0.00242506 -0.01726618 0.02225726 -0.01665896 -0.03083403 0.05194263
917.5  -0.73002498 -0.37104211 -0.00799843 0.05635949 -0.01744618 -0.00326789 0.03562293 -0.00662294 -0.01603581 -0.03315653
918.0  -0.00085277 0.45316078 0.00734473 -0.03258014 -0.01079062 -0.02839293 0.03039719 0.03483907 0.02451573 0.01214458
918.5  0.74410264 -0.30037570 -0.00080802 -0.03142661 0.00810785 0.04024127 0.02171580 -0.03723020 -0.02549750 0.01406732
919.0  0.79348111 -0.02065894 -0.00823161 0.05494945 0.02307308 -0.03021691 -0.01870872 0.03053828 0.01799177 -0.03368994
919.5  0.05313488 0.34681805 0.01237409 -0.01344125 0.00592955 0.00090260 -0.04053845 -0.01181230 -0.00516041 0.04707667
920.0  -0.75345799 -0.45187327 -0.00466196 -0.04579101 -0.01768477 0.03067178 -0.04589522 -0.01341730 -0.00685124 -0.05610040
920.5  -0.74473766 0.23951714 -0.00791015 0.05279100 -0.01819606 -0.04688584 -0.03333940 0.02806797 0.01733260 0.06059298
921.0  0.11605124 0.15282185 0.01264358 -0.00120734 -0.00437325 0.03629735 -0.00603206 -0.03487953 -0.02414826 -0.05632262
921.5  0.84593635 -0.43343234 -0.00326776 -0.05105267 0.01429818 -0.00981107 0.02207982 0.03199366 0.02405409 0.04962923
922.0  0.56915700 0.37299657 -0.01040843 0.04978632 0.01883770 -0.02153797 0.04344242 -0.02033261 -0.01905071 -0.04149370
922.5  -0.38869509 -0.02318997 0.01186343 0.00294968 0.00453786 0.04484652 0.04999614 0.00246187 0.01266338 0.03140776
923.0  -0.88391491 -0.33776162 0.00089496 -0.05240085 -0.01507853 -0.04593047 0.03521345 0.01634476 -0.00388474 -0.01835688
923.5  -0.34942659 0.45142456 -0.01295748 0.04341233 -0.01862702 0.01887356 0.00789838 -0.02933647 -0.00621907 0.00454969
924.0  0.57191599 -0.23830612 0.01103126 0.01404332 0.00305777 0.01097502 -0.02489551 0.04011298 0.01484073 0.01241199
924.5  0.85655828 -0.14212669 0.00521088 -0.05771679 0.01991711 -0.02806475 -0.04928834 -0.03491929 -0.01886724 -0.02802286
925.0  0.21335365 0.41128189 -0.01686472 0.03670632 0.01700045 0.04645251 -0.04056770 0.01209999 0.01735833 0.04068255
925.5  -0.66135518 -0.41563604 0.00967345 0.02807076 -0.00260932 -0.02298309 -0.02759971 0.00818537 -0.00424222 -0.05243734
926.0  -0.83009786 0.16953718 0.00798546 -0.05941923 -0.02668286 -0.00047500 0.00833745 -0.02543810 -0.00847387 0.06789479
926.5  -0.14600647 0.19094168 -0.01699162 0.02620977 -0.02104342 0.02910944 0.02628230 0.03870986 0.02218697 -0.06868223
927.0  0.67464215 -0.42986795 0.01062481 0.04182958 0.00411418 -0.04635392 0.02636479 -0.03293129 -0.02997029 0.06753010
927.5  0.83610505 0.40842685 0.00551112 -0.05766845 0.02243931 0.02425060 0.04133859 -0.00681761 0.02015020 -0.06015187
928.0  0.18575971 -0.17698933 -0.01841421 -0.00040143 0.01877596 -0.00748978 0.01597268 0.01479971 -0.01355086 0.04302254
928.5  -0.63547274 -0.15670263 0.01402085 0.05634514 -0.00468649 -0.02579191 -0.01740412 0.02643497 -0.01058329 -0.02175642
929.0  -0.85376049 0.41501799 0.00127875 -0.04219396 -0.02392344 0.03937243 -0.04612141 -0.00299964 0.02796020 -0.00138348
929.5  -0.27664685 -0.42774392 -0.01379468 -0.02098142 -0.01281103 -0.02225883 -0.04487841 0.00417855 -0.03595176 0.02861212
930.0  0.56944136 0.20460099 0.01493310 0.06065325 0.01229848 -0.00142798 -0.02411652 0.01410183 0.03939980 -0.04828767
930.5  0.87409636 0.13291704 -0.00174690 -0.02420787 0.02112483 0.02310751 0.00873204 -0.02520631 -0.03787423 0.06148103
931.0  0.34833287 -0.40451996 -0.01432904 -0.04385123 0.00359609 -0.03242661 0.03832585 0.02853027 0.02577095 -0.07162708
931.5  -0.50321745 0.43162606 0.01809185 0.05680068 -0.01810434 0.01570938 0.04815262 -0.01800395 -0.01380019 0.07100619
932.0  -0.88202439 -0.20119852 -0.00467937 -0.00061707 -0.01885788 0.01099995 0.03088430 0.00149740 -0.00179923 -0.06162748
932.5  -0.43591282 -0.14214326 -0.01847818 -0.05681223 0.00326673 -0.02821392 -0.00196577 0.01219221 0.02657882 0.04943259
933.0  0.40390602 -0.40224458 0.02076662 0.04371753 0.02404462 0.02978643 -0.03208091 -0.02270669 -0.04109047 -0.02825575
933.5  0.87575252 -0.43658862 -0.01027148 0.02363511 0.01816018 -0.00399001 -0.04565446 0.02192576 0.04461596 0.00277458
934.0  0.58684360 -0.24119122 -0.00883086 -0.06016450 -0.01240125 -0.02361573 -0.02886754 -0.00546118 -0.04237691 0.02028937
934.5  -0.19161745 0.07653541 0.02889619 0.01572308 -0.02779578 0.03259634 0.00454774 -0.00861727 0.01652375 -0.04154448
935.0  -0.80361583 0.36177831 -0.02444727 0.04602913 -0.00790157 -0.01894207 0.03151728 0.01745706 0.01920174 0.05699856
935.5  -0.74611934 0.47620172 -0.00287640 -0.04732245 0.01102990 -0.01856828 0.04228750 0.00176979 -0.04820627 -0.06406761
936.0  -0.06839129 0.35623211 0.02405782 -0.02386873 0.02142021 0.04956621 -0.02463677 -0.02570708 0.03924968 0.06134380
936.5  0.66266753 0.05359111 -0.02275349 0.05542358 -0.00739540 -0.02770536 -0.00408877 0.02426267 -0.01035134 -0.05543634
937.0  0.82791100 -0.28580939 0.00343748 -0.01292335 -0.03247735 -0.01932965 0.00985014 -0.02367198 -0.02413288 0.04371608
937.5  0.28470623 -0.48764852 0.02288391 -0.04738883 -0.01315004 0.05217202 0.00552070 0.01334564 0.04497099 -0.02246307
938.0  -0.50345467 -0.44599676 -0.03385882 0.04348971 0.02288404 -0.05722837 -0.01907468 -0.00612294 -0.04301758 -0.00624227
938.5  -0.85530896 -0.18033962 0.01096917 0.02062786 0.02918290 0.02115020 0.01550325 -0.00696621 0.02576115 0.02997682
939.0  -0.45165227 0.17485012 0.02064781 -0.05908121 -0.00323654 0.02781246 0.00210817 0.01928836 -0.00519235 -0.05285878
939.5  0.36910657 0.43416219 -0.03617260 0.01580676 -0.03057346 -0.04944701 -0.02066984 -0.02317377 -0.01614390 0.06596620
940.0  0.86327881 0.45964783 0.01997759 0.04711964 -0.02158936 0.03952934 0.02985642 0.01848708 0.03148642 -0.06718239
940.5  0.54441731 0.23878487 0.01381703 -0.04803650 0.01272714 -0.00813761 -0.02585712 -0.00301413 -0.03654206 0.05998016
941.0  -0.30963245 -0.10258473 -0.03554678 -0.01114517 0.03235866 -0.03282256 0.00941725 -0.01855679 0.03704367 -0.04647414
941.5  -0.87427829 -0.37156809 0.02264149 0.05623705 0.01710677 0.04516135 0.01357852 0.03238611 -0.02903158 0.02432670
942.0  -0.58332055 -0.42152347 0.01042888 -0.03055459 -0.01957579 -0.02600463 -0.03127711 -0.03114686 0.01206336 0.00077649
942.5  0.28619021 -0.23123879 -0.03464654 -0.03482029 -0.03020670 0.00087477 0.03481881 0.01575151 0.00505122 -0.02260292
943.0  0.87893113 0.08549566 0.02572428 0.06082632 -0.00698200 0.02777225 -0.02321098 0.01260074 -0.02034633 0.04194033
943.5  0.62364694 0.34627277 0.01372395 -0.00749604 0.02015441 -0.03692353 0.00738907 -0.04460949 0.02439480 -0.05816816
944.0  -0.22020257 0.40330225 -0.03903256 -0.05474527 0.02677371 0.01600976 0.00548312 0.05900433 -0.01076722 0.06688351
944.5  -0.85543055 0.22186793 0.02608910 0.04764076 0.00037616 0.00988303 -0.01223031 -0.05004321 -0.00748628 -0.06998303
945.0  -0.70404886 -0.09367038 0.01031636 0.01224586 -0.02824599 -0.03344287 0.00653827 0.01074342 0.00973268 0.06592107
945.5  0.08919705 -0.35507373 -0.03741824 -0.06583251 -0.01372138 0.03741042 0.02146307 0.02780414 0.00328482 -0.05926527
946.0  0.80242693 -0.39650844 0.03020744 0.03473068 0.00720811 0.01984042 0.00733499 -0.05441288 -0.02295590 0.04428377
946.5  0.78104334 -0.18746323 0.00880423 0.04383535 0.02438556 -0.00633701 0.02364681 0.04095559 0.03731842 -0.02700021
947.0  0.03992238 0.13608727 -0.04301193 -0.06297739 0.02048837 -0.03035822 0.00369486 -0.02720774 -0.03139072 0.01137854
947.5  -0.73900381 0.36403676 0.03753792 0.01056347 -0.01413942 -0.03882369 -0.01157129 -0.00737054 0.01264936 0.00817802
948.0  -0.85138456 0.36188208 0.00510620 0.05264592 -0.03192873 -0.02260109 -0.02050473 0.03874864 0.01071151 -0.02949203
948.5  -0.20780593 0.15502528 -0.03972505 -0.05377884 -0.01225099 0.00823515 -0.01998610 -0.04195980 -0.03466992 0.04189334
949.0  0.61898593 -0.11704523 0.04169207 -0.01091033 0.02034544 0.03444308 -0.00861588 0.03341127 0.04576649 -0.05445215
949.5  0.91917906 -0.30675054 -0.00967862 0.06354871 0.02813698 0.03742152 0.00567159 -0.00782653 -0.04134451 0.05824539
950.0  0.44429237 -0.33697121 -0.03324306 -0.03686164 0.00447833 0.01723513 0.01853657 -0.02608276 0.01872508 -0.05314146
950.5  -0.40736781 -0.21729983 0.04651622 -0.04030258 -0.02628542 -0.01569808 0.02070641 0.03598645 0.01525722 0.04031101
951.0  -0.92269851 -0.01339621 -0.02157556 0.06339280 -0.02720994 -0.03841375 0.00435444 -0.02595172 -0.04477803 -0.02030599
951.5  -0.66068963 0.19044592 -0.02020042 -0.00473720 0.00648914 -0.02599229 -0.02306763 -0.00572744 0.05773898 -0.00103825
952.0  0.16802219 0.31604366 0.04369727 -0.05639806 0.03189834 0.01003598 -0.02535312 0.03451801 -0.02390153 0.02430066
952.5  0.85410783 0.30744695 -0.02476459 0.04943371 0.02048491 0.03027935 -0.00095925 -0.02182520 -0.01254407 -0.04265497
953.0  0.77916951 0.14788803 -0.01016694 0.02126739 -0.01760810 0.02730583 0.02249203 -0.00619036 0.03218568 0.05328102
953.5  -0.00894032 -0.10715750 0.03477030 -0.06305567 -0.04244886 0.00783969 0.03090714 -0.03247455 -0.04450531 -0.06293867
954.0  -0.78698307 -0.32762871 -0.02681314 0.03217014 -0.00732953 -0.01603081 0.02504994 -0.02553557 0.05023141 0.06343172
954.5  -0.80597341 -0.36627442 -0.00912103 0.04071831 0.02715086 -0.02931169 0.00372957 -0.03877258 -0.01879119 -0.05863331
955.0  -0.02734410 -0.17062842 0.03588845 -0.06602264 0.03208025 0.03097121 -0.00903625 -0.02389495 0.00306102 0.04945042
955.5  0.78066176 0.15724541 -0.02346235 0.01123507 0.00751103 -0.01904288 -0.03079439 -0.00294837 0.01686342 -0.04332356
956.0  0.76817311 0.38917254 -0.01253254 0.05528499 -0.02893615 -0.00201008 -0.03308165 0.01834785 -0.03207841 0.03254310
956.5  -0.08487653 0.33893071 0.03593973 -0.05770697 -0.03368038 0.02351435 -0.01950078 0.03638187 0.04391549 0.01711868
957.0  -0.84742170 0.02563719 -0.01767215 0.00042942 -0.00440726 -0.02683336 0.00495094 0.04053756 -0.04892101 0.00989725
957.5  -0.63655394 -0.31038576 -0.02023570 0.05844306 0.02727303 0.01385331 0.02657544 0.03831046 0.04275874 -0.00958352
958.0  0.31510314 -0.40477806 0.03520661 -0.05429167 0.02987603 0.00199629 0.03581418 0.02150121 -0.04217980 -0.01677849
958.5  0.89894031 -0.19235054 -0.00940304 -0.01074250 0.00112270 -0.02158067 0.02673214 0.00443135 0.02910025 -0.03327527
959.0  0.45209516 0.15667855 -0.02897378 0.06280743 -0.02753959 0.02921016 0.00437898 -0.01694427 -0.01654622 -0.04466125
959.5  -0.49741805 0.39440468 0.03691138 -0.04072347 -0.03004653 -0.00980414 -0.01992390 -0.03399880 0.00021286 -0.05834306
960.0  -0.89083563 0.37279078 -0.00731328 -0.02701184 0.00172241 -0.01430915 -0.03396512 -0.03952836 0.01959668 -0.06396508
960.5  -0.32506535 0.11802494 -0.02997134 0.06679699 0.03512363 0.01763365 -0.03028629 -0.03460840 -0.02878491 -0.06807797
961.0  0.57047803 -0.21238694 0.03734630 -0.02350683 0.02514412 -0.01925379 -0.01378118 -0.01437590 0.05009687 -0.05525485
961.5  0.86719725 -0.43101859 -0.01088266 -0.05132935 -0.01213089 0.00424614 0.00814005 0.01007664 -0.04446828 -0.04796847
962.0  0.29688675 -0.41988507 -0.02541932 0.05746135 -0.02820354 0.02002363 0.02658958 0.03453374 0.03943606 -0.01914506
962.5  -0.55030096 -0.18665178 0.03927417 0.01481200 -0.00929798 -0.01352661 -0.02930628 0.04687141 -0.01926906 0.00390407
963.0  -0.85943917 0.14767684 -0.02071310 -0.06884644 0.02490059 0.00542788 -0.02074042 0.03482059 -0.01490785 0.03372303
963.5  -0.35283140 0.41319206 -0.01519798 0.02721846 0.02354328 0.00493770 -0.00356354 0.01050361 -0.03652772 0.05547822
964.0  0.48654229 0.47365862 0.03852940 0.05395784 -0.01019001 -0.02218503 0.02782055 0.02283943 -0.04310374 0.06887653
964.5  0.86886621 0.29920467 -0.03104608 -0.05754047 -0.03105292 0.00878477 -0.05640911 -0.01204063 -0.03489186 0.06387051
965.0  0.42672224 -0.02065540 -0.00212837 -0.02101849 -0.01106606 0.01039134 0.04542793 0.00448511 -0.01454829 0.05480022
965.5  -0.43409968 -0.31899149 0.03395467 0.06795115 0.02247631 -0.01356085 -0.00621270 -0.00573874 0.01057860 0.03832512
966.0  -0.88702848 -0.44124396 -0.03749837 -0.02349396 0.02346781 -0.00137334 -0.03518523 0.00621326 0.03314365 0.01874335
966.5  -0.46308213 -0.32364439 0.00506755 -0.05349474 -0.00857295 0.01885701 0.05580620 -0.00849324 0.04836714 -0.00221383
967.0  0.44344288 -0.02849604 0.02855222 0.06263059 -0.02217324 -0.02193709 -0.04424048 0.00415598 0.05277215 -0.02477759
967.5  0.90172477 0.27603319 -0.03220158 0.00577613 -0.01364433 0.00533804 0.00965506 0.00126067 0.04736488 -0.04129551
968.0  0.40877900 0.40542823 0.00569718 -0.06758743 0.00843704 0.01678086 0.02423539 -0.00793826 0.03500001 -0.05425463
968.5  -0.52266399 0.27648169 0.02931923 0.05132611 0.02875541 -0.02802456 -0.04870596 0.00994293 0.01470537 -0.06461678
969.0  -0.89880600 -0.03161437 -0.03236481 0.02363947 0.00952481 0.01978496 0.04836699 -0.01031013 -0.00727316 -0.06735617
969.5  -0.32694054 -0.31873739 0.00260059 -0.07151482 -0.01928595 0.00521724 -0.02149347 0.00538078 -0.03085633 -0.06230900
970.0  0.58382324 -0.39540175 0.02903581 0.03722436 -0.02352485 -0.02401865 -0.01115448 0.00417665 -0.04773241 -0.04898956
970.5  0.88930607 -0.21011277 -0.03191646 0.03996511 -0.00209538 0.02638472 0.03894777 -0.01091615 -0.05464372 -0.02986673
971.0  0.28467434 0.11179211 0.00165696 -0.06674139 0.02150088 -0.01779905 -0.05014596 0.01922983 -0.05123467 -0.00909560
971.5  -0.60807046 0.35486365 0.02901383 0.01802821 0.01935886 -0.00850116 0.03264371 -0.01432807 -0.03137742 0.00873284
972.0  -0.89157964 0.36725286 -0.03169916 0.05176758 -0.00572462 0.03154339 0.00320523 -0.00062239 -0.00678544 0.02567344
972.5  -0.29131200 0.15651665 0.00128923 -0.05905131 -0.02651703 -0.03338953 -0.02943530 0.01363132 0.02222323 0.04042669
973.0  0.59734448 -0.13293130 0.03012895 -0.00784601 -0.02077563 0.02897081 0.04185097 -0.02110731 0.04645683 0.05163348
973.5  0.90950780 -0.32932473 -0.02980406 0.06288846 0.00988949 -0.02038988 -0.03229341 0.01792527 0.05555232 0.05545358
974.0  0.34230868 -0.33622162 0.00200705 -0.04075066 0.02900614 -0.01264941 0.03641729 0.00326030 0.04658050 0.05576537
974.5  -0.56043256 -0.16740886 0.02822334 -0.02914010 0.01458727 0.03423624 -0.02143383 -0.01801151 0.02528493 0.05060890
975.0  -0.92639659 0.07815067 -0.03145094 0.06647059 -0.00713741 -0.04650254 -0.00514108 0.02606503 -0.02142878 0.04277303
975.5  -0.39930575 0.27699676 0.00254088 -0.00577227 -0.03522733 0.02455145 0.04228898 0.04506702 -0.02055326 0.02990231
976.0  0.51237279 0.33736607 0.03080928 -0.04915329 -0.00060552 0.04466978 -0.02671893 0.04659042 -0.01588834 0.01143135
976.5  0.92712367 0.22109000 -0.03422679 0.05492917 0.03501049 -0.05722321 -0.00279980 0.01866561 -0.00914544 -0.00970110
977.0  0.43730262 -0.02828026 -0.00039427 0.00202806 0.03051350 0.02744209 0.03384051 -0.01849418 0.00365581 -0.03302098
977.5  -0.47835718 -0.28286838 0.03241324 -0.06099288 -0.00821351 0.01565453 -0.04774010 -0.03688644 0.01282593 -0.04901347
978.0  -0.91269450 -0.38189155 -0.03524358 0.04754581 -0.03826000 -0.05284983 0.02807101 -0.04672076 0.01994890 -0.05776009
978.5  -0.44661724 -0.24030877 0.00143222 0.02109291 -0.02739111 0.05445595 0.00378707 -0.03129287 0.02349009 -0.05832082
979.0  0.44186445 0.06973178 0.03305824 -0.06626789 0.01138076 -0.01190532 -0.03010133 -0.00566625 0.02033624 -0.05347557
979.5  0.89645375 0.35007362 -0.03465675 0.03439258 0.03902749 -0.04023041 0.03985233 0.02128881 0.00940578 -0.04415885
980.0  0.51888946 0.41762203 0.00231248 0.03796366 0.02140074 0.05644151 -0.02928857 0.04217592 -0.00433735 -0.03346669
980.5  -0.31640091 0.22820750 0.03113156 -0.06379608 -0.02495457 -0.03639393 -0.00496656 0.04096606 -0.01889276 -0.01566943
981.0  -0.86375505 -0.10140081 -0.03569163 0.01549183 -0.03736197 -0.01544152 0.02917207 0.02388432 -0.02645250 0.00375391
981.5  -0.66289132 -0.37232520 0.00861805 0.05898077 -0.00090172 0.05864660 -0.02771472 -0.00273402 -0.02229307 0.02486394
982.0  0.09946523 -0.43106628 0.02571756 -0.05996486 0.02590798 -0.05847526 0.00680196 -0.03093720 -0.00744447 0.04125262
982.5  0.77475731 -0.25429871 -0.03805924 -0.02409852 0.03495504 0.02012998 0.02286350 -0.03616040 0.01460798 0.05425293
983.0  0.80409756 0.05491205 0.01630804 0.06867113 -0.00438896 0.03636165 0.00171058 -0.01019803 0.03852705 0.06120482
983.5  0.16594136 0.33425936 0.01869346 -0.02430490 -0.04663888 -0.05030327 -0.02946301 -0.00159628 0.03184976 0.06026324
984.0  -0.61358074 0.44363833 -0.03746926 -0.04883111 -0.02574468 0.03452185 0.04594805 0.03271661 0.00719855 0.05215612
984.5  -0.87176977 0.32544297 0.02449643 0.05964346 0.03123104 -0.00130441 -0.03262648 0.02402371 -0.01729179 0.03883880
985.0  -0.36554122 0.02950913 0.01086563 0.00751869 0.04238647 -0.03900079 -0.00456344 0.00477212 -0.04092095 0.02548783
985.5  0.47091572 -0.29579350 -0.03727862 -0.06825188 0.00395797 0.04590228 0.03308508 -0.01546594 -0.04667303 0.00617362
986.0  0.86974470 -0.47092357 0.02855802 0.04190843 -0.03270928 -0.01850720 -0.04745251 -0.03219050 -0.03604978 -0.01437078
986.5  0.44882994 -0.38395613 0.00726296 0.03797840 -0.03469131 -0.02005919 0.03544265 -0.03271916 -0.01863050 -0.03354360
987.0  -0.39320720 -0.06609317 -0.03465639 -0.06844857 0.00380959 0.04615885 0.00022304 -0.01964385 0.00385568 -0.04799276
987.5  -0.84780700 0.30769759 0.02956708 0.01598812 0.03987456 -0.03604955 -0.03270297 0.00123656 0.02436223 -0.05512064
988.0  -0.48083191 0.51277865 0.00326641 0.05669513 0.02959567 -0.00796621 0.04658832 0.02322242 0.03682239 -0.05655656
988.5  0.34345304 0.41955031 -0.03206941 -0.06017332 -0.01486663 0.04298211 -0.03713207 0.03508592 0.04196659 -0.05245769
989.0  0.83132388 0.08223730 0.03184144 -0.01496977 -0.04261846 -0.04359355 0.00382805 0.03047337 0.03559338 -0.04048915
989.5  0.53841110 -0.29972885 -0.00270508 0.06782922 -0.02114154 0.01170311 0.03178290 0.01194992 0.01916227 -0.02208426
990.0  -0.24353926 -0.51127554 -0.03053131 -0.03383841 0.02777560 0.03327266 -0.04546337 -0.01554317 -0.00305747 -0.00368383
990.5  -0.80738202 -0.44868999 0.03459784 -0.04428460 0.04253387 -0.04859591 0.03750089 -0.03613013 -0.02518971 0.01432937
991.0  -0.66563281 -0.15978330 -0.00778536 0.06644924 0.00468538 0.03006129 -0.00796726 -0.03184178 -0.03674531 0.02909070
991.5  0.05636632 0.19973322 -0.02416250 0.00022435 -0.03748711 0.00057783 -0.03432151 -0.01253236 -0.03309066 0.03895386
992.0  0.73918432 0.44573351 0.03478355 -0.06492919 -0.03301970 -0.02596729 0.05638574 0.00394994 -0.01898800 0.04728257
992.5  0.78905584 0.45670247 -0.01492504 0.04666271 0.01553443 0.02951786 -0.05069366 0.04083921 -0.00777302 0.05543254
993.0  0.15274238 0.23423744 -0.01737745 0.03933611 -0.03872118 -0.01653264 0.03117492 0.04258164 -0.01475766 0.05213228
993.5  -0.62280723 -0.10644081 0.03462472 -0.07290528 0.01332338 0.02842917 0.01515615 0.03839812 -0.00935597 -0.04300340
994.0  -0.85891836 -0.38705547 -0.02011224 0.02005287 0.03062207 -0.04414214 -0.03688125 0.02505979 0.00744598 0.03113184
994.5  -0.33441405 -0.45240996 -0.01326534 0.05385484 -0.04463552 0.03674128 0.04859910 -0.01135825 0.02262629 -0.01563826
995.0  0.49809905 -0.25503136 0.03270251 -0.06312720 0.00705205 -0.01083041 -0.03925069 -0.03308383 0.03142690 -0.00032437
995.5  0.87592470 0.10085800 -0.02377554 -0.00111139 0.04038690 -0.02796732 0.01127495 -0.04410098 0.02969939 0.01748403
996.0  0.42948228 0.39776286 -0.00845325 0.06378119 -0.04570755 0.04762430 0.02489254 -0.03445944 0.01960555 -0.03459407
996.5  -0.42880560 0.44072340 0.03058774 -0.04884223 0.00102351 -0.03539565 -0.05108626 -0.00908675 0.00449613 0.04488337
997.0  -0.87663519 0.19719673 -0.02476707 -0.02424650 0.04677610 0.00789783 0.04883194 0.02133246 -0.01124364 -0.05260733
997.5  -0.48243888 -0.16931260 -0.00653603 0.06425563 -0.04509915 0.02729224 -0.01799455 0.03736649 -0.02692693 0.05801949
998.0  0.37479132 -0.41949151 0.02967911 -0.02596583 -0.00588404 -0.04408691 -0.02320012 0.03899827 -0.03540779 -0.05432512
998.5  0.87957870 -0.40355248 -0.02551523 -0.04775257 0.05155246 0.02892703 0.05171766 0.02145292 -0.03403878 0.04893513
999.0  0.56039925 -0.15365376 -0.00395709 0.06371096 -0.03220327 0.00676819 -0.04683211 -0.00429861 -0.02480127 -0.04069585
999.5  -0.27986435 0.16324613 0.02955085 0.00785320 -0.02271607 -0.03477669 0.01104462 -0.02395083 -0.00169807 0.02227642
1000.0  -0.87235835 0.36900218 -0.02779567 -0.07307770 0.04442659 0.03144062 0.03193946 -0.03194799 0.02322148 -0.00364398
