0.0  0.00000000 0.00000000 0.00000000 0.00000000 0.00000000 0.00000000 0.00000000 0.00000000 0.00000000 0.00000000
0.5  -0.86694735 -0.00323526 -0.00079395 0.00020370 0.00069971 -0.00034608 0.00140092 0.00001681 -0.00106058 0.00050025
1.0  -0.86282809 0.00136437 0.00024346 0.00014717 0.00044256 -0.00060319 0.00251080 0.00092828 -0.00198048 0.00170073
1.5  0.01269666 -0.00215840 -0.00004362 -0.00054308 0.00074022 -0.00295784 0.00120826 0.00022937 0.00070275 0.00224285
2.0  0.87549645 0.00048134 -0.00018766 0.00007866 0.00127335 -0.00171286 -0.00010238 -0.00178599 0.00233004 0.00225111
2.5  0.85388272 0.00075975 0.00090923 0.00031937 0.00024428 0.00629328 0.00067892 -0.00409368 0.00377146 0.00151564
3.0  -0.02257954 -0.00276606 -0.00009666 -0.00093917 -0.00040263 -0.00068130 -0.00017729 -0.00270364 0.00451986 0.00158127
3.5  -0.87210149 0.00379766 -0.00073518 -0.00139960 -0.00035053 0.00059189 -0.00154265 -0.00183727 0.00352324 0.00044301
4.0  -0.87090977 0.00175659 0.00065659 -0.00026029 0.00013164 -0.00098504 -0.00260080 -0.00002502 0.00102046 0.00025479
4.5  -0.04569893 -0.00044413 -0.00026406 0.00050356 -0.00014092 -0.00719527 -0.00222340 0.00213097 -0.00160549 0.00302030
5.0  0.81474974 -0.00033649 -0.00027828 0.00043197 -0.00018088 0.00257629 -0.00093677 0.00440910 -0.00310430 0.00177094
5.5  0.93306002 -0.00679590 -0.00015765 0.00075971 0.00003598 0.00398049 0.00071124 0.00420347 -0.00330780 -0.00204663
6.0  0.22491433 -0.00028616 -0.00025553 0.00178487 0.00266242 0.00070126 0.00207679 0.00198908 -0.00339116 -0.00458634
6.5  -0.67449776 0.00315203 0.00042622 0.00116979 0.00015451 0.00489118 0.00304411 -0.00054911 -0.00349338 -0.00725276
7.0  -0.99166977 0.00375360 0.00004447 -0.00092659 -0.00227070 -0.00502277 0.00192305 -0.00256683 -0.00228671 -0.00596238
7.5  -0.47194601 0.00612538 0.00005494 -0.00149343 -0.00133777 -0.00675909 -0.00040869 -0.00318383 -0.00042170 -0.00252826
8.0  0.43662264 -0.00415308 0.00024088 -0.00053031 0.00081505 0.00173898 -0.00178548 -0.00200908 0.00186114 0.00061556
8.5  0.98350883 -0.00478813 -0.00052840 0.00182674 0.00106171 -0.00101955 -0.00201177 0.00002003 0.00371939 0.00178045
9.0  0.73028540 -0.00405710 -0.00001069 0.00134308 -0.00071070 0.00518800 -0.00070914 0.00238329 0.00418660 0.00209652
9.5  -0.11341362 -0.00229237 0.00025336 -0.00391969 -0.00353066 0.00634906 0.00184162 0.00370215 0.00296225 0.00065051
10.0  -0.86682472 0.00706663 -0.00042948 -0.00273664 -0.00121600 -0.00317147 0.00185712 0.00322542 -0.00023350 0.00208305
10.5  -0.91272612 0.00283410 0.00054452 0.00351628 0.00223518 -0.00468902 -0.00067752 0.00073246 -0.00323600 0.00343980
11.0  -0.19471333 0.00161170 -0.00007845 0.00538698 0.00289543 0.00100182 -0.00402667 -0.00280401 -0.00495694 0.00609128
11.5  0.69848392 -0.00073635 -0.00054769 -0.00004210 -0.00141402 -0.00043818 -0.00528113 -0.00516255 -0.00430354 0.00681025
12.0  0.98197084 -0.00583668 0.00058750 -0.00586749 -0.00396286 0.00040421 -0.00202515 -0.00514332 -0.00236344 0.00579595
12.5  0.36649864 0.00112558 0.00008257 -0.00408355 -0.00116607 0.00063537 0.00305814 -0.00392868 0.00108437 0.00254636
13.0  -0.60379853 0.00053437 -0.00066525 0.00060182 0.00253268 -0.00023458 0.00598301 0.00113036 0.00252977 -0.00127536
13.5  -0.99315799 -0.00113355 0.00023852 0.00485702 0.00288456 -0.00019296 0.00438978 0.00530944 0.00270875 -0.00264349
14.0  -0.39382275 0.00272733 -0.00005295 0.00401375 -0.00009987 0.00039639 0.00028203 0.00742425 0.00261743 -0.00291322
14.5  0.60685022 -0.00135405 -0.00059274 -0.00301101 -0.00313522 -0.00024032 -0.00342347 0.00721440 0.00253920 -0.00252028
15.0  0.98975239 0.00155348 0.00052050 -0.00616965 -0.00265337 -0.00066961 -0.00391091 0.00463089 0.00153632 -0.00339309
15.5  0.35594400 0.00368670 0.00012131 -0.00243613 -0.00056592 -0.00014342 -0.00231941 0.00041972 0.00016776 -0.00693406
16.0  -0.64630968 -0.00474647 -0.00071611 0.00513218 0.00234257 0.00043243 -0.00134117 -0.00277636 -0.00021146 -0.00863346
16.5  -0.97965119 -0.00314783 0.00035796 0.00724893 0.00260179 0.00010324 -0.00123138 -0.00528996 0.00017649 -0.00844104
17.0  -0.29334614 -0.00097783 0.00031037 0.00056192 -0.00045815 0.00139417 -0.00077196 -0.00570414 0.00103511 -0.00656776
17.5  0.69923837 0.00081456 -0.00073674 -0.00550341 -0.00468276 0.00001290 -0.00018645 -0.00418708 0.00081629 -0.00472274
18.0  0.96248521 0.00853686 0.00056760 -0.00570495 -0.00373419 -0.00047993 0.00148257 -0.00245230 -0.00034142 -0.00374076
18.5  0.22758911 0.00170383 0.00000967 -0.00047795 0.00175423 0.00062929 0.00315686 -0.00018643 -0.00326478 -0.00332072
19.0  -0.73863836 -0.00607753 -0.00120953 0.00446446 0.00605731 -0.00140177 0.00292227 0.00224244 -0.00506469 -0.00053475
19.5  -0.95107945 -0.00410882 0.00092841 0.00387715 0.00507269 0.00032230 0.00078129 0.00459655 -0.00545008 0.00158526
20.0  -0.21048855 -0.00448090 0.00022103 -0.00074311 -0.00095941 0.00008184 -0.00284327 0.00536155 -0.00409176 0.00400495
20.5  0.73436779 0.00473528 -0.00079828 -0.00293590 -0.00631294 -0.00231637 -0.00444658 0.00379448 -0.00179375 0.00640670
21.0  0.95970064 0.00817603 0.00118008 -0.00143232 -0.00409700 0.00250552 -0.00280009 0.00250756 0.00111201 0.00974218
21.5  0.25846559 -0.00039103 0.00014621 0.00194287 0.00358665 -0.00181775 -0.00102783 -0.00043528 0.00323556 0.01283376
22.0  -0.68888379 -0.00122953 -0.00126398 0.00082157 0.00618179 -0.00245810 0.00214288 -0.00150916 0.00547481 0.01347053
22.5  -0.97815464 -0.00558147 0.00072527 -0.00161131 0.00063662 0.00482080 -0.00156066 -0.00187130 0.00733799 0.01067800
23.0  -0.33773288 -0.00368263 -0.00025945 -0.00242782 -0.00717116 -0.00074794 -0.00044306 -0.00290111 0.00751645 0.00538642
23.5  0.62171007 0.00481815 -0.00094908 -0.00031409 -0.00731811 -0.00061613 0.00305756 -0.00301396 0.00551207 0.00233602
24.0  0.99352705 0.00102880 0.00154227 0.00127371 0.00253217 0.00268186 -0.00269240 -0.00161119 0.00132899 -0.00109136
24.5  0.43542608 0.00180107 0.00001625 0.00030228 0.01096696 -0.00540717 -0.00066772 0.00033759 -0.00422869 -0.00269088
25.0  -0.52354504 0.00070592 -0.00115220 -0.00218647 0.00748316 -0.00024655 0.00252367 0.00209509 -0.00903545 -0.00420501
25.5  -0.99953177 -0.00349063 0.00105724 -0.00196310 -0.00559092 0.00416900 -0.00374312 0.00205781 -0.01027912 -0.00492213
26.0  -0.56694757 0.00253153 -0.00021812 0.00101449 -0.01103873 -0.00267793 0.00457296 0.00092839 -0.00808062 -0.00479506
26.5  0.37698261 -0.00108268 -0.00076717 0.00055493 -0.00600559 0.00263700 0.00254891 -0.00200965 -0.00366379 -0.00309721
27.0  0.98091767 -0.00278608 0.00090065 0.00050164 0.00715729 0.00184608 -0.00467488 -0.00240430 -0.00009417 -0.00283778
27.5  0.69975359 0.00026807 -0.00057880 0.00095799 0.01149697 -0.00613314 -0.00012257 -0.00142658 0.00156470 -0.00314697
28.0  -0.21410897 -0.00245030 -0.00076848 -0.00171544 0.00084115 0.00365148 -0.00402318 0.00077342 0.00303320 -0.00310804
28.5  -0.93426962 0.00539063 0.00154135 -0.00285524 -0.01049122 0.00003548 0.00040391 0.00238879 0.00519076 -0.00074645
29.0  -0.81047419 0.00486622 -0.00039421 -0.00065392 -0.00754240 -0.00512278 0.00553893 0.00334937 0.00715954 0.00399127
29.5  0.04300371 -0.00130508 -0.00027723 0.00361087 0.00786809 0.00554015 0.00239768 0.00350837 0.00678067 0.00651709
30.0  0.85709538 -0.00223360 0.00086709 0.00240728 0.01352113 -0.00348090 0.00040225 0.00069009 0.00290308 0.00723053
30.5  0.90217254 -0.00876414 -0.00170467 -0.00228783 0.00041348 0.00086539 -0.00525185 -0.00304976 -0.00184805 0.00555574
31.0  0.13749698 -0.00139928 0.00013060 -0.00385201 -0.01318969 0.00801868 -0.00247145 -0.00554255 -0.00545148 0.00300809
31.5  -0.75266900 0.00587362 0.00192630 0.00002551 -0.00907970 -0.00644714 -0.00003211 -0.00686286 -0.00625551 0.00017047
32.0  -0.96169925 0.00511511 -0.00286597 0.00197683 0.00753805 0.00236678 0.00209355 -0.00389522 -0.00480375 -0.00210278
32.5  -0.28807449 0.00594407 0.00078640 -0.00113671 0.01426433 -0.00195701 0.00669042 -0.00017906 -0.00252564 -0.00416865
33.0  0.65597502 -0.00581212 0.00172001 -0.00209848 0.00028968 -0.00564339 -0.00347540 0.00354018 -0.00011857 -0.00564390
33.5  0.98726591 -0.00748356 -0.00217266 0.00830959 -0.00985127 0.00829829 -0.00019748 0.00774707 0.00144915 -0.00628906
34.0  0.38583177 -0.00136255 0.00152823 0.00894987 -0.00463929 -0.00222628 -0.00360911 0.00867539 0.00273646 -0.00562897
34.5  -0.58051474 0.00023418 0.00105480 -0.00515703 0.00555848 -0.00044762 -0.00338280 0.00728313 0.00326880 -0.00312123
35.0  -0.99792282 0.00761804 -0.00340669 -0.01306809 0.00692407 0.00339157 0.00686378 0.00220915 0.00260442 -0.00098972
35.5  -0.48384977 0.00271203 0.00179591 -0.00379567 -0.00095449 -0.00818115 -0.00174851 -0.00585560 0.00236800 0.00145828
36.0  0.47367959 -0.00349636 0.00134044 0.01020341 -0.00497113 0.00330763 0.00343340 -0.01018897 0.00126620 0.00317658
36.5  0.99634600 -0.00064533 -0.00294545 0.01179185 -0.00467647 0.00285074 0.00061243 -0.01032912 0.00121472 0.00484917
37.0  0.61303771 -0.00390675 0.00194076 -0.00127289 0.00037630 -0.00169737 -0.00705635 -0.00513114 0.00116552 0.00490566
37.5  -0.32955735 0.00064922 0.00067977 -0.01248440 0.00535966 0.00376149 0.00710288 0.00195493 -0.00038765 0.00528591
38.0  -0.97245376 0.00252525 -0.00221379 -0.00785412 0.00435385 -0.00208554 -0.00555262 0.00589590 -0.00255225 0.00505835
38.5  -0.71693498 -0.00309452 0.00196372 0.00587434 -0.00175064 -0.00174521 0.00079852 0.00567060 -0.00588507 0.00364058
39.0  0.20823296 0.00213095 0.00061753 0.01237982 -0.00650874 0.00062321 0.00616488 0.00297378 -0.00659062 0.00308871
39.5  0.93944091 0.00223416 -0.00290429 0.00411738 -0.00368592 0.00052844 -0.00887974 0.00110371 -0.00537021 0.00180221
40.0  0.78793639 0.00049930 0.00167077 -0.00807772 0.00496694 -0.00124265 0.00555477 0.00143832 -0.00325805 0.00021455
40.5  -0.10368195 0.00279783 0.00114119 -0.00694391 0.00745021 0.00088633 -0.00271459 0.00378538 -0.00112519 -0.00014803
41.0  -0.89721692 -0.00589447 -0.00269322 -0.00114746 0.00054673 0.00080304 -0.00261172 0.00157791 0.00261456 -0.00139466
41.5  -0.85170241 -0.00612899 0.00140241 0.00445697 -0.00809926 -0.00253380 0.00645575 -0.00156562 0.00711777 -0.00437716
42.0  -0.01202654 0.00180719 0.00111319 0.00428211 -0.00807198 0.00298815 -0.00452930 -0.00461569 0.01081951 -0.00557082
42.5  0.83895910 0.00305305 -0.00260042 0.00125939 -0.00048158 -0.00098361 0.00261317 -0.00414282 0.01012413 -0.00547273
43.0  0.90739798 0.00874873 0.00160037 -0.00268458 0.00806528 -0.00184245 0.00090403 -0.00213339 0.00581587 -0.00284704
43.5  0.12758816 0.00309535 0.00132663 -0.00345470 0.00956654 0.00262714 -0.00378103 0.00020188 -0.00061581 0.00148954
44.0  -0.77174669 -0.00893209 -0.00287747 -0.00092332 0.00013979 -0.00363444 0.00461410 0.00138157 -0.00649645 0.00281985
44.5  -0.94915909 -0.00592331 0.00122095 0.00260360 -0.00918212 0.00200456 -0.00310585 0.00189655 -0.01021840 0.00263243
45.0  -0.24350165 -0.00401188 0.00135233 0.00301317 -0.00789151 0.00351975 0.00036204 0.00112298 -0.01073417 0.00178417
45.5  0.68415181 0.00386141 -0.00274981 0.00056378 0.00112564 -0.00372928 0.00259196 0.00077021 -0.00780515 0.00038067
46.0  0.98429032 0.01100853 0.00116698 -0.00340668 0.00815785 0.00225230 -0.00372899 0.00019596 -0.00243657 0.00141177
46.5  0.39445858 0.00094534 0.00102516 -0.00541685 0.00305621 -0.00265393 0.00277726 0.00106412 0.00631161 0.00030973
47.0  -0.55018497 -0.00230422 -0.00256973 0.00199506 0.00077368 -0.00416250 -0.00090891 0.00381864 0.01210064 -0.00107387
47.5  -0.99980589 -0.00483964 0.00207443 0.00760901 0.00259322 0.00616057 -0.00179414 0.00703351 0.01191034 -0.00303148
48.0  -0.53530270 -0.00609857 0.00139302 0.00439861 0.00181780 -0.00066431 0.00324238 0.00548153 0.00507942 -0.00417224
48.5  0.43283319 0.00409534 -0.00280558 -0.00231165 -0.00075469 0.00126255 -0.00256059 0.00099690 0.00087465 -0.00432633
49.0  0.99489400 0.00266976 0.00120899 -0.00867158 -0.00244871 0.00269262 0.00165942 -0.00477917 -0.00154270 -0.00362844
49.5  0.59526594 -0.00005075 0.00063183 -0.00639728 -0.00087453 -0.00861272 -0.00197217 -0.00886883 -0.00244803 -0.00147651
50.0  -0.38876208 0.00247237 -0.00278832 0.00514748 0.00181705 0.00232956 -0.00110845 -0.01127514 -0.00241764 -0.00043441
50.5  -0.99090945 -0.00254153 0.00225355 0.01066084 0.00148417 0.00127059 0.00315678 -0.01025466 -0.00166873 0.00026063
51.0  -0.62060089 0.00068191 0.00111277 0.00357277 -0.00076842 -0.00057610 -0.00135769 -0.00629917 -0.00075812 0.00156231
51.5  0.35234906 0.00162459 -0.00283988 -0.00592042 -0.00167815 0.00678438 0.00386375 0.00076662 0.00069827 0.00221585
52.0  0.98240468 -0.00560746 0.00210712 -0.01118001 -0.00134602 -0.00495210 -0.00208233 0.00870019 0.00095867 0.00290505
52.5  0.67343296 -0.00082669 0.00073062 -0.00360836 0.00049785 -0.00208549 -0.00482122 0.01382277 0.00034124 0.00101020
53.0  -0.27141150 0.00061363 -0.00280506 0.00941804 0.00007681 0.00263259 0.00120739 0.01374043 -0.00028330 -0.00011609
53.5  -0.95918554 0.00315470 0.00219763 0.01040079 -0.00062586 -0.00325499 -0.00347569 0.00540544 -0.00075443 -0.00075892
54.0  -0.75193578 0.00839943 -0.00012954 -0.00262038 -0.00023489 0.00369636 0.00632992 -0.00587133 0.00044287 -0.00145625
54.5  0.14803345 -0.00232707 -0.00249425 -0.01147009 0.00062084 -0.00134125 0.00035632 -0.01428760 0.00089814 -0.00149285
55.0  0.90872262 -0.00588423 0.00303697 -0.00510831 0.00029240 -0.00175708 -0.00586487 -0.01535527 0.00080914 -0.00085260
55.5  0.85162096 -0.00659517 -0.00028473 0.00814798 -0.00103862 0.00170033 0.00342403 -0.00872737 -0.00015595 0.00038162
56.0  0.05090969 -0.00441067 -0.00204773 0.00966061 -0.00209687 -0.00062551 -0.00555561 0.00375265 -0.00208947 0.00407020
56.5  -0.78546098 0.00907824 0.00261540 -0.00141701 -0.00000846 0.00058799 0.00145419 0.01335467 -0.00328275 0.00509589
57.0  -0.96184972 0.00726608 -0.00187377 -0.00981172 0.00249411 -0.00036595 0.00468050 0.01546151 -0.00281918 0.00355844
57.5  -0.35059443 0.00483336 -0.00079202 -0.00427397 0.00001101 -0.00147426 -0.00516737 0.00923061 -0.00103043 0.00326864
58.0  0.54609996 -0.00233276 0.00298188 0.00852612 -0.00114571 -0.00067561 0.00474606 -0.00149311 0.00187733 0.00225946
58.5  0.99843190 -0.01139482 -0.00280602 0.00861741 0.00018878 0.00036823 -0.00151736 -0.00979327 0.00434459 0.00133085
59.0  0.61657029 -0.00319367 0.00038636 -0.00388326 0.00250365 0.00289156 -0.00305821 -0.01167592 0.00708194 0.00008142
59.5  -0.30310363 -0.00016298 0.00234006 -0.01107822 0.00159417 -0.00093347 0.00621672 -0.00475674 0.00836579 -0.00112980
60.0  -0.96296478 0.00610704 -0.00301020 -0.00357569 -0.00208324 0.00050870 -0.00575944 0.00133128 0.00346356 -0.00249662
60.5  -0.74079805 0.00725695 0.00064963 0.00738041 0.00447388 -0.00125223 0.00079683 0.00378798 -0.00332061 -0.00374693
61.0  0.18861500 -0.00320873 0.00202912 -0.00906393 -0.00576972 -0.00276128 0.00078848 0.00243262 -0.00807679 -0.00229961
61.5  0.94165321 -0.00236388 -0.00248647 0.00055464 0.00005944 0.00321685 -0.00435576 -0.00088333 -0.01129246 -0.00144296
62.0  0.75984614 -0.00182317 0.00074083 0.00836575 0.00550524 -0.00117230 0.00761047 -0.00387215 -0.01235759 -0.00148457
62.5  -0.19626530 -0.00221216 0.00210751 -0.00908502 -0.00918701 0.00105965 -0.00201838 -0.00504887 -0.01039248 -0.00031914
63.0  -0.95432181 0.00341917 -0.00311341 -0.00083555 0.00082524 0.00157942 -0.00110874 -0.00425452 -0.00462032 0.00069686
63.5  -0.71333010 -0.00112217 0.00020224 0.00874902 0.00926729 -0.00401862 0.00154114 -0.00107405 0.00294128 0.00198832
64.0  0.28719400 -0.00150338 0.00259337 -0.00984756 -0.00674483 0.00424705 -0.00520673 0.00306311 0.01011945 0.00502850
64.5  0.98183144 0.00579312 -0.00246196 -0.00043910 -0.00142441 -0.00329410 0.00310571 0.00693853 0.01298454 0.00542321
65.0  0.62009184 0.00110638 -0.00049818 0.01040691 0.00886451 -0.00243408 0.00006631 0.00947143 0.01218549 0.00640172
65.5  -0.40578078 -0.00245644 0.00297122 -0.00429723 -0.00949928 0.00446647 0.00123738 0.01003582 0.00999747 0.00618184
66.0  -0.99693041 -0.00382064 -0.00207347 -0.00277004 -0.00179425 -0.00568742 -0.00136316 0.00669980 0.00640275 0.00686664
66.5  -0.54852092 -0.00733972 -0.00097090 0.00401870 0.01248299 0.00515400 0.00143620 0.00124511 0.00212292 0.00964225
67.0  0.45043923 0.00360355 0.00299008 -0.00337070 -0.01191870 0.00146759 0.00173831 -0.00747780 -0.00208088 0.00909240
67.5  0.99704647 0.01061021 -0.00186339 -0.00320225 -0.00180069 -0.00516558 -0.00363025 -0.01386801 -0.00518101 0.00743130
68.0  0.58452478 0.00372877 -0.00175461 0.00634488 0.01387723 0.00502218 0.00335604 -0.01408037 -0.00596298 0.00699787
68.5  -0.37403415 -0.00027655 0.00329144 0.00031752 -0.00790832 -0.00407628 -0.00255112 -0.00962130 -0.00536854 0.00664026
69.0  -0.98266649 -0.01051601 -0.00113350 -0.00597816 -0.00538003 -0.00002623 -0.00074580 -0.00049427 -0.00446879 0.00419963
69.5  -0.68462089 -0.00944241 -0.00106838 0.00436149 0.01110484 0.00606317 0.00554034 0.00877063 -0.00401854 0.00315626
70.0  0.24442626 0.00422290 0.00294748 0.00339476 -0.00803205 -0.00530808 -0.00259863 0.01348316 -0.00244335 -0.00131301
70.5  0.94863306 0.00657457 -0.00218741 -0.00571826 -0.00695854 0.00187830 -0.00047709 0.01414556 -0.00133805 -0.00481508
71.0  0.77467798 0.00823948 -0.00183187 0.00109652 0.01470370 -0.00202964 0.00026483 0.00824436 0.00084393 -0.00690746
71.5  -0.11857556 0.00157610 0.00315069 0.00402384 -0.00263191 -0.00775126 -0.00195534 -0.00097843 0.00461361 -0.00794098
72.0  -0.90182898 -0.00969536 -0.00122155 -0.00481978 -0.01002958 0.00869090 -0.00151222 -0.00820987 0.00808792 -0.00997441
72.5  -0.84704374 -0.00373088 -0.00152147 -0.00011584 0.01102993 -0.00020847 0.00494433 -0.01179979 0.01004122 -0.01330440
73.0  -0.00512470 -0.00064502 0.00316968 0.00548924 -0.00141845 0.00276216 -0.00276997 -0.00884247 0.00997778 -0.01787100
73.5  0.84166648 0.00168347 -0.00124481 -0.00538958 -0.01128327 0.00515968 -0.00045598 -0.00313519 0.00545622 -0.01606864
74.0  0.90538432 0.00638769 -0.00162604 -0.00128835 0.01117639 -0.00915019 0.00676397 0.00228083 -0.00091546 -0.01113657
74.5  0.12424843 -0.00154996 0.00318822 0.00884098 0.00014490 -0.00181647 -0.00227798 -0.00686668 -0.00851866 -0.00542263
75.0  -0.77357492 -0.00125052 -0.00158562 -0.00511494 -0.01240608 0.00260955 0.00320749 0.00923777 -0.01070007 -0.00059931
75.5  -0.94786123 0.00268365 -0.00197653 -0.00258098 0.01067759 -0.00233305 -0.00031271 -0.00490025 -0.01240237 0.00273027
76.0  -0.23983303 -0.00261124 0.00305896 0.00785297 0.00475488 0.00782103 -0.00831331 0.00252607 -0.00902513 0.00429602
76.5  0.68615592 0.00009810 -0.00138311 -0.01004549 -0.01180528 0.00054922 0.00521061 0.00385588 -0.00287171 0.00835497
77.0  0.98420257 -0.00286701 -0.00114637 -0.00080874 0.00631474 -0.00617854 0.00205063 -0.00825913 0.00450589 0.01293352
77.5  0.40269960 -0.00506527 0.00318191 0.01396401 0.00188368 0.00253124 0.00073399 0.00740967 0.01183124 0.01439583
78.0  -0.52914292 0.00552402 -0.00208793 -0.00708772 -0.01291092 0.00245827 0.00654966 -0.00744910 0.01463215 0.01488060
78.5  -0.99847855 0.00456855 -0.00073948 -0.00897688 0.00719265 -0.00644766 -0.00347506 0.00300596 0.01282272 0.01361726
79.0  -0.60160682 0.00504084 0.00301708 0.01440696 0.00852931 0.00155911 -0.00673666 0.00441572 0.00716180 0.00968954
79.5  0.32118583 0.00069784 -0.00256243 -0.00123544 -0.01154436 0.00074088 0.00140331 -0.00706548 -0.00064614 0.00788474
80.0  0.96431078 -0.01105159 -0.00021117 -0.01496835 -0.00095021 -0.00533203 -0.00031934 0.00895182 -0.00679018 0.00349417
80.5  0.75422750 -0.00507915 0.00225531 0.01132952 0.01278059 0.00735096 0.00267004 -0.00885957 -0.01118385 -0.00169737
81.0  -0.12755036 -0.00112786 -0.00293598 0.00732128 -0.00713709 0.00235906 0.00442531 0.00258507 -0.01212754 -0.00582800
81.5  -0.89535515 0.00670050 0.00104178 -0.01677122 -0.00880649 -0.00606542 -0.00334850 0.00305688 -0.01130530 -0.00955088
82.0  -0.86772509 0.01175018 0.00208555 0.00313002 0.01374323 0.00319162 -0.00058859 -0.00509040 -0.00821145 -0.01214539
82.5  -0.07474148 -0.00099539 -0.00306756 0.01418852 -0.00221182 -0.00172473 -0.00055936 0.00995862 -0.00258974 -0.01273791
83.0  0.78283998 -0.00432608 0.00173466 -0.01152565 -0.01321413 -0.00606702 -0.00245482 -0.00760053 -0.00307784 -0.01177372
83.5  0.95356144 -0.00887937 0.00110423 -0.00722941 0.01102297 0.00816473 0.00404619 0.00206856 0.00771228 -0.00698405
84.0  0.28265679 -0.00542735 -0.00311472 0.01548189 0.00509689 0.00112438 0.00018425 -0.00354299 -0.01414173 -0.00155194
84.5  -0.64461626 0.00744521 0.00206672 0.00031708 -0.01579617 -0.00549791 0.00028287 -0.00124764 0.01470595 0.00181853
85.0  -0.99125672 0.00413193 0.00075592 -0.01459958 0.00264009 0.00722267 -0.00150668 0.00496421 -0.01200362 0.00380849
85.5  -0.41800377 0.00387400 -0.00309621 0.00350703 0.01552236 -0.00638253 0.00199629 -0.00210906 0.00757199 0.00613914
86.0  0.55560617 -0.00065142 0.00240428 0.01149154 -0.00934547 0.00051611 0.00208659 0.00602449 -0.00026680 0.00672740
86.5  0.99848150 -0.00732474 0.00076305 -0.00831658 -0.01062368 0.00342726 -0.00666356 -0.00836068 -0.00574438 0.00801028
87.0  0.47580500 0.00107916 -0.00300365 -0.00803543 0.01497741 -0.00507447 0.00730730 0.00489981 0.01014530 0.00898916
87.5  -0.50468060 0.00047586 0.00242818 0.01599665 0.00048390 0.00242070 -0.00614076 -0.00689555 -0.01095044 0.00864497
88.0  -0.99927811 -0.00130743 0.00072548 -0.00007148 -0.01421415 0.00043925 0.00143519 0.00461254 0.01000476 0.00709345
88.5  -0.54576749 0.00303997 -0.00300622 -0.01799815 0.00846615 -0.00005775 0.00327326 0.00354793 -0.01063233 0.00588098
89.0  0.42346968 -0.00174396 0.00253410 0.01285523 0.00875580 0.00034646 -0.00434148 -0.00714275 0.00711523 0.00476969
89.5  0.99323445 0.00203304 0.00068204 0.01014449 -0.01203673 0.00279136 0.00383795 0.01058718 -0.00362148 0.00150493
90.0  0.60726882 0.00501549 -0.00326527 -0.01950815 -0.00251140 -0.00702682 -0.00354173 -0.01054479 0.00263649 -0.00264033
90.5  -0.37781597 -0.00420332 0.00246636 -0.00073280 0.01369257 0.00369974 0.00160074 0.00724956 0.00386399 -0.00685535
91.0  -0.99041536 -0.00404082 0.00155138 0.01742285 -0.00495987 0.00172171 -0.00103033 -0.00249538 -0.00843447 -0.00834390
91.5  -0.60945297 -0.00354127 -0.00333150 -0.01053670 -0.01051736 -0.00647844 0.00200862 -0.00345270 0.00946264 -0.00604328
92.0  0.38014070 -0.00072464 0.00190873 -0.00694969 0.01345715 0.00964701 -0.00107751 0.00231108 -0.01255002 -0.00699073
92.5  0.98906114 0.01079703 0.00140490 0.01806428 0.00091046 -0.00703512 0.00016758 -0.00252168 0.01219309 -0.00826137
93.0  0.63749665 0.00554801 -0.00344738 -0.00785854 -0.01446030 0.00053600 -0.00164262 0.00503382 -0.00748644 -0.01014555
93.5  -0.31329428 -0.00339495 0.00200884 -0.01606653 0.01111474 0.00589801 -0.00388738 -0.00248977 0.00275095 -0.00951961
94.0  -0.96789686 -0.00630143 0.00078213 0.01816931 0.00664867 -0.00898105 0.00571444 0.00216127 0.00387825 -0.00731737
94.5  -0.73650855 -0.01083117 -0.00299976 0.00348316 -0.01577498 0.00729584 -0.00343589 -0.00452472 -0.01047704 -0.00283977
95.0  0.16416909 0.00154696 0.00212727 -0.01922085 0.00328171 -0.00069138 0.00244775 0.00016975 0.01262259 -0.00059224
95.5  0.91750343 0.00985386 0.00103392 0.00760436 0.01262102 -0.00167444 0.00445503 0.00167735 -0.01199399 0.00254142
96.0  0.82594495 0.00536209 -0.00265485 0.01506550 -0.01159523 -0.00126306 -0.01050902 -0.00151115 0.00823406 0.00492036
96.5  -0.04140842 0.00317269 0.00221786 -0.01935646 -0.00407906 -0.00092650 0.00638450 0.00641262 -0.00301670 0.00759059
97.0  -0.87239253 -0.00746082 0.00051523 -0.00525489 0.01446524 -0.00052735 -0.00242761 -0.00766852 -0.00196689 0.00943484
97.5  -0.87181196 -0.00821565 -0.00332036 0.02330899 -0.00230858 0.00285219 -0.00045165 0.00734606 0.00633767 0.00937870
98.0  -0.04411286 0.00233778 0.00227373 -0.00926112 -0.01325743 0.00275468 0.00739861 -0.00893555 -0.00831425 0.00690677
98.5  0.82067537 0.00142814 0.00087817 -0.01631292 0.00875891 -0.00202880 -0.00655494 0.00502605 0.01042734 0.00618650
99.0  0.92378108 0.00401404 -0.00308611 0.02171162 0.00637633 0.00074981 0.00225698 0.00225606 -0.01099525 0.00381709
99.5  0.18371989 0.00285210 0.00243969 -0.00287706 -0.01197401 -0.00408651 -0.00052411 -0.00467616 0.00721198 0.00353142
100.0  -0.72369750 -0.00433573 0.00085545 -0.02312511 0.00415055 -0.00005084 -0.00586742 0.01007458 -0.00308187 0.00252794
100.5  -0.97091040 0.00166965 -0.00400114 0.01991338 0.00824613 0.00331653 0.00897155 -0.01227774 -0.00194556 0.00124665
101.0  -0.31735605 0.00056320 0.00301974 0.00787819 -0.01054750 0.00072582 -0.00330828 0.00538990 0.00807116 -0.00268309
101.5  0.63844719 -0.00347456 0.00074822 -0.02546586 0.00169521 0.00078167 -0.00238211 -0.00235187 -0.01020263 -0.00552154
102.0  0.98926689 0.00019691 -0.00431427 0.01290203 0.00882124 -0.00057007 0.00818498 -0.00178662 0.00996084 -0.00618392
102.5  0.39648237 -0.00362094 0.00266914 0.01497016 -0.01020550 -0.00342224 -0.00953100 0.01045291 -0.00946482 -0.00511295
103.0  -0.57067945 0.00168542 0.00116157 -0.02490024 -0.00102068 -0.00215962 0.00239292 -0.00974717 0.00593438 -0.00513470
103.5  -0.99838828 0.00843941 -0.00331046 0.00430792 0.01055493 0.00502310 0.00556626 0.00685388 -0.00058724 -0.00562100
104.0  -0.50183684 0.00120327 0.00315243 0.02176253 -0.00872857 -0.00157216 -0.01011878 -0.00664785 -0.00433979 -0.00801496
104.5  0.44921394 -0.00036926 -0.00015927 -0.01888419 -0.00480194 0.00217604 0.00655631 -0.00310772 0.00920706 -0.00737559
105.0  0.99261651 -0.00806278 -0.00292432 -0.01401224 -0.00682009 0.00197666 -0.00250542 0.00797037 -0.01136459 -0.00433823
105.5  0.64300837 -0.00864839 0.00345944 0.02469809 0.00665330 -0.00881813 0.00123364 -0.00331622 0.00932085 -0.00099334
106.0  -0.28888251 0.00444967 -0.00120069 -0.00014484 0.01374172 0.00846575 0.00417218 0.00492537 -0.00716341 0.00211005
106.5  -0.96078005 0.00586319 -0.00231134 -0.02292700 0.00219378 -0.00696411 0.00908354 0.00163317 0.00334915 0.00440093
107.0  -0.74658933 0.00912805 0.00361126 0.01489571 -0.01168672 -0.00598933 0.01158933 -0.00911187 0.00535206 0.00889879
107.5  0.16596469 0.00095655 -0.00203539 0.01204310 -0.01312104 0.00261318 0.00248430 0.01072871 -0.00374005 0.01042169
108.0  0.92327966 -0.01080946 -0.00144022 -0.02420858 0.00321629 -0.00330012 -0.00262673 -0.01041265 0.00467262 0.01021890
108.5  0.81593118 -0.00504044 0.00394548 0.00328971 0.01579286 0.00330596 -0.01177880 0.00715770 -0.00513142 0.00980870
109.0  -0.04700857 -0.00284119 -0.00281480 0.02312520 0.00911014 0.00037154 -0.01369119 0.00272633 0.00228850 0.00461277
109.5  -0.86433519 0.00629164 -0.00051022 -0.01554874 -0.00885251 -0.00152887 -0.00830713 -0.00991120 0.00015378 -0.00020115
110.0  -0.88985858 0.00900529 0.00364715 -0.01346638 -0.01460535 0.00048721 0.00144287 0.01171702 -0.00106896 -0.00308368
110.5  -0.09432762 -0.00168208 -0.00359584 0.02467675 0.00011737 -0.00076665 0.01014585 -0.01186978 0.00233406 -0.00932999
111.0  0.79545096 -0.00162268 0.00020383 -0.00205999 0.01294270 -0.00046401 0.01412496 0.00388599 -0.00286366 -0.01236874
111.5  0.92830381 -0.00486935 0.00381714 -0.02309940 0.00985589 0.00237929 0.01068511 0.00587040 0.00330128 -0.01433166
112.0  0.14839653 -0.00277249 -0.00385990 0.01926980 -0.00342915 0.00101257 0.00259272 -0.00856571 -0.00263418 -0.01580633
112.5  -0.78477588 0.00487682 0.00003306 0.00851229 -0.01489199 -0.00043573 -0.00705568 0.01216215 0.00155372 -0.01483420
113.0  -0.92420409 -0.00105716 0.00359330 -0.02663121 -0.00946230 -0.00149242 -0.01164221 -0.01279607 0.00004829 -0.01260474
113.5  -0.12348043 -0.00014468 -0.00393990 0.01690678 0.00819147 -0.00205974 -0.01283999 0.00426709 -0.00163742 -0.01156910
114.0  0.80026541 0.00312608 -0.00025112 0.01577020 0.01467234 -0.00053571 -0.00613635 0.00144928 0.00226606 -0.00744853
114.5  0.91834220 -0.00045435 0.00447482 -0.02906383 0.00640798 0.00183855 0.00388785 -0.00704891 -0.00248699 -0.00225867
115.0  0.12495994 0.00231377 -0.00364111 0.00971188 -0.01257035 0.00324277 0.01047275 0.01393906 -0.00136328 0.00249806
115.5  -0.78929711 -0.00249552 -0.00088659 0.02072581 -0.01861850 -0.00011608 0.01230053 -0.01170501 0.00529843 0.00754692
116.0  -0.92939162 -0.00825700 0.00383205 -0.02906238 -0.00058956 -0.00221036 0.00690297 0.00628798 -0.00541149 0.01152874
116.5  -0.15842011 0.00066397 -0.00389734 0.00202532 0.01663650 -0.00154606 -0.00175111 -0.00153827 0.00574982 0.01595357
117.0  0.76931280 0.00478317 -0.00029398 0.02585289 0.01641671 -0.00114002 -0.00882243 -0.00531054 -0.00066526 0.01844420
117.5  0.93944738 0.00663189 0.00484304 -0.02331650 -0.00075346 0.00149807 -0.01142215 0.00928720 -0.00543011 0.01961178
118.0  0.18706775 0.00514965 -0.00384882 -0.00450973 -0.01797146 0.00313751 -0.00847863 -0.01029308 0.00770411 0.01726083
118.5  -0.74246482 -0.00823498 -0.00120400 0.02839846 -0.01599010 -0.00026420 -0.00046592 0.00824451 -0.01042630 0.01579346
119.0  -0.96033520 -0.00889867 0.00474239 -0.01881939 0.00453485 -0.00280298 0.00903278 -0.00353457 0.01061156 0.01346242
119.5  -0.29264424 -0.00222752 -0.00362176 -0.01517473 0.01935622 -0.00149137 0.01319552 -0.00266169 -0.00662366 0.00971230
120.0  0.62908813 0.00251544 -0.00098177 0.02804186 0.01062394 0.00043471 0.00965820 0.00848380 0.00160488 0.00422399
120.5  0.99602094 0.01136471 0.00426158 -0.00664548 -0.00917900 0.00014799 -0.00005506 -0.01055304 0.00371641 -0.00211209
121.0  0.50521839 0.00446056 -0.00415378 -0.02272308 -0.01896943 0.00457403 -0.01080011 0.00661297 -0.00836658 -0.00877875
121.5  -0.42102976 -0.00394363 -0.00007041 0.02265847 -0.00616435 0.00299245 -0.01392563 -0.00088580 0.01140646 -0.01422419
122.0  -0.98553457 -0.00471108 0.00493664 0.00579358 0.01369268 -0.00393871 -0.00932099 -0.00687932 -0.00939672 -0.01787534
122.5  -0.68595124 -0.00718247 -0.00414275 -0.02719741 0.01812536 -0.00134226 -0.00051694 0.01031332 0.00429072 -0.01836740
123.0  0.22425879 0.00153688 -0.00092116 0.02108214 0.00219602 -0.00490440 0.00757655 -0.00654753 0.00148192 -0.01807591
123.5  0.93508102 0.00534859 0.00437810 0.01403660 -0.01614277 -0.00004582 0.01141194 0.00293416 -0.00798962 -0.01726191
124.0  0.81036924 0.00050251 -0.00389596 -0.03194702 -0.01780894 0.00131176 0.00968930 -0.00149826 0.01284585 -0.01477457
124.5  -0.03438471 0.00227441 -0.00027335 0.01180084 0.00151703 0.00209340 0.00215915 -0.00762221 -0.01037363 -0.01561701
125.0  -0.84706288 -0.00161605 0.00431932 0.02027871 0.01705312 0.00078024 -0.00254993 0.00855807 0.00613737 -0.01091381
125.5  -0.91280293 -0.00171428 -0.00422461 -0.02870938 0.01252216 -0.00516635 -0.01061137 -0.00228794 -0.00063105 -0.00313017
126.0  -0.17096825 0.00306318 -0.00055091 0.00277696 -0.00573752 0.00341993 -0.00932598 0.00761616 -0.00805355 0.00319326
126.5  0.72777597 -0.00360225 0.00458200 0.02556501 -0.01632940 -0.00381279 -0.00476542 -0.00089695 0.01143561 0.00875537
127.0  0.96912159 -0.00269231 -0.00369808 -0.02283354 -0.00856579 0.00084481 0.00112135 -0.00483067 -0.01105748 0.01305160
127.5  0.30725723 0.00003108 -0.00020184 -0.00701070 0.01064497 0.00420004 0.00621671 0.00174912 0.00803195 0.01839953
128.0  -0.65283488 -0.00017511 0.00450159 0.03076962 0.01707881 -0.00545529 0.00856083 -0.00542098 -0.00297526 0.02170230
128.5  -0.98384258 0.00800327 -0.00484685 -0.01707556 0.00381895 0.00439510 0.00746626 0.00932981 -0.00070615 0.02286102
129.0  -0.35693964 0.00281806 -0.00028042 -0.01880045 -0.01566132 -0.00292821 0.00608817 -0.00924526 0.00579791 0.02012668
129.5  0.61215757 -0.00521780 0.00491837 0.02925867 -0.01750063 0.00056713 -0.00357649 0.01037193 -0.00598107 0.01550187
130.0  0.99362284 -0.00447224 -0.00475177 -0.00438238 0.00231425 0.00326104 -0.00615206 -0.00637344 0.00584606 0.01039331
130.5  0.44877258 -0.00689931 0.00050739 -0.02461218 0.02069774 -0.00624951 -0.01085758 -0.00667223 -0.00566403 0.00324547
131.0  -0.50467200 0.00360668 0.00428018 0.02690609 0.00442548 0.00580550 -0.00834577 0.01004979 -0.00006292 -0.00417832
131.5  -0.99788792 0.00909544 -0.00554010 0.00781533 -0.01237896 0.00016960 -0.00032694 -0.01101428 0.00561482 -0.01270632
132.0  -0.57379274 0.00282291 0.00207827 -0.03320177 -0.01571486 -0.00626668 0.00852946 0.01129674 -0.00728786 -0.01863334
132.5  0.39219002 0.00109931 0.00322998 0.01055957 0.00051332 0.00743171 0.01342309 -0.00080156 0.00781204 -0.02180169
133.0  0.98906202 -0.00886769 -0.00594340 0.02414660 0.01760232 -0.00418579 0.00814073 -0.00719400 -0.00539610 -0.02130968
133.5  0.62444139 -0.00552561 0.00313401 -0.02637249 0.01233006 -0.00309100 -0.00163470 0.00904334 0.00069796 -0.01909725
134.0  -0.35456362 0.00370591 0.00268016 -0.00041605 -0.00674447 0.01078733 -0.01006421 -0.01312614 0.00487525 -0.01377354
134.5  -0.98379223 0.00273305 -0.00572111 0.03037645 -0.01741834 -0.00782027 -0.01407813 0.00902086 -0.00798402 -0.00725340
135.0  -0.65660805 0.00607844 0.00338617 -0.02122098 -0.00795697 -0.00017190 -0.00719902 -0.00043424 0.00817684 0.00127680
135.5  0.29392189 -0.00106779 0.00163190 -0.01607173 0.01573320 0.00755083 0.00382496 -0.00571523 -0.00758865 0.01128923
136.0  0.96374577 -0.00501490 -0.00476788 0.02796513 0.01788960 -0.01264194 0.01166341 0.00920632 0.00315148 0.01808189
136.5  0.74090038 0.00035013 0.00439556 -0.00303011 -0.00416825 0.00841434 0.01300081 -0.00795295 0.00264908 0.01934505
137.0  -0.16218646 -0.00230767 0.00053758 -0.02545728 -0.02053181 0.00504835 0.00433447 0.00398131 -0.00658631 0.01797121
137.5  -0.91778270 0.00174350 -0.00521921 0.02334979 -0.01178475 -0.01407165 -0.00611496 0.00176787 0.00827895 0.01851895
138.0  -0.82320922 0.00172233 0.00431095 0.00845639 0.01073035 0.01266089 -0.01180801 -0.00682205 -0.00843262 0.01837219
138.5  0.04500319 -0.00277625 0.00019975 -0.03023221 0.01805541 -0.00295364 -0.00957786 0.00598776 0.00512561 0.01361462
139.0  0.87191883 0.00354987 -0.00481967 0.01419022 0.00470902 -0.01024992 -0.00235349 -0.00558221 -0.00074909 0.00941340
139.5  0.87553438 0.00143379 0.00467799 0.01901384 -0.01428550 0.01567960 0.00681094 0.00524045 -0.00291445 0.00557798
140.0  0.06760008 -0.00091143 -0.00002094 -0.02828917 -0.01654956 -0.00886468 0.00965922 0.00189966 0.00646186 0.00286039
140.5  -0.79305411 0.00000866 -0.00445228 0.00419992 0.00024132 -0.00315360 0.00743547 -0.00464809 -0.00786398 -0.00190401
141.0  -0.95013074 0.00942131 0.00500174 0.02542945 0.01691184 0.01163589 0.00136888 0.00577910 0.00646363 -0.00730883
141.5  -0.29698754 0.01195753 -0.00072289 -0.02149054 0.01370072 -0.01269925 -0.00623489 -0.01008842 -0.00263135 -0.01291171
142.0  0.60216707 -0.00539234 -0.00438535 -0.00910157 -0.00760599 0.00556440 -0.00866442 0.00326034 -0.00217255 -0.01584208
142.5  0.99786753 -0.03505997 0.00512552 0.02610773 -0.02095851 0.00520936 -0.00749681 0.00493833 0.00516921 -0.01658508
143.0  0.54691311 -0.04834708 -0.00168012 -0.01199520 -0.00597047 -0.00718680 -0.00175636 -0.01216690 -0.00340458 -0.01369470
143.5  -0.38451234 -0.01956861 -0.00375153 -0.01823590 0.01496586 -0.01491331 0.00649135 0.01188739 -0.00060078 -0.01294355
144.0  -0.97940227 0.04149091 0.00585754 0.02676153 0.01862926 -0.01396573 -0.00569958 -0.00878180 0.00359623 -0.01125045
144.5  -0.67953093 0.08529482 -0.00152300 -0.00199657 0.00337774 -0.00349694 0.00963373 0.00204346 -0.00033632 -0.01152873
145.0  0.25685613 0.06256403 -0.00424657 -0.02336361 -0.01823342 0.00232165 -0.01348119 0.00011733 -0.00422957 -0.00919612
145.5  0.95177357 -0.02184090 0.00527802 0.02342420 -0.02090838 0.01143250 0.00832701 -0.00458565 0.00768203 -0.00625340
146.0  0.73901599 -0.10104082 -0.00083684 0.00287019 -0.00004096 0.01137640 0.00081362 0.00918184 -0.00791274 -0.00234514
146.5  -0.18395235 -0.10264977 -0.00451389 -0.02719621 0.01951749 0.00439033 -0.00556025 -0.00739700 0.00832350 0.00414629
147.0  -0.93057768 -0.01665595 0.00484223 0.01709815 0.01734576 -0.00449865 0.01069669 0.00507393 -0.00488926 0.00762400
147.5  -0.76617572 0.08900662 -0.00049882 0.01196237 -0.00411764 -0.01123553 -0.01183136 -0.00341807 -0.00041408 0.01172693
148.0  0.16457765 0.12382739 -0.00491165 -0.02474756 -0.01931778 -0.01068097 0.00110755 -0.00376000 0.00357455 0.01363270
148.5  0.93339843 0.05644142 0.00459976 0.01318199 -0.01376245 -0.00431499 0.00672170 0.00587180 -0.00754636 0.01525035
149.0  0.74118571 -0.05660885 -0.00076299 0.01236591 0.00597930 0.00410054 -0.00952262 -0.00395805 0.01072155 0.01828102
149.5  -0.22306965 -0.12224309 -0.00263431 -0.02780890 0.02046083 0.01059583 0.01186867 0.00828689 -0.01002583 0.02076945
150.0  -0.95348084 -0.09303249 0.00304572 0.01081445 0.01363931 0.01025755 -0.00639292 -0.00502197 0.00845557 0.02140219
150.5  -0.70652294 0.00103892 0.00003656 0.01916851 -0.00810912 0.00336824 -0.00654740 -0.00140815 -0.00654299 0.02142965
151.0  0.23904408 0.09164200 -0.00334761 -0.02367859 -0.02113225 -0.00588730 0.01168261 0.00061744 0.00301215 0.01955538
151.5  0.94387726 0.12557887 0.00320988 -0.00179481 -0.00996230 -0.01356208 -0.01085945 -0.00374969 0.00043017 0.01535582
152.0  0.76228755 0.08717193 0.00018563 0.02490984 0.01206464 -0.00878522 0.00574962 0.00617484 -0.00546074 0.00716494
152.5  -0.11308456 -0.00286500 -0.00339661 -0.01590811 0.02115307 0.00246264 0.00612616 -0.00031540 0.00829119 0.00237039
153.0  -0.88359855 -0.10022109 0.00370304 -0.01392214 0.00467251 0.01154734 -0.01267400 -0.00130875 -0.01126898 -0.00384393
153.5  -0.85181385 -0.15156410 -0.00013856 0.02528772 -0.01702484 0.01128262 0.00857706 0.00158356 0.01306741 -0.00956197
154.0  -0.03618253 -0.11811561 -0.00331878 -0.00487645 -0.01877653 0.00143679 -0.00170005 -0.00383639 -0.00858234 -0.01392035
154.5  0.81576515 -0.00698518 0.00352867 -0.02568226 0.00229436 -0.00897064 -0.00867244 0.00273055 0.00416879 -0.01737038
155.0  0.89540987 0.11993113 -0.00094501 0.02215584 0.02178251 -0.01156385 0.01263438 -0.00086532 -0.00115323 -0.01856858
155.5  0.11601275 0.17899897 -0.00248104 0.01008547 0.01443340 -0.00606621 -0.00710414 -0.00288735 -0.00793317 -0.01664434
156.0  -0.77563874 0.12635120 0.00428473 -0.02823679 -0.01198735 0.00382606 -0.00243204 0.00512889 0.01076290 -0.01380291
156.5  -0.91685186 -0.00594129 -0.00197866 0.01224678 -0.02183379 0.01187747 0.00872310 -0.00516193 -0.00969366 -0.00895992
157.0  -0.16997000 -0.13050402 -0.00248636 0.01975624 -0.00568610 0.01091601 -0.01310868 0.00722988 0.01103522 -0.00217846
157.5  0.74366716 -0.16886249 0.00417835 -0.02593959 0.01582272 0.00381251 0.00789163 -0.00182604 -0.00650203 0.00473444
158.0  0.93648009 -0.10502461 -0.00221743 -0.00181592 0.01975419 -0.00649588 0.00075827 -0.00581404 0.00080413 0.00995403
158.5  0.21128989 0.01099480 -0.00140299 0.02612118 0.00019509 -0.01291124 -0.00703118 0.00553301 -0.00125699 0.01346302
159.0  -0.72694703 0.10463960 0.00406953 -0.01624046 -0.02148984 -0.00926531 0.01399270 -0.01240484 -0.00109823 0.01610621
159.5  -0.94683646 0.12867554 -0.00281861 -0.01237920 -0.01647438 -0.00332198 -0.01422468 0.01306220 0.00149603 0.01817059
160.0  -0.22657904 0.08462133 -0.00117169 0.02734506 0.00983718 0.00791932 0.00827375 -0.00035472 -0.00111139 0.02148411
160.5  0.71525134 0.00659073 0.00434550 -0.00967663 0.01931362 0.01273869 0.00003448 -0.00190764 0.00305553 0.01752115
161.0  0.96030227 -0.06587847 -0.00241191 -0.02425238 0.00592460 0.00909040 -0.01029245 0.00538384 -0.00592495 0.01137060
161.5  0.29971241 -0.10434486 -0.00133484 0.02338531 -0.01190605 0.00365837 0.01265878 -0.01170237 0.01122668 0.00315242
162.0  -0.62728553 -0.09472947 0.00387536 0.00657613 -0.01838071 -0.00947692 -0.00877273 0.00490520 -0.00977901 -0.00561705
162.5  -0.98926663 -0.04075928 -0.00270864 -0.02768450 -0.00161536 -0.01422525 0.00288383 0.00089417 0.00281773 -0.01259396
163.0  -0.49074196 0.03391745 -0.00071558 0.01272886 0.01645909 -0.01054445 0.00599396 -0.00144030 0.00349614 -0.01970795
163.5  0.42579023 0.09183435 0.00234453 0.01999186 0.01156400 0.00030394 -0.00605742 0.00648571 -0.01424896 -0.02267743
164.0  0.97922721 0.10173064 -0.00304717 -0.02412189 -0.00930823 0.01233482 0.00343506 -0.00505646 0.01888282 -0.02317099
164.5  0.69936701 0.05964119 0.00014014 -0.00513394 -0.01845217 0.01494541 -0.00254494 -0.00086687 -0.01255480 -0.02020333
165.0  -0.17912562 -0.00793905 0.00202120 0.02532767 -0.00269507 0.00787000 -0.00345393 0.00229625 0.00510019 -0.01467507
165.5  -0.90617758 -0.06162573 -0.00215622 -0.01411763 0.01546799 -0.00255694 0.00226290 -0.00319036 0.00719688 -0.00737341
166.0  -0.85457939 -0.07756046 0.00100845 -0.01594472 0.01354223 -0.01200281 0.00268019 0.00237753 -0.01761921 -0.00247694
166.5  -0.06471874 -0.05998125 0.00176806 0.02458783 -0.00584588 -0.01368173 0.00020920 0.00364225 0.01792223 0.00362459
167.0  0.78373218 -0.02764391 -0.00246522 -0.00197378 -0.01674736 -0.00430863 0.00362678 -0.00475835 -0.01425356 0.01269167
167.5  0.94966356 0.00669888 0.00091155 -0.02356005 -0.00672254 0.00776701 -0.00493799 0.00263911 0.00716738 0.02013717
168.0  0.27298759 0.04123661 0.00120480 0.02097479 0.01100166 0.01426382 -0.00280264 -0.00209969 0.00334903 0.02843165
168.5  -0.65625662 0.07148543 -0.00261169 0.01090259 0.01542970 0.01138486 0.00148925 -0.00306032 -0.01017318 0.03050739
169.0  -0.98234498 0.07841437 0.00113344 -0.02706793 0.00056518 0.00057542 -0.00124755 0.00792269 0.01533663 0.02734283
169.5  -0.37187878 0.03808856 0.00145591 0.00763751 -0.01428959 -0.01068013 0.00521457 -0.00567728 -0.01756178 0.02226448
170.0  0.60569876 -0.04391526 -0.00290742 0.01814220 -0.01297708 -0.01493445 0.00010404 0.00682083 0.01348130 0.01500479
170.5  0.98271397 -0.11486065 0.00120554 -0.02410879 0.00153779 -0.00985038 -0.00259194 -0.00446266 -0.00637649 0.00740888
171.0  0.37544164 -0.11133961 0.00152267 0.00531828 0.01698374 0.00018819 -0.00000286 -0.00492043 -0.00004120 -0.00044742
171.5  -0.60319754 -0.02130433 -0.00208029 0.02457157 0.01250843 0.00949864 -0.00401430 0.00926445 0.00753756 -0.00969625
172.0  -0.98085767 0.09384185 0.00098480 -0.02680285 -0.00696062 0.01477910 0.00244860 -0.01244815 -0.01114878 -0.01831653
172.5  -0.40103696 0.14715140 0.00185473 -0.00343856 -0.01683471 0.01057174 0.00141377 0.01793214 0.00713593 -0.02681898
173.0  0.56358866 0.09814539 -0.00281962 0.03019222 -0.00950689 0.00021176 -0.00223430 -0.01167337 -0.00574800 -0.03060247
173.5  0.98530940 -0.01943577 -0.00032082 -0.01842328 0.01515540 -0.00947412 0.00313293 0.00395122 0.00621228 -0.03116424
174.0  0.45751662 -0.12408820 0.00423552 -0.00470587 0.01979268 -0.01501077 -0.00401601 0.00706274 -0.00273917 -0.02764729
174.5  -0.51430135 -0.14648361 -0.00401995 0.03070923 0.00657975 -0.01249199 0.00043102 -0.01540699 0.00543721 -0.02276848
175.0  -0.98701869 -0.07457750 -0.00011005 -0.01733829 -0.01071665 -0.00380705 -0.00039381 0.01932136 -0.00467107 -0.01674936
175.5  -0.50361281 0.04308152 0.00448943 -0.01748185 -0.01710550 0.00789832 -0.00292998 0.01451359 0.00030614 -0.00731768
176.0  0.45973336 0.13632970 -0.00457115 0.02949949 -0.00262472 0.01671888 0.00159587 0.00682522 0.00323300 0.00124237
176.5  0.98294263 0.15327913 -0.00007313 -0.00590419 0.01524677 0.01615221 0.00517796 -0.00461612 -0.00324239 0.01032757
177.0  0.59710012 0.08411271 0.00416555 -0.02436134 0.01377786 0.00845841 0.00167891 -0.01536539 0.00809289 0.01598568
177.5  -0.32025733 -0.03721757 -0.00470801 0.02639063 -0.00237853 -0.00282075 -0.00910221 -0.01724773 -0.00336252 0.02353684
178.0  -0.94712574 -0.14933635 0.00062110 0.00936773 -0.01624597 -0.01124613 -0.01715016 -0.00889502 0.00047050 0.02743746
178.5  -0.74849496 -0.19061039 0.00415246 -0.03265420 -0.00934129 -0.01339714 -0.01401730 0.00339913 -0.00115163 0.02679714
179.0  0.09593804 -0.12966089 -0.00486594 0.00832041 0.00960794 -0.00869123 -0.00099973 0.01077487 -0.00686207 0.02318036
179.5  0.85695867 0.01100710 0.00152557 0.02546970 0.01731829 -0.00108105 0.01293791 0.01366298 0.00569342 0.01828298
180.0  0.86415682 0.15687995 0.00614870 -0.02653044 0.00149099 0.00392118 0.02041886 0.00916454 -0.00253671 0.01208253
180.5  0.09530447 0.21958568 -0.00862573 -0.00659976 -0.01507555 0.00399065 0.01993979 0.00291234 0.00296651 0.00591737
181.0  -0.76349341 0.15550090 0.00296199 0.03385630 -0.01057642 0.00156227 0.00995260 -0.00451032 0.00265059 -0.00214105
181.5  -0.92041093 0.00050078 0.00498314 -0.01326729 0.00386573 0.00636387 -0.00319765 -0.01325925 -0.00631192 -0.01074802
182.0  -0.22532436 -0.15122320 -0.00865327 -0.02440452 0.01581831 0.01216886 -0.00663367 -0.02215276 0.00419793 -0.01734902
182.5  0.67902366 -0.21198033 0.00416477 0.02788684 0.00757770 0.01115750 -0.00783771 -0.02168959 -0.00639365 -0.02166214
183.0  0.95744151 -0.15522004 0.00329909 0.00442502 -0.01206368 0.00588972 -0.00804627 -0.01077673 -0.00027199 -0.02300433
183.5  0.34726933 -0.02132273 -0.00816686 -0.03104205 -0.01553374 -0.00306540 0.00955118 -0.00115875 0.00456820 -0.02030606
184.0  -0.59516517 0.11507961 0.00845281 0.01624797 0.00112891 -0.01310406 -0.00325165 0.01465598 -0.00349638 -0.01428834
184.5  -0.97480803 0.18503253 -0.00060382 0.01923750 0.01537437 -0.01560205 -0.00060902 0.01927680 0.00429877 -0.00695866
185.0  -0.39687374 0.15429591 -0.00695728 -0.02902243 0.01113574 -0.00691789 0.00581163 0.01896744 -0.00720778 0.00305238
185.5  0.58646770 0.03914254 0.00892902 0.00400569 -0.00442510 0.00514143 -0.00830510 0.01074750 0.00329265 0.01222367
186.0  0.97309712 -0.09824724 -0.00238530 0.02649819 -0.01480115 0.01355707 0.00726061 -0.00194167 0.00016477 0.01881857
186.5  0.35593734 -0.17864444 -0.00662368 -0.02631147 -0.00747284 0.01314768 -0.00357370 -0.01527548 0.00098190 0.02203683
187.0  -0.62476349 -0.15243243 0.00923037 -0.00796238 0.00780121 0.00340199 -0.00146659 -0.02405170 0.00442183 0.02297643
187.5  -0.96766142 -0.03538808 -0.00325261 0.02517466 0.02423318 -0.00823576 0.00816263 -0.02285248 -0.00827790 0.02208519
188.0  -0.35001141 0.09998846 -0.00548559 -0.01044573 0.01022958 -0.01345999 -0.00952179 -0.01310936 0.00584686 0.01842529
188.5  0.60092354 0.17369850 0.00836792 -0.01757036 0.01818718 -0.00896250 0.00639321 0.00344047 -0.00628101 0.01209832
189.0  0.97899307 0.14776789 -0.00511442 0.02238995 -0.02303243 0.00296807 -0.00184022 0.01639986 0.00378849 0.00141349
189.5  0.45072443 0.04706902 -0.00326318 0.00065330 -0.00288477 0.01440345 -0.00667479 0.02096767 0.00426092 -0.00853148
190.0  -0.48617953 -0.06584467 0.00881100 -0.02069599 0.02379324 0.01452114 0.01008898 0.01715173 -0.00608369 -0.01469198
190.5  -0.98538223 -0.13324946 -0.00690617 0.01446238 -0.01461184 0.00396814 -0.00821511 0.00719151 0.00772232 -0.01907867
191.0  -0.61003369 -0.13309883 -0.00088225 0.00983040 -0.01337142 -0.01042535 0.00202437 -0.00387543 -0.00844430 -0.01650554
191.5  0.29740837 -0.08128712 0.00784836 -0.02173564 0.02411301 -0.01895051 0.00960620 -0.01350414 0.00332636 -0.01478377
192.0  0.94509375 -0.00864135 -0.00821889 0.00211357 -0.00307228 -0.01268365 -0.01434803 -0.01706149 0.00056513 -0.01123734
192.5  0.79405589 0.06034608 0.00189190 0.02020251 -0.02191387 0.00036358 0.00601290 -0.01334157 -0.00493457 -0.00665716
193.0  -0.01061839 0.10990563 0.00589199 -0.01425321 0.01558678 0.01440833 0.00459327 -0.00610623 0.00880016 -0.00198285
193.5  -0.80332157 0.12634295 -0.00922972 -0.01301833 0.01189277 0.02057739 -0.01088276 0.00508655 -0.00798229 0.00297795
194.0  -0.94153263 0.09584102 0.00452929 0.02337357 -0.02200949 0.00986040 0.01348212 0.01254725 0.00436844 0.00642313
194.5  -0.30045778 0.01547492 0.00365694 0.00216253 0.00333637 -0.00384181 -0.00007044 0.01451823 -0.00025100 0.01152406
195.0  0.60301038 -0.08866492 -0.00904018 -0.02241642 0.01941102 -0.01678511 -0.00643597 0.01112221 -0.00452835 0.01212514
195.5  0.98313281 -0.15908343 0.00635776 0.01548316 -0.01624847 -0.02136837 0.00753409 0.00151138 0.00903631 0.01232131
196.0  0.46535469 -0.13844789 0.00264189 0.01038361 -0.00564222 -0.01407045 -0.01302872 -0.00484696 -0.00855999 0.01090122
196.5  -0.49742684 -0.02304347 -0.00893585 -0.02955345 0.01550886 -0.00137439 0.00412822 -0.01494762 0.00535184 0.01008241
197.0  -0.98297961 0.11643371 0.00622486 0.01242283 -0.00882194 0.01113045 0.00418189 -0.01492637 -0.00447817 0.00870821
197.5  -0.49905484 0.18002111 0.00332017 0.02057332 -0.00619877 -0.01935371 -0.00250918 -0.00844941 -0.00332496 0.00885621
198.0  0.48480305 0.11776769 -0.00893499 -0.02848894 0.01665885 0.01989522 0.00747626 -0.00202405 0.00391351 0.00926061
198.5  0.98240452 -0.02730816 0.00471642 0.00551359 -0.00866011 -0.00786827 -0.00754681 0.00577710 -0.00513275 0.00616309
199.0  0.48590214 -0.15260799 0.00691596 0.02135563 -0.00987283 -0.01080849 0.00005613 0.01163640 0.00618626 0.00308347
199.5  -0.50766204 -0.17324848 -0.01121862 -0.02200137 0.02420344 0.02129543 0.00863968 0.01259488 -0.00576475 0.00151541
200.0  -0.98143246 -0.07719591 0.00246980 -0.00159839 -0.00706776 -0.01692222 -0.01626579 0.00929869 0.00747967 0.00210960
200.5  -0.43646388 0.07277321 0.00889796 -0.00323360 -0.02604749 0.00643694 0.01295065 0.00513580 -0.00433161 0.00301387
201.0  0.56591074 0.17934297 -0.01026669 0.00557462 0.02914330 0.01062327 -0.00009633 -0.00182658 0.00176444 0.00081180
201.5  0.97225812 0.17121367 0.00059460 -0.00064702 -0.00173933 -0.01808873 -0.01486424 -0.00791969 0.00213251 -0.00324219
202.0  0.36172888 0.04644672 0.01007008 -0.00593358 -0.02752550 0.00784427 0.02184384 -0.01113807 -0.00933623 -0.00722365
202.5  -0.61392384 -0.12104743 -0.00986253 0.00844310 0.02688834 0.00390534 -0.01464716 -0.01207784 0.00962752 -0.00881244
203.0  -0.96124830 -0.22385229 -0.00094111 0.00037290 0.00396894 -0.01247422 -0.00156594 -0.00809465 -0.00957987 -0.00995409
203.5  -0.36892453 -0.19160358 0.01049072 -0.00872453 -0.03057660 0.00950867 0.01726159 -0.00489147 0.00858985 -0.01089602
204.0  0.56335210 -0.03684683 -0.01015650 0.00335553 0.02086771 0.00465559 -0.02015553 0.00024686 -0.00311248 -0.00949760
204.5  0.96403563 0.15124072 0.00000237 0.00396326 0.01509148 -0.01300914 0.00915293 0.00828032 -0.00356209 -0.00673758
205.0  0.47602035 0.25949861 0.00985188 -0.00551506 -0.03277960 0.00890797 0.00785678 0.01223624 0.00653404 -0.00237354
205.5  -0.45145182 0.21742089 -0.01044582 -0.00010651 0.00831096 0.00391263 -0.02038756 0.01487310 -0.00824844 0.00089109
206.0  -0.95972113 0.04425097 0.00143323 0.00279765 0.02641637 -0.01335238 0.01851757 0.01033236 0.00959159 0.00319435
206.5  -0.56218362 -0.15636864 0.00959929 0.00026673 -0.02760281 0.01204374 -0.00451970 -0.00009802 -0.00649062 0.00425885
207.0  0.37320164 -0.26190941 -0.01069580 -0.00217789 -0.00316450 -0.00116970 -0.01113142 -0.00961646 0.00430668 0.00545972
207.5  0.95312812 -0.21131666 0.00192511 0.00184817 0.03032369 -0.01320097 0.01862229 -0.01195054 -0.00486753 0.00662164
208.0  0.62442307 -0.04247517 0.00880460 0.00162327 -0.02174300 0.01944303 -0.01552542 -0.01201084 0.00108180 0.00694586
208.5  -0.29493019 0.14236502 -0.01114636 -0.00265404 -0.01602755 -0.00804874 0.00235226 -0.00617786 0.00237463 0.00963760
209.0  -0.93696379 0.24313735 0.00308478 0.00187627 0.03385566 -0.00953271 0.01013311 -0.00002314 -0.00585351 0.00891132
209.5  -0.70439056 0.21169102 0.00764298 -0.00039224 -0.00918187 0.02023609 -0.01407744 0.00300103 0.00743643 0.00668197
210.0  0.18616943 0.06832612 -0.01164137 -0.00481569 -0.02526538 -0.02114403 0.00724137 0.00877134 -0.00930141 0.00428195
210.5  0.90447004 -0.11184681 0.00435730 0.00388356 0.02896391 0.00376246 -0.00062901 0.00883805 0.00797525 0.00219864
211.0  0.76805716 -0.23323630 0.00703209 0.00357606 0.00285976 0.01788644 0.00283056 0.00765413 0.00020573 -0.00015679
211.5  -0.10455473 -0.22512997 -0.01185314 -0.02252812 -0.02384324 -0.02405627 -0.00290822 0.00605872 -0.00124554 -0.00231025
212.0  -0.87718906 -0.08600305 0.00477406 0.01695839 0.00995402 0.02217347 0.00677675 -0.00477992 0.00554764 -0.00660220
212.5  -0.80239626 0.10455514 0.00467814 0.01685194 0.00290083 -0.00463248 -0.00664667 -0.00884731 -0.01087721 -0.00987986
213.0  0.03703243 0.23334138 -0.00732458 -0.03074981 -0.00542935 -0.01686591 -0.00751534 -0.01256975 0.00604035 -0.01435292
213.5  0.83541559 0.22780909 0.00432785 0.00574183 0.00627159 0.02387518 0.01263801 -0.01018024 -0.00473313 -0.01603157
214.0  0.87045376 0.10208399 0.00318298 0.02722643 -0.00018367 -0.01744569 -0.01220946 -0.00087521 0.00266881 -0.01520940
214.5  0.14193570 -0.06355109 -0.00720167 -0.02244040 -0.00671776 -0.00263073 0.01014795 0.00844168 0.00405581 -0.00926095
215.0  -0.70435924 -0.18245258 0.00552927 -0.01207698 0.00731084 0.02001179 0.00683598 0.01338334 -0.00640238 -0.00375383
215.5  -0.96027346 -0.20730718 0.00031850 0.03101192 0.00279100 -0.01882801 -0.02028999 0.01238419 0.00785575 0.00247305
216.0  -0.41944523 -0.14370746 -0.00604889 -0.00712193 -0.01026219 0.00388580 0.01636569 0.00337287 -0.01011901 0.00945254
216.5  0.47184852 -0.03422228 0.00679780 -0.02520918 0.00085139 0.01156416 -0.00607038 -0.00645820 0.00444280 0.01610452
217.0  0.97600910 0.07298722 -0.00223401 0.01939538 0.00802798 -0.01730336 -0.01289414 -0.01168353 0.00282446 0.01883088
217.5  0.67427727 0.14384413 -0.00416261 0.01453463 -0.00285255 0.00676799 0.02420142 -0.01306073 -0.01046385 0.01914690
218.0  -0.18304071 0.16205354 0.00711662 -0.02773815 -0.00388052 0.00594142 -0.01158659 -0.00598375 0.01779045 0.01697541
218.5  -0.88950651 0.12295522 -0.00403885 0.00157774 0.00781691 -0.01261782 -0.00586391 0.00495872 -0.01375198 0.01352138
219.0  -0.86584584 0.03314558 -0.00243521 0.02684896 0.00237564 0.01077638 0.01515158 0.00865986 0.00268972 0.01008918
219.5  -0.12636606 -0.08076993 0.00678733 -0.01898227 -0.00979638 0.00230871 -0.01888264 0.01043586 0.01140660 0.00722258
220.0  0.72349589 -0.16858214 -0.00487691 -0.01620428 0.00486993 -0.00999053 0.00116757 0.00747782 -0.01876522 0.00238256
220.5  0.95496382 -0.17438926 -0.00077431 0.02976011 0.00747221 0.00709178 0.01654167 -0.00366560 0.01857669 -0.00165635
221.0  0.33022874 -0.07663668 0.00630887 -0.00470016 -0.01282118 0.00203209 -0.01614637 -0.00798034 -0.01298683 -0.00633913
221.5  -0.61369656 0.07724594 -0.00564677 -0.02348389 0.00051087 -0.01012036 0.01059430 -0.01086331 0.00334536 -0.00936230
222.0  -0.96839548 0.18611983 -0.00163346 0.02566335 0.01162647 0.00702427 0.00315113 -0.00968481 0.00455168 -0.01149618
222.5  -0.34116534 0.16600771 0.00650062 -0.00143134 -0.01138221 0.00398487 -0.02034935 -0.00378448 -0.01207837 -0.01429274
223.0  0.64768578 0.02768021 -0.00441604 -0.02752901 -0.00038202 -0.01291479 0.01924336 0.00173507 0.01548362 -0.01678362
223.5  0.95371550 -0.12600290 -0.00280583 0.02631241 0.01166535 0.01202482 -0.00676373 0.00707982 -0.01652827 -0.01710496
224.0  0.24875854 -0.18722374 0.00670409 0.00460761 -0.01042507 -0.00204704 -0.00460526 0.00938655 0.01520782 -0.01504330
224.5  -0.71498328 -0.12408351 -0.00319661 -0.02973747 -0.00191842 -0.01053138 0.01681244 0.01042236 -0.01102156 -0.01253124
225.0  -0.93477595 0.01380620 -0.00404175 0.02337755 0.01429878 0.01647120 -0.01817452 0.00862548 0.00822047 -0.01253029
225.5  -0.19805887 0.14343169 0.00714848 0.00772044 -0.01111993 -0.00802057 0.00485412 0.00686212 -0.00061759 -0.01230620
226.0  0.73788402 0.19364421 -0.00193473 -0.02807281 -0.00818398 -0.00328996 0.00578783 0.00050769 -0.00482661 -0.00934953
226.5  0.92233418 0.13037647 -0.00499254 0.01113479 0.02242140 0.01382430 -0.01038386 -0.00862646 0.00985696 -0.00473486
227.0  0.17014336 -0.02381132 0.00688584 0.01140350 0.00122421 -0.01942557 0.01172976 -0.01622756 -0.01684245 -0.00009253
227.5  -0.74773897 -0.18370544 -0.00188131 -0.00166314 -0.02910970 0.01020153 -0.00522639 -0.01874348 0.01524954 0.00327176
228.0  -0.90891640 -0.24183161 -0.00771872 -0.01153865 0.02249978 0.00610492 -0.00087688 -0.01171603 -0.01130315 0.00510206
228.5  -0.18150128 -0.14390959 0.00843959 0.00818970 0.01415453 -0.01728308 0.00240499 -0.00103811 0.00719859 0.00920313
229.0  0.70368782 0.06013336 0.00411894 0.01818771 -0.02227726 0.02003907 -0.00324104 0.01030205 0.00239217 0.01276731
229.5  0.92871216 0.24336413 -0.01291885 -0.01849729 -0.00262866 -0.01204916 0.00387120 0.01749073 -0.00932542 0.01434308
230.0  0.32712714 0.28680410 0.01029369 -0.01057679 0.01363779 -0.00659580 -0.00237084 0.01950093 0.01187833 0.01549637
230.5  -0.54980962 0.15807367 0.00243702 0.02907547 -0.00262488 0.01971806 0.00275580 0.01138195 0.00929054 0.01476775
231.0  -0.95038753 -0.06986256 -0.01307488 -0.00681157 -0.01001399 -0.02128328 -0.00185296 0.00006921 -0.00251425 0.01304343
231.5  -0.53775520 -0.26217059 0.01124321 -0.02482859 0.00696926 0.00790166 -0.00591741 -0.00555965 -0.01159752 0.01060360
232.0  0.34027486 -0.30167796 0.00041455 0.02353302 0.00251114 0.01102667 0.00344482 -0.00974546 -0.01781441 0.01071973
232.5  0.92524608 -0.16295236 -0.01151327 0.00598403 -0.01119397 -0.02062996 -0.00418432 -0.01097078 -0.01817900 0.00679932
233.0  0.69348181 0.07025046 0.01240294 -0.02942794 0.00767619 0.01798796 0.01146019 -0.00527279 -0.01118209 0.00388775
233.5  -0.15655659 0.25889954 -0.00179670 0.01523732 0.00571121 -0.00639443 0.00219086 0.00205455 -0.00205914 -0.00060920
234.0  -0.86631820 0.29836827 -0.01085839 0.02054649 -0.01034486 -0.00409553 -0.01391065 0.00935822 0.00889325 -0.00540752
234.5  -0.81219578 0.17639416 0.01231533 -0.02938219 0.00388981 0.00998511 0.01759865 0.01148149 0.01835202 -0.01074430
235.0  -0.05703902 -0.03531915 -0.00424286 -0.00094276 0.01046022 -0.00026545 -0.02161734 0.00595913 0.01851508 -0.01524414
235.5  0.74183365 -0.23044406 -0.01146603 0.02997006 -0.00970273 0.00185325 0.00241748 0.00036126 0.01357595 -0.01694514
236.0  0.90805898 -0.31794054 0.02216567 -0.01811178 -0.00372676 -0.00456584 0.01643657 -0.00680748 0.00355389 -0.01292706
236.5  0.29435204 -0.25253896 -0.01033165 -0.01797004 0.01233790 -0.00149657 -0.02035675 -0.01221774 -0.00763226 -0.00826057
237.0  -0.58125233 -0.05426713 -0.00954472 0.03082414 -0.00987645 -0.00495722 0.01636513 -0.01164210 -0.01531238 -0.00234004
237.5  -0.93430320 0.18492329 0.02217932 0.00016983 -0.01022305 0.00117284 0.00081338 -0.00987355 -0.01808067 0.00103479
238.0  -0.41353123 0.33588222 -0.01525889 -0.03101506 -0.00270078 0.01270152 -0.01507017 -0.00850064 -0.01574369 -0.00058052
238.5  0.50748893 0.30363814 -0.00486283 0.01154066 0.01971707 -0.01024379 0.01871534 -0.00687233 -0.01000417 0.00081433
239.0  0.93505370 0.09902269 0.02026658 0.01960471 -0.00033622 0.00486392 -0.01414885 0.00313705 -0.01083361 0.00484829
239.5  0.44142375 -0.15765002 -0.01865250 -0.02289982 -0.02101972 0.00433655 -0.00016273 0.01365299 -0.01074764 0.00935888
240.0  -0.49062688 -0.31760354 -0.00011087 -0.00394397 0.01322299 -0.01677268 0.01287408 0.01872579 -0.00746759 0.01140770
240.5  -0.94391746 -0.29791515 0.01855148 0.02589907 0.00981314 0.01240027 -0.01765481 0.01757908 -0.00100959 0.01002692
241.0  -0.46627798 -0.12355383 -0.02026243 -0.01352760 -0.01780525 0.00223343 0.01549019 0.00851111 0.00632208 0.00861262
241.5  0.48246285 0.09948703 0.00420978 -0.01774493 0.00419373 -0.01253347 -0.00330270 -0.00317902 0.01366059 0.00514632
242.0  0.95694160 0.25222106 0.01592520 0.02684427 0.01523001 0.01453202 -0.01015829 -0.01329659 0.01415146 0.00201544
242.5  0.45705213 0.26355920 -0.02120053 -0.00178807 -0.01773473 -0.00935036 0.01674673 -0.01820146 0.01080594 -0.00095882
243.0  -0.52265006 0.13671112 0.00677127 -0.02697207 -0.00060748 -0.00288277 -0.01871905 -0.01430702 0.00414240 -0.00491728
243.5  -0.96111276 -0.05824683 0.01483416 0.02084907 0.01934237 0.01373235 0.01033798 -0.00834326 -0.00360353 -0.00826293
244.0  -0.39583279 -0.21798422 -0.02159447 0.01146650 -0.01376773 -0.01485783 -0.00021597 0.00396597 -0.00845636 -0.01015086
244.5  0.57369682 -0.25472909 0.00653903 -0.02734857 -0.01199813 0.01018814 -0.01077406 0.01442431 -0.01061713 -0.00976878
245.0  0.95735192 -0.14450380 0.01416552 0.00558658 0.02431096 -0.00014703 0.01413599 0.02023411 -0.01018044 -0.00945631
245.5  0.40641007 0.05249152 -0.02180404 0.02135059 0.00101254 -0.00965357 -0.02008315 0.00889057 -0.00725869 -0.00693912
246.0  -0.51974810 0.22346078 0.00824685 -0.00772691 -0.02937703 0.01414776 0.00927358 0.00211940 -0.00091462 -0.00279034
246.5  -0.96073675 0.26758418 0.01263362 -0.01580618 0.01564525 -0.01135970 0.00418183 -0.01156874 0.00525164 0.00104395
247.0  -0.52784753 0.15573243 -0.02200677 0.01220563 0.01834801 0.00458034 -0.01853956 -0.02207626 0.00794416 0.00470283
247.5  0.38559638 -0.04803375 0.01050697 0.00917247 -0.02833938 0.00409420 0.02161438 -0.02136716 0.00778905 0.00865565
248.0  0.94997324 -0.22058495 0.01186774 -0.01765924 0.00325140 -0.01021011 -0.01780847 -0.01108797 0.00525613 0.01041707
248.5  0.64018919 -0.25741815 -0.02118342 0.00169611 0.02507465 0.01274406 0.00773868 0.00748432 0.00331263 0.01410996
249.0  -0.26250936 -0.14398455 0.01088011 0.01765987 -0.02221326 -0.01303204 0.00838474 0.02172902 0.00388850 -0.01772086
249.5  -0.92392693 0.04226727 0.00960612 -0.01397613 -0.00862212 0.00187411 -0.02224128 0.02555527 0.00411018 0.01943555
250.0  -0.74426278 0.19480057 -0.02097330 -0.01100103 0.02584878 0.00495654 0.02140345 0.01914480 0.00391781 -0.01395220
250.5  0.10317176 0.24271211 0.01130103 0.02292142 -0.01156986 -0.01516564 -0.01344586 0.00003737 -0.00264397 0.01293668
251.0  0.85726984 0.17238065 0.00928945 -0.00120876 -0.01524394 0.01496286 -0.00638340 -0.01003869 -0.01084476 -0.00965626
251.5  0.84789724 0.01728676 -0.02042971 -0.02352551 0.02127561 0.00196008 0.02044611 -0.01736410 -0.01713576 0.00357173
252.0  0.07322474 -0.15762273 0.01183096 0.01484837 -0.00093923 -0.01186381 -0.02169782 -0.01212286 -0.01845607 -0.00250328
252.5  -0.77188724 -0.26646987 0.00779187 0.01404911 -0.01764427 0.01754475 0.01409438 -0.00803885 -0.01192152 -0.00242504
253.0  -0.88604761 -0.23180889 -0.02254747 -0.02707994 0.01298989 -0.01305934 -0.00014984 0.00123911 -0.00425959 0.00930059
253.5  -0.13366577 -0.04214325 0.01046218 0.00785588 0.00472525 -0.00355834 -0.01242272 0.00865910 0.00591481 -0.01262579
254.0  0.75013667 0.20204886 0.01754260 0.02318386 -0.01450174 0.00991224 0.02115675 0.00928103 0.01656147 0.01491003
254.5  0.86645848 0.33012210 -0.02611470 -0.02791007 0.00819347 -0.01127913 -0.02280604 0.00424464 0.02146569 -0.01522457
255.0  0.10364120 0.23175391 0.00807508 0.00058264 0.00907782 0.01425894 0.01045210 -0.00349378 0.02377202 0.01722800
255.5  -0.75101499 -0.03845877 0.01870112 0.02667878 -0.01623884 -0.00180834 -0.00151610 -0.00936226 0.01482296 -0.01492699
256.0  -0.85884004 -0.29386932 -0.02656251 -0.02233430 0.00753657 -0.00820094 -0.01297296 -0.00636524 -0.00049369 0.01126118
256.5  -0.14576909 -0.35882101 0.00752375 -0.00933862 0.01004967 0.00697838 0.02508447 0.00181417 -0.00904123 -0.01168041
257.0  0.69775090 -0.19112007 0.01849667 0.02416436 -0.02551243 -0.01131402 -0.02014910 0.01440109 -0.01388803 0.00571664
257.5  0.88828577 0.10014813 -0.02628548 -0.00642312 0.00865532 0.00853652 0.01210854 0.01766487 -0.01107674 -0.00093667
258.0  0.24852502 0.32850984 0.00757232 0.00599557 0.02838851 0.00594339 0.00809651 0.01506735 -0.00715397 -0.00461524
258.5  -0.62735796 0.35030723 0.01826369 -0.00049711 -0.03046396 -0.00201360 -0.02314446 0.00758292 -0.00387389 0.01177737
259.0  -0.91047135 0.15537714 -0.02587398 -0.00646644 -0.00419179 -0.00537187 0.02487286 -0.00338126 0.00052154 -0.01579275
259.5  -0.33405605 -0.13125173 0.00907196 0.00725926 0.03322356 0.00237228 -0.01610615 -0.01040082 0.00375985 0.01879557
260.0  0.54898451 -0.33878610 0.01643768 -0.00169724 -0.02005529 0.00085417 -0.00669818 -0.01674513 0.00595695 -0.01993542
260.5  0.92291530 -0.35761173 -0.02619252 -0.01072315 -0.01758632 -0.01102287 0.02113141 -0.01940754 0.00827954 0.01741913
261.0  0.47354468 -0.18807013 0.01294612 0.01032617 0.03153444 0.01933412 -0.01401361 -0.01337445 0.00704925 -0.01436607
261.5  -0.38043290 0.07982011 0.01090456 0.00507471 -0.00360312 -0.00560477 0.00597214 -0.00403575 0.00352233 0.00702860
262.0  -0.89906048 0.31794014 -0.02657759 -0.01757923 -0.02576424 -0.01073322 0.00738215 0.00849518 0.00024866 -0.00024142
262.5  -0.64507833 0.41075383 0.02376774 0.00540558 0.01844626 0.01892892 -0.01862309 0.01848674 -0.00271054 -0.00807993
263.0  0.16526240 0.30438897 -0.00083152 0.01516769 0.01395049 -0.01851313 0.00925188 0.02157683 -0.00449333 0.01360231
263.5  0.82930521 0.03923002 -0.02655268 -0.01425951 -0.02984931 -0.00315748 0.00005598 0.01620977 -0.00527674 -0.01613001
264.0  0.74630218 -0.25665561 0.03276521 -0.00601179 0.00205252 0.02010374 -0.00675048 0.00492881 -0.00602564 0.01868523
264.5  -0.02355618 -0.42442769 -0.01086289 0.01576839 0.02833102 -0.02151545 0.01260804 -0.00853195 -0.00488157 -0.01588552
265.0  -0.77418645 -0.37043042 -0.02009256 -0.00348106 -0.02049906 0.01208727 -0.00575776 -0.01893803 -0.00398844 0.01120417
265.5  -0.80701657 -0.12882181 0.03362225 -0.01168204 -0.01504913 0.00966448 0.00083467 -0.02492964 -0.00258258 -0.00778400
266.0  -0.09759120 0.16296969 -0.01960385 0.00946104 0.03344878 -0.02126512 -0.00680629 -0.02008289 -0.00119817 -0.00298539
266.5  0.70358165 0.35645790 -0.01107877 0.00732114 -0.00659058 0.01926734 0.00723486 -0.00542490 0.00168358 0.01016626
267.0  0.88543586 0.37103996 0.03288645 -0.00873513 -0.03087951 -0.00568601 -0.00142931 0.00689354 0.00594577 -0.01722315
267.5  0.28695853 0.21760401 -0.02726900 -0.00972189 0.02629507 -0.01202430 -0.00662005 0.01985086 0.01085494 0.02432587
268.0  -0.57681389 -0.02540304 -0.00099381 0.00070226 0.01638940 0.01592278 0.01452021 0.02074540 0.01496307 -0.02333480
268.5  -0.93260950 -0.24622263 0.02899682 0.03024653 -0.01909703 -0.01148097 -0.01656771 0.01058869 0.01333238 0.02061655
269.0  -0.42439884 -0.33733744 -0.03065890 -0.01766411 -0.00547638 0.00049667 0.00409264 0.00091982 0.00878353 -0.01309953
269.5  0.49717194 -0.24307855 0.00186083 -0.02002059 0.01958677 0.01352795 0.00759412 -0.00978676 -0.00038532 0.00744863
270.0  0.94054818 -0.00444586 0.02564109 0.03533297 -0.00788138 -0.01303784 -0.01488572 -0.01453626 -0.01199154 0.00006306
270.5  0.45915704 0.24045438 -0.02676637 -0.00878920 -0.01158911 0.00662335 0.01782708 -0.00836087 -0.01834020 -0.00768014
271.0  -0.47223491 0.33287968 0.00265531 -0.02984783 0.01790426 0.00027072 -0.00710374 -0.00161808 -0.02230936 0.01335592
271.5  -0.94010369 0.20649561 0.02628213 0.03406851 -0.00198350 -0.00960592 -0.00136109 0.00492578 -0.01842763 -0.01971656
272.0  -0.50108868 -0.05723190 -0.02831911 0.00197316 -0.01224642 0.01186546 0.01460016 0.00883314 -0.01086574 0.02409658
272.5  0.41604297 -0.28091462 0.00196814 -0.03327176 0.01614326 -0.00580777 -0.01946132 0.00499097 -0.00005158 -0.02822327
273.0  0.93856373 -0.31399790 0.02590842 0.02621715 -0.00040894 -0.00028809 0.01169355 -0.00209887 0.01180986 0.02830407
273.5  0.56548493 -0.13945725 -0.02829023 0.01261250 -0.01775273 0.00670010 0.00057642 -0.00897405 0.01814118 -0.02060511
274.0  -0.35698569 0.11673961 0.00168613 -0.03644293 0.01138676 -0.01343039 -0.01783223 -0.00878399 0.02051863 0.01827303
274.5  -0.94017373 0.28150072 0.02619179 0.01774238 0.00610184 0.00915735 0.02134838 -0.00741424 0.01900468 -0.01307978
275.0  -0.61192327 0.25867484 -0.02805380 0.02032084 -0.01559764 0.00524427 -0.01114364 -0.00182174 0.01181299 0.00081301
275.5  0.30818685 0.08847960 0.00093396 -0.03581230 0.00590875 -0.01041730 -0.00653404 0.00300229 0.00479706 0.00368651
276.0  0.93578379 -0.10853794 0.02654203 0.00401773 0.01087944 0.01252100 0.02110322 0.00887919 -0.00409206 -0.00988965
276.5  0.70417958 -0.23003978 -0.02777984 0.03518264 -0.01045493 -0.01470797 -0.01712449 0.01333978 -0.01057167 0.01929568
277.0  -0.14531034 -0.23968545 0.00257030 -0.02520143 -0.00041185 -0.00424060 0.00545845 0.01387547 -0.01297122 -0.01936750
277.5  -0.86390272 -0.15305575 0.02471946 -0.01877583 0.00978393 0.01740906 -0.01100629 0.01026249 -0.01255575 0.02241233
278.0  -0.85685212 -0.00578273 -0.02752144 0.03642035 -0.00089384 -0.01653978 -0.02082121 0.00617399 -0.01457040 -0.02238299
278.5  -0.13602085 0.15481609 0.00610388 -0.00570211 -0.01259488 0.00702715 -0.01903825 -0.00367528 -0.01061357 0.01423311
279.0  0.70085664 0.26467795 0.02022556 -0.03503092 -0.00279645 0.00979449 -0.00750885 -0.01301501 -0.00817818 -0.00642125
279.5  0.93192832 0.25292090 -0.02940627 0.02791467 0.01747723 -0.02073085 0.00757542 -0.01969834 -0.00535098 0.00069275
280.0  0.33288345 0.09287705 0.01022520 0.01507937 -0.00013315 0.01365659 0.02034393 -0.02427153 -0.00269017 0.00801271
280.5  -0.56779592 -0.14736745 0.01823345 -0.03226277 -0.01768933 -0.00824834 0.02196695 -0.01849879 -0.00006296 -0.01503867
281.0  -0.93887758 -0.31752051 -0.02818880 0.00642128 0.01770565 -0.00596985 0.01270550 -0.00692284 0.00383536 0.01892976
281.5  -0.43843639 -0.28922347 0.01245160 0.02780090 0.00570411 0.01876708 -0.00258085 0.00899037 0.00891876 -0.01998382
282.0  0.46172952 -0.06567311 0.01586494 -0.02188729 -0.02858184 -0.01427397 -0.01603360 0.01964654 0.01315177 0.02128195
282.5  0.93181270 0.21020105 -0.02863589 -0.01034379 0.01053706 0.00599880 -0.01871297 0.02536563 0.01450379 -0.01993129
283.0  0.54425885 0.35424322 0.01459581 0.03076087 0.02200482 0.00334029 -0.01075885 0.02021630 0.01162879 0.01677504
283.5  -0.34862208 0.26894948 0.01336956 -0.01586138 -0.02159169 -0.01677854 0.00116640 0.00747821 0.00524031 -0.00850212
284.0  -0.91812191 0.00925360 -0.02864753 -0.02008057 -0.00060992 0.01662570 0.01097859 -0.00839027 -0.00342604 0.00209757
284.5  -0.60836269 -0.25607701 0.01507083 0.03129531 0.02041434 -0.00755047 0.01272669 -0.01950668 -0.01244814 0.00560315
285.0  0.30060852 -0.35726187 0.01169773 -0.00463082 -0.01830758 -0.00038073 0.00569119 -0.02243245 -0.02006940 -0.01189124
285.5  0.91299289 -0.23493618 -0.02772798 -0.02886052 -0.00531212 0.01067361 -0.00076278 -0.01638413 -0.02152670 0.01567916
286.0  0.61463164 0.02908493 0.01660454 0.02751486 0.02575679 -0.02142207 -0.00753404 -0.00141944 -0.01667015 -0.01758213
286.5  -0.28556635 0.27833606 0.01116974 0.00898533 -0.01110269 0.00983140 0.01048837 0.00347447 0.00052254 0.01758767
287.0  -0.89762863 0.37935658 -0.02744098 -0.03405975 -0.01605833 0.00223580 -0.00841253 0.01134329 0.01804799 -0.01505449
287.5  -0.65566167 0.28434718 0.01838009 0.01896932 0.01847449 -0.01124008 0.01226222 0.00416686 0.03222685 0.01212391
288.0  0.18671236 0.04040729 0.00640499 0.02450643 0.00129203 0.01883615 -0.00364672 -0.00745564 0.03426882 -0.00632462
288.5  0.84717296 -0.24080814 -0.02553346 -0.03593231 0.01701647 -0.01568237 -0.00866841 -0.01001089 0.02292945 -0.00125693
289.0  0.71583073 -0.41846297 0.02338980 -0.00386288 0.00596466 -0.00017930 0.01751725 -0.00440105 0.00543232 0.00367483
289.5  -0.09972784 0.38490352 0.00221576 0.03884682 -0.01326398 0.01278981 -0.01534041 0.00580907 -0.01060808 -0.01043653
290.0  -0.81871806 -0.15638683 -0.02372286 -0.02144403 -0.02107754 -0.01790791 0.00202367 0.01073293 -0.01973561 0.01336875
290.5  -0.71810128 -0.17442162 0.02285536 -0.02197499 0.00065557 0.01134674 0.01091049 0.01569669 -0.02573046 -0.01485552
291.0  0.11867897 0.39799325 0.00056761 0.03980856 0.02061138 0.00664937 -0.01387007 0.01559812 -0.02541601 0.01712657
291.5  0.84109378 -0.40510846 -0.02355301 -0.00419700 0.01507591 -0.01686564 0.00395918 0.00885962 -0.01892721 -0.01740942
292.0  0.68650826 0.20220787 0.02348000 -0.03798085 -0.00576781 0.01410367 0.00536500 0.00157422 -0.01229115 0.01533915
292.5  -0.16081475 0.12553417 -0.00048409 0.03288808 -0.02042934 -0.00189208 -0.00687160 -0.00793871 0.00081571 -0.01004172
293.0  -0.84002116 -0.38371426 -0.02281298 0.01426779 -0.00846240 -0.01252524 0.00114740 -0.01602563 0.01288416 0.00341282
293.5  -0.69820548 0.41953552 0.02496013 -0.04322212 0.01247538 0.01420173 0.00641285 -0.01786595 0.02120637 0.00194102
294.0  0.12975246 -0.23080581 -0.00370382 0.01710267 0.02000954 -0.00479068 -0.00665679 -0.01519977 0.02870214 -0.01217532
294.5  0.83015350 -0.09519429 -0.02195400 0.02640728 0.00469046 -0.00708193 0.00465623 -0.00617804 0.02574578 0.01419384
295.0  0.71145569 0.37615035 0.02551610 -0.03732962 -0.02220199 0.01258145 0.00134371 0.00284308 0.01610352 -0.01417400
295.5  -0.11840508 -0.42015854 -0.00380332 0.00728691 -0.01796036 -0.00936431 -0.00840134 0.01142305 0.00623744 0.01553362
296.0  -0.83177414 0.19598947 -0.02279970 0.03651715 0.00356311 -0.00002219 0.00951760 0.02213457 -0.00569416 -0.01359020
296.5  -0.70628324 0.15308887 0.02706443 -0.03774753 0.02046392 0.00855509 -0.00553854 0.02640682 -0.00961797 0.00580595
297.0  0.11317779 -0.40284570 -0.00370471 -0.00927155 0.01607389 -0.01284747 -0.00133002 0.02423494 -0.00976496 -0.00604533
297.5  0.81532416 0.40017541 -0.02185331 0.04382171 -0.00805277 0.00692281 0.00577682 0.01720231 -0.00960595 0.00264975
298.0  0.76242938 -0.17216371 0.02560928 -0.02332517 -0.02317531 0.00246516 -0.01538442 0.00172242 -0.01590494 0.00480360
298.5  0.04709535 -0.14990275 -0.00518538 -0.02694594 -0.00909774 -0.00887248 0.01333114 -0.00764082 -0.02327162 -0.00649409
299.0  -0.69715782 0.38784784 -0.02158894 0.04185577 0.01621621 0.01366452 -0.00316754 -0.01596384 -0.02691180 0.01019387
299.5  -0.86855500 -0.41927526 0.03096027 -0.00118134 0.02045729 -0.00621997 -0.01099550 -0.02004306 -0.01949166 -0.01300139
300.0  -0.32037253 0.25751830 -0.01282210 -0.04199131 -0.00232099 -0.00426789 0.01382882 -0.01703304 -0.00077423 0.00821019
300.5  0.49146392 0.03950906 -0.01612778 0.03146147 -0.01754758 0.01384928 -0.01473653 -0.00303687 0.01593968 -0.00907290
301.0  0.89330037 -0.32685528 0.03108644 0.02337928 -0.01399793 -0.01328593 0.00479977 0.00952674 0.02668436 0.00771589
301.5  0.55058363 0.43056482 -0.01998269 -0.04801560 0.00537141 0.00098731 0.00819475 0.01843844 0.02858926 -0.00452073
302.0  -0.26683127 -0.32925164 -0.00993592 0.01093523 0.02218110 0.01092175 -0.01104856 0.01942875 0.01986315 0.00014471
302.5  -0.85146901 0.06458258 0.03060848 0.03653091 0.01160671 -0.01649411 0.01104384 0.00912667 0.00576476 0.00357043
303.0  -0.72246748 0.25222165 -0.02134378 -0.03888440 -0.01511137 0.01234997 -0.00627209 -0.00227864 -0.01240761 -0.01024460
303.5  0.00467789 -0.42326587 -0.00816305 -0.00622579 -0.01908941 0.00185391 -0.00672168 -0.01131149 -0.02760777 0.01352756
304.0  0.74118160 0.37492003 0.03023657 0.04337713 -0.00031380 -0.01552428 0.00823218 -0.01508990 -0.03214988 -0.01392271
304.5  0.83599268 -0.12996255 -0.02281471 -0.02541382 0.01498499 -0.01670959 0.00919465 -0.00702036 -0.02396175 0.01403087
305.0  0.18328484 -0.21486834 -0.00861738 -0.02515763 0.01374233 -0.00544786 -0.00515215 -0.00049608 -0.00602864 -0.01270374
305.5  -0.64804609 0.42814770 0.02865974 0.04600429 -0.00296490 0.00928065 0.00544342 0.00369603 0.01632322 0.01125607
306.0  -0.86273431 -0.34815543 -0.01846201 -0.01556413 -0.02006737 0.01318305 -0.00681193 -0.00214410 0.03305320 -0.00897892
306.5  -0.20174534 0.02714077 -0.01248506 -0.02999882 -0.01273854 0.00983106 0.00553622 -0.01595739 0.03515401 0.00519155
307.0  0.66976507 0.32101970 0.02966977 0.04860075 0.01053535 0.00175278 0.00270079 -0.02127722 0.02361611 -0.00288897
307.5  0.84554306 -0.43283386 -0.01179399 -0.01796977 0.01723445 -0.00413079 -0.00708643 -0.01041760 0.00954776 0.00084071
308.0  0.16092737 0.22164603 -0.01829789 -0.03562512 0.01089552 -0.00567976 0.00659873 0.00540240 -0.00580059 0.00136564
308.5  -0.67910513 0.14189801 0.02744742 0.04870079 -0.00343792 -0.00585652 -0.00905444 0.02345507 -0.01484757 -0.00470026
309.0  -0.85255368 -0.40364361 -0.01068675 -0.00880912 -0.01924237 -0.00021622 0.00412169 0.03482500 -0.01953077 0.00925983
309.5  -0.21287091 0.39417763 -0.01743908 -0.03941497 -0.01373256 0.00663485 0.00228384 0.03226716 -0.01864176 -0.01043838
310.0  0.62923106 -0.13075033 0.02876652 0.04401861 0.01244209 0.00593344 -0.00638638 0.01627308 -0.00934175 0.01180090
310.5  0.87482479 -0.20954585 -0.01219840 0.00345755 0.01894128 0.00464213 0.00643857 -0.00919870 0.00114605 -0.01301265
311.0  0.28126443 0.42424039 -0.01561731 -0.04719815 0.00506088 -0.00169634 -0.01251843 -0.02808368 0.01167998 0.00850300
311.5  -0.57728465 -0.37418266 0.02802436 0.03395767 -0.01196467 -0.00933347 -0.01130909 -0.03892023 0.01777984 -0.00647976
312.0  -0.88707411 0.09727760 -0.01312562 0.02058222 -0.01839740 -0.00930503 0.00490130 -0.03443117 0.01380179 0.00739449
312.5  -0.36705315 0.21332090 -0.01452973 -0.05112567 -0.00317406 -0.00429667 -0.00290293 -0.01465593 0.00890096 0.00147895
313.0  0.48330983 -0.41066915 0.02982725 0.01624935 0.01833271 0.00463515 0.00117253 0.01212345 0.00405145 -0.00390461
313.5  0.89289376 0.41162064 -0.02435342 0.03942710 0.01916819 0.01237563 0.00069325 0.03520982 0.00382290 0.00553886
314.0  0.55040209 -0.20967060 -0.00892114 -0.04059977 -0.01610770 0.00997648 -0.00507240 0.04227695 0.00755404 -0.01077807
314.5  -0.25198579 -0.06612123 0.02977377 -0.01260832 -0.02017743 0.00209406 0.00163608 0.03138232 0.00596291 0.00562904
315.0  -0.84975633 0.31052167 -0.02746393 0.05098382 -0.00232400 -0.00839656 0.00157523 0.00743812 -0.00109290 -0.00352303
315.5  -0.72135605 -0.44072472 0.00324186 -0.01427806 0.01446854 -0.01265613 -0.00153237 -0.01855831 -0.01221480 0.00423612
316.0  0.03691681 0.35468391 0.02442138 -0.04178094 0.01900813 -0.00772032 0.00465585 -0.03410919 -0.02266667 -0.00009418
316.5  0.77909684 -0.09561594 -0.03084739 0.04255199 -0.00460549 0.00595374 -0.00523740 -0.03430452 -0.02661783 -0.00081968
317.0  0.78422653 -0.20666032 0.00893749 0.01491892 -0.02021873 0.01296388 0.00125338 -0.02238633 -0.02338627 -0.00135937
317.5  0.01597138 0.41655543 0.02522476 -0.05357839 -0.01048096 0.00998429 0.00269477 -0.00297364 -0.01357845 -0.00344638
318.0  -0.76293891 -0.39407865 -0.02874063 0.01905921 0.01131768 -0.00204465 -0.00363560 0.01480353 0.00215510 0.00425528
318.5  -0.79155428 0.14265258 0.01266996 0.04007496 0.02035314 -0.01527020 0.00332029 0.02294365 0.01820560 -0.00398754
319.0  -0.04667494 0.17706766 0.01867722 -0.04610876 0.00333487 -0.01962855 -0.00221931 0.01621852 0.03071024 0.00408911
319.5  0.74158421 -0.40112265 -0.03364747 -0.01066351 -0.01632495 -0.01056536 -0.00006578 0.00540459 0.03607369 -0.00388335
320.0  0.81726631 0.40714152 0.01761529 0.05230960 -0.01400238 0.00752721 0.00591824 -0.00438466 0.03100708 0.00351342
320.5  0.11125489 -0.17896587 0.01490248 -0.02369255 0.00219281 0.01956962 -0.00085064 -0.00570546 0.01703183 -0.00079129
321.0  -0.70696261 -0.15362236 -0.03332041 -0.03559632 0.01813278 0.02184573 0.00203989 -0.00024793 -0.00125690 0.00065231
321.5  -0.83303792 0.39938885 0.02028659 0.04907016 0.01253307 0.01105756 -0.00393803 0.00773769 -0.01784321 -0.00047727
322.0  -0.13438248 -0.40353816 0.01216569 -0.00206359 -0.00989126 -0.00702223 -0.00327378 0.01198471 -0.03098840 0.00118381
322.5  0.69706461 0.16376591 -0.03296593 -0.04862345 -0.01870386 -0.02103539 0.00191204 0.01274229 -0.03650752 -0.00107610
323.0  0.84384982 0.16493394 0.02164234 0.04105183 0.00000625 -0.02370979 -0.00407603 0.00335259 -0.03315706 -0.00150158
323.5  0.18799828 -0.40144044 0.01030648 0.01479278 0.01557455 -0.00804559 0.00397536 -0.00592400 -0.01938823 0.00557345
324.0  -0.62584418 0.41341750 -0.03214557 -0.05035980 0.02174942 0.01618884 0.00355726 -0.01107614 0.00159572 -0.00771886
324.5  -0.88353316 -0.20387405 0.02496906 0.02015931 0.00641073 0.02714407 -0.00666398 -0.01596796 0.01929563 0.00980868
325.0  -0.37856585 -0.08945959 0.00551034 0.03966627 -0.00784097 0.02179584 0.00034814 -0.01150153 0.03245620 -0.00708732
325.5  0.44897902 0.34544459 -0.03228154 -0.04971905 -0.00237239 -0.00515202 -0.00203741 -0.00980861 0.03366781 0.00555158
326.0  0.88950442 -0.44078763 0.03126644 -0.00524954 0.00807494 -0.02916486 0.00257605 -0.00539149 0.02027175 -0.00372170
326.5  0.57232511 0.29773043 -0.00149085 0.05388068 -0.00083004 -0.02874840 0.01224111 0.00612235 0.00400829 -0.00331367
327.0  -0.25873038 -0.00982558 -0.03057087 -0.03376328 -0.00885661 -0.01054057 -0.00562374 0.01240855 -0.01400091 0.00577454
327.5  -0.86271760 -0.28423832 0.03415458 -0.02706403 0.00502643 0.01910898 0.00100219 0.01935293 -0.02531114 -0.00799771
328.0  -0.67589771 0.43963021 -0.00554791 0.05372868 0.00652735 0.03334678 -0.00182549 0.02128090 -0.02787309 0.00851305
328.5  0.11688240 -0.33487728 -0.02863641 -0.01716187 -0.00897344 0.01871967 -0.01189976 0.01289086 -0.02657579 -0.00810574
329.0  0.80633617 0.04297548 0.03557271 -0.04147099 0.00047871 -0.00852354 0.00748240 0.00148778 -0.01609187 0.00762392
329.5  0.77692282 0.25993322 -0.00695650 0.04939096 0.00838957 -0.03009374 0.00495409 -0.01287679 -0.00714434 -0.00817314
330.0  0.05994932 -0.43104140 -0.02818865 0.00335522 -0.00586659 -0.02752348 -0.00432839 -0.02550464 0.00266947 0.00625845
330.5  -0.70543288 0.35460851 0.03658167 -0.05093680 -0.00490873 -0.00249977 0.00883616 -0.02827867 0.01724915 -0.00229418
331.0  -0.84897685 -0.06024246 -0.00822021 0.03689195 0.01140952 0.02211484 -0.00625613 -0.02210981 0.02169068 -0.00214580
331.5  -0.21417901 -0.26746430 -0.02920044 0.02376359 -0.00276688 0.03146927 -0.00612947 -0.00938296 0.02648016 0.00702643
332.0  0.63061695 0.43191506 0.03728373 -0.05315808 -0.01551654 0.01706657 0.01039025 0.00547331 0.02742128 -0.01083751
332.5  0.87038649 -0.31452321 -0.00660969 0.02067577 0.01886028 0.00768709 -0.00538711 0.01957116 0.01868681 0.01750331
333.0  0.25979482 -0.01685921 -0.03231397 0.03077534 0.00462080 -0.02422455 0.00944761 0.02533183 0.01645022 -0.01775383
333.5  -0.60613848 0.33371125 0.03773852 -0.04602276 -0.02796113 0.03011390 0.01463670 0.02868305 0.00865361 0.02306446
334.0  -0.87697025 -0.43233940 -0.00376267 0.00474229 0.01737267 -0.01706973 0.01326876 0.02628901 -0.00161993 -0.02744309
334.5  -0.30492391 0.25324202 -0.03253667 0.04090498 0.01902045 -0.01309146 0.00466981 0.01430551 -0.00905725 0.02232281
335.0  0.55722215 0.07583441 0.03806277 -0.02962217 -0.03294960 0.02980895 -0.00492098 0.00056695 -0.01874703 -0.02007132
335.5  0.89145843 -0.35096048 -0.00848676 -0.01929366 0.00570428 -0.02536496 -0.00956676 -0.01525816 -0.02571354 0.01614518
336.0  0.36671701 0.43107352 -0.02947603 0.04243559 0.02870197 0.00343569 -0.00733160 -0.02669024 -0.02801368 -0.00429266
336.5  -0.51643577 -0.25416157 0.03911850 -0.00740557 -0.02905580 0.02682278 0.00017645 -0.02683871 -0.02691282 -0.00282537
337.0  -0.89017861 -0.08091852 -0.01165868 -0.03649700 -0.00534646 -0.03493345 0.00611979 -0.01949534 -0.01801221 0.00859818
337.5  -0.34651901 0.35493377 -0.02757217 0.03175354 0.03350962 0.01846135 0.00622965 -0.00307772 -0.00671575 -0.01785591
338.0  0.57371345 -0.42292917 0.04049115 0.01294133 -0.02087373 0.00533579 -0.00047328 0.01095321 0.00571657 0.02294142
338.5  0.87574111 0.24678731 -0.01405266 -0.04159086 -0.01696112 -0.02694025 -0.00982915 0.01879305 0.01961431 -0.02779934
339.0  0.25199796 0.08630901 -0.02700297 0.01529459 0.03380827 0.03364645 -0.01823855 0.02051014 0.02886348 0.02859189
339.5  -0.62726949 -0.35905455 0.04359732 0.03080069 -0.00697856 -0.02294823 -0.01726405 0.00640915 0.03149118 -0.02770693
340.0  -0.86819282 0.42417895 -0.02225502 -0.03401836 -0.02865634 -0.00184240 -0.00664219 -0.00627742 0.02446265 0.02243147
340.5  -0.23276849 -0.28143437 -0.02153833 -0.01210558 0.02633065 0.02241166 0.00391944 -0.00743717 0.00438096 -0.01062239
341.0  0.62833647 -0.01395109 0.04398813 0.03648100 0.01923309 -0.02936687 0.02742197 -0.00989589 -0.00837723 -0.00014498
341.5  0.86645123 0.31104897 -0.02904011 -0.00102528 -0.03774501 0.02664918 0.03205785 -0.00689943 -0.01498482 0.00872733
342.0  0.24396217 -0.43263980 -0.01177973 -0.02812832 -0.02120319 -0.00108177 0.02949461 -0.00446039 -0.01584466 -0.02192166
342.5  -0.63130491 0.32152663 0.04258955 -0.02018539 0.04167093 -0.01650425 0.01819044 0.00533548 -0.01041487 0.02696506
343.0  -0.86526103 -0.03383775 -0.03301962 0.03053245 0.00614882 0.02942223 -0.00687008 0.01774296 -0.00195927 -0.02980341
343.5  -0.22920953 -0.27933280 -0.00765640 0.00992484 -0.04197178 -0.03360946 -0.02655162 0.02159232 0.00953451 0.03531606
344.0  0.62643404 0.43177396 0.04136810 -0.03399372 0.01517319 0.01240478 -0.03322359 0.01800282 0.01913411 -0.02690752
344.5  0.87422496 -0.34696289 -0.03719737 0.00845652 0.03086763 -0.02034618 -0.01630879 0.00619633 0.02280488 0.01979424
345.0  0.30721775 0.08476181 0.00017038 0.03291973 -0.02956781 -0.03169997 0.01761224 -0.00669063 0.01449653 -0.01636073
345.5  -0.52861647 0.21712709 0.03759127 -0.02716738 -0.01357064 -0.02408597 0.03264243 -0.01645920 0.00144097 0.00346742
346.0  -0.89645209 -0.40700952 -0.04492258 -0.02304306 0.03493603 0.00378170 0.02653625 -0.01917547 -0.01409498 0.01091819
346.5  -0.48801462 0.40570039 0.01473425 0.03984310 -0.00646502 0.02957807 0.00442773 -0.01318989 -0.02745297 -0.01563997
347.0  -0.33509809 -0.20833149 0.02731851 0.00443422 -0.03207593 0.03261346 -0.02491683 -0.00293432 -0.02783962 0.02502611
347.5  0.87597933 -0.07868005 -0.04753014 -0.04245570 0.02560320 0.01945616 -0.03780876 0.00684473 -0.02202083 -0.02786145
348.0  -0.67178277 0.32226628 0.02911185 0.02324889 0.01610272 -0.00872502 -0.02869729 0.01426894 -0.00966896 0.02406358
348.5  -0.09825282 -0.42060719 0.01402225 0.02777870 -0.03508700 -0.03884572 0.00560259 0.01677202 0.00545536 -0.01690264
349.0  0.78082492 0.34228456 -0.04601125 -0.03940241 0.00821715 -0.03155483 0.03210846 0.01097298 0.01830078 0.00946843
349.5  -0.82650753 -0.12658943 0.04058894 0.00155233 0.03011680 -0.00455894 0.03266136 -0.00032560 0.03168746 -0.00122768
350.0  0.22765424 -0.14135373 -0.00458745 0.03821146 -0.03045015 0.02105879 0.02559896 -0.01173762 0.02791637 -0.00581867
350.5  0.53286153 0.36500199 -0.03583960 -0.02500697 -0.01111730 0.04111368 -0.00101667 -0.01853495 0.01628670 0.01613316
351.0  -0.88215103 -0.45863078 0.05013719 -0.01530788 0.04069241 0.03157779 -0.02419798 -0.01687076 -0.00208234 -0.02155238
351.5  0.55764631 0.36772732 -0.02570300 0.01573052 -0.03541590 -0.00548632 -0.02992466 -0.00249513 -0.02361730 0.02500966
352.0  0.20583032 -0.10102092 -0.02138282 -0.02899259 -0.00289451 -0.02749436 -0.03247204 0.01158488 -0.02723360 -0.02259156
352.5  -0.80227467 -0.24022022 0.05112825 0.02490347 0.03870610 -0.03836899 -0.01173619 0.02354462 -0.02154498 0.01744497
353.0  0.70884662 0.47853374 -0.03776081 0.01042834 -0.02823858 -0.02958969 0.01204594 0.02572165 -0.00326347 -0.01155187
353.5  0.02281043 -0.45370474 -0.01112531 -0.03351084 -0.01264100 0.00722007 0.02854915 0.00238398 0.01548076 0.00239496
354.0  -0.73611119 0.14790772 0.04995420 0.01789054 0.03853124 0.02884107 0.04059150 -0.01315037 0.01837711 0.00657530
354.5  0.74854190 0.26096136 -0.04024469 0.01674247 -0.02355146 0.02995012 0.03912677 -0.00495308 0.01450352 -0.01580820
355.0  -0.03359971 -0.50481184 -0.00910336 -0.03546585 -0.01752470 0.02044625 0.03441876 0.00049613 0.00578754 0.02377675
355.5  -0.71731217 0.41032435 0.04979402 0.00845776 0.04053934 -0.00489960 0.01482236 -0.00429319 0.01073903 -0.02645156
356.0  0.75541250 -0.03166947 -0.03748098 0.02822424 -0.02077330 -0.01991009 -0.01348553 -0.01506799 -0.01963425 0.02745458
356.5  -0.02166827 -0.37199573 -0.01685872 -0.03121094 -0.02128785 0.00206388 -0.03931999 -0.01410967 0.02565767 -0.02533394
357.0  -0.74182932 0.50853197 0.05318624 -0.00184342 0.04088377 0.02272900 -0.03842555 -0.00746571 -0.02262922 0.02413994
357.5  0.71185854 -0.26502458 -0.03004581 0.03300122 -0.01388239 0.02275774 -0.01702635 0.00521660 0.01795993 -0.02282292
358.0  0.10386930 -0.18729230 -0.02960574 -0.02559289 -0.02475397 0.01140390 0.00625366 0.00530888 -0.00809433 0.01928891
358.5  -0.80163838 0.50033831 0.05573818 -0.01330495 0.03568357 -0.00698289 0.02598685 -0.00480238 -0.00466778 -0.01529742
359.0  0.59632684 -0.43072124 -0.01584529 0.03841247 -0.00660729 -0.02169066 0.03623655 -0.01445071 0.01849038 0.01550921
359.5  0.25931742 0.03861643 -0.04264627 -0.01662271 -0.03058075 -0.02529540 0.03132453 -0.01720759 -0.02897724 -0.00700010
360.0  -0.81989913 0.38222919 0.05548859 -0.02624691 0.03123169 -0.01950135 0.01761958 -0.01656300 0.02955864 -0.00056438
360.5  0.53715004 -0.55073383 -0.01147308 0.03485983 0.00732771 -0.00427589 -0.00417548 -0.00729118 -0.02421804 0.01128529
361.0  0.25389723 0.38278090 -0.04365610 0.00428179 -0.03786030 0.00689197 -0.02968536 0.00025265 0.01122347 -0.02255631
361.5  -0.79234543 0.00277678 0.05970720 -0.04150546 0.02164529 0.01152790 -0.04013038 0.00944990 0.00596664 0.02878885
362.0  0.61107308 -0.38542546 -0.02441131 0.01466656 0.02890372 0.01263597 -0.03222790 0.01255529 -0.01946114 -0.03161497
362.5  0.11068534 0.56416611 -0.03120518 0.03502444 -0.03926964 0.00673915 -0.00906074 0.00886697 0.02902231 0.03190256
363.0  -0.73482396 -0.44923107 0.06072683 -0.03508441 -0.00454694 0.00711948 0.01856371 0.01264960 -0.02537494 -0.02612014
363.5  0.71522862 0.10741253 -0.04007735 -0.01794965 0.03984155 0.00427406 0.03976731 0.00041266 0.01508537 0.01857708
364.0  -0.07162464 0.27789208 -0.01359682 0.04514315 -0.01357569 -0.00147991 0.04110816 0.00112288 0.00010366 -0.00581087
364.5  -0.63745010 -0.51263015 0.05588929 -0.00201114 -0.03098340 -0.00462389 0.02362107 -0.00286725 -0.01897038 -0.00632990
365.0  0.81549956 0.49686395 -0.05377723 -0.05275536 -0.00020579 -0.00977149 -0.00131656 -0.00918954 0.02810038 0.01715029
365.5  -0.32774200 -0.25956117 0.00929602 0.00706288 0.02995888 -0.01400874 -0.03129235 0.00031225 -0.02480896 -0.02611532
366.0  -0.42564268 -0.07940566 0.04426160 0.04753746 0.00813665 -0.00671083 -0.04046966 0.00285167 0.01457870 0.02885455
366.5  0.84870758 0.37264912 -0.07047002 -0.02574834 -0.03640403 0.00610514 -0.03042987 0.00713086 0.00566557 -0.02524070
367.0  -0.59790188 -0.50019392 0.03875597 -0.03210698 0.01036230 0.01346969 -0.00381802 0.00803921 -0.01754749 0.01502840
367.5  -0.14924680 0.40045073 0.02076537 0.04104504 0.02916636 0.01902157 0.02331848 0.00163139 0.02316273 -0.00157467
368.0  0.78312603 -0.10625424 -0.06564993 0.00825475 -0.03055493 0.01116782 0.03970459 -0.00541342 -0.02142195 -0.01019259
368.5  -0.72822019 -0.24911613 0.05613324 -0.04490345 -0.01191548 -0.00260692 0.03949768 -0.01231809 0.01126114 0.01773118
369.0  -0.00584521 0.47600910 0.00365977 0.01851420 0.04098373 -0.01006052 0.01844486 -0.01053545 0.00021655 -0.02267610
369.5  0.74130814 -0.43763719 -0.05996441 0.03408172 -0.01211759 -0.01648375 -0.00988160 -0.00410157 -0.01262588 0.02633671
370.0  -0.75744198 0.15090864 0.06045353 -0.03678415 -0.03625930 -0.02017302 -0.03108675 -0.00000722 0.01792481 -0.02850355
370.5  0.03373968 0.21443352 -0.00342270 -0.01164673 0.03629637 -0.00947679 -0.03938468 0.01637726 -0.01751853 0.02849722
371.0  0.72474606 -0.45196755 -0.05731142 0.04073101 0.01659709 0.00404376 -0.02831705 0.01645555 0.01502686 -0.02368651
371.5  -0.78904030 0.44484224 0.06520256 -0.00881886 -0.04714111 0.01626569 -0.00283752 0.01090489 -0.00696771 0.01328817
372.0  0.09182814 -0.21270398 -0.01330854 -0.03196719 0.01358588 0.02856527 0.01086559 -0.00113373 -0.00124469 -0.00026584
372.5  0.70667191 -0.11585952 -0.05127037 0.02402265 0.03909336 0.02370608 0.02024399 -0.01764770 0.01694990 -0.00917663
373.0  -0.81430347 0.37487604 0.06816654 0.01676298 -0.04114582 0.00391452 0.02294790 -0.02553762 -0.02532020 0.01599170
373.5  0.08996467 -0.43763852 -0.01833760 -0.03368284 -0.00692429 -0.01491920 0.01417850 -0.02298250 0.02531895 -0.02578333
374.0  0.73676474 0.27272670 -0.04821218 0.00710930 0.04629553 -0.02792543 0.00881063 -0.01091916 -0.01988080 0.03082581
374.5  -0.79021710 0.03611345 0.06651147 0.02832706 -0.03224098 -0.02572314 -0.00174136 0.00471406 0.00982170 -0.03351025
375.0  0.01510123 -0.33055207 -0.01928090 -0.02924178 -0.01769926 -0.00355756 -0.01652239 0.01876795 0.00355790 0.03232075
375.5  0.76510789 0.45474973 -0.04423612 -0.00451852 0.04667917 0.01956472 -0.02087911 0.02410467 -0.01543246 -0.02879209
376.0  -0.76131353 -0.33551986 0.06337492 0.03296126 -0.02283575 0.02943786 -0.01709043 0.01593454 0.02522156 0.02325167
376.5  0.01292356 0.02537153 -0.02400205 -0.02228546 -0.03041015 0.02756417 -0.00765910 0.00120342 -0.02682255 -0.01352881
377.0  0.73222842 0.31634726 -0.03588356 -0.01414444 0.04736129 0.00658766 0.01187954 -0.00392170 0.01801049 0.00229217
377.5  -0.77230853 -0.49685992 0.06025887 0.03252364 -0.00908041 -0.02397748 0.01924232 0.00520812 -0.00219004 0.01004158
378.0  0.08032914 0.39381987 -0.02752573 -0.01204027 -0.03973722 -0.04079317 -0.01301824 -0.00144567 -0.01857902 -0.02315298
378.5  0.68486749 -0.04324666 -0.03189574 -0.02031545 0.04480753 -0.02018867 -0.02506594 0.00006632 0.03665094 0.03088882
379.0  -0.78166413 -0.34800526 0.06103170 0.02995372 -0.00062232 0.00650100 -0.01719961 0.00726846 -0.03440588 -0.03464419
379.5  0.10817258 0.51859270 -0.02828397 -0.00466849 -0.04480897 0.02462262 0.00122914 0.01596246 0.02394980 0.03452785
380.0  0.66954906 -0.34370818 -0.03489033 -0.02436311 0.03898187 0.02956568 0.02137988 0.02022687 -0.00952379 -0.03215248
380.5  -0.79065124 -0.05811622 0.06433285 0.02778736 0.00847497 0.01461442 0.03022585 0.02095907 -0.02474290 0.02789402
381.0  0.16317015 0.41691771 -0.03111804 -0.00268277 -0.04653075 -0.01396936 0.02862331 0.01786849 0.03363863 -0.02015434
381.5  0.60497508 -0.51187689 -0.03082181 -0.02485288 0.03513483 -0.02965678 0.01229163 -0.00532111 -0.03852998 0.01043009
382.0  -0.82923349 0.30228194 0.06689749 0.02947040 0.01291968 -0.02507196 -0.01792965 -0.01890507 0.02481388 0.00025906
382.5  0.33357389 0.08277582 -0.03970806 -0.01125935 -0.04699367 -0.00101242 -0.03266453 -0.02541831 -0.00887723 -0.01154050
383.0  0.44728979 -0.42647869 -0.02387965 -0.01774037 0.03168894 0.02932649 -0.02135640 -0.02120789 -0.01117309 0.02121139
383.5  -0.83511188 0.53101666 0.06573535 0.03200154 0.01868683 0.03271023 0.00564151 -0.00901644 0.02702130 -0.02898572
384.0  0.47738082 -0.32180485 -0.04458635 -0.01024070 -0.04833912 0.00688006 0.02745409 0.00709311 -0.03249464 0.03486251
384.5  0.31062958 -0.09360391 -0.02041717 -0.02162593 0.02449133 -0.02348091 0.02600691 0.02121996 0.03477482 -0.03728841
385.0  -0.80172249 0.46845937 0.06461132 0.02923528 0.02614213 -0.03550396 0.00101502 0.02876272 -0.02605617 0.03685162
385.5  0.54736353 -0.56885437 -0.04487959 -0.00112837 -0.04701912 -0.01811502 -0.02438026 0.02441367 0.01286812 -0.03125469
386.0  0.19863472 0.32999721 -0.01766451 -0.02782994 0.01252218 0.01605786 -0.02600783 0.01262903 0.00868943 0.02541497
386.5  -0.74968072 0.10667531 0.06346731 0.02346272 0.04043370 0.03143448 -0.00890025 -0.00817732 -0.02502107 -0.01890240
387.0  0.62599346 -0.49012943 -0.05008152 0.01609683 -0.04050703 0.02118721 0.01294902 -0.02894935 0.03375304 0.01247005
387.5  0.05000828 0.60375225 -0.00886339 -0.03547265 -0.01325115 -0.00918803 0.02693366 -0.02775157 -0.03715762 -0.00410274
388.0  -0.68130700 -0.37688682 0.05913287 0.00471200 0.05200960 -0.03499663 0.01551923 -0.01900944 0.02575316 -0.00581620
388.5  0.69270794 -0.07200683 -0.05453505 0.03309861 -0.02513394 -0.02468953 -0.01248857 0.00507899 -0.01207016 0.01610817
389.0  -0.04310016 0.48227296 -0.00119108 -0.02391821 -0.03479020 0.00502006 -0.01921568 0.02334236 -0.00323749 -0.02286750
389.5  -0.66390596 -0.58864522 0.05723879 -0.01959301 0.05014416 0.03387922 -0.01590702 0.02696145 0.02169710 0.03054629
390.0  0.70626200 0.30808199 -0.05156647 0.03565878 -0.00493962 0.04185309 -0.00443701 0.02535164 -0.03045769 -0.03254302
390.5  -0.01298379 0.17348509 -0.00565370 -0.00313348 -0.04275047 0.01561746 0.01940645 0.00688730 0.03607959 0.03449527
391.0  -0.70204106 -0.52634016 0.05452880 -0.03527172 0.03830198 -0.01831329 0.01671596 -0.00871074 -0.03325475 -0.03346782
391.5  0.69844860 0.52274203 -0.04562567 0.02733985 0.01166253 -0.04522803 0.00614796 -0.01677563 0.01751532 0.03126780
392.0  0.00832569 -0.18657121 -0.01019096 0.01784766 -0.04497333 -0.04970709 0.00118807 -0.00758367 0.00039861 -0.02938693
392.5  -0.70621314 -0.25725803 0.05599345 -0.03886886 0.02173252 -0.02874654 -0.00858268 0.00762847 -0.01976917 0.02121551
393.0  0.71708559 0.53922877 -0.04702787 0.00999052 0.03016741 0.00869366 -0.02195107 -0.00200319 0.03578617 -0.01114752
393.5  -0.02941805 -0.49370332 -0.00681962 0.03761943 -0.04326275 0.03678370 -0.01886429 -0.02072006 -0.03823582 0.00087225
394.0  -0.68969414 0.14497734 0.05510181 -0.03516121 0.00004836 0.04132868 -0.00011668 -0.03322080 0.02890712 0.01057282
394.5  0.72129971 0.29626584 -0.05029695 -0.01611473 0.03835191 0.01994715 0.00907148 -0.02581581 -0.01546518 -0.02046219
395.0  -0.02633956 -0.55437457 -0.00104197 0.05172239 -0.01793625 -0.01444211 0.01462834 -0.00320165 -0.00387405 0.02949064
395.5  -0.69325268 0.47411408 0.05049679 -0.01076808 -0.02523185 -0.03479673 0.00308840 0.01818364 0.01924345 -0.03568428
396.0  0.72812313 -0.12378169 -0.05293368 -0.05116473 0.00233903 -0.02938097 -0.01433475 0.03271923 -0.02828885 0.03837059
396.5  -0.07256263 -0.27531942 0.00893730 0.03200640 0.03102201 -0.00241378 -0.01597833 0.03716987 0.03523764 -0.03777562
397.0  -0.64548263 0.51414747 0.04141671 0.03305199 -0.01258931 0.02735666 -0.00849919 0.02642117 -0.02823909 0.03112238
397.5  0.80505635 -0.50707764 -0.05745079 -0.04838231 -0.02858730 0.03363616 0.00961192 -0.00129364 0.01712485 -0.01865814
398.0  -0.29473675 0.29330089 0.02823582 -0.00685777 0.02692009 0.00670944 0.02472513 -0.01534521 -0.00085308 0.00229001
398.5  -0.46305961 0.01812143 0.02311008 0.04993382 0.02013509 -0.02542589 0.01669538 -0.03181520 -0.01982727 0.01463855
399.0  0.85923896 -0.30492222 -0.05774443 -0.01941869 -0.03684115 -0.03360537 -0.00985080 -0.03486686 0.02922071 -0.02856495
399.5  -0.55681811 0.46682769 0.04802446 -0.03838577 -0.00095959 -0.00990644 -0.02992776 -0.01507599 -0.03426991 0.03750472
400.0  -0.21965152 -0.44546453 0.00185413 0.03870878 0.04159007 0.02489051 -0.01297452 -0.00482838 0.02847567 -0.04087456
400.5  0.81742953 0.24280777 -0.05208621 0.01870275 -0.02253627 0.03393109 0.01655067 0.01211379 -0.01471161 0.03859801
401.0  -0.70868215 0.06846412 0.05968224 -0.04624258 -0.02919220 0.01095830 0.03247076 0.02887371 -0.00193286 -0.03189833
401.5  -0.01460327 -0.36058531 -0.01594477 0.01011594 0.04039421 -0.01868832 0.02299593 0.02803794 0.02049388 0.02274403
402.0  0.71635610 0.49460031 -0.04160018 0.03979148 0.00179032 -0.03021850 -0.00846967 0.02724644 -0.03076276 0.00893053
402.5  -0.79516031 -0.38910252 0.06326308 -0.03197499 -0.04184508 -0.01700740 -0.03545022 0.01712361 0.03704866 -0.00696758
403.0  0.19066328 0.07264879 -0.03013721 -0.02134760 0.02663501 0.00938675 -0.03671361 -0.00577449 -0.03061780 -0.01640780
403.5  0.57897740 0.30578452 -0.02992839 0.04419985 0.02462748 0.02754826 -0.01590120 -0.02229624 0.01944341 -0.02622266
404.0  -0.82559371 -0.52299774 0.06163229 -0.01084291 -0.04610512 0.02157013 0.01606396 -0.02986343 -0.00537208 -0.03394320
404.5  0.28798567 0.40789088 -0.03224719 -0.03506514 0.01712781 -0.00593023 0.04228455 -0.03418481 -0.01105481 -0.03835197
405.0  0.54279645 0.00077186 -0.03102079 0.04318587 0.02853654 -0.02479311 0.03357767 -0.02191613 0.02085321 -0.03743894
405.5  -0.81729603 -0.41967258 0.06054413 -0.00596944 -0.04736722 -0.02613211 0.00545104 -0.00367401 -0.03086814 -0.03522027
406.0  0.22736661 0.52008092 -0.02156831 -0.03707540 0.02068324 -0.00992316 -0.01845570 0.01241933 0.03533485 -0.03411337
406.5  0.60146969 -0.22487393 -0.04166890 0.04158432 0.02753347 0.02588266 -0.03339322 0.03052907 -0.03324716 -0.02679432
407.0  -0.80324097 -0.22935874 0.05832980 -0.00618767 -0.04778783 0.04261848 -0.02247405 0.03041945 0.02789856 -0.01994008
407.5  0.20120892 0.51162630 -0.01268654 -0.03431743 0.02156280 0.02637242 0.00367130 0.02175036 -0.00906431 -0.01308716
408.0  0.58669997 -0.45119563 -0.04534267 0.03984673 0.02786944 -0.00583420 0.01954699 0.00249723 -0.01144841 -0.00213333
408.5  -0.82024071 0.11226582 0.05611107 -0.00616324 -0.04863264 -0.04290848 0.01537601 -0.01937952 0.02716255 0.00790416
409.0  0.30425340 0.29366791 -0.01065836 -0.04300788 0.01757538 -0.05096369 -0.00626398 -0.01774916 -0.03961926 0.01397677
409.5  0.48300106 -0.53465281 -0.03963638 0.03558980 -0.03229405 -0.02410049 -0.01589540 -0.01718261 0.03143218 0.02417524
410.0  -0.82114468 0.46477751 0.05465557 0.01254006 -0.04557035 0.01403683 -0.02191662 -0.00753711 -0.01360624 0.03241662
410.5  0.39390504 -0.11006435 -0.01008596 -0.04547878 -0.01606787 0.04478388 -0.00603764 -0.00639584 -0.00884760 0.03464360
411.0  0.39239091 -0.33120774 -0.04468713 0.02852602 0.03524553 0.04475396 0.00752047 -0.03071184 0.02635538 0.04108096
411.5  -0.79051248 0.58998463 0.05466113 0.01995353 0.04641559 0.01997744 0.01756530 -0.02720691 -0.03983628 0.04311573
412.0  0.45315056 -0.50216371 -0.01027821 -0.04801578 0.00237287 -0.00706146 0.02995924 -0.00417890 0.02944774 0.03761141
412.5  0.27203690 0.11647113 -0.04443028 0.01917660 -0.04019424 -0.02479104 0.01016857 0.02864409 -0.01989294 0.03193413
413.0  -0.73614461 0.34544773 0.05733147 0.03622846 -0.02839443 -0.01079187 -0.01131109 0.05149663 0.00132487 0.02268732
413.5  0.56927972 -0.62948881 -0.01747157 -0.04269323 0.01521623 0.01148758 -0.02039525 0.04626094 0.02509407 0.01008790
414.0  0.06836269 0.57404379 -0.03661254 -0.00837629 0.04844634 0.01654209 -0.02543434 0.01392934 -0.03513716 -0.00343417
414.5  -0.64427156 -0.18971617 0.05721267 0.04323169 0.02105473 0.01043901 -0.00864371 -0.02228955 0.03673950 -0.01682525
415.0  0.65935815 -0.31997419 -0.02772696 -0.02410563 -0.03849112 -0.01187040 0.01201197 -0.04351328 -0.02850755 -0.02876885
415.5  -0.07581309 0.64292929 -0.02803323 -0.02499422 -0.04520185 -0.02392684 0.01808850 -0.05157053 0.01228888 -0.03829116
416.0  -0.58441187 -0.55283017 0.05662057 0.04606452 0.00068175 -0.01746215 0.01819773 -0.03434081 0.00336962 -0.04311716
416.5  0.69264711 0.09528662 -0.03059492 -0.00948566 0.04133831 -0.00873300 0.00918216 -0.01134873 -0.01966133 -0.03973401
417.0  -0.14315745 0.42011091 -0.02420902 -0.03906219 0.03753761 0.01425900 -0.00535203 0.01363366 0.03144208 -0.03481116
417.5  -0.53740268 -0.65787343 0.05473070 0.03742991 -0.01389664 0.02542851 -0.00866180 0.03981564 -0.03641989 -0.02717268
418.0  0.72372916 0.49067368 -0.03416918 0.01360359 -0.05141387 0.01691748 -0.00891159 0.04326090 0.03454728 -0.01537158
418.5  -0.26678661 -0.04143910 -0.01700629 -0.04318444 -0.02441278 0.00403787 -0.00807576 0.03235627 -0.02148696 0.00228629
419.0  -0.42000814 -0.42750050 0.05286159 0.01589103 0.03412803 -0.01722407 -0.00245009 0.00741360 0.00449818 0.01798196
419.5  0.73288620 0.66580397 -0.04389977 0.03257215 0.04913292 -0.02469270 0.00432351 -0.02144653 0.01615013 0.02878642
420.0  -0.38376587 -0.54258410 -0.00243441 -0.03778034 -0.00209419 -0.01119513 0.01048868 -0.03846624 -0.02915670 0.03966057
420.5  -0.32358148 0.11078300 0.05000466 -0.00083197 -0.04881763 0.00200739 0.01213014 -0.04981031 0.03307122 0.03834147
421.0  0.71084346 0.39871472 -0.05475530 0.04705950 -0.01846090 0.01357037 0.00979016 -0.03494814 -0.03850009 0.03405003
421.5  -0.37398573 -0.68809535 0.00767203 -0.02121289 0.02128421 0.02176482 0.00158383 -0.02047551 0.02418590 0.02564535
422.0  -0.34772692 0.58017114 0.04630636 -0.02947016 0.04948305 0.01208870 -0.00335874 0.00870665 -0.01249939 0.00978290
422.5  0.69962152 -0.14362065 -0.05775162 0.03920979 0.00915792 -0.00094173 -0.00947196 0.03692878 -0.00388159 -0.00442418
423.0  -0.32196610 -0.36188331 0.01797500 0.00150980 -0.03947476 -0.01348081 -0.00801957 0.04971124 0.02432990 -0.02046975
423.5  -0.38924400 0.66376280 0.03846333 -0.03822080 -0.04000937 -0.01829455 -0.00715959 0.04989781 -0.03441729 -0.03241958
424.0  0.71902052 -0.62375622 -0.06293533 0.01992381 0.01177207 -0.01148964 -0.00335466 0.02885559 0.03975591 -0.03706996
424.5  -0.33279600 0.28054089 0.03205331 0.02637610 0.05581147 -0.00490398 0.00235051 -0.00193669 -0.03005389 -0.03657314
425.0  -0.40709493 0.19087865 0.03053675 -0.03483015 0.01854995 0.00472211 0.01481667 -0.03327846 0.00916073 -0.02898430
425.5  0.75524209 -0.55549626 -0.05645254 -0.00504875 -0.03675116 0.00864526 0.00559813 -0.05621259 0.01070171 -0.01848460
426.0  -0.31924264 0.61286451 0.03921782 0.03829873 -0.04461318 0.00509030 0.00367285 -0.05820404 -0.03141038 -0.00679103
426.5  -0.46827280 -0.32108993 0.02490151 -0.02369702 -0.00439450 0.00373826 0.00829708 -0.03543776 0.04100814 0.00532022
427.0  0.76594403 -0.16020518 -0.06230863 -0.02166787 0.04562939 0.00237324 -0.01645036 -0.01442750 -0.02829522 0.01734942
427.5  -0.25812471 0.54329867 0.02623952 0.04059193 0.04294623 -0.00535020 0.01646386 0.02250559 0.01527653 0.02537170
428.0  -0.50892034 -0.58942080 0.02426328 -0.01021663 -0.01517803 -0.00990037 0.00300436 0.05230454 0.00210747 0.03143335
428.5  0.76050549 0.26912980 -0.05791073 -0.03013724 -0.05581712 -0.01717872 -0.00232853 0.06284593 -0.01681475 0.03832241
429.0  -0.27962783 0.22215195 0.03609639 0.03262781 -0.02307501 -0.02231707 0.01633230 0.03843818 0.02901020 0.03754885
429.5  -0.45742338 -0.58113897 0.01969882 0.00616898 0.02797829 0.00582952 -0.01676494 0.00946375 -0.02868533 0.03409397
430.0  0.76446055 0.57333778 -0.05568365 -0.03600737 0.04820640 0.03052835 0.00837470 -0.02055098 0.01990081 0.02834823
430.5  -0.35655421 -0.18674833 0.03737922 0.02096940 0.02050378 0.04145267 0.00585208 -0.04495439 -0.00690831 0.01779694
431.0  -0.39324262 -0.33033352 0.01543351 0.02064859 -0.03616426 0.03523049 -0.01302101 -0.04242160 -0.01176832 0.01023975
431.5  0.77064529 0.61888784 -0.05196764 -0.03741639 -0.05147940 0.00694801 0.01758012 -0.02919505 0.02401776 0.00284248
432.0  -0.40593334 -0.47501443 0.03537758 0.01099945 -0.01090826 -0.02874134 -0.01103317 -0.00890346 -0.03422842 -0.00189668
432.5  -0.34595599 0.01747146 0.01692771 0.02632490 0.03684035 -0.04279205 -0.00351319 0.01764952 0.03235037 -0.01222490
433.0  0.78022037 0.42734235 -0.05237583 -0.03507651 0.04836161 -0.03141229 -0.00718231 0.04314719 -0.01749531 -0.02407652
433.5  -0.53608326 -0.59743958 0.03874394 0.00221481 0.00389758 -0.00217939 -0.01090583 0.04619036 -0.00145603 -0.03261291
434.0  -0.14299857 0.44693371 0.00932522 0.03352004 -0.04611916 0.03010006 0.01585878 0.01578563 0.03342162 -0.03983236
434.5  0.70871128 -0.09436774 -0.05063040 -0.02651493 -0.03939551 0.03950520 -0.00557182 0.00806862 -0.03562460 -0.04253063
435.0  -0.74545831 -0.28423030 0.05088758 -0.01512782 0.01497477 0.01357182 -0.00635844 -0.03578216 0.02800695 -0.03762772
435.5  0.22656447 0.53386115 -0.01293568 0.01562420 0.06345106 -0.01933016 -0.00103239 -0.04944303 -0.01301531 -0.02964274
436.0  0.46962817 -0.55040752 -0.03773651 -0.00239414 0.02762929 -0.03906315 -0.01055175 -0.02567343 -0.01235515 -0.01562572
436.5  -0.80325819 0.31096732 0.05408066 -0.02673272 0.04243250 -0.03081075 0.00586350 -0.00077647 0.02726007 0.00196484
437.0  0.48758336 0.09388608 -0.02478262 0.02596182 -0.06157281 0.00690056 0.00471989 0.02949260 -0.03086847 0.01462870
437.5  0.22816069 -0.47202918 -0.02605437 0.01264767 0.00747700 0.02910260 -0.01189463 0.04556720 0.02896499 0.02835599
438.0  -0.73894093 0.61311019 0.05176253 -0.03364464 0.05578350 0.03455243 0.00760776 0.04429768 -0.00851350 0.03846630
438.5  0.61672475 -0.41508649 -0.02912035 0.02083014 -0.04908412 0.02361004 -0.00139047 0.02298415 -0.00482425 0.04563497
439.0  0.02053621 -0.03310697 -0.01854493 0.02211835 -0.01392138 -0.00915992 -0.00225858 -0.01547267 0.02207389 0.04946850
439.5  -0.62617720 0.48583825 0.04788602 -0.05511905 0.04020792 -0.02166975 0.00381599 -0.04221495 -0.03522535 0.04809145
440.0  0.67912179 -0.66117097 -0.02976247 0.02543956 -0.01358483 -0.01667120 0.00460897 -0.05913814 0.02757640 0.04306687
440.5  -0.11812517 0.41095474 -0.01664613 0.05046585 0.00465124 -0.00880157 0.00165399 -0.04728250 -0.02535987 0.03423638
441.0  -0.55701179 0.13889373 0.04518318 -0.06567750 0.00424665 0.00604290 -0.00559277 -0.01998109 0.00448389 0.02537912
441.5  0.67421087 -0.60701221 -0.02442655 0.00294572 -0.01103041 0.01252847 0.00879496 0.01221357 0.01242772 0.01477636
442.0  -0.07823362 0.61272316 -0.02326894 0.06325888 0.00443982 0.00589768 -0.00931321 0.04129764 -0.02728399 0.00268410
442.5  -0.60575342 -0.12978649 0.04532888 -0.05598460 0.00972255 -0.00481752 0.00323928 0.05618583 0.04052178 -0.01070509
443.0  0.62157796 -0.45165862 -0.01887105 -0.01493165 -0.01157733 -0.01431716 0.00057056 0.05325008 -0.04223297 -0.02143985
443.5  0.03624948 0.68030145 -0.02607268 0.06989936 -0.00065868 -0.01483433 -0.00369776 0.03818683 0.04005399 -0.03095790
444.0  -0.64725485 -0.42670780 0.04342654 -0.03977367 0.00984010 -0.00276396 0.00973764 0.01249274 -0.02826352 -0.04307917
444.5  0.60347406 -0.08889139 -0.02100923 -0.04609196 -0.00780846 0.00758944 -0.00899798 -0.02055498 0.01363417 -0.04736788
445.0  0.01439787 -0.53840845 -0.01702636 0.07117769 -0.00423600 0.01719591 0.00990561 -0.04034026 0.00260073 -0.05179725
445.5  -0.62355168 -0.67674542 0.04097679 0.00067000 0.01231013 0.01775520 -0.00783621 -0.04858449 -0.02412275 -0.04958788
446.0  0.63664869 -0.46624514 -0.02657434 -0.07467450 -0.01008445 0.00869098 0.00400783 -0.04296285 0.03452920 -0.04051657
446.5  -0.05680225 -0.00570833 -0.00932564 0.03948447 -0.01468429 -0.00392198 0.01418855 -0.01338130 -0.04500609 -0.02485899
447.0  -0.57675226 0.45228466 0.03727676 0.04591219 0.01157244 -0.02004483 -0.01635531 0.00298748 0.03734618 -0.00365510
447.5  0.67141387 0.67026971 -0.03215422 -0.06730809 0.00633120 -0.02903786 0.00880774 0.02613142 -0.01444811 0.02003324
448.0  -0.11373963 0.58225375 0.00054865 -0.00538861 -0.01110212 -0.02816503 -0.01013850 0.03662402 -0.00630394 0.04204055
448.5  -0.52899724 0.22914503 0.03155474 0.07437188 -0.00329057 -0.00954444 0.00313972 0.03446951 0.03031745 0.05545683
449.0  0.69798503 -0.22182447 -0.03714049 -0.03329015 0.01428908 0.01279312 0.00556764 0.02777736 -0.03579616 0.05749944
449.5  -0.28176069 -0.55397827 0.01510264 -0.05047013 0.01120583 0.03194773 0.00155531 0.00696724 0.03862440 0.04641692
450.0  -0.37657114 -0.68089493 0.01688834 0.05985217 -0.00825003 0.03951723 -0.00848364 -0.01231607 -0.02325382 0.02238638
450.5  0.71152318 -0.55396721 -0.03785128 0.02360272 -0.01430155 0.02363319 0.00644585 -0.02901123 -0.00008231 -0.00623066
451.0  -0.48270308 -0.18069394 0.02973018 -0.07028900 0.00068732 -0.00734551 -0.00014595 -0.03382958 0.02425219 -0.03181649
451.5  -0.16042032 0.27621217 0.00247469 0.01594168 0.01391221 -0.03047920 -0.00872225 -0.02483402 -0.04015243 -0.05036940
452.0  0.68042234 0.61880516 -0.03370807 0.06181448 0.00985453 -0.03838857 0.01381931 -0.01213240 0.03894316 -0.05707392
452.5  -0.56039765 0.64494058 0.03648146 -0.05727214 -0.00905157 -0.02648434 -0.01613248 0.00876675 -0.02777110 -0.05615332
453.0  -0.09940161 0.27088907 -0.00297324 -0.02112482 -0.01619451 -0.00094453 0.00435605 0.02738429 0.00937675 -0.04778716
453.5  0.66709364 -0.28509395 -0.03451110 0.07040054 -0.00092361 0.02078353 0.01032850 0.03636752 0.00749606 -0.03674066
454.0  -0.56679282 -0.65091659 0.03664569 -0.03639571 0.00963260 0.03049159 -0.02694308 0.03439166 -0.01536959 -0.02403116
454.5  -0.09720354 -0.58704600 -0.00155448 -0.04070735 0.01242686 0.02432125 0.02917922 0.02565049 0.02624964 -0.00515111
455.0  0.65907447 -0.13533501 -0.03578386 0.06999633 0.00271742 0.00554307 -0.01189512 0.00427633 -0.02870421 0.01050380
455.5  -0.59324474 0.40372203 0.03739818 -0.01366693 -0.01440993 -0.01541596 -0.00973390 -0.02636192 0.02970867 0.02634639
456.0  -0.03723350 0.67964242 -0.00160263 -0.05768330 -0.01473395 -0.02044924 0.02928671 -0.03851615 -0.02912835 0.03945288
456.5  0.63322111 0.50245323 -0.03753976 0.06020248 0.00203379 -0.01190105 -0.03019076 -0.04580718 0.01380803 0.04728735
457.0  -0.61122983 -0.03173618 0.03567302 0.00447758 0.01412147 0.00575656 0.00808982 -0.03946896 -0.00621402 0.04931410
457.5  -0.03057960 -0.54353637 0.00575149 -0.06591474 0.01132769 0.01704102 0.01655942 -0.01601212 -0.01119574 0.05302701
458.0  0.65187232 -0.66055710 -0.04441407 0.05526319 -0.00083605 0.01284421 -0.03113958 0.00534557 0.02302195 0.05618941
458.5  -0.58519233 -0.30964994 0.02984070 0.01493696 -0.01556029 -0.00023909 0.02124050 0.02709861 -0.02928363 0.04890295
459.0  -0.07503792 0.26148638 0.02293645 -0.06587038 -0.01252022 -0.01930573 0.00706392 0.04224702 0.03807310 0.04413943
459.5  0.64465611 0.64668822 -0.05020294 0.04523160 0.00714249 -0.02456440 -0.02910806 0.04610160 -0.03056330 0.03598449
460.0  -0.61639490 0.61033477 0.02474391 0.02761555 0.01647122 -0.00145859 0.03416081 0.02770357 0.02070065 0.02232793
460.5  0.02514779 0.24139698 0.02401183 -0.06858380 0.00447353 0.02019534 0.00198832 0.01020733 -0.00211031 0.00764497
461.0  0.57641497 -0.25470404 -0.04978150 0.01968482 -0.01235474 0.02799173 -0.03381268 -0.01377548 -0.01561751 -0.00997239
461.5  -0.68042128 -0.62711536 0.02876479 0.05354823 -0.01518417 0.01830421 0.03748514 -0.03610058 0.02348722 -0.02600034
462.0  0.22473838 -0.64463177 0.01744463 -0.05975160 -0.00273100 -0.00612439 -0.01846358 -0.03540680 -0.02718689 -0.04109702
462.5  0.44554002 -0.30837248 -0.05092454 -0.00659926 0.01646150 -0.02473049 -0.01714813 -0.03165918 0.02726653 -0.04898990
463.0  -0.72032310 0.20536951 0.02418862 0.06704374 0.01447787 -0.02933684 0.03328280 -0.01455024 -0.02207691 -0.05202500
463.5  0.34249842 0.61712976 0.03019465 -0.04788234 -0.00261750 -0.02095586 -0.03226380 0.01195133 0.01068919 -0.05470399
464.0  0.32953534 0.64187451 -0.05370492 -0.02924138 -0.01652463 -0.00655105 0.01988710 0.03232747 0.00431273 -0.05096900
464.5  -0.71684703 0.27164087 0.02644150 0.06734356 -0.02388796 0.00847551 0.00616937 0.04825782 -0.01900292 -0.04179401
465.0  0.47966019 -0.24329746 0.02573720 -0.02617377 0.01822242 0.01697665 -0.02150032 0.04406010 0.03519687 -0.02979824
465.5  0.15587090 -0.62061344 -0.05362385 -0.05153692 0.02013148 0.01921346 0.02358662 0.02893017 -0.03387120 -0.01203728
466.0  -0.65407790 -0.64527156 0.03399534 0.06701016 -0.00322032 0.01637076 -0.01320256 -0.00331567 0.02726989 0.00663358
466.5  0.62702345 -0.30002287 0.01600172 0.00455722 -0.01801895 0.00773716 -0.01212889 -0.02787863 -0.00524052 0.02358286
467.0  -0.07147748 0.22062747 -0.05189472 -0.06777945 -0.01214522 0.00312316 0.00862800 -0.04413208 -0.02055006 0.04097047
467.5  -0.55661257 0.61933367 0.03915597 0.04390003 0.00564815 -0.00503147 -0.00522989 -0.04209497 0.03228816 0.05241104
468.0  0.68273249 0.62927472 0.01240561 0.03559353 0.01725364 -0.01578090 -0.00447081 -0.02121377 -0.04040173 0.05928380
468.5  -0.14730959 0.22337398 -0.05181657 -0.07166174 0.01038861 -0.01831568 0.00751728 -0.00111993 0.03590657 0.06273622
469.0  -0.54069826 -0.33411572 0.03699248 0.02120563 -0.00938649 -0.01385647 -0.00749571 0.02175646 -0.02379272 0.05846666
469.5  0.67671082 -0.66985061 0.01872014 0.05268135 -0.01646484 -0.00069813 0.00356212 0.03669084 0.00971653 0.04918383
470.0  -0.13306232 -0.56297922 -0.05183876 -0.06076597 -0.00333629 0.01420015 0.00148126 0.04034954 0.00844479 0.03800121
470.5  -0.54699937 -0.11755757 0.03463025 -0.00130368 0.01403592 0.01779194 -0.00551085 0.03347803 -0.02351609 0.02181281
471.0  0.68432192 0.37667056 0.01407915 0.06875898 0.01477726 0.00855261 0.00816422 0.01523000 0.03553151 0.00429434
471.5  -0.14060836 0.66782659 -0.04978014 -0.04235955 -0.00441662 -0.00608722 -0.00565343 -0.00605989 -0.03924080 -0.01499492
472.0  -0.53180682 0.59406971 0.03546437 -0.04556953 -0.01923130 -0.01581813 -0.00154082 -0.02507004 0.03756616 -0.03209696
472.5  0.68121335 0.18751266 0.01181038 0.06675877 -0.00834073 -0.01232393 0.00710867 -0.03410946 -0.03083244 -0.04819064
473.0  -0.11673190 -0.31385151 -0.04841097 -0.00917513 0.01273693 0.00091495 -0.00843473 -0.03691127 0.02068877 -0.05757961
473.5  -0.58822373 -0.64536837 0.03535703 -0.06501680 0.01816389 0.01107554 0.00678632 -0.03201016 -0.00901730 -0.06078583
474.0  0.63292136 -0.61333833 0.01571791 0.06060356 0.00616075 0.01309800 -0.00398821 -0.01950966 -0.00795327 -0.05976355
474.5  0.01234412 -0.20780841 -0.04879711 0.01892010 -0.01423932 0.00809422 0.00077005 -0.00006695 0.02091463 -0.05504666
475.0  -0.64198255 0.31072447 0.03207215 -0.07206409 -0.01958451 -0.00512609 0.00207340 0.02018076 -0.03360954 -0.04311665
475.5  0.59351768 0.63693156 0.01643275 0.03479831 0.00183682 -0.01691611 -0.00169922 0.03050345 0.04177148 -0.02707587
476.0  0.07035294 0.63035858 -0.04837387 0.04734888 0.02106239 -0.01551153 0.00465150 0.04093004 -0.03648774 -0.00431258
476.5  -0.64664637 0.29401939 0.03590818 -0.06720583 0.01546450 -0.00686292 0.00055197 0.02571351 0.02668959 0.01829318
477.0  0.60462002 -0.20587176 0.01002308 -0.00093957 -0.01000022 0.00428743 0.00363409 0.00751184 -0.00297076 0.03687312
477.5  0.00709061 -0.59173934 -0.04914621 0.06437163 -0.03430447 0.01623657 -0.00866742 -0.00581503 -0.02076398 0.05141498
478.0  -0.62140214 -0.66005015 0.04508796 -0.04961975 0.00503406 0.02433906 0.00793694 -0.03106831 0.02968691 0.05715929
478.5  0.63455205 -0.35497073 0.00290644 -0.03083985 0.01833714 0.01483687 -0.02700135 -0.02078408 -0.03974859 0.05625544
479.0  -0.04095219 0.17142023 -0.05319740 0.07082654 0.01443816 0.00530643 0.00835799 -0.03393197 0.02934834 0.04672567
479.5  -0.58808761 0.59447802 0.05294647 -0.02845026 -0.00473013 -0.01151234 0.00063377 -0.01157236 -0.02396196 0.03296190
480.0  0.66631594 0.65632707 -0.00119450 -0.04881857 -0.02046793 -0.02650417 -0.02054139 0.00198573 0.00294987 0.01507201
480.5  -0.14568630 0.33726489 -0.04958710 0.06836588 -0.01246692 -0.03414259 0.02475520 0.01085571 0.01931557 -0.00303888
481.0  -0.48993815 -0.16413177 0.05728870 0.00034492 0.01523950 -0.02133351 -0.02364474 0.02212245 -0.03130081 -0.02274982
481.5  0.71637478 -0.56653969 -0.01552251 -0.06520107 0.01953485 0.00199705 0.00671895 0.01994267 0.03539878 -0.04122687
482.0  -0.36746759 -0.67770700 -0.04013735 0.04030914 -0.00200352 0.02671454 0.01298599 0.01523942 -0.02399806 -0.05334383
482.5  -0.26404006 -0.44267949 0.06151275 0.03930273 -0.01920594 0.03401199 -0.02753373 0.00459297 0.00441475 -0.05827944
483.0  0.69366891 0.02253275 -0.03117986 -0.06800918 -0.01684013 0.02177603 0.02752630 -0.00683216 0.01316575 -0.05586070
483.5  -0.56540280 0.47176198 -0.02696951 0.00256047 0.01058834 -0.00263625 -0.01368168 -0.01876135 -0.02973133 -0.04662756
484.0  -0.04698233 0.68240866 0.06012257 0.06456648 0.02592221 -0.02566516 -0.00618918 -0.02438391 0.03410297 -0.03310821
484.5  0.61241981 0.51949886 -0.04090449 -0.04710118 0.00529413 -0.02808029 0.02730353 -0.01846608 -0.02778431 -0.01779804
485.0  -0.65370902 0.05671225 -0.01807580 -0.02487514 -0.01861416 -0.02089163 -0.02860758 -0.00787049 0.01145821 -0.00363740
485.5  0.12463798 -0.42048979 0.06253104 0.07065779 -0.01912379 -0.00012737 0.01624912 0.00745821 0.01016550 -0.01185999
486.0  0.52088667 -0.67050468 -0.04819167 -0.02376699 -0.00082468 0.02527980 0.00319005 0.01982398 -0.02793182 -0.02759563
486.5  -0.70157117 -0.57155730 -0.00759371 -0.05491612 0.02210958 0.03375604 -0.02507626 0.01481708 0.03641592 -0.04031722
487.0  0.28642956 -0.14665032 0.05760931 0.05913165 0.01971037 0.01976306 0.03526917 0.01857191 -0.02398513 -0.05025642
487.5  0.38995906 0.36129850 -0.05410070 0.00424694 -0.00795494 -0.00307656 -0.02915278 0.00147434 0.00686289 -0.05614613
488.0  -0.72457174 0.66099271 -0.00338201 -0.06418427 -0.02301809 -0.02569088 0.00448792 -0.00810953 0.01178343 -0.05681095
488.5  0.34653882 0.55826413 0.05880657 0.04938883 -0.01453878 -0.03829942 0.02192538 -0.01127080 -0.02915477 -0.05341039
489.0  0.38251619 0.05856519 -0.05033496 0.02052375 0.00925610 -0.02609410 -0.03669955 -0.01840314 0.02973085 -0.04675705
489.5  -0.71408094 -0.49805266 -0.01516792 -0.06449848 0.02572740 -0.00012625 0.03736150 -0.01432181 -0.02471181 -0.03839142
490.0  0.28177122 -0.67497274 0.05714743 0.04240535 0.01588475 0.02181766 -0.02423153 -0.00716800 0.01235656 -0.02968952
490.5  0.45889209 -0.34696923 -0.03693910 0.02328604 -0.00720116 0.03471134 0.00078527 0.00666709 0.00853843 -0.01676793
491.0  -0.70726272 0.22933874 -0.02420161 -0.06544938 -0.02445560 0.02838438 0.01576983 0.01358829 -0.02658672 -0.00235858
491.5  0.23630317 0.63762115 0.05957237 0.03693337 -0.01838072 0.00081972 -0.02694129 0.02710043 0.03470446 0.01297748
492.0  0.45540234 0.61119258 -0.03273271 0.03457689 0.00983296 -0.02283818 0.02579472 0.00838973 -0.03937694 0.02777463
492.5  -0.71373182 0.19895675 -0.02793606 -0.06820230 0.02543728 -0.03632051 -0.01413783 0.00105421 0.02380467 0.03564555
493.0  0.31120268 -0.32928939 0.06098693 0.01868945 0.01373864 -0.02054567 -0.00330292 -0.01416238 0.00525719 0.04666905
493.5  0.37586187 -0.65793336 -0.03341118 0.05104374 -0.01473167 0.00700552 0.01741822 -0.02448396 -0.02661879 0.05428664
494.0  -0.72057243 -0.59430205 -0.02679772 -0.05997426 -0.02468256 0.02725166 -0.02436632 -0.01068542 0.04318125 0.05684233
494.5  0.38815051 -0.19000389 0.05946072 -0.00013722 -0.00899102 0.03436740 0.01716236 -0.01450173 -0.04090855 0.05428551
495.0  0.30728143 0.31992997 -0.04688976 0.06398730 0.01815880 0.01661463 0.00488124 0.00516818 0.02927577 0.04620031
495.5  -0.70863994 0.64932093 -0.00787700 -0.04350989 0.02837537 -0.01448468 -0.02706133 0.01264643 -0.00843903 0.03363639
496.0  0.47855337 0.62952491 0.05545364 -0.03241941 0.00100668 -0.02942146 0.02944373 0.01829830 -0.01683933 0.01721988
496.5  0.17191356 0.32400339 -0.05377786 0.06193440 -0.02617071 -0.03118856 -0.01867422 0.01131714 0.03515279 -0.00031681
497.0  -0.66679085 -0.11031861 0.00933815 -0.00849631 -0.01853211 -0.01031820 -0.00546299 -0.00267956 -0.04102063 -0.02305659
497.5  0.60929581 -0.50328206 0.04169491 -0.06152708 0.01479702 0.01576059 0.02446920 -0.01173894 0.03318877 -0.04182214
498.0  -0.06481954 -0.67832802 -0.05918362 0.04001916 0.02753685 0.03234189 -0.02793260 -0.01506476 -0.01190850 -0.05470169
498.5  -0.55476814 -0.57786042 0.03744574 0.04035403 -0.00010012 0.02582701 0.01580156 -0.00832647 -0.01324303 -0.06007773
499.0  0.68948429 -0.23301241 0.02146367 -0.06035448 -0.02596058 0.00055105 0.01004868 -0.00120402 0.02799687 -0.05579563
499.5  -0.20178650 0.24276658 -0.08232629 -0.00263859 -0.01807791 -0.02102873 -0.02823506 0.00351399 -0.03536228 -0.03978872
500.0  -0.47588550 0.60417454 0.07555990 0.06257175 0.01162195 -0.02905978 0.03459545 0.00817059 0.03053051 -0.01892590
500.5  0.70999818 0.65507655 -0.00185907 -0.03720232 0.02735001 -0.02583075 -0.02299924 0.00766958 -0.01819176 0.00449858
501.0  -0.24761333 0.37908143 -0.07294878 -0.03851037 0.00882688 -0.00091536 0.00181752 0.00715475 0.00448983 0.02857815
501.5  -0.44333904 -0.09574556 0.08307627 0.06129078 -0.02001025 0.02395405 0.01918230 -0.00044449 0.01109660 0.04804083
502.0  0.71304706 -0.52217281 -0.02147189 0.00300705 -0.02263427 0.02615985 -0.04429889 -0.00885016 -0.02399763 0.05958193
502.5  -0.33657235 -0.67837207 -0.05778054 -0.06343198 0.00771699 0.04142866 0.03334960 -0.00953298 0.02795442 0.05905263
503.0  -0.34904068 -0.50435693 0.08876680 0.03080750 0.02768098 0.01308284 -0.02635971 -0.00633584 -0.02033396 0.05499559
503.5  0.71690883 -0.07596454 -0.04535784 0.04413367 0.00890536 -0.01726199 -0.00370103 -0.01127951 0.00301131 0.04514239
504.0  -0.42694502 0.40389828 -0.03802001 -0.05918936 -0.01862253 -0.03539579 -0.02669415 -0.01295822 -0.01046879 0.02674778
504.5  -0.27218492 0.67041454 0.08685085 -0.00841974 -0.01980788 -0.04725650 -0.03410048 0.02021336 -0.01862515 0.00882357
505.0  0.71108323 0.55728542 -0.05326643 0.06062053 0.00173562 -0.03163785 -0.02760183 -0.00741366 -0.02264932 -0.01345658
505.5  -0.43995780 0.10819355 -0.02645619 -0.03047070 0.02977173 0.00560221 -0.01854652 0.00122746 -0.02500123 -0.03196650
506.0  -0.27557458 -0.40492924 0.08199955 -0.03977716 0.01842077 0.03672277 -0.00560195 0.00818779 -0.02011897 -0.04317226
506.5  0.71545660 -0.67053106 -0.06017597 -0.05944881 -0.00938256 0.05369627 0.00786484 -0.01198474 -0.00859669 -0.05359530
507.0  -0.44222308 -0.55243530 -0.01908603 -0.00041932 -0.02817888 0.04123035 0.01609817 0.01249864 0.00665540 -0.06212332
507.5  -0.24947238 -0.12253054 0.07918797 0.05739315 -0.00867202 -0.00390497 0.02088968 -0.00530952 0.01727575 -0.05921470
508.0  0.70214452 0.37473979 -0.06830893 0.03950344 0.02154599 -0.04460601 0.01630607 0.00273091 0.02527545 -0.05124066
508.5  -0.49574298 0.65828310 -0.00556105 -0.02783348 0.02148380 -0.05083572 0.00219118 0.00245823 0.03117782 -0.04377109
509.0  -0.19890486 0.58508084 0.07598795 -0.06019795 -0.00574169 -0.02488796 -0.01046652 -0.00617944 0.03129999 -0.02846132
509.5  0.69531775 0.17407340 -0.07135014 -0.01666704 -0.02422283 0.02536459 -0.01976563 0.00493597 0.02795122 -0.01097836
510.0  -0.49677903 -0.36000821 -0.00331920 0.04453323 -0.01002079 0.05727329 -0.02360178 -0.00577723 0.01962444 0.00624819
510.5  -0.20311671 -0.66669945 0.07462279 0.04951955 0.01715859 0.04142054 -0.00910964 0.00635616 0.00681185 0.02687421
511.0  0.70587874 -0.55187958 -0.06759392 -0.00182345 0.02541684 -0.00429663 0.01484553 0.00123066 -0.00410023 0.04377297
511.5  -0.48266157 -0.10056763 -0.00835575 -0.05066224 0.00426016 -0.04661440 0.03635272 -0.00318638 -0.01512982 0.05466831
512.0  -0.21434250 0.41792845 0.07414274 -0.04210859 -0.01480434 -0.05772587 0.03755975 0.00570883 -0.02387903 0.06206734
512.5  0.69146270 0.67925862 -0.06785796 0.01642136 -0.02043387 -0.02244232 0.01159128 -0.01039152 -0.02790554 0.06428785
513.0  -0.53178507 0.52642388 -0.00904200 0.05308377 -0.00722267 0.02621495 -0.02654758 -0.00187180 -0.02409156 0.06068439
513.5  -0.11899991 0.07124127 0.07576210 0.02638329 0.01772060 0.05511842 -0.04755062 0.00178212 -0.02060220 0.05413610
514.0  0.66122040 -0.42996969 -0.06670604 -0.03108914 0.01955088 0.04682204 -0.04287665 -0.00495763 -0.01335117 0.04407701
514.5  -0.59552229 -0.67945944 -0.00707081 -0.05238463 -0.00330387 0.01119516 -0.01163038 0.00647066 0.00011933 0.03372816
515.0  -0.01975761 -0.50028043 0.07374460 -0.00719476 -0.01929181 -0.02392065 0.03363756 -0.00399582 0.01294492 0.02031842
515.5  0.62179727 -0.00124997 -0.06646189 0.04575654 -0.00944941 -0.01809939 0.06691039 0.00000714 0.02931770 -0.00554248
516.0  -0.63595699 0.49564603 -0.00819538 0.04183446 0.01459388 0.00166710 0.05898251 0.00738771 0.04038167 -0.00876088
516.5  0.06022671 0.67837367 0.07525111 -0.00920115 0.02191992 0.00519303 0.01420757 -0.00664672 0.03760571 0.02300542
517.0  0.56214507 0.45555878 -0.06961147 -0.04512611 -0.00618548 -0.00536376 -0.04073275 0.01177909 0.02053845 -0.04024470
517.5  -0.69100153 -0.01000913 0.00017849 -0.01940883 -0.02930076 0.01466461 -0.07053165 -0.00378849 -0.00663477 0.05414715
518.0  0.24436388 -0.46109115 0.06708752 0.03052378 -0.00751875 -0.00431122 -0.05680232 -0.00032442 -0.03365590 -0.06430049
518.5  0.39390455 -0.67557311 -0.07887487 0.03373463 0.02685258 -0.00594100 -0.00246132 0.00311013 -0.04917560 0.06483920
519.0  -0.72016520 -0.56204076 0.02597197 -0.01291978 0.01803516 0.00509048 0.05374758 -0.01310033 -0.04248664 -0.05453654
519.5  0.44649320 -0.18502809 0.04970425 -0.03965761 -0.02086154 -0.01217795 0.07493521 0.00814498 -0.02143881 0.03472701
520.0  0.21527228 0.29321727 -0.08158421 -0.01294536 -0.03101835 0.00200883 0.05167863 -0.00659048 0.01288255 -0.01502919
520.5  -0.68818234 0.63052408 0.04468286 0.02844172 0.00538922 0.00391492 -0.00199921 -0.00448197 0.03889950 -0.00685602
521.0  0.53888953 0.63714092 0.03528030 0.02650852 0.03842149 -0.00726558 -0.05504289 0.01966251 0.04130874 0.02790743
521.5  0.12775619 0.32374891 -0.08204008 -0.01407041 0.02113276 -0.00640775 -0.07488091 -0.02593324 0.02823060 -0.04405010
522.0  -0.67065305 -0.15169658 0.05334658 -0.02689212 -0.02973899 0.00814300 -0.06517589 0.00354460 -0.00414502 0.05470133
522.5  0.57352705 -0.55543227 0.02590648 0.00727762 -0.03990485 -0.00359669 -0.01023457 -0.00372445 -0.02321993 -0.06103341
523.0  0.05739812 -0.67519957 -0.08523690 0.01996301 0.01903198 -0.00609607 0.04754786 -0.00647358 -0.02709143 0.05520343
523.5  -0.64474511 -0.47004979 0.06672589 -0.01427202 0.04747427 -0.03055405 0.07298261 0.01491316 -0.01462856 -0.03664867
524.0  0.60825181 -0.03872168 0.01097709 -0.02200464 0.00238183 -0.03042580 0.06854381 -0.01795848 0.00091026 0.01812849
524.5  0.03516444 0.42939096 -0.08075308 0.00565826 -0.04269439 0.01584583 0.02925823 0.01912179 0.00773878 0.00053276
525.0  -0.64491322 0.67540406 0.07297172 0.02717228 -0.02931150 0.00259117 -0.03112662 -0.01361396 0.02037255 -0.01419291
525.5  0.57487491 0.53584066 0.00443037 0.01128560 0.01857880 -0.01706689 -0.07911570 0.01597894 0.00221950 0.04449278
526.0  0.13713647 0.07960152 -0.07897638 -0.02144343 0.04109543 0.02518289 -0.08451382 -0.01267232 0.00805826 -0.05968151
526.5  -0.69609265 -0.42773596 0.07422255 -0.02756861 0.00900649 -0.01779004 -0.05968818 0.01197668 -0.00005589 0.06445046
527.0  0.47552059 -0.67592937 0.00525468 0.00837220 -0.03201969 0.00259322 -0.00645839 -0.00887945 -0.00369669 -0.06381213
527.5  0.25243346 -0.52452153 -0.07788682 0.03566862 -0.02898352 0.01403481 0.05316389 -0.00030223 -0.00660620 0.05497292
528.0  -0.71057138 -0.08849556 0.07812594 0.00961087 0.00766343 -0.02014669 0.08816953 0.01175491 -0.00103304 -0.03900427
528.5  0.45946728 0.38359643 -0.00858270 -0.03382438 0.03001296 0.01024344 0.07337429 -0.02519413 0.00010613 0.02285348
529.0  0.22634645 0.65676983 -0.06667487 -0.03140494 0.00931952 0.00626419 0.02521618 0.03422222 0.00105998 0.00301870
529.5  -0.69837892 0.60575867 0.08640727 0.01945630 -0.01543455 -0.02090155 -0.04202498 -0.03158824 0.00304435 -0.02741156
530.0  0.52335908 0.26150635 -0.03127641 0.04348116 -0.01055756 0.02141329 -0.09008063 0.02446920 0.00273948 0.04401425
530.5  0.13157851 -0.21646907 -0.05019080 0.00686945 0.00502595 -0.00593472 -0.07938779 -0.00528556 -0.02995660 -0.04717072
531.0  -0.66228876 -0.58817000 0.08732173 -0.03887461 0.01247146 -0.01140190 -0.02902289 -0.01129687 0.03022036 0.04748739
531.5  0.60103693 -0.66421054 -0.05171590 -0.02863496 0.00143861 0.02531455 0.04046763 0.02312194 -0.02104156 -0.04014650
532.0  -0.01341224 -0.43289664 -0.02761262 0.02532786 -0.01116519 -0.02906499 0.08673631 -0.03223309 0.00605036 0.02545801
532.5  -0.57072710 -0.01217701 0.08259438 0.04346132 -0.01409736 -0.00331182 0.08017992 0.02657312 0.01340952 -0.01092023
533.0  0.69359196 0.41045877 -0.07156786 -0.00157269 0.00401291 0.01218449 0.02293738 -0.01267317 -0.02610312 -0.00683468
533.5  -0.29717832 0.64917329 0.00621714 -0.01887444 0.04179418 -0.02329552 -0.04716905 -0.00906217 0.03215975 0.02595955
534.0  -0.32634984 0.63396501 0.06553424 -0.01161172 0.02323225 0.02260758 -0.08888520 0.01542443 -0.03190423 -0.04092798
534.5  0.70152928 0.36482031 -0.08482594 -0.00346712 -0.03226204 0.01096423 -0.05056960 -0.05527676 0.01879453 0.04693072
535.0  -0.54831818 -0.08372895 0.03752909 0.00702885 -0.04836336 -0.02830569 -0.00875275 -0.01565361 0.01039329 -0.04687992
535.5  -0.05189157 -0.50274345 0.04232650 0.00778377 0.00291250 0.02983911 0.04373410 -0.02367689 0.03180035 0.03906761
536.0  0.62884579 -0.67436844 -0.08745950 0.00111893 0.05055771 0.00985497 0.07665877 -0.04370563 0.03953016 -0.02847704
536.5  -0.63199546 -0.46903455 0.04701617 -0.00827337 0.04394761 -0.01497441 0.06767174 -0.04715840 0.03130273 0.01924735
537.0  0.03804865 0.03808714 0.04194518 -0.01211066 -0.00991027 0.03037690 0.02551841 -0.01855747 0.01443124 -0.00899842
537.5  0.59443312 0.52471902 -0.08920761 -0.00052572 -0.05187901 -0.02504496 -0.00197901 0.03175831 -0.00363896 -0.00098929
538.0  -0.65393851 0.66908182 0.04201195 0.01570275 -0.03820844 0.00499723 -0.01379326 0.08036405 -0.01735750 0.01223381
538.5  0.08051633 0.38920340 0.04784098 0.01476037 0.01573651 0.01613777 -0.01401915 0.09411353 -0.02476308 -0.02422634
539.0  0.56671348 -0.14227514 -0.08955147 0.00048418 0.05154019 -0.02981624 -0.01171640 0.06413600 -0.02711772 0.03292984
539.5  -0.67048514 -0.58712063 0.03762161 -0.01408819 0.03309830 0.02268501 -0.01496473 0.00877360 -0.02498251 -0.03898600
540.0  0.11237373 -0.64165188 0.05712149 -0.01872449 -0.02540926 -0.00789007 -0.01583622 -0.05019536 -0.01796219 0.04233572
540.5  0.57015650 -0.24535952 -0.08821487 -0.00521544 -0.05541481 -0.01752357 -0.01039374 -0.08544333 -0.00826008 -0.04515516
541.0  -0.64869548 0.34030329 0.01795263 0.01240908 -0.03005389 0.02938157 -0.00074971 -0.09230281 0.00933372 0.04493221
541.5  0.01143852 0.67054469 0.07587409 0.01573149 0.02230363 -0.02593379 0.01284566 -0.07398760 0.02378284 -0.04210469
542.0  0.64240697 0.48794780 -0.07694816 0.00444456 0.05658318 0.01767843 0.00991712 -0.03275969 0.03138166 0.04044038
542.5  -0.58069177 -0.04726826 -0.01388014 -0.01316770 0.03870807 0.00877987 0.00730896 0.01708321 0.03474518 -0.04071941
543.0  -0.09910816 -0.53934229 0.08440706 -0.01321343 -0.01963922 -0.02641356 0.00126668 0.05956904 0.03333185 0.03502706
543.5  0.65980098 -0.67271603 -0.05997069 0.00739544 -0.05647027 0.03069802 -0.01420975 0.08573323 0.03218963 -0.02583519
544.0  -0.59207239 -0.40564163 -0.01797329 0.01922600 -0.02957929 -0.01992652 -0.01894794 0.07877603 0.03786929 0.01096493
544.5  -0.00901663 0.05599307 0.08021800 0.00503156 0.04265784 -0.00883080 -0.01333895 0.04157987 0.02014009 0.00163649
545.0  0.59969750 0.48110087 -0.06862491 -0.01492853 0.04840675 0.02633108 0.00564360 0.02389717 -0.02853514 -0.01763288
545.5  -0.66647998 0.68035738 -0.00738923 -0.01692684 -0.01089386 -0.02817431 0.03307831 0.01433328 -0.07039146 0.03052850
546.0  0.16825314 0.54132577 0.07257384 0.00059880 -0.05630620 0.01534133 0.04888174 0.00357244 -0.08758640 -0.03598005
546.5  0.48791909 0.14067255 -0.07609636 0.01732850 -0.02993095 0.01108378 0.03879024 -0.00570137 -0.06604964 0.03856673
547.0  -0.71287291 -0.32389673 0.01466257 0.01609834 0.03316313 -0.02694038 0.00964642 -0.02418446 -0.02366608 -0.03339783
547.5  0.30015522 -0.63795531 0.05591825 0.01128054 0.05055835 0.02852254 -0.02030989 -0.03993936 0.02212407 0.02252541
548.0  0.35671870 -0.64114181 -0.07942172 -0.01207219 0.00670565 -0.01397096 -0.03759498 -0.04934386 0.06672532 -0.00658962
548.5  -0.71563998 -0.35770162 0.04188734 -0.04648618 -0.02602991 -0.01080015 -0.04782953 -0.02708454 0.08321668 -0.01106896
549.0  0.49987481 0.05662106 0.02580507 -0.01714579 -0.02292935 0.03222402 -0.04199242 0.01590980 0.04693874 0.02632378
549.5  0.09686220 0.44753339 -0.07548541 0.04480644 0.00544119 -0.03064080 -0.01930753 0.02104274 -0.01824118 -0.03448257
550.0  -0.61479160 0.66383858 0.07291316 0.04108208 0.02338614 0.00868348 0.02963023 0.01065796 -0.06685778 0.03373116
550.5  0.66972388 0.61399672 -0.01438080 -0.02186137 0.00917314 0.01130008 0.06586907 0.01326058 -0.08080008 -0.02765388
551.0  -0.18011246 0.30232568 -0.05569060 -0.05199822 -0.01929377 -0.04754098 0.04538763 0.01358504 -0.05548257 0.01685834
551.5  -0.47580333 -0.16541819 0.08223957 -0.00918973 -0.02091227 0.03180166 0.03490621 0.00019769 -0.01632395 -0.00465015
552.0  0.70984426 -0.56408987 -0.03940165 0.04844688 0.00813717 -0.01773759 -0.02123672 -0.02293630 0.02222526 -0.00755826
552.5  -0.27051085 -0.66887332 -0.03976325 0.03874208 0.02672144 -0.00142886 -0.05270755 -0.05256395 0.04949828 0.01570424
553.0  -0.43317367 -0.40752673 0.08475065 -0.02338803 0.00898247 0.03798343 -0.05924064 -0.05897445 0.05362580 -0.02728888
553.5  0.71398007 0.07638778 -0.04888213 -0.05155029 -0.02500162 -0.03924627 -0.04676149 -0.03332878 0.04258914 0.03447237
554.0  -0.30313055 0.50920090 -0.03196098 -0.00712953 -0.02849827 0.03297916 0.00245469 -0.00592805 0.02207333 -0.03900751
554.5  -0.39938119 0.67601801 0.08381539 0.04849192 0.01318926 -0.01203519 0.05991046 0.00775591 -0.00218535 0.03883710
555.0  0.71581435 0.50505180 -0.05547499 0.03456381 0.03992502 -0.04581494 0.08688955 0.00144434 -0.02281681 0.03414157
555.5  -0.35621164 0.06889815 -0.01377618 -0.02514370 0.00425677 0.02371150 0.08673862 -0.00026359 -0.03581118 0.02016011
556.0  -0.35278794 -0.40339230 0.07193606 -0.04587050 -0.04327901 -0.04217436 0.03127717 0.01012054 -0.03008156 0.00969271
556.5  0.72269638 -0.66270637 -0.06208980 -0.00645339 -0.03805722 0.01957028 -0.02391277 0.02995731 -0.01181398 0.00111106
557.0  -0.33601709 -0.56421918 -0.00754876 0.03737771 0.01378860 0.00789892 -0.06845640 0.04100950 0.01011106 -0.01072928
557.5  -0.40195714 -0.12945442 0.07423558 0.02666361 0.05519271 -0.03506122 -0.08528215 0.03479190 0.03297645 -0.01898992
558.0  0.71057153 0.38756661 -0.06605085 -0.01626535 0.02861234 0.03605476 -0.07207395 0.01605871 0.04447760 -0.02615344
558.5  -0.27646611 0.66327193 -0.00902916 -0.03174290 -0.03036712 -0.03030140 -0.02048564 -0.02176970 0.02889025 -0.03338558
559.0  -0.44640397 0.56699165 0.07493890 -0.00393493 -0.04846439 0.00899647 0.03799907 -0.03118074 -0.01346865 -0.03665659
559.5  0.71128864 0.16809816 -0.06822972 0.03046525 0.00688060 0.02553143 0.05108523 0.03993958 -0.06215861 -0.03405542
560.0  -0.29128485 -0.33022914 -0.00407029 0.00433842 0.05862831 -0.03577275 0.00942124 0.06210636 -0.07758780 -0.02807653
560.5  -0.40172923 -0.64824707 0.07040605 -0.03004397 0.00887217 0.03282610 -0.02113164 0.04515900 -0.05373329 -0.01721411
561.0  0.71871205 -0.60098623 -0.07306110 0.00324312 -0.04982602 -0.01261401 -0.02483465 0.01409061 -0.01212731 -0.00487305
561.5  -0.31195062 -0.19437769 0.00076648 0.03684109 -0.04597910 -0.01911117 -0.01561019 -0.01552862 0.03143052 0.02002697
562.0  -0.42372480 0.35607816 0.07301113 0.02618957 0.00387453 0.03737845 0.00156072 -0.03609627 0.06438587 0.03436528
562.5  0.70771675 0.67209834 -0.06401432 -0.01449382 0.04941189 -0.03632849 0.02640000 -0.04456482 0.08049533 0.04457544
563.0  -0.22285844 0.50263215 -0.01373071 -0.04197483 0.04248332 0.01931028 0.03239086 -0.04267614 0.08204197 0.05035260
563.5  -0.50300166 -0.02864304 0.07541070 -0.02538785 -0.00763883 0.01318423 0.02631156 -0.02444232 0.06476978 0.05021478
564.0  0.69013981 -0.53345098 -0.05395151 0.02254766 -0.04808361 -0.03694865 0.00859603 -0.00181491 0.03309884 0.04590536
564.5  -0.17824379 -0.66635258 -0.02496115 0.04396394 -0.03374325 0.03886271 -0.01573279 0.02044080 -0.00590544 0.04049606
565.0  -0.50089607 -0.36788627 0.07603791 0.01165777 0.02099959 -0.01578967 -0.03192036 0.03364279 -0.04740424 0.02994870
565.5  0.70424708 0.14852473 -0.05119216 -0.03537585 0.05025883 -0.01839960 -0.03207745 0.03267682 -0.07955200 0.01683689
566.0  -0.25999505 0.57748058 -0.02307206 -0.03926490 0.01737906 0.04022948 -0.01405420 0.01365730 -0.09313207 0.00154420
566.5  -0.41484053 0.65978444 0.07185090 0.00683772 -0.03787334 -0.03581891 0.01177798 -0.00691883 -0.07799017 -0.01346415
567.0  0.71897808 0.34286274 -0.05330920 0.04741435 -0.04716342 0.00648040 0.02854986 -0.02279648 -0.04165125 -0.02582336
567.5  -0.35289031 -0.16910937 -0.01977633 0.02850696 -0.00475727 0.02748268 0.03384031 -0.02936713 0.00422819 -0.03440930
568.0  -0.34272508 -0.58318762 0.07272959 -0.02958107 0.03934163 -0.04390787 0.01963384 -0.01461596 0.05224793 -0.04471592
568.5  0.71050065 -0.66285187 -0.04948484 -0.05619449 0.03545278 0.03262978 -0.00482485 0.00697706 0.08364818 -0.05304568
569.0  -0.46699035 -0.37465958 -0.01391904 -0.00844947 -0.01512059 0.00462972 -0.02510603 0.02620181 0.08572142 -0.06039747
569.5  -0.15959319 0.07507328 0.06262196 0.05691323 -0.03487253 -0.03126928 -0.03017405 0.03959195 0.05512177 -0.05601447
570.0  0.65182282 0.47427478 -0.05966270 0.04276431 -0.00290817 0.04357217 -0.01980141 0.02015155 0.00146276 -0.04387561
570.5  -0.64547425 0.67680734 0.00700841 -0.03451648 0.02382634 -0.02110773 0.00693734 -0.02055165 -0.05000476 -0.02319316
571.0  0.17941917 0.58393099 0.04980391 -0.06748732 0.00969185 -0.02169469 0.02244846 -0.05357926 -0.07271334 -0.00254089
571.5  0.43925964 0.24125663 -0.06716075 -0.00502927 -0.01536804 0.03952781 0.01882369 -0.06670505 -0.05806363 0.01790177
572.0  -0.71962455 -0.22097629 0.03012236 0.06696903 -0.01036342 -0.03503984 0.01219093 -0.03624511 -0.02130895 0.03386418
572.5  0.39567157 -0.59923928 0.03482868 0.04734746 0.01225514 0.00651493 -0.00723405 0.02301026 0.01130008 0.04557279
573.0  0.28124613 -0.65101639 -0.06975534 -0.03096718 0.01072616 0.03328020 -0.01742230 0.06741773 0.03263565 0.05670601
573.5  -0.71157494 -0.32110815 0.03599456 -0.06786511 -0.01441010 -0.03246196 -0.02297806 0.09686241 0.03217134 0.05422857
574.0  0.46337084 0.19791808 0.03415142 -0.01884528 -0.02497852 0.04642954 -0.01243061 0.07293723 0.01679157 0.05465519
574.5  0.22532757 0.60027366 -0.06548797 0.04545475 0.01710201 -0.00636790 0.00605516 0.02230506 0.00533975 0.05091434
575.0  -0.69598810 0.64725367 0.03164859 0.03677745 0.05068289 -0.02866946 -0.00373779 -0.04866688 0.00449686 0.04478302
575.5  0.52288099 0.32431679 0.02879040 -0.01495775 0.00922518 0.03596810 -0.03857495 -0.09308730 0.01449961 0.02938873
576.0  0.13438157 -0.17766373 -0.06122055 -0.03379525 -0.04973996 -0.03564609 -0.04038120 -0.08767050 0.02520713 0.01135133
576.5  -0.66900257 -0.58333900 0.03567027 -0.00431746 -0.04739235 -0.00288464 -0.01980938 -0.05294962 0.02546190 -0.00667555
577.0  0.56737726 -0.65547300 0.02329353 0.02463897 0.01687367 0.03411034 0.01325362 -0.00355959 0.01431461 -0.02249616
577.5  0.10766303 -0.34315914 -0.06049162 0.01273411 0.06317985 -0.04134112 0.04392291 0.04073008 -0.00555463 -0.03847822
578.0  -0.67649377 0.17994878 0.03681670 -0.01412073 0.03195252 0.02502905 0.03965066 0.06990566 -0.02260991 -0.05019618
578.5  0.52987624 0.59948137 0.02508760 -0.01651545 -0.03687482 0.01410742 0.01134872 0.08271181 -0.03806610 -0.05691740
579.0  0.16590589 0.64961029 -0.06191563 0.00425017 -0.06241885 -0.03977461 -0.01747828 0.07697803 -0.04766625 -0.06244681
579.5  -0.69192216 0.33386799 0.03663908 0.01954058 -0.01060370 0.03943680 -0.04751976 0.05283796 -0.04743257 -0.06061427
580.0  0.53051635 -0.13000271 0.01980933 0.00305334 0.05535112 -0.01877083 -0.03719375 0.01768152 -0.03676749 -0.04971765
580.5  0.12295974 -0.52563286 -0.05886598 -0.02413607 0.04147888 -0.02589959 0.01287249 -0.02306094 -0.01255018 -0.03529672
581.0  -0.64686978 -0.68226133 0.04914497 -0.01229066 -0.03104130 0.04933111 0.04247430 -0.05153327 0.02314685 -0.01190367
581.5  0.62075272 -0.53588819 0.00211959 0.02336854 -0.05612863 -0.02100836 0.05531688 -0.05219507 0.06077649 0.01884659
582.0  -0.03891487 -0.17020981 -0.05094020 0.02003007 -0.00350843 -0.01038892 0.01784026 -0.03243410 0.08008277 0.03558844
582.5  -0.58391935 0.28777452 0.05670108 -0.01783271 0.05468767 0.04099660 -0.02797550 -0.00794582 0.07898570 0.04928035
583.0  0.65941282 0.62963299 -0.01141006 -0.03388372 0.03899329 -0.04118882 -0.05335821 0.01387275 0.06108769 0.05745363
583.5  -0.11232516 0.63483204 -0.04365817 -0.00294757 -0.02819606 0.01346369 -0.05505328 0.02376014 0.02853999 0.05554647
584.0  -0.55830540 0.29511046 0.05746114 0.03373586 -0.05644556 0.01707949 -0.02269920 0.02443738 -0.01072122 0.05113807
584.5  0.67824903 -0.20256575 -0.01667091 0.02647278 -0.01332126 -0.04225551 0.02767978 0.01781458 -0.04914200 0.04212692
585.0  -0.14987094 -0.59736427 -0.03919075 -0.01571345 0.04437663 0.04264702 0.05703467 0.00704296 -0.07945681 0.02612347
585.5  -0.49968193 -0.65575976 0.05788551 -0.03619891 0.04341072 -0.01510715 0.05734465 -0.00704692 -0.09077379 0.00983658
586.0  0.70832494 -0.35026801 -0.02367794 -0.00803736 -0.01524455 -0.02002841 0.02755016 -0.01909042 -0.07752503 0.00898381
586.5  -0.29219815 0.14286795 -0.03168205 0.02825124 -0.05180504 0.04517524 -0.02493231 -0.02206656 -0.04361551 0.02727933
587.0  -0.38563032 0.56783688 0.05815698 0.02713703 -0.01769429 -0.04133819 -0.05639201 -0.02177949 0.00300547 0.04312514
587.5  0.71752555 0.65774392 -0.02918804 -0.00624180 0.04179641 0.00533583 -0.06232215 -0.01215984 0.05009740 0.05352961
588.0  -0.37268176 0.31316961 -0.02934857 -0.02760868 0.05608208 0.02214325 -0.03732656 0.00371713 0.08073425 0.05835115
588.5  -0.34984003 -0.25942263 0.05748131 -0.01983323 0.00421099 -0.04607610 0.00882889 0.01665241 0.09014926 0.05832802
589.0  0.71711047 -0.64987217 -0.02382283 -0.00267378 -0.05398585 0.04648476 0.03809693 0.03526217 0.06988731 0.05771973
589.5  -0.34947398 -0.55681402 -0.03744315 0.00722742 -0.05913464 -0.02566946 0.05340558 0.04701422 0.01543880 0.04830555
590.0  -0.36854352 -0.07038251 0.05619107 0.01650173 -0.00127154 -0.00123077 0.02783740 0.01301084 -0.05835394 0.04136388
590.5  0.72119526 0.44539405 -0.02043401 0.01961828 0.05570323 0.02677988 -0.07087811 -0.01366445 -0.05236984 0.03073635
591.0  -0.40226032 0.67825163 -0.03499040 0.00787354 0.04660661 -0.03977150 -0.10328468 0.00993852 -0.00807633 0.01159832
591.5  -0.25410343 0.50569732 0.05803420 -0.01805398 -0.01778106 0.03086436 -0.06919537 -0.01008015 0.03549460 -0.00229305
592.0  0.69698414 0.04946413 -0.02638591 -0.02289120 -0.06076828 -0.00177494 0.00889748 0.00250471 0.06097280 -0.01652640
592.5  -0.54048181 -0.42149422 -0.02973853 0.00844380 -0.03229524 0.04168198 0.07585457 0.00400482 0.06501838 -0.02997382
593.0  -0.11052974 -0.67145689 0.05880296 0.03393775 0.03503797 0.05594542 0.08805757 -0.01354946 0.05046907 -0.03870563
593.5  0.65326202 -0.53164674 -0.02786749 0.01965969 0.06172150 0.02721108 0.05191958 0.01162618 0.02228060 -0.04641964
594.0  -0.58881215 -0.05384574 -0.03011509 -0.02391546 0.02302904 -0.01764111 -0.01142042 -0.01252017 -0.01214123 -0.05142983
594.5  -0.04180630 0.44244553 0.05441180 -0.04463445 -0.04653681 -0.04326023 -0.07337045 0.00583538 -0.04351405 -0.05037251
595.0  0.64005909 0.66874442 -0.02435492 -0.01515125 -0.06765459 -0.03642071 -0.08240815 0.00239634 -0.06848928 -0.04963831
595.5  -0.62546921 0.51978566 -0.03174322 0.03281288 -0.01157002 -0.00471238 -0.03683541 -0.00818309 -0.07231946 -0.04574539
596.0  0.07089342 0.07649852 0.05563982 0.04149236 0.06363452 0.02300492 0.02391416 0.01610362 -0.05436441 -0.03455295
596.5  0.53467604 -0.39316847 -0.02855514 -0.00450030 0.06211407 0.02720109 0.07338325 -0.00978736 -0.01559354 -0.02061348
597.0  -0.70756405 -0.65224005 -0.02190623 -0.04107129 -0.02126812 0.00967701 0.06488878 0.00508080 0.03272590 -0.00589797
597.5  0.29697385 -0.59972671 0.05472835 -0.01567404 -0.07922946 -0.00849902 -0.00043944 0.00152959 0.06679652 0.01372415
598.0  0.35231186 -0.22934510 -0.04015741 0.03260640 -0.03037133 -0.01637177 -0.06180886 -0.02071010 0.06997138 0.03299665
598.5  -0.71416778 0.27804134 -0.01128248 0.02502271 0.05813018 -0.00298138 -0.08396326 0.01473798 0.04729384 0.04900284
599.0  0.45014718 0.62893282 0.05185132 -0.02517709 0.06717370 0.00816644 -0.04913458 -0.01385379 0.00684652 0.05638920
599.5  0.23282469 0.61441803 -0.04293439 -0.03584190 -0.01401978 -0.02648446 0.01465934 0.00170402 -0.02424383 0.05986221
600.0  -0.69731782 0.22924598 -0.00424929 0.01030089 -0.07477933 0.04057335 0.07203656 0.01977899 -0.04316407 0.05385432
600.5  0.51931371 -0.28723761 0.04636187 0.04500314 -0.03609979 -0.03162113 0.08842403 -0.01484977 -0.05672791 0.03990032
601.0  0.12715041 -0.63075094 -0.04875330 0.00972756 0.04838755 0.00098050 0.05124928 0.02213443 -0.04747181 0.02548211
601.5  -0.65425201 -0.63178315 0.00655672 -0.04399535 0.06672789 0.02870201 -0.01157179 -0.00267448 -0.03001804 0.00182573
602.0  0.61077444 -0.30443817 0.04022220 -0.03715461 -0.00230051 -0.04063675 -0.06953167 -0.00266592 -0.00330725 -0.02412240
602.5  -0.02462403 0.17091638 -0.05289930 0.03080566 -0.06437617 0.02515023 -0.09493336 0.01486407 0.02696343 -0.04172601
603.0  -0.59675348 0.56365114 0.02048277 0.05575936 -0.03501078 0.00180831 -0.07475914 -0.01387361 0.04635493 -0.05442843
603.5  0.64521048 0.67073755 0.03068466 0.00116653 0.03712342 -0.02987984 -0.01590740 0.01675376 0.05253586 -0.05861344
604.0  -0.04810893 0.39542588 -0.05409975 -0.05574579 0.05235769 0.04067687 0.03753363 -0.02096156 0.03917139 -0.04993977
604.5  -0.61197755 -0.10773492 0.02470039 -0.04256616 -0.00340827 -0.02404079 0.08374257 -0.00845455 0.01740176 -0.03805846
605.0  0.61556817 -0.53778400 0.02908270 0.03524627 -0.04839697 0.00802206 0.09509788 0.00559277 -0.00958180 -0.02138327
605.5  0.06287968 -0.67113673 -0.05255344 0.07560452 -0.01734712 0.01379776 0.07068652 -0.01691291 -0.03271372 0.00135873
606.0  -0.65493021 -0.43483786 0.02736843 0.00606260 0.03282980 -0.03543072 0.02036074 0.02228881 -0.04604835 0.02378602
606.5  0.56700496 0.03765212 0.02368142 -0.07206625 0.02720975 0.03554893 -0.04127076 -0.01415776 -0.04886021 0.04125823
607.0  0.09122369 0.46874817 -0.05354722 -0.05102613 -0.02274371 -0.01725541 -0.08479870 0.00507189 -0.02896547 0.05645206
607.5  -0.66952063 0.66810050 0.03333262 0.04386174 -0.03681123 -0.00613257 -0.09126875 0.00765080 0.00109064 0.06085774
608.0  0.56506380 0.54671849 0.01448026 0.07571951 0.00143929 0.03110663 -0.05702230 -0.00646986 -0.03300858 0.06166608
608.5  0.10038882 0.11505951 -0.05077399 -0.00329307 0.03773215 -0.03740475 0.00235906 0.01084873 -0.05082119 0.05129926
609.0  -0.66906982 -0.39588321 0.03777583 -0.07449068 0.02446631 0.02848572 0.05556128 -0.00525188 -0.05022636 0.03635048
609.5  0.53796594 0.66507900 0.01532540 -0.04661394 -0.02008783 -0.00248562 0.08652210 -0.00888928 -0.03186240 0.02044809
610.0  0.17457031 -0.51740541 -0.05335015 0.04103620 -0.03591287 -0.02028395 0.08666112 -0.01998749 -0.00405554 0.00954036
610.5  -0.70792626 0.03942835 0.03561285 0.07902994 -0.00616132 0.02636842 0.05135465 0.00701647 0.02501933 -0.01068335
611.0  0.51023923 0.45948560 0.01948591 0.01692536 0.03290188 -0.02870643 -0.00963395 -0.01729983 0.03770607 -0.02805710
611.5  0.18762839 -0.65999105 -0.05478382 -0.06968701 0.02108990 0.01743148 -0.06695164 -0.00001132 0.03959203 -0.04597147
612.0  -0.69790237 0.44645648 0.03889382 -0.06188813 -0.02273416 0.00689372 -0.10225796 0.00866233 0.02076096 -0.05796119
612.5  0.56363852 0.04417796 0.01434802 0.02654466 -0.02641461 -0.02067373 -0.07752307 -0.01923570 -0.00781118 -0.05839212
613.0  0.08201169 -0.51189318 -0.05824242 0.08051583 0.01545336 0.02721248 -0.01199674 0.02605962 -0.02937753 -0.05900981
613.5  -0.65691067 0.65302012 0.04895957 0.02422077 0.03771845 -0.01536381 0.05748957 -0.01876831 -0.04353529 -0.05277155
614.0  0.62149757 -0.35939884 0.01026587 -0.06458014 0.00250089 -0.00702754 0.10131349 0.00769611 -0.04474964 -0.03686013
614.5  0.01546811 -0.17978685 -0.06097698 -0.06574960 -0.04204811 0.02657170 0.08138726 0.00753551 -0.03195602 -0.02604868
615.0  -0.64665886 0.58656225 0.04977416 0.01536376 -0.03397269 -0.02544959 0.01959240 -0.01916126 -0.01504977 -0.01018890
615.5  0.65892617 -0.58311177 0.01321827 0.07408934 0.02848856 0.00560698 -0.04806214 0.02622815 0.00476881 0.01018827
616.0  -0.05261676 0.21242002 -0.06225343 0.03999980 0.06429227 0.01792847 -0.09199359 -0.02784062 0.02938795 0.02180053
616.5  -0.60258696 0.25355335 0.04773437 -0.03521182 0.01284760 -0.03205173 -0.07715855 0.01615027 0.04296170 0.03715260
617.0  0.75419882 -0.55140936 0.01099378 -0.06018947 -0.06812208 0.01839485 -0.01946766 -0.00149659 0.04186605 0.05088693
617.5  -0.31078536 0.56653211 -0.05974784 0.00572795 -0.06051871 0.00717691 0.05142447 -0.01823668 0.02685472 0.05379597
618.0  -0.37374246 -0.33496358 0.05795136 0.02641098 0.05566486 -0.02400743 0.09161672 0.03026137 0.00236299 0.05618372
618.5  0.78826403 -0.02846969 -0.00523407 -0.05242478 0.07019885 0.02644161 0.07245729 -0.01774144 -0.03080254 0.05096362
619.0  -0.60508587 0.37844217 -0.05549916 -0.03844441 -0.00981847 -0.00692516 0.01255402 0.01433998 -0.03616231 0.03545748
619.5  -0.06616151 -0.56212987 0.06609631 0.03701527 -0.06065762 -0.01815298 -0.05976688 0.01299083 -0.03821953 0.02346887
620.0  0.69136394 0.47489819 -0.01566319 0.06682378 -0.03187340 0.02350546 -0.10178057 -0.02291189 -0.03458863 0.00929357
620.5  -0.72199989 -0.13300545 -0.04895982 0.01018820 0.03503592 -0.02022115 -0.07841293 0.03278201 -0.01215923 -0.00690025
621.0  0.12036383 -0.29969101 0.06875326 -0.06025717 0.05424563 -0.00049806 -0.02055314 -0.02140690 0.00862575 -0.02181375
621.5  0.57418115 0.57761567 -0.02106557 -0.05487329 0.00834585 0.02133652 0.05299089 0.00027522 0.02861290 -0.03554541
622.0  -0.75523226 -0.53025774 -0.04756066 0.02074493 -0.04904824 -0.02228581 0.09886540 0.01469176 0.04091717 -0.04693092
622.5  0.28437157 0.16840140 0.06931668 0.07235214 -0.04567762 0.01941476 0.08095305 -0.02923273 0.03303245 -0.05397980
623.0  0.42487614 0.31277570 -0.02633585 0.02848688 0.01399346 0.00362459 0.01946893 0.02643614 0.01980140 -0.05669857
623.5  -0.75342717 -0.61812754 -0.04315581 -0.05323537 0.05445706 -0.02116135 -0.05124530 -0.01621893 -0.00001952 -0.05415060
624.0  0.37964065 0.52045244 0.07055463 -0.07109746 0.03119107 0.02658787 -0.09461069 -0.00059332 -0.01542842 -0.04624421
624.5  0.37273143 -0.04394168 -0.02197455 -0.00498405 -0.02528636 -0.02188968 -0.09123904 0.01558671 -0.01964090 -0.03646976
625.0  -0.74471436 -0.47832360 -0.05350936 0.07284350 -0.04996563 0.00649845 -0.04940044 -0.02509663 -0.02382127 -0.02639225
625.5  0.32025258 0.63317841 0.07227889 0.07075086 -0.01902214 0.01033362 0.01455255 0.02880800 -0.02087628 -0.01593431
626.0  0.45072707 -0.30133569 -0.00770057 -0.01726056 0.03054377 -0.02318136 0.06825816 -0.02039802 -0.01920759 -0.00405026
626.5  -0.73897184 -0.24200320 -0.06569130 -0.08383229 0.04486587 0.02331661 0.09089604 0.01735757 -0.01956423 0.01020448
627.0  0.27240317 0.60052036 0.07181844 -0.05743474 0.01076783 -0.01760617 0.07605479 0.01379536 -0.01894164 0.02740279
627.5  0.44641940 -0.57883502 -0.00444370 0.03952675 -0.03459872 0.00628302 0.02960810 -0.01174102 0.00106857 0.04439370
628.0  -0.74632943 0.24502441 -0.06478415 0.08878364 -0.04390040 -0.00111744 -0.03692227 0.03348443 0.03142297 0.06029117
628.5  0.39061477 0.20034761 0.07462182 0.01423057 0.01028402 -0.01911160 -0.05640734 -0.05282576 0.05383237 0.06110685
629.0  0.29344481 -0.55277970 -0.02267482 -0.06339395 0.06245579 0.01158314 -0.06878509 0.03261890 0.05790908 0.05358471
629.5  -0.71485975 0.65721701 -0.04881126 -0.04986638 0.04348595 -0.00867852 -0.03258678 -0.00954577 -0.04055036 0.03996996
630.0  0.50026247 -0.45673090 0.07981964 0.01026320 -0.03861899 -0.00680654 0.02689245 -0.02111330 0.00464263 0.01784434
630.5  0.15961281 0.02429975 -0.03992321 0.04367679 -0.08757909 0.01771877 0.06165640 0.04548950 0.02539218 -0.00536197
631.0  -0.65190076 0.43873907 -0.03724107 0.02122140 -0.01674218 -0.00229384 0.06938387 -0.05156790 -0.04856230 -0.02838989
631.5  0.52798339 -0.70053819 0.08167244 -0.01420002 0.08016410 0.00014239 0.02805210 0.04295417 0.05609511 -0.04609237
632.0  0.06724803 0.63379218 -0.05885840 -0.02340711 0.06691498 0.00764953 -0.03405010 -0.01345134 -0.05385501 -0.05967540
632.5  -0.58311173 -0.27930015 -0.01071691 -0.00555452 -0.04080897 -0.00907433 -0.06990695 -0.02325996 0.02908145 -0.06034095
633.0  0.59110117 -0.19792816 0.07191283 0.01201864 -0.09170280 -0.00223687 -0.06088078 0.04971897 0.00128462 -0.04793239
633.5  -0.10132320 0.59016352 -0.07852526 0.01484977 -0.01301505 0.01179519 -0.00687756 -0.05460196 -0.03256598 -0.02331178
634.0  -0.48297674 -0.71951563 0.02357726 -0.00090868 0.08915893 -0.01493548 0.04895204 0.03608659 0.05003069 0.00479749
634.5  0.66039089 0.49694713 0.05269660 -0.01425600 0.07153567 0.00522505 0.06932207 -0.00085397 -0.05496855 0.02673516
635.0  -0.23140185 0.00226506 -0.08473472 -0.00775926 -0.03577862 0.00935075 0.05654134 -0.02882947 0.03967957 0.04422357
635.5  -0.44121406 -0.50967132 0.03541354 0.00777586 -0.10079876 -0.02239169 0.00941677 0.04704032 -0.01483341 0.05615227
636.0  0.68817007 0.68886026 0.05142415 0.01643295 -0.04870373 0.02550806 -0.03731227 -0.04573742 -0.01174672 0.06305160
636.5  -0.22626515 -0.39029270 -0.08198321 0.00457101 0.05473934 -0.01441432 -0.06708203 0.02514460 0.03649222 0.06057079
637.0  -0.47605778 -0.18341768 0.02565885 -0.02209073 0.09567527 -0.00410319 -0.06636572 0.00315180 -0.04823543 0.05865717
637.5  0.69388567 0.61987760 0.05689823 -0.01991731 0.02974168 0.02434436 -0.02931377 -0.03327204 0.04779814 0.05265647
638.0  -0.22555836 -0.61755194 -0.08027496 0.01055522 -0.06781668 -0.03126591 0.02380966 0.04980194 -0.03393861 0.03919576
638.5  -0.45523072 0.19479479 0.01888984 0.03130339 -0.08764508 0.02009246 0.06891726 -0.04440995 0.01059188 0.03061999
639.0  0.70213115 0.35629521 0.06525371 0.01089106 0.01236225 0.04827603 0.07933519 0.01430347 0.02065455 0.01439516
639.5  -0.28644183 -0.67061779 -0.08086026 -0.02546052 0.08030334 -0.03337664 0.02674459 0.02257391 -0.04221827 -0.00320935
640.0  -0.40404971 0.53469365 0.01184552 -0.03474424 0.05526522 -0.00713845 -0.04839515 -0.05084820 0.05127100 -0.01651088
640.5  0.70232707 -0.02875190 0.07098847 -0.00105482 -0.03143064 0.04316107 -0.08859598 0.05993193 -0.03817905 -0.02712857
641.0  -0.29613184 -0.49888134 -0.08068517 0.03516525 -0.08204537 -0.05155190 -0.07500967 -0.04364370 0.02132644 -0.04075425
641.5  -0.41496709 0.67516560 0.00451072 0.03061243 -0.04189638 0.02782501 -0.02619809 0.01131567 0.00224520 -0.05378877
642.0  0.71087163 -0.39671723 0.07662812 -0.00829185 0.04358510 0.01949105 0.03967804 0.02430807 -0.02086676 -0.05616460
642.5  -0.31340544 -0.11699130 -0.07897469 -0.03876603 0.08449284 -0.06170197 0.08575010 -0.05077410 0.02752385 -0.06288332
643.0  -0.38005697 0.53176490 0.00395329 -0.02139143 0.02605194 0.06598123 0.07725699 0.04973906 -0.03141728 -0.06119156
643.5  0.74368654 -0.63426251 0.07378894 0.02548279 -0.06481102 -0.02464262 0.03064443 -0.02906959 0.01444748 -0.05435503
644.0  -0.46746300 0.40865643 -0.08423402 0.03785577 -0.07355292 -0.04158366 -0.03341296 0.00491612 0.00029125 -0.04294271
644.5  -0.22272230 0.01187472 0.01686699 0.00473519 0.00084310 0.08328497 -0.08319134 0.00044696 -0.00957733 -0.02519074
645.0  0.74519677 -0.41152181 0.06716185 -0.03711842 0.07622925 -0.07268215 -0.07675599 -0.01373478 0.02767499 -0.00576922
645.5  -0.60922948 0.57951678 -0.08780566 -0.02293855 0.06743627 0.01959784 -0.02724559 0.01946626 -0.01708193 0.01199205
646.0  -0.11204276 -0.41196116 0.01925685 -0.01173048 -0.02248890 0.04304067 0.03544375 -0.03043471 0.00450061 0.02585950
646.5  0.74288175 -0.00582214 0.07115758 -0.05335860 -0.07494683 -0.07587282 0.07785291 0.03752640 0.01200208 0.03569242
647.0  -0.64423941 0.41575220 -0.08665759 -0.03349140 -0.05334973 0.06603570 0.07853265 -0.02234351 -0.03627180 0.04561607
647.5  -0.09335625 -0.55087047 0.00647252 0.02188078 0.02436718 -0.01358020 0.03633332 0.00296717 0.03829814 0.05265574
648.0  0.73720770 0.32490627 0.07819326 0.04209904 0.08237321 -0.04109132 -0.02589014 0.02356916 -0.01924100 0.06237331
648.5  -0.67248703 0.11143354 -0.08153043 0.01809388 0.04772833 0.05772730 -0.07659626 -0.04127818 -0.01102468 0.06140759
649.0  -0.01973096 -0.47822302 0.00381368 -0.01753858 -0.04154613 -0.05599274 -0.07377364 0.02838177 0.04108952 0.05874364
649.5  0.68968465 0.53924456 0.07785523 -0.02775179 -0.08760045 -0.00588613 -0.02959579 -0.01164462 -0.05572344 0.05430071
650.0  -0.71780344 -0.24935100 -0.08199697 -0.00831828 -0.03559734 0.05564183 0.03477885 -0.00874642 0.04652483 0.04474872
650.5  0.06331935 -0.21033460 0.00309898 0.01480233 0.05809884 -0.06908104 0.07728588 0.01949087 -0.01912957 -0.03265406
651.0  0.65924632 0.52973381 0.07691845 0.01338848 0.08838602 0.03859399 0.07193360 -0.01427300 -0.00702154 0.01805733
651.5  -0.73304842 -0.48682450 -0.07699574 0.00014644 0.02203912 0.02295554 0.02548946 0.00917083 0.03435651 -0.00096245
652.0  0.07642747 0.12358459 -0.00091379 0.00067167 -0.06742893 -0.06771995 -0.03833722 0.00175407 -0.05119077 -0.01772527
652.5  0.65605183 0.29926407 0.07636146 -0.00121140 -0.08528148 0.06535838 -0.07600187 -0.01189597 0.05680788 0.03483453
653.0  -0.76711752 -0.52366731 -0.07928359 -0.00186122 0.00058679 -0.01423810 -0.06895463 0.02179623 -0.05112796 -0.04624731
653.5  0.18548658 0.46449508 0.01122757 -0.00480372 0.08845196 -0.04729274 -0.02184955 -0.02391980 0.03155383 0.05435765
654.0  0.55521691 -0.19750437 0.06422747 -0.00701195 0.05772670 0.07266133 0.04695837 0.01318604 -0.00004969 -0.05625380
654.5  -0.83069033 -0.13811419 -0.08750157 0.00329935 -0.04728015 -0.04061517 0.07656582 0.00513277 -0.03210641 0.04870018
655.0  0.40835080 0.40918547 0.03980499 0.01547490 -0.09210659 -0.02829062 0.05567502 -0.02315197 0.05134158 -0.03408211
655.5  0.37266049 -0.51539152 0.04340210 0.00404770 -0.01154377 0.07183396 0.00417475 0.03255758 -0.05299594 0.01346439
656.0  -0.82592428 0.40236010 -0.08907952 -0.02441565 0.08281256 -0.06304928 -0.05376826 -0.02655724 0.03578161 0.00814528
656.5  0.50584323 -0.09206411 0.05563549 -0.02507273 0.07032617 0.01415623 -0.07746099 0.01051064 -0.00699509 -0.02861511
657.0  0.30100585 -0.28849927 0.02825812 0.00977515 -0.02937988 0.05040809 -0.05578622 0.01501750 -0.01827068 0.04161057
657.5  -0.79598294 0.54215670 -0.08878612 0.04340652 -0.08805116 -0.07956024 -0.01421098 -0.03525321 0.03246354 -0.05056651
658.0  0.49148375 -0.51100662 0.06580214 0.02083184 -0.03652473 0.06254437 0.04771632 0.04093239 -0.03039570 0.05713791
658.5  0.28469054 0.19011118 0.02241209 -0.03495058 0.05156689 -0.00839931 0.05429299 -0.05935592 0.02704453 -0.05507160
659.0  -0.76533798 0.25229175 -0.09024938 -0.05133353 0.07747793 -0.05485146 0.07458001 0.00656765 -0.00353532 0.04286911
659.5  0.50348091 -0.56556095 0.07298592 0.00064762 0.00483256 0.08665792 0.03318664 0.00040261 -0.01642607 -0.02573200
660.0  0.24108052 0.55733257 0.01096307 0.06002571 -0.07234256 -0.06894574 -0.02027026 0.00652681 0.04180369 0.00517063
660.5  -0.75026597 -0.20654775 -0.08665048 0.04065785 -0.05652184 0.03114062 -0.06074992 -0.01173243 -0.05108312 0.01234269
661.0  0.50623076 -0.28771050 0.07850079 -0.02828148 0.02408309 0.09119374 0.01580128 0.00525737 0.04407963 -0.02808831
661.5  0.26550536 0.59319168 0.01108220 -0.06771113 0.07460226 0.06761055 0.06213452 0.01106184 -0.02817952 0.03867411
662.0  -0.76316410 -0.48166512 -0.08983951 -0.03359940 0.04016171 0.01232567 0.07553316 -0.00688444 0.00431142 -0.04729709
662.5  0.45993684 0.02913216 0.07280843 0.04798838 -0.02904215 -0.04463782 0.04578959 0.03032630 0.01977019 0.05302789
663.0  0.30909902 0.43568890 0.01923750 0.09011204 -0.05736956 -0.08418789 0.01216940 -0.02174260 -0.03456476 -0.05660449
663.5  -0.76199235 -0.60539910 -0.09008917 0.02166822 -0.02460958 -0.07575658 -0.03954184 0.01871160 0.04441212 0.05532557
664.0  0.51101859 0.40713331 0.07285419 -0.09026697 0.00456043 -0.02196421 -0.07149007 -0.00350936 -0.04221264 -0.04991324
664.5  0.16869373 0.01559773 0.00864066 -0.09271586 0.00517404 0.03881798 -0.05043702 -0.01879892 0.02320799 0.03773447
665.0  -0.69366224 -0.43122993 -0.07740376 0.02049876 0.02487428 0.07974656 0.00275531 0.02632574 -0.00382573 -0.02082469
665.5  0.65000023 0.62979431 0.08428186 0.10642230 0.03648504 0.02430661 0.07487458 -0.03102128 -0.01751841 0.00455383
666.0  -0.07678965 -0.50539332 -0.02013859 0.05139865 0.00103109 -0.06569989 0.02509557 0.02549149 0.03528900 0.01508423
666.5  -0.55724711 0.10584914 -0.06744867 -0.07199509 -0.04810306 -0.04337199 -0.04468158 -0.01393356 -0.03836490 0.03439647
667.0  0.70453261 0.36808267 0.09605797 -0.09007527 -0.04942895 0.01094441 -0.08162280 0.00178644 0.03527517 0.04361457
667.5  -0.22020626 -0.64486579 -0.03558823 0.00142027 0.01225990 0.05405912 -0.06377468 0.01619812 -0.03020524 0.05131738
668.0  -0.46124622 0.55439835 -0.05459907 0.07391888 0.07722362 0.06593267 -0.00302450 -0.03001076 0.01836979 0.04867219
668.5  0.72271246 -0.15142978 0.09547684 0.04917924 0.04908652 0.02592336 0.05882621 0.03722635 -0.00644903 0.03826311
669.0  -0.33894864 -0.32752993 -0.05443558 -0.02564869 -0.05387338 -0.03862038 0.07781710 -0.03667250 -0.00715917 0.02906706
669.5  -0.34598287 0.61798557 -0.03504568 -0.05909853 -0.09562084 -0.07491145 0.05216865 0.01979433 0.02235943 0.01436001
670.0  0.74079230 -0.57035922 0.09497729 -0.01568976 -0.01788321 -0.06186665 -0.00340841 0.00146065 -0.03057545 -0.00187104
670.5  -0.49233420 0.21229274 -0.06936022 0.03917014 0.08743383 -0.00922308 -0.06178800 -0.01252633 0.03031562 -0.01991667
671.0  -0.21386278 0.26344953 -0.02174018 0.03521765 0.08522376 0.05089387 -0.06157543 0.05119289 -0.02112153 -0.03473312
671.5  0.74653794 -0.57412060 0.09365503 -0.00313577 -0.01237360 0.08038955 -0.05395078 -0.02668847 0.00904247 -0.04454176
672.0  -0.55650556 0.50351024 -0.07014725 -0.03173517 -0.09728320 0.06736908 -0.00587621 0.02035062 0.00690995 -0.05006518
672.5  -0.21556094 -0.08077269 -0.03025811 -0.02732254 -0.08506094 0.02020468 0.03192664 -0.00915543 -0.02223455 -0.05462687
673.0  0.77552223 -0.39320364 0.09926719 0.00156094 0.01496113 -0.03702868 0.05766133 -0.01360543 0.03273255 -0.05309425
673.5  -0.52333330 0.56836277 -0.05311461 0.01765377 0.10429448 -0.07452112 0.07027352 0.02139530 -0.03817208 -0.04758367
674.0  -0.26860754 -0.32590781 -0.04800286 0.00498291 0.08647549 -0.07793409 0.03551195 -0.05469261 0.02382697 -0.03632634
674.5  0.78681957 -0.13876825 0.09739756 0.00583988 -0.02270918 -0.04141883 0.02129244 0.02613992 -0.00184412 -0.02536059
675.0  -0.53590933 0.50225789 -0.04975971 0.03295168 -0.09595056 0.02076941 -0.02959321 -0.00248453 -0.02099506 -0.01168272
675.5  -0.22628153 -0.53027326 -0.04838698 0.03114692 -0.05436277 0.06640293 -0.07331771 -0.02799453 0.01502398 0.00851580
676.0  0.77376557 0.20900077 0.09383899 -0.03523854 0.03654932 0.07255253 -0.07928361 0.04945808 0.00999198 0.02603825
676.5  -0.57152095 0.25244960 -0.04708288 -0.08172282 0.06688883 0.03912190 -0.04716673 -0.04189713 -0.02598118 0.03866538
677.0  -0.20345926 -0.54377699 -0.04707898 -0.02527633 0.02264387 -0.01258864 0.01575983 0.01559725 0.02825219 0.05000652
677.5  0.77977861 0.46572674 0.09647161 0.06863626 -0.03370118 -0.03174899 0.08187303 0.01504652 -0.01684262 0.05465603
678.0  -0.55848145 -0.08185710 -0.04435580 0.09074572 -0.04903328 -0.01347235 0.10498470 -0.04172982 -0.00255966 0.05416758
678.5  -0.23369205 -0.33505132 -0.05585644 0.00637326 -0.01234995 0.00113664 0.07846554 0.04593105 0.02455786 0.05325217
679.0  0.79620290 0.52749984 0.10035381 -0.09181307 0.03428854 0.00564602 0.00811522 -0.03453544 -0.03457976 0.04554839
679.5  -0.61104486 -0.42476120 -0.05263698 -0.08172431 0.03760676 -0.00229552 -0.06177646 0.02340976 0.03022673 0.02952812
680.0  -0.11819668 0.13014558 -0.04135561 0.03418600 -0.00029155 -0.01270448 -0.07915548 -0.06229166 -0.01689091 0.01471218
680.5  0.74933420 0.19336862 0.09924575 0.10580669 -0.03583551 0.01056605 -0.04772759 -0.08275425 -0.02560703 -0.00730534
681.0  -0.76995050 -0.41442597 -0.08040235 0.02885111 -0.02606217 -0.01241684 -0.00662774 -0.06321139 0.01123734 -0.02992752
681.5  0.16417944 0.46936148 -0.00238138 -0.08725528 0.01432576 0.02552976 0.05272494 0.01520486 -0.03874070 -0.04226391
682.0  0.58569297 -0.34335278 0.08378245 -0.08373108 0.02755601 -0.02306514 -0.06086681 0.07526289 0.02634182 -0.05021162
682.5  -0.85198188 0.07636880 -0.09855343 0.02967339 0.00789269 0.00696352 0.07798919 -0.07089642 -0.00665577 -0.04933485
683.0  0.39027770 0.23041946 0.03122742 0.11136608 -0.00823234 0.01388699 -0.03328190 0.06579970 -0.01721417 -0.03798357
683.5  0.40688445 -0.44529388 0.06187130 0.04363696 -0.01737128 -0.03319192 -0.03021511 -0.03727068 0.03330046 -0.02330098
684.0  -0.84485754 0.46316181 -0.09973909 -0.08344313 -0.01305594 0.03725092 0.07761865 -0.00386120 -0.04068680 -0.00545950
684.5  0.56359220 -0.26669433 0.05672737 -0.09797886 0.00540734 -0.01958480 -0.08368270 0.04239250 0.03371426 0.01846330
685.0  0.17575274 -0.05941735 0.02886524 0.02620358 0.01434323 -0.01411522 0.04416690 -0.06531779 -0.01418968 0.03466473
685.5  -0.76247600 0.36852367 -0.09365564 0.11044220 0.01456463 0.04360692 0.01607937 0.06589707 -0.00111113 0.04363960
686.0  0.72567993 -0.51310408 0.08538652 0.04271965 -0.00722562 -0.05448375 -0.06320862 -0.04258150 0.02279560 0.04887023
686.5  -0.08193858 0.40562277 -0.00514660 -0.07817850 -0.02179671 0.03372309 0.07353879 0.00357034 -0.04083976 0.04341109
687.0  -0.64302687 -0.07972530 -0.08151984 -0.10112923 0.00842065 0.01655375 -0.05123627 0.04023627 0.04419172 0.02943891
687.5  0.78864064 -0.30076537 0.09806654 0.00295655 0.01586439 -0.05765900 0.01263301 0.06097778 -0.02149473 0.00958564
688.0  -0.17578620 0.51071873 -0.01658265 0.10263013 -0.01516248 0.07779380 0.03076937 0.06443813 0.00459112 -0.00874191
688.5  -0.61823650 -0.40495269 -0.07704044 0.07736529 -0.00724637 -0.05657819 -0.06242939 0.04593117 0.01478880 -0.02691554
689.0  0.78860381 0.04588474 0.09931311 -0.03774008 0.02097205 0.00361471 0.06843012 0.01369140 -0.03207486 -0.03813392
689.5  -0.16152547 0.34047614 -0.02476008 -0.10843674 -0.01002871 0.05472022 -0.04736101 -0.02329216 0.03751819 -0.04624088
690.0  -0.61893009 -0.52201749 -0.07449188 -0.04593571 -0.01447976 -0.08237390 0.00578810 -0.05299041 -0.03645404 -0.04478272
690.5  0.78397261 0.40094427 0.09948761 0.07686864 0.02254246 0.05984385 0.04083703 -0.06959072 0.02433520 -0.03702955
691.0  -0.19119674 -0.04744373 -0.03137522 0.10010056 -0.00244244 0.00460622 -0.06874731 -0.06333331 -0.01267036 -0.02395467
691.5  -0.57800648 -0.34891397 -0.06466898 -0.00651362 -0.02118530 -0.06183493 0.06120974 -0.04051889 -0.00038713 -0.00898106
692.0  0.77214136 0.55944076 0.10132213 -0.10596974 0.01925143 0.07746881 -0.01927828 -0.00682754 0.01174966 0.00438869
692.5  -0.18646283 -0.43618881 -0.03757632 -0.07052583 0.00578762 -0.04482507 -0.03400430 0.03124930 -0.02103002 0.01381738
693.0  -0.58702650 0.02249164 -0.06865506 0.04481446 -0.02406939 -0.01476234 0.06818223 0.05539859 0.03155914 0.02125320
693.5  0.72825289 0.42499610 0.10369714 0.10508325 0.01753154 0.06512698 -0.06393192 0.07171351 -0.03441545 0.02585067
694.0  -0.08896791 -0.59609553 -0.02768225 0.04573909 0.01506937 -0.07182602 0.02645236 0.06894850 0.03722171 0.02976207
694.5  -0.63556187 0.36707801 -0.07643624 -0.07055362 -0.02835034 0.03818174 0.02910238 0.05615673 -0.02688823 0.03161053
695.0  0.69561321 0.10001271 0.10074387 -0.09991101 0.00990942 0.02044122 -0.06848818 0.02454053 0.01992651 0.02834744
695.5  -0.05816515 -0.49631222 -0.02478016 -0.00775374 0.01610803 0.05950026 0.07534728 -0.01315564 -0.00653076 0.02635567
696.0  -0.63667647 0.57687485 -0.07578038 0.09373127 -0.02442604 0.07414792 -0.04297150 -0.03949256 -0.01678709 0.02389634
696.5  0.71930133 -0.29470520 0.10210226 0.07904947 0.01085005 0.04962816 -0.01602883 -0.05768084 0.02124344 0.01689706
697.0  -0.09605569 -0.17735101 -0.02319184 -0.02096024 0.01618959 0.00396586 0.05329344 -0.05097501 -0.04639228 0.00857481
697.5  -0.63596666 0.52844499 -0.08401682 -0.09758324 -0.02565879 -0.04578249 -0.07031912 -0.04225180 0.05315675 0.00055079
698.0  0.72409895 -0.50531153 0.10001883 -0.06742240 0.00858937 -0.08333230 0.04607391 -0.03434787 -0.05513674 -0.01013412
698.5  -0.05115417 0.11165380 -0.00288781 0.03186017 0.01607263 -0.07475299 -0.01937758 -0.01444860 0.03702338 -0.01746102
699.0  -0.67808867 0.36280983 -0.09798982 -0.10086488 0.01311883 -0.05090435 -0.02550475 0.01215458 -0.00432234 -0.02209424
699.5  0.69930797 -0.56480299 0.08845594 0.06090502 -0.01869837 -0.00917057 0.04559150 0.04662174 -0.03559400 -0.02721996
700.0  -0.02235386 0.36801590 0.01703293 0.04548842 0.00668479 0.03712260 -0.04126560 0.07222762 0.07416719 -0.02831515
700.5  -0.66096924 0.06655381 -0.10292652 -0.10383749 0.01449463 0.05285764 0.00894612 0.08438746 -0.08080982 -0.03156675
701.0  0.73379479 -0.45226550 0.08647382 0.03989881 -0.01722812 0.04482817 0.02583267 0.05260490 0.06745504 -0.03327846
701.5  -0.17228783 0.57277325 0.01028983 0.07123669 0.00817263 0.01587104 -0.04206552 -0.00282063 -0.01870709 -0.02818924
702.0  -0.52882387 -0.37838518 -0.09709776 -0.09518052 0.00499145 -0.02028129 0.02232676 -0.06044930 -0.03713924 -0.02252340
702.5  0.78259586 -0.02030810 0.09650496 0.00178529 -0.01615764 -0.02699572 0.02547116 -0.09537699 0.06732243 -0.01249863
703.0  -0.36523107 0.40930516 -0.00934114 0.09427417 0.02019566 -0.01739437 -0.05036951 -0.08397453 -0.07864740 -0.00107513
703.5  -0.37680062 -0.57491148 -0.08578796 -0.07217868 -0.00408850 -0.00556696 0.04890512 -0.03676392 0.04991321 0.00906457
704.0  0.79243203 0.43159330 0.10274511 -0.03777846 -0.02681267 0.01358143 -0.00951389 0.03038894 -0.01207813 0.01842260
704.5  -0.51162690 -0.07285080 -0.02849948 0.09808198 0.03350452 0.00803116 -0.04289592 0.07910394 -0.02246418 0.02417380
705.0  -0.20988566 -0.29922227 -0.06820958 -0.03089420 0.00167380 -0.00317871 0.06715833 0.09726609 0.06162924 0.02810058
705.5  0.75969127 0.51052390 0.10667955 -0.07663427 -0.03889012 -0.00490187 -0.03650962 0.07902436 -0.06402267 0.02789449
706.0  -0.71064827 -0.49625883 -0.06013114 0.07347229 0.02543104 -0.01284016 -0.02830868 0.01610307 0.05761275 0.02068105
706.5  0.10727192 0.28870391 -0.03100843 0.03621657 0.02382701 0.02544179 0.06209197 -0.03931891 -0.02372770 0.01927317
707.0  0.59420737 0.02402199 0.09875034 -0.09561564 -0.04094585 -0.01789872 -0.04663477 -0.09134641 -0.01602401 0.00845731
707.5  -0.83505405 -0.32347008 -0.08827771 0.01770250 0.00276336 -0.00849243 -0.00421126 -0.10467170 0.04162480 -0.00439336
708.0  0.36385264 0.48151943 0.00253029 0.08700658 0.03947053 0.03217227 0.04390834 -0.07006457 -0.06359224 -0.00901240
708.5  0.45832180 -0.40261457 0.08708284 -0.07827550 -0.03138563 -0.03290920 -0.05161649 -0.02131893 0.06310604 -0.01809933
709.0  -0.84897923 0.09524693 -0.09474201 -0.02734211 -0.01282140 0.00970940 0.02959652 0.03750655 -0.05161935 -0.02491393
709.5  0.37950497 0.27898210 0.00741738 0.09916338 0.04058609 0.02314220 0.00553855 0.08112467 0.03304757 -0.02291753
710.0  0.48336423 -0.48511472 0.08822201 -0.05440768 -0.02074286 -0.04787277 -0.02707508 0.09757064 0.00064013 -0.02606884
710.5  -0.84212749 0.38530059 -0.09540031 -0.05624421 -0.02228912 0.04061048 0.03607657 0.08944023 -0.02751153 -0.02643929
711.0  0.34746452 -0.04887393 0.00827937 0.09356614 0.03982465 -0.01134955 -0.01860348 0.03971535 0.05891728 -0.01939903
711.5  0.48321737 -0.31375549 0.08754684 -0.01518428 -0.00874238 -0.03162495 -0.00294774 -0.02061112 -0.06866202 -0.01227314
712.0  -0.84431765 0.48893296 -0.10265394 -0.08231736 -0.03420771 0.06102934 0.01348765 -0.07830020 0.05000439 -0.00053069
712.5  0.39502542 -0.38274398 0.02210053 0.07640491 0.03445171 -0.03217237 -0.03087172 -0.10284714 -0.02706724 0.01430940
713.0  0.44626224 0.05866309 0.08101624 0.02607317 0.00268247 0.01015316 0.00346233 -0.07931272 -0.02433069 0.02363100
713.5  -0.85267389 0.29617256 -0.10855661 -0.09928526 -0.03222541 0.03637411 0.02348858 -0.02664540 0.04117144 0.02837909
714.0  0.38631317 -0.46953255 0.03543616 0.05169469 0.02608807 -0.05327697 -0.04714755 0.04015444 -0.04732890 0.03375553
714.5  0.48724873 0.36193287 0.08256304 0.04720759 -0.02365638 0.03808241 0.04312560 0.08778113 0.04673478 0.03340276
715.0  -0.85514783 -0.04865914 -0.10888065 -0.08475809 -0.06246921 -0.02152928 -0.02494821 0.10189629 -0.01984344 0.02788039
715.5  0.36609283 -0.28282104 0.02984276 0.01818111 -0.02692222 -0.03158242 -0.01180514 0.08709310 0.01298683 0.02212013
716.0  0.45347033 0.46612319 0.07418001 0.06962863 0.04317102 0.05899935 0.03847008 0.03385220 0.01228222 0.01122751
716.5  -0.84827985 -0.43120705 -0.11172047 -0.06846590 0.05309870 -0.05602973 -0.04534642 -0.04184390 -0.02573036 -0.00168329
717.0  0.51963968 0.20215311 0.05535139 -0.02717408 -0.00090382 0.01705353 0.02940275 -0.09190224 0.02572325 -0.00869279
717.5  0.22714102 0.13066325 0.04682096 0.08674969 -0.05310630 0.05210398 0.00074244 -0.10391415 -0.03207856 -0.01522931
718.0  -0.77736406 -0.42829726 -0.10935202 -0.02394725 -0.03828589 -0.07783204 -0.01555809 -0.07481020 0.01823005 -0.02048030
718.5  0.66165931 0.53244954 0.07660195 -0.06730360 0.02616174 0.06043191 0.01973311 -0.00154322 -0.00940145 -0.02072987
719.0  0.04880128 -0.34288798 0.02913685 0.06988184 0.05746768 -0.00138652 -0.02336032 0.05747195 -0.00418848 -0.02107738
719.5  -0.71310609 -0.07237211 -0.10826057 0.01211569 0.01638612 -0.06018849 0.02960312 0.09744337 0.01933530 -0.02444493
720.0  0.68048107 0.46030149 0.07865353 -0.07957644 -0.04257186 0.07671394 -0.02368427 0.10715697 -0.02362137 -0.02256390
720.5  0.02290453 -0.54727538 0.03385516 0.05717468 -0.05267923 -0.05255555 0.00865153 0.07421126 0.02949925 -0.02400957
721.0  -0.69634112 0.26504799 -0.11150695 0.03028615 -0.00549727 -0.00514212 0.02065771 0.01698712 -0.02610472 -0.01886549
721.5  0.69899354 0.19135828 0.07383240 -0.08211512 0.04704927 0.05788415 -0.04722150 -0.04773967 0.01519093 -0.01754770
722.0  -0.05595262 -0.51946044 0.03771900 0.03928802 0.05138488 -0.06711942 0.04904761 -0.09562968 -0.00435876 -0.01106648
722.5  -0.63488977 0.51561927 -0.11025191 0.04829647 -0.00391464 0.03532685 -0.02356567 -0.10579869 -0.01518324 -0.00215575
723.0  0.75409795 -0.18341153 0.07073410 -0.07487011 -0.05659648 0.01558833 -0.02715735 -0.07928730 0.02592827 -0.00012686
723.5  -0.17886726 -0.27236519 0.04193304 0.01366755 -0.04129325 -0.04018505 0.06972657 -0.01639650 -0.03588112 0.00552517
724.0  -0.57525386 0.55280774 -0.11047741 0.06260174 0.01345111 0.03402839 -0.07480724 0.04820518 0.03401362 0.01063935
724.5  0.76417045 -0.44720073 0.05591012 -0.07119307 0.05493365 -0.02087551 0.04457394 0.08981444 -0.01534835 0.01452306
725.0  -0.17394906 0.01475986 0.06295246 0.00347489 0.04477116 -0.00777510 0.01377896 0.10960926 0.00351034 0.02051470
725.5  -0.58615639 0.43285917 -0.11258729 0.06998334 -0.01173987 0.01728083 -0.05443606 0.08764302 0.02918971 0.02431996
726.0  0.74411871 -0.58359813 0.03291066 -0.07065520 -0.05984255 -0.02446036 0.07616677 0.03200663 -0.04079875 0.02524663
726.5  -0.18737418 0.35732021 0.07669165 0.00108918 -0.03783982 0.01729821 -0.05448052 -0.02937902 0.04731979 0.02674087
727.0  -0.51550836 0.07575066 -0.11130952 0.07836437 0.02960512 0.00325973 0.00106783 -0.08777958 -0.03740361 0.02399722
727.5  0.75336318 -0.46925327 0.04184348 -0.06725808 0.05187581 -0.01922081 0.05004999 -0.11089571 0.00299052 0.02029525
728.0  -0.36358668 0.62428153 0.06238649 -0.03391615 0.01823728 0.02653800 -0.06797904 -0.07485676 0.02844957 0.01611275
728.5  -0.32131716 -0.46811570 -0.11224385 0.08739628 -0.03772729 -0.00816603 0.03542853 -0.01262414 -0.05114839 0.01159767
729.0  0.73443359 0.06764393 0.06423792 -0.02929894 -0.05193070 -0.01455690 0.01939691 0.05709552 0.05183295 0.00271998
729.5  -0.50870646 0.37969116 0.04086813 -0.06329581 0.00487354 0.02188252 -0.06162671 0.10397965 -0.03341378 -0.00450218
730.0  -0.18354553 -0.62428820 -0.11019383 0.07666130 0.05817468 -0.01090891 0.06328565 0.09922214 0.00138530 -0.01052321
730.5  0.71470220 0.51315056 0.07719192 0.00506767 0.04232132 -0.00585773 -0.01915720 0.06128203 0.02632858 -0.01737365
731.0  -0.57499476 -0.10911857 0.02788271 -0.07739148 -0.00662446 -0.00679029 -0.03878922 -0.00338857 -0.04761850 -0.01926152
731.5  -0.10417433 -0.34369654 -0.10578491 -0.06965147 -0.04906803 0.03815589 0.06095085 -0.07232501 0.04898484 -0.02129193
732.0  0.69255786 0.59121151 0.08484087 0.02685280 -0.03186131 -0.04480187 -0.05075714 -0.10448455 -0.02313542 -0.02066687
732.5  -0.66939763 -0.51929810 0.01098889 0.09101642 0.02395057 0.00475485 -0.00192468 -0.08895027 -0.00705227 -0.01775411
733.0  0.06053072 0.18312078 -0.09502065 0.03355018 0.04707550 0.04636737 0.01812406 -0.03957896 0.01884488 -0.00905203
733.5  0.61028522 0.24406214 0.09398475 -0.06805714 0.01558610 -0.08456206 -0.02312180 0.05245532 0.00384569 -0.00410282
734.0  -0.74706405 -0.54051149 -0.01361489 -0.07967166 -0.03796058 0.05197915 0.02806301 0.10538414 0.00310394 -0.00055997
734.5  0.18755715 0.53667811 -0.08305839 0.00559669 -0.04484219 -0.00463649 0.00507624 0.10299878 0.01872711 0.00966016
735.0  0.56599362 -0.20924957 0.10102928 0.08489534 0.00110159 -0.06287253 -0.00362916 0.06360540 -0.01054288 0.01373736
735.5  -0.75285461 -0.25576317 -0.01980181 0.06292083 0.03911527 0.08786641 0.00943627 0.00510796 0.00720184 0.01834560
736.0  0.16458681 0.55799699 -0.07814290 -0.03799878 0.03650524 -0.06267825 -0.00922230 -0.06235617 -0.00174444 0.02352964
736.5  0.58939514 -0.50598901 0.09871416 -0.09481976 -0.00500286 0.00351217 0.00240941 -0.10104460 -0.00815948 0.02438222
737.0  -0.74891491 0.15352777 -0.02624950 -0.03347753 -0.04334093 0.06357823 -0.00135312 -0.10410073 0.00913331 0.01946613
737.5  0.18613497 0.27188666 -0.07038115 0.07049427 -0.02905347 -0.08734162 -0.00355804 -0.07307447 -0.01550646 0.01127485
738.0  0.54905055 -0.53717577 0.10262455 0.08305885 0.02505454 0.05380791 0.00276105 -0.00797072 0.01144615 0.00227275
738.5  -0.78710384 0.52297550 -0.04492631 -0.01316333 0.04586844 0.01934643 -0.00347997 0.06037858 -0.00497186 -0.00599876
739.0  0.30381885 -0.25235783 -0.05077488 -0.09021718 -0.00516443 -0.07817680 0.00850103 0.10331748 0.00030665 -0.01244821
739.5  0.47953768 -0.13428319 0.10376580 -0.04508279 -0.05000696 0.08336388 -0.00696090 0.10467367 0.00889911 -0.01606862
740.0  -0.82022819 0.44157884 -0.06142952 0.05744433 -0.01805132 -0.03731001 0.00268915 0.06641840 -0.01084646 -0.01741225
740.5  0.35331718 -0.51138070 -0.04144200 0.08321562 0.04502693 -0.02865234 0.00900271 0.00396564 0.01213152 -0.01545293
741.0  0.47756490 0.31257668 0.10352979 0.00114143 0.05149055 0.07708012 -0.02055453 -0.06029752 -0.01033300 -0.01512381
741.5  -0.83445105 0.04172119 -0.06436123 -0.08182784 -0.01216884 -0.08343975 0.02849660 -0.09855269 0.00596947 -0.01438626
742.0  0.37068745 -0.36817914 -0.03634940 -0.05744901 -0.06432330 0.03624384 -0.01434237 -0.10635348 0.00431448 -0.01408465
742.5  0.43962250 0.51051449 0.10348553 0.03224095 -0.03770109 0.02681973 -0.00826002 -0.07470639 -0.00306633 -0.01030383
743.0  -0.83019307 -0.39821722 -0.07231839 0.08714748 0.02075817 -0.07008211 0.03782294 -0.01125686 0.01570152 -0.00830075
743.5  0.45761772 0.07310484 -0.02641813 0.05854043 0.02923361 0.06649201 -0.05162207 0.04588100 -0.02101063 0.00186545
744.0  0.33383187 0.31434706 0.09953981 -0.01641992 0.05928954 -0.01999469 0.03185670 0.09198811 0.00769525 0.01009679
744.5  -0.80570474 -0.54226899 -0.07284651 -0.06994552 0.06206016 -0.03318387 0.01254862 0.10387508 -0.00852046 0.01636897
745.0  0.47377531 0.42654099 -0.02922109 -0.05533990 -0.00462507 0.05863422 -0.05613548 0.08537611 0.00256047 0.02089299
745.5  0.35403579 0.00635842 0.09961154 0.01224537 -0.07071226 -0.05369942 0.06963319 0.04474010 0.00182762 0.02134626
746.0  -0.79713717 -0.45313559 -0.05258883 0.06262508 -0.06923215 0.02100560 -0.05091496 -0.00503286 -0.00627140 0.02187684
746.5  0.36941287 0.55210432 -0.05658004 0.05159466 -0.00218393 0.02185645 0.00893922 -0.05174622 0.00885187 0.02096508
747.0  0.44603025 -0.22559379 0.09745791 -0.00568938 0.06661507 -0.05772623 0.03555871 -0.08957559 -0.01051511 0.01777754
747.5  -0.79242620 -0.25877650 -0.03007721 -0.05705010 0.07614440 0.06566777 -0.05852922 -0.10286624 0.00990288 0.01497359
748.0  0.37194325 0.55232675 -0.06686687 -0.04584866 0.00182668 -0.04524348 0.05608826 -0.07641429 -0.00774102 0.00977908
748.5  0.37745530 -0.48981805 0.09391390 0.01614309 -0.08164594 -0.00820116 -0.02913177 -0.02124227 0.00219237 0.00434443
749.0  -0.79050186 0.13680817 -0.02919631 0.05056048 -0.06744114 0.06138782 -0.00109702 0.04349834 0.00364263 -0.00112396
749.5  0.52740959 0.29363371 -0.06000381 0.02669252 0.02062837 -0.07228440 0.03066612 0.09807456 -0.00141530 -0.00954012
750.0  0.18771345 -0.55785961 0.08964048 -0.02854391 0.08539349 0.06871126 0.00500563 0.10198258 0.01928516 -0.01538773
750.5  -0.73970822 0.50328581 -0.03238725 -0.04811034 0.05541844 -0.00245138 0.05183780 0.05580704 0.01169622 -0.01888339
751.0  0.63288933 0.15284242 -0.05705437 -0.00773320 -0.03817846 -0.04960118 -0.00419365 0.00332338 0.00669764 -0.02185933
751.5  0.05092590 -0.30030924 0.09291739 0.03910987 -0.08451933 0.06783924 -0.04735193 -0.06781436 -0.01960715 -0.02286141
752.0  -0.67845260 -0.57126172 -0.03712972 0.04351664 -0.03082684 -0.03103684 0.06672228 -0.11401126 0.02540159 -0.02322645
752.5  0.71028379 -0.50100107 -0.05260475 -0.01629799 0.05711046 -0.02018223 -0.04637381 -0.10066778 -0.02576271 -0.01988246
753.0  -0.12039938 -0.18488532 0.09267827 -0.07201514 0.05130009 0.03672408 -0.01713630 -0.04940205 0.01100700 -0.01428939
753.5  -0.55766841 0.22167102 -0.05648061 -0.01682205 -0.02440294 -0.02151577 0.06803066 0.03296728 0.01282616 -0.00758770
754.0  0.77395243 0.52857304 -0.03111124 0.07612101 -0.04182015 -0.00983613 -0.07327567 0.10113210 -0.03193615 -0.00114716
754.5  -0.37799647 0.56095355 0.09186112 0.06440500 -0.00220391 0.03639390 0.03854916 0.10703793 0.04002289 0.00698761
755.0  -0.35148609 0.32052363 -0.07389103 -0.03904894 0.03258574 -0.02942537 0.02508304 0.07242849 -0.02862021 0.01189879
755.5  0.78105239 -0.09611608 -0.01365930 -0.09412262 0.02063342 0.00550914 -0.06695556 0.00398026 0.00680863 0.01500608
756.0  -0.49979181 -0.48510462 0.08961130 -0.03359498 -0.01756607 0.02247965 0.07202291 -0.07198619 0.01563056 0.01808567
756.5  -0.25448816 -0.56964945 -0.07950887 0.06533316 -0.03017488 -0.04107083 -0.04568378 -0.10316667 -0.03671412 0.01889357
757.0  0.77241985 -0.28537747 -0.01281180 0.08971435 -0.00635054 0.02741828 -0.01480083 -0.10961425 0.03409914 0.01915497
757.5  -0.53244021 0.17590968 0.08272922 0.01234946 0.02586407 0.00041381 0.05563019 -0.07300238 -0.03148674 0.01601534
758.0  -0.21250480 0.52781559 -0.06291990 -0.08073140 0.02551825 -0.03306286 -0.06885683 -0.00289320 0.01086585 0.01144308
758.5  0.74960653 0.55062096 -0.01477486 -0.07379287 -0.00949465 0.04325386 0.03949817 0.06244859 0.01067498 0.00615268
759.0  -0.61063937 0.24501629 0.07979697 0.02909479 -0.02196872 -0.01611226 0.02243957 0.10924616 -0.02472886 0.00137669
759.5  -0.07412810 -0.19829082 -0.07018667 0.09273108 0.02745576 -0.02295099 -0.06305601 0.11380014 0.03570455 -0.00435496
760.0  0.69478011 -0.52981702 -0.00292729 0.01699018 0.04512861 0.04850493 0.06078327 0.07429343 -0.02355763 -0.00968400
760.5  -0.68212442 -0.54788790 0.07429988 -0.04466950 -0.05043286 -0.03315717 -0.01400411 0.01361720 0.02051539 -0.01509124
761.0  0.01416158 -0.23752326 -0.07455676 -0.03016159 -0.09331782 -0.00855180 -0.04223566 -0.04401527 -0.00431566 -0.01875069
761.5  0.67376972 0.22100848 0.00355727 0.01741915 -0.02265963 0.04622058 0.06278452 -0.09331328 -0.00899671 -0.02001300
762.0  -0.68396022 0.54880972 0.07181333 0.03457484 0.07879105 -0.05358071 -0.04391222 -0.11290614 0.01313636 -0.02046262
762.5  0.01319808 0.53171820 -0.07763581 0.00376876 0.09105347 0.01205724 -0.00956897 -0.10240036 -0.03277073 -0.01620781
763.0  0.67430053 0.21226503 0.00485772 -0.02606414 -0.00803615 -0.02943327 0.04553915 -0.06252994 0.02382863 -0.01186553
763.5  -0.70140148 -0.20079106 0.06597824 -0.02039311 -0.10211182 -0.06580914 0.04328871 -0.00001976 -0.02309649 -0.00883338
764.0  0.06683985 -0.51592966 -0.07659757 0.01149084 -0.06698164 -0.05870073 0.00640018 0.06543968 0.01949352 -0.00328766
764.5  0.61069186 -0.57733382 0.02371292 0.01883336 0.06321903 -0.00899825 -0.03428825 0.10655632 0.00407537 -0.00099793
765.0  -0.74969348 -0.35863145 0.05100871 -0.00783901 0.10797128 0.04407585 -0.04617565 0.10771343 -0.01087336 0.00363254
765.5  0.19862366 0.00935917 -0.08284102 -0.01910470 0.00900736 0.06593551 -0.02414770 0.07041862 0.02801951 0.00787960
766.0  0.54594567 0.38788471 0.04021609 0.00695807 -0.10000053 0.05227145 0.01107795 0.00907947 -0.02856976 0.00942268
766.5  -0.76263504 0.58846317 0.04242258 0.02713716 -0.07997750 0.01359506 0.03859121 -0.05822627 0.02366968 0.00823647
767.0  0.25060737 0.46220146 -0.08490991 0.00911540 0.03911948 -0.02682052 0.05652363 -0.10150355 -0.01480634 0.00808208
767.5  0.51369551 0.09408892 0.04692225 -0.02234243 0.11296762 -0.04443584 0.04952227 -0.10912760 -0.00681235 -0.00069214
768.0  -0.77970030 -0.31678421 0.03786612 -0.02510693 0.04770553 -0.03884298 0.02032141 -0.08241220 0.01340159 -0.00509234
768.5  0.31348095 -0.56822779 -0.09898258 0.00277530 -0.07841892 -0.02084897 -0.02540586 -0.02571149 -0.02495997 -0.00871127
769.0  0.41631702 -0.51000824 0.06942348 0.01725808 -0.10045446 -0.03218740 -0.08020878 0.02438583 0.02755372 -0.01061648
769.5  -0.78654189 -0.17661631 0.02619978 0.00896213 0.00900712 -0.04535800 -0.10253942 0.06381802 -0.01071460 -0.01065361
770.0  0.47211030 0.24832070 -0.09946692 -0.00361852 0.10431157 -0.03923521 0.09279202 0.05923139 0.01778244 -0.01028565
770.5  0.26434617 0.54754595 0.08425871 -0.00566379 0.06001786 -0.01658137 -0.00078650 0.07188954 0.03168428 -0.00630485
771.0  -0.76408246 0.51585543 0.01481935 -0.00881612 -0.04894156 0.02206522 -0.02854464 0.05580639 -0.02794636 -0.00089469
771.5  0.55055517 0.13692844 -0.10003939 -0.01528117 -0.09666778 0.04826925 0.10790276 0.01051761 0.03444170 -0.00388268
772.0  0.20753766 -0.34371514 0.07970566 -0.00464200 -0.02733581 0.05966763 -0.12509437 -0.01622311 -0.02925526 -0.00368321
772.5  -0.76068125 -0.58058141 0.02473227 0.03418527 0.06467303 0.01369524 0.09859039 -0.04668653 0.01541453 -0.00185868
773.0  0.54914637 -0.38628755 -0.10251339 0.05318915 0.07187804 -0.00467725 -0.01908634 -0.06423059 -0.00171088 -0.00022622
773.5  0.20733094 0.08123514 0.07124282 -0.00021587 0.00954269 -0.04121412 -0.07424565 -0.05121396 -0.01418622 0.00160079
774.0  -0.75822376 0.48121396 0.03585417 -0.08049073 -0.03332566 -0.06469505 0.12229407 -0.02717237 0.02601999 0.00362238
774.5  0.58287539 0.56658957 -0.10546158 -0.06846951 -0.02967305 -0.02642022 -0.11509473 0.00476534 -0.03282060 0.00535846
775.0  0.11795309 0.28515192 0.06931267 0.03170245 0.00000494 0.01753716 0.03898642 0.04407008 0.03627116 0.00893619
775.5  -0.71370632 -0.16766103 0.03556045 0.09285788 0.02286312 0.04964860 0.06630616 0.06030862 -0.02604438 0.00783787
776.0  0.66629356 -0.50219088 -0.11348468 0.03670971 0.01745990 0.05291477 -0.12711103 0.05170333 0.01218827 0.00839450
776.5  0.00958573 -0.55339700 0.07962700 -0.06302958 -0.00741895 0.01151047 0.11290228 0.03146956 0.00772206 0.00578256
777.0  -0.66574652 -0.27171845 0.03438485 -0.08322829 -0.02817815 -0.03658155 -0.03678623 -0.00515247 -0.02541842 0.00497045
777.5  0.70281437 0.18584425 -0.11436125 -0.00050854 -0.01413012 -0.05574277 -0.06539156 -0.04862915 0.03195588 0.00546270
778.0  -0.09556408 0.51085611 0.08208039 0.07937100 0.02637457 -0.03297339 0.12851818 -0.06567493 -0.03082613 0.00075611
778.5  -0.60557912 0.54804707 0.02924079 0.05616086 0.03464221 0.02337495 -0.11296089 -0.06027756 0.01648667 -0.00127414
779.0  0.75646624 0.30058264 -0.11353989 -0.03857076 -0.00609626 0.05064802 0.03220902 -0.02002548 0.00029287 -0.00438981
779.5  -0.27564028 -0.12253767 0.09432624 -0.07796881 -0.04810004 0.02604182 0.08221496 0.03492426 -0.00791814 -0.01032886
780.0  -0.42812167 -0.47280651 0.01024195 -0.01274370 -0.02975362 -0.01032827 -0.13587287 0.05936140 0.00745119 -0.01121637
780.5  0.78978026 -0.56647265 -0.10461813 0.06709726 0.03362522 -0.06521589 0.08217254 0.05438721 0.00278296 -0.00898944
781.0  -0.46752275 -0.35411592 0.10476503 0.05618141 0.06037051 -0.04385025 0.01135523 0.02275282 -0.00240309 -0.00751221
781.5  -0.27030051 0.09111315 -0.00541013 -0.02588874 0.01084271 0.01309255 -0.11005289 -0.01521866 -0.00782854 -0.00355653
782.0  0.76664226 0.49046559 -0.10267780 -0.06629254 -0.05889308 0.04829774 0.13276741 -0.03377744 0.01910736 -0.00203523
782.5  -0.53327246 0.55098518 0.10619039 -0.02175149 -0.06228216 0.07383322 -0.06395065 -0.03645259 -0.02972500 -0.00149593
783.0  -0.23396133 0.22363612 0.00426918 0.03485862 0.01317472 0.04284909 -0.02825582 -0.03147673 0.02417924 0.00059769
783.5  0.76647957 -0.26387748 -0.10796409 0.02360888 0.08310185 -0.01919331 0.11201087 -0.01563583 -0.00245985 0.00325582
784.0  -0.53732496 -0.56294434 0.09821873 -0.02464387 0.04467820 -0.06627057 -0.12977131 -0.00935633 -0.02607790 0.00370949
784.5  -0.21720614 -0.47162962 0.00805022 -0.00858928 -0.05244399 -0.07927312 0.06886640 -0.00069695 0.04261950 0.00468152
785.0  0.75814439 -0.07250125 -0.10821151 0.03421458 -0.07575502 -0.04285623 0.03482299 0.00954015 -0.04434733 0.00644101
785.5  -0.56545266 0.37318992 0.10259250 0.02748911 -0.00793996 0.01324668 -0.11165262 0.02350556 0.02060636 0.00326530
786.0  -0.17748388 0.57801077 0.00470549 -0.02074995 0.06686836 0.05890961 0.12148851 0.04166677 0.01990558 0.00457680
786.5  0.75539747 0.41862924 -0.10516939 -0.05210505 0.05839179 0.06147931 -0.06471090 0.05452539 -0.04189897 0.00487732
787.0  -0.56040461 0.00985029 0.10440156 -0.01338592 -0.01616230 0.03358973 -0.02998810 0.03514244 0.05791121 0.00322702
787.5  -0.21936542 -0.41034308 0.00106478 0.05140443 -0.06408749 -0.00580635 0.10679593 0.00881775 -0.03619758 0.00380627
788.0  0.76077942 -0.58454512 -0.10622643 0.05689153 -0.03998470 -0.03163701 -0.12503084 -0.02339703 0.00062075 0.00248075
788.5  -0.53625580 -0.41473885 0.10718322 -0.01801957 0.03091613 -0.04260041 0.07712530 -0.06129975 0.02701034 -0.00029585
789.0  -0.21554107 -0.05374422 -0.01227554 -0.07229842 0.05527096 -0.02079518 0.01326233 -0.06515228 -0.05523077 -0.00232251
789.5  0.75566660 0.31554968 -0.08964892 -0.02684688 0.00013727 0.01856574 -0.10505512 -0.05259629 0.04612462 -0.00111657
790.0  -0.60322816 0.55601106 0.11884499 0.06392027 -0.04008331 0.00973200 0.13509972 -0.01218233 -0.02616264 -0.00100846
790.5  -0.05831352 0.54475758 -0.05259223 0.06291654 -0.01517988 0.05126503 -0.06033198 0.03671777 -0.00130365 -0.00174417
791.0  0.68397166 0.30693664 -0.05814545 -0.02911819 0.02636819 0.00736446 -0.02898705 0.06955747 0.03256622 -0.00074547
791.5  -0.70367079 -0.05453562 0.12058547 -0.08300704 0.02587945 -0.03997260 0.11043580 0.07176909 -0.03085224 0.00002118
792.0  0.07737551 -0.42168904 -0.08103768 -0.02193108 -0.00493923 -0.04279743 -0.14028987 0.03464433 0.02795764 0.00082861
792.5  0.61716964 -0.58106480 -0.02660600 0.07013983 -0.02897368 -0.03735110 0.08791384 -0.00610527 -0.01005035 0.00102539
793.0  -0.73519112 -0.42058814 0.11188101 0.06819051 -0.01644978 0.00383795 0.00628139 -0.05037401 -0.00579485 0.00004494
793.5  0.13362397 -0.03565739 -0.09536129 -0.02038353 0.01681063 0.04565940 -0.09338678 -0.06696166 0.01278144 -0.00398783
794.0  0.59355165 0.37805745 -0.01042302 -0.08066593 0.03184476 0.05378971 0.14426220 -0.05631779 -0.02033849 -0.00444186
794.5  -0.74968347 0.57924030 0.10506333 -0.04034329 0.00893606 0.04216211 -0.11639446 -0.02955817 0.01795263 -0.00271146
795.0  0.22115290 0.43277905 -0.10346011 0.04470018 -0.03217283 -0.00436624 0.02744457 0.01465423 -0.01119625 -0.00394789
795.5  0.51187749 0.03330894 0.00740911 0.06614704 -0.04174847 -0.05453555 0.07430654 0.04816266 0.00417746 -0.00231725
796.0  -0.77903726 -0.39056693 0.09536024 0.01118433 0.00125834 -0.06548885 -0.13620743 0.06335828 0.00841774 -0.00142212
796.5  0.31902178 -0.57724207 -0.10693000 -0.03902903 0.06158796 -0.03901822 0.12293704 0.05668592 -0.01941362 -0.00124197
797.0  0.45534123 -0.37480313 0.01079269 -0.03155122 0.05749313 0.01464018 -0.05124278 0.03163249 0.02418560 0.00149026
797.5  -0.78210247 0.09713592 0.09748569 -0.00800359 -0.01792694 0.05735936 -0.04211528 -0.00228821 -0.02424998 0.00585391
798.0  0.30656109 0.50468736 -0.10141360 0.00312303 -0.07871267 0.06580228 0.11991253 -0.03015557 0.01769810 0.00813650
798.5  0.47625203 0.53875703 -0.00461819 0.01489509 -0.05528388 0.04167168 -0.13854682 -0.05302317 0.00079948 0.01281242
799.0  -0.78095105 0.18952755 0.10959483 0.01230775 0.02549118 -0.01640484 0.08720972 -0.06589015 -0.00439057 0.01437139
799.5  0.34250561 -0.26302276 -0.09655922 -0.01203276 0.07543691 -0.05920138 0.00296546 -0.04522148 0.03248028 0.01372754
800.0  0.39541036 -0.54626220 -0.01306595 -0.01730683 0.03746395 -0.06678931 -0.10421917 -0.02336979 -0.03122001 0.01115961
800.5  -0.77667017 -0.52611024 0.10508483 0.00472204 -0.04698761 -0.03598300 0.14005460 0.01787143 0.02963906 0.00967822
801.0  0.53693951 -0.21591801 -0.10433138 0.02025512 -0.07599506 0.04061893 -0.08418062 0.05968452 -0.02461608 0.00962570
801.5  0.13910695 0.19267639 0.01055066 0.00472464 -0.00529667 0.07456925 -0.00633709 0.06616578 -0.00214722 0.00975820
802.0  -0.71511647 0.50282576 0.09632241 -0.01565767 0.06577100 0.05601991 0.10572381 0.04394181 0.03355472 -0.00698064
802.5  0.67357890 0.55758121 -0.11778144 -0.01669634 0.05402057 0.01754010 -0.13279203 0.01184142 -0.05919752 0.00597206
803.0  -0.04459396 0.27174615 0.01711533 0.00520863 -0.01225656 -0.04878481 0.08276596 -0.04813562 0.06115259 -0.00108720
803.5  -0.63712547 -0.18151276 0.10615819 0.02408565 -0.06829315 -0.06706790 -0.01036792 -0.07356655 -0.03942511 -0.00025275
804.0  0.73071311 -0.51030344 -0.11912983 0.01561047 -0.05080694 -0.04677316 -0.08404608 -0.06888525 -0.00319743 0.00339196
804.5  -0.13097843 -0.53567726 0.01054250 -0.01708248 0.02194949 -0.02299938 0.11683430 -0.04182067 0.04952557 -0.00294955
805.0  -0.57229760 -0.22395174 0.10938001 -0.02987339 0.06524636 0.03775524 -0.09453329 0.02258604 -0.07952733 0.00684205
805.5  0.76218291 0.23250537 -0.11969316 -0.00863287 0.03779489 0.06189355 0.02823570 0.06644961 0.08165069 -0.00998228
806.0  -0.28272755 0.53314240 0.01305974 0.02347150 -0.03307717 0.05529084 0.07037692 0.07418837 -0.04880644 0.01367651
806.5  -0.45879091 0.51491137 0.10722310 0.03258716 -0.06573219 0.02734934 -0.10496175 0.06369441 -0.00192304 -0.01434369
807.0  0.78290275 0.17000640 -0.12278259 0.00295263 -0.02081436 -0.03672047 0.09962449 -0.01210691 0.05271705 0.01324650
807.5  -0.36954794 -0.30717608 0.01108299 -0.03545213 0.04340033 -0.06262089 -0.06529336 -0.03394876 -0.08169950 -0.01248644
808.0  -0.41756978 -0.56920950 0.11295057 -0.03219168 0.06136645 -0.06103189 -0.05744753 -0.06774944 0.08501819 0.00929943
808.5  0.78350675 -0.40838294 -0.11380017 0.00318618 0.01823629 -0.03018738 0.08826533 -0.06210626 -0.07668598 -0.00936353
809.0  -0.32480997 0.05901617 -0.01026150 0.04288486 -0.04148551 0.02758414 -0.09667354 -0.05730049 0.04341340 0.00686295
809.5  -0.46845726 0.47796281 0.12358047 0.04603224 -0.05073356 0.06751876 0.08298511 0.02258581 -0.02130409 -0.00554392
810.0  0.78037378 0.55259129 -0.10508137 -0.00695410 -0.00858281 0.05826914 -0.06158329 0.05987115 -0.03184592 0.00055233
810.5  -0.32631766 0.27168131 -0.01748432 -0.05695299 0.02910283 0.02300933 0.00378633 0.08711304 0.07973306 0.00325453
811.0  -0.42753755 -0.16714919 0.12014489 -0.04394000 0.03479115 -0.03085590 0.04419526 0.07343879 -0.11502246 -0.00365234
811.5  0.78165123 -0.50652595 -0.11060128 0.02284924 0.00735937 -0.06797126 -0.06658734 0.04047959 0.10980102 0.00227523
812.0  -0.42901878 -0.55424511 0.00090399 0.07238505 -0.01582995 -0.04725632 0.06080082 -0.01714394 -0.07445784 0.00065281
812.5  -0.33352333 -0.31024093 0.10687737 0.03118274 -0.01722243 0.00161522 -0.01095567 -0.05703672 0.01820469 0.00084266
813.0  0.78164285 0.09758306 -0.11973936 -0.04588402 -0.02374753 0.04958408 -0.03657278 -0.08073608 0.05003709 0.00063307
813.5  -0.46793918 0.46760471 0.02147227 -0.06546876 -0.02109189 0.06327716 0.05744464 -0.08737286 -0.09751599 0.00192875
814.0  -0.29510250 0.57211610 0.09799178 -0.01579601 0.00809442 0.02437644 -0.04456124 -0.05421912 0.12998441 -0.00359683
814.5  0.77954300 0.37198878 -0.12447502 0.04120937 0.05393180 -0.02540758 -0.00267932 -0.01737175 -0.12387408 0.00186040
815.0  -0.50886870 0.00915293 0.03886904 0.04296399 0.04021011 -0.05300225 0.04831507 0.03849598 0.08702185 -0.00010886
815.5  -0.22618895 -0.36183075 0.07803785 -0.00128343 -0.02937152 -0.03927920 -0.05100758 0.07990067 -0.02603466 -0.00223123
816.0  0.74068145 -0.56848330 -0.12711361 -0.03582999 -0.06531476 0.01036087 0.01742219 0.08934713 -0.05088826 0.00307677
816.5  -0.63517811 -0.51288848 0.07608934 -0.02186272 -0.01598473 0.04428491 0.03812188 0.06050440 0.10047342 -0.00014873
817.0  -0.01530172 -0.25682450 0.03581681 0.02017832 0.05860642 0.03600460 -0.07066722 0.00497553 -0.12192134 -0.00276686
817.5  0.65176869 0.12059943 -0.11940586 0.02693230 0.05767288 0.00072960 0.04802999 -0.04967066 0.10142749 0.00363907
818.0  -0.72580836 0.46652077 0.10445854 0.00049552 -0.02191404 -0.04503989 0.00790554 -0.08593552 -0.04769266 -0.00244270
818.5  0.15868963 0.57137278 0.00200238 -0.01779341 -0.07419651 -0.06391343 -0.05580229 -0.07084963 -0.00573674 0.00117651
819.0  0.56873992 0.37408879 -0.10928262 -0.01874106 -0.03685485 -0.02784600 0.09258150 -0.03158949 0.06041449 -0.00148122
819.5  -0.76337108 -0.02900997 0.11559555 0.00201910 0.04468833 0.02016147 -0.07466609 0.00139763 -0.09147162 0.00115217
820.0  0.26017340 -0.42537987 -0.02286698 0.01584405 0.07837072 0.06872558 0.01570662 0.05307257 0.09775054 -0.00228322
820.5  0.46334693 -0.57700449 -0.08917032 0.00827042 0.01400776 0.07706339 0.04778082 0.05407760 -0.08444459 0.00008100
821.0  -0.78556261 -0.40886162 0.12485500 -0.00366941 -0.06916815 0.03141763 -0.09665286 0.04448471 0.04270572 -0.00086895
821.5  0.44707329 -0.02360230 -0.04951004 -0.01048205 -0.06537272 -0.02630315 0.08681866 0.02408469 0.00916112 0.00232349
822.0  0.26201336 0.37892963 -0.07294605 -0.00640024 0.02043175 -0.08245765 -0.02439408 -0.01211102 -0.06381246 -0.00233759
822.5  -0.75772368 0.57265333 0.12958948 0.00206487 0.08135840 -0.08620900 -0.03901977 -0.02492815 0.09908572 0.00427153
823.0  0.58788167 0.43162543 -0.06421519 0.00762030 0.04757274 -0.03798150 0.08535870 -0.02878261 -0.10305932 -0.00876521
823.5  0.13160845 0.00779854 -0.06647505 0.01128011 -0.04214172 0.02127029 -0.08303625 -0.03771975 0.08095786 0.00790021
824.0  -0.73161901 -0.43141197 0.12979377 0.00580604 -0.08420920 0.06527443 0.04653978 -0.04726360 -0.03103221 -0.00978872
824.5  0.60480068 -0.56647318 -0.05395307 -0.00611218 -0.03732099 0.08087810 0.00374818 -0.04518205 -0.02547312 0.00725963
825.0  0.14858844 -0.31315560 -0.08319550 -0.01641420 0.04609971 0.05373581 -0.04331512 -0.02269878 0.08996575 -0.00572953
825.5  -0.74463188 0.14932643 0.12978346 -0.02238979 0.08077590 0.01344895 0.04896148 -0.00583945 -0.12825310 0.00385321
826.0  0.58752417 0.51974499 -0.02980251 -0.00826348 0.02938430 -0.02997260 -0.02997665 0.05609925 0.12973585 -0.00318664
826.5  0.13099184 0.53945799 -0.10469705 0.05104222 -0.02496954 -0.05405553 0.01056530 0.07158245 -0.09819743 -0.00146004
827.0  -0.73175372 0.22319028 0.12387328 0.07140741 -0.01849277 -0.03944937 0.02540650 0.07709588 0.02755278 0.00785561
827.5  0.62515701 -0.21541765 -0.01188623 0.01004620 -0.01012898 -0.00244092 -0.02752717 0.04538136 0.03775962 -0.00958047
828.0  0.10629669 -0.53943614 -0.11046219 -0.06414196 0.00304788 0.03186423 0.01241209 -0.00878759 -0.09762292 0.01278747
828.5  -0.72643999 -0.51089999 0.11306169 -0.06727137 0.01237363 0.04126484 0.00848423 -0.04734671 0.13372304 -0.01399606
829.0  0.59450126 -0.10880964 0.00973349 0.00206083 0.00606647 0.01008490 -0.02995669 -0.08691039 -0.13526652 0.01101210
829.5  0.18287276 0.36578422 -0.12557084 0.06966244 -0.00123194 -0.02216195 0.03519666 -0.08069969 0.12601953 -0.01123440
830.0  -0.76728971 0.56925872 0.09423714 0.06492175 -0.00950775 -0.04056224 -0.01402710 -0.06820125 -0.08347994 0.01030444
830.5  0.52349404 0.36758814 0.04390391 -0.00488309 -0.00715827 -0.02748574 -0.01754242 -0.02495076 0.03624887 -0.00942657
831.0  0.24279596 -0.09641406 -0.13372599 -0.06735934 0.00470957 0.01298558 0.04942859 0.02628713 0.02137459 0.00564790
831.5  -0.76029072 -0.48787337 0.08389139 -0.04825261 0.01043543 0.05188063 -0.06318238 0.06043503 -0.07733355 -0.00336255
832.0  0.57393810 -0.55503916 0.04809267 0.03058394 0.01034756 0.05889570 0.04133517 0.07561860 0.11005732 -0.00087490
832.5  0.12985065 -0.28472740 -0.13223274 0.07100053 -0.00236456 0.01892592 -0.00344687 0.04907795 -0.12586235 0.00215606
833.0  -0.71524890 0.16037273 0.09052799 0.01926829 -0.01575635 -0.04286997 -0.04211692 0.02355049 0.11073243 -0.00871108
833.5  0.66486661 0.51001490 0.03867965 -0.05325082 -0.01137476 -0.07592211 0.06778867 -0.01394941 -0.07395205 0.01512158
834.0  -0.01137221 0.54372748 -0.13164003 -0.06234874 0.00020734 -0.06785197 -0.05048579 -0.03378460 0.01999527 -0.01469852
834.5  -0.65424647 0.23899721 0.09566868 0.00735784 0.00923008 -0.01097800 0.01749518 -0.04747150 0.04115108 0.01653482
835.0  0.71720702 -0.21313057 0.03366528 0.06807858 0.01393355 0.04743198 0.02431273 -0.05671337 -0.09366687 -0.01577823
835.5  -0.12994648 -0.52564191 -0.12944390 0.04336040 -0.00330037 0.07307074 -0.05313796 -0.03261011 0.13197577 0.01237577
836.0  -0.57292373 -0.53957443 0.10418788 -0.03458413 -0.01421574 0.05662337 0.04059697 -0.01653570 -0.12720998 -0.00707455
836.5  0.76755080 -0.28179945 0.01100917 -0.07315638 -0.00713470 0.00545096 -0.00855095 0.02884676 0.08147168 0.00099480
837.0  -0.31852957 0.11519960 -0.11479416 -0.01538403 0.01299380 -0.04253184 -0.02114072 0.06350226 -0.00445644 0.00491190
837.5  -0.39178874 0.44651634 0.12502264 0.06423207 0.01262742 -0.05533146 0.03169686 0.06453794 -0.09033525 -0.00984734
838.0  0.78677394 0.56877411 -0.03706533 0.04828555 -0.02494705 -0.03928470 -0.00617270 0.06002345 0.13255452 0.01378259
838.5  -0.48522672 0.44578572 -0.08371727 -0.02602306 0.00640104 -0.01024292 -0.02408402 -0.00896793 -0.13120632 -0.01220439
839.0  -0.26073065 0.09095522 0.13978036 -0.03701439 0.05546095 -0.00138816 0.03561695 -0.05223616 0.07711600 0.01212037
839.5  0.76647164 -0.32100785 -0.06791628 0.00021838 0.02826527 -0.01094951 -0.01578737 -0.08857560 0.01618954 -0.01065928
840.0  -0.52061382 -0.55335977 -0.06677431 0.03513117 -0.03557529 -0.01178876 -0.04078731 -0.08803454 -0.07158645 0.00844181
840.5  -0.26099077 -0.50170167 0.13846407 0.02392221 -0.05501732 -0.00281331 0.07758051 -0.05084992 0.11314960 -0.00492335
841.0  0.76798425 -0.18949629 -0.08360406 -0.01962262 -0.00603460 0.01386265 -0.08043530 -0.00027978 -0.11693932 0.00594148
841.5  -0.53137269 0.22693117 -0.04710500 -0.03689382 0.05147401 0.03437919 0.03771051 0.05250129 0.08608332 -0.00244530
842.0  -0.19349693 0.51571528 0.13629147 -0.00679233 0.04484410 0.02988137 0.03147660 0.07910709 -0.03445355 -0.00245627
842.5  0.74682811 0.55338340 -0.10818028 0.03174932 -0.01640418 0.00584233 -0.08659410 0.07876457 -0.02349952 0.00831529
843.0  -0.61354646 0.33218500 -0.01303371 0.02818989 -0.05374229 -0.01488459 0.09298184 0.04745405 0.07714075 -0.00894266
843.5  -0.07855888 -0.07245474 0.12562519 -0.00764794 -0.02813629 -0.03901597 -0.04501734 -0.00330340 -0.10204000 0.01085342
844.0  0.70229214 -0.44740647 -0.12469244 -0.03719576 0.02646641 -0.03647114 -0.02401944 -0.05007567 0.10220128 -0.00961766
844.5  -0.66008031 -0.56986476 0.01275641 -0.01858905 0.04939744 -0.00991315 0.08286459 -0.07873052 -0.08045562 0.00496419
845.0  -0.03227182 -0.36562340 0.11320393 0.02740596 0.01342793 0.00331122 -0.09447812 -0.08374647 0.03659354 -0.00257900
845.5  0.68997157 0.06163268 -0.13670689 0.03902280 -0.03562187 0.03648597 0.05964954 -0.05405999 0.01526004 0.00192374
846.0  -0.67751032 0.45010252 0.02589985 0.00399717 -0.03865168 0.04300614 -0.00284473 -0.01322999 -0.06814814 -0.00288496
846.5  0.02919583 0.57098428 0.10767129 -0.04098277 0.00005581 0.02549012 -0.06489001 0.03961825 0.10677467 0.00259163
847.0  0.63574628 0.37357914 -0.14017363 -0.03640388 0.03469317 0.00427559 0.07909740 0.06532873 -0.12067674 -0.00306008
847.5  -0.73846531 -0.02577497 0.04440768 0.01376899 0.03178921 -0.03064583 -0.05168039 0.08819821 0.08823104 0.00193302
848.0  0.20522958 -0.40275789 0.08922297 0.05103535 -0.00543224 -0.02861222 -0.01092357 0.06430685 -0.03813487 0.00016717
848.5  0.51548645 -0.57137906 -0.14152970 0.02242358 -0.03805726 -0.01222782 0.06628719 0.02634652 -0.03488117 -0.00301134
849.0  -0.77562835 -0.43431054 0.06609091 -0.03621704 -0.02274450 0.00634900 -0.07362669 -0.01534891 0.09250663 0.00490629
849.5  0.31618239 -0.02990207 0.07590458 -0.04957795 0.01705165 0.02248070 0.03716088 -0.06530422 -0.12139856 -0.00831036
850.0  0.45802343 0.39494291 -0.14395149 -0.00608562 0.03614620 0.01793697 0.02443472 -0.07709628 0.12893569 0.01058815
850.5  -0.78428739 0.56752081 0.06232911 0.04460392 0.01369146 0.00273652 -0.06889818 -0.08815554 -0.09788054 -0.01005737
851.0  0.30996684 0.39173603 0.08370566 0.04118749 -0.03267777 -0.00417576 0.07469783 -0.06141036 0.05927651 0.01126491
851.5  0.45962867 -0.03340752 -0.14336270 -0.02452256 -0.02831605 -0.01818384 -0.04365936 -0.02961834 0.00084559 -0.00948008
852.0  -0.77951791 -0.43849164 0.05942187 -0.02274080 0.04012707 -0.01677396 -0.01345990 0.01523385 -0.06113672 0.00767579
852.5  0.38848705 -0.57039258 0.07953195 0.02528383 0.04288163 -0.00169451 0.06433559 0.06546339 0.10322632 -0.00615991
853.0  0.36012312 -0.38712330 -0.14376265 0.03667707 -0.01063807 0.00427145 -0.08223169 0.07456857 -0.12109250 0.00716134
853.5  -0.78081945 0.01699705 0.07212752 -0.00438227 -0.04904088 0.02029283 0.05924874 0.08054334 0.08849929 -0.00771385
854.0  0.49168815 0.43200828 0.07143521 -0.03710024 -0.02714125 0.01669327 -0.01128627 0.04082398 -0.04119487 0.00552841
854.5  0.25558213 0.57403492 -0.14380327 -0.02398021 0.02176555 0.00508113 -0.05122279 -0.01153480 -0.02142945 -0.00349906
855.0  -0.77102470 0.33211326 0.06550540 0.00878771 0.04442621 0.00158394 0.10728527 -0.02241388 0.06828014 0.00151679
855.5  0.52306473 -0.13525969 0.08436480 0.04285382 0.02672100 -0.02423175 0.13307966 -0.04370482 -0.07708126 0.00395372
856.0  0.24498067 -0.51449721 -0.14125707 0.02358909 -0.02473894 -0.01996255 0.11556940 0.05080508 0.05315956 -0.01127581
856.5  -0.76383151 -0.53183813 0.04670774 -0.01710612 -0.05422257 -0.01665394 0.03137777 -0.06063611 -0.01180874 0.01185114
857.0  0.55421418 -0.18689986 0.09447950 -0.03572645 -0.02672242 -0.00621004 -0.05634924 0.01730308 -0.01780406 -0.01650172
857.5  0.16036595 0.26699849 -0.14016014 -0.02126888 0.02578191 -0.01172648 -0.12529703 0.04676025 0.02358693 0.02027669
858.0  -0.72506404 0.55012023 0.04993273 0.01591242 0.05138199 -0.03624208 -0.13806614 -0.07481008 -0.00764179 -0.01851921
858.5  0.66002675 0.50659617 0.08748562 0.03001590 0.02338871 -0.02070056 -0.07245901 0.08797975 -0.01419289 0.02250242
859.0  -0.02121619 0.17372381 -0.14210642 0.01286712 -0.03154799 0.02497348 0.01061177 -0.04269115 0.02368816 -0.02059992
859.5  -0.64298566 -0.26190822 0.06408372 -0.01876686 -0.04836741 0.07493329 0.08522085 -0.01824107 -0.02195355 0.01556392
860.0  0.72345546 -0.55111042 0.07572845 -0.03094989 -0.00762042 0.08592169 0.11218774 0.07313554 0.00719735 -0.01022306
860.5  -0.12858281 -0.50588732 -0.14128429 -0.00149551 0.04071083 0.04724271 0.11188615 -0.06484756 0.00801583 0.00302158
861.0  -0.59431670 -0.16296259 0.07310170 0.02828439 0.03816449 -0.02057224 0.02291205 0.07150872 -0.02394861 0.00121156
861.5  0.75266316 0.25224205 0.08257477 0.01705380 -0.01257134 -0.07165659 -0.05397086 -0.02152538 0.02988130 -0.00749650
862.0  -0.22089134 0.53018015 -0.17132712 -0.01697406 -0.04766224 -0.07155993 -0.11899986 -0.04257889 -0.01853881 0.01123661
862.5  -0.48467864 0.54012251 0.10947990 -0.02719770 -0.01887822 -0.03104410 -0.11152893 0.08214662 0.00149943 -0.01784523
863.0  0.78574463 0.30352712 0.03923948 0.00083473 0.03723203 0.03648539 -0.02921500 -0.08077042 0.01622783 0.02241649
863.5  -0.43513342 -0.04264796 -0.15599369 0.03232887 0.04733915 0.06310996 0.07678755 0.04129698 -0.02760033 -0.02002404
864.0  -0.28149231 -0.38364345 0.14927634 0.02225669 -0.01079338 0.01615814 0.13652336 0.01712910 0.02343449 0.01388228
864.5  0.75855353 -0.56568364 -0.02075085 -0.02361255 -0.05882950 -0.04062017 0.08957271 -0.06100915 -0.01476765 -0.00469087
865.0  -0.57044461 -0.47096030 -0.12794746 -0.04425598 -0.02587346 -0.04012869 -0.02418772 0.08365093 0.01023170 -0.00252153
865.5  -0.16988836 -0.14519815 0.16407715 0.01315170 0.03230603 0.01822020 -0.10789808 -0.07910210 -0.01123713 0.01442405
866.0  0.74939960 0.26665165 -0.04427328 0.06311935 -0.01613646 0.07426311 -0.11762966 0.05447326 0.01953718 -0.02013229
866.5  -0.57578932 0.54268149 -0.11795885 0.02001092 -0.03347806 0.07740222 -0.05772014 -0.02649473 0.00206470 0.02278058
867.0  -0.16608444 0.50729653 0.16680018 -0.04523682 -0.01145426 0.01325275 0.03204384 0.00464633 -0.03778664 -0.02458691
867.5  0.74498398 0.19440728 -0.05907586 -0.05586338 0.02423981 -0.06197432 0.09527304 0.02117476 0.06245303 0.02159256
868.0  -0.60354676 -0.21184049 -0.10006222 0.00919151 0.02801719 -0.09386139 0.10384113 -0.03852750 -0.07819620 -0.01983445
868.5  -0.10175441 -0.50941982 0.17039169 0.06296271 -0.00335061 -0.06848641 0.04916654 0.04366349 0.06926761 0.01421402
869.0  0.70822647 -0.54567999 -0.09130372 0.03236086 -0.02808219 0.01384499 -0.03011861 -0.03616676 -0.03742742 -0.00761099
869.5  -0.66165716 -0.29482493 -0.06876315 -0.03915064 -0.01614053 0.08704756 -0.08833024 0.01361938 0.00126348 0.00067007
870.0  -0.01789277 0.11942380 0.16898170 -0.06246129 0.01042554 0.09844317 -0.09830685 0.01133844 0.03984002 0.00731159
870.5  0.68728719 0.47489921 -0.11205028 -0.00886650 0.02428260 0.05963168 -0.06022607 -0.03058610 -0.06526196 -0.01421513
871.0  -0.66806467 0.55304324 -0.05321424 0.05278640 0.02004044 -0.01482533 0.00452038 0.04253749 0.07585996 0.02057312
871.5  -0.03155904 0.30515056 0.16595929 0.05453647 0.00012788 -0.08797103 0.05824711 -0.03868530 -0.06974755 -0.02849447
872.0  0.69202454 -0.11313431 -0.12029944 -0.01035169 -0.02547742 -0.11442931 0.08695505 0.01930048 0.03924777 0.03159207
872.5  -0.67957206 -0.46394065 -0.03326771 -0.06275451 -0.02234569 -0.07393701 0.07190931 0.00729427 -0.00360323 -0.02919084
873.0  0.05932106 -0.56419685 0.15521602 -0.03119562 0.00188336 0.01187664 0.01881172 -0.03823112 -0.03512924 0.02083897
873.5  0.60690809 -0.40307128 -0.14894979 0.04212652 0.02732486 0.10163450 -0.04120883 0.05627695 0.05990492 -0.01062158
874.0  -0.75963000 -0.07414333 0.02436664 0.05345759 0.01679333 0.12282046 -0.07151703 -0.04656563 -0.05783779 0.00132109
874.5  0.28532618 0.30261103 0.12235954 -0.00895336 -0.01619156 0.05182555 -0.06064987 0.01911664 0.04150076 0.01091868
875.0  0.43127442 0.54116243 -0.16902076 -0.05807003 -0.02524501 -0.05269341 -0.01447873 0.02003139 -0.01442671 -0.02008791
875.5  -0.78769397 0.51345678 0.07421926 -0.03352157 -0.00020921 -0.12144102 0.03743077 -0.05446766 -0.01390407 0.02481769
876.0  0.41024925 0.22677586 0.09575788 0.03604724 0.02551862 -0.11335278 0.06692104 0.06331383 0.02976826 -0.03096003
876.5  0.36558851 -0.20525656 -0.18535574 0.06026708 0.01364660 -0.02913085 0.06537615 -0.06253711 -0.03815307 0.03137314
877.0  -0.77978226 -0.52558021 0.08987089 0.00997551 -0.01572463 0.06455974 0.01054524 0.03762935 0.03858869 -0.02912214
877.5  0.42274901 -0.51434408 0.09823775 -0.04513307 -0.02522712 0.07219315 -0.10163799 0.00588640 -0.03483238 0.02649319
878.0  0.36061338 -0.19189049 -0.18584680 -0.04721907 -0.00253765 0.01397499 -0.13525752 -0.02955713 0.02307759 -0.01695717
878.5  -0.78408728 0.24652161 0.08549116 0.01209495 0.02228046 -0.03328693 -0.07848205 0.06634385 -0.02628259 0.01136078
879.0  0.43725290 0.54175321 0.10261372 0.05893744 -0.00043839 -0.05361004 -0.00653374 -0.06489083 0.01944835 -0.00261984
879.5  0.33649176 0.48964106 -0.17977680 0.02251470 -0.02937914 -0.04889807 0.10027084 0.01595463 0.00517452 -0.00574301
880.0  -0.78245199 0.10378973 0.07488694 -0.03706316 -0.00128685 -0.00828979 0.13274180 -0.04141585 -0.01861375 0.01255595
880.5  0.40794711 -0.36263969 0.10918237 -0.04963850 0.03850147 0.03264432 0.11530236 0.00760543 0.03750866 -0.02105879
881.0  0.42294228 -0.56636286 -0.16952896 -0.00960653 0.03214107 0.04959899 -0.05382662 0.00093952 0.06362504 0.02543608
881.5  -0.77644753 -0.31899965 0.02551520 0.03781073 -0.01261786 0.04078881 0.00148027 -0.05251125 0.06547338 -0.02788565
882.0  0.23857596 0.18739314 0.14963544 0.04773648 -0.04420805 0.01858641 0.05753674 0.08210247 0.05916197 0.03384297
882.5  0.56393709 0.53775910 -0.14423675 0.00617561 -0.03473770 -0.01420216 -0.08726433 -0.10392228 0.03654129 -0.03792099
883.0  -0.74638644 0.48589040 -0.02601475 -0.04572421 0.00983686 -0.03680303 0.08499214 0.09384663 0.00645595 0.04109053
883.5  0.18362675 0.10771058 0.16456983 -0.05197748 0.04150344 -0.04825752 -0.04917035 -0.04624849 -0.03005311 -0.04166331
884.0  0.53439433 -0.31792798 -0.13498749 0.00653079 0.02867616 -0.02437859 -0.01594340 -0.01852655 -0.05492388 0.04120343
884.5  -0.77872935 -0.54870431 -0.01935547 0.05889603 -0.01897409 0.01768605 0.06190077 0.09061934 -0.06427302 -0.03693386
885.0  0.35955784 -0.50183505 0.15507482 0.03583227 -0.03927681 0.03945227 -0.07193675 -0.11690782 -0.05553901 -0.03084377
885.5  0.35191787 -0.19525898 -0.15354767 -0.03356377 -0.01247144 0.04346772 0.03242147 0.09702016 -0.02708937 0.02475824
886.0  -0.77323508 0.21400179 0.01204753 -0.06018788 0.02536846 0.00921197 0.02684940 -0.03140965 0.00685629 -0.01353264
886.5  0.54298084 0.50369380 0.14159770 -0.01467728 0.04063084 -0.02743574 -0.06059452 -0.05184931 0.04038164 -0.00102932
887.0  0.16432014 0.54770353 -0.16345061 0.05011314 0.01156654 -0.04338997 0.05187844 0.10984219 0.06340915 0.01388603
887.5  -0.71860737 0.31853873 0.03831021 0.05733992 -0.02999984 -0.03207574 -0.00750326 -0.12612133 0.06479858 -0.02040285
888.0  0.66937420 -0.07188680 0.11692390 -0.01306043 -0.03764121 0.00469879 -0.04215228 0.08190787 0.05249212 0.02554462
888.5  -0.07997513 -0.40742895 -0.17008791 -0.06166386 -0.00227056 0.03942924 0.06342403 -0.00129586 0.02015131 -0.03074768
889.0  -0.57222953 -0.56141450 0.08436051 -0.02226578 0.03447083 0.04294886 -0.03816670 -0.08259267 -0.02130902 0.03539783
889.5  0.77236192 -0.48894260 0.06829290 0.04599340 0.02304695 0.00639379 -0.01485286 0.13158962 -0.05396709 -0.03626367
890.0  -0.38777464 -0.20032552 -0.16709191 0.04885102 -0.01804286 -0.03064537 0.05389586 -0.10767146 -0.06911117 0.03358790
890.5  -0.31301098 0.17627712 0.13313124 -0.01701772 -0.03531041 -0.04782834 -0.05842768 0.03869455 -0.05535572 -0.02224218
891.0  0.76992885 0.48175678 0.01457079 -0.06076920 -0.00677428 -0.02757478 0.02726660 0.05051371 -0.02508270 0.00754880
891.5  -0.53998495 0.55852330 -0.15239851 -0.02715677 0.03322372 0.01083637 0.01717900 -0.11388922 0.01114313 0.00730261
892.0  -0.21037774 0.31635900 0.14728385 0.03922167 0.03325235 0.04225923 -0.04644138 0.12330300 0.04885603 -0.02332200
892.5  0.76063362 -0.12074795 0.00267880 0.05969165 -0.00665160 0.04436898 0.06063484 -0.09561194 0.05504328 0.03494687
893.0  -0.53222857 -0.48204041 -0.15107538 0.00804159 -0.03409169 0.04386949 -0.04008542 -0.00541796 0.06477756 -0.04231233
893.5  -0.23628615 -0.55228990 0.14919315 -0.05216311 -0.01923634 0.02444594 -0.03698469 0.05342193 0.04330958 0.04633029
894.0  0.76329954 -0.30017411 -0.00443313 -0.04939246 0.01747510 -0.03898199 0.11165876 -0.06975331 -0.00696567 -0.04514017
894.5  -0.54567876 0.11085151 -0.14418457 0.01361268 0.03708653 -0.04287066 -0.12660045 0.05977370 -0.01245464 0.03997798
895.0  -0.19420455 0.46042812 0.15964732 0.06372841 0.00701057 -0.05571346 0.06248306 -0.01757449 -0.04795615 -0.02914021
895.5  0.74617588 0.56649160 -0.03022236 0.03349091 -0.03165545 -0.02008088 0.02763962 -0.01519080 -0.05158300 0.01456748
896.0  -0.57774273 0.35522398 -0.12906300 -0.03573604 0.02889321 0.02611148 -0.11365463 0.04648380 -0.03970992 -0.00157192
896.5  -0.17704606 -0.05392878 0.16544642 -0.06253020 0.00845714 0.04216290 0.13481122 -0.05062180 -0.02619025 -0.01114027
897.0  0.75736860 -0.43535846 -0.03952068 -0.01300688 -0.03653853 0.05214383 -0.08194080 0.03989461 0.00784485 0.02199094
897.5  -0.53766698 -0.56965651 -0.12509187 0.04832932 0.01970237 0.02192022 -0.01046787 -0.02674937 0.02406944 -0.03077442
898.0  -0.23314249 -0.36159850 0.16474311 0.05439864 0.02647831 -0.02825991 0.10655451 0.00369082 0.04146070 0.03790876
898.5  0.76333404 0.04879931 -0.04490554 -0.00107833 -0.04086806 -0.01231304 -0.14230142 0.01852353 0.05470229 -0.04591257
899.0  -0.54807281 0.40922419 -0.11374505 -0.06002429 0.00459126 -0.05662378 0.07826129 -0.03845185 0.03905612 0.04717228
899.5  -0.17546977 0.56856096 0.16779147 -0.04030035 0.03940510 -0.01896294 0.02705765 0.04149240 0.02599608 -0.04091214
900.0  0.72286872 0.45898938 -0.07578765 0.03448216 -0.03599468 0.02859945 -0.12043679 -0.02553152 0.00131750 0.03052532
900.5  -0.65767135 0.12499775 -0.08078429 0.06288416 -0.01542235 0.04354783 0.12806910 -0.00597681 -0.02989178 -0.01468451
901.0  0.02789230 -0.26043058 0.16953700 0.00718118 0.04770157 0.04524683 -0.03833557 0.03397907 -0.03513520 -0.00258075
901.5  0.64075120 -0.52988492 -0.10596864 -0.05580145 -0.02494139 0.00203655 -0.07558073 -0.04254961 -0.04349893 0.01703771
902.0  -0.72076629 -0.52422672 -0.05986136 -0.04974602 -0.02606277 -0.04175825 0.13384133 0.03800575 -0.03886831 -0.02682865
902.5  0.11745500 -0.18892059 0.16847074 0.01921542 0.04828919 -0.04698441 -0.11740863 -0.01405425 -0.01967933 0.03447801
903.0  0.60753531 0.27087939 -0.10111599 0.06352518 -0.01531095 -0.03268013 0.02421374 -0.00436253 -0.00588870 -0.04023726
903.5  -0.73551759 0.54994011 -0.07415730 0.03457136 -0.02880078 0.00423325 0.08136818 0.02074571 0.01417020 0.04501174
904.0  0.15226842 0.47334623 0.16946630 -0.03686345 0.04033097 0.04669456 -0.13753630 -0.02966133 0.03391442 -0.04954684
904.5  0.55924745 0.09285273 -0.09031183 -0.06708342 -0.00625821 0.03931031 0.12050963 0.01909222 0.03997111 0.04644326
905.0  -0.76701295 -0.34265584 -0.07782064 -0.01182501 -0.03126488 0.02370869 -0.01657473 -0.01375727 0.04026278 -0.04104414
905.5  0.30973336 -0.56541450 0.16957267 0.05515936 0.02856721 -0.01039248 -0.09076365 0.00384158 0.03000064 0.02816070
906.0  0.41645173 -0.43987373 -0.09315540 0.05618979 0.01272025 -0.05203475 0.14190096 -0.00720204 -0.00020607 -0.01299856
906.5  -0.78242919 -0.02885674 -0.08112043 -0.00286939 -0.03921353 -0.03195580 -0.11730342 0.01385203 -0.01847911 0.00417859
907.0  0.43764354 0.40281105 0.17271151 -0.06455018 0.01625774 -0.01681904 0.02372612 -0.00092704 -0.04181943 0.00633939
907.5  0.32883276 0.56478008 -0.07910515 -0.05760429 0.00926976 0.01991689 0.06893987 -0.02231348 -0.04607197 -0.01587917
908.0  -0.77658432 0.33732700 -0.10341758 0.02509898 -0.03979440 0.04836928 -0.12194397 0.06257467 -0.02796728 0.02598569
908.5  0.47761027 -0.12917453 0.17289488 0.06416293 0.00830884 0.03929290 0.11251041 -0.07604687 -0.01783943 -0.03728236
909.0  0.26426272 -0.49401292 -0.05745087 0.04391129 0.04047904 0.02163656 -0.04910811 0.04948244 0.01261285 0.04631130
909.5  -0.76372724 -0.54184992 -0.11377588 -0.02620507 -0.04260471 -0.01998378 -0.03751368 0.00233027 0.03072334 -0.05129243
910.0  0.59126653 -0.30126977 0.17355519 -0.06512613 -0.00535588 -0.05498974 0.10127221 -0.06539919 0.04049862 0.05009311
910.5  0.05726058 0.09947277 -0.07443536 -0.02409480 0.04521558 -0.03974025 -0.10434742 0.09008663 0.03822521 -0.04575583
911.0  -0.65324343 0.44547368 -0.09125554 0.04767766 -0.03130189 -0.00991838 0.04086668 -0.07051414 0.01233557 0.03572324
911.5  0.73635376 0.56115222 0.17727867 0.05621377 -0.02254632 0.02936840 0.04556414 0.01328123 -0.01496777 -0.02364274
912.0  -0.19142072 0.41376007 -0.10318686 -0.00630621 0.04823554 0.06199309 -0.09749378 0.05703628 -0.03553008 0.01302548
912.5  -0.52545696 0.03461670 -0.06767706 -0.06354105 -0.01664346 0.03342452 0.09339958 -0.09823015 -0.05069577 0.00013647
913.0  0.76672433 -0.38319496 0.17487602 -0.04165550 -0.03379272 0.01059953 -0.03338819 0.10185690 -0.02417590 -0.01119494
913.5  -0.28060125 -0.56487835 -0.11028099 0.02882204 0.04327058 -0.02745568 -0.03878682 -0.03963115 -0.01593444 -0.02419139
914.0  -0.48704395 -0.41628236 -0.06649287 0.06665416 0.00014626 -0.06198311 0.05890619 -0.04101385 0.00005855 -0.03178924
914.5  0.77720034 -0.02983406 0.17349929 0.02494971 -0.03867860 -0.04788406 -0.03649491 0.11704866 0.03695238 -0.03768203
915.0  -0.34068846 0.37675421 -0.11442892 -0.04953519 0.03460623 -0.03090350 -0.00046384 -0.13046434 0.03115521 -0.04528847
915.5  -0.39888396 0.56662172 -0.04794263 -0.05683477 0.01315628 0.02197611 0.04088618 0.08969279 0.03936671 -0.04345373
916.0  0.78344796 0.44945609 0.16607605 0.01365817 -0.04948326 0.05643853 -0.05516259 -0.02004621 0.02126562 -0.04029967
916.5  -0.45142443 0.09145605 -0.13502866 0.06416774 0.01626859 0.05549913 0.04616542 -0.06386769 0.00070794 -0.03006695
917.0  -0.31016368 -0.32751739 -0.02040496 0.03437387 0.03400793 0.02192937 -0.00306666 0.12029525 -0.01457645 -0.01203086
917.5  0.77822469 -0.56001358 0.15601299 -0.03854777 -0.04384208 -0.02695205 -0.03684594 -0.13329341 -0.03606318 0.00329146
918.0  -0.45041325 -0.44901356 -0.13948567 -0.06688417 0.00288980 -0.06168105 0.05101192 0.11242477 -0.03285505 0.02047797
918.5  -0.35742835 -0.05095199 -0.01730878 -0.00755517 0.04174137 -0.05874261 -0.05120334 -0.05704595 -0.03570253 0.03363827
919.0  0.78147482 0.38048625 0.15738863 0.05909399 -0.03695019 -0.02893144 0.01602800 -0.00450787 -0.02206779 0.04428562
919.5  -0.37646252 0.56446661 -0.14005998 0.05247230 -0.00614445 0.02293024 0.02447994 0.06818599 0.00015761 0.04914856
920.0  -0.42018828 0.41933491 -0.01104916 -0.02000717 0.04417942 0.06003807 -0.05448499 -0.11531725 0.00530925 0.04627662
920.5  0.78316782 0.05907586 0.15289949 -0.06336307 -0.03415236 0.06136152 0.05494015 0.12534821 0.03818881 0.03408489
921.0  -0.38226088 -0.33279472 -0.16916213 -0.02421527 -0.03182885 0.02444421 -0.02453384 -0.10504327 0.02651636 0.01710524
921.5  -0.37467083 -0.55012906 0.04092260 0.04702017 0.04278587 -0.02600412 -0.01826128 0.03380956 0.03154305 -0.00864851
922.0  0.78599848 -0.49447417 0.12464281 0.06627042 0.00462696 -0.05709379 0.05033052 0.04762572 0.01481484 -0.03139193
922.5  -0.42175683 -0.20524666 -0.18080890 -0.00250461 -0.04302442 -0.05516368 -0.04645499 -0.11330456 -0.01314900 -0.04795908
923.0  -0.36971056 0.20831856 0.07323565 -0.07051988 0.02789986 -0.02079886 0.01720535 0.13990529 -0.01877165 -0.05628653
923.5  0.77799603 0.51941852 0.10238022 -0.04918522 0.01872979 0.02572376 0.01986583 -0.10573056 -0.03913046 -0.05209808
924.0  -0.38891028 0.52775037 -0.18353408 0.02912119 -0.04393764 0.05417461 -0.03862026 0.03189163 -0.03121174 -0.04087420
924.5  -0.40270765 0.25557400 0.08998227 0.07268857 0.02027035 0.05534041 0.03693332 0.05638069 -0.01722067 -0.02396356
925.0  0.78376135 -0.14160580 0.08590629 0.02969243 0.02963442 0.02718520 -0.02788181 -0.12147511 -0.00665329 -0.00427624
925.5  -0.42814508 -0.47431734 -0.18198144 -0.05553564 -0.04348363 -0.02936843 0.00989714 0.13488593 0.02264680 0.01782457
926.0  -0.28905589 -0.56114460 0.12173046 -0.06855440 0.00273610 -0.05969107 0.01894228 -0.08890872 0.02254078 0.03627416
926.5  0.76418277 -0.36897070 0.03816768 0.01012926 0.03898482 -0.04606385 -0.04327425 -0.00155101 0.02268614 0.04852788
927.0  -0.58363108 0.00240232 -0.16943806 0.07100512 -0.03135843 -0.00431168 0.05274039 0.08902332 0.01900699 0.05063924
927.5  -0.10491847 0.39384476 0.15075402 0.04244954 -0.01232975 0.04837863 -0.02406225 -0.13338308 -0.00434476 0.04712366
928.0  0.70333650 0.56679748 0.01142456 -0.03916746 0.03940141 0.06628366 -0.01693407 0.11753403 -0.00736518 0.03826329
928.5  -0.66221063 0.37709117 -0.16404648 -0.07384602 -0.02620840 0.02994217 0.04242265 -0.05314999 -0.02140990 0.02815420
929.0  -0.01139106 -0.06440674 0.15115091 -0.02265332 -0.02142175 -0.01945065 -0.05616855 -0.03034736 -0.02461850 0.01730131
929.5  0.67277984 -0.46537286 0.02094840 0.05014187 0.04693442 -0.05336754 0.03467167 0.10439397 -0.01625347 0.00384602
930.0  -0.69842095 -0.54599851 -0.17028545 0.06957552 -0.02062439 -0.06286047 0.00673914 -0.13167125 -0.01030001 -0.01309764
930.5  0.09069196 -0.26179010 0.14592478 0.00898691 -0.02581913 -0.01963005 -0.03362816 0.10644410 0.00682233 -0.02440049
931.0  0.58842761 0.18001953 0.02202235 -0.06550474 0.04802639 0.03126120 0.05173416 -0.02949691 0.01886906 -0.03946409
931.5  -0.75974234 0.50992776 -0.16941103 -0.05952944 -0.00440245 0.03833281 -0.07686892 -0.05763372 0.02167527 -0.04933196
932.0  0.29787668 0.52798877 0.15897354 0.01149020 -0.04086398 0.04889165 0.04282720 0.11833002 0.03138096 -0.05505852
932.5  0.42921158 0.23498776 0.00345335 0.07813067 0.03311402 -0.00440812 -0.08340898 0.08720573 -0.03870493 -0.05930049
933.0  -0.78467131 -0.19589971 -0.16453680 0.04638723 0.00412972 -0.04774470 0.01310393 -0.06421811 -0.02970935 -0.05729965
933.5  0.41262379 -0.52442541 0.15782668 -0.03562670 -0.04235707 -0.04381636 0.07163866 0.01933512 -0.00511645 -0.05198407
934.0  0.34923808 -0.51000928 0.00922027 -0.07669952 0.03016037 -0.04277337 -0.10966400 0.03652277 0.01297485 -0.04622286
934.5  -0.78194806 -0.16500741 -0.16503134 -0.02642043 0.01826741 0.01491854 0.09703689 -0.08040658 0.02463451 -0.03485840
935.0  0.46000351 0.25783669 0.15308359 0.05103266 -0.04418351 0.04498662 -0.04164786 0.09486854 0.03559407 -0.02204357
935.5  0.28967326 0.53266051 0.00626544 0.06681107 0.01954926 0.05109297 -0.04669070 -0.07777365 0.03102780 -0.00251739
936.0  -0.75805628 0.51770538 -0.15548917 0.00238606 0.02798428 0.03004723 0.10327715 0.03215981 0.01975314 0.01854428
936.5  0.59131139 0.21990962 0.16575057 -0.06683844 -0.04486899 -0.01769849 -0.10286042 0.02851935 0.00235466 0.04030624
937.0  0.07187346 -0.17068770 -0.03370613 -0.04823015 0.00037900 -0.05201345 0.04488934 -0.07844150 -0.01120427 0.05711883
937.5  -0.68540716 -0.48090267 -0.12718751 0.03724313 0.04040756 -0.05232378 0.04406027 0.09550281 -0.02628757 0.06256511
938.0  0.69668956 -0.55067171 0.17621213 0.07337329 -0.03012832 -0.01206298 -0.10454360 -0.07833150 -0.02825852 0.06427915
938.5  -0.07620202 -0.27647015 -0.05988496 0.01349827 -0.01481158 0.02733099 0.10948788 0.03637051 -0.03048564 0.05288055
939.0  -0.63234926 0.18112409 -0.11844107 -0.06047092 0.04250010 0.05374816 -0.06275838 0.01849055 -0.02308873 0.03635867
939.5  0.71580025 0.51517586 0.17677398 -0.06396576 -0.02027361 0.05139789 -0.01445323 -0.06559455 -0.00637985 0.01770328
940.0  -0.06491687 0.50007627 -0.04984591 0.00576159 -0.02675923 0.01399818 0.08230913 0.09346208 0.00631988 -0.00490774
940.5  -0.64293409 0.13297236 -0.12753520 0.06999943 0.04814739 -0.03148281 -0.11028080 -0.09819452 0.02480476 -0.02256312
941.0  0.71253434 -0.32153128 0.17507073 0.05090256 -0.00807360 -0.05025836 0.08613809 0.06985177 0.03274002 -0.04477216
941.5  -0.10240398 -0.55615111 -0.05031399 -0.03299240 -0.04192371 -0.04883120 -0.00885428 -0.01714384 0.03636503 -0.05875007
942.0  -0.60040175 -0.44203612 -0.11941713 -0.07820298 0.03986738 -0.01347512 -0.06599695 -0.04529911 0.03118055 -0.06450097
942.5  0.74458922 -0.05629820 0.17688852 -0.01762145 0.00513695 0.04626165 0.10092320 0.09187226 0.01538582 -0.06361299
943.0  -0.18505724 0.36252131 -0.06891270 0.06870640 -0.05012270 0.05093725 -0.08691956 -0.10714076 -0.00142703 -0.05119117
943.5  -0.56754251 0.55839095 -0.10946654 0.05954580 0.03569515 0.04476160 0.01392190 0.08610537 -0.02221088 -0.03980413
944.0  0.74495796 0.40202708 0.17931423 -0.01995584 0.02667167 0.01162780 0.05366893 -0.04027369 -0.03201650 -0.02373969
944.5  -0.14448058 -0.02306775 -0.06768688 -0.07258559 -0.05460028 -0.03766327 -0.09670303 -0.02341041 -0.03554606 -0.00589331
945.0  -0.60534861 -0.42535667 -0.11230811 -0.04547082 0.01808314 -0.05708706 0.10098320 0.07386321 -0.02784524 0.01224786
945.5  0.73077887 -0.55345127 0.17881832 0.04320678 0.04116041 -0.05248817 -0.05696684 -0.10535705 -0.00905218 0.03188932
946.0  -0.12326815 -0.38981029 -0.07821760 0.08054429 -0.05120001 -0.02216718 -0.00324674 0.09427238 -0.00559363 0.04960506
946.5  -0.58101189 -0.03876032 -0.08553990 0.01319626 -0.00381229 0.03363039 0.06957435 -0.05802213 0.03076016 0.06061894
947.0  0.75714917 0.32791897 0.17762596 -0.06924264 0.05279087 0.06818764 -0.11280871 0.02052536 -0.01669502 0.06278107
947.5  -0.29149861 0.52920135 -0.12793588 -0.05201140 -0.03085065 0.03108259 0.10764781 0.07563212 0.02179556 0.05050128
948.0  -0.43779425 0.52195625 -0.02478239 0.03630705 -0.02933587 0.02508192 0.00230443 -0.08703277 -0.04611050 0.03498876
948.5  0.78030559 0.30074336 0.15848957 0.03262347 0.08035579 -0.04773056 -0.08509500 0.01871113 0.05991795 0.01312723
949.0  -0.43613205 -0.08667898 -0.16000452 0.01461936 -0.00222670 -0.06253632 0.10825928 0.04968762 -0.04547909 -0.00423120
949.5  -0.30602475 -0.42807628 0.01816542 -0.03394592 -0.06741531 -0.05501256 -0.06309715 -0.09603830 0.00250276 -0.02541886
950.0  0.77801447 -0.55259881 0.14040518 -0.04771650 0.05517840 -0.01713421 -0.00563709 0.08009619 0.04686990 -0.04315145
950.5  -0.51749798 -0.40957776 -0.17296493 0.00242783 0.01845887 0.04267407 0.06784104 -0.01943171 -0.08042985 -0.05238387
951.0  -0.19631534 -0.03958890 0.05171144 0.05066285 -0.06603304 0.06642434 -0.08525938 -0.04608344 0.08873728 -0.06185082
951.5  0.72996663 0.34865959 0.11388774 0.02616628 0.03592401 0.04615579 0.04252423 0.10271455 -0.05707677 -0.06100653
952.0  -0.65781831 0.54605174 -0.18122160 -0.02628581 0.04233050 0.00305437 0.02161567 -0.09180498 -0.00313966 -0.04853015
952.5  0.04360507 0.47861257 0.09727381 -0.04226171 -0.06382565 -0.05957554 -0.05902481 0.02174619 0.06124814 -0.03806306
953.0  0.60233053 0.15160199 0.07103958 -0.00723507 0.00014004 -0.06321070 0.04316127 0.05581407 -0.09201817 -0.01792172
953.5  -0.75371959 -0.27828365 -0.17900889 0.03767176 0.06292940 -0.01784705 0.01135830 -0.11531568 0.07623324 0.00642202
954.0  0.23744891 -0.54547404 0.11821663 0.03458562 -0.04655047 0.02692317 -0.05219101 0.12152025 -0.02980303 0.02141177
954.5  0.51542007 -0.44994713 0.06550006 -0.00762007 -0.02308329 0.06925658 0.05016354 -0.07993519 -0.01456694 0.03890191
955.0  -0.76760323 -0.02305370 -0.18066721 -0.04375221 0.06638923 0.05679236 -0.01716370 0.02275664 0.04956639 0.05283796
955.5  0.25078382 0.42064622 0.09892861 -0.03041453 -0.04551637 0.00934079 -0.03489666 0.04770460 -0.06083730 0.05701286
956.0  0.51361333 0.55128224 0.08685246 0.01723994 -0.02575706 -0.03624940 0.06862875 -0.10230231 0.05433200 0.06495536
956.5  -0.77202398 0.30364594 -0.18115437 0.04366036 0.07319668 -0.07178520 -0.05850279 0.12641658 -0.03025541 0.06608155
957.0  0.32733331 -0.13915356 0.09458055 0.01641476 -0.02935958 -0.04548136 0.01204114 -0.11613816 -0.00067885 0.06523026
957.5  0.39255493 -0.48337480 0.08307239 -0.03199760 -0.04573106 0.01042761 0.04949307 0.06493467 0.02980829 0.05601321
958.0  -0.78448449 -0.53839954 -0.18219344 -0.03651762 0.06298612 0.05018719 -0.08040699 0.01205981 -0.04469437 0.04223929
958.5  0.49143952 -0.30346949 0.11161925 0.00399288 -0.00627516 0.06874893 0.04774189 -0.08137307 0.03999110 0.02474354
959.0  0.23945077 0.12145153 0.06559376 0.03961625 -0.06380668 0.02605543 0.01081019 0.12534964 -0.02168052 0.00378895
959.5  -0.75424755 0.48564999 -0.18117110 0.02880325 0.05459898 -0.02268567 -0.06545862 -0.12465581 -0.00222552 -0.01224262
960.0  0.55466567 0.53259743 0.11265776 -0.01810016 0.01711623 -0.06061214 0.08279715 0.08389618 0.02254639 -0.02875222
960.5  0.21303145 0.25393369 0.07607625 -0.04285166 -0.06892042 -0.06409774 -0.05413445 -0.02326535 -0.03021698 -0.04278175
961.0  -0.76072249 -0.18294205 -0.18537808 -0.01671008 0.04767576 -0.02984013 -0.00702900 -0.05054875 0.02394412 -0.05366797
961.5  0.54721101 -0.51893620 0.10279229 0.02477017 0.02875576 0.01445591 0.06194324 0.10781751 -0.00706940 -0.06105038
962.0  0.17408346 -0.52040650 0.08333170 0.03786298 -0.07084388 0.07154409 -0.07027395 -0.13552697 -0.01406558 -0.06282634
962.5  -0.73860132 -0.21611195 -0.18683668 0.00358356 0.02965517 0.04071502 0.06425881 0.11945777 0.03572552 -0.06248720
963.0  0.62279300 0.19533455 0.11158857 -0.03496004 0.04719431 0.02324352 0.00795858 -0.05024427 -0.04173319 -0.05331167
963.5  0.07210628 0.51324236 0.07563712 -0.03504259 -0.06097585 -0.02381767 -0.04558604 -0.03968915 0.02901908 -0.04249360
964.0  -0.69865252 0.51305028 -0.19118566 0.00852145 0.00190426 -0.05955214 0.04548405 0.11264236 0.00094077 -0.02802198
964.5  0.64111232 0.14897281 0.10238497 0.04441271 0.05547361 -0.06089357 -0.01875752 -0.14553725 -0.03922207 -0.01404438
965.0  0.10350661 -0.32659661 0.10364985 0.02225374 -0.05535058 -0.03264088 -0.02319447 0.12311979 0.07560922 0.00000772
965.5  -0.74358376 -0.55543303 -0.19095133 -0.01879276 -0.00340158 0.01087149 0.04866565 -0.05828580 -0.08824814 0.01066406
966.0  0.54445227 -0.34156972 0.05185077 -0.04051006 0.06195673 0.04548317 -0.03785991 -0.01626765 0.05860836 0.02031022
966.5  0.24996769 0.14208098 0.14578469 -0.02704364 -0.05399666 0.06873802 -0.01253243 0.06620816 -0.00049699 0.02916805
967.0  -0.76898930 0.50668921 -0.17778081 0.01958648 -0.01181974 0.04649992 0.07981723 -0.07628110 -0.05448305 0.03976047
967.5  0.51268937 0.51574735 0.02527968 0.04573494 0.06604857 0.02324832 -0.10626597 0.02152968 0.08917465 0.05183416
968.0  0.22322003 0.19869959 0.14926813 0.00890414 -0.04462432 -0.03936885 0.07377749 0.02882010 -0.08509985 0.06010224
968.5  -0.74863970 -0.23329615 -0.17923717 -0.03386226 -0.03390812 -0.07126128 0.00067157 -0.05588356 0.05874267 0.06164969
969.0  0.59395706 -0.51913928 0.04068250 -0.02915575 0.07428786 -0.05079013 -0.08040605 0.07004839 -0.02422981 0.05928014
969.5  0.12129175 -0.51640574 0.13725878 0.00898908 -0.02524074 -0.00302088 0.11585470 -0.04682815 -0.01139264 0.04618763
970.0  -0.72062670 -0.21946849 -0.18295656 0.03477992 -0.05284487 0.04597682 -0.08956264 0.00208313 0.03615855 0.03466855
970.5  0.62456261 0.21393266 0.05261442 0.01660569 0.07027109 0.07221705 0.00559368 0.03782950 -0.05021649 0.02313758
971.0  0.07439485 0.50944413 0.12745602 -0.02473531 -0.00850612 0.04222783 0.07553011 -0.07407624 0.05280788 0.00392607
971.5  -0.70862778 0.52983972 -0.18703329 -0.03314822 -0.06380119 -0.02177198 -0.11377033 0.08698906 -0.04316903 -0.01534588
972.0  0.66716481 0.30989309 0.07901086 0.00527441 0.05402118 -0.05489153 0.08409189 -0.06949007 0.02154502 -0.03435004
972.5  -0.04888110 -0.05477675 0.09184418 0.03984323 0.02614057 -0.05892485 0.02145381 0.02744975 0.00613000 -0.05141410
973.0  -0.59431698 -0.38037444 -0.18800470 0.01592907 -0.06856285 -0.01722611 -0.09836512 0.03614684 -0.02929889 -0.05776499
973.5  0.76715636 -0.54038161 0.14145923 -0.03593076 0.01284485 0.05594607 0.10055847 -0.08946859 0.03453525 -0.05038590
974.0  -0.30853332 -0.51672619 0.01132618 -0.03372494 0.06099168 0.05768619 -0.03629450 0.10352064 -0.02107419 -0.03785403
974.5  -0.39881905 -0.26790007 -0.15908194 0.01495126 -0.05148398 0.01991812 -0.06226840 -0.07271145 -0.00473418 -0.01585123
975.0  0.77860508 0.12540403 0.17899479 0.04170194 -0.02121443 -0.02475744 0.11071113 0.01130487 0.02342165 0.00786031
975.5  -0.44748095 0.45516835 -0.04098580 0.01578909 0.06763731 -0.06789350 -0.09296775 0.05641300 -0.02710412 0.02131631
976.0  -0.33513284 0.55076312 -0.13163441 -0.02936669 -0.03354628 -0.05256252 0.03655377 -0.10145879 0.01507483 0.03751825
976.5  0.77643157 0.31969304 0.18053708 -0.03977377 -0.03763215 -0.00908261 0.04376939 0.11059442 0.00361901 0.04706062
977.0  -0.45498300 -0.12824684 -0.06556833 -0.00732003 0.06371645 0.03273136 -0.10095637 -0.07443222 -0.02076422 0.04827627
977.5  -0.29318349 -0.48399933 -0.11392707 0.04149485 -0.00554833 0.06748210 0.10341432 0.00869391 0.03275065 0.05031407
978.0  0.76857302 -0.53996073 0.18592112 0.05174003 -0.03005787 0.04667441 -0.04948611 0.06467853 -0.03416721 0.04394186
978.5  -0.55528590 -0.27553912 -0.08954535 -0.00694152 0.05515601 -0.00561161 -0.03734765 -0.10347541 0.02022459 0.02645936
979.0  -0.14130155 0.16869586 -0.08904880 -0.04485271 -0.00390293 -0.05158311 0.10505447 0.09060650 0.00002217 0.01219459
979.5  0.71840055 0.51108937 0.18675148 -0.03133653 -0.05303449 -0.06356159 -0.10897456 -0.03670765 -0.01895332 -0.00483993
980.0  -0.64215314 0.51186899 -0.10002375 0.01733610 0.04624791 -0.03275057 0.05072244 -0.03325588 0.03083958 -0.02265787
980.5  -0.05239593 0.14002494 -0.08764923 0.04837209 0.01118540 0.02023201 0.03854138 0.07997203 -0.02708081 -0.03328816
981.0  0.70123703 -0.34421806 0.18332381 0.02964523 -0.05632233 0.05773884 -0.11119859 -0.08927624 -0.00438423 -0.04463946
981.5  -0.64800468 -0.55916145 -0.08013887 -0.02440376 0.04334666 0.05567764 0.12965801 -0.06591473 0.01190640 -0.05455408
982.0  -0.05624855 -0.36491861 -0.11086842 -0.04954357 0.01369658 0.02477301 -0.08633269 0.01105784 -0.00880709 -0.05662971
982.5  0.69171806 0.07716583 0.18315161 -0.02446163 -0.05831857 -0.02593104 0.00002359 0.04524778 0.00146729 -0.05773431
983.0  -0.68220350 0.46518329 -0.07185884 0.02564458 0.04011645 -0.06438698 0.10244128 -0.05696158 -0.01120552 -0.05354847
983.5  0.09730448 0.55549581 -0.10584864 0.04579592 0.02525532 -0.05448491 -0.13262176 -0.06868153 0.02789244 -0.04005944
984.0  0.57435551 0.35110983 0.18430922 0.00394492 -0.06135764 -0.02705365 0.04718457 0.07951498 -0.03954776 -0.02526949
984.5  -0.76668566 -0.01774498 -0.10002285 -0.04392166 0.01863567 -0.03841713 0.03181875 -0.03346782 0.01581860 -0.00690125
985.0  0.31600039 -0.40331994 -0.07836368 -0.03483582 0.04323881 -0.08923945 -0.09399564 0.00938439 0.03213255 0.01456180
985.5  0.41062521 -0.56731847 0.18623576 0.01679127 -0.05802398 -0.08028629 0.11210376 0.01524812 -0.07013349 0.02824386
986.0  -0.78369282 -0.39340071 -0.10725006 0.04889848 0.00582679 -0.03669066 -0.06670838 -0.03729305 0.07623592 0.03982489
986.5  0.38173246 0.00979153 -0.08567223 0.02812462 0.04917885 0.03735749 -0.00385685 0.05627152 -0.04918080 0.04942288
987.0  0.40891238 0.42332628 0.18721993 -0.01999570 -0.05033044 0.09000127 0.06989024 -0.04893827 0.00480050 0.05649744
987.5  -0.77391757 0.56718842 -0.08624782 -0.04639880 -0.00115952 0.08502481 -0.11293635 0.01436198 0.03620864 0.05963210
988.0  0.39163877 0.32571997 -0.10696569 -0.02768984 0.05341291 0.04863112 0.09137187 0.03331781 -0.05707267 0.06175592
988.5  0.36149157 -0.10647417 0.18624964 0.02852338 -0.04367028 -0.03478381 -0.02824352 -0.07158100 0.04379128 0.06005856
989.0  -0.77999991 -0.46652574 -0.07791194 0.04741442 -0.01847694 -0.09262977 -0.04652998 0.07915579 -0.02336647 0.04807660
989.5  0.47980869 -0.54960295 -0.10773092 0.00617692 0.05707725 -0.08468672 0.11079091 -0.04841417 0.00220151 0.03416551
990.0  0.25771306 -0.26190458 0.18632461 -0.03598151 -0.03331502 -0.04400049 -0.10795276 0.00271714 0.01261738 0.01279701
990.5  -0.76216828 0.21601420 -0.06918492 -0.04422522 -0.02797541 0.03875123 0.06622943 0.04565270 -0.02037815 -0.00504717
991.0  0.51981613 0.53805819 -0.12449009 -0.00267309 0.06364688 0.09142285 -0.00397039 -0.07779281 0.02732089 -0.01821448
991.5  0.25679504 0.45748057 0.17966547 0.03985506 -0.03484753 0.08823846 -0.06692337 0.08215063 -0.03083337 -0.03370053
992.0  -0.76866067 0.02424593 -0.03459379 0.04312461 -0.03117538 0.04479300 0.10405694 -0.06417483 0.02111814 -0.04403000
992.5  0.49834786 -0.42135606 -0.14756463 0.00326393 0.06092434 -0.02228705 -0.10714303 0.02392288 -0.00486144 -0.05382745
993.0  0.25540664 -0.55826399 0.17301836 -0.05053799 -0.02189710 -0.07751092 0.06516791 0.00533586 -0.02843681 -0.06117704
993.5  -0.75502932 -0.33474904 -0.02804720 -0.03845921 -0.02875448 -0.08422024 0.01625781 0.00655220 0.07928034 -0.06222778
994.0  0.58492350 0.07993229 -0.14179325 0.02829303 0.04965073 -0.04137395 -0.08535235 0.00673558 -0.09769472 -0.05594259
994.5  0.07633236 0.43017526 0.18514035 0.05528260 -0.00094052 0.02961726 0.11019362 -0.01951462 0.08025520 -0.03907428
995.0  -0.68108046 0.55855727 -0.07082175 0.01278694 -0.04967327 0.07354240 -0.07237493 0.02188417 -0.02769252 -0.01688383
995.5  0.70028181 0.42473296 -0.10227550 -0.04789512 0.02714033 0.07673329 -0.02470804 -0.01341775 -0.03301445 0.01007724
996.0  -0.10605255 0.06302870 0.18931039 -0.04802398 0.03304678 0.03450366 0.08655151 -0.00976428 0.07900599 0.03289002
996.5  -0.59511475 -0.33101076 -0.10875113 0.01871972 -0.05158793 -0.05998375 -0.10164647 0.02904033 -0.09319202 0.05108226
997.0  0.74133975 -0.54193181 -0.07166123 0.05644694 0.00309200 -0.07459765 0.07647501 -0.03654187 0.07721877 0.06389154
997.5  -0.15490924 -0.49461891 0.18690500 0.01695250 0.05258237 -0.07516590 0.01967150 0.02545683 -0.03605562 0.06776284
998.0  -0.56255317 -0.19931161 -0.13313850 -0.04108678 -0.04189257 -0.03088584 -0.08043150 0.00172330 -0.01325581 0.06509688
998.5  0.75502687 0.19345659 -0.03327742 -0.04035668 -0.02754614 0.05063454 0.10908797 -0.04565253 0.05569463 0.05453002
999.0  -0.28509043 0.47034890 0.17030533 0.01785999 0.05875339 0.08375026 -0.07309095 0.08136530 -0.06551077 -0.03099121
999.5  -0.44205261 0.55472845 -0.17106109 0.05277493 -0.00763408 0.07508555 -0.02155491 -0.05160066 0.05075031 0.00459154
1000.0  0.77544842 0.40304788 0.02872302 0.01815362 -0.04851607 0.01244033 0.05478016 -0.03394487 -0.04191561 0.02204337
