0.0  1.00000000 0.00000000 0.00000000 0.00000000 0.00000000 0.00000000 0.00000000 0.00000000 0.00000000 0.00000000  1.00000000
0.5  0.99997654 0.00000560 0.00000041 0.00000048 0.00000114 0.00000014 0.00000138 0.00000930 0.00000021 0.00000480  1.00000000
1.0  0.99997113 0.00000181 0.00000005 0.00000622 0.00000075 0.00000084 0.00000144 0.00001015 0.00000084 0.00000676  1.00000000
1.5  0.99997611 0.00000147 0.00000099 0.00000883 0.00000041 0.00000054 0.00000019 0.00000430 0.00000100 0.00000617  1.00000000
2.0  0.99997615 0.00000508 0.00000007 0.00000884 0.00000158 0.00000008 0.00000085 0.00000299 0.00000061 0.00000374  1.00000000
2.5  0.99996450 0.00000471 0.00000101 0.00001086 0.00000243 0.00000113 0.00000296 0.00000460 0.00000203 0.00000577  1.00000000
3.0  0.99995748 0.00000760 0.00000013 0.00001283 0.00000056 0.00000131 0.00000237 0.00000382 0.00000355 0.00001035  1.00000000
3.5  0.99995218 0.00001593 0.00000103 0.00001195 0.00000195 0.00000062 0.00000016 0.00000344 0.00000305 0.00000970  1.00000000
4.0  0.99996571 0.00000928 0.00000045 0.00000980 0.00000346 0.00000096 0.00000288 0.00000298 0.00000309 0.00000138  1.00000000
4.5  0.99994327 0.00003174 0.00000073 0.00000560 0.00000636 0.00000077 0.00000402 0.00000115 0.00000372 0.00000265  1.00000000
5.0  0.99994963 0.00001212 0.00000083 0.00000645 0.00000790 0.00000040 0.00000136 0.00000938 0.00000287 0.00000906  1.00000000
5.5  0.99987923 0.00004628 0.00000040 0.00000590 0.00000838 0.00000330 0.00000045 0.00000900 0.00000507 0.00004197  1.00000000
6.0  0.99991351 0.00001716 0.00000080 0.00000551 0.00000620 0.00000278 0.00000200 0.00000235 0.00000801 0.00004168  1.00000000
6.5  0.99988308 0.00005470 0.00000014 0.00000760 0.00000864 0.00000010 0.00000191 0.00000560 0.00000555 0.00003269  1.00000000
7.0  0.99989955 0.00002379 0.00000109 0.00000873 0.00001259 0.00000367 0.00000521 0.00001054 0.00000173 0.00003308  1.00000000
7.5  0.99986533 0.00005450 0.00000013 0.00000825 0.00001022 0.00000445 0.00000664 0.00000601 0.00000645 0.00003803  1.00000000
8.0  0.99989411 0.00002949 0.00000090 0.00000640 0.00001319 0.00000073 0.00000170 0.00000335 0.00001290 0.00003724  1.00000000
8.5  0.99987625 0.00004650 0.00000014 0.00000657 0.00001676 0.00000233 0.00000221 0.00000881 0.00000819 0.00003224  1.00000000
9.0  0.99989364 0.00003147 0.00000058 0.00000879 0.00001362 0.00000483 0.00001145 0.00000928 0.00000266 0.00002368  1.00000000
9.5  0.99988531 0.00003277 0.00000012 0.00001024 0.00001586 0.00000163 0.00000870 0.00000544 0.00000717 0.00003275  1.00000000
10.0  0.99988806 0.00002839 0.00000032 0.00000802 0.00001451 0.00000144 0.00000022 0.00000574 0.00001628 0.00003702  1.00000000
10.5  0.99990952 0.00001820 0.00000014 0.00000443 0.00000947 0.00000117 0.00002091 0.00000284 0.00001319 0.00002012  1.00000000
11.0  0.99989052 0.00002121 0.00000009 0.00000623 0.00000807 0.00000315 0.00002146 0.00001357 0.00001456 0.00002113  1.00000000
11.5  0.99990858 0.00000700 0.00000021 0.00000961 0.00000791 0.00000689 0.00000747 0.00001387 0.00001121 0.00002724  1.00000000
12.0  0.99992409 0.00001225 0.00000005 0.00001001 0.00000490 0.00000606 0.00000423 0.00000051 0.00000297 0.00003494  1.00000000
12.5  0.99991814 0.00000135 0.00000029 0.00001235 0.00000850 0.00001124 0.00000399 0.00000032 0.00001031 0.00003351  1.00000000
13.0  0.99987439 0.00000486 0.00000011 0.00001717 0.00001118 0.00000173 0.00000905 0.00000028 0.00002346 0.00005776  1.00000000
13.5  0.99989884 0.00000265 0.00000017 0.00001195 0.00000470 0.00000312 0.00000669 0.00000103 0.00001368 0.00005717  1.00000000
14.0  0.99991250 0.00000071 0.00000010 0.00001181 0.00000673 0.00001161 0.00000112 0.00000125 0.00000084 0.00005333  1.00000000
14.5  0.99989606 0.00001015 0.00000010 0.00001847 0.00000905 0.00000723 0.00000195 0.00000011 0.00001140 0.00004548  1.00000000
15.0  0.99989898 0.00000062 0.00000008 0.00001590 0.00000524 0.00000008 0.00000658 0.00000124 0.00002473 0.00004655  1.00000000
15.5  0.99985870 0.00002056 0.00000017 0.00001670 0.00001292 0.00000715 0.00000751 0.00000436 0.00001405 0.00005788  1.00000000
16.0  0.99987816 0.00000541 0.00000009 0.00001039 0.00002076 0.00001334 0.00000151 0.00000211 0.00000115 0.00006709  1.00000000
16.5  0.99984430 0.00003212 0.00000034 0.00002042 0.00003691 0.00000426 0.00000101 0.00000086 0.00001025 0.00004954  1.00000000
17.0  0.99981631 0.00001384 0.00000009 0.00003525 0.00005010 0.00000075 0.00001168 0.00000787 0.00001638 0.00004774  1.00000000
17.5  0.99977845 0.00003850 0.00000058 0.00002980 0.00005951 0.00000360 0.00002183 0.00000687 0.00000755 0.00005332  1.00000000
18.0  0.99983839 0.00002714 0.00000034 0.00001822 0.00005025 0.00000369 0.00001096 0.00000696 0.00000537 0.00003867  1.00000000
18.5  0.99979547 0.00003711 0.00000059 0.00000487 0.00006129 0.00000441 0.00003563 0.00001370 0.00000461 0.00004233  1.00000000
19.0  0.99974404 0.00004099 0.00000050 0.00001384 0.00005913 0.00000250 0.00005814 0.00004099 0.00000466 0.00003522  1.00000000
19.5  0.99978397 0.00003090 0.00000028 0.00000708 0.00005012 0.00000250 0.00003820 0.00002878 0.00000681 0.00005137  1.00000000
20.0  0.99981571 0.00005072 0.00000034 0.00000745 0.00004448 0.00000312 0.00001213 0.00000887 0.00000585 0.00005133  1.00000000
20.5  0.99983775 0.00002248 0.00000011 0.00001015 0.00004238 0.00001416 0.00001764 0.00002771 0.00000013 0.00002749  1.00000000
21.0  0.99975644 0.00005259 0.00000068 0.00000554 0.00004292 0.00000593 0.00004159 0.00003856 0.00000807 0.00004768  1.00000000
21.5  0.99981276 0.00001622 0.00000088 0.00001094 0.00004685 0.00000031 0.00003927 0.00002257 0.00001078 0.00003943  1.00000000
22.0  0.99981245 0.00004520 0.00000552 0.00001089 0.00005000 0.00000677 0.00002256 0.00001720 0.00000151 0.00002790  1.00000000
22.5  0.99983603 0.00001378 0.00000221 0.00001168 0.00004739 0.00001295 0.00001753 0.00002255 0.00000662 0.00002927  1.00000000
23.0  0.99975543 0.00003039 0.00000545 0.00003086 0.00005281 0.00000646 0.00002351 0.00001717 0.00001946 0.00005846  1.00000000
23.5  0.99980257 0.00001437 0.00000268 0.00002546 0.00004215 0.00000080 0.00002614 0.00002435 0.00000928 0.00005221  1.00000000
24.0  0.99980946 0.00001495 0.00000504 0.00002085 0.00004182 0.00001104 0.00002797 0.00001867 0.00000269 0.00004751  1.00000000
24.5  0.99977598 0.00001386 0.00000382 0.00004019 0.00003931 0.00001714 0.00002725 0.00001206 0.00000782 0.00006258  1.00000000
25.0  0.99977625 0.00000447 0.00000446 0.00003411 0.00004189 0.00000783 0.00002569 0.00001495 0.00001617 0.00007419  1.00000000
25.5  0.99976288 0.00001047 0.00000497 0.00003433 0.00004298 0.00000875 0.00002620 0.00002802 0.00000844 0.00007297  1.00000000
26.0  0.99977603 0.00000035 0.00000307 0.00004540 0.00004189 0.00002129 0.00002701 0.00002268 0.00000621 0.00005608  1.00000000
26.5  0.99978864 0.00000503 0.00000552 0.00005281 0.00004566 0.00001555 0.00002644 0.00001438 0.00000858 0.00003739  1.00000000
27.0  0.99979978 0.00000241 0.00000316 0.00005143 0.00004095 0.00000903 0.00002578 0.00002493 0.00001181 0.00003072  1.00000000
27.5  0.99979615 0.00000102 0.00000723 0.00004860 0.00004131 0.00001435 0.00002905 0.00003663 0.00000795 0.00001771  1.00000000
28.0  0.99978323 0.00000785 0.00000252 0.00006134 0.00004376 0.00001430 0.00003287 0.00002446 0.00000695 0.00002273  1.00000000
28.5  0.99978302 0.00000289 0.00000524 0.00006649 0.00003672 0.00000811 0.00003250 0.00001929 0.00000991 0.00003582  1.00000000
29.0  0.99976087 0.00001356 0.00000334 0.00007055 0.00003687 0.00002088 0.00002847 0.00002616 0.00001032 0.00002899  1.00000000
29.5  0.99975110 0.00001366 0.00000679 0.00007674 0.00003747 0.00001121 0.00003914 0.00002891 0.00000931 0.00002568  1.00000000
30.0  0.99977038 0.00001763 0.00000427 0.00006220 0.00003063 0.00001839 0.00004178 0.00001660 0.00001082 0.00002729  1.00000000
30.5  0.99974265 0.00003121 0.00000703 0.00006707 0.00002994 0.00001962 0.00004831 0.00001312 0.00001375 0.00002730  1.00000000
31.0  0.99973288 0.00001960 0.00000388 0.00007838 0.00002600 0.00001717 0.00004499 0.00003226 0.00001639 0.00002846  1.00000000
31.5  0.99971250 0.00005102 0.00000487 0.00007060 0.00002172 0.00002535 0.00004903 0.00003116 0.00001145 0.00002230  1.00000000
32.0  0.99972454 0.00002150 0.00000405 0.00009242 0.00002683 0.00003083 0.00004444 0.00001367 0.00001425 0.00002748  1.00000000
32.5  0.99967937 0.00006343 0.00000504 0.00009703 0.00002316 0.00002057 0.00005330 0.00001237 0.00002059 0.00002513  1.00000000
33.0  0.99969648 0.00002368 0.00000498 0.00011382 0.00002540 0.00002450 0.00005162 0.00002284 0.00002014 0.00001656  1.00000000
33.5  0.99964440 0.00006641 0.00000488 0.00012891 0.00002001 0.00003146 0.00005070 0.00002519 0.00001211 0.00001592  1.00000000
34.0  0.99971038 0.00002584 0.00000504 0.00013771 0.00001395 0.00001649 0.00004916 0.00001455 0.00001018 0.00001670  1.00000000
34.5  0.99966915 0.00005831 0.00000412 0.00014860 0.00001124 0.00001937 0.00004688 0.00001453 0.00001549 0.00001231  1.00000000
35.0  0.99966698 0.00002549 0.00000445 0.00014247 0.00002279 0.00003079 0.00005120 0.00002773 0.00001801 0.00001010  1.00000000
35.5  0.99967377 0.00004328 0.00000378 0.00014455 0.00001553 0.00001710 0.00004672 0.00002659 0.00001367 0.00001502  1.00000000
36.0  0.99970164 0.00002397 0.00000416 0.00014155 0.00001486 0.00001173 0.00005261 0.00001209 0.00001193 0.00002545  1.00000000
36.5  0.99966664 0.00002671 0.00000338 0.00013065 0.00002704 0.00002930 0.00005003 0.00001135 0.00001476 0.00004015  1.00000000
37.0  0.99966352 0.00001842 0.00000422 0.00011928 0.00003642 0.00002069 0.00005293 0.00001968 0.00002055 0.00004431  1.00000000
37.5  0.99967507 0.00001152 0.00000471 0.00011279 0.00005123 0.00000704 0.00005302 0.00002103 0.00001951 0.00004407  1.00000000
38.0  0.99966013 0.00001266 0.00000461 0.00010149 0.00005862 0.00001685 0.00005213 0.00001670 0.00002852 0.00004828  1.00000000
38.5  0.99966038 0.00000280 0.00000486 0.00010300 0.00006857 0.00001942 0.00005056 0.00000544 0.00004128 0.00004369  1.00000000
39.0  0.99966111 0.00000594 0.00000399 0.00010817 0.00009725 0.00000334 0.00004944 0.00000304 0.00004218 0.00002555  1.00000000
39.5  0.99963060 0.00000248 0.00000359 0.00010075 0.00010841 0.00000534 0.00005776 0.00000298 0.00004229 0.00004579  1.00000000
40.0  0.99960552 0.00000132 0.00000321 0.00010642 0.00012014 0.00001119 0.00005780 0.00000243 0.00003837 0.00005360  1.00000000
40.5  0.99960312 0.00001000 0.00000409 0.00009140 0.00013569 0.00000615 0.00005446 0.00000369 0.00003560 0.00005579  1.00000000
41.0  0.99961310 0.00000035 0.00000466 0.00006184 0.00014517 0.00000341 0.00003896 0.00000434 0.00003792 0.00009025  1.00000000
41.5  0.99957464 0.00002454 0.00000570 0.00005369 0.00015655 0.00000840 0.00004560 0.00000476 0.00003489 0.00009123  1.00000000
42.0  0.99957041 0.00000384 0.00000753 0.00004623 0.00017481 0.00000778 0.00006101 0.00000405 0.00003716 0.00008717  1.00000000
42.5  0.99952684 0.00003761 0.00000959 0.00003431 0.00017646 0.00000341 0.00006992 0.00000689 0.00003519 0.00009979  1.00000000
43.0  0.99954380 0.00001277 0.00001557 0.00003920 0.00017446 0.00000815 0.00005501 0.00000622 0.00003429 0.00011053  1.00000000
43.5  0.99951163 0.00004843 0.00001151 0.00003380 0.00017844 0.00001327 0.00004169 0.00000744 0.00003282 0.00012097  1.00000000
44.0  0.99955938 0.00002590 0.00001580 0.00002833 0.00014176 0.00000896 0.00004975 0.00000573 0.00004308 0.00012132  1.00000000
44.5  0.99952670 0.00004855 0.00001320 0.00003708 0.00014143 0.00000842 0.00003720 0.00001293 0.00004962 0.00012488  1.00000000
45.0  0.99954878 0.00004122 0.00001628 0.00001268 0.00013902 0.00003213 0.00004506 0.00000139 0.00003736 0.00012609  1.00000000
45.5  0.99957872 0.00003906 0.00001508 0.00001510 0.00013151 0.00001402 0.00002942 0.00000644 0.00003507 0.00013557  1.00000000
46.0  0.99953927 0.00005627 0.00001705 0.00002152 0.00012007 0.00000833 0.00003276 0.00000042 0.00004542 0.00015889  1.00000000
46.5  0.99956525 0.00002546 0.00001740 0.00002821 0.00010730 0.00000742 0.00003963 0.00000463 0.00005147 0.00015324  1.00000000
47.0  0.99953971 0.00006031 0.00001384 0.00003870 0.00010073 0.00001481 0.00003843 0.00000536 0.00004182 0.00014630  1.00000000
47.5  0.99960239 0.00001548 0.00001601 0.00004986 0.00009144 0.00000382 0.00002872 0.00000436 0.00004044 0.00014748  1.00000000
48.0  0.99960878 0.00005293 0.00001552 0.00006850 0.00007418 0.00000648 0.00002505 0.00000329 0.00004577 0.00009951  1.00000000
48.5  0.99962056 0.00001020 0.00002105 0.00010498 0.00005580 0.00000761 0.00003380 0.00001050 0.00004469 0.00009082  1.00000000
49.0  0.99957875 0.00003523 0.00001668 0.00009766 0.00003151 0.00000875 0.00004125 0.00001394 0.00003943 0.00013680  1.00000000
49.5  0.99960465 0.00000914 0.00002186 0.00011731 0.00002650 0.00000378 0.00003667 0.00002430 0.00002627 0.00012951  1.00000000
50.0  0.99961816 0.00001737 0.00001703 0.00012577 0.00002452 0.00001342 0.00002683 0.00003492 0.00001042 0.00011156  1.00000000
50.5  0.99956885 0.00000836 0.00001491 0.00015998 0.00001596 0.00001229 0.00002901 0.00003897 0.00000668 0.00014499  1.00000000
51.0  0.99956809 0.00000502 0.00001389 0.00017589 0.00002156 0.00000932 0.00003464 0.00004424 0.00000869 0.00011866  1.00000000
51.5  0.99954355 0.00000643 0.00001859 0.00017604 0.00001561 0.00001221 0.00004337 0.00004921 0.00000615 0.00012883  1.00000000
52.0  0.99954417 0.00000260 0.00002463 0.00019308 0.00001690 0.00001535 0.00003113 0.00003652 0.00000456 0.00013106  1.00000000
52.5  0.99952773 0.00000251 0.00001874 0.00024650 0.00001692 0.00000653 0.00002491 0.00002922 0.00000522 0.00012171  1.00000000
53.0  0.99949021 0.00000775 0.00002095 0.00025308 0.00002301 0.00000869 0.00002171 0.00004736 0.00000434 0.00012290  1.00000000
53.5  0.99942964 0.00000003 0.00001562 0.00026067 0.00003318 0.00001084 0.00004023 0.00005783 0.00000761 0.00014435  1.00000000
54.0  0.99941007 0.00001723 0.00002268 0.00027033 0.00003402 0.00000386 0.00004784 0.00004060 0.00001061 0.00014276  1.00000000
54.5  0.99943867 0.00000230 0.00001547 0.00029193 0.00004156 0.00000488 0.00003670 0.00003070 0.00001096 0.00012685  1.00000000
55.0  0.99937394 0.00002439 0.00002169 0.00029498 0.00003740 0.00001046 0.00001797 0.00004750 0.00001681 0.00015486  1.00000000
55.5  0.99939481 0.00001123 0.00001404 0.00027003 0.00004005 0.00000339 0.00001941 0.00005904 0.00001519 0.00017282  1.00000000
56.0  0.99932133 0.00002701 0.00001866 0.00034722 0.00005521 0.00000335 0.00004091 0.00003996 0.00001211 0.00013425  1.00000000
56.5  0.99932661 0.00002545 0.00001453 0.00033308 0.00005740 0.00001044 0.00004770 0.00003204 0.00000703 0.00014572  1.00000000
57.0  0.99920497 0.00002503 0.00001965 0.00032124 0.00006824 0.00000394 0.00003423 0.00003672 0.00001034 0.00027563  1.00000000
57.5  0.99920565 0.00004146 0.00002145 0.00034565 0.00008841 0.00000216 0.00001060 0.00004357 0.00001846 0.00022258  1.00000000
58.0  0.99922256 0.00002046 0.00002070 0.00032530 0.00009004 0.00000716 0.00002286 0.00003553 0.00001920 0.00023618  1.00000000
58.5  0.99921867 0.00005358 0.00002072 0.00026379 0.00010899 0.00000487 0.00004839 0.00003674 0.00001670 0.00022754  1.00000000
59.0  0.99917878 0.00001628 0.00002553 0.00026353 0.00015627 0.00000645 0.00006768 0.00002528 0.00001641 0.00024378  1.00000000
59.5  0.99918637 0.00005708 0.00003151 0.00023925 0.00014609 0.00000463 0.00003237 0.00002281 0.00002410 0.00025580  1.00000000
60.0  0.99921743 0.00001339 0.00003591 0.00022080 0.00016595 0.00001561 0.00001596 0.00002613 0.00002699 0.00026185  1.00000000
60.5  0.99911468 0.00005270 0.00004642 0.00021602 0.00018612 0.00000967 0.00001804 0.00002426 0.00004513 0.00028697  1.00000000
61.0  0.99910864 0.00001150 0.00005439 0.00022320 0.00022728 0.00000147 0.00003466 0.00001058 0.00003682 0.00029147  1.00000000
61.5  0.99909530 0.00004052 0.00006465 0.00021170 0.00023931 0.00001818 0.00003257 0.00001320 0.00002175 0.00026283  1.00000000
62.0  0.99909724 0.00000959 0.00007493 0.00024637 0.00025380 0.00001973 0.00002489 0.00001403 0.00003325 0.00022617  1.00000000
62.5  0.99908147 0.00002528 0.00008392 0.00025180 0.00024258 0.00000270 0.00002011 0.00001393 0.00005529 0.00022292  1.00000000
63.0  0.99909643 0.00000809 0.00009359 0.00025773 0.00024321 0.00000816 0.00002403 0.00001154 0.00003746 0.00021977  1.00000000
63.5  0.99902868 0.00001281 0.00009907 0.00028275 0.00024010 0.00001498 0.00002245 0.00001322 0.00001255 0.00027339  1.00000000
64.0  0.99904391 0.00000544 0.00010699 0.00028947 0.00021088 0.00000451 0.00002830 0.00000760 0.00002819 0.00027473  1.00000000
64.5  0.99902917 0.00000473 0.00010912 0.00031072 0.00019104 0.00000078 0.00002847 0.00001746 0.00004499 0.00026351  1.00000000
65.0  0.99904686 0.00000384 0.00010841 0.00033990 0.00017498 0.00000300 0.00002961 0.00001998 0.00002883 0.00024459  1.00000000
65.5  0.99910926 0.00000402 0.00011595 0.00032775 0.00015335 0.00001242 0.00001696 0.00001322 0.00001068 0.00023639  1.00000000
66.0  0.99904991 0.00000336 0.00011471 0.00033671 0.00013393 0.00000726 0.00002942 0.00000891 0.00002762 0.00028817  1.00000000
66.5  0.99895495 0.00000969 0.00011331 0.00036722 0.00011697 0.00001180 0.00004121 0.00003140 0.00004711 0.00030633  1.00000000
67.0  0.99904545 0.00000328 0.00012126 0.00033855 0.00009982 0.00000633 0.00005536 0.00003108 0.00003620 0.00026268  1.00000000
67.5  0.99897827 0.00001915 0.00012258 0.00034344 0.00009494 0.00000990 0.00003242 0.00000832 0.00001920 0.00037180  1.00000000
68.0  0.99901538 0.00000306 0.00012308 0.00031885 0.00008767 0.00001134 0.00001099 0.00002669 0.00004023 0.00036271  1.00000000
68.5  0.99898322 0.00003227 0.00013617 0.00032436 0.00009259 0.00001313 0.00005428 0.00004595 0.00003594 0.00028209  1.00000000
69.0  0.99903886 0.00000482 0.00014253 0.00032536 0.00009758 0.00000936 0.00005517 0.00005778 0.00003456 0.00023397  1.00000000
69.5  0.99899825 0.00004098 0.00014799 0.00036536 0.00009114 0.00000518 0.00005069 0.00003805 0.00002544 0.00023692  1.00000000
70.0  0.99900813 0.00001031 0.00015907 0.00034804 0.00011003 0.00000570 0.00000827 0.00003650 0.00002997 0.00028399  1.00000000
70.5  0.99892102 0.00003872 0.00016046 0.00037019 0.00010439 0.00000583 0.00002593 0.00004075 0.00003241 0.00030029  1.00000000
71.0  0.99891268 0.00002182 0.00016697 0.00043595 0.00008455 0.00000174 0.00005756 0.00004010 0.00005786 0.00022077  1.00000000
71.5  0.99897635 0.00003105 0.00017012 0.00046612 0.00001889 0.00000404 0.00005700 0.00003434 0.00005286 0.00018923  1.00000000
72.0  0.99899794 0.00003169 0.00015872 0.00040506 0.00008695 0.00000429 0.00002190 0.00003543 0.00003925 0.00021878  1.00000000
72.5  0.99908078 0.00001873 0.00015556 0.00030243 0.00014749 0.00002259 0.00001694 0.00003086 0.00004055 0.00018406  1.00000000
73.0  0.99911074 0.00003683 0.00014436 0.00020300 0.00019950 0.00002187 0.00001875 0.00002632 0.00006148 0.00017715  1.00000000
73.5  0.99920186 0.00000755 0.00012968 0.00018120 0.00020920 0.00000813 0.00002631 0.00002662 0.00005988 0.00014958  1.00000000
74.0  0.99923856 0.00003373 0.00011208 0.00017391 0.00020959 0.00000165 0.00003203 0.00002500 0.00003859 0.00013486  1.00000000
74.5  0.99922316 0.00000228 0.00009650 0.00015273 0.00023167 0.00001259 0.00002621 0.00002566 0.00004175 0.00018745  1.00000000
75.0  0.99913673 0.00002318 0.00008481 0.00015767 0.00024967 0.00002220 0.00002933 0.00003212 0.00005611 0.00020818  1.00000000
75.5  0.99921389 0.00000304 0.00007317 0.00014147 0.00025955 0.00001278 0.00002671 0.00004781 0.00005123 0.00017036  1.00000000
76.0  0.99925362 0.00001210 0.00006447 0.00012473 0.00027900 0.00000325 0.00002236 0.00004148 0.00004451 0.00015448  1.00000000
76.5  0.99924906 0.00000484 0.00005950 0.00014829 0.00026016 0.00000307 0.00002199 0.00004697 0.00004348 0.00016263  1.00000000
77.0  0.99922145 0.00000423 0.00005303 0.00012549 0.00028338 0.00002564 0.00002108 0.00004982 0.00003799 0.00017788  1.00000000
77.5  0.99924380 0.00000492 0.00005147 0.00011595 0.00028171 0.00001550 0.00003081 0.00004886 0.00003377 0.00017321  1.00000000
78.0  0.99932238 0.00000366 0.00005079 0.00010232 0.00024367 0.00001088 0.00003633 0.00002776 0.00002979 0.00017241  1.00000000
78.5  0.99936891 0.00000271 0.00005212 0.00007778 0.00022884 0.00000718 0.00002971 0.00003236 0.00002982 0.00017057  1.00000000
79.0  0.99936528 0.00000935 0.00005977 0.00008523 0.00023924 0.00001035 0.00002512 0.00004617 0.00001864 0.00014083  1.00000000
79.5  0.99935627 0.00000023 0.00006678 0.00008041 0.00025646 0.00001166 0.00002820 0.00003120 0.00002140 0.00014740  1.00000000
80.0  0.99932276 0.00001595 0.00007631 0.00007225 0.00027260 0.00001285 0.00002962 0.00003253 0.00002521 0.00013992  1.00000000
80.5  0.99933329 0.00000215 0.00009211 0.00005620 0.00024938 0.00000899 0.00003338 0.00005792 0.00002782 0.00013876  1.00000000
81.0  0.99927390 0.00002018 0.00010975 0.00005068 0.00024792 0.00000969 0.00003915 0.00007329 0.00002458 0.00015087  1.00000000
81.5  0.99928740 0.00001089 0.00012444 0.00004982 0.00024747 0.00000812 0.00004054 0.00005457 0.00002171 0.00015505  1.00000000
82.0  0.99928790 0.00001836 0.00013934 0.00004823 0.00023774 0.00001023 0.00004103 0.00004026 0.00002575 0.00015115  1.00000000
82.5  0.99924027 0.00002366 0.00015042 0.00004496 0.00023748 0.00000802 0.00003898 0.00007294 0.00003241 0.00015086  1.00000000
83.0  0.99924847 0.00001383 0.00015904 0.00003629 0.00022891 0.00000603 0.00004105 0.00008979 0.00002572 0.00015087  1.00000000
83.5  0.99925996 0.00003403 0.00016755 0.00003901 0.00024955 0.00000509 0.00003508 0.00006366 0.00002410 0.00012197  1.00000000
84.0  0.99922331 0.00000833 0.00016845 0.00006435 0.00023601 0.00000476 0.00003525 0.00005942 0.00003235 0.00016777  1.00000000
84.5  0.99912497 0.00004054 0.00016752 0.00004928 0.00025281 0.00000961 0.00002713 0.00012275 0.00004027 0.00016511  1.00000000
85.0  0.99915597 0.00000471 0.00016139 0.00005244 0.00025989 0.00000394 0.00002903 0.00013691 0.00003399 0.00016172  1.00000000
85.5  0.99917492 0.00003734 0.00015283 0.00006153 0.00025283 0.00000602 0.00002688 0.00008950 0.00002689 0.00017125  1.00000000
86.0  0.99919191 0.00000503 0.00014270 0.00005758 0.00024866 0.00000369 0.00002221 0.00007946 0.00003302 0.00021574  1.00000000
86.5  0.99905920 0.00002772 0.00012862 0.00006618 0.00030809 0.00000466 0.00001885 0.00013843 0.00002813 0.00022012  1.00000000
87.0  0.99907438 0.00000597 0.00011920 0.00004871 0.00032625 0.00000145 0.00002988 0.00013297 0.00003846 0.00022273  1.00000000
87.5  0.99909159 0.00001731 0.00011584 0.00004124 0.00033498 0.00000057 0.00002524 0.00009372 0.00003285 0.00024666  1.00000000
88.0  0.99915705 0.00000614 0.00010539 0.00004808 0.00031001 0.00000574 0.00002131 0.00007818 0.00003157 0.00023653  1.00000000
88.5  0.99914884 0.00000782 0.00010229 0.00004124 0.00031240 0.00000799 0.00002491 0.00012800 0.00002254 0.00020396  1.00000000
89.0  0.99911199 0.00000640 0.00010491 0.00003759 0.00033269 0.00000921 0.00002377 0.00013895 0.00003967 0.00019482  1.00000000
89.5  0.99909691 0.00000385 0.00010287 0.00003080 0.00038882 0.00000124 0.00002018 0.00010513 0.00004041 0.00020979  1.00000000
90.0  0.99904101 0.00000414 0.00010336 0.00002089 0.00039767 0.00000037 0.00001778 0.00009247 0.00002411 0.00029819  1.00000000
90.5  0.99896742 0.00000435 0.00010468 0.00002694 0.00043209 0.00000468 0.00001486 0.00012868 0.00002743 0.00028886  1.00000000
91.0  0.99898172 0.00000224 0.00010740 0.00002832 0.00042417 0.00000857 0.00001419 0.00013523 0.00004086 0.00025731  1.00000000
91.5  0.99903237 0.00000990 0.00011443 0.00002360 0.00041891 0.00000597 0.00001396 0.00009998 0.00004235 0.00023853  1.00000000
92.0  0.99901242 0.00000076 0.00012127 0.00002708 0.00042411 0.00000110 0.00001087 0.00009319 0.00002170 0.00028749  1.00000000
92.5  0.99889556 0.00001805 0.00012508 0.00002660 0.00043804 0.00000159 0.00000975 0.00012032 0.00002731 0.00033770  1.00000000
93.0  0.99890831 0.00000058 0.00012630 0.00002300 0.00043007 0.00000576 0.00001136 0.00012056 0.00004431 0.00032973  1.00000000
93.5  0.99896886 0.00002543 0.00012917 0.00002631 0.00042062 0.00000794 0.00001212 0.00009336 0.00003913 0.00027707  1.00000000
94.0  0.99903679 0.00000261 0.00012933 0.00002670 0.00042870 0.00000773 0.00000678 0.00009014 0.00002096 0.00025027  1.00000000
94.5  0.99901941 0.00002731 0.00012576 0.00001638 0.00044178 0.00000103 0.00000677 0.00010346 0.00002874 0.00022938  1.00000000
95.0  0.99900375 0.00000724 0.00012617 0.00000883 0.00044168 0.00000155 0.00000637 0.00010294 0.00004378 0.00025769  1.00000000
95.5  0.99899115 0.00002681 0.00012467 0.00001373 0.00043480 0.00000463 0.00000994 0.00010018 0.00003837 0.00025572  1.00000000
96.0  0.99906982 0.00001166 0.00012149 0.00000897 0.00041720 0.00000336 0.00001021 0.00010344 0.00001859 0.00023525  1.00000000
96.5  0.99908170 0.00001842 0.00012086 0.00000982 0.00040932 0.00000537 0.00003823 0.00005981 0.00002847 0.00022800  1.00000000
97.0  0.99907183 0.00001691 0.00012004 0.00001399 0.00040301 0.00000743 0.00001022 0.00013507 0.00000986 0.00021165  1.00000000
97.5  0.99898804 0.00000856 0.00011916 0.00000316 0.00043254 0.00000156 0.00007008 0.00009602 0.00006382 0.00021706  1.00000000
98.0  0.99898383 0.00001902 0.00012002 0.00000920 0.00043200 0.00002522 0.00006691 0.00006543 0.00007717 0.00020120  1.00000000
98.5  0.99912345 0.00000176 0.00012297 0.00000482 0.00041001 0.00000961 0.00008698 0.00006039 0.00006385 0.00011617  1.00000000
99.0  0.99912804 0.00001639 0.00012288 0.00000774 0.00038513 0.00002143 0.00007434 0.00008326 0.00004230 0.00011850  1.00000000
99.5  0.99905299 0.00000000 0.00012348 0.00002339 0.00039370 0.00001462 0.00007402 0.00010529 0.00004064 0.00017187  1.00000000
100.0  0.99904302 0.00001139 0.00013058 0.00002474 0.00037120 0.00001185 0.00007175 0.00007785 0.00005797 0.00019964  1.00000000
100.5  0.99900931 0.00000145 0.00014737 0.00002976 0.00041320 0.00001317 0.00006737 0.00006890 0.00005438 0.00019509  1.00000000
101.0  0.99902290 0.00000552 0.00017010 0.00003387 0.00040370 0.00001308 0.00006464 0.00009359 0.00004655 0.00014605  1.00000000
101.5  0.99896806 0.00000357 0.00019034 0.00004722 0.00038642 0.00001811 0.00005941 0.00010443 0.00005526 0.00016717  1.00000000
102.0  0.99894311 0.00000378 0.00021374 0.00004502 0.00038927 0.00001758 0.00006287 0.00007598 0.00007187 0.00017679  1.00000000
102.5  0.99894260 0.00000396 0.00023717 0.00002817 0.00038414 0.00002642 0.00005766 0.00007903 0.00006518 0.00017566  1.00000000
103.0  0.99887866 0.00000615 0.00025737 0.00002606 0.00038646 0.00002529 0.00005960 0.00011861 0.00005739 0.00018441  1.00000000
103.5  0.99882955 0.00000203 0.00027509 0.00002278 0.00041069 0.00002990 0.00005857 0.00012715 0.00005099 0.00019326  1.00000000
104.0  0.99881966 0.00001228 0.00027834 0.00001694 0.00046121 0.00002931 0.00006292 0.00010109 0.00006263 0.00015563  1.00000000
104.5  0.99883899 0.00000018 0.00028412 0.00003539 0.00046967 0.00004979 0.00004962 0.00010466 0.00004219 0.00012541  1.00000000
105.0  0.99882562 0.00001707 0.00026931 0.00002555 0.00047276 0.00001944 0.00011523 0.00012989 0.00005186 0.00007327  1.00000000
105.5  0.99883261 0.00000083 0.00025669 0.00002188 0.00046954 0.00005514 0.00009983 0.00014556 0.00002740 0.00009051  1.00000000
106.0  0.99888015 0.00001796 0.00023529 0.00004013 0.00045737 0.00004369 0.00010798 0.00007397 0.00006142 0.00008205  1.00000000
106.5  0.99891348 0.00000486 0.00020500 0.00001401 0.00048691 0.00005379 0.00010461 0.00009185 0.00004686 0.00007861  1.00000000
107.0  0.99882945 0.00001410 0.00016849 0.00003199 0.00055973 0.00004819 0.00011274 0.00009435 0.00006202 0.00007894  1.00000000
107.5  0.99886987 0.00001147 0.00013432 0.00002720 0.00058641 0.00003744 0.00011029 0.00010180 0.00003981 0.00008138  1.00000000
108.0  0.99889251 0.00000727 0.00010818 0.00002564 0.00057339 0.00002839 0.00010747 0.00009268 0.00004377 0.00012070  1.00000000
108.5  0.99894628 0.00001624 0.00008590 0.00003016 0.00051319 0.00002857 0.00010870 0.00008777 0.00006801 0.00011518  1.00000000
109.0  0.99901755 0.00000241 0.00006795 0.00003536 0.00046251 0.00003719 0.00010703 0.00009864 0.00006158 0.00010979  1.00000000
109.5  0.99903679 0.00001837 0.00005521 0.00002577 0.00047043 0.00003660 0.00010306 0.00010013 0.00004279 0.00011084  1.00000000
110.0  0.99905829 0.00000012 0.00004549 0.00002081 0.00053248 0.00002429 0.00010045 0.00009362 0.00005030 0.00007413  1.00000000
110.5  0.99897587 0.00001564 0.00003941 0.00001876 0.00061892 0.00001428 0.00009747 0.00008960 0.00006380 0.00006625  1.00000000
111.0  0.99902063 0.00000070 0.00003516 0.00002486 0.00061445 0.00001525 0.00009682 0.00009718 0.00004838 0.00004657  1.00000000
111.5  0.99903325 0.00001147 0.00003566 0.00002834 0.00056765 0.00002776 0.00009830 0.00011513 0.00003347 0.00004897  1.00000000
112.0  0.99905512 0.00000274 0.00003708 0.00002609 0.00055905 0.00003200 0.00009291 0.00009043 0.00005505 0.00004954  1.00000000
112.5  0.99906087 0.00000704 0.00003957 0.00003493 0.00053877 0.00002559 0.00009527 0.00008334 0.00006560 0.00004902  1.00000000
113.0  0.99907447 0.00000433 0.00004052 0.00002601 0.00055350 0.00001330 0.00009743 0.00010012 0.00005111 0.00003921  1.00000000
113.5  0.99904343 0.00000465 0.00004055 0.00003431 0.00055818 0.00001541 0.00009358 0.00011312 0.00004158 0.00005518  1.00000000
114.0  0.99900283 0.00000510 0.00004623 0.00004183 0.00059441 0.00002931 0.00008444 0.00008802 0.00006048 0.00004734  1.00000000
114.5  0.99890770 0.00000588 0.00004864 0.00004860 0.00067424 0.00003150 0.00010579 0.00007620 0.00006379 0.00003767  1.00000000
115.0  0.99893491 0.00000397 0.00004695 0.00004728 0.00065918 0.00005434 0.00007954 0.00010466 0.00005022 0.00001896  1.00000000
115.5  0.99898884 0.00000992 0.00004820 0.00005137 0.00063031 0.00005510 0.00004235 0.00011890 0.00003404 0.00002098  1.00000000
116.0  0.99901481 0.00000221 0.00005118 0.00003728 0.00062329 0.00003953 0.00007090 0.00007564 0.00004919 0.00003597  1.00000000
116.5  0.99895154 0.00001502 0.00005013 0.00005687 0.00061948 0.00003292 0.00011014 0.00008143 0.00004108 0.00004140  1.00000000
117.0  0.99896581 0.00000084 0.00004682 0.00004048 0.00063612 0.00002429 0.00009711 0.00009222 0.00005545 0.00004086  1.00000000
117.5  0.99895331 0.00002050 0.00004511 0.00007327 0.00061545 0.00003588 0.00007293 0.00010700 0.00003640 0.00004015  1.00000000
118.0  0.99895734 0.00000000 0.00004260 0.00004403 0.00062179 0.00002720 0.00021572 0.00001831 0.00003334 0.00003966  1.00000000
118.5  0.99891030 0.00002100 0.00004067 0.00008025 0.00056485 0.00001584 0.00009595 0.00019843 0.00003023 0.00004247  1.00000000
119.0  0.99884204 0.00000079 0.00003905 0.00004164 0.00059131 0.00001638 0.00022647 0.00014261 0.00004859 0.00005113  1.00000000
119.5  0.99874023 0.00001760 0.00004016 0.00007114 0.00062240 0.00000848 0.00026900 0.00010485 0.00007683 0.00004931  1.00000000
120.0  0.99870580 0.00000314 0.00004538 0.00004844 0.00065004 0.00000211 0.00029317 0.00012163 0.00006313 0.00006716  1.00000000
120.5  0.99867565 0.00001294 0.00004565 0.00006190 0.00066749 0.00000592 0.00027823 0.00011118 0.00004048 0.00010055  1.00000000
121.0  0.99873211 0.00000606 0.00004773 0.00006956 0.00063676 0.00000989 0.00024160 0.00009940 0.00005410 0.00010279  1.00000000
121.5  0.99871418 0.00000741 0.00005116 0.00008482 0.00056978 0.00000782 0.00025559 0.00017772 0.00007035 0.00006117  1.00000000
122.0  0.99861651 0.00000762 0.00005499 0.00007057 0.00066271 0.00000985 0.00027236 0.00017354 0.00006160 0.00007025  1.00000000
122.5  0.99863582 0.00000483 0.00005754 0.00009771 0.00065498 0.00000495 0.00025109 0.00017464 0.00004088 0.00007755  1.00000000
123.0  0.99858557 0.00000671 0.00005749 0.00006134 0.00073611 0.00001383 0.00022089 0.00016418 0.00005236 0.00010152  1.00000000
123.5  0.99853330 0.00000548 0.00005829 0.00009026 0.00066493 0.00000394 0.00022403 0.00026431 0.00004697 0.00010849  1.00000000
124.0  0.99844157 0.00000546 0.00006328 0.00005862 0.00074689 0.00002231 0.00018755 0.00026679 0.00007792 0.00012962  1.00000000
124.5  0.99860829 0.00000840 0.00007167 0.00011151 0.00062437 0.00000970 0.00017442 0.00024125 0.00004386 0.00010652  1.00000000
125.0  0.99861643 0.00000225 0.00007274 0.00005721 0.00065403 0.00002381 0.00013514 0.00027394 0.00006290 0.00010155  1.00000000
125.5  0.99841878 0.00001191 0.00007308 0.00011425 0.00069736 0.00001620 0.00010501 0.00039171 0.00004991 0.00012180  1.00000000
126.0  0.99843846 0.00000184 0.00006842 0.00010352 0.00072774 0.00001232 0.00009459 0.00038206 0.00005055 0.00012051  1.00000000
126.5  0.99851018 0.00001309 0.00005881 0.00012124 0.00071944 0.00001750 0.00008295 0.00031978 0.00005444 0.00010257  1.00000000
127.0  0.99850671 0.00004416 0.00006552 0.00008404 0.00071889 0.00000828 0.00009842 0.00030657 0.00006323 0.00010416  1.00000000
127.5  0.99841091 0.00010250 0.00006068 0.00007272 0.00073371 0.00000866 0.00009365 0.00035273 0.00006554 0.00009892  1.00000000
128.0  0.99833536 0.00018739 0.00007240 0.00005819 0.00073553 0.00001079 0.00008273 0.00037831 0.00003445 0.00010486  1.00000000
128.5  0.99827705 0.00029412 0.00006336 0.00006625 0.00071830 0.00000981 0.00007529 0.00034538 0.00005041 0.00010002  1.00000000
129.0  0.99804809 0.00041477 0.00007131 0.00010772 0.00075261 0.00000707 0.00008408 0.00032493 0.00005760 0.00013181  1.00000000
129.5  0.99791671 0.00053743 0.00006445 0.00010947 0.00071412 0.00001080 0.00009635 0.00035043 0.00006633 0.00013389  1.00000000
130.0  0.99777337 0.00064513 0.00006700 0.00011854 0.00070483 0.00001016 0.00008454 0.00037032 0.00006217 0.00016394  1.00000000
130.5  0.99774222 0.00071806 0.00006782 0.00009653 0.00072376 0.00000495 0.00005442 0.00036530 0.00005216 0.00017477  1.00000000
131.0  0.99774110 0.00075674 0.00005912 0.00009670 0.00067772 0.00000507 0.00005578 0.00033888 0.00004076 0.00022814  1.00000000
131.5  0.99772156 0.00076272 0.00006518 0.00008797 0.00069510 0.00001494 0.00005944 0.00035066 0.00003247 0.00020996  1.00000000
132.0  0.99781184 0.00071752 0.00005488 0.00010587 0.00066240 0.00000509 0.00005700 0.00036446 0.00002936 0.00019158  1.00000000
132.5  0.99791239 0.00064122 0.00007837 0.00011447 0.00063810 0.00000803 0.00003911 0.00036310 0.00002530 0.00017991  1.00000000
133.0  0.99801101 0.00054794 0.00006731 0.00011547 0.00059934 0.00001265 0.00004354 0.00035907 0.00001594 0.00022773  1.00000000
133.5  0.99804730 0.00044407 0.00008293 0.00009961 0.00060278 0.00002144 0.00005558 0.00036595 0.00001914 0.00026120  1.00000000
134.0  0.99828756 0.00034930 0.00006519 0.00011867 0.00050808 0.00000438 0.00005482 0.00031854 0.00002901 0.00026445  1.00000000
134.5  0.99824608 0.00027297 0.00006927 0.00014393 0.00055872 0.00001660 0.00005031 0.00032921 0.00000642 0.00030648  1.00000000
135.0  0.99830412 0.00021311 0.00005894 0.00016420 0.00053034 0.00002814 0.00004331 0.00032978 0.00000564 0.00032242  1.00000000
135.5  0.99834878 0.00018056 0.00007360 0.00015820 0.00053621 0.00001087 0.00004290 0.00030172 0.00000954 0.00033763  1.00000000
136.0  0.99843963 0.00016817 0.00006905 0.00014857 0.00052287 0.00001039 0.00003884 0.00026997 0.00000454 0.00032797  1.00000000
136.5  0.99836279 0.00018241 0.00007892 0.00014380 0.00051993 0.00001907 0.00004784 0.00028573 0.00001133 0.00034815  1.00000000
137.0  0.99826896 0.00021615 0.00007181 0.00014869 0.00053352 0.00001395 0.00005608 0.00032565 0.00002369 0.00034149  1.00000000
137.5  0.99830047 0.00027128 0.00006502 0.00014014 0.00051084 0.00000342 0.00005568 0.00027104 0.00001977 0.00036235  1.00000000
138.0  0.99829733 0.00034719 0.00007063 0.00013462 0.00050593 0.00001784 0.00003292 0.00024042 0.00000983 0.00034329  1.00000000
138.5  0.99815798 0.00045059 0.00006135 0.00012302 0.00050925 0.00001647 0.00004264 0.00029841 0.00001877 0.00032152  1.00000000
139.0  0.99799582 0.00059296 0.00006663 0.00016482 0.00043841 0.00000839 0.00005043 0.00031858 0.00001999 0.00034399  1.00000000
139.5  0.99784690 0.00076384 0.00006200 0.00017557 0.00048113 0.00000990 0.00006499 0.00024988 0.00000701 0.00033878  1.00000000
140.0  0.99760104 0.00097905 0.00006594 0.00020779 0.00047341 0.00001892 0.00004205 0.00024677 0.00000042 0.00036461  1.00000000
140.5  0.99737397 0.00124146 0.00006405 0.00017651 0.00038444 0.00001216 0.00003755 0.00034693 0.00000115 0.00036176  1.00000000
141.0  0.99705118 0.00155425 0.00006725 0.00016107 0.00038376 0.00000789 0.00003969 0.00036366 0.00000310 0.00036813  1.00000000
141.5  0.99683584 0.00190775 0.00006641 0.00014273 0.00037913 0.00000784 0.00005240 0.00026667 0.00001038 0.00033084  1.00000000
142.0  0.99645468 0.00228660 0.00005935 0.00017032 0.00035837 0.00001575 0.00004511 0.00026380 0.00001671 0.00032929  1.00000000
142.5  0.99593583 0.00268337 0.00005812 0.00022546 0.00037007 0.00000976 0.00002683 0.00034093 0.00002306 0.00032658  1.00000000
143.0  0.99547394 0.00308017 0.00005797 0.00022193 0.00040895 0.00001210 0.00002628 0.00031830 0.00003822 0.00036213  1.00000000
143.5  0.99520528 0.00344300 0.00006263 0.00021993 0.00040680 0.00001527 0.00003206 0.00019776 0.00006106 0.00035623  1.00000000
144.0  0.99492133 0.00376362 0.00006416 0.00019979 0.00040480 0.00001562 0.00003278 0.00016766 0.00008713 0.00034311  1.00000000
144.5  0.99460290 0.00403245 0.00006300 0.00020684 0.00039343 0.00003328 0.00003118 0.00019213 0.00012372 0.00032107  1.00000000
145.0  0.99439611 0.00422234 0.00006120 0.00021220 0.00041116 0.00003412 0.00002419 0.00015679 0.00015729 0.00032459  1.00000000
145.5  0.99426405 0.00433084 0.00005220 0.00027604 0.00039803 0.00002697 0.00003055 0.00007860 0.00016570 0.00037702  1.00000000
146.0  0.99419340 0.00438208 0.00005758 0.00026193 0.00041185 0.00004582 0.00003527 0.00005791 0.00017571 0.00037843  1.00000000
146.5  0.99417104 0.00437263 0.00005310 0.00026999 0.00038937 0.00004910 0.00003198 0.00006902 0.00023259 0.00036116  1.00000000
147.0  0.99426960 0.00432158 0.00006061 0.00025414 0.00041106 0.00003190 0.00003738 0.00005222 0.00026314 0.00029838  1.00000000
147.5  0.99434497 0.00428366 0.00006705 0.00024848 0.00038806 0.00004444 0.00003400 0.00002792 0.00025332 0.00030811  1.00000000
148.0  0.99423899 0.00430290 0.00008544 0.00027143 0.00043623 0.00004849 0.00004318 0.00002814 0.00023688 0.00030834  1.00000000
148.5  0.99405989 0.00442575 0.00007749 0.00032747 0.00041238 0.00003055 0.00003522 0.00003611 0.00027528 0.00031985  1.00000000
149.0  0.99375487 0.00471848 0.00008439 0.00030173 0.00042283 0.00002540 0.00004228 0.00003337 0.00028983 0.00032684  1.00000000
149.5  0.99329806 0.00523383 0.00007828 0.00030069 0.00040943 0.00003182 0.00004067 0.00003159 0.00027030 0.00030533  1.00000000
150.0  0.99263414 0.00595931 0.00008188 0.00024780 0.00042375 0.00002120 0.00004523 0.00004107 0.00024136 0.00030426  1.00000000
150.5  0.99171924 0.00690631 0.00007737 0.00026607 0.00036597 0.00000786 0.00002603 0.00005745 0.00027044 0.00030326  1.00000000
151.0  0.99056664 0.00798319 0.00007880 0.00025137 0.00043707 0.00000562 0.00003516 0.00008322 0.00025468 0.00030426  1.00000000
151.5  0.98943812 0.00911574 0.00008135 0.00028429 0.00042622 0.00000030 0.00004233 0.00011725 0.00020207 0.00029234  1.00000000
152.0  0.98836477 0.01020389 0.00007471 0.00026104 0.00044614 0.00000143 0.00006899 0.00015045 0.00014569 0.00028289  1.00000000
152.5  0.98754492 0.01105820 0.00008310 0.00030003 0.00041706 0.00000711 0.00004183 0.00016132 0.00013532 0.00025111  1.00000000
153.0  0.98703089 0.01156087 0.00007936 0.00026025 0.00046502 0.00000328 0.00002974 0.00019093 0.00010952 0.00027013  1.00000000
153.5  0.98691927 0.01166364 0.00007275 0.00028468 0.00041960 0.00000962 0.00003243 0.00021800 0.00009791 0.00028211  1.00000000
154.0  0.98725811 0.01129080 0.00005552 0.00025851 0.00048479 0.00001235 0.00004921 0.00023563 0.00007758 0.00027749  1.00000000
154.5  0.98807328 0.01048358 0.00005406 0.00027779 0.00044389 0.00002014 0.00004503 0.00025287 0.00007082 0.00027854  1.00000000
155.0  0.98924997 0.00933972 0.00004643 0.00025964 0.00046006 0.00000986 0.00003998 0.00026931 0.00006171 0.00026332  1.00000000
155.5  0.99060592 0.00800391 0.00005014 0.00025838 0.00042539 0.00001330 0.00003457 0.00028827 0.00005066 0.00026945  1.00000000
156.0  0.99199951 0.00660951 0.00004653 0.00024574 0.00041793 0.00001097 0.00004946 0.00029724 0.00004436 0.00027875  1.00000000
156.5  0.99328037 0.00530467 0.00005354 0.00024930 0.00043286 0.00001270 0.00006237 0.00028924 0.00003826 0.00027667  1.00000000
157.0  0.99441893 0.00419792 0.00005179 0.00024975 0.00043379 0.00001061 0.00005855 0.00029064 0.00003244 0.00025557  1.00000000
157.5  0.99520213 0.00337429 0.00005185 0.00025853 0.00041326 0.00001138 0.00004389 0.00029553 0.00002411 0.00032501  1.00000000
158.0  0.99570233 0.00285430 0.00004829 0.00025946 0.00044200 0.00002149 0.00003313 0.00029340 0.00001512 0.00033048  1.00000000
158.5  0.99590961 0.00261642 0.00004138 0.00025311 0.00041905 0.00002696 0.00004064 0.00029283 0.00001237 0.00038763  1.00000000
159.0  0.99594099 0.00257645 0.00004861 0.00029439 0.00039681 0.00003439 0.00004828 0.00028829 0.00002149 0.00035030  1.00000000
159.5  0.99574644 0.00264164 0.00003922 0.00030896 0.00050556 0.00004823 0.00004231 0.00027703 0.00002911 0.00036149  1.00000000
160.0  0.99568068 0.00271865 0.00004235 0.00031779 0.00046706 0.00005948 0.00002580 0.00027950 0.00002812 0.00038059  1.00000000
160.5  0.99571587 0.00270659 0.00003765 0.00034907 0.00042095 0.00006614 0.00002000 0.00028828 0.00002657 0.00036887  1.00000000
161.0  0.99579627 0.00256802 0.00004447 0.00034380 0.00048989 0.00007895 0.00003117 0.00029839 0.00002446 0.00032457  1.00000000
161.5  0.99610498 0.00230620 0.00003816 0.00032577 0.00045022 0.00007515 0.00005061 0.00029536 0.00002464 0.00032892  1.00000000
162.0  0.99651845 0.00193931 0.00004296 0.00027114 0.00046187 0.00007368 0.00003581 0.00026487 0.00002122 0.00037070  1.00000000
162.5  0.99690372 0.00150331 0.00003718 0.00026258 0.00052409 0.00006525 0.00003158 0.00028022 0.00002199 0.00037009  1.00000000
163.0  0.99736948 0.00109517 0.00003024 0.00024533 0.00048988 0.00008938 0.00002315 0.00027126 0.00007799 0.00030811  1.00000000
163.5  0.99770709 0.00080471 0.00003425 0.00026670 0.00043904 0.00006306 0.00004830 0.00027089 0.00005992 0.00030603  1.00000000
164.0  0.99770115 0.00074403 0.00003044 0.00024702 0.00052851 0.00007104 0.00004662 0.00025108 0.00005068 0.00032942  1.00000000
164.5  0.99747354 0.00098204 0.00003959 0.00031825 0.00042639 0.00007377 0.00005755 0.00023420 0.00005421 0.00034046  1.00000000
165.0  0.99686980 0.00157246 0.00003495 0.00023188 0.00050816 0.00006320 0.00004488 0.00026432 0.00006901 0.00034134  1.00000000
165.5  0.99596560 0.00253580 0.00003775 0.00030891 0.00038427 0.00005813 0.00005661 0.00026185 0.00006319 0.00032789  1.00000000
166.0  0.99467271 0.00388518 0.00003240 0.00026438 0.00040462 0.00005665 0.00004148 0.00024754 0.00005662 0.00033841  1.00000000
166.5  0.99308005 0.00555319 0.00003526 0.00027299 0.00038874 0.00005377 0.00005011 0.00022160 0.00005064 0.00029365  1.00000000
167.0  0.99112218 0.00748220 0.00003093 0.00028346 0.00042147 0.00003867 0.00003130 0.00027618 0.00006698 0.00024663  1.00000000
167.5  0.98903225 0.00955061 0.00003474 0.00029688 0.00042573 0.00004344 0.00003903 0.00027580 0.00006114 0.00024040  1.00000000
168.0  0.98703419 0.01164089 0.00003662 0.00031340 0.00040981 0.00003476 0.00002808 0.00025875 0.00004747 0.00019605  1.00000000
168.5  0.98500396 0.01366332 0.00003564 0.00029195 0.00046529 0.00002921 0.00003374 0.00022028 0.00004705 0.00020957  1.00000000
169.0  0.98309085 0.01553064 0.00003194 0.00033580 0.00045482 0.00003602 0.00002908 0.00025380 0.00006101 0.00017604  1.00000000
169.5  0.98152512 0.01715970 0.00002976 0.00021965 0.00049386 0.00004653 0.00003017 0.00028624 0.00007189 0.00013708  1.00000000
170.0  0.98022345 0.01840569 0.00002872 0.00029352 0.00052628 0.00003659 0.00002851 0.00026325 0.00004770 0.00014629  1.00000000
170.5  0.97927884 0.01926993 0.00003112 0.00027430 0.00060470 0.00003061 0.00003244 0.00022152 0.00003867 0.00021788  1.00000000
171.0  0.97865916 0.01980110 0.00003251 0.00036423 0.00054749 0.00006466 0.00002930 0.00020860 0.00004642 0.00024653  1.00000000
171.5  0.97838284 0.02003324 0.00004209 0.00034552 0.00066558 0.00006485 0.00003356 0.00015294 0.00004343 0.00023595  1.00000000
172.0  0.97844088 0.02006727 0.00004437 0.00037164 0.00060205 0.00002841 0.00009839 0.00013899 0.00002575 0.00018224  1.00000000
172.5  0.97835885 0.02011572 0.00006640 0.00031645 0.00065487 0.00004395 0.00013939 0.00007669 0.00003917 0.00018852  1.00000000
173.0  0.97852039 0.02007206 0.00004237 0.00028621 0.00056371 0.00005528 0.00011486 0.00007023 0.00006257 0.00021234  1.00000000
173.5  0.97867296 0.01996788 0.00005591 0.00018806 0.00065855 0.00004951 0.00008627 0.00003500 0.00008434 0.00020152  1.00000000
174.0  0.97818154 0.02048697 0.00006111 0.00055652 0.00024340 0.00005591 0.00008861 0.00003593 0.00008823 0.00020177  1.00000000
174.5  0.97912608 0.01953590 0.00005966 0.00023521 0.00054832 0.00008102 0.00009583 0.00003145 0.00006347 0.00022307  1.00000000
175.0  0.97761611 0.02100454 0.00006507 0.00034888 0.00047617 0.00008553 0.00008605 0.00003088 0.00005420 0.00023258  1.00000000
175.5  0.97965125 0.01898021 0.00006804 0.00030622 0.00051161 0.00006765 0.00008688 0.00003395 0.00006088 0.00023331  1.00000000
176.0  0.97716365 0.02150744 0.00007030 0.00029981 0.00043665 0.00007767 0.00011233 0.00003724 0.00005805 0.00023686  1.00000000
176.5  0.97993218 0.01867420 0.00006940 0.00030560 0.00051175 0.00008881 0.00011104 0.00003652 0.00004588 0.00022461  1.00000000
177.0  0.97704577 0.02160736 0.00006891 0.00033041 0.00048674 0.00009014 0.00010849 0.00003972 0.00003759 0.00018486  1.00000000
177.5  0.97978308 0.01891187 0.00007315 0.00029456 0.00046703 0.00008880 0.00011749 0.00004483 0.00003204 0.00018715  1.00000000
178.0  0.97759835 0.02112308 0.00007627 0.00029870 0.00039131 0.00008976 0.00013084 0.00004756 0.00002381 0.00022032  1.00000000
178.5  0.97896278 0.01971856 0.00007722 0.00028688 0.00042618 0.00008988 0.00013004 0.00006008 0.00001905 0.00022932  1.00000000
179.0  0.97874335 0.02004258 0.00007623 0.00030957 0.00038661 0.00008116 0.00012061 0.00007713 0.00001620 0.00014656  1.00000000
179.5  0.97783732 0.02090909 0.00007970 0.00028859 0.00042684 0.00006586 0.00012807 0.00010317 0.00001052 0.00015084  1.00000000
180.0  0.97986714 0.01889923 0.00008934 0.00032825 0.00034523 0.00004684 0.00014383 0.00008406 0.00000826 0.00018783  1.00000000
180.5  0.97697802 0.02176933 0.00009496 0.00030221 0.00037680 0.00005034 0.00013565 0.00008434 0.00001074 0.00019761  1.00000000
181.0  0.98042426 0.01833382 0.00010556 0.00030281 0.00034396 0.00005535 0.00013176 0.00009930 0.00000857 0.00019460  1.00000000
181.5  0.97701019 0.02186941 0.00010088 0.00025262 0.00032369 0.00006250 0.00012351 0.00010725 0.00000655 0.00014339  1.00000000
182.0  0.98021060 0.01866767 0.00010209 0.00022533 0.00035261 0.00007457 0.00011912 0.00008858 0.00000734 0.00015208  1.00000000
182.5  0.97769118 0.02119372 0.00009473 0.00022697 0.00036732 0.00006596 0.00011427 0.00008903 0.00000531 0.00015148  1.00000000
183.0  0.97948234 0.01943911 0.00009988 0.00021794 0.00033412 0.00006419 0.00009998 0.00010945 0.00000133 0.00015166  1.00000000
183.5  0.97847059 0.02036427 0.00009539 0.00025789 0.00041042 0.00008579 0.00009599 0.00010622 0.00000253 0.00011091  1.00000000
184.0  0.97871628 0.02014191 0.00009179 0.00026914 0.00039159 0.00008748 0.00010454 0.00007499 0.00000824 0.00011405  1.00000000
184.5  0.97902790 0.01991625 0.00008899 0.00024309 0.00036261 0.00007182 0.00010228 0.00008466 0.00000490 0.00009751  1.00000000
185.0  0.97858436 0.02037462 0.00007571 0.00021923 0.00034044 0.00010153 0.00009613 0.00010887 0.00000179 0.00009731  1.00000000
185.5  0.97896534 0.01994498 0.00008250 0.00020296 0.00035330 0.00012078 0.00011016 0.00011167 0.00001050 0.00009781  1.00000000
186.0  0.97894540 0.02005816 0.00006990 0.00021295 0.00034070 0.00006837 0.00010478 0.00007383 0.00002198 0.00010394  1.00000000
186.5  0.97853650 0.02039829 0.00007433 0.00019730 0.00038686 0.00008480 0.00011968 0.00007472 0.00001181 0.00011571  1.00000000
187.0  0.97929561 0.01955177 0.00006579 0.00022848 0.00041752 0.00012343 0.00013569 0.00005913 0.00000973 0.00011286  1.00000000
187.5  0.97798425 0.02086271 0.00006403 0.00021218 0.00044320 0.00008665 0.00014625 0.00003982 0.00003239 0.00012853  1.00000000
188.0  0.97967112 0.01919176 0.00006263 0.00020635 0.00042304 0.00006935 0.00015123 0.00003226 0.00004295 0.00014931  1.00000000
188.5  0.97774306 0.02109166 0.00007125 0.00014320 0.00046431 0.00010254 0.00019112 0.00002426 0.00002620 0.00014241  1.00000000
189.0  0.97964088 0.01922008 0.00006424 0.00014627 0.00046244 0.00007622 0.00020280 0.00002591 0.00002639 0.00013477  1.00000000
189.5  0.97812021 0.02078592 0.00005803 0.00015202 0.00045031 0.00003903 0.00015133 0.00003296 0.00005260 0.00015759  1.00000000
190.0  0.97897024 0.01978876 0.00005289 0.00019470 0.00045929 0.00004645 0.00018666 0.00004287 0.00005595 0.00020219  1.00000000
190.5  0.97866011 0.02010474 0.00004879 0.00021472 0.00044112 0.00002953 0.00022862 0.00003614 0.00003568 0.00020055  1.00000000
191.0  0.97822269 0.02074269 0.00004572 0.00019198 0.00039201 0.00000424 0.00016967 0.00005021 0.00003250 0.00014829  1.00000000
191.5  0.97979533 0.01915874 0.00004065 0.00016317 0.00043103 0.00000433 0.00012218 0.00009130 0.00004176 0.00015150  1.00000000
192.0  0.97723864 0.02166995 0.00001995 0.00012017 0.00047772 0.00001134 0.00012967 0.00012772 0.00002756 0.00017729  1.00000000
192.5  0.98046331 0.01840119 0.00003278 0.00014865 0.00041730 0.00001329 0.00018111 0.00009020 0.00001026 0.00024190  1.00000000
193.0  0.97652444 0.02219799 0.00002248 0.00015613 0.00054349 0.00001437 0.00019053 0.00009698 0.00000343 0.00025015  1.00000000
193.5  0.98063426 0.01808706 0.00002017 0.00021171 0.00048261 0.00006134 0.00018590 0.00008737 0.00001064 0.00021894  1.00000000
194.0  0.97650929 0.02225300 0.00001456 0.00017237 0.00050391 0.00004162 0.00017453 0.00008940 0.00001195 0.00022937  1.00000000
194.5  0.98055443 0.01818916 0.00001553 0.00021281 0.00047760 0.00002577 0.00020097 0.00007543 0.00000582 0.00024247  1.00000000
195.0  0.97685431 0.02182007 0.00001331 0.00017237 0.00050831 0.00005298 0.00019053 0.00010144 0.00000146 0.00028522  1.00000000
195.5  0.98003575 0.01865665 0.00001376 0.00020940 0.00045982 0.00006917 0.00015800 0.00009865 0.00000598 0.00029281  1.00000000
196.0  0.97745743 0.02132073 0.00001440 0.00018009 0.00046506 0.00003347 0.00015803 0.00007029 0.00001814 0.00028236  1.00000000
196.5  0.97947278 0.01925071 0.00001702 0.00019840 0.00044576 0.00004641 0.00021021 0.00007186 0.00002280 0.00026404  1.00000000
197.0  0.97799711 0.02066815 0.00001611 0.00015887 0.00046563 0.00007954 0.00024360 0.00008933 0.00001977 0.00026187  1.00000000
197.5  0.97895229 0.01976421 0.00001611 0.00019833 0.00048025 0.00005298 0.00017858 0.00009367 0.00002683 0.00023676  1.00000000
198.0  0.97859722 0.02023764 0.00001450 0.00019257 0.00046291 0.00002366 0.00016680 0.00005966 0.00004576 0.00019928  1.00000000
198.5  0.97859834 0.02015672 0.00001256 0.00018846 0.00048653 0.00003101 0.00020789 0.00006592 0.00004462 0.00020796  1.00000000
199.0  0.97857738 0.01998578 0.00001246 0.00017036 0.00045938 0.00004652 0.00030522 0.00007381 0.00005208 0.00031703  1.00000000
199.5  0.97836663 0.02022262 0.00001693 0.00017528 0.00050977 0.00001940 0.00027760 0.00005871 0.00004088 0.00031218  1.00000000
200.0  0.97859219 0.02010234 0.00001503 0.00019205 0.00047907 0.00003798 0.00018830 0.00003200 0.00006519 0.00029583  1.00000000
200.5  0.97879592 0.01993602 0.00001739 0.00014842 0.00055880 0.00001913 0.00020681 0.00003892 0.00006499 0.00021359  1.00000000
201.0  0.97796120 0.02063174 0.00001199 0.00025829 0.00048874 0.00004755 0.00025324 0.00003317 0.00010502 0.00020904  1.00000000
201.5  0.97923751 0.01925821 0.00001571 0.00021960 0.00055856 0.00003209 0.00033901 0.00002979 0.00008396 0.00022556  1.00000000
202.0  0.97720451 0.02144293 0.00001110 0.00021291 0.00046833 0.00004123 0.00025570 0.00002101 0.00008955 0.00025274  1.00000000
202.5  0.98019495 0.01849568 0.00001516 0.00016994 0.00048098 0.00002619 0.00021561 0.00002039 0.00006858 0.00031252  1.00000000
203.0  0.97636153 0.02224194 0.00001158 0.00019694 0.00055915 0.00005074 0.00020177 0.00003075 0.00008272 0.00026289  1.00000000
203.5  0.98051256 0.01795869 0.00001051 0.00022928 0.00063474 0.00002291 0.00024736 0.00004195 0.00005438 0.00028762  1.00000000
204.0  0.97616364 0.02238918 0.00001249 0.00018145 0.00062050 0.00003295 0.00022088 0.00003733 0.00006466 0.00027693  1.00000000
204.5  0.98043979 0.01825555 0.00001192 0.00015204 0.00054308 0.00005109 0.00022292 0.00005103 0.00003197 0.00024060  1.00000000
205.0  0.97695843 0.02181178 0.00001456 0.00015651 0.00046601 0.00005323 0.00016991 0.00009265 0.00003611 0.00024081  1.00000000
205.5  0.97946720 0.01927515 0.00001163 0.00014214 0.00048590 0.00005098 0.00023834 0.00006474 0.00001492 0.00024901  1.00000000
206.0  0.97808916 0.02055997 0.00001457 0.00013426 0.00052682 0.00005135 0.00023557 0.00009365 0.00000919 0.00028546  1.00000000
206.5  0.97816969 0.02049435 0.00001209 0.00013045 0.00050634 0.00005535 0.00024299 0.00009293 0.00000702 0.00028877  1.00000000
207.0  0.97929703 0.01942022 0.00001373 0.00012522 0.00048697 0.00005784 0.00023835 0.00009280 0.00000536 0.00026248  1.00000000
207.5  0.97743555 0.02134793 0.00001198 0.00010802 0.00046145 0.00005872 0.00022920 0.00009573 0.00000485 0.00024658  1.00000000
208.0  0.97987787 0.01888716 0.00001401 0.00012001 0.00042060 0.00006304 0.00025766 0.00009427 0.00000555 0.00025983  1.00000000
208.5  0.97730822 0.02145721 0.00001279 0.00012789 0.00044496 0.00007083 0.00024917 0.00007816 0.00000622 0.00024454  1.00000000
209.0  0.97965351 0.01907141 0.00001423 0.00017066 0.00044316 0.00006230 0.00026370 0.00007107 0.00000464 0.00024532  1.00000000
209.5  0.97759904 0.02101628 0.00001549 0.00020963 0.00043404 0.00008860 0.00025872 0.00007322 0.00000607 0.00029891  1.00000000
210.0  0.97905490 0.01957305 0.00001370 0.00021490 0.00046018 0.00007893 0.00023425 0.00006440 0.00000610 0.00029959  1.00000000
210.5  0.97813733 0.02046825 0.00001072 0.00016850 0.00043676 0.00007593 0.00021351 0.00005274 0.00000475 0.00043152  1.00000000
211.0  0.97847174 0.02008869 0.00000844 0.00013223 0.00045636 0.00007149 0.00022836 0.00004551 0.00000771 0.00048947  1.00000000
211.5  0.97833972 0.02014062 0.00000452 0.00012785 0.00050699 0.00009579 0.00025581 0.00004958 0.00001556 0.00046355  1.00000000
212.0  0.97831978 0.02020490 0.00000921 0.00011847 0.00046126 0.00008794 0.00028936 0.00003686 0.00001723 0.00045498  1.00000000
212.5  0.97828912 0.02029126 0.00000571 0.00012167 0.00043139 0.00010142 0.00024121 0.00003436 0.00001205 0.00047182  1.00000000
213.0  0.97876062 0.01987400 0.00000606 0.00011733 0.00048658 0.00007603 0.00021906 0.00003140 0.00002658 0.00040236  1.00000000
213.5  0.97781744 0.02082267 0.00000271 0.00012004 0.00046323 0.00010292 0.00022002 0.00003302 0.00003407 0.00038387  1.00000000
214.0  0.97939017 0.01922198 0.00000483 0.00009854 0.00048802 0.00006888 0.00031512 0.00003133 0.00002891 0.00035222  1.00000000
214.5  0.97700270 0.02149544 0.00000300 0.00009032 0.00058790 0.00008435 0.00031108 0.00002442 0.00002570 0.00037509  1.00000000
215.0  0.97975751 0.01864348 0.00000182 0.00008865 0.00062672 0.00007268 0.00028271 0.00002031 0.00002317 0.00048295  1.00000000
215.5  0.97652142 0.02196694 0.00000220 0.00008939 0.00062313 0.00006510 0.00022556 0.00002284 0.00002618 0.00045724  1.00000000
216.0  0.98011658 0.01837841 0.00000221 0.00007940 0.00062116 0.00003641 0.00026406 0.00001848 0.00002559 0.00045769  1.00000000
216.5  0.97648033 0.02201283 0.00000340 0.00007107 0.00065493 0.00006921 0.00024473 0.00001528 0.00002674 0.00042148  1.00000000
217.0  0.97979920 0.01868669 0.00000332 0.00009730 0.00062516 0.00003976 0.00028304 0.00001444 0.00002441 0.00042669  1.00000000
217.5  0.97700319 0.02147548 0.00000435 0.00010958 0.00057909 0.00004114 0.00023953 0.00002202 0.00002212 0.00050350  1.00000000
218.0  0.97888877 0.01944181 0.00000346 0.00014777 0.00066863 0.00004580 0.00025218 0.00001748 0.00001984 0.00051427  1.00000000
218.5  0.97779264 0.02062894 0.00000509 0.00010747 0.00070986 0.00005671 0.00021272 0.00000983 0.00001571 0.00046102  1.00000000
219.0  0.97813476 0.02043148 0.00000839 0.00010713 0.00064072 0.00000818 0.00021851 0.00001436 0.00000921 0.00042726  1.00000000
219.5  0.97877507 0.01974714 0.00001152 0.00003810 0.00072882 0.00002453 0.00021997 0.00000311 0.00001342 0.00043831  1.00000000
220.0  0.97741060 0.02111918 0.00001414 0.00011264 0.00068677 0.00002977 0.00026212 0.00000316 0.00000290 0.00035872  1.00000000
220.5  0.97923166 0.01912118 0.00001035 0.00006518 0.00084630 0.00002543 0.00025510 0.00000159 0.00000628 0.00043694  1.00000000
221.0  0.97697077 0.02149949 0.00001021 0.00010783 0.00076384 0.00001115 0.00021660 0.00000170 0.00000236 0.00041603  1.00000000
221.5  0.97950065 0.01899394 0.00000976 0.00007672 0.00077865 0.00003277 0.00019373 0.00000621 0.00000465 0.00040294  1.00000000
222.0  0.97704490 0.02138856 0.00001441 0.00009392 0.00075338 0.00004008 0.00024731 0.00000549 0.00000580 0.00040615  1.00000000
222.5  0.97922384 0.01926875 0.00001383 0.00010597 0.00069764 0.00002016 0.00026987 0.00001099 0.00000657 0.00038238  1.00000000
223.0  0.97748209 0.02104051 0.00001357 0.00007991 0.00072060 0.00001588 0.00025751 0.00001348 0.00000464 0.00037181  1.00000000
223.5  0.97879230 0.01970161 0.00001321 0.00015662 0.00067160 0.00003057 0.00021648 0.00003016 0.00000485 0.00038262  1.00000000
224.0  0.97799678 0.02044310 0.00001326 0.00007136 0.00080647 0.00002271 0.00022321 0.00004328 0.00000388 0.00037596  1.00000000
224.5  0.97816417 0.02023749 0.00002157 0.00009928 0.00077003 0.00003514 0.00021134 0.00007086 0.00000073 0.00038938  1.00000000
225.0  0.97848404 0.01989216 0.00001770 0.00007044 0.00082650 0.00001715 0.00019543 0.00010246 0.00000122 0.00039291  1.00000000
225.5  0.97770325 0.02064184 0.00002826 0.00008983 0.00081080 0.00004639 0.00013696 0.00012224 0.00000055 0.00041988  1.00000000
226.0  0.97880350 0.01957698 0.00001857 0.00007727 0.00083044 0.00003435 0.00014632 0.00009369 0.00000390 0.00041498  1.00000000
226.5  0.97753323 0.02078873 0.00001508 0.00007867 0.00080864 0.00003158 0.00030532 0.00002259 0.00000167 0.00041448  1.00000000
227.0  0.97872951 0.01961810 0.00001490 0.00007606 0.00077642 0.00002568 0.00034752 0.00000486 0.00000371 0.00040324  1.00000000
227.5  0.97782527 0.02052249 0.00002148 0.00004708 0.00079194 0.00003199 0.00032172 0.00000818 0.00000384 0.00042601  1.00000000
228.0  0.97815210 0.02014934 0.00001170 0.00009415 0.00078087 0.00003885 0.00030328 0.00000447 0.00000632 0.00045892  1.00000000
228.5  0.97865704 0.01979520 0.00002109 0.00003361 0.00074461 0.00002908 0.00030571 0.00000137 0.00000228 0.00041001  1.00000000
229.0  0.97751429 0.02106690 0.00001351 0.00007886 0.00066242 0.00001602 0.00032717 0.00000022 0.00000263 0.00031798  1.00000000
229.5  0.97976499 0.01883108 0.00001829 0.00001296 0.00069484 0.00002271 0.00031139 0.00000102 0.00000315 0.00033957  1.00000000
230.0  0.97650378 0.02202860 0.00001296 0.00007508 0.00065764 0.00002060 0.00031952 0.00000072 0.00000292 0.00037818  1.00000000
230.5  0.98037383 0.01818511 0.00001271 0.00001187 0.00070762 0.00002074 0.00032430 0.00000064 0.00000281 0.00036038  1.00000000
231.0  0.97617662 0.02238983 0.00001189 0.00005029 0.00066553 0.00003450 0.00032764 0.00000021 0.00000279 0.00034068  1.00000000
231.5  0.98037374 0.01819234 0.00000755 0.00001802 0.00070847 0.00004411 0.00033080 0.00000159 0.00000235 0.00032104  1.00000000
232.0  0.97669222 0.02194208 0.00001168 0.00004424 0.00065943 0.00004488 0.00030881 0.00000349 0.00000322 0.00028995  1.00000000
232.5  0.97957117 0.01905340 0.00000460 0.00003206 0.00067903 0.00004560 0.00031567 0.00000262 0.00000388 0.00029195  1.00000000
233.0  0.97780799 0.02080353 0.00001157 0.00004926 0.00063859 0.00007523 0.00032150 0.00000116 0.00000396 0.00028722  1.00000000
233.5  0.97846827 0.02019473 0.00000390 0.00004709 0.00063776 0.00005655 0.00031138 0.00000222 0.00000151 0.00027658  1.00000000
234.0  0.97887092 0.01974560 0.00000962 0.00006306 0.00061073 0.00005782 0.00028415 0.00001170 0.00000009 0.00034630  1.00000000
234.5  0.97762622 0.02101099 0.00000376 0.00005266 0.00061416 0.00006303 0.00030063 0.00001664 0.00000090 0.00031101  1.00000000
235.0  0.97938209 0.01926818 0.00000856 0.00005228 0.00061596 0.00008360 0.00027483 0.00000857 0.00000443 0.00030150  1.00000000
235.5  0.97755916 0.02111796 0.00000662 0.00003350 0.00065654 0.00004742 0.00028275 0.00000070 0.00000415 0.00029120  1.00000000
236.0  0.97922173 0.01946139 0.00001064 0.00003254 0.00066172 0.00006473 0.00024558 0.00000717 0.00000377 0.00029074  1.00000000
236.5  0.97786507 0.02069714 0.00001299 0.00002100 0.00070619 0.00005083 0.00027192 0.00001217 0.00000250 0.00036019  1.00000000
237.0  0.97859758 0.01998435 0.00001731 0.00002267 0.00067588 0.00006230 0.00026060 0.00000691 0.00000268 0.00036972  1.00000000
237.5  0.97843089 0.02016270 0.00002160 0.00001639 0.00067664 0.00001134 0.00032833 0.00000481 0.00000446 0.00034283  1.00000000
238.0  0.97815441 0.02037401 0.00001858 0.00001236 0.00072926 0.00008914 0.00024790 0.00000934 0.00000350 0.00036151  1.00000000
238.5  0.97862116 0.01995368 0.00002288 0.00001342 0.00074157 0.00002013 0.00028003 0.00000626 0.00000375 0.00033712  1.00000000
239.0  0.97814109 0.02038945 0.00002350 0.00001079 0.00075428 0.00004669 0.00024270 0.00000989 0.00000577 0.00037583  1.00000000
239.5  0.97822252 0.02026012 0.00002992 0.00001204 0.00076068 0.00002455 0.00027236 0.00002027 0.00000293 0.00039460  1.00000000
240.0  0.97863604 0.01980947 0.00002789 0.00001293 0.00075567 0.00003980 0.00028806 0.00003652 0.00001244 0.00038118  1.00000000
240.5  0.97749974 0.02091592 0.00003021 0.00002442 0.00076483 0.00004842 0.00030267 0.00002614 0.00000848 0.00037916  1.00000000
241.0  0.97943969 0.01900528 0.00002877 0.00002942 0.00075824 0.00006721 0.00029531 0.00000747 0.00002072 0.00034790  1.00000000
241.5  0.97677886 0.02174125 0.00002886 0.00003225 0.00070866 0.00003261 0.00026811 0.00004282 0.00000106 0.00036554  1.00000000
242.0  0.98022580 0.01828522 0.00003386 0.00003043 0.00067301 0.00009012 0.00021510 0.00006000 0.00001818 0.00036828  1.00000000
242.5  0.97631946 0.02222848 0.00002775 0.00003904 0.00066098 0.00009483 0.00023959 0.00006697 0.00001526 0.00030764  1.00000000
243.0  0.98037423 0.01803474 0.00003754 0.00003718 0.00072828 0.00008162 0.00033427 0.00004551 0.00001434 0.00031228  1.00000000
243.5  0.97631534 0.02213071 0.00003082 0.00003014 0.00067881 0.00007200 0.00034737 0.00005640 0.00000291 0.00033551  1.00000000
244.0  0.98016386 0.01834231 0.00004361 0.00003594 0.00066286 0.00013230 0.00023786 0.00004408 0.00000730 0.00032988  1.00000000
244.5  0.97691628 0.02159678 0.00004224 0.00003306 0.00069527 0.00010447 0.00021509 0.00005761 0.00001229 0.00032693  1.00000000
245.0  0.97945500 0.01901888 0.00005746 0.00004154 0.00066779 0.00010102 0.00029891 0.00006322 0.00001322 0.00028298  1.00000000
245.5  0.97760409 0.02079755 0.00005641 0.00004623 0.00067276 0.00009654 0.00034853 0.00009684 0.00000618 0.00027486  1.00000000
246.0  0.97865413 0.01978429 0.00005660 0.00004379 0.00067828 0.00011676 0.00034439 0.00006476 0.00000790 0.00024911  1.00000000
246.5  0.97825565 0.02014274 0.00006021 0.00004408 0.00069406 0.00009362 0.00025309 0.00019236 0.00002060 0.00024360  1.00000000
247.0  0.97802983 0.02026853 0.00005634 0.00004367 0.00064034 0.00009479 0.00030680 0.00026438 0.00002606 0.00026926  1.00000000
247.5  0.97864497 0.01974605 0.00005578 0.00004724 0.00062497 0.00027447 0.00013383 0.00018488 0.00002589 0.00026193  1.00000000
248.0  0.97796169 0.02050886 0.00005207 0.00005429 0.00061571 0.00023488 0.00019990 0.00009454 0.00003021 0.00024784  1.00000000
248.5  0.97870154 0.01970365 0.00006024 0.00006079 0.00061989 0.00022930 0.00021883 0.00010774 0.00004104 0.00025696  1.00000000
249.0  0.97793252 0.02039273 0.00005435 0.00005841 0.00060225 0.00019094 0.00029570 0.00010151 0.00004792 0.00032368  1.00000000
249.5  0.97841306 0.01995951 0.00005516 0.00007354 0.00052987 0.00025987 0.00022935 0.00007049 0.00005820 0.00035096  1.00000000
250.0  0.97828248 0.02009030 0.00005867 0.00003412 0.00054957 0.00022433 0.00026192 0.00004878 0.00004244 0.00040738  1.00000000
250.5  0.97792073 0.02037141 0.00008668 0.00003599 0.00055783 0.00024761 0.00025059 0.00008068 0.00004644 0.00040205  1.00000000
251.0  0.97880303 0.01955144 0.00006176 0.00003550 0.00056001 0.00017464 0.00026738 0.00008237 0.00006689 0.00039697  1.00000000
251.5  0.97755100 0.02085760 0.00006031 0.00003170 0.00057246 0.00020503 0.00016868 0.00010288 0.00007427 0.00037607  1.00000000
252.0  0.97920162 0.01913779 0.00006403 0.00003602 0.00064467 0.00021412 0.00018657 0.00011958 0.00004824 0.00034736  1.00000000
252.5  0.97711778 0.02126634 0.00005974 0.00004235 0.00060005 0.00022986 0.00016107 0.00015832 0.00005218 0.00031230  1.00000000
253.0  0.97952548 0.01890594 0.00006995 0.00001563 0.00057662 0.00019568 0.00005800 0.00022632 0.00007437 0.00035200  1.00000000
253.5  0.97707867 0.02127409 0.00006227 0.00001482 0.00070125 0.00018192 0.00001640 0.00024568 0.00007418 0.00035071  1.00000000
254.0  0.97936758 0.01911140 0.00006893 0.00000753 0.00061251 0.00020474 0.00003494 0.00022660 0.00006674 0.00029904  1.00000000
254.5  0.97767431 0.02083668 0.00006244 0.00000181 0.00057355 0.00023998 0.00001597 0.00023232 0.00007921 0.00028372  1.00000000
255.0  0.97862818 0.01980347 0.00006758 0.00000034 0.00057975 0.00020458 0.00003781 0.00021738 0.00009704 0.00036387  1.00000000
255.5  0.97852625 0.02001492 0.00006831 0.00000116 0.00050693 0.00021255 0.00004003 0.00019847 0.00009757 0.00033380  1.00000000
256.0  0.97789233 0.02065505 0.00007241 0.00000303 0.00053424 0.00020071 0.00003900 0.00017584 0.00010081 0.00032659  1.00000000
256.5  0.97946483 0.01907943 0.00007361 0.00000541 0.00058785 0.00022358 0.00001115 0.00015648 0.00011599 0.00028169  1.00000000
257.0  0.97704724 0.02143528 0.00005791 0.00000290 0.00068452 0.00019097 0.00003154 0.00013515 0.00013406 0.00028043  1.00000000
257.5  0.97978604 0.01865156 0.00006829 0.00001421 0.00066220 0.00022053 0.00000939 0.00011570 0.00015343 0.00031866  1.00000000
258.0  0.97679384 0.02160907 0.00005501 0.00000355 0.00072440 0.00025014 0.00001583 0.00010555 0.00013076 0.00031186  1.00000000
258.5  0.97970812 0.01872499 0.00006769 0.00001732 0.00071634 0.00023737 0.00003124 0.00007232 0.00014518 0.00027943  1.00000000
259.0  0.97728929 0.02119642 0.00005842 0.00000808 0.00073735 0.00016055 0.00005205 0.00008192 0.00014000 0.00027594  1.00000000
259.5  0.97899636 0.01933564 0.00007116 0.00001243 0.00070160 0.00020285 0.00021411 0.00009835 0.00009195 0.00027555  1.00000000
260.0  0.97774119 0.02046890 0.00005630 0.00000938 0.00079475 0.00031393 0.00018486 0.00007781 0.00006929 0.00028358  1.00000000
260.5  0.97826879 0.01994691 0.00006539 0.00000998 0.00078984 0.00040690 0.00012315 0.00005803 0.00006585 0.00026515  1.00000000
261.0  0.97840362 0.01991447 0.00005089 0.00000677 0.00080451 0.00037545 0.00009322 0.00004100 0.00004975 0.00026033  1.00000000
261.5  0.97797874 0.02036013 0.00005991 0.00000636 0.00077781 0.00036438 0.00010775 0.00004472 0.00005421 0.00024598  1.00000000
262.0  0.97855379 0.01978410 0.00005944 0.00001098 0.00079575 0.00038587 0.00013818 0.00004269 0.00004799 0.00018121  1.00000000
262.5  0.97806455 0.02020811 0.00006010 0.00000867 0.00083834 0.00040207 0.00015340 0.00002972 0.00005964 0.00017541  1.00000000
263.0  0.97828336 0.02002760 0.00005839 0.00000761 0.00083633 0.00041665 0.00012721 0.00002853 0.00003269 0.00018164  1.00000000
263.5  0.97850003 0.01989935 0.00005421 0.00000458 0.00080546 0.00037785 0.00008918 0.00003604 0.00004148 0.00019181  1.00000000
264.0  0.97795878 0.02036882 0.00006305 0.00000290 0.00080929 0.00041096 0.00009764 0.00004034 0.00004989 0.00019834  1.00000000
264.5  0.97857628 0.01972625 0.00005823 0.00000410 0.00084458 0.00039076 0.00013877 0.00003530 0.00005128 0.00017444  1.00000000
265.0  0.97792402 0.02036635 0.00006779 0.00000584 0.00082584 0.00038708 0.00016140 0.00003460 0.00004139 0.00018568  1.00000000
265.5  0.97833274 0.01988992 0.00006424 0.00000540 0.00088666 0.00039040 0.00011824 0.00004034 0.00003341 0.00023866  1.00000000
266.0  0.97826206 0.01999610 0.00007253 0.00001218 0.00083028 0.00039788 0.00009415 0.00005386 0.00003131 0.00024967  1.00000000
266.5  0.97782486 0.02042382 0.00007562 0.00000228 0.00085706 0.00040944 0.00010820 0.00005520 0.00002591 0.00021760  1.00000000
267.0  0.97889881 0.01935708 0.00008014 0.00000065 0.00082803 0.00044641 0.00013559 0.00003883 0.00000631 0.00020814  1.00000000
267.5  0.97719721 0.02096795 0.00008330 0.00000226 0.00088316 0.00044767 0.00015247 0.00003494 0.00000176 0.00022928  1.00000000
268.0  0.97929360 0.01887252 0.00007661 0.00000307 0.00092738 0.00029613 0.00022694 0.00004534 0.00000061 0.00025778  1.00000000
268.5  0.97688408 0.02131302 0.00007170 0.00000830 0.00089101 0.00021389 0.00034697 0.00003497 0.00000038 0.00023568  1.00000000
269.0  0.97951278 0.01869792 0.00006478 0.00000377 0.00086922 0.00021023 0.00038786 0.00001233 0.00000073 0.00024038  1.00000000
269.5  0.97692620 0.02126589 0.00007186 0.00000657 0.00082464 0.00021811 0.00042176 0.00001791 0.00000078 0.00024628  1.00000000
270.0  0.97925792 0.01893056 0.00007582 0.00001046 0.00081396 0.00019679 0.00037492 0.00001915 0.00000030 0.00032013  1.00000000
270.5  0.97724560 0.02093231 0.00008138 0.00002283 0.00081163 0.00020151 0.00038613 0.00001793 0.00000042 0.00030027  1.00000000
271.0  0.97885042 0.01931149 0.00008935 0.00002819 0.00084055 0.00015541 0.00041698 0.00001660 0.00000132 0.00028969  1.00000000
271.5  0.97770324 0.02048320 0.00009374 0.00002576 0.00079306 0.00018421 0.00041060 0.00001843 0.00000149 0.00028626  1.00000000
272.0  0.97832717 0.01982466 0.00010585 0.00002131 0.00087246 0.00016180 0.00037788 0.00001728 0.00000101 0.00029059  1.00000000
272.5  0.97809894 0.02007563 0.00010316 0.00002037 0.00084494 0.00019162 0.00038583 0.00001680 0.00000082 0.00026190  1.00000000
273.0  0.97805645 0.02004053 0.00011510 0.00002575 0.00089608 0.00017113 0.00040931 0.00001508 0.00000061 0.00026996  1.00000000
273.5  0.97828741 0.01980882 0.00010259 0.00002419 0.00093907 0.00019960 0.00039750 0.00000966 0.00000058 0.00023058  1.00000000
274.0  0.97784362 0.02024431 0.00011664 0.00002361 0.00092702 0.00018259 0.00034835 0.00000565 0.00000046 0.00030776  1.00000000
274.5  0.97829698 0.01988674 0.00010746 0.00002659 0.00082088 0.00019590 0.00035193 0.00000749 0.00000013 0.00030589  1.00000000
275.0  0.97791307 0.02011077 0.00013563 0.00002386 0.00091403 0.00019415 0.00038114 0.00003299 0.00000332 0.00029104  1.00000000
275.5  0.97804420 0.01997905 0.00011893 0.00004122 0.00090268 0.00020290 0.00027995 0.00008702 0.00004668 0.00029739  1.00000000
276.0  0.97809209 0.01993829 0.00011463 0.00020976 0.00073135 0.00011101 0.00032627 0.00004463 0.00015648 0.00027547  1.00000000
276.5  0.97786828 0.02029929 0.00010888 0.00000602 0.00087035 0.00005298 0.00025380 0.00004268 0.00021618 0.00028154  1.00000000
277.0  0.97843900 0.01972775 0.00011021 0.00001057 0.00085079 0.00013240 0.00013081 0.00004264 0.00025983 0.00029601  1.00000000
277.5  0.97912812 0.01899193 0.00010953 0.00000973 0.00081978 0.00013211 0.00011991 0.00003601 0.00029188 0.00036100  1.00000000
278.0  0.98014367 0.01803040 0.00010363 0.00000962 0.00088464 0.00009611 0.00012765 0.00003880 0.00023677 0.00032871  1.00000000
278.5  0.98115287 0.01698889 0.00011486 0.00001300 0.00088321 0.00008874 0.00011100 0.00005033 0.00026504 0.00033205  1.00000000
279.0  0.98210984 0.01602001 0.00010009 0.00001374 0.00089895 0.00012872 0.00009586 0.00004351 0.00025631 0.00033297  1.00000000
279.5  0.98293865 0.01517552 0.00011671 0.00000963 0.00090988 0.00010058 0.00011405 0.00004016 0.00026699 0.00032783  1.00000000
280.0  0.98358833 0.01458575 0.00009823 0.00000842 0.00093001 0.00005940 0.00012667 0.00004746 0.00025238 0.00030335  1.00000000
280.5  0.98377103 0.01437024 0.00011386 0.00000678 0.00100536 0.00008291 0.00010027 0.00004228 0.00024376 0.00026352  1.00000000
281.0  0.98365023 0.01455366 0.00009122 0.00000828 0.00092695 0.00011577 0.00009847 0.00004266 0.00025038 0.00026237  1.00000000
281.5  0.98307454 0.01518621 0.00010242 0.00000928 0.00091977 0.00007810 0.00012408 0.00004540 0.00025296 0.00020724  1.00000000
282.0  0.98201186 0.01623563 0.00009130 0.00000298 0.00093066 0.00008962 0.00010896 0.00005286 0.00026364 0.00021250  1.00000000
282.5  0.98064488 0.01759656 0.00010478 0.00000325 0.00091283 0.00013923 0.00008615 0.00005377 0.00026084 0.00019772  1.00000000
283.0  0.97909969 0.01911239 0.00010447 0.00000585 0.00091543 0.00011546 0.00010772 0.00006029 0.00027176 0.00020693  1.00000000
283.5  0.97755781 0.02060713 0.00010106 0.00001476 0.00092662 0.00011306 0.00012011 0.00006758 0.00027317 0.00021871  1.00000000
284.0  0.97621150 0.02192640 0.00010454 0.00001966 0.00087622 0.00018597 0.00008123 0.00006983 0.00029349 0.00023116  1.00000000
284.5  0.97519834 0.02295501 0.00009036 0.00001361 0.00094392 0.00015822 0.00008518 0.00007171 0.00028636 0.00019728  1.00000000
285.0  0.97461824 0.02355304 0.00010676 0.00002422 0.00094106 0.00012034 0.00010908 0.00002792 0.00033382 0.00016553  1.00000000
285.5  0.97429836 0.02388567 0.00009562 0.00001709 0.00087469 0.00020123 0.00009849 0.00002769 0.00031307 0.00018808  1.00000000
286.0  0.97422472 0.02389139 0.00011820 0.00003639 0.00090101 0.00019893 0.00007699 0.00002330 0.00032143 0.00020763  1.00000000
286.5  0.97443040 0.02371748 0.00010357 0.00001409 0.00091371 0.00011637 0.00010106 0.00003017 0.00035902 0.00021414  1.00000000
287.0  0.97454046 0.02361288 0.00010245 0.00002635 0.00084020 0.00015734 0.00013864 0.00002127 0.00038736 0.00017305  1.00000000
287.5  0.97445032 0.02366756 0.00009292 0.00000582 0.00091097 0.00020010 0.00014982 0.00000750 0.00034865 0.00016633  1.00000000
288.0  0.97432434 0.02389709 0.00008296 0.00001651 0.00077743 0.00001171 0.00030125 0.00000395 0.00034658 0.00023820  1.00000000
288.5  0.97382668 0.02430088 0.00009768 0.00002098 0.00077263 0.00014077 0.00023353 0.00000951 0.00034675 0.00025060  1.00000000
289.0  0.97326681 0.02483147 0.00008756 0.00002924 0.00075044 0.00012267 0.00028607 0.00001695 0.00035685 0.00025196  1.00000000
289.5  0.97280939 0.02538088 0.00010765 0.00002482 0.00071898 0.00012117 0.00025083 0.00001361 0.00033556 0.00023710  1.00000000
290.0  0.97233513 0.02591695 0.00009247 0.00002772 0.00074266 0.00017357 0.00018409 0.00001009 0.00029734 0.00021996  1.00000000
290.5  0.97191566 0.02626704 0.00010290 0.00001639 0.00076206 0.00012520 0.00022962 0.00001855 0.00034908 0.00021350  1.00000000
291.0  0.97184690 0.02630379 0.00009312 0.00001521 0.00076614 0.00010975 0.00024935 0.00002455 0.00037319 0.00021800  1.00000000
291.5  0.97213801 0.02608261 0.00010295 0.00001903 0.00076391 0.00015772 0.00017296 0.00001803 0.00029413 0.00025064  1.00000000
292.0  0.97268104 0.02553684 0.00009223 0.00002609 0.00076188 0.00014689 0.00018573 0.00000816 0.00030983 0.00025129  1.00000000
292.5  0.97350517 0.02465412 0.00009371 0.00002542 0.00079414 0.00011320 0.00022532 0.00001785 0.00037158 0.00019950  1.00000000
293.0  0.97459616 0.02361229 0.00009248 0.00002349 0.00077317 0.00015543 0.00017625 0.00002060 0.00035844 0.00019169  1.00000000
293.5  0.97582996 0.02241980 0.00010287 0.00002657 0.00074588 0.00019373 0.00015033 0.00001952 0.00028719 0.00022414  1.00000000
294.0  0.97685203 0.02115838 0.00010261 0.00001917 0.00091485 0.00015132 0.00019510 0.00000848 0.00033814 0.00025993  1.00000000
294.5  0.97800088 0.02004621 0.00010401 0.00003878 0.00084893 0.00015040 0.00014381 0.00003509 0.00039092 0.00024097  1.00000000
295.0  0.97895834 0.01913367 0.00009814 0.00003953 0.00087082 0.00013056 0.00017331 0.00000720 0.00037242 0.00021601  1.00000000
295.5  0.97965680 0.01835986 0.00007615 0.00006312 0.00094098 0.00009608 0.00015127 0.00003276 0.00038906 0.00023392  1.00000000
296.0  0.98021022 0.01786338 0.00005390 0.00004767 0.00090005 0.00006748 0.00018912 0.00004066 0.00034460 0.00028292  1.00000000
296.5  0.98057364 0.01752495 0.00005398 0.00005420 0.00086688 0.00006991 0.00015469 0.00003201 0.00034340 0.00032635  1.00000000
297.0  0.98057380 0.01734936 0.00006487 0.00004707 0.00089421 0.00008628 0.00019393 0.00004164 0.00037328 0.00037556  1.00000000
297.5  0.98058407 0.01736744 0.00006462 0.00005946 0.00084405 0.00013233 0.00016555 0.00002621 0.00044141 0.00031485  1.00000000
298.0  0.98054494 0.01747743 0.00006228 0.00007637 0.00084081 0.00007290 0.00017577 0.00003979 0.00042357 0.00028614  1.00000000
298.5  0.98048778 0.01758018 0.00005789 0.00009032 0.00085734 0.00006983 0.00019449 0.00003836 0.00036089 0.00026292  1.00000000
299.0  0.98036071 0.01764667 0.00005711 0.00008054 0.00092649 0.00007885 0.00018983 0.00007185 0.00037170 0.00021624  1.00000000
299.5  0.98030918 0.01766083 0.00006590 0.00008262 0.00090961 0.00008928 0.00014495 0.00007456 0.00042530 0.00023777  1.00000000
300.0  0.98034121 0.01756471 0.00005690 0.00007136 0.00097846 0.00008661 0.00012273 0.00010325 0.00039600 0.00027877  1.00000000
300.5  0.98060412 0.01728751 0.00007105 0.00009460 0.00098767 0.00006829 0.00013078 0.00011514 0.00036377 0.00027708  1.00000000
301.0  0.98103661 0.01691111 0.00006845 0.00006288 0.00101035 0.00006842 0.00010513 0.00011873 0.00036171 0.00025661  1.00000000
301.5  0.98150045 0.01643244 0.00008028 0.00010403 0.00098450 0.00007833 0.00010707 0.00008404 0.00040104 0.00022782  1.00000000
302.0  0.98200493 0.01585660 0.00007472 0.00006197 0.00105863 0.00009750 0.00012498 0.00008460 0.00037907 0.00025699  1.00000000
302.5  0.98257799 0.01524077 0.00007197 0.00011923 0.00100023 0.00009402 0.00015877 0.00004592 0.00036550 0.00032560  1.00000000
303.0  0.98322537 0.01466145 0.00007683 0.00007451 0.00098844 0.00006421 0.00015994 0.00003744 0.00035590 0.00035591  1.00000000
303.5  0.98378298 0.01410958 0.00006892 0.00012977 0.00093221 0.00007377 0.00015758 0.00002788 0.00039797 0.00031933  1.00000000
304.0  0.98411473 0.01370121 0.00008084 0.00006588 0.00102010 0.00008548 0.00022099 0.00003366 0.00037437 0.00030273  1.00000000
304.5  0.98442728 0.01347316 0.00006586 0.00011447 0.00092990 0.00010594 0.00021594 0.00001426 0.00036196 0.00029123  1.00000000
305.0  0.98446464 0.01335593 0.00009619 0.00005161 0.00100551 0.00006174 0.00025361 0.00002308 0.00037072 0.00031696  1.00000000
305.5  0.98438754 0.01339928 0.00008570 0.00013043 0.00093140 0.00013175 0.00022521 0.00001262 0.00039883 0.00029723  1.00000000
306.0  0.98398473 0.01360109 0.00009591 0.00006565 0.00099137 0.00004700 0.00036795 0.00004608 0.00039251 0.00040771  1.00000000
306.5  0.98365416 0.01391740 0.00008613 0.00014139 0.00096352 0.00015535 0.00031395 0.00001648 0.00032526 0.00042636  1.00000000
307.0  0.98338965 0.01428716 0.00010374 0.00008137 0.00100606 0.00008906 0.00028428 0.00002910 0.00033370 0.00039589  1.00000000
307.5  0.98308233 0.01453794 0.00009720 0.00012914 0.00094489 0.00015335 0.00030761 0.00003983 0.00031606 0.00039166  1.00000000
308.0  0.98287136 0.01470899 0.00009585 0.00006730 0.00102287 0.00014483 0.00032116 0.00003541 0.00032130 0.00041093  1.00000000
308.5  0.98298776 0.01473824 0.00008987 0.00009130 0.00094756 0.00017786 0.00026123 0.00004083 0.00026326 0.00040209  1.00000000
309.0  0.98316295 0.01462876 0.00009907 0.00006496 0.00092789 0.00017560 0.00023797 0.00005664 0.00026695 0.00037920  1.00000000
309.5  0.98333457 0.01446104 0.00010942 0.00008455 0.00092628 0.00017975 0.00027275 0.00005926 0.00028895 0.00028343  1.00000000
310.0  0.98350564 0.01431501 0.00010196 0.00008072 0.00090349 0.00018963 0.00027101 0.00005102 0.00029015 0.00029137  1.00000000
310.5  0.98366573 0.01423638 0.00011314 0.00007843 0.00090766 0.00020534 0.00021014 0.00004286 0.00025403 0.00028631  1.00000000
311.0  0.98359390 0.01429489 0.00010440 0.00008272 0.00091340 0.00019991 0.00025274 0.00004537 0.00025042 0.00026225  1.00000000
311.5  0.98323353 0.01458818 0.00012250 0.00005635 0.00089654 0.00020177 0.00028745 0.00003550 0.00030162 0.00027657  1.00000000
312.0  0.98268388 0.01514198 0.00010794 0.00006983 0.00089874 0.00019376 0.00026916 0.00003852 0.00026995 0.00032625  1.00000000
312.5  0.98194276 0.01589318 0.00012136 0.00005034 0.00092945 0.00021398 0.00023134 0.00004405 0.00024885 0.00032469  1.00000000
313.0  0.98102898 0.01682181 0.00010083 0.00009284 0.00088938 0.00020355 0.00027581 0.00009921 0.00021723 0.00027036  1.00000000
313.5  0.97995886 0.01781405 0.00010657 0.00005010 0.00093535 0.00023906 0.00024441 0.00010861 0.00025337 0.00028962  1.00000000
314.0  0.97905939 0.01872925 0.00008339 0.00009664 0.00089957 0.00027530 0.00018622 0.00013865 0.00015442 0.00037717  1.00000000
314.5  0.97807933 0.01941797 0.00010950 0.00007188 0.00092074 0.00032928 0.00017411 0.00009216 0.00029187 0.00051317  1.00000000
315.0  0.97752062 0.01985283 0.00012134 0.00010214 0.00092334 0.00033733 0.00021423 0.00014408 0.00025182 0.00053227  1.00000000
315.5  0.97740952 0.01993433 0.00010632 0.00007547 0.00089579 0.00032606 0.00022478 0.00012108 0.00023124 0.00067542  1.00000000
316.0  0.97771383 0.01964993 0.00010843 0.00010247 0.00086432 0.00035333 0.00019825 0.00010965 0.00021791 0.00068188  1.00000000
316.5  0.97816569 0.01912994 0.00009455 0.00007374 0.00095535 0.00035915 0.00021786 0.00009503 0.00023528 0.00067341  1.00000000
317.0  0.97883496 0.01853662 0.00010526 0.00007777 0.00087762 0.00032908 0.00023751 0.00011134 0.00023819 0.00065165  1.00000000
317.5  0.97945279 0.01793495 0.00009460 0.00006275 0.00089631 0.00030025 0.00020873 0.00010216 0.00022979 0.00071768  1.00000000
318.0  0.97995574 0.01738631 0.00010564 0.00008550 0.00090219 0.00035901 0.00021044 0.00007487 0.00022858 0.00069172  1.00000000
318.5  0.98029499 0.01705135 0.00009713 0.00008041 0.00089905 0.00037027 0.00023934 0.00008428 0.00022290 0.00066029  1.00000000
319.0  0.98049504 0.01694808 0.00010356 0.00010792 0.00085929 0.00036704 0.00021884 0.00008586 0.00022899 0.00058538  1.00000000
319.5  0.98046715 0.01697255 0.00010357 0.00008983 0.00096089 0.00030023 0.00019111 0.00009659 0.00023006 0.00058801  1.00000000
320.0  0.98018655 0.01709750 0.00010456 0.00010452 0.00099468 0.00030503 0.00021986 0.00008247 0.00022948 0.00067536  1.00000000
320.5  0.98001389 0.01722703 0.00010918 0.00007172 0.00101447 0.00035083 0.00023087 0.00008979 0.00021865 0.00067357  1.00000000
321.0  0.97999535 0.01730141 0.00009747 0.00008423 0.00097703 0.00037911 0.00021837 0.00009328 0.00023875 0.00061500  1.00000000
321.5  0.98009370 0.01721664 0.00010412 0.00007475 0.00097976 0.00039933 0.00019873 0.00010220 0.00023499 0.00059577  1.00000000
322.0  0.98032595 0.01700877 0.00009885 0.00009890 0.00092678 0.00032592 0.00023458 0.00010302 0.00023942 0.00063780  1.00000000
322.5  0.98071581 0.01652106 0.00010857 0.00011316 0.00091200 0.00030860 0.00022056 0.00010015 0.00023638 0.00076371  1.00000000
323.0  0.98149652 0.01578572 0.00010362 0.00012265 0.00088691 0.00032857 0.00019906 0.00008222 0.00024465 0.00075007  1.00000000
323.5  0.98244855 0.01480581 0.00010514 0.00010678 0.00095002 0.00038649 0.00020629 0.00010343 0.00021767 0.00066982  1.00000000
324.0  0.98366035 0.01366080 0.00010716 0.00010665 0.00096213 0.00037159 0.00022294 0.00007075 0.00025886 0.00057878  1.00000000
324.5  0.98505590 0.01235456 0.00011016 0.00012087 0.00088774 0.00031370 0.00016497 0.00011464 0.00022821 0.00064924  1.00000000
325.0  0.98639746 0.01097815 0.00010898 0.00012192 0.00089167 0.00024300 0.00022779 0.00007581 0.00028099 0.00067423  1.00000000
325.5  0.98769197 0.00959606 0.00010308 0.00016659 0.00087150 0.00048070 0.00006928 0.00011310 0.00023148 0.00067626  1.00000000
326.0  0.98897481 0.00829380 0.00011456 0.00009203 0.00089383 0.00024300 0.00043460 0.00006343 0.00026961 0.00062032  1.00000000
326.5  0.99020061 0.00710667 0.00010651 0.00020776 0.00075687 0.00033220 0.00034886 0.00006842 0.00026469 0.00060741  1.00000000
327.0  0.99125355 0.00610783 0.00011294 0.00007700 0.00087835 0.00020645 0.00037373 0.00005995 0.00024694 0.00068326  1.00000000
327.5  0.99206241 0.00534491 0.00010618 0.00011996 0.00078533 0.00026242 0.00030924 0.00003421 0.00027300 0.00070235  1.00000000
328.0  0.99251568 0.00480527 0.00010945 0.00007443 0.00079303 0.00026637 0.00050655 0.00002325 0.00020687 0.00069910  1.00000000
328.5  0.99281876 0.00447504 0.00010786 0.00010861 0.00080581 0.00038724 0.00034747 0.00000196 0.00025587 0.00069138  1.00000000
329.0  0.99304136 0.00435904 0.00011225 0.00010104 0.00082599 0.00022951 0.00040707 0.00001195 0.00025454 0.00065725  1.00000000
329.5  0.99301022 0.00436432 0.00011749 0.00013392 0.00079301 0.00025487 0.00033616 0.00001606 0.00030099 0.00067297  1.00000000
330.0  0.99286718 0.00443259 0.00011466 0.00011266 0.00086928 0.00021381 0.00040765 0.00006009 0.00022493 0.00069715  1.00000000
330.5  0.99277045 0.00451663 0.00012077 0.00012114 0.00087676 0.00031271 0.00026202 0.00006839 0.00025096 0.00070019  1.00000000
331.0  0.99273872 0.00464509 0.00011617 0.00010497 0.00082951 0.00024954 0.00023798 0.00010074 0.00029001 0.00068726  1.00000000
331.5  0.99268707 0.00462574 0.00013004 0.00011152 0.00085489 0.00025976 0.00018491 0.00015318 0.00028990 0.00070300  1.00000000
332.0  0.99292371 0.00444760 0.00010711 0.00009953 0.00089014 0.00020491 0.00018368 0.00019899 0.00025269 0.00069165  1.00000000
332.5  0.99328264 0.00415949 0.00010816 0.00010269 0.00087748 0.00031618 0.00010626 0.00017068 0.00021597 0.00066044  1.00000000
333.0  0.99358974 0.00376300 0.00009947 0.00009760 0.00094016 0.00029065 0.00015952 0.00019321 0.00023047 0.00063617  1.00000000
333.5  0.99398645 0.00322567 0.00011160 0.00009844 0.00088831 0.00040573 0.00005699 0.00029548 0.00019905 0.00073229  1.00000000
334.0  0.99457895 0.00270713 0.00011735 0.00007967 0.00091050 0.00033485 0.00010367 0.00027704 0.00015371 0.00073713  1.00000000
334.5  0.99504221 0.00225969 0.00012684 0.00007511 0.00097842 0.00038759 0.00005389 0.00019302 0.00014199 0.00074124  1.00000000
335.0  0.99551307 0.00196267 0.00012671 0.00007674 0.00090429 0.00041588 0.00010083 0.00022927 0.00010653 0.00056403  1.00000000
335.5  0.99538251 0.00191631 0.00011073 0.00008417 0.00096310 0.00050726 0.00007193 0.00028339 0.00012578 0.00055482  1.00000000
336.0  0.99503356 0.00218033 0.00012401 0.00009039 0.00099193 0.00045596 0.00006458 0.00028467 0.00011502 0.00065955  1.00000000
336.5  0.99462038 0.00280353 0.00010454 0.00010393 0.00089025 0.00041898 0.00007968 0.00019902 0.00020015 0.00057954  1.00000000
337.0  0.99364833 0.00372602 0.00012918 0.00010239 0.00097667 0.00037997 0.00008735 0.00019939 0.00009626 0.00065444  1.00000000
337.5  0.99238615 0.00486260 0.00010916 0.00007443 0.00098606 0.00045766 0.00006190 0.00027462 0.00030256 0.00048486  1.00000000
338.0  0.99101520 0.00611300 0.00013034 0.00006873 0.00097770 0.00053349 0.00006053 0.00025808 0.00032704 0.00051588  1.00000000
338.5  0.98993725 0.00730483 0.00011009 0.00006197 0.00100064 0.00050577 0.00008133 0.00020726 0.00037022 0.00042064  1.00000000
339.0  0.98907876 0.00827469 0.00013166 0.00006104 0.00098998 0.00041073 0.00007419 0.00020801 0.00041003 0.00036091  1.00000000
339.5  0.98842550 0.00890271 0.00011209 0.00008574 0.00094384 0.00036295 0.00004543 0.00028445 0.00038731 0.00044998  1.00000000
340.0  0.98799250 0.00918588 0.00012086 0.00009286 0.00105533 0.00038083 0.00007092 0.00028775 0.00030303 0.00051005  1.00000000
340.5  0.98785999 0.00910158 0.00011163 0.00009745 0.00105604 0.00046942 0.00007230 0.00019175 0.00002810 0.00101174  1.00000000
341.0  0.98824658 0.00872791 0.00011800 0.00008679 0.00099096 0.00046857 0.00005363 0.00018262 0.00047271 0.00065223  1.00000000
341.5  0.98874912 0.00821141 0.00011549 0.00009754 0.00103231 0.00038688 0.00005821 0.00028510 0.00053510 0.00052885  1.00000000
342.0  0.98934164 0.00767077 0.00012124 0.00010594 0.00101102 0.00030913 0.00008569 0.00019841 0.00064441 0.00051174  1.00000000
342.5  0.98979933 0.00718358 0.00012602 0.00010442 0.00102198 0.00034068 0.00006765 0.00024881 0.00055998 0.00054756  1.00000000
343.0  0.99008010 0.00685173 0.00011710 0.00009322 0.00100842 0.00042555 0.00006890 0.00013500 0.00064414 0.00057584  1.00000000
343.5  0.99014445 0.00675087 0.00013201 0.00009522 0.00096369 0.00046662 0.00008290 0.00023492 0.00052413 0.00060520  1.00000000
344.0  0.99026956 0.00679899 0.00013770 0.00009412 0.00089858 0.00035012 0.00009871 0.00015537 0.00058647 0.00061037  1.00000000
344.5  0.99015919 0.00699194 0.00013981 0.00011434 0.00088508 0.00028667 0.00006790 0.00017628 0.00057982 0.00059897  1.00000000
345.0  0.98981279 0.00728314 0.00014797 0.00010376 0.00093758 0.00029238 0.00008296 0.00014767 0.00059884 0.00059291  1.00000000
345.5  0.98937209 0.00753395 0.00014364 0.00016233 0.00095180 0.00040642 0.00007033 0.00017728 0.00055068 0.00063148  1.00000000
346.0  0.98915645 0.00767514 0.00014408 0.00012152 0.00108756 0.00037065 0.00010061 0.00014821 0.00054375 0.00065203  1.00000000
346.5  0.98922065 0.00770613 0.00014439 0.00017766 0.00099469 0.00036626 0.00007578 0.00014782 0.00056418 0.00060243  1.00000000
347.0  0.98953438 0.00749656 0.00014767 0.00009657 0.00097085 0.00032783 0.00008590 0.00015568 0.00052064 0.00066393  1.00000000
347.5  0.98997283 0.00700098 0.00013826 0.00014774 0.00096599 0.00043480 0.00007958 0.00012929 0.00048838 0.00064216  1.00000000
348.0  0.99054745 0.00633555 0.00014709 0.00008317 0.00104177 0.00050143 0.00010116 0.00014923 0.00048956 0.00060359  1.00000000
348.5  0.99146337 0.00550998 0.00013652 0.00017028 0.00094874 0.00047184 0.00011726 0.00014833 0.00046236 0.00057130  1.00000000
349.0  0.99252041 0.00452031 0.00013238 0.00009792 0.00103231 0.00042421 0.00006593 0.00014977 0.00048118 0.00057557  1.00000000
349.5  0.99358779 0.00350790 0.00013962 0.00017068 0.00100368 0.00038529 0.00010744 0.00012379 0.00044800 0.00052582  1.00000000
350.0  0.99452987 0.00256335 0.00013603 0.00015543 0.00098037 0.00045071 0.00006786 0.00012860 0.00046259 0.00052520  1.00000000
350.5  0.99539013 0.00172321 0.00014435 0.00018533 0.00096020 0.00037535 0.00014369 0.00014286 0.00047497 0.00045991  1.00000000
351.0  0.99622639 0.00103283 0.00013196 0.00018749 0.00096526 0.00036923 0.00002794 0.00012462 0.00049038 0.00044389  1.00000000
351.5  0.99676171 0.00052594 0.00014542 0.00016104 0.00103597 0.00024076 0.00008839 0.00009795 0.00051702 0.00042578  1.00000000
352.0  0.99703464 0.00020938 0.00012502 0.00022213 0.00100026 0.00029915 0.00006312 0.00008991 0.00052821 0.00042820  1.00000000
352.5  0.99670688 0.00052800 0.00013089 0.00013570 0.00109529 0.00028970 0.00008813 0.00013907 0.00048212 0.00040421  1.00000000
353.0  0.99697595 0.00021756 0.00013288 0.00024458 0.00098596 0.00025202 0.00006576 0.00003497 0.00063183 0.00045848  1.00000000
353.5  0.99677948 0.00047478 0.00015496 0.00014881 0.00109230 0.00013301 0.00008587 0.00015405 0.00051789 0.00045885  1.00000000
354.0  0.99697734 0.00025403 0.00014440 0.00022865 0.00096860 0.00012239 0.00007566 0.00004704 0.00063350 0.00054838  1.00000000
354.5  0.99685291 0.00041663 0.00014723 0.00014897 0.00112064 0.00008776 0.00007682 0.00009583 0.00058876 0.00046445  1.00000000
355.0  0.99696793 0.00030819 0.00013190 0.00021337 0.00102721 0.00011094 0.00006546 0.00004581 0.00064631 0.00048287  1.00000000
355.5  0.99690278 0.00035589 0.00013219 0.00018284 0.00109381 0.00006653 0.00008131 0.00006798 0.00061895 0.00049772  1.00000000
356.0  0.99688297 0.00034669 0.00014212 0.00030321 0.00105847 0.00005115 0.00008668 0.00004921 0.00061527 0.00046423  1.00000000
356.5  0.99682410 0.00031789 0.00012746 0.00024564 0.00119556 0.00004528 0.00007958 0.00005477 0.00065538 0.00045433  1.00000000
357.0  0.99669088 0.00036622 0.00013846 0.00031142 0.00110890 0.00008021 0.00006002 0.00005933 0.00067888 0.00050567  1.00000000
357.5  0.99683313 0.00033094 0.00012871 0.00018426 0.00114871 0.00009027 0.00007930 0.00007215 0.00062706 0.00050546  1.00000000
358.0  0.99667490 0.00033898 0.00014715 0.00027642 0.00113045 0.00008464 0.00007184 0.00007453 0.00060565 0.00059545  1.00000000
358.5  0.99663070 0.00038663 0.00013630 0.00018827 0.00124758 0.00005752 0.00004584 0.00006005 0.00068005 0.00056706  1.00000000
359.0  0.99677496 0.00027347 0.00014199 0.00033468 0.00109501 0.00006395 0.00005556 0.00007792 0.00064577 0.00053670  1.00000000
359.5  0.99652693 0.00050182 0.00013223 0.00023063 0.00131025 0.00007070 0.00008553 0.00009146 0.00058082 0.00046963  1.00000000
360.0  0.99682502 0.00020304 0.00013839 0.00034432 0.00119450 0.00008691 0.00008175 0.00007671 0.00057849 0.00047089  1.00000000
360.5  0.99657075 0.00058054 0.00013073 0.00022220 0.00118609 0.00006235 0.00006751 0.00005488 0.00063176 0.00049318  1.00000000
361.0  0.99688224 0.00015985 0.00013355 0.00033313 0.00114481 0.00007672 0.00008957 0.00008553 0.00057576 0.00051883  1.00000000
361.5  0.99644426 0.00059565 0.00013526 0.00027525 0.00117483 0.00004176 0.00013660 0.00012386 0.00054179 0.00053072  1.00000000
362.0  0.99693142 0.00020904 0.00012935 0.00034017 0.00110147 0.00007059 0.00005607 0.00010653 0.00053368 0.00052168  1.00000000
362.5  0.99672088 0.00052334 0.00013406 0.00021210 0.00113433 0.00001591 0.00012477 0.00007597 0.00052202 0.00053661  1.00000000
363.0  0.99684200 0.00031810 0.00012647 0.00028375 0.00108536 0.00005822 0.00007259 0.00010622 0.00056199 0.00054530  1.00000000
363.5  0.99666601 0.00038851 0.00015345 0.00022873 0.00114846 0.00004794 0.00012048 0.00013543 0.00056808 0.00054290  1.00000000
364.0  0.99674332 0.00044625 0.00012983 0.00028529 0.00106564 0.00003183 0.00007887 0.00010017 0.00058411 0.00053470  1.00000000
364.5  0.99696022 0.00027302 0.00013342 0.00023023 0.00115582 0.00001640 0.00009970 0.00009865 0.00049650 0.00053604  1.00000000
365.0  0.99665122 0.00051499 0.00011482 0.00026458 0.00112405 0.00001511 0.00007673 0.00011683 0.00054778 0.00057390  1.00000000
365.5  0.99692824 0.00022041 0.00012159 0.00023774 0.00110086 0.00002964 0.00010357 0.00012066 0.00058490 0.00055239  1.00000000
366.0  0.99676162 0.00051604 0.00012360 0.00020344 0.00110692 0.00003299 0.00008605 0.00007769 0.00059811 0.00049354  1.00000000
366.5  0.99714267 0.00023804 0.00012842 0.00020247 0.00104539 0.00002343 0.00008369 0.00009353 0.00053406 0.00050832  1.00000000
367.0  0.99689983 0.00045338 0.00012931 0.00020646 0.00104554 0.00001928 0.00008889 0.00011264 0.00055218 0.00049251  1.00000000
367.5  0.99697361 0.00030455 0.00011497 0.00021591 0.00105760 0.00001785 0.00008836 0.00009848 0.00061936 0.00050933  1.00000000
368.0  0.99690751 0.00038985 0.00012154 0.00026408 0.00099901 0.00003077 0.00009044 0.00006565 0.00061096 0.00052019  1.00000000
368.5  0.99694818 0.00034862 0.00011436 0.00026071 0.00098731 0.00002383 0.00009669 0.00009181 0.00054214 0.00058635  1.00000000
369.0  0.99690106 0.00034818 0.00013087 0.00025009 0.00099259 0.00002956 0.00010683 0.00011771 0.00053746 0.00058564  1.00000000
369.5  0.99685658 0.00035240 0.00010656 0.00023338 0.00097525 0.00001957 0.00012014 0.00008913 0.00057021 0.00067678  1.00000000
370.0  0.99682406 0.00037033 0.00012389 0.00023884 0.00098309 0.00003002 0.00009769 0.00006493 0.00056157 0.00070557  1.00000000
370.5  0.99678901 0.00031600 0.00010667 0.00024021 0.00093634 0.00001730 0.00012157 0.00008687 0.00050231 0.00088374  1.00000000
371.0  0.99652401 0.00043087 0.00013025 0.00025009 0.00107259 0.00003431 0.00010649 0.00010027 0.00049323 0.00085790  1.00000000
371.5  0.99667415 0.00024994 0.00013357 0.00027749 0.00103357 0.00002077 0.00010898 0.00006139 0.00056141 0.00087874  1.00000000
372.0  0.99638318 0.00050118 0.00013740 0.00025089 0.00104810 0.00002252 0.00008744 0.00005764 0.00053503 0.00097662  1.00000000
372.5  0.99661076 0.00020935 0.00012435 0.00024696 0.00109191 0.00001728 0.00009516 0.00005563 0.00056832 0.00098030  1.00000000
373.0  0.99617196 0.00054973 0.00011865 0.00024623 0.00109845 0.00001397 0.00009364 0.00013897 0.00050027 0.00106812  1.00000000
373.5  0.99656223 0.00021000 0.00011823 0.00027401 0.00106974 0.00000554 0.00006956 0.00003126 0.00059687 0.00106256  1.00000000
374.0  0.99616253 0.00053152 0.00013061 0.00026923 0.00112931 0.00000406 0.00008737 0.00009828 0.00051791 0.00106919  1.00000000
374.5  0.99647503 0.00027324 0.00012871 0.00030004 0.00102857 0.00000263 0.00006217 0.00008431 0.00062890 0.00101639  1.00000000
375.0  0.99632295 0.00045278 0.00012470 0.00033596 0.00103523 0.00001016 0.00013326 0.00010814 0.00050004 0.00097678  1.00000000
375.5  0.99652014 0.00035649 0.00011552 0.00031536 0.00101842 0.00000571 0.00011594 0.00006154 0.00051168 0.00097921  1.00000000
376.0  0.99643476 0.00035771 0.00012837 0.00038365 0.00104171 0.00000139 0.00013232 0.00007317 0.00047793 0.00096900  1.00000000
376.5  0.99636952 0.00044397 0.00012249 0.00034017 0.00102665 0.00000341 0.00012376 0.00009354 0.00055445 0.00092204  1.00000000
377.0  0.99651917 0.00025634 0.00013724 0.00036475 0.00096950 0.00000789 0.00013089 0.00011601 0.00055883 0.00093938  1.00000000
377.5  0.99628906 0.00051815 0.00012762 0.00040971 0.00096986 0.00000862 0.00012965 0.00011157 0.00049674 0.00093902  1.00000000
378.0  0.99679218 0.00019774 0.00014484 0.00036455 0.00093070 0.00000361 0.00012968 0.00011654 0.00050746 0.00081270  1.00000000
378.5  0.99639371 0.00054197 0.00012874 0.00036478 0.00088429 0.00000050 0.00012818 0.00015667 0.00054651 0.00085464  1.00000000
379.0  0.99670567 0.00017439 0.00013139 0.00042883 0.00084335 0.00000633 0.00012164 0.00014767 0.00055303 0.00088769  1.00000000
379.5  0.99657326 0.00050433 0.00011342 0.00042963 0.00084578 0.00000628 0.00011806 0.00014172 0.00048473 0.00078280  1.00000000
380.0  0.99683809 0.00020265 0.00012561 0.00043229 0.00083525 0.00001007 0.00012589 0.00012374 0.00051402 0.00079240  1.00000000
380.5  0.99642354 0.00044715 0.00012249 0.00042774 0.00085958 0.00000386 0.00008959 0.00015538 0.00055508 0.00091559  1.00000000
381.0  0.99673522 0.00026114 0.00014121 0.00036624 0.00086967 0.00000212 0.00008612 0.00012727 0.00053521 0.00087580  1.00000000
381.5  0.99679899 0.00017395 0.00014106 0.00032110 0.00097784 0.00000322 0.00008698 0.00011898 0.00048973 0.00088816  1.00000000
382.0  0.99668811 0.00014047 0.00013706 0.00033315 0.00100846 0.00000534 0.00009560 0.00010800 0.00054153 0.00094228  1.00000000
382.5  0.99659840 0.00014847 0.00013027 0.00030914 0.00110732 0.00000902 0.00008835 0.00014472 0.00052403 0.00094028  1.00000000
383.0  0.99654749 0.00019378 0.00012417 0.00039180 0.00109683 0.00000898 0.00005200 0.00010883 0.00053670 0.00093940  1.00000000
383.5  0.99654152 0.00028267 0.00013071 0.00047153 0.00098431 0.00001317 0.00007451 0.00011887 0.00045451 0.00092819  1.00000000
384.0  0.99638290 0.00043826 0.00013328 0.00050611 0.00093046 0.00001387 0.00008891 0.00010617 0.00046450 0.00093553  1.00000000
384.5  0.99613538 0.00070624 0.00014105 0.00054258 0.00089871 0.00002963 0.00015990 0.00009801 0.00033553 0.00095298  1.00000000
385.0  0.99567595 0.00110477 0.00013466 0.00054196 0.00091408 0.00003212 0.00017323 0.00013455 0.00031018 0.00097849  1.00000000
385.5  0.99503264 0.00170143 0.00013529 0.00051728 0.00091790 0.00004541 0.00020164 0.00009982 0.00033768 0.00101091  1.00000000
386.0  0.99436701 0.00248430 0.00013084 0.00053408 0.00090057 0.00002485 0.00023547 0.00009168 0.00027178 0.00095942  1.00000000
386.5  0.99349773 0.00339785 0.00013594 0.00050055 0.00096504 0.00001487 0.00028348 0.00007551 0.00017849 0.00095055  1.00000000
387.0  0.99245476 0.00442162 0.00013245 0.00048363 0.00093777 0.00001282 0.00031115 0.00010386 0.00019080 0.00095114  1.00000000
387.5  0.99135572 0.00543735 0.00013058 0.00049217 0.00095363 0.00002023 0.00030641 0.00011608 0.00022684 0.00096098  1.00000000
388.0  0.99045127 0.00637376 0.00012329 0.00044496 0.00094547 0.00001031 0.00033108 0.00008334 0.00018274 0.00105378  1.00000000
388.5  0.98975513 0.00708206 0.00013501 0.00040505 0.00092343 0.00001569 0.00033233 0.00007978 0.00015392 0.00111760  1.00000000
389.0  0.98903046 0.00747754 0.00013953 0.00044531 0.00093628 0.00001595 0.00028912 0.00010706 0.00018544 0.00137331  1.00000000
389.5  0.98902515 0.00749726 0.00014087 0.00033855 0.00105572 0.00000088 0.00032556 0.00012956 0.00022052 0.00126593  1.00000000
390.0  0.98947012 0.00715200 0.00013578 0.00035622 0.00101822 0.00000366 0.00035817 0.00006273 0.00017416 0.00126894  1.00000000
390.5  0.99017022 0.00649661 0.00012835 0.00035779 0.00107822 0.00000038 0.00035959 0.00003794 0.00020245 0.00116845  1.00000000
391.0  0.99108396 0.00562251 0.00012461 0.00024868 0.00112207 0.00000095 0.00033351 0.00011337 0.00020700 0.00114334  1.00000000
391.5  0.99202221 0.00459390 0.00012307 0.00024985 0.00117644 0.00000228 0.00028666 0.00013401 0.00029898 0.00111260  1.00000000
392.0  0.99306668 0.00360916 0.00012801 0.00022346 0.00122424 0.00000106 0.00031744 0.00008565 0.00031054 0.00103375  1.00000000
392.5  0.99414485 0.00273729 0.00012537 0.00018432 0.00127286 0.00000565 0.00030903 0.00004186 0.00034880 0.00082997  1.00000000
393.0  0.99473489 0.00202686 0.00013433 0.00013264 0.00136868 0.00000257 0.00032790 0.00009831 0.00034729 0.00082652  1.00000000
393.5  0.99525876 0.00152675 0.00012758 0.00010987 0.00137872 0.00000424 0.00031597 0.00012234 0.00043361 0.00072216  1.00000000
394.0  0.99571337 0.00123387 0.00012940 0.00005349 0.00139247 0.00000508 0.00030386 0.00009317 0.00044599 0.00062930  1.00000000
394.5  0.99597070 0.00108612 0.00012653 0.00004747 0.00145353 0.00000441 0.00030644 0.00003950 0.00036804 0.00059726  1.00000000
395.0  0.99593489 0.00105115 0.00012694 0.00002927 0.00143130 0.00000526 0.00030759 0.00007900 0.00034756 0.00068703  1.00000000
395.5  0.99588241 0.00107407 0.00012878 0.00001873 0.00146393 0.00000612 0.00031728 0.00007881 0.00033485 0.00069502  1.00000000
396.0  0.99590754 0.00112253 0.00012703 0.00002319 0.00145244 0.00000701 0.00031999 0.00009125 0.00031254 0.00063648  1.00000000
396.5  0.99604595 0.00113431 0.00013186 0.00003648 0.00131935 0.00000622 0.00033355 0.00006293 0.00029880 0.00063056  1.00000000
397.0  0.99592243 0.00110857 0.00013017 0.00007396 0.00130138 0.00000805 0.00032134 0.00008297 0.00029488 0.00075627  1.00000000
397.5  0.99597258 0.00109011 0.00012153 0.00009947 0.00128536 0.00000598 0.00028986 0.00005430 0.00036151 0.00071930  1.00000000
398.0  0.99608837 0.00105957 0.00012213 0.00013193 0.00125219 0.00000949 0.00025693 0.00007508 0.00037315 0.00063115  1.00000000
398.5  0.99608799 0.00106048 0.00011591 0.00014488 0.00121300 0.00000388 0.00024349 0.00005806 0.00043684 0.00063547  1.00000000
399.0  0.99597379 0.00116891 0.00011780 0.00018763 0.00118035 0.00000940 0.00021927 0.00007257 0.00048494 0.00058534  1.00000000
399.5  0.99585118 0.00137312 0.00011330 0.00021554 0.00116226 0.00000822 0.00019844 0.00005552 0.00052467 0.00049776  1.00000000
400.0  0.99551154 0.00173117 0.00012526 0.00017647 0.00113808 0.00001099 0.00013568 0.00007918 0.00058562 0.00050603  1.00000000
400.5  0.99491141 0.00225954 0.00012534 0.00019143 0.00117097 0.00001011 0.00016176 0.00001496 0.00064482 0.00050967  1.00000000
401.0  0.99418104 0.00292342 0.00012949 0.00020431 0.00116640 0.00001667 0.00013738 0.00004889 0.00068261 0.00050978  1.00000000
401.5  0.99338355 0.00372867 0.00013630 0.00020252 0.00118307 0.00003670 0.00013345 0.00005551 0.00068199 0.00045825  1.00000000
402.0  0.99253212 0.00462010 0.00013225 0.00025254 0.00115282 0.00001104 0.00001558 0.00011665 0.00067595 0.00049096  1.00000000
402.5  0.99155766 0.00554446 0.00012948 0.00036966 0.00108651 0.00001497 0.00000055 0.00014623 0.00059918 0.00055131  1.00000000
403.0  0.99054620 0.00649387 0.00012756 0.00067936 0.00082579 0.00001481 0.00000280 0.00014562 0.00062554 0.00053845  1.00000000
403.5  0.98968921 0.00735632 0.00014302 0.00120009 0.00030520 0.00000654 0.00001027 0.00012050 0.00064335 0.00052549  1.00000000
404.0  0.98899443 0.00810537 0.00014833 0.00135502 0.00012636 0.00001523 0.00002245 0.00014076 0.00055744 0.00053460  1.00000000
404.5  0.98841676 0.00876014 0.00016203 0.00135849 0.00008260 0.00002360 0.00003675 0.00015995 0.00052491 0.00047477  1.00000000
405.0  0.98792332 0.00927107 0.00016651 0.00131643 0.00010400 0.00000838 0.00006456 0.00015328 0.00058273 0.00040972  1.00000000
405.5  0.98749761 0.00957457 0.00016588 0.00125147 0.00009859 0.00003586 0.00006176 0.00015721 0.00068503 0.00047203  1.00000000
406.0  0.98734571 0.00974335 0.00016113 0.00124845 0.00008660 0.00006294 0.00006770 0.00019814 0.00060945 0.00047654  1.00000000
406.5  0.98734219 0.00982409 0.00014752 0.00121693 0.00011651 0.00005890 0.00007541 0.00020642 0.00052605 0.00048598  1.00000000
407.0  0.98738213 0.00980724 0.00014021 0.00119597 0.00011787 0.00011048 0.00007482 0.00017194 0.00055863 0.00044071  1.00000000
407.5  0.98728354 0.00975867 0.00014465 0.00127347 0.00011150 0.00016463 0.00007216 0.00012159 0.00057461 0.00049517  1.00000000
408.0  0.98720285 0.00986001 0.00015458 0.00124001 0.00011533 0.00015724 0.00006680 0.00012035 0.00050794 0.00057488  1.00000000
408.5  0.98692215 0.01011223 0.00016843 0.00131633 0.00010924 0.00018345 0.00007646 0.00010590 0.00044344 0.00056236  1.00000000
409.0  0.98630413 0.01068272 0.00016089 0.00137306 0.00011497 0.00028138 0.00007364 0.00000102 0.00050985 0.00049834  1.00000000
409.5  0.98545066 0.01175798 0.00016498 0.00103803 0.00041761 0.00030557 0.00004339 0.00000050 0.00038935 0.00043193  1.00000000
410.0  0.98391907 0.01333211 0.00015428 0.00040164 0.00102236 0.00023894 0.00004877 0.00000729 0.00040882 0.00046672  1.00000000
410.5  0.98159303 0.01537964 0.00015524 0.00028383 0.00128397 0.00026825 0.00007265 0.00000792 0.00052279 0.00043268  1.00000000
411.0  0.97899540 0.01801716 0.00015065 0.00022754 0.00129387 0.00022537 0.00014345 0.00001127 0.00050238 0.00043290  1.00000000
411.5  0.97612298 0.02103846 0.00015986 0.00022959 0.00123129 0.00010634 0.00017113 0.00000765 0.00044684 0.00048585  1.00000000
412.0  0.97274355 0.02427759 0.00016019 0.00026890 0.00136408 0.00008386 0.00016888 0.00000574 0.00044749 0.00047972  1.00000000
412.5  0.96950793 0.02743567 0.00016832 0.00025204 0.00129317 0.00011537 0.00021155 0.00001705 0.00052377 0.00047513  1.00000000
413.0  0.96695646 0.03013416 0.00016904 0.00032716 0.00122417 0.00007513 0.00021654 0.00000946 0.00049317 0.00039472  1.00000000
413.5  0.96481890 0.03223868 0.00017177 0.00047627 0.00124819 0.00004487 0.00015512 0.00000757 0.00042766 0.00041099  1.00000000
414.0  0.96359511 0.03344927 0.00016524 0.00059557 0.00103113 0.00008570 0.00018936 0.00000094 0.00045517 0.00043250  1.00000000
414.5  0.96335666 0.03358967 0.00015716 0.00067186 0.00095046 0.00007925 0.00026138 0.00001024 0.00049111 0.00043221  1.00000000
415.0  0.96419086 0.03264148 0.00015491 0.00084503 0.00093842 0.00004875 0.00022917 0.00000409 0.00052583 0.00042147  1.00000000
415.5  0.96613904 0.03082149 0.00015751 0.00085035 0.00084200 0.00007087 0.00020513 0.00000354 0.00049344 0.00041664  1.00000000
416.0  0.96847621 0.02833993 0.00016716 0.00091782 0.00076966 0.00008163 0.00025797 0.00000128 0.00049197 0.00049637  1.00000000
416.5  0.97112550 0.02554613 0.00017443 0.00098866 0.00077571 0.00004669 0.00027293 0.00000306 0.00053647 0.00053042  1.00000000
417.0  0.97403672 0.02272354 0.00017568 0.00092077 0.00074463 0.00005299 0.00021829 0.00000801 0.00054947 0.00056989  1.00000000
417.5  0.97651049 0.02019788 0.00016803 0.00099774 0.00072128 0.00009393 0.00024439 0.00000738 0.00051368 0.00054519  1.00000000
418.0  0.97849921 0.01818843 0.00016156 0.00100609 0.00069940 0.00007564 0.00029349 0.00000575 0.00051967 0.00055076  1.00000000
418.5  0.97983858 0.01673944 0.00015521 0.00103126 0.00072743 0.00006839 0.00026623 0.00000427 0.00052831 0.00064088  1.00000000
419.0  0.98071257 0.01584310 0.00015460 0.00099717 0.00072957 0.00010759 0.00025907 0.00000910 0.00054469 0.00064254  1.00000000
419.5  0.98078080 0.01550738 0.00015716 0.00101699 0.00073717 0.00013887 0.00030229 0.00000673 0.00053936 0.00081326  1.00000000
420.0  0.98090667 0.01551492 0.00016508 0.00103850 0.00064720 0.00015112 0.00025402 0.00000993 0.00050252 0.00081004  1.00000000
420.5  0.98085000 0.01553387 0.00016753 0.00113296 0.00064537 0.00019866 0.00014009 0.00000753 0.00049385 0.00083012  1.00000000
421.0  0.98087755 0.01550236 0.00018033 0.00119092 0.00069559 0.00023427 0.00008979 0.00001357 0.00049320 0.00072242  1.00000000
421.5  0.98118483 0.01520757 0.00017460 0.00122536 0.00058185 0.00029020 0.00006510 0.00001009 0.00051690 0.00074350  1.00000000
422.0  0.98182202 0.01458776 0.00016484 0.00122079 0.00064377 0.00025291 0.00008408 0.00000708 0.00052586 0.00069090  1.00000000
422.5  0.98269646 0.01361275 0.00016128 0.00132907 0.00067869 0.00018320 0.00012692 0.00000920 0.00052539 0.00067704  1.00000000
423.0  0.98387419 0.01233434 0.00016573 0.00130503 0.00060575 0.00018380 0.00014255 0.00000270 0.00052317 0.00086275  1.00000000
423.5  0.98531516 0.01089581 0.00017131 0.00132341 0.00062461 0.00015785 0.00013972 0.00000270 0.00051446 0.00085498  1.00000000
424.0  0.98681645 0.00939221 0.00016403 0.00129617 0.00064528 0.00012178 0.00016316 0.00000259 0.00051116 0.00088716  1.00000000
424.5  0.98808515 0.00805831 0.00016757 0.00131472 0.00062580 0.00011799 0.00017042 0.00000013 0.00049714 0.00096276  1.00000000
425.0  0.98897592 0.00708736 0.00017522 0.00128537 0.00072195 0.00012854 0.00014850 0.00000096 0.00047493 0.00100124  1.00000000
425.5  0.98939484 0.00660478 0.00017408 0.00131848 0.00076026 0.00010922 0.00014752 0.00000302 0.00046163 0.00102617  1.00000000
426.0  0.98925754 0.00676345 0.00016817 0.00129970 0.00075509 0.00009487 0.00017886 0.00000815 0.00044536 0.00102881  1.00000000
426.5  0.98854742 0.00757934 0.00015918 0.00125628 0.00079366 0.00010588 0.00019690 0.00000278 0.00046491 0.00089365  1.00000000
427.0  0.98712200 0.00904598 0.00015694 0.00118666 0.00079113 0.00008888 0.00021407 0.00000347 0.00047759 0.00091330  1.00000000
427.5  0.98510321 0.01105183 0.00016006 0.00111558 0.00078783 0.00005482 0.00024895 0.00000611 0.00053373 0.00093787  1.00000000
428.0  0.98258577 0.01354365 0.00017269 0.00102125 0.00087510 0.00010106 0.00025603 0.00001449 0.00052193 0.00090802  1.00000000
428.5  0.97980196 0.01637579 0.00018465 0.00079115 0.00104857 0.00012583 0.00026711 0.00000078 0.00048264 0.00092152  1.00000000
429.0  0.97691900 0.01927589 0.00018234 0.00052090 0.00143369 0.00014745 0.00026326 0.00000321 0.00041672 0.00083753  1.00000000
429.5  0.97406886 0.02207785 0.00018576 0.00040291 0.00161133 0.00024521 0.00027873 0.00006675 0.00029694 0.00076565  1.00000000
430.0  0.97163287 0.02468716 0.00015678 0.00038881 0.00148676 0.00030674 0.00033199 0.00003246 0.00021694 0.00075950  1.00000000
430.5  0.96940174 0.02690813 0.00016101 0.00042291 0.00155963 0.00024599 0.00025469 0.00006060 0.00025527 0.00073002  1.00000000
431.0  0.96762761 0.02861620 0.00015643 0.00045551 0.00158891 0.00025163 0.00027221 0.00005837 0.00021017 0.00076297  1.00000000
431.5  0.96635076 0.02990933 0.00017000 0.00044435 0.00148960 0.00030184 0.00021690 0.00009821 0.00016126 0.00085775  1.00000000
432.0  0.96560751 0.03067253 0.00016723 0.00042517 0.00150863 0.00026050 0.00027494 0.00008188 0.00017861 0.00082301  1.00000000
432.5  0.96512674 0.03104126 0.00017760 0.00042570 0.00166014 0.00021823 0.00020158 0.00012078 0.00018985 0.00083813  1.00000000
433.0  0.96486434 0.03120661 0.00017037 0.00043723 0.00166738 0.00021445 0.00023071 0.00011377 0.00018129 0.00091384  1.00000000
433.5  0.96491946 0.03121256 0.00017311 0.00046132 0.00166770 0.00024889 0.00018530 0.00010736 0.00014658 0.00087774  1.00000000
434.0  0.96494634 0.03119817 0.00016678 0.00050951 0.00171320 0.00018032 0.00019687 0.00011076 0.00014042 0.00083763  1.00000000
434.5  0.96445598 0.03146878 0.00016019 0.00048750 0.00181672 0.00019573 0.00015713 0.00013899 0.00017174 0.00094724  1.00000000
435.0  0.96367775 0.03218370 0.00016776 0.00048487 0.00185867 0.00020591 0.00014375 0.00017842 0.00016512 0.00093405  1.00000000
435.5  0.96259799 0.03336921 0.00017363 0.00054011 0.00186266 0.00020334 0.00008281 0.00021527 0.00013858 0.00081642  1.00000000
436.0  0.96073378 0.03522851 0.00019397 0.00052928 0.00195105 0.00016391 0.00006289 0.00024716 0.00012962 0.00075983  1.00000000
436.5  0.95803372 0.03779837 0.00019178 0.00051899 0.00195213 0.00023442 0.00005018 0.00025723 0.00016703 0.00079616  1.00000000
437.0  0.95483450 0.04098668 0.00019864 0.00059352 0.00195540 0.00027283 0.00008093 0.00019639 0.00019362 0.00068750  1.00000000
437.5  0.95117658 0.04465579 0.00017310 0.00054224 0.00200420 0.00025248 0.00021211 0.00016660 0.00012652 0.00069039  1.00000000
438.0  0.94717020 0.04865719 0.00018534 0.00055167 0.00193868 0.00029289 0.00023568 0.00005266 0.00019618 0.00071951  1.00000000
438.5  0.94326471 0.05259529 0.00012029 0.00066839 0.00189193 0.00035275 0.00019359 0.00004627 0.00018722 0.00067957  1.00000000
439.0  0.93975816 0.05618353 0.00008701 0.00065373 0.00188456 0.00033839 0.00013528 0.00005741 0.00023407 0.00066787  1.00000000
439.5  0.93723298 0.05898667 0.00008645 0.00068673 0.00173796 0.00031559 0.00009290 0.00005929 0.00024447 0.00055697  1.00000000
440.0  0.93543018 0.06049776 0.00009922 0.00090000 0.00166466 0.00036853 0.00011565 0.00005326 0.00031412 0.00055661  1.00000000
440.5  0.93494773 0.06096439 0.00009192 0.00086350 0.00169087 0.00041404 0.00010085 0.00003514 0.00034191 0.00054964  1.00000000
441.0  0.93584112 0.06022014 0.00008584 0.00102557 0.00144705 0.00033152 0.00009762 0.00005669 0.00034911 0.00054536  1.00000000
441.5  0.93739124 0.05846825 0.00008892 0.00116989 0.00147937 0.00036567 0.00009350 0.00004530 0.00037726 0.00052059  1.00000000
442.0  0.93970834 0.05609577 0.00008423 0.00118650 0.00149372 0.00035911 0.00011389 0.00003250 0.00044212 0.00048382  1.00000000
442.5  0.94231764 0.05342370 0.00009666 0.00131864 0.00135558 0.00035129 0.00010709 0.00001586 0.00050410 0.00050945  1.00000000
443.0  0.94494219 0.05099098 0.00008484 0.00129688 0.00130253 0.00030895 0.00008579 0.00000957 0.00060896 0.00036930  1.00000000
443.5  0.94697853 0.04896176 0.00009693 0.00126533 0.00124365 0.00032664 0.00009905 0.00000201 0.00088640 0.00013971  1.00000000
444.0  0.94803881 0.04749408 0.00008706 0.00127271 0.00119498 0.00034343 0.00014564 0.00000459 0.00126253 0.00015615  1.00000000
444.5  0.94886772 0.04669117 0.00009941 0.00116293 0.00123606 0.00038647 0.00018612 0.00002943 0.00063245 0.00070824  1.00000000
445.0  0.94931279 0.04648335 0.00008719 0.00107159 0.00117977 0.00046786 0.00013993 0.00002010 0.00071187 0.00052555  1.00000000
445.5  0.94937971 0.04642646 0.00008543 0.00108466 0.00117161 0.00049145 0.00011576 0.00002530 0.00060245 0.00061716  1.00000000
446.0  0.94933151 0.04639963 0.00008653 0.00101882 0.00125000 0.00049509 0.00011696 0.00001404 0.00080076 0.00048666  1.00000000
446.5  0.94950296 0.04617483 0.00008810 0.00089795 0.00128976 0.00056354 0.00016925 0.00001494 0.00062646 0.00067221  1.00000000
447.0  0.95009765 0.04543868 0.00009587 0.00082838 0.00137573 0.00062216 0.00017448 0.00001108 0.00082961 0.00052637  1.00000000
447.5  0.95141391 0.04419431 0.00009479 0.00072199 0.00142274 0.00054092 0.00021161 0.00000913 0.00061674 0.00077385  1.00000000
448.0  0.95317220 0.04264570 0.00009437 0.00065159 0.00156143 0.00056373 0.00016652 0.00004480 0.00074321 0.00035644  1.00000000
448.5  0.95532150 0.04045403 0.00009121 0.00055049 0.00163097 0.00061123 0.00017351 0.00005598 0.00061402 0.00049706  1.00000000
449.0  0.95758395 0.03812111 0.00008790 0.00050776 0.00175570 0.00054749 0.00016336 0.00015338 0.00065592 0.00042343  1.00000000
449.5  0.95977419 0.03594594 0.00008975 0.00035963 0.00200366 0.00050493 0.00017281 0.00019245 0.00048235 0.00047429  1.00000000
450.0  0.96161773 0.03411573 0.00009140 0.00026388 0.00208670 0.00045347 0.00016869 0.00033464 0.00045285 0.00041490  1.00000000
450.5  0.96285284 0.03293754 0.00009684 0.00018994 0.00207591 0.00049683 0.00015411 0.00042546 0.00031909 0.00045143  1.00000000
451.0  0.96317159 0.03262063 0.00009761 0.00011403 0.00220414 0.00046200 0.00016659 0.00043271 0.00033787 0.00039283  1.00000000
451.5  0.96268579 0.03320407 0.00009422 0.00004041 0.00219053 0.00044147 0.00016835 0.00044630 0.00024810 0.00048076  1.00000000
452.0  0.96127466 0.03452847 0.00010359 0.00001493 0.00212371 0.00045685 0.00018393 0.00065415 0.00017312 0.00048659  1.00000000
452.5  0.95915848 0.03661527 0.00009712 0.00000546 0.00220473 0.00048661 0.00017580 0.00064271 0.00015781 0.00045600  1.00000000
453.0  0.95679196 0.03910565 0.00010658 0.00002310 0.00211326 0.00051959 0.00018552 0.00058826 0.00013634 0.00042974  1.00000000
453.5  0.95402782 0.04195972 0.00009958 0.00006368 0.00212862 0.00038931 0.00015254 0.00069192 0.00007365 0.00041315  1.00000000
454.0  0.95107927 0.04476249 0.00010225 0.00008521 0.00205408 0.00054701 0.00009057 0.00075944 0.00004887 0.00047082  1.00000000
454.5  0.94851493 0.04735746 0.00010508 0.00015532 0.00189459 0.00040957 0.00000414 0.00106707 0.00005115 0.00044068  1.00000000
455.0  0.94633898 0.04955219 0.00010479 0.00019276 0.00190300 0.00051872 0.00001160 0.00082660 0.00006729 0.00048407  1.00000000
455.5  0.94450802 0.05136740 0.00011151 0.00018710 0.00204144 0.00018369 0.00009662 0.00093655 0.00013870 0.00042898  1.00000000
456.0  0.94334160 0.05265103 0.00010991 0.00025113 0.00204272 0.00003413 0.00002722 0.00075192 0.00029836 0.00049200  1.00000000
456.5  0.94235084 0.05342089 0.00011204 0.00031953 0.00198663 0.00000830 0.00020114 0.00043968 0.00049689 0.00066405  1.00000000
457.0  0.94182053 0.05389006 0.00011268 0.00041842 0.00185306 0.00000441 0.00022672 0.00038287 0.00066484 0.00062641  1.00000000
457.5  0.94171273 0.05397783 0.00010062 0.00073707 0.00160726 0.00001023 0.00021874 0.00036888 0.00078958 0.00047707  1.00000000
458.0  0.94194104 0.05395060 0.00009893 0.00154000 0.00089340 0.00000305 0.00017164 0.00023074 0.00084956 0.00032104  1.00000000
458.5  0.94196803 0.05408218 0.00006014 0.00203920 0.00035300 0.00000268 0.00016853 0.00010149 0.00091223 0.00031252  1.00000000
459.0  0.94173923 0.05430000 0.00007740 0.00218769 0.00019140 0.00001589 0.00014249 0.00007160 0.00103369 0.00024062  1.00000000
459.5  0.94122900 0.05474282 0.00007143 0.00239174 0.00009684 0.00001515 0.00016724 0.00010318 0.00094426 0.00023835  1.00000000
460.0  0.94046426 0.05558322 0.00008205 0.00242564 0.00010167 0.00000453 0.00019014 0.00007025 0.00086202 0.00021622  1.00000000
460.5  0.93917595 0.05708506 0.00007859 0.00229711 0.00010809 0.00000626 0.00015382 0.00003908 0.00089634 0.00015969  1.00000000
461.0  0.93707810 0.05900173 0.00007263 0.00238788 0.00009843 0.00000611 0.00018443 0.00002119 0.00100473 0.00014478  1.00000000
461.5  0.93449842 0.06143497 0.00007326 0.00241120 0.00011966 0.00000031 0.00022077 0.00010446 0.00098350 0.00015346  1.00000000
462.0  0.93154817 0.06434398 0.00005850 0.00255124 0.00010236 0.00000240 0.00027208 0.00011392 0.00083338 0.00017395  1.00000000
462.5  0.92821944 0.06761135 0.00007783 0.00255562 0.00012685 0.00000461 0.00024078 0.00008121 0.00089663 0.00018569  1.00000000
463.0  0.92473178 0.07102178 0.00006540 0.00256886 0.00013732 0.00000532 0.00020397 0.00007898 0.00101001 0.00017657  1.00000000
463.5  0.92149926 0.07425477 0.00009250 0.00253859 0.00016627 0.00000149 0.00020766 0.00014227 0.00091754 0.00017965  1.00000000
464.0  0.91869964 0.07711245 0.00007334 0.00251959 0.00022444 0.00000784 0.00024105 0.00019395 0.00072562 0.00020208  1.00000000
464.5  0.91627475 0.07954247 0.00008027 0.00247903 0.00025865 0.00001717 0.00024688 0.00012643 0.00076894 0.00020542  1.00000000
465.0  0.91481443 0.08105002 0.00007179 0.00230020 0.00033471 0.00001560 0.00021690 0.00013405 0.00088120 0.00018110  1.00000000
465.5  0.91403654 0.08172266 0.00008328 0.00228257 0.00045718 0.00001036 0.00022375 0.00020125 0.00076988 0.00021252  1.00000000
466.0  0.91408363 0.08179761 0.00007965 0.00212864 0.00056644 0.00003471 0.00021863 0.00025932 0.00057283 0.00025855  1.00000000
466.5  0.91463223 0.08118836 0.00008241 0.00184367 0.00072499 0.00001964 0.00024096 0.00043839 0.00057423 0.00025513  1.00000000
467.0  0.91581328 0.08019727 0.00008447 0.00159207 0.00098672 0.00002898 0.00018828 0.00045006 0.00040653 0.00025236  1.00000000
467.5  0.91708449 0.07907755 0.00008210 0.00130948 0.00119541 0.00000702 0.00026384 0.00036387 0.00034898 0.00026726  1.00000000
468.0  0.91805622 0.07806524 0.00008129 0.00104587 0.00148938 0.00002839 0.00021158 0.00034437 0.00041214 0.00026552  1.00000000
468.5  0.91881736 0.07719966 0.00008949 0.00090200 0.00165735 0.00000580 0.00024628 0.00042170 0.00042257 0.00023780  1.00000000
469.0  0.91928592 0.07679143 0.00007797 0.00077008 0.00178149 0.00001379 0.00021204 0.00040415 0.00041967 0.00024346  1.00000000
469.5  0.91926257 0.07678245 0.00008597 0.00068567 0.00196025 0.00000445 0.00023597 0.00035661 0.00036755 0.00025852  1.00000000
470.0  0.91902829 0.07714370 0.00007306 0.00066339 0.00186354 0.00000012 0.00020417 0.00039264 0.00041290 0.00021819  1.00000000
470.5  0.91854615 0.07762025 0.00008948 0.00063353 0.00182624 0.00000293 0.00023037 0.00042383 0.00042912 0.00019811  1.00000000
471.0  0.91821779 0.07795905 0.00008285 0.00062351 0.00187302 0.00000453 0.00025613 0.00038411 0.00039962 0.00019939  1.00000000
471.5  0.91836757 0.07780424 0.00009585 0.00068875 0.00182693 0.00000235 0.00026588 0.00039426 0.00035443 0.00019973  1.00000000
472.0  0.91917666 0.07699350 0.00008969 0.00073999 0.00172277 0.00000880 0.00025535 0.00045987 0.00034389 0.00020949  1.00000000
472.5  0.92072620 0.07544705 0.00008561 0.00073131 0.00170269 0.00001136 0.00025526 0.00049454 0.00034653 0.00019946  1.00000000
473.0  0.92316919 0.07313260 0.00007936 0.00076633 0.00166438 0.00000597 0.00026390 0.00047200 0.00031253 0.00013374  1.00000000
473.5  0.92610350 0.07016300 0.00007756 0.00086184 0.00158472 0.00000615 0.00032723 0.00046349 0.00029770 0.00011482  1.00000000
474.0  0.92917311 0.06704547 0.00007934 0.00089447 0.00153395 0.00000963 0.00030878 0.00052615 0.00028724 0.00014187  1.00000000
474.5  0.93221609 0.06401299 0.00008812 0.00092865 0.00149823 0.00000640 0.00032952 0.00051665 0.00024857 0.00015478  1.00000000
475.0  0.93481611 0.06138665 0.00008955 0.00103512 0.00144826 0.00001156 0.00030389 0.00051333 0.00023053 0.00016501  1.00000000
475.5  0.93668414 0.05957782 0.00009397 0.00110488 0.00138744 0.00001170 0.00032144 0.00049548 0.00018369 0.00013943  1.00000000
476.0  0.93770759 0.05858250 0.00008424 0.00113088 0.00127824 0.00003161 0.00029487 0.00056545 0.00018319 0.00014144  1.00000000
476.5  0.93792986 0.05842326 0.00007995 0.00122477 0.00115218 0.00010620 0.00042055 0.00040726 0.00017653 0.00007944  1.00000000
477.0  0.93733351 0.05904068 0.00007282 0.00132214 0.00107105 0.00023265 0.00025290 0.00042380 0.00017229 0.00007816  1.00000000
477.5  0.93624044 0.06013640 0.00007210 0.00140153 0.00098534 0.00044704 0.00025396 0.00022775 0.00015375 0.00008168  1.00000000
478.0  0.93494683 0.06151779 0.00007607 0.00150452 0.00081196 0.00021439 0.00044532 0.00028216 0.00013372 0.00006725  1.00000000
478.5  0.93349112 0.06297425 0.00008143 0.00159349 0.00071708 0.00048221 0.00019342 0.00021090 0.00017738 0.00007870  1.00000000
479.0  0.93218355 0.06423615 0.00008914 0.00167157 0.00064166 0.00039520 0.00037363 0.00016743 0.00016441 0.00007725  1.00000000
479.5  0.93125259 0.06510603 0.00008511 0.00173155 0.00061678 0.00047013 0.00031258 0.00014936 0.00020440 0.00007146  1.00000000
480.0  0.93073281 0.06561358 0.00008449 0.00174281 0.00059371 0.00043707 0.00031121 0.00019520 0.00021381 0.00007531  1.00000000
480.5  0.93079581 0.06569004 0.00007914 0.00175550 0.00060138 0.00038663 0.00023921 0.00017417 0.00021714 0.00006098  1.00000000
481.0  0.93117303 0.06519404 0.00007649 0.00184119 0.00064533 0.00034518 0.00030149 0.00016705 0.00019853 0.00005767  1.00000000
481.5  0.93180025 0.06442744 0.00008212 0.00181831 0.00066917 0.00039771 0.00034731 0.00016350 0.00021855 0.00007564  1.00000000
482.0  0.93271559 0.06349371 0.00007434 0.00179978 0.00079074 0.00032419 0.00034367 0.00016922 0.00022599 0.00006276  1.00000000
482.5  0.93391874 0.06243751 0.00011978 0.00173712 0.00079573 0.00025573 0.00026968 0.00018555 0.00023368 0.00004648  1.00000000
483.0  0.93475574 0.06141299 0.00028206 0.00166129 0.00088557 0.00021553 0.00028127 0.00021944 0.00022485 0.00006126  1.00000000
483.5  0.93514249 0.06075571 0.00044137 0.00156369 0.00101983 0.00026705 0.00031796 0.00020454 0.00022567 0.00006168  1.00000000
484.0  0.93522932 0.06079996 0.00041162 0.00139202 0.00114321 0.00015161 0.00037114 0.00020442 0.00024292 0.00005378  1.00000000
484.5  0.93465141 0.06148143 0.00041265 0.00130039 0.00119040 0.00016936 0.00028025 0.00018968 0.00025925 0.00006518  1.00000000
485.0  0.93326129 0.06278157 0.00038985 0.00120593 0.00134752 0.00014871 0.00029018 0.00022596 0.00028025 0.00006874  1.00000000
485.5  0.93113183 0.06485576 0.00040010 0.00113817 0.00139016 0.00021134 0.00026691 0.00019912 0.00033258 0.00007404  1.00000000
486.0  0.92853150 0.06762125 0.00040171 0.00103610 0.00132638 0.00010157 0.00029973 0.00015738 0.00045123 0.00007315  1.00000000
486.5  0.92518785 0.07070320 0.00041431 0.00096489 0.00159206 0.00012289 0.00037792 0.00006779 0.00046029 0.00010879  1.00000000
487.0  0.92144311 0.07423967 0.00040793 0.00096386 0.00161993 0.00020474 0.00049391 0.00006893 0.00045985 0.00009808  1.00000000
487.5  0.91804625 0.07788084 0.00041495 0.00081832 0.00148353 0.00012547 0.00051490 0.00004942 0.00054433 0.00012199  1.00000000
488.0  0.91458112 0.08114419 0.00039837 0.00079915 0.00161567 0.00016835 0.00062903 0.00003318 0.00053649 0.00009446  1.00000000
488.5  0.91155855 0.08393998 0.00037561 0.00086231 0.00170215 0.00020289 0.00065258 0.00002720 0.00058685 0.00009188  1.00000000
489.0  0.90924787 0.08645709 0.00038409 0.00084357 0.00168155 0.00020718 0.00054266 0.00003180 0.00052182 0.00008236  1.00000000
489.5  0.90760693 0.08818076 0.00036249 0.00082489 0.00175064 0.00016715 0.00052270 0.00001953 0.00049839 0.00006654  1.00000000
490.0  0.90641988 0.08921440 0.00039525 0.00074048 0.00182947 0.00020164 0.00056803 0.00006156 0.00049935 0.00006996  1.00000000
490.5  0.90584650 0.08972817 0.00038191 0.00070704 0.00183504 0.00021051 0.00062032 0.00006532 0.00051656 0.00008863  1.00000000
491.0  0.90575016 0.08978069 0.00041507 0.00068636 0.00187322 0.00025052 0.00059407 0.00005378 0.00050427 0.00009185  1.00000000
491.5  0.90585340 0.08982808 0.00036008 0.00062926 0.00199550 0.00024555 0.00050458 0.00004776 0.00044437 0.00009141  1.00000000
492.0  0.90565193 0.09001923 0.00035409 0.00047254 0.00218724 0.00022785 0.00052929 0.00006520 0.00040925 0.00008338  1.00000000
492.5  0.90502186 0.09044487 0.00032804 0.00040954 0.00239108 0.00019954 0.00059203 0.00006876 0.00046218 0.00008211  1.00000000
493.0  0.90374815 0.09171332 0.00034684 0.00036838 0.00239595 0.00021213 0.00059179 0.00007740 0.00044169 0.00010435  1.00000000
493.5  0.90181623 0.09372219 0.00037058 0.00028900 0.00249044 0.00021495 0.00050728 0.00005193 0.00040595 0.00013146  1.00000000
494.0  0.89928135 0.09635667 0.00035694 0.00027959 0.00250977 0.00023171 0.00049003 0.00004475 0.00033072 0.00011847  1.00000000
494.5  0.89610128 0.09938334 0.00040126 0.00029377 0.00249646 0.00025756 0.00052995 0.00006802 0.00035616 0.00011220  1.00000000
495.0  0.89289079 0.10258230 0.00033747 0.00030434 0.00247616 0.00033975 0.00059483 0.00011205 0.00025108 0.00011123  1.00000000
495.5  0.89021856 0.10536542 0.00039801 0.00042311 0.00228889 0.00035234 0.00053127 0.00022631 0.00006343 0.00013265  1.00000000
496.0  0.88836681 0.10739091 0.00026111 0.00060498 0.00211051 0.00044723 0.00042861 0.00025358 0.00000703 0.00012923  1.00000000
496.5  0.88765190 0.10799849 0.00026450 0.00081306 0.00191524 0.00042926 0.00059412 0.00022379 0.00000059 0.00010906  1.00000000
497.0  0.88836416 0.10718636 0.00023299 0.00105291 0.00167673 0.00053279 0.00047848 0.00031527 0.00000673 0.00015358  1.00000000
497.5  0.89063255 0.10501417 0.00025669 0.00115976 0.00146757 0.00043075 0.00059038 0.00028172 0.00000377 0.00016265  1.00000000
498.0  0.89414924 0.10167564 0.00025039 0.00130006 0.00124979 0.00048729 0.00045958 0.00032070 0.00000248 0.00010483  1.00000000
498.5  0.89836637 0.09753213 0.00025648 0.00135859 0.00109047 0.00039304 0.00054674 0.00032838 0.00000554 0.00012227  1.00000000
499.0  0.90264764 0.09305221 0.00025957 0.00156159 0.00106103 0.00041315 0.00049707 0.00033813 0.00000460 0.00016502  1.00000000
499.5  0.90688965 0.08887002 0.00024574 0.00163524 0.00098759 0.00035351 0.00054092 0.00034042 0.00001285 0.00012406  1.00000000
500.0  0.91048279 0.08546425 0.00023855 0.00159016 0.00086582 0.00039610 0.00050905 0.00033666 0.00002034 0.00009628  1.00000000
500.5  0.91306584 0.08297288 0.00023502 0.00152164 0.00088562 0.00032055 0.00055773 0.00030382 0.00002593 0.00011098  1.00000000
501.0  0.91475922 0.08131319 0.00023527 0.00157306 0.00086937 0.00030111 0.00053602 0.00027417 0.00002485 0.00011372  1.00000000
501.5  0.91550755 0.08063083 0.00025321 0.00158283 0.00077549 0.00031705 0.00051677 0.00030442 0.00002385 0.00008801  1.00000000
502.0  0.91543802 0.08062106 0.00025445 0.00167899 0.00080351 0.00032556 0.00045604 0.00032724 0.00001929 0.00007583  1.00000000
502.5  0.91498625 0.08115594 0.00027493 0.00156315 0.00091650 0.00018382 0.00047411 0.00027066 0.00004577 0.00012887  1.00000000
503.0  0.91440390 0.08181228 0.00025118 0.00152900 0.00091852 0.00018534 0.00047284 0.00023945 0.00007366 0.00011382  1.00000000
503.5  0.91384929 0.08213675 0.00024538 0.00148735 0.00102318 0.00015579 0.00057387 0.00033521 0.00011104 0.00008214  1.00000000
504.0  0.91382407 0.08208846 0.00023433 0.00130090 0.00121520 0.00025177 0.00045945 0.00041106 0.00012774 0.00008703  1.00000000
504.5  0.91462253 0.08151524 0.00025142 0.00124243 0.00121393 0.00006012 0.00052083 0.00023704 0.00018439 0.00015207  1.00000000
505.0  0.91612232 0.08007647 0.00027108 0.00118424 0.00127474 0.00029597 0.00027394 0.00013969 0.00023487 0.00012667  1.00000000
505.5  0.91803407 0.07798903 0.00032510 0.00086676 0.00157986 0.00011613 0.00052007 0.00019501 0.00024678 0.00012719  1.00000000
506.0  0.92042939 0.07544072 0.00031375 0.00078595 0.00165777 0.00026631 0.00043095 0.00023885 0.00030973 0.00012660  1.00000000
506.5  0.92317145 0.07271029 0.00031403 0.00070496 0.00177534 0.00025054 0.00050145 0.00015599 0.00029889 0.00011704  1.00000000
507.0  0.92588732 0.07019665 0.00030104 0.00048958 0.00192755 0.00027426 0.00043797 0.00010432 0.00025877 0.00012255  1.00000000
507.5  0.92801048 0.06793538 0.00044710 0.00035958 0.00202888 0.00021357 0.00048873 0.00016711 0.00022827 0.00012089  1.00000000
508.0  0.92931034 0.06623563 0.00064582 0.00030435 0.00210243 0.00031441 0.00038768 0.00021487 0.00035144 0.00013303  1.00000000
508.5  0.92990824 0.06571987 0.00062624 0.00018095 0.00205994 0.00031293 0.00039000 0.00033298 0.00036734 0.00010151  1.00000000
509.0  0.92961222 0.06631600 0.00065320 0.00009918 0.00207909 0.00030557 0.00017362 0.00039187 0.00026997 0.00009927  1.00000000
509.5  0.92799026 0.06795853 0.00062253 0.00004498 0.00208114 0.00044780 0.00016446 0.00021289 0.00037243 0.00010498  1.00000000
510.0  0.92508108 0.07067797 0.00066408 0.00001545 0.00221535 0.00043933 0.00012331 0.00025579 0.00040244 0.00012520  1.00000000
510.5  0.92152058 0.07431537 0.00061848 0.00000375 0.00220476 0.00034894 0.00019322 0.00024866 0.00042521 0.00012104  1.00000000
511.0  0.91716779 0.07863277 0.00065697 0.00005123 0.00214487 0.00031202 0.00023339 0.00025633 0.00045085 0.00009378  1.00000000
511.5  0.91244419 0.08331177 0.00061137 0.00011309 0.00215403 0.00042448 0.00018512 0.00019779 0.00047086 0.00008731  1.00000000
512.0  0.90772577 0.08807804 0.00063743 0.00024083 0.00206598 0.00038717 0.00015039 0.00016566 0.00049099 0.00005774  1.00000000
512.5  0.90304525 0.09262234 0.00062635 0.00042283 0.00199477 0.00032758 0.00010946 0.00026850 0.00049856 0.00008435  1.00000000
513.0  0.89869232 0.09680736 0.00064517 0.00051165 0.00184586 0.00040989 0.00025416 0.00024912 0.00049856 0.00008591  1.00000000
513.5  0.89515436 0.10021107 0.00067078 0.00070472 0.00174619 0.00056115 0.00019700 0.00018130 0.00051177 0.00006166  1.00000000
514.0  0.89257632 0.10287820 0.00064432 0.00089398 0.00146980 0.00045071 0.00023520 0.00017363 0.00055296 0.00012489  1.00000000
514.5  0.89095561 0.10467302 0.00075240 0.00093780 0.00123124 0.00046425 0.00007755 0.00023972 0.00056918 0.00009923  1.00000000
515.0  0.88996102 0.10558430 0.00075379 0.00106843 0.00102998 0.00049031 0.00016327 0.00024752 0.00057479 0.00012659  1.00000000
515.5  0.88949503 0.10588508 0.00078944 0.00132098 0.00085986 0.00057575 0.00019537 0.00021291 0.00054042 0.00012515  1.00000000
516.0  0.88973466 0.10597529 0.00073886 0.00135910 0.00060905 0.00048156 0.00026088 0.00021973 0.00045150 0.00016938  1.00000000
516.5  0.88977935 0.10583768 0.00078312 0.00160012 0.00058134 0.00042750 0.00013642 0.00030597 0.00042855 0.00011995  1.00000000
517.0  0.88963441 0.10584844 0.00079525 0.00173335 0.00047792 0.00042599 0.00014848 0.00035585 0.00043194 0.00014837  1.00000000
517.5  0.88876237 0.10666252 0.00084791 0.00179743 0.00033078 0.00046090 0.00016970 0.00037830 0.00045136 0.00013871  1.00000000
518.0  0.88704296 0.10848316 0.00087718 0.00180882 0.00034471 0.00031840 0.00020069 0.00041361 0.00036610 0.00014437  1.00000000
518.5  0.88408067 0.11153418 0.00085720 0.00181530 0.00034880 0.00030815 0.00017360 0.00047716 0.00032295 0.00008199  1.00000000
519.0  0.87968461 0.11586847 0.00085933 0.00182805 0.00033861 0.00034376 0.00017393 0.00049110 0.00033050 0.00008165  1.00000000
519.5  0.87417510 0.12127097 0.00085131 0.00187990 0.00035243 0.00032241 0.00020516 0.00049402 0.00032760 0.00012109  1.00000000
520.0  0.86791428 0.12757868 0.00082066 0.00190557 0.00039847 0.00027166 0.00019302 0.00052524 0.00029274 0.00009968  1.00000000
520.5  0.86144378 0.13405190 0.00084940 0.00191048 0.00034708 0.00034647 0.00015486 0.00053629 0.00027166 0.00008807  1.00000000
521.0  0.85532813 0.14011598 0.00084903 0.00183939 0.00040949 0.00032342 0.00018522 0.00052690 0.00027001 0.00015243  1.00000000
521.5  0.85071257 0.14470051 0.00088115 0.00182732 0.00044097 0.00033940 0.00017098 0.00053807 0.00024952 0.00013952  1.00000000
522.0  0.84807708 0.14737443 0.00089264 0.00180879 0.00043357 0.00027688 0.00021343 0.00062152 0.00020821 0.00009347  1.00000000
522.5  0.84791121 0.14759822 0.00087034 0.00171333 0.00050748 0.00034004 0.00010676 0.00063840 0.00020916 0.00010504  1.00000000
523.0  0.85015472 0.14523224 0.00090125 0.00168715 0.00054795 0.00024191 0.00018353 0.00070078 0.00025036 0.00010011  1.00000000
523.5  0.85499522 0.14043921 0.00081713 0.00146306 0.00072783 0.00022454 0.00020127 0.00080951 0.00020174 0.00012049  1.00000000
524.0  0.86116827 0.13407202 0.00084942 0.00121333 0.00100002 0.00013325 0.00011766 0.00111516 0.00019468 0.00013619  1.00000000
524.5  0.86822254 0.12702824 0.00079867 0.00105955 0.00114796 0.00020884 0.00008877 0.00125165 0.00006601 0.00012777  1.00000000
525.0  0.87518564 0.12004336 0.00087043 0.00086128 0.00127592 0.00011239 0.00007043 0.00134836 0.00014841 0.00008378  1.00000000
525.5  0.88119245 0.11403138 0.00083890 0.00082951 0.00127533 0.00017795 0.00008220 0.00123253 0.00020251 0.00013724  1.00000000
526.0  0.88598358 0.10923682 0.00086026 0.00085623 0.00124408 0.00014348 0.00007567 0.00118653 0.00029687 0.00011648  1.00000000
526.5  0.88888301 0.10652765 0.00084264 0.00076652 0.00118743 0.00020002 0.00009974 0.00105061 0.00029741 0.00014496  1.00000000
527.0  0.89010180 0.10522386 0.00080885 0.00081970 0.00116881 0.00017026 0.00016530 0.00107256 0.00030371 0.00016514  1.00000000
527.5  0.89025947 0.10487376 0.00078942 0.00089864 0.00127935 0.00014912 0.00029580 0.00084709 0.00041216 0.00019520  1.00000000
528.0  0.88996952 0.10544878 0.00076426 0.00079113 0.00120976 0.00015444 0.00046216 0.00058074 0.00042965 0.00018957  1.00000000
528.5  0.88946719 0.10595897 0.00076892 0.00085103 0.00112115 0.00017642 0.00065647 0.00037675 0.00050502 0.00011809  1.00000000
529.0  0.88931370 0.10592955 0.00079458 0.00099612 0.00106597 0.00020953 0.00077309 0.00021005 0.00060350 0.00010392  1.00000000
529.5  0.89001017 0.10529863 0.00081052 0.00099921 0.00098177 0.00012844 0.00083674 0.00014872 0.00064269 0.00014311  1.00000000
530.0  0.89176806 0.10366090 0.00085342 0.00087789 0.00096388 0.00031839 0.00062831 0.00019668 0.00059329 0.00013918  1.00000000
530.5  0.89458836 0.10081190 0.00079311 0.00100993 0.00099367 0.00018643 0.00071259 0.00025944 0.00051994 0.00012462  1.00000000
531.0  0.89837790 0.09702533 0.00081236 0.00105503 0.00088297 0.00023079 0.00056323 0.00032250 0.00052406 0.00020583  1.00000000
531.5  0.90294234 0.09248799 0.00074372 0.00104784 0.00096002 0.00019953 0.00044573 0.00034709 0.00059146 0.00023428  1.00000000
532.0  0.90781422 0.08752796 0.00078965 0.00104235 0.00099118 0.00018927 0.00033676 0.00040510 0.00068704 0.00021645  1.00000000
532.5  0.91237039 0.08292893 0.00076732 0.00106918 0.00098472 0.00014834 0.00027595 0.00014598 0.00109393 0.00021527  1.00000000
533.0  0.91663572 0.07866214 0.00084440 0.00103643 0.00095028 0.00016253 0.00028653 0.00011696 0.00111469 0.00019031  1.00000000
533.5  0.91980411 0.07558545 0.00078358 0.00105578 0.00102128 0.00012531 0.00052142 0.00000479 0.00093926 0.00015902  1.00000000
534.0  0.92133874 0.07429714 0.00062280 0.00120081 0.00093679 0.00015208 0.00048850 0.00005588 0.00075550 0.00015177  1.00000000
534.5  0.92108812 0.07456028 0.00063471 0.00127035 0.00075643 0.00012552 0.00054855 0.00008192 0.00074406 0.00019005  1.00000000
535.0  0.91903274 0.07656587 0.00060311 0.00139194 0.00070946 0.00020803 0.00052354 0.00006245 0.00072796 0.00017491  1.00000000
535.5  0.91495144 0.08051552 0.00063024 0.00135342 0.00083388 0.00016085 0.00062868 0.00006453 0.00069434 0.00016710  1.00000000
536.0  0.90943559 0.08622517 0.00058249 0.00120442 0.00081939 0.00024646 0.00061846 0.00006447 0.00062343 0.00018011  1.00000000
536.5  0.90249146 0.09322673 0.00063545 0.00120393 0.00071548 0.00020711 0.00068726 0.00005323 0.00060048 0.00017889  1.00000000
537.0  0.89468442 0.10097366 0.00061645 0.00120508 0.00071825 0.00024447 0.00064277 0.00003648 0.00064485 0.00023358  1.00000000
537.5  0.88652134 0.10911624 0.00065663 0.00111655 0.00078483 0.00021451 0.00078020 0.00005263 0.00052650 0.00023057  1.00000000
538.0  0.87863717 0.11707146 0.00062754 0.00117568 0.00070096 0.00025767 0.00076337 0.00005675 0.00050732 0.00020207  1.00000000
538.5  0.87144621 0.12448283 0.00065323 0.00104202 0.00070829 0.00027586 0.00079209 0.00005086 0.00043809 0.00011051  1.00000000
539.0  0.86509812 0.13080915 0.00063928 0.00107306 0.00077898 0.00030399 0.00075515 0.00004178 0.00038414 0.00011634  1.00000000
539.5  0.85995016 0.13599649 0.00063993 0.00106182 0.00077383 0.00026983 0.00083758 0.00006133 0.00030217 0.00010687  1.00000000
540.0  0.85615187 0.13979071 0.00064353 0.00099231 0.00081463 0.00029864 0.00085836 0.00005480 0.00028967 0.00010548  1.00000000
540.5  0.85383198 0.14205276 0.00065014 0.00091359 0.00082577 0.00027708 0.00092744 0.00007257 0.00033294 0.00011573  1.00000000
541.0  0.85259043 0.14336194 0.00068944 0.00088376 0.00090152 0.00039810 0.00072673 0.00006214 0.00025432 0.00013163  1.00000000
541.5  0.85239643 0.14353283 0.00068087 0.00082502 0.00084504 0.00038930 0.00090862 0.00005266 0.00023859 0.00013063  1.00000000
542.0  0.85267179 0.14315869 0.00070307 0.00080052 0.00096088 0.00037649 0.00079728 0.00007779 0.00031710 0.00013640  1.00000000
542.5  0.85307112 0.14268832 0.00064777 0.00069015 0.00109668 0.00039312 0.00086901 0.00010451 0.00029513 0.00014420  1.00000000
543.0  0.85277495 0.14286368 0.00067930 0.00059942 0.00121567 0.00035887 0.00084363 0.00008818 0.00040861 0.00016768  1.00000000
543.5  0.85118613 0.14424835 0.00064967 0.00054505 0.00139554 0.00044157 0.00078456 0.00006700 0.00052874 0.00015339  1.00000000
544.0  0.84778545 0.14769653 0.00068530 0.00043838 0.00143381 0.00039317 0.00072096 0.00008522 0.00061494 0.00014623  1.00000000
544.5  0.84225569 0.15339245 0.00064241 0.00040664 0.00149279 0.00030303 0.00066868 0.00006898 0.00058021 0.00018912  1.00000000
545.0  0.83439437 0.16113741 0.00066304 0.00034602 0.00152009 0.00033323 0.00072218 0.00008529 0.00058182 0.00021657  1.00000000
545.5  0.82458352 0.17079328 0.00067052 0.00025514 0.00153641 0.00040599 0.00083009 0.00010810 0.00066613 0.00015082  1.00000000
546.0  0.81354543 0.18178822 0.00067968 0.00021257 0.00154634 0.00043920 0.00085122 0.00012849 0.00063757 0.00017128  1.00000000
546.5  0.80257525 0.19285998 0.00068144 0.00017294 0.00159319 0.00034932 0.00085476 0.00012761 0.00061017 0.00017535  1.00000000
547.0  0.79291989 0.20256167 0.00066329 0.00013977 0.00157979 0.00043311 0.00076926 0.00013980 0.00059936 0.00019406  1.00000000
547.5  0.78575472 0.20964639 0.00064286 0.00007216 0.00162750 0.00045603 0.00084154 0.00016813 0.00059916 0.00019151  1.00000000
548.0  0.78194283 0.21340813 0.00064508 0.00005679 0.00166017 0.00049847 0.00075877 0.00017671 0.00066691 0.00018613  1.00000000
548.5  0.78202691 0.21356689 0.00063747 0.00003073 0.00173368 0.00032732 0.00061383 0.00015570 0.00069551 0.00021196  1.00000000
549.0  0.78587717 0.20992691 0.00071455 0.00001338 0.00160182 0.00032915 0.00046806 0.00015288 0.00073366 0.00018241  1.00000000
549.5  0.79244171 0.20328124 0.00065232 0.00001434 0.00157605 0.00038397 0.00050394 0.00015146 0.00081658 0.00017840  1.00000000
550.0  0.80080337 0.19474576 0.00073985 0.00001737 0.00164081 0.00038830 0.00040012 0.00019090 0.00091946 0.00015405  1.00000000
550.5  0.80992185 0.18593301 0.00062570 0.00002112 0.00160998 0.00030916 0.00035330 0.00012100 0.00095042 0.00015447  1.00000000
551.0  0.81848345 0.17722086 0.00070710 0.00003200 0.00160488 0.00033485 0.00030600 0.00011775 0.00103068 0.00016244  1.00000000
551.5  0.82580857 0.16986159 0.00064806 0.00006797 0.00166493 0.00034890 0.00033929 0.00009115 0.00102942 0.00014011  1.00000000
552.0  0.83146882 0.16434576 0.00072342 0.00006735 0.00152657 0.00030319 0.00030673 0.00010427 0.00102859 0.00012530  1.00000000
552.5  0.83511599 0.16058179 0.00067540 0.00004001 0.00157871 0.00029526 0.00029307 0.00020500 0.00103147 0.00018329  1.00000000
553.0  0.83711824 0.15831816 0.00070090 0.00009826 0.00153424 0.00038953 0.00031475 0.00033038 0.00101233 0.00018324  1.00000000
553.5  0.83802470 0.15739647 0.00070551 0.00031689 0.00128897 0.00033185 0.00034439 0.00030293 0.00116803 0.00012026  1.00000000
554.0  0.83815728 0.15743418 0.00069800 0.00070043 0.00085457 0.00032590 0.00032826 0.00031548 0.00103043 0.00015549  1.00000000
554.5  0.83798181 0.15750131 0.00070892 0.00095819 0.00057916 0.00046734 0.00031740 0.00027304 0.00097255 0.00024029  1.00000000
555.0  0.83862961 0.15712505 0.00067653 0.00096309 0.00040680 0.00046655 0.00028829 0.00027460 0.00100163 0.00016786  1.00000000
555.5  0.84016743 0.15557963 0.00069605 0.00104292 0.00030110 0.00033525 0.00032723 0.00027340 0.00113544 0.00014155  1.00000000
556.0  0.84290138 0.15269360 0.00064653 0.00105936 0.00028082 0.00039748 0.00035049 0.00030305 0.00117963 0.00018765  1.00000000
556.5  0.84705428 0.14849977 0.00070041 0.00105867 0.00023323 0.00053141 0.00039985 0.00030402 0.00102985 0.00018851  1.00000000
557.0  0.85307031 0.14282534 0.00066126 0.00119109 0.00021456 0.00044836 0.00029808 0.00027928 0.00089450 0.00011721  1.00000000
557.5  0.86041528 0.13568160 0.00071627 0.00099192 0.00022312 0.00035933 0.00026047 0.00028726 0.00092368 0.00014109  1.00000000
558.0  0.86833387 0.12744574 0.00068031 0.00101694 0.00021013 0.00049455 0.00026868 0.00032131 0.00107805 0.00015042  1.00000000
558.5  0.87669317 0.11877026 0.00068621 0.00128815 0.00018799 0.00047703 0.00033836 0.00034158 0.00108577 0.00013149  1.00000000
559.0  0.88542528 0.11045052 0.00066580 0.00114209 0.00025209 0.00038095 0.00032180 0.00025205 0.00098254 0.00012687  1.00000000
559.5  0.89305335 0.10303806 0.00064668 0.00105634 0.00023546 0.00039563 0.00019495 0.00026550 0.00095760 0.00015642  1.00000000
560.0  0.89908918 0.09651786 0.00068615 0.00115433 0.00023387 0.00050442 0.00020451 0.00031818 0.00106445 0.00022704  1.00000000
560.5  0.90364158 0.09190986 0.00067479 0.00109293 0.00027439 0.00042680 0.00027185 0.00034288 0.00116159 0.00020333  1.00000000
561.0  0.90612175 0.08955382 0.00069325 0.00100786 0.00035041 0.00039897 0.00039779 0.00021713 0.00103193 0.00022709  1.00000000
561.5  0.90540808 0.09025367 0.00062642 0.00093714 0.00053310 0.00046061 0.00031081 0.00021880 0.00107151 0.00017985  1.00000000
562.0  0.90424916 0.09123517 0.00064235 0.00082634 0.00070200 0.00052342 0.00022370 0.00023308 0.00112356 0.00024122  1.00000000
562.5  0.90678381 0.08893898 0.00058774 0.00042587 0.00108814 0.00041732 0.00019355 0.00044373 0.00089997 0.00022090  1.00000000
563.0  0.90321800 0.09259238 0.00066017 0.00009195 0.00141966 0.00038608 0.00009492 0.00012768 0.00121066 0.00019850  1.00000000
563.5  0.90744600 0.08788727 0.00065533 0.00001035 0.00149109 0.00035573 0.00014935 0.00049782 0.00130793 0.00019914  1.00000000
564.0  0.90260207 0.09272465 0.00075910 0.00005457 0.00141925 0.00022443 0.00020841 0.00054971 0.00125916 0.00019864  1.00000000
564.5  0.90743471 0.08772939 0.00077627 0.00010298 0.00138931 0.00006168 0.00026872 0.00081444 0.00122786 0.00019464  1.00000000
565.0  0.90266162 0.09232585 0.00087743 0.00014886 0.00134762 0.00002904 0.00026517 0.00087848 0.00121691 0.00024902  1.00000000
565.5  0.90673424 0.08830627 0.00093514 0.00020364 0.00126736 0.00005291 0.00029507 0.00075686 0.00122338 0.00022512  1.00000000
566.0  0.90369713 0.09154169 0.00099924 0.00026286 0.00121345 0.00009373 0.00026481 0.00073442 0.00097185 0.00022082  1.00000000
566.5  0.90580235 0.08932169 0.00104673 0.00036398 0.00120309 0.00008836 0.00017281 0.00086028 0.00098784 0.00015288  1.00000000
567.0  0.90467000 0.09027951 0.00104203 0.00042442 0.00119428 0.00008947 0.00018786 0.00078801 0.00112151 0.00020290  1.00000000
567.5  0.90468482 0.09018289 0.00107311 0.00053587 0.00117235 0.00013825 0.00024258 0.00063929 0.00121235 0.00011850  1.00000000
568.0  0.90588270 0.08922812 0.00103646 0.00058063 0.00096093 0.00015731 0.00022708 0.00060918 0.00115476 0.00016283  1.00000000
568.5  0.90413324 0.09096746 0.00109629 0.00067676 0.00086597 0.00014250 0.00020979 0.00057108 0.00120839 0.00012852  1.00000000
569.0  0.90625131 0.08886670 0.00106942 0.00070405 0.00078552 0.00018939 0.00026662 0.00047131 0.00128643 0.00010924  1.00000000
569.5  0.90407824 0.09099450 0.00114097 0.00087893 0.00068693 0.00019842 0.00026460 0.00034893 0.00132147 0.00008700  1.00000000
570.0  0.90578680 0.08939011 0.00115789 0.00092817 0.00068130 0.00017400 0.00020410 0.00023507 0.00134455 0.00009800  1.00000000
570.5  0.90540127 0.08958911 0.00121656 0.00099180 0.00061750 0.00025377 0.00024582 0.00016914 0.00142251 0.00009253  1.00000000
571.0  0.90415186 0.09088055 0.00122562 0.00094739 0.00056435 0.00031630 0.00023364 0.00009507 0.00154212 0.00004309  1.00000000
571.5  0.90770692 0.08758144 0.00129964 0.00088198 0.00044378 0.00029563 0.00015611 0.00002604 0.00154221 0.00006625  1.00000000
572.0  0.90226643 0.09289653 0.00141390 0.00087501 0.00042208 0.00025514 0.00015396 0.00000715 0.00165236 0.00005745  1.00000000
572.5  0.90951350 0.08560041 0.00135783 0.00093393 0.00032036 0.00029704 0.00024096 0.00002578 0.00166411 0.00004610  1.00000000
573.0  0.90097914 0.09415439 0.00135991 0.00087184 0.00027437 0.00024401 0.00033801 0.00005933 0.00166816 0.00005084  1.00000000
573.5  0.91014868 0.08508265 0.00135997 0.00093050 0.00022488 0.00012131 0.00037496 0.00007140 0.00161099 0.00007466  1.00000000
574.0  0.90142601 0.09380499 0.00135466 0.00100985 0.00022598 0.00005956 0.00049464 0.00009563 0.00143976 0.00008892  1.00000000
574.5  0.90854099 0.08665318 0.00136446 0.00110580 0.00021879 0.00002542 0.00054609 0.00012820 0.00136487 0.00005220  1.00000000
575.0  0.90364878 0.09150629 0.00139770 0.00113833 0.00018414 0.00000726 0.00053099 0.00017233 0.00134943 0.00006474  1.00000000
575.5  0.90587311 0.08932451 0.00138772 0.00112492 0.00014771 0.00002149 0.00052859 0.00018224 0.00137758 0.00003213  1.00000000
576.0  0.90613266 0.08893727 0.00143143 0.00110826 0.00021494 0.00006034 0.00051692 0.00017790 0.00135483 0.00006545  1.00000000
576.5  0.90360652 0.09127747 0.00149000 0.00117820 0.00023116 0.00009418 0.00038269 0.00027987 0.00142605 0.00003386  1.00000000
577.0  0.90771239 0.08711916 0.00155479 0.00113502 0.00023521 0.00016340 0.00037025 0.00037043 0.00132388 0.00001548  1.00000000
577.5  0.90287015 0.09200362 0.00161889 0.00114040 0.00022434 0.00023240 0.00035443 0.00034194 0.00120241 0.00001141  1.00000000
578.0  0.90755569 0.08717387 0.00165928 0.00124842 0.00020250 0.00023528 0.00026813 0.00034005 0.00131239 0.00000439  1.00000000
578.5  0.90360409 0.09100413 0.00167808 0.00134205 0.00019134 0.00026828 0.00024253 0.00040323 0.00126388 0.00000241  1.00000000
579.0  0.90661536 0.08784335 0.00169373 0.00136143 0.00020593 0.00034071 0.00029948 0.00035227 0.00128746 0.00000028  1.00000000
579.5  0.90481257 0.08988063 0.00168997 0.00124804 0.00018860 0.00033107 0.00027796 0.00020176 0.00136863 0.00000077  1.00000000
580.0  0.90548779 0.08926558 0.00170968 0.00131185 0.00020476 0.00029030 0.00032465 0.00011059 0.00128673 0.00000807  1.00000000
580.5  0.90535927 0.08922843 0.00169459 0.00131954 0.00026150 0.00032429 0.00041112 0.00032646 0.00106694 0.00000786  1.00000000
581.0  0.90502677 0.08929094 0.00177627 0.00141938 0.00033279 0.00038967 0.00046912 0.00067090 0.00062204 0.00000213  1.00000000
581.5  0.90507856 0.08906651 0.00167420 0.00128914 0.00072793 0.00035907 0.00068083 0.00073801 0.00038456 0.00000120  1.00000000
582.0  0.90523595 0.08875112 0.00182066 0.00071713 0.00131510 0.00014771 0.00117115 0.00056797 0.00027169 0.00000151  1.00000000
582.5  0.90402395 0.09004291 0.00176098 0.00033303 0.00150009 0.00037598 0.00118037 0.00052343 0.00025419 0.00000507  1.00000000
583.0  0.90644383 0.08757777 0.00183631 0.00029684 0.00158503 0.00038171 0.00122476 0.00040461 0.00023533 0.00001381  1.00000000
583.5  0.90261096 0.09144152 0.00178448 0.00025739 0.00172438 0.00042232 0.00117981 0.00038984 0.00016347 0.00002582  1.00000000
584.0  0.90785725 0.08596725 0.00189799 0.00024817 0.00187701 0.00053195 0.00115056 0.00033915 0.00010798 0.00002269  1.00000000
584.5  0.90134530 0.09245469 0.00190242 0.00023160 0.00182287 0.00056813 0.00121410 0.00035602 0.00009472 0.00001016  1.00000000
585.0  0.90875669 0.08496863 0.00201757 0.00022530 0.00180170 0.00059123 0.00120228 0.00034719 0.00008382 0.00000560  1.00000000
585.5  0.90075750 0.09306935 0.00202823 0.00020066 0.00172521 0.00063156 0.00120221 0.00031518 0.00005517 0.00001493  1.00000000
586.0  0.90878634 0.08475866 0.00227741 0.00025272 0.00163015 0.00072907 0.00121390 0.00029568 0.00003728 0.00001879  1.00000000
586.5  0.90125846 0.09233423 0.00207505 0.00035873 0.00163366 0.00074177 0.00126034 0.00029035 0.00003410 0.00001331  1.00000000
587.0  0.90771872 0.08588537 0.00206371 0.00041167 0.00160826 0.00081432 0.00118790 0.00026419 0.00004174 0.00000411  1.00000000
587.5  0.90263715 0.09096408 0.00207980 0.00049675 0.00155075 0.00077314 0.00115834 0.00030576 0.00002926 0.00000497  1.00000000
588.0  0.90610455 0.08753682 0.00201415 0.00049489 0.00146039 0.00085126 0.00119337 0.00030960 0.00002713 0.00000784  1.00000000
588.5  0.90436636 0.08922959 0.00210774 0.00048101 0.00138239 0.00083092 0.00127185 0.00027898 0.00003903 0.00001212  1.00000000
589.0  0.90456148 0.08900262 0.00207145 0.00050470 0.00136982 0.00090557 0.00117775 0.00036518 0.00003933 0.00000211  1.00000000
589.5  0.90547856 0.08803150 0.00212114 0.00054873 0.00133359 0.00084316 0.00115874 0.00041248 0.00007132 0.00000078  1.00000000
590.0  0.90372155 0.08994869 0.00206172 0.00048473 0.00133498 0.00086274 0.00116693 0.00024224 0.00017554 0.00000088  1.00000000
590.5  0.90626894 0.08739076 0.00212671 0.00040872 0.00137630 0.00090052 0.00120649 0.00008386 0.00023720 0.00000050  1.00000000
591.0  0.90376021 0.08992494 0.00212093 0.00035384 0.00143128 0.00093205 0.00110155 0.00005214 0.00031142 0.00001164  1.00000000
591.5  0.90597066 0.08747943 0.00221350 0.00040178 0.00142418 0.00085488 0.00126345 0.00004423 0.00034490 0.00000299  1.00000000
592.0  0.90422561 0.08900145 0.00230721 0.00089016 0.00105105 0.00094128 0.00116774 0.00012153 0.00029213 0.00000184  1.00000000
592.5  0.90526701 0.08792472 0.00237346 0.00107479 0.00081754 0.00066188 0.00148761 0.00012293 0.00026435 0.00000572  1.00000000
593.0  0.90525159 0.08796085 0.00242448 0.00123995 0.00078947 0.00088708 0.00101490 0.00015095 0.00027038 0.00001034  1.00000000
593.5  0.90418696 0.08899924 0.00243327 0.00134403 0.00073838 0.00051280 0.00138861 0.00016224 0.00022478 0.00000967  1.00000000
594.0  0.90620331 0.08719009 0.00241791 0.00120365 0.00070972 0.00081590 0.00116023 0.00018988 0.00010653 0.00000277  1.00000000
594.5  0.90335150 0.09007217 0.00241265 0.00123893 0.00071308 0.00056327 0.00133181 0.00021378 0.00010240 0.00000041  1.00000000
595.0  0.90699998 0.08651982 0.00239285 0.00129748 0.00069922 0.00057453 0.00119682 0.00020719 0.00011117 0.00000095  1.00000000
595.5  0.90310300 0.09034882 0.00236222 0.00135090 0.00077194 0.00048990 0.00124270 0.00021356 0.00011646 0.00000050  1.00000000
596.0  0.90679598 0.08646880 0.00237593 0.00130513 0.00077140 0.00075927 0.00126139 0.00016439 0.00009267 0.00000504  1.00000000
596.5  0.90370623 0.08958779 0.00242070 0.00122875 0.00083749 0.00068674 0.00128185 0.00015694 0.00008811 0.00000541  1.00000000
597.0  0.90563702 0.08777458 0.00244089 0.00120683 0.00072540 0.00069209 0.00123574 0.00018411 0.00009136 0.00001198  1.00000000
597.5  0.90525770 0.08805380 0.00245924 0.00114685 0.00084068 0.00067449 0.00126789 0.00019615 0.00008808 0.00001513  1.00000000
598.0  0.90375073 0.08950611 0.00249080 0.00105221 0.00088862 0.00081704 0.00118904 0.00021558 0.00007785 0.00001202  1.00000000
598.5  0.90723547 0.08609165 0.00250731 0.00093111 0.00096973 0.00068507 0.00127593 0.00025923 0.00003402 0.00001046  1.00000000
599.0  0.90195372 0.09134123 0.00250537 0.00095377 0.00103706 0.00065685 0.00119117 0.00032686 0.00001411 0.00001987  1.00000000
599.5  0.90828855 0.08487090 0.00252175 0.00095230 0.00106799 0.00046365 0.00139952 0.00041697 0.00000531 0.00001305  1.00000000
600.0  0.90150249 0.09174913 0.00251486 0.00086543 0.00111293 0.00100423 0.00080194 0.00042286 0.00001560 0.00001052  1.00000000
600.5  0.90835780 0.08515453 0.00251280 0.00071708 0.00110857 0.00016676 0.00157335 0.00035414 0.00004828 0.00000668  1.00000000
601.0  0.90240499 0.09113779 0.00251031 0.00056894 0.00117899 0.00026624 0.00147355 0.00039175 0.00006372 0.00000372  1.00000000
601.5  0.90690797 0.08648446 0.00250563 0.00053745 0.00135170 0.00018300 0.00151082 0.00042072 0.00009623 0.00000202  1.00000000
602.0  0.90401332 0.08922670 0.00252445 0.00053569 0.00159393 0.00019392 0.00149733 0.00031356 0.00009810 0.00000300  1.00000000
602.5  0.90518456 0.08800433 0.00255614 0.00050799 0.00159990 0.00017751 0.00153160 0.00031849 0.00011298 0.00000650  1.00000000
603.0  0.90541696 0.08769205 0.00255545 0.00045427 0.00161283 0.00019935 0.00158372 0.00034106 0.00014099 0.00000334  1.00000000
603.5  0.90393629 0.08912788 0.00251486 0.00040963 0.00163911 0.00025410 0.00155388 0.00036216 0.00020079 0.00000131  1.00000000
604.0  0.90617759 0.08706084 0.00253607 0.00037605 0.00163510 0.00023554 0.00157461 0.00026048 0.00014252 0.00000118  1.00000000
604.5  0.90406112 0.08915606 0.00252575 0.00027371 0.00171281 0.00026392 0.00152238 0.00031254 0.00017162 0.00000009  1.00000000
605.0  0.90575233 0.08727115 0.00253139 0.00019603 0.00177942 0.00026399 0.00159888 0.00038005 0.00022495 0.00000182  1.00000000
605.5  0.90440876 0.08850301 0.00250759 0.00015973 0.00189846 0.00029909 0.00158500 0.00036925 0.00026523 0.00000389  1.00000000
606.0  0.90503209 0.08807039 0.00249962 0.00014131 0.00193645 0.00023340 0.00156338 0.00030633 0.00021444 0.00000258  1.00000000
606.5  0.90533902 0.08776392 0.00249931 0.00016638 0.00188725 0.00020385 0.00160111 0.00032982 0.00020704 0.00000230  1.00000000
607.0  0.90426071 0.08879183 0.00245354 0.00015265 0.00190338 0.00028611 0.00161069 0.00023738 0.00029736 0.00000635  1.00000000
607.5  0.90526000 0.08775473 0.00248365 0.00017516 0.00191652 0.00030415 0.00158470 0.00019739 0.00031814 0.00000557  1.00000000
608.0  0.90453507 0.08857799 0.00241856 0.00022859 0.00204129 0.00024194 0.00148267 0.00022212 0.00024856 0.00000322  1.00000000
608.5  0.90485288 0.08806450 0.00243841 0.00031710 0.00195717 0.00034209 0.00158533 0.00021273 0.00022533 0.00000446  1.00000000
609.0  0.90536155 0.08757062 0.00234103 0.00036917 0.00190994 0.00035899 0.00158558 0.00019504 0.00029621 0.00001187  1.00000000
609.5  0.90355181 0.08948080 0.00236057 0.00039690 0.00178120 0.00023976 0.00154257 0.00026158 0.00036778 0.00001703  1.00000000
610.0  0.90671181 0.08640779 0.00230648 0.00048953 0.00166197 0.00015712 0.00162096 0.00033744 0.00030248 0.00000442  1.00000000
610.5  0.90243579 0.09071946 0.00237510 0.00064593 0.00148100 0.00025804 0.00152341 0.00026285 0.00027790 0.00002052  1.00000000
611.0  0.90806420 0.08483089 0.00257549 0.00117579 0.00107497 0.00011472 0.00160280 0.00025878 0.00026068 0.00004168  1.00000000
611.5  0.90170158 0.09141363 0.00236285 0.00179092 0.00056109 0.00004862 0.00123767 0.00048991 0.00034895 0.00004477  1.00000000
612.0  0.90849887 0.08462677 0.00237656 0.00200926 0.00032757 0.00002969 0.00154200 0.00023981 0.00030677 0.00004269  1.00000000
612.5  0.90137012 0.09161096 0.00244179 0.00211588 0.00023916 0.00004203 0.00146393 0.00031319 0.00037306 0.00002988  1.00000000
613.0  0.90804252 0.08490036 0.00248177 0.00212684 0.00020685 0.00003497 0.00150597 0.00034828 0.00031594 0.00003649  1.00000000
613.5  0.90212298 0.09091470 0.00245179 0.00219312 0.00016133 0.00000008 0.00137706 0.00041024 0.00032161 0.00004709  1.00000000
614.0  0.90734142 0.08578364 0.00244188 0.00221314 0.00010878 0.00001782 0.00144767 0.00038748 0.00021943 0.00003873  1.00000000
614.5  0.90302411 0.09010044 0.00236935 0.00211326 0.00014192 0.00000623 0.00150161 0.00038211 0.00032470 0.00003627  1.00000000
615.0  0.90594439 0.08716797 0.00230340 0.00204713 0.00014049 0.00002466 0.00158948 0.00041104 0.00031785 0.00005358  1.00000000
615.5  0.90419880 0.08908040 0.00230542 0.00201261 0.00025068 0.00000351 0.00136816 0.00043992 0.00030681 0.00003369  1.00000000
616.0  0.90524551 0.08806556 0.00236254 0.00194035 0.00021406 0.00001525 0.00145501 0.00040800 0.00026756 0.00002616  1.00000000
616.5  0.90492222 0.08822871 0.00240368 0.00189124 0.00029528 0.00001957 0.00139437 0.00042056 0.00040029 0.00002407  1.00000000
617.0  0.90444904 0.08873983 0.00243648 0.00170506 0.00030600 0.00002146 0.00164874 0.00021266 0.00043744 0.00004330  1.00000000
617.5  0.90535482 0.08785721 0.00252966 0.00145979 0.00055885 0.00005695 0.00118631 0.00053281 0.00041497 0.00004863  1.00000000
618.0  0.90468187 0.08862139 0.00263719 0.00115994 0.00085153 0.00016335 0.00128075 0.00016645 0.00038932 0.00004820  1.00000000
618.5  0.90517625 0.08787890 0.00276376 0.00076070 0.00137820 0.00028792 0.00117573 0.00017002 0.00039117 0.00001735  1.00000000
619.0  0.90515104 0.08790879 0.00285180 0.00036345 0.00179189 0.00031673 0.00117427 0.00010429 0.00032206 0.00001567  1.00000000
619.5  0.90467022 0.08837870 0.00290014 0.00014732 0.00186428 0.00051001 0.00111962 0.00004863 0.00033491 0.00002617  1.00000000
620.0  0.90580567 0.08705545 0.00290943 0.00008101 0.00200369 0.00041797 0.00130302 0.00004650 0.00034348 0.00003378  1.00000000
620.5  0.90379826 0.08901857 0.00286751 0.00007763 0.00199032 0.00049984 0.00132530 0.00005353 0.00031941 0.00004964  1.00000000
621.0  0.90634023 0.08672560 0.00283270 0.00007617 0.00195626 0.00052487 0.00115916 0.00005555 0.00028841 0.00004104  1.00000000
621.5  0.90362388 0.08966018 0.00276969 0.00005374 0.00175628 0.00052968 0.00120110 0.00004344 0.00031036 0.00005165  1.00000000
622.0  0.90630358 0.08681132 0.00272457 0.00005237 0.00183442 0.00055904 0.00124681 0.00004814 0.00035954 0.00006022  1.00000000
622.5  0.90373419 0.08927061 0.00268394 0.00007027 0.00193400 0.00050260 0.00138959 0.00005147 0.00030596 0.00005738  1.00000000
623.0  0.90546450 0.08773900 0.00267085 0.00009339 0.00190827 0.00047618 0.00130823 0.00005471 0.00021193 0.00007295  1.00000000
623.5  0.90503368 0.08825651 0.00264735 0.00010816 0.00177175 0.00050274 0.00124547 0.00005604 0.00030556 0.00007273  1.00000000
624.0  0.90414945 0.08897699 0.00264424 0.00012187 0.00179227 0.00052357 0.00127374 0.00006639 0.00034931 0.00010216  1.00000000
624.5  0.90639340 0.08679608 0.00267903 0.00012941 0.00176727 0.00045869 0.00126590 0.00007432 0.00033123 0.00010468  1.00000000
625.0  0.90292839 0.09018047 0.00268500 0.00016991 0.00193459 0.00039121 0.00131923 0.00006043 0.00024582 0.00008494  1.00000000
625.5  0.90717233 0.08591209 0.00273099 0.00018279 0.00195901 0.00039581 0.00127104 0.00006786 0.00023399 0.00007410  1.00000000
626.0  0.90272811 0.09046037 0.00272390 0.00024205 0.00177160 0.00043384 0.00127763 0.00010061 0.00021509 0.00004680  1.00000000
626.5  0.90724234 0.08591881 0.00272602 0.00020689 0.00192511 0.00040503 0.00119763 0.00010125 0.00020077 0.00007613  1.00000000
627.0  0.90340637 0.08988550 0.00272506 0.00023732 0.00184047 0.00034438 0.00116836 0.00013369 0.00018853 0.00007031  1.00000000
627.5  0.90610783 0.08713012 0.00273556 0.00028342 0.00169771 0.00037367 0.00127303 0.00015878 0.00020046 0.00003943  1.00000000
628.0  0.90458647 0.08863098 0.00263967 0.00030063 0.00165261 0.00046194 0.00134544 0.00018213 0.00015751 0.00004262  1.00000000
628.5  0.90501749 0.08831030 0.00262351 0.00034298 0.00157837 0.00048324 0.00123728 0.00020985 0.00014544 0.00005155  1.00000000
629.0  0.90581321 0.08767023 0.00250019 0.00045428 0.00156965 0.00045603 0.00111566 0.00024802 0.00013037 0.00004237  1.00000000
629.5  0.90438917 0.08890339 0.00250361 0.00051120 0.00153941 0.00049878 0.00120018 0.00029722 0.00010329 0.00005376  1.00000000
630.0  0.90577273 0.08764383 0.00229939 0.00065388 0.00135766 0.00052753 0.00130316 0.00032183 0.00006846 0.00005154  1.00000000
630.5  0.90452314 0.08896065 0.00230666 0.00081463 0.00119826 0.00081384 0.00099281 0.00026393 0.00006732 0.00005876  1.00000000
631.0  0.90534055 0.08837251 0.00223423 0.00095944 0.00105462 0.00010692 0.00146957 0.00029246 0.00010309 0.00006661  1.00000000
631.5  0.90502769 0.08859691 0.00223972 0.00126479 0.00070852 0.00036953 0.00134347 0.00032224 0.00008657 0.00004056  1.00000000
632.0  0.90489028 0.08878703 0.00223376 0.00144277 0.00048422 0.00026523 0.00146424 0.00026610 0.00010762 0.00005874  1.00000000
632.5  0.90524078 0.08831146 0.00224926 0.00163769 0.00034002 0.00024897 0.00155636 0.00022798 0.00007811 0.00010937  1.00000000
633.0  0.90461108 0.08893280 0.00224412 0.00181093 0.00025646 0.00029890 0.00142666 0.00011043 0.00020636 0.00010226  1.00000000
633.5  0.90519695 0.08861202 0.00221849 0.00181760 0.00019362 0.00034866 0.00102447 0.00029581 0.00020981 0.00008258  1.00000000
634.0  0.90541591 0.08855873 0.00225242 0.00164583 0.00015050 0.00020960 0.00121580 0.00023455 0.00022505 0.00009159  1.00000000
634.5  0.90445217 0.08942925 0.00221732 0.00171763 0.00009147 0.00019395 0.00134412 0.00023263 0.00023086 0.00009060  1.00000000
635.0  0.90586088 0.08800672 0.00223417 0.00168118 0.00007597 0.00016133 0.00131683 0.00035086 0.00022445 0.00008761  1.00000000
635.5  0.90389309 0.09009999 0.00214718 0.00177363 0.00005542 0.00013645 0.00123556 0.00026021 0.00030850 0.00008996  1.00000000
636.0  0.90662400 0.08746284 0.00219434 0.00177713 0.00008952 0.00006900 0.00111642 0.00033997 0.00023240 0.00009438  1.00000000
636.5  0.90345720 0.09056833 0.00216529 0.00177678 0.00009931 0.00003893 0.00117635 0.00030816 0.00032006 0.00008959  1.00000000
637.0  0.90650635 0.08755836 0.00202730 0.00163514 0.00021624 0.00003229 0.00139456 0.00033086 0.00025145 0.00004746  1.00000000
637.5  0.90361108 0.09038909 0.00214123 0.00150908 0.00035571 0.00003657 0.00126270 0.00031336 0.00033961 0.00004157  1.00000000
638.0  0.90632342 0.08768300 0.00212934 0.00142967 0.00063130 0.00003686 0.00110875 0.00031337 0.00029961 0.00004468  1.00000000
638.5  0.90401318 0.08999033 0.00209441 0.00126385 0.00082671 0.00019112 0.00086114 0.00027760 0.00039512 0.00008655  1.00000000
639.0  0.90576142 0.08818281 0.00209006 0.00103954 0.00095097 0.00002942 0.00121046 0.00022590 0.00042547 0.00008394  1.00000000
639.5  0.90446661 0.08929794 0.00212417 0.00090493 0.00109923 0.00010748 0.00130175 0.00016358 0.00043462 0.00009968  1.00000000
640.0  0.90511554 0.08878632 0.00209406 0.00068893 0.00123603 0.00010231 0.00119966 0.00012599 0.00052180 0.00012935  1.00000000
640.5  0.90507059 0.08881361 0.00213673 0.00051866 0.00142885 0.00009410 0.00118450 0.00008876 0.00055581 0.00010839  1.00000000
641.0  0.90482163 0.08909386 0.00203799 0.00048845 0.00154292 0.00009106 0.00112836 0.00006904 0.00063572 0.00009096  1.00000000
641.5  0.90523608 0.08883278 0.00199532 0.00035599 0.00151652 0.00009705 0.00121169 0.00005427 0.00060982 0.00009048  1.00000000
642.0  0.90492521 0.08937227 0.00189792 0.00035220 0.00149122 0.00006955 0.00120857 0.00004849 0.00057531 0.00005926  1.00000000
642.5  0.90531528 0.08900929 0.00190185 0.00032007 0.00154436 0.00008517 0.00109346 0.00004650 0.00060170 0.00008231  1.00000000
643.0  0.90537468 0.08900294 0.00188927 0.00025038 0.00156563 0.00011023 0.00107008 0.00005529 0.00061006 0.00007144  1.00000000
643.5  0.90510978 0.08922022 0.00194058 0.00020834 0.00160966 0.00007573 0.00109821 0.00007127 0.00063027 0.00003592  1.00000000
644.0  0.90555985 0.08862624 0.00194425 0.00021894 0.00164320 0.00006607 0.00124045 0.00007947 0.00059020 0.00003134  1.00000000
644.5  0.90475012 0.08939198 0.00194566 0.00024327 0.00159751 0.00009666 0.00113509 0.00009260 0.00062423 0.00012288  1.00000000
645.0  0.90587115 0.08829862 0.00195177 0.00026371 0.00157173 0.00010565 0.00107425 0.00015529 0.00058115 0.00012668  1.00000000
645.5  0.90458424 0.08961975 0.00194271 0.00030478 0.00143676 0.00007072 0.00117551 0.00020748 0.00055835 0.00009968  1.00000000
646.0  0.90581735 0.08843141 0.00196386 0.00037356 0.00129640 0.00009827 0.00119325 0.00023354 0.00051286 0.00007952  1.00000000
646.5  0.90458200 0.08980615 0.00189478 0.00055460 0.00105821 0.00008412 0.00122799 0.00032352 0.00039218 0.00007647  1.00000000
647.0  0.90573609 0.08864024 0.00185065 0.00075737 0.00111146 0.00008284 0.00107328 0.00051471 0.00014247 0.00009088  1.00000000
647.5  0.90499199 0.08955580 0.00180267 0.00092575 0.00083014 0.00005876 0.00107318 0.00064750 0.00001805 0.00009618  1.00000000
648.0  0.90538612 0.08909258 0.00176422 0.00103036 0.00065719 0.00014958 0.00112629 0.00067687 0.00001174 0.00010504  1.00000000
648.5  0.90510738 0.08930404 0.00173396 0.00115055 0.00053757 0.00006408 0.00128280 0.00066937 0.00000206 0.00014819  1.00000000
649.0  0.90487610 0.08957254 0.00163793 0.00131380 0.00044074 0.00010832 0.00125118 0.00065485 0.00000369 0.00014086  1.00000000
649.5  0.90556372 0.08879456 0.00156275 0.00149301 0.00038446 0.00013086 0.00122516 0.00070349 0.00000261 0.00013938  1.00000000
650.0  0.90446885 0.08977408 0.00152171 0.00162560 0.00028805 0.00023837 0.00123925 0.00070162 0.00000378 0.00013869  1.00000000
650.5  0.90566910 0.08879875 0.00148994 0.00155291 0.00021893 0.00009296 0.00131780 0.00075267 0.00000370 0.00010324  1.00000000
651.0  0.90433529 0.08999998 0.00147101 0.00165227 0.00017537 0.00010177 0.00132067 0.00076258 0.00000245 0.00017860  1.00000000
651.5  0.90536391 0.08894355 0.00149387 0.00165300 0.00017487 0.00012811 0.00131056 0.00075406 0.00000320 0.00017486  1.00000000
652.0  0.90460290 0.08973351 0.00151350 0.00160792 0.00020250 0.00011446 0.00126542 0.00081831 0.00000137 0.00014011  1.00000000
652.5  0.90510134 0.08920793 0.00152461 0.00163729 0.00018630 0.00004566 0.00135992 0.00078207 0.00000186 0.00015301  1.00000000
653.0  0.90484148 0.08943484 0.00148345 0.00170795 0.00014670 0.00004332 0.00130938 0.00083769 0.00000669 0.00018850  1.00000000
653.5  0.90494899 0.08926439 0.00148030 0.00174405 0.00015466 0.00007330 0.00133591 0.00072996 0.00005961 0.00020884  1.00000000
654.0  0.90489581 0.08925824 0.00149959 0.00180464 0.00016166 0.00003584 0.00127754 0.00080029 0.00005946 0.00020693  1.00000000
654.5  0.90494018 0.08926735 0.00149028 0.00168896 0.00016433 0.00001921 0.00132786 0.00081338 0.00005689 0.00023156  1.00000000
655.0  0.90475445 0.08952955 0.00147989 0.00162430 0.00019134 0.00004547 0.00131655 0.00071489 0.00011480 0.00022874  1.00000000
655.5  0.90529775 0.08909496 0.00144736 0.00161110 0.00017965 0.00007391 0.00128126 0.00069611 0.00014557 0.00017232  1.00000000
656.0  0.90458519 0.08970461 0.00144142 0.00164966 0.00020747 0.00005488 0.00134672 0.00065259 0.00017708 0.00018038  1.00000000
656.5  0.90536356 0.08892496 0.00141092 0.00157649 0.00026725 0.00008618 0.00131051 0.00065387 0.00021083 0.00019543  1.00000000
657.0  0.90449320 0.08973390 0.00144310 0.00152471 0.00026320 0.00016966 0.00143013 0.00031175 0.00035051 0.00027984  1.00000000
657.5  0.90575123 0.08890359 0.00146873 0.00137541 0.00027453 0.00017141 0.00103260 0.00029416 0.00047333 0.00025500  1.00000000
658.0  0.90494815 0.08936629 0.00149670 0.00139061 0.00030771 0.00004097 0.00111437 0.00031579 0.00076922 0.00025018  1.00000000
658.5  0.90542825 0.08898843 0.00149138 0.00136973 0.00036009 0.00003040 0.00097279 0.00020082 0.00089166 0.00026645  1.00000000
659.0  0.90555709 0.08918898 0.00147133 0.00123782 0.00038909 0.00001340 0.00085714 0.00011003 0.00086140 0.00031370  1.00000000
659.5  0.90518618 0.08946400 0.00151223 0.00117538 0.00049385 0.00001097 0.00090887 0.00010042 0.00085622 0.00029188  1.00000000
660.0  0.90570129 0.08884960 0.00152293 0.00098153 0.00059008 0.00001514 0.00100786 0.00009476 0.00096477 0.00027203  1.00000000
660.5  0.90517596 0.08960178 0.00158131 0.00086271 0.00062090 0.00002783 0.00100976 0.00008162 0.00077004 0.00026808  1.00000000
661.0  0.90581841 0.08897343 0.00151448 0.00083764 0.00076789 0.00001901 0.00109260 0.00008255 0.00061026 0.00028374  1.00000000
661.5  0.90514318 0.08945700 0.00154896 0.00079323 0.00085050 0.00001330 0.00108959 0.00008892 0.00064309 0.00037224  1.00000000
662.0  0.90539198 0.08922811 0.00148853 0.00076388 0.00090203 0.00000977 0.00107318 0.00009461 0.00068294 0.00036497  1.00000000
662.5  0.90519038 0.08927356 0.00154773 0.00071025 0.00110920 0.00002830 0.00109379 0.00009521 0.00062937 0.00032219  1.00000000
663.0  0.90528855 0.08943746 0.00151801 0.00056849 0.00106863 0.00002055 0.00116030 0.00008864 0.00055035 0.00029902  1.00000000
663.5  0.90554506 0.08910037 0.00155003 0.00057685 0.00104509 0.00001704 0.00123416 0.00007988 0.00054717 0.00030435  1.00000000
664.0  0.90482689 0.08973840 0.00144185 0.00054907 0.00112724 0.00000643 0.00119166 0.00011571 0.00059763 0.00040512  1.00000000
664.5  0.90521324 0.08922960 0.00151787 0.00060632 0.00106602 0.00002551 0.00105830 0.00031186 0.00057371 0.00039756  1.00000000
665.0  0.90522681 0.08939582 0.00151731 0.00059588 0.00104900 0.00001024 0.00020784 0.00113021 0.00045785 0.00040905  1.00000000
665.5  0.90500451 0.08948772 0.00158545 0.00060232 0.00106416 0.00002825 0.00003713 0.00153197 0.00026661 0.00039189  1.00000000
666.0  0.90517215 0.08905053 0.00160376 0.00058316 0.00100652 0.00000986 0.00001681 0.00173303 0.00034958 0.00047460  1.00000000
666.5  0.90449695 0.08966616 0.00155757 0.00061232 0.00097883 0.00003381 0.00002376 0.00139782 0.00059215 0.00064063  1.00000000
667.0  0.90571066 0.08857387 0.00152225 0.00069200 0.00093349 0.00002286 0.00017532 0.00106805 0.00065099 0.00065052  1.00000000
667.5  0.90443304 0.09009831 0.00126496 0.00075728 0.00094674 0.00002819 0.00040528 0.00082564 0.00067830 0.00056226  1.00000000
668.0  0.90605680 0.08836056 0.00150166 0.00074871 0.00093681 0.00003030 0.00054881 0.00071486 0.00062587 0.00047564  1.00000000
668.5  0.90457157 0.09005798 0.00151392 0.00069224 0.00085782 0.00001978 0.00051833 0.00082866 0.00048373 0.00045598  1.00000000
669.0  0.90626065 0.08832257 0.00147971 0.00069776 0.00083927 0.00023348 0.00039667 0.00076841 0.00045604 0.00054545  1.00000000
669.5  0.90464863 0.08974371 0.00145564 0.00084770 0.00082162 0.00023789 0.00023524 0.00095003 0.00049678 0.00056277  1.00000000
670.0  0.90612693 0.08825596 0.00144411 0.00099074 0.00069093 0.00034660 0.00022301 0.00091515 0.00045074 0.00055584  1.00000000
670.5  0.90518803 0.08919817 0.00144674 0.00099043 0.00049815 0.00037982 0.00017509 0.00115984 0.00038007 0.00058366  1.00000000
671.0  0.90603004 0.08848524 0.00143782 0.00094379 0.00045114 0.00046480 0.00017053 0.00103970 0.00038530 0.00059164  1.00000000
671.5  0.90552484 0.08920171 0.00143206 0.00082813 0.00046394 0.00031262 0.00022987 0.00109062 0.00041421 0.00050199  1.00000000
672.0  0.90587321 0.08884196 0.00139507 0.00092587 0.00039919 0.00031172 0.00020842 0.00109605 0.00040736 0.00054116  1.00000000
672.5  0.90586313 0.08889210 0.00131941 0.00097915 0.00036185 0.00033546 0.00024069 0.00108137 0.00041384 0.00051299  1.00000000
673.0  0.90571275 0.08900827 0.00127415 0.00110619 0.00033891 0.00030071 0.00023683 0.00109290 0.00041989 0.00050940  1.00000000
673.5  0.90555850 0.08911541 0.00126143 0.00110541 0.00036453 0.00020028 0.00032509 0.00118824 0.00041223 0.00046887  1.00000000
674.0  0.90581427 0.08886433 0.00124710 0.00111008 0.00043091 0.00006923 0.00042738 0.00116242 0.00042249 0.00045178  1.00000000
674.5  0.90509430 0.08951388 0.00123440 0.00104860 0.00054335 0.00002350 0.00054230 0.00104986 0.00048421 0.00046561  1.00000000
675.0  0.90624843 0.08838228 0.00122444 0.00097517 0.00052132 0.00000987 0.00052553 0.00108637 0.00054101 0.00048558  1.00000000
675.5  0.90448677 0.09021344 0.00122065 0.00088267 0.00059693 0.00002865 0.00040866 0.00110841 0.00055257 0.00050124  1.00000000
676.0  0.90675919 0.08796240 0.00120336 0.00086293 0.00068079 0.00004489 0.00037586 0.00105127 0.00065125 0.00040806  1.00000000
676.5  0.90422816 0.09038242 0.00133440 0.00068201 0.00082763 0.00004354 0.00037944 0.00078263 0.00096084 0.00037893  1.00000000
677.0  0.90661626 0.08775111 0.00138680 0.00047148 0.00098701 0.00007748 0.00038256 0.00079666 0.00114808 0.00038255  1.00000000
677.5  0.90445779 0.08990967 0.00145101 0.00030794 0.00123321 0.00009852 0.00032784 0.00064677 0.00123104 0.00033620  1.00000000
678.0  0.90606376 0.08829797 0.00150790 0.00018045 0.00133077 0.00011318 0.00024035 0.00047669 0.00151488 0.00027404  1.00000000
678.5  0.90546437 0.08861225 0.00157840 0.00012031 0.00142602 0.00012959 0.00028848 0.00033196 0.00187038 0.00017825  1.00000000
679.0  0.90451437 0.08961337 0.00164126 0.00009946 0.00140374 0.00010352 0.00032164 0.00038941 0.00179801 0.00011522  1.00000000
679.5  0.90651709 0.08744038 0.00166632 0.00008373 0.00134512 0.00009756 0.00035366 0.00036950 0.00208167 0.00004497  1.00000000
680.0  0.90323754 0.09062167 0.00171134 0.00005089 0.00155160 0.00008612 0.00027104 0.00034592 0.00211856 0.00000532  1.00000000
680.5  0.90723761 0.08675051 0.00171235 0.00003405 0.00154602 0.00012639 0.00022412 0.00031196 0.00204919 0.00000781  1.00000000
681.0  0.90304303 0.09075124 0.00168741 0.00005392 0.00153281 0.00012226 0.00026556 0.00049785 0.00201752 0.00002840  1.00000000
681.5  0.90664456 0.08700358 0.00168321 0.00007974 0.00157687 0.00009791 0.00032745 0.00046110 0.00209312 0.00003245  1.00000000
682.0  0.90380882 0.08998558 0.00171178 0.00009801 0.00156273 0.00007587 0.00033226 0.00033454 0.00200264 0.00008778  1.00000000
682.5  0.90577822 0.08797261 0.00179345 0.00009694 0.00157240 0.00007385 0.00025982 0.00033416 0.00152821 0.00059034  1.00000000
683.0  0.90481190 0.08876993 0.00185981 0.00011058 0.00160582 0.00010081 0.00020056 0.00038278 0.00125825 0.00089956  1.00000000
683.5  0.90467029 0.08894526 0.00194183 0.00019328 0.00148579 0.00011070 0.00021022 0.00034477 0.00118763 0.00091021  1.00000000
684.0  0.90556468 0.08786575 0.00199988 0.00030336 0.00149174 0.00010948 0.00025496 0.00028652 0.00115596 0.00096769  1.00000000
684.5  0.90436402 0.08889803 0.00205687 0.00045748 0.00140741 0.00009306 0.00024593 0.00029255 0.00113121 0.00105343  1.00000000
685.0  0.90524838 0.08766286 0.00215122 0.00062246 0.00119520 0.00004636 0.00017862 0.00036916 0.00111733 0.00140841  1.00000000
685.5  0.90427042 0.08861742 0.00221045 0.00077044 0.00104330 0.00007359 0.00016034 0.00037772 0.00102663 0.00144970  1.00000000
686.0  0.90478786 0.08827708 0.00231066 0.00107317 0.00081590 0.00018611 0.00012665 0.00031576 0.00096381 0.00114301  1.00000000
686.5  0.90518695 0.08781911 0.00229321 0.00146800 0.00052165 0.00016488 0.00009456 0.00037432 0.00099300 0.00108433  1.00000000
687.0  0.90408608 0.08876331 0.00232365 0.00182625 0.00030087 0.00018956 0.00013015 0.00033893 0.00090671 0.00113450  1.00000000
687.5  0.90531101 0.08743143 0.00222376 0.00201103 0.00015120 0.00008227 0.00004235 0.00050630 0.00089399 0.00134666  1.00000000
688.0  0.90376181 0.08887827 0.00228095 0.00208635 0.00008277 0.00022189 0.00001388 0.00060556 0.00074741 0.00132111  1.00000000
688.5  0.90510660 0.08746051 0.00215850 0.00213061 0.00006220 0.00013137 0.00002139 0.00090330 0.00074700 0.00127853  1.00000000
689.0  0.90603367 0.08668593 0.00204960 0.00211947 0.00002311 0.00003525 0.00003872 0.00102766 0.00073185 0.00125474  1.00000000
689.5  0.90637969 0.08656846 0.00205018 0.00202659 0.00000543 0.00002418 0.00008239 0.00099070 0.00061069 0.00126169  1.00000000
690.0  0.90562819 0.08735391 0.00202215 0.00205365 0.00002653 0.00003193 0.00015525 0.00096308 0.00051385 0.00125146  1.00000000
690.5  0.90371209 0.08905451 0.00199559 0.00216093 0.00002988 0.00007378 0.00018774 0.00096222 0.00054831 0.00127494  1.00000000
691.0  0.90052853 0.09215961 0.00199966 0.00210065 0.00005328 0.00016179 0.00021258 0.00088184 0.00061734 0.00128471  1.00000000
691.5  0.89628092 0.09650126 0.00201026 0.00202266 0.00010422 0.00014257 0.00026974 0.00082022 0.00057861 0.00126954  1.00000000
692.0  0.89116346 0.10169889 0.00201344 0.00194699 0.00014933 0.00010042 0.00029749 0.00096417 0.00048874 0.00117708  1.00000000
692.5  0.88523111 0.10769896 0.00203593 0.00188830 0.00020884 0.00015480 0.00024944 0.00098782 0.00051920 0.00102559  1.00000000
693.0  0.87852265 0.11408829 0.00204875 0.00201682 0.00028271 0.00017085 0.00025048 0.00090608 0.00068909 0.00102428  1.00000000
693.5  0.87206868 0.12082665 0.00206025 0.00173449 0.00032007 0.00010771 0.00024194 0.00090815 0.00080719 0.00092487  1.00000000
694.0  0.86569172 0.12733049 0.00201346 0.00165845 0.00034750 0.00013041 0.00017168 0.00094152 0.00078315 0.00093163  1.00000000
694.5  0.85957307 0.13311078 0.00200249 0.00178168 0.00055521 0.00021002 0.00011574 0.00090620 0.00078874 0.00095607  1.00000000
695.0  0.85437268 0.13844134 0.00201134 0.00158896 0.00068437 0.00021392 0.00010026 0.00071092 0.00094830 0.00092790  1.00000000
695.5  0.84998736 0.14309535 0.00182223 0.00145258 0.00071545 0.00023067 0.00005699 0.00042472 0.00122801 0.00098663  1.00000000
696.0  0.84647140 0.14638795 0.00170855 0.00144617 0.00093190 0.00027841 0.00003904 0.00026654 0.00133303 0.00113702  1.00000000
696.5  0.84429239 0.14873028 0.00171671 0.00120036 0.00097637 0.00026847 0.00003730 0.00021869 0.00137007 0.00118936  1.00000000
697.0  0.84294561 0.15031789 0.00172892 0.00109459 0.00092442 0.00019109 0.00001783 0.00014532 0.00147334 0.00116100  1.00000000
697.5  0.84225337 0.15084919 0.00173819 0.00117102 0.00102960 0.00020742 0.00001112 0.00004916 0.00156898 0.00112196  1.00000000
698.0  0.84225261 0.15094457 0.00170479 0.00116523 0.00094905 0.00020452 0.00001404 0.00001046 0.00155061 0.00120412  1.00000000
698.5  0.84237077 0.15081970 0.00170363 0.00110959 0.00099601 0.00021119 0.00000154 0.00000386 0.00143840 0.00134531  1.00000000
699.0  0.84232971 0.15093210 0.00169501 0.00112053 0.00101046 0.00013382 0.00000671 0.00000174 0.00139964 0.00137029  1.00000000
699.5  0.84187999 0.15149022 0.00172424 0.00107379 0.00092910 0.00013374 0.00001661 0.00001333 0.00140567 0.00133332  1.00000000
700.0  0.84061055 0.15271601 0.00172680 0.00114824 0.00097546 0.00013318 0.00000691 0.00001890 0.00138740 0.00127655  1.00000000
700.5  0.83813845 0.15508511 0.00173510 0.00114803 0.00105650 0.00009036 0.00000680 0.00001973 0.00138378 0.00133614  1.00000000
701.0  0.83440875 0.15888803 0.00172668 0.00106898 0.00096113 0.00007440 0.00001387 0.00004013 0.00138996 0.00142806  1.00000000
701.5  0.82960534 0.16351506 0.00174107 0.00111368 0.00100208 0.00006182 0.00007722 0.00008696 0.00137294 0.00142384  1.00000000
702.0  0.82401287 0.16893071 0.00170428 0.00114967 0.00105202 0.00004655 0.00011045 0.00014438 0.00130529 0.00154378  1.00000000
702.5  0.81804912 0.17500059 0.00173732 0.00111554 0.00103294 0.00003763 0.00008972 0.00011485 0.00129281 0.00152949  1.00000000
703.0  0.81238125 0.18073800 0.00163459 0.00124692 0.00099621 0.00003936 0.00009336 0.00007317 0.00132199 0.00147515  1.00000000
703.5  0.80795160 0.18488914 0.00173496 0.00122288 0.00103284 0.00004015 0.00023008 0.00012139 0.00125234 0.00152462  1.00000000
704.0  0.80562683 0.18758138 0.00168078 0.00119598 0.00097919 0.00004126 0.00022376 0.00019364 0.00112768 0.00134950  1.00000000
704.5  0.80551273 0.18772762 0.00181792 0.00123183 0.00086478 0.00008466 0.00020090 0.00019475 0.00107518 0.00128962  1.00000000
705.0  0.80803880 0.18509855 0.00172106 0.00128608 0.00086297 0.00018816 0.00022517 0.00012578 0.00112413 0.00132930  1.00000000
705.5  0.81334294 0.17994156 0.00175211 0.00132086 0.00078953 0.00028840 0.00030985 0.00003844 0.00097619 0.00124012  1.00000000
706.0  0.82026141 0.17287171 0.00168262 0.00143538 0.00073488 0.00044493 0.00051169 0.00038619 0.00045820 0.00121300  1.00000000
706.5  0.82799628 0.16492433 0.00169910 0.00150778 0.00075927 0.00049691 0.00041822 0.00053454 0.00031068 0.00135291  1.00000000
707.0  0.83623486 0.15673562 0.00169793 0.00150109 0.00077553 0.00059683 0.00037122 0.00044436 0.00026027 0.00138228  1.00000000
707.5  0.84374246 0.14914162 0.00170937 0.00156923 0.00077963 0.00075366 0.00040493 0.00037046 0.00024332 0.00128531  1.00000000
708.0  0.84972987 0.14319397 0.00174993 0.00155893 0.00078476 0.00081358 0.00041385 0.00030164 0.00023479 0.00121867  1.00000000
708.5  0.85365089 0.13916520 0.00173338 0.00155619 0.00090468 0.00078639 0.00032147 0.00039259 0.00020329 0.00128591  1.00000000
709.0  0.85566558 0.13724967 0.00170437 0.00149692 0.00095238 0.00072949 0.00023761 0.00038337 0.00018668 0.00139394  1.00000000
709.5  0.85600261 0.13685231 0.00169433 0.00149913 0.00091495 0.00084105 0.00026082 0.00031869 0.00022963 0.00138647  1.00000000
710.0  0.85484430 0.13767349 0.00169598 0.00157293 0.00087462 0.00094709 0.00030025 0.00026647 0.00024411 0.00158077  1.00000000
710.5  0.85349542 0.13926780 0.00173242 0.00151767 0.00081899 0.00082128 0.00027379 0.00027077 0.00018777 0.00161410  1.00000000
711.0  0.85216639 0.14081444 0.00169962 0.00150661 0.00076916 0.00076915 0.00029367 0.00022947 0.00015302 0.00159847  1.00000000
711.5  0.85131347 0.14142415 0.00170934 0.00145541 0.00072249 0.00104762 0.00029954 0.00020231 0.00025617 0.00156950  1.00000000
712.0  0.85114991 0.14105675 0.00167335 0.00148771 0.00078255 0.00106109 0.00056462 0.00025232 0.00020940 0.00176230  1.00000000
712.5  0.85248117 0.13975031 0.00172077 0.00154066 0.00068381 0.00125254 0.00029528 0.00026820 0.00013206 0.00187520  1.00000000
713.0  0.85486186 0.13757647 0.00175033 0.00149772 0.00055527 0.00123100 0.00034504 0.00036991 0.00000094 0.00181147  1.00000000
713.5  0.85770309 0.13448126 0.00176429 0.00160194 0.00049581 0.00129708 0.00044338 0.00039231 0.00003093 0.00178992  1.00000000
714.0  0.86107082 0.13116652 0.00167861 0.00168481 0.00057354 0.00124296 0.00055790 0.00030862 0.00007283 0.00164340  1.00000000
714.5  0.86416182 0.12831923 0.00165779 0.00158711 0.00067974 0.00146986 0.00022626 0.00025663 0.00004586 0.00159570  1.00000000
715.0  0.86616650 0.12626239 0.00164794 0.00158374 0.00071385 0.00101400 0.00076023 0.00030240 0.00004383 0.00150513  1.00000000
715.5  0.86665194 0.12531198 0.00171562 0.00160767 0.00085447 0.00145826 0.00043361 0.00030339 0.00005338 0.00160969  1.00000000
716.0  0.86538865 0.12666926 0.00170413 0.00143092 0.00096218 0.00113684 0.00057431 0.00029490 0.00005285 0.00178597  1.00000000
716.5  0.86243339 0.12996891 0.00175136 0.00127558 0.00087100 0.00116329 0.00044820 0.00026062 0.00004572 0.00178192  1.00000000
717.0  0.85711665 0.13531236 0.00168304 0.00130757 0.00092551 0.00119414 0.00040175 0.00034168 0.00004855 0.00166875  1.00000000
717.5  0.84949281 0.14277724 0.00170309 0.00126115 0.00104135 0.00120984 0.00036878 0.00041644 0.00005213 0.00167715  1.00000000
718.0  0.84021042 0.15219379 0.00166030 0.00118194 0.00097000 0.00120703 0.00040906 0.00042391 0.00005088 0.00169267  1.00000000
718.5  0.82950283 0.16272061 0.00169028 0.00123924 0.00099791 0.00116473 0.00035019 0.00048351 0.00004575 0.00180496  1.00000000
719.0  0.81813664 0.17407815 0.00169065 0.00118689 0.00107607 0.00123043 0.00028032 0.00049409 0.00003728 0.00178948  1.00000000
719.5  0.80702201 0.18552058 0.00166082 0.00110667 0.00099337 0.00120659 0.00024526 0.00058702 0.00003488 0.00162280  1.00000000
720.0  0.79638146 0.19643480 0.00167689 0.00108268 0.00101051 0.00105804 0.00031080 0.00059584 0.00003547 0.00141351  1.00000000
720.5  0.78680869 0.20605044 0.00168442 0.00093508 0.00100982 0.00109501 0.00027436 0.00071282 0.00004008 0.00138927  1.00000000
721.0  0.77853890 0.21445097 0.00170539 0.00084846 0.00110363 0.00096433 0.00026833 0.00059241 0.00005048 0.00147709  1.00000000
721.5  0.77190596 0.22099325 0.00169055 0.00090199 0.00116294 0.00100146 0.00024505 0.00064185 0.00005687 0.00140007  1.00000000
722.0  0.76716803 0.22573765 0.00166725 0.00086590 0.00107561 0.00092619 0.00031071 0.00066973 0.00009264 0.00148630  1.00000000
722.5  0.76422039 0.22896443 0.00166210 0.00077986 0.00103399 0.00097124 0.00020456 0.00067260 0.00013789 0.00135294  1.00000000
723.0  0.76259684 0.23067866 0.00164464 0.00090998 0.00110929 0.00087443 0.00019424 0.00052240 0.00014931 0.00132022  1.00000000
723.5  0.76179120 0.23137328 0.00170295 0.00096298 0.00106524 0.00083257 0.00020674 0.00047771 0.00018490 0.00140243  1.00000000
724.0  0.76174719 0.23119732 0.00169953 0.00084816 0.00095876 0.00089889 0.00033219 0.00051247 0.00033366 0.00147182  1.00000000
724.5  0.76153749 0.23092243 0.00174409 0.00095187 0.00104520 0.00108208 0.00026093 0.00019905 0.00050925 0.00174761  1.00000000
725.0  0.76106161 0.23152084 0.00169603 0.00102232 0.00107005 0.00099732 0.00026264 0.00007149 0.00057003 0.00172769  1.00000000
725.5  0.75965064 0.23318236 0.00166806 0.00098924 0.00108881 0.00089451 0.00028859 0.00002307 0.00063517 0.00157956  1.00000000
726.0  0.75690751 0.23607695 0.00163274 0.00107244 0.00097230 0.00083824 0.00015611 0.00005861 0.00080440 0.00148069  1.00000000
726.5  0.75227584 0.24045416 0.00164446 0.00122374 0.00091591 0.00102130 0.00014106 0.00008876 0.00070724 0.00152754  1.00000000
727.0  0.74549729 0.24710562 0.00168314 0.00120386 0.00085451 0.00102504 0.00014112 0.00003913 0.00065903 0.00179128  1.00000000
727.5  0.73647394 0.25579184 0.00166718 0.00123877 0.00080380 0.00115667 0.00012970 0.00005760 0.00076825 0.00191225  1.00000000
728.0  0.72591789 0.26637149 0.00167868 0.00130436 0.00079445 0.00112746 0.00014193 0.00009535 0.00076343 0.00180495  1.00000000
728.5  0.71458802 0.27798702 0.00163014 0.00132579 0.00082111 0.00092471 0.00017415 0.00015974 0.00073769 0.00165164  1.00000000
729.0  0.70282075 0.28963959 0.00163329 0.00133884 0.00078056 0.00103038 0.00015758 0.00014891 0.00074143 0.00170867  1.00000000
729.5  0.69175958 0.30019545 0.00168296 0.00139971 0.00076882 0.00128431 0.00013106 0.00009637 0.00076046 0.00192129  1.00000000
730.0  0.68335144 0.30858640 0.00163771 0.00127665 0.00079462 0.00122776 0.00016313 0.00008538 0.00080279 0.00207412  1.00000000
730.5  0.67855930 0.31348094 0.00167843 0.00124118 0.00078240 0.00116068 0.00018079 0.00010296 0.00072962 0.00208369  1.00000000
731.0  0.67786730 0.31416843 0.00160413 0.00123603 0.00081336 0.00130842 0.00015719 0.00011807 0.00060798 0.00211909  1.00000000
731.5  0.68174820 0.31030116 0.00166328 0.00108040 0.00089720 0.00130690 0.00016467 0.00010602 0.00061392 0.00211826  1.00000000
732.0  0.68913746 0.30286241 0.00162992 0.00109756 0.00086586 0.00131257 0.00026540 0.00007688 0.00074770 0.00200425  1.00000000
732.5  0.69982059 0.29233575 0.00163590 0.00096338 0.00105707 0.00145975 0.00011459 0.00010162 0.00076889 0.00174245  1.00000000
733.0  0.71176177 0.28040079 0.00166882 0.00061450 0.00135059 0.00146847 0.00012765 0.00008349 0.00071046 0.00181346  1.00000000
733.5  0.72334804 0.26872964 0.00159780 0.00023738 0.00179049 0.00142928 0.00015523 0.00016382 0.00073051 0.00181780  1.00000000
734.0  0.73377575 0.25838950 0.00163647 0.00011904 0.00183890 0.00153973 0.00016864 0.00046664 0.00029402 0.00177133  1.00000000
734.5  0.74187561 0.25036430 0.00160330 0.00018881 0.00178215 0.00139469 0.00013759 0.00067414 0.00015147 0.00182794  1.00000000
735.0  0.74748727 0.24485340 0.00163345 0.00027308 0.00170726 0.00142838 0.00017904 0.00053701 0.00013823 0.00176290  1.00000000
735.5  0.75062437 0.24185961 0.00163900 0.00033082 0.00159279 0.00130696 0.00020258 0.00061852 0.00009865 0.00172670  1.00000000
736.0  0.75137269 0.24121353 0.00156551 0.00040269 0.00140670 0.00140903 0.00019818 0.00067917 0.00005509 0.00169741  1.00000000
736.5  0.75079625 0.24151382 0.00162470 0.00040673 0.00148168 0.00147993 0.00024292 0.00056578 0.00008594 0.00180225  1.00000000
737.0  0.75015516 0.24243870 0.00153035 0.00036786 0.00160017 0.00144961 0.00023831 0.00034899 0.00009572 0.00177514  1.00000000
737.5  0.74982118 0.24291060 0.00163446 0.00039956 0.00140613 0.00136446 0.00027013 0.00047132 0.00005978 0.00166240  1.00000000
738.0  0.75018347 0.24219084 0.00159895 0.00037015 0.00139352 0.00133914 0.00026445 0.00066647 0.00005375 0.00193926  1.00000000
738.5  0.75168620 0.24036355 0.00164468 0.00033025 0.00163238 0.00141463 0.00016346 0.00054976 0.00006406 0.00215103  1.00000000
739.0  0.75522389 0.23700011 0.00159566 0.00037382 0.00152632 0.00143460 0.00016185 0.00045220 0.00007826 0.00215328  1.00000000
739.5  0.76060730 0.23186538 0.00158331 0.00030075 0.00156726 0.00146120 0.00015902 0.00043670 0.00005688 0.00196220  1.00000000
740.0  0.76749810 0.22503509 0.00156787 0.00016428 0.00158677 0.00130925 0.00019218 0.00073892 0.00004917 0.00185838  1.00000000
740.5  0.77523949 0.21711817 0.00157896 0.00023425 0.00165876 0.00142483 0.00023525 0.00055722 0.00004122 0.00191186  1.00000000
741.0  0.78347085 0.20879715 0.00162250 0.00021047 0.00173789 0.00105688 0.00032939 0.00072069 0.00004027 0.00201391  1.00000000
741.5  0.79161061 0.20127214 0.00127118 0.00008600 0.00162365 0.00115232 0.00058227 0.00035870 0.00000980 0.00203334  1.00000000
742.0  0.79880837 0.19441724 0.00086289 0.00013564 0.00157464 0.00086024 0.00050119 0.00078791 0.00001704 0.00203485  1.00000000
742.5  0.80411768 0.18885808 0.00083951 0.00014765 0.00181363 0.00086545 0.00076691 0.00055116 0.00002293 0.00201701  1.00000000
743.0  0.80697013 0.18609479 0.00082543 0.00008876 0.00161606 0.00077602 0.00069923 0.00064034 0.00007469 0.00221455  1.00000000
743.5  0.80716727 0.18608444 0.00085350 0.00012063 0.00145674 0.00081819 0.00080986 0.00015412 0.00029429 0.00224096  1.00000000
744.0  0.80447929 0.18885222 0.00081218 0.00023188 0.00134716 0.00071160 0.00074827 0.00010643 0.00051433 0.00219665  1.00000000
744.5  0.79910124 0.19426127 0.00081655 0.00021456 0.00135852 0.00056103 0.00100876 0.00005764 0.00058387 0.00203656  1.00000000
745.0  0.79123820 0.20216683 0.00081545 0.00011235 0.00133575 0.00034784 0.00123593 0.00005548 0.00065524 0.00203694  1.00000000
745.5  0.78186967 0.21166613 0.00078669 0.00012943 0.00126989 0.00031310 0.00131384 0.00004894 0.00052933 0.00207299  1.00000000
746.0  0.77125627 0.22216383 0.00083185 0.00012626 0.00126895 0.00020427 0.00127405 0.00006122 0.00047577 0.00233754  1.00000000
746.5  0.76045810 0.23286167 0.00078352 0.00013221 0.00128533 0.00006478 0.00143950 0.00006503 0.00055443 0.00235542  1.00000000
747.0  0.75002420 0.24306212 0.00084535 0.00015090 0.00125728 0.00002048 0.00162587 0.00007823 0.00058603 0.00234953  1.00000000
747.5  0.74076173 0.25259319 0.00075792 0.00015187 0.00117603 0.00003590 0.00157861 0.00007422 0.00054415 0.00232638  1.00000000
748.0  0.73293995 0.26038147 0.00085724 0.00016725 0.00112695 0.00009210 0.00141102 0.00007384 0.00052681 0.00242337  1.00000000
748.5  0.72663604 0.26658780 0.00077296 0.00014352 0.00124728 0.00008060 0.00126659 0.00007721 0.00053712 0.00265088  1.00000000
749.0  0.72226011 0.27083101 0.00079338 0.00014278 0.00137351 0.00002922 0.00129718 0.00007555 0.00048520 0.00271207  1.00000000
749.5  0.72009109 0.27335868 0.00080498 0.00009210 0.00152396 0.00003474 0.00129063 0.00006868 0.00045282 0.00228232  1.00000000
750.0  0.71956538 0.27423636 0.00077998 0.00015444 0.00152452 0.00004648 0.00121668 0.00005733 0.00032201 0.00209681  1.00000000
750.5  0.72033833 0.27379485 0.00079802 0.00009832 0.00144710 0.00004566 0.00111003 0.00006013 0.00022540 0.00208216  1.00000000
751.0  0.72193578 0.27217259 0.00075306 0.00010182 0.00142409 0.00002442 0.00104425 0.00008185 0.00022025 0.00224186  1.00000000
751.5  0.72373792 0.27029771 0.00083540 0.00010256 0.00146487 0.00001626 0.00080726 0.00007862 0.00026616 0.00239324  1.00000000
752.0  0.72491632 0.26867982 0.00077137 0.00011143 0.00145220 0.00003567 0.00093688 0.00008124 0.00025424 0.00276082  1.00000000
752.5  0.72482808 0.26843740 0.00078497 0.00009893 0.00154238 0.00023467 0.00087551 0.00017602 0.00018517 0.00283688  1.00000000
753.0  0.72299806 0.26998529 0.00081939 0.00012652 0.00156170 0.00023240 0.00109606 0.00020756 0.00017542 0.00279759  1.00000000
753.5  0.71881895 0.27410707 0.00077371 0.00009917 0.00166872 0.00023146 0.00107321 0.00032332 0.00015295 0.00275145  1.00000000
754.0  0.71190532 0.28115029 0.00082479 0.00008065 0.00151518 0.00032569 0.00103435 0.00030657 0.00007596 0.00278119  1.00000000
754.5  0.70224913 0.29106849 0.00080439 0.00007553 0.00151318 0.00025272 0.00086504 0.00026687 0.00009781 0.00280684  1.00000000
755.0  0.69018074 0.30289350 0.00081246 0.00007680 0.00162605 0.00024234 0.00087510 0.00032543 0.00006639 0.00290118  1.00000000
755.5  0.67718377 0.31563894 0.00079423 0.00008809 0.00166173 0.00030576 0.00097783 0.00036966 0.00007370 0.00290629  1.00000000
756.0  0.66455651 0.32834897 0.00081254 0.00011434 0.00168703 0.00026196 0.00097384 0.00035363 0.00006968 0.00282152  1.00000000
756.5  0.65358000 0.33937557 0.00080688 0.00011879 0.00174183 0.00023931 0.00098985 0.00030706 0.00008009 0.00276062  1.00000000
757.0  0.64512971 0.34771812 0.00080472 0.00010809 0.00185004 0.00017466 0.00090820 0.00040025 0.00010222 0.00280399  1.00000000
757.5  0.64051599 0.35238346 0.00080627 0.00011447 0.00185711 0.00021585 0.00087152 0.00046272 0.00004490 0.00272772  1.00000000
758.0  0.64015454 0.35292244 0.00085206 0.00011715 0.00179886 0.00016599 0.00085702 0.00055695 0.00004428 0.00253071  1.00000000
758.5  0.64343883 0.34966379 0.00084037 0.00009317 0.00176858 0.00018142 0.00105093 0.00036306 0.00004478 0.00255507  1.00000000
759.0  0.64965840 0.34336565 0.00087078 0.00009548 0.00172671 0.00012384 0.00062551 0.00074112 0.00011533 0.00267717  1.00000000
759.5  0.65784489 0.33504383 0.00086534 0.00010230 0.00163947 0.00006050 0.00135235 0.00021680 0.00013014 0.00274438  1.00000000
760.0  0.66682670 0.32601557 0.00085023 0.00010783 0.00169421 0.00021771 0.00146272 0.00007510 0.00010143 0.00264851  1.00000000
760.5  0.67552641 0.31721738 0.00085132 0.00010870 0.00188547 0.00023769 0.00145587 0.00004208 0.00017282 0.00250227  1.00000000
761.0  0.68309146 0.30967594 0.00084411 0.00011080 0.00187259 0.00041849 0.00107246 0.00023523 0.00016327 0.00251565  1.00000000
761.5  0.68838791 0.30417974 0.00088970 0.00012371 0.00172202 0.00045986 0.00114591 0.00020918 0.00013859 0.00274339  1.00000000
762.0  0.69224644 0.30043876 0.00097720 0.00011137 0.00153620 0.00028918 0.00130024 0.00018565 0.00010581 0.00280915  1.00000000
762.5  0.69421435 0.29837068 0.00103549 0.00027245 0.00148466 0.00087892 0.00066326 0.00019489 0.00012786 0.00275745  1.00000000
763.0  0.69491587 0.29782001 0.00093299 0.00015809 0.00180854 0.00032075 0.00106714 0.00014396 0.00008744 0.00274522  1.00000000
763.5  0.69487609 0.29754647 0.00102322 0.00026059 0.00174481 0.00053079 0.00085594 0.00019714 0.00009871 0.00286622  1.00000000
764.0  0.69476895 0.29727863 0.00112835 0.00020943 0.00177338 0.00051022 0.00102423 0.00023425 0.00009991 0.00297266  1.00000000
764.5  0.69581798 0.29616089 0.00133491 0.00015129 0.00164596 0.00062636 0.00105795 0.00019076 0.00009173 0.00292216  1.00000000
765.0  0.69851409 0.29361901 0.00133883 0.00019940 0.00164933 0.00054358 0.00125499 0.00016663 0.00006438 0.00264976  1.00000000
765.5  0.70291833 0.28911978 0.00131800 0.00020064 0.00178226 0.00058643 0.00121991 0.00018368 0.00007421 0.00259677  1.00000000
766.0  0.70922531 0.28259276 0.00134335 0.00014056 0.00191997 0.00051453 0.00132850 0.00022152 0.00008479 0.00262871  1.00000000
766.5  0.71744429 0.27439256 0.00130566 0.00016198 0.00192511 0.00054672 0.00128073 0.00018418 0.00009662 0.00266215  1.00000000
767.0  0.72726017 0.26439937 0.00134547 0.00017763 0.00179768 0.00050341 0.00130413 0.00018943 0.00011549 0.00290722  1.00000000
767.5  0.73828122 0.25328588 0.00127046 0.00029951 0.00181864 0.00053356 0.00119535 0.00016548 0.00016023 0.00298967  1.00000000
768.0  0.74958001 0.24172652 0.00134913 0.00030476 0.00201874 0.00040213 0.00109147 0.00028571 0.00022333 0.00301818  1.00000000
768.5  0.76043505 0.23116298 0.00134170 0.00029654 0.00212162 0.00040628 0.00116084 0.00013821 0.00028856 0.00264823  1.00000000
769.0  0.76985622 0.22172761 0.00136408 0.00045068 0.00208592 0.00039254 0.00089990 0.00037203 0.00036636 0.00248467  1.00000000
769.5  0.77733280 0.21435406 0.00136682 0.00045216 0.00199249 0.00032402 0.00095997 0.00023532 0.00038070 0.00260167  1.00000000
770.0  0.78229245 0.20937268 0.00134931 0.00043446 0.00201583 0.00025734 0.00073945 0.00033863 0.00046546 0.00273438  1.00000000
770.5  0.78450401 0.20677844 0.00140895 0.00046901 0.00210557 0.00021590 0.00082485 0.00031154 0.00056596 0.00281575  1.00000000
771.0  0.78402920 0.20720081 0.00130452 0.00060374 0.00206919 0.00022636 0.00046581 0.00043919 0.00080181 0.00285938  1.00000000
771.5  0.78120945 0.20998947 0.00136545 0.00064495 0.00209039 0.00021195 0.00042446 0.00046408 0.00087776 0.00272204  1.00000000
772.0  0.77613187 0.21501511 0.00137922 0.00048919 0.00232265 0.00026913 0.00019957 0.00029580 0.00112749 0.00276997  1.00000000
772.5  0.76959237 0.22129421 0.00133275 0.00051757 0.00216711 0.00025508 0.00041096 0.00013015 0.00127427 0.00302553  1.00000000
773.0  0.76255367 0.22814489 0.00137356 0.00052171 0.00222668 0.00038472 0.00021775 0.00034890 0.00120194 0.00302619  1.00000000
773.5  0.75562853 0.23517808 0.00125738 0.00060474 0.00220437 0.00039962 0.00013689 0.00027393 0.00134441 0.00297206  1.00000000
774.0  0.74932383 0.24142612 0.00136966 0.00060656 0.00212746 0.00034727 0.00011856 0.00033445 0.00145830 0.00288781  1.00000000
774.5  0.74386771 0.24691001 0.00126881 0.00057822 0.00220358 0.00037886 0.00016848 0.00026305 0.00149506 0.00286623  1.00000000
775.0  0.74018019 0.25042530 0.00138678 0.00054921 0.00218252 0.00047723 0.00019689 0.00029168 0.00132541 0.00298478  1.00000000
775.5  0.73786926 0.25279046 0.00129906 0.00052057 0.00225207 0.00045078 0.00015526 0.00023720 0.00144824 0.00297711  1.00000000
776.0  0.73720783 0.25339807 0.00136076 0.00055479 0.00232697 0.00038269 0.00012993 0.00025886 0.00159970 0.00278040  1.00000000
776.5  0.73817511 0.25237869 0.00136177 0.00046734 0.00239120 0.00037502 0.00018658 0.00026012 0.00157509 0.00282907  1.00000000
777.0  0.74045912 0.25075323 0.00130866 0.00046288 0.00210707 0.00045381 0.00020423 0.00022378 0.00126193 0.00276528  1.00000000
777.5  0.74342861 0.24785820 0.00138217 0.00049373 0.00200067 0.00058327 0.00019154 0.00014196 0.00120354 0.00271630  1.00000000
778.0  0.74665412 0.24453359 0.00131350 0.00047861 0.00203503 0.00069364 0.00011199 0.00005697 0.00142485 0.00269771  1.00000000
778.5  0.74929110 0.24153520 0.00131737 0.00044869 0.00210811 0.00073073 0.00021763 0.00008432 0.00134716 0.00291968  1.00000000
779.0  0.75103482 0.23984104 0.00130385 0.00051534 0.00204550 0.00067751 0.00018532 0.00000675 0.00137634 0.00301353  1.00000000
779.5  0.75104044 0.24019152 0.00131657 0.00047571 0.00196425 0.00067179 0.00022769 0.00005298 0.00127208 0.00278696  1.00000000
780.0  0.74846460 0.24260456 0.00139289 0.00044399 0.00193422 0.00090102 0.00008755 0.00006471 0.00117300 0.00293347  1.00000000
780.5  0.74312635 0.24786937 0.00130611 0.00043373 0.00201301 0.00086475 0.00012109 0.00002661 0.00119528 0.00304371  1.00000000
781.0  0.73478568 0.25613708 0.00135823 0.00046173 0.00205100 0.00075911 0.00008288 0.00003840 0.00108044 0.00324546  1.00000000
781.5  0.72393298 0.26701536 0.00129638 0.00050404 0.00205133 0.00074465 0.00007817 0.00001797 0.00097398 0.00338514  1.00000000
782.0  0.71160052 0.27937951 0.00129266 0.00049500 0.00219272 0.00054874 0.00038696 0.00002697 0.00072437 0.00335255  1.00000000
782.5  0.69873211 0.29234147 0.00130911 0.00047940 0.00218686 0.00042750 0.00056620 0.00002997 0.00066975 0.00325764  1.00000000
783.0  0.68650085 0.30448664 0.00134429 0.00051208 0.00218100 0.00037841 0.00048702 0.00000819 0.00080363 0.00329788  1.00000000
783.5  0.67614873 0.31459904 0.00129112 0.00053622 0.00217222 0.00039741 0.00032434 0.00000295 0.00101703 0.00351094  1.00000000
784.0  0.66888450 0.32188943 0.00134153 0.00040342 0.00212537 0.00046874 0.00041586 0.00001457 0.00085711 0.00359945  1.00000000
784.5  0.66491824 0.32580023 0.00132900 0.00049808 0.00211226 0.00045845 0.00052023 0.00000308 0.00072216 0.00363826  1.00000000
785.0  0.66397733 0.32661012 0.00133575 0.00047756 0.00234930 0.00039533 0.00051037 0.00000519 0.00076800 0.00357105  1.00000000
785.5  0.66603511 0.32468251 0.00135539 0.00043893 0.00219581 0.00036022 0.00043849 0.00000839 0.00089046 0.00359470  1.00000000
786.0  0.66978909 0.32070229 0.00140238 0.00046109 0.00221372 0.00043125 0.00050576 0.00001137 0.00090669 0.00357636  1.00000000
786.5  0.67443368 0.31609017 0.00134481 0.00053970 0.00213792 0.00042463 0.00058564 0.00001261 0.00084009 0.00359076  1.00000000
787.0  0.67881036 0.31181949 0.00138309 0.00054831 0.00205959 0.00039202 0.00056480 0.00003076 0.00079012 0.00360146  1.00000000
787.5  0.68249164 0.30837109 0.00132748 0.00056424 0.00196902 0.00035010 0.00059806 0.00004617 0.00067133 0.00361088  1.00000000
788.0  0.68498012 0.30569917 0.00138144 0.00034671 0.00201666 0.00032776 0.00061610 0.00002638 0.00059307 0.00401259  1.00000000
788.5  0.68590061 0.30463741 0.00133499 0.00055894 0.00191503 0.00026456 0.00062346 0.00006770 0.00064404 0.00405327  1.00000000
789.0  0.68540256 0.30492748 0.00140498 0.00043774 0.00211359 0.00036210 0.00057899 0.00009119 0.00062278 0.00405859  1.00000000
789.5  0.68440729 0.30619291 0.00139512 0.00064179 0.00180680 0.00046410 0.00049057 0.00008460 0.00057124 0.00394560  1.00000000
790.0  0.68295546 0.30728781 0.00134159 0.00013921 0.00267780 0.00056478 0.00043622 0.00010149 0.00045808 0.00403756  1.00000000
790.5  0.68260316 0.30813859 0.00138995 0.00072554 0.00190396 0.00059317 0.00031729 0.00006749 0.00066583 0.00359502  1.00000000
791.0  0.68277610 0.30819012 0.00136975 0.00043332 0.00189284 0.00074318 0.00034319 0.00031075 0.00036265 0.00357811  1.00000000
791.5  0.68456759 0.30664464 0.00134644 0.00050405 0.00163057 0.00085439 0.00023076 0.00007480 0.00056931 0.00357747  1.00000000
792.0  0.68820829 0.30246011 0.00131262 0.00045696 0.00182621 0.00087388 0.00047106 0.00006508 0.00037593 0.00394986  1.00000000
792.5  0.69370918 0.29648929 0.00138296 0.00059893 0.00191329 0.00022737 0.00127521 0.00003832 0.00032659 0.00403885  1.00000000
793.0  0.70122850 0.28896329 0.00123206 0.00057557 0.00204310 0.00120663 0.00044731 0.00009629 0.00023715 0.00397011  1.00000000
793.5  0.71017361 0.28008131 0.00173000 0.00049773 0.00157666 0.00111303 0.00021956 0.00050123 0.00024566 0.00386122  1.00000000
794.0  0.72005635 0.26951398 0.00252340 0.00047961 0.00155859 0.00113951 0.00013256 0.00061366 0.00020390 0.00377844  1.00000000
794.5  0.72991692 0.25938767 0.00253903 0.00064534 0.00160227 0.00114450 0.00011687 0.00071251 0.00018162 0.00375326  1.00000000
795.0  0.73930056 0.25004461 0.00251299 0.00037762 0.00170818 0.00130267 0.00011272 0.00066170 0.00017705 0.00380189  1.00000000
795.5  0.74750113 0.24190877 0.00248429 0.00046056 0.00157216 0.00132533 0.00011175 0.00066583 0.00017767 0.00379251  1.00000000
796.0  0.75450468 0.23485646 0.00258944 0.00048889 0.00163691 0.00130140 0.00019352 0.00075220 0.00014342 0.00353308  1.00000000
796.5  0.75980503 0.23030860 0.00248400 0.00045200 0.00143222 0.00137921 0.00013297 0.00080284 0.00011392 0.00308919  1.00000000
797.0  0.76271699 0.22729230 0.00254444 0.00029448 0.00148447 0.00126953 0.00023452 0.00083865 0.00011593 0.00320869  1.00000000
797.5  0.76357610 0.22597734 0.00251704 0.00050165 0.00140465 0.00143025 0.00021363 0.00068279 0.00012218 0.00357437  1.00000000
798.0  0.76324313 0.22656051 0.00251468 0.00049473 0.00139788 0.00128180 0.00022763 0.00085549 0.00010077 0.00332339  1.00000000
798.5  0.76207871 0.22793368 0.00246926 0.00036971 0.00143890 0.00136470 0.00013275 0.00085670 0.00010864 0.00324697  1.00000000
799.0  0.76018765 0.22978629 0.00257495 0.00064610 0.00117740 0.00128517 0.00019332 0.00089702 0.00013916 0.00311294  1.00000000
799.5  0.75784403 0.23235188 0.00226653 0.00027008 0.00173989 0.00129440 0.00012278 0.00061390 0.00028966 0.00320684  1.00000000
800.0  0.75575103 0.23415794 0.00264770 0.00078034 0.00147673 0.00134673 0.00014315 0.00032712 0.00028573 0.00308354  1.00000000
800.5  0.75435747 0.23586698 0.00235273 0.00039841 0.00185453 0.00142287 0.00006492 0.00019079 0.00029233 0.00319897  1.00000000
801.0  0.75383234 0.23679981 0.00268901 0.00054062 0.00163067 0.00123300 0.00016614 0.00016260 0.00025289 0.00269291  1.00000000
801.5  0.75418255 0.23681238 0.00250507 0.00040934 0.00167090 0.00135180 0.00009503 0.00010335 0.00030755 0.00256202  1.00000000
802.0  0.75550176 0.23524254 0.00270502 0.00051218 0.00159571 0.00137816 0.00014372 0.00005768 0.00030051 0.00256272  1.00000000
802.5  0.75781272 0.23293613 0.00257082 0.00038284 0.00172587 0.00168076 0.00007156 0.00002628 0.00021688 0.00257614  1.00000000
803.0  0.76105288 0.22966528 0.00258977 0.00046711 0.00165205 0.00162071 0.00014383 0.00004734 0.00021106 0.00254996  1.00000000
803.5  0.76490159 0.22599881 0.00258416 0.00043511 0.00168139 0.00154196 0.00008438 0.00004572 0.00030426 0.00242263  1.00000000
804.0  0.76885057 0.22205309 0.00256234 0.00045090 0.00172000 0.00148325 0.00011490 0.00004176 0.00029615 0.00242704  1.00000000
804.5  0.77233282 0.21850798 0.00259846 0.00040125 0.00168709 0.00168029 0.00007593 0.00004920 0.00025069 0.00241629  1.00000000
805.0  0.77475554 0.21584600 0.00265909 0.00049766 0.00163405 0.00171843 0.00008606 0.00008401 0.00033109 0.00238808  1.00000000
805.5  0.77585370 0.21512385 0.00263082 0.00047694 0.00147549 0.00170970 0.00007519 0.00006791 0.00027787 0.00230854  1.00000000
806.0  0.77505983 0.21585871 0.00265900 0.00050827 0.00167149 0.00159591 0.00007699 0.00003948 0.00026893 0.00226139  1.00000000
806.5  0.77234087 0.21849087 0.00257804 0.00057937 0.00174320 0.00152786 0.00005210 0.00003089 0.00033207 0.00232473  1.00000000
807.0  0.76771849 0.22288785 0.00269596 0.00048854 0.00185189 0.00150014 0.00005403 0.00003792 0.00030431 0.00246087  1.00000000
807.5  0.76174491 0.22913896 0.00253569 0.00057261 0.00188918 0.00146024 0.00005236 0.00003877 0.00023108 0.00233621  1.00000000
808.0  0.75501738 0.23561768 0.00271470 0.00052059 0.00186741 0.00147646 0.00005992 0.00002082 0.00033239 0.00237266  1.00000000
808.5  0.74844328 0.24240102 0.00260827 0.00060243 0.00191001 0.00129063 0.00005760 0.00002450 0.00036791 0.00229437  1.00000000
809.0  0.74247196 0.24859651 0.00263599 0.00043552 0.00206243 0.00110738 0.00004670 0.00002064 0.00033913 0.00228375  1.00000000
809.5  0.73754178 0.25321557 0.00263933 0.00052825 0.00205582 0.00108879 0.00005296 0.00001804 0.00043606 0.00242341  1.00000000
810.0  0.73419890 0.25630787 0.00260465 0.00051605 0.00209979 0.00116086 0.00009894 0.00000921 0.00048780 0.00251594  1.00000000
810.5  0.73259199 0.25797794 0.00266501 0.00049895 0.00216847 0.00112922 0.00011318 0.00000984 0.00043721 0.00240819  1.00000000
811.0  0.73254394 0.25826221 0.00268046 0.00042552 0.00212373 0.00105508 0.00012298 0.00000819 0.00042767 0.00235022  1.00000000
811.5  0.73357351 0.25709754 0.00270824 0.00059751 0.00210047 0.00108518 0.00010006 0.00001548 0.00040785 0.00231418  1.00000000
812.0  0.73504985 0.25546602 0.00257217 0.00051238 0.00216420 0.00133989 0.00008195 0.00002702 0.00041203 0.00237448  1.00000000
812.5  0.73646512 0.25397205 0.00269311 0.00054880 0.00214018 0.00129187 0.00011887 0.00005605 0.00033624 0.00237771  1.00000000
813.0  0.73774371 0.25286134 0.00262219 0.00053390 0.00214675 0.00117865 0.00014121 0.00005020 0.00037274 0.00234932  1.00000000
813.5  0.73794033 0.25244635 0.00273513 0.00057919 0.00212370 0.00110270 0.00014997 0.00034795 0.00027272 0.00230197  1.00000000
814.0  0.73751659 0.25283127 0.00260710 0.00051476 0.00230201 0.00125048 0.00007781 0.00007456 0.00041868 0.00240674  1.00000000
814.5  0.73617506 0.25406791 0.00269937 0.00066097 0.00217040 0.00115501 0.00011565 0.00028146 0.00035318 0.00232099  1.00000000
815.0  0.73470172 0.25571214 0.00263217 0.00056664 0.00217095 0.00124550 0.00012240 0.00009100 0.00049091 0.00226657  1.00000000
815.5  0.73310746 0.25746441 0.00266846 0.00072652 0.00194532 0.00113047 0.00017598 0.00022721 0.00043049 0.00212368  1.00000000
816.0  0.73225663 0.25839196 0.00259835 0.00062812 0.00217154 0.00116012 0.00010472 0.00016158 0.00045272 0.00207427  1.00000000
816.5  0.73230974 0.25794701 0.00265158 0.00072132 0.00227267 0.00115868 0.00014021 0.00019760 0.00046998 0.00213120  1.00000000
817.0  0.73366105 0.25648750 0.00262641 0.00055570 0.00233345 0.00134720 0.00011699 0.00015621 0.00052160 0.00219390  1.00000000
817.5  0.73642227 0.25371207 0.00263062 0.00064661 0.00233008 0.00118940 0.00015922 0.00020069 0.00045993 0.00224910  1.00000000
818.0  0.73242041 0.25766960 0.00270433 0.00053415 0.00236886 0.00133111 0.00012805 0.00016018 0.00043321 0.00225010  1.00000000
818.5  0.73748620 0.25275756 0.00262750 0.00042154 0.00238990 0.00140944 0.00016275 0.00018012 0.00040439 0.00216061  1.00000000
819.0  0.73169720 0.25835811 0.00257310 0.00044185 0.00280148 0.00136411 0.00011919 0.00014811 0.00053967 0.00195717  1.00000000
819.5  0.73745320 0.25265949 0.00246820 0.00058079 0.00269171 0.00131874 0.00017224 0.00016446 0.00048511 0.00200607  1.00000000
820.0  0.73163601 0.25817464 0.00253823 0.00056833 0.00260378 0.00145527 0.00009617 0.00021163 0.00044525 0.00227069  1.00000000
820.5  0.73657111 0.25328642 0.00235385 0.00055276 0.00275184 0.00147609 0.00017777 0.00015084 0.00037746 0.00230186  1.00000000
821.0  0.73261250 0.25745350 0.00244598 0.00042004 0.00277263 0.00142008 0.00012449 0.00017148 0.00043384 0.00214545  1.00000000
821.5  0.73610597 0.25440644 0.00238569 0.00037985 0.00256260 0.00139927 0.00022171 0.00017872 0.00039846 0.00196128  1.00000000
822.0  0.73369146 0.25661661 0.00237910 0.00037860 0.00286035 0.00137329 0.00003868 0.00031253 0.00041633 0.00193305  1.00000000
822.5  0.73485870 0.25522845 0.00246260 0.00032834 0.00300121 0.00128102 0.00012571 0.00021210 0.00031090 0.00219095  1.00000000
823.0  0.73440044 0.25602149 0.00252098 0.00027721 0.00289855 0.00113337 0.00008567 0.00013959 0.00027144 0.00225126  1.00000000
823.5  0.73435498 0.25616839 0.00247532 0.00025367 0.00284742 0.00113590 0.00014697 0.00018740 0.00027647 0.00215348  1.00000000
824.0  0.73480024 0.25561736 0.00247739 0.00030210 0.00299511 0.00110302 0.00006196 0.00021789 0.00036342 0.00206150  1.00000000
824.5  0.73435566 0.25610045 0.00238969 0.00034763 0.00291493 0.00107457 0.00010786 0.00016993 0.00040733 0.00213197  1.00000000
825.0  0.73481687 0.25589781 0.00228374 0.00038153 0.00288151 0.00098997 0.00006962 0.00013758 0.00039224 0.00214914  1.00000000
825.5  0.73464021 0.25615006 0.00219077 0.00034731 0.00289013 0.00097947 0.00010163 0.00018532 0.00043286 0.00208224  1.00000000
826.0  0.73393043 0.25671828 0.00205540 0.00040538 0.00299335 0.00102935 0.00009124 0.00025270 0.00037376 0.00215011  1.00000000
826.5  0.73551714 0.25573051 0.00195674 0.00040809 0.00265085 0.00110651 0.00004476 0.00017600 0.00032110 0.00208829  1.00000000
827.0  0.73348797 0.25781155 0.00180115 0.00038015 0.00270668 0.00118057 0.00013275 0.00028265 0.00016687 0.00204967  1.00000000
827.5  0.73633488 0.25480364 0.00173197 0.00049307 0.00269376 0.00122830 0.00012893 0.00007668 0.00050032 0.00200845  1.00000000
828.0  0.73272863 0.25818053 0.00174544 0.00034192 0.00280287 0.00135673 0.00016494 0.00033012 0.00043923 0.00190958  1.00000000
828.5  0.73647672 0.25426635 0.00174320 0.00056032 0.00263142 0.00150234 0.00021354 0.00023508 0.00040533 0.00196571  1.00000000
829.0  0.73274140 0.25781792 0.00181755 0.00033325 0.00278894 0.00170729 0.00007711 0.00031884 0.00026703 0.00213067  1.00000000
829.5  0.73642189 0.25435088 0.00193682 0.00040192 0.00253022 0.00166582 0.00004876 0.00017658 0.00039170 0.00207541  1.00000000
830.0  0.73352979 0.25744339 0.00199265 0.00032502 0.00249429 0.00161774 0.00004068 0.00022501 0.00042051 0.00191092  1.00000000
830.5  0.73534095 0.25507410 0.00208388 0.00031062 0.00261492 0.00177906 0.00005251 0.00026364 0.00041327 0.00206707  1.00000000
831.0  0.73468706 0.25580240 0.00212211 0.00042418 0.00265701 0.00186414 0.00014286 0.00021125 0.00024623 0.00184276  1.00000000
831.5  0.73443343 0.25635200 0.00208747 0.00043935 0.00256255 0.00158269 0.00021129 0.00013230 0.00032043 0.00187849  1.00000000
832.0  0.73574110 0.25487643 0.00214391 0.00052058 0.00253245 0.00143215 0.00022697 0.00019314 0.00034090 0.00199236  1.00000000
832.5  0.73352765 0.25714330 0.00213422 0.00034267 0.00258953 0.00139678 0.00027634 0.00023891 0.00041232 0.00193827  1.00000000
833.0  0.73628688 0.25445115 0.00209467 0.00040482 0.00245195 0.00146731 0.00033346 0.00022508 0.00041210 0.00187258  1.00000000
833.5  0.73370180 0.25714590 0.00212945 0.00036395 0.00242514 0.00142386 0.00040602 0.00016085 0.00052172 0.00172131  1.00000000
834.0  0.73661196 0.25445731 0.00212616 0.00039395 0.00227331 0.00142456 0.00034128 0.00027469 0.00052752 0.00156928  1.00000000
834.5  0.73438897 0.25670733 0.00212106 0.00035064 0.00230094 0.00128494 0.00046484 0.00027227 0.00056358 0.00154543  1.00000000
835.0  0.73567481 0.25508993 0.00217733 0.00031026 0.00223591 0.00129153 0.00054218 0.00024986 0.00059571 0.00183247  1.00000000
835.5  0.73496315 0.25588672 0.00219916 0.00034369 0.00205514 0.00138395 0.00058915 0.00026913 0.00060952 0.00170040  1.00000000
836.0  0.73528472 0.25581349 0.00225736 0.00034279 0.00205701 0.00136661 0.00048573 0.00035262 0.00059762 0.00144206  1.00000000
836.5  0.73562513 0.25566258 0.00230321 0.00031489 0.00223417 0.00106762 0.00046361 0.00037937 0.00048598 0.00146344  1.00000000
837.0  0.73521639 0.25583141 0.00245150 0.00038031 0.00232693 0.00092598 0.00050088 0.00034976 0.00044221 0.00157463  1.00000000
837.5  0.73464949 0.25615590 0.00263162 0.00040083 0.00222988 0.00095939 0.00055897 0.00033106 0.00051897 0.00156390  1.00000000
838.0  0.73586087 0.25447539 0.00273933 0.00043714 0.00240034 0.00101358 0.00062384 0.00040703 0.00048618 0.00155629  1.00000000
838.5  0.73377736 0.25697364 0.00245625 0.00035153 0.00244474 0.00094887 0.00060517 0.00034792 0.00051795 0.00157658  1.00000000
839.0  0.73701739 0.25358957 0.00302480 0.00040633 0.00218040 0.00078854 0.00055318 0.00051002 0.00034638 0.00158339  1.00000000
839.5  0.73326403 0.25696440 0.00297244 0.00029737 0.00251576 0.00079390 0.00062181 0.00042050 0.00035133 0.00179846  1.00000000
840.0  0.73704297 0.25299774 0.00307372 0.00055177 0.00217375 0.00066819 0.00074200 0.00068439 0.00027085 0.00179462  1.00000000
840.5  0.73352656 0.25677521 0.00304743 0.00028621 0.00237461 0.00053869 0.00093839 0.00059193 0.00027680 0.00164417  1.00000000
841.0  0.73651478 0.25365959 0.00298716 0.00054616 0.00236234 0.00045157 0.00094874 0.00074456 0.00019152 0.00159356  1.00000000
841.5  0.73460530 0.25562294 0.00298205 0.00036554 0.00242393 0.00051869 0.00094667 0.00070210 0.00020693 0.00162583  1.00000000
842.0  0.73517554 0.25474903 0.00299315 0.00056868 0.00216446 0.00060001 0.00104129 0.00078006 0.00022262 0.00170515  1.00000000
842.5  0.73574620 0.25418658 0.00298871 0.00035402 0.00225647 0.00068022 0.00114327 0.00069838 0.00022896 0.00171720  1.00000000
843.0  0.73380612 0.25614821 0.00308430 0.00029711 0.00216417 0.00073264 0.00097632 0.00066731 0.00027289 0.00185094  1.00000000
843.5  0.73685882 0.25322052 0.00315497 0.00021704 0.00228205 0.00060714 0.00084970 0.00074694 0.00029534 0.00176748  1.00000000
844.0  0.73321747 0.25692168 0.00321635 0.00027358 0.00198211 0.00075637 0.00073423 0.00067276 0.00037037 0.00185508  1.00000000
844.5  0.73713497 0.25267639 0.00331413 0.00018047 0.00218057 0.00081704 0.00074552 0.00073738 0.00041677 0.00179676  1.00000000
845.0  0.73296624 0.25655330 0.00334433 0.00030272 0.00217565 0.00095371 0.00071371 0.00064197 0.00050115 0.00184724  1.00000000
845.5  0.73658429 0.25259580 0.00398345 0.00019596 0.00196429 0.00078227 0.00061894 0.00085177 0.00049467 0.00192857  1.00000000
846.0  0.73392374 0.25600586 0.00336516 0.00033070 0.00185733 0.00103018 0.00038003 0.00059446 0.00064703 0.00186553  1.00000000
846.5  0.73189282 0.25804348 0.00363041 0.00023378 0.00181245 0.00067487 0.00023918 0.00108526 0.00054328 0.00184447  1.00000000
847.0  0.73054549 0.25932191 0.00361824 0.00035699 0.00161479 0.00118080 0.00032511 0.00041064 0.00082690 0.00179913  1.00000000
847.5  0.72997252 0.25973772 0.00358660 0.00018196 0.00191686 0.00078235 0.00046538 0.00085856 0.00053502 0.00196304  1.00000000
848.0  0.72997543 0.25935799 0.00361428 0.00027136 0.00187519 0.00056911 0.00066643 0.00054257 0.00065992 0.00246772  1.00000000
848.5  0.73014933 0.25920413 0.00337061 0.00017791 0.00199497 0.00054008 0.00076145 0.00081152 0.00043712 0.00255288  1.00000000
849.0  0.72970604 0.25936612 0.00340987 0.00021673 0.00177994 0.00050138 0.00083819 0.00066986 0.00060662 0.00290525  1.00000000
849.5  0.72884808 0.26062647 0.00326818 0.00019978 0.00167920 0.00041216 0.00084669 0.00074335 0.00047417 0.00290193  1.00000000
850.0  0.72701104 0.26231076 0.00334022 0.00030487 0.00180368 0.00040375 0.00086411 0.00069994 0.00053831 0.00272332  1.00000000
850.5  0.72435341 0.26506822 0.00331389 0.00014949 0.00198613 0.00036599 0.00072740 0.00080410 0.00053572 0.00269565  1.00000000
851.0  0.72051133 0.26900849 0.00332040 0.00022005 0.00195681 0.00039185 0.00068961 0.00066432 0.00058139 0.00265575  1.00000000
851.5  0.71540280 0.27400637 0.00332421 0.00017514 0.00208146 0.00040385 0.00063499 0.00069219 0.00052489 0.00275410  1.00000000
852.0  0.70936543 0.28009446 0.00336368 0.00020242 0.00182901 0.00041554 0.00060707 0.00075299 0.00053377 0.00283563  1.00000000
852.5  0.70260090 0.28672169 0.00331403 0.00010956 0.00215156 0.00041351 0.00065195 0.00075565 0.00051357 0.00276757  1.00000000
853.0  0.69600653 0.29319233 0.00334416 0.00025539 0.00201660 0.00040724 0.00070573 0.00085121 0.00050619 0.00271463  1.00000000
853.5  0.68945479 0.29991002 0.00328856 0.00014927 0.00208170 0.00040329 0.00063584 0.00091699 0.00042282 0.00273672  1.00000000
854.0  0.68322676 0.30580543 0.00338540 0.00013927 0.00217389 0.00041435 0.00066621 0.00085487 0.00036977 0.00296406  1.00000000
854.5  0.67775845 0.31129913 0.00325867 0.00017982 0.00222671 0.00053134 0.00070411 0.00078199 0.00030039 0.00295940  1.00000000
855.0  0.67350302 0.31534139 0.00344431 0.00010514 0.00217968 0.00059465 0.00076638 0.00079745 0.00029182 0.00297615  1.00000000
855.5  0.67039773 0.31850560 0.00327254 0.00013961 0.00206850 0.00064316 0.00066852 0.00096085 0.00032313 0.00302035  1.00000000
856.0  0.66871496 0.31998428 0.00341192 0.00006349 0.00209461 0.00067234 0.00063242 0.00100259 0.00038137 0.00304203  1.00000000
856.5  0.66845749 0.32045273 0.00326766 0.00016722 0.00203562 0.00088313 0.00062159 0.00091217 0.00042173 0.00278066  1.00000000
857.0  0.66889359 0.31986910 0.00331918 0.00011579 0.00209895 0.00103030 0.00055806 0.00111863 0.00033541 0.00266098  1.00000000
857.5  0.66997595 0.31883407 0.00323711 0.00026150 0.00200923 0.00111477 0.00037468 0.00126108 0.00033811 0.00259349  1.00000000
858.0  0.67139224 0.31759961 0.00330024 0.00019046 0.00190437 0.00120682 0.00018223 0.00119814 0.00037973 0.00264617  1.00000000
858.5  0.67270093 0.31610116 0.00328997 0.00021681 0.00180051 0.00141031 0.00008587 0.00118598 0.00059306 0.00261539  1.00000000
859.0  0.67350012 0.31536591 0.00329901 0.00013353 0.00197546 0.00143440 0.00002762 0.00118800 0.00060676 0.00246919  1.00000000
859.5  0.67323305 0.31576515 0.00337623 0.00015165 0.00202647 0.00126102 0.00002011 0.00114682 0.00059863 0.00242088  1.00000000
860.0  0.67165231 0.31722266 0.00330318 0.00015811 0.00200696 0.00108313 0.00006058 0.00117658 0.00058384 0.00275265  1.00000000
860.5  0.66958790 0.31925918 0.00333035 0.00021533 0.00180995 0.00112720 0.00009678 0.00118998 0.00055499 0.00282835  1.00000000
861.0  0.66729667 0.32157073 0.00329741 0.00015299 0.00180870 0.00119175 0.00014167 0.00120496 0.00056147 0.00277364  1.00000000
861.5  0.66508586 0.32385403 0.00332092 0.00021571 0.00186331 0.00110412 0.00018173 0.00115718 0.00056496 0.00265219  1.00000000
862.0  0.66327128 0.32544856 0.00338038 0.00023754 0.00189311 0.00100359 0.00015979 0.00104323 0.00058832 0.00297420  1.00000000
862.5  0.66282213 0.32604530 0.00332611 0.00015518 0.00181939 0.00094028 0.00019577 0.00110278 0.00038497 0.00320810  1.00000000
863.0  0.66438070 0.32447215 0.00343160 0.00014782 0.00171753 0.00109370 0.00023999 0.00104158 0.00035182 0.00312314  1.00000000
863.5  0.66790428 0.32114380 0.00331845 0.00020609 0.00162090 0.00101570 0.00029224 0.00110061 0.00036468 0.00303325  1.00000000
864.0  0.67317935 0.31596082 0.00339930 0.00018541 0.00164272 0.00098071 0.00030359 0.00088131 0.00041019 0.00305659  1.00000000
864.5  0.67992011 0.30920468 0.00340381 0.00016207 0.00163569 0.00091557 0.00031058 0.00082960 0.00040980 0.00320810  1.00000000
865.0  0.68760977 0.30127899 0.00333738 0.00024505 0.00167554 0.00095297 0.00034464 0.00086247 0.00036728 0.00332591  1.00000000
865.5  0.69549915 0.29369283 0.00339725 0.00028299 0.00158538 0.00090502 0.00040397 0.00091375 0.00034754 0.00297211  1.00000000
866.0  0.70227490 0.28639224 0.00379533 0.00022246 0.00155083 0.00060583 0.00064579 0.00089034 0.00038638 0.00323590  1.00000000
866.5  0.70798879 0.28011493 0.00438009 0.00028950 0.00164200 0.00024392 0.00091122 0.00074040 0.00039367 0.00329548  1.00000000
867.0  0.71182203 0.27641313 0.00440360 0.00019451 0.00167764 0.00009232 0.00107484 0.00082037 0.00039553 0.00310603  1.00000000
867.5  0.71308331 0.27490088 0.00442204 0.00018916 0.00146368 0.00019945 0.00080233 0.00149928 0.00025923 0.00318063  1.00000000
868.0  0.71211067 0.27646463 0.00378932 0.00012803 0.00155751 0.00065012 0.00126041 0.00073766 0.00024627 0.00305539  1.00000000
868.5  0.70933184 0.27982727 0.00316689 0.00019369 0.00159570 0.00125943 0.00065580 0.00084437 0.00016551 0.00295948  1.00000000
869.0  0.70538147 0.28361429 0.00322694 0.00017930 0.00178862 0.00117283 0.00088180 0.00077903 0.00011131 0.00286442  1.00000000
869.5  0.70110318 0.28818820 0.00314731 0.00018052 0.00179083 0.00106585 0.00075118 0.00082299 0.00010362 0.00284632  1.00000000
870.0  0.69699540 0.29218190 0.00317178 0.00023083 0.00181438 0.00106730 0.00072767 0.00079347 0.00010580 0.00291147  1.00000000
870.5  0.69380778 0.29525629 0.00317577 0.00018219 0.00182636 0.00119439 0.00069780 0.00079062 0.00008921 0.00297958  1.00000000
871.0  0.69166992 0.29744401 0.00313382 0.00012555 0.00195837 0.00116477 0.00071028 0.00070184 0.00009349 0.00299794  1.00000000
871.5  0.69066177 0.29859872 0.00320355 0.00018682 0.00198563 0.00101635 0.00060204 0.00065318 0.00011124 0.00298070  1.00000000
872.0  0.69083063 0.29861655 0.00312786 0.00014709 0.00177422 0.00135843 0.00063069 0.00051484 0.00013141 0.00286826  1.00000000
872.5  0.69202481 0.29735408 0.00321907 0.00008775 0.00169056 0.00152184 0.00064204 0.00049166 0.00013079 0.00283741  1.00000000
873.0  0.69379651 0.29591427 0.00318527 0.00008435 0.00182223 0.00132704 0.00056764 0.00041382 0.00010806 0.00278081  1.00000000
873.5  0.69521231 0.29427319 0.00319892 0.00007717 0.00195494 0.00140334 0.00053983 0.00039483 0.00013380 0.00281167  1.00000000
874.0  0.69606362 0.29295620 0.00317127 0.00007355 0.00191784 0.00168462 0.00073513 0.00035388 0.00015597 0.00288794  1.00000000
874.5  0.69624088 0.29283368 0.00313811 0.00003713 0.00170819 0.00160739 0.00083400 0.00035906 0.00020520 0.00303635  1.00000000
875.0  0.69516754 0.29435672 0.00319457 0.00005250 0.00168102 0.00111995 0.00069630 0.00041976 0.00021429 0.00309734  1.00000000
875.5  0.69202532 0.29708584 0.00312015 0.00005085 0.00173597 0.00114675 0.00066004 0.00045190 0.00024683 0.00347635  1.00000000
876.0  0.68742123 0.30170213 0.00321796 0.00005229 0.00159668 0.00115490 0.00077044 0.00041326 0.00030069 0.00337042  1.00000000
876.5  0.68092892 0.30864670 0.00310264 0.00005773 0.00161808 0.00103106 0.00085778 0.00032201 0.00045642 0.00297866  1.00000000
877.0  0.67236392 0.31712303 0.00308115 0.00007659 0.00148450 0.00088376 0.00128790 0.00020319 0.00061345 0.00288250  1.00000000
877.5  0.66255127 0.32694490 0.00311449 0.00000981 0.00131628 0.00125227 0.00101345 0.00011334 0.00072848 0.00295572  1.00000000
878.0  0.65142541 0.33778428 0.00304829 0.00001832 0.00138559 0.00136713 0.00106655 0.00005427 0.00075885 0.00309131  1.00000000
878.5  0.64015132 0.34925446 0.00304727 0.00003357 0.00139442 0.00131738 0.00105150 0.00002989 0.00068023 0.00303996  1.00000000
879.0  0.62885931 0.36068665 0.00310009 0.00000644 0.00138687 0.00119748 0.00097895 0.00001428 0.00077455 0.00299538  1.00000000
879.5  0.61818681 0.37133825 0.00303793 0.00001602 0.00133103 0.00131409 0.00101558 0.00000783 0.00076812 0.00298434  1.00000000
880.0  0.60909314 0.38044305 0.00305082 0.00002898 0.00135897 0.00130725 0.00102528 0.00000411 0.00071691 0.00297149  1.00000000
880.5  0.60173976 0.38777817 0.00302541 0.00000962 0.00143422 0.00125757 0.00096598 0.00001725 0.00063024 0.00314179  1.00000000
881.0  0.59615144 0.39309280 0.00303955 0.00001465 0.00153007 0.00132334 0.00086645 0.00000130 0.00074985 0.00323056  1.00000000
881.5  0.59233897 0.39683607 0.00300115 0.00002212 0.00152885 0.00133959 0.00090075 0.00000353 0.00079957 0.00322942  1.00000000
882.0  0.59057699 0.39890931 0.00300340 0.00003093 0.00153005 0.00119210 0.00085866 0.00001498 0.00073233 0.00315126  1.00000000
882.5  0.59010966 0.39950945 0.00300353 0.00004733 0.00146628 0.00119283 0.00085896 0.00001316 0.00071283 0.00308598  1.00000000
883.0  0.58994292 0.39926550 0.00300338 0.00002937 0.00156899 0.00131071 0.00078407 0.00001330 0.00076011 0.00332164  1.00000000
883.5  0.59035413 0.39885082 0.00297906 0.00001194 0.00155897 0.00120583 0.00077909 0.00003417 0.00081726 0.00340873  1.00000000
884.0  0.59051845 0.39888819 0.00300247 0.00004043 0.00149818 0.00105082 0.00078885 0.00001002 0.00062042 0.00358219  1.00000000
884.5  0.58971030 0.39942094 0.00301399 0.00004749 0.00146858 0.00101541 0.00102484 0.00004290 0.00071325 0.00354230  1.00000000
885.0  0.58746680 0.40159156 0.00292281 0.00000612 0.00148437 0.00114738 0.00103611 0.00003358 0.00086667 0.00344461  1.00000000
885.5  0.58402338 0.40516703 0.00304901 0.00001788 0.00136532 0.00100738 0.00104356 0.00002424 0.00095703 0.00334518  1.00000000
886.0  0.57883187 0.41029017 0.00288859 0.00002044 0.00141131 0.00120815 0.00098752 0.00000301 0.00099701 0.00336193  1.00000000
886.5  0.57229149 0.41682043 0.00295618 0.00000248 0.00141045 0.00120659 0.00069101 0.00013974 0.00112273 0.00335890  1.00000000
887.0  0.56495035 0.42429998 0.00295072 0.00000708 0.00128846 0.00103066 0.00120250 0.00002939 0.00091215 0.00332871  1.00000000
887.5  0.55821539 0.43130731 0.00295717 0.00000904 0.00128876 0.00134654 0.00063340 0.00007652 0.00101407 0.00315181  1.00000000
888.0  0.55255618 0.43718686 0.00294488 0.00002179 0.00121268 0.00120848 0.00098049 0.00009744 0.00093691 0.00285430  1.00000000
888.5  0.54871927 0.44045812 0.00295001 0.00001977 0.00111564 0.00150959 0.00117800 0.00014595 0.00092388 0.00297977  1.00000000
889.0  0.54808830 0.44079911 0.00291898 0.00004794 0.00117659 0.00126761 0.00129750 0.00020761 0.00094392 0.00325243  1.00000000
889.5  0.55138307 0.43758528 0.00296501 0.00002879 0.00128527 0.00120784 0.00127741 0.00032704 0.00077381 0.00316649  1.00000000
890.0  0.55823920 0.43071135 0.00295314 0.00002051 0.00132393 0.00136397 0.00114636 0.00037352 0.00086055 0.00300747  1.00000000
890.5  0.56764247 0.42132139 0.00300425 0.00004410 0.00125748 0.00144526 0.00138048 0.00018418 0.00084831 0.00287206  1.00000000
891.0  0.57914320 0.41035321 0.00285736 0.00002816 0.00117703 0.00123980 0.00119895 0.00034586 0.00085218 0.00280426  1.00000000
891.5  0.59083261 0.39826602 0.00308376 0.00001078 0.00117644 0.00123208 0.00128366 0.00049877 0.00086494 0.00275096  1.00000000
892.0  0.60189204 0.38723654 0.00291341 0.00001286 0.00126283 0.00153967 0.00116906 0.00050686 0.00082920 0.00263753  1.00000000
892.5  0.61088545 0.37802782 0.00307315 0.00000930 0.00128274 0.00150244 0.00112195 0.00067481 0.00079496 0.00262738  1.00000000
893.0  0.61697608 0.37204659 0.00287575 0.00000180 0.00134094 0.00153506 0.00103199 0.00076709 0.00065275 0.00277193  1.00000000
893.5  0.62012599 0.36860045 0.00306435 0.00001851 0.00133030 0.00110520 0.00149368 0.00093473 0.00053747 0.00278933  1.00000000
894.0  0.62101550 0.36792174 0.00296000 0.00002601 0.00125466 0.00180455 0.00078649 0.00107350 0.00041253 0.00274502  1.00000000
894.5  0.61977664 0.36932933 0.00302215 0.00002197 0.00128799 0.00114255 0.00083900 0.00121629 0.00067149 0.00269258  1.00000000
895.0  0.61687348 0.37194793 0.00299759 0.00000970 0.00130971 0.00150486 0.00100453 0.00114790 0.00042692 0.00277739  1.00000000
895.5  0.61335738 0.37552021 0.00292828 0.00005470 0.00137414 0.00101634 0.00095609 0.00113023 0.00067953 0.00298310  1.00000000
896.0  0.61001568 0.37826711 0.00293317 0.00002209 0.00140137 0.00118647 0.00091597 0.00136293 0.00093544 0.00295976  1.00000000
896.5  0.60772588 0.38048784 0.00300858 0.00008697 0.00120293 0.00108581 0.00090964 0.00091708 0.00143191 0.00314337  1.00000000
897.0  0.60690647 0.38107240 0.00298837 0.00000021 0.00154141 0.00075178 0.00099100 0.00128775 0.00104801 0.00341261  1.00000000
897.5  0.60741500 0.38027766 0.00307259 0.00002268 0.00172286 0.00078147 0.00098152 0.00103382 0.00121912 0.00347327  1.00000000
898.0  0.60918829 0.37799613 0.00300761 0.00001149 0.00177950 0.00080244 0.00101725 0.00125806 0.00124269 0.00369653  1.00000000
898.5  0.61255900 0.37454094 0.00301112 0.00000122 0.00175946 0.00088740 0.00086207 0.00114946 0.00153984 0.00368950  1.00000000
899.0  0.61677851 0.37094689 0.00294263 0.00000287 0.00153007 0.00058812 0.00094560 0.00119662 0.00127110 0.00379760  1.00000000
899.5  0.62062462 0.36702129 0.00304561 0.00001962 0.00154515 0.00074339 0.00089656 0.00108443 0.00132375 0.00369559  1.00000000
900.0  0.62337405 0.36349705 0.00297637 0.00000000 0.00171759 0.00085658 0.00101562 0.00148394 0.00117424 0.00390456  1.00000000
900.5  0.62547610 0.36148926 0.00297398 0.00000893 0.00169749 0.00103716 0.00070701 0.00121242 0.00153545 0.00386218  1.00000000
901.0  0.62556734 0.36166738 0.00296444 0.00001750 0.00174700 0.00064030 0.00096906 0.00119322 0.00139872 0.00383504  1.00000000
901.5  0.62319022 0.36411551 0.00295260 0.00001847 0.00170615 0.00075145 0.00088192 0.00099938 0.00156343 0.00382087  1.00000000
902.0  0.61807323 0.36916304 0.00296124 0.00000780 0.00175868 0.00072763 0.00113918 0.00116746 0.00123068 0.00377106  1.00000000
902.5  0.61052412 0.37672908 0.00294112 0.00001251 0.00187893 0.00079113 0.00089884 0.00098560 0.00142300 0.00381566  1.00000000
903.0  0.60108453 0.38636579 0.00295406 0.00000814 0.00184217 0.00054782 0.00120480 0.00100032 0.00141134 0.00358102  1.00000000
903.5  0.58960045 0.39777575 0.00294513 0.00002518 0.00172555 0.00089451 0.00099082 0.00089563 0.00156625 0.00358076  1.00000000
904.0  0.57707496 0.41031909 0.00289260 0.00000518 0.00159304 0.00079306 0.00128575 0.00101749 0.00129921 0.00371962  1.00000000
904.5  0.56406201 0.42342474 0.00293788 0.00000321 0.00164290 0.00099103 0.00109127 0.00073944 0.00127777 0.00382974  1.00000000
905.0  0.55131903 0.43601798 0.00262520 0.00000210 0.00206032 0.00073377 0.00122687 0.00083721 0.00119439 0.00398314  1.00000000
905.5  0.53973944 0.44754629 0.00266876 0.00000002 0.00209615 0.00083151 0.00123437 0.00072470 0.00118002 0.00397875  1.00000000
906.0  0.52997534 0.45758050 0.00261466 0.00000080 0.00189335 0.00081792 0.00123897 0.00079217 0.00120522 0.00388108  1.00000000
906.5  0.52189901 0.46573370 0.00264856 0.00000014 0.00171260 0.00091917 0.00105115 0.00071398 0.00133777 0.00398392  1.00000000
907.0  0.51565244 0.47171053 0.00262725 0.00000558 0.00174687 0.00068778 0.00117509 0.00068437 0.00151319 0.00419689  1.00000000
907.5  0.51150387 0.47521017 0.00265262 0.00001622 0.00197466 0.00075769 0.00120495 0.00062767 0.00178943 0.00426272  1.00000000
908.0  0.50925502 0.47754680 0.00263458 0.00000054 0.00194247 0.00074830 0.00126193 0.00076202 0.00169331 0.00415503  1.00000000
908.5  0.50826952 0.47881425 0.00263072 0.00000416 0.00195032 0.00086902 0.00101709 0.00071017 0.00180510 0.00392965  1.00000000
909.0  0.50824436 0.47896387 0.00269061 0.00000304 0.00192704 0.00076063 0.00114953 0.00062315 0.00182202 0.00381576  1.00000000
909.5  0.50844324 0.47861367 0.00265157 0.00000302 0.00171878 0.00083083 0.00097238 0.00073911 0.00184974 0.00417766  1.00000000
910.0  0.50838389 0.47922526 0.00273683 0.00000939 0.00160378 0.00081760 0.00103464 0.00071821 0.00166626 0.00380414  1.00000000
910.5  0.50732296 0.48081415 0.00271740 0.00000167 0.00147166 0.00088927 0.00084418 0.00039462 0.00156276 0.00398134  1.00000000
911.0  0.50484007 0.48337374 0.00275949 0.00000238 0.00154248 0.00076249 0.00089718 0.00040933 0.00152765 0.00388519  1.00000000
911.5  0.50042088 0.48772565 0.00277052 0.00000412 0.00162293 0.00062653 0.00105525 0.00045523 0.00151330 0.00380559  1.00000000
912.0  0.49406848 0.49420718 0.00264570 0.00000377 0.00162775 0.00059107 0.00113179 0.00043088 0.00140422 0.00388915  1.00000000
912.5  0.48605774 0.50227174 0.00283580 0.00001511 0.00150732 0.00062489 0.00097595 0.00029067 0.00137349 0.00404730  1.00000000
913.0  0.47681473 0.51129759 0.00265271 0.00000305 0.00154698 0.00059411 0.00106186 0.00045943 0.00127294 0.00429660  1.00000000
913.5  0.46767929 0.52009917 0.00280049 0.00003664 0.00146887 0.00067151 0.00116301 0.00039040 0.00142781 0.00426282  1.00000000
914.0  0.45959911 0.52854953 0.00265891 0.00002102 0.00147236 0.00069193 0.00112856 0.00041678 0.00126302 0.00419879  1.00000000
914.5  0.45338561 0.53495088 0.00274795 0.00003250 0.00137899 0.00065831 0.00094702 0.00035648 0.00145016 0.00409211  1.00000000
915.0  0.44986826 0.53837212 0.00273060 0.00002487 0.00131838 0.00083735 0.00087154 0.00048483 0.00117350 0.00431855  1.00000000
915.5  0.45060180 0.53761560 0.00275982 0.00006478 0.00116904 0.00018108 0.00146246 0.00062222 0.00120164 0.00432157  1.00000000
916.0  0.45569079 0.53270006 0.00275313 0.00002412 0.00129299 0.00017846 0.00125150 0.00082363 0.00122180 0.00406352  1.00000000
916.5  0.46410500 0.52370645 0.00274140 0.00004245 0.00141603 0.00017392 0.00120676 0.00095859 0.00153163 0.00411778  1.00000000
917.0  0.47526600 0.51237771 0.00272613 0.00004008 0.00147705 0.00017276 0.00124474 0.00118726 0.00128168 0.00422658  1.00000000
917.5  0.48816521 0.49985838 0.00272733 0.00004179 0.00130902 0.00023795 0.00074696 0.00116516 0.00136388 0.00438434  1.00000000
918.0  0.50139750 0.48702936 0.00268162 0.00002213 0.00108282 0.00019934 0.00085252 0.00128500 0.00111079 0.00433892  1.00000000
918.5  0.51347213 0.47478330 0.00280340 0.00002190 0.00110059 0.00012068 0.00078947 0.00118375 0.00148544 0.00423934  1.00000000
919.0  0.52314483 0.46486180 0.00261794 0.00001521 0.00138722 0.00011782 0.00089912 0.00129021 0.00147141 0.00419444  1.00000000
919.5  0.53003701 0.45747536 0.00273717 0.00002517 0.00161155 0.00019078 0.00075650 0.00115111 0.00164422 0.00437113  1.00000000
920.0  0.53415912 0.45412873 0.00235023 0.00003336 0.00149937 0.00030644 0.00080434 0.00119979 0.00131498 0.00420364  1.00000000
920.5  0.53555964 0.45323238 0.00212505 0.00002801 0.00119366 0.00051287 0.00080214 0.00083573 0.00144316 0.00426737  1.00000000
921.0  0.53509837 0.45369978 0.00206787 0.00005117 0.00114528 0.00066324 0.00095494 0.00065836 0.00150086 0.00416013  1.00000000
921.5  0.53344182 0.45514763 0.00205618 0.00003898 0.00139753 0.00105472 0.00096322 0.00028466 0.00146883 0.00414643  1.00000000
922.0  0.53144991 0.45708006 0.00210269 0.00006425 0.00156170 0.00127563 0.00087023 0.00021973 0.00121015 0.00416565  1.00000000
922.5  0.52980353 0.45889847 0.00206200 0.00002468 0.00147577 0.00153865 0.00084536 0.00008031 0.00121053 0.00406071  1.00000000
923.0  0.52933108 0.45999946 0.00195001 0.00015125 0.00100959 0.00164155 0.00061306 0.00020454 0.00125155 0.00384792  1.00000000
923.5  0.53047103 0.45804484 0.00212820 0.00008485 0.00117562 0.00180981 0.00071728 0.00014709 0.00139405 0.00402723  1.00000000
924.0  0.53355543 0.45544703 0.00159792 0.00009595 0.00112544 0.00165910 0.00074134 0.00036009 0.00136235 0.00405534  1.00000000
924.5  0.53868298 0.45054349 0.00160837 0.00001687 0.00107059 0.00171609 0.00074122 0.00024535 0.00143429 0.00394076  1.00000000
925.0  0.54503749 0.44479190 0.00136006 0.00007944 0.00103672 0.00201318 0.00055541 0.00023885 0.00133803 0.00354892  1.00000000
925.5  0.55236611 0.43687473 0.00155776 0.00005189 0.00113252 0.00211732 0.00057301 0.00015691 0.00148715 0.00368259  1.00000000
926.0  0.56045732 0.42862970 0.00140949 0.00004356 0.00122072 0.00219964 0.00051975 0.00022400 0.00157985 0.00371596  1.00000000
926.5  0.56847113 0.42066832 0.00153261 0.00004537 0.00116678 0.00208964 0.00054893 0.00014629 0.00163523 0.00369571  1.00000000
927.0  0.57540733 0.41405860 0.00143105 0.00005123 0.00106358 0.00226032 0.00061756 0.00027029 0.00134372 0.00349632  1.00000000
927.5  0.58027387 0.40912071 0.00148252 0.00004360 0.00101933 0.00241992 0.00059685 0.00028346 0.00131781 0.00344194  1.00000000
928.0  0.58287472 0.40622963 0.00148816 0.00005361 0.00108890 0.00228732 0.00052871 0.00030004 0.00136641 0.00378249  1.00000000
928.5  0.58286491 0.40608942 0.00143805 0.00004818 0.00124426 0.00208843 0.00070310 0.00013643 0.00147799 0.00390924  1.00000000
929.0  0.57976615 0.40885651 0.00150265 0.00004953 0.00129105 0.00209469 0.00082533 0.00019025 0.00137240 0.00405145  1.00000000
929.5  0.57365366 0.41517271 0.00144777 0.00003603 0.00136136 0.00233898 0.00079450 0.00021100 0.00120850 0.00377548  1.00000000
930.0  0.56489764 0.42422850 0.00150514 0.00004059 0.00135459 0.00225617 0.00069644 0.00020345 0.00125343 0.00356405  1.00000000
930.5  0.55420061 0.43523324 0.00143276 0.00003286 0.00122831 0.00206406 0.00081570 0.00016609 0.00138985 0.00343652  1.00000000
931.0  0.54227315 0.44660247 0.00147168 0.00003933 0.00113297 0.00243969 0.00096122 0.00016321 0.00153521 0.00338107  1.00000000
931.5  0.53001535 0.45889342 0.00147879 0.00004108 0.00107295 0.00243897 0.00083483 0.00021001 0.00152513 0.00348947  1.00000000
932.0  0.51779741 0.47091138 0.00142015 0.00004594 0.00118514 0.00245471 0.00080588 0.00012921 0.00174370 0.00350649  1.00000000
932.5  0.50639727 0.48204247 0.00148502 0.00003340 0.00112468 0.00245297 0.00093095 0.00016061 0.00182828 0.00354435  1.00000000
933.0  0.49705341 0.49172669 0.00140722 0.00004446 0.00084326 0.00260445 0.00101585 0.00010511 0.00189704 0.00330251  1.00000000
933.5  0.48978244 0.49940796 0.00144793 0.00002817 0.00076363 0.00297238 0.00067012 0.00020836 0.00166277 0.00305622  1.00000000
934.0  0.48427297 0.50517970 0.00142546 0.00002412 0.00067140 0.00272481 0.00080107 0.00008144 0.00182304 0.00299599  1.00000000
934.5  0.48053939 0.50871006 0.00138946 0.00001652 0.00056992 0.00325930 0.00090457 0.00010613 0.00142699 0.00307766  1.00000000
935.0  0.47866979 0.51037027 0.00149417 0.00000808 0.00050344 0.00313923 0.00094328 0.00008275 0.00170745 0.00308155  1.00000000
935.5  0.47808417 0.51026349 0.00138318 0.00003140 0.00044237 0.00414760 0.00083555 0.00012300 0.00143038 0.00325885  1.00000000
936.0  0.47834702 0.51077051 0.00148857 0.00004147 0.00038745 0.00340191 0.00124379 0.00016468 0.00167352 0.00248110  1.00000000
936.5  0.47860622 0.51179150 0.00146016 0.00000870 0.00038013 0.00170443 0.00229225 0.00017333 0.00145380 0.00212949  1.00000000
937.0  0.47801296 0.51225178 0.00147984 0.00002364 0.00038484 0.00012747 0.00368762 0.00021111 0.00163682 0.00218393  1.00000000
937.5  0.47596296 0.51408449 0.00146464 0.00002940 0.00040372 0.00012249 0.00364362 0.00034545 0.00167092 0.00227232  1.00000000
938.0  0.47194883 0.51821218 0.00144018 0.00000515 0.00039716 0.00006907 0.00369780 0.00035616 0.00152653 0.00234694  1.00000000
938.5  0.46550508 0.52486149 0.00151054 0.00000977 0.00038974 0.00013559 0.00334567 0.00034805 0.00164956 0.00224451  1.00000000
939.0  0.45653389 0.53385418 0.00142694 0.00002081 0.00041569 0.00015860 0.00349396 0.00037732 0.00166302 0.00205559  1.00000000
939.5  0.44556325 0.54515707 0.00145611 0.00000564 0.00044611 0.00008687 0.00300523 0.00035571 0.00200640 0.00191760  1.00000000
940.0  0.43366349 0.55703921 0.00147180 0.00001735 0.00042386 0.00005615 0.00332453 0.00034158 0.00163409 0.00202794  1.00000000
940.5  0.42235337 0.56832239 0.00143338 0.00000740 0.00043697 0.00006704 0.00294419 0.00036238 0.00180100 0.00227188  1.00000000
941.0  0.41298912 0.57777239 0.00150140 0.00002422 0.00038020 0.00002144 0.00326694 0.00029264 0.00149025 0.00226141  1.00000000
941.5  0.40715433 0.58401326 0.00143776 0.00000648 0.00031262 0.00003676 0.00287006 0.00028724 0.00185650 0.00202498  1.00000000
942.0  0.40534675 0.58574229 0.00147114 0.00003659 0.00033189 0.00014806 0.00284259 0.00027586 0.00174963 0.00205520  1.00000000
942.5  0.40808689 0.58350062 0.00141794 0.00000367 0.00037958 0.00021527 0.00260455 0.00141693 0.00060738 0.00176716  1.00000000
943.0  0.41465535 0.57719457 0.00141900 0.00001643 0.00034470 0.00014737 0.00192834 0.00095712 0.00155998 0.00177715  1.00000000
943.5  0.42383375 0.56775699 0.00144632 0.00003803 0.00044118 0.00036754 0.00189624 0.00117201 0.00116784 0.00188009  1.00000000
944.0  0.43415906 0.55684218 0.00142937 0.00006375 0.00043702 0.00045959 0.00176710 0.00139867 0.00127882 0.00216444  1.00000000
944.5  0.44436589 0.54699896 0.00146481 0.00005053 0.00042292 0.00047117 0.00171100 0.00138675 0.00121358 0.00191439  1.00000000
945.0  0.45338490 0.53883429 0.00140171 0.00007391 0.00022354 0.00048584 0.00148251 0.00134961 0.00124942 0.00151425  1.00000000
945.5  0.46010767 0.53190882 0.00147569 0.00006534 0.00023533 0.00064796 0.00177753 0.00114572 0.00122462 0.00141132  1.00000000
946.0  0.46465686 0.52679825 0.00141311 0.00005024 0.00040433 0.00080605 0.00274066 0.00042541 0.00116562 0.00153947  1.00000000
946.5  0.46695111 0.52468838 0.00150580 0.00006165 0.00048530 0.00067979 0.00285681 0.00000159 0.00126094 0.00150863  1.00000000
947.0  0.46750946 0.52439607 0.00150640 0.00007617 0.00041099 0.00065655 0.00261443 0.00006695 0.00128372 0.00147926  1.00000000
947.5  0.46712793 0.52448154 0.00183698 0.00003011 0.00036180 0.00069193 0.00267133 0.00021375 0.00122734 0.00135729  1.00000000
948.0  0.46677325 0.52406332 0.00263870 0.00007440 0.00036869 0.00072205 0.00267871 0.00036288 0.00109860 0.00121941  1.00000000
948.5  0.46664459 0.52429612 0.00258483 0.00010491 0.00040999 0.00062680 0.00243419 0.00036167 0.00119535 0.00134155  1.00000000
949.0  0.46749407 0.52334288 0.00263478 0.00008526 0.00039768 0.00064702 0.00224393 0.00039388 0.00131190 0.00144860  1.00000000
949.5  0.46973056 0.52081406 0.00256952 0.00009944 0.00040049 0.00066916 0.00242506 0.00055942 0.00118531 0.00154700  1.00000000
950.0  0.47363335 0.51679554 0.00261979 0.00017167 0.00038123 0.00056764 0.00256372 0.00066528 0.00103040 0.00157139  1.00000000
950.5  0.47868588 0.51235635 0.00263658 0.00009015 0.00044626 0.00059364 0.00200606 0.00077875 0.00110854 0.00129780  1.00000000
951.0  0.48460348 0.50593212 0.00256346 0.00012324 0.00043191 0.00098296 0.00180807 0.00089927 0.00135839 0.00129710  1.00000000
951.5  0.49118355 0.49869223 0.00257656 0.00018682 0.00040258 0.00101262 0.00180322 0.00159281 0.00120818 0.00134143  1.00000000
952.0  0.49764134 0.49250489 0.00256334 0.00017726 0.00039629 0.00091975 0.00139066 0.00187536 0.00092841 0.00160270  1.00000000
952.5  0.50339707 0.48733746 0.00260350 0.00007650 0.00048987 0.00077535 0.00083396 0.00220497 0.00083523 0.00144608  1.00000000
953.0  0.50787871 0.48238134 0.00265945 0.00012550 0.00051568 0.00113272 0.00038159 0.00218523 0.00106195 0.00167784  1.00000000
953.5  0.51066545 0.47888953 0.00253820 0.00010266 0.00061780 0.00143164 0.00095485 0.00211768 0.00080826 0.00187394  1.00000000
954.0  0.51129896 0.47800520 0.00276295 0.00004955 0.00071838 0.00140024 0.00099050 0.00189351 0.00096571 0.00191500  1.00000000
954.5  0.50992661 0.48048239 0.00261880 0.00001759 0.00063524 0.00158431 0.00088550 0.00166709 0.00030864 0.00187382  1.00000000
955.0  0.50636489 0.48369552 0.00277838 0.00003240 0.00054020 0.00165666 0.00090756 0.00181785 0.00037610 0.00183045  1.00000000
955.5  0.50091641 0.48923991 0.00256565 0.00003979 0.00049026 0.00184542 0.00077344 0.00191658 0.00035059 0.00186196  1.00000000
956.0  0.49380862 0.49617074 0.00285032 0.00005458 0.00057194 0.00155102 0.00094537 0.00161554 0.00048475 0.00194711  1.00000000
956.5  0.48573799 0.50515951 0.00258192 0.00008437 0.00060046 0.00138305 0.00093814 0.00122462 0.00029302 0.00199692  1.00000000
957.0  0.47744714 0.51324144 0.00278076 0.00011853 0.00052651 0.00148690 0.00056996 0.00154205 0.00033213 0.00195458  1.00000000
957.5  0.46897280 0.52174863 0.00268260 0.00013960 0.00041908 0.00154699 0.00061167 0.00155142 0.00039336 0.00193384  1.00000000
958.0  0.46087546 0.52993971 0.00274704 0.00011811 0.00035311 0.00135147 0.00078766 0.00157108 0.00038232 0.00187404  1.00000000
958.5  0.45375599 0.53680372 0.00271442 0.00013080 0.00042637 0.00148773 0.00072051 0.00160922 0.00035739 0.00199385  1.00000000
959.0  0.44833456 0.54214320 0.00272804 0.00015421 0.00047075 0.00144135 0.00089979 0.00156426 0.00027804 0.00198580  1.00000000
959.5  0.44415339 0.54644302 0.00271786 0.00007782 0.00045473 0.00152397 0.00086503 0.00146480 0.00028206 0.00201731  1.00000000
960.0  0.44127136 0.54912949 0.00277213 0.00007120 0.00062411 0.00131074 0.00096196 0.00157335 0.00022615 0.00205951  1.00000000
960.5  0.43989488 0.55039354 0.00257726 0.00010126 0.00049677 0.00135311 0.00094708 0.00172686 0.00033297 0.00217629  1.00000000
961.0  0.43961720 0.54992133 0.00285296 0.00009444 0.00036557 0.00118229 0.00123695 0.00161204 0.00037369 0.00274352  1.00000000
961.5  0.43981543 0.55023242 0.00252118 0.00009066 0.00035204 0.00116009 0.00128549 0.00156455 0.00018590 0.00279224  1.00000000
962.0  0.43981342 0.54932773 0.00286513 0.00011494 0.00034428 0.00033332 0.00214512 0.00161725 0.00024838 0.00319044  1.00000000
962.5  0.43928443 0.54966536 0.00259305 0.00011128 0.00033952 0.00035221 0.00225906 0.00166203 0.00021218 0.00352088  1.00000000
963.0  0.43809088 0.55096374 0.00288426 0.00011626 0.00043519 0.00057085 0.00188005 0.00145247 0.00017451 0.00343179  1.00000000
963.5  0.43534028 0.55379596 0.00270426 0.00010912 0.00038978 0.00045490 0.00196415 0.00156822 0.00010211 0.00357122  1.00000000
964.0  0.43061986 0.55768641 0.00282476 0.00010849 0.00031919 0.00038776 0.00246184 0.00157406 0.00006265 0.00395498  1.00000000
964.5  0.42465576 0.56375842 0.00275179 0.00007628 0.00028249 0.00034832 0.00255111 0.00150372 0.00005443 0.00401768  1.00000000
965.0  0.41786352 0.57084962 0.00275994 0.00008927 0.00035279 0.00051153 0.00224741 0.00159825 0.00005660 0.00367108  1.00000000
965.5  0.41035762 0.57850623 0.00273582 0.00009936 0.00031930 0.00045462 0.00233442 0.00158993 0.00007228 0.00353044  1.00000000
966.0  0.40259547 0.58631257 0.00276684 0.00006801 0.00031466 0.00046665 0.00219116 0.00148265 0.00007525 0.00372674  1.00000000
966.5  0.39566076 0.59304719 0.00273922 0.00007483 0.00030043 0.00037918 0.00224583 0.00154266 0.00007016 0.00393973  1.00000000
967.0  0.39066129 0.59823677 0.00278323 0.00008839 0.00027208 0.00051978 0.00184498 0.00166717 0.00006406 0.00386225  1.00000000
967.5  0.38802432 0.60126301 0.00267249 0.00007286 0.00030400 0.00047225 0.00199229 0.00150040 0.00009369 0.00360470  1.00000000
968.0  0.38757623 0.60114774 0.00282988 0.00007390 0.00025094 0.00053335 0.00238600 0.00142811 0.00011278 0.00366108  1.00000000
968.5  0.38927818 0.59903756 0.00266564 0.00007155 0.00024719 0.00051490 0.00247581 0.00168111 0.00012205 0.00390601  1.00000000
969.0  0.39349229 0.59521376 0.00283014 0.00007055 0.00026593 0.00049634 0.00202686 0.00161209 0.00012268 0.00386936  1.00000000
969.5  0.39944795 0.59000070 0.00273446 0.00003679 0.00029097 0.00035474 0.00195305 0.00160573 0.00013156 0.00344405  1.00000000
970.0  0.40581129 0.58282427 0.00281369 0.00012823 0.00029392 0.00038902 0.00251779 0.00165465 0.00012768 0.00343945  1.00000000
970.5  0.41207882 0.57607662 0.00269751 0.00008619 0.00046706 0.00032379 0.00244256 0.00180346 0.00038771 0.00363627  1.00000000
971.0  0.41800809 0.57073175 0.00292820 0.00010636 0.00040676 0.00020519 0.00197887 0.00128227 0.00038146 0.00397105  1.00000000
971.5  0.42260622 0.56591394 0.00339413 0.00011408 0.00037266 0.00010280 0.00221308 0.00125592 0.00007137 0.00395580  1.00000000
972.0  0.42556361 0.56196898 0.00404225 0.00020417 0.00034265 0.00009904 0.00125877 0.00233482 0.00025321 0.00393251  1.00000000
972.5  0.42732757 0.56022756 0.00407390 0.00006678 0.00038477 0.00018925 0.00262931 0.00111065 0.00012001 0.00387020  1.00000000
973.0  0.42759132 0.55991930 0.00421120 0.00019702 0.00032109 0.00004333 0.00257549 0.00071586 0.00037542 0.00404995  1.00000000
973.5  0.42764968 0.55995733 0.00407219 0.00027337 0.00044909 0.00005694 0.00242717 0.00085049 0.00019689 0.00406684  1.00000000
974.0  0.42735856 0.56007076 0.00423023 0.00018114 0.00035936 0.00004399 0.00255736 0.00082098 0.00030306 0.00407456  1.00000000
974.5  0.42715522 0.56009892 0.00404189 0.00016349 0.00043100 0.00004955 0.00277706 0.00093075 0.00017244 0.00417968  1.00000000
975.0  0.42763012 0.55958473 0.00417607 0.00027211 0.00040571 0.00011450 0.00271368 0.00078423 0.00022349 0.00409535  1.00000000
975.5  0.42925927 0.55865560 0.00408388 0.00022588 0.00017737 0.00012678 0.00245749 0.00085664 0.00021999 0.00393711  1.00000000
976.0  0.43152966 0.55642459 0.00416093 0.00019353 0.00017896 0.00005457 0.00243807 0.00086158 0.00019637 0.00396173  1.00000000
976.5  0.43420778 0.55305043 0.00410351 0.00022104 0.00026253 0.00002248 0.00273375 0.00087366 0.00019357 0.00433126  1.00000000
977.0  0.43785928 0.54918572 0.00406238 0.00016678 0.00040109 0.00016238 0.00270125 0.00086286 0.00023421 0.00436405  1.00000000
977.5  0.44178087 0.54563521 0.00416282 0.00018863 0.00030636 0.00014336 0.00244496 0.00083933 0.00024144 0.00425701  1.00000000
978.0  0.44545845 0.54251260 0.00407043 0.00015869 0.00021629 0.00007994 0.00250145 0.00077588 0.00019456 0.00403171  1.00000000
978.5  0.44836213 0.53952026 0.00410447 0.00016465 0.00019273 0.00005354 0.00268647 0.00083105 0.00024742 0.00383728  1.00000000
979.0  0.45037089 0.53716194 0.00406705 0.00017853 0.00028313 0.00009364 0.00269988 0.00104512 0.00024024 0.00385956  1.00000000
979.5  0.45135244 0.53624397 0.00400482 0.00023852 0.00026967 0.00007656 0.00258240 0.00093286 0.00032247 0.00397629  1.00000000
980.0  0.45086411 0.53655734 0.00420426 0.00016627 0.00030593 0.00074585 0.00170538 0.00092591 0.00022118 0.00430378  1.00000000
980.5  0.44863669 0.53900562 0.00396967 0.00026778 0.00026857 0.00004640 0.00227897 0.00094350 0.00025769 0.00432511  1.00000000
981.0  0.44550341 0.54182274 0.00437061 0.00019086 0.00039752 0.00008998 0.00239554 0.00096461 0.00027891 0.00398581  1.00000000
981.5  0.44144333 0.54611574 0.00382785 0.00036974 0.00030298 0.00008446 0.00279623 0.00086107 0.00011842 0.00408018  1.00000000
982.0  0.43678301 0.55018501 0.00430497 0.00033875 0.00036424 0.00010501 0.00244933 0.00074669 0.00051421 0.00420878  1.00000000
982.5  0.43158070 0.55585824 0.00376285 0.00039800 0.00035393 0.00010493 0.00216252 0.00076876 0.00057605 0.00443402  1.00000000
983.0  0.42664811 0.55974769 0.00422900 0.00041113 0.00037221 0.00009433 0.00220942 0.00094420 0.00076932 0.00457458  1.00000000
983.5  0.42263983 0.56432769 0.00385575 0.00036855 0.00036788 0.00005472 0.00237425 0.00075024 0.00074226 0.00451883  1.00000000
984.0  0.41944154 0.56787366 0.00411583 0.00035470 0.00036024 0.00006106 0.00208726 0.00075860 0.00068950 0.00425762  1.00000000
984.5  0.41678316 0.57056634 0.00402117 0.00031174 0.00035351 0.00007578 0.00198551 0.00098263 0.00063300 0.00428717  1.00000000
985.0  0.41520793 0.57220471 0.00398758 0.00030291 0.00029244 0.00012161 0.00219270 0.00111072 0.00067077 0.00390863  1.00000000
985.5  0.41444449 0.57308504 0.00398278 0.00026499 0.00026428 0.00007475 0.00233232 0.00101479 0.00062439 0.00391217  1.00000000
986.0  0.41400545 0.57361550 0.00396827 0.00026233 0.00023950 0.00004744 0.00223048 0.00117936 0.00050999 0.00394169  1.00000000
986.5  0.41386694 0.57360559 0.00398788 0.00017033 0.00028057 0.00007208 0.00219197 0.00120756 0.00052987 0.00408721  1.00000000
987.0  0.41408306 0.57280240 0.00414473 0.00021185 0.00020261 0.00018338 0.00255193 0.00124563 0.00051699 0.00405740  1.00000000
987.5  0.41423578 0.57348610 0.00379949 0.00013223 0.00022704 0.00012701 0.00257589 0.00119203 0.00036757 0.00385686  1.00000000
988.0  0.41372971 0.57374311 0.00415702 0.00010475 0.00020064 0.00003974 0.00249410 0.00154905 0.00037438 0.00360749  1.00000000
988.5  0.41261105 0.57541995 0.00374529 0.00009816 0.00021682 0.00001380 0.00244098 0.00151242 0.00048544 0.00345607  1.00000000
989.0  0.41075559 0.57659375 0.00420707 0.00009504 0.00020728 0.00007214 0.00249579 0.00163697 0.00034464 0.00359172  1.00000000
989.5  0.40860654 0.57871822 0.00385620 0.00006723 0.00016666 0.00014927 0.00241517 0.00167016 0.00050531 0.00384524  1.00000000
990.0  0.40611000 0.58025171 0.00413704 0.00015211 0.00012623 0.00025906 0.00270221 0.00163295 0.00069887 0.00392982  1.00000000
990.5  0.40345891 0.58295291 0.00388044 0.00020322 0.00019391 0.00049009 0.00245515 0.00149398 0.00101715 0.00385424  1.00000000
991.0  0.40086657 0.58648086 0.00378680 0.00020975 0.00024021 0.00081616 0.00223515 0.00110922 0.00076494 0.00349034  1.00000000
991.5  0.39868213 0.58907326 0.00383144 0.00018474 0.00018528 0.00143649 0.00180770 0.00046294 0.00101896 0.00331703  1.00000000
992.0  0.39704122 0.59040873 0.00383520 0.00017771 0.00009410 0.00149829 0.00253495 0.00020476 0.00086826 0.00333678  1.00000000
992.5  0.39629719 0.59037166 0.00392158 0.00020004 0.00008766 0.00194301 0.00258083 0.00014359 0.00095511 0.00349933  1.00000000
993.0  0.39613831 0.59076993 0.00380258 0.00020014 0.00009648 0.00156265 0.00271207 0.00013347 0.00083784 0.00374653  1.00000000
993.5  0.39664794 0.59080000 0.00382432 0.00014790 0.00014097 0.00152623 0.00235183 0.00027412 0.00062373 0.00366297  1.00000000
994.0  0.39743904 0.58985108 0.00379991 0.00018432 0.00014506 0.00157559 0.00264500 0.00034633 0.00053416 0.00347950  1.00000000
994.5  0.39881665 0.58831792 0.00377810 0.00016296 0.00012111 0.00187302 0.00261656 0.00051742 0.00042200 0.00337427  1.00000000
995.0  0.40015981 0.58723826 0.00381268 0.00019670 0.00012869 0.00135078 0.00269692 0.00057138 0.00045422 0.00339056  1.00000000
995.5  0.40117267 0.58636553 0.00374894 0.00020887 0.00015474 0.00118438 0.00259989 0.00062122 0.00039963 0.00354413  1.00000000
996.0  0.40192029 0.58515709 0.00379284 0.00018502 0.00020714 0.00118620 0.00269591 0.00078486 0.00046645 0.00360420  1.00000000
996.5  0.40249941 0.58459877 0.00377541 0.00019107 0.00021438 0.00148252 0.00243890 0.00086410 0.00040792 0.00352753  1.00000000
997.0  0.40276195 0.58466724 0.00378683 0.00017104 0.00016905 0.00111340 0.00269842 0.00076300 0.00045893 0.00341014  1.00000000
997.5  0.40270029 0.58469001 0.00385871 0.00008607 0.00016228 0.00113641 0.00267351 0.00073144 0.00048532 0.00347596  1.00000000
998.0  0.40296592 0.58448837 0.00376307 0.00012980 0.00016776 0.00089605 0.00268383 0.00082062 0.00055334 0.00353123  1.00000000
998.5  0.40299960 0.58375863 0.00446157 0.00017394 0.00027701 0.00117487 0.00228608 0.00063712 0.00060237 0.00362881  1.00000000
999.0  0.40332647 0.58270099 0.00500189 0.00011850 0.00029842 0.00095911 0.00277292 0.00053191 0.00064986 0.00363993  1.00000000
999.5  0.40433737 0.58187432 0.00490219 0.00010868 0.00017178 0.00153285 0.00219987 0.00043308 0.00077593 0.00366394  1.00000000
1000.0  0.40340720 0.58445324 0.00481295 0.00012006 0.00030754 0.00081944 0.00265608 0.00039474 0.00082055 0.00220820  1.00000000
