0.0  1.00000000 0.00000000 0.00000000 0.00000000 0.00000000 0.00000000 0.00000000 0.00000000 0.00000000 0.00000000  1.00000000
0.5  0.99980127 0.00018022 0.00000051 0.00000254 0.00000204 0.00000222 0.00000049 0.00000388 0.00000512 0.00000171  1.00000000
1.0  0.99996466 0.00000707 0.00000012 0.00000192 0.00000155 0.00000370 0.00000045 0.00001081 0.00000773 0.00000199  1.00000000
1.5  0.99984851 0.00013317 0.00000037 0.00000062 0.00000036 0.00000095 0.00000003 0.00000593 0.00000279 0.00000728  1.00000000
2.0  0.99995633 0.00002166 0.00000046 0.00000202 0.00000202 0.00000066 0.00000004 0.00000017 0.00000009 0.00001656  1.00000000
2.5  0.99988378 0.00008608 0.00000017 0.00000188 0.00000130 0.00000310 0.00000005 0.00000641 0.00000196 0.00001528  1.00000000
3.0  0.99993874 0.00003800 0.00000003 0.00000145 0.00000014 0.00000186 0.00000002 0.00001206 0.00000292 0.00000478  1.00000000
3.5  0.99993225 0.00005386 0.00000029 0.00000271 0.00000012 0.00000002 0.00000006 0.00000477 0.00000129 0.00000463  1.00000000
4.0  0.99991221 0.00005404 0.00000011 0.00000896 0.00000399 0.00000153 0.00000006 0.00000023 0.00000068 0.00001818  1.00000000
4.5  0.99988885 0.00004406 0.00000038 0.00000808 0.00000410 0.00000232 0.00000017 0.00000656 0.00000076 0.00004472  1.00000000
5.0  0.99986952 0.00006771 0.00000009 0.00000711 0.00000157 0.00000040 0.00000027 0.00000985 0.00000062 0.00004287  1.00000000
5.5  0.99987360 0.00006091 0.00000136 0.00000150 0.00000822 0.00000195 0.00000020 0.00000326 0.00000059 0.00004842  1.00000000
6.0  0.99985349 0.00007380 0.00000028 0.00000440 0.00000678 0.00000138 0.00000939 0.00000106 0.00000091 0.00004851  1.00000000
6.5  0.99981069 0.00010525 0.00000103 0.00000570 0.00000680 0.00000239 0.00000789 0.00000684 0.00000167 0.00005175  1.00000000
7.0  0.99983880 0.00006583 0.00000048 0.00000612 0.00000921 0.00000213 0.00000388 0.00000771 0.00000161 0.00006423  1.00000000
7.5  0.99971993 0.00017005 0.00000036 0.00001166 0.00001046 0.00000233 0.00000402 0.00000249 0.00000162 0.00007706  1.00000000
8.0  0.99985765 0.00004154 0.00000080 0.00001212 0.00000972 0.00000209 0.00000311 0.00000150 0.00000217 0.00006929  1.00000000
8.5  0.99961845 0.00024147 0.00000005 0.00001165 0.00001060 0.00000304 0.00000187 0.00002296 0.00000458 0.00008533  1.00000000
9.0  0.99982511 0.00001551 0.00000120 0.00001267 0.00000993 0.00000371 0.00000048 0.00002908 0.00000646 0.00009586  1.00000000
9.5  0.99958034 0.00028203 0.00000001 0.00000610 0.00001133 0.00000295 0.00000029 0.00001518 0.00000961 0.00009216  1.00000000
10.0  0.99978664 0.00000942 0.00000141 0.00000301 0.00001893 0.00006608 0.00000027 0.00000229 0.00001769 0.00009427  1.00000000
10.5  0.99950137 0.00027638 0.00000006 0.00000339 0.00002699 0.00006455 0.00000120 0.00000117 0.00003158 0.00009332  1.00000000
11.0  0.99972729 0.00003591 0.00000126 0.00000378 0.00002734 0.00007314 0.00000368 0.00000021 0.00003091 0.00009648  1.00000000
11.5  0.99955861 0.00021759 0.00000002 0.00000565 0.00002526 0.00007847 0.00001159 0.00000018 0.00002404 0.00007859  1.00000000
12.0  0.99969900 0.00008245 0.00000097 0.00000594 0.00001985 0.00007786 0.00000974 0.00000051 0.00002519 0.00007850  1.00000000
12.5  0.99963840 0.00013153 0.00000000 0.00000629 0.00001954 0.00007765 0.00002037 0.00000211 0.00002557 0.00007853  1.00000000
13.0  0.99965040 0.00012010 0.00000041 0.00001151 0.00002009 0.00008199 0.00001950 0.00000798 0.00002738 0.00006063  1.00000000
13.5  0.99972344 0.00005947 0.00000022 0.00000742 0.00002422 0.00007647 0.00001119 0.00001206 0.00002621 0.00005931  1.00000000
14.0  0.99969113 0.00012854 0.00000034 0.00000886 0.00001822 0.00007703 0.00000307 0.00000784 0.00002384 0.00004113  1.00000000
14.5  0.99979012 0.00002234 0.00000051 0.00001637 0.00002175 0.00008074 0.00000228 0.00000050 0.00002105 0.00004433  1.00000000
15.0  0.99967611 0.00010740 0.00000007 0.00001171 0.00001674 0.00009354 0.00000316 0.00000452 0.00002200 0.00006475  1.00000000
15.5  0.99973810 0.00002111 0.00000072 0.00002144 0.00001904 0.00009447 0.00000341 0.00001190 0.00003390 0.00005593  1.00000000
16.0  0.99969946 0.00007029 0.00000004 0.00002423 0.00001641 0.00008484 0.00000897 0.00001140 0.00003426 0.00005008  1.00000000
16.5  0.99974456 0.00004566 0.00000079 0.00001124 0.00001770 0.00006936 0.00001913 0.00000142 0.00002277 0.00006737  1.00000000
17.0  0.99976191 0.00003511 0.00000002 0.00001198 0.00001261 0.00006425 0.00002666 0.00000147 0.00002209 0.00006388  1.00000000
17.5  0.99967460 0.00008056 0.00000072 0.00001244 0.00001471 0.00007047 0.00003938 0.00000739 0.00003523 0.00006450  1.00000000
18.0  0.99972235 0.00002456 0.00000003 0.00000969 0.00001524 0.00006566 0.00004851 0.00000775 0.00004032 0.00006589  1.00000000
18.5  0.99968162 0.00010712 0.00000052 0.00001048 0.00001579 0.00004457 0.00004867 0.00000123 0.00002583 0.00006418  1.00000000
19.0  0.99976222 0.00005357 0.00000001 0.00001019 0.00001527 0.00002322 0.00004739 0.00000177 0.00002027 0.00006610  1.00000000
19.5  0.99968112 0.00010662 0.00000027 0.00001274 0.00001314 0.00002082 0.00006103 0.00000732 0.00003108 0.00006585  1.00000000
20.0  0.99964386 0.00013068 0.00000007 0.00000875 0.00001202 0.00002742 0.00008308 0.00000725 0.00003810 0.00004877  1.00000000
20.5  0.99969518 0.00007585 0.00000018 0.00001000 0.00001258 0.00002471 0.00008922 0.00000063 0.00002941 0.00006224  1.00000000
21.0  0.99954806 0.00023114 0.00000006 0.00001240 0.00002015 0.00001497 0.00008214 0.00000405 0.00001753 0.00006950  1.00000000
21.5  0.99975124 0.00003711 0.00000022 0.00001788 0.00001876 0.00001264 0.00007008 0.00001051 0.00003068 0.00005086  1.00000000
22.0  0.99946615 0.00031325 0.00000012 0.00001331 0.00001900 0.00001563 0.00007762 0.00001250 0.00003310 0.00004934  1.00000000
22.5  0.99975308 0.00001981 0.00000023 0.00000899 0.00001616 0.00002429 0.00009340 0.00000304 0.00002889 0.00005212  1.00000000
23.0  0.99946407 0.00033580 0.00000001 0.00000304 0.00001565 0.00003707 0.00008056 0.00000341 0.00000839 0.00005200  1.00000000
23.5  0.99977957 0.00003767 0.00000001 0.00000295 0.00001740 0.00004102 0.00004433 0.00001144 0.00001978 0.00004584  1.00000000
24.0  0.99948697 0.00029144 0.00000020 0.00000260 0.00004682 0.00004865 0.00003397 0.00001214 0.00003945 0.00003775  1.00000000
24.5  0.99966016 0.00007481 0.00000004 0.00001247 0.00005007 0.00006266 0.00005239 0.00000834 0.00003521 0.00004384  1.00000000
25.0  0.99950583 0.00020668 0.00000022 0.00002570 0.00004302 0.00007649 0.00006159 0.00000470 0.00002633 0.00004944  1.00000000
25.5  0.99962754 0.00010278 0.00000002 0.00001337 0.00006015 0.00007713 0.00004240 0.00000187 0.00002602 0.00004873  1.00000000
26.0  0.99961375 0.00012200 0.00000039 0.00002815 0.00004728 0.00006361 0.00001325 0.00000832 0.00003031 0.00007294  1.00000000
26.5  0.99962599 0.00010709 0.00000001 0.00003365 0.00003990 0.00006973 0.00001182 0.00001179 0.00001764 0.00008239  1.00000000
27.0  0.99964308 0.00006533 0.00000039 0.00002707 0.00004974 0.00009290 0.00001172 0.00001903 0.00001700 0.00007373  1.00000000
27.5  0.99962620 0.00009360 0.00000000 0.00003606 0.00004802 0.00009525 0.00001453 0.00001883 0.00001591 0.00005158  1.00000000
28.0  0.99968742 0.00003920 0.00000000 0.00004552 0.00003453 0.00006661 0.00003502 0.00000512 0.00002252 0.00006406  1.00000000
28.5  0.99961997 0.00007062 0.00000010 0.00005449 0.00003121 0.00000044 0.00008483 0.00000200 0.00001962 0.00011672  1.00000000
29.0  0.99962349 0.00004313 0.00000006 0.00005771 0.00002599 0.00000471 0.00009583 0.00000282 0.00002073 0.00012552  1.00000000
29.5  0.99963601 0.00004459 0.00000018 0.00006159 0.00003194 0.00000283 0.00010679 0.00000142 0.00001998 0.00009469  1.00000000
30.0  0.99964939 0.00007193 0.00000113 0.00005966 0.00002833 0.00000210 0.00008803 0.00001416 0.00002027 0.00006500  1.00000000
30.5  0.99968803 0.00002262 0.00000011 0.00006289 0.00002517 0.00000617 0.00003209 0.00006743 0.00002043 0.00007507  1.00000000
31.0  0.99955768 0.00012400 0.00000075 0.00006690 0.00002309 0.00000886 0.00001238 0.00008991 0.00001752 0.00009890  1.00000000
31.5  0.99969716 0.00000590 0.00000028 0.00004296 0.00001911 0.00000585 0.00002082 0.00007915 0.00002023 0.00010854  1.00000000
32.0  0.99952318 0.00019129 0.00000045 0.00003852 0.00002583 0.00000081 0.00001753 0.00008290 0.00002022 0.00009927  1.00000000
32.5  0.99972491 0.00000104 0.00000042 0.00003498 0.00001499 0.00000260 0.00001266 0.00010949 0.00002025 0.00007866  1.00000000
33.0  0.99943475 0.00025845 0.00000025 0.00005847 0.00001334 0.00000898 0.00000666 0.00012856 0.00001611 0.00007443  1.00000000
33.5  0.99970752 0.00001839 0.00000007 0.00005936 0.00002747 0.00000976 0.00000977 0.00009544 0.00002030 0.00005193  1.00000000
34.0  0.99947625 0.00029534 0.00000029 0.00005907 0.00002298 0.00000535 0.00001234 0.00006790 0.00002153 0.00003895  1.00000000
34.5  0.99963121 0.00006753 0.00000007 0.00006857 0.00002198 0.00000422 0.00000939 0.00010397 0.00002153 0.00007153  1.00000000
35.0  0.99934472 0.00027596 0.00000002 0.00006877 0.00002935 0.00000906 0.00000311 0.00014586 0.00002213 0.00010102  1.00000000
35.5  0.99953662 0.00014215 0.00000023 0.00006246 0.00001792 0.00001263 0.00000570 0.00012603 0.00001826 0.00007798  1.00000000
36.0  0.99956383 0.00019951 0.00000000 0.00008466 0.00001808 0.00001490 0.00001318 0.00006601 0.00001687 0.00002296  1.00000000
36.5  0.99949970 0.00021545 0.00000043 0.00007916 0.00004155 0.00001538 0.00001026 0.00009453 0.00002484 0.00001869  1.00000000
37.0  0.99952819 0.00010595 0.00000003 0.00006581 0.00004205 0.00001418 0.00000620 0.00016032 0.00003431 0.00004296  1.00000000
37.5  0.99935338 0.00025306 0.00000147 0.00009545 0.00006419 0.00001077 0.00000787 0.00014622 0.00001692 0.00005065  1.00000000
38.0  0.99966666 0.00003554 0.00000009 0.00004160 0.00008659 0.00001185 0.00001443 0.00007633 0.00001255 0.00005435  1.00000000
38.5  0.99948863 0.00023514 0.00000132 0.00000951 0.00010072 0.00001064 0.00001347 0.00007871 0.00002998 0.00003189  1.00000000
39.0  0.99962335 0.00000249 0.00000007 0.00002266 0.00011361 0.00000875 0.00000127 0.00015292 0.00004030 0.00003458  1.00000000
39.5  0.99947248 0.00018655 0.00000110 0.00005995 0.00005556 0.00000849 0.00002130 0.00016021 0.00001608 0.00001827  1.00000000
40.0  0.99972152 0.00000422 0.00000033 0.00007548 0.00004875 0.00000987 0.00002081 0.00009206 0.00000867 0.00001829  1.00000000
40.5  0.99963763 0.00012210 0.00000096 0.00008847 0.00004292 0.00000690 0.00000312 0.00005631 0.00002394 0.00001765  1.00000000
41.0  0.99962072 0.00002229 0.00000096 0.00012239 0.00003244 0.00000437 0.00002159 0.00011484 0.00004149 0.00001891  1.00000000
41.5  0.99948236 0.00007059 0.00000122 0.00014661 0.00002888 0.00001175 0.00005410 0.00014620 0.00004160 0.00001669  1.00000000
42.0  0.99957047 0.00004195 0.00000284 0.00014443 0.00002542 0.00001512 0.00007111 0.00007499 0.00003497 0.00001871  1.00000000
42.5  0.99965415 0.00004560 0.00000124 0.00014841 0.00000999 0.00001344 0.00004754 0.00002919 0.00002671 0.00002374  1.00000000
43.0  0.99958854 0.00005399 0.00000228 0.00015706 0.00001224 0.00000722 0.00010417 0.00001260 0.00003766 0.00002424  1.00000000
43.5  0.99949808 0.00005249 0.00000053 0.00015974 0.00001087 0.00000898 0.00018996 0.00000614 0.00004707 0.00002614  1.00000000
44.0  0.99951355 0.00005505 0.00000114 0.00016850 0.00001355 0.00001625 0.00017111 0.00000575 0.00003187 0.00002323  1.00000000
44.5  0.99953920 0.00009652 0.00000052 0.00019634 0.00001218 0.00002552 0.00008144 0.00000622 0.00002453 0.00001753  1.00000000
45.0  0.99959478 0.00004223 0.00000135 0.00020367 0.00001136 0.00002735 0.00005756 0.00000536 0.00003335 0.00002297  1.00000000
45.5  0.99939921 0.00016807 0.00000065 0.00020360 0.00001118 0.00003139 0.00011382 0.00000513 0.00004263 0.00002432  1.00000000
46.0  0.99947492 0.00002354 0.00000057 0.00022631 0.00001005 0.00005291 0.00013784 0.00000481 0.00002864 0.00004042  1.00000000
46.5  0.99927389 0.00025607 0.00000058 0.00022449 0.00000978 0.00007409 0.00007861 0.00000429 0.00002022 0.00005797  1.00000000
47.0  0.99957326 0.00001341 0.00000016 0.00022066 0.00000368 0.00008127 0.00002126 0.00000382 0.00003102 0.00005145  1.00000000
47.5  0.99926990 0.00032627 0.00000041 0.00024258 0.00000228 0.00009324 0.00000680 0.00000774 0.00004066 0.00001012  1.00000000
48.0  0.99952893 0.00003032 0.00000034 0.00021788 0.00000118 0.00014591 0.00001742 0.00000767 0.00003422 0.00001611  1.00000000
48.5  0.99920215 0.00033543 0.00000071 0.00022014 0.00000300 0.00017039 0.00002120 0.00000510 0.00003000 0.00001189  1.00000000
49.0  0.99947076 0.00008234 0.00000034 0.00022970 0.00000522 0.00014627 0.00001296 0.00000099 0.00004010 0.00001132  1.00000000
49.5  0.99934262 0.00028284 0.00000075 0.00020870 0.00000492 0.00009650 0.00000517 0.00000579 0.00004234 0.00001037  1.00000000
50.0  0.99945799 0.00014891 0.00000060 0.00020943 0.00000505 0.00011389 0.00000112 0.00000832 0.00004192 0.00001277  1.00000000
50.5  0.99932835 0.00018729 0.00000058 0.00025411 0.00001113 0.00015960 0.00000104 0.00000606 0.00003797 0.00001388  1.00000000
51.0  0.99936502 0.00019671 0.00000051 0.00020984 0.00000502 0.00016865 0.00000655 0.00000046 0.00003873 0.00000849  1.00000000
51.5  0.99948361 0.00009590 0.00000034 0.00022228 0.00000572 0.00011364 0.00002536 0.00000619 0.00003808 0.00000889  1.00000000
52.0  0.99938934 0.00020080 0.00000039 0.00023668 0.00000964 0.00006892 0.00004076 0.00001189 0.00004030 0.00000129  1.00000000
52.5  0.99955716 0.00003727 0.00000043 0.00021797 0.00000374 0.00007247 0.00005526 0.00001006 0.00004443 0.00000121  1.00000000
53.0  0.99940155 0.00016383 0.00000036 0.00022879 0.00000223 0.00008295 0.00007068 0.00000665 0.00004169 0.00000126  1.00000000
53.5  0.99953319 0.00001382 0.00000061 0.00024312 0.00000128 0.00006822 0.00007573 0.00001534 0.00004530 0.00000339  1.00000000
54.0  0.99948562 0.00010848 0.00000036 0.00023372 0.00000200 0.00004135 0.00005938 0.00002901 0.00003899 0.00000109  1.00000000
54.5  0.99956639 0.00002115 0.00000076 0.00021637 0.00003241 0.00003142 0.00005625 0.00002676 0.00004654 0.00000195  1.00000000
55.0  0.99949174 0.00005716 0.00000038 0.00008788 0.00017604 0.00003928 0.00006582 0.00004496 0.00003059 0.00000615  1.00000000
55.5  0.99947083 0.00005481 0.00000135 0.00006086 0.00019420 0.00006035 0.00005803 0.00003223 0.00006033 0.00000702  1.00000000
56.0  0.99954712 0.00002133 0.00000062 0.00003632 0.00021352 0.00005446 0.00003667 0.00004611 0.00003987 0.00000398  1.00000000
56.5  0.99951211 0.00010904 0.00000144 0.00002065 0.00020477 0.00004332 0.00002199 0.00004936 0.00003672 0.00000060  1.00000000
57.0  0.99953314 0.00000281 0.00000127 0.00003773 0.00025234 0.00003936 0.00001893 0.00007293 0.00004078 0.00000071  1.00000000
57.5  0.99933033 0.00017650 0.00000119 0.00003322 0.00026073 0.00005299 0.00001971 0.00008242 0.00004196 0.00000093  1.00000000
58.0  0.99950917 0.00000257 0.00000159 0.00003255 0.00027680 0.00005016 0.00002433 0.00006188 0.00003974 0.00000121  1.00000000
58.5  0.99926258 0.00024290 0.00000069 0.00006044 0.00027053 0.00002886 0.00004071 0.00005532 0.00003623 0.00000175  1.00000000
59.0  0.99947532 0.00002368 0.00000137 0.00005942 0.00026079 0.00000956 0.00005768 0.00006792 0.00004244 0.00000182  1.00000000
59.5  0.99921051 0.00027608 0.00000048 0.00005922 0.00025770 0.00000824 0.00006158 0.00008223 0.00004135 0.00000260  1.00000000
60.0  0.99939496 0.00007590 0.00000069 0.00009309 0.00024709 0.00000830 0.00006514 0.00006959 0.00003800 0.00000723  1.00000000
60.5  0.99924353 0.00025079 0.00000082 0.00008790 0.00023324 0.00000199 0.00006939 0.00005218 0.00003745 0.00002272  1.00000000
61.0  0.99932381 0.00015455 0.00000097 0.00009461 0.00021702 0.00000029 0.00007625 0.00006745 0.00004309 0.00002197  1.00000000
61.5  0.99929585 0.00018119 0.00000169 0.00010954 0.00018989 0.00000352 0.00007374 0.00008844 0.00004839 0.00000776  1.00000000
62.0  0.99928295 0.00023345 0.00000061 0.00010934 0.00018177 0.00000382 0.00006573 0.00007777 0.00004277 0.00000179  1.00000000
62.5  0.99944270 0.00009184 0.00000173 0.00012091 0.00018448 0.00000326 0.00006130 0.00004170 0.00003760 0.00001449  1.00000000
63.0  0.99920761 0.00027314 0.00000024 0.00014008 0.00018315 0.00001381 0.00005664 0.00005486 0.00004569 0.00002479  1.00000000
63.5  0.99936278 0.00002539 0.00000140 0.00018001 0.00017059 0.00003643 0.00004701 0.00010005 0.00005171 0.00002464  1.00000000
64.0  0.99914801 0.00025833 0.00000087 0.00017788 0.00017198 0.00005118 0.00003155 0.00009013 0.00003754 0.00003252  1.00000000
64.5  0.99948207 0.00000272 0.00000220 0.00016474 0.00017241 0.00004098 0.00003528 0.00003270 0.00003011 0.00003678  1.00000000
65.0  0.99931179 0.00019498 0.00000113 0.00014932 0.00017873 0.00004485 0.00001407 0.00002920 0.00004655 0.00002938  1.00000000
65.5  0.99948003 0.00001016 0.00000160 0.00012729 0.00018989 0.00007233 0.00001076 0.00002341 0.00005509 0.00002944  1.00000000
66.0  0.99935354 0.00012217 0.00000055 0.00010545 0.00018950 0.00009423 0.00003037 0.00003211 0.00004928 0.00002281  1.00000000
66.5  0.99945129 0.00002863 0.00000055 0.00009794 0.00018356 0.00007958 0.00004974 0.00003634 0.00004819 0.00002419  1.00000000
67.0  0.99948346 0.00006669 0.00000057 0.00006964 0.00018857 0.00004598 0.00003945 0.00003331 0.00005555 0.00001679  1.00000000
67.5  0.99954158 0.00004198 0.00000070 0.00006873 0.00017950 0.00005389 0.00001974 0.00002652 0.00005514 0.00001222  1.00000000
68.0  0.99954634 0.00004309 0.00000096 0.00007276 0.00014207 0.00008360 0.00003026 0.00002595 0.00004296 0.00001201  1.00000000
68.5  0.99951683 0.00004556 0.00000091 0.00008690 0.00012167 0.00009197 0.00006734 0.00002258 0.00004325 0.00000299  1.00000000
69.0  0.99950299 0.00006089 0.00000178 0.00009222 0.00012303 0.00006199 0.00007520 0.00002015 0.00005613 0.00000562  1.00000000
69.5  0.99960217 0.00003572 0.00000129 0.00010717 0.00008557 0.00003069 0.00005236 0.00002125 0.00005541 0.00000837  1.00000000
70.0  0.99951612 0.00011128 0.00000088 0.00010252 0.00010143 0.00004026 0.00003502 0.00002292 0.00004811 0.00002147  1.00000000
70.5  0.99959175 0.00001591 0.00000106 0.00007624 0.00009708 0.00005872 0.00007280 0.00001976 0.00004394 0.00002273  1.00000000
71.0  0.99936277 0.00017930 0.00000057 0.00008280 0.00009452 0.00004945 0.00012084 0.00001865 0.00008162 0.00000948  1.00000000
71.5  0.99955287 0.00000236 0.00000164 0.00007967 0.00010524 0.00002507 0.00010942 0.00002190 0.00008814 0.00001369  1.00000000
72.0  0.99940356 0.00023098 0.00000108 0.00008009 0.00009406 0.00001564 0.00006327 0.00003076 0.00006320 0.00001736  1.00000000
72.5  0.99962475 0.00001913 0.00000239 0.00008382 0.00009407 0.00002335 0.00005892 0.00002575 0.00004638 0.00002144  1.00000000
73.0  0.99932204 0.00023611 0.00000131 0.00009873 0.00010166 0.00002766 0.00009797 0.00002596 0.00007078 0.00001778  1.00000000
73.5  0.99946895 0.00007604 0.00000206 0.00009641 0.00010174 0.00002862 0.00011911 0.00001992 0.00007680 0.00001036  1.00000000
74.0  0.99937694 0.00018713 0.00000108 0.00010535 0.00011860 0.00002164 0.00010256 0.00002340 0.00005958 0.00000370  1.00000000
74.5  0.99942246 0.00015474 0.00000108 0.00009388 0.00015692 0.00002270 0.00007078 0.00001929 0.00005717 0.00000099  1.00000000
75.0  0.99943558 0.00011035 0.00000127 0.00009883 0.00015959 0.00002780 0.00007135 0.00002489 0.00006217 0.00000819  1.00000000
75.5  0.99931735 0.00021500 0.00000137 0.00008776 0.00016363 0.00004119 0.00007102 0.00001881 0.00007435 0.00000951  1.00000000
76.0  0.99950450 0.00004275 0.00000150 0.00003829 0.00020098 0.00007583 0.00005285 0.00002471 0.00005493 0.00000366  1.00000000
76.5  0.99931697 0.00022942 0.00000131 0.00002668 0.00021216 0.00009159 0.00003434 0.00001944 0.00006233 0.00000575  1.00000000
77.0  0.99953683 0.00000744 0.00000166 0.00001301 0.00023142 0.00008979 0.00002855 0.00003109 0.00005306 0.00000715  1.00000000
77.5  0.99936810 0.00019695 0.00000104 0.00000129 0.00021612 0.00009291 0.00003108 0.00001925 0.00006912 0.00000414  1.00000000
78.0  0.99956502 0.00000078 0.00000198 0.00000028 0.00019782 0.00010037 0.00003090 0.00003578 0.00006178 0.00000529  1.00000000
78.5  0.99942675 0.00014061 0.00000105 0.00001364 0.00019047 0.00010178 0.00001820 0.00002872 0.00007735 0.00000143  1.00000000
79.0  0.99957951 0.00000984 0.00000239 0.00001962 0.00016018 0.00010446 0.00001933 0.00003137 0.00005919 0.00001412  1.00000000
79.5  0.99949616 0.00008587 0.00000108 0.00001564 0.00016792 0.00010418 0.00002162 0.00002925 0.00006341 0.00001489  1.00000000
80.0  0.99954793 0.00002592 0.00000255 0.00002782 0.00015892 0.00010089 0.00002898 0.00004464 0.00005430 0.00000806  1.00000000
80.5  0.99956441 0.00004863 0.00000173 0.00003598 0.00014814 0.00008283 0.00001555 0.00004075 0.00005623 0.00000576  1.00000000
81.0  0.99959290 0.00004229 0.00000258 0.00003207 0.00014988 0.00007733 0.00001603 0.00003561 0.00003969 0.00001161  1.00000000
81.5  0.99952973 0.00003548 0.00000339 0.00006613 0.00014010 0.00008932 0.00000724 0.00005945 0.00004425 0.00002492  1.00000000
82.0  0.99948506 0.00005333 0.00000289 0.00008922 0.00012096 0.00006468 0.00000461 0.00012167 0.00003244 0.00002514  1.00000000
82.5  0.99949885 0.00004878 0.00000425 0.00012604 0.00009982 0.00003782 0.00003683 0.00009429 0.00004814 0.00000518  1.00000000
83.0  0.99956089 0.00005637 0.00000192 0.00013950 0.00007023 0.00002068 0.00001066 0.00009889 0.00003578 0.00000509  1.00000000
83.5  0.99950892 0.00008722 0.00000495 0.00014370 0.00003156 0.00000633 0.00000209 0.00014393 0.00005772 0.00001358  1.00000000
84.0  0.99944716 0.00004807 0.00000259 0.00016552 0.00002378 0.00003550 0.00000872 0.00021709 0.00003133 0.00002026  1.00000000
84.5  0.99936921 0.00014023 0.00000631 0.00017143 0.00002091 0.00006267 0.00001041 0.00017034 0.00003409 0.00001441  1.00000000
85.0  0.99956653 0.00003060 0.00000318 0.00016550 0.00001772 0.00004355 0.00001338 0.00011777 0.00003795 0.00000383  1.00000000
85.5  0.99937416 0.00019702 0.00000567 0.00019324 0.00001863 0.00001386 0.00001448 0.00011157 0.00006525 0.00000610  1.00000000
86.0  0.99950254 0.00001313 0.00000411 0.00019094 0.00002196 0.00004090 0.00001329 0.00016331 0.00003204 0.00001777  1.00000000
86.5  0.99925618 0.00023205 0.00000464 0.00018751 0.00002054 0.00008532 0.00001625 0.00014738 0.00001945 0.00003068  1.00000000
87.0  0.99948590 0.00000676 0.00000385 0.00019537 0.00001923 0.00006825 0.00004335 0.00011821 0.00003321 0.00002587  1.00000000
87.5  0.99930515 0.00023099 0.00000323 0.00017407 0.00002785 0.00003728 0.00003701 0.00011455 0.00006468 0.00000518  1.00000000
88.0  0.99953192 0.00001858 0.00000542 0.00017532 0.00003475 0.00004147 0.00000174 0.00014370 0.00003379 0.00001330  1.00000000
88.5  0.99932491 0.00019293 0.00000411 0.00019850 0.00003470 0.00006881 0.00001375 0.00013890 0.00001282 0.00001058  1.00000000
89.0  0.99944180 0.00004330 0.00000897 0.00019682 0.00003509 0.00006048 0.00005210 0.00012897 0.00003119 0.00000129  1.00000000
89.5  0.99936323 0.00013137 0.00000534 0.00019559 0.00003075 0.00004158 0.00004508 0.00012472 0.00006153 0.00000080  1.00000000
90.0  0.99949221 0.00006929 0.00000874 0.00017834 0.00003015 0.00003282 0.00000773 0.00014125 0.00003776 0.00000170  1.00000000
90.5  0.99950672 0.00007028 0.00000393 0.00018759 0.00002805 0.00003262 0.00001009 0.00014336 0.00001507 0.00000229  1.00000000
91.0  0.99942961 0.00008372 0.00000760 0.00018707 0.00002217 0.00002834 0.00006317 0.00014814 0.00002830 0.00000187  1.00000000
91.5  0.99945601 0.00002999 0.00000464 0.00018660 0.00002182 0.00002430 0.00007101 0.00015324 0.00005187 0.00000052  1.00000000
92.0  0.99947365 0.00007860 0.00000942 0.00016819 0.00002553 0.00002790 0.00002208 0.00015689 0.00003737 0.00000037  1.00000000
92.5  0.99957622 0.00001912 0.00000717 0.00016418 0.00002501 0.00002130 0.00000097 0.00015815 0.00002348 0.00000439  1.00000000
93.0  0.99950025 0.00005798 0.00000832 0.00015227 0.00002851 0.00000686 0.00003862 0.00017649 0.00002713 0.00000357  1.00000000
93.5  0.99950365 0.00003100 0.00000782 0.00010939 0.00005514 0.00000703 0.00005681 0.00018605 0.00003843 0.00000468  1.00000000
94.0  0.99956831 0.00003370 0.00000880 0.00007556 0.00005367 0.00002167 0.00002676 0.00017535 0.00003155 0.00000462  1.00000000
94.5  0.99957393 0.00005046 0.00001122 0.00009750 0.00004993 0.00001982 0.00000124 0.00016219 0.00003049 0.00000323  1.00000000
95.0  0.99963393 0.00002213 0.00000906 0.00006378 0.00003960 0.00000655 0.00001380 0.00018333 0.00002480 0.00000302  1.00000000
95.5  0.99958507 0.00006430 0.00001187 0.00005607 0.00004113 0.00000391 0.00004800 0.00016213 0.00001982 0.00000770  1.00000000
96.0  0.99960799 0.00003212 0.00000968 0.00005686 0.00004926 0.00001998 0.00005221 0.00012716 0.00002950 0.00001524  1.00000000
96.5  0.99958881 0.00006140 0.00001296 0.00006526 0.00005165 0.00003871 0.00003769 0.00009414 0.00003072 0.00001867  1.00000000
97.0  0.99959046 0.00006770 0.00001321 0.00005421 0.00008012 0.00003810 0.00004234 0.00008275 0.00001738 0.00001373  1.00000000
97.5  0.99961791 0.00004192 0.00001392 0.00005471 0.00007407 0.00003029 0.00006765 0.00008145 0.00001409 0.00000400  1.00000000
98.0  0.99951899 0.00011873 0.00001390 0.00005603 0.00008231 0.00007049 0.00002789 0.00008282 0.00002447 0.00000437  1.00000000
98.5  0.99960632 0.00001668 0.00001464 0.00005295 0.00008083 0.00011584 0.00001817 0.00006250 0.00002788 0.00000419  1.00000000
99.0  0.99948142 0.00016264 0.00001228 0.00005415 0.00008679 0.00008622 0.00004764 0.00005240 0.00001583 0.00000063  1.00000000
99.5  0.99961012 0.00000194 0.00001418 0.00005265 0.00011583 0.00007650 0.00005648 0.00004296 0.00001695 0.00001240  1.00000000
100.0  0.99940331 0.00017795 0.00001336 0.00006768 0.00012450 0.00006859 0.00006933 0.00003139 0.00002571 0.00001818  1.00000000
100.5  0.99958651 0.00001074 0.00001564 0.00006384 0.00011557 0.00006071 0.00009892 0.00001063 0.00002643 0.00001100  1.00000000
101.0  0.99948831 0.00015621 0.00001225 0.00005894 0.00009075 0.00005000 0.00012479 0.00000192 0.00001677 0.00000005  1.00000000
101.5  0.99959434 0.00004022 0.00001967 0.00005392 0.00009431 0.00004062 0.00013260 0.00000190 0.00002056 0.00000186  1.00000000
102.0  0.99950311 0.00010853 0.00001430 0.00003795 0.00010737 0.00002653 0.00015551 0.00000493 0.00002057 0.00002120  1.00000000
102.5  0.99952882 0.00007064 0.00001619 0.00003749 0.00012180 0.00001634 0.00016119 0.00000285 0.00002387 0.00002081  1.00000000
103.0  0.99956171 0.00005675 0.00000848 0.00004180 0.00012533 0.00001207 0.00015698 0.00000216 0.00001144 0.00002328  1.00000000
103.5  0.99953932 0.00008433 0.00001659 0.00004372 0.00011325 0.00001119 0.00014944 0.00000139 0.00001404 0.00002672  1.00000000
104.0  0.99959789 0.00002536 0.00000783 0.00004287 0.00010973 0.00001584 0.00016712 0.00000143 0.00001136 0.00002055  1.00000000
104.5  0.99952851 0.00007857 0.00001603 0.00004189 0.00009827 0.00002257 0.00018198 0.00000096 0.00001308 0.00001814  1.00000000
105.0  0.99958902 0.00001804 0.00000873 0.00003829 0.00009971 0.00002854 0.00016358 0.00000155 0.00000979 0.00004275  1.00000000
105.5  0.99951117 0.00005888 0.00001456 0.00004414 0.00010570 0.00003846 0.00012559 0.00000472 0.00001001 0.00008678  1.00000000
106.0  0.99952200 0.00002873 0.00000950 0.00005041 0.00011129 0.00005665 0.00011006 0.00000364 0.00001567 0.00009205  1.00000000
106.5  0.99948970 0.00003714 0.00001273 0.00006096 0.00009671 0.00009436 0.00012884 0.00000063 0.00001549 0.00006346  1.00000000
107.0  0.99947052 0.00004871 0.00001011 0.00004713 0.00010219 0.00013394 0.00011864 0.00000136 0.00001125 0.00005615  1.00000000
107.5  0.99952709 0.00002136 0.00001105 0.00005776 0.00009375 0.00014994 0.00006552 0.00000646 0.00000874 0.00005832  1.00000000
108.0  0.99946695 0.00006779 0.00001177 0.00005575 0.00009235 0.00014252 0.00003460 0.00000751 0.00001126 0.00010949  1.00000000
108.5  0.99950841 0.00001685 0.00000907 0.00006326 0.00007355 0.00018211 0.00002596 0.00000317 0.00001238 0.00010523  1.00000000
109.0  0.99942982 0.00008036 0.00001235 0.00004860 0.00007827 0.00024847 0.00002372 0.00000150 0.00000737 0.00006952  1.00000000
109.5  0.99946158 0.00002404 0.00000987 0.00004496 0.00006529 0.00025635 0.00001729 0.00001256 0.00000552 0.00010255  1.00000000
110.0  0.99942853 0.00007949 0.00001415 0.00003883 0.00008367 0.00020196 0.00001771 0.00002490 0.00000947 0.00010129  1.00000000
110.5  0.99949922 0.00004348 0.00000950 0.00003200 0.00007349 0.00015373 0.00004129 0.00001732 0.00001345 0.00011652  1.00000000
111.0  0.99945869 0.00006477 0.00001289 0.00001988 0.00008469 0.00018904 0.00003747 0.00000920 0.00000502 0.00011834  1.00000000
111.5  0.99942855 0.00007089 0.00001056 0.00002534 0.00006253 0.00023078 0.00001690 0.00001140 0.00001190 0.00013114  1.00000000
112.0  0.99947989 0.00004002 0.00001252 0.00002207 0.00006922 0.00020253 0.00001399 0.00000492 0.00002060 0.00013424  1.00000000
112.5  0.99947461 0.00009414 0.00001145 0.00002784 0.00006097 0.00016285 0.00001658 0.00000958 0.00001042 0.00013156  1.00000000
113.0  0.99958192 0.00001570 0.00001251 0.00002510 0.00004663 0.00015157 0.00002154 0.00000486 0.00000975 0.00013042  1.00000000
113.5  0.99946498 0.00010511 0.00001173 0.00002859 0.00004344 0.00018576 0.00000213 0.00001629 0.00000928 0.00013269  1.00000000
114.0  0.99957230 0.00000443 0.00001234 0.00003002 0.00003835 0.00018828 0.00002039 0.00001986 0.00000852 0.00010550  1.00000000
114.5  0.99946777 0.00009535 0.00001295 0.00002506 0.00004980 0.00018762 0.00001247 0.00001525 0.00000680 0.00012693  1.00000000
115.0  0.99956962 0.00000954 0.00001344 0.00002187 0.00005731 0.00016554 0.00001300 0.00001268 0.00000576 0.00013124  1.00000000
115.5  0.99946028 0.00007180 0.00001369 0.00003180 0.00005677 0.00017529 0.00000192 0.00002199 0.00000337 0.00016309  1.00000000
116.0  0.99947463 0.00002398 0.00001131 0.00003201 0.00005426 0.00017021 0.00002438 0.00002372 0.00000296 0.00018255  1.00000000
116.5  0.99947829 0.00004609 0.00001001 0.00003093 0.00005412 0.00018343 0.00001206 0.00001878 0.00000405 0.00016224  1.00000000
117.0  0.99948311 0.00003565 0.00000909 0.00003528 0.00005496 0.00018633 0.00000704 0.00001867 0.00000376 0.00016611  1.00000000
117.5  0.99942968 0.00003355 0.00000996 0.00003301 0.00005631 0.00020089 0.00000768 0.00002325 0.00000164 0.00020402  1.00000000
118.0  0.99942902 0.00003887 0.00000950 0.00003065 0.00005344 0.00018167 0.00002301 0.00002321 0.00000162 0.00020902  1.00000000
118.5  0.99945116 0.00003728 0.00000866 0.00003509 0.00005377 0.00018001 0.00000866 0.00002043 0.00000245 0.00020248  1.00000000
119.0  0.99933431 0.00003014 0.00000928 0.00003186 0.00005261 0.00017862 0.00000568 0.00002504 0.00000201 0.00033044  1.00000000
119.5  0.99930659 0.00005097 0.00000921 0.00003415 0.00004134 0.00019785 0.00001063 0.00002907 0.00000040 0.00031979  1.00000000
120.0  0.99938689 0.00002075 0.00000952 0.00003382 0.00004457 0.00020119 0.00001342 0.00003259 0.00000015 0.00025709  1.00000000
120.5  0.99938311 0.00006456 0.00000902 0.00002628 0.00004150 0.00018914 0.00000354 0.00001771 0.00000079 0.00026436  1.00000000
121.0  0.99939585 0.00001917 0.00000947 0.00002977 0.00003938 0.00018351 0.00000797 0.00001598 0.00001734 0.00028156  1.00000000
121.5  0.99928132 0.00006593 0.00000835 0.00003365 0.00003397 0.00018329 0.00001008 0.00001429 0.00003210 0.00033702  1.00000000
122.0  0.99936298 0.00003272 0.00000883 0.00002592 0.00003278 0.00019054 0.00000776 0.00000898 0.00002785 0.00030164  1.00000000
122.5  0.99940806 0.00004892 0.00000768 0.00003226 0.00004940 0.00019428 0.00000197 0.00000579 0.00002483 0.00022680  1.00000000
123.0  0.99936254 0.00005688 0.00000811 0.00003360 0.00006235 0.00018970 0.00000719 0.00000380 0.00003334 0.00024249  1.00000000
123.5  0.99930886 0.00002896 0.00000841 0.00002480 0.00007392 0.00019488 0.00000385 0.00000599 0.00004081 0.00030951  1.00000000
124.0  0.99928552 0.00007391 0.00000760 0.00002570 0.00004878 0.00019225 0.00000267 0.00000324 0.00003829 0.00032205  1.00000000
124.5  0.99941608 0.00001479 0.00000935 0.00001579 0.00002419 0.00019843 0.00000165 0.00000402 0.00004506 0.00027064  1.00000000
125.0  0.99940123 0.00007511 0.00000718 0.00002366 0.00001755 0.00019665 0.00000369 0.00000191 0.00004176 0.00023127  1.00000000
125.5  0.99945370 0.00001698 0.00001025 0.00001747 0.00001876 0.00019402 0.00000217 0.00000432 0.00004376 0.00023856  1.00000000
126.0  0.99944168 0.00006198 0.00000728 0.00000878 0.00002133 0.00019507 0.00000261 0.00000394 0.00004395 0.00021337  1.00000000
126.5  0.99950810 0.00002704 0.00001014 0.00001338 0.00001705 0.00019780 0.00000227 0.00000129 0.00004794 0.00017500  1.00000000
127.0  0.99951602 0.00004676 0.00000738 0.00001360 0.00001777 0.00018808 0.00000292 0.00000029 0.00003617 0.00017101  1.00000000
127.5  0.99952456 0.00003687 0.00000876 0.00001147 0.00002436 0.00018692 0.00000310 0.00000220 0.00003390 0.00016786  1.00000000
128.0  0.99949759 0.00003915 0.00000810 0.00001030 0.00003219 0.00019904 0.00000148 0.00000494 0.00003679 0.00017042  1.00000000
128.5  0.99946152 0.00003801 0.00000787 0.00001273 0.00003655 0.00022184 0.00000092 0.00000607 0.00004119 0.00017329  1.00000000
129.0  0.99943774 0.00003891 0.00000964 0.00000910 0.00003866 0.00021246 0.00000258 0.00000387 0.00004272 0.00020431  1.00000000
129.5  0.99946608 0.00003626 0.00000822 0.00000674 0.00003247 0.00018389 0.00000226 0.00000279 0.00004263 0.00021866  1.00000000
130.0  0.99949401 0.00004478 0.00001123 0.00000574 0.00003089 0.00017709 0.00000029 0.00001392 0.00004073 0.00018132  1.00000000
130.5  0.99951832 0.00002908 0.00000778 0.00000887 0.00003280 0.00020295 0.00000080 0.00002492 0.00003324 0.00014123  1.00000000
131.0  0.99944792 0.00005386 0.00001014 0.00000733 0.00003855 0.00022775 0.00000372 0.00001716 0.00003145 0.00016212  1.00000000
131.5  0.99938433 0.00002511 0.00000870 0.00000981 0.00003995 0.00021637 0.00000879 0.00000634 0.00003674 0.00026386  1.00000000
132.0  0.99938527 0.00006227 0.00000993 0.00000547 0.00003987 0.00015985 0.00000809 0.00004096 0.00002436 0.00026392  1.00000000
132.5  0.99953428 0.00002411 0.00000895 0.00000649 0.00003654 0.00015351 0.00000652 0.00004367 0.00000737 0.00017855  1.00000000
133.0  0.99950744 0.00006596 0.00000989 0.00000428 0.00003397 0.00019651 0.00001193 0.00002561 0.00001412 0.00013029  1.00000000
133.5  0.99947346 0.00002702 0.00001047 0.00001305 0.00003751 0.00024519 0.00001662 0.00001688 0.00002912 0.00013068  1.00000000
134.0  0.99935193 0.00006078 0.00000943 0.00001212 0.00004148 0.00020216 0.00000718 0.00004946 0.00002156 0.00024389  1.00000000
134.5  0.99944108 0.00003548 0.00001075 0.00001202 0.00004386 0.00014305 0.00000183 0.00004260 0.00000345 0.00026589  1.00000000
135.0  0.99945019 0.00004958 0.00000863 0.00001258 0.00004140 0.00015463 0.00000512 0.00005008 0.00000191 0.00022587  1.00000000
135.5  0.99938667 0.00004421 0.00001062 0.00001197 0.00004075 0.00024171 0.00000183 0.00005702 0.00001013 0.00019510  1.00000000
136.0  0.99939327 0.00003831 0.00000924 0.00001100 0.00004494 0.00024733 0.00001414 0.00001577 0.00002231 0.00020368  1.00000000
136.5  0.99941706 0.00004951 0.00001064 0.00001385 0.00003807 0.00017056 0.00000057 0.00001925 0.00002279 0.00025771  1.00000000
137.0  0.99942401 0.00003375 0.00000965 0.00001308 0.00003141 0.00013890 0.00002826 0.00002334 0.00003192 0.00026568  1.00000000
137.5  0.99939820 0.00004716 0.00000997 0.00001053 0.00002526 0.00017720 0.00004191 0.00001205 0.00003927 0.00023844  1.00000000
138.0  0.99942781 0.00003813 0.00001038 0.00000784 0.00003633 0.00022499 0.00000478 0.00000351 0.00002887 0.00021736  1.00000000
138.5  0.99940651 0.00003904 0.00000966 0.00001008 0.00003465 0.00020313 0.00000786 0.00000906 0.00004542 0.00023458  1.00000000
139.0  0.99935343 0.00004822 0.00000990 0.00001415 0.00003362 0.00017897 0.00003198 0.00001021 0.00007480 0.00024471  1.00000000
139.5  0.99941795 0.00003007 0.00000965 0.00001403 0.00003268 0.00016250 0.00002716 0.00000418 0.00006773 0.00023404  1.00000000
140.0  0.99948900 0.00005684 0.00000927 0.00001417 0.00003002 0.00018167 0.00000078 0.00000108 0.00003554 0.00018163  1.00000000
140.5  0.99949423 0.00002472 0.00000923 0.00002706 0.00003323 0.00017438 0.00002251 0.00000379 0.00005568 0.00015518  1.00000000
141.0  0.99939913 0.00006205 0.00000897 0.00002818 0.00003734 0.00019489 0.00001654 0.00000131 0.00009338 0.00015820  1.00000000
141.5  0.99936348 0.00002819 0.00001202 0.00002791 0.00002105 0.00021015 0.00000736 0.00000005 0.00007720 0.00025258  1.00000000
142.0  0.99937494 0.00005804 0.00001075 0.00003831 0.00002269 0.00021217 0.00000344 0.00000276 0.00003040 0.00024650  1.00000000
142.5  0.99939893 0.00004312 0.00001223 0.00003011 0.00003267 0.00014380 0.00002330 0.00000194 0.00004396 0.00026993  1.00000000
143.0  0.99947449 0.00004351 0.00001070 0.00002935 0.00003421 0.00011667 0.00000562 0.00000193 0.00008109 0.00020244  1.00000000
143.5  0.99941756 0.00006174 0.00001174 0.00003352 0.00003929 0.00016093 0.00000571 0.00000262 0.00007012 0.00019677  1.00000000
144.0  0.99930818 0.00002544 0.00001038 0.00004822 0.00003890 0.00024804 0.00001172 0.00000544 0.00003221 0.00027147  1.00000000
144.5  0.99924797 0.00008027 0.00001085 0.00005846 0.00004180 0.00022085 0.00001889 0.00000729 0.00003204 0.00028157  1.00000000
145.0  0.99943094 0.00001370 0.00001130 0.00005717 0.00004226 0.00014557 0.00001447 0.00001500 0.00006384 0.00020574  1.00000000
145.5  0.99932392 0.00008554 0.00001052 0.00006627 0.00004028 0.00009938 0.00002539 0.00001894 0.00005753 0.00027223  1.00000000
146.0  0.99934571 0.00001539 0.00001086 0.00006640 0.00005367 0.00016497 0.00001596 0.00001435 0.00002705 0.00028565  1.00000000
146.5  0.99915804 0.00007175 0.00001121 0.00006561 0.00004687 0.00020890 0.00003204 0.00002148 0.00002174 0.00036235  1.00000000
147.0  0.99920176 0.00002742 0.00001215 0.00006803 0.00004707 0.00021472 0.00001777 0.00001087 0.00003927 0.00036094  1.00000000
147.5  0.99922467 0.00005140 0.00001142 0.00006681 0.00005984 0.00015628 0.00002566 0.00001158 0.00004390 0.00034846  1.00000000
148.0  0.99922201 0.00004129 0.00001109 0.00006684 0.00007177 0.00016648 0.00000801 0.00000783 0.00003197 0.00037271  1.00000000
148.5  0.99919084 0.00003833 0.00001132 0.00006559 0.00007895 0.00016781 0.00003971 0.00001841 0.00003109 0.00035793  1.00000000
149.0  0.99916343 0.00004357 0.00001080 0.00006368 0.00006205 0.00019902 0.00000655 0.00001756 0.00003929 0.00039406  1.00000000
149.5  0.99919875 0.00003818 0.00001061 0.00005715 0.00006250 0.00018537 0.00000795 0.00001838 0.00004233 0.00037878  1.00000000
150.0  0.99914476 0.00003539 0.00001059 0.00006531 0.00004666 0.00020937 0.00000084 0.00001346 0.00004693 0.00042668  1.00000000
150.5  0.99912126 0.00005172 0.00001068 0.00005071 0.00006334 0.00019642 0.00000404 0.00001371 0.00005024 0.00043788  1.00000000
151.0  0.99916024 0.00002480 0.00001109 0.00007318 0.00004658 0.00016325 0.00000258 0.00001071 0.00006730 0.00044028  1.00000000
151.5  0.99910591 0.00006676 0.00001103 0.00005872 0.00006411 0.00015774 0.00000355 0.00000617 0.00006365 0.00046236  1.00000000
152.0  0.99920221 0.00002133 0.00001077 0.00006675 0.00005641 0.00013854 0.00001309 0.00003234 0.00005506 0.00040350  1.00000000
152.5  0.99913531 0.00007155 0.00001055 0.00006799 0.00006235 0.00018489 0.00000700 0.00000219 0.00004185 0.00041632  1.00000000
153.0  0.99914648 0.00003396 0.00001101 0.00006832 0.00005555 0.00015206 0.00001338 0.00004200 0.00004607 0.00043117  1.00000000
153.5  0.99916053 0.00005951 0.00001065 0.00006529 0.00005750 0.00019666 0.00002036 0.00002708 0.00003482 0.00036760  1.00000000
154.0  0.99914916 0.00006695 0.00001152 0.00007231 0.00005684 0.00017676 0.00000874 0.00007608 0.00001846 0.00036318  1.00000000
154.5  0.99912307 0.00003583 0.00001198 0.00006930 0.00005561 0.00016080 0.00001356 0.00005371 0.00001434 0.00046180  1.00000000
155.0  0.99907282 0.00010717 0.00001166 0.00006737 0.00005514 0.00013978 0.00004148 0.00005802 0.00001658 0.00042999  1.00000000
155.5  0.99923197 0.00001170 0.00001302 0.00006899 0.00005055 0.00017520 0.00003433 0.00005926 0.00001385 0.00034111  1.00000000
156.0  0.99906223 0.00013519 0.00001211 0.00004287 0.00004809 0.00019410 0.00001098 0.00006971 0.00000673 0.00041798  1.00000000
156.5  0.99915718 0.00000040 0.00001322 0.00004668 0.00004276 0.00018031 0.00003769 0.00005900 0.00000584 0.00045692  1.00000000
157.0  0.99912791 0.00013544 0.00001215 0.00004028 0.00004369 0.00015850 0.00005426 0.00005575 0.00000988 0.00036214  1.00000000
157.5  0.99925865 0.00000478 0.00001307 0.00006787 0.00003486 0.00015313 0.00002903 0.00005348 0.00001599 0.00036914  1.00000000
158.0  0.99908220 0.00011145 0.00001146 0.00006214 0.00003315 0.00017738 0.00001570 0.00004593 0.00001756 0.00044302  1.00000000
158.5  0.99918293 0.00001720 0.00001318 0.00006395 0.00003609 0.00016899 0.00005150 0.00004899 0.00002127 0.00039591  1.00000000
159.0  0.99908602 0.00007707 0.00001361 0.00008966 0.00005271 0.00019172 0.00003100 0.00004067 0.00002541 0.00039212  1.00000000
159.5  0.99905651 0.00002950 0.00001308 0.00010481 0.00005157 0.00017770 0.00001850 0.00004122 0.00002784 0.00047927  1.00000000
160.0  0.99899023 0.00005052 0.00001084 0.00009534 0.00005233 0.00018796 0.00002202 0.00003215 0.00003229 0.00052631  1.00000000
160.5  0.99892918 0.00003708 0.00001053 0.00011895 0.00006485 0.00013985 0.00004053 0.00003994 0.00004049 0.00057860  1.00000000
161.0  0.99898112 0.00003731 0.00001164 0.00010314 0.00007846 0.00014110 0.00001215 0.00003367 0.00004680 0.00055460  1.00000000
161.5  0.99892402 0.00003800 0.00001282 0.00013795 0.00007029 0.00017502 0.00001434 0.00002420 0.00004767 0.00055569  1.00000000
162.0  0.99884658 0.00004079 0.00001131 0.00007062 0.00013820 0.00020351 0.00002381 0.00002187 0.00005149 0.00059182  1.00000000
162.5  0.99887686 0.00003047 0.00001421 0.00015367 0.00008541 0.00017826 0.00002138 0.00002335 0.00005564 0.00056075  1.00000000
163.0  0.99892131 0.00006197 0.00001230 0.00012777 0.00010526 0.00015197 0.00000756 0.00001730 0.00005558 0.00053899  1.00000000
163.5  0.99897251 0.00001687 0.00001610 0.00014359 0.00007543 0.00015457 0.00001837 0.00001102 0.00005202 0.00053952  1.00000000
164.0  0.99885115 0.00009361 0.00001543 0.00014251 0.00008254 0.00018871 0.00002251 0.00001450 0.00005339 0.00053565  1.00000000
164.5  0.99891727 0.00000420 0.00001575 0.00014445 0.00009143 0.00019541 0.00001689 0.00001556 0.00006195 0.00053709  1.00000000
165.0  0.99869929 0.00013168 0.00001467 0.00012770 0.00011660 0.00017226 0.00001696 0.00012868 0.00006156 0.00053060  1.00000000
165.5  0.99883616 0.00000133 0.00001328 0.00015634 0.00011232 0.00015162 0.00000897 0.00013952 0.00005740 0.00052306  1.00000000
166.0  0.99861628 0.00015204 0.00001738 0.00014511 0.00010427 0.00016598 0.00000481 0.00014229 0.00006985 0.00058200  1.00000000
166.5  0.99869042 0.00002072 0.00001362 0.00014232 0.00009183 0.00014559 0.00001422 0.00020126 0.00007070 0.00060933  1.00000000
167.0  0.99853884 0.00014515 0.00001815 0.00012330 0.00009322 0.00015237 0.00001982 0.00018380 0.00016507 0.00056027  1.00000000
167.5  0.99857538 0.00006353 0.00001386 0.00013882 0.00009627 0.00018635 0.00002085 0.00013389 0.00016681 0.00060425  1.00000000
168.0  0.99858715 0.00010621 0.00002150 0.00013309 0.00009305 0.00017645 0.00010709 0.00004832 0.00017067 0.00055649  1.00000000
168.5  0.99856612 0.00011725 0.00001578 0.00016861 0.00008812 0.00020018 0.00013449 0.00001637 0.00016828 0.00052480  1.00000000
169.0  0.99863892 0.00005946 0.00002480 0.00016813 0.00009481 0.00016240 0.00017502 0.00001450 0.00016551 0.00049646  1.00000000
169.5  0.99852483 0.00015631 0.00001974 0.00016936 0.00008377 0.00022038 0.00008950 0.00001869 0.00016067 0.00055675  1.00000000
170.0  0.99871450 0.00001609 0.00002351 0.00015481 0.00009386 0.00013317 0.00014757 0.00002249 0.00014741 0.00054658  1.00000000
170.5  0.99847590 0.00016074 0.00001919 0.00017116 0.00008279 0.00021563 0.00011561 0.00002946 0.00014074 0.00058878  1.00000000
171.0  0.99871158 0.00000047 0.00001974 0.00015436 0.00007965 0.00019537 0.00014237 0.00003606 0.00013480 0.00052560  1.00000000
171.5  0.99844638 0.00013216 0.00002024 0.00014641 0.00008027 0.00023373 0.00010798 0.00003622 0.00012837 0.00066823  1.00000000
172.0  0.99860741 0.00000728 0.00002080 0.00016400 0.00007576 0.00018979 0.00015523 0.00003000 0.00011531 0.00063442  1.00000000
172.5  0.99863316 0.00008603 0.00002350 0.00014503 0.00006574 0.00019068 0.00012947 0.00003002 0.00011178 0.00058459  1.00000000
173.0  0.99864468 0.00002521 0.00001882 0.00014809 0.00004063 0.00018946 0.00011870 0.00003938 0.00010266 0.00067236  1.00000000
173.5  0.99856881 0.00004946 0.00002067 0.00014888 0.00004137 0.00023651 0.00013135 0.00003039 0.00010681 0.00066575  1.00000000
174.0  0.99871288 0.00003868 0.00001841 0.00014491 0.00003950 0.00022254 0.00015815 0.00001898 0.00011070 0.00053524  1.00000000
174.5  0.99870094 0.00003925 0.00002025 0.00014485 0.00005352 0.00020192 0.00011186 0.00003655 0.00010821 0.00058266  1.00000000
175.0  0.99870702 0.00004148 0.00001870 0.00014231 0.00004892 0.00015810 0.00013243 0.00005888 0.00009735 0.00059483  1.00000000
175.5  0.99866780 0.00006198 0.00002107 0.00014101 0.00005079 0.00018962 0.00012986 0.00004085 0.00009415 0.00060288  1.00000000
176.0  0.99866768 0.00002603 0.00002046 0.00014025 0.00006293 0.00020883 0.00014395 0.00001847 0.00010756 0.00060385  1.00000000
176.5  0.99862927 0.00010680 0.00001964 0.00015188 0.00009148 0.00023467 0.00011515 0.00004343 0.00009666 0.00051102  1.00000000
177.0  0.99872375 0.00000783 0.00002299 0.00014338 0.00008872 0.00016295 0.00014671 0.00009442 0.00006815 0.00054109  1.00000000
177.5  0.99841213 0.00015579 0.00002034 0.00017421 0.00010657 0.00014653 0.00013570 0.00009338 0.00005513 0.00070022  1.00000000
178.0  0.99860941 0.00000079 0.00002161 0.00018275 0.00007637 0.00016696 0.00016087 0.00011522 0.00007590 0.00059013  1.00000000
178.5  0.99851707 0.00018766 0.00001954 0.00016943 0.00007989 0.00025314 0.00015138 0.00011737 0.00005733 0.00044719  1.00000000
179.0  0.99854928 0.00002016 0.00001972 0.00020228 0.00009462 0.00023406 0.00014255 0.00012473 0.00002109 0.00059150  1.00000000
179.5  0.99840495 0.00018736 0.00002036 0.00020858 0.00007811 0.00017222 0.00015227 0.00012906 0.00001126 0.00063584  1.00000000
180.0  0.99878259 0.00006467 0.00001868 0.00015562 0.00012321 0.00013230 0.00017534 0.00012544 0.00002499 0.00039715  1.00000000
180.5  0.99870255 0.00014875 0.00002282 0.00009027 0.00012646 0.00020097 0.00013415 0.00013321 0.00002895 0.00041186  1.00000000
181.0  0.99859150 0.00011770 0.00001723 0.00015561 0.00009984 0.00027001 0.00010679 0.00013607 0.00002935 0.00047590  1.00000000
181.5  0.99859776 0.00009233 0.00002209 0.00016516 0.00008305 0.00025917 0.00015053 0.00011508 0.00002117 0.00049366  1.00000000
182.0  0.99870425 0.00016032 0.00001544 0.00010929 0.00007663 0.00017743 0.00014794 0.00010697 0.00004210 0.00045963  1.00000000
182.5  0.99878889 0.00003952 0.00002503 0.00016075 0.00007778 0.00013557 0.00009491 0.00010859 0.00005780 0.00051115  1.00000000
183.0  0.99852191 0.00017143 0.00001903 0.00016423 0.00010887 0.00020689 0.00010968 0.00010027 0.00006068 0.00053700  1.00000000
183.5  0.99858549 0.00000921 0.00002937 0.00015330 0.00011632 0.00026687 0.00017084 0.00007677 0.00005533 0.00053650  1.00000000
184.0  0.99850614 0.00015124 0.00002304 0.00015513 0.00013386 0.00023831 0.00013203 0.00005837 0.00006451 0.00053735  1.00000000
184.5  0.99873059 0.00000072 0.00003208 0.00015309 0.00012430 0.00014385 0.00008863 0.00006570 0.00008089 0.00058015  1.00000000
185.0  0.99860845 0.00011603 0.00002026 0.00015169 0.00013336 0.00013095 0.00012980 0.00006293 0.00008466 0.00056186  1.00000000
185.5  0.99862331 0.00000841 0.00002316 0.00017470 0.00011123 0.00018733 0.00019016 0.00003175 0.00008396 0.00056599  1.00000000
186.0  0.99866011 0.00007473 0.00001826 0.00016107 0.00014804 0.00025431 0.00010260 0.00001393 0.00009673 0.00047021  1.00000000
186.5  0.99872052 0.00002485 0.00001924 0.00013747 0.00016847 0.00010486 0.00020029 0.00003757 0.00011945 0.00046727  1.00000000
187.0  0.99864166 0.00004272 0.00002198 0.00011949 0.00013922 0.00011265 0.00022236 0.00011212 0.00011869 0.00046911  1.00000000
187.5  0.99877440 0.00003769 0.00001743 0.00009251 0.00017939 0.00013661 0.00013717 0.00017800 0.00011173 0.00033507  1.00000000
188.0  0.99889981 0.00002532 0.00002222 0.00005040 0.00021802 0.00012306 0.00006112 0.00015212 0.00011665 0.00033129  1.00000000
188.5  0.99882815 0.00004895 0.00001371 0.00002849 0.00023472 0.00011079 0.00005612 0.00021436 0.00008933 0.00037539  1.00000000
189.0  0.99859696 0.00019002 0.00001494 0.00001024 0.00026088 0.00009262 0.00004831 0.00038240 0.00003789 0.00036574  1.00000000
189.5  0.99822105 0.00055986 0.00001204 0.00000797 0.00029064 0.00008083 0.00004522 0.00035043 0.00005260 0.00037936  1.00000000
190.0  0.99757118 0.00128288 0.00001391 0.00000808 0.00034042 0.00008024 0.00016903 0.00019496 0.00003655 0.00030275  1.00000000
190.5  0.99633842 0.00247840 0.00001138 0.00001567 0.00033288 0.00006445 0.00021901 0.00019865 0.00004324 0.00029790  1.00000000
191.0  0.99452519 0.00424875 0.00001745 0.00002191 0.00036976 0.00006438 0.00015611 0.00027656 0.00004881 0.00027109  1.00000000
191.5  0.99221263 0.00664753 0.00002342 0.00003078 0.00035964 0.00005435 0.00015998 0.00025364 0.00002704 0.00023098  1.00000000
192.0  0.98932868 0.00962105 0.00002190 0.00002978 0.00032740 0.00004943 0.00023482 0.00018662 0.00001020 0.00019011  1.00000000
192.5  0.98574165 0.01309534 0.00002170 0.00006312 0.00028887 0.00005602 0.00019933 0.00026420 0.00000568 0.00026408  1.00000000
193.0  0.98196938 0.01680961 0.00001689 0.00016285 0.00019507 0.00007143 0.00012595 0.00033827 0.00000465 0.00030590  1.00000000
193.5  0.97831391 0.02053595 0.00002027 0.00022232 0.00012359 0.00008151 0.00015915 0.00027576 0.00000327 0.00026426  1.00000000
194.0  0.97486052 0.02394704 0.00001557 0.00027794 0.00009094 0.00009717 0.00015587 0.00027713 0.00000345 0.00027435  1.00000000
194.5  0.97194003 0.02674985 0.00002151 0.00031136 0.00006635 0.00010028 0.00007907 0.00034948 0.00000341 0.00037867  1.00000000
195.0  0.97002899 0.02871501 0.00001885 0.00032372 0.00005709 0.00009058 0.00007438 0.00041128 0.00000568 0.00027443  1.00000000
195.5  0.96897423 0.02979895 0.00002347 0.00031432 0.00004876 0.00009761 0.00010420 0.00037234 0.00000650 0.00025961  1.00000000
196.0  0.96878106 0.02996527 0.00001794 0.00035930 0.00004184 0.00008957 0.00005544 0.00036651 0.00001633 0.00030675  1.00000000
196.5  0.96939410 0.02929744 0.00001572 0.00034622 0.00002794 0.00006801 0.00003107 0.00039037 0.00003065 0.00039847  1.00000000
197.0  0.97071699 0.02803280 0.00001597 0.00033594 0.00002757 0.00008101 0.00005592 0.00040570 0.00004410 0.00028399  1.00000000
197.5  0.97239195 0.02636588 0.00001537 0.00033507 0.00003140 0.00008776 0.00004521 0.00041275 0.00004058 0.00027401  1.00000000
198.0  0.97428868 0.02454106 0.00001844 0.00031293 0.00003472 0.00007375 0.00001970 0.00037364 0.00005460 0.00028248  1.00000000
198.5  0.97597885 0.02286358 0.00001607 0.00028787 0.00003910 0.00009896 0.00004180 0.00033914 0.00008728 0.00024735  1.00000000
199.0  0.97726134 0.02144454 0.00002055 0.00034165 0.00003135 0.00012730 0.00004489 0.00036265 0.00009354 0.00027219  1.00000000
199.5  0.97831806 0.02047462 0.00001674 0.00032852 0.00003759 0.00012591 0.00002574 0.00038128 0.00007912 0.00021241  1.00000000
200.0  0.97873597 0.02010595 0.00002594 0.00033503 0.00003676 0.00015864 0.00001709 0.00031822 0.00008769 0.00017870  1.00000000
200.5  0.97839346 0.02031987 0.00002048 0.00033227 0.00004037 0.00019536 0.00002159 0.00028236 0.00009442 0.00029982  1.00000000
201.0  0.97755901 0.02118788 0.00002498 0.00028041 0.00003460 0.00020425 0.00000854 0.00032163 0.00009974 0.00027896  1.00000000
201.5  0.97617091 0.02268833 0.00002187 0.00024621 0.00003170 0.00022045 0.00000271 0.00031792 0.00010485 0.00019506  1.00000000
202.0  0.97414268 0.02467555 0.00002419 0.00024371 0.00003494 0.00024304 0.00000302 0.00025094 0.00010806 0.00027386  1.00000000
202.5  0.97184127 0.02702507 0.00002777 0.00021514 0.00002150 0.00025996 0.00000526 0.00023923 0.00008676 0.00027804  1.00000000
203.0  0.96932363 0.02953740 0.00002806 0.00019400 0.00002931 0.00027309 0.00000366 0.00029967 0.00008126 0.00022993  1.00000000
203.5  0.96694005 0.03191871 0.00002960 0.00022118 0.00004769 0.00027281 0.00000082 0.00025477 0.00009029 0.00022409  1.00000000
204.0  0.96501213 0.03388036 0.00002817 0.00021912 0.00004773 0.00029407 0.00000109 0.00018822 0.00008675 0.00024236  1.00000000
204.5  0.96383456 0.03506605 0.00002743 0.00018557 0.00004809 0.00035863 0.00000440 0.00016939 0.00006730 0.00023858  1.00000000
205.0  0.96361886 0.03518526 0.00002708 0.00026871 0.00007005 0.00036513 0.00002140 0.00014633 0.00006594 0.00023124  1.00000000
205.5  0.96489203 0.03402732 0.00002470 0.00024836 0.00004543 0.00030572 0.00006159 0.00010931 0.00006875 0.00021680  1.00000000
206.0  0.96729994 0.03154664 0.00002743 0.00023069 0.00003660 0.00031426 0.00009162 0.00007900 0.00010129 0.00027252  1.00000000
206.5  0.97080451 0.02794255 0.00002553 0.00027405 0.00003731 0.00035936 0.00002485 0.00004789 0.00014488 0.00033908  1.00000000
207.0  0.97537830 0.02348556 0.00002943 0.00022458 0.00000758 0.00037388 0.00003763 0.00001675 0.00013322 0.00031307  1.00000000
207.5  0.98027473 0.01864725 0.00002663 0.00021823 0.00000235 0.00030579 0.00004710 0.00000411 0.00015286 0.00032093  1.00000000
208.0  0.98486570 0.01387438 0.00003046 0.00029896 0.00000893 0.00023841 0.00010384 0.00000517 0.00026376 0.00031040  1.00000000
208.5  0.98917936 0.00961396 0.00002897 0.00024256 0.00002305 0.00015140 0.00013889 0.00000760 0.00031731 0.00029690  1.00000000
209.0  0.99264098 0.00615442 0.00003887 0.00024496 0.00003680 0.00013411 0.00012788 0.00000478 0.00029473 0.00032248  1.00000000
209.5  0.99514654 0.00359579 0.00003379 0.00025742 0.00005940 0.00012457 0.00012336 0.00001058 0.00030087 0.00034768  1.00000000
210.0  0.99680972 0.00190989 0.00003919 0.00020771 0.00006133 0.00008000 0.00016349 0.00001383 0.00039257 0.00032228  1.00000000
210.5  0.99772462 0.00096866 0.00003857 0.00020855 0.00007135 0.00007102 0.00015850 0.00000639 0.00043339 0.00031896  1.00000000
211.0  0.99813881 0.00057829 0.00004187 0.00020926 0.00007795 0.00009514 0.00013613 0.00000386 0.00036171 0.00035698  1.00000000
211.5  0.99818532 0.00052998 0.00004201 0.00020783 0.00007091 0.00006992 0.00017494 0.00000866 0.00034719 0.00036324  1.00000000
212.0  0.99807894 0.00064395 0.00004075 0.00019625 0.00007155 0.00003555 0.00019474 0.00000826 0.00043038 0.00029963  1.00000000
212.5  0.99788517 0.00076612 0.00004428 0.00020808 0.00006741 0.00002572 0.00022543 0.00000579 0.00044247 0.00032953  1.00000000
213.0  0.99790614 0.00080349 0.00004011 0.00021303 0.00007093 0.00000111 0.00026273 0.00000371 0.00036598 0.00033278  1.00000000
213.5  0.99811125 0.00073207 0.00004101 0.00021773 0.00007526 0.00002664 0.00016601 0.00000935 0.00034345 0.00027724  1.00000000
214.0  0.99816750 0.00054277 0.00003392 0.00021330 0.00006956 0.00005806 0.00018242 0.00001553 0.00039657 0.00032036  1.00000000
214.5  0.99829665 0.00031021 0.00004478 0.00025651 0.00007861 0.00007801 0.00020118 0.00001734 0.00039063 0.00032609  1.00000000
215.0  0.99855290 0.00014181 0.00003479 0.00025773 0.00008028 0.00009700 0.00015515 0.00001723 0.00033734 0.00032576  1.00000000
215.5  0.99853286 0.00016910 0.00004462 0.00025357 0.00008102 0.00010232 0.00012525 0.00001744 0.00037300 0.00030080  1.00000000
216.0  0.99805412 0.00057157 0.00003747 0.00026249 0.00009095 0.00013823 0.00017804 0.00002061 0.00038013 0.00026638  1.00000000
216.5  0.99713941 0.00150436 0.00003955 0.00024019 0.00009594 0.00013876 0.00015552 0.00001485 0.00039226 0.00027916  1.00000000
217.0  0.99564827 0.00309398 0.00003536 0.00023262 0.00008989 0.00014170 0.00010887 0.00001111 0.00035324 0.00028497  1.00000000
217.5  0.99322495 0.00542719 0.00003698 0.00024257 0.00011812 0.00017191 0.00010612 0.00001148 0.00037814 0.00028254  1.00000000
218.0  0.99010041 0.00846134 0.00003671 0.00023351 0.00012467 0.00019221 0.00015335 0.00000662 0.00040160 0.00028959  1.00000000
218.5  0.98653175 0.01210958 0.00004032 0.00021872 0.00013172 0.00018408 0.00010509 0.00000669 0.00038823 0.00028382  1.00000000
219.0  0.98250608 0.01616835 0.00004103 0.00015673 0.00024076 0.00019267 0.00005880 0.00000775 0.00036417 0.00026367  1.00000000
219.5  0.97835638 0.02028795 0.00003962 0.00011867 0.00026196 0.00021143 0.00006070 0.00002207 0.00037996 0.00026125  1.00000000
220.0  0.97445227 0.02412228 0.00003915 0.00005348 0.00032819 0.00020442 0.00005519 0.00005624 0.00037759 0.00031119  1.00000000
220.5  0.97114389 0.02748262 0.00004011 0.00004321 0.00037037 0.00017806 0.00002452 0.00003818 0.00037176 0.00030729  1.00000000
221.0  0.96858062 0.03012104 0.00002787 0.00004654 0.00037419 0.00021492 0.00001331 0.00004022 0.00032764 0.00025365  1.00000000
221.5  0.96671952 0.03196597 0.00001594 0.00002931 0.00040380 0.00017953 0.00002287 0.00003680 0.00036534 0.00026093  1.00000000
222.0  0.96567728 0.03297805 0.00001524 0.00003630 0.00038921 0.00008629 0.00014736 0.00009181 0.00029964 0.00027883  1.00000000
222.5  0.96540182 0.03326441 0.00001756 0.00005275 0.00044144 0.00005433 0.00009294 0.00004121 0.00040827 0.00022527  1.00000000
223.0  0.96560007 0.03297001 0.00001889 0.00003464 0.00044095 0.00008950 0.00011415 0.00013527 0.00034605 0.00025047  1.00000000
223.5  0.96615943 0.03236937 0.00001972 0.00004261 0.00042406 0.00006875 0.00017942 0.00010634 0.00029480 0.00033551  1.00000000
224.0  0.96699978 0.03149434 0.00001879 0.00003813 0.00047213 0.00006129 0.00023154 0.00011479 0.00022413 0.00034508  1.00000000
224.5  0.96791711 0.03055739 0.00001635 0.00002130 0.00046981 0.00006105 0.00033501 0.00008491 0.00022902 0.00030805  1.00000000
225.0  0.96861185 0.02984198 0.00001538 0.00003179 0.00048645 0.00012120 0.00031984 0.00013556 0.00019121 0.00024474  1.00000000
225.5  0.96891049 0.02949817 0.00001488 0.00004098 0.00051542 0.00002815 0.00036697 0.00015050 0.00019857 0.00027588  1.00000000
226.0  0.96862965 0.02976144 0.00001835 0.00002709 0.00051302 0.00013190 0.00024199 0.00012206 0.00018733 0.00036716  1.00000000
226.5  0.96748362 0.03078135 0.00001861 0.00002789 0.00048939 0.00005979 0.00040515 0.00011972 0.00021605 0.00039842  1.00000000
227.0  0.96551008 0.03270694 0.00001869 0.00004445 0.00057632 0.00010911 0.00037456 0.00016983 0.00018488 0.00030512  1.00000000
227.5  0.96265100 0.03561230 0.00001764 0.00003173 0.00061716 0.00006883 0.00035400 0.00015747 0.00018361 0.00030626  1.00000000
228.0  0.95877317 0.03959106 0.00001556 0.00003545 0.00055530 0.00009645 0.00027385 0.00014037 0.00020884 0.00030995  1.00000000
228.5  0.95379146 0.04450535 0.00001642 0.00005594 0.00053518 0.00007888 0.00031112 0.00013394 0.00021310 0.00035860  1.00000000
229.0  0.94823109 0.05002214 0.00001690 0.00005066 0.00049574 0.00009024 0.00036271 0.00017217 0.00017493 0.00038342  1.00000000
229.5  0.94251862 0.05573484 0.00001600 0.00005787 0.00049997 0.00007766 0.00037939 0.00015689 0.00019271 0.00036605  1.00000000
230.0  0.93704677 0.06111240 0.00001889 0.00007785 0.00056587 0.00009334 0.00028267 0.00015337 0.00024258 0.00040626  1.00000000
230.5  0.93273249 0.06558660 0.00001815 0.00006765 0.00056807 0.00005732 0.00023742 0.00014077 0.00020701 0.00038452  1.00000000
231.0  0.92987470 0.06846432 0.00002145 0.00007600 0.00056095 0.00007649 0.00020823 0.00017927 0.00015862 0.00037998  1.00000000
231.5  0.92891611 0.06931547 0.00001847 0.00009158 0.00057030 0.00006510 0.00027977 0.00017014 0.00018703 0.00038602  1.00000000
232.0  0.93007133 0.06806062 0.00001969 0.00009194 0.00059277 0.00007522 0.00024231 0.00018125 0.00023005 0.00043481  1.00000000
232.5  0.93354376 0.06470915 0.00001732 0.00011515 0.00056192 0.00004492 0.00021442 0.00014526 0.00022618 0.00042194  1.00000000
233.0  0.93877498 0.05965224 0.00001729 0.00015740 0.00048299 0.00006606 0.00016291 0.00016536 0.00015919 0.00036157  1.00000000
233.5  0.94496557 0.05327269 0.00001601 0.00021885 0.00051327 0.00005319 0.00021176 0.00017209 0.00018764 0.00038893  1.00000000
234.0  0.95186201 0.04627322 0.00001881 0.00034133 0.00037774 0.00004852 0.00025331 0.00019510 0.00023790 0.00039205  1.00000000
234.5  0.95895227 0.03934047 0.00002123 0.00042685 0.00018242 0.00003779 0.00026936 0.00017231 0.00022201 0.00037529  1.00000000
235.0  0.96541219 0.03294178 0.00002206 0.00056082 0.00011372 0.00004781 0.00019989 0.00016420 0.00015925 0.00037828  1.00000000
235.5  0.97100756 0.02738239 0.00001915 0.00055232 0.00008006 0.00003332 0.00019010 0.00018618 0.00017296 0.00037597  1.00000000
236.0  0.97539306 0.02282665 0.00001995 0.00056270 0.00008408 0.00002959 0.00031796 0.00019775 0.00018973 0.00037854  1.00000000
236.5  0.97860090 0.01935755 0.00002344 0.00055758 0.00007349 0.00003576 0.00026596 0.00043134 0.00019246 0.00046152  1.00000000
237.0  0.98106581 0.01690298 0.00002610 0.00054408 0.00006396 0.00002209 0.00029348 0.00028263 0.00029761 0.00050127  1.00000000
237.5  0.98268882 0.01531082 0.00002655 0.00049889 0.00011154 0.00001349 0.00012223 0.00034841 0.00038067 0.00049859  1.00000000
238.0  0.98356507 0.01435585 0.00003055 0.00052962 0.00015461 0.00005774 0.00032746 0.00013646 0.00031680 0.00052582  1.00000000
238.5  0.98393860 0.01396672 0.00002948 0.00048877 0.00021091 0.00004675 0.00020753 0.00027906 0.00036126 0.00047091  1.00000000
239.0  0.98396297 0.01398346 0.00002978 0.00046987 0.00025005 0.00002975 0.00021753 0.00020485 0.00040813 0.00044361  1.00000000
239.5  0.98358418 0.01423202 0.00002669 0.00049290 0.00027277 0.00004023 0.00021167 0.00019441 0.00032661 0.00061852  1.00000000
240.0  0.98318375 0.01465980 0.00001417 0.00047126 0.00028636 0.00010587 0.00021485 0.00018786 0.00026489 0.00061119  1.00000000
240.5  0.98268752 0.01517929 0.00001588 0.00053123 0.00027217 0.00007188 0.00019594 0.00023988 0.00032138 0.00048483  1.00000000
241.0  0.98296550 0.01484406 0.00000725 0.00051012 0.00026755 0.00007005 0.00018437 0.00020387 0.00040566 0.00054156  1.00000000
241.5  0.98291777 0.01487859 0.00001317 0.00049219 0.00026266 0.00006883 0.00026568 0.00018996 0.00034645 0.00056470  1.00000000
242.0  0.98245560 0.01533371 0.00001010 0.00047786 0.00028384 0.00013223 0.00027467 0.00020695 0.00026858 0.00055646  1.00000000
242.5  0.98356763 0.01418844 0.00001799 0.00051254 0.00029225 0.00007123 0.00022066 0.00022750 0.00033819 0.00056357  1.00000000
243.0  0.98167514 0.01613487 0.00001704 0.00051407 0.00026574 0.00008091 0.00015074 0.00018590 0.00041823 0.00055735  1.00000000
243.5  0.98454250 0.01335623 0.00001812 0.00050664 0.00024807 0.00006063 0.00017376 0.00019468 0.00035718 0.00054217  1.00000000
244.0  0.98080328 0.01699706 0.00001487 0.00051860 0.00026998 0.00006293 0.00031451 0.00018086 0.00030880 0.00052910  1.00000000
244.5  0.98514303 0.01259579 0.00000916 0.00052677 0.00028592 0.00006717 0.00023488 0.00025989 0.00037373 0.00050365  1.00000000
245.0  0.98028971 0.01746322 0.00000908 0.00055306 0.00027800 0.00005868 0.00021495 0.00021480 0.00041809 0.00050040  1.00000000
245.5  0.98549525 0.01240499 0.00000856 0.00054697 0.00026946 0.00005101 0.00012370 0.00030757 0.00031215 0.00048032  1.00000000
246.0  0.98050775 0.01730331 0.00001169 0.00056977 0.00022366 0.00007865 0.00016674 0.00031013 0.00027270 0.00055561  1.00000000
246.5  0.98497042 0.01286661 0.00000906 0.00066258 0.00012692 0.00005520 0.00022686 0.00026576 0.00024616 0.00057043  1.00000000
247.0  0.98139669 0.01641128 0.00001236 0.00076855 0.00011712 0.00006081 0.00021437 0.00030208 0.00024114 0.00047560  1.00000000
247.5  0.98392681 0.01374082 0.00001034 0.00070522 0.00020634 0.00006237 0.00020788 0.00033851 0.00027824 0.00052346  1.00000000
248.0  0.98239657 0.01532445 0.00001316 0.00073844 0.00015075 0.00010464 0.00021719 0.00027822 0.00027837 0.00049820  1.00000000
248.5  0.98318262 0.01463504 0.00001142 0.00079816 0.00010549 0.00006132 0.00024612 0.00025439 0.00024920 0.00045624  1.00000000
249.0  0.98332382 0.01448966 0.00001156 0.00082193 0.00006712 0.00009394 0.00024208 0.00030131 0.00024661 0.00040197  1.00000000
249.5  0.98252746 0.01517307 0.00001032 0.00082399 0.00005472 0.00010180 0.00024934 0.00034641 0.00026619 0.00044670  1.00000000
250.0  0.98354012 0.01423879 0.00001322 0.00084353 0.00005107 0.00010183 0.00023237 0.00027985 0.00025084 0.00044839  1.00000000
250.5  0.98267649 0.01521726 0.00001420 0.00088423 0.00004887 0.00007102 0.00020418 0.00025270 0.00022037 0.00041068  1.00000000
251.0  0.98343321 0.01436618 0.00001611 0.00091686 0.00004258 0.00012053 0.00017206 0.00026332 0.00026188 0.00040726  1.00000000
251.5  0.98294993 0.01471124 0.00001791 0.00089730 0.00004781 0.00011340 0.00018844 0.00038414 0.00024008 0.00044974  1.00000000
252.0  0.98290739 0.01483429 0.00001882 0.00084459 0.00005162 0.00010438 0.00019157 0.00035442 0.00026458 0.00042833  1.00000000
252.5  0.98359433 0.01422523 0.00001477 0.00080622 0.00004735 0.00009283 0.00020183 0.00038906 0.00024529 0.00038309  1.00000000
253.0  0.98246207 0.01530576 0.00001541 0.00081350 0.00006584 0.00014028 0.00015017 0.00034855 0.00027791 0.00042051  1.00000000
253.5  0.98392337 0.01387145 0.00001515 0.00085443 0.00005717 0.00011749 0.00014671 0.00035568 0.00023773 0.00042081  1.00000000
254.0  0.98212469 0.01554476 0.00001740 0.00081727 0.00005544 0.00014691 0.00013997 0.00033094 0.00027716 0.00054545  1.00000000
254.5  0.98359921 0.01407603 0.00001937 0.00080114 0.00007024 0.00010401 0.00022838 0.00035879 0.00024388 0.00049894  1.00000000
255.0  0.98248690 0.01522802 0.00002658 0.00076114 0.00007567 0.00015653 0.00018873 0.00033311 0.00028187 0.00046144  1.00000000
255.5  0.98285159 0.01480000 0.00002906 0.00075467 0.00006366 0.00011030 0.00019431 0.00038034 0.00027790 0.00053816  1.00000000
256.0  0.98350714 0.01427098 0.00002692 0.00072560 0.00007504 0.00011751 0.00013773 0.00031725 0.00028281 0.00053902  1.00000000
256.5  0.98198431 0.01595005 0.00002566 0.00073157 0.00009129 0.00006068 0.00018998 0.00033559 0.00023172 0.00039913  1.00000000
257.0  0.98464299 0.01319052 0.00002787 0.00071262 0.00010786 0.00013686 0.00018011 0.00029415 0.00030855 0.00039846  1.00000000
257.5  0.98083253 0.01686870 0.00002727 0.00070927 0.00013245 0.00009326 0.00023034 0.00033562 0.00029968 0.00047088  1.00000000
258.0  0.98523070 0.01258522 0.00002697 0.00068516 0.00014793 0.00007347 0.00019769 0.00032167 0.00027619 0.00045501  1.00000000
258.5  0.98090981 0.01703754 0.00002575 0.00061979 0.00018623 0.00007919 0.00023615 0.00035993 0.00020298 0.00034263  1.00000000
259.0  0.98498512 0.01289151 0.00002466 0.00057917 0.00024059 0.00016742 0.00016286 0.00030875 0.00027526 0.00036465  1.00000000
259.5  0.98154306 0.01636975 0.00002975 0.00052459 0.00027114 0.00007886 0.00018716 0.00034119 0.00028763 0.00036689  1.00000000
260.0  0.98423387 0.01374161 0.00002385 0.00046841 0.00032322 0.00012057 0.00016105 0.00038955 0.00026114 0.00027672  1.00000000
260.5  0.98241225 0.01534657 0.00002977 0.00042432 0.00040792 0.00008773 0.00007675 0.00072771 0.00022903 0.00025796  1.00000000
261.0  0.98316514 0.01459093 0.00002235 0.00036217 0.00046389 0.00018177 0.00004974 0.00060015 0.00027586 0.00028800  1.00000000
261.5  0.98338570 0.01452820 0.00002999 0.00031287 0.00053211 0.00006487 0.00007445 0.00050692 0.00031013 0.00025476  1.00000000
262.0  0.98277461 0.01506964 0.00002165 0.00023144 0.00062428 0.00013071 0.00008609 0.00050287 0.00030687 0.00025185  1.00000000
262.5  0.98347191 0.01424841 0.00002921 0.00014686 0.00069374 0.00009251 0.00016326 0.00057874 0.00034099 0.00023437  1.00000000
263.0  0.98270774 0.01509345 0.00002664 0.00007271 0.00077886 0.00012176 0.00018323 0.00053989 0.00025685 0.00021888  1.00000000
263.5  0.98357366 0.01434987 0.00003030 0.00002411 0.00079551 0.00008492 0.00019112 0.00040913 0.00030515 0.00023623  1.00000000
264.0  0.98316500 0.01481195 0.00002923 0.00000547 0.00073680 0.00011451 0.00023939 0.00036287 0.00030173 0.00023305  1.00000000
264.5  0.98312078 0.01476332 0.00002118 0.00000090 0.00075190 0.00008421 0.00036839 0.00029078 0.00036922 0.00022932  1.00000000
265.0  0.98350614 0.01438162 0.00002049 0.00001348 0.00074327 0.00011220 0.00048591 0.00026270 0.00024997 0.00022422  1.00000000
265.5  0.98273797 0.01522514 0.00002338 0.00001212 0.00073890 0.00008189 0.00043300 0.00021018 0.00029698 0.00024043  1.00000000
266.0  0.98404142 0.01397519 0.00002775 0.00002273 0.00070839 0.00009789 0.00038453 0.00020687 0.00030912 0.00022611  1.00000000
266.5  0.98234173 0.01562875 0.00002673 0.00003456 0.00070068 0.00009558 0.00040856 0.00016325 0.00036851 0.00023165  1.00000000
267.0  0.98420468 0.01369611 0.00002633 0.00004518 0.00070898 0.00011521 0.00057242 0.00013845 0.00024829 0.00024434  1.00000000
267.5  0.98214032 0.01577973 0.00002771 0.00005191 0.00072436 0.00009032 0.00055802 0.00010960 0.00027725 0.00024077  1.00000000
268.0  0.98411260 0.01372715 0.00002725 0.00008665 0.00071286 0.00009460 0.00052382 0.00016729 0.00028402 0.00026376  1.00000000
268.5  0.98238413 0.01559446 0.00002984 0.00006932 0.00063337 0.00011551 0.00048462 0.00013470 0.00033670 0.00021735  1.00000000
269.0  0.98390911 0.01411446 0.00004238 0.00009843 0.00062794 0.00007963 0.00053229 0.00011389 0.00025842 0.00022346  1.00000000
269.5  0.98297375 0.01507033 0.00002658 0.00010490 0.00062386 0.00006742 0.00055953 0.00007845 0.00027641 0.00021876  1.00000000
270.0  0.98330061 0.01477325 0.00002977 0.00011197 0.00057316 0.00005885 0.00056050 0.00016949 0.00028084 0.00014156  1.00000000
270.5  0.98375144 0.01434515 0.00003705 0.00013432 0.00054959 0.00006864 0.00053151 0.00013433 0.00030255 0.00014542  1.00000000
271.0  0.98261514 0.01543990 0.00003756 0.00017226 0.00055503 0.00003634 0.00051502 0.00011965 0.00028915 0.00021995  1.00000000
271.5  0.98436551 0.01377831 0.00004376 0.00020923 0.00047854 0.00004739 0.00054079 0.00008503 0.00027782 0.00017361  1.00000000
272.0  0.98224102 0.01585806 0.00004353 0.00022918 0.00049583 0.00003676 0.00051660 0.00014909 0.00029241 0.00013751  1.00000000
272.5  0.98453058 0.01350421 0.00003580 0.00026306 0.00048247 0.00003257 0.00056352 0.00015420 0.00026479 0.00016880  1.00000000
273.0  0.98221142 0.01588836 0.00003904 0.00023070 0.00050086 0.00002660 0.00050342 0.00012588 0.00029597 0.00017775  1.00000000
273.5  0.98449015 0.01363670 0.00003944 0.00020724 0.00049407 0.00004444 0.00054990 0.00011282 0.00027228 0.00015296  1.00000000
274.0  0.98246360 0.01559436 0.00004918 0.00016163 0.00057981 0.00005149 0.00044818 0.00020275 0.00028926 0.00015975  1.00000000
274.5  0.98408298 0.01396976 0.00004893 0.00007993 0.00061517 0.00005128 0.00036065 0.00034852 0.00025586 0.00018691  1.00000000
275.0  0.98294848 0.01510319 0.00005577 0.00002546 0.00066840 0.00005214 0.00021912 0.00043768 0.00031444 0.00017533  1.00000000
275.5  0.98366566 0.01437080 0.00005481 0.00000902 0.00072031 0.00006048 0.00016443 0.00048511 0.00029457 0.00017481  1.00000000
276.0  0.98340496 0.01474178 0.00005925 0.00002064 0.00068969 0.00005814 0.00007516 0.00040542 0.00042629 0.00011866  1.00000000
276.5  0.98342908 0.01462855 0.00005681 0.00004614 0.00075417 0.00002679 0.00011205 0.00038798 0.00042555 0.00013288  1.00000000
277.0  0.98347519 0.01459801 0.00006159 0.00006807 0.00073679 0.00001468 0.00012207 0.00035622 0.00042948 0.00013789  1.00000000
277.5  0.98355979 0.01459347 0.00006716 0.00007212 0.00072694 0.00001091 0.00005229 0.00036886 0.00043726 0.00011119  1.00000000
278.0  0.98336071 0.01480185 0.00006590 0.00008014 0.00070775 0.00000771 0.00020141 0.00026540 0.00039381 0.00011531  1.00000000
278.5  0.98385247 0.01427776 0.00007453 0.00010074 0.00069130 0.00000392 0.00028345 0.00021501 0.00040010 0.00010071  1.00000000
279.0  0.98291872 0.01516744 0.00006939 0.00007701 0.00073502 0.00000865 0.00027476 0.00019601 0.00044551 0.00010749  1.00000000
279.5  0.98428544 0.01391343 0.00007504 0.00008879 0.00069444 0.00000306 0.00023603 0.00018761 0.00044194 0.00007424  1.00000000
280.0  0.98274815 0.01550398 0.00007021 0.00008229 0.00067600 0.00000719 0.00026128 0.00018493 0.00039477 0.00007120  1.00000000
280.5  0.98444244 0.01378036 0.00006326 0.00008232 0.00068582 0.00000235 0.00030771 0.00017158 0.00038268 0.00008149  1.00000000
281.0  0.98273768 0.01544841 0.00006510 0.00009374 0.00066837 0.00000389 0.00030677 0.00017737 0.00041565 0.00008301  1.00000000
281.5  0.98415720 0.01402690 0.00007062 0.00008422 0.00068076 0.00000315 0.00027124 0.00020008 0.00042504 0.00008079  1.00000000
282.0  0.98317038 0.01501563 0.00008000 0.00007384 0.00075091 0.00000616 0.00023352 0.00022620 0.00037064 0.00007271  1.00000000
282.5  0.98365793 0.01461818 0.00008054 0.00006665 0.00069290 0.00000050 0.00025489 0.00020023 0.00035027 0.00007790  1.00000000
283.0  0.98369769 0.01443439 0.00008358 0.00003944 0.00074264 0.00000550 0.00027606 0.00018345 0.00038048 0.00015678  1.00000000
283.5  0.98287884 0.01522239 0.00007228 0.00002652 0.00080430 0.00000248 0.00025903 0.00021077 0.00037818 0.00014520  1.00000000
284.0  0.98422797 0.01397684 0.00007076 0.00001706 0.00081581 0.00000332 0.00021957 0.00025025 0.00032298 0.00009544  1.00000000
284.5  0.98259329 0.01556356 0.00007529 0.00003383 0.00079379 0.00000015 0.00022391 0.00027236 0.00028233 0.00016149  1.00000000
285.0  0.98431009 0.01381687 0.00007935 0.00002775 0.00081681 0.00000424 0.00020155 0.00024928 0.00032790 0.00016616  1.00000000
285.5  0.98261516 0.01555796 0.00008522 0.00002349 0.00079067 0.00000242 0.00019776 0.00028572 0.00032225 0.00011937  1.00000000
286.0  0.98420869 0.01400739 0.00007568 0.00001607 0.00076996 0.00000030 0.00019493 0.00035905 0.00024475 0.00012318  1.00000000
286.5  0.98295678 0.01530521 0.00007694 0.00001244 0.00076641 0.00000022 0.00020858 0.00039636 0.00018740 0.00008968  1.00000000
287.0  0.98387287 0.01434412 0.00006779 0.00001028 0.00077172 0.00000361 0.00020814 0.00038814 0.00023119 0.00010215  1.00000000
287.5  0.98327483 0.01491277 0.00007872 0.00001226 0.00078737 0.00000362 0.00017127 0.00042101 0.00022897 0.00010919  1.00000000
288.0  0.98364914 0.01463521 0.00006909 0.00000510 0.00076400 0.00000027 0.00015727 0.00049802 0.00013477 0.00008713  1.00000000
288.5  0.98353307 0.01473606 0.00007960 0.00000593 0.00078739 0.00000138 0.00016972 0.00052803 0.00008027 0.00007854  1.00000000
289.0  0.98351217 0.01476681 0.00006825 0.00000824 0.00071487 0.00000197 0.00023702 0.00050846 0.00010633 0.00007588  1.00000000
289.5  0.98353361 0.01471887 0.00008292 0.00003325 0.00068087 0.00000508 0.00021668 0.00054803 0.00011314 0.00006755  1.00000000
290.0  0.98371445 0.01460828 0.00007662 0.00001827 0.00068285 0.00000070 0.00016324 0.00062783 0.00003960 0.00006816  1.00000000
290.5  0.98345510 0.01492877 0.00008705 0.00000037 0.00066573 0.00000247 0.00016911 0.00062009 0.00000342 0.00006791  1.00000000
291.0  0.98383346 0.01442361 0.00008458 0.00000271 0.00064144 0.00000228 0.00035329 0.00058664 0.00000040 0.00007159  1.00000000
291.5  0.98290887 0.01521918 0.00008080 0.00000143 0.00066085 0.00003115 0.00025226 0.00074307 0.00000041 0.00010199  1.00000000
292.0  0.98372520 0.01421182 0.00008369 0.00000090 0.00068287 0.00010908 0.00007266 0.00101115 0.00002166 0.00008098  1.00000000
292.5  0.98267849 0.01534297 0.00007421 0.00000103 0.00069215 0.00009203 0.00042788 0.00058913 0.00002245 0.00007967  1.00000000
293.0  0.98374122 0.01413645 0.00008260 0.00000083 0.00070612 0.00019893 0.00059097 0.00042831 0.00000922 0.00010536  1.00000000
293.5  0.98253713 0.01534433 0.00007543 0.00000102 0.00073754 0.00008699 0.00078427 0.00032737 0.00000052 0.00010540  1.00000000
294.0  0.98378654 0.01422182 0.00009296 0.00000687 0.00076561 0.00012122 0.00066174 0.00028466 0.00000097 0.00005764  1.00000000
294.5  0.98285936 0.01517950 0.00007296 0.00000570 0.00073263 0.00014222 0.00062495 0.00028935 0.00000079 0.00009254  1.00000000
295.0  0.98356977 0.01438353 0.00009976 0.00000313 0.00075392 0.00014924 0.00064955 0.00029952 0.00000071 0.00009086  1.00000000
295.5  0.98310802 0.01489971 0.00008847 0.00000265 0.00076882 0.00008654 0.00072317 0.00027467 0.00000750 0.00004047  1.00000000
296.0  0.98332889 0.01462849 0.00010311 0.00000518 0.00076375 0.00013309 0.00072134 0.00024045 0.00001055 0.00006516  1.00000000
296.5  0.98334715 0.01468343 0.00009459 0.00000923 0.00073612 0.00012574 0.00068428 0.00024695 0.00000915 0.00006336  1.00000000
297.0  0.98323942 0.01478197 0.00010805 0.00000818 0.00074828 0.00012062 0.00066919 0.00026861 0.00001079 0.00004491  1.00000000
297.5  0.98354111 0.01451709 0.00009150 0.00000753 0.00070148 0.00011037 0.00074758 0.00022254 0.00001647 0.00004435  1.00000000
298.0  0.98318773 0.01490560 0.00009970 0.00000620 0.00066986 0.00014120 0.00074102 0.00018053 0.00001750 0.00005067  1.00000000
298.5  0.98361709 0.01450968 0.00009789 0.00000414 0.00067538 0.00011919 0.00078004 0.00015270 0.00001501 0.00002888  1.00000000
299.0  0.98330776 0.01482582 0.00009789 0.00000304 0.00072581 0.00012122 0.00074088 0.00014281 0.00001621 0.00001857  1.00000000
299.5  0.98346217 0.01464432 0.00009812 0.00000543 0.00073249 0.00013059 0.00076808 0.00011697 0.00001543 0.00002640  1.00000000
300.0  0.98338886 0.01467145 0.00010116 0.00000585 0.00075194 0.00013679 0.00080396 0.00008971 0.00001625 0.00003403  1.00000000
300.5  0.98324113 0.01478365 0.00010554 0.00000134 0.00073679 0.00014507 0.00082819 0.00008021 0.00001440 0.00006369  1.00000000
301.0  0.98359811 0.01454661 0.00010682 0.00000307 0.00067773 0.00015073 0.00076099 0.00007875 0.00002094 0.00005625  1.00000000
301.5  0.98336484 0.01484797 0.00011005 0.00000053 0.00067965 0.00013757 0.00071506 0.00008163 0.00001345 0.00004926  1.00000000
302.0  0.98357910 0.01457137 0.00011963 0.00000516 0.00072458 0.00013443 0.00070953 0.00007812 0.00000996 0.00006813  1.00000000
302.5  0.98339883 0.01466666 0.00011443 0.00000087 0.00077197 0.00012805 0.00074944 0.00008175 0.00001824 0.00006976  1.00000000
303.0  0.98317895 0.01484548 0.00012565 0.00001119 0.00080745 0.00012187 0.00072155 0.00008144 0.00002866 0.00007777  1.00000000
303.5  0.98372969 0.01438558 0.00011985 0.00000046 0.00081736 0.00012478 0.00062797 0.00008123 0.00002181 0.00009127  1.00000000
304.0  0.98299030 0.01511859 0.00011773 0.00001500 0.00083507 0.00014235 0.00058385 0.00006800 0.00001330 0.00011581  1.00000000
304.5  0.98391409 0.01413687 0.00011528 0.00000145 0.00086489 0.00012418 0.00067043 0.00003754 0.00005015 0.00008511  1.00000000
305.0  0.98277173 0.01523459 0.00011275 0.00001161 0.00084513 0.00010960 0.00077340 0.00005168 0.00005263 0.00003688  1.00000000
305.5  0.98386448 0.01419986 0.00010691 0.00000277 0.00080490 0.00013499 0.00072597 0.00006081 0.00004449 0.00005481  1.00000000
306.0  0.98312801 0.01510054 0.00010037 0.00000403 0.00073824 0.00012350 0.00063557 0.00003919 0.00005222 0.00007832  1.00000000
306.5  0.98392750 0.01439206 0.00010479 0.00000705 0.00071208 0.00011550 0.00060166 0.00003225 0.00007043 0.00003668  1.00000000
307.0  0.98330038 0.01488857 0.00008771 0.00000384 0.00068445 0.00012283 0.00075880 0.00005797 0.00007145 0.00002401  1.00000000
307.5  0.98327790 0.01476094 0.00010092 0.00000332 0.00071906 0.00014482 0.00080086 0.00009161 0.00006981 0.00003076  1.00000000
308.0  0.98347273 0.01468543 0.00009242 0.00000663 0.00075734 0.00010309 0.00068359 0.00008885 0.00008190 0.00002802  1.00000000
308.5  0.98352198 0.01479830 0.00010053 0.00001377 0.00074227 0.00013525 0.00051248 0.00007488 0.00009026 0.00001027  1.00000000
309.0  0.98357208 0.01467406 0.00009150 0.00000302 0.00071068 0.00014415 0.00059759 0.00011007 0.00008800 0.00000887  1.00000000
309.5  0.98335691 0.01471054 0.00010023 0.00000676 0.00070345 0.00014546 0.00073525 0.00016739 0.00006566 0.00000834  1.00000000
310.0  0.98322275 0.01488241 0.00009523 0.00000121 0.00071019 0.00010002 0.00073155 0.00016070 0.00005838 0.00003755  1.00000000
310.5  0.98385572 0.01445602 0.00010071 0.00000119 0.00071773 0.00016108 0.00050634 0.00011459 0.00005185 0.00003478  1.00000000
311.0  0.98325729 0.01507585 0.00009344 0.00000113 0.00074773 0.00012320 0.00050305 0.00014602 0.00002894 0.00002334  1.00000000
311.5  0.98378554 0.01435039 0.00009381 0.00000141 0.00074120 0.00016280 0.00066653 0.00017206 0.00000385 0.00002241  1.00000000
312.0  0.98294218 0.01514315 0.00008928 0.00000148 0.00070206 0.00008962 0.00083302 0.00018245 0.00000832 0.00000844  1.00000000
312.5  0.98386057 0.01447012 0.00008595 0.00000554 0.00063692 0.00017394 0.00063352 0.00010194 0.00001844 0.00001305  1.00000000
313.0  0.98353930 0.01487451 0.00008347 0.00000168 0.00066031 0.00007130 0.00061290 0.00009505 0.00004866 0.00001281  1.00000000
313.5  0.98342189 0.01485674 0.00007692 0.00000687 0.00064233 0.00022890 0.00061272 0.00000887 0.00013413 0.00001062  1.00000000
314.0  0.98357589 0.01450215 0.00008180 0.00000358 0.00072148 0.00011450 0.00074585 0.00001973 0.00022679 0.00000823  1.00000000
314.5  0.98292931 0.01522010 0.00007819 0.00001804 0.00071982 0.00012998 0.00060863 0.00005534 0.00023095 0.00000964  1.00000000
315.0  0.98409143 0.01418041 0.00007563 0.00000813 0.00072368 0.00015328 0.00049271 0.00002787 0.00024212 0.00000473  1.00000000
315.5  0.98277284 0.01544738 0.00007512 0.00000680 0.00075191 0.00015281 0.00045321 0.00002299 0.00030177 0.00001517  1.00000000
316.0  0.98401029 0.01401904 0.00008016 0.00001490 0.00075959 0.00016283 0.00044527 0.00011904 0.00037726 0.00001161  1.00000000
316.5  0.98261378 0.01543248 0.00007600 0.00000606 0.00078363 0.00012434 0.00031690 0.00028154 0.00035720 0.00000807  1.00000000
317.0  0.98405810 0.01413897 0.00007098 0.00001073 0.00076399 0.00013264 0.00021663 0.00025921 0.00034217 0.00000659  1.00000000
317.5  0.98294420 0.01532022 0.00008030 0.00000723 0.00074101 0.00013187 0.00014688 0.00028554 0.00033575 0.00000700  1.00000000
318.0  0.98382350 0.01431904 0.00007798 0.00001852 0.00075499 0.00014491 0.00012493 0.00041012 0.00031788 0.00000812  1.00000000
318.5  0.98298836 0.01510055 0.00008124 0.00000607 0.00077899 0.00009741 0.00009848 0.00055337 0.00028685 0.00000868  1.00000000
319.0  0.98360466 0.01456521 0.00007523 0.00001539 0.00075774 0.00011129 0.00011205 0.00046479 0.00027901 0.00001463  1.00000000
319.5  0.98335160 0.01486697 0.00009687 0.00000586 0.00074228 0.00014687 0.00011012 0.00040272 0.00026391 0.00001280  1.00000000
320.0  0.98346105 0.01476671 0.00008495 0.00002470 0.00074119 0.00011772 0.00014739 0.00042066 0.00022718 0.00000845  1.00000000
320.5  0.98339875 0.01477522 0.00010555 0.00000671 0.00072811 0.00013291 0.00012117 0.00050698 0.00022043 0.00000418  1.00000000
321.0  0.98335255 0.01488649 0.00009239 0.00002704 0.00070643 0.00011835 0.00019048 0.00039384 0.00022698 0.00000545  1.00000000
321.5  0.98335061 0.01488724 0.00010559 0.00000838 0.00073402 0.00020876 0.00014157 0.00030140 0.00023994 0.00002249  1.00000000
322.0  0.98351808 0.01474048 0.00009312 0.00002412 0.00072282 0.00010839 0.00018527 0.00030757 0.00027203 0.00002812  1.00000000
322.5  0.98304912 0.01514559 0.00010231 0.00001963 0.00074654 0.00015735 0.00012633 0.00029048 0.00033181 0.00003084  1.00000000
323.0  0.98380287 0.01439082 0.00008888 0.00002092 0.00074772 0.00012180 0.00018682 0.00024479 0.00036364 0.00003174  1.00000000
323.5  0.98265077 0.01557269 0.00009244 0.00002236 0.00071725 0.00015437 0.00015450 0.00020566 0.00039491 0.00003504  1.00000000
324.0  0.98430576 0.01394379 0.00008509 0.00003392 0.00069223 0.00011959 0.00015011 0.00021916 0.00044153 0.00000881  1.00000000
324.5  0.98226664 0.01594555 0.00008973 0.00001168 0.00073078 0.00015838 0.00009436 0.00019173 0.00051080 0.00000036  1.00000000
325.0  0.98457901 0.01363686 0.00009307 0.00001365 0.00070895 0.00013917 0.00010654 0.00017331 0.00054127 0.00000817  1.00000000
325.5  0.98209193 0.01611622 0.00008626 0.00000957 0.00070487 0.00017578 0.00010010 0.00013743 0.00055174 0.00002609  1.00000000
326.0  0.98455654 0.01362366 0.00009228 0.00002452 0.00069072 0.00016646 0.00010971 0.00013691 0.00057259 0.00002663  1.00000000
326.5  0.98235086 0.01592337 0.00008400 0.00001903 0.00064240 0.00017147 0.00007447 0.00012215 0.00060059 0.00001167  1.00000000
327.0  0.98428349 0.01401799 0.00008335 0.00002243 0.00065097 0.00015561 0.00008138 0.00008330 0.00062062 0.00000084  1.00000000
327.5  0.98276441 0.01542485 0.00008510 0.00002067 0.00071995 0.00018134 0.00007033 0.00006764 0.00064123 0.00002448  1.00000000
328.0  0.98359024 0.01457915 0.00008201 0.00001587 0.00074733 0.00016952 0.00008463 0.00004207 0.00065722 0.00003197  1.00000000
328.5  0.98337266 0.01484592 0.00007126 0.00002088 0.00074414 0.00017289 0.00005816 0.00002010 0.00067136 0.00002264  1.00000000
329.0  0.98305627 0.01512997 0.00006923 0.00002733 0.00075594 0.00016473 0.00010463 0.00000406 0.00067613 0.00001170  1.00000000
329.5  0.98375669 0.01442342 0.00006757 0.00001721 0.00076333 0.00017755 0.00007303 0.00000975 0.00069424 0.00001722  1.00000000
330.0  0.98279136 0.01538110 0.00006158 0.00002011 0.00076933 0.00017543 0.00008467 0.00003482 0.00065402 0.00002759  1.00000000
330.5  0.98380734 0.01439850 0.00006130 0.00003476 0.00076185 0.00014754 0.00007474 0.00008960 0.00059385 0.00003053  1.00000000
331.0  0.98293644 0.01529622 0.00005524 0.00000756 0.00078527 0.00018495 0.00009804 0.00007355 0.00054055 0.00002219  1.00000000
331.5  0.98357780 0.01463407 0.00004306 0.00003933 0.00072092 0.00014038 0.00012163 0.00009261 0.00059237 0.00003784  1.00000000
332.0  0.98325524 0.01493701 0.00004618 0.00002001 0.00077983 0.00020230 0.00009872 0.00024246 0.00038390 0.00003435  1.00000000
332.5  0.98316675 0.01492317 0.00003530 0.00003547 0.00100565 0.00013847 0.00003112 0.00045636 0.00015914 0.00004856  1.00000000
333.0  0.98327379 0.01466815 0.00004492 0.00002166 0.00112429 0.00019300 0.00003431 0.00048540 0.00010753 0.00004695  1.00000000
333.5  0.98284755 0.01497998 0.00003586 0.00002725 0.00110838 0.00020863 0.00016139 0.00051713 0.00008458 0.00002923  1.00000000
334.0  0.98311356 0.01480032 0.00004563 0.00002089 0.00105977 0.00017841 0.00018742 0.00049942 0.00006235 0.00003224  1.00000000
334.5  0.98342043 0.01467730 0.00003328 0.00002751 0.00096871 0.00015054 0.00016406 0.00049338 0.00003954 0.00002524  1.00000000
335.0  0.98271088 0.01530481 0.00004577 0.00003271 0.00098047 0.00020878 0.00015985 0.00049168 0.00003212 0.00003293  1.00000000
335.5  0.98385955 0.01404895 0.00003308 0.00003129 0.00099471 0.00019711 0.00022522 0.00054372 0.00002847 0.00003792  1.00000000
336.0  0.98196511 0.01593189 0.00004160 0.00003236 0.00098676 0.00016273 0.00026634 0.00056684 0.00002431 0.00002207  1.00000000
336.5  0.98435051 0.01358018 0.00003586 0.00003970 0.00098524 0.00018074 0.00024379 0.00054499 0.00001759 0.00002140  1.00000000
337.0  0.98167530 0.01626416 0.00004355 0.00002692 0.00096592 0.00021478 0.00018213 0.00053496 0.00001442 0.00007787  1.00000000
337.5  0.98447022 0.01347803 0.00003649 0.00002387 0.00097851 0.00016220 0.00017876 0.00057906 0.00001261 0.00008025  1.00000000
338.0  0.98178032 0.01608391 0.00003870 0.00002579 0.00096880 0.00018988 0.00024193 0.00058383 0.00001502 0.00007184  1.00000000
338.5  0.98386452 0.01393919 0.00004319 0.00002447 0.00098174 0.00020136 0.00027696 0.00056784 0.00002626 0.00007445  1.00000000
339.0  0.98244185 0.01546116 0.00003332 0.00002407 0.00099898 0.00020192 0.00021281 0.00052168 0.00003866 0.00006553  1.00000000
339.5  0.98336954 0.01472114 0.00004184 0.00001872 0.00093712 0.00016443 0.00013438 0.00050911 0.00005703 0.00004668  1.00000000
340.0  0.98335588 0.01469444 0.00003396 0.00002432 0.00094670 0.00021898 0.00013627 0.00046308 0.00007591 0.00005046  1.00000000
340.5  0.98245769 0.01551895 0.00004094 0.00002585 0.00096615 0.00019847 0.00018834 0.00045827 0.00009364 0.00005170  1.00000000
341.0  0.98386051 0.01409994 0.00003114 0.00003521 0.00100639 0.00017688 0.00019705 0.00040490 0.00012169 0.00006628  1.00000000
341.5  0.98201468 0.01595991 0.00004696 0.00002773 0.00101360 0.00020307 0.00011418 0.00040471 0.00014998 0.00006518  1.00000000
342.0  0.98424418 0.01382412 0.00003058 0.00002570 0.00102325 0.00016390 0.00008130 0.00038086 0.00016232 0.00006378  1.00000000
342.5  0.98201170 0.01594645 0.00004866 0.00002689 0.00099115 0.00024891 0.00007095 0.00036404 0.00022839 0.00006286  1.00000000
343.0  0.98395700 0.01396310 0.00003787 0.00001525 0.00097339 0.00024177 0.00010039 0.00035791 0.00029661 0.00005671  1.00000000
343.5  0.98234548 0.01553852 0.00004217 0.00003631 0.00098982 0.00021893 0.00005404 0.00033281 0.00032699 0.00011491  1.00000000
344.0  0.98349173 0.01437658 0.00003904 0.00021331 0.00084041 0.00022584 0.00004256 0.00029018 0.00037049 0.00010987  1.00000000
344.5  0.98264196 0.01505271 0.00005240 0.00011317 0.00101006 0.00025509 0.00002022 0.00028462 0.00046457 0.00010522  1.00000000
345.0  0.98286933 0.01477861 0.00004073 0.00006317 0.00105708 0.00023621 0.00001255 0.00030196 0.00054263 0.00009773  1.00000000
345.5  0.98307986 0.01462846 0.00003572 0.00006541 0.00106638 0.00020697 0.00001397 0.00030142 0.00052322 0.00007859  1.00000000
346.0  0.98252282 0.01515765 0.00003603 0.00005542 0.00111579 0.00025969 0.00015585 0.00026380 0.00037870 0.00005425  1.00000000
346.5  0.98326270 0.01440132 0.00003042 0.00005301 0.00111108 0.00025397 0.00026152 0.00011330 0.00047197 0.00004071  1.00000000
347.0  0.98244674 0.01526609 0.00002818 0.00004685 0.00109761 0.00016525 0.00041329 0.00007610 0.00041421 0.00004567  1.00000000
347.5  0.98321762 0.01451206 0.00002506 0.00004392 0.00107507 0.00013801 0.00047313 0.00005338 0.00042222 0.00003952  1.00000000
348.0  0.98269754 0.01498082 0.00002465 0.00004370 0.00111701 0.00021522 0.00042146 0.00003783 0.00042458 0.00003720  1.00000000
348.5  0.98256882 0.01501622 0.00002259 0.00003990 0.00121771 0.00037152 0.00022243 0.00009772 0.00039415 0.00004892  1.00000000
349.0  0.98311097 0.01441330 0.00002537 0.00004173 0.00125460 0.00042853 0.00015036 0.00010514 0.00041452 0.00005547  1.00000000
349.5  0.98180787 0.01577481 0.00002424 0.00003711 0.00120202 0.00043036 0.00010970 0.00015106 0.00042039 0.00004243  1.00000000
350.0  0.98408580 0.01361580 0.00001947 0.00004227 0.00110096 0.00040164 0.00010169 0.00015529 0.00044126 0.00003582  1.00000000
350.5  0.98123685 0.01650836 0.00002961 0.00003676 0.00100742 0.00035343 0.00010867 0.00027676 0.00040677 0.00003538  1.00000000
351.0  0.98464210 0.01297633 0.00002337 0.00003042 0.00103057 0.00036418 0.00013008 0.00028826 0.00044973 0.00006498  1.00000000
351.5  0.98063688 0.01691695 0.00002109 0.00002578 0.00113768 0.00036390 0.00011124 0.00027354 0.00045764 0.00005530  1.00000000
352.0  0.98475914 0.01285970 0.00002400 0.00001758 0.00124527 0.00029008 0.00010663 0.00025929 0.00041078 0.00002754  1.00000000
352.5  0.98079601 0.01676187 0.00002019 0.00004181 0.00121306 0.00030494 0.00013239 0.00030052 0.00039554 0.00003368  1.00000000
353.0  0.98411211 0.01337556 0.00001985 0.00002490 0.00121634 0.00034607 0.00016358 0.00028958 0.00041098 0.00004104  1.00000000
353.5  0.98163257 0.01606924 0.00002086 0.00002324 0.00113323 0.00028677 0.00016005 0.00024255 0.00040275 0.00002875  1.00000000
354.0  0.98354068 0.01423213 0.00002292 0.00003353 0.00116463 0.00023816 0.00015914 0.00024827 0.00032802 0.00003251  1.00000000
354.5  0.98234279 0.01517588 0.00002077 0.00001822 0.00121055 0.00028253 0.00026025 0.00028794 0.00035010 0.00005096  1.00000000
355.0  0.98247376 0.01495820 0.00002390 0.00002242 0.00126935 0.00023967 0.00024103 0.00029147 0.00044081 0.00003940  1.00000000
355.5  0.98307602 0.01451268 0.00001932 0.00002971 0.00125382 0.00019417 0.00022321 0.00023866 0.00042475 0.00002767  1.00000000
356.0  0.98219631 0.01533815 0.00002415 0.00001662 0.00121505 0.00021161 0.00032877 0.00026872 0.00035018 0.00005044  1.00000000
356.5  0.98307446 0.01434586 0.00002165 0.00002041 0.00120486 0.00016889 0.00038634 0.00031804 0.00040838 0.00005111  1.00000000
357.0  0.98223946 0.01522492 0.00002382 0.00002905 0.00117241 0.00009050 0.00034668 0.00028064 0.00052595 0.00006656  1.00000000
357.5  0.98288397 0.01461039 0.00002000 0.00001229 0.00124451 0.00004896 0.00042367 0.00021968 0.00047598 0.00006054  1.00000000
358.0  0.98265246 0.01476813 0.00001880 0.00003560 0.00122553 0.00001371 0.00055316 0.00029501 0.00038477 0.00005282  1.00000000
358.5  0.98227457 0.01512376 0.00001798 0.00001470 0.00126784 0.00001743 0.00043080 0.00033646 0.00046728 0.00004917  1.00000000
359.0  0.98314431 0.01423472 0.00001557 0.00004279 0.00124316 0.00003197 0.00040731 0.00023379 0.00060328 0.00004310  1.00000000
359.5  0.98179025 0.01556920 0.00001425 0.00000616 0.00129787 0.00007528 0.00049426 0.00018059 0.00053263 0.00003951  1.00000000
360.0  0.98344687 0.01397640 0.00002123 0.00005610 0.00123258 0.00008250 0.00048893 0.00022456 0.00043159 0.00003922  1.00000000
360.5  0.98172837 0.01568293 0.00002062 0.00000490 0.00130364 0.00011344 0.00038050 0.00057479 0.00014714 0.00004367  1.00000000
361.0  0.98339268 0.01423815 0.00002342 0.00001824 0.00120864 0.00012839 0.00051300 0.00004439 0.00038933 0.00004376  1.00000000
361.5  0.98237487 0.01511097 0.00002278 0.00000356 0.00117828 0.00016331 0.00044619 0.00005475 0.00060146 0.00004383  1.00000000
362.0  0.98218626 0.01509880 0.00002238 0.00002468 0.00115266 0.00018882 0.00050713 0.00010491 0.00066962 0.00004473  1.00000000
362.5  0.98340562 0.01405056 0.00002254 0.00000616 0.00118688 0.00021389 0.00040490 0.00004128 0.00064456 0.00002361  1.00000000
363.0  0.98127268 0.01631683 0.00002271 0.00001633 0.00119645 0.00021993 0.00046378 0.00000714 0.00045033 0.00003382  1.00000000
363.5  0.98457586 0.01286588 0.00001935 0.00001877 0.00118194 0.00024224 0.00039623 0.00006553 0.00057970 0.00005450  1.00000000
364.0  0.98004396 0.01725723 0.00002117 0.00000835 0.00120233 0.00031373 0.00040473 0.00003822 0.00068407 0.00002619  1.00000000
364.5  0.98511481 0.01234724 0.00002054 0.00002572 0.00116143 0.00031237 0.00027778 0.00007037 0.00064743 0.00002232  1.00000000
365.0  0.98024543 0.01732572 0.00001743 0.00001313 0.00116792 0.00033961 0.00015059 0.00019345 0.00052001 0.00002671  1.00000000
365.5  0.98472627 0.01268944 0.00002285 0.00001697 0.00119092 0.00042922 0.00007772 0.00021310 0.00056964 0.00006389  1.00000000
366.0  0.98072067 0.01667091 0.00002219 0.00001263 0.00118270 0.00049234 0.00002611 0.00017656 0.00066294 0.00003295  1.00000000
366.5  0.98383699 0.01358631 0.00002366 0.00003200 0.00120125 0.00041108 0.00002486 0.00023630 0.00063403 0.00001353  1.00000000
367.0  0.98177575 0.01567565 0.00002365 0.00001594 0.00116488 0.00037099 0.00005500 0.00031809 0.00057245 0.00002759  1.00000000
367.5  0.98297580 0.01441128 0.00002854 0.00001481 0.00113567 0.00045012 0.00010399 0.00028431 0.00056600 0.00002949  1.00000000
368.0  0.98249706 0.01495536 0.00002321 0.00000780 0.00110985 0.00039376 0.00007094 0.00028398 0.00065426 0.00000378  1.00000000
368.5  0.98263636 0.01493114 0.00003165 0.00000999 0.00113990 0.00030956 0.00008191 0.00029978 0.00055616 0.00000356  1.00000000
369.0  0.98291781 0.01458439 0.00002562 0.00000709 0.00108801 0.00039775 0.00010336 0.00044349 0.00042890 0.00000357  1.00000000
369.5  0.98252585 0.01507095 0.00002952 0.00000790 0.00104691 0.00041153 0.00010337 0.00050359 0.00029972 0.00000066  1.00000000
370.0  0.98297452 0.01461705 0.00002748 0.00000396 0.00107790 0.00033420 0.00012032 0.00057266 0.00026164 0.00001027  1.00000000
370.5  0.98263906 0.01487941 0.00003037 0.00000166 0.00111637 0.00034965 0.00010348 0.00060297 0.00026748 0.00000954  1.00000000
371.0  0.98259404 0.01492228 0.00003048 0.00000329 0.00108877 0.00035892 0.00015143 0.00058636 0.00025333 0.00001109  1.00000000
371.5  0.98300335 0.01451650 0.00003148 0.00000028 0.00109504 0.00039452 0.00012610 0.00056280 0.00025901 0.00001092  1.00000000
372.0  0.98222125 0.01538133 0.00002976 0.00003820 0.00099493 0.00036042 0.00014866 0.00058911 0.00020942 0.00002692  1.00000000
372.5  0.98363021 0.01393387 0.00004139 0.00012689 0.00089066 0.00037260 0.00014319 0.00061213 0.00022707 0.00002199  1.00000000
373.0  0.98157682 0.01602582 0.00002037 0.00000277 0.00095931 0.00036257 0.00017029 0.00063190 0.00024429 0.00000587  1.00000000
373.5  0.98441001 0.01327670 0.00002380 0.00001360 0.00088749 0.00036195 0.00015593 0.00062237 0.00023640 0.00001174  1.00000000
374.0  0.98093102 0.01671702 0.00003375 0.00000792 0.00085956 0.00036279 0.00017212 0.00064553 0.00026163 0.00000867  1.00000000
374.5  0.98494922 0.01263137 0.00003266 0.00000397 0.00091614 0.00033991 0.00018475 0.00066223 0.00027747 0.00000229  1.00000000
375.0  0.98019721 0.01729764 0.00003926 0.00000431 0.00096000 0.00033765 0.00018378 0.00066506 0.00031490 0.00000018  1.00000000
375.5  0.98514857 0.01236501 0.00003287 0.00000479 0.00094881 0.00035310 0.00019911 0.00067614 0.00027135 0.00000025  1.00000000
376.0  0.98029088 0.01730565 0.00003532 0.00000499 0.00094175 0.00031378 0.00018515 0.00070957 0.00021262 0.00000030  1.00000000
376.5  0.98481512 0.01273177 0.00003622 0.00000536 0.00095846 0.00030968 0.00024355 0.00072107 0.00017820 0.00000056  1.00000000
377.0  0.98082520 0.01662082 0.00003514 0.00001183 0.00097353 0.00032559 0.00022767 0.00081416 0.00016403 0.00000203  1.00000000
377.5  0.98388900 0.01371179 0.00003037 0.00000484 0.00093674 0.00031640 0.00026013 0.00072596 0.00011924 0.00000552  1.00000000
378.0  0.98221967 0.01542746 0.00003612 0.00001444 0.00099734 0.00026287 0.00022763 0.00065601 0.00015446 0.00000400  1.00000000
378.5  0.98258607 0.01491939 0.00003231 0.00000659 0.00098886 0.00035057 0.00026565 0.00065463 0.00019113 0.00000481  1.00000000
379.0  0.98312897 0.01424577 0.00003294 0.00000990 0.00100402 0.00040552 0.00020942 0.00068764 0.00026752 0.00000829  1.00000000
379.5  0.98177484 0.01578153 0.00003655 0.00000215 0.00101089 0.00032325 0.00018451 0.00058632 0.00029079 0.00000916  1.00000000
380.0  0.98399291 0.01359883 0.00003609 0.00000152 0.00103315 0.00028747 0.00023872 0.00048501 0.00032150 0.00000479  1.00000000
380.5  0.98140233 0.01609055 0.00003004 0.00000007 0.00103834 0.00030924 0.00030249 0.00048998 0.00032872 0.00000825  1.00000000
381.0  0.98406062 0.01353455 0.00003491 0.00000136 0.00093147 0.00030657 0.00022645 0.00055833 0.00033704 0.00000870  1.00000000
381.5  0.98176651 0.01587580 0.00002947 0.00000282 0.00093714 0.00026955 0.00023377 0.00052504 0.00035201 0.00000788  1.00000000
382.0  0.98363952 0.01399832 0.00003464 0.00000164 0.00093607 0.00027968 0.00028515 0.00044374 0.00035452 0.00002670  1.00000000
382.5  0.98232080 0.01535429 0.00002538 0.00000012 0.00090647 0.00031257 0.00025024 0.00043911 0.00036258 0.00002843  1.00000000
383.0  0.98312346 0.01458181 0.00003410 0.00000340 0.00088394 0.00029337 0.00019772 0.00048202 0.00036673 0.00003344  1.00000000
383.5  0.98287017 0.01481805 0.00002484 0.00000293 0.00087647 0.00029741 0.00024049 0.00049868 0.00034818 0.00002279  1.00000000
384.0  0.98264677 0.01507547 0.00002658 0.00000246 0.00086606 0.00033144 0.00024683 0.00044439 0.00033805 0.00002194  1.00000000
384.5  0.98335772 0.01452768 0.00002631 0.00000897 0.00080403 0.00033365 0.00016195 0.00041815 0.00034646 0.00001508  1.00000000
385.0  0.98263561 0.01521009 0.00002142 0.00000508 0.00080014 0.00031445 0.00017812 0.00048577 0.00032577 0.00002355  1.00000000
385.5  0.98313315 0.01461902 0.00002167 0.00000294 0.00080949 0.00040571 0.00019031 0.00049933 0.00029998 0.00001840  1.00000000
386.0  0.98306533 0.01482077 0.00002209 0.00000662 0.00073131 0.00036357 0.00015745 0.00055650 0.00026137 0.00001499  1.00000000
386.5  0.98252946 0.01530837 0.00002308 0.00000219 0.00080203 0.00032598 0.00011734 0.00059459 0.00027820 0.00001877  1.00000000
387.0  0.98381798 0.01396516 0.00001515 0.00000945 0.00080109 0.00029562 0.00023110 0.00058145 0.00026648 0.00001652  1.00000000
387.5  0.98138257 0.01637581 0.00002298 0.00000815 0.00085666 0.00028204 0.00025274 0.00059947 0.00020106 0.00001853  1.00000000
388.0  0.98478476 0.01294410 0.00002671 0.00000907 0.00089362 0.00019578 0.00039687 0.00050024 0.00023216 0.00001668  1.00000000
388.5  0.98030229 0.01730950 0.00002032 0.00000066 0.00088103 0.00020654 0.00026209 0.00077177 0.00020962 0.00003616  1.00000000
389.0  0.98516230 0.01235460 0.00001405 0.00005505 0.00076623 0.00020440 0.00026760 0.00090257 0.00023357 0.00003963  1.00000000
389.5  0.98027713 0.01757363 0.00001865 0.00012338 0.00053626 0.00023333 0.00069289 0.00032180 0.00019925 0.00002369  1.00000000
390.0  0.98532118 0.01261932 0.00001290 0.00001276 0.00065020 0.00021666 0.00073514 0.00023359 0.00019315 0.00000510  1.00000000
390.5  0.98102749 0.01682537 0.00001384 0.00003979 0.00062695 0.00021669 0.00085040 0.00019683 0.00017975 0.00002288  1.00000000
391.0  0.98414110 0.01369687 0.00001505 0.00001120 0.00058938 0.00021198 0.00093204 0.00014050 0.00023772 0.00002415  1.00000000
391.5  0.98236706 0.01553869 0.00001521 0.00001085 0.00055259 0.00022232 0.00094188 0.00013743 0.00019328 0.00002069  1.00000000
392.0  0.98287327 0.01505160 0.00001699 0.00000922 0.00058064 0.00022505 0.00092562 0.00011698 0.00019117 0.00000946  1.00000000
392.5  0.98358153 0.01428238 0.00001536 0.00001039 0.00065087 0.00017741 0.00098711 0.00011607 0.00017834 0.00000053  1.00000000
393.0  0.98187970 0.01593493 0.00001674 0.00001087 0.00067702 0.00022372 0.00095096 0.00007179 0.00023274 0.00000153  1.00000000
393.5  0.98414178 0.01365560 0.00001547 0.00001303 0.00069301 0.00022333 0.00095163 0.00008758 0.00019225 0.00002634  1.00000000
394.0  0.98167497 0.01616908 0.00001864 0.00001374 0.00066926 0.00021407 0.00093973 0.00007210 0.00020170 0.00002671  1.00000000
394.5  0.98418046 0.01366070 0.00001788 0.00001252 0.00065820 0.00018732 0.00099818 0.00008825 0.00018061 0.00001587  1.00000000
395.0  0.98194891 0.01586427 0.00002463 0.00001171 0.00067556 0.00024344 0.00094487 0.00006502 0.00020945 0.00001216  1.00000000
395.5  0.98379140 0.01405611 0.00002066 0.00001064 0.00070351 0.00024369 0.00089254 0.00008118 0.00018679 0.00001348  1.00000000
396.0  0.98255364 0.01529643 0.00002465 0.00001650 0.00072411 0.00020500 0.00090465 0.00005658 0.00018806 0.00003039  1.00000000
396.5  0.98306432 0.01472218 0.00002756 0.00001313 0.00071709 0.00031931 0.00086060 0.00006983 0.00016934 0.00003664  1.00000000
397.0  0.98316436 0.01458074 0.00002691 0.00003143 0.00072469 0.00014021 0.00104969 0.00008174 0.00016054 0.00003968  1.00000000
397.5  0.98238584 0.01535343 0.00002958 0.00013425 0.00061237 0.00038131 0.00085834 0.00010111 0.00013506 0.00000869  1.00000000
398.0  0.98386932 0.01387794 0.00003010 0.00001507 0.00072543 0.00028779 0.00096981 0.00006535 0.00015771 0.00000148  1.00000000
398.5  0.98169638 0.01600486 0.00002949 0.00000855 0.00077890 0.00035247 0.00088766 0.00009623 0.00013786 0.00000761  1.00000000
399.0  0.98428949 0.01334034 0.00002721 0.00001030 0.00080372 0.00032433 0.00084703 0.00014070 0.00019264 0.00002424  1.00000000
399.5  0.98123076 0.01639437 0.00002695 0.00000590 0.00079924 0.00031046 0.00087534 0.00020919 0.00011554 0.00003224  1.00000000
400.0  0.98453017 0.01311275 0.00002791 0.00001461 0.00078380 0.00033395 0.00081619 0.00017593 0.00018582 0.00001886  1.00000000
400.5  0.98117328 0.01646073 0.00002870 0.00001864 0.00072679 0.00035433 0.00091004 0.00017705 0.00014363 0.00000680  1.00000000
401.0  0.98440656 0.01333061 0.00002853 0.00002734 0.00071454 0.00035428 0.00026933 0.00062640 0.00023081 0.00001161  1.00000000
401.5  0.98178526 0.01591718 0.00003039 0.00002446 0.00083166 0.00024388 0.00018546 0.00081982 0.00012193 0.00003996  1.00000000
402.0  0.98337365 0.01420646 0.00002990 0.00003237 0.00087772 0.00029508 0.00001262 0.00093048 0.00020140 0.00004033  1.00000000
402.5  0.98266485 0.01485928 0.00003189 0.00001220 0.00087041 0.00025450 0.00049234 0.00064375 0.00014419 0.00002658  1.00000000
403.0  0.98197671 0.01550301 0.00003007 0.00002863 0.00086511 0.00025415 0.00094169 0.00030818 0.00006802 0.00002443  1.00000000
403.5  0.98411592 0.01363452 0.00003364 0.00002145 0.00084075 0.00013188 0.00090350 0.00025979 0.00001751 0.00004103  1.00000000
404.0  0.98112785 0.01665209 0.00002765 0.00001561 0.00086594 0.00021957 0.00085033 0.00018559 0.00000073 0.00005464  1.00000000
404.5  0.98466089 0.01279145 0.00003057 0.00001682 0.00088149 0.00020752 0.00115234 0.00019322 0.00001502 0.00005069  1.00000000
405.0  0.98045729 0.01713362 0.00003077 0.00002353 0.00082087 0.00024954 0.00108924 0.00013297 0.00005006 0.00001212  1.00000000
405.5  0.98526871 0.01262986 0.00003087 0.00001331 0.00083752 0.00016652 0.00087187 0.00008187 0.00008623 0.00001324  1.00000000
406.0  0.98087707 0.01680631 0.00003092 0.00002622 0.00090943 0.00021240 0.00096428 0.00004741 0.00011653 0.00000942  1.00000000
406.5  0.98422801 0.01305181 0.00002929 0.00001524 0.00096504 0.00018575 0.00129609 0.00004425 0.00017867 0.00000585  1.00000000
407.0  0.98146101 0.01606996 0.00003478 0.00002108 0.00092893 0.00028315 0.00096226 0.00003554 0.00019291 0.00001039  1.00000000
407.5  0.98393823 0.01374477 0.00003273 0.00001163 0.00097673 0.00020741 0.00090891 0.00002013 0.00015427 0.00000519  1.00000000
408.0  0.98210124 0.01531464 0.00004168 0.00001487 0.00089594 0.00035029 0.00110089 0.00001920 0.00015238 0.00000887  1.00000000
408.5  0.98300579 0.01441424 0.00003917 0.00000805 0.00087243 0.00018006 0.00123078 0.00002169 0.00020816 0.00001962  1.00000000
409.0  0.98282528 0.01476953 0.00004731 0.00000500 0.00094836 0.00036487 0.00075100 0.00001568 0.00025544 0.00001753  1.00000000
409.5  0.98280328 0.01470349 0.00004444 0.00000217 0.00097765 0.00014192 0.00110531 0.00001273 0.00019797 0.00001104  1.00000000
410.0  0.98276461 0.01466004 0.00005071 0.00000608 0.00099439 0.00037593 0.00098647 0.00000856 0.00014474 0.00000848  1.00000000
410.5  0.98270461 0.01467823 0.00004635 0.00000246 0.00100706 0.00036911 0.00097034 0.00000951 0.00020440 0.00000793  1.00000000
411.0  0.98230496 0.01494642 0.00004631 0.00000438 0.00103928 0.00050004 0.00087911 0.00000646 0.00026702 0.00000602  1.00000000
411.5  0.98318379 0.01414486 0.00005137 0.00000404 0.00105884 0.00025233 0.00107351 0.00000282 0.00022181 0.00000663  1.00000000
412.0  0.98192552 0.01568904 0.00004185 0.00000422 0.00099838 0.00022771 0.00092610 0.00000252 0.00017359 0.00001106  1.00000000
412.5  0.98420177 0.01331905 0.00005393 0.00000474 0.00095434 0.00024412 0.00098531 0.00000569 0.00021946 0.00001158  1.00000000
413.0  0.98075173 0.01651080 0.00004420 0.00000523 0.00095877 0.00047986 0.00096914 0.00000837 0.00025873 0.00001316  1.00000000
413.5  0.98470083 0.01256696 0.00006031 0.00000253 0.00098506 0.00034519 0.00109410 0.00002475 0.00020681 0.00001345  1.00000000
414.0  0.98043060 0.01697372 0.00004418 0.00000089 0.00101966 0.00035559 0.00095248 0.00005618 0.00014706 0.00001965  1.00000000
414.5  0.98476241 0.01256199 0.00006130 0.00001382 0.00109569 0.00017967 0.00101195 0.00012679 0.00015499 0.00003141  1.00000000
415.0  0.98076234 0.01653912 0.00004942 0.00002029 0.00108084 0.00037067 0.00079466 0.00021699 0.00012877 0.00003689  1.00000000
415.5  0.98366487 0.01350122 0.00006392 0.00004629 0.00104499 0.00038276 0.00053753 0.00069621 0.00002796 0.00003424  1.00000000
416.0  0.98205165 0.01519846 0.00003306 0.00000653 0.00104754 0.00020313 0.00070872 0.00071095 0.00000933 0.00003063  1.00000000
416.5  0.98231841 0.01497850 0.00005498 0.00000694 0.00101148 0.00023302 0.00029035 0.00094068 0.00013820 0.00002744  1.00000000
417.0  0.98357824 0.01378513 0.00005496 0.00000474 0.00103859 0.00019890 0.00000574 0.00116606 0.00013719 0.00003044  1.00000000
417.5  0.98119595 0.01616474 0.00005284 0.00000787 0.00097207 0.00025003 0.00055810 0.00057020 0.00020368 0.00002452  1.00000000
418.0  0.98433376 0.01302907 0.00005758 0.00000572 0.00097111 0.00028993 0.00055794 0.00051408 0.00022165 0.00001915  1.00000000
418.5  0.98073722 0.01658521 0.00004976 0.00000464 0.00094238 0.00018930 0.00075067 0.00050260 0.00019035 0.00004787  1.00000000
419.0  0.98438398 0.01297448 0.00005869 0.00000331 0.00096040 0.00031750 0.00060168 0.00047736 0.00015790 0.00006469  1.00000000
419.5  0.98104031 0.01628937 0.00005150 0.00000176 0.00099918 0.00002307 0.00084720 0.00052063 0.00017681 0.00005014  1.00000000
420.0  0.98386469 0.01338244 0.00005691 0.00000790 0.00098966 0.00035761 0.00063068 0.00051269 0.00017582 0.00002160  1.00000000
420.5  0.98171617 0.01567470 0.00005662 0.00001546 0.00089874 0.00024077 0.00071109 0.00048556 0.00016307 0.00003782  1.00000000
421.0  0.98339724 0.01397696 0.00006223 0.00001255 0.00089837 0.00025543 0.00065575 0.00051623 0.00014654 0.00007871  1.00000000
421.5  0.98227296 0.01510785 0.00005094 0.00001534 0.00093147 0.00021983 0.00067667 0.00053149 0.00013696 0.00005649  1.00000000
422.0  0.98287333 0.01448832 0.00006692 0.00001276 0.00085967 0.00031620 0.00070451 0.00050168 0.00014882 0.00002779  1.00000000
422.5  0.98280261 0.01458978 0.00006556 0.00002637 0.00086748 0.00035502 0.00070839 0.00044275 0.00013400 0.00000804  1.00000000
423.0  0.98247045 0.01489445 0.00006283 0.00001402 0.00082790 0.00036569 0.00066703 0.00053976 0.00012928 0.00002859  1.00000000
423.5  0.98296042 0.01437113 0.00007856 0.00001085 0.00080627 0.00031196 0.00070293 0.00056584 0.00013689 0.00005515  1.00000000
424.0  0.98238871 0.01493190 0.00007482 0.00000447 0.00082210 0.00033340 0.00077128 0.00048099 0.00014513 0.00004721  1.00000000
424.5  0.98301227 0.01439050 0.00007903 0.00000604 0.00079705 0.00034896 0.00073859 0.00042767 0.00017448 0.00002540  1.00000000
425.0  0.98245815 0.01479666 0.00007836 0.00000955 0.00088263 0.00040071 0.00069085 0.00045714 0.00021872 0.00000723  1.00000000
425.5  0.98223935 0.01482566 0.00007789 0.00000342 0.00090889 0.00037161 0.00079240 0.00043982 0.00030911 0.00003185  1.00000000
426.0  0.98297806 0.01419207 0.00007504 0.00000856 0.00090778 0.00035374 0.00075282 0.00031970 0.00033788 0.00007436  1.00000000
426.5  0.98178637 0.01552608 0.00007788 0.00000720 0.00086060 0.00032071 0.00069888 0.00022150 0.00042701 0.00007376  1.00000000
427.0  0.98374292 0.01345278 0.00008606 0.00002709 0.00082826 0.00036411 0.00066389 0.00011858 0.00069140 0.00002491  1.00000000
427.5  0.98076690 0.01629455 0.00009241 0.00001235 0.00083381 0.00039811 0.00071242 0.00006308 0.00080926 0.00001711  1.00000000
428.0  0.98445260 0.01271820 0.00012782 0.00007065 0.00078557 0.00037266 0.00062324 0.00005545 0.00077260 0.00002121  1.00000000
428.5  0.98061064 0.01680988 0.00009856 0.00001454 0.00070870 0.00035588 0.00055550 0.00005289 0.00075851 0.00003490  1.00000000
429.0  0.98471332 0.01251150 0.00010847 0.00004604 0.00069704 0.00035245 0.00056599 0.00010924 0.00086580 0.00003016  1.00000000
429.5  0.98034613 0.01672353 0.00010277 0.00002060 0.00080714 0.00043041 0.00053226 0.00012879 0.00088406 0.00002432  1.00000000
430.0  0.98431587 0.01280749 0.00010286 0.00003093 0.00085176 0.00041535 0.00054809 0.00013559 0.00077091 0.00002115  1.00000000
430.5  0.98108699 0.01609125 0.00008667 0.00002492 0.00085116 0.00040353 0.00051767 0.00018693 0.00072925 0.00002163  1.00000000
431.0  0.98366427 0.01351163 0.00009375 0.00002975 0.00077371 0.00033570 0.00056538 0.00025955 0.00073545 0.00003082  1.00000000
431.5  0.98197830 0.01526324 0.00009077 0.00003365 0.00072316 0.00036519 0.00056007 0.00027179 0.00067053 0.00004331  1.00000000
432.0  0.98300579 0.01427974 0.00008629 0.00004064 0.00071563 0.00036351 0.00059966 0.00027273 0.00060045 0.00003555  1.00000000
432.5  0.98269007 0.01451467 0.00008435 0.00004506 0.00075309 0.00041353 0.00059860 0.00033611 0.00052680 0.00003772  1.00000000
433.0  0.98237516 0.01477608 0.00009162 0.00004185 0.00076986 0.00032844 0.00067111 0.00040480 0.00049640 0.00004466  1.00000000
433.5  0.98297683 0.01417967 0.00008678 0.00003805 0.00078685 0.00038084 0.00061914 0.00043594 0.00045166 0.00004423  1.00000000
434.0  0.98237100 0.01482935 0.00008199 0.00005899 0.00078473 0.00030096 0.00069305 0.00042250 0.00040837 0.00004906  1.00000000
434.5  0.98287094 0.01426018 0.00009019 0.00006083 0.00078696 0.00042408 0.00059059 0.00048898 0.00038022 0.00004704  1.00000000
435.0  0.98243586 0.01454346 0.00008190 0.00006914 0.00081357 0.00031385 0.00068007 0.00056254 0.00039520 0.00010441  1.00000000
435.5  0.98237039 0.01465703 0.00009304 0.00007002 0.00080754 0.00037749 0.00055935 0.00053608 0.00042853 0.00010053  1.00000000
436.0  0.98294103 0.01419414 0.00008655 0.00006110 0.00075807 0.00029926 0.00061979 0.00050720 0.00045010 0.00008276  1.00000000
436.5  0.98221261 0.01496749 0.00009491 0.00006064 0.00075630 0.00039137 0.00053377 0.00051149 0.00041850 0.00005295  1.00000000
437.0  0.98308167 0.01404653 0.00009005 0.00008540 0.00073475 0.00033185 0.00057569 0.00054491 0.00046716 0.00004199  1.00000000
437.5  0.98204202 0.01488253 0.00009431 0.00009698 0.00086743 0.00040055 0.00051436 0.00051877 0.00050468 0.00007837  1.00000000
438.0  0.98252643 0.01430305 0.00009043 0.00009018 0.00100294 0.00035785 0.00056969 0.00045110 0.00052404 0.00008430  1.00000000
438.5  0.98248540 0.01439297 0.00008866 0.00007251 0.00099011 0.00041414 0.00050442 0.00048405 0.00050555 0.00006219  1.00000000
439.0  0.98190623 0.01500645 0.00009451 0.00007152 0.00099223 0.00037266 0.00056444 0.00041180 0.00052203 0.00005813  1.00000000
439.5  0.98333116 0.01362082 0.00009101 0.00008246 0.00090818 0.00045536 0.00048028 0.00038118 0.00056772 0.00008183  1.00000000
440.0  0.98127819 0.01576544 0.00009303 0.00008300 0.00089022 0.00023426 0.00078573 0.00022706 0.00055786 0.00008521  1.00000000
440.5  0.98406961 0.01297309 0.00008344 0.00009169 0.00089665 0.00061636 0.00042995 0.00014679 0.00061439 0.00007803  1.00000000
441.0  0.98068513 0.01618583 0.00009280 0.00009023 0.00107472 0.00025125 0.00089905 0.00002651 0.00061358 0.00008089  1.00000000
441.5  0.98399880 0.01288964 0.00008812 0.00009520 0.00103045 0.00047525 0.00072819 0.00006893 0.00054215 0.00008327  1.00000000
442.0  0.98078798 0.01611509 0.00009124 0.00008858 0.00104357 0.00033202 0.00073639 0.00033948 0.00035952 0.00010614  1.00000000
442.5  0.98391430 0.01332077 0.00008991 0.00025093 0.00072427 0.00028010 0.00031801 0.00077301 0.00022438 0.00010433  1.00000000
443.0  0.98162428 0.01541238 0.00008818 0.00037456 0.00072731 0.00029026 0.00018557 0.00104758 0.00014062 0.00010925  1.00000000
443.5  0.98274229 0.01411035 0.00008964 0.00034572 0.00077904 0.00017621 0.00054875 0.00099470 0.00009780 0.00011550  1.00000000
444.0  0.98215412 0.01465737 0.00007618 0.00031914 0.00082618 0.00023102 0.00034850 0.00114861 0.00008636 0.00015252  1.00000000
444.5  0.98210644 0.01482491 0.00008617 0.00034961 0.00080282 0.00013065 0.00059382 0.00087550 0.00010189 0.00012820  1.00000000
445.0  0.98288810 0.01409733 0.00007515 0.00036913 0.00079684 0.00011323 0.00028513 0.00110994 0.00013509 0.00013006  1.00000000
445.5  0.98165808 0.01517658 0.00009530 0.00037631 0.00084114 0.00008167 0.00063690 0.00081520 0.00021301 0.00010583  1.00000000
446.0  0.98278116 0.01396452 0.00008025 0.00042472 0.00076405 0.00012308 0.00053265 0.00102449 0.00021851 0.00008657  1.00000000
446.5  0.98161938 0.01511773 0.00009820 0.00044349 0.00074332 0.00010941 0.00060541 0.00087964 0.00026092 0.00012251  1.00000000
447.0  0.98272890 0.01414763 0.00008550 0.00046215 0.00067848 0.00013227 0.00045178 0.00085039 0.00028493 0.00017798  1.00000000
447.5  0.98216127 0.01477699 0.00010361 0.00045327 0.00059920 0.00009450 0.00050371 0.00079570 0.00032769 0.00018406  1.00000000
448.0  0.98234368 0.01451160 0.00009493 0.00049292 0.00056141 0.00010127 0.00055944 0.00088240 0.00033580 0.00011656  1.00000000
448.5  0.98244697 0.01439045 0.00010671 0.00055741 0.00048427 0.00012497 0.00061652 0.00082053 0.00035706 0.00009511  1.00000000
449.0  0.98208277 0.01488041 0.00009865 0.00055709 0.00045562 0.00020370 0.00047621 0.00076819 0.00036313 0.00011424  1.00000000
449.5  0.98281976 0.01411154 0.00010391 0.00061345 0.00043299 0.00022129 0.00036433 0.00078240 0.00035531 0.00019503  1.00000000
450.0  0.98161913 0.01508206 0.00010015 0.00069125 0.00045439 0.00022152 0.00037197 0.00082588 0.00038361 0.00025003  1.00000000
450.5  0.98280992 0.01398327 0.00010463 0.00062159 0.00038524 0.00026888 0.00046722 0.00077492 0.00040815 0.00017617  1.00000000
451.0  0.98175225 0.01500672 0.00011645 0.00061813 0.00042605 0.00037664 0.00040033 0.00077836 0.00039728 0.00012779  1.00000000
451.5  0.98269580 0.01415923 0.00011819 0.00063888 0.00043413 0.00053650 0.00018660 0.00076576 0.00034390 0.00012102  1.00000000
452.0  0.98206434 0.01482152 0.00011584 0.00058440 0.00038543 0.00058094 0.00009199 0.00080186 0.00037729 0.00017639  1.00000000
452.5  0.98224162 0.01450794 0.00010900 0.00062167 0.00041452 0.00063758 0.00008616 0.00081283 0.00036148 0.00020719  1.00000000
453.0  0.98233142 0.01438072 0.00011299 0.00061729 0.00044303 0.00065140 0.00010595 0.00085997 0.00031281 0.00018441  1.00000000
453.5  0.98189686 0.01500253 0.00011904 0.00061253 0.00036716 0.00069521 0.00009598 0.00082453 0.00029293 0.00009322  1.00000000
454.0  0.98300491 0.01386978 0.00013079 0.00060309 0.00039031 0.00066466 0.00004210 0.00092589 0.00029089 0.00007758  1.00000000
454.5  0.98143984 0.01542752 0.00014364 0.00056336 0.00037404 0.00060249 0.00048434 0.00055813 0.00026954 0.00013711  1.00000000
455.0  0.98369825 0.01358846 0.00014947 0.00068410 0.00007616 0.00051052 0.00043836 0.00044742 0.00023867 0.00016859  1.00000000
455.5  0.98147179 0.01564902 0.00018747 0.00073974 0.00005828 0.00029678 0.00051661 0.00050217 0.00044080 0.00013735  1.00000000
456.0  0.98387162 0.01349601 0.00016085 0.00070137 0.00006126 0.00022216 0.00061125 0.00032800 0.00038660 0.00016087  1.00000000
456.5  0.98191121 0.01555174 0.00016496 0.00060162 0.00009061 0.00016433 0.00048196 0.00041038 0.00047433 0.00014886  1.00000000
457.0  0.98336653 0.01378812 0.00016770 0.00053666 0.00006677 0.00018977 0.00075270 0.00044862 0.00053815 0.00014498  1.00000000
457.5  0.98188608 0.01517321 0.00016248 0.00051420 0.00009180 0.00016503 0.00078286 0.00064729 0.00041556 0.00016150  1.00000000
458.0  0.98311351 0.01423039 0.00015712 0.00062633 0.00005179 0.00014351 0.00070170 0.00059465 0.00022187 0.00015913  1.00000000
458.5  0.98246918 0.01481711 0.00015046 0.00062454 0.00010513 0.00016668 0.00080869 0.00052241 0.00016817 0.00016763  1.00000000
459.0  0.98241928 0.01458248 0.00015396 0.00066727 0.00003210 0.00016652 0.00094432 0.00073897 0.00014973 0.00014536  1.00000000
459.5  0.98255429 0.01465818 0.00015254 0.00058219 0.00007748 0.00018539 0.00081678 0.00080551 0.00007035 0.00009730  1.00000000
460.0  0.98280481 0.01469813 0.00015324 0.00059178 0.00005059 0.00014115 0.00076380 0.00068129 0.00003125 0.00008397  1.00000000
460.5  0.98262565 0.01475333 0.00014936 0.00056266 0.00006748 0.00015383 0.00094103 0.00060454 0.00003698 0.00010514  1.00000000
461.0  0.98251333 0.01451988 0.00015316 0.00063757 0.00004380 0.00011977 0.00096106 0.00082966 0.00004482 0.00017695  1.00000000
461.5  0.98215060 0.01501133 0.00014746 0.00062520 0.00006030 0.00016223 0.00073852 0.00085933 0.00006227 0.00018278  1.00000000
462.0  0.98300069 0.01423092 0.00016400 0.00066010 0.00004161 0.00013479 0.00086418 0.00070509 0.00006328 0.00013535  1.00000000
462.5  0.98186817 0.01523610 0.00015488 0.00064311 0.00004118 0.00018242 0.00098332 0.00069713 0.00006278 0.00013092  1.00000000
463.0  0.98289972 0.01411957 0.00015957 0.00066644 0.00005350 0.00013529 0.00082972 0.00085296 0.00006998 0.00021325  1.00000000
463.5  0.98174310 0.01523893 0.00016770 0.00062258 0.00004515 0.00018311 0.00073220 0.00087421 0.00008285 0.00031017  1.00000000
464.0  0.98255339 0.01427425 0.00015560 0.00063817 0.00004536 0.00009459 0.00095574 0.00087106 0.00010409 0.00030776  1.00000000
464.5  0.98194751 0.01494763 0.00015520 0.00065237 0.00005582 0.00013624 0.00081510 0.00084841 0.00010688 0.00033484  1.00000000
465.0  0.98218225 0.01473705 0.00015666 0.00065606 0.00005311 0.00012250 0.00072464 0.00091724 0.00011412 0.00033637  1.00000000
465.5  0.98225654 0.01450447 0.00015430 0.00061411 0.00006560 0.00020572 0.00084746 0.00092708 0.00016758 0.00025713  1.00000000
466.0  0.98161468 0.01515745 0.00013773 0.00061937 0.00006321 0.00014445 0.00091883 0.00085739 0.00019579 0.00029111  1.00000000
466.5  0.98272036 0.01416296 0.00014099 0.00064640 0.00007570 0.00013799 0.00069783 0.00087843 0.00020172 0.00033761  1.00000000
467.0  0.98158187 0.01535780 0.00012737 0.00065002 0.00005407 0.00009119 0.00073612 0.00088259 0.00022956 0.00028940  1.00000000
467.5  0.98262077 0.01414567 0.00015462 0.00063954 0.00006378 0.00016855 0.00080229 0.00089524 0.00028536 0.00022418  1.00000000
468.0  0.98145549 0.01523221 0.00014364 0.00064225 0.00005468 0.00017459 0.00069986 0.00091215 0.00036204 0.00032309  1.00000000
468.5  0.98248576 0.01435363 0.00014078 0.00060450 0.00005922 0.00021587 0.00050293 0.00089724 0.00039693 0.00034315  1.00000000
469.0  0.98197525 0.01493734 0.00014137 0.00059036 0.00004572 0.00012152 0.00044501 0.00097540 0.00052532 0.00024271  1.00000000
469.5  0.98220850 0.01455621 0.00013056 0.00061210 0.00005346 0.00012950 0.00044695 0.00097198 0.00059308 0.00029766  1.00000000
470.0  0.98192909 0.01469182 0.00014534 0.00063245 0.00004365 0.00003543 0.00055713 0.00080930 0.00073675 0.00041905  1.00000000
470.5  0.98209834 0.01469889 0.00014332 0.00061582 0.00005870 0.00022485 0.00039561 0.00052702 0.00092032 0.00031712  1.00000000
471.0  0.98219339 0.01463715 0.00015183 0.00065954 0.00005534 0.00009260 0.00041741 0.00051938 0.00102544 0.00024791  1.00000000
471.5  0.98202455 0.01472691 0.00013580 0.00058901 0.00010274 0.00011677 0.00065455 0.00013817 0.00120472 0.00030677  1.00000000
472.0  0.98208510 0.01472655 0.00015512 0.00055788 0.00009326 0.00009058 0.00058500 0.00007642 0.00135597 0.00027412  1.00000000
472.5  0.98235172 0.01458401 0.00013555 0.00054533 0.00008763 0.00007409 0.00044695 0.00002948 0.00150921 0.00023604  1.00000000
473.0  0.98192875 0.01489504 0.00014895 0.00051307 0.00007221 0.00005938 0.00042268 0.00004948 0.00164830 0.00026212  1.00000000
473.5  0.98228669 0.01448950 0.00012803 0.00049053 0.00007750 0.00013847 0.00031112 0.00012972 0.00168048 0.00026796  1.00000000
474.0  0.98184194 0.01508916 0.00012652 0.00048382 0.00009838 0.00007928 0.00032655 0.00021834 0.00148220 0.00025380  1.00000000
474.5  0.98258533 0.01439253 0.00012453 0.00051425 0.00010384 0.00013280 0.00021080 0.00033876 0.00135218 0.00024499  1.00000000
475.0  0.98168955 0.01509849 0.00012852 0.00051151 0.00010641 0.00007555 0.00019998 0.00050798 0.00116358 0.00051842  1.00000000
475.5  0.98226083 0.01440208 0.00013843 0.00050326 0.00010963 0.00007898 0.00016958 0.00067994 0.00104908 0.00060820  1.00000000
476.0  0.98165007 0.01502493 0.00013352 0.00051124 0.00010557 0.00014803 0.00020958 0.00080582 0.00081738 0.00059385  1.00000000
476.5  0.98218755 0.01457523 0.00013530 0.00046043 0.00010962 0.00015306 0.00019655 0.00096043 0.00063709 0.00058473  1.00000000
477.0  0.98189057 0.01481481 0.00012082 0.00048784 0.00010846 0.00013411 0.00015807 0.00111739 0.00058337 0.00058456  1.00000000
477.5  0.98193143 0.01473438 0.00012644 0.00052242 0.00011905 0.00007055 0.00017898 0.00122495 0.00053762 0.00055418  1.00000000
478.0  0.98213323 0.01467517 0.00011352 0.00045659 0.00011202 0.00008642 0.00017638 0.00132360 0.00040386 0.00051921  1.00000000
478.5  0.98183423 0.01485053 0.00011773 0.00045075 0.00013347 0.00012972 0.00018275 0.00137673 0.00029212 0.00063198  1.00000000
479.0  0.98196858 0.01460582 0.00011686 0.00047098 0.00015381 0.00017524 0.00016571 0.00140908 0.00028397 0.00064994  1.00000000
479.5  0.98184107 0.01484081 0.00012524 0.00036815 0.00017241 0.00012275 0.00018256 0.00140343 0.00029085 0.00065273  1.00000000
480.0  0.98205940 0.01467760 0.00012543 0.00041570 0.00018382 0.00008326 0.00016198 0.00143989 0.00023057 0.00062235  1.00000000
480.5  0.98213221 0.01468163 0.00012446 0.00041965 0.00018009 0.00007499 0.00017086 0.00145479 0.00015779 0.00060354  1.00000000
481.0  0.98199541 0.01484082 0.00012477 0.00034353 0.00017533 0.00013874 0.00014874 0.00142767 0.00013615 0.00066885  1.00000000
481.5  0.98209417 0.01456620 0.00012232 0.00037567 0.00017473 0.00013810 0.00015123 0.00147764 0.00015582 0.00074413  1.00000000
482.0  0.98173082 0.01493924 0.00012063 0.00041204 0.00015595 0.00011057 0.00014463 0.00149948 0.00015812 0.00072852  1.00000000
482.5  0.98236432 0.01448476 0.00011822 0.00041616 0.00015353 0.00009582 0.00013906 0.00146240 0.00014910 0.00061664  1.00000000
483.0  0.98182763 0.01495018 0.00012255 0.00049083 0.00010728 0.00010454 0.00011426 0.00141426 0.00024747 0.00062101  1.00000000
483.5  0.98192004 0.01455772 0.00012421 0.00050668 0.00008261 0.00012664 0.00010196 0.00122988 0.00053754 0.00081272  1.00000000
484.0  0.98168987 0.01477662 0.00012383 0.00048873 0.00005805 0.00011944 0.00009223 0.00080850 0.00094120 0.00090154  1.00000000
484.5  0.98180222 0.01477610 0.00011620 0.00052390 0.00006027 0.00012324 0.00006605 0.00051217 0.00114772 0.00087212  1.00000000
485.0  0.98196809 0.01461222 0.00010778 0.00054724 0.00006837 0.00009702 0.00004949 0.00044479 0.00122176 0.00088324  1.00000000
485.5  0.98156333 0.01494793 0.00010795 0.00057165 0.00003580 0.00011134 0.00005084 0.00036088 0.00136867 0.00088158  1.00000000
486.0  0.98211083 0.01440267 0.00009922 0.00052139 0.00002938 0.00010022 0.00004768 0.00025281 0.00153201 0.00090379  1.00000000
486.5  0.98131727 0.01514385 0.00010046 0.00060302 0.00003486 0.00011382 0.00004802 0.00017701 0.00151953 0.00094216  1.00000000
487.0  0.98221749 0.01430193 0.00010185 0.00060022 0.00003420 0.00010560 0.00004932 0.00019054 0.00146525 0.00093362  1.00000000
487.5  0.98138001 0.01514201 0.00010659 0.00051822 0.00002823 0.00011952 0.00005877 0.00014858 0.00156622 0.00093185  1.00000000
488.0  0.98208553 0.01447237 0.00010107 0.00050347 0.00003680 0.00011371 0.00006724 0.00007548 0.00168857 0.00085575  1.00000000
488.5  0.98167662 0.01500269 0.00009761 0.00048387 0.00004986 0.00010533 0.00007858 0.00003685 0.00168065 0.00078793  1.00000000
489.0  0.98209964 0.01462627 0.00009544 0.00047886 0.00006084 0.00010877 0.00007849 0.00003664 0.00163118 0.00078387  1.00000000
489.5  0.98188385 0.01477278 0.00008941 0.00052021 0.00006003 0.00012614 0.00008460 0.00004915 0.00163465 0.00077918  1.00000000
490.0  0.98177413 0.01484071 0.00009475 0.00048182 0.00005687 0.00013865 0.00013733 0.00005401 0.00163834 0.00078340  1.00000000
490.5  0.98196568 0.01468333 0.00008828 0.00046543 0.00004953 0.00011586 0.00014655 0.00005034 0.00160665 0.00082836  1.00000000
491.0  0.98177351 0.01483814 0.00009945 0.00048686 0.00005062 0.00009197 0.00012613 0.00005781 0.00154514 0.00093036  1.00000000
491.5  0.98171589 0.01478372 0.00007240 0.00048620 0.00004196 0.00010974 0.00017932 0.00012616 0.00151718 0.00096745  1.00000000
492.0  0.98184058 0.01463627 0.00009438 0.00051235 0.00004019 0.00012138 0.00019113 0.00018934 0.00150471 0.00086969  1.00000000
492.5  0.98168851 0.01490081 0.00006574 0.00049339 0.00003587 0.00012674 0.00012693 0.00019919 0.00148546 0.00087737  1.00000000
493.0  0.98184396 0.01450429 0.00007921 0.00043205 0.00003752 0.00014105 0.00009767 0.00023845 0.00146302 0.00116278  1.00000000
493.5  0.98119991 0.01504171 0.00005954 0.00043210 0.00004134 0.00009697 0.00018011 0.00036809 0.00139786 0.00118237  1.00000000
494.0  0.98193707 0.01447071 0.00007404 0.00043374 0.00005121 0.00011494 0.00015400 0.00046426 0.00129488 0.00100515  1.00000000
494.5  0.98173997 0.01491747 0.00006582 0.00046242 0.00006038 0.00006882 0.00013295 0.00051309 0.00118933 0.00084975  1.00000000
495.0  0.98191707 0.01463498 0.00007128 0.00044295 0.00005164 0.00014622 0.00022000 0.00054757 0.00107675 0.00089154  1.00000000
495.5  0.98179330 0.01460217 0.00006735 0.00043354 0.00006078 0.00009082 0.00046212 0.00056770 0.00096760 0.00095462  1.00000000
496.0  0.98139775 0.01507083 0.00006970 0.00044353 0.00005476 0.00012324 0.00061481 0.00039758 0.00084865 0.00097915  1.00000000
496.5  0.98251290 0.01419922 0.00006780 0.00038244 0.00004981 0.00005598 0.00065065 0.00042971 0.00075561 0.00089588  1.00000000
497.0  0.98119225 0.01544607 0.00006122 0.00040076 0.00006222 0.00009346 0.00080832 0.00046466 0.00061851 0.00085253  1.00000000
497.5  0.98276708 0.01389569 0.00004382 0.00039006 0.00006288 0.00012867 0.00096720 0.00053533 0.00043479 0.00077446  1.00000000
498.0  0.98103080 0.01568599 0.00005668 0.00031889 0.00007114 0.00002021 0.00112786 0.00063795 0.00016210 0.00088839  1.00000000
498.5  0.98291601 0.01375187 0.00006562 0.00030270 0.00006536 0.00051932 0.00064550 0.00074086 0.00005442 0.00093834  1.00000000
499.0  0.98102604 0.01551589 0.00005208 0.00031213 0.00008134 0.00026658 0.00094049 0.00066513 0.00015934 0.00098097  1.00000000
499.5  0.98260870 0.01394451 0.00005711 0.00029146 0.00008435 0.00040097 0.00110171 0.00036734 0.00021481 0.00092903  1.00000000
500.0  0.98145767 0.01521720 0.00005256 0.00028335 0.00004563 0.00034671 0.00085111 0.00065911 0.00022110 0.00086555  1.00000000
500.5  0.98237104 0.01417373 0.00005624 0.00025474 0.00004391 0.00042542 0.00074636 0.00079525 0.00027374 0.00085957  1.00000000
501.0  0.98175605 0.01477129 0.00005713 0.00024576 0.00006013 0.00035493 0.00075684 0.00076894 0.00038217 0.00084676  1.00000000
501.5  0.98219210 0.01444366 0.00005619 0.00028367 0.00007865 0.00039050 0.00058620 0.00070709 0.00043846 0.00082349  1.00000000
502.0  0.98207175 0.01452450 0.00005316 0.00030483 0.00007739 0.00031343 0.00067085 0.00070699 0.00039941 0.00087770  1.00000000
502.5  0.98203998 0.01446551 0.00004853 0.00032113 0.00007567 0.00038839 0.00059175 0.00071654 0.00045410 0.00089839  1.00000000
503.0  0.98205361 0.01444635 0.00004854 0.00035314 0.00004324 0.00038757 0.00058078 0.00061873 0.00057234 0.00089571  1.00000000
503.5  0.98214503 0.01448991 0.00004802 0.00036782 0.00004102 0.00045876 0.00048547 0.00053119 0.00060775 0.00082504  1.00000000
504.0  0.98210800 0.01471850 0.00005443 0.00038412 0.00003951 0.00036260 0.00054488 0.00053376 0.00056783 0.00068636  1.00000000
504.5  0.98266073 0.01415614 0.00004833 0.00039253 0.00006460 0.00029981 0.00053473 0.00052511 0.00065424 0.00066377  1.00000000
505.0  0.98174898 0.01494818 0.00004605 0.00039529 0.00005525 0.00027146 0.00061790 0.00042796 0.00082160 0.00066732  1.00000000
505.5  0.98278734 0.01380705 0.00004461 0.00035625 0.00008277 0.00039751 0.00054839 0.00036359 0.00088760 0.00072490  1.00000000
506.0  0.98136707 0.01532312 0.00004560 0.00034432 0.00006800 0.00039810 0.00055378 0.00034755 0.00083553 0.00071693  1.00000000
506.5  0.98331922 0.01349960 0.00004608 0.00031981 0.00008324 0.00035408 0.00059323 0.00029103 0.00087457 0.00061913  1.00000000
507.0  0.98117852 0.01560533 0.00004361 0.00033510 0.00007234 0.00025375 0.00064105 0.00021688 0.00102935 0.00062409  1.00000000
507.5  0.98344127 0.01336791 0.00003880 0.00035749 0.00007770 0.00029638 0.00049714 0.00019690 0.00110513 0.00062130  1.00000000
508.0  0.98124372 0.01554612 0.00004353 0.00036421 0.00007495 0.00033889 0.00054639 0.00020076 0.00100393 0.00063749  1.00000000
508.5  0.98307719 0.01360466 0.00004126 0.00038925 0.00011639 0.00036421 0.00062905 0.00015211 0.00097620 0.00064969  1.00000000
509.0  0.98140257 0.01518393 0.00004597 0.00037795 0.00011246 0.00026761 0.00061863 0.00012206 0.00112980 0.00073902  1.00000000
509.5  0.98250141 0.01424119 0.00004036 0.00036899 0.00011869 0.00028676 0.00044362 0.00016949 0.00113837 0.00069114  1.00000000
510.0  0.98226855 0.01450768 0.00004209 0.00036510 0.00010132 0.00023705 0.00060507 0.00015223 0.00100187 0.00071903  1.00000000
510.5  0.98168227 0.01504470 0.00003787 0.00040495 0.00006736 0.00025180 0.00062547 0.00016830 0.00092037 0.00079692  1.00000000
511.0  0.98276828 0.01384016 0.00003867 0.00041646 0.00007558 0.00023690 0.00048344 0.00024713 0.00112768 0.00076571  1.00000000
511.5  0.98109019 0.01552563 0.00004047 0.00040664 0.00010433 0.00026844 0.00038765 0.00034693 0.00114307 0.00068665  1.00000000
512.0  0.98321791 0.01359557 0.00004079 0.00034670 0.00014896 0.00022856 0.00047057 0.00030470 0.00101416 0.00063209  1.00000000
512.5  0.98099229 0.01570336 0.00004879 0.00037268 0.00014300 0.00024042 0.00040112 0.00016736 0.00118586 0.00074512  1.00000000
513.0  0.98287119 0.01366374 0.00004306 0.00033984 0.00015158 0.00021681 0.00036976 0.00015790 0.00134973 0.00083639  1.00000000
513.5  0.98127522 0.01531854 0.00005253 0.00033880 0.00013984 0.00023550 0.00047218 0.00021682 0.00119499 0.00075558  1.00000000
514.0  0.98265271 0.01412316 0.00004814 0.00036921 0.00015720 0.00030417 0.00054377 0.00016214 0.00107127 0.00056822  1.00000000
514.5  0.98187145 0.01485529 0.00006072 0.00034020 0.00013913 0.00026753 0.00051724 0.00023450 0.00107317 0.00064078  1.00000000
515.0  0.98202853 0.01447033 0.00005614 0.00032843 0.00014971 0.00028703 0.00055612 0.00028931 0.00101454 0.00081988  1.00000000
515.5  0.98194021 0.01452350 0.00006436 0.00038795 0.00012801 0.00024933 0.00056419 0.00023798 0.00102032 0.00088415  1.00000000
516.0  0.98195973 0.01457380 0.00007105 0.00033895 0.00010443 0.00030146 0.00060902 0.00015285 0.00098365 0.00090506  1.00000000
516.5  0.98184119 0.01465395 0.00006472 0.00037505 0.00010122 0.00030295 0.00061773 0.00022480 0.00099141 0.00082698  1.00000000
517.0  0.98206393 0.01421091 0.00007341 0.00040059 0.00013517 0.00028929 0.00059586 0.00023060 0.00096269 0.00103755  1.00000000
517.5  0.98113288 0.01519434 0.00006452 0.00037580 0.00016513 0.00025039 0.00056738 0.00015475 0.00096102 0.00113379  1.00000000
518.0  0.98261471 0.01366477 0.00007247 0.00035715 0.00017318 0.00025009 0.00063000 0.00014906 0.00103105 0.00105752  1.00000000
518.5  0.98060966 0.01580235 0.00006247 0.00034757 0.00016178 0.00027703 0.00060115 0.00019600 0.00107297 0.00086902  1.00000000
519.0  0.98325762 0.01327368 0.00007270 0.00039119 0.00012022 0.00027571 0.00056439 0.00018355 0.00097327 0.00088766  1.00000000
519.5  0.98054225 0.01599164 0.00006267 0.00036853 0.00014433 0.00025980 0.00056654 0.00016998 0.00096457 0.00092969  1.00000000
520.0  0.98300433 0.01341600 0.00007955 0.00039348 0.00015428 0.00028928 0.00055203 0.00023615 0.00081472 0.00106018  1.00000000
520.5  0.98133067 0.01547766 0.00007597 0.00039340 0.00019416 0.00029532 0.00043010 0.00026768 0.00075155 0.00078349  1.00000000
521.0  0.98267717 0.01422861 0.00008593 0.00033320 0.00018976 0.00025737 0.00036841 0.00034363 0.00076373 0.00075220  1.00000000
521.5  0.98235691 0.01449370 0.00009135 0.00037768 0.00018612 0.00024476 0.00042132 0.00040546 0.00072649 0.00069619  1.00000000
522.0  0.98171798 0.01529060 0.00009059 0.00039340 0.00018033 0.00024343 0.00033521 0.00051860 0.00069726 0.00053259  1.00000000
522.5  0.98358673 0.01347368 0.00009729 0.00036623 0.00016705 0.00031258 0.00028996 0.00056111 0.00065342 0.00049195  1.00000000
523.0  0.98104737 0.01608559 0.00008775 0.00035776 0.00018367 0.00026128 0.00028369 0.00067788 0.00059242 0.00042260  1.00000000
523.5  0.98414684 0.01293524 0.00010113 0.00035993 0.00024069 0.00019557 0.00040261 0.00062481 0.00056780 0.00042539  1.00000000
524.0  0.98072329 0.01642270 0.00009021 0.00034119 0.00026710 0.00016356 0.00052690 0.00055856 0.00057503 0.00033146  1.00000000
524.5  0.98418490 0.01296418 0.00010482 0.00032949 0.00026385 0.00024168 0.00057166 0.00060826 0.00043505 0.00029610  1.00000000
525.0  0.98104538 0.01606572 0.00010359 0.00027775 0.00029674 0.00022011 0.00070864 0.00065834 0.00030318 0.00032056  1.00000000
525.5  0.98365691 0.01339269 0.00008289 0.00029675 0.00025207 0.00039342 0.00053632 0.00074459 0.00023715 0.00040721  1.00000000
526.0  0.98148257 0.01557940 0.00010376 0.00030999 0.00025628 0.00012535 0.00076342 0.00080653 0.00011399 0.00045870  1.00000000
526.5  0.98323034 0.01393707 0.00012394 0.00039012 0.00026218 0.00011613 0.00065021 0.00082719 0.00002085 0.00044197  1.00000000
527.0  0.98199745 0.01508507 0.00010697 0.00035242 0.00030735 0.00013397 0.00065694 0.00097951 0.00000633 0.00037400  1.00000000
527.5  0.98266436 0.01446896 0.00012109 0.00034724 0.00029551 0.00017839 0.00076001 0.00078311 0.00000063 0.00038069  1.00000000
528.0  0.98253411 0.01465659 0.00010810 0.00033415 0.00030448 0.00015383 0.00066903 0.00080523 0.00001251 0.00042196  1.00000000
528.5  0.98251990 0.01463836 0.00011613 0.00036020 0.00025463 0.00015814 0.00057435 0.00092109 0.00003082 0.00042638  1.00000000
529.0  0.98244918 0.01453933 0.00011043 0.00035268 0.00026229 0.00013713 0.00066616 0.00096010 0.00007269 0.00045001  1.00000000
529.5  0.98241215 0.01455516 0.00010754 0.00038433 0.00027884 0.00013497 0.00064039 0.00083582 0.00011197 0.00053883  1.00000000
530.0  0.98230136 0.01480431 0.00011556 0.00034995 0.00031427 0.00014411 0.00049314 0.00082757 0.00012932 0.00052041  1.00000000
530.5  0.98280582 0.01413281 0.00011818 0.00032926 0.00030560 0.00018744 0.00055596 0.00085074 0.00020555 0.00050864  1.00000000
531.0  0.98138145 0.01540192 0.00011386 0.00033423 0.00029374 0.00019426 0.00069812 0.00079008 0.00029747 0.00049487  1.00000000
531.5  0.98335323 0.01355338 0.00011974 0.00033607 0.00035131 0.00015777 0.00062163 0.00068439 0.00029953 0.00052294  1.00000000
532.0  0.98100461 0.01618387 0.00012843 0.00030110 0.00033447 0.00012250 0.00054527 0.00066273 0.00028141 0.00043561  1.00000000
532.5  0.98412142 0.01289384 0.00012753 0.00027760 0.00034310 0.00013330 0.00066325 0.00063073 0.00036012 0.00044911  1.00000000
533.0  0.98001102 0.01682743 0.00012087 0.00026301 0.00036442 0.00019963 0.00066769 0.00060585 0.00042843 0.00051165  1.00000000
533.5  0.98443206 0.01246461 0.00012420 0.00026025 0.00034834 0.00022504 0.00060075 0.00063684 0.00040250 0.00050540  1.00000000
534.0  0.97997226 0.01696692 0.00012551 0.00024591 0.00032309 0.00021613 0.00061112 0.00062525 0.00036104 0.00055277  1.00000000
534.5  0.98426498 0.01261385 0.00013058 0.00024797 0.00030327 0.00012428 0.00068078 0.00056111 0.00041732 0.00065587  1.00000000
535.0  0.98033032 0.01655744 0.00013007 0.00023542 0.00030493 0.00014800 0.00059701 0.00058445 0.00045891 0.00065346  1.00000000
535.5  0.98358627 0.01330061 0.00012696 0.00023061 0.00031809 0.00021378 0.00061455 0.00066061 0.00042327 0.00052525  1.00000000
536.0  0.98132217 0.01564558 0.00012516 0.00021350 0.00029214 0.00029736 0.00065770 0.00061730 0.00037726 0.00045183  1.00000000
536.5  0.98271793 0.01425923 0.00012285 0.00024980 0.00025656 0.00025073 0.00065477 0.00053928 0.00038208 0.00056678  1.00000000
537.0  0.98216171 0.01473014 0.00013291 0.00023978 0.00028627 0.00020586 0.00056540 0.00059368 0.00037280 0.00071144  1.00000000
537.5  0.98172718 0.01513675 0.00011704 0.00032192 0.00025291 0.00013171 0.00061314 0.00066003 0.00034077 0.00069855  1.00000000
538.0  0.98293529 0.01415945 0.00013477 0.00029494 0.00024238 0.00023388 0.00059944 0.00052193 0.00031679 0.00056113  1.00000000
538.5  0.98151217 0.01562929 0.00012202 0.00034841 0.00020260 0.00025089 0.00064140 0.00047417 0.00029168 0.00052736  1.00000000
539.0  0.98304228 0.01394215 0.00013537 0.00031094 0.00027631 0.00027057 0.00059459 0.00059801 0.00026562 0.00056417  1.00000000
539.5  0.98141958 0.01558107 0.00011616 0.00033560 0.00023941 0.00012838 0.00064491 0.00063486 0.00027244 0.00062760  1.00000000
540.0  0.98288562 0.01419498 0.00013401 0.00031473 0.00024982 0.00018756 0.00061096 0.00056381 0.00024380 0.00061470  1.00000000
540.5  0.98185287 0.01519470 0.00011282 0.00029143 0.00030835 0.00018130 0.00064809 0.00063202 0.00017032 0.00060809  1.00000000
541.0  0.98236564 0.01461210 0.00012910 0.00030660 0.00022693 0.00026986 0.00051947 0.00081615 0.00013562 0.00061853  1.00000000
541.5  0.98227372 0.01470962 0.00012346 0.00021722 0.00032229 0.00016372 0.00036444 0.00104375 0.00010067 0.00068111  1.00000000
542.0  0.98195171 0.01510587 0.00012610 0.00030623 0.00019500 0.00012847 0.00026156 0.00104772 0.00019909 0.00067825  1.00000000
542.5  0.98261579 0.01438238 0.00013650 0.00017806 0.00035704 0.00025731 0.00021729 0.00104069 0.00012147 0.00069348  1.00000000
543.0  0.98138939 0.01529364 0.00012612 0.00026297 0.00028666 0.00046898 0.00009353 0.00115797 0.00014680 0.00077395  1.00000000
543.5  0.98228597 0.01439487 0.00013135 0.00023758 0.00032049 0.00038964 0.00031134 0.00107460 0.00013683 0.00071732  1.00000000
544.0  0.98184123 0.01506108 0.00010891 0.00028488 0.00028827 0.00023478 0.00058138 0.00075827 0.00013543 0.00070578  1.00000000
544.5  0.98202980 0.01500180 0.00013136 0.00025382 0.00028563 0.00019749 0.00082351 0.00047549 0.00014109 0.00066002  1.00000000
545.0  0.98255174 0.01439129 0.00011323 0.00023357 0.00025483 0.00018131 0.00073383 0.00059110 0.00014381 0.00080529  1.00000000
545.5  0.98075265 0.01601697 0.00013560 0.00023139 0.00026247 0.00015995 0.00101608 0.00046387 0.00014157 0.00081945  1.00000000
546.0  0.98346391 0.01337255 0.00012217 0.00023363 0.00025161 0.00014464 0.00086036 0.00057873 0.00014390 0.00082850  1.00000000
546.5  0.97997143 0.01704712 0.00014323 0.00023852 0.00023406 0.00014059 0.00081809 0.00049231 0.00015114 0.00076349  1.00000000
547.0  0.98443817 0.01259341 0.00012638 0.00023669 0.00022097 0.00013261 0.00080253 0.00054283 0.00013920 0.00076720  1.00000000
547.5  0.97940574 0.01757150 0.00014939 0.00022109 0.00019359 0.00014097 0.00098200 0.00049574 0.00013131 0.00070866  1.00000000
548.0  0.98439366 0.01256534 0.00014196 0.00021490 0.00021332 0.00018508 0.00074734 0.00069110 0.00013941 0.00070789  1.00000000
548.5  0.98003315 0.01719716 0.00014608 0.00021724 0.00018361 0.00022277 0.00102350 0.00013586 0.00013373 0.00070691  1.00000000
549.0  0.98389761 0.01332351 0.00015843 0.00018773 0.00020505 0.00027544 0.00044583 0.00063993 0.00013296 0.00073350  1.00000000
549.5  0.98120591 0.01615438 0.00015105 0.00022805 0.00015062 0.00022759 0.00027070 0.00064174 0.00023245 0.00073752  1.00000000
550.0  0.98296350 0.01448371 0.00016523 0.00018614 0.00022884 0.00028785 0.00026274 0.00037134 0.00045960 0.00059106  1.00000000
550.5  0.98236724 0.01505466 0.00015389 0.00019191 0.00017356 0.00026519 0.00030744 0.00018979 0.00068095 0.00061536  1.00000000
551.0  0.98194613 0.01533514 0.00017619 0.00017715 0.00019696 0.00027849 0.00031336 0.00012003 0.00069285 0.00076371  1.00000000
551.5  0.98296727 0.01435651 0.00015683 0.00021077 0.00020059 0.00025558 0.00031774 0.00010170 0.00065141 0.00078159  1.00000000
552.0  0.98153718 0.01566460 0.00018229 0.00022221 0.00021817 0.00026833 0.00043096 0.00009872 0.00062578 0.00075176  1.00000000
552.5  0.98289791 0.01421454 0.00016863 0.00022818 0.00022478 0.00026802 0.00031194 0.00040900 0.00055171 0.00072528  1.00000000
553.0  0.98176237 0.01554902 0.00015821 0.00021595 0.00022278 0.00026047 0.00010928 0.00059800 0.00042170 0.00070222  1.00000000
553.5  0.98295813 0.01445215 0.00017579 0.00023546 0.00020742 0.00026702 0.00029216 0.00050710 0.00028616 0.00061861  1.00000000
554.0  0.98219592 0.01504292 0.00020708 0.00022453 0.00021575 0.00026603 0.00057709 0.00040336 0.00019369 0.00067363  1.00000000
554.5  0.98234067 0.01491802 0.00021536 0.00023578 0.00017031 0.00027935 0.00079661 0.00029438 0.00010370 0.00064583  1.00000000
555.0  0.98294744 0.01446320 0.00021312 0.00020526 0.00020610 0.00025569 0.00081312 0.00019903 0.00005858 0.00063847  1.00000000
555.5  0.98182146 0.01555020 0.00022206 0.00040927 0.00002652 0.00028045 0.00088059 0.00016286 0.00002420 0.00062239  1.00000000
556.0  0.98344647 0.01381050 0.00022120 0.00030402 0.00007478 0.00027700 0.00113505 0.00015072 0.00000261 0.00057765  1.00000000
556.5  0.98109537 0.01623367 0.00022490 0.00032497 0.00005007 0.00032189 0.00104539 0.00013811 0.00000153 0.00056410  1.00000000
557.0  0.98427062 0.01322956 0.00021524 0.00031737 0.00006731 0.00024150 0.00095328 0.00012339 0.00000089 0.00058084  1.00000000
557.5  0.98043732 0.01685713 0.00021291 0.00032736 0.00008783 0.00029524 0.00100135 0.00012249 0.00000632 0.00065204  1.00000000
558.0  0.98418670 0.01288275 0.00021488 0.00033524 0.00010799 0.00023300 0.00123206 0.00010549 0.00002911 0.00067278  1.00000000
558.5  0.98011879 0.01705882 0.00022291 0.00032275 0.00010199 0.00035620 0.00090052 0.00008471 0.00003906 0.00079426  1.00000000
559.0  0.98432453 0.01302041 0.00022979 0.00029578 0.00008951 0.00017826 0.00096233 0.00009176 0.00001703 0.00079060  1.00000000
559.5  0.98043634 0.01665896 0.00023253 0.00032996 0.00008845 0.00041762 0.00091687 0.00009539 0.00003030 0.00079360  1.00000000
560.0  0.98314427 0.01383376 0.00023317 0.00032787 0.00011531 0.00017196 0.00115449 0.00006867 0.00005528 0.00089521  1.00000000
560.5  0.98174330 0.01549733 0.00021683 0.00031485 0.00011693 0.00026813 0.00080758 0.00006508 0.00004904 0.00092092  1.00000000
561.0  0.98221042 0.01511008 0.00023839 0.00029123 0.00012620 0.00015141 0.00094739 0.00010834 0.00002178 0.00079477  1.00000000
561.5  0.98314357 0.01409935 0.00023452 0.00030241 0.00010436 0.00029613 0.00100404 0.00013176 0.00003172 0.00065213  1.00000000
562.0  0.98091318 0.01632045 0.00023879 0.00028966 0.00010963 0.00026571 0.00101228 0.00008625 0.00005764 0.00070643  1.00000000
562.5  0.98405126 0.01308606 0.00024534 0.00028152 0.00012598 0.00028455 0.00088037 0.00007136 0.00005174 0.00092181  1.00000000
563.0  0.98015148 0.01686712 0.00024401 0.00027468 0.00012604 0.00017443 0.00102471 0.00010905 0.00003429 0.00099419  1.00000000
563.5  0.98429913 0.01283399 0.00024023 0.00028019 0.00018894 0.00025509 0.00099926 0.00009168 0.00005209 0.00075940  1.00000000
564.0  0.98061817 0.01667767 0.00024603 0.00031276 0.00015300 0.00025070 0.00101514 0.00004774 0.00008073 0.00059805  1.00000000
564.5  0.98391205 0.01322874 0.00023945 0.00033559 0.00015608 0.00039191 0.00092668 0.00004640 0.00007845 0.00068465  1.00000000
565.0  0.98102666 0.01600856 0.00024669 0.00033627 0.00015502 0.00021503 0.00109587 0.00008936 0.00005343 0.00077310  1.00000000
565.5  0.98322528 0.01391688 0.00023624 0.00033905 0.00017709 0.00025803 0.00096468 0.00006801 0.00006741 0.00074731  1.00000000
566.0  0.98181795 0.01527509 0.00025349 0.00036253 0.00017339 0.00020814 0.00097632 0.00010812 0.00007760 0.00074736  1.00000000
566.5  0.98248561 0.01455525 0.00025091 0.00035900 0.00015607 0.00035941 0.00079094 0.00023752 0.00006192 0.00074338  1.00000000
567.0  0.98225863 0.01467769 0.00028829 0.00036002 0.00017379 0.00033224 0.00055218 0.00056797 0.00002103 0.00076816  1.00000000
567.5  0.98206438 0.01484501 0.00029062 0.00037533 0.00016968 0.00025687 0.00048362 0.00072288 0.00001207 0.00077954  1.00000000
568.0  0.98235875 0.01453030 0.00030306 0.00039031 0.00017826 0.00022248 0.00025941 0.00092058 0.00004195 0.00079490  1.00000000
568.5  0.98208619 0.01473617 0.00031093 0.00039866 0.00018618 0.00027079 0.00012411 0.00091917 0.00013064 0.00083717  1.00000000
569.0  0.98183676 0.01495458 0.00030830 0.00044610 0.00017707 0.00032354 0.00004339 0.00085681 0.00025482 0.00079863  1.00000000
569.5  0.98285785 0.01417116 0.00030984 0.00033969 0.00020453 0.00025952 0.00002987 0.00080389 0.00029427 0.00072939  1.00000000
570.0  0.98114812 0.01587395 0.00030395 0.00038101 0.00021651 0.00024374 0.00003044 0.00075589 0.00029859 0.00074779  1.00000000
570.5  0.98365379 0.01331014 0.00032172 0.00038908 0.00020759 0.00023369 0.00001765 0.00076260 0.00032647 0.00077725  1.00000000
571.0  0.98012240 0.01682903 0.00031106 0.00035277 0.00022471 0.00023459 0.00006419 0.00074288 0.00029653 0.00082184  1.00000000
571.5  0.98447738 0.01258261 0.00032387 0.00038161 0.00019355 0.00022197 0.00008507 0.00071085 0.00026228 0.00076082  1.00000000
572.0  0.97984571 0.01722099 0.00030734 0.00039712 0.00015301 0.00024732 0.00009195 0.00074395 0.00025640 0.00073619  1.00000000
572.5  0.98433819 0.01266325 0.00032242 0.00034756 0.00013932 0.00024958 0.00011693 0.00077336 0.00028892 0.00076047  1.00000000
573.0  0.98028376 0.01666872 0.00031942 0.00033875 0.00012921 0.00027407 0.00010724 0.00078281 0.00024638 0.00084965  1.00000000
573.5  0.98322484 0.01373440 0.00032297 0.00032714 0.00016074 0.00024156 0.00010983 0.00073761 0.00019534 0.00094556  1.00000000
574.0  0.98157296 0.01527430 0.00032153 0.00032124 0.00016633 0.00024782 0.00010819 0.00075257 0.00021129 0.00102376  1.00000000
574.5  0.98156188 0.01517176 0.00032847 0.00032595 0.00017625 0.00022331 0.00018676 0.00074160 0.00024574 0.00103829  1.00000000
575.0  0.98287674 0.01391504 0.00032942 0.00030165 0.00015364 0.00024449 0.00018976 0.00065329 0.00022129 0.00111467  1.00000000
575.5  0.98066228 0.01628381 0.00033295 0.00027901 0.00013387 0.00024380 0.00014570 0.00063140 0.00017047 0.00111672  1.00000000
576.0  0.98362217 0.01311169 0.00034355 0.00028100 0.00013663 0.00031336 0.00015269 0.00067811 0.00017570 0.00118509  1.00000000
576.5  0.98000205 0.01647696 0.00034184 0.00037485 0.00013480 0.00031904 0.00023107 0.00066660 0.00021534 0.00123745  1.00000000
577.0  0.98358231 0.01300025 0.00033664 0.00041506 0.00014134 0.00026081 0.00021091 0.00059499 0.00021392 0.00124376  1.00000000
577.5  0.98068228 0.01619428 0.00033298 0.00036599 0.00013480 0.00025259 0.00014570 0.00061569 0.00017585 0.00109983  1.00000000
578.0  0.98312106 0.01350895 0.00032822 0.00039156 0.00014098 0.00024358 0.00020335 0.00077691 0.00018308 0.00110232  1.00000000
578.5  0.98070025 0.01564896 0.00032907 0.00040126 0.00018803 0.00035532 0.00020646 0.00074181 0.00020673 0.00122211  1.00000000
579.0  0.98195127 0.01410400 0.00033425 0.00042127 0.00021340 0.00030018 0.00027520 0.00095638 0.00012540 0.00131866  1.00000000
579.5  0.98140644 0.01494705 0.00033600 0.00048017 0.00019707 0.00024703 0.00025309 0.00059117 0.00028449 0.00125749  1.00000000
580.0  0.98199572 0.01461303 0.00033006 0.00047083 0.00019008 0.00025474 0.00017291 0.00075216 0.00004923 0.00117124  1.00000000
580.5  0.98196387 0.01443034 0.00035515 0.00045647 0.00016315 0.00018055 0.00027133 0.00088105 0.00013917 0.00115894  1.00000000
581.0  0.98114077 0.01501304 0.00035823 0.00045090 0.00015553 0.00023618 0.00047612 0.00086098 0.00010797 0.00120028  1.00000000
581.5  0.98219025 0.01418927 0.00037793 0.00046143 0.00014467 0.00019937 0.00041682 0.00071507 0.00005225 0.00125294  1.00000000
582.0  0.98153766 0.01497597 0.00039236 0.00045485 0.00012534 0.00029066 0.00032805 0.00064790 0.00003861 0.00120860  1.00000000
582.5  0.98203551 0.01427990 0.00039867 0.00038333 0.00012643 0.00028855 0.00029569 0.00095154 0.00005525 0.00118512  1.00000000
583.0  0.98149017 0.01470657 0.00040172 0.00039485 0.00015043 0.00034756 0.00029931 0.00094959 0.00007193 0.00118788  1.00000000
583.5  0.98165302 0.01478134 0.00039112 0.00040343 0.00016050 0.00039538 0.00026225 0.00070656 0.00003496 0.00121145  1.00000000
584.0  0.98244008 0.01401760 0.00039935 0.00042023 0.00015520 0.00042037 0.00017454 0.00069781 0.00005917 0.00121565  1.00000000
584.5  0.98063458 0.01560753 0.00037305 0.00046785 0.00014805 0.00042038 0.00011462 0.00096933 0.00004340 0.00122120  1.00000000
585.0  0.98296571 0.01321403 0.00039711 0.00046548 0.00013183 0.00051814 0.00009979 0.00089520 0.00007858 0.00123412  1.00000000
585.5  0.97998280 0.01637386 0.00038669 0.00044125 0.00012540 0.00061566 0.00009370 0.00070870 0.00004595 0.00122599  1.00000000
586.0  0.98367025 0.01248559 0.00039679 0.00052685 0.00013184 0.00064998 0.00005872 0.00067874 0.00008352 0.00131772  1.00000000
586.5  0.97924938 0.01686455 0.00037560 0.00052454 0.00014223 0.00053834 0.00001616 0.00089096 0.00004177 0.00135648  1.00000000
587.0  0.98393799 0.01224405 0.00040254 0.00054221 0.00010599 0.00054739 0.00000183 0.00078539 0.00008386 0.00134874  1.00000000
587.5  0.97941124 0.01684805 0.00041188 0.00050197 0.00010230 0.00055296 0.00000982 0.00067674 0.00006963 0.00141542  1.00000000
588.0  0.98349325 0.01258227 0.00042314 0.00049781 0.00005334 0.00062291 0.00008198 0.00067696 0.00006750 0.00150084  1.00000000
588.5  0.97963862 0.01622907 0.00042517 0.00046849 0.00007446 0.00046691 0.00018756 0.00083128 0.00004190 0.00163654  1.00000000
589.0  0.98269976 0.01325473 0.00042189 0.00046236 0.00010318 0.00030839 0.00021662 0.00079048 0.00007730 0.00166530  1.00000000
589.5  0.98061628 0.01546385 0.00044433 0.00045451 0.00012694 0.00021182 0.00024315 0.00069429 0.00009712 0.00164771  1.00000000
590.0  0.98223054 0.01398779 0.00044320 0.00045705 0.00012177 0.00016131 0.00032911 0.00072796 0.00006208 0.00147918  1.00000000
590.5  0.98134274 0.01475880 0.00047095 0.00048264 0.00013952 0.00018504 0.00040251 0.00077090 0.00005136 0.00139552  1.00000000
591.0  0.98144726 0.01457131 0.00044571 0.00046990 0.00013355 0.00016859 0.00038304 0.00075293 0.00006947 0.00155824  1.00000000
591.5  0.98164592 0.01440731 0.00048933 0.00049781 0.00015611 0.00011895 0.00031396 0.00069149 0.00007148 0.00160765  1.00000000
592.0  0.98146236 0.01476493 0.00043238 0.00044304 0.00018254 0.00007742 0.00030972 0.00066806 0.00006025 0.00159930  1.00000000
592.5  0.98191021 0.01444071 0.00046495 0.00040104 0.00022193 0.00006792 0.00038854 0.00065187 0.00005317 0.00139966  1.00000000
593.0  0.98170611 0.01463812 0.00044162 0.00040654 0.00023519 0.00006195 0.00046151 0.00064171 0.00004787 0.00135939  1.00000000
593.5  0.98130459 0.01484527 0.00047999 0.00040314 0.00022028 0.00005170 0.00046303 0.00066256 0.00004800 0.00152143  1.00000000
594.0  0.98207866 0.01409783 0.00046038 0.00042222 0.00023816 0.00004130 0.00042736 0.00066907 0.00003436 0.00153067  1.00000000
594.5  0.98106903 0.01531220 0.00047473 0.00041501 0.00023750 0.00004651 0.00042155 0.00062420 0.00003640 0.00136286  1.00000000
595.0  0.98287837 0.01366639 0.00051091 0.00038143 0.00026852 0.00006275 0.00045899 0.00063566 0.00001596 0.00112104  1.00000000
595.5  0.98075169 0.01572089 0.00048500 0.00041148 0.00026431 0.00010738 0.00043763 0.00066991 0.00002289 0.00112883  1.00000000
596.0  0.98275356 0.01350001 0.00053598 0.00034593 0.00030950 0.00013919 0.00034529 0.00067677 0.00003228 0.00136149  1.00000000
596.5  0.98060743 0.01570384 0.00049131 0.00057506 0.00014586 0.00014911 0.00035009 0.00057794 0.00001669 0.00138266  1.00000000
597.0  0.98244852 0.01381118 0.00054407 0.00032832 0.00045729 0.00020625 0.00025994 0.00050733 0.00008258 0.00135451  1.00000000
597.5  0.98132652 0.01499752 0.00050328 0.00043445 0.00036227 0.00006642 0.00032371 0.00049917 0.00013197 0.00135469  1.00000000
598.0  0.98153917 0.01474291 0.00055420 0.00040879 0.00039808 0.00007106 0.00028433 0.00051321 0.00015579 0.00133246  1.00000000
598.5  0.98225625 0.01391731 0.00048894 0.00035250 0.00037442 0.00008908 0.00026808 0.00049060 0.00017330 0.00158953  1.00000000
599.0  0.98027623 0.01588303 0.00055168 0.00034593 0.00036289 0.00008757 0.00029837 0.00049188 0.00017949 0.00152293  1.00000000
599.5  0.98318978 0.01290527 0.00054427 0.00033591 0.00036767 0.00009729 0.00026945 0.00048451 0.00019203 0.00161381  1.00000000
600.0  0.97950621 0.01667604 0.00048738 0.00037550 0.00035394 0.00009046 0.00023471 0.00046660 0.00019955 0.00160960  1.00000000
600.5  0.98354735 0.01253165 0.00054484 0.00041642 0.00037771 0.00007165 0.00025917 0.00045722 0.00021506 0.00157892  1.00000000
601.0  0.97946751 0.01653204 0.00057317 0.00043821 0.00036560 0.00007399 0.00028842 0.00044461 0.00021767 0.00159877  1.00000000
601.5  0.98318780 0.01289960 0.00057817 0.00044887 0.00036087 0.00007930 0.00021798 0.00041463 0.00023500 0.00157778  1.00000000
602.0  0.98020720 0.01583491 0.00060398 0.00045772 0.00038894 0.00006785 0.00019111 0.00039865 0.00026439 0.00158527  1.00000000
602.5  0.98225317 0.01366794 0.00060676 0.00048136 0.00037582 0.00006442 0.00027846 0.00039528 0.00028440 0.00159239  1.00000000
603.0  0.98103812 0.01502664 0.00059003 0.00049420 0.00035339 0.00005855 0.00027681 0.00036265 0.00027826 0.00152134  1.00000000
603.5  0.98177397 0.01436595 0.00059151 0.00049718 0.00033385 0.00005779 0.00021063 0.00034675 0.00027445 0.00154792  1.00000000
604.0  0.98184248 0.01442987 0.00057191 0.00051458 0.00033218 0.00005609 0.00023048 0.00034483 0.00029090 0.00138666  1.00000000
604.5  0.98153954 0.01466934 0.00058645 0.00055223 0.00030434 0.00006064 0.00031012 0.00033052 0.00032884 0.00131799  1.00000000
605.0  0.98204704 0.01428491 0.00057432 0.00049427 0.00033453 0.00011439 0.00021551 0.00031012 0.00030838 0.00131652  1.00000000
605.5  0.98174895 0.01464112 0.00060281 0.00043166 0.00037142 0.00015803 0.00013111 0.00028699 0.00027793 0.00134999  1.00000000
606.0  0.98175523 0.01447866 0.00061775 0.00042553 0.00034421 0.00020925 0.00016050 0.00028569 0.00030547 0.00141769  1.00000000
606.5  0.98187613 0.01432947 0.00060877 0.00034553 0.00041497 0.00021232 0.00018854 0.00030974 0.00035514 0.00135939  1.00000000
607.0  0.98148854 0.01484332 0.00061685 0.00048397 0.00031952 0.00017632 0.00014715 0.00028358 0.00034992 0.00129084  1.00000000
607.5  0.98246674 0.01376274 0.00063748 0.00038402 0.00047016 0.00021068 0.00011125 0.00026474 0.00032909 0.00136310  1.00000000
608.0  0.98075769 0.01519868 0.00073567 0.00046356 0.00035129 0.00025020 0.00017069 0.00024694 0.00039874 0.00142653  1.00000000
608.5  0.98271569 0.01334459 0.00060099 0.00042573 0.00039366 0.00019599 0.00019738 0.00018366 0.00049443 0.00144787  1.00000000
609.0  0.98041724 0.01574419 0.00064511 0.00050771 0.00032473 0.00017951 0.00014519 0.00018391 0.00041756 0.00143485  1.00000000
609.5  0.98335952 0.01295610 0.00065816 0.00042729 0.00036153 0.00020399 0.00016123 0.00038049 0.00019499 0.00129670  1.00000000
610.0  0.98033285 0.01593040 0.00065712 0.00053642 0.00028743 0.00018606 0.00012769 0.00033012 0.00033888 0.00127304  1.00000000
610.5  0.98330581 0.01295232 0.00067816 0.00044470 0.00040559 0.00015200 0.00015205 0.00031624 0.00030584 0.00128729  1.00000000
611.0  0.98062973 0.01568920 0.00067164 0.00055598 0.00028502 0.00017399 0.00004147 0.00032981 0.00033101 0.00129215  1.00000000
611.5  0.98293589 0.01341296 0.00070140 0.00042615 0.00035896 0.00017597 0.00005617 0.00037491 0.00029282 0.00126477  1.00000000
612.0  0.98114532 0.01503465 0.00067588 0.00044648 0.00032734 0.00013191 0.00020466 0.00029924 0.00041824 0.00131628  1.00000000
612.5  0.98205079 0.01412560 0.00069789 0.00042087 0.00032872 0.00013318 0.00003716 0.00056128 0.00034596 0.00129855  1.00000000
613.0  0.98221562 0.01415151 0.00066731 0.00040233 0.00030093 0.00013322 0.00006913 0.00045830 0.00039837 0.00120329  1.00000000
613.5  0.98131426 0.01490578 0.00068544 0.00038212 0.00033490 0.00010742 0.00016592 0.00064473 0.00027977 0.00117967  1.00000000
614.0  0.98249777 0.01343977 0.00066214 0.00040263 0.00035254 0.00008446 0.00020084 0.00053934 0.00034168 0.00147883  1.00000000
614.5  0.98058366 0.01531383 0.00068576 0.00037235 0.00035306 0.00004605 0.00029784 0.00048531 0.00027751 0.00158464  1.00000000
615.0  0.98288411 0.01318403 0.00073176 0.00035515 0.00034626 0.00002647 0.00028650 0.00047774 0.00030315 0.00140483  1.00000000
615.5  0.98094412 0.01531286 0.00075897 0.00033427 0.00033554 0.00000577 0.00037352 0.00052711 0.00025997 0.00114787  1.00000000
616.0  0.98284393 0.01340256 0.00076615 0.00035858 0.00033522 0.00002019 0.00038520 0.00053627 0.00022063 0.00113127  1.00000000
616.5  0.98140257 0.01491043 0.00074401 0.00035209 0.00034120 0.00003651 0.00032879 0.00053418 0.00021526 0.00113496  1.00000000
617.0  0.98241559 0.01379292 0.00076019 0.00037904 0.00036683 0.00005085 0.00031882 0.00051343 0.00023443 0.00116790  1.00000000
617.5  0.98183005 0.01445964 0.00072466 0.00042372 0.00037114 0.00008453 0.00028405 0.00048390 0.00022454 0.00111379  1.00000000
618.0  0.98207476 0.01418206 0.00077014 0.00041033 0.00036540 0.00009095 0.00030712 0.00046901 0.00021762 0.00111262  1.00000000
618.5  0.98199385 0.01421035 0.00072630 0.00041773 0.00031880 0.00012125 0.00020747 0.00053450 0.00022290 0.00124686  1.00000000
619.0  0.98197299 0.01428067 0.00078784 0.00039833 0.00030586 0.00011430 0.00033519 0.00043874 0.00022146 0.00114462  1.00000000
619.5  0.98197499 0.01428427 0.00072598 0.00038948 0.00028228 0.00013864 0.00013028 0.00071682 0.00023577 0.00112149  1.00000000
620.0  0.98209507 0.01402485 0.00076161 0.00042845 0.00025541 0.00014140 0.00031114 0.00059793 0.00027815 0.00110598  1.00000000
620.5  0.98151893 0.01465416 0.00072228 0.00043903 0.00024432 0.00019176 0.00016083 0.00073583 0.00026868 0.00106419  1.00000000
621.0  0.98239889 0.01358060 0.00076070 0.00046457 0.00023759 0.00016261 0.00027340 0.00063669 0.00024929 0.00123566  1.00000000
621.5  0.98081024 0.01515529 0.00073329 0.00048775 0.00019249 0.00020929 0.00019135 0.00066652 0.00024358 0.00131018  1.00000000
622.0  0.98264752 0.01325853 0.00073790 0.00049627 0.00024355 0.00028852 0.00008473 0.00072038 0.00026872 0.00125387  1.00000000
622.5  0.98058650 0.01526000 0.00073806 0.00049158 0.00026207 0.00034968 0.00002735 0.00076275 0.00021221 0.00130980  1.00000000
623.0  0.98260273 0.01336283 0.00073732 0.00047088 0.00025280 0.00035584 0.00006111 0.00056969 0.00029153 0.00129527  1.00000000
623.5  0.98104758 0.01495012 0.00078051 0.00045547 0.00026599 0.00033311 0.00010018 0.00079907 0.00000357 0.00126439  1.00000000
624.0  0.98205152 0.01389645 0.00075443 0.00047166 0.00023228 0.00033906 0.00006760 0.00073082 0.00019441 0.00126177  1.00000000
624.5  0.98144340 0.01425672 0.00078422 0.00043505 0.00027763 0.00033957 0.00003709 0.00086310 0.00007231 0.00149091  1.00000000
625.0  0.98116015 0.01460382 0.00073258 0.00049856 0.00024106 0.00035458 0.00005511 0.00086450 0.00002145 0.00146819  1.00000000
625.5  0.98227254 0.01365908 0.00073996 0.00031651 0.00041678 0.00035167 0.00004690 0.00064573 0.00016510 0.00138571  1.00000000
626.0  0.98079920 0.01514696 0.00071930 0.00039590 0.00037593 0.00037598 0.00000655 0.00056553 0.00019836 0.00141627  1.00000000
626.5  0.98241265 0.01335568 0.00072727 0.00036500 0.00041568 0.00031409 0.00009322 0.00073037 0.00013873 0.00144731  1.00000000
627.0  0.98056869 0.01528121 0.00071442 0.00038512 0.00037349 0.00018186 0.00018277 0.00070385 0.00015915 0.00144943  1.00000000
627.5  0.98257917 0.01345355 0.00071395 0.00035616 0.00039796 0.00013838 0.00022517 0.00052037 0.00025575 0.00135953  1.00000000
628.0  0.98101994 0.01507080 0.00071846 0.00043702 0.00040194 0.00007566 0.00027391 0.00055481 0.00024371 0.00120374  1.00000000
628.5  0.98217029 0.01385833 0.00069067 0.00039187 0.00047752 0.00011180 0.00026841 0.00070418 0.00016947 0.00115744  1.00000000
629.0  0.98119246 0.01479393 0.00071623 0.00040820 0.00051254 0.00013241 0.00022699 0.00063527 0.00021288 0.00116909  1.00000000
629.5  0.98185104 0.01417580 0.00068601 0.00045080 0.00052379 0.00007936 0.00026585 0.00047696 0.00030785 0.00118253  1.00000000
630.0  0.98138727 0.01444234 0.00075186 0.00044451 0.00051503 0.00010068 0.00030123 0.00057294 0.00027919 0.00120494  1.00000000
630.5  0.98131399 0.01436276 0.00074565 0.00041334 0.00054182 0.00013962 0.00026105 0.00065363 0.00019513 0.00137300  1.00000000
631.0  0.98142531 0.01439144 0.00076187 0.00042668 0.00053918 0.00012184 0.00027501 0.00052048 0.00023854 0.00129964  1.00000000
631.5  0.98139014 0.01437360 0.00074107 0.00041802 0.00053386 0.00009158 0.00035144 0.00040215 0.00033916 0.00135897  1.00000000
632.0  0.98110024 0.01446558 0.00073284 0.00044718 0.00053711 0.00017544 0.00037110 0.00049518 0.00030837 0.00136696  1.00000000
632.5  0.98138547 0.01420722 0.00074704 0.00049694 0.00053106 0.00019086 0.00036147 0.00049312 0.00021958 0.00136723  1.00000000
633.0  0.98102377 0.01482875 0.00077012 0.00045323 0.00055939 0.00010444 0.00042319 0.00030558 0.00026685 0.00126469  1.00000000
633.5  0.98165066 0.01399458 0.00075486 0.00048294 0.00055498 0.00014338 0.00046332 0.00024839 0.00034957 0.00135732  1.00000000
634.0  0.98032803 0.01503079 0.00076476 0.00046933 0.00054875 0.00019341 0.00056711 0.00030824 0.00035607 0.00143351  1.00000000
634.5  0.98180089 0.01372125 0.00078163 0.00056034 0.00048471 0.00013557 0.00060310 0.00024734 0.00030005 0.00136511  1.00000000
635.0  0.98050102 0.01520211 0.00077428 0.00053980 0.00051149 0.00021668 0.00050320 0.00012068 0.00031667 0.00131407  1.00000000
635.5  0.98171673 0.01373860 0.00080136 0.00056779 0.00045793 0.00026367 0.00057704 0.00009057 0.00032567 0.00146064  1.00000000
636.0  0.98026565 0.01516184 0.00081116 0.00060092 0.00047073 0.00016053 0.00070248 0.00012655 0.00032124 0.00137891  1.00000000
636.5  0.98171711 0.01387370 0.00077817 0.00054134 0.00059731 0.00012585 0.00068955 0.00012651 0.00027248 0.00127799  1.00000000
637.0  0.98069141 0.01501426 0.00077683 0.00056866 0.00051108 0.00017299 0.00057705 0.00020154 0.00024912 0.00123703  1.00000000
637.5  0.98141638 0.01407341 0.00083840 0.00050394 0.00060331 0.00016673 0.00059823 0.00031987 0.00023744 0.00124230  1.00000000
638.0  0.98077533 0.01470383 0.00079026 0.00059972 0.00052073 0.00011528 0.00061984 0.00040328 0.00020655 0.00126518  1.00000000
638.5  0.98105164 0.01440586 0.00076640 0.00052355 0.00057204 0.00015364 0.00049960 0.00044340 0.00019514 0.00138873  1.00000000
639.0  0.98100334 0.01444197 0.00076807 0.00055510 0.00048677 0.00019216 0.00045338 0.00047122 0.00017027 0.00145773  1.00000000
639.5  0.98077803 0.01460951 0.00076063 0.00053752 0.00051071 0.00017266 0.00051681 0.00054567 0.00016157 0.00140689  1.00000000
640.0  0.98113888 0.01426417 0.00075913 0.00054305 0.00047613 0.00019030 0.00053034 0.00052918 0.00014528 0.00142352  1.00000000
640.5  0.98057877 0.01473883 0.00075643 0.00051743 0.00054933 0.00027266 0.00045744 0.00046086 0.00013726 0.00153100  1.00000000
641.0  0.98104792 0.01421336 0.00077557 0.00055724 0.00055058 0.00026454 0.00050061 0.00047203 0.00008659 0.00153158  1.00000000
641.5  0.98034671 0.01468522 0.00076771 0.00057100 0.00056579 0.00027529 0.00056186 0.00059329 0.00005661 0.00157653  1.00000000
642.0  0.98085057 0.01434171 0.00077206 0.00051398 0.00052511 0.00028975 0.00050661 0.00056499 0.00004298 0.00159225  1.00000000
642.5  0.98056752 0.01452140 0.00078962 0.00057088 0.00051034 0.00028893 0.00050708 0.00057533 0.00003735 0.00163156  1.00000000
643.0  0.98049130 0.01451670 0.00076023 0.00057523 0.00052582 0.00028547 0.00051346 0.00056249 0.00003810 0.00173119  1.00000000
643.5  0.98053363 0.01437902 0.00076637 0.00058458 0.00051783 0.00034066 0.00049580 0.00054241 0.00010489 0.00173480  1.00000000
644.0  0.98052186 0.01457989 0.00073513 0.00063064 0.00053065 0.00033422 0.00049818 0.00049676 0.00020736 0.00146531  1.00000000
644.5  0.98071658 0.01436086 0.00073728 0.00062037 0.00053989 0.00036460 0.00049085 0.00042325 0.00025001 0.00149631  1.00000000
645.0  0.98052885 0.01450098 0.00071727 0.00054804 0.00052135 0.00038734 0.00050495 0.00041501 0.00028864 0.00158759  1.00000000
645.5  0.98050323 0.01456511 0.00073192 0.00058040 0.00048668 0.00043915 0.00040430 0.00035634 0.00034843 0.00158444  1.00000000
646.0  0.98080425 0.01431392 0.00069847 0.00055926 0.00049581 0.00047203 0.00035386 0.00031935 0.00038441 0.00159865  1.00000000
646.5  0.98021592 0.01480031 0.00071662 0.00055876 0.00048128 0.00058542 0.00036590 0.00028094 0.00040973 0.00158513  1.00000000
647.0  0.98106352 0.01401386 0.00072016 0.00050368 0.00050097 0.00057707 0.00029985 0.00028605 0.00039736 0.00163748  1.00000000
647.5  0.98010465 0.01497009 0.00072039 0.00047597 0.00047068 0.00061107 0.00023019 0.00031854 0.00044998 0.00164843  1.00000000
648.0  0.98093567 0.01400721 0.00072262 0.00047283 0.00047565 0.00071844 0.00023443 0.00030073 0.00043879 0.00169363  1.00000000
648.5  0.98028265 0.01489785 0.00070602 0.00053283 0.00044818 0.00072111 0.00020581 0.00030618 0.00043484 0.00146453  1.00000000
649.0  0.98115675 0.01407930 0.00071789 0.00053714 0.00045132 0.00072447 0.00012561 0.00032494 0.00040017 0.00148241  1.00000000
649.5  0.98045214 0.01468201 0.00070090 0.00057297 0.00046477 0.00075053 0.00012619 0.00033753 0.00039083 0.00152214  1.00000000
650.0  0.98075210 0.01438640 0.00072283 0.00059155 0.00046976 0.00078173 0.00011806 0.00033176 0.00037047 0.00147534  1.00000000
650.5  0.98083152 0.01453918 0.00069579 0.00060872 0.00046875 0.00071968 0.00012179 0.00025698 0.00031402 0.00144356  1.00000000
651.0  0.98061081 0.01464186 0.00069431 0.00065007 0.00046698 0.00071734 0.00029265 0.00020364 0.00023508 0.00148727  1.00000000
651.5  0.98065670 0.01442397 0.00068116 0.00062140 0.00049206 0.00048873 0.00072510 0.00015541 0.00020763 0.00154784  1.00000000
652.0  0.98057801 0.01459532 0.00068314 0.00061931 0.00049095 0.00031206 0.00077672 0.00027863 0.00019461 0.00147126  1.00000000
652.5  0.98059958 0.01445980 0.00068543 0.00066044 0.00040231 0.00045442 0.00047026 0.00041731 0.00021526 0.00163520  1.00000000
653.0  0.98053780 0.01444880 0.00069228 0.00068900 0.00041454 0.00050395 0.00040695 0.00046203 0.00024905 0.00159560  1.00000000
653.5  0.98023478 0.01467543 0.00068429 0.00070764 0.00039246 0.00050329 0.00037620 0.00046812 0.00028904 0.00166874  1.00000000
654.0  0.98088285 0.01434461 0.00067702 0.00054412 0.00037298 0.00050366 0.00026990 0.00039479 0.00034152 0.00166855  1.00000000
654.5  0.98067922 0.01477475 0.00065563 0.00057739 0.00038679 0.00046711 0.00025521 0.00035271 0.00036680 0.00148439  1.00000000
655.0  0.98101824 0.01431972 0.00065247 0.00060140 0.00037837 0.00047993 0.00026800 0.00039224 0.00040203 0.00148760  1.00000000
655.5  0.98073883 0.01463513 0.00065394 0.00055509 0.00041356 0.00049972 0.00023053 0.00039142 0.00044979 0.00143199  1.00000000
656.0  0.98098032 0.01447741 0.00066394 0.00057174 0.00040030 0.00045539 0.00019179 0.00033340 0.00047260 0.00145312  1.00000000
656.5  0.98100543 0.01447194 0.00066328 0.00054219 0.00038717 0.00043657 0.00020684 0.00033655 0.00050047 0.00144957  1.00000000
657.0  0.98060068 0.01475555 0.00065768 0.00051190 0.00046553 0.00046978 0.00021139 0.00035870 0.00051809 0.00145069  1.00000000
657.5  0.98121230 0.01422859 0.00065494 0.00050040 0.00046987 0.00043888 0.00019510 0.00035925 0.00051085 0.00142981  1.00000000
658.0  0.98065675 0.01490863 0.00065748 0.00048279 0.00048525 0.00042837 0.00020960 0.00033310 0.00051249 0.00132554  1.00000000
658.5  0.98113192 0.01418821 0.00065474 0.00047023 0.00053716 0.00048178 0.00023357 0.00033116 0.00052214 0.00144910  1.00000000
659.0  0.98035676 0.01498370 0.00065886 0.00046861 0.00053293 0.00043669 0.00020919 0.00040443 0.00053432 0.00141451  1.00000000
659.5  0.98112898 0.01427330 0.00064964 0.00049097 0.00053452 0.00044246 0.00018608 0.00039787 0.00049404 0.00140214  1.00000000
660.0  0.98032724 0.01486612 0.00064808 0.00052276 0.00054549 0.00054126 0.00018621 0.00037396 0.00050981 0.00147907  1.00000000
660.5  0.98083947 0.01438167 0.00064218 0.00052024 0.00056113 0.00060477 0.00011908 0.00035675 0.00051998 0.00145475  1.00000000
661.0  0.98047921 0.01467538 0.00066665 0.00052820 0.00057298 0.00061870 0.00002308 0.00037780 0.00052455 0.00153347  1.00000000
661.5  0.98064362 0.01449679 0.00068012 0.00053832 0.00054734 0.00042785 0.00029018 0.00037825 0.00047390 0.00152362  1.00000000
662.0  0.98079876 0.01452622 0.00067762 0.00048982 0.00055003 0.00034210 0.00041900 0.00041381 0.00044762 0.00133503  1.00000000
662.5  0.98068798 0.01464931 0.00065834 0.00052883 0.00054319 0.00026880 0.00043592 0.00041395 0.00046838 0.00134532  1.00000000
663.0  0.98077326 0.01454631 0.00064813 0.00058843 0.00051108 0.00025863 0.00041812 0.00042761 0.00044430 0.00138413  1.00000000
663.5  0.98070543 0.01465627 0.00064212 0.00053515 0.00048560 0.00024506 0.00042606 0.00051446 0.00038640 0.00140345  1.00000000
664.0  0.98059724 0.01470679 0.00064602 0.00053351 0.00049839 0.00021670 0.00038604 0.00065560 0.00030886 0.00145085  1.00000000
664.5  0.98063024 0.01444011 0.00063936 0.00055977 0.00044311 0.00020572 0.00021272 0.00103556 0.00020851 0.00162491  1.00000000
665.0  0.98012604 0.01500634 0.00063827 0.00056483 0.00039458 0.00019486 0.00026434 0.00114828 0.00011391 0.00154854  1.00000000
665.5  0.98132947 0.01405222 0.00062127 0.00057439 0.00042763 0.00018191 0.00045106 0.00073833 0.00022402 0.00139969  1.00000000
666.0  0.97998675 0.01533215 0.00061808 0.00058032 0.00037753 0.00022599 0.00057336 0.00065273 0.00020157 0.00145152  1.00000000
666.5  0.98144538 0.01374568 0.00061344 0.00064207 0.00036512 0.00023490 0.00071588 0.00055710 0.00021495 0.00146548  1.00000000
667.0  0.97966178 0.01559373 0.00063211 0.00066959 0.00036868 0.00025521 0.00109054 0.00010350 0.00019798 0.00142687  1.00000000
667.5  0.98173892 0.01364750 0.00061467 0.00066205 0.00039225 0.00031775 0.00076201 0.00017684 0.00021246 0.00147556  1.00000000
668.0  0.97957732 0.01552312 0.00060170 0.00077621 0.00043586 0.00029845 0.00074080 0.00031979 0.00020445 0.00152230  1.00000000
668.5  0.98104798 0.01386666 0.00058586 0.00080056 0.00045044 0.00023034 0.00071655 0.00037030 0.00024352 0.00168776  1.00000000
669.0  0.97985952 0.01520624 0.00058577 0.00079337 0.00046646 0.00018968 0.00053558 0.00053746 0.00018365 0.00164227  1.00000000
669.5  0.98073353 0.01436023 0.00060234 0.00084442 0.00048335 0.00018402 0.00047841 0.00056506 0.00024772 0.00150092  1.00000000
670.0  0.98028558 0.01480739 0.00059396 0.00083369 0.00048278 0.00014961 0.00046663 0.00071134 0.00017750 0.00149151  1.00000000
670.5  0.98029607 0.01482912 0.00057164 0.00081595 0.00046309 0.00011421 0.00039032 0.00071717 0.00027404 0.00152839  1.00000000
671.0  0.98067611 0.01447743 0.00053224 0.00087795 0.00045839 0.00012131 0.00022848 0.00094195 0.00018289 0.00150325  1.00000000
671.5  0.98032585 0.01494104 0.00053198 0.00079189 0.00045516 0.00013890 0.00033978 0.00085968 0.00024495 0.00137077  1.00000000
672.0  0.98085110 0.01436740 0.00053328 0.00081201 0.00042062 0.00011712 0.00035657 0.00086972 0.00018919 0.00148299  1.00000000
672.5  0.98031329 0.01490432 0.00055024 0.00080454 0.00040680 0.00016345 0.00035127 0.00075303 0.00024268 0.00151039  1.00000000
673.0  0.98052721 0.01460161 0.00054995 0.00085373 0.00038302 0.00009771 0.00045696 0.00082748 0.00019570 0.00150663  1.00000000
673.5  0.98036140 0.01465291 0.00055723 0.00090157 0.00040769 0.00007172 0.00074800 0.00055314 0.00019250 0.00155384  1.00000000
674.0  0.98008404 0.01484502 0.00055220 0.00089382 0.00051345 0.00008223 0.00089680 0.00027843 0.00017447 0.00167955  1.00000000
674.5  0.98050953 0.01445514 0.00054242 0.00086799 0.00050851 0.00014659 0.00086291 0.00024504 0.00023329 0.00162857  1.00000000
675.0  0.97999546 0.01489999 0.00054630 0.00090152 0.00048469 0.00012973 0.00093738 0.00033278 0.00019144 0.00158070  1.00000000
675.5  0.98040656 0.01456367 0.00055377 0.00089255 0.00049053 0.00006466 0.00082565 0.00038324 0.00018268 0.00163670  1.00000000
676.0  0.98041842 0.01464092 0.00055430 0.00093103 0.00047113 0.00004538 0.00077004 0.00028871 0.00016936 0.00171072  1.00000000
676.5  0.97994139 0.01502518 0.00055324 0.00100377 0.00047487 0.00009017 0.00083885 0.00028477 0.00023930 0.00154846  1.00000000
677.0  0.98076063 0.01410088 0.00052722 0.00097806 0.00049005 0.00014552 0.00080253 0.00039184 0.00019534 0.00160792  1.00000000
677.5  0.97918943 0.01559397 0.00052958 0.00093885 0.00048638 0.00009216 0.00065783 0.00048700 0.00014331 0.00188148  1.00000000
678.0  0.98123811 0.01362877 0.00053142 0.00090104 0.00057155 0.00004873 0.00059814 0.00047451 0.00013750 0.00187023  1.00000000
678.5  0.97870767 0.01594963 0.00054250 0.00085682 0.00060659 0.00003303 0.00066640 0.00056166 0.00018129 0.00189443  1.00000000
679.0  0.98098543 0.01350858 0.00052918 0.00084704 0.00063797 0.00013631 0.00052084 0.00065138 0.00017855 0.00200473  1.00000000
679.5  0.97881687 0.01585740 0.00052197 0.00080998 0.00066903 0.00015230 0.00038770 0.00071593 0.00013292 0.00193590  1.00000000
680.0  0.98090840 0.01378583 0.00052514 0.00074702 0.00072063 0.00012630 0.00035927 0.00083978 0.00014075 0.00184688  1.00000000
680.5  0.97938571 0.01534361 0.00051263 0.00056461 0.00080834 0.00003634 0.00048047 0.00084649 0.00013691 0.00188489  1.00000000
681.0  0.98033992 0.01431141 0.00056198 0.00059693 0.00077753 0.00008243 0.00045141 0.00069599 0.00013347 0.00204893  1.00000000
681.5  0.97985281 0.01467895 0.00058319 0.00057145 0.00085310 0.00016960 0.00042721 0.00062157 0.00019704 0.00204506  1.00000000
682.0  0.97933192 0.01495154 0.00058131 0.00056647 0.00084438 0.00012221 0.00062734 0.00055663 0.00023910 0.00217910  1.00000000
682.5  0.98025780 0.01415814 0.00055611 0.00055819 0.00087180 0.00004460 0.00068136 0.00050489 0.00019789 0.00216922  1.00000000
683.0  0.97921488 0.01528513 0.00055619 0.00054975 0.00089517 0.00001222 0.00064448 0.00050010 0.00011986 0.00222221  1.00000000
683.5  0.98047235 0.01390850 0.00057491 0.00054613 0.00074729 0.00008285 0.00067078 0.00043236 0.00019807 0.00236676  1.00000000
684.0  0.97892724 0.01535431 0.00058961 0.00057468 0.00071414 0.00007764 0.00077365 0.00041253 0.00024627 0.00232993  1.00000000
684.5  0.98017824 0.01394771 0.00058658 0.00071376 0.00076488 0.00003596 0.00072942 0.00041913 0.00017282 0.00245151  1.00000000
685.0  0.97884451 0.01504599 0.00057743 0.00072300 0.00077281 0.00001284 0.00072288 0.00041755 0.00013783 0.00274516  1.00000000
685.5  0.97954408 0.01426268 0.00056397 0.00071620 0.00080814 0.00001674 0.00074992 0.00040914 0.00020181 0.00272732  1.00000000
686.0  0.97915640 0.01464124 0.00057872 0.00073225 0.00080932 0.00006137 0.00070630 0.00040017 0.00026448 0.00264974  1.00000000
686.5  0.97907648 0.01468896 0.00059819 0.00074841 0.00082984 0.00005664 0.00067636 0.00039041 0.00018377 0.00275094  1.00000000
687.0  0.97945155 0.01426088 0.00060000 0.00072750 0.00085999 0.00004699 0.00060264 0.00038237 0.00019295 0.00287514  1.00000000
687.5  0.97883398 0.01502105 0.00057914 0.00072976 0.00092396 0.00001095 0.00061278 0.00040620 0.00023174 0.00265043  1.00000000
688.0  0.97972694 0.01398832 0.00057506 0.00073337 0.00094790 0.00003338 0.00058057 0.00045564 0.00028418 0.00267464  1.00000000
688.5  0.97841521 0.01511013 0.00059530 0.00067623 0.00093463 0.00005634 0.00059100 0.00046070 0.00018220 0.00297825  1.00000000
689.0  0.97995099 0.01407387 0.00062662 0.00067631 0.00088143 0.00006738 0.00053084 0.00044997 0.00018150 0.00256109  1.00000000
689.5  0.97914255 0.01492368 0.00065692 0.00073346 0.00085340 0.00001686 0.00051173 0.00054057 0.00017939 0.00244144  1.00000000
690.0  0.97931566 0.01435663 0.00061237 0.00076353 0.00082678 0.00001633 0.00053881 0.00050316 0.00024806 0.00281868  1.00000000
690.5  0.97934101 0.01446216 0.00060453 0.00080077 0.00079269 0.00001658 0.00049654 0.00056049 0.00021912 0.00270612  1.00000000
691.0  0.97915612 0.01500825 0.00056191 0.00086460 0.00074676 0.00004480 0.00044486 0.00038819 0.00033151 0.00245301  1.00000000
691.5  0.98018705 0.01386510 0.00061195 0.00089561 0.00071172 0.00002844 0.00046793 0.00060673 0.00010825 0.00251720  1.00000000
692.0  0.97822304 0.01562897 0.00058093 0.00088812 0.00072232 0.00001967 0.00053963 0.00046541 0.00017709 0.00275483  1.00000000
692.5  0.98090605 0.01324534 0.00059704 0.00089608 0.00068974 0.00001156 0.00047073 0.00048663 0.00016912 0.00252772  1.00000000
693.0  0.97806331 0.01616225 0.00053789 0.00084214 0.00074759 0.00002211 0.00049648 0.00043965 0.00018394 0.00250466  1.00000000
693.5  0.98106020 0.01293280 0.00056954 0.00070772 0.00083766 0.00002964 0.00055530 0.00045044 0.00014578 0.00271092  1.00000000
694.0  0.97783995 0.01625947 0.00055008 0.00063699 0.00092332 0.00003258 0.00054348 0.00045551 0.00014907 0.00260955  1.00000000
694.5  0.98125488 0.01305999 0.00055528 0.00056476 0.00102474 0.00001848 0.00050773 0.00047285 0.00015408 0.00238721  1.00000000
695.0  0.97843801 0.01592364 0.00056436 0.00038083 0.00108052 0.00001444 0.00049480 0.00039708 0.00018868 0.00251762  1.00000000
695.5  0.98051631 0.01355016 0.00053496 0.00032042 0.00124370 0.00001922 0.00052069 0.00041304 0.00012362 0.00275788  1.00000000
696.0  0.97888081 0.01527984 0.00056356 0.00027655 0.00129114 0.00004075 0.00049282 0.00046423 0.00010966 0.00260064  1.00000000
696.5  0.98007627 0.01418124 0.00053149 0.00022874 0.00130097 0.00002499 0.00047942 0.00047502 0.00015392 0.00254794  1.00000000
697.0  0.97965878 0.01465052 0.00058279 0.00018656 0.00134085 0.00001897 0.00049058 0.00041478 0.00017932 0.00247686  1.00000000
697.5  0.97968076 0.01471464 0.00054538 0.00017854 0.00134327 0.00000780 0.00048816 0.00043535 0.00012383 0.00248227  1.00000000
698.0  0.97999832 0.01441327 0.00057210 0.00017986 0.00132903 0.00002626 0.00044628 0.00054335 0.00010645 0.00238508  1.00000000
698.5  0.97944078 0.01478169 0.00052798 0.00018539 0.00142440 0.00002168 0.00046950 0.00048073 0.00015101 0.00251685  1.00000000
699.0  0.97960942 0.01449436 0.00055987 0.00018886 0.00142840 0.00002545 0.00049208 0.00040948 0.00017021 0.00262186  1.00000000
699.5  0.97992694 0.01442175 0.00055162 0.00017356 0.00139661 0.00001292 0.00047570 0.00047110 0.00014305 0.00242675  1.00000000
700.0  0.97923971 0.01493958 0.00059010 0.00017824 0.00136080 0.00001625 0.00043904 0.00057907 0.00012075 0.00253645  1.00000000
700.5  0.98022030 0.01394634 0.00060065 0.00016490 0.00134941 0.00001730 0.00044062 0.00047941 0.00016099 0.00262008  1.00000000
701.0  0.97887299 0.01533111 0.00058787 0.00018799 0.00137742 0.00003092 0.00041225 0.00042443 0.00012752 0.00264751  1.00000000
701.5  0.98045282 0.01361037 0.00059012 0.00020924 0.00136801 0.00007058 0.00032171 0.00050376 0.00011390 0.00275951  1.00000000
702.0  0.97873140 0.01539153 0.00056302 0.00022968 0.00133303 0.00009360 0.00032254 0.00055082 0.00008496 0.00269943  1.00000000
702.5  0.98073918 0.01387857 0.00058717 0.00027262 0.00123224 0.00006295 0.00035909 0.00041261 0.00008734 0.00236823  1.00000000
703.0  0.97963158 0.01493483 0.00058190 0.00025887 0.00117047 0.00004528 0.00033418 0.00042476 0.00005359 0.00256454  1.00000000
703.5  0.97955219 0.01478442 0.00061855 0.00034503 0.00113020 0.00004854 0.00042960 0.00037412 0.00005822 0.00265913  1.00000000
704.0  0.98046022 0.01392086 0.00059819 0.00035662 0.00111208 0.00003658 0.00034624 0.00054350 0.00002256 0.00260315  1.00000000
704.5  0.97846733 0.01592016 0.00059765 0.00032762 0.00111601 0.00013294 0.00039175 0.00043111 0.00003264 0.00258280  1.00000000
705.0  0.98114905 0.01288618 0.00058532 0.00044746 0.00106914 0.00017760 0.00031231 0.00044643 0.00000108 0.00292543  1.00000000
705.5  0.97743152 0.01673739 0.00057535 0.00044408 0.00098310 0.00016340 0.00027441 0.00050449 0.00001006 0.00287622  1.00000000
706.0  0.98144882 0.01246144 0.00059081 0.00043613 0.00098242 0.00018278 0.00041189 0.00040659 0.00001533 0.00306380  1.00000000
706.5  0.97707377 0.01666837 0.00058573 0.00057516 0.00091755 0.00020358 0.00032970 0.00049354 0.00002894 0.00312365  1.00000000
707.0  0.98093118 0.01280984 0.00059631 0.00053986 0.00093904 0.00022840 0.00029324 0.00042150 0.00005362 0.00318700  1.00000000
707.5  0.97789927 0.01585491 0.00058992 0.00065296 0.00080996 0.00024277 0.00025914 0.00044469 0.00004575 0.00320062  1.00000000
708.0  0.98013906 0.01354872 0.00062323 0.00061809 0.00081755 0.00027513 0.00031156 0.00035130 0.00009339 0.00322198  1.00000000
708.5  0.97899057 0.01481850 0.00060503 0.00060663 0.00077892 0.00031689 0.00031367 0.00036175 0.00007032 0.00313772  1.00000000
709.0  0.97955402 0.01436740 0.00062302 0.00066170 0.00066793 0.00036968 0.00030586 0.00028926 0.00009000 0.00307113  1.00000000
709.5  0.97973664 0.01411880 0.00060001 0.00065284 0.00072497 0.00037382 0.00030360 0.00028116 0.00007787 0.00313029  1.00000000
710.0  0.97906743 0.01476545 0.00063893 0.00070314 0.00067990 0.00047843 0.00028707 0.00023226 0.00010761 0.00303979  1.00000000
710.5  0.98005468 0.01386482 0.00061702 0.00068174 0.00075054 0.00046127 0.00027098 0.00022305 0.00008523 0.00299067  1.00000000
711.0  0.97902320 0.01477925 0.00064178 0.00066746 0.00071370 0.00052839 0.00022654 0.00023700 0.00007819 0.00310449  1.00000000
711.5  0.97968097 0.01399244 0.00067076 0.00063564 0.00082717 0.00051300 0.00023157 0.00022766 0.00005223 0.00316856  1.00000000
712.0  0.97901692 0.01439158 0.00070324 0.00064532 0.00088259 0.00056844 0.00023225 0.00024667 0.00005789 0.00325510  1.00000000
712.5  0.97895581 0.01438328 0.00071385 0.00067775 0.00092075 0.00052321 0.00023073 0.00021853 0.00004571 0.00333037  1.00000000
713.0  0.97967564 0.01385945 0.00070566 0.00064715 0.00079945 0.00054106 0.00019442 0.00022843 0.00005412 0.00329462  1.00000000
713.5  0.97869436 0.01493336 0.00072198 0.00065564 0.00072658 0.00050022 0.00020212 0.00024304 0.00004242 0.00328027  1.00000000
714.0  0.98019076 0.01325540 0.00071287 0.00065843 0.00071416 0.00051043 0.00023025 0.00027975 0.00006510 0.00338284  1.00000000
714.5  0.97772169 0.01555093 0.00073883 0.00065846 0.00081688 0.00049403 0.00029634 0.00031832 0.00006261 0.00334192  1.00000000
715.0  0.98093324 0.01267131 0.00070640 0.00068938 0.00087779 0.00048888 0.00031139 0.00022741 0.00008048 0.00301373  1.00000000
715.5  0.97760905 0.01606736 0.00071758 0.00066557 0.00086920 0.00049701 0.00028920 0.00026294 0.00009409 0.00292799  1.00000000
716.0  0.98147172 0.01235501 0.00072626 0.00068752 0.00073863 0.00051720 0.00026542 0.00029549 0.00012208 0.00282068  1.00000000
716.5  0.97769125 0.01627571 0.00073250 0.00067187 0.00069851 0.00053645 0.00030346 0.00030226 0.00012833 0.00265968  1.00000000
717.0  0.98153065 0.01247394 0.00072834 0.00064648 0.00074418 0.00056895 0.00032922 0.00024045 0.00014842 0.00258936  1.00000000
717.5  0.97802857 0.01584956 0.00070777 0.00071504 0.00080076 0.00061057 0.00032007 0.00025378 0.00016549 0.00254838  1.00000000
718.0  0.98073767 0.01315749 0.00071067 0.00064301 0.00088476 0.00062647 0.00022205 0.00030716 0.00020000 0.00251073  1.00000000
718.5  0.97901910 0.01494352 0.00071449 0.00067821 0.00079393 0.00056222 0.00024185 0.00028734 0.00017200 0.00258735  1.00000000
719.0  0.97970919 0.01425999 0.00073636 0.00073639 0.00080327 0.00067246 0.00019189 0.00022239 0.00016411 0.00250395  1.00000000
719.5  0.98023811 0.01380177 0.00075308 0.00068342 0.00073554 0.00065316 0.00028213 0.00026530 0.00018630 0.00240119  1.00000000
720.0  0.97877408 0.01526954 0.00076964 0.00060038 0.00082271 0.00055786 0.00022932 0.00033678 0.00020516 0.00243453  1.00000000
720.5  0.98104639 0.01301779 0.00078489 0.00082563 0.00076501 0.00045982 0.00017063 0.00033273 0.00018906 0.00240805  1.00000000
721.0  0.97832660 0.01580081 0.00075125 0.00061568 0.00084611 0.00053205 0.00025828 0.00025662 0.00011444 0.00249815  1.00000000
721.5  0.98122171 0.01277946 0.00074378 0.00082870 0.00070252 0.00043844 0.00016442 0.00043233 0.00018974 0.00249890  1.00000000
722.0  0.97821843 0.01570228 0.00073970 0.00069184 0.00092972 0.00036416 0.00037091 0.00041930 0.00008221 0.00248144  1.00000000
722.5  0.98092217 0.01301003 0.00078485 0.00080487 0.00081161 0.00041203 0.00020548 0.00043175 0.00012458 0.00249263  1.00000000
723.0  0.97854774 0.01524761 0.00075387 0.00065959 0.00094320 0.00053192 0.00029016 0.00035779 0.00014333 0.00252480  1.00000000
723.5  0.98020366 0.01352625 0.00076358 0.00074959 0.00080909 0.00057174 0.00023459 0.00029927 0.00019005 0.00265218  1.00000000
724.0  0.97928403 0.01460554 0.00075022 0.00075873 0.00082689 0.00040787 0.00040017 0.00019472 0.00015675 0.00261507  1.00000000
724.5  0.98012366 0.01405527 0.00074863 0.00079020 0.00083345 0.00057261 0.00013791 0.00013686 0.00014098 0.00246043  1.00000000
725.0  0.97979446 0.01410598 0.00072934 0.00070979 0.00096957 0.00062028 0.00017003 0.00017569 0.00018266 0.00254220  1.00000000
725.5  0.97912568 0.01447917 0.00076517 0.00085797 0.00101421 0.00072742 0.00019786 0.00017987 0.00021586 0.00243679  1.00000000
726.0  0.98001990 0.01400655 0.00075002 0.00085692 0.00103068 0.00059693 0.00018539 0.00012948 0.00017135 0.00225278  1.00000000
726.5  0.97975930 0.01429062 0.00077992 0.00091224 0.00101023 0.00052153 0.00015691 0.00010922 0.00015635 0.00230369  1.00000000
727.0  0.97938755 0.01418569 0.00081661 0.00099678 0.00095609 0.00066977 0.00015065 0.00019819 0.00022717 0.00241149  1.00000000
727.5  0.97990256 0.01379860 0.00076198 0.00091098 0.00094364 0.00064481 0.00015894 0.00017452 0.00026221 0.00244177  1.00000000
728.0  0.97872807 0.01504455 0.00080925 0.00089292 0.00095576 0.00049233 0.00016338 0.00013869 0.00018889 0.00258615  1.00000000
728.5  0.98090799 0.01288092 0.00079846 0.00087290 0.00097516 0.00054599 0.00018679 0.00014988 0.00017043 0.00251148  1.00000000
729.0  0.97757985 0.01596079 0.00077028 0.00090966 0.00092379 0.00064222 0.00021777 0.00026475 0.00020954 0.00252134  1.00000000
729.5  0.98110206 0.01209899 0.00074107 0.00086177 0.00093854 0.00056905 0.00019347 0.00021124 0.00026116 0.00302266  1.00000000
730.0  0.97688115 0.01642608 0.00076877 0.00085884 0.00098994 0.00051897 0.00015844 0.00018304 0.00015445 0.00306031  1.00000000
730.5  0.98119486 0.01213397 0.00076643 0.00084295 0.00109776 0.00056741 0.00017393 0.00021373 0.00015729 0.00285168  1.00000000
731.0  0.97699075 0.01613340 0.00080177 0.00074296 0.00119038 0.00056323 0.00027605 0.00027820 0.00012271 0.00290057  1.00000000
731.5  0.98012890 0.01293526 0.00079532 0.00081890 0.00108461 0.00061812 0.00026541 0.00025418 0.00013089 0.00296842  1.00000000
732.0  0.97822754 0.01496542 0.00079948 0.00058945 0.00127658 0.00058363 0.00029239 0.00009325 0.00008118 0.00309109  1.00000000
732.5  0.97926714 0.01424890 0.00080058 0.00126819 0.00040087 0.00052118 0.00009515 0.00025978 0.00005253 0.00308568  1.00000000
733.0  0.97980615 0.01366729 0.00078207 0.00095520 0.00074646 0.00058046 0.00021511 0.00013078 0.00007730 0.00303919  1.00000000
733.5  0.97799477 0.01531274 0.00083072 0.00109362 0.00062014 0.00061328 0.00029510 0.00018316 0.00000874 0.00304773  1.00000000
734.0  0.98048924 0.01281206 0.00085294 0.00102616 0.00061435 0.00056818 0.00026149 0.00017446 0.00003677 0.00316436  1.00000000
734.5  0.97760955 0.01569483 0.00092117 0.00103451 0.00064080 0.00056836 0.00014317 0.00020777 0.00004008 0.00313977  1.00000000
735.0  0.98077608 0.01266747 0.00082691 0.00120797 0.00062513 0.00057663 0.00014644 0.00014574 0.00006856 0.00295908  1.00000000
735.5  0.97792547 0.01554074 0.00087891 0.00100600 0.00068811 0.00060300 0.00015379 0.00023160 0.00003427 0.00293809  1.00000000
736.0  0.98044058 0.01299339 0.00087844 0.00111916 0.00065166 0.00057069 0.00022526 0.00012579 0.00004266 0.00295236  1.00000000
736.5  0.97813200 0.01494081 0.00090788 0.00111785 0.00065293 0.00061699 0.00036751 0.00004393 0.00003653 0.00318357  1.00000000
737.0  0.97956359 0.01348595 0.00088375 0.00124974 0.00055807 0.00062319 0.00030955 0.00003416 0.00004994 0.00324205  1.00000000
737.5  0.97865540 0.01440481 0.00086275 0.00129837 0.00063319 0.00055584 0.00022856 0.00005972 0.00004096 0.00326039  1.00000000
738.0  0.97877908 0.01414458 0.00085062 0.00133836 0.00064369 0.00058480 0.00025465 0.00006893 0.00004012 0.00329516  1.00000000
738.5  0.97902637 0.01380120 0.00085901 0.00125204 0.00081864 0.00062414 0.00034049 0.00002576 0.00003266 0.00321970  1.00000000
739.0  0.97827371 0.01454405 0.00091235 0.00133437 0.00074163 0.00057783 0.00033458 0.00005069 0.00001748 0.00321332  1.00000000
739.5  0.97948182 0.01349873 0.00091710 0.00128750 0.00072611 0.00044159 0.00033935 0.00008012 0.00004119 0.00318648  1.00000000
740.0  0.97810757 0.01490619 0.00090150 0.00125476 0.00063969 0.00048265 0.00046183 0.00008345 0.00002902 0.00313334  1.00000000
740.5  0.97946127 0.01334638 0.00092669 0.00123256 0.00065502 0.00035128 0.00064964 0.00004665 0.00002047 0.00331004  1.00000000
741.0  0.97801583 0.01482198 0.00085321 0.00125535 0.00067384 0.00013658 0.00073934 0.00008074 0.00001154 0.00341161  1.00000000
741.5  0.97915614 0.01366307 0.00083894 0.00132398 0.00071688 0.00005911 0.00084843 0.00010164 0.00003358 0.00325823  1.00000000
742.0  0.97814063 0.01453406 0.00088011 0.00123117 0.00071931 0.00006711 0.00091898 0.00009361 0.00004051 0.00337451  1.00000000
742.5  0.97822740 0.01445168 0.00089192 0.00117318 0.00072105 0.00007771 0.00085795 0.00008082 0.00003389 0.00348442  1.00000000
743.0  0.97919900 0.01375338 0.00089757 0.00119678 0.00068939 0.00006783 0.00086566 0.00007630 0.00002784 0.00322626  1.00000000
743.5  0.97755191 0.01532687 0.00087963 0.00114637 0.00075244 0.00005521 0.00094037 0.00006620 0.00004849 0.00323250  1.00000000
744.0  0.97999021 0.01276438 0.00087354 0.00117778 0.00071625 0.00010829 0.00095851 0.00007034 0.00006512 0.00327559  1.00000000
744.5  0.97672313 0.01618081 0.00084322 0.00109529 0.00079448 0.00008051 0.00089567 0.00007458 0.00006243 0.00324987  1.00000000
745.0  0.98070952 0.01215019 0.00085985 0.00119533 0.00068610 0.00007427 0.00094588 0.00009784 0.00005138 0.00322962  1.00000000
745.5  0.97593050 0.01669673 0.00087362 0.00109726 0.00086066 0.00007806 0.00096055 0.00011137 0.00007002 0.00332123  1.00000000
746.0  0.98055618 0.01205249 0.00088241 0.00110836 0.00084402 0.00008076 0.00090677 0.00013071 0.00007292 0.00336537  1.00000000
746.5  0.97642549 0.01650687 0.00086738 0.00096450 0.00090915 0.00006577 0.00087558 0.00014570 0.00005915 0.00318041  1.00000000
747.0  0.98025833 0.01253780 0.00088274 0.00101553 0.00088524 0.00011156 0.00090432 0.00017565 0.00004479 0.00318404  1.00000000
747.5  0.97701907 0.01577908 0.00091374 0.00108548 0.00091716 0.00016146 0.00082196 0.00019510 0.00003799 0.00306897  1.00000000
748.0  0.97955576 0.01334914 0.00088151 0.00114162 0.00092125 0.00012585 0.00072449 0.00023170 0.00002660 0.00304209  1.00000000
748.5  0.97751461 0.01497343 0.00092579 0.00123977 0.00098917 0.00015542 0.00065615 0.00022128 0.00004308 0.00328129  1.00000000
749.0  0.97845222 0.01401832 0.00090570 0.00126972 0.00093774 0.00025713 0.00067992 0.00021924 0.00002143 0.00323859  1.00000000
749.5  0.97840273 0.01427659 0.00094423 0.00118957 0.00084818 0.00025020 0.00061321 0.00016956 0.00002641 0.00327933  1.00000000
750.0  0.97840217 0.01430315 0.00093585 0.00117819 0.00085700 0.00025382 0.00058129 0.00023458 0.00001176 0.00324219  1.00000000
750.5  0.97850979 0.01412630 0.00099159 0.00123120 0.00074449 0.00037441 0.00057930 0.00020082 0.00000480 0.00323731  1.00000000
751.0  0.97853934 0.01424387 0.00099627 0.00109851 0.00089773 0.00043143 0.00051670 0.00021146 0.00000816 0.00305653  1.00000000
751.5  0.97854857 0.01428159 0.00103112 0.00114797 0.00079772 0.00044734 0.00043682 0.00018997 0.00002628 0.00309262  1.00000000
752.0  0.97915708 0.01367163 0.00100813 0.00110576 0.00092120 0.00053449 0.00037688 0.00023715 0.00001645 0.00297122  1.00000000
752.5  0.97787948 0.01483539 0.00097461 0.00120041 0.00088179 0.00066139 0.00033186 0.00024899 0.00000622 0.00297987  1.00000000
753.0  0.97961636 0.01310822 0.00098143 0.00109572 0.00090239 0.00062482 0.00026227 0.00022860 0.00001286 0.00316733  1.00000000
753.5  0.97745282 0.01547846 0.00096741 0.00117741 0.00089466 0.00066116 0.00018905 0.00023007 0.00002700 0.00292195  1.00000000
754.0  0.98015537 0.01270166 0.00102885 0.00114214 0.00094974 0.00079294 0.00017251 0.00023197 0.00001791 0.00280691  1.00000000
754.5  0.97707706 0.01553467 0.00103068 0.00112807 0.00092699 0.00080111 0.00014085 0.00026330 0.00001095 0.00308632  1.00000000
755.0  0.97962998 0.01303611 0.00105226 0.00116542 0.00085330 0.00075701 0.00010959 0.00026031 0.00001627 0.00311976  1.00000000
755.5  0.97782528 0.01492268 0.00101984 0.00116887 0.00088277 0.00080584 0.00009540 0.00024685 0.00002668 0.00300582  1.00000000
756.0  0.97870898 0.01402628 0.00098548 0.00109276 0.00088848 0.00092357 0.00009496 0.00025501 0.00001326 0.00301122  1.00000000
756.5  0.97916426 0.01357419 0.00098406 0.00110692 0.00089584 0.00084259 0.00011166 0.00030214 0.00000909 0.00300925  1.00000000
757.0  0.97709761 0.01544539 0.00100684 0.00110731 0.00105261 0.00081989 0.00012283 0.00031081 0.00001269 0.00302402  1.00000000
757.5  0.98011902 0.01225878 0.00104222 0.00108411 0.00111159 0.00077670 0.00019332 0.00025173 0.00000776 0.00315477  1.00000000
758.0  0.97640301 0.01630468 0.00107051 0.00102286 0.00108551 0.00065315 0.00037878 0.00024354 0.00001104 0.00282691  1.00000000
758.5  0.98091921 0.01183257 0.00102518 0.00110066 0.00103951 0.00035292 0.00065494 0.00026443 0.00001508 0.00279550  1.00000000
759.0  0.97635424 0.01641334 0.00101901 0.00102955 0.00114709 0.00023725 0.00024262 0.00058761 0.00004995 0.00291932  1.00000000
759.5  0.98038935 0.01223710 0.00109045 0.00112673 0.00091919 0.00037028 0.00085773 0.00005015 0.00001230 0.00294673  1.00000000
760.0  0.97739985 0.01555646 0.00103686 0.00104851 0.00110839 0.00049976 0.00057875 0.00006369 0.00003180 0.00267593  1.00000000
760.5  0.98010807 0.01303542 0.00103416 0.00115270 0.00094928 0.00039653 0.00060258 0.00008595 0.00001605 0.00261925  1.00000000
761.0  0.97811263 0.01468782 0.00105048 0.00108939 0.00095546 0.00044897 0.00076830 0.00006417 0.00000597 0.00281681  1.00000000
761.5  0.97909477 0.01376658 0.00104500 0.00115218 0.00097735 0.00048535 0.00071562 0.00008707 0.00000195 0.00267414  1.00000000
762.0  0.97912211 0.01394798 0.00107905 0.00115472 0.00089174 0.00038534 0.00066497 0.00008419 0.00000824 0.00266166  1.00000000
762.5  0.97887407 0.01402954 0.00111955 0.00117471 0.00088881 0.00039768 0.00062464 0.00005950 0.00000158 0.00282990  1.00000000
763.0  0.97913936 0.01373030 0.00113707 0.00103662 0.00091455 0.00045156 0.00071129 0.00007358 0.00000012 0.00280557  1.00000000
763.5  0.97884225 0.01403452 0.00113180 0.00110733 0.00086265 0.00039535 0.00076916 0.00007197 0.00000355 0.00278143  1.00000000
764.0  0.97896623 0.01382951 0.00112828 0.00098232 0.00096849 0.00030263 0.00068986 0.00005711 0.00000219 0.00307337  1.00000000
764.5  0.97904066 0.01373768 0.00112792 0.00141779 0.00047684 0.00034553 0.00058586 0.00005019 0.00000659 0.00321093  1.00000000
765.0  0.97869434 0.01413665 0.00111765 0.00116631 0.00083383 0.00029742 0.00061374 0.00006873 0.00001014 0.00306119  1.00000000
765.5  0.97936873 0.01337763 0.00107999 0.00124259 0.00079097 0.00028085 0.00070187 0.00008218 0.00002382 0.00305138  1.00000000
766.0  0.97776363 0.01472087 0.00107099 0.00124430 0.00078146 0.00036349 0.00078233 0.00006185 0.00001767 0.00319340  1.00000000
766.5  0.97987316 0.01290759 0.00108702 0.00123423 0.00066697 0.00042084 0.00064659 0.00007607 0.00001881 0.00306873  1.00000000
767.0  0.97767985 0.01532367 0.00110864 0.00113115 0.00065139 0.00027841 0.00066014 0.00009999 0.00001230 0.00305446  1.00000000
767.5  0.98032615 0.01226603 0.00118527 0.00122435 0.00061374 0.00036185 0.00067520 0.00011192 0.00001745 0.00321805  1.00000000
768.0  0.97660555 0.01579260 0.00119137 0.00114949 0.00067245 0.00028941 0.00097590 0.00008191 0.00000362 0.00323770  1.00000000
768.5  0.98048748 0.01183001 0.00122640 0.00122978 0.00064423 0.00041708 0.00082017 0.00010743 0.00000347 0.00323394  1.00000000
769.0  0.97608248 0.01602060 0.00116447 0.00124021 0.00073104 0.00029657 0.00077123 0.00013955 0.00000178 0.00355207  1.00000000
769.5  0.98032567 0.01184946 0.00124411 0.00126400 0.00061669 0.00032057 0.00069379 0.00014394 0.00000315 0.00353861  1.00000000
770.0  0.97648222 0.01572532 0.00121530 0.00124363 0.00070226 0.00031767 0.00079394 0.00011079 0.00001630 0.00339257  1.00000000
770.5  0.97980062 0.01226164 0.00129606 0.00116462 0.00062484 0.00041445 0.00087703 0.00010839 0.00002787 0.00342448  1.00000000
771.0  0.97739444 0.01490520 0.00129576 0.00107585 0.00065133 0.00034213 0.00083813 0.00011340 0.00002782 0.00335593  1.00000000
771.5  0.97934873 0.01308222 0.00131574 0.00112791 0.00060780 0.00033627 0.00075149 0.00009522 0.00002715 0.00330747  1.00000000
772.0  0.97845616 0.01399427 0.00128354 0.00094528 0.00067973 0.00045077 0.00072982 0.00005990 0.00004573 0.00335480  1.00000000
772.5  0.97843194 0.01384984 0.00134064 0.00103040 0.00063275 0.00043743 0.00080741 0.00006318 0.00006484 0.00334157  1.00000000
773.0  0.97914957 0.01321823 0.00131348 0.00096137 0.00069133 0.00043448 0.00078534 0.00007453 0.00005576 0.00331591  1.00000000
773.5  0.97778971 0.01441511 0.00132934 0.00100487 0.00063516 0.00051522 0.00082995 0.00006382 0.00003218 0.00338464  1.00000000
774.0  0.97934687 0.01293970 0.00136487 0.00102734 0.00069569 0.00056215 0.00079080 0.00003188 0.00004721 0.00319348  1.00000000
774.5  0.97790358 0.01447253 0.00131035 0.00105078 0.00061383 0.00042635 0.00085488 0.00005119 0.00006786 0.00324865  1.00000000
775.0  0.97947034 0.01292980 0.00135662 0.00099941 0.00065399 0.00054565 0.00073828 0.00002728 0.00006553 0.00321310  1.00000000
775.5  0.97827731 0.01416028 0.00130872 0.00101586 0.00057761 0.00050127 0.00081452 0.00004818 0.00003186 0.00326439  1.00000000
776.0  0.97902615 0.01330258 0.00145411 0.00092694 0.00060367 0.00051410 0.00078541 0.00001040 0.00002841 0.00334822  1.00000000
776.5  0.97877301 0.01370055 0.00139190 0.00100864 0.00055369 0.00038172 0.00091248 0.00011098 0.00002808 0.00313896  1.00000000
777.0  0.97856458 0.01363424 0.00142360 0.00095625 0.00072369 0.00045865 0.00081295 0.00007383 0.00005375 0.00329846  1.00000000
777.5  0.97902734 0.01325667 0.00145786 0.00159797 0.00009826 0.00034609 0.00057467 0.00019875 0.00008836 0.00335403  1.00000000
778.0  0.97849671 0.01375947 0.00145664 0.00056854 0.00111357 0.00025058 0.00064821 0.00023518 0.00008347 0.00338765  1.00000000
778.5  0.97894637 0.01331619 0.00140022 0.00076653 0.00093956 0.00017962 0.00067204 0.00032761 0.00016917 0.00328268  1.00000000
779.0  0.97871291 0.01346295 0.00139043 0.00081590 0.00100871 0.00005176 0.00067410 0.00049744 0.00011528 0.00327053  1.00000000
779.5  0.97840418 0.01378646 0.00136021 0.00082022 0.00101692 0.00006188 0.00061848 0.00049961 0.00009764 0.00333440  1.00000000
780.0  0.97931875 0.01287388 0.00133843 0.00076121 0.00108437 0.00004623 0.00058240 0.00055011 0.00009708 0.00334753  1.00000000
780.5  0.97756921 0.01447153 0.00139605 0.00079779 0.00105871 0.00001091 0.00060601 0.00054088 0.00016937 0.00337954  1.00000000
781.0  0.97997942 0.01222658 0.00140671 0.00073409 0.00108942 0.00001317 0.00061355 0.00053217 0.00010233 0.00330256  1.00000000
781.5  0.97725386 0.01496782 0.00146010 0.00078818 0.00105676 0.00001434 0.00060965 0.00057850 0.00006404 0.00320674  1.00000000
782.0  0.98006234 0.01183524 0.00148593 0.00074419 0.00113251 0.00000672 0.00059125 0.00061782 0.00006638 0.00345762  1.00000000
782.5  0.97705887 0.01499081 0.00135691 0.00079501 0.00102930 0.00000792 0.00061103 0.00052259 0.00011304 0.00351453  1.00000000
783.0  0.98001828 0.01235271 0.00139998 0.00070795 0.00112455 0.00003754 0.00062207 0.00051881 0.00005811 0.00316000  1.00000000
783.5  0.97788263 0.01425142 0.00144222 0.00083846 0.00103043 0.00000624 0.00067188 0.00062560 0.00004436 0.00320677  1.00000000
784.0  0.97851233 0.01313989 0.00144088 0.00076150 0.00109847 0.00001717 0.00068497 0.00067084 0.00003697 0.00363698  1.00000000
784.5  0.97882498 0.01330813 0.00140875 0.00085971 0.00095464 0.00003454 0.00073372 0.00053002 0.00006906 0.00327645  1.00000000
785.0  0.97793667 0.01406514 0.00137272 0.00075649 0.00099052 0.00006431 0.00074699 0.00054538 0.00003937 0.00348241  1.00000000
785.5  0.97896068 0.01261296 0.00146418 0.00076233 0.00097576 0.00001351 0.00070994 0.00069068 0.00004665 0.00376333  1.00000000
786.0  0.97718048 0.01451331 0.00147957 0.00074463 0.00097420 0.00008190 0.00071816 0.00063516 0.00002288 0.00364971  1.00000000
786.5  0.97987846 0.01238482 0.00146105 0.00074663 0.00099190 0.00007246 0.00075035 0.00051872 0.00004104 0.00315457  1.00000000
787.0  0.97762091 0.01459845 0.00149964 0.00085364 0.00092949 0.00005325 0.00084554 0.00048698 0.00002774 0.00308436  1.00000000
787.5  0.97951578 0.01257984 0.00145655 0.00071369 0.00098269 0.00004023 0.00069455 0.00069990 0.00004742 0.00326934  1.00000000
788.0  0.97777227 0.01426231 0.00147023 0.00089286 0.00082202 0.00006825 0.00076045 0.00051605 0.00002821 0.00340734  1.00000000
788.5  0.97922326 0.01297885 0.00148978 0.00068964 0.00102320 0.00004668 0.00063951 0.00060380 0.00001906 0.00328622  1.00000000
789.0  0.97859495 0.01376249 0.00157235 0.00089966 0.00078842 0.00005637 0.00079780 0.00051277 0.00004295 0.00297224  1.00000000
789.5  0.97895624 0.01338697 0.00148062 0.00067311 0.00108520 0.00009557 0.00071658 0.00059437 0.00003798 0.00297336  1.00000000
790.0  0.97874076 0.01348242 0.00155911 0.00086399 0.00089475 0.00010920 0.00072318 0.00053371 0.00002468 0.00306820  1.00000000
790.5  0.97869303 0.01355999 0.00154152 0.00068980 0.00111513 0.00010398 0.00070769 0.00049945 0.00000431 0.00308511  1.00000000
791.0  0.97889070 0.01345689 0.00155003 0.00085426 0.00097620 0.00015898 0.00070345 0.00042194 0.00001382 0.00297374  1.00000000
791.5  0.97878526 0.01356902 0.00154870 0.00075674 0.00114076 0.00016584 0.00070686 0.00038722 0.00001376 0.00292585  1.00000000
792.0  0.97863677 0.01361274 0.00154708 0.00081661 0.00109335 0.00017924 0.00065081 0.00045877 0.00001189 0.00299275  1.00000000
792.5  0.97898452 0.01330666 0.00155141 0.00077813 0.00112899 0.00019292 0.00067782 0.00038008 0.00000729 0.00299218  1.00000000
793.0  0.97850267 0.01399703 0.00155412 0.00083461 0.00103604 0.00019673 0.00061351 0.00032333 0.00002134 0.00292063  1.00000000
793.5  0.97969405 0.01287822 0.00154448 0.00079999 0.00105440 0.00021718 0.00062050 0.00029329 0.00003813 0.00285977  1.00000000
794.0  0.97807037 0.01432304 0.00156459 0.00080398 0.00111566 0.00021958 0.00053062 0.00038728 0.00004479 0.00294009  1.00000000
794.5  0.97986188 0.01246177 0.00149824 0.00078251 0.00114806 0.00021529 0.00054569 0.00033501 0.00002857 0.00312298  1.00000000
795.0  0.97753136 0.01471461 0.00162962 0.00078499 0.00118198 0.00020263 0.00048039 0.00027863 0.00004928 0.00314650  1.00000000
795.5  0.98002874 0.01212523 0.00157006 0.00084392 0.00121627 0.00020227 0.00048382 0.00034061 0.00007078 0.00311831  1.00000000
796.0  0.97734912 0.01472976 0.00163088 0.00083384 0.00127844 0.00018048 0.00045156 0.00033431 0.00009974 0.00311186  1.00000000
796.5  0.98006314 0.01209646 0.00165587 0.00088061 0.00114629 0.00015430 0.00046861 0.00034036 0.00005388 0.00314049  1.00000000
797.0  0.97807686 0.01452050 0.00170391 0.00071331 0.00123926 0.00020779 0.00042532 0.00027110 0.00008360 0.00275833  1.00000000
797.5  0.98023875 0.01246442 0.00164154 0.00080325 0.00113903 0.00004781 0.00051402 0.00033231 0.00004351 0.00277536  1.00000000
798.0  0.97842950 0.01398606 0.00177063 0.00078718 0.00113789 0.00015216 0.00050505 0.00033107 0.00008981 0.00281065  1.00000000
798.5  0.97902187 0.01303899 0.00169501 0.00082193 0.00116004 0.00010014 0.00061116 0.00033166 0.00006176 0.00315745  1.00000000
799.0  0.97870303 0.01339314 0.00169827 0.00082837 0.00110010 0.00013354 0.00054337 0.00034373 0.00011105 0.00314541  1.00000000
799.5  0.97888303 0.01357585 0.00171211 0.00083529 0.00102789 0.00007254 0.00051438 0.00044230 0.00007991 0.00285671  1.00000000
800.0  0.97959111 0.01307347 0.00166049 0.00076384 0.00105796 0.00009544 0.00052335 0.00043076 0.00012270 0.00268088  1.00000000
800.5  0.97852077 0.01382701 0.00172629 0.00080108 0.00104424 0.00013441 0.00057559 0.00043358 0.00014679 0.00279025  1.00000000
801.0  0.97929892 0.01296125 0.00166597 0.00080045 0.00106911 0.00009441 0.00056478 0.00045762 0.00014345 0.00294403  1.00000000
801.5  0.97867219 0.01369086 0.00175799 0.00077890 0.00104525 0.00007005 0.00049651 0.00048001 0.00009078 0.00291746  1.00000000
802.0  0.97931938 0.01325649 0.00165738 0.00076999 0.00105449 0.00010139 0.00048402 0.00047780 0.00008362 0.00279544  1.00000000
802.5  0.97896265 0.01341337 0.00177220 0.00077662 0.00109031 0.00013340 0.00048748 0.00046097 0.00011964 0.00278336  1.00000000
803.0  0.97866492 0.01347326 0.00172066 0.00077933 0.00105553 0.00004442 0.00059456 0.00043388 0.00009773 0.00313570  1.00000000
803.5  0.97872552 0.01319466 0.00180883 0.00086128 0.00107839 0.00007394 0.00049291 0.00051324 0.00008663 0.00316459  1.00000000
804.0  0.97841694 0.01347814 0.00171158 0.00092769 0.00104419 0.00010401 0.00059227 0.00043869 0.00007370 0.00321279  1.00000000
804.5  0.97884065 0.01326609 0.00183123 0.00091496 0.00092160 0.00008936 0.00042988 0.00049354 0.00011948 0.00309321  1.00000000
805.0  0.97836117 0.01331892 0.00174965 0.00092848 0.00132523 0.00002528 0.00059859 0.00032575 0.00014718 0.00321976  1.00000000
805.5  0.97778777 0.01366431 0.00173236 0.00082864 0.00142394 0.00010889 0.00052177 0.00040979 0.00015894 0.00336359  1.00000000
806.0  0.97836274 0.01296700 0.00171207 0.00075559 0.00154778 0.00014486 0.00067672 0.00037083 0.00011203 0.00335038  1.00000000
806.5  0.97740331 0.01397100 0.00176036 0.00072149 0.00163073 0.00010086 0.00070506 0.00037397 0.00009402 0.00323919  1.00000000
807.0  0.97887589 0.01269093 0.00174724 0.00074246 0.00159832 0.00018813 0.00061503 0.00029739 0.00007754 0.00316706  1.00000000
807.5  0.97770303 0.01404212 0.00170371 0.00072553 0.00160373 0.00022508 0.00055305 0.00024909 0.00009756 0.00309712  1.00000000
808.0  0.97901470 0.01271208 0.00179497 0.00073374 0.00145655 0.00018834 0.00060262 0.00030475 0.00008890 0.00310335  1.00000000
808.5  0.97790126 0.01386806 0.00174287 0.00075338 0.00139887 0.00018944 0.00073891 0.00027685 0.00006538 0.00306499  1.00000000
809.0  0.97892643 0.01299213 0.00178036 0.00078057 0.00136736 0.00026317 0.00070716 0.00020366 0.00006192 0.00291725  1.00000000
809.5  0.97870488 0.01343501 0.00178090 0.00080452 0.00131806 0.00023456 0.00061833 0.00020411 0.00006558 0.00283405  1.00000000
810.0  0.97864829 0.01334806 0.00185655 0.00079259 0.00140780 0.00019951 0.00059988 0.00025404 0.00006404 0.00282925  1.00000000
810.5  0.97874680 0.01308625 0.00177975 0.00086344 0.00142320 0.00024665 0.00073586 0.00023518 0.00004583 0.00283704  1.00000000
811.0  0.97840272 0.01362409 0.00176917 0.00082351 0.00139961 0.00026969 0.00080355 0.00019363 0.00003573 0.00267830  1.00000000
811.5  0.97932429 0.01290397 0.00181932 0.00077108 0.00141726 0.00022283 0.00074999 0.00021172 0.00003871 0.00254084  1.00000000
812.0  0.97872895 0.01372931 0.00180277 0.00079885 0.00139728 0.00024335 0.00062172 0.00025073 0.00003077 0.00239626  1.00000000
812.5  0.97943942 0.01299559 0.00179166 0.00075803 0.00140502 0.00024515 0.00071007 0.00021165 0.00002050 0.00242292  1.00000000
813.0  0.97871526 0.01361398 0.00180071 0.00076348 0.00143202 0.00030189 0.00071482 0.00018843 0.00002593 0.00244348  1.00000000
813.5  0.97918527 0.01317509 0.00176800 0.00076659 0.00147669 0.00015242 0.00082143 0.00020773 0.00005463 0.00239215  1.00000000
814.0  0.97902775 0.01352008 0.00181421 0.00072899 0.00144853 0.00025359 0.00052539 0.00018879 0.00005637 0.00243631  1.00000000
814.5  0.97941415 0.01325956 0.00178790 0.00075627 0.00153688 0.00017258 0.00049853 0.00022579 0.00005392 0.00229441  1.00000000
815.0  0.97928570 0.01332349 0.00179451 0.00071504 0.00158727 0.00022700 0.00063877 0.00017994 0.00007173 0.00217655  1.00000000
815.5  0.97917858 0.01339750 0.00178021 0.00061347 0.00156257 0.00021868 0.00067055 0.00025670 0.00010897 0.00221277  1.00000000
816.0  0.97910124 0.01338228 0.00184264 0.00051274 0.00164959 0.00015816 0.00060542 0.00024409 0.00009110 0.00241274  1.00000000
816.5  0.97919197 0.01341764 0.00175936 0.00041406 0.00166933 0.00017872 0.00050586 0.00011475 0.00027190 0.00247641  1.00000000
817.0  0.97915088 0.01342866 0.00181309 0.00046721 0.00166318 0.00017803 0.00052209 0.00029594 0.00014017 0.00234076  1.00000000
817.5  0.97936791 0.01331920 0.00178261 0.00072562 0.00144651 0.00014030 0.00061888 0.00023639 0.00024858 0.00211400  1.00000000
818.0  0.97904674 0.01353042 0.00179141 0.00095526 0.00128054 0.00011002 0.00059396 0.00026841 0.00024529 0.00217796  1.00000000
818.5  0.97957815 0.01320169 0.00175388 0.00101854 0.00114522 0.00012185 0.00053538 0.00028111 0.00027077 0.00209341  1.00000000
819.0  0.97916657 0.01360694 0.00176928 0.00097614 0.00113419 0.00012793 0.00046411 0.00032702 0.00026716 0.00216067  1.00000000
819.5  0.97975812 0.01309403 0.00177036 0.00096856 0.00112852 0.00009623 0.00051365 0.00027633 0.00027336 0.00212084  1.00000000
820.0  0.97929755 0.01367290 0.00172888 0.00097270 0.00116038 0.00010252 0.00052793 0.00025596 0.00026882 0.00201237  1.00000000
820.5  0.97968581 0.01315796 0.00178127 0.00102416 0.00118912 0.00009389 0.00049871 0.00027182 0.00028049 0.00201676  1.00000000
821.0  0.97922499 0.01350094 0.00172564 0.00103702 0.00123205 0.00013132 0.00040555 0.00031225 0.00026104 0.00216920  1.00000000
821.5  0.97958968 0.01318892 0.00176352 0.00100712 0.00123275 0.00011815 0.00038215 0.00026175 0.00028437 0.00217158  1.00000000
822.0  0.97936386 0.01340361 0.00172441 0.00093326 0.00124734 0.00013484 0.00038668 0.00027620 0.00027743 0.00225236  1.00000000
822.5  0.97919243 0.01329128 0.00181553 0.00085503 0.00133798 0.00008548 0.00040170 0.00026640 0.00035427 0.00239991  1.00000000
823.0  0.97941496 0.01320384 0.00173861 0.00080037 0.00140977 0.00010392 0.00028117 0.00037815 0.00030944 0.00235977  1.00000000
823.5  0.97947835 0.01328294 0.00181232 0.00074923 0.00148592 0.00007352 0.00021632 0.00028205 0.00042183 0.00219751  1.00000000
824.0  0.97971060 0.01319723 0.00176207 0.00067818 0.00152927 0.00009796 0.00018859 0.00039253 0.00031336 0.00213022  1.00000000
824.5  0.97940932 0.01331324 0.00174486 0.00073174 0.00149470 0.00004227 0.00028418 0.00031763 0.00042336 0.00223870  1.00000000
825.0  0.97910908 0.01338711 0.00173238 0.00074285 0.00159163 0.00009184 0.00024487 0.00041010 0.00034396 0.00234617  1.00000000
825.5  0.97924010 0.01331103 0.00175378 0.00086475 0.00149558 0.00006140 0.00023198 0.00036835 0.00035529 0.00231775  1.00000000
826.0  0.97922648 0.01356863 0.00170223 0.00095920 0.00142650 0.00005041 0.00015219 0.00040100 0.00035323 0.00216014  1.00000000
826.5  0.97956196 0.01329668 0.00169946 0.00099704 0.00132537 0.00007309 0.00018389 0.00031906 0.00039505 0.00214840  1.00000000
827.0  0.97901601 0.01365329 0.00173930 0.00106094 0.00118214 0.00012070 0.00024317 0.00032342 0.00031288 0.00234815  1.00000000
827.5  0.97949304 0.01330442 0.00167485 0.00113162 0.00110246 0.00007746 0.00027357 0.00032744 0.00028485 0.00233029  1.00000000
828.0  0.97916269 0.01362970 0.00172335 0.00112268 0.00103470 0.00010399 0.00023937 0.00031298 0.00035189 0.00231863  1.00000000
828.5  0.97947488 0.01337300 0.00167275 0.00117033 0.00108751 0.00019711 0.00023312 0.00019666 0.00039680 0.00219783  1.00000000
829.0  0.97924506 0.01355629 0.00173234 0.00122263 0.00107388 0.00017054 0.00026953 0.00016061 0.00028827 0.00228087  1.00000000
829.5  0.97930252 0.01344831 0.00167750 0.00124433 0.00100629 0.00013597 0.00032392 0.00017729 0.00022748 0.00245641  1.00000000
830.0  0.97915409 0.01351199 0.00172994 0.00127204 0.00094339 0.00022135 0.00030164 0.00013152 0.00025862 0.00247542  1.00000000
830.5  0.97933647 0.01349875 0.00169105 0.00132781 0.00079840 0.00025682 0.00033681 0.00004394 0.00024771 0.00246223  1.00000000
831.0  0.97950434 0.01348023 0.00169673 0.00136028 0.00073402 0.00019849 0.00035867 0.00003031 0.00015156 0.00248538  1.00000000
831.5  0.97933593 0.01353659 0.00166080 0.00141588 0.00071027 0.00018689 0.00040370 0.00007008 0.00016936 0.00251050  1.00000000
832.0  0.97909511 0.01370747 0.00152554 0.00147503 0.00066670 0.00016946 0.00034767 0.00011697 0.00025038 0.00264565  1.00000000
832.5  0.97934984 0.01346884 0.00166591 0.00155903 0.00063110 0.00014534 0.00032347 0.00009653 0.00026866 0.00249129  1.00000000
833.0  0.97936086 0.01366189 0.00162930 0.00164234 0.00051501 0.00015524 0.00030321 0.00006832 0.00026821 0.00239562  1.00000000
833.5  0.97950410 0.01339565 0.00163608 0.00175939 0.00038458 0.00013855 0.00026388 0.00016283 0.00031878 0.00243616  1.00000000
834.0  0.97910635 0.01370438 0.00159212 0.00174033 0.00035775 0.00008952 0.00026897 0.00023933 0.00037066 0.00253058  1.00000000
834.5  0.97934508 0.01348653 0.00163240 0.00161880 0.00039745 0.00012182 0.00024271 0.00022137 0.00038283 0.00255101  1.00000000
835.0  0.97952615 0.01363346 0.00156535 0.00153719 0.00052629 0.00010037 0.00026014 0.00016203 0.00040016 0.00228886  1.00000000
835.5  0.97942316 0.01369523 0.00158384 0.00150391 0.00059055 0.00009340 0.00020593 0.00025707 0.00040803 0.00223888  1.00000000
836.0  0.97953941 0.01340448 0.00160968 0.00148166 0.00067530 0.00005994 0.00020928 0.00025928 0.00035777 0.00240319  1.00000000
836.5  0.97847774 0.01392168 0.00164858 0.00150293 0.00073184 0.00009935 0.00019154 0.00023983 0.00045403 0.00273248  1.00000000
837.0  0.97926386 0.01311372 0.00159498 0.00155137 0.00076031 0.00004840 0.00020991 0.00022103 0.00042259 0.00281383  1.00000000
837.5  0.97832707 0.01412498 0.00162490 0.00154311 0.00079589 0.00007075 0.00015746 0.00023870 0.00038341 0.00273372  1.00000000
838.0  0.97943725 0.01298791 0.00161233 0.00147928 0.00085979 0.00006476 0.00020858 0.00024293 0.00037168 0.00273548  1.00000000
838.5  0.97820691 0.01406923 0.00161099 0.00147352 0.00095868 0.00009101 0.00022335 0.00018955 0.00032980 0.00284697  1.00000000
839.0  0.97920023 0.01308956 0.00156969 0.00142380 0.00098342 0.00007331 0.00026550 0.00016127 0.00035246 0.00288076  1.00000000
839.5  0.97828929 0.01400472 0.00158859 0.00140925 0.00102721 0.00008085 0.00019888 0.00014538 0.00040482 0.00285102  1.00000000
840.0  0.97897977 0.01326082 0.00153050 0.00148938 0.00114845 0.00007524 0.00022377 0.00014697 0.00040411 0.00274098  1.00000000
840.5  0.97841653 0.01369481 0.00158588 0.00153174 0.00116814 0.00009803 0.00023161 0.00011941 0.00043474 0.00271910  1.00000000
841.0  0.97851134 0.01353883 0.00154442 0.00153834 0.00113165 0.00007337 0.00022207 0.00008687 0.00043128 0.00292183  1.00000000
841.5  0.97850497 0.01346888 0.00157348 0.00160113 0.00118882 0.00007608 0.00019731 0.00007951 0.00041778 0.00289205  1.00000000
842.0  0.97820918 0.01365462 0.00153898 0.00150571 0.00121982 0.00006557 0.00021839 0.00006724 0.00041568 0.00310481  1.00000000
842.5  0.97847511 0.01343822 0.00162573 0.00149106 0.00114274 0.00007171 0.00022775 0.00006251 0.00045497 0.00301021  1.00000000
843.0  0.97842935 0.01365125 0.00152722 0.00154959 0.00101158 0.00005758 0.00024192 0.00003176 0.00046055 0.00303921  1.00000000
843.5  0.97850508 0.01353140 0.00158404 0.00176682 0.00093854 0.00006923 0.00015775 0.00002206 0.00041071 0.00301438  1.00000000
844.0  0.97847521 0.01351701 0.00155242 0.00183065 0.00091561 0.00007595 0.00016290 0.00000595 0.00044457 0.00301973  1.00000000
844.5  0.97798146 0.01374519 0.00159028 0.00184058 0.00105393 0.00010255 0.00019108 0.00000054 0.00055785 0.00293653  1.00000000
845.0  0.97846056 0.01333172 0.00153122 0.00184538 0.00107006 0.00010765 0.00020317 0.00006709 0.00048353 0.00289962  1.00000000
845.5  0.97787604 0.01400617 0.00160693 0.00183937 0.00100573 0.00009722 0.00020006 0.00014271 0.00030346 0.00292231  1.00000000
846.0  0.97899022 0.01311565 0.00162580 0.00181990 0.00095957 0.00009928 0.00007088 0.00039667 0.00010089 0.00282113  1.00000000
846.5  0.97801912 0.01415710 0.00158866 0.00170349 0.00100604 0.00005777 0.00019276 0.00041478 0.00007475 0.00278553  1.00000000
847.0  0.97870542 0.01317329 0.00165131 0.00163247 0.00108802 0.00010371 0.00014264 0.00051831 0.00004992 0.00293490  1.00000000
847.5  0.97775031 0.01412181 0.00159024 0.00162805 0.00117781 0.00006403 0.00024041 0.00043947 0.00002032 0.00296756  1.00000000
848.0  0.97860874 0.01337340 0.00165111 0.00168939 0.00119852 0.00005061 0.00006691 0.00047581 0.00002127 0.00286425  1.00000000
848.5  0.97813497 0.01393775 0.00158477 0.00162555 0.00124548 0.00005633 0.00019198 0.00032610 0.00005299 0.00284408  1.00000000
849.0  0.97798660 0.01377737 0.00165885 0.00155638 0.00124459 0.00006981 0.00008236 0.00060921 0.00005120 0.00296364  1.00000000
849.5  0.97801960 0.01357861 0.00154945 0.00154849 0.00125108 0.00005269 0.00017787 0.00050271 0.00003022 0.00328928  1.00000000
850.0  0.97745836 0.01433008 0.00162097 0.00147586 0.00117535 0.00006990 0.00012236 0.00042775 0.00005191 0.00326745  1.00000000
850.5  0.97862663 0.01317978 0.00151955 0.00152808 0.00114541 0.00009275 0.00015071 0.00039730 0.00009577 0.00326401  1.00000000
851.0  0.97705551 0.01472015 0.00154028 0.00166268 0.00110623 0.00010155 0.00010599 0.00061151 0.00008230 0.00301379  1.00000000
851.5  0.97889162 0.01286590 0.00151969 0.00169714 0.00114994 0.00012269 0.00012676 0.00046265 0.00009456 0.00306905  1.00000000
852.0  0.97666670 0.01491009 0.00156206 0.00178395 0.00110641 0.00011473 0.00011375 0.00029870 0.00011713 0.00332648  1.00000000
852.5  0.97880221 0.01281907 0.00149511 0.00174556 0.00101870 0.00011860 0.00010075 0.00045006 0.00011827 0.00333166  1.00000000
853.0  0.97725232 0.01480483 0.00148343 0.00172073 0.00092507 0.00010052 0.00010539 0.00052561 0.00013346 0.00294863  1.00000000
853.5  0.97915931 0.01316318 0.00154938 0.00171709 0.00076573 0.00009669 0.00010457 0.00039594 0.00014754 0.00290057  1.00000000
854.0  0.97789899 0.01429870 0.00148025 0.00189146 0.00069145 0.00008043 0.00011753 0.00026741 0.00015873 0.00311505  1.00000000
854.5  0.97847586 0.01362500 0.00151135 0.00205963 0.00064605 0.00010055 0.00009894 0.00043084 0.00016104 0.00289074  1.00000000
855.0  0.97807098 0.01392068 0.00150376 0.00208104 0.00058761 0.00010922 0.00008414 0.00046218 0.00020915 0.00297124  1.00000000
855.5  0.97807968 0.01386353 0.00153404 0.00219639 0.00050296 0.00008900 0.00008482 0.00029262 0.00022267 0.00313429  1.00000000
856.0  0.97825287 0.01377098 0.00148688 0.00216560 0.00044101 0.00009261 0.00009945 0.00028195 0.00027064 0.00313801  1.00000000
856.5  0.97807321 0.01391948 0.00153827 0.00222266 0.00040570 0.00010152 0.00008731 0.00039054 0.00026742 0.00299389  1.00000000
857.0  0.97818682 0.01399020 0.00143875 0.00227334 0.00032149 0.00008458 0.00008063 0.00039749 0.00020900 0.00301770  1.00000000
857.5  0.97857754 0.01361963 0.00145701 0.00229324 0.00028515 0.00009443 0.00007543 0.00026926 0.00021091 0.00311740  1.00000000
858.0  0.97783690 0.01443711 0.00149375 0.00226578 0.00027277 0.00008556 0.00007463 0.00032363 0.00032347 0.00288641  1.00000000
858.5  0.97890937 0.01338964 0.00144080 0.00236334 0.00020699 0.00008768 0.00006111 0.00042020 0.00032984 0.00279104  1.00000000
859.0  0.97782070 0.01473874 0.00143605 0.00239912 0.00012170 0.00008639 0.00005058 0.00034580 0.00027546 0.00272547  1.00000000
859.5  0.97921305 0.01339739 0.00142959 0.00240348 0.00014173 0.00010822 0.00003806 0.00032983 0.00020956 0.00272909  1.00000000
860.0  0.97786672 0.01455549 0.00143716 0.00135407 0.00119326 0.00012443 0.00003981 0.00026705 0.00036557 0.00279643  1.00000000
860.5  0.97855018 0.01377336 0.00140769 0.00098766 0.00157228 0.00014749 0.00003072 0.00041953 0.00030830 0.00280279  1.00000000
861.0  0.97850243 0.01402382 0.00142698 0.00082256 0.00165104 0.00017786 0.00003033 0.00030267 0.00035213 0.00271018  1.00000000
861.5  0.97825279 0.01455744 0.00143360 0.00066393 0.00161649 0.00024118 0.00003476 0.00028585 0.00021083 0.00270314  1.00000000
862.0  0.97952589 0.01323943 0.00142015 0.00062311 0.00160243 0.00024967 0.00003675 0.00018093 0.00027201 0.00284962  1.00000000
862.5  0.97739586 0.01526100 0.00144237 0.00055108 0.00178102 0.00030328 0.00003129 0.00016978 0.00028736 0.00277696  1.00000000
863.0  0.97987888 0.01266643 0.00143560 0.00053398 0.00197224 0.00033430 0.00005495 0.00012844 0.00027894 0.00271624  1.00000000
863.5  0.97666242 0.01566315 0.00137196 0.00055935 0.00211803 0.00034527 0.00007936 0.00010915 0.00021813 0.00287319  1.00000000
864.0  0.97982823 0.01257863 0.00136598 0.00051632 0.00214596 0.00033082 0.00011419 0.00006844 0.00019981 0.00285162  1.00000000
864.5  0.97693371 0.01553256 0.00140923 0.00044347 0.00203329 0.00036046 0.00010106 0.00009151 0.00018887 0.00290585  1.00000000
865.0  0.97946305 0.01296161 0.00135917 0.00031852 0.00213981 0.00037366 0.00013821 0.00007724 0.00018258 0.00298616  1.00000000
865.5  0.97764627 0.01500404 0.00133672 0.00022743 0.00212017 0.00034411 0.00013074 0.00007066 0.00016791 0.00295194  1.00000000
866.0  0.97938824 0.01357739 0.00138675 0.00020087 0.00205797 0.00032956 0.00018019 0.00005553 0.00018148 0.00264202  1.00000000
866.5  0.97847268 0.01439420 0.00133300 0.00023709 0.00214859 0.00038425 0.00012134 0.00006572 0.00019145 0.00265169  1.00000000
867.0  0.97871012 0.01396883 0.00138905 0.00025103 0.00218173 0.00033343 0.00016091 0.00006570 0.00020989 0.00272930  1.00000000
867.5  0.97886831 0.01392391 0.00138484 0.00025000 0.00213560 0.00038918 0.00010022 0.00006389 0.00020367 0.00268038  1.00000000
868.0  0.97855409 0.01422182 0.00141479 0.00024130 0.00210625 0.00032321 0.00017451 0.00004964 0.00020598 0.00270841  1.00000000
868.5  0.97876075 0.01376353 0.00139437 0.00019125 0.00214369 0.00038303 0.00010529 0.00005165 0.00018105 0.00302539  1.00000000
869.0  0.97839671 0.01421067 0.00145942 0.00017656 0.00215163 0.00033379 0.00012032 0.00006855 0.00017642 0.00290594  1.00000000
869.5  0.97871193 0.01407018 0.00141809 0.00017848 0.00213846 0.00036332 0.00007066 0.00005555 0.00017997 0.00281336  1.00000000
870.0  0.97859722 0.01401970 0.00145024 0.00022373 0.00218654 0.00030884 0.00011750 0.00006423 0.00018801 0.00284400  1.00000000
870.5  0.97808975 0.01433601 0.00143781 0.00019384 0.00223515 0.00036547 0.00011266 0.00006226 0.00018924 0.00297780  1.00000000
871.0  0.97898353 0.01348398 0.00142595 0.00019177 0.00235227 0.00032231 0.00012109 0.00007945 0.00016233 0.00287734  1.00000000
871.5  0.97771505 0.01487236 0.00139309 0.00018847 0.00231529 0.00030218 0.00006852 0.00007977 0.00016321 0.00290206  1.00000000
872.0  0.97958951 0.01306907 0.00139198 0.00017441 0.00220518 0.00026708 0.00009180 0.00009840 0.00019429 0.00291829  1.00000000
872.5  0.97710839 0.01544337 0.00141572 0.00016344 0.00224019 0.00032351 0.00010770 0.00008268 0.00020166 0.00291333  1.00000000
873.0  0.97996585 0.01269497 0.00140825 0.00016305 0.00226510 0.00027112 0.00015844 0.00008010 0.00012920 0.00286391  1.00000000
873.5  0.97673955 0.01575183 0.00142470 0.00042003 0.00219947 0.00025510 0.00008607 0.00008079 0.00007815 0.00296431  1.00000000
874.0  0.97952642 0.01263492 0.00143933 0.00089954 0.00181587 0.00027805 0.00011040 0.00010626 0.00007992 0.00310930  1.00000000
874.5  0.97667092 0.01553549 0.00140395 0.00124127 0.00146257 0.00031244 0.00010201 0.00014455 0.00008988 0.00303691  1.00000000
875.0  0.97933854 0.01304065 0.00144005 0.00130505 0.00122719 0.00026375 0.00014173 0.00012559 0.00011977 0.00299769  1.00000000
875.5  0.97763992 0.01490474 0.00145229 0.00122983 0.00115507 0.00024643 0.00011166 0.00005710 0.00012953 0.00307343  1.00000000
876.0  0.97854762 0.01383920 0.00143196 0.00124464 0.00113505 0.00028685 0.00013347 0.00006513 0.00011228 0.00320379  1.00000000
876.5  0.97828808 0.01401284 0.00140963 0.00126600 0.00131549 0.00024945 0.00012611 0.00012279 0.00011348 0.00309613  1.00000000
877.0  0.97757979 0.01473797 0.00143472 0.00122143 0.00141402 0.00024225 0.00013773 0.00013895 0.00012461 0.00296853  1.00000000
877.5  0.97896628 0.01318788 0.00140231 0.00111271 0.00157433 0.00028748 0.00012311 0.00009755 0.00012398 0.00312437  1.00000000
878.0  0.97676862 0.01534605 0.00143199 0.00093258 0.00173370 0.00024857 0.00013885 0.00007385 0.00012325 0.00320255  1.00000000
878.5  0.97946979 0.01284824 0.00143465 0.00085501 0.00179884 0.00023059 0.00010294 0.00015142 0.00011489 0.00299363  1.00000000
879.0  0.97674053 0.01551053 0.00140563 0.00072399 0.00194924 0.00025186 0.00009526 0.00020523 0.00011134 0.00300639  1.00000000
879.5  0.97919967 0.01293601 0.00142721 0.00064075 0.00196311 0.00026685 0.00006626 0.00017299 0.00011004 0.00321712  1.00000000
880.0  0.97714270 0.01523215 0.00144766 0.00054662 0.00192334 0.00021899 0.00009699 0.00011053 0.00011942 0.00316161  1.00000000
880.5  0.97920745 0.01340747 0.00145648 0.00056348 0.00192256 0.00026276 0.00005212 0.00016535 0.00011624 0.00284608  1.00000000
881.0  0.97767583 0.01461807 0.00142405 0.00053067 0.00199936 0.00022132 0.00010777 0.00024037 0.00010837 0.00307419  1.00000000
881.5  0.97818075 0.01390587 0.00148164 0.00060682 0.00228982 0.00026191 0.00004676 0.00031033 0.00012570 0.00279042  1.00000000
882.0  0.97795488 0.01431080 0.00144062 0.00051559 0.00240187 0.00021942 0.00007510 0.00021999 0.00012545 0.00273628  1.00000000
882.5  0.97798126 0.01415119 0.00145749 0.00052560 0.00242781 0.00026664 0.00005158 0.00027805 0.00012262 0.00273776  1.00000000
883.0  0.97784568 0.01420016 0.00145864 0.00046757 0.00236059 0.00026221 0.00006156 0.00034818 0.00009134 0.00290407  1.00000000
883.5  0.97796204 0.01414797 0.00147371 0.00047999 0.00233699 0.00022284 0.00000398 0.00034800 0.00006398 0.00296051  1.00000000
884.0  0.97771101 0.01443636 0.00144573 0.00051380 0.00229315 0.00021969 0.00003708 0.00031410 0.00004118 0.00298791  1.00000000
884.5  0.97825890 0.01359500 0.00140690 0.00082865 0.00219446 0.00043885 0.00004089 0.00033179 0.00000543 0.00289911  1.00000000
885.0  0.97690396 0.01507911 0.00145195 0.00116105 0.00156621 0.00036582 0.00009495 0.00030073 0.00005135 0.00302488  1.00000000
885.5  0.97849636 0.01294493 0.00145083 0.00148640 0.00134814 0.00040055 0.00009913 0.00024637 0.00008719 0.00344009  1.00000000
886.0  0.97587159 0.01552972 0.00144422 0.00170404 0.00116796 0.00036104 0.00009999 0.00025075 0.00011531 0.00345538  1.00000000
886.5  0.97908643 0.01264915 0.00145223 0.00174524 0.00104415 0.00036630 0.00010902 0.00025432 0.00010421 0.00318894  1.00000000
887.0  0.97616685 0.01556019 0.00146216 0.00183022 0.00098885 0.00038876 0.00006889 0.00027635 0.00011246 0.00314528  1.00000000
887.5  0.97848558 0.01306593 0.00145835 0.00178226 0.00097789 0.00039860 0.00007246 0.00028371 0.00010145 0.00337377  1.00000000
888.0  0.97671792 0.01486016 0.00145827 0.00173473 0.00098070 0.00041408 0.00006344 0.00028269 0.00010655 0.00338146  1.00000000
888.5  0.97773257 0.01408312 0.00145195 0.00158704 0.00096404 0.00041829 0.00006302 0.00026142 0.00011085 0.00332771  1.00000000
889.0  0.97820719 0.01366385 0.00148288 0.00156171 0.00094817 0.00038680 0.00005773 0.00028678 0.00011948 0.00328540  1.00000000
889.5  0.97642417 0.01541530 0.00147764 0.00157753 0.00087673 0.00044171 0.00005810 0.00029818 0.00012473 0.00330591  1.00000000
890.0  0.97919832 0.01261592 0.00146462 0.00167931 0.00079582 0.00042221 0.00004822 0.00031639 0.00009321 0.00336598  1.00000000
890.5  0.97560640 0.01610382 0.00144902 0.00190668 0.00071099 0.00040847 0.00005913 0.00026894 0.00010737 0.00337919  1.00000000
891.0  0.97956080 0.01217962 0.00146906 0.00202153 0.00052824 0.00042569 0.00005544 0.00024520 0.00014040 0.00337403  1.00000000
891.5  0.97560700 0.01620302 0.00146521 0.00204176 0.00043943 0.00044850 0.00004217 0.00026480 0.00018731 0.00330079  1.00000000
892.0  0.97972548 0.01241620 0.00146826 0.00216296 0.00039156 0.00043576 0.00006474 0.00021165 0.00021593 0.00290746  1.00000000
892.5  0.97652441 0.01564324 0.00146455 0.00215937 0.00030803 0.00041355 0.00008892 0.00013085 0.00027706 0.00299002  1.00000000
893.0  0.97885173 0.01308311 0.00145683 0.00216431 0.00034169 0.00033307 0.00029784 0.00015892 0.00030086 0.00301163  1.00000000
893.5  0.97681141 0.01486583 0.00147980 0.00230973 0.00035161 0.00004308 0.00034274 0.00020273 0.00034183 0.00325124  1.00000000
894.0  0.97803073 0.01358213 0.00150505 0.00223063 0.00035491 0.00007269 0.00039397 0.00018793 0.00030899 0.00333297  1.00000000
894.5  0.97767217 0.01429820 0.00149281 0.00222490 0.00040531 0.00007039 0.00036068 0.00015327 0.00038618 0.00293610  1.00000000
895.0  0.97814686 0.01393708 0.00151487 0.00230682 0.00039397 0.00004807 0.00036499 0.00015668 0.00040601 0.00272464  1.00000000
895.5  0.97803358 0.01399386 0.00153602 0.00229934 0.00038939 0.00006650 0.00031214 0.00019222 0.00035321 0.00282375  1.00000000
896.0  0.97784104 0.01401047 0.00153866 0.00237633 0.00038738 0.00012821 0.00033481 0.00012833 0.00034304 0.00291172  1.00000000
896.5  0.97774501 0.01414681 0.00153252 0.00243269 0.00038389 0.00009201 0.00032307 0.00007965 0.00042872 0.00283563  1.00000000
897.0  0.97820985 0.01390559 0.00157417 0.00235633 0.00042360 0.00007585 0.00033447 0.00008901 0.00043594 0.00259519  1.00000000
897.5  0.97793766 0.01442293 0.00151907 0.00230909 0.00039018 0.00014700 0.00032462 0.00011155 0.00039461 0.00244329  1.00000000
898.0  0.97860119 0.01344219 0.00153720 0.00252440 0.00038927 0.00015796 0.00025530 0.00007732 0.00044226 0.00257291  1.00000000
898.5  0.97672406 0.01492397 0.00152066 0.00258811 0.00046268 0.00010349 0.00026950 0.00004751 0.00053127 0.00282877  1.00000000
899.0  0.97876790 0.01285554 0.00150410 0.00245753 0.00045790 0.00012392 0.00029750 0.00007634 0.00057594 0.00288334  1.00000000
899.5  0.97629567 0.01556926 0.00150074 0.00240247 0.00047505 0.00018658 0.00025907 0.00008114 0.00055532 0.00267470  1.00000000
900.0  0.97994691 0.01218939 0.00150032 0.00225314 0.00047032 0.00016477 0.00021204 0.00003545 0.00062388 0.00260379  1.00000000
900.5  0.97565967 0.01630332 0.00155361 0.00230155 0.00048589 0.00014403 0.00033805 0.00000114 0.00059401 0.00261870  1.00000000
901.0  0.98021770 0.01172117 0.00150394 0.00239156 0.00052125 0.00021392 0.00026811 0.00002132 0.00066493 0.00247609  1.00000000
901.5  0.97527808 0.01655063 0.00156425 0.00242022 0.00060313 0.00027234 0.00023467 0.00001869 0.00062082 0.00243717  1.00000000
902.0  0.98036922 0.01166541 0.00153254 0.00215715 0.00074856 0.00027446 0.00009522 0.00000909 0.00075454 0.00239380  1.00000000
902.5  0.97616679 0.01616995 0.00161192 0.00188821 0.00090762 0.00029443 0.00000373 0.00001617 0.00068158 0.00225959  1.00000000
903.0  0.98011161 0.01234498 0.00157376 0.00164604 0.00107823 0.00028299 0.00006561 0.00017161 0.00049092 0.00223425  1.00000000
903.5  0.97711758 0.01525103 0.00162907 0.00158926 0.00122932 0.00017446 0.00005749 0.00047018 0.00037058 0.00211102  1.00000000
904.0  0.97895303 0.01331446 0.00158780 0.00160876 0.00140665 0.00009089 0.00007834 0.00060824 0.00026459 0.00208723  1.00000000
904.5  0.97801837 0.01416438 0.00167545 0.00148122 0.00160662 0.00014703 0.00006736 0.00052290 0.00017356 0.00214311  1.00000000
905.0  0.97775666 0.01431307 0.00166196 0.00137972 0.00167257 0.00023985 0.00005886 0.00057865 0.00011660 0.00222204  1.00000000
905.5  0.97864211 0.01336160 0.00160084 0.00134581 0.00163607 0.00024455 0.00003985 0.00076159 0.00011750 0.00225007  1.00000000
906.0  0.97749297 0.01476601 0.00167143 0.00124047 0.00153263 0.00016835 0.00006361 0.00083857 0.00010594 0.00212003  1.00000000
906.5  0.97932107 0.01313530 0.00164460 0.00126402 0.00144475 0.00016754 0.00003739 0.00078120 0.00007712 0.00212701  1.00000000
907.0  0.97747987 0.01473125 0.00169984 0.00128138 0.00148712 0.00022693 0.00002479 0.00072063 0.00005177 0.00229644  1.00000000
907.5  0.97866887 0.01332774 0.00165608 0.00130896 0.00157319 0.00027834 0.00002872 0.00079951 0.00003827 0.00232032  1.00000000
908.0  0.97766429 0.01430288 0.00176140 0.00132617 0.00159894 0.00023969 0.00004928 0.00085092 0.00003093 0.00217551  1.00000000
908.5  0.97844825 0.01383957 0.00171150 0.00135443 0.00160757 0.00017992 0.00002274 0.00075722 0.00002212 0.00205667  1.00000000
909.0  0.97865401 0.01373860 0.00167247 0.00136879 0.00161043 0.00016977 0.00002550 0.00062406 0.00001217 0.00212421  1.00000000
909.5  0.97814837 0.01426007 0.00176315 0.00134191 0.00149873 0.00019013 0.00001558 0.00062357 0.00001140 0.00214710  1.00000000
910.0  0.97894635 0.01318470 0.00178980 0.00140618 0.00145574 0.00019685 0.00002969 0.00079952 0.00000903 0.00218215  1.00000000
910.5  0.97745199 0.01447172 0.00172622 0.00163865 0.00145411 0.00017117 0.00000578 0.00078158 0.00002695 0.00227184  1.00000000
911.0  0.97888480 0.01313476 0.00176128 0.00184511 0.00128878 0.00008516 0.00002026 0.00071305 0.00003602 0.00223078  1.00000000
911.5  0.97780340 0.01429325 0.00181165 0.00204864 0.00110036 0.00008839 0.00001883 0.00061482 0.00007608 0.00214458  1.00000000
912.0  0.97842556 0.01373540 0.00169830 0.00225439 0.00087910 0.00009132 0.00002013 0.00066041 0.00018376 0.00205163  1.00000000
912.5  0.97862439 0.01354343 0.00176641 0.00242174 0.00061330 0.00010592 0.00001933 0.00055019 0.00028025 0.00207504  1.00000000
913.0  0.97749768 0.01471701 0.00172629 0.00269572 0.00040245 0.00009138 0.00002098 0.00045941 0.00030371 0.00208535  1.00000000
913.5  0.97979359 0.01240364 0.00171420 0.00300696 0.00017730 0.00011423 0.00003194 0.00037426 0.00032751 0.00205636  1.00000000
914.0  0.97629145 0.01583697 0.00175328 0.00317172 0.00005390 0.00015275 0.00001687 0.00033434 0.00043676 0.00195196  1.00000000
914.5  0.98044838 0.01156303 0.00172785 0.00319622 0.00010857 0.00018407 0.00000263 0.00033422 0.00045848 0.00197655  1.00000000
915.0  0.97564484 0.01640922 0.00175232 0.00294195 0.00035468 0.00020309 0.00000224 0.00032888 0.00038577 0.00197703  1.00000000
915.5  0.98064373 0.01148058 0.00175096 0.00249680 0.00071277 0.00023678 0.00000633 0.00035043 0.00031144 0.00201019  1.00000000
916.0  0.97609513 0.01595550 0.00179048 0.00207151 0.00101786 0.00020888 0.00001438 0.00048472 0.00027554 0.00208600  1.00000000
916.5  0.97987792 0.01224793 0.00176209 0.00176429 0.00130893 0.00011110 0.00008342 0.00067936 0.00019254 0.00197242  1.00000000
917.0  0.97704463 0.01496761 0.00179303 0.00153173 0.00162945 0.00003838 0.00009918 0.00070048 0.00013734 0.00205818  1.00000000
917.5  0.97867471 0.01323988 0.00176996 0.00134646 0.00190775 0.00002987 0.00011103 0.00058494 0.00023126 0.00210413  1.00000000
918.0  0.97791608 0.01391129 0.00179317 0.00118502 0.00214184 0.00002137 0.00009595 0.00053939 0.00032309 0.00207279  1.00000000
918.5  0.97778544 0.01404427 0.00175425 0.00109848 0.00234261 0.00001242 0.00001124 0.00054717 0.00034088 0.00206324  1.00000000
919.0  0.97847643 0.01330420 0.00178781 0.00088258 0.00256848 0.00000584 0.00001070 0.00051124 0.00037844 0.00207429  1.00000000
919.5  0.97754865 0.01436402 0.00177083 0.00067767 0.00271858 0.00000077 0.00001457 0.00046153 0.00031559 0.00212779  1.00000000
920.0  0.97906697 0.01308009 0.00172583 0.00056188 0.00283027 0.00000090 0.00002526 0.00038683 0.00040167 0.00192029  1.00000000
920.5  0.97769596 0.01418202 0.00184364 0.00037091 0.00311185 0.00000058 0.00002283 0.00051601 0.00035765 0.00189855  1.00000000
921.0  0.97879561 0.01328943 0.00178645 0.00028253 0.00319403 0.00000485 0.00002802 0.00049342 0.00040490 0.00172075  1.00000000
921.5  0.97806888 0.01375971 0.00187957 0.00022453 0.00334757 0.00001238 0.00005706 0.00042333 0.00036365 0.00186333  1.00000000
922.0  0.97809551 0.01367065 0.00190222 0.00018828 0.00335740 0.00005662 0.00004084 0.00038412 0.00043961 0.00186476  1.00000000
922.5  0.97834621 0.01308067 0.00198826 0.00018248 0.00338055 0.00007321 0.00001949 0.00050836 0.00041036 0.00201040  1.00000000
923.0  0.97726522 0.01418373 0.00195252 0.00024971 0.00336297 0.00012003 0.00002371 0.00048003 0.00042789 0.00193418  1.00000000
923.5  0.97900839 0.01245549 0.00206843 0.00025810 0.00330421 0.00013171 0.00003682 0.00037132 0.00039147 0.00197405  1.00000000
924.0  0.97661123 0.01473790 0.00204721 0.00029582 0.00331395 0.00011000 0.00003670 0.00037373 0.00040302 0.00207045  1.00000000
924.5  0.97929311 0.01193919 0.00203767 0.00031658 0.00336021 0.00007618 0.00003620 0.00047211 0.00039964 0.00206910  1.00000000
925.0  0.97615049 0.01514306 0.00207096 0.00030829 0.00333567 0.00009055 0.00003747 0.00043762 0.00040405 0.00202185  1.00000000
925.5  0.97968157 0.01177277 0.00201719 0.00027156 0.00336756 0.00013492 0.00005026 0.00038092 0.00038418 0.00193909  1.00000000
926.0  0.97625875 0.01511369 0.00206458 0.00028159 0.00337538 0.00016123 0.00003989 0.00037100 0.00039063 0.00194327  1.00000000
926.5  0.97925287 0.01209920 0.00202902 0.00026179 0.00340048 0.00011429 0.00004266 0.00043478 0.00039462 0.00197029  1.00000000
927.0  0.97670303 0.01455540 0.00207324 0.00026112 0.00350895 0.00007085 0.00003906 0.00038556 0.00040031 0.00200249  1.00000000
927.5  0.97873914 0.01287470 0.00203465 0.00027038 0.00351091 0.00006919 0.00003511 0.00033879 0.00037259 0.00175453  1.00000000
928.0  0.97806849 0.01352710 0.00209988 0.00028469 0.00344285 0.00010509 0.00003687 0.00035139 0.00039182 0.00169183  1.00000000
928.5  0.97758854 0.01392823 0.00210025 0.00035655 0.00342144 0.00012391 0.00002447 0.00032962 0.00044628 0.00168071  1.00000000
929.0  0.97893510 0.01247002 0.00212841 0.00054332 0.00327293 0.00007960 0.00003377 0.00043699 0.00033646 0.00176341  1.00000000
929.5  0.97675955 0.01471157 0.00214246 0.00084180 0.00311495 0.00006165 0.00000560 0.00024043 0.00034764 0.00177435  1.00000000
930.0  0.97965136 0.01177943 0.00218645 0.00142834 0.00253119 0.00005641 0.00001542 0.00036414 0.00026383 0.00172344  1.00000000
930.5  0.97628472 0.01505370 0.00214636 0.00209140 0.00197445 0.00009405 0.00000084 0.00026064 0.00038876 0.00170507  1.00000000
931.0  0.97945375 0.01159320 0.00217602 0.00262232 0.00148958 0.00012116 0.00000423 0.00027690 0.00032097 0.00194187  1.00000000
931.5  0.97639933 0.01484336 0.00224040 0.00273511 0.00120086 0.00012161 0.00000015 0.00030494 0.00029341 0.00186084  1.00000000
932.0  0.97931220 0.01202823 0.00217628 0.00295979 0.00102433 0.00015619 0.00000334 0.00022585 0.00028309 0.00183072  1.00000000
932.5  0.97703425 0.01418739 0.00218980 0.00311552 0.00090503 0.00018661 0.00000830 0.00021233 0.00030482 0.00185596  1.00000000
933.0  0.97864357 0.01258146 0.00222736 0.00309205 0.00087091 0.00023555 0.00000107 0.00019152 0.00032774 0.00182878  1.00000000
933.5  0.97750210 0.01363599 0.00218164 0.00310575 0.00086381 0.00021271 0.00000672 0.00026088 0.00034339 0.00188701  1.00000000
934.0  0.97811573 0.01302178 0.00218299 0.00310040 0.00086804 0.00022652 0.00000330 0.00018143 0.00032110 0.00197871  1.00000000
934.5  0.97803359 0.01323104 0.00223835 0.00306705 0.00089473 0.00019119 0.00000830 0.00019304 0.00029434 0.00184836  1.00000000
935.0  0.97803136 0.01324949 0.00222642 0.00292844 0.00100455 0.00027479 0.00000377 0.00023179 0.00032204 0.00172735  1.00000000
935.5  0.97796972 0.01320582 0.00223360 0.00288335 0.00110443 0.00023647 0.00001351 0.00023319 0.00033483 0.00178509  1.00000000
936.0  0.97812821 0.01290888 0.00228938 0.00273573 0.00121951 0.00024105 0.00000195 0.00017494 0.00029768 0.00200267  1.00000000
936.5  0.97748262 0.01362748 0.00236453 0.00245995 0.00137970 0.00022126 0.00000887 0.00019599 0.00025172 0.00200789  1.00000000
937.0  0.97877971 0.01236306 0.00232511 0.00238724 0.00142266 0.00032802 0.00000027 0.00017667 0.00025280 0.00196447  1.00000000
937.5  0.97676735 0.01420690 0.00237346 0.00228834 0.00152171 0.00041975 0.00000076 0.00019038 0.00028857 0.00194277  1.00000000
938.0  0.97928806 0.01185118 0.00240622 0.00212207 0.00154020 0.00046472 0.00000484 0.00012567 0.00028133 0.00191571  1.00000000
938.5  0.97641906 0.01464069 0.00231494 0.00217797 0.00156764 0.00042430 0.00001842 0.00013738 0.00029137 0.00200824  1.00000000
939.0  0.97956468 0.01165772 0.00240140 0.00215688 0.00144199 0.00041433 0.00001844 0.00016789 0.00023420 0.00194246  1.00000000
939.5  0.97693512 0.01450202 0.00237399 0.00221830 0.00137220 0.00040529 0.00004379 0.00008470 0.00027068 0.00179391  1.00000000
940.0  0.97912034 0.01225734 0.00235007 0.00256773 0.00108033 0.00039023 0.00004195 0.00022730 0.00011693 0.00184778  1.00000000
940.5  0.97784102 0.01354862 0.00239050 0.00324670 0.00041136 0.00031704 0.00003325 0.00015317 0.00019476 0.00186358  1.00000000
941.0  0.97809289 0.01331347 0.00237281 0.00295381 0.00080739 0.00020981 0.00002210 0.00021119 0.00016250 0.00185403  1.00000000
941.5  0.97929485 0.01235603 0.00246017 0.00245450 0.00107224 0.00015564 0.00001715 0.00022931 0.00014267 0.00181743  1.00000000
942.0  0.97738330 0.01440035 0.00231601 0.00232959 0.00116917 0.00016498 0.00000427 0.00027368 0.00010373 0.00185492  1.00000000
942.5  0.97984683 0.01163435 0.00232461 0.00229823 0.00123018 0.00020308 0.00000037 0.00019196 0.00015327 0.00211713  1.00000000
943.0  0.97652099 0.01485621 0.00237511 0.00220431 0.00124314 0.00019131 0.00000509 0.00024815 0.00015637 0.00219931  1.00000000
943.5  0.98005650 0.01131881 0.00243176 0.00216807 0.00127650 0.00017661 0.00000091 0.00029560 0.00015134 0.00212390  1.00000000
944.0  0.97697372 0.01458996 0.00239162 0.00216414 0.00126177 0.00017351 0.00000172 0.00026130 0.00012855 0.00205371  1.00000000
944.5  0.97986522 0.01172500 0.00243221 0.00211246 0.00122937 0.00017313 0.00000666 0.00020662 0.00018496 0.00206438  1.00000000
945.0  0.97734982 0.01403795 0.00240552 0.00211120 0.00123962 0.00021050 0.00000720 0.00029465 0.00018024 0.00216330  1.00000000
945.5  0.97904844 0.01234642 0.00237854 0.00217399 0.00125478 0.00017017 0.00000004 0.00032906 0.00015298 0.00214558  1.00000000
946.0  0.97820313 0.01336635 0.00237136 0.00243219 0.00116730 0.00016181 0.00000510 0.00025319 0.00011539 0.00192418  1.00000000
946.5  0.97880004 0.01269343 0.00231925 0.00256061 0.00115659 0.00014456 0.00000507 0.00017313 0.00015637 0.00199095  1.00000000
947.0  0.97834310 0.01289418 0.00237509 0.00266073 0.00104392 0.00012870 0.00000001 0.00031275 0.00013066 0.00211084  1.00000000
947.5  0.97819935 0.01286676 0.00233890 0.00269851 0.00097475 0.00014103 0.00000829 0.00029722 0.00018771 0.00228749  1.00000000
948.0  0.97834346 0.01273030 0.00237017 0.00278675 0.00093328 0.00012580 0.00001482 0.00025184 0.00013674 0.00230685  1.00000000
948.5  0.97856048 0.01270729 0.00239268 0.00281837 0.00082638 0.00014360 0.00000676 0.00016046 0.00012775 0.00225622  1.00000000
949.0  0.97827848 0.01288919 0.00245201 0.00281019 0.00072326 0.00014136 0.00002172 0.00025712 0.00012276 0.00230392  1.00000000
949.5  0.97875206 0.01232610 0.00244008 0.00313688 0.00066111 0.00012612 0.00001264 0.00033270 0.00015467 0.00205764  1.00000000
950.0  0.97762993 0.01325396 0.00255651 0.00315705 0.00054180 0.00013885 0.00000134 0.00026468 0.00010125 0.00235464  1.00000000
950.5  0.97916454 0.01184411 0.00254291 0.00308749 0.00045043 0.00020343 0.00000009 0.00025927 0.00005571 0.00239202  1.00000000
951.0  0.97698361 0.01363867 0.00253598 0.00303678 0.00037960 0.00034830 0.00000216 0.00031908 0.00010159 0.00265423  1.00000000
951.5  0.97932982 0.01128234 0.00257655 0.00299215 0.00029672 0.00034963 0.00000201 0.00039451 0.00015669 0.00261958  1.00000000
952.0  0.97668439 0.01413839 0.00258529 0.00304592 0.00024364 0.00028458 0.00000058 0.00031009 0.00011566 0.00259147  1.00000000
952.5  0.98011215 0.01089674 0.00257762 0.00308907 0.00025662 0.00024492 0.00000470 0.00031246 0.00007403 0.00243168  1.00000000
953.0  0.97648683 0.01439330 0.00259093 0.00302358 0.00022791 0.00032559 0.00001072 0.00031336 0.00014204 0.00248575  1.00000000
953.5  0.97997030 0.01086674 0.00257742 0.00301445 0.00018166 0.00046081 0.00000144 0.00034085 0.00018692 0.00239940  1.00000000
954.0  0.97664603 0.01427497 0.00259631 0.00310938 0.00011927 0.00044349 0.00000288 0.00037258 0.00013919 0.00229589  1.00000000
954.5  0.97979371 0.01120046 0.00259101 0.00314037 0.00011301 0.00034851 0.00000728 0.00039722 0.00009172 0.00231671  1.00000000
955.0  0.97737670 0.01367164 0.00262632 0.00313514 0.00009380 0.00029191 0.00001394 0.00037835 0.00015371 0.00225850  1.00000000
955.5  0.97904906 0.01187713 0.00264007 0.00310796 0.00008838 0.00036748 0.00000162 0.00039993 0.00015812 0.00231025  1.00000000
956.0  0.97799643 0.01281620 0.00264570 0.00312343 0.00009574 0.00047054 0.00000541 0.00045292 0.00013684 0.00225679  1.00000000
956.5  0.97843031 0.01257923 0.00269234 0.00315489 0.00006863 0.00041211 0.00001291 0.00047239 0.00009956 0.00207763  1.00000000
957.0  0.97891888 0.01211645 0.00270918 0.00321511 0.00006212 0.00035454 0.00001688 0.00033578 0.00013743 0.00213362  1.00000000
957.5  0.97780579 0.01295758 0.00270641 0.00331570 0.00007589 0.00027943 0.00003962 0.00039748 0.00013366 0.00228842  1.00000000
958.0  0.97883443 0.01180028 0.00272910 0.00307324 0.00016733 0.00040995 0.00027095 0.00019460 0.00019413 0.00232598  1.00000000
958.5  0.97778967 0.01300641 0.00272785 0.00308556 0.00007576 0.00010988 0.00051633 0.00019153 0.00029554 0.00220146  1.00000000
959.0  0.97910048 0.01184689 0.00271076 0.00317495 0.00003968 0.00030646 0.00004958 0.00041237 0.00023691 0.00212192  1.00000000
959.5  0.97830737 0.01277499 0.00268120 0.00319652 0.00002439 0.00020691 0.00000245 0.00041174 0.00027038 0.00212404  1.00000000
960.0  0.97857465 0.01219775 0.00264909 0.00328240 0.00002858 0.00021606 0.00004651 0.00041533 0.00026530 0.00232433  1.00000000
960.5  0.97818805 0.01246358 0.00268580 0.00331202 0.00002299 0.00027812 0.00005694 0.00038138 0.00034036 0.00227077  1.00000000
961.0  0.97829799 0.01249352 0.00276235 0.00328746 0.00001878 0.00023608 0.00009834 0.00040635 0.00030818 0.00209096  1.00000000
961.5  0.97860081 0.01233403 0.00259896 0.00334737 0.00003122 0.00019636 0.00015825 0.00038759 0.00030834 0.00203707  1.00000000
962.0  0.97811865 0.01265197 0.00268361 0.00326237 0.00003833 0.00014897 0.00018349 0.00037985 0.00030365 0.00222911  1.00000000
962.5  0.97822941 0.01233654 0.00271167 0.00336274 0.00002854 0.00018551 0.00014035 0.00037312 0.00032740 0.00230470  1.00000000
963.0  0.97812469 0.01239541 0.00274430 0.00342041 0.00004430 0.00023240 0.00020319 0.00034570 0.00034290 0.00214670  1.00000000
963.5  0.97799457 0.01276254 0.00277372 0.00332617 0.00004977 0.00023876 0.00024163 0.00028823 0.00034130 0.00198331  1.00000000
964.0  0.97875625 0.01192898 0.00276184 0.00345274 0.00005939 0.00019532 0.00018326 0.00030552 0.00033736 0.00201933  1.00000000
964.5  0.97735372 0.01333811 0.00269999 0.00348529 0.00003565 0.00018251 0.00021948 0.00034226 0.00033619 0.00200679  1.00000000
965.0  0.97926625 0.01147045 0.00266003 0.00347009 0.00002747 0.00018862 0.00029065 0.00031866 0.00033641 0.00197136  1.00000000
965.5  0.97715524 0.01366315 0.00265928 0.00350727 0.00001248 0.00020950 0.00026307 0.00029874 0.00035286 0.00187842  1.00000000
966.0  0.97971806 0.01135395 0.00268948 0.00330215 0.00002325 0.00022524 0.00022992 0.00033226 0.00032494 0.00180074  1.00000000
966.5  0.97738369 0.01348074 0.00277980 0.00319965 0.00003302 0.00018593 0.00036334 0.00037856 0.00031323 0.00188203  1.00000000
967.0  0.97901786 0.01173011 0.00283644 0.00325607 0.00005937 0.00024561 0.00028188 0.00030371 0.00033764 0.00193131  1.00000000
967.5  0.97785615 0.01292798 0.00276503 0.00340553 0.00004082 0.00024377 0.00010774 0.00027512 0.00035326 0.00202460  1.00000000
968.0  0.97837040 0.01231532 0.00268400 0.00350424 0.00006579 0.00013945 0.00013718 0.00035138 0.00031779 0.00211444  1.00000000
968.5  0.97844303 0.01225720 0.00265778 0.00353412 0.00002882 0.00008142 0.00011259 0.00034668 0.00041298 0.00212537  1.00000000
969.0  0.97774528 0.01289708 0.00269747 0.00348324 0.00004583 0.00012126 0.00019274 0.00030156 0.00033234 0.00218319  1.00000000
969.5  0.97888817 0.01177744 0.00278027 0.00338529 0.00005393 0.00013676 0.00026024 0.00020230 0.00036194 0.00215366  1.00000000
970.0  0.97768568 0.01317925 0.00284793 0.00320288 0.00008588 0.00003598 0.00046859 0.00010080 0.00030122 0.00209180  1.00000000
970.5  0.97902322 0.01168662 0.00283236 0.00333536 0.00005885 0.00008646 0.00041946 0.00007154 0.00037101 0.00211512  1.00000000
971.0  0.97763860 0.01315584 0.00280000 0.00332118 0.00006114 0.00011079 0.00039943 0.00011838 0.00029986 0.00209478  1.00000000
971.5  0.97894990 0.01181275 0.00277990 0.00332347 0.00006322 0.00007925 0.00040843 0.00005994 0.00039499 0.00212816  1.00000000
972.0  0.97788983 0.01282893 0.00277999 0.00341646 0.00006089 0.00005399 0.00027772 0.00023125 0.00034996 0.00211097  1.00000000
972.5  0.97870242 0.01208502 0.00277773 0.00336609 0.00006716 0.00009211 0.00040017 0.00005107 0.00033143 0.00212681  1.00000000
973.0  0.97818858 0.01256356 0.00275753 0.00338702 0.00003690 0.00009373 0.00047581 0.00006106 0.00033211 0.00210370  1.00000000
973.5  0.97839886 0.01235398 0.00275135 0.00343397 0.00004515 0.00004384 0.00046700 0.00007461 0.00037714 0.00205409  1.00000000
974.0  0.97836468 0.01236523 0.00280442 0.00342138 0.00005137 0.00005594 0.00038804 0.00009789 0.00040133 0.00204973  1.00000000
974.5  0.97834762 0.01235756 0.00286810 0.00337034 0.00005855 0.00005465 0.00034196 0.00011748 0.00037877 0.00210497  1.00000000
975.0  0.97816794 0.01228714 0.00291104 0.00339689 0.00005447 0.00003753 0.00035113 0.00016355 0.00034765 0.00228266  1.00000000
975.5  0.97821029 0.01222190 0.00286149 0.00343480 0.00005153 0.00002945 0.00034416 0.00021639 0.00038421 0.00224579  1.00000000
976.0  0.97809498 0.01234609 0.00281621 0.00347844 0.00003373 0.00004287 0.00032928 0.00025764 0.00042368 0.00217707  1.00000000
976.5  0.97839086 0.01193939 0.00275868 0.00357240 0.00002485 0.00003438 0.00029885 0.00027144 0.00038644 0.00232271  1.00000000
977.0  0.97769105 0.01254467 0.00281263 0.00354568 0.00003533 0.00006523 0.00029369 0.00029573 0.00035983 0.00235616  1.00000000
977.5  0.97860882 0.01176001 0.00292618 0.00346005 0.00004566 0.00003936 0.00026234 0.00029713 0.00033678 0.00226368  1.00000000
978.0  0.97757590 0.01276769 0.00301675 0.00344845 0.00004827 0.00004182 0.00024637 0.00033339 0.00028925 0.00223211  1.00000000
978.5  0.97867156 0.01159988 0.00301061 0.00341070 0.00004178 0.00002671 0.00024800 0.00040228 0.00028432 0.00230417  1.00000000
979.0  0.97764367 0.01277966 0.00287918 0.00345995 0.00006457 0.00002657 0.00024763 0.00045045 0.00025317 0.00219516  1.00000000
979.5  0.97884784 0.01161415 0.00285810 0.00347260 0.00004294 0.00002276 0.00026215 0.00047139 0.00022793 0.00218014  1.00000000
980.0  0.97770468 0.01275077 0.00278420 0.00351558 0.00005824 0.00001376 0.00023644 0.00048920 0.00020208 0.00224505  1.00000000
980.5  0.97856216 0.01178576 0.00287791 0.00350801 0.00005463 0.00000779 0.00023215 0.00059582 0.00017964 0.00219613  1.00000000
981.0  0.97768558 0.01260852 0.00283153 0.00348631 0.00006351 0.00001534 0.00024027 0.00067114 0.00017251 0.00222528  1.00000000
981.5  0.97814295 0.01201610 0.00285227 0.00359225 0.00006414 0.00001489 0.00026658 0.00066802 0.00016017 0.00222263  1.00000000
982.0  0.97786733 0.01233890 0.00282306 0.00353925 0.00010715 0.00000722 0.00026131 0.00070001 0.00016027 0.00219551  1.00000000
982.5  0.97812219 0.01225593 0.00285922 0.00349828 0.00010690 0.00001169 0.00024643 0.00076353 0.00014948 0.00198635  1.00000000
983.0  0.97799925 0.01211920 0.00290718 0.00364399 0.00010119 0.00000819 0.00023359 0.00083553 0.00014315 0.00200873  1.00000000
983.5  0.97788142 0.01245785 0.00287369 0.00347146 0.00011303 0.00000246 0.00026541 0.00078768 0.00013884 0.00200815  1.00000000
984.0  0.97836944 0.01197396 0.00288600 0.00351938 0.00009938 0.00001078 0.00028076 0.00070187 0.00013834 0.00202009  1.00000000
984.5  0.97767050 0.01252014 0.00279911 0.00362024 0.00012633 0.00001119 0.00026544 0.00079002 0.00012952 0.00206750  1.00000000
985.0  0.97835553 0.01205119 0.00283553 0.00357383 0.00013227 0.00000595 0.00024898 0.00075627 0.00012139 0.00191905  1.00000000
985.5  0.97801538 0.01250340 0.00278094 0.00349329 0.00021051 0.00000678 0.00025263 0.00065538 0.00014934 0.00193235  1.00000000
986.0  0.97804472 0.01219128 0.00290284 0.00361023 0.00011088 0.00001994 0.00029906 0.00056140 0.00014990 0.00210975  1.00000000
986.5  0.97808045 0.01228255 0.00283948 0.00322730 0.00038907 0.00000116 0.00029497 0.00059393 0.00007450 0.00221660  1.00000000
987.0  0.97810369 0.01228692 0.00288193 0.00341672 0.00018123 0.00000022 0.00027677 0.00060803 0.00004482 0.00219967  1.00000000
987.5  0.97842029 0.01229084 0.00273470 0.00336870 0.00007514 0.00002169 0.00029848 0.00048435 0.00010130 0.00220452  1.00000000
988.0  0.97807905 0.01239157 0.00269653 0.00359036 0.00003234 0.00003726 0.00025844 0.00061760 0.00008591 0.00221093  1.00000000
988.5  0.97807054 0.01235984 0.00270123 0.00346780 0.00005017 0.00009463 0.00026208 0.00066590 0.00008513 0.00224268  1.00000000
989.0  0.97837158 0.01216982 0.00276490 0.00337773 0.00002554 0.00007652 0.00029263 0.00052100 0.00007350 0.00232677  1.00000000
989.5  0.97800319 0.01243465 0.00285006 0.00340724 0.00004327 0.00011922 0.00028896 0.00042613 0.00008657 0.00234070  1.00000000
990.0  0.97830974 0.01203045 0.00284110 0.00344446 0.00004621 0.00013535 0.00029445 0.00048690 0.00009090 0.00232045  1.00000000
990.5  0.97770317 0.01257745 0.00282683 0.00351715 0.00006763 0.00014285 0.00026697 0.00046921 0.00008363 0.00234511  1.00000000
991.0  0.97840696 0.01196817 0.00274211 0.00366552 0.00006478 0.00012791 0.00026189 0.00031897 0.00008019 0.00236350  1.00000000
991.5  0.97775708 0.01253288 0.00271680 0.00363286 0.00005268 0.00015511 0.00026388 0.00030092 0.00008049 0.00250731  1.00000000
992.0  0.97822894 0.01208370 0.00270943 0.00361053 0.00003736 0.00014090 0.00032237 0.00040434 0.00008673 0.00237570  1.00000000
992.5  0.97795767 0.01248795 0.00269478 0.00355919 0.00002882 0.00010354 0.00029324 0.00042514 0.00009282 0.00235685  1.00000000
993.0  0.97814053 0.01230240 0.00270396 0.00353798 0.00004353 0.00011442 0.00034047 0.00034152 0.00006143 0.00241376  1.00000000
993.5  0.97813267 0.01235564 0.00269954 0.00355407 0.00004087 0.00013857 0.00032065 0.00039058 0.00005392 0.00231349  1.00000000
994.0  0.97800306 0.01236331 0.00271772 0.00353722 0.00005676 0.00008226 0.00035446 0.00053491 0.00005275 0.00229755  1.00000000
994.5  0.97813336 0.01221468 0.00272184 0.00353742 0.00002891 0.00008027 0.00033705 0.00047589 0.00005053 0.00242005  1.00000000
995.0  0.97793689 0.01245998 0.00272740 0.00348581 0.00002856 0.00009943 0.00034176 0.00042259 0.00002824 0.00246934  1.00000000
995.5  0.97815124 0.01232370 0.00268585 0.00349158 0.00004130 0.00006765 0.00039718 0.00046086 0.00003384 0.00234679  1.00000000
996.0  0.97798197 0.01247312 0.00265441 0.00363724 0.00002165 0.00001540 0.00036885 0.00055669 0.00002868 0.00226198  1.00000000
996.5  0.97824391 0.01233680 0.00260432 0.00347072 0.00005854 0.00006624 0.00033439 0.00039132 0.00009907 0.00239469  1.00000000
997.0  0.97825337 0.01239109 0.00262083 0.00360917 0.00001992 0.00004954 0.00025861 0.00037492 0.00003130 0.00239126  1.00000000
997.5  0.97825624 0.01244610 0.00263807 0.00343349 0.00007150 0.00002720 0.00035641 0.00046302 0.00003241 0.00227555  1.00000000
998.0  0.97823625 0.01243001 0.00267665 0.00330704 0.00001596 0.00002562 0.00042899 0.00056688 0.00003957 0.00227304  1.00000000
998.5  0.97819632 0.01253181 0.00266071 0.00335654 0.00008143 0.00004680 0.00037662 0.00043066 0.00005053 0.00226858  1.00000000
999.0  0.97836935 0.01240375 0.00257550 0.00354777 0.00001761 0.00002003 0.00025168 0.00035306 0.00006335 0.00239790  1.00000000
999.5  0.97841339 0.01238094 0.00252054 0.00339953 0.00006046 0.00002145 0.00027670 0.00046689 0.00007180 0.00238830  1.00000000
1000.0  0.97831140 0.01242125 0.00248758 0.00343374 0.00001038 0.00004386 0.00042077 0.00055895 0.00008242 0.00222965  1.00000000
