0.0  1.00000000 0.00000000 0.00000000 0.00000000 0.00000000 0.00000000 0.00000000 0.00000000 0.00000000 0.00000000
0.5  0.57877278 -0.00659136 0.00003394 -0.00066673 0.00022650 -0.00021305 -0.00138323 0.00044686 -0.00038140 0.00312566
1.0  -0.34157847 0.00194192 0.00014348 0.00027711 -0.00129763 -0.00043793 -0.00212340 0.00055138 -0.00039789 0.00339175
1.5  -0.96936374 0.00645013 0.00018035 0.00056301 -0.00004309 -0.00017959 -0.00121859 0.00042695 -0.00015608 0.00266937
2.0  -0.74666395 -0.00100121 0.00032363 -0.00001785 0.00152758 0.00027418 0.00081206 -0.00001899 -0.00004873 0.00111714
2.5  0.12653602 0.00379100 -0.00003730 -0.00059000 0.00140684 0.00033839 0.00358745 -0.00073842 -0.00037937 0.00061832
3.0  0.88417317 -0.00435642 -0.00037786 -0.00035470 -0.00021726 0.00003983 0.00285417 -0.00093972 -0.00050750 0.00012170
3.5  0.89726920 -0.00493404 -0.00015174 0.00067841 -0.00166361 -0.00016342 0.00014248 -0.00027799 0.00001126 -0.00041594
4.0  0.18204274 0.00326940 -0.00001555 0.00134203 -0.00092299 -0.00050348 -0.00316479 -0.00041839 0.00145663 -0.00065226
4.5  -0.67555973 -0.00284302 -0.00002893 -0.00001410 0.00016830 -0.00230739 -0.00306268 -0.00182167 0.00204696 -0.00049218
5.0  -0.99491138 0.00447637 0.00021129 -0.00180462 -0.00029596 -0.00187312 -0.00002535 -0.00155640 0.00128325 0.00324878
5.5  -0.50177288 0.00141796 0.00008028 -0.00133677 -0.00218550 0.00069350 -0.00080802 0.00098357 0.00066802 0.00006797
6.0  0.42799391 -0.00378879 0.00007131 0.00142827 0.00159100 0.00083749 -0.00178474 0.00298618 0.00010276 0.00133271
6.5  0.99072930 0.00440055 0.00000339 0.00182870 0.00268264 0.00023727 -0.00143889 0.00314558 -0.00036652 -0.00046783
7.0  0.64124809 -0.00258932 -0.00003233 0.00010851 0.00072354 -0.00015580 0.00026292 0.00161421 -0.00093912 -0.00366369
7.5  -0.31572037 -0.00045569 0.00013851 -0.00187222 -0.00214252 -0.00018203 0.00147999 -0.00007746 -0.00120318 -0.00578014
8.0  -0.97158959 0.00160161 -0.00012710 -0.00084148 -0.00282102 -0.00000586 0.00154016 -0.00092048 -0.00104423 -0.00574745
8.5  -0.72818741 -0.00663525 0.00040594 0.00143978 -0.00014678 -0.00001090 0.00040519 -0.00089450 0.00021463 -0.00357247
9.0  0.15619707 0.00346458 0.00016106 0.00215558 0.00212230 -0.00050514 -0.00063227 -0.00124491 0.00011295 -0.00200815
9.5  0.89561907 0.00231651 -0.00077533 -0.00046365 0.00195795 -0.00001406 -0.00124718 -0.00099844 -0.00006642 -0.00117647
10.0  0.88766559 0.00130597 0.00030607 -0.00245672 -0.00092752 0.00059550 -0.00093393 -0.00041610 -0.00080040 -0.00172499
10.5  0.15873707 0.00554475 0.00006431 -0.00058634 -0.00266680 0.00076117 0.00018918 0.00031810 -0.00155315 0.00135897
11.0  -0.69788779 -0.00699650 0.00037259 0.00203575 -0.00085087 0.00037449 0.00085115 0.00135704 -0.00137980 0.00374683
11.5  -0.99083138 -0.00204773 -0.00024706 0.00175441 0.00190118 -0.00023671 0.00073985 0.00188134 0.00012584 0.00507872
12.0  -0.48051958 -0.00233200 0.00054690 -0.00107283 0.00185428 -0.00099352 0.00017674 0.00173021 0.00206284 0.00577972
12.5  0.41721151 -0.00179216 0.00011919 -0.00026593 -0.00132403 -0.00103962 -0.00028808 0.00043735 0.00316872 0.00628838
13.0  0.97676558 0.00872124 -0.00077482 -0.00060177 -0.00304277 -0.00073819 -0.00039544 -0.00129658 0.00234949 0.00500247
13.5  0.76524201 -0.00059825 0.00038571 -0.00070361 -0.00057583 -0.00019580 0.00008738 -0.00250865 -0.00010345 0.00273322
14.0  -0.03359641 0.00260686 -0.00021800 -0.00273346 0.00404760 -0.00004279 0.00038428 -0.00212941 -0.00251552 0.00029617
14.5  -0.80344838 -0.00205722 -0.00038581 -0.00099062 0.00192456 0.00009180 -0.00111179 -0.00212243 -0.00210933 -0.00184690
15.0  -0.96501904 -0.00656504 0.00081156 0.00349628 -0.00029737 0.00057217 0.00058342 -0.00179531 0.00138313 -0.00383605
15.5  -0.37852796 0.00303333 -0.00099094 0.00187746 -0.00120897 0.00021140 -0.00239245 0.00066290 0.00374991 -0.00569894
16.0  0.52776527 -0.00307517 0.00007111 -0.00048496 -0.00079873 0.00027132 0.00227315 0.00295250 -0.00350193 -0.00589449
16.5  0.99931063 0.00414985 0.00155170 -0.00171409 0.00012588 -0.00017557 -0.00121675 0.00374993 0.00305640 -0.00421719
17.0  0.55762780 0.00261622 -0.00064701 0.00001936 0.00061015 0.00011552 -0.00068996 0.00276157 -0.00467238 -0.00274751
17.5  -0.43791748 -0.00452334 -0.00008428 0.00170362 0.00003881 0.00024808 0.00167717 0.00059747 0.00106478 -0.00090633
18.0  -0.99844034 0.00365968 0.00040456 0.00130165 -0.00079363 -0.00051850 -0.00238782 -0.00171329 0.00136769 0.00041147
18.5  -0.53145087 -0.00233088 -0.00134058 -0.00055498 -0.00062899 -0.00117397 0.00273479 -0.00284758 -0.00031631 0.00103359
19.0  0.47615762 -0.00144194 0.00043228 -0.00212540 -0.00017000 -0.00128647 -0.00152213 -0.00329043 0.00366337 0.00207563
19.5  0.99939009 0.00325626 0.00120493 -0.00120626 0.00057581 -0.00002021 -0.00020060 -0.00286304 -0.00518303 0.00332827
20.0  0.54853473 -0.00540581 -0.00119399 0.00180652 0.00053725 0.00130139 0.00114798 -0.00192573 0.00277228 0.00456084
20.5  -0.41567465 0.00295487 0.00045726 0.00154306 -0.00034435 0.00182614 -0.00281404 -0.00014692 -0.00318114 0.00599578
21.0  -0.98970787 0.00325395 0.00101602 -0.00093308 -0.00117800 0.00079303 0.00202751 0.00221893 0.00188923 0.00558791
21.5  -0.66118226 -0.00156991 -0.00093816 -0.00242866 -0.00047290 -0.00093426 0.00072556 0.00401301 0.00221645 0.00691260
22.0  0.25933066 0.00415433 0.00035954 -0.00074912 0.00072692 -0.00150768 -0.00146720 0.00417552 -0.00253086 0.00458183
22.5  0.94519712 -0.00638484 0.00005397 0.00183848 0.00226437 -0.00073125 0.00222713 0.00222951 0.00370872 0.00230501
23.0  0.80727299 -0.00353160 -0.00150097 0.00187817 0.00157079 0.00016927 -0.00191018 -0.00138121 -0.00478529 -0.00099852
23.5  -0.00747198 0.00247619 0.00078469 -0.00113550 -0.00030453 0.00038852 -0.00097648 -0.00444099 0.00141484 -0.00693935
24.0  -0.80492966 -0.00122377 0.00070922 -0.00153793 -0.00170587 -0.00012777 0.00299480 -0.00503316 0.00108939 -0.00901054
24.5  -0.96237362 0.00880268 -0.00066779 0.00004773 -0.00108117 -0.00152881 -0.00216565 -0.00322282 -0.00270718 -0.00970083
25.0  -0.38887634 0.00054799 0.00113258 0.00215620 0.00040446 -0.00212181 -0.00006215 -0.00119931 0.00450753 -0.00628285
25.5  0.47321711 -0.00283879 -0.00021659 0.00480141 -0.00295707 -0.00025013 -0.00025156 -0.00066920 -0.00579663 -0.00438425
26.0  0.98415459 -0.00085749 -0.00111050 0.00095848 -0.00035853 0.00134395 -0.00146142 0.00269556 0.00334279 -0.00239146
26.5  0.73743731 -0.00800050 0.00128631 -0.00105148 0.00412721 0.00422946 0.00619489 -0.00282505 0.00073826 -0.00103068
27.0  -0.11615514 0.00336144 -0.00064959 -0.00151260 0.00446878 0.00343932 -0.00257490 0.00047354 -0.00317492 0.00104052
27.5  -0.88642231 0.00251024 -0.00080555 -0.00057563 -0.00092013 0.00074475 0.00091646 0.00203305 0.00501513 0.00361548
28.0  -0.87137033 -0.00024020 0.00135524 0.00088346 -0.00512366 -0.00230238 -0.00021196 -0.00331991 -0.00543921 0.00594906
28.5  -0.05663260 0.00483630 -0.00070667 0.00163373 -0.00389728 -0.00396014 -0.00635787 0.00282216 0.00505577 0.00697431
29.0  0.80662493 -0.00468046 -0.00044712 0.00063646 0.00150845 -0.00281395 0.00473973 0.00152144 -0.00287023 0.00699536
29.5  0.94059831 -0.00040268 0.00143925 -0.00103594 0.00525236 0.00001916 0.00172265 0.00133796 -0.00030797 0.00690011
30.0  0.26433564 0.00260526 -0.00087095 -0.00133064 0.00243627 0.00257372 -0.00250494 -0.00235504 0.00285317 0.00731087
30.5  -0.62123974 -0.00453678 -0.00004901 0.00045928 -0.00364392 0.00298015 0.00402139 -0.00490075 -0.00511488 0.00537417
31.0  -0.99959654 0.00303513 0.00088084 0.00182817 -0.00513480 0.00293369 -0.00162415 -0.00308739 0.00579356 0.00139209
31.5  -0.58425158 -0.00262482 -0.00115762 0.00091903 0.00021179 -0.00109066 -0.00043023 -0.00073701 -0.00279775 -0.00403370
32.0  0.29628221 -0.00109510 0.00033430 -0.00188994 0.00473011 -0.00266813 0.00250764 -0.00024058 -0.00329350 -0.00867999
32.5  0.94342860 0.00598338 0.00034993 -0.00349012 0.00309935 -0.00204663 -0.00266094 -0.00229004 0.00529525 -0.01020833
33.0  0.82357783 -0.00219368 -0.00041793 0.00038873 -0.00246645 0.00003601 -0.00231649 -0.00241996 -0.00286040 -0.00802748
33.5  0.02110165 0.00342394 0.00056845 0.00628703 -0.00141125 0.00158186 0.00115015 -0.00406185 0.00408582 -0.00675625
34.0  -0.80036616 -0.00221034 -0.00039888 0.00248526 0.00207169 -0.00088618 0.00447450 -0.00347869 -0.00157366 -0.00568213
34.5  -0.95355422 -0.00680749 -0.00059542 -0.00512174 0.00129885 -0.00310967 0.00342140 -0.00159370 -0.00249477 -0.00535335
35.0  -0.31354384 0.00295656 0.00067000 -0.00526293 -0.00145663 -0.00189072 0.00067933 0.00220516 0.00256202 -0.00472594
35.5  0.58694782 -0.00215653 -0.00014323 0.00195918 -0.00170651 0.00160201 -0.00217846 0.00519395 -0.00428559 -0.00160685
36.0  0.99983722 0.00584201 0.00015957 0.00601479 0.00154494 0.00397383 -0.00339081 0.00541576 0.00487180 0.00279447
36.5  0.56223153 0.00450321 0.00038732 0.00077877 0.00252250 0.00310127 -0.00231289 0.00382842 -0.00253620 0.00887795
37.0  -0.37917940 -0.00510878 -0.00074656 -0.00442865 0.00030507 -0.00104760 -0.00026298 0.00073761 0.00147411 0.01120265
37.5  -0.98536622 0.00036528 0.00009833 -0.00285624 -0.00351273 -0.00453618 0.00186114 -0.00209813 0.00000879 0.01110499
38.0  -0.64936517 -0.00596720 -0.00012774 0.00228668 -0.00191754 -0.00485796 0.00295028 -0.00372173 -0.00312971 0.00887687
38.5  0.33593602 0.00023545 -0.00038426 0.00332519 0.00354225 -0.00146093 0.00254061 -0.00445727 0.00356676 0.00600081
39.0  0.98435286 0.00746507 0.00046549 0.00114648 0.00325961 0.00300223 0.00072260 -0.00446347 -0.00391073 0.00290573
39.5  0.64886595 -0.00188241 0.00058871 -0.00192317 -0.00112072 0.00587018 -0.00152765 -0.00363176 0.00482031 -0.00154133
40.0  -0.30899942 0.00257395 -0.00052142 -0.00062133 -0.00519212 0.00483558 -0.00295556 -0.00109656 -0.00258153 -0.00660173
40.5  -0.96611790 -0.00280184 -0.00048100 0.00181766 -0.00377567 0.00055155 -0.00206288 0.00244810 0.00024614 -0.01039840
41.0  -0.75584565 -0.00472327 0.00128786 0.00188626 0.00248188 -0.00378723 0.00049236 0.00532683 0.00097107 -0.01195387
41.5  0.10097676 0.00448955 -0.00033959 -0.00168160 0.00338212 -0.00514959 0.00293380 0.00608143 -0.00415786 -0.01432799
42.0  0.86771476 -0.00334148 -0.00130221 -0.00280999 0.00113417 -0.00294216 0.00393405 0.00331111 0.00466145 -0.01171897
42.5  0.90996762 0.00249139 0.00086612 0.00026549 -0.00193746 0.00054940 0.00153747 -0.00042312 -0.00279094 -0.00658144
43.0  0.19475977 0.00092181 -0.00095544 0.00292532 -0.00072826 0.00066386 -0.00097160 -0.00560461 -0.00040399 0.00093121
43.5  -0.68292556 -0.00315629 0.00027689 0.00268478 0.00329579 0.00024840 0.00181207 -0.00808827 0.00004043 0.00590707
44.0  -0.99179411 0.00623553 0.00154469 -0.00123382 0.00078180 -0.00066917 0.00381588 -0.00482276 -0.00443490 0.01056855
44.5  -0.48234928 -0.00221948 -0.00092847 -0.00151609 -0.00494560 -0.00071796 -0.00043561 -0.00157678 0.00369654 0.01300165
45.0  0.41572476 0.00021099 -0.00000753 0.00137673 -0.00453573 0.00186518 -0.00459628 0.00281112 -0.00313167 0.01335234
45.5  0.97605694 -0.00128373 0.00077271 0.00140381 0.00287746 -0.00057293 -0.00628916 0.00497396 0.00163632 0.01054211
46.0  0.76524044 -0.00748666 -0.00097088 -0.00145050 0.00561127 -0.00144294 -0.00347786 0.00455122 0.00179711 0.00553212
46.5  -0.04612611 0.00421843 0.00078799 -0.00138405 -0.00016307 0.00033791 0.00077902 0.00233470 -0.00262379 -0.00338034
47.0  -0.82621052 0.00025055 0.00020578 0.00002119 -0.00555465 -0.00062555 0.00438662 -0.00058727 0.00400341 -0.00985547
47.5  -0.94092714 0.00535687 -0.00229788 0.00100591 -0.00304936 0.00053090 0.00533636 -0.00252614 -0.00677980 0.01376575
48.0  -0.25853865 0.00457610 0.00104505 0.00027955 0.00343670 0.00181454 0.00314543 -0.00362991 0.00482711 -0.01624586
48.5  0.66153484 -0.00738326 0.00081070 -0.00070858 0.00688450 -0.00087928 -0.00061005 -0.00422133 -0.00151089 0.01294535
49.0  0.98848513 -0.00081852 -0.00090320 -0.00061704 0.00113050 -0.00025420 -0.00362582 -0.00378717 -0.00159798 -0.00843494
49.5  0.40680904 -0.00421272 0.00174485 0.00024639 -0.00624735 0.00015037 -0.00404736 -0.00242955 0.00587446 0.00148846
50.0  -0.54337449 0.00028410 -0.00030229 0.00094062 -0.00546586 -0.00150795 -0.00235553 -0.00039629 -0.00108983 0.00468304
50.5  -0.99959087 0.00846039 -0.00198311 0.00074604 0.00224111 0.00109219 0.00021409 0.00244477 -0.00529980 -0.00854329
51.0  -0.58285749 -0.00201198 0.00151912 0.00005095 0.00755530 0.00128911 0.00241045 0.00371213 0.00991919 0.01340055
51.5  0.32618545 0.00197745 -0.00057917 -0.00063656 0.00295739 -0.00117367 0.00294593 0.00492840 -0.01253177 -0.01496111
52.0  0.95903163 -0.00220357 -0.00095425 -0.00053964 -0.00523298 0.00055162 0.00301873 0.00187210 0.01031642 0.01466564
52.5  0.78334498 -0.00579543 0.00146652 0.00098471 -0.00669659 -0.00217720 0.00008537 0.00010068 -0.00324931 -0.01239613
53.0  -0.06626163 0.00483583 -0.00056048 0.00169248 -0.00011601 -0.00279421 -0.00268808 -0.00213782 -0.00657355 0.00733850
53.5  -0.86453932 -0.00205361 -0.00020716 -0.00089099 0.00644076 0.00336766 0.00127196 0.00122143 0.01358332 -0.00486975
54.0  -0.89519818 0.00065462 0.00119475 -0.00305718 0.00526743 -0.00150872 0.00041247 -0.00158115 -0.01432601 0.00242965
54.5  -0.11648502 0.00370636 -0.00104724 -0.00199818 -0.00141482 0.00165818 0.00034441 0.00026222 0.01003849 -0.00114271
55.0  0.76709235 -0.00478130 -0.00045631 0.00066440 -0.00631688 0.00280135 0.00034582 0.00040490 -0.00227902 -0.00244593
55.5  0.95849807 0.00388076 0.00120039 0.00110866 -0.00496294 0.00216159 -0.00111483 0.00034250 -0.00622541 0.00793570
56.0  0.30308836 0.00077319 -0.00096188 0.00446296 0.00198477 0.00006128 0.00022047 0.00017510 0.01224825 -0.00982787
56.5  -0.60937409 -0.00448578 -0.00034999 0.00360576 0.00529165 -0.00197367 -0.00003612 -0.00000282 -0.01486726 0.01119355
57.0  -0.99900387 0.00241041 0.00136703 -0.00118654 0.00213695 -0.00259651 -0.00051677 0.00028723 0.01322347 -0.01083665
57.5  -0.54876646 -0.00574870 -0.00126704 -0.00440739 -0.00305039 -0.00150091 0.00099675 -0.00008420 -0.00800687 0.00662216
58.0  0.36083806 0.00165908 0.00007614 -0.00195636 -0.00477947 0.00065328 0.00004745 -0.00078421 -0.00057028 -0.00245311
58.5  0.96883728 0.00642474 0.00110170 0.00208166 -0.00095832 0.00246737 -0.00039973 -0.00094851 0.00870626 -0.00195563
59.0  0.76264318 -0.00095110 -0.00143135 0.00380926 0.00420673 0.00243690 0.00008017 -0.00078388 -0.01385185 0.00626495
59.5  -0.07896692 0.00478966 0.00061341 -0.00016307 0.00415212 0.00081330 -0.00081611 0.00106182 0.01552744 -0.01011729
60.0  -0.84813044 -0.00629563 0.00105947 -0.00535363 -0.00063709 -0.00165014 0.00019149 0.00134448 -0.01041516 0.01274230
60.5  -0.93641522 -0.00592801 -0.00148639 -0.00315812 -0.00499830 -0.00280600 0.00022856 0.00120225 0.00026864 -0.01275843
61.0  -0.31090867 0.00129767 0.00094166 0.00397908 -0.00179722 -0.00189230 0.00001503 -0.00001539 0.00884379 0.01249372
61.5  0.53638963 -0.00264216 -0.00001536 0.00371607 0.00521876 0.00326665 -0.00060201 -0.00192195 -0.01552301 -0.00820998
62.0  0.99160237 0.00930040 -0.00117729 -0.00362362 0.00466694 0.00382117 0.00319472 0.00203737 0.01355003 0.00218764
62.5  0.72828478 0.00143828 -0.00106592 -0.00454299 -0.00308322 0.00409356 0.00572975 0.00196120 -0.00145987 0.00361794
63.0  -0.07952275 0.00033911 -0.00070951 0.00343552 -0.00522766 -0.00034292 -0.00169751 0.00263825 -0.00685853 -0.00726752
63.5  -0.83826361 0.01144079 -0.00120769 0.00409279 0.00181854 -0.00676848 -0.00678012 0.00066390 0.01471161 0.01013768
64.0  -0.93529091 0.02464289 -0.00183713 -0.00194641 0.00537644 -0.00933256 -0.00609489 -0.00020824 -0.01673604 -0.01288067
64.5  -0.25282691 0.02378637 -0.00034916 -0.00570252 0.00137065 -0.00587675 -0.00349458 -0.00192617 0.01077355 0.00783964
65.0  0.65400241 0.00395939 0.00271916 0.00164831 -0.00483351 0.00183884 -0.00033136 -0.00252563 -0.00334096 -0.00565303
65.5  0.99163766 -0.02306740 0.00454149 0.00578337 -0.00403730 0.00870381 0.00210526 -0.00192733 -0.00478324 0.00326080
66.0  0.44960044 -0.03824661 0.00257000 0.00147533 0.00278235 0.01027848 0.00419848 -0.00074785 0.01402490 0.00256664
66.5  -0.49410900 -0.03236915 -0.00221279 -0.00427534 0.00531791 0.00540696 0.00487803 0.00027661 -0.01815627 -0.00290574
67.0  -0.99665478 -0.01070522 -0.00473961 -0.00429986 -0.00018692 -0.00293161 0.00394025 0.00062061 0.01847689 0.00220124
67.5  -0.60318758 0.01517617 -0.00329728 0.00222429 -0.00569870 -0.00886627 0.00152015 0.00097810 -0.01784160 -0.00345111
68.0  0.34238091 0.03515083 0.00010394 0.00421036 -0.00266781 -0.00885245 -0.00140085 0.00128835 0.00798261 0.00356392
68.5  0.97667059 0.04273800 0.00178334 -0.00066580 0.00383419 -0.00334234 -0.00366231 0.00189868 0.00221302 -0.00402312
69.0  0.68657547 0.03167115 0.00198214 -0.00498671 0.00483216 0.00431414 -0.00413182 0.00128702 -0.01046742 0.00189644
69.5  -0.27099760 0.00029478 0.00134241 -0.00142556 -0.00030318 0.00853176 -0.00248459 0.00073243 0.01675383 -0.00040307
70.0  -0.96437119 -0.03992830 0.00135549 0.00453172 -0.00369481 0.00819568 -0.00095047 -0.00191729 -0.01904944 -0.00374644
70.5  -0.71655726 -0.06400233 0.00058702 0.00504346 -0.00062259 0.00298025 0.00158935 -0.00086818 0.01636181 0.00814256
71.0  0.21349135 -0.05023081 -0.00216303 -0.00400688 0.00201155 -0.00326688 0.00252345 -0.00151458 -0.00910647 -0.00976266
71.5  0.93542596 -0.00069747 -0.00447439 -0.00746345 -0.00210905 -0.00744907 0.00426452 -0.00007078 -0.00091676 0.01130380
72.0  0.80172116 0.05495580 -0.00318389 0.00106733 -0.00228350 -0.00731203 -0.00287923 0.00257368 0.01106442 -0.01115468
72.5  -0.04745322 0.07922851 0.00146866 0.00649762 0.00134230 -0.00134183 -0.00063449 0.00121707 -0.01659401 0.00506534
73.0  -0.85411852 0.05289678 0.00543491 0.00165251 0.00312523 0.00551927 0.00030762 0.00187516 0.01780461 -0.00120325
73.5  -0.89939509 -0.00828240 0.00473501 -0.00581490 -0.00014075 0.00775306 0.00434624 -0.00142818 -0.01527912 -0.00382526
74.0  -0.13186072 -0.06153687 -0.00003228 -0.00454444 -0.00388792 0.00413428 0.00383882 -0.00288955 0.00644794 0.00576721
74.5  0.75881780 -0.06984330 -0.00349830 0.00206372 -0.00118158 -0.00228948 0.00129013 -0.00333263 0.00240378 -0.00759729
75.0  0.95531956 -0.03086925 -0.00323083 0.00540037 0.00295593 -0.00697872 -0.00219864 -0.00218151 -0.00899510 0.00946770
75.5  0.28212060 0.02190121 -0.00026990 0.00104968 0.00396337 -0.00664515 -0.00794930 0.00018732 0.01626994 -0.00621413
76.0  -0.63899259 0.05048484 0.00162114 -0.00495623 -0.00132237 -0.00085694 -0.00660637 0.00225052 -0.01847463 0.00570488
76.5  -0.99456014 0.04297038 0.00131274 -0.00380865 -0.00462420 0.00543415 -0.00200707 0.00363773 0.01578899 -0.00500120
77.0  -0.50665790 0.01398774 0.00012660 0.00206598 -0.00167264 0.00733960 0.00531513 0.00271850 -0.01092958 0.00117434
77.5  0.39037223 -0.01351524 -0.00021437 0.00408081 0.00363271 0.00367467 0.00911480 0.00062312 0.00053527 0.00183346
78.0  0.96892607 -0.02755360 0.00018990 0.00022516 0.00421279 -0.00307963 0.00733043 -0.00151458 0.00942326 -0.00481931
78.5  0.78265993 -0.02725709 0.00052180 -0.00413293 -0.00037675 -0.00733415 0.00130541 -0.00293966 -0.01460449 0.00579118
79.0  -0.02076984 -0.01677663 0.00012959 -0.00338254 -0.00451866 -0.00671267 -0.00512111 -0.00251988 0.01709458 -0.00917162
79.5  -0.81207623 -0.00028718 -0.00075167 0.00226957 -0.00184964 -0.00097140 -0.00868406 -0.00110670 -0.01253798 0.00996760
80.0  -0.95066182 0.01724504 -0.00067122 0.00587652 0.00210152 0.00518957 -0.00596651 0.00104619 0.00297454 -0.01057245
80.5  -0.31112096 0.02633839 -0.00018316 0.00320250 0.00242456 0.00824354 0.00217329 0.00250445 0.00644839 0.01477490
81.0  0.58331057 0.01934368 0.00040483 -0.00369405 -0.00141072 0.00006146 0.01018405 0.00539032 -0.01526020 -0.01117407
81.5  0.99914336 -0.00248130 0.00055810 -0.00608477 -0.00195482 -0.00715923 0.00339119 -0.00704287 0.01659442 0.00718557
82.0  0.60772331 -0.02470044 0.00018422 -0.00330779 -0.00024913 -0.00613907 0.00230083 -0.00210868 -0.01030597 -0.00606534
82.5  -0.26964784 -0.02878020 -0.00037654 0.00964060 -0.00392132 -0.00213512 -0.00508816 -0.00179443 -0.00135023 -0.00155522
83.0  -0.93290242 -0.00934433 -0.00001932 0.01149370 0.00302487 0.00276148 0.01022723 0.00237235 0.01183716 0.00800845
83.5  -0.83732356 0.02030110 0.00076448 -0.00146918 0.00105635 0.00722441 -0.01063003 0.00155959 -0.01577063 -0.01176458
84.0  -0.03534405 0.03494165 0.00057003 -0.01398801 -0.00486117 0.00640702 0.00165788 0.00190959 0.01484283 0.01682234
84.5  0.80653498 0.01806388 -0.00039018 -0.00799983 0.00234809 0.00179904 0.00654284 0.00087880 -0.00772088 -0.01817941
85.0  0.93543197 -0.01803359 -0.00096150 0.00760019 0.00394549 -0.00418978 -0.01087048 -0.00030265 -0.00268246 0.01473135
85.5  0.21412124 -0.04121050 -0.00050296 0.01328295 -0.00664671 -0.00765258 0.01118992 0.00074191 0.00953528 -0.01154259
86.0  -0.70268399 -0.02844407 -0.00005324 0.00336196 0.00067877 -0.00610298 -0.00369522 -0.00075278 -0.01356885 0.00762773
86.5  -0.97881295 0.01064795 0.00032681 -0.01120722 0.00678554 -0.00072595 -0.00529921 -0.00217385 0.01377773 -0.00270457
87.0  -0.38493171 0.04269574 0.00026060 -0.00994820 -0.00807451 0.00528133 0.01057188 -0.00228431 -0.00726956 -0.00561653
87.5  0.53440719 0.04222043 -0.00022286 0.00572592 -0.00089768 0.00808136 -0.01015547 -0.00411417 -0.00079644 0.01161966
88.0  0.99663965 0.01137981 -0.00056821 0.01119342 0.00932675 0.00487926 0.00494638 0.00017522 0.00846384 -0.01580673
88.5  0.63792955 -0.02584088 -0.00105694 -0.00021144 -0.00485621 -0.00117885 0.00253296 0.00271369 -0.01381813 0.01922686
89.0  -0.24020045 -0.04425871 0.00029427 -0.01216869 -0.00538580 -0.00675007 -0.01269437 0.00336800 0.01289744 -0.01500727
89.5  -0.92570087 -0.03447803 0.00137387 -0.00625236 0.00878955 -0.00783577 0.01327538 0.00591884 -0.00706337 0.00893870
90.0  -0.83949417 -0.00589819 0.00170200 0.00959993 0.00032531 -0.00341551 -0.00670883 0.00293107 0.00001616 -0.00350353
90.5  -0.02678207 0.02210374 0.00097896 0.01211762 -0.00688662 0.00091936 -0.00164261 -0.00271094 0.00872308 -0.00756702
91.0  0.81612334 0.03419114 -0.00180250 -0.00289690 0.00241226 0.00377807 0.00918585 -0.00431888 -0.01380327 0.01349305
91.5  0.93019074 0.02763779 -0.00343186 -0.01296757 0.00499951 0.00231204 0.01156042 -0.00931657 0.01219285 -0.01611974
92.0  0.20957738 0.00930420 -0.00190695 -0.00459222 -0.00531835 0.00073167 0.00711228 -0.00616126 -0.00964251 0.01874657
92.5  -0.69482219 -0.01238598 0.00160598 0.01201719 0.00009773 -0.00024122 0.00000170 -0.00268730 0.00197595 -0.01597738
93.0  -0.98398825 -0.02967804 0.00315246 0.01068990 0.00663956 -0.00108332 -0.00516704 0.00383783 0.00602247 0.01057702
93.5  -0.41220916 -0.03413856 0.00238834 -0.00568499 -0.00529713 -0.00072043 -0.00593902 0.00992579 -0.01080431 -0.00510144
94.0  0.51971354 -0.01878612 0.00015061 -0.01338192 -0.00614480 0.00043498 -0.00284167 0.01000820 0.01404570 -0.00395790
94.5  0.99743642 0.01230664 -0.00028420 -0.00151383 0.00787784 0.00192290 0.00032355 0.00734378 -0.01182535 0.01143643
95.0  0.59713238 0.04013250 -0.00055723 0.01322210 0.00285104 0.00248240 0.00307239 0.00086414 0.00658802 -0.01797673
95.5  -0.32927650 0.04195288 -0.00211474 0.00931869 -0.00661494 0.00132453 0.00341498 -0.00558197 0.00038698 0.02089584
96.0  -0.96398464 0.01225684 -0.00410075 -0.00945976 0.00181485 -0.00098714 0.00234134 -0.00973493 -0.00825976 -0.02043785
96.5  -0.76460605 -0.02837110 -0.00277532 -0.01524089 0.00570910 -0.00313843 0.00182423 -0.01100749 0.01159432 0.01557403
97.0  0.07362222 -0.04889427 0.00200351 0.00239238 -0.00326049 -0.00398302 0.00039346 -0.00394707 -0.01395175 -0.00778223
97.5  0.84153313 -0.03443098 0.00708850 0.01459796 -0.00197515 -0.00201178 -0.00131037 0.00098502 0.00894126 -0.00131563
98.0  0.93978273 0.00301615 0.00702321 0.00450885 0.00591822 0.00091443 -0.00885127 0.00333573 0.00131137 0.01010023
98.5  0.32080833 0.03603481 0.00102813 -0.01132448 -0.00355044 0.00283247 -0.01187705 -0.00018607 -0.00556339 -0.01791471
99.0  -0.53639389 0.04257449 -0.00646833 -0.00956479 -0.00705348 0.00338502 -0.00528148 -0.00257654 0.01305846 0.02203411
99.5  -0.99311097 0.01987886 -0.00919404 0.00537027 0.00576730 0.00175093 0.00418763 0.00028578 -0.01454095 -0.02248294
100.0  -0.68834252 -0.01416403 -0.00429376 0.01236621 0.00374698 0.00653383 0.01068927 -0.00073135 0.00764711 0.02035458
100.5  0.17680428 -0.03398656 0.00396078 0.00157712 -0.00754404 0.00728751 0.00748268 0.00520326 -0.00048499 0.01494654
101.0  0.90892627 -0.02499651 0.00792934 -0.01134838 0.00080285 -0.00157788 0.00257742 0.00652236 -0.00597828 -0.00870959
101.5  0.84551631 0.00345942 0.00371290 -0.00913256 0.00664061 -0.01006386 -0.00306045 0.00437147 0.01191687 0.00403509
102.0  0.00260699 0.02502036 -0.00321818 0.00530829 -0.00556525 -0.01085982 -0.00582314 0.00133971 -0.01292313 0.00422518
102.5  -0.84813529 0.02150215 -0.00515215 0.01220304 0.00040694 -0.00225304 -0.00499684 -0.00181737 0.01283438 -0.01030222
103.0  -0.89356858 -0.00019174 -0.00138912 0.00392750 0.00558744 0.00835733 -0.00073216 -0.00323272 -0.01082392 0.01443369
103.5  -0.08436299 -0.01876942 0.00295593 -0.01040714 -0.00664121 0.01150549 0.00319300 -0.00373497 0.00496881 -0.02013221
104.0  0.80675595 -0.01943982 0.00272655 -0.01137092 -0.00226775 0.00517005 0.00520849 -0.00324314 0.00025493 0.02249427
104.5  0.92196415 -0.00537096 -0.00084936 0.00104299 0.00844604 -0.00510415 0.00388994 -0.00231215 -0.00523719 -0.02284494
105.0  0.14551461 0.01089803 -0.00317978 0.01155123 -0.00671081 -0.01201135 -0.00009270 -0.00060008 0.01050390 0.02215641
105.5  -0.77134686 0.01962119 -0.00113179 0.00738457 -0.00168471 -0.00905118 -0.00368962 0.00158978 -0.01321892 -0.02056948
106.0  -0.94417284 0.01740243 0.00236967 -0.00539601 0.00832168 0.00052878 -0.00499859 0.00382317 0.01342445 0.01805192
106.5  -0.22526548 0.00415953 0.00348544 -0.01125911 -0.00705532 0.01057300 -0.00251143 0.00397414 -0.01053760 -0.01253756
107.0  0.69120790 -0.01675189 0.00054366 -0.00347426 -0.00197705 0.01266526 0.00119603 0.00256852 0.00477700 0.00736175
107.5  0.98588173 -0.03415734 -0.00275584 0.00869588 0.00971058 0.00517724 0.00419487 -0.00020736 0.00295137 -0.00109142
108.0  0.45095848 -0.03380600 -0.00335393 0.00941286 -0.00627828 -0.00557008 0.00386412 -0.00325168 -0.00960133 -0.00691834
108.5  -0.43128983 -0.00864078 -0.00143031 -0.00310362 -0.00752372 -0.01191520 -0.00184742 -0.00526686 0.01178786 0.01327886
109.0  -0.97158302 0.03125208 0.00202741 -0.01104194 0.01027187 -0.00740899 -0.00651543 -0.00379158 -0.01036875 -0.01850645
109.5  -0.79288615 0.06228211 0.00428542 -0.00402612 0.00024845 0.00224214 -0.00537374 -0.00158662 0.00139843 0.02302434
110.0  -0.03913082 0.06123883 0.00240204 0.00837735 -0.00944361 0.00721846 -0.00207125 0.00092271 0.00813118 -0.02297164
110.5  0.74829461 0.02079775 -0.00125660 0.00811940 0.00714931 0.00845966 0.00307525 0.00254348 -0.01602215 0.02011769
111.0  0.97905760 -0.04031742 -0.00419932 -0.00351979 0.00639424 0.00273173 -0.00805782 0.00320217 0.01606547 -0.01392531
111.5  0.44252977 -0.08367534 -0.00386941 -0.00993743 -0.01185909 -0.00425677 0.00062551 0.00041291 -0.00854445 0.00763805
112.0  -0.46158653 -0.07642333 -0.00053127 -0.00411119 -0.00191100 -0.00908653 -0.00013392 -0.00166741 -0.00009948 0.00167479
112.5  -0.98627212 -0.01888170 0.00343562 0.00727926 0.01185632 -0.00775562 -0.00141688 -0.00334605 0.00919928 -0.01009836
113.0  -0.67632434 0.05118848 0.00458003 0.00939267 -0.00570876 -0.00091894 0.00628883 -0.00448324 -0.01639203 0.01612074
113.5  0.20925961 0.08766043 0.00137815 -0.00161846 -0.00663685 0.00674013 -0.00164551 -0.00250810 0.01521523 -0.02095096
114.0  0.91682828 0.07005753 -0.00142942 -0.01035100 0.00972541 0.00930752 -0.00092578 0.00002690 -0.01104584 0.02258291
114.5  0.84492819 0.01411222 -0.00302925 -0.00445023 -0.00124363 0.00381213 0.00171374 0.00299773 0.00539573 -0.01898494
115.0  0.05135534 -0.04441167 -0.00296060 0.00752774 -0.00904169 -0.00364053 -0.00579736 0.00396008 0.00547596 0.01670708
115.5  -0.78874024 -0.07444817 -0.00213861 0.00770987 0.00899100 -0.00792335 0.00303314 0.00316407 -0.01206492 -0.01084473
116.0  -0.94918864 -0.06527860 0.00019252 -0.00244617 0.00374368 -0.00643841 0.00134105 0.00120666 0.01461676 0.00362346
116.5  -0.28708824 -0.02581296 0.00228389 -0.00836092 -0.01074200 -0.00043270 -0.00106552 -0.00106621 -0.01648007 0.00353115
117.0  0.62154799 0.02382308 0.00397941 -0.00295419 0.00135620 0.00516206 0.00419301 -0.00311011 0.00964299 -0.01004968
117.5  0.99506099 0.06228953 0.00253199 0.00621777 0.00899066 0.00792071 -0.00470617 -0.00420448 0.00003759 0.01518460
118.0  0.53156778 0.07319075 -0.00116123 0.00630120 -0.00576433 0.00565008 0.00008253 -0.00360659 -0.00754332 -0.02244470
118.5  -0.36320182 0.05093922 -0.00420884 -0.00357757 -0.00302342 0.00253110 0.00314799 0.00044719 0.01591590 0.02266862
119.0  -0.95953531 0.00419791 -0.00407233 -0.00811753 0.00901203 -0.00379477 0.00075236 0.00113119 -0.01542950 -0.01878550
119.5  -0.79584099 -0.04666913 -0.00036422 0.00053454 -0.00268007 -0.00814812 -0.00096978 0.00369122 -0.00403583 0.01491166
120.0  -0.00422172 -0.07675347 0.00297323 0.00223546 0.00742292 -0.00802950 -0.00084301 -0.00582078 0.00025558 0.00105902
120.5  0.79851601 -0.06939228 0.00263763 -0.00041960 0.00554917 0.00117966 -0.00259333 -0.01205976 0.00224785 -0.01288174
121.0  0.94766250 -0.02655981 -0.00038096 -0.00267638 -0.00360791 0.00941588 -0.00063599 -0.01213476 -0.00463901 0.02007750
121.5  0.26815637 0.02757910 -0.00235401 -0.00144948 -0.00720839 0.01123840 0.00125043 -0.00611513 0.00882482 -0.02611482
122.0  -0.67119868 0.05960970 -0.00082346 0.00214700 -0.00176758 0.00559898 0.00180325 0.00070942 -0.00979648 0.02345800
122.5  -0.97840226 0.05183723 0.00235749 0.00247485 0.00550870 -0.00316501 0.00074610 0.00664667 0.00883232 -0.01587686
123.0  -0.32518543 0.01768941 0.00319857 -0.00058930 0.00494519 -0.01048570 -0.00105242 0.00996678 -0.00359244 0.01038913
123.5  0.65007913 -0.01316176 0.00020266 -0.00332802 -0.00148031 -0.01043401 -0.00235450 0.01050346 -0.00490767 -0.00299855
124.0  0.98453166 -0.02447603 -0.00343531 -0.00122084 -0.00611098 -0.00404653 -0.00205292 0.00787986 0.00962981 -0.00697062
124.5  0.36817888 -0.02327938 -0.00388749 0.00239207 -0.00257498 0.00471029 -0.00098580 0.00164175 -0.00953722 0.01729777
125.0  -0.59304286 -0.02284917 -0.00085554 0.00278318 0.00534759 0.01063157 0.00195624 -0.00435553 0.00586243 -0.02266374
125.5  -0.99666844 -0.02309955 0.00309273 -0.00095410 0.00577979 0.01072721 0.00232690 -0.00983949 -0.00116066 0.02284862
126.0  -0.47790248 -0.01206964 0.00381458 -0.00234209 -0.00220743 0.00465480 0.00065628 -0.01097808 -0.00326475 -0.02397878
126.5  0.47915255 0.01554027 0.00207833 0.00137638 -0.00601692 -0.00252215 -0.00468409 -0.00767042 0.00734838 0.01758845
127.0  0.99555687 0.04554708 -0.00064067 0.00313130 -0.00128587 -0.00538527 -0.01052193 0.00430121 -0.00664828 -0.00892049
127.5  0.60298083 0.05240118 -0.00255448 -0.00144187 0.00352926 -0.00770971 0.00313340 0.00456078 0.01462551 0.00167840
128.0  -0.33239311 0.02554066 -0.00322631 -0.00499623 0.00185393 -0.00668575 -0.00867697 0.00948719 0.00582048 0.00915004
128.5  -0.96599357 -0.02034782 -0.00243084 0.00025601 -0.00306171 -0.00489668 0.00462554 0.01196670 -0.00362585 -0.01733438
129.0  -0.75274705 -0.05581078 0.00007168 0.00536906 -0.00307701 0.00199373 -0.00004811 0.00781766 -0.01174900 0.02395037
129.5  0.09877078 -0.06057325 0.00330759 0.00139342 0.00060631 0.00406135 -0.00645527 -0.00010250 -0.01532881 -0.02769289
130.0  0.86169760 -0.03543536 0.00584980 -0.00430000 0.00306479 0.00228062 0.01024480 -0.00767894 -0.01530467 0.02634689
130.5  0.91403421 0.00476699 0.00370658 -0.00373658 0.00131054 -0.00057049 -0.00727342 -0.01243353 -0.01119120 -0.02056511
131.0  0.21431689 0.04351542 -0.00182097 0.00316170 0.00022518 -0.00294637 0.00067591 -0.01044356 -0.00519062 0.01210898
131.5  -0.67000285 0.06607133 -0.00710320 0.00655290 -0.00115315 -0.00285180 0.00740252 -0.00378870 0.00239282 -0.00353797
132.0  -0.98787002 0.06051395 -0.00674825 0.00130070 -0.00065031 -0.00049042 -0.01106193 0.00421068 0.01045751 -0.00587490
132.5  -0.43776620 0.02165824 -0.00029545 -0.00580349 0.00070265 0.00175254 0.00697560 0.01020126 0.01659496 0.01193940
133.0  0.50641728 -0.03878064 0.00714573 -0.00511407 0.00095108 0.00241838 0.00013342 0.01194863 0.01782845 -0.01915738
133.5  0.99371798 -0.08796522 0.00794307 0.00078074 -0.00003808 0.00113225 -0.00779123 0.01009252 0.01456463 0.02313156
134.0  0.60021375 -0.09040084 0.00130112 0.00526711 0.00000809 -0.00090218 0.01219067 0.00308146 0.00626254 -0.02407437
134.5  -0.30234829 -0.03572837 -0.00605691 0.00325244 -0.00285557 -0.00218917 -0.00616718 -0.00436788 -0.00290701 0.02310589
135.0  -0.94162658 0.04877173 -0.00812324 -0.00301961 -0.00286124 -0.00204912 -0.00242507 -0.01144403 -0.01084513 -0.01914430
135.5  -0.81689047 0.11370548 -0.00299772 -0.00575374 0.00018184 -0.00019657 0.00921616 -0.01316015 -0.01434638 0.01224758
136.0  -0.05186859 0.11856704 0.00448331 0.00056231 0.00351019 0.00276196 -0.01161611 -0.00875919 -0.01373795 -0.00522600
136.5  0.75001901 0.05691129 0.00797520 0.00612526 0.00378297 0.00342072 0.00196741 -0.00015014 -0.00835886 -0.00281803
137.0  0.97074173 -0.03908946 0.00473358 0.00361480 0.00040159 0.00054922 0.00820894 0.00989922 -0.00007554 0.01028438
137.5  0.43723834 -0.11627533 -0.00255907 -0.00303942 -0.00351138 0.00261968 -0.01009613 0.01557033 0.00645443 -0.01691424
138.0  -0.43928666 -0.13124041 -0.00734882 -0.00488890 -0.00266079 -0.00411015 0.00952021 0.01390355 0.01047119 0.02109286
138.5  -0.97207173 -0.07759490 -0.00587466 -0.00024310 0.00272429 -0.00419346 -0.00126348 0.00665709 0.00888043 -0.02416144
139.0  -0.74292348 0.01243854 0.00077786 0.00029551 0.00788851 -0.00250171 -0.01109254 -0.00860805 0.00622526 0.02463240
139.5  0.06349429 0.09117815 0.00668260 0.00556266 0.00228669 0.00057230 0.00732186 -0.01864497 0.00571168 -0.01787942
140.0  0.81883133 0.12287779 0.00654629 0.00328881 -0.00559319 0.00286231 -0.00342401 0.01712237 0.00127425 0.01047094
140.5  0.94588208 0.09991319 0.00040745 -0.00339867 -0.00678968 -0.00447274 0.00556502 -0.00355834 -0.00725952 -0.00142483
141.0  0.34331806 0.03698248 -0.00576051 -0.00507339 0.00052683 0.00316920 0.00746263 -0.00397441 -0.01106023 -0.01016342
141.5  -0.53730390 -0.03821564 -0.00691023 0.00115873 0.00703099 0.00533634 0.00399106 0.01531812 -0.01184426 0.01985357
142.0  -0.99150908 -0.09622935 -0.00122735 0.00541877 0.00464461 -0.00846510 0.00028783 -0.01645382 -0.00731690 -0.02627573
142.5  -0.60188888 -0.11219361 0.00547611 0.00222748 -0.00306611 0.00396003 -0.00394356 0.00906534 -0.00333320 0.02469961
143.0  0.33287255 -0.07397824 0.00628120 -0.00413056 -0.00588401 0.00043298 -0.00622143 -0.00100551 0.00367686 -0.02077723
143.5  0.96805936 0.00358923 0.00056570 -0.00431659 -0.00285154 -0.00590294 -0.00625723 -0.00900940 0.00838712 0.01298298
144.0  0.70349253 0.08130732 -0.00659124 0.00180678 0.00327985 0.00713410 -0.00344715 0.01628888 0.01044602 -0.00226905
144.5  -0.20633897 0.11593269 -0.00698508 0.00505361 0.00367258 -0.00169743 0.00084055 -0.01656571 0.00951531 -0.00542630
145.0  -0.92210506 0.08921293 -0.00124772 0.00011313 -0.00073600 -0.00348592 0.00521342 0.01298882 0.00726542 0.01368685
145.5  -0.82741100 0.01949347 0.00595118 -0.00569598 -0.00364590 0.00523368 0.00842961 -0.00485556 0.00282758 -0.02385599
146.0  -0.03102144 -0.05336929 0.00880683 -0.00252536 -0.00065404 -0.00437129 0.00623254 -0.00796380 -0.00055769 0.02341467
146.5  0.78900561 -0.09338216 0.00536305 0.00490449 0.00460349 -0.00410120 0.00050383 0.01381189 -0.00743360 -0.02103744
147.0  0.95255477 -0.08740637 0.00160923 0.00499770 0.00157532 0.00809626 -0.00168249 -0.01636153 -0.00579053 0.01556929
147.5  0.31637787 -0.04772453 -0.00775634 -0.00405480 -0.00258099 -0.00231810 -0.00849912 0.00622210 -0.01396140 -0.00177118
148.0  -0.59451267 0.00042135 0.00746922 -0.00759205 -0.00247470 -0.00039270 -0.00708595 -0.00648880 -0.00609828 -0.01019759
148.5  -0.99632877 0.03772793 -0.00074506 0.00109142 0.00096113 0.00420137 -0.00151840 0.00039980 0.00024816 0.01910560
149.0  -0.52498899 0.05783307 -0.00569567 0.00669737 0.00292480 -0.00548827 0.00468713 0.00980932 0.00947317 -0.02503109
149.5  0.41123377 0.06202834 0.00865355 0.00274847 0.00068920 0.00089103 0.00978675 -0.00974883 0.00944910 0.02845420
150.0  0.98309686 0.04955451 -0.00540095 -0.00502429 -0.00246017 0.00312493 0.00905490 0.00928939 0.01482789 -0.02182251
150.5  0.69121866 0.01779008 -0.00320088 -0.00555068 -0.00271051 -0.00519113 0.00447704 -0.00731926 0.01002645 0.01327761
151.0  -0.20173787 -0.02850113 0.00845370 0.00265589 0.00181255 0.00430308 -0.00208288 -0.00144208 0.00622597 -0.00086230
151.5  -0.91936337 -0.07100292 -0.00737508 0.00488447 0.00330117 -0.00054447 -0.00840264 0.00599736 -0.00045400 -0.01172350
152.0  -0.82963000 -0.08411256 0.00121614 -0.00048828 -0.00015356 -0.00338116 -0.00987672 -0.00728904 -0.00493931 0.02219898
152.5  0.01143165 -0.05232526 0.00628163 -0.00768636 -0.00391593 0.00523752 -0.00687642 0.00956105 -0.01167902 -0.02871002
153.0  0.85086724 0.01344619 -0.00844599 -0.00349614 -0.00273737 -0.00343395 0.00046263 -0.00624860 -0.00874476 0.03011264
153.5  0.88075123 0.07500110 0.00359442 0.00632870 0.00168640 0.00030497 0.00643055 -0.00019774 -0.01128433 -0.02280804
154.0  0.05171551 0.09300151 0.00502608 0.00791950 0.00314506 0.00259580 0.01035909 0.00456647 -0.00598596 0.01644958
154.5  -0.82526505 0.05550044 -0.00889954 0.00031740 0.00185011 -0.00224074 0.00903718 -0.00862800 -0.00115595 -0.00602657
155.0  -0.90678162 -0.01258025 0.00429184 -0.00858845 -0.00002345 0.00263135 0.00301940 0.01093614 0.00696470 -0.00640437
155.5  -0.14744764 -0.07269095 0.00378309 -0.00735086 -0.00161896 0.00008994 -0.00421674 -0.00915487 0.01048778 0.01808144
156.0  0.73470593 -0.09622131 -0.00854521 0.00331828 -0.00095097 -0.00115528 0.00939097 0.00072933 0.01231133 -0.02641907
156.5  0.96899621 -0.07326258 0.00601600 0.00936758 0.00073816 -0.00035865 0.00806135 0.00699988 0.00757565 0.03103017
157.0  0.37470399 -0.01275577 0.00196308 0.00310878 0.00033131 -0.00065004 0.00104633 -0.00723526 -0.00349443 -0.03065681
157.5  -0.53573202 0.06078388 -0.00845954 -0.00718815 -0.00238238 -0.00129960 -0.00748048 0.00832761 -0.00752257 0.02834270
158.0  -0.99165772 0.11101826 0.00740147 -0.00684630 -0.00216322 -0.00353048 0.01088018 -0.00333636 -0.01026622 -0.02372795
158.5  -0.60206869 0.10578967 0.00058174 0.00283596 0.00018845 0.00231780 -0.00584165 -0.00385177 -0.00875251 0.01604234
159.0  0.30300132 0.03785361 -0.00769921 0.00797986 0.00401486 0.00045097 0.00127343 0.00671353 -0.00439810 -0.00745194
159.5  0.94586524 -0.06012866 0.00778420 0.00173677 0.00279450 -0.00293287 0.00547338 -0.00868988 0.00073314 -0.00392032
160.0  0.78657838 -0.13133439 -0.00122289 -0.00732060 -0.00244411 0.00307046 -0.01040075 0.00785957 0.00566682 0.01878962
160.5  -0.01886258 -0.13147922 -0.00605485 -0.00678976 -0.00362086 -0.00041602 0.00547553 -0.00102673 0.00893297 -0.02687150
161.0  -0.79914877 -0.05905884 0.00848084 0.00420415 0.00071780 -0.00024004 0.00020343 -0.00436118 0.00952136 0.03487978
161.5  -0.94928622 0.04546784 -0.00380616 0.00901657 0.00397308 0.00383435 -0.00490761 0.00787773 0.00826525 -0.03841466
162.0  -0.37257528 0.12746064 -0.00406278 0.00107363 0.00026083 -0.00253982 0.01026998 -0.00918543 0.00364795 0.03296004
162.5  0.49133117 0.14591375 0.00840669 -0.00860055 -0.00250434 -0.00229991 -0.00422841 0.00449326 -0.00093218 -0.02554039
163.0  0.97991157 0.09221286 -0.00621585 -0.00620517 -0.00298553 0.00205238 -0.00353502 0.00146977 -0.00580544 0.01292151
163.5  0.68437290 -0.00592396 -0.00113801 0.00501982 0.00037503 -0.00270600 0.00598320 -0.00530613 -0.00861562 0.00092742
164.0  -0.18584855 -0.09782034 0.00971926 0.00935933 0.00284544 0.00038819 -0.00881201 0.00790186 -0.00846747 -0.01496741
164.5  -0.90450281 -0.13742876 -0.01074255 0.00153415 0.00160695 0.00312126 0.00434479 -0.00536150 -0.00630660 0.02614170
165.0  -0.84381052 -0.10795363 0.00169099 -0.00805765 -0.00171816 -0.00407275 0.00371218 0.00046428 -0.00184585 -0.03142095
165.5  -0.05569301 -0.02742573 0.00813753 -0.00625030 -0.00508135 0.00523358 -0.00502605 0.00298567 0.00321766 0.03722639
166.0  0.77707699 0.06425431 -0.01277781 0.00352464 0.00112111 -0.00719281 0.00651456 0.00245412 0.00799473 -0.03695667
166.5  0.94933922 0.12615264 0.00604131 0.00761886 0.00645877 -0.00301764 -0.00246116 -0.00064438 -0.01127938 0.03146857
167.0  0.31857915 0.13001696 0.00519172 -0.00293574 0.00299588 -0.00313278 0.00167170 0.00102947 0.00663191 -0.02198800
167.5  -0.58634751 0.07044634 -0.01244510 -0.00274775 -0.00719950 0.00709202 -0.00300223 0.00011579 -0.00094921 0.00917718
168.0  -0.98869401 -0.02695629 0.01065256 0.00464183 -0.00661558 -0.00710971 0.00089043 -0.00156742 -0.00554532 0.00616792
168.5  -0.51728816 -0.11323174 0.00160891 0.00367137 0.00237642 0.00280078 0.00332596 0.00541128 0.00951682 -0.01633203
169.0  0.42620972 -0.13986621 -0.01192683 -0.00245189 0.00859494 0.00453203 -0.00350602 -0.00458579 -0.01571720 0.02594552
169.5  0.98196682 -0.09020907 0.01146012 -0.00617587 0.00246063 -0.00684936 0.00396778 0.00276364 0.02963922 -0.02113115
170.0  0.63160982 0.00559263 -0.00225703 -0.00252919 -0.00585896 0.00350639 -0.00257929 -0.00270129 -0.03214456 0.00828297
170.5  -0.29341687 0.09209404 -0.00888410 0.00519295 -0.00678871 0.00124859 -0.00258712 -0.00206326 0.02606499 -0.00461285
171.0  -0.94843338 0.12613294 0.01286424 0.00544560 0.00212823 -0.00453031 0.00545916 0.00543058 -0.01259586 0.00484901
171.5  -0.78375935 0.10175290 -0.00703207 -0.00308985 0.00805738 0.00377529 -0.00546611 -0.00586714 -0.00676581 -0.00569471
172.0  0.02142294 0.04147520 -0.00373524 -0.00691259 0.00115925 0.00119731 0.00208011 0.00739814 0.02096724 0.00125886
172.5  0.80144828 -0.02475858 0.01199467 0.00003671 -0.00704286 -0.00457565 0.00403388 -0.00388391 -0.02965415 0.01021935
173.0  0.95499314 -0.07552478 -0.01073746 0.00696537 -0.00392113 0.00306837 -0.00798646 -0.00124320 0.02181638 -0.02657586
173.5  0.36345948 -0.10019600 0.00378128 0.00276983 0.00453352 0.00101821 0.00592163 0.00408931 -0.00609258 0.02726125
174.0  -0.52321957 -0.09405231 0.00726345 -0.00681130 0.00678549 -0.00374629 0.00076026 -0.00667910 -0.00288242 -0.01864669
174.5  -0.99122992 -0.05743088 -0.01369265 -0.00622378 -0.00124920 0.00266536 -0.00754195 0.00465247 0.00843965 0.00431578
175.0  -0.63158270 0.00314547 0.00738637 0.00318137 -0.00757405 0.00109668 0.01157945 -0.00127910 -0.00821857 0.00940610
175.5  0.26929666 0.06804578 0.00353226 0.00805207 -0.00309253 -0.00723199 -0.00500094 -0.00301807 0.00509824 -0.01980080
176.0  0.93975656 0.10873168 -0.01128265 -0.00075693 0.00634408 0.00348706 -0.00533011 0.00512636 0.00119650 0.02729209
176.5  0.79522442 0.10163147 0.01076995 -0.00839387 0.00787061 0.00669239 0.01061069 0.00084720 -0.00657824 -0.03113466
177.0  -0.04540212 0.04441869 -0.00050086 -0.00377597 -0.00087281 -0.01201020 -0.01002838 -0.00244543 0.00458486 -0.02858085
177.5  -0.85010637 -0.03735353 -0.01084882 0.00531497 0.00096614 0.01009730 0.00213972 0.00419445 -0.00190575 -0.02350385
178.0  -0.89227500 -0.10220347 0.01241942 -0.00668795 0.00223905 -0.00147341 0.00549912 -0.00536867 0.00069912 -0.01690668
178.5  -0.10755616 -0.11385905 -0.00301318 -0.00151816 0.00112160 -0.01075983 -0.00722774 0.00464979 0.00153768 -0.01129238
179.0  0.78658997 -0.06459045 -0.00940548 0.00715844 -0.00208743 0.01540216 0.00670354 -0.00382187 -0.00193145 -0.00098278
179.5  0.92185137 0.01965987 0.01258500 -0.00458420 -0.00192869 -0.01011213 -0.00316565 0.00130796 0.00173349 0.00926166
180.0  0.14842589 0.09384333 -0.00373559 -0.00633454 0.00263838 0.00199406 -0.00276649 0.00357187 -0.00340209 0.02052184
180.5  -0.77034726 0.11804392 -0.00827543 0.00677995 0.00287478 0.01017135 0.00467290 -0.00678555 0.00261348 0.02720173
181.0  -0.93266393 0.07847413 0.01295918 0.00022567 -0.00027448 -0.01709924 -0.00483912 0.00707706 -0.00134480 0.03049002
181.5  -0.21095123 -0.00607041 -0.00454895 -0.00595764 -0.00313601 0.01055000 0.00475040 -0.00609707 0.00136760 0.02901897
182.0  0.69081878 -0.09353486 -0.00792165 0.00515514 0.00003021 -0.00092759 0.00039810 0.00134188 0.00072237 0.02662128
182.5  0.97612050 -0.13851302 0.01434180 0.00316340 0.00281498 -0.00973132 -0.00543994 0.00372112 -0.00307412 0.02053207
183.0  0.43868391 -0.11520898 -0.00746800 -0.00925577 0.00045105 0.01860063 0.00480054 -0.00669135 0.00230058 0.00691185
183.5  -0.45480036 -0.02966789 -0.00565827 0.00041123 -0.00235074 -0.00857216 -0.00501985 0.00767562 -0.00303172 -0.00402846
184.0  -0.97542456 0.07910078 0.01434951 0.00824842 -0.00160723 -0.00441919 0.00088824 -0.00468830 0.00184690 -0.01372552
184.5  -0.69272609 0.15284994 -0.00986967 -0.00408055 -0.00005145 0.01205980 0.00653623 0.00078763 0.00108588 -0.01810480
185.0  0.17090411 0.14532045 -0.00324656 -0.00385351 0.00199548 -0.01727368 -0.00876517 0.00174042 -0.00117902 -0.02225473
185.5  0.89192912 0.05489547 0.01292610 0.00388830 0.00159532 0.00088314 -0.01126725 -0.00402558 -0.00044078 -0.02590862
186.0  0.85705370 -0.06795299 -0.01173246 -0.00071866 -0.00237138 0.00733946 0.00142083 0.00456096 0.00296025 -0.02910847
186.5  0.10128429 -0.15238607 -0.00081799 0.00008683 -0.00279595 -0.00919278 0.01121814 -0.00056122 -0.00478104 -0.03035674
187.0  -0.73559558 -0.15227368 0.01287694 0.00370810 0.00172040 0.00883553 0.01427556 -0.00461145 0.00374018 -0.02561862
187.5  -0.96385630 -0.07117567 -0.01217083 -0.00268750 0.00350845 -0.00001259 0.00868721 0.00432478 -0.00111715 -0.01792154
188.0  -0.40143710 0.04477205 0.00202056 -0.00193879 0.00062816 -0.01131516 -0.00258858 -0.00202400 -0.00325340 -0.00707304
188.5  0.49204343 0.13466609 0.01038031 0.00090351 -0.00541200 0.00829472 -0.01174180 -0.00307545 0.00466822 0.00384105
189.0  0.98165324 0.15349219 -0.01441821 -0.00001803 -0.00484713 0.00045339 -0.01299877 0.00660732 -0.00472363 0.01421865
189.5  0.65317073 0.09350590 0.00495227 0.00042370 0.00159594 -0.00669431 -0.00528632 -0.00475107 0.00405933 0.02321667
190.0  -0.22546462 -0.01351272 0.00837154 0.00142213 0.00678293 0.01133761 0.00596287 0.00250290 -0.00066100 0.02978219
190.5  -0.91371368 -0.11267683 -0.01442821 -0.00054674 0.00443547 -0.00249391 0.01310252 0.00259603 -0.00151220 0.03250404
191.0  -0.83760443 -0.15563681 0.00862721 -0.00035521 -0.00345613 -0.00969353 0.01166825 -0.00583121 0.00258174 0.02936883
191.5  -0.08067906 -0.12375510 0.00424607 0.00003056 -0.00738603 0.00919613 0.00221925 0.00499722 -0.00381532 0.02429431
192.0  0.72852715 -0.03566503 -0.01367752 -0.00075134 -0.00332514 -0.00414139 -0.00912086 -0.00338757 0.00436912 0.01542766
192.5  0.97497826 0.06681162 0.01248954 0.00070802 0.00456530 -0.00589953 -0.01331668 -0.00049719 -0.00202409 0.00344804
193.0  0.51098393 0.14144728 -0.00187360 -0.00102140 0.00569952 0.01221025 -0.00809280 0.00481916 0.00063509 -0.01072202
193.5  -0.31058973 0.16033924 -0.00946706 -0.00128034 -0.00072329 -0.00525264 0.00287554 -0.00399238 0.00086439 -0.02335925
194.0  -0.91480216 0.11720890 0.01375952 0.00125587 -0.00538244 -0.00299244 0.01184097 0.00405392 -0.00257768 -0.02990984
194.5  -0.86701162 0.02871248 -0.00981232 0.00070782 -0.00177076 0.00936356 0.01231680 -0.00414989 -0.00007654 -0.02820021
195.0  -0.16863287 -0.06987702 -0.00260103 -0.00030396 0.00525223 -0.00968744 0.00579650 0.00444934 0.00070350 -0.02311667
195.5  0.67573057 -0.13541464 0.01390658 0.00058090 0.00462409 0.00782263 -0.00090454 -0.00338032 -0.00149448 -0.01438427
196.0  0.98082196 -0.13939611 -0.01357945 0.00062412 -0.00348127 -0.00304975 -0.01444723 0.00087404 -0.00080527 -0.00456460
196.5  0.45692234 -0.08356977 0.00308847 -0.00142894 -0.00714491 0.00013867 -0.01550385 -0.00025086 -0.00069663 -0.00426367
197.0  -0.47120384 0.00248306 0.01078760 -0.00034448 -0.00189014 0.00596413 -0.00894066 -0.00409148 0.00078834 0.01509761
197.5  -0.98744259 0.08001446 -0.01532774 0.00145050 0.00564825 -0.00734405 0.00199930 0.00561331 0.00203817 -0.02394768
198.0  -0.60983675 0.11887656 0.00674095 0.00022262 0.00601906 0.00318527 0.01174620 -0.00267677 0.00487978 0.02814771
198.5  0.33750989 0.10607980 0.00764789 -0.00093812 -0.00175528 0.00178249 0.01466406 0.00065214 0.00495917 -0.02917963
199.0  0.97200724 0.04608713 -0.01540429 -0.00018134 -0.00733771 -0.00602464 0.01084486 0.00211475 0.00524169 0.02529215
199.5  0.66812745 -0.03771548 0.00945266 -0.00139982 -0.00360891 0.00612495 0.00293306 -0.00531009 0.00179244 -0.02047332
200.0  -0.29620256 -0.10519850 0.00556265 -0.00053005 0.00114502 -0.00158274 -0.00878623 0.00479130 -0.00150720 0.00863097
200.5  -0.96736467 -0.11873705 -0.01549358 0.00205579 0.00575903 -0.00335590 -0.01542019 -0.00250959 -0.00421647 0.00344552
201.0  -0.67560190 -0.06802563 0.01199730 -0.00120874 0.00354253 0.00651274 -0.01478192 -0.00037218 -0.00549680 -0.01490433
201.5  0.27603320 0.01858261 0.00340163 -0.00250762 -0.00253389 -0.00593220 -0.00710592 0.00422465 -0.00570058 0.02663302
202.0  0.95436273 0.09275584 -0.01587374 0.00125508 -0.00558322 0.00132843 0.00380274 -0.00684742 -0.00384090 -0.03350629
202.5  0.74921053 0.11905157 0.01285724 0.00175313 -0.00069391 0.00354206 0.01445964 0.00609657 -0.00266949 0.03317863
203.0  -0.10860569 0.09204300 -0.00051912 0.00048729 0.00427142 -0.00876188 0.01627041 -0.00242896 0.00160433 -0.03289028
203.5  -0.86339724 0.03106103 -0.01204691 0.00016211 0.00419590 0.00483509 0.00961290 -0.00179685 0.00406428 0.02223896
204.0  -0.90655537 -0.03867622 0.01600703 0.00130249 -0.00121344 0.00124153 -0.00441281 0.00679882 0.00527814 -0.00666978
204.5  -0.21284764 -0.09401927 -0.00631212 -0.00201850 -0.00519859 -0.00218650 -0.01715199 -0.00568832 0.00619599 -0.00709090
205.0  0.66176331 -0.11659755 -0.00810815 -0.00043620 -0.00205251 0.00901065 -0.01692172 0.00453024 0.00073546 0.02112121
205.5  0.98439098 -0.09314043 0.01690442 0.00193764 0.00357058 -0.00535323 -0.00901023 0.00012905 -0.00274432 -0.03114577
206.0  0.44759160 -0.02420247 -0.00987031 -0.00228143 0.00489020 -0.00295726 0.00469518 -0.00649595 -0.00506429 0.03224571
206.5  -0.49573164 0.06558012 -0.00623306 -0.00294782 -0.00259069 0.00549141 0.01301379 0.01066437 -0.00520302 -0.03021774
207.0  -0.98858464 0.13064095 0.01608623 0.00343034 -0.00592793 -0.00733741 0.01709435 0.00944294 -0.00157960 0.02296890
207.5  -0.57446067 0.12726662 -0.01289947 0.00064741 -0.00191762 0.00730188 0.01059768 -0.00438679 0.00251964 -0.01189370
208.0  0.36302431 0.04802132 -0.00311868 -0.00291270 0.00501644 0.00066771 0.00027941 -0.00013453 0.00409684 0.00123893
208.5  0.96730295 -0.06665501 0.01630998 0.00411761 0.00617082 -0.00573429 -0.00980803 0.00673374 0.00332390 0.00937147
209.0  0.69635048 -0.14778830 -0.01397124 -0.00143377 0.00022671 0.00517592 -0.01504579 -0.01048686 0.00645741 -0.01888033
209.5  -0.20109421 -0.14137694 -0.00054056 -0.00440103 -0.00627033 -0.00898554 -0.01110628 0.01207777 -0.00332009 0.02560200
210.0  -0.91683459 -0.04756120 0.01468245 0.00464721 -0.00656254 0.00169548 -0.00355520 -0.00770918 -0.00244793 -0.02945538
210.5  -0.80841944 0.07691964 -0.01527487 -0.00088735 0.00112654 0.00422732 0.00617712 0.00101909 -0.00382550 0.02936135
211.0  0.02230743 0.15410865 0.00194494 -0.00382718 0.00678964 -0.00658788 0.01257259 0.00825407 -0.00427276 -0.02763440
211.5  0.82945054 0.13858024 0.01343053 0.00578107 0.00333028 0.00752540 0.01422197 -0.01219415 -0.00140843 0.02246866
212.0  0.91166048 0.04517935 -0.01582249 0.00045530 -0.00411227 -0.00430152 0.00444412 0.01368872 -0.00067786 -0.01359396
212.5  0.22556243 -0.06833718 0.00454492 -0.00729272 -0.00593379 -0.00216671 -0.00555726 -0.00544718 0.00223824 0.00417199
213.0  -0.63453327 -0.14257981 0.01056296 0.00442117 0.00093734 0.00601157 -0.01268990 0.00511924 0.00239735 0.00577089
213.5  -0.98639817 -0.14776011 -0.01698433 0.00373192 0.00754523 -0.00969249 -0.01251666 0.01166475 -0.00188615 -0.01594603
214.0  -0.58388352 -0.08789489 0.00889067 -0.00721100 0.00404525 -0.00023991 -0.00677910 0.01269155 -0.00714171 0.02503316
214.5  0.25756030 0.01061782 0.00558508 0.00179857 -0.00546309 0.00626483 0.00774533 0.00748211 -0.00736278 -0.02694508
215.0  0.90813586 0.10877138 -0.01560423 0.00819413 -0.00770963 -0.00783466 0.01670605 -0.00063824 -0.00333152 0.02599427
215.5  0.85356372 0.16271882 0.01412298 -0.00560320 0.00040744 0.00464679 0.01313188 -0.00697433 0.00433130 -0.02477959
216.0  0.10001542 0.13892119 0.00027398 -0.00593507 0.00714832 0.00542874 0.00135585 -0.00844628 0.00922901 0.01434476
216.5  -0.74859198 0.03766338 -0.01473192 0.00742341 0.00595612 -0.00902571 -0.01146910 -0.00753342 0.01106652 -0.00473642
217.0  -0.94666447 -0.09151761 0.01567520 -0.00058532 -0.00345599 0.00683256 -0.01734272 -0.00438694 0.00918290 -0.00427429
217.5  -0.29905951 -0.17252978 -0.00530543 -0.00642666 -0.00940798 0.00027688 -0.01218562 -0.00023538 0.00502272 0.01549242
218.0  0.61705212 -0.15457270 -0.01100553 0.00484529 -0.00325850 -0.00803658 0.00068695 0.00376908 -0.00063760 -0.02384367
218.5  0.97889691 -0.04804852 0.01738362 0.00462140 0.00637343 0.00822577 0.01255829 0.00872354 -0.00319818 0.02885647
219.0  0.47026737 0.08168537 -0.00753155 -0.00651994 0.00882368 -0.00280638 0.01721830 0.00949730 -0.00616036 -0.03129744
219.5  -0.45229307 0.16094866 -0.00701768 -0.00014721 0.00022115 -0.00502004 0.01180915 0.00584603 -0.00685002 0.02854927
220.0  -0.97815152 0.15163384 0.01764085 0.00659105 -0.00976678 0.00882825 0.00071956 -0.00204940 -0.00698104 -0.02144611
220.5  -0.65051415 0.06849507 -0.01164662 -0.00493287 -0.00828002 -0.00381909 -0.00925118 -0.01137452 -0.00527405 0.00897228
221.0  0.24288835 -0.03829507 -0.00299272 -0.00471847 0.00206924 -0.00010867 -0.01508536 -0.01435771 -0.00311237 0.00353635
221.5  0.92592467 -0.11617607 0.01546057 0.00632200 0.01143272 0.00708278 -0.01382307 -0.00875697 -0.00060768 -0.01595261
222.0  0.81682497 -0.13709473 -0.01755399 0.00026219 0.00519663 -0.01047702 -0.00508874 -0.00060581 0.00282508 0.02550740
222.5  0.02427050 -0.10312949 0.00334890 -0.00289523 -0.00824606 0.00386335 0.00583308 0.01154327 0.00501484 -0.02631869
223.0  -0.78110348 -0.03472426 0.01344362 0.00400545 -0.00855483 0.00324761 0.01297358 0.01739684 0.00283375 0.02820679
223.5  -0.95872125 0.04155719 -0.01868736 0.00197428 0.00210609 -0.00518701 0.01397453 0.01570076 0.00030900 -0.02479221
224.0  -0.39595921 0.10193296 0.01175589 -0.00529210 0.00928709 0.00901164 0.00235974 0.00649771 0.00002263 0.01614019
224.5  0.46323912 0.12828014 0.00415653 -0.00020355 0.00434141 -0.00159583 -0.00716959 -0.00557003 0.00031732 -0.00420480
225.0  0.97392541 0.11006336 -0.01655353 0.00658457 -0.00643529 -0.00519640 -0.01355608 -0.01543504 0.00127142 -0.00874339
225.5  0.73829990 0.04978172 0.01694053 -0.00417858 -0.00829151 0.00984495 -0.01129106 -0.01720050 0.00239518 0.02148832
226.0  -0.09329765 -0.03302145 -0.00528260 -0.00693133 0.00399949 -0.00556894 -0.00189897 -0.01242432 0.00294289 -0.03099885
226.5  -0.86172798 0.10402460 -0.00903693 0.00541339 0.00733323 -0.00159355 0.00933619 -0.00295528 0.00243113 0.03285877
227.0  -0.88377330 -0.13037873 0.01735261 0.00401226 0.00076692 0.00815239 0.01638141 0.00644265 0.00123382 -0.02937953
227.5  -0.10052359 0.09038359 -0.01019349 -0.00576964 -0.00702931 -0.00843990 0.01665884 0.01344397 -0.00073031 0.02482737
228.0  0.78095812 -0.00419501 -0.00600392 0.00245171 -0.00423900 0.00335678 0.00832636 0.01616541 -0.00271970 -0.01568675
228.5  0.93090173 -0.08022544 0.01812959 0.00502054 0.00510650 0.00354469 -0.00376037 0.01318008 -0.00420730 0.00445562
229.0  0.20883925 0.12913468 -0.01361149 -0.00632962 0.00597625 -0.01014735 -0.01318188 0.00480774 -0.00523998 0.00332332
229.5  -0.70385025 -0.10951706 -0.00299811 -0.00323439 0.00117718 0.00938992 -0.01814289 -0.00359397 -0.00524247 -0.01571401
230.0  -0.96679907 0.02856668 0.01682466 0.00753755 -0.00607505 -0.00269934 -0.01344093 -0.01213180 -0.00372025 0.02560488
230.5  -0.34592724 0.05729185 -0.01636636 -0.00164494 -0.00691306 -0.00324254 -0.00306828 -0.01450058 -0.00154583 -0.03271236
231.0  0.58871630 -0.11858851 0.00117040 -0.00706921 0.00192903 0.01058378 0.00869649 -0.01140253 0.00252951 0.03389351
231.5  0.98840585 0.12576058 0.01456046 0.00532001 0.00749720 -0.00819943 0.01730688 -0.00500080 0.00687026 -0.03118123
232.0  0.50147277 -0.05818154 -0.01807532 0.00468509 0.00218051 0.00647734 0.01449482 0.00355738 0.00881841 0.02290254
232.5  -0.42923459 -0.03084519 0.00535947 -0.00680011 -0.00493142 0.00280365 0.00940525 0.00961741 0.00700403 -0.01056655
233.0  -0.97951667 0.10020134 0.01221774 0.00107298 -0.00473787 -0.00812442 0.00266047 0.01345072 0.00010033 -0.00358289
233.5  -0.68560889 -0.13204215 -0.01943105 0.00458444 0.00235807 0.01171210 0.00360800 0.01176691 -0.01232027 0.01533358
234.0  0.17717490 0.09215801 0.01093312 -0.00506589 0.00623329 -0.00878199 -0.01301483 0.00336012 -0.01283231 -0.03015735
234.5  0.88966247 -0.00955087 0.00681561 0.00152407 0.00161486 0.00699766 0.01471930 -0.00200246 0.00748341 0.03617042
235.0  0.88012369 -0.06952543 -0.01986980 0.00507638 -0.00649398 0.00084629 -0.01028756 -0.00769953 -0.00055232 -0.03409697
235.5  0.15491581 0.12492056 0.01813394 0.00033814 -0.00590944 -0.01362385 0.00421444 -0.01046007 -0.00608187 0.02998765
236.0  -0.70396778 -0.11719800 -0.00151962 -0.00493873 0.00421760 0.01713290 0.00431897 -0.00786559 0.01013073 -0.01425024
236.5  -0.97312294 0.04570877 -0.01746318 -0.00389225 0.00888336 -0.00920365 -0.01091972 -0.00131844 -0.00983823 -0.00434800
237.0  -0.38558441 0.04808076 0.02179321 0.00304333 0.00253264 -0.00299518 0.00898593 0.00447963 0.00732100 0.01829970
237.5  0.55697882 -0.11793138 -0.00693870 0.00622730 -0.00671494 0.01558709 -0.00455322 0.00990383 0.00012905 -0.03006725
238.0  0.98984053 0.11895788 -0.01461398 0.00063968 -0.00796248 -0.01839447 -0.00224720 0.01082003 -0.00729419 0.03668878
238.5  0.51176598 -0.05022234 0.02224061 -0.00446561 -0.00066934 0.00763954 0.01090383 0.00941207 0.00974849 -0.03855270
239.0  -0.42764300 -0.04686790 -0.00929708 -0.00509526 0.00855714 0.00560041 -0.01168177 0.00138977 -0.01282987 0.03499032
239.5  -0.97945725 0.11800121 -0.01207851 0.00145281 0.00561821 -0.01649679 0.00695677 -0.00616157 0.01167445 -0.02788489
240.0  -0.67563866 -0.12054711 0.02364103 0.00571913 -0.00435508 0.01959605 0.00118918 -0.01055399 -0.00511375 0.02116441
240.5  0.20488830 0.06382895 -0.01313560 0.00333897 -0.00653005 -0.00818735 -0.00618561 -0.01185198 0.00042072 -0.00748643
241.0  0.90951386 0.02344374 -0.01033810 -0.00389303 -0.00319452 0.00475662 0.01151966 -0.00221102 0.00819613 -0.00624838
241.5  0.84467912 -0.10570929 0.02337604 -0.00829425 0.00396672 0.00219276 -0.01074502 -0.00501895 -0.01548189 0.01697833
242.0  0.06562041 0.12682088 -0.01700143 -0.00333172 0.00673908 -0.00746951 -0.00118660 0.00092163 0.01802232 -0.02988198
242.5  -0.77071036 -0.08724655 -0.00403835 0.00504690 0.00284989 0.00837490 0.00703527 -0.00330252 -0.01151714 0.03815576
243.0  -0.95283168 0.01434918 0.02215794 0.00618244 -0.00310634 -0.00471366 0.00924887 0.00671143 0.00145667 0.04437966
243.5  -0.33619639 0.07618288 -0.02016599 0.00009946 -0.00594326 -0.00589322 0.00715011 -0.00532477 0.00799364 0.04433833
244.0  0.55105393 -0.12543622 0.00199573 -0.00513373 -0.00376841 0.01145486 -0.00034143 0.00278782 -0.01449531 0.03960903
244.5  0.98917736 0.11360804 0.01798035 -0.00542761 0.00442576 -0.00745351 -0.00698604 0.00178837 0.01693857 0.02696513
245.0  0.64660166 -0.06949553 -0.02329009 0.00190680 0.00658852 -0.00239804 -0.00943314 -0.00400569 -0.01293153 0.00698407
245.5  -0.19197960 -0.01233047 0.01202012 0.00645544 -0.00105438 0.01026343 -0.00509803 0.00535867 0.00451040 -0.01482145
246.0  -0.88306501 0.08993959 0.00636222 -0.00039265 -0.00702239 -0.01028011 0.00151941 -0.00251358 0.00466340 -0.03267087
246.5  -0.89333155 -0.12175306 -0.02116414 -0.00710516 -0.00352792 0.00236313 0.00753625 -0.00193514 -0.01235648 -0.04357015
247.0  -0.19197337 0.11580464 0.01893153 -0.00518865 0.00418809 0.00931073 0.01117838 0.00000812 0.01647443 -0.04667408
247.5  0.67169092 -0.05578686 -0.00296891 0.00319910 0.00766649 -0.01122361 0.00709707 -0.00256419 -0.01422900 -0.03958262
248.0  0.98208977 -0.03487273 -0.01444289 0.00742179 0.00306876 0.00483796 -0.00197957 0.00211513 0.00684774 -0.02518145
248.5  0.46520426 0.10187170 0.02123970 0.00365071 -0.00614639 0.00259689 -0.00973125 -0.00017828 0.00209586 -0.00562146
249.0  -0.44479873 -0.12748910 -0.01131698 -0.00321503 -0.00926803 -0.01199294 -0.01274036 0.00498228 -0.01020352 0.01380313
249.5  -0.97813542 0.09677396 -0.00818669 -0.00734059 -0.00070483 0.00914890 -0.00693874 -0.01221910 0.01342297 0.03099958
250.0  -0.69625384 -0.01989134 0.02000991 -0.00266747 0.00727110 -0.00040401 -0.00043336 0.00763675 -0.01089169 0.04035335
250.5  0.16294315 -0.06358561 -0.01690095 0.00437612 0.00576109 -0.00536424 0.01037388 -0.00100192 0.00471535 0.04047838
251.0  0.88897644 0.11981812 -0.00055621 0.00480113 -0.00216791 0.00800649 0.01372966 -0.00750364 -0.00158311 0.03835198
251.5  0.86863920 -0.12080742 0.01728104 0.00087021 -0.00680770 -0.00511416 0.00826159 0.01576948 0.00092431 0.03011212
252.0  0.09844948 0.06882174 -0.02056665 -0.00405364 -0.00210180 -0.00124291 0.00190362 -0.01603452 -0.00007655 0.01691380
252.5  -0.76514881 0.01657410 0.00646040 -0.00293649 0.00266795 -0.01028901 -0.00774387 0.00949205 -0.00038426 0.00081041
253.0  -0.94413373 -0.09964234 0.01353816 0.00261250 0.00588201 -0.01181139 -0.01295225 -0.00069377 0.00189998 -0.01472022
253.5  -0.26057381 0.12610857 -0.02065876 0.00538383 0.00111062 -0.00488097 -0.01112314 -0.00705459 -0.00666310 -0.02597734
254.0  0.66405952 -0.09320417 0.01094917 0.00109060 -0.00646664 0.00547582 -0.00515749 0.01359719 0.00726761 -0.03631377
254.5  0.97787700 0.02164549 0.00701661 -0.00524168 -0.00434700 0.01176151 0.00501473 -0.01395698 -0.01060090 -0.04130774
255.0  0.40726865 0.07153933 -0.01979541 -0.00472347 0.00290553 0.00873275 0.01197525 0.00953139 0.00460545 -0.03893020
255.5  -0.52148974 -0.12388760 0.01547065 0.00403648 0.00607391 -0.00018351 0.01316225 -0.00296715 -0.01178656 -0.02993993
256.0  -0.99024353 0.11336276 0.00164439 0.00741887 0.00217795 -0.00926150 0.00713312 -0.00470717 -0.00269353 -0.01794044
256.5  -0.59020261 -0.06438054 -0.01694834 0.00047222 -0.00412820 -0.01137385 -0.00299650 0.01066461 0.00368223 -0.00516785
257.0  0.32919236 -0.02504534 0.01929757 -0.00489986 -0.00476192 -0.00368984 -0.01030928 -0.01212932 -0.00818599 0.01053342
257.5  0.95932579 0.10645162 -0.00498014 -0.00551868 -0.00009446 0.00587575 -0.01197877 0.01044106 0.01273733 -0.02319871
258.0  0.73303954 -0.12330455 -0.01433528 0.00147255 0.00470564 0.01125219 -0.00596748 -0.00479615 -0.01442062 -0.03188468
258.5  -0.15485168 0.08938392 0.01978279 0.00776223 0.00241252 0.00804059 0.00193878 -0.00150851 0.01337049 -0.03654614
259.0  -0.90082674 -0.00936075 -0.00854180 0.00242767 -0.00252879 -0.00165057 0.00879566 0.00925490 -0.00836224 -0.03754293
259.5  -0.84410605 -0.08598215 -0.00985925 -0.00513825 -0.00349293 -0.01053462 0.00947200 -0.01206985 0.00217273 -0.03310838
260.0  -0.04827117 0.12586590 0.01996251 -0.00502602 -0.00165448 -0.01196393 0.00354869 0.01066465 0.00690451 -0.02635629
260.5  0.78947718 -0.10239556 -0.01126827 0.00011275 0.00271364 -0.00451379 -0.00401124 -0.00449964 -0.01307388 -0.01670835
261.0  0.93896198 0.02944381 -0.00813913 0.00449551 0.00469007 0.00783560 -0.00409267 -0.00526778 0.01495348 -0.00563628
261.5  0.25872150 0.06864158 0.01927350 0.00242198 0.00096697 0.01659814 0.00112403 0.01371845 -0.00147784 0.00554601
262.0  -0.66194120 -0.12527875 -0.01244684 -0.00292073 -0.00513325 0.01298022 0.00521139 -0.00739433 -0.01131955 0.01711841
262.5  -0.97556286 0.10468313 -0.00685789 -0.00488447 -0.00490397 0.00283773 -0.01188166 0.00271709 0.00498802 0.02625442
263.0  -0.35735906 -0.01841109 0.01993402 -0.00081946 0.00168783 -0.00454920 0.01568546 -0.00782927 0.00089641 0.03332237
263.5  0.61301324 -0.08166015 -0.01364021 0.00345729 0.00731530 -0.01582288 -0.01074560 -0.01453929 -0.00536120 0.03766500
264.0  0.98183392 0.12508816 -0.00680397 0.00355689 0.00575291 -0.01512863 0.00457060 -0.01303876 0.00904914 0.03851647
264.5  0.39273473 -0.09089732 0.01933953 0.00066133 -0.00253697 -0.00551395 0.00773747 -0.00555698 -0.00871473 0.03593297
265.0  -0.56217441 -0.00222004 -0.01389220 -0.00317487 -0.00747227 0.00583304 -0.01500587 0.00289238 0.00575488 0.02914763
265.5  -0.98985480 0.09624580 -0.00563088 -0.00121530 -0.00591927 0.01521120 0.01502484 0.00990882 -0.00094190 0.01897905
266.0  -0.54801063 -0.12409565 0.01972511 -0.00122231 0.00411907 0.01343394 -0.00715699 0.01281822 -0.00379450 0.00795953
266.5  0.34641463 0.09508998 -0.01640891 -0.00433500 0.00552487 0.00106741 -0.00556742 0.00819657 0.00750970 -0.00915771
267.0  0.94986800 -0.02471429 0.00038083 -0.00054123 0.00032374 -0.01143369 0.01537690 0.00020620 -0.00792984 -0.02363139
267.5  0.79975348 -0.06965473 0.01704704 0.00382657 -0.00501495 -0.01706017 -0.01551923 -0.00725743 0.00338680 -0.03447864
268.0  0.02810344 0.11827655 -0.01947582 0.00316894 -0.00438916 -0.01015800 0.00656461 -0.01221976 0.00004672 -0.04064294
268.5  -0.76559468 -0.11714682 0.00635746 -0.00074369 0.00540668 0.00408813 0.00703915 -0.00945131 -0.00490401 -0.03829686
269.0  -0.96657497 0.07707763 0.01139390 -0.00332624 0.00537649 -0.01632034 -0.01487721 -0.00146645 0.00733156 -0.02913857
269.5  -0.43201334 0.01165370 -0.01977756 0.00081865 0.00039979 -0.01829597 0.00914913 0.00621162 -0.00364530 -0.01672239
270.0  0.42425980 -0.08578004 0.01279690 0.00366036 -0.00616051 -0.00767506 0.00392897 0.01154963 0.00103016 0.00038627
270.5  0.96329726 0.11965027 0.00423125 0.00123185 -0.00714512 0.00750597 -0.00597877 0.00796082 0.01148591 0.01566683
271.0  0.78613584 -0.11992115 -0.01724082 -0.00498659 -0.00123880 0.01830217 -0.00076449 0.00138328 -0.01383638 0.02861075
271.5  0.02318235 0.05869143 0.01755343 -0.00584217 0.00405763 0.01515200 -0.00254626 -0.00775994 0.00973034 0.04053127
272.0  -0.76468353 0.02549076 -0.00441673 -0.00206266 0.00354016 0.00177084 -0.00181848 -0.01155503 -0.00001875 0.04456406
272.5  -0.96386625 -0.09237968 -0.01180004 0.00511608 0.00046378 -0.01285396 0.00343237 -0.00899257 -0.00891297 0.03943056
273.0  -0.38268088 0.12938515 0.01908359 0.00419482 -0.00078537 -0.01833115 -0.00005404 -0.00112177 0.01343427 0.03076819
273.5  0.52623834 -0.10072303 -0.01033546 -0.00381414 -0.00198772 -0.00908823 0.00865848 -0.00933066 -0.01382618 0.01611343
274.0  0.98948500 0.01927559 -0.00764077 -0.00390135 -0.00000015 0.00564196 -0.00813004 -0.01421049 0.00891960 0.00030969
274.5  0.58169176 0.06661166 0.01878870 0.00111898 0.00236615 0.01783352 0.00110686 -0.01107759 -0.00080248 -0.01331870
275.0  -0.34415620 -0.12208683 -0.01539266 0.00587534 0.00018800 0.01792887 0.00411258 -0.00177270 -0.00648652 -0.02705540
275.5  -0.96228091 0.11628426 -0.00030451 0.00241949 -0.00279050 0.00561882 -0.00821563 0.00724708 0.01166138 -0.03793193
276.0  -0.73753270 -0.05382821 0.01685003 -0.00538479 -0.00251317 -0.00978981 0.00897413 0.01300298 -0.01379774 -0.04208584
276.5  0.11763856 -0.03314329 -0.01963150 -0.00595213 0.00097979 -0.02006311 -0.00875856 0.00829941 0.01050273 -0.03858805
277.0  0.86911698 0.10463557 0.00774996 0.00166989 0.00106916 -0.01674335 -0.00313154 0.00340948 -0.00416685 -0.02648110
277.5  0.89162256 -0.12529640 0.01034731 0.00724802 0.00073059 -0.00131207 0.00781119 -0.00550461 -0.00364430 -0.00888700
278.0  0.16421989 0.09550827 -0.02025758 0.00186639 -0.00022159 0.01741174 -0.01045859 -0.01059071 0.00994447 0.00777145
278.5  -0.70507669 -0.02119753 0.01388131 -0.00474249 -0.00097626 0.02541411 0.00518198 -0.00307183 -0.01432894 0.02325658
279.0  -0.97267874 -0.06947894 0.00456219 -0.00587905 -0.00095079 0.01550597 0.00334085 0.00334249 0.01110522 0.03435540
279.5  -0.39892975 0.11774089 -0.02003644 0.00237143 0.00041422 -0.00536816 -0.00596432 0.00363665 -0.00219584 0.04036423
280.0  0.52421896 -0.11717830 0.01841864 0.00625384 0.00400348 -0.01967250 0.00968828 -0.00260714 -0.00690337 0.04091156
280.5  0.98900131 0.06886367 -0.00057569 -0.00083906 0.00133813 -0.02146193 0.00163998 -0.01259789 0.01268923 0.03603652
281.0  0.59410100 0.02678098 -0.01783895 -0.00303912 -0.00473834 -0.00868010 -0.00747420 -0.01144394 -0.01363952 0.02878114
281.5  -0.31827865 -0.09886780 0.02173511 -0.00147530 -0.00471250 0.01155255 0.00743801 -0.00659270 0.00929007 0.01571020
282.0  -0.95615219 0.12126952 -0.00622428 0.00097709 0.00270311 0.02042540 -0.00409826 0.00396114 -0.00358290 0.00097452
282.5  -0.74372290 -0.09926063 -0.01542795 0.00273895 0.00730243 0.01427269 -0.00357331 0.01168987 -0.00360139 -0.01558893
283.0  0.14511682 0.01201430 0.02224417 -0.00007063 0.00402577 -0.00421618 0.00974296 0.01439061 0.00805197 -0.02463607
283.5  0.90595080 0.08325705 -0.00868441 -0.00191283 -0.00241561 -0.02038416 -0.00820692 0.01114945 -0.01091153 -0.03375772
284.0  0.81553345 -0.12103484 -0.01355541 -0.00040028 -0.00585653 -0.01865219 0.00231328 0.00395286 0.01489239 -0.03874907
284.5  -0.05648862 0.10087309 0.02287626 0.00173780 -0.00334745 -0.00241379 0.00550022 -0.00285818 -0.01261757 -0.04118934
285.0  -0.87183117 -0.01957897 -0.00919021 0.00221365 0.00257881 0.01601383 -0.01012514 -0.00955002 0.00994128 -0.03940405
285.5  -0.86141070 -0.08084240 -0.01300891 0.00055314 0.00650653 0.02217017 0.00766754 -0.01254856 -0.01004333 -0.03290287
286.0  -0.06344408 0.12512569 0.02318164 -0.00210952 0.00291049 0.00946312 -0.00189312 -0.01225113 0.00140504 -0.02361650
286.5  0.78021744 -0.10161917 -0.01201620 -0.00175911 -0.00457035 -0.01008566 -0.00661278 -0.00965929 0.00334728 -0.01088735
287.0  0.95005069 0.02766139 -0.01008851 0.00044479 -0.00789259 -0.02119951 0.01167204 -0.00258794 -0.00786003 0.00250820
287.5  0.34092528 0.06305197 0.02380839 0.00305854 -0.00071351 -0.01711939 -0.00701661 0.00453766 0.01399932 0.01604554
288.0  -0.53659483 -0.11974912 -0.01752576 0.00098366 0.00652001 -0.00009732 0.00044452 0.00995173 -0.01270240 0.02846489
288.5  -0.98739490 0.11785851 -0.00357474 -0.00370230 0.00657182 0.01752362 0.00535118 0.00923701 0.00878851 0.03761858
289.0  -0.65201361 -0.05434943 0.02186866 -0.00205938 -0.00118075 0.01860978 -0.01653441 0.00224617 -0.00478698 0.04161766
289.5  0.21265188 -0.03512927 -0.02157768 0.00237454 -0.00674615 0.01290527 0.01012959 -0.00468159 -0.00418104 0.04026206
290.0  0.90809690 0.10530503 0.00167054 0.00423153 -0.00471641 -0.00645786 -0.00437840 -0.01221748 0.00644581 0.03613696
290.5  0.84999005 -0.12722768 0.01868691 -0.00068639 0.00322412 -0.02057047 0.00268039 0.00160087 -0.01181443 -0.02899742
291.0  0.07813324 0.07383209 -0.02310585 -0.01050514 0.00127361 -0.02037155 0.00401358 0.00961844 0.01278437 -0.01867903
291.5  -0.76289575 0.01743937 0.00604923 -0.00213408 -0.00181182 -0.00722166 -0.00924558 0.01191591 -0.00666028 -0.00646525
292.0  -0.95421843 -0.09079992 0.01738434 0.00651739 0.00087005 0.01196432 0.01323574 0.00696238 -0.00110854 0.00705506
292.5  -0.31754197 0.12826132 -0.02472745 0.00574978 0.00282974 0.02140693 -0.00813029 -0.00182374 0.00592669 0.02012995
293.0  0.60109070 -0.09134130 0.00951690 -0.00344867 0.00049161 0.01737567 0.00070979 -0.01001015 -0.01209188 0.03221258
293.5  0.98757935 -0.00303998 0.01361643 -0.00933169 -0.00243687 0.00052457 0.00645142 -0.01392420 0.01388509 0.03974431
294.0  0.47637899 0.08122797 -0.02522698 -0.00157984 -0.00151817 -0.01670982 -0.01295164 -0.01149698 -0.01070361 0.04127266
294.5  -0.47706821 -0.12348233 0.01331512 0.00762664 0.00109691 -0.02170066 0.00937035 -0.00440245 0.00568722 0.03963974
295.0  -0.98756263 0.10341747 0.01137030 0.00626130 0.00310664 -0.01308092 -0.00116088 0.00507105 0.00072422 0.03409223
295.5  -0.59262949 -0.01308893 -0.02459801 -0.00386510 0.00109373 0.00540593 -0.00371766 0.01303725 -0.00832327 0.02465001
296.0  0.32980746 -0.07169229 0.01589637 -0.00942344 0.00012130 0.01934651 0.01191702 0.01447252 0.01258525 0.01117053
296.5  0.95544040 0.11679889 0.00578656 -0.00316374 -0.00329655 0.01902970 -0.01331044 0.00976803 -0.01253391 -0.00545748
297.0  0.77492412 -0.11904498 -0.02232540 0.00764796 -0.00171610 0.00797075 0.00145257 0.00045389 0.00890574 -0.02122681
297.5  -0.02041750 0.05778083 0.02178611 0.01004292 0.00415527 -0.01029249 0.00589689 -0.00904827 -0.00153995 -0.03557861
298.0  -0.79229068 0.02493411 -0.00549270 -0.00207000 0.00135381 -0.02145941 -0.01163495 -0.01146653 -0.00683674 -0.04327504
298.5  -0.95735494 -0.09036126 -0.01688180 -0.00948938 -0.00480736 -0.01557239 0.01585083 -0.00800560 0.01017504 -0.04161675
299.0  0.38882599 0.12725736 0.02474912 -0.00385193 -0.00622403 -0.00114154 -0.00345072 -0.00080601 -0.00995211 -0.03114454
299.5  0.48863070 -0.10313186 -0.01527943 0.00685624 0.00383384 0.01134782 0.00699971 0.00613070 0.00838102 -0.02010294
300.0  -0.98286456 0.02833338 -0.00400778 0.00494247 0.00966766 0.01670944 0.01291209 -0.01279468 0.00270490 -0.00445557
300.5  0.67153838 0.06044490 0.02013781 -0.00324648 -0.00063934 0.02013553 0.00188899 0.00439931 -0.00826703 0.01433278
301.0  0.20729369 -0.12017228 -0.02065934 -0.00806035 -0.00552829 -0.00144751 0.00307303 0.00536499 0.00909041 0.02536427
301.5  -0.91274947 0.12377857 0.00666194 -0.00125446 -0.00359885 -0.01847311 -0.00418580 0.01254111 -0.00409465 0.03387644
302.0  0.83422160 -0.06996347 0.01346262 0.00752372 0.00341141 -0.02304365 -0.00469637 0.01438405 -0.00299949 0.03590569
302.5  -0.03444431 -0.01974326 -0.02197933 0.00462813 0.00908693 -0.00884684 0.00567353 0.00616161 0.00865585 0.03403514
303.0  -0.79568024 0.10802909 0.01487619 -0.00195423 -0.00037856 0.01007765 -0.00486248 -0.00163258 -0.01143328 0.02431634
303.5  0.93034453 -0.15177022 0.00395366 -0.00168385 -0.01101214 0.02083842 0.00159901 -0.00827917 0.00947120 0.01023989
304.0  -0.24322945 0.12020467 -0.01978685 -0.00099630 -0.00795767 0.01699248 0.00351220 -0.01438939 -0.00531865 -0.00299173
304.5  -0.66185311 -0.01839830 0.01967676 -0.00065978 0.00594651 -0.00395496 -0.00616237 -0.01260050 0.00008031 -0.01789711
305.0  0.97099635 -0.10462572 -0.00390209 -0.00343899 0.01237453 -0.01909757 0.00544218 -0.00555903 0.00476872 -0.02993549
305.5  -0.40094737 0.17719296 -0.01508685 -0.00253116 0.00222532 -0.01740010 -0.00206844 0.00171591 -0.00857931 -0.03503653
306.0  -0.52790318 -0.15227672 0.02136237 0.00525676 -0.01017399 -0.00678032 -0.00319480 0.01007331 0.00967887 -0.03595595
306.5  0.98128434 0.04368435 -0.01030859 0.00729147 -0.00860880 0.01217452 0.00655751 0.01515403 -0.01071483 -0.02909962
307.0  -0.58304418 0.08480312 -0.00885309 -0.00056709 0.00452469 0.02287617 -0.00556219 0.00909277 0.00709106 -0.01644979
307.5  -0.29612013 -0.16425180 0.02096628 -0.00974325 0.00961453 0.01453103 0.00276893 0.00180419 -0.00094732 -0.00186383
308.0  0.92738854 0.16176643 -0.01740559 -0.00178460 0.00100807 -0.00174792 0.00161664 -0.00590396 -0.00603907 0.01455432
308.5  -0.82895656 -0.09059506 0.00066696 0.01092124 -0.00779816 -0.02042419 -0.00416769 -0.00899459 0.01046162 0.02714040
309.0  0.08818645 -0.00901453 0.01683561 0.00597937 -0.00588829 -0.02570329 0.00209122 0.00326375 -0.01148428 0.03334077
309.5  0.72850311 0.09349614 -0.02213825 -0.00772253 0.00544871 0.01591849 0.00413274 0.00269370 0.00489549 0.03464773
310.0  -0.97121607 -0.13110637 0.01115119 -0.01223429 0.00674538 -0.00206230 -0.00734521 0.00445952 0.00344251 0.03070808
310.5  0.40632051 0.11200245 0.00936754 0.00145343 -0.00454475 -0.01645146 0.00804381 0.01099512 -0.00841676 0.02067647
311.0  0.52156029 -0.04697080 -0.02290693 0.01353840 -0.00562045 -0.02124945 -0.00532633 0.01202989 0.01219543 0.00738546
311.5  -0.99137186 -0.03591390 0.01702444 0.00575618 0.00045857 -0.01167573 -0.00147069 0.00945344 -0.01217421 -0.00747786
312.0  0.54253082 0.10036410 0.00558180 -0.01184621 0.00400717 0.00490028 0.00631490 0.00489710 0.01134013 -0.01933370
312.5  0.42823372 -0.11185046 -0.02243616 -0.01378683 0.00603799 0.01521358 -0.00794464 -0.00399747 -0.00526190 -0.02802292
313.0  -0.98790391 0.05815481 0.01665663 0.00277844 0.00036221 0.01636218 0.00569348 -0.01177415 0.00094123 -0.03431838
313.5  0.57323658 0.03382380 0.00545935 0.01455987 -0.00716041 0.00812359 -0.00099619 -0.01409658 0.00576758 -0.03626296
314.0  0.41644375 -0.10494325 -0.02239347 0.00950250 -0.00370547 -0.00768534 -0.00412739 -0.01485496 -0.01045242 -0.03627293
314.5  -0.98849794 0.10364171 0.01596459 -0.00683484 0.00266508 -0.01710477 0.00756232 -0.00989629 0.01212518 -0.03203490
315.0  0.56059212 -0.03169519 0.00692306 -0.01425894 0.00494715 -0.01245544 -0.00870429 -0.00036677 -0.01329014 -0.02410776
315.5  0.43343420 -0.05595440 -0.02314091 -0.00179656 0.00292511 -0.00444687 0.00470185 0.00643079 0.01059829 -0.01409304
316.0  -0.99076799 0.09712547 0.01567990 0.01425738 -0.00241141 0.00772558 0.00172264 0.01257292 -0.00604680 -0.00287358
316.5  0.57297613 -0.07359025 0.00744571 0.01439731 -0.00360330 0.01721607 -0.00900883 0.01415832 0.00192699 0.01339074
317.0  0.38485221 0.01565389 -0.02341675 -0.00337824 -0.00323697 0.01273793 0.01292149 0.01108526 0.00669563 0.02451194
317.5  -0.97806253 0.03564399 0.01752027 -0.01597973 -0.00244127 0.00380455 -0.00894132 0.00532331 -0.00963198 0.03369334
318.0  0.71624779 -0.06153251 0.00365044 -0.00925132 0.00053812 -0.00613565 -0.00056689 -0.00472221 0.01330398 0.03886296
318.5  0.12435436 0.06559134 -0.02171535 0.00722168 0.00720904 -0.01934598 -0.00393613 -0.00892176 -0.01209098 0.03975587
319.0  -0.85356425 -0.05528667 0.02292263 0.01317263 0.00851154 -0.01701983 -0.00792444 -0.01213523 0.00482758 0.03427316
319.5  0.93617948 0.03139253 -0.00748548 0.00109083 -0.00295505 -0.00252959 0.00455520 -0.00924272 0.00250201 0.02407694
320.0  -0.33197654 0.00913778 -0.01460520 -0.01072587 -0.01065239 0.01087436 -0.00085788 -0.00110618 -0.01128781 0.00914081
320.5  -0.51490738 -0.05939454 0.02676584 -0.00399861 -0.00286217 0.02196149 -0.00187318 0.00446030 0.01508335 -0.00959623
321.0  0.98398850 0.09727149 -0.01892396 0.00518545 0.00978492 0.01699320 0.00750866 0.00634883 -0.01157066 -0.02602780
321.5  0.71934232 -0.09615744 -0.00334245 0.00549597 0.01023775 -0.00394564 -0.00544245 0.00865323 0.00579815 -0.03884206
322.0  -0.08822310 0.04278121 0.02343141 0.00137868 -0.00505697 -0.02014816 0.00677515 0.00721282 0.00604991 -0.04221683
322.5  -0.83038363 0.02903130 -0.02569470 -0.00067279 -0.01525070 -0.02239348 0.00380653 0.00543451 -0.01228361 -0.03971021
323.0  -0.94174798 -0.08058697 0.00756129 -0.00193525 -0.00528080 -0.00979884 -0.00594217 -0.00412489 0.01428604 -0.03199576
323.5  -0.33647413 0.10502748 0.01622231 -0.00304387 0.01105212 0.00945676 0.00687898 -0.00987839 -0.01159026 -0.01828686
324.0  0.52492181 -0.07924514 -0.02742833 -0.00072105 0.01122552 0.02131256 0.00050651 -0.01523552 0.00286151 -0.00213570
324.5  0.98715362 0.01705174 0.01700694 0.00315766 -0.00236595 0.01486108 -0.00171724 -0.01221822 0.00638442 0.01581601
325.0  0.68615882 0.04930672 0.00564824 0.00221894 -0.01296706 -0.00189060 0.00482386 -0.00030842 -0.01286523 0.03152681
325.5  -0.15946582 -0.09618514 -0.02465073 -0.00323392 -0.00565720 -0.01629621 -0.00353630 0.01111754 0.01561787 0.04190764
326.0  -0.88386378 0.09916471 0.02405505 -0.00252850 0.01066149 -0.01780915 -0.00115593 0.01678707 -0.01158676 0.04536861
326.5  -0.88148825 -0.05827460 -0.00286531 0.00361394 0.01150609 -0.00415495 0.00279319 0.01455341 0.00340612 0.04244047
327.0  -0.13001636 -0.01204596 -0.01934322 0.00484203 -0.00298332 0.01052701 -0.00509211 0.00536225 0.00497331 0.03435817
327.5  0.73775557 0.07653888 0.02626056 0.00042622 -0.01457677 0.01817164 0.00448624 -0.00412008 -0.01194104 0.02191880
328.0  0.96450808 -0.10138831 -0.01230717 -0.00398638 -0.00680586 0.01603974 0.00145918 -0.01229616 0.01321635 0.00645281
328.5  0.34999739 0.08719264 -0.01305791 -0.00687254 0.00922387 0.00380920 0.00021373 -0.00781569 -0.01596035 -0.01288826
329.0  -0.56594649 -0.03170778 0.02712409 -0.00067170 0.02018203 -0.00885516 0.00454444 -0.01220125 0.00165012 -0.03138375
329.5  -0.99208496 -0.04188564 -0.01881071 -0.00782683 -0.00038222 -0.01595749 -0.00882547 -0.00561355 0.00163162 -0.04364028
330.0  -0.55916535 0.08724107 -0.00310918 0.00131925 -0.02056186 -0.01538184 0.00434739 0.00214598 -0.00677661 -0.04843372
330.5  0.36928357 -0.10213624 0.02215896 0.00755878 -0.01337009 -0.00716403 -0.00330921 0.01194672 0.01004820 -0.04397881
331.0  0.97253691 0.07399730 -0.02373420 -0.00516805 0.01218681 0.00413137 -0.00144300 0.01697033 -0.00900044 -0.03326967
331.5  0.68758987 0.00082544 0.00612756 -0.00631598 0.02182788 0.01194805 0.00692353 0.01389249 0.00751102 -0.01634432
332.0  -0.24302817 -0.06642830 0.01743965 0.00751171 0.00369550 0.01300838 -0.00625855 0.00502246 -0.00320690 0.00273183
332.5  -0.94710195 0.09834150 -0.02567456 0.00105248 -0.01920765 0.00497534 0.00456862 -0.00528407 -0.00174192 0.02235884
333.0  -0.75148607 -0.09228704 0.01129020 -0.00729333 -0.01903894 -0.00716414 -0.00093069 -0.01305359 0.00695502 0.03898177
333.5  0.14925379 0.02931429 0.01189451 0.00482613 0.00350294 -0.01576365 -0.00559895 -0.01289341 -0.00945017 0.04737667
334.0  0.90668460 0.04776062 -0.02497536 0.00521156 0.02299150 -0.01377266 0.00835821 -0.00888963 0.01065478 0.04691793
334.5  0.83430388 -0.09177111 0.01718496 -0.00786526 0.01295745 -0.00181720 -0.00541464 -0.00230940 -0.00769294 0.03881911
335.0  0.01631862 0.10061055 0.00450807 0.00132459 -0.01445835 0.01363160 0.00141844 0.00304234 0.00271274 0.02313430
335.5  -0.81061659 -0.05895799 -0.02283914 0.01121276 -0.02109545 0.02110821 0.00710579 0.00679283 0.00235672 0.00502886
336.0  -0.93151753 -0.01642470 0.02241807 -0.00593507 -0.00166115 0.01481368 -0.01206168 0.00798071 -0.00371097 -0.01215994
336.5  -0.25130872 0.07696350 -0.00276677 -0.01116378 0.02060949 -0.00145637 0.00620634 0.00459624 0.00760196 -0.03194003
337.0  0.64343961 -0.10339460 -0.01889332 0.00708301 0.01477375 -0.01688056 -0.00263242 0.00267688 -0.00765628 -0.04397428
337.5  0.98795878 0.08133208 0.02461441 0.00196267 -0.01271073 -0.02090957 -0.00647259 -0.00222327 0.00600039 -0.04810935
338.0  0.49492038 -0.01674618 -0.00928758 -0.00840874 -0.02248500 -0.01501910 0.01228067 -0.00471451 -0.00455072 -0.04523001
338.5  -0.41106191 -0.05391751 -0.01402382 0.00267047 -0.00163834 0.00396698 -0.00916431 -0.00672582 -0.00145612 -0.03592345
339.0  -0.97214532 0.09925508 0.02476417 0.00717973 0.02112573 0.01627652 0.00232656 -0.00757097 0.00512944 -0.02243446
339.5  -0.73698314 -0.09536174 -0.01510631 -0.00734721 0.01422122 0.02061387 0.00624955 -0.00595106 -0.00738041 -0.00426696
340.0  0.09674632 0.04712802 -0.00756338 -0.00598846 -0.01166995 0.01326375 -0.01326356 -0.00281286 0.00923794 0.00965094
340.5  0.85438202 0.02408733 0.02345765 0.00927561 -0.02304127 -0.00406246 0.01068163 0.00182509 -0.00824426 0.02398002
341.0  0.90731987 -0.08876569 -0.01865961 0.00087645 -0.00399156 -0.01773789 -0.00008990 0.00667072 0.00383472 -0.03422839
341.5  0.18640998 0.10179972 -0.00289369 -0.00880342 0.01993504 -0.02006472 -0.00362613 0.00873691 0.00149966 0.04371211
342.0  -0.70604989 -0.06015415 0.02181014 0.00545038 0.01894841 -0.01044305 0.01133008 0.00684773 -0.00626887 -0.04791084
342.5  -0.97051332 -0.01070634 -0.01936456 0.00411559 -0.00444103 0.00448641 -0.01194510 0.00196586 0.01038956 0.04814017
343.0  -0.35270183 0.08484936 -0.00223627 -0.00677008 -0.02194031 0.01747084 0.00101709 -0.00370218 -0.01030348 -0.04683666
343.5  0.58554312 -0.10495061 0.02164699 0.00465635 -0.01267139 0.01971873 0.00107703 -0.01001613 0.00711163 0.03997856
344.0  0.99150476 0.05839351 -0.02020743 0.00365651 0.01139724 0.00667363 -0.00990173 -0.01150966 -0.00291584 -0.02933020
344.5  0.50698539 0.00978257 -0.00136241 -0.00719065 0.01953976 -0.00618820 0.01279618 -0.00479372 -0.00449196 0.01870028
345.0  -0.42364708 -0.07878107 0.02145720 -0.00142211 0.00433463 -0.01704041 -0.00467430 0.00296238 0.00985226 -0.00380780
345.5  -0.97952690 0.10801563 -0.02069057 0.00669937 -0.01851431 -0.01484056 -0.00569533 0.01057001 -0.01051355 -0.00958982
346.0  -0.68254735 -0.06760891 0.00136330 -0.00186550 -0.01820312 -0.00121601 0.00674828 0.01060598 0.00810948 0.02417664
346.5  0.21168824 -0.00033931 0.02032635 -0.00253246 0.00522844 0.01074108 -0.00994492 0.00369648 -0.00089050 -0.03563901
347.0  0.92246965 0.06741901 -0.02292136 0.00491909 0.02388634 0.01505794 0.00316368 -0.00390854 -0.00604087 0.04497644
347.5  0.81649290 -0.10635295 0.00280228 -0.00310633 0.01248707 0.00983619 0.00869209 -0.01267043 0.00378858 -0.05251635
348.0  -0.01668992 0.08007508 0.01783595 -0.00351020 -0.01612411 -0.00115764 -0.00833792 -0.01225345 -0.00668121 0.05037643
348.5  -0.83440742 -0.01320754 -0.02221139 0.00814591 -0.02384329 -0.00861218 0.01254028 -0.00596908 0.00451674 -0.04665522
349.0  -0.91358251 -0.05527855 0.00783446 0.00171903 -0.00264390 0.01384590 -0.00871075 0.00392272 -0.00222847 0.03955704
349.5  -0.20587625 0.10035698 0.01448923 -0.00709245 0.02014191 -0.01227679 0.00004806 0.01061985 -0.00167457 -0.02058901
350.0  0.66764336 -0.09568827 -0.02284289 0.00171760 0.01796397 -0.00300662 0.00869547 0.01275012 0.00679008 -0.00017953
350.5  0.98671061 0.04705800 0.01321608 0.00365887 -0.00821830 0.01464712 -0.01187246 0.01014903 -0.01102815 0.01978773
351.0  0.50523472 0.02217934 0.00678599 -0.00219013 -0.02358911 -0.01260553 0.00697985 0.00215987 0.01215810 -0.04039345
351.5  -0.38513618 -0.08099629 -0.02100027 -0.00025361 -0.00902939 0.00192547 0.00256232 -0.00537487 -0.01103862 0.04993405
352.0  -0.96537802 0.10245544 0.01948933 0.00243423 0.01753495 0.01269371 -0.00926006 -0.01207220 0.00565056 -0.05199157
352.5  -0.75280933 -0.08446962 -0.00325682 -0.00105835 0.02091532 -0.01721801 0.00854720 -0.01413189 0.00310548 0.04686873
353.0  0.08378749 0.02417731 -0.01685526 -0.00283607 -0.00234468 0.00456355 -0.00302488 -0.00892841 -0.00916766 -0.03267436
353.5  0.85065941 0.04641081 0.02308950 0.00221888 -0.02226057 0.01046907 -0.00425037 0.00222419 0.01277813 0.01234854
354.0  0.91340362 -0.08936383 -0.01047870 0.00102318 -0.01152992 -0.01748666 0.00794124 0.01290542 -0.01176394 0.01040075
354.5  0.22725390 0.10402331 -0.01049104 -0.00183857 0.01370406 0.01296464 -0.00501730 0.01649802 0.00278093 -0.02923755
355.0  -0.63960171 -0.07269816 0.02305093 -0.00060860 0.02050304 0.00374351 0.00172412 0.01078480 0.00590731 0.04467118
355.5  -0.99040890 0.00694786 -0.01833944 0.00059624 -0.00052761 -0.01675207 0.00093701 -0.00168595 -0.01323613 -0.05174208
356.0  -0.54384152 0.05039961 0.00042176 0.00202837 -0.02257491 0.01725157 -0.00719696 -0.01065616 0.01534608 0.04622312
356.5  0.34809036 -0.09530362 0.01718865 0.00262991 -0.01174094 -0.01063085 0.00144450 -0.01631501 -0.00116205 -0.03772243
357.0  0.95733237 0.10425125 -0.02281611 -0.00131184 0.01544128 -0.00094334 -0.00241294 -0.00511333 -0.00812620 0.02171303
357.5  0.76117204 -0.05940891 0.00942263 -0.00498250 0.02029040 0.01357048 -0.00619551 -0.00187492 0.01784189 0.00137736
358.0  -0.10101554 -0.00333695 0.01133283 -0.00216945 -0.00314758 -0.01090425 -0.01222743 0.01006379 -0.01862651 -0.01852855
358.5  -0.87984125 0.06648943 -0.02189034 0.00295133 -0.02289172 0.00617731 -0.01097190 -0.01163801 0.01489442 0.03469602
359.0  -0.86495938 -0.10678434 0.01483318 0.00238479 -0.01273420 0.00172096 -0.00394601 0.00849228 -0.00752823 -0.04733223
359.5  -0.06686373 0.08751994 0.00565806 -0.00169714 0.01433361 -0.01136780 0.00695013 -0.00249066 -0.00667894 0.04899826
360.0  0.78911823 -0.02892010 -0.02047031 -0.00214485 0.02349543 0.01268685 0.01108439 0.00210155 0.01669434 -0.04320587
360.5  0.93993331 -0.03832252 0.01718691 0.00055433 0.00208084 -0.00474643 0.01171925 0.00365620 -0.02069180 0.03131162
361.0  0.26621380 0.09430878 -0.00065887 0.00001331 -0.02253627 -0.00464766 0.00483005 -0.00729053 0.02161923 -0.01169520
361.5  -0.63778415 -0.10248865 -0.01614750 0.00305929 -0.01732188 0.01179579 -0.00533531 0.00692599 -0.01210509 -0.00936589
362.0  -0.98721431 0.05852044 0.02003055 -0.00038550 0.01010830 -0.01233179 -0.00867721 -0.00675139 -0.00192538 0.02691126
362.5  -0.46860473 0.01260207 -0.00595874 -0.00358345 0.02321213 0.00292964 -0.01153423 0.00805488 0.01207708 -0.04154090
363.0  0.46778510 -0.07995874 -0.01342668 -0.00306230 0.00799265 0.00611377 -0.00507697 -0.00702954 -0.02152400 0.04993888
363.5  0.98763074 0.10424906 0.02088257 0.00321855 -0.01792656 -0.01186752 0.00099728 0.00426490 0.02238493 -0.05279077
364.0  0.62719632 -0.07349836 -0.00867413 0.00282358 -0.02141039 0.01118183 0.01168066 0.00083436 -0.01344544 0.05031608
364.5  -0.28463005 0.00195391 -0.01177792 -0.00266620 0.00217041 -0.00120021 0.01416886 0.00598732 0.00554808 -0.04387068
365.0  -0.94357209 0.07209029 0.02095535 0.00295985 0.02257747 -0.00860368 0.00896052 0.00719122 0.00897253 0.03174848
365.5  -0.79304500 -0.10198417 -0.01043251 -0.00247038 0.01508974 0.01171214 -0.00136042 0.00762695 -0.01941696 -0.01844964
366.0  0.02601446 0.08421689 -0.00907314 -0.00520709 -0.01377367 -0.00789831 -0.01144044 -0.00099865 0.02123289 0.00169307
366.5  0.82182587 -0.02279496 0.02110135 0.00603348 -0.02333915 -0.00221276 -0.01336515 0.00098621 -0.01671823 0.01578856
367.0  0.92755240 -0.05855160 -0.01411176 0.00164422 -0.00302922 0.00702443 -0.01090172 -0.00571344 0.00636922 -0.02753095
367.5  0.24112113 0.09950804 -0.00709514 -0.00571165 0.02046364 -0.01215177 0.00177248 -0.00772080 0.00520226 0.04273707
368.0  -0.66406554 -0.09019337 0.02145296 0.00325249 0.02000054 -0.00830563 0.00750734 -0.00613825 -0.01651299 -0.05235088
368.5  -0.97979022 0.03621006 -0.01435691 0.00279339 -0.00433939 0.00011949 -0.01277851 -0.00189638 0.02220737 0.05740729
369.0  -0.39808300 0.05049423 -0.00622373 -0.00415565 -0.02512360 0.00864769 0.01015011 0.00303055 -0.02280020 -0.06051589
369.5  0.55304648 -0.10198314 0.02029395 -0.00001476 -0.01498894 0.01138860 -0.00237307 0.00691809 0.01966046 0.05460974
370.0  0.99190934 0.08944908 -0.01457834 0.00545422 0.01217348 0.00670953 -0.00585794 0.00628545 -0.01334227 -0.04400943
370.5  0.52984996 -0.03626960 -0.00439971 -0.00487744 0.02464956 -0.00146257 0.01011078 0.00401269 0.00314406 0.03334918
371.0  -0.38971334 -0.04203884 0.01951397 -0.00310285 0.00669079 -0.00861844 -0.00767613 0.00046552 0.00727107 -0.01350937
371.5  -0.96804448 0.09883176 -0.01760985 0.00648280 -0.01962216 -0.00984949 0.00016596 -0.00170889 -0.01711750 -0.00782137
372.0  -0.74600817 -0.09880420 -0.00059021 -0.00020018 -0.02061768 -0.00380616 0.00705100 -0.00365319 0.02368805 0.02665373
372.5  0.07640097 0.05650936 0.01772147 -0.00474149 0.00421224 0.00579877 -0.01079802 -0.00330094 -0.02425615 -0.04443891
373.0  0.83537529 0.01348443 -0.01938408 0.00337660 0.02400621 0.01001333 0.00668660 -0.00401364 0.01813356 0.05652579
373.5  0.92998227 -0.07869020 0.00591495 0.00199574 0.01175247 0.00715657 0.00272805 -0.00210453 -0.00672187 -0.06102867
374.0  0.28663120 0.10463312 0.01272390 -0.00518384 -0.01698174 0.00056135 -0.01028395 0.00063524 -0.00768877 0.05626544
374.5  -0.58400765 -0.08276591 -0.02056002 0.00150572 -0.02281860 -0.00697815 0.01264804 0.00156786 0.01930982 -0.04526209
375.0  -0.99145964 0.02221245 0.01162167 0.00713055 0.00321597 -0.00893844 -0.00633680 0.00932258 -0.02105651 0.02806505
375.5  -0.61380769 0.04701578 0.00647975 -0.00669229 0.02383256 -0.01007816 0.00526539 0.00150542 -0.01586157 -0.00581961
376.0  0.25195325 -0.09596109 -0.01942203 -0.00884519 0.01371212 -0.00188267 0.00854920 -0.00198851 0.00058196 -0.01662727
376.5  0.91889346 0.10285843 0.01604513 0.00849964 -0.01248839 0.00824901 -0.00585642 0.00446685 0.01338011 0.03815947
377.0  0.84434757 -0.05921008 -0.00034925 0.00476298 -0.02296899 0.00697771 -0.01483749 -0.00524323 0.02027464 -0.05446950
377.5  0.06723856 -0.00701441 -0.01573654 -0.00884383 -0.00265383 0.00253605 -0.01618993 0.00263634 0.01895329 0.06113899
378.0  -0.77675078 0.07134119 0.01937385 0.00319514 0.02210115 -0.00534799 -0.00766290 0.00106493 0.01207245 -0.05623920
378.5  -0.94253107 -0.10766608 -0.00527986 0.00604180 0.01893634 -0.00931348 0.00533840 -0.00489353 0.00255968 0.04333718
379.0  -0.24819710 0.08262297 -0.01232599 -0.00974906 -0.00744380 -0.00604791 0.01555304 0.00645021 -0.00700764 -0.02541931
379.5  0.68472556 -0.01880193 0.01984868 -0.00077765 -0.02334165 0.00039127 0.01677370 -0.00646131 -0.01415231 0.00194017
380.0  0.97008533 -0.04858546 -0.01095371 0.01042757 -0.01261820 0.00656880 0.00960556 0.00475797 -0.01725273 0.02232212
380.5  0.33877745 0.10119986 -0.00913488 -0.00635888 0.01241667 0.00783249 -0.00380187 0.00010826 -0.01836881 -0.04039888
381.0  -0.59823705 -0.09951255 0.02057000 -0.00659341 0.02094819 0.00356074 -0.01560772 -0.00279566 -0.01549827 0.05520660
381.5  -0.99030318 0.04726694 -0.01444587 0.01084910 0.00417125 -0.00394799 -0.01738860 0.00482818 -0.00817078 -0.06167992
382.0  -0.52160636 0.01285893 -0.00255933 0.00028251 -0.01749646 -0.00936874 -0.00908578 -0.00628831 0.00109160 0.05557654
382.5  0.38170187 -0.07454439 0.01800619 -0.01019837 -0.01486774 -0.00793653 0.00596627 0.00343667 0.01138998 -0.04274875
383.0  0.96422034 0.10781155 -0.01959309 0.00497688 0.00918716 -0.00008610 0.01726537 -0.00029650 0.01768032 0.02193117
383.5  0.75630283 -0.08771877 0.00523202 0.00706090 0.02131751 0.00746071 0.01621671 -0.00269623 0.01647162 0.00369109
384.0  -0.07239352 0.03875781 0.01294982 -0.00940290 0.00200624 0.00965550 0.00631813 0.00622502 0.01116175 -0.02389747
384.5  -0.84193601 0.02809976 -0.02057453 -0.00148521 -0.01962005 0.00647789 -0.00805798 -0.00622479 0.00003515 0.04177576
385.0  -0.91988187 -0.08826750 0.00971823 0.00828887 -0.01600481 0.00569347 -0.01581893 0.00278380 -0.00905520 -0.05405327
385.5  -0.24399255 0.10445772 0.00737735 -0.00007861 0.00854961 0.01069652 -0.01179201 0.00387133 -0.01539460 0.05671910
386.0  0.63094498 -0.07673403 -0.01959759 -0.01417834 0.02280788 0.00249384 -0.01006490 -0.00257747 -0.01719829 -0.05093512
386.5  0.99019953 0.01529534 0.01643120 -0.00958676 0.00712279 -0.00957244 -0.00391343 0.00712464 -0.00922286 0.03660167
387.0  0.54173945 0.05387002 0.00189280 0.00618960 -0.01912491 -0.01632888 0.00088840 -0.00156461 0.00228404 -0.01147599
387.5  -0.35416083 -0.09901816 -0.01843602 0.01328891 -0.02171330 -0.01273668 0.00558390 -0.00378343 0.01391727 -0.01223256
388.0  -0.95990482 0.09958457 0.01997955 0.00132865 0.00310414 -0.00090848 0.00679646 0.00794416 0.01854491 0.03459164
388.5  -0.75057730 -0.04799829 -0.00501574 -0.01164967 0.02490986 0.01184753 0.00349119 -0.00226925 0.01718672 -0.05322800
389.0  0.12268939 -0.02509821 -0.01408035 -0.00897145 0.01710593 0.01698701 -0.00067781 0.00276262 0.00783923 0.05935162
389.5  0.89420240 0.08567173 0.02131798 0.00519801 -0.00965768 0.01269212 -0.00405784 0.00153375 -0.00344821 -0.05636326
390.0  0.83826029 -0.10632659 -0.00970170 0.01256832 -0.02495826 0.00167855 -0.00334419 -0.00380356 -0.01223938 0.04596073
390.5  -0.00693213 0.06101939 -0.01083053 0.00411525 -0.01128790 -0.01024633 -0.00323033 0.00518196 -0.01818744 -0.02683218
391.0  -0.84342168 0.01714116 0.02175926 -0.01012968 0.01426169 -0.01647816 0.00015886 -0.00430689 -0.01880146 0.00496838
391.5  -0.89575344 -0.07746238 -0.01299056 -0.01143940 0.02208732 -0.01421872 0.00244343 0.00057924 -0.01365079 0.01803019
392.0  -0.14253511 0.10617833 -0.00777749 0.00299393 0.00194958 -0.00385138 0.00257648 0.00065689 -0.00332234 -0.03716001
392.5  0.72673787 -0.07794428 0.02128943 0.01375154 -0.01938125 0.00754269 0.00356916 -0.00376983 0.00868375 0.05310498
393.0  0.96949860 0.00395532 -0.01587602 0.00947056 -0.01490068 0.01529108 0.00277390 0.01018349 0.01542686 -0.06186362
393.5  0.38953317 0.06080398 -0.00181481 -0.01481400 0.00569135 0.01584571 0.00056708 0.00630118 0.01842540 0.05875528
394.0  -0.52424889 -0.10111778 0.01897986 -0.02169848 0.01069074 0.00775325 -0.00239933 0.00936063 0.00976339 -0.05042627
394.5  -0.99013767 0.09379364 -0.02043596 0.00153931 0.00433373 -0.00511183 0.00318027 0.00831288 -0.00101955 0.03767523
395.0  -0.59571480 -0.02648351 0.00109262 0.02227777 -0.00130281 -0.01644171 -0.00618991 0.00646685 0.01196856 -0.01988818
395.5  0.32689521 -0.04932491 0.01871709 0.01416023 -0.00502614 -0.01924381 -0.00178133 0.00189467 -0.01863020 -0.00202540
396.0  0.96121909 0.09654731 -0.01960638 -0.01331518 -0.00442461 -0.01024293 0.00137491 -0.00367984 0.01919646 0.02242366
396.5  0.73292728 -0.09622625 0.00282739 -0.02484499 0.00148814 0.00665111 -0.00473602 -0.00795984 -0.01417067 -0.03965921
397.0  -0.15448933 0.03498300 0.01625488 -0.00308630 0.00552850 0.01808657 0.00521850 -0.01050820 0.00558061 0.05414377
397.5  -0.90298399 0.04613711 -0.02021777 0.02145331 0.00317832 0.01830302 -0.00145291 -0.00816782 0.00393767 -0.06181470
398.0  -0.83843222 -0.09747581 0.00709847 0.01899737 -0.00128481 0.00611189 -0.00190803 -0.00310845 -0.01245764 0.06089348
398.5  -0.01659612 0.09524388 0.01295521 -0.00607712 -0.00688698 -0.01158271 0.00450518 0.00357601 0.01696746 -0.05307000
399.0  0.82169697 -0.03708355 -0.02245905 -0.02350168 -0.00634828 -0.02103840 -0.00539207 0.00994606 -0.01879548 0.03762742
399.5  0.91217454 -0.04057897 0.00950194 -0.01163155 0.00099078 -0.01459958 0.00272077 0.01138721 0.01792604 -0.01702509
400.0  0.16805412 0.09729855 0.01148198 0.01133524 0.00995335 0.00304565 0.00053557 0.00828230 -0.01214769 -0.00497278
400.5  -0.72591846 -0.09925953 -0.02246126 0.01875649 0.00918911 0.01944374 -0.00339319 0.00121180 0.00670488 0.02744650
401.0  -0.96558634 0.04414636 0.01434474 0.00335738 -0.00402568 0.02159724 0.00518724 -0.00617878 -0.00087767 -0.04666774
401.5  -0.37187953 0.02347100 0.00542778 -0.01490923 -0.01403274 0.00789072 -0.00576260 -0.01077635 -0.00804173 0.05958914
402.0  0.51497232 -0.08188905 -0.02000182 -0.01313749 -0.00485584 -0.01246985 0.00186266 -0.00885551 0.01279078 -0.06249357
402.5  0.98382001 0.10892212 0.01999356 0.00557796 0.01306117 -0.02177399 0.00280166 -0.00118937 -0.01410290 0.05341982
403.0  0.71731893 -0.08218973 -0.00518296 0.01261742 0.01429626 -0.01512292 0.00529053 0.00644911 0.01237884 -0.03341947
403.5  -0.06495305 0.03642037 -0.01397755 0.00496357 -0.00696729 -0.00157277 0.00103435 0.01289088 -0.00340699 0.00478791
404.0  -0.80102867 0.02270523 0.02201629 -0.00137688 -0.02135869 0.01233578 -0.00616795 -0.01012320 0.01245562 0.02333529
404.5  -0.95944977 -0.08373435 0.01503436 -0.00797759 -0.00687054 0.01836789 0.00025787 0.00928094 0.01257016 -0.04578523
405.0  -0.40313168 0.10197824 -0.00300338 -0.00778659 0.01656141 0.01014799 -0.00348929 0.00355962 0.01344669 0.06138410
405.5  0.47320560 -0.08732095 -0.02000304 0.00118908 0.01914901 -0.00542882 0.00131562 -0.01284034 0.00486298 -0.06289518
406.0  0.98144157 0.04032698 -0.02345360 0.01003975 -0.00451266 -0.01799099 0.00145984 0.01545871 -0.00190942 0.05429263
406.5  0.68877857 0.03504169 -0.00851665 0.00362440 -0.02112136 -0.01356921 -0.00367027 -0.00950392 -0.00982805 -0.03902210
407.0  -0.18374376 -0.08811420 0.01420011 -0.00690071 -0.00984671 0.00165880 0.00260060 -0.00067994 -0.01356888 0.01335846
407.5  -0.90518499 0.10150289 0.02719068 -0.00707404 0.01428517 0.01514214 -0.00060426 0.01133385 -0.01412805 0.01184068
408.0  -0.84613788 -0.07459579 0.01861298 0.00244272 0.02077108 0.01655594 -0.00140058 -0.01721768 -0.01198332 -0.03446401
408.5  -0.04732881 0.00597135 -0.00599622 0.00873204 0.00071618 0.00173616 0.00549759 0.01427441 -0.00687383 0.05239401
409.0  0.79733803 0.06478293 -0.02643424 -0.00006445 -0.01907027 -0.01202401 -0.00330354 -0.00464102 0.00129756 -0.06138764
409.5  0.92961054 -0.10125287 -0.02491825 -0.00867967 -0.01572788 -0.01640928 -0.00169310 -0.00684851 0.00767096 0.06111682
410.0  0.21014404 0.09122219 -0.00155529 -0.00493440 0.00675575 -0.00814051 0.00198743 0.01593424 0.01474884 -0.05128828
410.5  -0.70904445 -0.03323446 0.02306588 0.00973873 0.01898702 0.00683002 -0.00530539 -0.01702353 0.01513993 0.03614898
411.0  -0.96278117 -0.04267316 0.02700718 0.01111268 0.00752569 0.01571927 0.00579664 0.01066130 0.01308956 -0.01662097
411.5  -0.31042451 0.09619593 0.00623412 -0.00292941 -0.01269558 0.01412497 0.00103860 0.00035831 0.00589143 -0.00576045
412.0  0.62508425 -0.10037722 -0.01886367 -0.01379349 -0.01640003 0.00358517 -0.00136005 -0.01229369 -0.00287298 0.02520438
412.5  0.98702998 0.05343098 -0.02720982 -0.00841283 0.00098136 -0.00847079 0.00118539 0.01955968 -0.01107643 -0.04218401
413.0  0.48197589 0.01290261 -0.01246615 0.00957937 0.01788038 -0.01426887 -0.00798350 -0.01744950 -0.01510877 -0.05559617
413.5  -0.42819012 -0.07551102 0.01208345 0.01350292 0.01012686 -0.01388282 -0.00007989 0.00992780 -0.00769581 -0.05944482
414.0  -0.97567965 0.10794469 0.02632637 0.00022183 -0.01206438 -0.00409611 0.00301041 0.00832939 -0.00128330 -0.05455294
414.5  -0.71170870 -0.08286739 0.01946672 -0.00862948 -0.01913337 0.01361899 0.00387036 0.01316611 0.01262668 -0.04092130
415.0  0.15164954 0.02717363 -0.00312800 -0.01028397 -0.00264649 0.02118587 0.00249969 0.00178240 0.01699758 -0.01973850
415.5  0.89081333 0.04102003 -0.02335446 -0.00807395 0.01791889 0.01381161 -0.00294968 -0.00838468 0.01098313 0.00515772
416.0  0.86306118 -0.10053317 -0.02376053 0.00038536 0.01659962 -0.00464041 -0.00371686 -0.01148451 0.00142019 0.02954293
416.5  0.08219965 0.09836165 -0.00451503 0.01248896 -0.00600242 -0.01964321 0.00098368 -0.00738880 -0.00617649 0.04929432
417.0  -0.77273279 -0.04750131 0.01773179 0.00590497 -0.02076796 -0.02169757 0.00702089 -0.00271817 -0.00912625 0.05983715
417.5  -0.94865110 -0.01930813 0.02485630 -0.00813599 -0.00689325 -0.00746455 0.01012653 0.00324642 -0.00830084 0.06132214
418.0  -0.29968846 0.08861476 0.01040519 -0.00287141 0.01885742 0.01160129 0.00785069 0.00718959 -0.00647769 0.04764357
418.5  0.60255340 -0.10640456 -0.01145607 0.01567970 0.01494051 0.02147912 0.00102355 0.00806805 -0.00488667 0.03007433
419.0  0.99122767 0.06216995 -0.02257722 0.00661392 -0.00858546 0.01510846 -0.00644138 0.00765061 -0.00221788 0.00831716
419.5  0.54433289 0.00222321 -0.01546018 -0.01768015 -0.01194087 -0.00284400 -0.01036436 0.00374433 0.00159368 -0.01616569
420.0  -0.36007403 -0.07297597 0.00289452 -0.01568405 0.00555140 -0.01808012 -0.00792605 -0.00173983 0.00701110 -0.03770610
420.5  -0.96201541 0.10748916 0.01649573 0.01032535 0.01247591 -0.02067242 -0.00113488 -0.00757929 0.01151245 -0.05237062
421.0  -0.74879337 -0.07830885 0.01634699 0.02206394 0.00097116 -0.00938389 0.00705174 -0.01157786 0.01333403 -0.05834049
421.5  0.10381582 0.01246287 0.00272988 0.00423954 -0.01112217 0.00723515 0.01166546 -0.00911765 0.01101931 -0.05626061
422.0  0.86585160 0.06095555 -0.01230644 -0.01906786 -0.01015662 0.01903980 0.00894625 -0.00110715 0.00345644 -0.04860076
422.5  0.89813670 -0.10343253 -0.01687580 -0.01721860 0.00078889 -0.02072147 -0.00367843 0.01197603 -0.00640312 -0.03571568
423.0  0.19446230 0.09252659 -0.00544998 0.00222747 0.01503761 0.00270191 -0.01642289 -0.00577912 -0.01246326 -0.01977888
423.5  -0.66025253 -0.03768697 0.01039810 0.01756821 0.01262789 0.01232115 -0.01805130 0.00283147 0.01654854 0.00097400
424.0  -0.98849913 -0.03691379 0.01843897 0.01170102 -0.00504041 -0.02835298 0.00070018 -0.00031398 -0.00915057 0.02256021
424.5  -0.52991830 0.09001813 0.01085722 -0.00880289 -0.01593026 0.01672666 0.00761496 -0.00226511 -0.00249660 0.04204498
425.0  0.36422758 -0.10259719 -0.00732253 -0.01585774 -0.00538638 0.00617061 0.01419862 0.00171368 0.01106438 0.05476830
425.5  0.96329330 0.06585462 -0.01949814 -0.00103749 0.01093240 -0.02489522 0.01151643 0.00014123 -0.01614737 0.05935916
426.0  0.73586054 0.01288964 -0.01459963 0.01449967 0.01440739 0.02437085 0.00146481 0.00179208 0.01816991 0.05603977
426.5  -0.14932451 -0.07976165 0.00465279 0.00973194 -0.00057914 -0.00534374 -0.00877905 0.00075543 -0.01552631 0.04594698
427.0  -0.90518052 0.10204409 0.02091080 -0.00905723 -0.01404139 -0.01800846 -0.01370091 -0.00137816 0.01006201 0.03209485
427.5  -0.82875320 -0.07652163 0.01896984 -0.01710921 -0.01094322 0.02776590 -0.01010452 0.00120408 -0.00264863 0.01540111
428.0  0.01126250 0.00047662 -0.00187464 -0.00351967 0.00448372 -0.01519403 -0.00042781 -0.00326788 -0.00527053 -0.00332855
428.5  0.83828058 0.07418447 -0.02214586 0.01279206 0.01704275 -0.00977918 0.00855043 0.00194225 0.01217383 -0.02314777
429.0  0.90276868 -0.10050805 -0.02308696 0.01219375 0.00962876 0.02640462 0.01251059 0.00189317 -0.01660338 -0.03868752
429.5  0.15587450 0.08707668 -0.00355719 -0.00418974 -0.01027628 -0.02297593 0.00869321 -0.00330261 0.01826378 -0.04800104
430.0  -0.72790494 -0.02758424 0.02004688 -0.01327246 -0.02026682 0.00223252 0.00162931 0.00505298 -0.01337448 -0.05288867
430.5  -0.96378761 -0.05291521 0.02491566 -0.00607728 -0.00643796 0.01909590 -0.00709930 -0.00120298 0.00380461 -0.04968849
431.0  -0.33635844 0.09591253 0.00742153 0.00339578 0.01573765 -0.02521797 -0.01328153 -0.00680724 0.00701546 -0.04226323
431.5  0.59790609 -0.09774304 -0.01600929 0.00408402 0.02115492 0.01508993 -0.00961619 0.00653145 -0.01910435 -0.03003926
432.0  0.98940956 0.05657342 -0.02467275 0.00139417 -0.00081031 0.00465927 -0.00286389 0.00389115 0.02034140 -0.01376657
432.5  0.48784173 0.02100461 -0.01142392 0.00464424 -0.02114180 -0.02084455 -0.01089065 -0.00959632 -0.00722592 0.00414072
433.0  -0.44303320 -0.08223144 0.01099470 0.00318221 -0.01408007 0.01461831 -0.01916874 0.00480537 -0.00892127 0.01910666
433.5  -0.98198955 0.10305342 0.02392938 -0.00540868 0.01077123 -0.00041345 -0.01590964 0.00617327 0.01553258 0.03301319
434.0  -0.68557566 -0.08282290 0.01679824 -0.00737365 0.02157894 -0.01625785 -0.00183872 -0.01310902 -0.01839069 0.04457618
434.5  0.17698472 0.02348785 -0.00386770 0.00218894 0.00158566 0.02209509 0.01187156 0.00948536 0.01264218 0.05066887
435.0  0.89237371 0.04545310 -0.02073591 0.01046639 -0.01869785 -0.00894429 0.01921240 -0.00376504 -0.00468665 0.04734302
435.5  0.87570594 -0.09516810 -0.02128199 0.00479409 -0.01463304 -0.01340049 0.01421100 -0.00165979 -0.00382078 0.03561653
436.0  0.13662655 0.10164551 -0.00499391 -0.00725512 0.00757190 0.02276977 -0.00069521 0.00956449 0.01194714 0.02061002
436.5  -0.71665347 -0.06262093 0.01525948 -0.01130751 0.01938728 -0.01438188 -0.01467403 -0.01117798 -0.01615851 0.00098220
437.0  -0.97619383 -0.00059908 0.02395104 -0.00024640 0.00657581 -0.00723191 -0.02010937 0.00745094 0.01595357 -0.01877432
437.5  -0.43543294 0.06975373 0.01380099 0.01125662 -0.01321097 0.02393759 -0.01040178 -0.00510987 -0.01407692 -0.03514959
438.0  0.45089796 -0.10387163 -0.00731049 0.01040623 -0.01595903 -0.01578119 0.00677201 -0.00381239 0.00566162 -0.04572164
438.5  0.97583984 0.09004505 -0.02392474 -0.00702893 0.00333355 -0.00554431 0.01883904 0.01067700 0.00164296 -0.04821382
439.0  0.74404263 -0.05021227 -0.02204904 -0.01571547 0.01732464 0.02063836 0.01698354 -0.01122530 -0.00934216 -0.04378285
439.5  -0.05040166 -0.01862373 -0.00286399 -0.00204742 0.00647736 -0.01775927 -0.00014703 0.01079419 0.01477925 -0.02795168
440.0  -0.80690445 0.07959788 0.01912863 0.01482661 -0.01349432 -0.00327218 -0.01622062 -0.00370193 -0.01634511 -0.01029097
440.5  -0.95167005 -0.09935789 0.02675165 0.00907220 -0.01495341 0.02239016 -0.01808002 -0.00563710 0.01254351 0.00821322
441.0  -0.34593788 0.09138322 0.01302199 -0.00965560 0.00357724 -0.01890167 -0.00882569 0.01033145 -0.00563186 0.02445075
441.5  0.55325082 -0.03594335 -0.01240973 -0.01302149 0.01829258 0.00086756 0.01150125 -0.01418215 -0.00214984 0.03644109
442.0  0.99180459 -0.04389653 -0.02807683 0.00010589 0.00998778 0.00768208 0.02329014 0.01403431 0.00919548 0.04288255
442.5  0.54818331 0.09148728 -0.01816796 0.01547184 -0.00970253 -0.02029416 0.01792068 -0.01084022 -0.01376577 0.04884653
443.0  -0.40713675 -0.09842758 0.00892785 0.02039210 -0.00976892 0.01435721 0.00584815 0.00820343 0.01419640 0.04876084
443.5  -0.98308388 0.05344253 0.02806235 0.00253714 -0.00906425 -0.00354625 -0.00901035 -0.00386990 -0.01289687 0.04305721
444.0  -0.62691178 0.03216534 0.02041784 -0.01787469 -0.00962627 -0.01006422 -0.01814827 -0.00572907 0.01431421 0.03121693
444.5  0.32779942 -0.09297723 -0.00801488 -0.01747476 -0.00192005 0.01493138 -0.02370191 -0.01791221 -0.00284360 0.01771946
445.0  0.97075394 0.09718322 -0.02958515 0.00294885 0.00795777 -0.01632053 -0.00557104 -0.02161451 -0.00250688 0.00424454
445.5  0.67533215 -0.04831627 -0.02205444 0.02009210 0.00933026 0.00436054 -0.00088423 -0.01097742 0.00926655 -0.00957025
446.0  -0.28047501 -0.03711947 0.00919328 0.01454431 0.00290510 0.00892062 -0.00501180 0.00768054 -0.01354444 -0.02087932
446.5  -0.96184275 0.09923334 0.03237200 -0.00854825 -0.00525005 -0.01658174 0.00901016 0.02303156 0.01442292 -0.03176563
447.0  -0.69909009 -0.09282358 0.02245277 -0.02189103 -0.00725435 0.01329403 -0.00875917 0.02935638 -0.01131175 -0.03982849
447.5  0.23910259 0.02846094 -0.01096987 -0.00922140 -0.00258250 -0.00255506 0.00454851 0.02430769 0.00658691 -0.04423721
448.0  0.94210645 0.05360384 -0.03346998 0.01416063 0.00519232 -0.01092594 0.00296337 0.00944995 0.00091051 -0.04434221
448.5  0.77753550 -0.10102806 -0.02259705 0.02046868 0.00649293 0.01755278 -0.00993562 -0.00929477 -0.00873525 -0.04077024
449.0  -0.06352378 0.09043109 0.00923194 0.00077936 -0.00106370 -0.01009674 0.01000133 -0.02500757 0.01143777 -0.03397514
449.5  -0.83784808 -0.03247209 0.03146082 -0.01905262 -0.00767271 -0.00073024 -0.00520865 -0.02838233 -0.01405735 -0.02045351
450.0  -0.92889052 -0.04554092 0.02461518 -0.01182239 -0.00590681 0.01397560 -0.00030464 -0.01765094 0.00933315 -0.00308355
450.5  -0.29552047 0.09307384 -0.00356216 0.00546216 0.01161436 -0.01738620 0.00508649 0.00271686 -0.00117825 0.01588842
451.0  0.56357664 -0.10000835 -0.02652846 0.00792167 0.02247431 -0.00583045 -0.01462009 0.01899302 -0.00416604 0.03202840
451.5  0.99000852 0.06754746 -0.02572336 0.00358364 0.00200766 0.00657551 0.00123868 0.02440970 0.01850065 0.04286501
452.0  0.64906057 0.00729888 -0.00364968 -0.00040964 -0.02371361 0.01749391 0.00355638 0.01939783 -0.01062598 0.04632647
452.5  -0.20788980 -0.06945404 0.01936825 -0.00196847 -0.01580060 0.01557898 -0.00882193 -0.00298126 0.00646472 0.04540973
453.0  -0.90330951 0.09878982 0.02363826 -0.00100871 0.01349590 -0.00314310 0.01173283 -0.01612423 0.00262924 0.03742441
453.5  -0.86678363 -0.09572018 0.00767055 0.00044204 0.02376410 -0.01843444 -0.00615044 -0.01877448 -0.01417356 0.02508407
454.0  -0.12792641 0.03622922 -0.01305592 0.00174312 0.00239519 -0.02312550 -0.00738538 -0.01365483 0.01341712 0.00827781
454.5  0.71442590 0.03518803 -0.02120007 0.00428810 -0.02412172 -0.01394113 0.01100885 0.00045073 -0.01262521 -0.01148132
455.0  0.97841190 -0.08257082 -0.01150201 0.00174154 -0.01599181 0.00796022 -0.01077272 0.01007936 0.00757319 -0.02929774
455.5  0.44225428 0.10687046 0.00727125 -0.00731895 0.01335494 0.02188158 0.01000560 0.01498540 0.00568583 -0.04389190
456.0  -0.46300600 -0.07548049 0.01935657 -0.01237419 0.02111616 0.02381456 0.00640701 0.01413788 -0.00941736 -0.05156211
456.5  0.98395448 0.00543812 0.01560597 0.00140356 0.00187516 0.01047256 -0.01144217 0.00377645 0.01383707 -0.05059068
457.0  -0.66140609 0.06969825 -0.00119074 0.01997113 -0.01703934 -0.01036119 0.01483033 -0.00523776 -0.01226303 -0.03913430
457.5  -0.23610614 -0.10518405 -0.01677970 0.01099976 -0.01411196 -0.02309126 -0.01156106 -0.01064351 0.00530869 -0.02419527
458.0  0.92748964 0.08282395 -0.01809087 -0.01356679 0.00703484 -0.02303189 0.00052972 -0.01205517 0.00202218 -0.00531454
458.5  -0.81988964 -0.01972381 -0.00501226 -0.02006650 0.01924390 -0.00707627 -0.01199963 -0.00272846 -0.00970355 0.01731564
459.0  0.02158180 -0.04945552 0.01287051 -0.00174478 0.00565412 0.01353509 -0.01330333 0.01102208 0.01372391 0.03432025
459.5  0.78903803 0.09350886 0.02043800 0.02300360 -0.01332271 0.02628632 -0.00812953 0.01671256 -0.01161048 0.04557737
460.0  -0.95290449 -0.09649546 0.01120289 0.01592613 -0.01298891 0.02271735 0.00027640 0.01106009 0.00691474 0.04996898
460.5  0.34422180 0.05941690 -0.00540791 -0.01453301 0.00027771 0.00521034 0.01081646 0.00537842 0.00368278 0.04260699
461.0  0.54883507 0.00507035 -0.01842481 -0.02629727 0.01204100 -0.00674483 0.02419873 -0.00658982 -0.01134811 0.03074138
461.5  -0.99126231 -0.07125956 -0.01646142 -0.00030251 0.00859725 -0.01019202 0.02838171 -0.01681761 0.01509225 0.01614539
462.0  0.57972006 0.10800132 -0.00037392 0.02685091 -0.00274528 -0.01216621 0.01579566 -0.01373983 -0.01423422 -0.00014617
462.5  0.36070079 -0.09007410 0.01585656 0.01899865 -0.00638339 -0.01013983 -0.01003798 -0.01161837 0.00625700 -0.01570975
463.0  -0.97432789 0.01938450 0.01837760 -0.01504025 -0.00413449 -0.00273895 -0.02792914 -0.00043422 0.00009468 -0.02972854
463.5  0.65924512 0.06519201 0.00470526 -0.02993713 0.00138841 0.00751001 -0.02873332 0.01239501 -0.00916678 -0.04010824
464.0  0.29280174 -0.11003657 -0.01312081 -0.00540697 0.00572513 0.01348674 -0.01645898 0.01557679 0.01256502 -0.04785232
464.5  -0.96057687 0.08734272 -0.01923133 0.02674015 0.00343712 0.01041022 0.00765307 0.01582873 -0.01508120 -0.04879384
465.0  0.71893293 -0.01619247 -0.00779774 0.02354368 -0.00399180 0.00106791 0.02844524 0.01189098 0.01348985 -0.04281895
465.5  0.18395323 -0.05532900 0.00988600 -0.01219631 -0.00435027 -0.00960597 0.02883077 -0.00015059 -0.00920324 -0.03156254
466.0  -0.91586806 0.08637396 0.01869992 -0.03062715 -0.00059121 -0.01335538 0.01404656 -0.01009543 0.00359358 -0.01574407
466.5  0.83122395 -0.06915277 0.01267007 -0.00706337 0.00306291 -0.00705505 -0.00897349 -0.01546570 0.00408539 0.00268369
467.0  -0.01806696 0.02435960 -0.00500282 0.02433697 0.00334472 0.00265686 -0.03080304 -0.02064941 -0.01169796 0.01937225
467.5  -0.80789954 0.01835331 -0.01807301 0.02605683 0.00093231 0.01002094 -0.02856044 -0.01495065 0.01316380 0.03373480
468.0  0.94115109 -0.04313613 -0.01502420 -0.00806372 -0.00257629 0.01046760 -0.00673847 -0.00175320 -0.01436428 0.04168070
468.5  -0.28649494 0.05005607 0.00067889 -0.03324674 -0.00543031 0.00547537 0.01490682 0.00842333 0.00963554 0.04815673
469.0  -0.59596475 -0.04436460 0.01608810 -0.01182946 -0.00054905 0.00033341 0.03045977 0.01985747 0.00058440 0.04551101
469.5  0.99590356 0.02739195 0.01750892 0.02214303 0.00894799 0.01104245 0.02235293 0.02294087 -0.00665512 0.03728429
470.0  -0.61871778 0.00212562 0.00440321 0.02407069 0.01107087 -0.00233801 -0.01055108 0.01149986 0.01596542 0.02679533
470.5  -0.22853881 -0.03654353 -0.01175835 -0.00217073 -0.00326992 -0.02175787 0.00183072 -0.00220338 -0.01584884 0.00978755
471.0  0.90118887 0.06096985 -0.01895954 -0.01597308 -0.02348222 -0.03151092 0.00601047 -0.02045116 -0.00096979 -0.00866155
471.5  -0.88762293 -0.05884348 -0.00989162 -0.00861928 -0.01318883 0.02671519 0.01125309 -0.02049002 0.00400178 -0.02179562
472.0  0.17976560 0.02632698 0.00601009 0.00854937 0.01960775 0.00004435 -0.00890113 -0.01999052 -0.01591630 -0.03566779
472.5  0.68310521 0.02209427 0.01751705 0.01400028 0.02470234 -0.02072650 -0.00016313 -0.00410897 0.01909621 -0.04426477
473.0  -0.98453265 -0.05906898 0.01420596 0.00225726 -0.00232371 0.02832824 0.00933184 0.01560435 -0.01849886 -0.04717544
473.5  0.43231371 0.06285856 -0.00313898 -0.01280886 -0.02753714 -0.02056963 -0.01536291 0.02054710 0.01463483 -0.04781491
474.0  0.51069698 -0.03379476 -0.01703904 -0.00799820 -0.01741871 0.00059178 0.01436275 0.02237749 -0.00554194 -0.04225850
474.5  -0.99435614 -0.00949453 -0.01586203 0.00587882 0.01493285 0.01953625 -0.00599271 0.01585560 -0.00461410 -0.03234635
475.0  0.57663075 0.04577412 -0.00038252 0.00857166 0.02920310 -0.02938414 -0.00388753 -0.00092793 0.01541988 -0.01826461
475.5  0.35874418 -0.06165817 0.01603403 0.00062278 0.00692179 0.02245936 0.01257889 -0.01223634 -0.02287341 -0.00232464
476.0  -0.97086632 0.05297310 0.01655479 0.00012059 -0.02642581 -0.00062053 -0.01628173 -0.02120213 0.02281895 0.01369578
476.5  0.72215396 -0.01980425 0.00249354 0.00329349 -0.02415275 -0.02013864 0.00410138 -0.02158452 -0.01820288 0.02901398
477.0  0.16293483 -0.02983366 -0.01395819 -0.00135035 0.01031841 0.02217305 0.01830213 -0.01023097 0.00239999 0.04040095
477.5  -0.90337498 0.07577739 -0.01832824 -0.00970848 0.02919798 -0.00500129 -0.02508844 -0.00192149 0.01228636 0.04754086
478.0  0.84802263 -0.08925713 -0.00534582 -0.00349418 0.00794188 -0.00973829 0.00761533 0.01945420 -0.02175643 0.04969116
478.5  -0.05114963 0.05239791 0.01117998 0.01130026 -0.02286694 0.01424226 0.00609842 0.02146862 0.02750427 0.04755711
479.0  -0.78561553 0.02262915 0.01862833 0.01277103 -0.02097174 -0.01034576 -0.02566726 0.01974286 -0.01329146 0.03645876
479.5  0.94461992 -0.09453215 0.01125817 -0.00851810 0.00683359 -0.00358131 0.02501811 0.00727227 0.00151191 0.02032750
480.0  -0.30399865 0.11942816 -0.00681415 -0.03081164 0.00461824 -0.01270291 -0.00812370 -0.00731519 0.01436184 0.00003028
480.5  -0.58896968 -0.07858852 -0.01874652 -0.00412713 0.00084455 0.01000035 -0.01067683 -0.01551549 -0.02491219 -0.02324128
481.0  0.98883982 -0.00806854 -0.01528431 0.02699455 0.00392592 0.00194294 0.02135151 -0.02089763 0.02412683 -0.04168589
481.5  -0.55565545 0.09209815 -0.00071331 0.01870132 0.00215713 -0.01224678 -0.01808195 -0.01299865 -0.01887227 -0.05089715
482.0  -0.35972233 -0.12670717 0.01525571 -0.01515095 -0.00232781 0.01422508 0.00588121 -0.00054528 0.00413184 -0.05251755
482.5  0.96683939 0.09312020 0.01832887 -0.02836229 -0.00443460 -0.00790848 0.00830248 0.01093584 0.00800052 -0.04108058
483.0  -0.69674218 -0.01117799 0.00669121 -0.00209659 0.00037115 -0.00487105 -0.02098774 0.01822473 -0.01918901 -0.02120608
483.5  -0.23220382 -0.07332026 -0.01040444 0.02946441 0.00611573 0.01414558 0.01946458 0.01783234 0.02542680 0.00011888
484.0  0.94363935 0.11622674 -0.01920646 0.01778456 0.00420023 -0.01621152 -0.01166875 0.00908543 -0.02448344 0.02337220
484.5  -0.74637472 -0.09825061 -0.01025017 -0.01831974 -0.00254680 0.00811761 -0.00245190 -0.00137450 0.01914987 0.03958145
485.0  -0.15845217 0.03196133 0.00652868 -0.02563746 -0.00578327 0.00678419 0.01545807 -0.01277417 -0.00992618 -0.04708702
485.5  0.90692121 0.04922216 0.01788664 -0.00023466 -0.00269067 -0.01914674 -0.01853152 -0.01961285 -0.00253471 0.04821955
486.0  -0.83752570 -0.10788524 0.01618238 0.02612113 0.00421699 0.02136792 0.00997541 -0.01715245 0.01335213 -0.04296824
486.5  0.05100100 0.11767362 0.00069632 0.01478179 0.00768708 -0.00659784 0.00088041 -0.00563940 -0.02405141 0.02712404
487.0  0.76968655 -0.07402841 -0.01506775 -0.01872755 -0.00190760 -0.01497788 -0.00411776 0.00845671 0.02666807 -0.00615812
487.5  -0.95771493 -0.00431583 -0.01887739 -0.02124915 -0.01266814 0.02431974 0.00834097 0.02209397 -0.01830108 -0.01539739
488.0  0.37218574 0.08063634 -0.00977422 0.00587272 -0.00066929 -0.02259434 -0.00249703 0.01699805 0.00560345 0.03403793
488.5  0.51311708 -0.11723788 0.00748762 0.02070740 0.01996739 0.00172525 -0.00740085 0.00874825 0.01112149 -0.04693137
489.0  -0.98609715 0.09760563 0.01902580 0.00128496 0.01177581 0.01625626 0.02096655 -0.00056300 -0.01717738 0.05204346
489.5  0.66416338 -0.03541669 0.01515599 -0.01501160 -0.01919154 -0.01700497 -0.02666764 -0.01594186 0.01455139 -0.04825776
490.0  0.19440160 -0.03459891 0.00048274 -0.00197643 -0.02167136 0.00971460 0.01234942 -0.01900465 -0.01127592 0.04053595
490.5  -0.89709412 0.07866902 -0.01588082 0.00964387 0.00499523 -0.00565152 0.01325233 -0.01562351 0.00136969 -0.02536996
491.0  0.87783264 -0.08335311 -0.01942626 0.00555020 0.02593987 0.00407114 -0.03185466 -0.00305652 0.00461607 0.00739951
491.5  -0.14909507 0.05692930 -0.00703279 -0.00486735 0.01202131 0.00025252 0.02945039 0.00934474 -0.00798619 0.01196946
492.0  -0.70511067 -0.01736180 0.01039882 -0.00674583 -0.01898666 -0.00852318 -0.00451142 0.01767686 0.01002272 -0.03015194
492.5  0.98137239 -0.02103143 0.01969727 0.00145461 -0.02435415 0.01167282 -0.02339992 0.02011183 -0.01157446 0.04351362
493.0  -0.42557639 0.05107756 0.01291508 0.00684933 0.00119256 -0.00492085 0.03321728 0.00930499 0.01250646 -0.04762359
493.5  -0.50989017 -0.06660097 -0.00568576 0.00127546 0.02508474 -0.00676810 -0.02135578 0.00066790 -0.01089848 0.04750262
494.0  0.99411985 0.05783337 -0.01907832 -0.00622869 0.01833884 0.01324276 -0.00346880 -0.01040833 0.00675075 -0.04302800
494.5  -0.56376217 -0.01817668 -0.01506518 -0.00474950 -0.00982811 -0.01083538 0.02578689 -0.01911220 -0.00068841 0.03529036
495.0  -0.39275224 -0.03931182 0.00300024 0.00393619 -0.02677670 0.00118690 -0.03146138 -0.01914220 -0.00731953 -0.02370276
495.5  0.98092941 0.08239380 0.01827818 0.00890027 -0.01119696 0.01075540 0.01882786 -0.01329254 0.01340632 0.01008786
496.0  -0.66632861 -0.08061081 0.01602507 0.00036768 0.01909264 -0.01541712 0.00466129 -0.00422818 -0.01737786 0.00406240
496.5  -0.24313052 0.03006584 -0.00075844 -0.00865778 0.02509149 0.01193635 -0.02545432 0.00817346 0.01678954 -0.01961815
497.0  0.93188519 0.04000857 -0.01632459 -0.00547588 -0.00067007 -0.00035957 0.03112748 0.01859042 -0.00788805 0.03324782
497.5  -0.81287392 -0.08861251 -0.01784573 0.00652484 -0.02445055 -0.01302386 -0.01968790 0.01790290 -0.00216154 -0.04365634
498.0  0.00170871 0.08889057 -0.00248692 0.00977146 -0.01779181 0.01700645 -0.00510365 0.01342725 0.01221990 0.04604873
498.5  0.80903184 -0.04289993 0.01573724 -0.00203846 0.01306658 -0.02235772 0.02134450 0.00100128 -0.01243696 -0.04611387
499.0  -0.93851566 -0.02294614 0.01854117 -0.01796238 0.02283837 0.02954868 -0.01269813 -0.01182689 0.00642422 0.03903843
499.5  0.28620343 0.07668697 0.00656030 -0.00766049 0.00159721 -0.00661660 0.01914817 -0.01992612 -0.00051458 -0.02716562
500.0  0.59858749 -0.09595723 -0.01077614 0.02427735 -0.00768371 -0.01796190 -0.01123717 -0.01840277 -0.00886282 0.01207301
500.5  -0.99219439 0.07449493 -0.01877772 0.02455723 -0.00030806 0.03301292 -0.00267883 -0.00543573 0.00817368 0.00451067
501.0  0.58853932 -0.01732712 -0.01139167 -0.01193212 0.00357519 -0.02521430 0.01450800 0.00562705 -0.00607627 -0.01958864
501.5  0.27973257 -0.05610919 0.00508050 -0.03015613 0.00140926 0.00098535 -0.01741077 0.01618660 0.00211223 0.03353624
502.0  -0.92502862 0.11445164 0.01759613 -0.00707444 -0.00176226 0.02378288 0.00980762 0.01925183 0.00350316 -0.04272147
502.5  0.83723043 -0.12488718 0.01584170 0.02554941 -0.00201704 -0.03232047 0.00282422 0.01135017 -0.00650733 0.04469732
503.0  -0.07542586 0.06955795 0.00097239 0.02325896 0.00033555 0.01848054 -0.01347740 0.00192066 0.00848743 -0.03835420
503.5  -0.75348292 0.03413307 -0.01534749 -0.01219180 0.00157382 0.00682132 0.01727812 -0.01106146 -0.00835059 0.02650897
504.0  0.95193678 -0.13211260 -0.01924100 -0.03059542 0.00123108 -0.02641525 -0.01322614 -0.01862918 0.00537364 -0.01058004
504.5  -0.32851662 0.16194398 -0.00543781 -0.00555272 -0.00087421 0.02931541 0.00258060 -0.01651791 -0.00072082 -0.00693570
505.0  -0.58454889 -0.09791713 0.01288213 0.02838327 -0.00223581 -0.01417104 0.00820812 -0.01023094 -0.00381794 0.02219628
505.5  0.98170856 -0.02551440 0.01697177 0.02094527 0.00114930 -0.00846363 -0.01714740 0.00055035 0.00652916 -0.03426825
506.0  -0.52141206 0.13567299 0.00699537 -0.01356984 0.00304497 0.02580657 0.01995836 0.01175540 -0.00764060 0.04177029
506.5  -0.38213365 -0.17197771 -0.00989104 -0.02921322 -0.00025380 -0.02818884 -0.01405079 0.01813897 0.00644048 -0.04439046
507.0  0.95870895 0.12123966 -0.01844072 -0.00434025 -0.00151287 0.01478550 0.00228808 0.01653197 -0.00434599 0.03882581
507.5  -0.73695272 -0.01429344 -0.01116080 0.02865137 0.00161858 0.00421715 0.01524501 0.00859569 -0.00052455 -0.02832407
508.0  -0.09739623 -0.09530686 0.00487397 0.01909130 0.00316816 -0.01803384 -0.02833420 -0.00426349 0.00477871 0.01623073
508.5  0.85462765 0.15940376 0.01652153 -0.01990374 -0.00725016 0.01778651 0.02971088 -0.01557855 -0.00434491 -0.00117357
509.0  -0.88798557 -0.14938131 0.01511226 -0.01997961 -0.02381625 -0.00901946 -0.01580764 -0.01418358 0.01009458 -0.01464367
509.5  0.14816861 0.06895594 0.00013584 0.00530385 0.00077788 0.00198260 -0.00566864 0.01039823 -0.01021180 0.02899795
510.0  0.72728705 0.04544534 -0.01520068 0.01673831 0.02746649 0.00727798 0.02635647 0.00563576 0.01140287 -0.03817299
510.5  -0.95337846 -0.13992675 -0.01747922 0.00667122 0.01942521 -0.01829292 -0.02982994 -0.00668654 -0.01032281 0.04047795
511.0  0.32082105 0.16591419 -0.00584973 -0.01067400 -0.01205129 0.01967768 0.01226020 -0.00971758 0.00619792 -0.03580609
511.5  0.59888191 -0.10767974 0.01242678 -0.00975198 -0.03579583 0.00153441 0.00222965 -0.01311721 0.00340262 0.02410843
512.0  -0.98046082 -0.00643591 0.01899050 0.00503026 -0.00991806 -0.02670828 -0.00920892 -0.00808452 -0.01217097 -0.00815245
512.5  0.49044593 0.11758720 0.01042047 -0.00712370 0.03174682 0.03392492 0.00945241 0.00197305 0.01752554 -0.01010420
513.0  0.43311304 -0.16815013 -0.00571859 -0.01446312 0.02467398 -0.01676405 -0.00378019 0.00922540 -0.01619377 0.02506278
513.5  -0.97481341 0.13360607 -0.01830210 0.00446121 -0.00951778 -0.01172148 -0.00392875 0.01315961 0.00989616 -0.03516933
514.0  0.65046283 -0.03531720 -0.01626611 0.02094494 -0.02948323 0.02991564 0.01009825 0.01130624 0.00034078 0.03789907
514.5  0.25964894 -0.07298542 -0.00107989 0.01231733 -0.01009701 -0.02700800 -0.01403771 0.00031581 -0.01020226 -0.03266224
515.0  -0.93889632 0.13719699 0.01526439 -0.01469792 0.01983968 0.00666003 0.00952044 -0.00769138 0.01669652 0.02274584
515.5  0.76907940 -0.13276993 0.01886976 -0.02416052 0.02321470 0.01477448 0.00491865 -0.00910573 -0.01869241 -0.00785658
516.0  0.09195231 0.07372375 0.00742003 -0.00004309 0.00107740 -0.02248975 -0.01570290 -0.01776131 0.01337939 -0.00819335
516.5  -0.86739963 0.00547782 -0.01012522 0.02662734 -0.02555116 0.01338613 -0.02235914 0.00345305 -0.00946860 0.02105194
517.0  0.88668942 -0.07442694 -0.01955911 0.01682144 -0.01624496 -0.00022912 -0.00527203 0.01084415 -0.00533048 -0.02831522
517.5  -0.15359874 0.11463273 -0.01296785 -0.02064920 0.01402807 -0.01466347 0.00938604 0.00999803 0.01350436 0.03465035
518.0  -0.70518251 -0.11615813 0.00385685 -0.03277638 0.01840295 0.02074165 0.01917730 0.00036523 -0.02010428 -0.03496518
518.5  0.97562599 0.07480600 0.01767335 0.00176544 0.00143267 -0.00419945 0.01885403 -0.00016242 0.01892588 0.02983406
519.0  -0.42846386 0.00184651 0.01661326 0.03515955 -0.01032286 -0.00537484 0.00257821 -0.01159103 -0.00941901 -0.02474457
519.5  -0.48406685 -0.08588100 0.00202909 0.02014357 -0.00686587 0.01766921 -0.01573466 -0.01117079 -0.00313255 0.01615694
520.0  0.98388424 0.13520419 -0.01443197 -0.02404479 0.00272217 -0.01673236 -0.02014905 -0.00754272 0.01429359 -0.00403811
520.5  -0.63355392 -0.11697382 -0.01850726 -0.03707276 0.00595507 -0.00026067 -0.01130101 -0.00546300 -0.02172056 -0.01086104
521.0  -0.26431577 0.03572543 -0.00653998 0.00244235 0.00241650 0.01544932 0.00621331 0.00626365 0.02277546 0.02414715
521.5  0.93186513 0.06464901 0.00920150 0.03839745 -0.00387693 -0.01728107 0.01911300 0.01173290 -0.01821403 -0.03312811
522.0  -0.80565300 -0.13028706 0.01594521 0.02169079 -0.00604891 0.00587752 0.01814933 0.00984364 0.00828202 0.03753736
522.5  0.00854853 0.12996047 0.00953609 -0.02406154 -0.00019718 0.01168436 0.00741473 0.01015947 0.00360689 -0.03902433
523.0  0.79078374 -0.06950470 -0.00616614 -0.03669471 0.00365290 -0.01985303 -0.01091744 0.00129934 -0.01497743 0.03581929
523.5  -0.94750486 -0.01979115 -0.01535762 0.00123439 0.00441664 0.01103819 -0.02263548 -0.00747039 0.02164505 -0.02709656
524.0  0.34260934 0.10032007 -0.01226403 0.03820782 -0.00062403 0.00430561 -0.01767630 -0.00869005 -0.02123102 0.01675945
524.5  0.53881301 -0.13976009 0.00234910 0.02164498 -0.00410674 -0.01699182 -0.00678606 -0.00791764 0.01424783 -0.00347954
525.0  -0.98541582 0.11965187 0.01573823 -0.02503019 -0.00425641 0.01733716 0.00177298 -0.00935870 -0.00183214 -0.01098396
525.5  0.62501390 -0.04244815 0.01306241 -0.03789991 -0.00347219 -0.00477684 0.01233771 -0.01451734 -0.01086829 0.02418614
526.0  0.25377360 0.06384930 0.00192342 0.00029961 0.00242948 -0.00442532 0.01718956 -0.01315181 0.02019357 -0.03464783
526.5  -0.92311846 0.13649907 -0.01210844 0.03787415 0.01527128 0.01814654 0.01238343 -0.00651736 0.02068051 0.03952554
527.0  0.81687589 0.15062093 -0.01490800 0.02191149 0.01305855 -0.01550845 -0.00012580 -0.00665539 0.00862867 0.04285031
527.5  -0.02380881 0.07858150 -0.00338911 -0.01474693 -0.01843310 0.00490347 0.01007655 0.00625878 -0.00545352 -0.04105493
528.0  -0.79323361 -0.03279877 0.01156910 -0.02761081 -0.03459638 0.00361072 -0.01888022 -0.00075615 -0.01667760 0.03633381
528.5  0.93110980 -0.12058744 0.01590525 -0.00675521 -0.00601545 -0.00428944 0.02047179 -0.00206546 -0.02164718 -0.02801677
529.0  -0.24592736 -0.15386863 0.00489840 0.01935805 0.03391998 0.00821196 -0.01332098 0.00762116 -0.01920511 0.01710343
529.5  -0.66807736 -0.09699140 -0.01099929 0.01693943 0.03384716 -0.01295208 -0.00065877 -0.00666923 -0.01106451 -0.00450825
530.0  0.96830812 0.02198228 -0.01564734 -0.00428177 -0.00616032 0.01307678 0.01360420 0.00694114 0.00070638 -0.00760429
530.5  -0.35235916 0.12133788 -0.00560486 -0.01687642 -0.03787603 -0.00516494 -0.01929135 -0.00580550 0.00991026 0.02259305
531.0  -0.60101754 0.15088985 0.01043563 -0.00822350 -0.03189476 -0.00663685 0.01581428 0.00020249 0.01809171 -0.03314952
531.5  0.98018602 0.09202173 0.01680984 0.00657833 0.01377075 0.01457379 -0.00424155 0.00341748 0.02273597 0.03986659
532.0  -0.44324642 -0.02424052 0.00564798 0.00553372 0.04721114 -0.01328855 -0.01023354 -0.00818766 0.01965770 -0.04314500
532.5  -0.49183286 -0.12227276 -0.01022280 0.00011896 0.02062169 0.00246156 0.01813004 0.00827257 0.01465972 0.04126995
533.0  0.98288659 -0.15286833 -0.01678465 -0.00048536 -0.02914172 0.01004430 -0.01605830 -0.00475606 0.00412946 -0.03470631
533.5  -0.62292555 -0.10614067 -0.00912803 0.00325408 -0.03974653 -0.01438217 0.00483857 -0.00016480 -0.00751098 0.02477791
534.0  -0.25912369 -0.00862847 0.00657168 0.00345058 0.00094251 0.00884382 0.01127584 0.00582478 -0.01643140 -0.00730982
534.5  0.92250706 0.09041627 0.01691148 -0.00706550 0.04094008 0.00290753 -0.01976497 -0.00654573 -0.02132928 -0.01030776
535.0  -0.82233762 0.15037339 0.01268101 -0.00845475 0.02485871 -0.01284270 0.01610912 0.00433089 -0.02081004 0.02549776
535.5  0.04361189 0.13984620 -0.00139778 0.00628152 -0.02633532 0.01355539 -0.00337367 -0.00090063 -0.01258967 -0.03444403
536.0  0.77211407 0.06957549 -0.01428997 0.00896864 -0.04006825 -0.00661876 -0.01179833 -0.00265930 -0.00166623 0.03939266
536.5  -0.94964548 -0.02351008 -0.01636699 -0.00082360 0.00243366 -0.00135515 0.02069529 0.00163144 0.01166189 -0.03806197
537.0  0.34707634 -0.11410519 -0.00566299 -0.00951469 0.04236690 0.00523086 -0.02001371 -0.00096010 0.02031745 -0.03172451
537.5  0.53491574 -0.15427754 0.00937356 -0.01624455 0.01357202 -0.00604228 0.01516701 -0.01520623 0.01361562 -0.01943122
538.0  -0.98438618 -0.12885879 0.01837120 0.01829091 -0.02061984 0.01097334 -0.00007139 0.00887589 0.01375080 -0.00209277
538.5  0.63367872 -0.06466157 0.01313189 -0.02449271 -0.02301979 -0.01613878 -0.01091614 -0.00503794 0.00638734 0.01257047
539.0  0.24097465 0.03523016 -0.00222803 -0.00344302 0.00760650 0.01457195 0.01644629 -0.00090497 -0.00539567 0.02944355
539.5  -0.92052479 0.12364952 -0.01554039 0.02745043 0.02687813 -0.00271005 -0.01362906 0.00869170 -0.01173664 0.03946903
540.0  0.80680509 0.14983448 -0.01600561 -0.01171744 0.00951001 -0.01058420 0.00375754 -0.01187494 -0.01420426 0.04191967
540.5  0.03625499 0.11734661 -0.00408759 -0.02044528 -0.02009484 0.01594937 0.00799205 0.01147449 -0.01438998 0.03749159
541.0  -0.85097558 0.02541581 0.01118536 0.02444443 -0.02397099 -0.01064734 -0.01542307 -0.00469849 -0.01056746 0.02633627
541.5  0.87358331 -0.08737202 0.01727923 0.00399200 0.00076052 -0.00333280 0.01447887 -0.00146010 -0.00464129 0.01141897
542.0  -0.08185105 -0.14782630 0.00784055 -0.02776162 0.02398192 0.01385790 -0.00550570 0.00732623 0.00052632 -0.00645666
542.5  -0.78198938 -0.13546783 -0.00805707 0.01487670 0.01894755 -0.01407428 -0.00704567 -0.01115317 0.00739809 -0.02281836
543.0  0.93211565 -0.06020734 -0.01773551 0.01830941 -0.00942567 0.00575047 0.01519473 0.00787115 0.01366178 -0.03487309
543.5  -0.26007909 0.04868288 -0.01212529 -0.02818261 -0.02664694 0.00780013 -0.01561265 -0.00326462 0.01360167 -0.04201618
544.0  -0.63048678 0.13097201 0.00350926 -0.00076420 -0.01005229 -0.01616589 0.00468623 -0.00182139 0.01112627 -0.04315736
544.5  0.98301152 0.15082127 0.01564240 0.02737881 0.02086500 0.01516867 0.00740264 0.00307478 0.00325552 -0.03716697
545.0  -0.50993886 0.10321771 0.01571769 -0.01947910 0.02266403 -0.00504391 -0.01552786 -0.00258674 -0.00862495 -0.02695679
545.5  -0.38914704 0.00603038 0.00231078 -0.01614782 -0.00406845 -0.00840814 0.01862347 0.00448721 -0.01101623 -0.01126206
546.0  0.96335276 -0.09371013 -0.01331459 0.03037801 -0.02225097 0.01595372 -0.00869835 -0.00127221 -0.01591692 0.00513676
546.5  -0.72997809 -0.15068510 -0.01771443 -0.00112933 -0.01472903 -0.01508111 -0.00305954 0.00601548 -0.00972563 0.01963936
547.0  -0.11314600 -0.13433598 -0.00603257 -0.02770408 0.01308042 0.00822116 0.01388930 -0.00655251 -0.00317148 0.03236103
547.5  0.86003677 -0.05331366 0.01094015 0.01969473 0.02617041 -0.00354938 -0.01805568 0.00623415 0.00345407 0.04008897
548.0  -0.89683190 0.04835495 0.01706670 0.01440747 0.00484020 -0.00474815 0.01762738 -0.00170888 0.01128645 0.04379593
548.5  0.20280666 0.13299148 0.00665463 -0.03038100 -0.02306758 0.01224029 -0.00659110 -0.00358729 0.01431635 0.04264795
549.0  0.65406759 -0.15279244 -0.00523916 0.00610122 -0.02084252 -0.01174688 -0.00967679 0.00772742 0.01430692 0.03615647
549.5  -0.98091048 0.10621536 -0.01680998 0.02653915 0.00524338 0.00297591 0.01955623 -0.00759380 0.00931869 0.02551686
550.0  0.50200250 -0.00675123 -0.01216702 -0.02516040 0.02495807 0.00811237 -0.01662549 0.00339364 0.00201130 0.01160554
550.5  0.39844015 -0.10631682 0.00370777 -0.00845026 0.01451992 -0.01196986 0.00277477 0.00183110 -0.00546364 -0.00466139
551.0  -0.96316447 0.17550921 0.01584141 0.02960320 -0.00981542 0.00680727 0.01543358 -0.00525759 -0.01185085 -0.01851057
551.5  0.70621910 -0.15411752 0.01322893 -0.01441693 -0.02261432 0.00403328 -0.02376588 0.00764484 -0.01486144 -0.03056557
552.0  0.14700173 0.04229737 -0.00090641 -0.01867141 -0.01211884 -0.01072191 0.01548136 -0.00537834 -0.01347318 -0.04094046
552.5  -0.86872513 0.10271082 -0.01456773 0.02791253 0.01657809 0.01108095 0.00378479 0.00226760 -0.00940966 -0.04653686
553.0  0.87583550 -0.19969157 -0.01250031 -0.00171613 0.02459262 -0.00315043 -0.02031141 0.00155713 -0.00345460 -0.04574860
553.5  -0.19073933 0.19238150 -0.00160774 -0.02813507 0.00024174 -0.00749629 0.02393663 -0.00544622 0.00453202 -0.04152534
554.0  -0.63498002 -0.08376352 0.01136950 0.02070371 -0.02405011 0.01363587 -0.01170068 0.00659133 0.01124195 -0.03212831
554.5  0.97181146 -0.07005765 0.01529565 0.01794665 -0.01543900 -0.01131918 -0.00755609 -0.00510941 0.01352233 -0.01784231
555.0  -0.56529671 0.19161215 0.00583505 -0.03194830 0.01072624 0.00521306 0.02131180 0.00069101 0.01286617 -0.00233033
555.5  -0.28397965 -0.21863792 -0.00925052 -0.00197538 0.02299856 -0.00035716 -0.02529190 0.00296738 0.00519199 0.01368912
556.0  0.91590405 0.13631357 -0.01659243 0.03117004 0.00803498 -0.00445339 0.01952463 -0.00300336 -0.00418279 0.02856001
556.5  -0.79853913 0.01520670 -0.00905940 -0.01837396 -0.02209005 0.01287855 -0.00938065 0.00580497 -0.00703171 0.03960095
557.0  -0.00314576 -0.15906122 0.00568273 -0.01662764 -0.02264483 -0.01866787 0.00871171 -0.00726692 0.00938174 0.04526099
557.5  0.80995481 0.22092402 0.01583596 0.03319562 0.00967948 -0.02131670 -0.01326656 -0.01513406 0.00030877 0.04542096
558.0  -0.89324229 -0.16912680 0.01174357 -0.00196548 0.02783298 0.01272255 0.02138189 -0.00883068 -0.00632779 0.03972058
558.5  0.15987608 0.02765495 -0.00297365 -0.02964970 0.00701756 0.00341844 -0.02052509 -0.00306152 -0.01054770 0.02516736
559.0  0.72377488 0.13193284 -0.01468476 0.01797606 -0.02057470 -0.01820035 0.00940415 0.00703512 -0.00866420 0.00769211
559.5  -0.93117596 -0.22657234 -0.01388977 0.01997228 -0.02177764 0.02176721 0.00547020 0.01282339 0.00021529 -0.00959436
560.0  0.25413078 0.20101314 -0.00064331 -0.02999294 0.00578218 -0.00977896 -0.01909445 0.01568382 0.01608262 -0.02249304
560.5  0.67008326 -0.06057376 0.01301311 -0.00312926 0.02622251 -0.00677393 0.02326165 0.01462475 0.03320059 -0.02526706
561.0  -0.94146389 -0.12020884 0.01498888 0.03003772 0.01353581 0.01822422 -0.01519222 0.00743067 0.04328018 -0.02262006
561.5  0.28717980 0.23559209 0.00305501 -0.01570946 -0.01649497 -0.01658276 -0.00069015 0.00005896 0.04132717 -0.02173439
562.0  0.64606559 -0.21663287 -0.01017758 -0.02061548 -0.02629641 0.00362061 0.01674501 -0.00793791 0.03323428 -0.01875508
562.5  -0.95072615 0.07899917 -0.01507042 0.02749292 -0.00183102 0.01426818 -0.02406524 -0.01479885 0.01686361 -0.01420274
563.0  0.36150016 0.09373206 -0.00628034 0.00439417 0.02293017 -0.01875442 0.01851696 -0.01317207 -0.00563901 -0.00400430
563.5  0.54925481 -0.21022460 0.00797936 -0.03215838 0.01513158 0.00848280 0.00022617 -0.00789733 -0.01486098 0.01859676
564.0  -0.97052328 0.22338193 0.01409849 0.01182875 -0.01334290 0.00500414 -0.02098782 0.00064502 -0.00719173 0.04092897
564.5  0.56424468 -0.14258132 0.01162360 0.02721340 -0.02098642 -0.00739355 0.03064755 0.01108162 0.00378742 0.05182221
565.0  0.31058131 0.01334238 -0.00143162 -0.02571739 -0.00144901 0.00139910 -0.02017517 0.01406408 0.01317931 0.04512208
565.5  -0.93033586 0.11146311 -0.01493377 -0.01495956 0.02387484 -0.00706699 -0.00152807 0.00837814 0.01745186 0.03015014
566.0  0.78202324 -0.18942258 -0.01506973 0.03200260 0.01288632 0.01624899 0.01806182 -0.00109398 0.01303542 0.00905024
566.5  0.02298395 0.19491676 -0.00419587 -0.00410620 -0.01815096 -0.01762133 -0.02495921 -0.00138917 -0.00350777 -0.01361035
567.0  -0.81400391 -0.12603453 0.00874016 -0.03071017 -0.02158519 0.00693183 -0.02238110 0.00193756 -0.01524717 -0.03148759
567.5  0.90604435 0.00569826 0.01514005 0.02205618 0.00758411 0.00650904 0.00817706 0.00311007 -0.02339533 -0.04127711
568.0  -0.20758816 0.12032285 0.01046545 0.01855152 0.02261240 -0.02081308 0.00287681 -0.00529032 -0.02116278 -0.04636827
568.5  -0.67305840 -0.19721918 -0.00307894 -0.03099866 0.01035840 0.02833188 -0.01104972 -0.00476287 -0.01007855 -0.04140493
569.0  0.96301081 0.18539500 -0.01328391 0.00471839 -0.01501779 -0.01868250 0.01513046 0.00260404 0.00046677 -0.02972181
569.5  -0.41125114 -0.08693829 -0.01455126 -0.03213026 -0.00276765 -0.00347083 -0.01501229 0.01248033 0.00964137 -0.01233084
570.0  -0.49811433 -0.05193081 -0.00364765 -0.01975438 0.01208642 0.02304692 0.00855178 0.01473556 0.01720953 0.00936460
570.5  0.97462173 0.16499151 0.01074315 0.01909292 0.00743394 -0.02820687 0.00397419 0.01015309 0.01761730 0.02895611
571.0  -0.60426932 -0.19817002 0.01504849 0.03089153 -0.00905544 0.01379043 -0.01431575 0.00153689 0.01032866 0.04233392
571.5  -0.29044946 0.13934132 0.00801654 0.00224810 -0.01344434 0.01180860 0.01794269 -0.00446942 -0.00027404 0.04952031
572.0  0.93287215 -0.02071509 -0.00581373 -0.02825189 -0.00297381 -0.02842450 -0.00820348 -0.01199162 -0.01061601 0.04752514
572.5  -0.78084092 -0.10314638 -0.01592440 -0.02318689 0.01018478 0.02365842 -0.00209202 -0.01412145 -0.01691739 0.03902734
573.0  -0.01464972 0.18140836 -0.01171012 0.01182841 0.01393548 -0.00277541 -0.01365393 -0.00506508 -0.01565882 0.02575139
573.5  0.78814021 -0.18768041 0.00128270 0.03490789 0.00141503 -0.01936846 -0.01215210 0.00473474 -0.01003183 0.00680582
574.0  -0.94051325 0.12063472 0.01298922 0.00905861 -0.01177458 0.02849564 -0.00248808 0.00929132 0.00228876 -0.01227654
574.5  0.38155741 -0.00246770 0.01522716 -0.02777385 -0.01456713 -0.01558709 0.00650776 0.01847920 0.00911625 -0.02981967
575.0  0.45729589 -0.12594019 0.00513551 -0.02468597 -0.00051266 -0.01352635 0.00989965 0.01594730 0.01520761 -0.04153182
575.5  -0.95487647 0.21362665 -0.00817482 0.00716480 0.01677156 0.03086151 0.00188413 0.00249362 0.01503517 -0.04731805
576.0  0.73024629 0.21474006 -0.01573255 0.02728691 0.01584453 -0.02864202 0.00522980 -0.00829931 0.01038509 -0.04855986
576.5  0.06773244 0.11024113 -0.01022682 0.01368872 -0.00566164 0.00368283 -0.01287497 -0.02194214 0.00367268 -0.04105972
577.0  -0.82386071 -0.04932891 0.00475551 -0.01746625 -0.02414136 0.01807316 0.01037970 -0.02264425 -0.00357389 -0.02880487
577.5  0.89148939 -0.17961509 0.01552473 -0.02473594 -0.01119224 -0.03184645 -0.00232978 -0.00995440 -0.01092797 -0.01299709
578.0  -0.17021089 -0.22557276 0.01328587 0.00170205 0.01823070 0.02421703 -0.00536790 0.00204609 -0.01341630 0.00725976
578.5  -0.71196097 -0.14246204 -0.00158692 0.02588958 0.02542722 -0.00074139 0.01028575 0.01494699 -0.01400696 0.02356095
579.0  0.93681712 0.02961869 -0.01622756 0.01723130 0.00434743 -0.02188694 -0.01167245 0.02086023 -0.01248880 0.03711936
579.5  -0.27627574 0.17899494 -0.01491062 -0.01244529 -0.01972783 0.03152852 0.00715835 0.01875005 -0.00538076 0.04699182
580.0  -0.64977424 0.22296234 0.00049311 -0.02745799 -0.02353285 -0.02050645 0.00224716 0.01256754 -0.00050403 0.04978834
580.5  0.95439995 0.13259038 0.01473347 -0.00869211 -0.00141377 -0.00327685 -0.00913636 0.00153626 0.00376326 0.04690540
581.0  -0.34749072 -0.04289575 0.01537814 0.02051110 0.02140896 0.02397322 0.01387658 -0.01158176 0.01124122 0.04034580
581.5  -0.58956863 -0.19010834 0.00087037 0.02358663 0.02015050 -0.02976144 -0.01248661 -0.01908315 0.01474995 0.03006157
582.0  0.96638601 -0.22156723 -0.01564762 -0.00226480 -0.00503938 0.01612856 0.00238698 -0.02147832 0.01691154 0.01671232
582.5  -0.44279101 -0.12093017 -0.01663192 -0.02223299 -0.02834052 0.00587553 0.00724470 -0.01608434 0.01863222 -0.00190054
583.0  -0.47658994 0.04606051 -0.00024759 -0.01189339 -0.01660034 -0.02049197 -0.02025380 -0.00383735 0.01081619 -0.01875888
583.5  0.96734335 0.18179472 0.01303390 0.00772510 0.02116422 0.01062099 0.02887791 0.00453711 0.00019928 -0.03404334
584.0  -0.63701057 0.22760096 0.01779375 0.00582664 0.03529409 -0.00199165 -0.01297748 0.01164263 -0.01157797 -0.04597522
584.5  -0.19979265 0.16106378 0.00600077 0.00202755 0.00174984 0.00226477 -0.00912382 0.00434367 -0.02228411 -0.05045775
585.0  0.87175447 0.02429006 -0.01102327 0.00970501 -0.03555716 -0.00460600 0.02759591 -0.00731490 -0.02199347 -0.04740897
585.5  -0.87854942 -0.11013282 -0.01985164 0.00513626 -0.02058523 -0.00273546 -0.02979258 -0.00491377 -0.01572047 -0.03798775
586.0  0.22767311 -0.20979558 -0.01315948 -0.01394147 0.02347765 0.00394508 0.01261747 -0.00282924 -0.00061199 -0.01658516
586.5  0.59168954 -0.22310294 0.00375773 -0.01363390 0.02772178 0.00228312 0.01225064 0.01042333 0.00993711 0.00768472
587.0  -0.97118069 -0.14243486 0.01750288 0.01020293 -0.00826909 -0.00769569 -0.02931469 0.01836427 0.01458542 -0.02980635
587.5  0.60270632 -0.01984870 0.01801192 0.01977710 -0.02959185 0.01010764 0.02906991 0.01328599 0.01635107 -0.04644450
588.0  0.24415021 0.12198542 0.00424466 0.00221658 -0.00574184 -0.00359174 -0.01270595 0.00735411 0.01266873 -0.05774678
588.5  -0.89859855 0.21672505 -0.01278423 -0.02541324 0.02407276 -0.00599841 -0.01079119 -0.00563267 0.00854516 -0.05733989
589.0  0.82460935 0.21116110 -0.01975468 -0.01618341 0.01772500 0.01157629 0.02797371 -0.01883778 0.00378358 -0.04699495
589.5  -0.06210087 0.12902759 -0.01197563 0.02206790 -0.01099102 -0.00841127 -0.02950153 -0.01769069 -0.00384826 -0.02922390
590.0  -0.75592040 -0.01249632 0.00566749 0.02645913 -0.02108908 0.00179899 0.01503692 -0.01446848 -0.01225000 -0.00703858
590.5  0.92986439 -0.15718365 0.01853112 -0.00743619 -0.00252435 0.00852347 0.00673232 -0.00482345 -0.01943658 0.01626636
591.0  -0.28987823 -0.22318180 0.01549291 -0.02851618 0.01809100 -0.01421014 -0.02364090 0.01061004 -0.02236999 0.03375475
591.5  -0.61990146 -0.18809397 -0.00086654 -0.01092367 0.01393918 0.00892938 0.02878269 0.01473771 -0.01883692 0.04960504
592.0  0.96227910 -0.06046743 -0.01632651 0.02182838 -0.00866315 -0.00100314 -0.02112039 0.01522952 -0.01016778 0.05672263
592.5  -0.39291723 0.10531092 -0.01544013 0.02572602 -0.01932797 -0.00670281 0.00479242 0.01330937 0.00266233 0.05480400
593.0  -0.55813802 0.21410452 0.00036566 -0.00628327 -0.00452434 0.01265205 0.01745764 0.00271897 0.01591120 0.04771457
593.5  0.96813841 0.20725516 0.01596093 -0.03000866 0.01722841 0.01105861 0.02617645 0.00247373 0.02445475 0.03463873
594.0  -0.44480654 0.08879917 0.01573719 -0.02134201 0.01664835 -0.00132641 -0.02768323 0.00115580 0.01959533 0.01872325
594.5  -0.49551592 -0.07458290 0.00209582 0.02121138 -0.00717550 -0.00828384 -0.00878334 -0.00382755 0.01797909 0.00245591
595.0  0.97041119 -0.19556379 -0.01379569 -0.03755668 -0.02221440 0.00703207 0.01393729 -0.01316754 0.01072907 -0.01678125
595.5  -0.56304897 -0.22213496 -0.01830020 0.00578635 -0.00855354 0.00372065 0.02904836 0.01943301 0.00058321 -0.03531749
596.0  -0.34185753 -0.13823219 -0.00623498 0.03417779 0.01614590 -0.00943257 0.02975177 -0.01547903 -0.01133866 -0.04767443
596.5  0.94393667 0.01344071 0.01036341 -0.02559631 0.02104764 0.01044813 0.01415574 0.00361111 -0.01756332 -0.05191372
597.0  -0.71710078 0.15171451 0.01715099 -0.01631249 0.00033930 -0.00100447 -0.00928183 0.01118413 -0.01662791 -0.04893316
597.5  -0.14248453 0.22469337 0.00973039 0.03330729 -0.01536254 -0.01096750 -0.02707505 -0.01919476 -0.01108384 -0.03533036
598.0  0.87433474 0.19016038 -0.00551610 -0.00658445 -0.01457640 0.01331978 -0.03229239 0.01703721 -0.00214462 -0.01587102
598.5  -0.84036544 0.05574283 -0.01608699 -0.02849009 0.00371881 -0.00991721 -0.02047682 -0.00708213 0.00602508 0.00497483
599.0  0.08172406 -0.09392597 -0.01331976 0.02566687 0.01935248 -0.00275130 0.00184342 -0.00734136 0.01373425 0.02601741
599.5  0.73955157 -0.20048288 0.00143288 0.01279313 0.00925176 0.01413217 0.02264020 0.01506757 0.01784841 0.04417457
600.0  -0.94511264 -0.22471466 0.01467490 -0.03335543 -0.01285598 -0.01490823 -0.01915124 -0.02799183 0.01591360 0.05547573
600.5  0.40561948 -0.13901677 0.01600951 0.00675828 -0.01729524 0.00538835 0.00179437 0.02476441 0.00719943 0.05593120
601.0  0.44208340 -0.00167561 0.00518470 0.02781002 -0.00043320 0.00900067 -0.00620399 0.00047442 -0.00389663 0.04631090
601.5  -0.95224322 0.13215584 -0.01062326 -0.02429151 0.01728245 -0.01301751 0.00646497 -0.02687500 -0.01374408 0.02867839
602.0  0.73818612 0.22290790 -0.01813427 -0.01447153 0.01317401 0.00597266 -0.00478756 0.03662134 -0.01958249 0.00806031
602.5  0.04474705 0.20329130 -0.01133707 0.03484416 -0.00390722 0.00459602 0.00297313 -0.02840335 -0.01295878 -0.01206875
603.0  -0.80197792 0.08701168 0.00493307 -0.00385675 -0.02148833 -0.01142849 -0.00337993 0.00148185 -0.00543577 -0.03169203
603.5  0.91599934 -0.06769301 0.01894093 -0.02795125 -0.00803949 0.00604470 -0.00069163 0.02583425 0.00267917 -0.04576632
604.0  -0.27683992 -0.19843485 0.01475884 0.02845366 0.01821900 -0.00012031 0.01253349 -0.03521071 0.01676509 -0.05299862
604.5  -0.59136997 -0.21987633 -0.00378084 0.00755236 0.01787855 -0.00722419 -0.01513967 0.02999886 0.01430521 -0.05658975
605.0  0.97034949 -0.11962953 -0.01698230 -0.03532828 -0.00258736 0.00994759 0.00986031 -0.00432352 0.01514675 -0.05535552
605.5  -0.54676391 0.04119624 -0.01492063 0.01888457 -0.01833741 0.00073462 0.00662546 -0.01726309 0.00624520 -0.04931561
606.0  -0.32643614 0.18152477 -0.00040619 0.02451463 -0.01157122 -0.01363270 -0.01789038 0.03000452 -0.00295099 -0.03995681
606.5  0.93160772 0.22291386 0.01487751 -0.03362552 0.00853006 0.01880029 0.01865048 -0.02631416 -0.00983368 -0.02612941
607.0  -0.76484663 0.14629006 0.01685713 -0.00373943 0.01910058 -0.00818622 -0.00955152 0.00888520 -0.01634397 -0.00940071
607.5  -0.04666059 -0.01268767 0.00390604 0.03331342 0.00775193 -0.01196461 -0.00774940 0.00780794 -0.01528402 0.00923656
608.0  0.82310770 -0.16599442 -0.01007119 -0.02071674 -0.01891283 0.02465143 0.01928106 -0.02098807 -0.01282550 0.02533881
608.5  -0.88904934 -0.22255387 -0.01658912 -0.01752668 -0.01944116 -0.02040991 -0.02030502 0.02226311 -0.00889540 0.03950419
609.0  0.17271922 -0.16641113 -0.00794187 0.03462966 0.00493998 0.00020663 0.01033147 -0.01601604 0.00011249 0.04730720
609.5  0.69337890 -0.02073093 0.00963069 -0.00486224 0.02194156 0.02084415 0.00632385 0.00731501 0.00589982 0.05221274
610.0  -0.95190513 0.14056988 0.01930626 -0.03012253 0.01241025 -0.02949113 -0.01870533 0.00187870 0.01128933 0.05043835
610.5  0.39409317 0.21810572 0.00987078 0.02428310 -0.01165404 0.01945784 0.02224101 -0.00839550 0.01458118 0.04333931
611.0  0.49718047 0.19696329 -0.00871905 0.01734176 -0.02418464 0.00108722 -0.01046907 0.01648656 0.01352568 0.03228178
611.5  -0.96714934 0.09082973 -0.01606174 -0.03373648 -0.00585926 -0.01891634 -0.00548460 -0.01856300 0.01090642 0.01542370
612.0  0.62266774 -0.07063166 -0.01508192 0.00079542 0.02174852 0.02588972 0.01993142 0.01726539 -0.00363992 -0.00530682
612.5  0.26008848 -0.19013283 -0.00015192 0.03151058 0.01708589 -0.01488075 -0.02069866 -0.00780462 -0.00639548 -0.02525725
613.0  -0.92520291 -0.21836258 0.01501951 -0.02350894 -0.00793879 -0.00068399 -0.00202051 -0.00857725 -0.01330163 -0.03926451
613.5  0.74779026 -0.14892117 0.01577095 -0.01486173 -0.01658885 0.00742246 0.02398522 0.01786903 -0.01513568 -0.04948889
614.0  0.13077988 0.01027434 0.00274736 0.03602733 -0.00779413 -0.00421329 0.03060947 -0.02463292 -0.00700636 -0.05296910
614.5  -0.88739762 0.16441337 -0.01304960 -0.00943213 0.00975943 0.00293110 0.01915294 0.02111805 -0.00341418 -0.05019753
615.0  0.80118437 0.22153984 -0.01621426 -0.03013007 0.01445406 0.00245623 -0.00460020 -0.01047750 0.00298420 -0.04153739
615.5  0.04162242 0.17207338 -0.00551776 0.02841330 0.00055855 -0.00734377 -0.02775831 -0.00343686 0.00865834 -0.02782426
616.0  -0.83920487 0.03307371 0.01014783 0.01477764 -0.01498196 0.00322104 -0.02972334 0.01642151 0.01126503 -0.00978538
616.5  0.86639457 -0.12874647 0.01537853 -0.03616056 -0.01151653 0.00283905 -0.01134039 -0.02225614 0.01366482 0.00947625
617.0  -0.11060450 -0.21743067 0.00761658 0.00499712 0.00887136 -0.00736813 0.01205183 0.02140488 0.01340149 0.02637255
617.5  -0.74704943 -0.19970440 -0.00769269 0.03220896 0.01661719 0.00699678 0.02930825 -0.01367384 0.01122540 0.04136239
618.0  0.92708281 -0.08367192 -0.01662815 -0.02326595 0.00404671 0.00000656 0.02883028 0.00429991 0.00554328 0.05051518
618.5  -0.25832506 0.08022720 -0.00971319 -0.01761500 -0.01121788 -0.00664551 0.01021281 0.00896538 -0.00185188 0.05130686
619.0  -0.65032089 0.20107592 0.00552133 0.03532718 -0.01459087 0.00879791 -0.01421207 -0.01788660 -0.00857128 0.04724938
619.5  0.95769067 0.21774957 0.01474810 -0.00399812 0.00168447 -0.00750428 -0.03008394 0.02161844 -0.01354826 0.03881759
620.0  -0.39058954 0.12242817 0.01225362 -0.03527941 0.01680614 -0.00234591 -0.02970961 -0.01990927 -0.01440396 0.02696958
620.5  -0.51786172 -0.03124580 -0.00064090 0.02250048 0.00851768 0.00746589 -0.01476804 0.00807205 -0.01222945 0.00601588
621.0  0.97001339 -0.16411689 -0.01309294 0.01869746 -0.00944921 -0.01035398 0.01206572 0.00670343 -0.00454626 -0.01619513
621.5  -0.60840824 -0.22740513 -0.01430399 -0.03369824 -0.01525943 0.00915603 0.02977731 -0.01884641 0.00665547 -0.03448463
622.0  -0.24213152 -0.18556330 -0.00444162 0.00202618 0.00302339 0.00204769 0.03072785 0.02570121 0.01336206 -0.04756729
622.5  0.89867687 -0.06275295 0.00962563 0.03548863 0.01716985 -0.00843495 0.01225037 -0.01107103 0.02031793 -0.05214696
623.0  -0.82839016 0.07878295 0.01564451 -0.02263854 0.00491651 0.01108381 -0.01301752 -0.00129507 0.00791672 -0.04678026
623.5  0.06644450 0.19914673 0.00810890 -0.01971000 -0.01150131 -0.00527699 -0.03079394 -0.00171848 -0.01185293 -0.03736995
624.0  0.75657572 0.22529889 -0.00563308 0.03578538 -0.01024401 -0.00241811 -0.03048299 -0.00069241 -0.02643692 -0.01999511
624.5  -0.92834666 0.13050574 -0.01451504 -0.00579085 0.00306817 0.01524852 -0.01031919 -0.01657199 -0.01960184 0.00042421
625.0  0.28237968 -0.01538628 -0.01106325 -0.03173239 0.01352620 -0.01169631 0.00511824 -0.01549275 -0.00108247 0.01632160
625.5  0.60791845 -0.15932711 0.00185592 0.02865156 0.01208196 0.00397042 0.02165451 0.00425807 0.01150605 0.03311341
626.0  -0.96771243 -0.23139278 0.01145668 0.01203527 -0.00617430 0.00544523 0.02045171 0.02630433 0.01538836 0.04513068
626.5  0.52097520 -0.17680746 0.01281318 -0.03354988 -0.02374953 -0.01207981 0.00157108 0.03051212 0.01153268 0.04795379
627.0  0.34731863 -0.04949691 0.00415325 0.01715114 -0.00456407 0.01083721 -0.01469213 0.01110866 0.00574012 0.04411959
627.5  -0.93306839 0.09703947 -0.00842094 0.02452305 0.01509889 0.00125279 -0.01111166 -0.01768287 -0.00191752 0.03184527
628.0  0.77863113 0.21111024 -0.01349105 -0.03419400 0.01486525 -0.01240119 0.00494233 -0.03304876 -0.00938028 0.01474521
628.5  -0.00796649 0.21578880 -0.00801274 -0.00147082 -0.00060787 0.01312952 0.02002345 -0.02779385 -0.01001939 -0.00408351
629.0  -0.77586848 0.11808501 0.00316480 0.03453323 -0.01523207 -0.00549674 0.01949434 -0.00715428 -0.00859093 -0.02391325
629.5  0.92911829 -0.03329288 0.01433046 -0.02322939 -0.00934335 -0.00667137 0.00522930 0.01609575 -0.00893670 -0.03905268
630.0  -0.31428679 -0.17689299 0.01579560 -0.01817489 0.00729629 0.01479960 -0.00965111 0.03153097 -0.00389771 -0.04756076
630.5  -0.56015089 -0.22649226 0.00178537 0.03438164 0.01818482 -0.00809448 -0.02355114 0.03060276 -0.00129320 -0.05042819
631.0  0.97091756 -0.15846705 -0.01528357 -0.00737009 0.00437046 0.00715259 -0.02014052 0.01510905 0.00187164 -0.04756484
631.5  -0.58743737 -0.01307866 -0.01656935 -0.02642006 -0.01826850 0.01070346 -0.00811771 -0.00457780 0.00868128 -0.04029615
632.0  -0.26957378 0.13943206 -0.00391287 0.03363478 -0.01433232 -0.01334441 -0.01046599 -0.01951864 0.02074376 -0.02367913
632.5  0.91065648 0.22109430 0.01163961 0.00745015 0.00226812 0.00661448 -0.01808955 -0.01756569 0.03100659 -0.00584667
633.0  -0.80374046 0.19233291 0.01739088 -0.03698329 0.01949835 -0.00297558 -0.00999296 -0.01104009 0.02823885 0.01167851
633.5  0.00763255 0.05592214 0.00667868 0.01632653 0.01443576 -0.01008330 0.00413375 -0.00996766 0.01489289 0.02906992
634.0  0.80729860 -0.11539816 -0.01150513 0.02286881 -0.00532294 0.01336802 0.01719022 -0.00548412 -0.00338418 0.04294060
634.5  -0.88661113 -0.21454220 -0.01998213 -0.03347533 -0.01790594 -0.01178531 0.02283680 0.00096635 -0.01975401 0.05204388
635.0  0.12702477 -0.19432440 -0.00856798 0.00318164 -0.01024414 0.00377076 0.01644075 -0.00036859 -0.02998886 0.05646261
635.5  0.74854541 -0.05793631 0.01193449 0.03020846 0.00876337 0.00981973 0.00403870 0.00445635 -0.03267442 0.05585980
636.0  -0.92439044 0.11757133 0.02099177 -0.02376905 0.01499309 -0.01687913 -0.00982764 0.00923403 -0.02661678 0.04923747
636.5  0.27969391 0.21207002 0.01243119 -0.01473641 0.00325966 0.01298533 -0.02052647 0.01099171 -0.01210315 0.03452858
637.0  0.59255515 0.20600832 -0.00672225 0.03248046 -0.01434784 -0.00179341 -0.01634847 0.01249149 0.00603803 0.01317351
637.5  -0.96993444 0.11737109 -0.02078299 -0.00061370 -0.01108088 -0.01200209 -0.00532508 0.00481604 0.02321753 -0.01149660
638.0  0.59442501 -0.03493377 -0.01744566 -0.03363223 0.00828292 -0.01641088 0.00434662 -0.00610951 0.03347033 -0.03613227
638.5  0.22765726 -0.15841996 -0.00165720 0.01490913 0.01589147 -0.01228014 -0.00993284 -0.00502248 0.02925106 -0.05217938
639.0  -0.88245137 -0.21745622 0.01517065 0.02687522 0.00296190 -0.00173414 0.01358099 -0.00545041 0.01871324 0.05762678
639.5  0.86170315 -0.20417828 0.02117638 -0.02811835 -0.01690905 0.00961433 0.00578420 -0.01722812 0.00798985 -0.05249930
640.0  -0.16810061 -0.09279132 0.01080513 -0.01198063 -0.01239834 0.01663562 0.00895979 -0.02941621 0.00604822 0.03944336
640.5  -0.66710828 0.05470276 -0.00909191 0.03240198 0.00966336 0.01026983 -0.01698239 -0.03147820 0.01256480 -0.02090296
641.0  0.96339871 0.17257298 -0.02227874 -0.00601462 0.01318093 -0.00624842 0.01752695 -0.02859356 0.00409137 -0.00085618
641.5  -0.46454507 0.22669744 -0.01754976 -0.02896523 -0.00246330 -0.01335408 -0.00834875 -0.01908936 -0.00924021 0.02424231
642.0  -0.41810205 0.17373849 0.00107663 0.02040707 -0.01404941 -0.01629026 -0.00867956 -0.00112727 -0.01708165 -0.04419038
642.5  0.95603244 0.04047410 0.01745368 0.02210621 -0.00581290 -0.00743465 0.01826722 0.01544190 -0.02516926 0.05770150
643.0  -0.68125822 -0.10838536 0.02060482 -0.03030796 0.00996510 0.00985537 -0.01632910 0.02765105 -0.02271994 -0.06105480
643.5  -0.20248060 -0.21233802 0.00791447 -0.00602483 0.01460000 0.01511963 0.00501777 0.02992234 -0.02267053 0.05312655
644.0  0.91367631 -0.20489792 -0.01291556 0.03357236 -0.00114507 0.01180481 0.00877805 0.02450772 -0.01041894 -0.04181379
644.5  -0.74000787 -0.07965201 -0.02215893 -0.01703082 -0.01557640 0.00186697 -0.01720796 0.01213777 -0.00498646 0.02380900
645.0  -0.19801960 0.09738167 -0.01028924 -0.02121963 -0.01173133 -0.01325934 0.01462129 -0.00206266 0.00522853 -0.00414071
645.5  0.93248194 0.21628208 0.01178279 0.03274152 0.00550721 -0.01708949 -0.00682871 -0.01655366 0.01380168 -0.01504967
646.0  -0.67311331 0.19325269 0.02234584 -0.00363849 0.01517360 -0.00983979 -0.00495201 -0.02797653 0.02078659 0.03380055
646.5  -0.29040920 0.05569852 0.01048280 -0.02826313 0.00811134 0.00132155 0.01436368 -0.03097508 0.02394419 -0.04944015
647.0  0.94700011 -0.10795011 -0.01139991 0.02508240 -0.00870341 0.01443255 -0.01505072 -0.02412373 0.02763689 0.05718105
647.5  -0.68259806 -0.21714062 -0.02250426 0.01236471 -0.01532769 0.01648617 0.00820030 -0.01047140 0.02098140 -0.05933803
648.0  -0.19354720 -0.20748949 -0.01486581 -0.03115304 -0.00244533 0.00684960 0.00363073 0.00827699 0.01253492 0.05143349
648.5  0.89051408 -0.10266401 0.00377573 0.00379182 0.01457076 -0.00685393 -0.01425568 0.02291131 -0.00358094 -0.03573359
649.0  -0.83664952 0.03182757 0.02215456 0.02799014 0.01130634 -0.01501395 0.01461298 0.02959436 -0.01689275 0.01495190
649.5  0.10001989 0.16496132 0.02173448 -0.01770537 -0.00833949 -0.01259758 -0.00808147 0.02306019 -0.02856679 0.00818733
650.0  0.71277013 0.22668769 0.00356911 -0.01565047 -0.01565920 -0.00066589 -0.00571291 0.00598634 -0.02883380 -0.03228622
650.5  -0.95470692 0.18515739 -0.01578369 0.02851118 -0.00154492 0.00453606 0.01593698 -0.01226020 -0.01317419 0.04954691
651.0  0.42572677 0.08384393 -0.02301394 0.00099100 0.01528073 0.01292837 -0.00950164 -0.02272384 0.00520035 -0.06062559
651.5  0.44022203 -0.06200136 -0.01242762 -0.02912557 0.01672818 0.00645371 0.00757303 -0.00839604 0.02904076 0.06450044
652.0  -0.95321263 -0.18675029 0.00709808 -0.01621478 -0.00458877 -0.00355084 0.00137558 0.00844058 0.03096271 -0.05601060
652.5  0.72559694 -0.21921207 0.02221454 0.01922429 -0.02138326 -0.01907502 -0.01185653 0.00461930 -0.01834029 0.03749570
653.0  0.06679178 -0.17157326 0.01938308 0.02862435 -0.00609023 -0.01227535 0.01547001 0.01323096 -0.00184047 -0.01259395
653.5  -0.80933957 -0.04524874 0.00082758 -0.00343298 0.01543885 -0.00635059 0.00497911 0.00923710 0.01889900 -0.01456919
654.0  0.91090425 0.11575093 -0.01907965 -0.03137311 0.01798302 0.00637134 0.00833124 0.00430672 -0.02674116 0.03840199
654.5  -0.25098838 0.21253296 -0.02417767 -0.02022641 0.00143342 0.01375892 -0.01813962 0.00619043 0.02485182 -0.05551573
655.0  -0.64202906 0.19735243 -0.00915657 0.01654763 -0.01968633 0.01364076 0.01748868 -0.00139285 -0.01701595 0.06505888
655.5  0.95924297 0.06696695 0.01747499 0.03264356 -0.01962523 0.00660659 -0.00767594 -0.00704032 0.00356606 -0.06661382
656.0  -0.38947007 -0.11053762 0.02435632 0.01018796 0.00272646 -0.00549817 -0.00711273 -0.00650772 0.00899628 0.06105089
656.5  -0.53531311 -0.21708267 0.00607852 -0.01990230 0.02158352 -0.01354159 0.01936710 -0.00519566 -0.01939878 -0.05012929
657.0  0.97048783 -0.19364953 -0.01809017 -0.02556438 0.01756552 -0.01665614 -0.01922084 -0.00661541 0.02584522 0.03519300
657.5  -0.57481876 -0.06233073 -0.02405286 -0.00114174 -0.00858582 -0.00848733 0.00827679 0.00864949 -0.02178600 -0.01862053
658.0  -0.27258805 0.09479334 -0.01207320 0.02718868 -0.02379597 0.00894109 0.00574491 0.00885112 0.01021846 -0.00001735
658.5  0.89829089 0.19982616 0.01063497 0.01578158 -0.00609453 -0.02042085 -0.01906354 0.00185209 0.00662133 0.02251181
659.0  -0.85486148 0.22205140 0.02379491 -0.02200111 0.01858776 -0.02007688 0.00784226 -0.00515968 0.02423579 -0.04465609
659.5  0.19116087 0.14034495 0.01904601 -0.02864579 0.01918619 -0.00917652 -0.01746208 0.00963799 0.01880578 0.05736913
660.0  0.61908006 0.00165308 0.00027227 -0.00182135 -0.01049833 0.01148021 -0.00614797 0.00705885 0.01349211 0.06080060
660.5  -0.97101947 -0.13129714 -0.02090474 0.02744126 -0.02616763 0.03264265 0.00297464 -0.00257824 0.00325368 0.05459595
661.0  0.56569597 -0.22128165 -0.02659754 -0.01394527 -0.00382072 0.02594560 -0.01532664 -0.00945228 -0.00761576 0.04115661
661.5  0.29579928 -0.20262736 -0.00918797 -0.01883769 0.02376036 0.00340734 0.00893592 -0.01532734 -0.01238288 0.01812449
662.0  -0.92260638 -0.08835737 0.01566157 0.02572576 0.01922583 -0.02433419 0.00378098 -0.00994064 -0.01457943 -0.00856313
662.5  0.78369633 0.05251422 0.02735782 0.00287851 -0.01253571 -0.03441958 -0.01105221 0.00261483 -0.01264885 -0.03607569
663.0  0.01397780 0.18263874 0.01972458 -0.02701321 -0.02860075 -0.01779142 0.01237121 0.01245688 -0.00440883 -0.05721876
663.5  -0.80101983 0.22701792 -0.00293291 0.01413493 -0.00554904 0.01215523 -0.00637474 0.02039692 0.00347822 -0.06364460
664.0  0.90276920 0.15254480 -0.02447123 0.01644122 0.02470489 0.03212000 -0.00107890 0.01956279 0.00814104 -0.05672282
664.5  -0.18956294 0.01390263 -0.02605314 -0.02922887 0.02065358 0.03140536 0.01067061 0.00810109 0.01312392 -0.04010445
665.0  -0.71427148 -0.14040623 -0.00565464 0.00031218 -0.00939482 0.01123225 -0.01289894 -0.00348322 0.01425115 -0.01527366
665.5  0.92496720 -0.22717645 0.01972752 0.02807314 -0.02873944 -0.01515308 0.00873877 -0.01717627 0.01463129 0.01057832
666.0  -0.19705794 -0.16831410 0.02757350 -0.02232474 -0.01084323 -0.03097017 -0.00639191 -0.02481780 0.01547065 0.03142915
666.5  -0.73842190 -0.01089480 0.00939183 -0.01178025 0.01870695 -0.03009720 -0.00842764 -0.02594488 0.01275894 0.04985555
667.0  0.91052868 0.14624291 -0.01721858 0.03052613 0.02513423 -0.01588691 0.00905848 -0.02007216 0.00666516 0.06098792
667.5  -0.16949722 0.22381868 -0.02783600 -0.01021546 0.00049175 0.01074258 -0.01083070 -0.00369470 -0.00177105 0.06157769
668.0  -0.72121879 0.17412383 -0.01407352 -0.02291601 -0.02728835 0.02522644 0.01038926 0.01108184 -0.01509111 0.05279058
668.5  0.93828098 0.03455499 0.01212780 0.02557844 -0.01774000 0.02874464 -0.00073548 0.00650630 -0.03067041 0.03377530
669.0  -0.32672115 -0.11483723 0.02922310 0.01012883 0.01600597 0.01719898 -0.00231880 -0.00090665 -0.03368716 0.00463715
669.5  -0.56098999 -0.21063587 0.02271588 -0.03103647 0.02455930 -0.00366900 0.00513583 -0.00748803 -0.02388579 -0.02341912
670.0  0.97051977 -0.20957336 -0.00261769 0.00413793 -0.00233487 -0.02167867 0.01216346 -0.00621190 -0.00443548 -0.04813133
670.5  -0.54884187 -0.11632773 -0.02583460 0.02798144 -0.02539058 -0.02563943 0.00824518 0.00816184 0.01836148 -0.05748168
671.0  -0.35255922 0.03398811 -0.02875542 -0.01909902 -0.01177317 -0.01999467 -0.00807769 -0.00451106 0.03414248 -0.05721088
671.5  0.94621597 0.17132933 -0.01007899 -0.01914494 0.01873058 0.00200824 -0.00013799 0.00224363 0.03992768 -0.04553382
672.0  -0.70523579 0.22044152 0.01671722 0.02809737 0.02370809 0.02163782 0.01455519 0.00316072 0.03497715 -0.02548021
672.5  -0.15638403 0.17653898 0.02998200 0.00320925 -0.00141476 0.02317865 0.01866017 -0.00605622 0.01718347 -0.00567879
673.0  0.87517511 0.05530307 0.01979821 -0.03043870 -0.02468594 0.01237510 0.01031635 0.00704485 -0.01079245 0.01221871
673.5  -0.84657827 -0.09998121 -0.00502538 0.01215289 -0.01355440 -0.00634219 -0.00738337 -0.00652183 -0.03941036 0.02123074
674.0  0.10883949 -0.19867650 -0.02563038 0.02337753 0.01866730 -0.02008376 -0.02171867 0.00207153 -0.06091649 0.02263983
674.5  0.72646431 -0.21546883 -0.02593296 -0.02327873 0.02085171 -0.01195776 -0.02393844 -0.00213828 -0.06670921 0.02745538
675.0  -0.94131112 -0.14566097 -0.00517293 -0.01130975 -0.00284961 0.00592833 -0.00677784 -0.00234403 -0.05665366 0.03421140
675.5  0.32602730 0.01047966 0.02071345 0.02790433 -0.01858070 0.01543811 0.01648598 0.00233819 -0.03846440 0.03358874
676.0  0.59336184 0.15764196 0.02918622 -0.00827367 -0.01625067 0.01193540 0.02828444 -0.00356611 -0.01406874 0.02489928
676.5  -0.96637207 0.21767809 0.01146815 -0.02320101 0.00607025 -0.00333951 0.02071178 0.00392137 0.00719406 0.00835533
677.0  0.43065574 0.17444085 -0.01685324 0.02459820 0.02061577 -0.01637650 -0.00156174 -0.00405667 0.02274288 -0.01288106
677.5  0.49454396 0.03148633 -0.02965228 0.00533447 0.00575562 -0.01062737 -0.02491323 0.00273284 0.03506745 -0.03158416
678.0  -0.96754975 -0.12914114 -0.01653991 -0.02941060 -0.01794193 0.00370702 -0.02834968 0.00174911 0.03802351 -0.04789987
678.5  0.61558866 -0.21309903 0.01095062 0.01574048 -0.01599189 0.01331711 -0.00744550 -0.00464891 0.02633818 -0.05870411
679.0  0.22879093 -0.20324348 0.02897603 0.02093501 0.01099797 0.00708056 0.01710365 0.00547774 0.00313239 -0.06146807
679.5  -0.88370535 -0.10195226 0.02361461 -0.03145867 0.01702839 -0.01508207 0.01689349 -0.00969614 -0.02291665 -0.05752620
680.0  0.86102647 0.05120603 -0.00193624 -0.00312653 0.00783383 -0.01709172 -0.01626936 0.00137286 -0.03623618 -0.04624542
680.5  -0.17677229 0.17723876 -0.02454096 0.03108644 -0.00949094 0.01305884 0.02048985 0.01800010 -0.01824388 -0.02735869
681.0  -0.65304141 0.22335203 -0.02676070 -0.01631740 -0.01967880 0.01625177 -0.00118448 0.01012399 -0.00044031 -0.00530089
681.5  0.96520388 0.16020497 -0.00877643 -0.01994761 -0.00209784 0.01371036 -0.00793778 -0.00496370 0.01978402 0.01690222
682.0  -0.48743768 0.01237331 0.01866138 0.03126381 0.02085273 -0.00030302 0.01325434 -0.01233289 0.03157844 0.03782520
682.5  -0.39459190 -0.14138293 0.03170969 -0.00457770 0.01596686 -0.01260115 -0.01207243 -0.01735745 0.03707178 0.05189846
683.0  0.94800701 -0.22257001 0.01632374 -0.02859550 -0.00777617 -0.01527206 0.00340882 -0.01276561 0.03184380 0.05934989
683.5  -0.73353247 -0.18719292 -0.01230400 0.02673192 -0.02084654 -0.00323281 0.00701664 -0.00050574 0.01628581 0.05767104
684.0  -0.05709939 -0.06385775 -0.02978035 0.00892758 -0.00956369 0.01383140 -0.01231878 0.00652835 -0.00134147 0.04352041
684.5  0.79906353 0.08713801 -0.02393688 -0.03284266 0.01419539 0.01606522 0.01231926 0.01259657 -0.02144602 0.02434354
685.0  -0.92517032 0.20394854 0.00084562 0.01310350 0.01940698 0.00355449 -0.00339181 0.01215937 -0.03638056 -0.00032551
685.5  0.33326394 0.21606249 0.02362182 0.02223757 -0.00148375 -0.01068278 -0.01061467 0.00108689 -0.03754769 -0.02283450
686.0  0.53336836 0.12850702 0.02770765 -0.02917078 -0.02076753 -0.01750451 0.01605630 -0.00492103 -0.02790982 -0.04087491
686.5  -0.96977547 -0.01736050 0.00877620 -0.00361518 -0.01003290 -0.00870641 -0.01247227 -0.01006402 -0.00880271 -0.05220451
687.0  0.59665412 -0.16831572 -0.01965895 0.02936130 0.01418736 0.00599515 -0.00052641 -0.01427961 0.01549257 -0.05600443
687.5  0.27594350 -0.22497057 -0.03111600 -0.01596299 0.02413294 0.01488055 0.01347255 -0.00772159 0.03220838 -0.05275173
688.0  -0.91710811 -0.16835071 -0.01413635 -0.01565707 0.00118628 0.01820134 -0.01468377 -0.00104327 0.03645379 -0.04455813
688.5  0.80367576 -0.04686898 0.01499193 0.01912020 -0.03329580 0.00701855 0.01022829 0.00213849 0.02666648 -0.02749859
689.0  -0.05468136 0.10633781 0.03023717 -0.00512477 -0.01476736 -0.00770890 0.00055078 0.01166099 0.00487324 -0.00364234
689.5  -0.73131818 0.20858560 0.02249680 -0.03005305 0.01651657 -0.01904876 -0.01575676 -0.00535058 -0.02319710 0.01619785
690.0  0.95249193 0.21218890 -0.00229971 0.02128794 0.02259968 -0.02087735 0.01167179 -0.00559916 -0.03570698 0.03388034
690.5  -0.41508841 0.13504732 -0.02712617 0.02008153 -0.00172649 -0.00944120 -0.00657419 0.01364050 -0.02835619 0.04716889
691.0  -0.47424818 -0.01351481 -0.02967176 -0.03176318 -0.02325779 0.01239021 -0.00618291 -0.01084501 -0.01588022 0.04952541
691.5  0.96715376 -0.16249866 -0.00683100 0.00207925 -0.01604373 0.02492271 0.01271801 0.00113044 0.00197470 0.04403346
692.0  -0.58459503 -0.22242922 0.02088233 0.02989756 0.01043914 0.02108452 -0.00942337 0.00957327 0.02014734 0.03338537
692.5  -0.35765028 -0.16594496 0.03038825 -0.02337357 0.02685547 0.00431735 0.00697257 -0.01237081 0.02951964 0.01433284
693.0  0.95752230 -0.01650887 0.01284821 -0.01371272 0.00877704 -0.01606234 -0.00126261 0.01204966 0.03263202 -0.00583161
693.5  -0.63435576 0.14298673 -0.01648572 0.03274451 -0.02146629 -0.02770745 -0.00620083 -0.00978679 0.02908036 -0.02435461
694.0  -0.28637210 0.22215821 -0.03102325 -0.00892996 -0.02275638 -0.02021015 0.01218221 0.00460220 0.01694941 -0.03934450
694.5  0.93488928 0.18663619 -0.01852306 -0.02689192 0.00100694 -0.00069555 -0.01241479 0.00250801 0.00070076 -0.04671036
695.0  -0.73130806 0.05601946 0.00870562 0.02588188 0.02367213 0.01782244 0.00705791 -0.01226749 -0.01593300 -0.04564453
695.5  -0.13321902 -0.09936809 0.02895468 0.01032644 0.01921934 0.02560486 0.00252341 0.01397310 -0.03015668 -0.03635038
696.0  0.88159192 -0.20575505 0.02510864 -0.03260047 -0.01357760 0.01475811 -0.00972801 -0.01241213 -0.03464983 -0.02111088
696.5  -0.81125540 -0.21342830 -0.00189986 0.01298905 -0.02736743 -0.00530974 0.01175959 0.00355576 -0.02847879 -0.00176572
697.0  -0.03587626 -0.10334981 -0.02661261 0.02732382 -0.00242952 -0.01974436 -0.00908953 0.00559098 -0.01592408 0.01584307
697.5  0.85248858 0.06209195 -0.02643650 -0.03134692 0.01744476 -0.02543579 -0.00001878 -0.01214039 0.00445623 0.02908906
698.0  -0.83650559 0.18702305 -0.00269773 -0.01018527 0.02022182 -0.01612466 0.00344818 0.01980546 0.02018852 0.03825166
698.5  0.01545716 0.22092118 0.02477112 0.03388056 -0.00905771 0.00526201 -0.01027326 -0.00879219 0.03323473 0.04649573
699.0  0.80755836 0.14415449 0.02990462 -0.00998829 -0.02685823 0.01972188 0.00844574 0.00741389 0.03484451 0.04806316
699.5  -0.89786458 -0.00507853 0.00723723 -0.02565452 -0.00732382 0.02669957 -0.00150882 0.00518206 0.02493187 0.04157162
700.0  0.21494349 -0.13786707 -0.01990225 0.02689711 0.02267003 0.01438574 -0.00678402 -0.01361751 0.00669484 0.03077899
700.5  0.64425022 -0.21435180 -0.03166238 0.01309582 0.02258356 -0.00478239 0.01098687 0.01490331 -0.01309604 0.01515632
701.0  -0.96544841 -0.20789628 -0.01586404 -0.03506640 -0.00892514 -0.02265205 -0.00705134 -0.01198319 -0.02883555 0.00280728
701.5  0.48579814 -0.10010238 0.00952521 0.00275446 -0.02735437 -0.02453727 0.00325742 0.00301472 -0.03628984 -0.02201531
702.0  0.40931202 0.04664822 0.02784051 0.03323965 -0.00760796 -0.00662728 0.00586873 0.00629974 -0.03434669 0.03516508
702.5  -0.95814448 0.17124915 0.02290009 -0.02161145 0.02124939 0.01502349 -0.00854579 -0.01501736 -0.02346234 -0.04455234
703.0  0.67415391 0.22598063 -0.00381258 -0.02108003 0.02294839 0.02439106 0.00724180 0.01801662 -0.00781434 0.04770555
703.5  0.18776781 0.16437188 -0.02624656 0.03401441 -0.00419825 0.01679119 -0.00338062 -0.01331168 0.00844540 -0.04527267
704.0  -0.88447131 0.02604283 -0.02605618 0.00158512 -0.02754919 -0.00394139 -0.00529666 0.00205616 0.02578263 0.03374373
704.5  0.84859398 -0.11636910 -0.00536708 -0.03408094 -0.01581243 -0.02246764 0.01004799 0.01229842 0.03543726 -0.01899564
705.0  -0.13904318 -0.21141146 0.02053452 0.02051863 0.01615783 -0.02314061 -0.01038666 -0.02009818 0.03478056 -0.00139850
705.5  -0.67336662 -0.21000888 0.02857685 0.02092751 0.02759311 -0.00791653 0.00167892 0.01775480 0.02282078 0.01964875
706.0  0.96515410 -0.11165610 0.01402719 -0.03410126 0.00165440 0.01224691 0.00765186 -0.00744264 0.00162384 -0.03358383
706.5  -0.49558727 0.03932724 -0.01052276 0.00105431 -0.02520679 0.02784734 -0.01263977 -0.00768531 -0.02086586 0.04153220
707.0  -0.38548095 0.17553590 -0.02688092 0.03389962 -0.01790499 0.02725952 0.01935313 0.01562428 -0.03058544 -0.04687972
707.5  0.95187187 0.22132344 -0.01886246 -0.02588297 0.00506767 -0.01450745 0.00943917 0.01393846 -0.02960171 0.04586228
708.0  -0.69273392 0.14845550 0.00814851 -0.01800258 0.02276541 -0.00163293 0.01068265 -0.01214906 -0.01453045 -0.04373433
708.5  -0.17857405 -0.01009254 0.02611541 0.03329640 0.01425291 -0.00789042 -0.02938613 -0.00672536 -0.00073324 0.03745910
709.0  0.88923612 -0.16324346 0.02121098 -0.01326051 -0.01529042 0.00527292 0.03601529 0.02018397 0.01074193 -0.02744599
709.5  -0.82904134 -0.22039785 -0.00688884 -0.02348144 -0.02500343 0.00949552 -0.02155361 -0.02280475 0.02015087 0.01378491
710.0  0.07218190 -0.16858293 -0.02493479 0.03080335 -0.00407268 0.01164322 -0.00566685 0.01316718 0.02082785 0.00123994
710.5  0.73710875 -0.03244824 -0.02238005 0.00314021 0.01896225 0.00365446 0.02964509 0.00529433 0.01431170 -0.01824128
711.0  -0.94621026 0.12520724 -0.00211565 -0.03280665 0.01911370 -0.00659359 -0.03408042 -0.02115722 0.00302298 0.03357257
711.5  0.38453198 0.21297796 0.02025894 0.01868376 -0.00437490 -0.01166610 0.01807997 0.02501880 -0.00802799 -0.04259219
712.0  0.50489110 0.19969524 0.02499810 0.01857585 -0.02159734 -0.00830380 0.00734159 -0.01528145 -0.01694986 0.04762690
712.5  -0.96927295 0.08853929 0.00772455 -0.03294782 -0.01328260 0.00136494 -0.02949627 -0.00049526 -0.02021751 -0.04466363
713.0  0.59165319 -0.07908425 -0.01681119 0.00669706 0.01149902 0.01011207 0.03520536 0.01576580 -0.01746765 0.03636061
713.5  0.30439617 -0.19824192 -0.02622505 0.02882010 0.02340204 0.01061142 -0.02265621 -0.02417679 -0.01047220 -0.02345248
714.0  -0.93258646 -0.21328285 -0.01180715 -0.02776322 0.00690525 0.00485084 -0.00125716 0.02083557 -0.00131327 0.00707356
714.5  0.76522172 -0.13371201 0.01133170 -0.01170803 -0.01987260 -0.00446496 0.02617193 -0.00878516 0.01062935 0.01227078
715.0  0.02040492 0.01293167 0.02633175 0.03170717 -0.02178064 -0.00959445 -0.03596633 -0.00747596 0.01781188 -0.02999539
715.5  -0.78109135 0.15008184 0.02092695 -0.01054428 0.00428586 -0.00948987 0.02179414 0.02208160 0.01812694 0.04211481
716.0  0.93531451 0.21689683 -0.00193262 -0.02489930 0.02477824 -0.00365210 0.00638449 -0.02254785 0.01271124 -0.04807880
716.5  -0.35660457 0.19821680 -0.02237664 0.02628336 0.01031573 0.02123900 -0.02320229 0.01321740 -0.00366291 0.04531254
717.0  -0.51967490 0.08742072 -0.02546267 0.00997956 -0.01835801 0.01914564 0.03005660 0.00115925 -0.01392248 -0.03550304
717.5  0.97045905 -0.07000060 -0.00713036 -0.03953719 -0.00344201 0.01325330 -0.01103959 -0.01680970 -0.01689968 0.01992513
718.0  -0.55452432 -0.19324680 0.01695998 0.00988921 0.00019668 -0.00316465 -0.01393361 0.01547918 -0.01759400 -0.00195662
718.5  -0.39138569 -0.21588263 0.02646047 0.02876482 0.02250391 -0.01538007 0.02893468 -0.01056539 -0.00823174 -0.01487223
719.0  0.96394211 -0.11716286 0.01056421 -0.03345005 0.01412033 -0.01930914 0.03395000 -0.00855967 0.00005836 0.03006489
719.5  -0.59480556 0.04549022 -0.01553750 -0.00551304 -0.01287500 -0.01149718 0.02779637 -0.00186989 0.00977235 -0.04234397
720.0  -0.34559549 0.18215440 -0.02627442 0.03711112 -0.01991284 0.00035183 0.00129676 -0.00159627 0.01926458 0.05060260
720.5  0.95138258 0.22274496 -0.01332315 -0.01698856 -0.00260606 0.00062547 -0.02619578 0.00161054 0.02208097 -0.05259312
721.0  -0.68227937 0.14798679 0.01118703 -0.02483510 0.02186186 -0.00483106 -0.03522455 0.00856993 0.01799421 0.04687834
721.5  -0.19580400 0.00891798 0.02584893 0.03154867 0.01629146 -0.00653516 -0.03054293 0.01578385 0.01158820 -0.03050095
722.0  0.89827177 -0.13134596 0.01880979 0.00761472 -0.01426212 -0.00086808 -0.00597854 0.01361525 0.00032406 0.00876975
722.5  -0.80775955 -0.21883358 -0.00102485 -0.03546829 -0.02534913 0.00683959 0.01653707 -0.00783754 -0.01071362 0.01465688
723.0  0.00516921 -0.20010609 -0.02066297 0.00943350 -0.00062198 0.00901001 0.01509626 -0.02723886 -0.01496530 -0.03578261
723.5  0.80266770 -0.09343174 -0.02493412 0.02891328 0.02504909 0.00382879 0.00771613 -0.03955948 -0.01615350 0.04883560
724.0  -0.90586698 0.04501567 -0.00918729 -0.02587107 0.01590973 -0.00459695 -0.00252897 -0.03291823 -0.01328430 -0.05370648
724.5  0.24006491 0.17181103 0.01308154 -0.01589315 -0.01624826 -0.00735498 -0.00916836 -0.00676511 -0.00501318 0.04763798
725.0  0.60941401 0.22340846 0.02514933 0.03438980 -0.02342004 0.00026221 -0.00739715 0.01915879 -0.00027539 -0.03102050
725.5  -0.97159342 0.18596676 0.01835572 0.00118139 0.00524448 0.01062648 0.00244547 0.03683226 -0.00235639 0.00667691
726.0  0.59003431 0.09248653 -0.00041503 -0.03438177 0.02560654 0.01465782 0.01506926 0.04100570 -0.00759198 0.02140161
726.5  0.23628551 -0.04154018 -0.01850176 0.01099968 0.00741843 0.00651475 0.01218943 0.01970358 -0.00787332 -0.04338440
727.0  -0.88962784 -0.16412530 -0.02478208 0.03029364 -0.02352814 -0.01089358 0.00424759 -0.00255200 -0.00120359 0.05526134
727.5  0.83898658 -0.21798734 -0.01200723 -0.02139703 -0.02274270 -0.02226236 0.01080192 -0.01425886 0.01065250 -0.05447135
728.0  -0.06686219 -0.18251758 0.01031151 -0.01649232 0.01188356 -0.01913594 -0.01313644 -0.02248520 0.02380392 0.04822842
728.5  -0.78019455 -0.05197287 0.02414760 0.03143858 0.02868701 0.00221493 0.01162367 -0.02105670 0.03023313 -0.03598242
729.0  0.89938106 0.11328166 0.01729591 -0.00423446 0.00787662 0.02231624 -0.00003953 -0.01477543 0.02893461 0.02030514
729.5  -0.14711965 0.21299530 -0.00766843 -0.02898931 -0.02221899 0.02299498 -0.00961522 -0.00741346 0.02654062 -0.00293145
730.0  -0.74642286 0.19263354 -0.02625375 0.02221640 -0.02440826 0.00943188 0.01441987 0.00407126 0.01694039 -0.01425931
730.5  0.92204360 0.06566037 -0.01701255 0.01358178 0.00407428 -0.01106791 -0.01089766 0.01534119 0.00299545 0.03110475
731.0  -0.24544738 -0.09702235 0.00470586 -0.03329963 0.02882174 -0.02331994 0.00195735 0.01689248 -0.00941034 -0.04585991
731.5  -0.64298697 -0.20519545 0.02325763 0.00447660 0.01579028 -0.01468969 0.00848459 0.01694138 -0.02307041 0.05445607
732.0  0.96399573 -0.20820362 0.02207277 0.03066760 -0.01739106 0.00515498 -0.01502824 0.00762132 -0.03340384 -0.05364994
732.5  -0.45428371 -0.10370119 0.00055086 -0.02034543 -0.03016877 0.02051055 0.01016068 -0.00658862 -0.03207327 0.04819237
733.0  -0.44507058 0.05323043 -0.02141302 -0.01463694 -0.00318933 0.02013196 -0.00206718 -0.01702915 -0.02590914 -0.03841082
733.5  0.96304200 0.18087610 -0.02492586 0.03099591 0.02745444 0.00168579 -0.00888599 -0.01961148 -0.01019230 0.02614465
734.0  -0.66167696 0.22091821 -0.00565326 -0.00815590 0.02130173 -0.01931966 0.01345893 -0.01247839 0.01083441 -0.01480481
734.5  -0.18063285 0.14738745 0.01754937 -0.02821289 -0.01565957 -0.02286411 -0.00731060 0.00845300 0.02649090 -0.00269038
735.0  0.86619822 0.00603705 0.02529338 0.03259506 -0.02362598 -0.00410176 0.00442300 0.02727951 0.02865199 0.02051817
735.5  -0.88848932 -0.12591421 0.01354868 0.01042545 -0.00373354 0.01800114 -0.00116868 0.02259087 0.01475780 -0.03550718
736.0  0.27798864 -0.21213859 -0.00936987 -0.03705929 0.02348152 0.02704243 -0.00946629 -0.00171681 -0.00306536 0.04853681
736.5  0.51358518 0.21090230 -0.02459081 0.00719992 0.02369899 0.01097995 0.00791241 -0.02781475 -0.00509809 -0.05357181
737.0  -0.95778655 -0.13617217 -0.02190681 0.03111718 -0.00936159 -0.01621496 -0.00011174 -0.03083348 0.00508131 0.05199500
737.5  0.73855526 0.00727456 -0.00286505 -0.02418185 -0.03086832 -0.03438421 -0.00268684 -0.01222649 0.00830025 -0.04195147
738.0  0.03386278 0.13580494 0.02042198 -0.01467474 -0.00884042 -0.01791297 0.00275591 0.01673315 0.00552751 0.02712225
738.5  -0.79965157 -0.23057546 0.02620910 0.03668661 0.02010025 0.01645048 -0.00737903 0.02730309 -0.00258559 -0.01007848
739.0  0.89826369 0.21303397 0.00842689 -0.01304059 0.02035512 0.03731950 0.00288420 0.02122366 -0.01277907 -0.00731515
739.5  -0.18772699 -0.07191946 -0.01686039 -0.02673688 -0.00422738 0.03513939 0.00417358 0.00412117 -0.01522858 0.02276782
740.0  -0.69966977 -0.11994808 -0.02636418 0.02992628 -0.01915726 0.00360566 -0.00709946 -0.01566571 -0.01334212 -0.03611895
740.5  0.93239650 0.24741727 -0.01056716 0.00299219 -0.00989093 -0.03130000 0.00359731 -0.02450960 -0.00421108 0.04756452
741.0  -0.31296571 -0.23439948 0.01419497 -0.03187521 0.01020086 -0.04345295 -0.00362756 -0.01630507 0.00624065 -0.05403622
741.5  -0.57442163 0.09615077 0.02638441 0.01662267 0.02345615 -0.02557607 -0.00272821 -0.00255134 0.01366877 0.05436481
742.0  0.95985018 0.08715481 0.01669820 0.02235559 0.00080691 0.01188046 0.00663100 0.01059900 0.01508806 -0.04609012
742.5  -0.53847359 -0.22649681 -0.00679217 -0.02801643 -0.02117991 0.04123798 -0.00556118 0.02354132 0.01214032 0.02976273
743.0  -0.33245057 0.26189900 -0.02592477 -0.00632373 -0.01193163 0.04135436 0.00256471 0.01860314 0.00355231 -0.00583653
743.5  0.92753323 -0.18111702 -0.02296446 0.03146607 0.01054512 0.01052190 0.00339210 0.00873238 -0.00243665 -0.02109930
744.0  -0.73013150 0.01977525 -0.00098399 -0.01080827 0.01796560 -0.02763714 -0.00753401 0.00083343 -0.01199150 0.04125349
744.5  -0.10310046 0.15173735 0.02043075 -0.02663366 -0.00134444 -0.04683430 0.00639920 -0.01078085 -0.01150165 -0.05576332
745.0  0.84463448 -0.25943868 0.02671048 0.02357880 -0.01776674 -0.03770713 -0.00062234 -0.01752088 -0.01497753 0.05923429
745.5  -0.85241864 0.25694960 0.01104319 0.01099687 -0.01090476 -0.00794345 0.00116098 -0.01471678 -0.00549370 -0.05265423
746.0  0.13921601 -0.14745737 -0.01250212 -0.02685394 0.02073313 0.02184318 0.01551267 -0.01421424 0.00458200 0.03148744
746.5  0.68306139 -0.02560316 -0.02781343 0.00871039 0.01339153 0.04018325 0.02305455 -0.00169185 0.00755505 -0.00216417
747.0  -0.93877720 0.19413518 -0.02482715 0.03113114 -0.00388504 0.03463680 0.02339102 0.00622221 0.00259686 -0.02996154
747.5  0.40654529 -0.28778764 -0.00218506 -0.01993426 -0.01426565 0.00460803 -0.01610143 0.00414685 0.00054828 0.05239107
748.0  0.49001386 0.25533254 0.02062894 -0.02224199 -0.00698630 -0.02407405 -0.00010628 0.00617196 -0.01521981 -0.06130332
748.5  -0.95129863 -0.09528236 0.02774496 0.03037756 0.01012083 -0.03935675 0.01502295 -0.00514973 -0.02301741 0.05626485
749.0  0.48792985 -0.12090734 0.01238657 0.00679452 0.01541560 -0.04727515 0.02267346 -0.00771245 -0.01736742 -0.04273633
749.5  0.48517243 0.26913610 -0.01529622 -0.03028359 0.00004908 -0.01803865 -0.02368118 -0.00705890 -0.01162795 0.02103878
750.0  -0.95283433 -0.25727763 -0.02922842 0.01214600 -0.01463172 0.01960073 0.01530969 -0.00558745 -0.00390989 0.00209923
750.5  0.40830068 0.09729039 -0.01481974 0.02270614 -0.00850536 0.04758111 0.00139043 0.00080570 0.00811793 -0.02482775
751.0  0.55678940 0.10621934 0.01278716 -0.02685422 0.00643914 0.05475787 -0.01453049 0.00437105 0.01520681 0.04398470
751.5  -0.95539320 -0.24062711 0.02793202 -0.00824451 0.01389199 0.02997584 0.02972101 0.00805412 0.01863937 -0.05620627
752.0  0.44364180 0.25175919 0.02013108 0.03204245 0.00445125 -0.00195155 -0.02253213 0.01427854 0.01694828 0.06142465
752.5  0.46249722 -0.15191697 -0.00535706 -0.00756793 -0.01378183 -0.04231756 0.00146824 0.01219879 0.00636613 -0.05574877
753.0  -0.95652355 -0.01006703 -0.02618284 -0.02703044 -0.00977883 -0.05499338 0.00871537 0.00196355 -0.00489183 0.04392226
753.5  0.62218941 0.16707150 -0.02618797 0.02100070 0.00869376 -0.04032935 -0.02169761 -0.00711579 -0.00826958 -0.02323559
754.0  0.25175414 -0.25244255 -0.00621084 0.01186269 0.01288494 0.00047434 -0.03117416 -0.01059755 -0.00237686 0.00332075
754.5  -0.90812969 0.22324612 0.01958437 -0.03171770 -0.00581439 0.03785738 -0.02489502 -0.01647142 0.00920406 0.01608754
755.0  0.77401870 -0.08831262 0.02811426 0.00657382 -0.01479994 0.04879537 -0.01581027 -0.00636988 0.01617382 0.03414129
755.5  0.02043593 -0.08750490 0.01309916 0.02906436 -0.00228234 0.04052433 -0.00692916 0.00170041 0.01567978 -0.04848557
756.0  -0.78748766 0.21758062 -0.01199123 -0.02255831 0.01287349 0.02237798 0.01778173 0.00469557 0.00878708 0.05722154
756.5  0.91921309 -0.24819025 -0.03139791 -0.01786770 0.01349558 -0.00018061 0.04784019 0.00679927 -0.00250867 -0.05872549
757.0  -0.34980848 -0.17559712 -0.02347978 0.03197547 -0.00346303 -0.01743692 0.04724008 0.00077436 -0.01248432 0.04933452
757.5  -0.47717678 -0.03464238 0.00386286 0.00038984 -0.01943579 -0.02424190 0.01686065 -0.00445082 -0.01664029 -0.03057768
758.0  0.95205718 0.11893842 0.03026509 -0.03183491 -0.01114930 -0.01320573 -0.02689386 -0.00945562 -0.01536618 0.00670987
758.5  -0.70028220 0.23351745 0.03290961 0.02034658 0.01143739 0.00566722 -0.05360027 -0.01019718 -0.00881529 0.01745295
759.0  -0.12027195 0.23338668 0.00675278 0.01907622 0.01836547 0.01849355 -0.04441078 -0.00427897 0.00316018 -0.03831865
759.5  0.85727256 0.11148177 -0.02479040 -0.03380238 0.00338739 0.01984444 -0.01119796 0.00292518 0.01175745 0.05149444
760.0  -0.83830951 -0.06679964 -0.03348784 0.00738533 -0.01241268 0.00826853 0.02796542 0.01096481 0.01548040 -0.05697459
760.5  0.05131612 -0.21764822 -0.01259513 0.02798819 -0.01413567 -0.00513275 0.05227420 0.01925269 0.01238053 0.05957189
761.0  0.77653797 -0.24151007 0.02031191 -0.03036135 -0.00429607 -0.01593459 0.04773590 0.02012481 0.00516861 -0.05567003
761.5  -0.90873586 -0.12454782 0.03307387 -0.00407424 0.01362329 -0.01721992 0.01837766 0.01000634 -0.00386225 0.04600689
762.0  0.27118103 0.04432855 0.01799575 0.03127834 0.01788839 -0.00990973 -0.01952686 -0.00926872 -0.00740066 -0.02904222
762.5  0.57170709 0.19064924 -0.01190399 -0.01896958 -0.00303891 -0.00102584 -0.04767449 -0.02679541 -0.00097982 0.01140276
763.0  -0.96254597 0.25068568 -0.03372612 -0.01832315 -0.01713051 0.00466481 -0.04840945 -0.02604360 0.00996243 0.00956699
763.5  0.62732849 0.19109231 -0.02630476 0.03283884 -0.00712513 0.00964365 -0.01832430 -0.01303092 0.01344633 -0.02863507
764.0  0.19069376 0.05042666 0.00281652 -0.00094287 0.00991916 0.01626973 0.02440307 -0.00212847 0.00547011 0.04508218
764.5  -0.86950069 -0.11655405 0.02965731 -0.03344678 0.01213890 0.03161348 0.04237650 0.00192664 -0.01289598 -0.05303148
765.0  0.84674999 -0.23391421 0.03070263 0.02264153 0.00109320 0.03040007 0.02970961 -0.00377633 -0.02833131 0.05494631
765.5  -0.11210924 -0.23095940 0.00508704 0.01873624 -0.01089100 0.00224455 0.01105395 -0.00703957 -0.02841584 -0.05110156
766.0  -0.72014799 -0.11102034 -0.02539329 -0.03479235 -0.01070737 -0.03177131 -0.00605638 0.00322658 -0.01851027 0.04109185
766.5  0.93884939 0.06342263 -0.03290190 0.00374796 0.00678558 -0.04470689 -0.01638490 0.02122669 -0.00386971 -0.02805242
767.0  -0.37463255 0.20418983 -0.01271890 0.03105830 0.01552886 -0.02323681 -0.01369737 0.02989200 0.00954593 0.01013007
767.5  -0.49299889 0.24675113 0.01822723 -0.02214135 0.00233070 0.01471735 -0.00647904 0.02157996 0.02069329 0.01388507
768.0  0.95866889 0.17565579 0.03455543 -0.01810477 -0.01332984 0.04063699 0.00552209 0.00003352 0.02590378 -0.03386559
768.5  -0.63823482 0.01768725 0.02198005 0.03138165 -0.01137984 0.03608111 0.01630477 -0.02264787 0.02222796 0.05093860
769.0  -0.22955083 -0.14883464 -0.01013814 -0.00268199 0.00252480 0.00174808 0.01440578 -0.03166665 0.01737493 -0.05807110
769.5  0.90921125 -0.24153907 -0.03306179 -0.03070884 0.01299904 -0.03288335 0.00580615 -0.02673405 0.00693198 0.05842615
770.0  -0.75207414 -0.21199923 -0.02628003 0.02324293 0.00646784 -0.04315680 -0.00460369 -0.01322625 -0.00446593 -0.05313800
770.5  -0.12787817 -0.05855655 0.00555113 0.01803071 -0.00587957 -0.02744366 -0.01500171 0.00715261 -0.01495770 0.04341471
771.0  0.88486098 0.12786076 0.03153194 -0.03263396 -0.01097787 0.00754522 -0.01771614 0.02159679 -0.02408670 -0.03019974
771.5  -0.78825417 0.23396270 0.02883908 0.00376937 -0.00400386 0.03864095 -0.01439294 0.02631241 -0.02830033 0.01371792
772.0  -0.03969835 0.22716576 -0.00059069 0.02965523 0.00809872 0.04183657 -0.00878359 0.02349196 -0.02508278 0.00832353
772.5  0.81462240 0.11398916 -0.02935466 -0.02322191 0.01030063 0.02505889 0.00404003 0.00964490 -0.01376939 -0.02807346
773.0  -0.89497117 -0.05242140 -0.03278115 -0.01896001 -0.00090274 0.00218547 0.02176784 -0.00790303 0.00612021 0.04532418
773.5  0.25501954 -0.18195348 -0.01232767 0.03296811 -0.00934454 -0.01727213 0.03369158 -0.02296342 0.02863456 -0.05611693
774.0  0.58859505 -0.24457342 0.01661871 0.00373532 -0.00297284 -0.01992825 0.00938230 -0.02681633 0.05069016 0.05456215
774.5  -0.96289727 -0.21586299 0.03382292 -0.03321940 0.00416736 -0.01769372 0.01346059 -0.01271495 0.03275348 -0.04364594
775.0  0.54869925 -0.08600314 0.02434953 0.01604653 0.00675279 -0.00992513 -0.00804664 -0.00526336 0.00198279 0.02131062
775.5  0.33833881 0.07739568 -0.00357796 0.02661008 -0.00307007 0.00209842 -0.00186865 0.00238106 -0.03303318 0.00423046
776.0  -0.93728706 0.20695151 -0.02692713 -0.03152526 -0.00832172 0.01150406 0.00815567 0.00820267 -0.05513559 -0.02862016
776.5  0.71292621 0.24779248 -0.02996236 -0.00608050 -0.00133054 0.01307861 -0.01249476 0.01039127 -0.05848570 0.04809201
777.0  0.12643681 0.16913762 -0.00794184 0.03469564 0.00366459 0.00874253 0.00695531 0.00782306 -0.04888252 -0.05814739
777.5  -0.85155252 0.01632058 0.01951651 -0.01625628 0.01094390 -0.00401501 0.00156629 0.00402537 -0.02393452 0.05262789
778.0  0.86610254 -0.13996445 0.03129955 -0.02489833 0.00953614 -0.01491166 -0.00941149 -0.00259021 0.01283042 -0.03794938
778.5  -0.17199465 -0.23729577 0.01980634 0.03231518 -0.00901573 -0.01246617 0.01115034 -0.00632132 0.04083285 0.01052200
779.0  -0.66773197 -0.22971496 -0.00730104 0.00359590 -0.00453817 -0.00423527 -0.00632290 -0.00558956 0.05929005 0.01801292
779.5  0.95169847 -0.11691827 -0.02981474 -0.03510199 0.00276916 0.00674308 -0.00239314 -0.00462781 0.05725448 -0.04146920
780.0  -0.39960644 0.05970661 -0.02748171 0.01975809 0.00387256 0.01577954 0.01188163 0.00086956 0.03223912 0.05511787
780.5  -0.53026968 0.20850355 0.00049904 0.02026029 -0.00071503 0.01601115 -0.01116259 0.00439214 -0.00031906 -0.05945441
781.0  0.96329845 0.24122190 0.02789304 -0.03500039 -0.00649976 -0.00521246 0.01276010 0.00233563 -0.03485844 0.05421277
781.5  -0.45579118 0.14314932 0.02752331 0.00723846 -0.00697742 -0.00119014 0.00112324 -0.00381870 0.05679464 -0.03853094
782.0  -0.49279097 -0.03900145 0.00256807 0.03264023 0.00129614 0.00154159 -0.00578089 -0.01120301 0.05683501 0.02194796
782.5  0.96274821 -0.20044219 -0.02392125 -0.02832015 0.00709389 0.00103415 0.02119617 -0.00966732 0.03570731 -0.00199709
783.0  -0.54805435 -0.24502015 -0.02930944 -0.01194106 0.00448344 -0.00108706 -0.01997503 0.00237702 0.00243666 -0.01580976
783.5  -0.34484745 -0.17501839 -0.00755522 0.03280318 -0.00401104 0.00295478 0.00669174 0.00123297 -0.03334645 0.03145557
784.0  0.93413172 -0.02577518 0.02072936 -0.01233660 -0.01023825 -0.00756550 0.00693286 -0.01587568 -0.05333872 -0.04475730
784.5  -0.73289874 0.14624622 0.02925704 -0.02781799 -0.00171848 0.01517736 -0.01588632 0.00941874 -0.05606026 0.05408547
785.0  -0.09346965 0.24071567 0.01261938 0.02891084 0.01207326 -0.01388880 0.01505462 -0.00851460 -0.03357468 -0.05858331
785.5  0.84860038 0.21713737 -0.01518154 0.00822692 0.01143546 0.00018994 -0.00749295 -0.00071101 -0.00619173 0.05278403
786.0  -0.84960015 0.08877231 -0.02968354 -0.03108235 -0.00220425 0.01606176 -0.00091623 0.00990485 0.02287173 -0.04296004
786.5  0.08758618 -0.09899499 -0.01667997 0.01548037 -0.01453312 -0.02498808 0.00677411 -0.01478346 0.04559050 0.02949409
787.0  0.74582777 -0.23002267 0.01044621 0.02245938 -0.00540426 0.01487371 -0.00917903 0.01513906 0.05617220 -0.01117955
787.5  -0.92837370 -0.23317484 0.02840584 -0.03139941 0.00982485 0.00838839 0.00762490 -0.00549090 0.05234812 -0.00595581
788.0  0.34128114 -0.13039428 0.02098869 -0.00189840 0.00980554 -0.02238148 -0.00058827 -0.00615846 0.03400457 0.02771582
788.5  0.50221770 0.03766420 -0.00140746 0.03211676 -0.00105304 0.01863224 -0.00510501 0.01563837 0.00406339 -0.04525007
789.0  -0.95514723 0.18879677 -0.02183019 -0.01667764 -0.01245259 0.00423258 0.00815469 -0.01580471 -0.02712418 0.05702072
789.5  0.69857055 0.24734720 -0.02503857 -0.02183114 -0.00713542 -0.02187796 -0.00679828 0.00513640 -0.05104209 -0.05782589
790.0  0.08086598 0.19645492 -0.00816146 0.03069247 0.00965799 0.01625660 -0.00207270 0.00490985 -0.05588147 0.05144415
790.5  -0.80590472 0.04931270 0.01493568 0.00245874 0.01331457 0.00148388 0.00724468 -0.01609865 -0.04224730 -0.03537374
791.0  0.90751537 -0.12507920 0.02518000 -0.03535732 0.00027901 -0.01779039 -0.01140341 0.01226501 -0.01232088 0.01820876
791.5  -0.27819883 -0.23763039 0.01254429 0.02277886 -0.00892030 0.01907205 0.00807861 -0.00050363 0.02240864 0.00079067
792.0  -0.58047017 -0.22707143 -0.01025143 0.02100462 -0.00940827 -0.00454888 0.00695666 -0.00395620 0.05008407 -0.01870298
792.5  0.96358638 -0.09731153 -0.02458445 -0.03384024 -0.00033699 -0.01418127 -0.00434976 0.01365051 0.05638299 0.03356530
793.0  -0.56933710 0.07179606 -0.01896341 0.00267157 0.01320653 0.02091634 0.01645186 0.00515800 0.03522766 -0.04784434
793.5  -0.26989560 0.20833991 0.00379883 0.02977927 0.00551615 -0.00776434 -0.00963259 -0.00960887 0.00561947 0.05293799
794.0  0.89401854 0.25179806 0.02262271 -0.02400198 -0.00966964 -0.00644606 -0.00792108 0.00927850 -0.03079064 -0.05388048
794.5  -0.83147379 0.17533676 0.02116709 -0.01512278 -0.01166203 0.00910903 0.02021835 -0.00782453 -0.05288870 0.05180621
795.0  0.10971530 0.03251988 0.00456861 0.03240104 0.00137811 -0.00357153 -0.01915673 -0.00301554 -0.05462727 -0.03717362
795.5  0.71507692 -0.13094089 -0.01578695 -0.00503088 0.01289994 -0.00387865 0.00121241 0.00820102 -0.04577310 0.01952285
796.0  -0.93470140 -0.24360145 -0.02376209 -0.02908698 0.00866453 0.00607720 0.01495380 -0.01401798 -0.02918173 0.00624324
796.5  0.31514452 -0.22332156 -0.01043004 0.02486980 -0.00427485 -0.00061726 -0.02108820 0.01304003 -0.01544255 -0.02591618
797.0  0.60673934 -0.09262121 0.01308437 0.00918924 -0.01272869 -0.00441473 0.00909219 -0.01100867 0.02096886 0.04031944
797.5  -0.95649578 0.07995721 0.02473940 -0.03265338 -0.00663925 0.00585724 0.00551519 0.00676752 0.03410889 -0.05172964
798.0  0.40776204 0.22182604 0.01419715 0.01434037 0.00825295 0.00072673 -0.01667081 0.00048582 0.05286278 0.05309890
798.5  0.50790950 0.24511164 -0.00877810 0.02290504 0.01189183 -0.00674429 0.01682289 -0.00422589 0.06644713 -0.04547111
799.0  -0.96367706 0.14751152 -0.02392018 -0.03139450 0.00023028 0.00563947 -0.00340421 0.01300213 0.05517868 0.04889482
799.5  0.56370981 -0.00833245 -0.01727886 -0.00372097 -0.01126121 0.00079924 -0.01045035 -0.01415418 0.05506452 -0.01554135
800.0  0.33599469 -0.16855315 0.00187325 0.03296990 -0.00710503 -0.01107117 0.01681043 0.01444280 0.02776327 0.00848623
800.5  -0.93884070 -0.25105261 0.01889805 -0.01494143 0.00914315 0.01200218 -0.01047732 -0.00787475 -0.00204379 0.01252398
801.0  0.68222476 -0.20209607 0.02099357 -0.02138413 0.01478624 -0.00167402 -0.00272294 -0.00483120 -0.02974536 -0.02921427
801.5  0.22907513 -0.05028549 0.00262223 0.02990378 0.00008489 -0.01146165 0.01253975 0.01119393 -0.05533789 0.03774445
802.0  -0.92298343 0.13187447 -0.02040357 0.00236038 -0.01201107 0.01779925 -0.00991274 -0.02086937 -0.06502299 -0.04433112
802.5  0.70343157 0.24314421 -0.02140425 -0.03218574 -0.00102994 -0.01298336 0.00705214 0.01099307 -0.05755414 -0.04496123
803.0  0.21108608 0.21652173 -0.00207334 0.01861141 0.00210437 -0.00187244 0.00236102 -0.02343976 -0.02271463 -0.04347980
803.5  -0.91363810 0.07368440 0.01837002 0.01934371 0.01512475 0.01572227 -0.00620989 0.00064209 0.00760480 -0.03702616
804.0  0.74420578 -0.10747332 0.02313179 -0.02706493 0.00701151 -0.01691947 0.00539473 0.01856256 0.04258576 -0.02330005
804.5  0.11031122 -0.22927773 0.00759067 -0.00004855 -0.01190113 0.00563878 0.00543159 -0.03454788 0.05552375 -0.00601298
805.0  -0.86232408 -0.23662595 -0.01542781 0.02616064 -0.01762895 0.00783403 0.01500952 0.02611105 0.05443413 0.01409830
805.5  0.83294233 -0.13585578 -0.02434719 -0.01748545 0.00104982 -0.01495556 0.01276520 -0.01259739 0.03320331 0.03063578
806.0  -0.04677793 0.03986226 -0.01301916 -0.01796706 0.01917285 0.01431384 0.00080542 -0.00694462 0.00042801 0.03939646
806.5  -0.78370619 0.19581828 0.00707172 0.02709576 0.00880545 -0.00537190 -0.01383444 0.02448228 -0.02831442 0.03989043
807.0  0.89658635 0.24559730 0.02124447 0.00132882 -0.01264315 -0.00854240 -0.02350444 -0.03328090 -0.04683219 0.03290090
807.5  -0.19411641 0.18702807 0.01971111 -0.02873901 -0.01808914 0.01462602 -0.02508050 0.02513777 -0.05426236 0.02043188
808.0  -0.66591649 0.03739106 0.00019488 0.01527942 -0.00162356 -0.01495066 -0.01069760 -0.01253902 -0.04542726 0.00515407
808.5  0.95483720 -0.13337425 -0.02063006 0.01804301 0.01912783 0.00409984 0.00890263 -0.01297180 -0.02614293 -0.01298708
809.0  -0.48948862 -0.22831254 -0.02465004 -0.02559864 0.01534085 0.01036686 0.02238241 0.03316393 -0.00389381 -0.03038999
809.5  -0.33589713 -0.24094760 -0.01138931 -0.00290714 -0.01075535 -0.01413341 0.02787189 -0.03223103 0.02455732 -0.04503134
810.0  0.90639376 -0.16445250 0.00936347 0.02996335 -0.01788585 0.01089996 0.01182979 0.02135542 0.04100560 -0.04835411
810.5  -0.83350374 -0.01016261 0.02453522 -0.00780816 -0.00099715 0.00340424 -0.01131385 0.00999597 0.04199708 -0.04135402
811.0  0.15720799 0.13879509 0.01994609 -0.02473444 0.01396385 -0.01469932 -0.02561286 -0.03049627 0.02911728 -0.02598624
811.5  0.64953882 0.23688477 -0.00233762 0.01842939 0.01786715 0.00783438 -0.02482020 0.03692458 -0.00143070 -0.00637476
812.0  -0.95897635 0.23221074 -0.01853499 0.00964112 -0.00863635 -0.00371322 -0.00523441 -0.02613367 -0.02429275 0.01252833
812.5  0.49362487 0.09848023 -0.02211687 -0.02684914 -0.02301166 -0.00546480 0.01560585 -0.00634536 -0.03813308 0.02696403
813.0  0.39054589 -0.08464121 -0.00657151 0.00912107 -0.00496146 0.01289050 0.03084022 0.02143817 -0.03738128 0.03991444
813.5  -0.94602134 -0.22106520 0.01613331 0.01661665 0.01494793 -0.00350816 0.04906166 -0.00593450 -0.00090580 0.04820851
814.0  0.69904125 -0.24015258 0.02553785 -0.02426632 0.01496033 -0.00011387 0.01809620 -0.02541014 0.01385614 0.05095819
814.5  0.12974458 -0.12449074 0.00833048 0.00121312 -0.00638628 0.00899888 0.02499331 -0.02865580 0.01036923 0.04984439
815.0  -0.84939002 0.05761547 -0.01206177 0.02526882 -0.02164301 0.01902459 -0.05207476 -0.01064548 -0.00732950 0.04532500
815.5  0.86661246 0.20833208 -0.01987922 -0.01831499 -0.01138462 0.01427679 0.04635073 -0.00548531 0.00630161 0.03421146
816.0  -0.15538206 0.24586770 -0.01132121 -0.00897396 0.01417500 0.00154826 -0.01254256 0.02643171 -0.00345638 0.01930029
816.5  -0.69775194 0.14549245 0.00822554 0.02327814 0.02495349 -0.01191258 -0.02357737 0.03349657 -0.00471166 0.00319116
817.0  0.94024935 -0.03701735 0.01954768 -0.00995323 0.00796509 -0.01550318 0.05086908 0.02402153 0.00640900 -0.01302413
817.5  -0.33562401 -0.20319291 0.01128212 -0.01632743 -0.01994791 -0.01065854 -0.04845951 0.00715861 -0.00758511 -0.02633097
818.0  -0.56807878 -0.24866105 -0.00647386 0.02203705 -0.02429393 -0.00114047 0.02135695 -0.01406423 0.00779966 -0.03831631
818.5  0.96399021 -0.15266384 -0.01920263 0.00207744 -0.00348766 0.01115761 0.01932157 -0.02937424 -0.00347642 -0.04719771
819.0  -0.53777006 0.00915818 -0.01455936 -0.02428582 0.01941146 0.01716993 -0.04692312 -0.03361854 0.00357236 -0.04879804
819.5  -0.31293977 0.16696376 0.00234166 0.01567904 0.02231291 0.00868502 0.04860948 -0.01615751 0.00070341 -0.04457957
820.0  0.90687975 0.24999803 0.01573669 0.01759657 -0.00418695 -0.00185461 -0.02173707 0.00476901 -0.00387537 -0.03022391
820.5  -0.82440769 0.21783092 0.01738015 -0.02594402 -0.02535091 0.00066458 -0.03119224 0.02594467 0.00384469 -0.01081259
821.0  0.12917347 0.11234315 0.00664378 -0.00539079 -0.00978908 -0.02615918 -0.04467670 0.02726402 0.00183653 0.01091772
821.5  0.66982607 -0.04333048 -0.00945364 0.02650511 0.02222072 -0.02932101 -0.03341286 0.00576182 -0.00891955 0.03091138
822.0  -0.95550862 -0.19432725 -0.01709293 -0.01226350 0.02154278 -0.00171044 -0.00149778 -0.01843397 -0.00094060 0.04528699
822.5  0.46274681 -0.24725076 -0.00955518 -0.02059377 -0.00558703 0.03889447 0.00675499 0.02151808 0.00699301 0.05293827
823.0  0.44112030 -0.19385643 0.00563236 0.02457887 -0.02174212 0.05304346 -0.00849392 -0.01280275 0.01583250 0.05027490
823.5  -0.95845763 -0.04830581 0.01546644 0.00595326 -0.01136175 0.03043198 -0.01244101 0.00385290 0.01869550 0.04218257
824.0  0.60551268 0.13493809 0.00940690 -0.02532748 0.01365732 -0.01077814 -0.00063418 0.00796722 0.01903906 0.02824951
824.5  0.29946992 0.24088578 -0.00556399 0.01035172 0.02148922 -0.04458331 0.01636891 -0.01699703 0.01199540 0.00948911
825.0  -0.93237873 0.22510601 -0.01594548 0.02082547 0.00004688 -0.04491040 0.02476660 0.02181149 0.00258877 -0.01072594
825.5  0.71685652 0.10734247 -0.01262068 -0.02201393 -0.02207695 -0.01108408 0.01813586 -0.01457524 -0.00386308 -0.02954579
826.0  0.14934235 -0.07009087 0.00131562 -0.01158612 -0.01738920 0.02882794 0.00172296 0.00526700 -0.00413213 0.04517746
826.5  -0.88230891 -0.21312421 0.01457794 0.02873186 0.00990923 0.04703528 -0.01829819 0.00642011 -0.01109028 -0.05338508
827.0  0.79573144 -0.24613828 0.01561549 -0.00516398 0.02396820 0.03436174 -0.02877295 -0.01475619 -0.01911753 0.05102012
827.5  0.04851389 -0.15428710 0.00317155 -0.02603592 0.00860640 -0.00476797 -0.02439998 0.01888165 -0.01675227 -0.04016003
828.0  -0.84683365 0.01994232 -0.01083396 0.02061434 -0.01544834 -0.03675309 -0.00588593 -0.01865948 -0.02735639 0.01012659
828.5  0.83933591 0.17964387 -0.01502025 0.01441087 -0.01740374 -0.04392847 0.01894561 0.00924690 -0.01415210 -0.00083658
829.0  -0.06114085 0.25071467 -0.00624696 -0.02934902 0.00459270 -0.02475020 0.03487951 0.00239810 -0.00234799 -0.01753542
829.5  -0.75536121 0.20511889 0.00742737 0.00350238 0.02004930 0.01467026 0.02728195 -0.01339587 0.01330652 0.03335317
830.0  0.92925629 0.06931277 0.01415715 0.02965759 0.00657885 0.03948694 -0.00464672 0.02340358 0.02452377 -0.04469313
830.5  -0.35969369 -0.08260498 0.00987637 -0.01431757 -0.01820116 0.02464093 -0.03721672 -0.01470119 0.02971667 0.04670106
831.0  -0.48891848 -0.20603910 -0.00111485 -0.01955854 -0.01563797 -0.01095416 -0.03841042 0.00924226 0.01869990 -0.03515194
831.5  0.95583477 -0.25503625 -0.01200262 0.01695062 0.01907177 -0.03193465 -0.00775646 0.00765327 0.00210023 0.01717163
832.0  -0.65820729 -0.18828912 -0.01479072 0.00538353 0.02084541 -0.02622722 0.02606573 -0.01987865 -0.01208057 0.00582559
832.5  -0.20671648 -0.04438560 -0.00517103 -0.02447968 0.00159928 0.00405487 0.04009246 0.01814697 -0.02701434 -0.02594284
833.0  0.90272405 0.12518254 0.01023602 0.01061056 -0.01529091 0.02694986 -0.03445504 -0.00959781 -0.02890681 -0.03964054
833.5  -0.76350132 0.24509732 0.01639897 0.02264723 -0.01158249 0.03315279 -0.01045324 -0.00107432 -0.02262981 -0.04776270
834.0  -0.10388074 0.22347800 0.00509461 -0.02470539 0.00200582 0.02282279 0.01540149 0.01470261 -0.00540984 -0.05019679
834.5  0.87282324 0.07921917 -0.00764698 -0.00676850 0.01845798 -0.00601268 0.03215464 -0.02310959 0.00662364 -0.04548237
835.0  -0.81104354 -0.09668425 -0.01149784 0.02682968 0.00907087 -0.03709603 0.02370099 0.00844607 0.03144309 -0.03343866
835.5  0.00284790 -0.23087663 -0.00336987 -0.01233961 -0.01324500 -0.03474922 -0.00825353 -0.00685343 0.03653083 -0.01682263
836.0  0.79709943 -0.24250156 0.00757410 -0.01918902 -0.01605945 -0.00073342 -0.02291505 -0.00665054 0.02860901 0.00322983
836.5  -0.89667232 -0.12100836 0.01022246 0.02500503 0.00291104 0.03179785 -0.01173038 0.01304697 0.01210921 0.02242589
837.0  0.21311166 0.05284273 0.00721795 0.00274447 0.01877571 0.04139204 0.01175109 -0.01434125 -0.00629267 0.03954231
837.5  0.66035896 0.20508810 0.00087173 -0.02729588 0.01318136 0.02078169 0.02515189 0.00727734 -0.02238783 0.04897599
838.0  -0.95022070 0.25205245 -0.00872930 0.01759510 -0.01030109 -0.01077866 0.02468203 -0.00510560 -0.03084097 0.05139434
838.5  0.39961278 0.15160320 -0.00863829 0.01496235 -0.02366831 -0.03257439 0.01268147 -0.01957746 -0.02947769 0.05106510
839.0  0.49640568 -0.02751058 0.00016661 -0.02938141 -0.00801195 -0.03806184 -0.00366272 0.01594987 -0.01919495 0.04079115
839.5  -0.96091475 -0.18768091 0.00771381 0.00674282 0.01586937 -0.01517075 -0.02409731 -0.01102130 0.00202871 0.02571190
840.0  0.64296097 -0.25197379 0.00937560 0.02331259 0.01990784 0.02025516 -0.02483083 0.00448272 0.02382157 0.01114892
840.5  0.15881695 -0.19310547 0.00306002 -0.02402374 -0.00675087 0.03742320 -0.00099338 0.02314587 0.02838294 -0.01052315
841.0  -0.83289211 -0.04983423 -0.00606851 -0.00327649 -0.02226432 0.02795294 0.02367201 -0.01586062 0.02041301 -0.02953977
841.5  0.90718921 0.11733862 -0.00973963 0.02722317 -0.01298245 -0.01605570 0.01799826 0.01271014 -0.00481018 -0.04320448
842.0  -0.33033529 0.22908635 -0.00462401 -0.00769975 0.00954220 -0.03038359 -0.02853432 -0.00252657 -0.01914443 -0.05380310
842.5  -0.50229947 0.24038333 0.00486872 -0.02153638 0.02239344 -0.00485073 -0.04800044 -0.01180495 -0.01925513 -0.05164104
843.0  0.95855549 0.14090031 0.00955393 0.02329816 0.00595568 0.01928226 -0.02940879 0.02014291 -0.01328126 -0.04106642
843.5  -0.63774563 -0.04329738 0.00525774 0.00749606 -0.01892401 0.02313482 0.00660474 -0.01643939 -0.00584075 -0.02954766
844.0  -0.23229278 -0.19884477 -0.00391507 -0.02740526 -0.02190882 0.00637012 0.04377748 0.00818989 0.00097812 -0.01177126
844.5  0.90735510 -0.24521430 -0.00972750 0.01277876 -0.00134916 -0.01871445 0.05095077 0.00458785 0.00441738 0.00592843
845.0  -0.77759130 -0.17290225 -0.00711119 0.01869279 0.02026730 -0.02935523 0.02708024 -0.01788793 0.00659147 0.02324651
845.5  -0.02804027 -0.00047072 0.00134835 -0.02822808 0.01996440 -0.01507924 -0.00777649 0.01894738 0.01075103 0.03866592
846.0  0.80273903 0.16709249 0.00869124 -0.00259084 -0.00153649 0.01352558 -0.03922162 -0.01266041 0.01387605 0.04904741
846.5  -0.90169016 0.24188463 0.00892672 0.02941120 -0.01937969 0.03328715 -0.04705637 0.00213646 0.01545794 0.05200482
847.0  0.24385345 0.21994712 0.00134098 -0.01653555 -0.01303133 0.02799619 -0.02444486 0.01557942 0.01385131 0.04309388
847.5  0.62124377 0.09078435 -0.00693192 -0.01719603 0.00750018 0.00154396 0.00584200 -0.01896321 0.00319320 0.02864710
848.0  -0.95803942 -0.08990931 -0.00921579 0.02845889 0.01876206 -0.03153019 0.02663064 0.01309725 -0.01679918 0.00803571
848.5  0.44629083 -0.21678861 -0.00418477 -0.00239145 0.00424308 -0.03930116 0.03142134 -0.01150555 -0.03054686 -0.01746620
849.0  0.47798623 -0.24375116 0.00407824 -0.02474946 -0.01899431 -0.02326921 0.01512515 -0.01028123 -0.03373611 -0.03650185
849.5  -0.96187852 -0.15171390 0.00879709 0.02097150 -0.01368752 0.01080378 -0.00470002 0.01133215 -0.02668422 -0.04946927
850.0  0.57114289 0.02304568 0.00633201 0.01364242 0.00605674 0.04212957 -0.01176110 -0.01865595 -0.00725556 -0.05713001
850.5  0.32144121 0.17778401 -0.00257452 -0.03081845 0.01852066 0.04531681 -0.00884069 0.01927051 0.01156569 -0.04947498
851.0  -0.92945554 0.24738641 -0.01066675 0.00264231 0.00647044 0.01734118 -0.00276724 -0.00864585 0.02955884 -0.03075351
851.5  0.74736014 0.21088871 -0.00901771 0.03015431 -0.01405988 -0.02692252 -0.00412520 -0.00074083 0.03304430 -0.00657587
852.0  0.06301149 0.07638706 0.00094492 -0.01457092 -0.01254205 -0.04800871 -0.01259835 0.01390626 0.02475069 0.02227556
852.5  -0.82678079 -0.09459618 0.01120504 -0.02018850 0.00776384 -0.03225381 -0.01241394 -0.02068990 0.00850469 0.04237728
853.0  0.86868028 -0.22362692 0.01390003 0.02642831 0.01720374 0.00412116 -0.00168636 0.01862172 -0.01321955 0.05121568
853.5  -0.10895199 -0.24054372 0.00463456 0.00255085 0.00112704 0.03833539 0.01192677 -0.00983076 -0.02854025 0.05267629
854.0  -0.76541008 -0.12709509 -0.00976284 -0.03051536 -0.01501198 0.04196731 0.02050251 0.00017226 -0.03996571 0.04845321
854.5  0.89224057 0.05510476 -0.01531747 0.01534575 -0.01064798 0.01788257 0.01727817 0.01290202 -0.04364241 0.03894102
855.0  -0.13586703 0.21083413 -0.00759106 0.02024186 0.00713760 -0.01452311 0.00264431 -0.02253224 -0.03407268 0.02497286
855.5  -0.74517505 0.24824091 0.00727146 -0.02702223 0.01270914 -0.04057776 -0.01385322 0.02080979 -0.02125568 0.00784510
856.0  0.91551967 0.15032073 0.01672047 -0.00261471 0.00088283 -0.03727729 -0.02427335 -0.01498860 -0.00168291 -0.00953323
856.5  -0.25715966 -0.00774502 0.01017131 0.02832290 -0.01004168 -0.00747991 -0.01866404 0.00092972 0.02134725 -0.02837001
857.0  -0.61605463 -0.16234979 -0.00469480 -0.01459289 -0.00605942 0.02545365 0.00171565 0.01247078 0.03436969 -0.04251287
857.5  0.96017543 -0.25080368 -0.01471825 -0.02075040 0.00944697 0.03856228 0.02333652 -0.01929510 0.03754668 -0.05127872
858.0  -0.50354783 -0.21749253 -0.01407371 0.02528379 0.01347534 0.02098323 0.03092183 0.01924519 0.03084376 -0.05545500
858.5  -0.38076110 -0.09719581 -0.00179820 0.00722848 -0.00177577 -0.01146382 0.01670303 -0.01207330 0.01328191 -0.04545317
859.0  0.94422649 0.06412033 0.01345493 -0.02654727 -0.01798213 -0.02850164 -0.01339087 -0.00136864 -0.00498058 -0.02765813
859.5  -0.70138672 0.21068775 0.01795206 0.00858626 -0.01072818 -0.01459668 -0.03931460 0.00837484 -0.01633053 -0.00743664
860.0  -0.12803987 0.24873629 0.00702722 0.01910975 0.01158118 0.01299563 -0.03807608 -0.02170585 -0.01797592 0.01824690
860.5  0.84664272 0.17502973 -0.00979714 -0.02646658 0.00487722 0.02257820 -0.01126665 0.01874264 -0.01821964 0.03958891
861.0  -0.88080409 0.03623995 -0.01891539 -0.00927168 0.00114663 0.01221978 0.02495654 -0.00815863 -0.00906572 0.05435099
861.5  0.23669824 -0.12986433 -0.01344900 0.02720130 -0.01347194 -0.01163456 0.04070082 -0.00310852 -0.01271082 0.06276922
862.0  0.58091569 -0.23577153 0.00097578 -0.00625502 -0.00575933 -0.02837803 0.03602202 0.02065352 -0.00927507 0.05653948
862.5  -0.96433205 -0.23440633 0.01433905 -0.02333860 0.00804606 -0.01899966 0.01498264 -0.02375557 0.00234481 0.04178522
863.0  0.60209580 -0.13068021 0.01586827 0.01814150 0.00766662 -0.00442782 -0.01868717 0.01221175 0.01226993 0.02167058
863.5  0.25214831 0.04827075 0.00528804 0.00940819 -0.00141906 0.01257901 -0.03758996 0.00783655 0.02218318 -0.00156475
864.0  -0.90773383 0.20619671 -0.01123756 -0.02543515 -0.00929354 0.01980351 -0.03792957 -0.01673055 0.02570210 -0.02228795
864.5  0.77241480 0.24530891 -0.01960922 0.00915853 -0.00627369 0.01276066 -0.01724649 0.02287148 0.02067250 -0.03898784
865.0  0.06174231 0.13883416 -0.00499367 0.02030467 0.00801698 -0.00111903 0.01548256 -0.01694109 0.01050476 -0.05035571
865.5  -0.83882531 -0.05245406 0.01177565 -0.02357027 0.01175237 -0.01383942 0.03752564 0.00231014 -0.00328606 -0.05855199
866.0  0.86223766 -0.20827981 0.01890267 -0.00148871 0.00128645 -0.01682585 0.03656975 0.01040021 -0.01707093 -0.06498833
866.5  -0.14109685 -0.24644383 0.00859861 0.02576597 -0.00922162 -0.00794123 0.01649182 -0.02131572 -0.02630844 -0.06143669
867.0  -0.68663261 -0.15266916 -0.00953735 -0.01631858 -0.00737451 0.00765510 -0.01592640 0.02037584 -0.02674447 -0.05411382
867.5  0.95252133 0.02027253 -0.01847173 -0.01590486 0.00614050 0.01926971 -0.03921487 -0.00917798 -0.01334304 -0.04155302
868.0  -0.45547710 0.17446089 -0.01190607 0.02176268 0.01580892 0.01540720 -0.03403654 -0.00737327 0.00523313 -0.02199221
868.5  -0.41610635 0.24763458 0.00538840 -0.00322693 -0.00174169 0.00376432 -0.00898887 0.02454900 0.01953100 -0.00102829
869.0  0.94822935 0.20081702 0.01939259 -0.01807401 -0.01640722 0.00009056 0.02481114 -0.01843578 0.03276429 0.01925077
869.5  -0.67772650 0.04032488 0.01445173 0.01955246 -0.00835325 -0.01774072 0.03827635 -0.02956556 0.02096697 0.04027426
870.0  -0.18256294 -0.13293366 -0.00543565 0.00255843 0.00827344 -0.01792625 0.01863077 0.04083290 -0.00338308 0.05411694
870.5  0.88419271 -0.23460304 -0.02018622 -0.02306743 0.01313562 0.01159499 -0.00804370 -0.03032514 -0.01191834 0.06385783
871.0  -0.82338390 -0.22884924 -0.01720984 0.01453289 0.00164642 0.03486415 -0.02964747 0.00080982 -0.01628201 0.06647550
871.5  0.08607326 -0.10270169 -0.00017610 0.01298977 -0.01422426 0.03201973 -0.03415331 0.02496161 -0.01369828 0.05898917
872.0  0.71271538 0.06469288 0.01716056 -0.01943577 -0.01409688 0.00699484 -0.01324399 -0.04411256 -0.00299393 0.04249131
872.5  -0.94946389 0.19327457 0.02113002 0.00078697 0.00764594 -0.02601458 0.00630569 0.03408602 0.00403906 0.01849916
873.0  0.44452197 0.25055078 0.00847378 0.01416816 0.02264222 -0.03561562 0.03501391 -0.00200755 0.01101321 -0.01002548
873.5  0.41256709 0.19050589 -0.01111148 -0.01525176 0.00149118 -0.01610221 0.03851800 -0.02284687 0.01520419 -0.03633154
874.0  -0.94680238 0.03908810 -0.02213116 -0.01014870 -0.01544485 0.01167466 0.01516693 0.04331636 0.00904844 -0.05425192
874.5  0.68942252 -0.12523839 -0.01415712 0.02102826 -0.01205560 0.02726805 -0.01531732 -0.03678683 0.00512284 -0.06250453
875.0  0.17224805 -0.23674172 0.00617006 -0.00371495 0.00289977 0.01586779 -0.04164651 0.01210971 -0.00717864 -0.06363784
875.5  -0.88421285 -0.22807285 0.02006579 -0.01699965 0.01253917 -0.00697969 -0.04265755 0.01758909 -0.01734266 -0.05754488
876.0  0.80818888 -0.10107671 0.01642394 0.01890595 0.00862772 -0.01949757 -0.02527851 0.03739502 -0.01893056 -0.04233545
876.5  -0.02019890 0.06988970 -0.00054619 0.00587855 -0.00716919 -0.01475724 0.00311892 0.04274847 -0.00744182 -0.01803627
877.0  -0.77872089 0.20608146 -0.01790791 -0.02123620 -0.01314095 0.00392376 0.02801828 0.02794516 0.00870558 0.00948592
877.5  0.91383128 0.24716435 -0.02086312 0.00668893 -0.00112710 0.02278503 0.02995440 -0.00367749 0.01973863 0.03611347
878.0  -0.28298838 0.18115890 -0.00613317 0.01688901 0.01281098 0.02203326 0.00818617 -0.04067911 0.01213997 0.05456018
878.5  -0.59120412 0.03506973 0.01376084 -0.01552772 0.00598338 -0.00663470 -0.01225205 -0.05045143 -0.00710846 0.06285315
879.0  0.96105191 -0.13265689 0.02156133 -0.00572906 -0.00873566 -0.03293978 -0.00724145 -0.03662161 -0.02404864 0.06173666
879.5  -0.46579634 -0.23551841 0.01279904 0.01947740 -0.01062251 -0.03187815 0.00685427 -0.00958730 -0.02948729 0.05589478
880.0  -0.47499244 -0.22715159 -0.00802873 -0.00650923 -0.00034675 -0.00761500 0.00976703 0.02312561 -0.01717051 0.03834949
880.5  0.96285966 -0.10463963 -0.02207580 -0.01838427 0.01253180 0.02331008 0.00360206 0.04318068 0.00086678 0.02139912
881.0  -0.51607258 -0.08028132 -0.01391814 0.01716149 0.01086239 0.04008918 -0.00616828 0.04365604 0.01581000 0.00454653
881.5  -0.42559795 0.21484025 0.00840139 0.00682746 -0.00418372 0.02943423 -0.01743137 0.03080375 0.02987118 -0.01559559
882.0  0.96071485 -0.23028701 0.02110993 -0.02088525 -0.01633122 -0.00287005 -0.01698024 0.00636080 0.03490039 -0.03536847
882.5  -0.61628478 0.13256414 0.01787697 0.00625148 -0.01112124 -0.03523187 -0.00031362 -0.01910283 0.02878040 -0.05027239
883.0  -0.27566045 0.01815573 -0.00200196 0.01760384 0.01231109 -0.04160082 0.01625952 -0.03017424 0.01763067 -0.05903129
883.5  0.92615535 -0.14851445 -0.01995091 -0.01544995 0.01634240 -0.01760104 0.02782628 -0.02795557 0.00121643 -0.05910546
884.0  -0.76399870 0.20474489 -0.02011890 -0.00829348 -0.00209743 0.02085080 0.02389965 -0.01697211 -0.01484606 -0.04959139
884.5  -0.08094426 -0.16828123 -0.00381320 0.02112422 -0.01492186 0.04396293 0.00147172 0.00075127 -0.02543413 -0.03532622
885.0  0.85923513 0.05864080 0.01653333 -0.00534169 -0.00916287 0.03622817 -0.02034173 0.01621363 -0.02953506 -0.01777568
885.5  -0.85471570 0.07604533 0.02143179 -0.01743233 0.00792174 0.00305322 -0.02910469 0.02600638 -0.02613912 -0.00018974
886.0  0.07028207 -0.17539464 0.00700577 0.01555374 0.01511538 -0.03336995 -0.01942540 0.03095639 -0.01284853 0.01703411
886.5  0.77041944 0.19270530 -0.01318643 0.00618904 0.00016590 -0.04300086 0.00994445 0.02126788 0.00556424 0.03508636
887.0  -0.92956289 -0.11865054 -0.02228360 -0.01864450 -0.01677687 -0.01641351 0.03080142 -0.00455560 0.01898738 0.05110871
887.5  0.30575547 -0.01444794 -0.01091572 0.00646818 -0.00700929 0.01344689 0.02074222 -0.03128186 0.01987527 0.05828146
888.0  0.55986709 0.14576119 0.00954280 0.01382193 0.01195579 0.02534903 0.01204246 -0.04823133 0.00282073 0.05847681
888.5  -0.97162702 -0.21248348 0.02254852 -0.01536686 0.01462288 0.01603218 -0.01712936 -0.03881646 -0.01892767 0.04799337
889.0  0.59816068 0.17690790 0.01552542 -0.00581561 -0.00359206 0.00055329 -0.02119663 -0.01420655 -0.02852236 0.02753138
889.5  0.27826414 -0.04874332 -0.00276678 0.02047207 -0.01570876 -0.00142896 0.03421199 0.02010382 -0.02145041 0.00332142
890.0  -0.92599947 -0.10831597 -0.01825597 -0.00827729 -0.01139557 -0.00340947 -0.03374331 0.03500740 -0.00029332 -0.02005735
890.5  0.75730851 0.20555094 -0.01827306 -0.01352309 0.00631195 0.00109661 0.01206165 0.03534661 0.02009502 -0.04126857
891.0  0.09159735 -0.18777224 -0.00089628 0.01954484 0.01702371 0.00060121 0.00819969 0.01758190 0.03233950 -0.05525393
891.5  -0.85351548 0.07276710 0.01561046 -0.00181181 0.00673128 -0.00096018 -0.02906251 -0.01001893 0.03574980 -0.06208060
892.0  0.87559103 0.07233552 0.02244106 -0.01888346 -0.01131612 -0.00420864 0.03600048 -0.02832381 0.03001922 -0.06238208
892.5  -0.18730583 -0.17939205 0.01150085 0.01646150 -0.01426392 -0.00493990 -0.02012790 -0.03747053 0.01363827 -0.04919897
893.0  -0.63204266 0.21102916 -0.00825349 0.00893454 0.00030371 0.00029908 -0.00721329 -0.02500668 -0.00613246 -0.02792147
893.5  0.97106793 -0.16032404 -0.02187721 -0.02295412 0.01563531 0.00396077 0.03138408 0.00137866 -0.02433408 -0.00084447
894.0  -0.59917564 0.04328613 -0.01824070 0.00443293 0.00964268 0.00544061 -0.03416447 0.02585141 -0.03728644 0.02660230
894.5  -0.21531216 0.10310478 -0.00176024 0.02062101 -0.00868798 0.00235871 0.01620175 0.03434274 -0.03153782 0.04809761
895.0  0.87365374 -0.22044133 0.01648526 -0.01622353 -0.01627770 -0.00373611 0.01349952 0.02105321 -0.01474909 0.06078779
895.5  -0.84954973 0.24456501 0.02240374 -0.00847890 -0.00267909 0.00120180 -0.03379658 -0.00728808 0.00605741 -0.06412850
896.0  0.12796879 -0.14466929 0.00804408 0.02033601 0.01446213 0.00617712 0.03888537 -0.01799307 0.03025557 0.06261520
896.5  0.70475179 -0.04214916 -0.01423407 -0.00957584 0.01173989 0.01995870 -0.01269158 -0.02688295 0.03688249 -0.05111460
897.0  -0.93223898 0.21726423 -0.02309557 -0.01676233 0.00113803 0.01147028 -0.00911020 -0.01819903 0.02752133 0.03522130
897.5  0.35607335 -0.28100598 -0.01057728 0.02631441 -0.00463659 -0.00314523 0.03320008 -0.00011757 -0.00732347 -0.01434440
898.0  0.52336566 0.19430584 0.01037253 -0.00147665 0.00371946 -0.00644336 -0.03739492 0.02446067 -0.01241378 -0.00767820
898.5  -0.95284935 -0.00304937 0.02247993 -0.02508270 0.00221592 -0.00234347 0.02983521 0.03239464 0.02896520 0.03021811
899.0  0.55652346 -0.19155923 0.01541971 0.01869970 -0.00639282 0.00395466 0.00498777 0.02722258 -0.03521472 -0.05058447
899.5  0.34227984 0.28505866 -0.00513941 0.01138843 0.00589041 0.00308773 -0.02669498 0.00948996 0.02817378 0.06153438
900.0  -0.93674926 -0.22031921 -0.02180533 -0.02586899 0.00078169 -0.00087544 0.03863901 -0.01652372 -0.01155306 -0.06448545
900.5  0.63143554 0.02791271 -0.01852388 0.00828817 -0.00650430 -0.00167358 -0.03277198 -0.03164582 -0.00711797 0.06024456
901.0  0.30766640 0.18086283 0.00243218 0.01870863 0.00525449 -0.00998579 0.00677000 -0.03201861 0.02569379 -0.04896774
901.5  -0.93743050 -0.28063618 0.02102071 -0.02214931 0.00084333 -0.00779190 0.01903652 -0.02336203 -0.03309861 0.03144540
902.0  0.63205912 0.21735838 0.01969037 -0.00282702 -0.00624950 0.00235500 -0.03979331 -0.00170312 0.03265157 -0.00882036
902.5  0.27082080 -0.03744709 0.00089109 0.02308501 0.00569463 0.00335927 0.04084272 0.01730634 -0.02103906 -0.01676225
903.0  -0.90987946 -0.15813675 -0.01710682 -0.01385278 0.00375046 0.00815997 -0.01670820 0.03419439 -0.00033069 0.03963869
903.5  0.75893683 0.27664753 -0.02230311 -0.01421785 -0.00927028 0.00759243 -0.01467226 0.02979349 0.01594757 -0.05714107
904.0  0.00680309 -0.27190589 -0.01038787 0.02137782 0.00349519 -0.00371575 -0.03488189 0.01987463 -0.02878813 0.05861267
904.5  -0.75992448 0.14979046 0.01040343 0.00240540 0.00723451 -0.00851555 -0.04534309 0.00492962 0.03091755 -0.05072019
905.0  0.91572767 0.03733704 0.02273991 -0.02010359 -0.01368795 -0.00898243 -0.03069962 -0.01777248 -0.01807707 0.03381621
905.5  -0.34765966 -0.20978822 0.01743480 0.00874491 0.00379802 -0.00466264 0.00527849 -0.03101012 0.00478478 -0.01344343
906.0  -0.50455481 0.28882027 0.00008299 0.00855644 0.01890152 0.01199386 0.03455824 -0.03016905 0.01811171 -0.00968027
906.5  0.95129051 -0.23800111 -0.01768337 -0.01131917 -0.01729575 0.02600003 0.03826942 -0.02193387 -0.02807827 0.03343951
907.0  -0.61755207 0.08561105 -0.02194372 0.00175393 -0.01044805 0.01883248 0.01146619 -0.00015642 0.03226698 -0.04734264
907.5  -0.22204778 0.09327290 -0.00880298 0.01022648 0.02421689 -0.01037456 -0.01352654 0.01885464 -0.02750761 0.05682381
908.0  0.88149314 -0.21899227 0.01093862 -0.00576719 -0.00304052 -0.03818643 -0.01400691 0.03446911 0.01066901 -0.05675568
908.5  -0.84115380 0.25062122 0.01800105 -0.00546097 -0.02401333 -0.03297226 -0.00398965 0.03733556 0.00419055 0.04391294
909.0  0.13761027 -0.18895152 0.01575831 0.00528517 0.01961132 0.00176161 0.00212084 0.02386325 -0.02024242 -0.02389187
909.5  0.68406530 0.06290025 0.00159149 0.00245327 0.01088006 0.03130794 0.00646522 -0.00012484 0.02831214 -0.00155619
910.0  -0.95503730 0.08500693 -0.01448569 -0.00449124 -0.02456000 0.03450124 0.00482295 -0.02566425 -0.01196556 0.03687783
910.5  0.39936122 -0.20004847 -0.01986819 -0.00053435 0.00442416 0.00738043 -0.00333182 -0.04095537 -0.00370845 -0.05022623
911.0  0.53577084 0.22627480 -0.00938137 0.00493062 0.02249411 -0.02500817 -0.00179579 -0.04248749 0.01327245 -0.05795237
911.5  -0.96682982 -0.13584507 0.01167944 -0.00175371 -0.02026705 -0.03806797 0.00248369 -0.03040588 -0.02496299 -0.05793186
912.0  0.44867750 -0.03462799 0.02160657 -0.00247661 -0.00694983 -0.02189309 0.00026024 -0.01429700 0.02916934 -0.05303108
912.5  0.50360989 0.18834031 0.01147409 0.00267686 0.02552022 0.00891212 0.00120077 0.00906233 -0.04003528 -0.03515201
913.0  -0.96680549 -0.23554558 -0.00787469 0.00129697 -0.01147412 0.03527994 -0.00230656 0.02630508 0.01727166 -0.03772727
913.5  0.55442288 0.15665884 -0.02127117 0.00252162 -0.01621010 0.03451523 -0.00903020 0.03567751 -0.02672222 -0.00810090
914.0  0.32135049 -0.00298199 -0.01591031 -0.00052649 0.02197669 0.00522433 -0.00530623 0.03476039 0.02270536 0.01378691
914.5  -0.92429634 -0.14583725 0.00188562 -0.00323825 0.00221898 -0.02564658 0.00427411 0.01969614 -0.00892282 0.03686949
915.0  0.78884404 0.22337115 0.01734923 0.00607336 -0.02294427 -0.03572812 0.01839497 -0.00525269 -0.00545340 0.05394732
915.5  -0.02414556 -0.19880363 0.01946563 -0.00048780 0.00530716 -0.01580157 0.03095363 -0.02682863 0.02136722 0.06402153
916.0  -0.76822536 0.08502013 0.00596708 -0.00288362 0.01517282 0.01442182 0.03299442 -0.01218373 -0.02998999 0.06524323
916.5  0.92850082 0.06722830 -0.01241656 -0.00099217 -0.01203436 0.02817730 0.00491291 0.02232464 -0.02588504 0.06057722
917.0  -0.29443538 -0.18755973 -0.02067703 -0.00123826 -0.00601790 0.03230120 -0.00345448 0.02929503 0.01018994 0.04700287
917.5  -0.59907646 0.21776687 -0.00896390 -0.00108399 0.01756442 0.01779769 -0.03537007 0.02285543 0.00574942 0.03095945
918.0  0.96737162 -0.14010144 0.01082986 0.00394045 -0.00912508 -0.00236697 0.03544476 0.01267244 -0.02116753 0.01115000
918.5  -0.49873858 -0.01056926 0.02048119 0.00540503 -0.01104824 -0.03015542 -0.01824052 -0.00730432 0.02870741 -0.01086691
919.0  -0.38667406 0.16389846 0.01142409 -0.00007346 0.01813246 -0.03185195 -0.00811091 -0.02271311 -0.02717945 -0.03293829
919.5  0.94240581 -0.24598981 -0.00699103 -0.00596043 -0.00545687 -0.00756132 0.03240753 -0.02600406 0.01937077 -0.05154251
920.0  -0.71366249 0.20718080 -0.01975354 -0.00546504 -0.01135445 0.02012105 -0.03541098 -0.02020998 -0.00572273 -0.06444844
920.5  -0.11822794 -0.05329272 -0.01564989 -0.00062039 0.01566230 0.03503232 0.01545435 -0.00535024 -0.00865334 -0.07080711
921.0  0.85337357 -0.14473912 0.00375880 0.00574036 -0.00500293 0.01791463 0.01115500 0.01163676 0.01943380 -0.06589030
921.5  -0.82661444 0.27208047 0.01889413 0.00699621 -0.00823927 -0.01199485 -0.03175995 0.02371056 -0.02841904 -0.05168574
922.0  0.03938703 -0.23797027 0.01677549 0.00116724 0.01079853 -0.02988904 0.03759806 0.02642958 0.02881786 -0.04025561
922.5  0.77907488 0.05686833 -0.00112811 -0.00437762 -0.00341486 -0.03139839 -0.01861610 0.01735617 -0.02513545 -0.01782775
923.0  -0.88838864 0.15823191 -0.01849077 -0.00701666 -0.00712233 -0.00600191 -0.00934782 0.00476098 0.01309808 0.00798399
923.5  0.23718709 -0.28213544 -0.01820787 0.00068126 0.00579465 0.02446386 0.03161596 -0.01388950 0.00410725 0.02841208
924.0  0.58986522 0.26016809 -0.00393890 0.00668784 0.00136488 0.03313252 -0.03660850 -0.02234576 -0.02039186 0.05072586
924.5  -0.95170815 -0.11952910 0.01247948 0.00061111 -0.00513627 0.02247253 0.00924852 -0.01618595 0.03243466 0.06762285
925.0  0.60992513 -0.06868752 0.02031474 -0.00029446 -0.00018584 -0.00859085 0.02160849 -0.00932169 -0.02401930 0.06946370
925.5  0.17795656 0.22670962 0.01149184 -0.00539915 0.00209642 -0.03679609 -0.03246536 0.01062867 0.00354355 0.06380715
926.0  -0.84116510 -0.29107459 -0.00704910 -0.00195170 -0.00162961 -0.03120663 0.02835851 0.01946734 0.01701133 0.04466425
926.5  0.86375922 0.23008676 -0.01899365 0.00454457 -0.00342102 -0.01084397 0.00185821 0.01333112 -0.03177362 0.01665440
927.0  -0.18757315 -0.06074189 -0.01640835 0.00375803 0.00517760 0.02062034 -0.03677735 -0.00579771 0.02089101 -0.01298017
927.5  -0.65416422 -0.14626508 -0.00029538 -0.00192658 -0.00123255 0.03859932 0.04066430 0.00732089 0.00091954 -0.03989253
928.0  0.93338350 0.28991573 0.01628741 -0.00648208 -0.00351646 0.02815025 -0.02297903 0.01512369 -0.02186847 -0.06027478
928.5  -0.39515687 -0.29319082 0.02059330 -0.00337883 0.00163935 -0.00932631 -0.01679618 0.02354508 0.02386695 -0.06971903
929.0  -0.48450285 0.15045823 0.00700073 0.00554885 -0.00027581 0.01192043 0.04462432 0.01322580 -0.02516246 -0.06746847
929.5  0.93830417 0.06886365 -0.00699049 0.00310759 -0.00028268 0.02619781 -0.04854785 0.00281149 0.01041104 -0.05006986
930.0  -0.58156684 -0.25909649 -0.01185475 -0.00396700 -0.00254317 0.02365484 0.02316875 -0.02300992 0.00281233 -0.02244136
930.5  -0.28426819 0.32788816 -0.00948863 -0.00082072 0.00300753 0.00356570 0.00816127 -0.02970986 -0.01460372 0.01197681
931.0  0.90631151 -0.23733027 0.00159364 0.00569098 0.00140136 -0.01953832 -0.04281339 -0.02276747 0.02457406 0.04007743
931.5  -0.68894423 0.02690766 0.01069940 0.00165907 -0.00331937 -0.02352014 0.05074578 -0.01932018 -0.02444027 0.06044952
932.0  -0.20875039 0.19395380 0.01011863 -0.00113041 0.00166996 -0.01690240 -0.03814876 -0.00089845 0.02053425 0.07023975
932.5  0.90750841 -0.30178301 0.00068804 -0.00488944 0.00297536 0.00204162 0.01187886 0.01202145 -0.01226335 0.06916508
933.0  -0.68396940 0.24453130 -0.00887352 -0.00405661 -0.00398374 0.01953633 0.01766674 0.02308103 -0.00377790 0.05782197
933.5  -0.22324491 -0.06860349 -0.01133955 0.00553458 0.00138385 0.02711756 -0.04591412 0.02253322 0.01381125 0.03950138
934.0  0.90545665 -0.12574499 -0.00406638 0.00687542 0.00309885 0.02197781 0.04657169 0.02415932 -0.02449729 0.01555985
934.5  -0.75425505 0.25152593 0.00800438 0.00293530 -0.00391823 -0.00254812 -0.03287474 0.00549160 0.02303829 -0.01245339
935.0  -0.04564741 -0.26894320 0.01128562 -0.00302612 -0.00039914 0.02230981 -0.00153804 -0.01360120 -0.00793756 -0.03773620
935.5  0.80042082 0.17924556 0.00722646 0.00048140 0.00609408 0.02158297 -0.03721029 -0.01546228 -0.01246567 -0.05887603
936.0  -0.89453035 -0.01546394 -0.00267830 0.00343432 -0.00187866 -0.00138494 -0.04210635 0.02732001 0.02339636 -0.07015019
936.5  0.24194041 -0.16134815 -0.01081422 -0.00002635 -0.00328077 -0.02140094 -0.01854901 -0.01962539 -0.02419869 -0.06999602
937.0  0.62631757 0.26951689 -0.00902595 -0.00295811 0.00380038 -0.00815801 0.01724966 0.00587747 0.02324698 -0.05850385
937.5  -0.94735589 -0.24459176 0.00056555 -0.00459536 0.00045586 0.01830117 0.03510762 0.01231528 -0.01801958 -0.04147876
938.0  0.40473604 0.08741612 0.00974651 -0.00563407 -0.00472258 0.03088545 0.03189486 -0.02687828 0.01027668 -0.01576989
938.5  0.51462834 0.11860741 0.00995883 0.00074941 0.00294573 0.01931000 0.00535377 0.03078891 -0.00104416 0.00871053
939.0  -0.95702605 -0.25532054 0.00109284 0.00568943 0.00234799 -0.01171443 -0.02114799 -0.02645720 -0.00827928 0.03212784
939.5  0.53307097 0.25097437 -0.00823413 0.00342093 -0.00425957 -0.03678309 -0.03083662 0.01252115 0.01673941 0.05379443
940.0  0.35307528 -0.11988708 -0.01002881 0.00161442 0.00192717 -0.03014791 -0.02362365 0.00414489 -0.02138178 0.06686163
940.5  -0.93272165 -0.06198904 -0.00311694 -0.00915678 0.00392240 -0.00014105 -0.00054144 -0.02155932 0.02366232 0.07067585
941.0  0.73044630 0.20770118 0.00645732 -0.00658111 -0.00530448 0.03190416 0.02020090 0.02909642 -0.01892913 0.06308546
941.5  0.08656871 -0.25631878 0.01177385 0.00534849 -0.00085369 0.04103502 0.02579603 -0.02650605 0.01022864 0.04816077
942.0  -0.83639142 0.18604552 0.00534677 0.00864735 0.00468434 0.01850144 0.01811701 0.01203057 0.00108320 0.02848809
942.5  0.86158923 -0.02386052 -0.00530184 0.00375933 -0.00329768 -0.01553391 0.00129587 0.00588793 -0.01371321 0.00309980
943.0  -0.12658532 -0.15740830 -0.01657864 -0.00431593 -0.00149480 -0.04079536 -0.01172555 -0.01926808 0.02419354 -0.01615742
943.5  -0.71197387 0.26730179 -0.01347839 -0.00687337 0.00712562 -0.04056597 -0.02001779 0.02513027 -0.02941852 -0.03416121
944.0  0.93226901 -0.24666791 0.00308882 -0.00095037 -0.00392610 -0.01897540 -0.01456641 -0.01433350 0.02547967 -0.05009436
944.5  -0.39709583 0.10232599 0.01663801 0.00364326 -0.00635268 0.01983028 -0.00671079 0.00122124 -0.00580597 -0.06025475
945.0  -0.42650251 0.09872326 0.01593118 0.00308915 0.00833936 0.04409696 0.00481033 -0.00661310 -0.01803007 -0.06399019
945.5  0.92178906 -0.26506786 0.00044697 -0.00125085 0.00015938 0.04090093 0.01160647 -0.00337725 0.03587194 -0.06066294
946.0  -0.75112445 0.31681115 -0.01396153 -0.00297377 -0.00885621 0.00760007 0.01212189 -0.00905838 -0.03379558 -0.05087689
946.5  0.03473363 -0.21773859 -0.01821780 0.00152111 0.00579264 -0.03009527 0.00834284 0.00635723 0.01632402 -0.03554870
947.0  0.71681376 0.00133790 -0.00656049 0.00334813 0.00292808 -0.04835883 0.00075821 0.00853478 0.00578096 -0.01718757
947.5  -0.91363224 0.22783205 0.01199370 0.00218593 -0.00760191 -0.03156247 -0.00831110 -0.01717159 -0.02273528 0.00132253
948.0  0.35492797 -0.33605911 0.01801560 -0.00346580 0.00293787 0.01062463 -0.01258468 0.02112934 0.03033938 0.02157171
948.5  0.51591413 0.24891949 0.00846531 -0.00347470 0.00615109 0.04053707 -0.01113050 -0.01107496 -0.02703522 0.03819574
949.0  -0.93689110 -0.01464197 -0.00964215 0.00012891 -0.00279622 0.04573788 -0.00174882 -0.00413705 0.01762297 0.05032984
949.5  0.53415813 -0.22480311 -0.01919964 0.00115839 -0.00035063 0.01664250 0.00749084 0.01840280 -0.00474863 0.06081766
950.0  0.32664611 0.33648279 -0.01116454 0.00122117 0.00671676 -0.02820983 0.01244752 -0.02544759 -0.00845260 0.06348593
950.5  -0.90424417 -0.27255789 0.00693692 0.00042821 -0.00430376 -0.04619063 0.01381993 0.02172342 0.02089763 0.05729492
951.0  0.72533101 0.07473545 0.01863520 0.00142215 -0.00498348 -0.03200637 0.00280414 -0.00630745 -0.02739274 0.04684114
951.5  0.06018977 0.16110928 0.01444902 -0.00111063 0.00873216 0.00856877 -0.00815640 -0.01062865 0.02787125 0.02703095
952.0  -0.80015620 -0.32584183 -0.00116038 -0.00099205 -0.00317754 0.04129583 -0.01882100 0.02318315 -0.02006557 0.00568017
952.5  0.83709708 0.33382687 -0.01644604 0.00140135 -0.00477622 0.04063372 -0.02036840 -0.02538566 0.00574566 -0.01443618
953.0  -0.10301067 -0.16442632 -0.01639918 -0.00174645 0.00861505 0.01668943 -0.00663893 0.01797842 0.00983826 -0.03312288
953.5  -0.72855124 -0.10246663 -0.00171308 0.00011634 -0.00149475 -0.01710553 0.01379331 -0.00541779 -0.02107782 -0.04936539
954.0  0.86446316 0.32229996 0.01478694 -0.00102011 -0.00741931 -0.03049874 0.03523777 -0.00859374 0.02916247 -0.05955810
954.5  -0.20047768 -0.37614623 0.01843528 -0.00122326 0.00540099 -0.01409269 0.04561303 0.01496895 -0.03011606 -0.06435563
955.0  -0.62678968 0.24511060 0.00622418 0.00229935 0.00362396 -0.00137884 0.01646822 -0.01908804 0.02389636 -0.06412932
955.5  0.90961701 -0.00415912 -0.01044365 0.00565411 -0.00840823 -0.00205968 -0.02031877 0.01641108 -0.01145518 -0.05625502
956.0  -0.45265705 -0.23265381 -0.01902637 -0.00230118 -0.00456236 -0.00311864 -0.04634265 -0.01746608 -0.01020930 -0.03109956
956.5  -0.36359672 0.36817245 -0.01387076 -0.00138556 0.01179571 -0.00321192 -0.04395194 0.02434671 0.01517558 -0.00224923
957.0  0.89637889 -0.34762871 -0.00188680 0.00522294 -0.00339121 0.00430248 -0.01140195 -0.01968626 -0.02722457 0.03011255
957.5  -0.69983169 0.17814223 0.01386974 -0.00051268 -0.01054978 0.00615176 0.02122744 0.00372344 0.02636435 0.05473863
958.0  -0.10085520 0.06870355 0.02528196 -0.00482659 0.01176335 0.00782472 0.04546223 0.01798677 -0.01685551 0.06950261
958.5  0.82747132 -0.27663385 0.01640028 0.00351130 0.00202294 0.00563726 0.04263604 -0.02577727 0.00468377 0.07062187
959.0  -0.80992556 0.34351046 -0.00804907 0.00057795 -0.01264017 -0.00374335 0.01692965 0.02570293 0.00949885 0.05680863
959.5  0.04999078 -0.24108824 -0.02443305 -0.00426910 0.00744501 -0.01299025 -0.01548765 -0.01285780 -0.02180057 0.03603575
960.0  0.75233197 0.02779823 -0.02020359 0.00326079 0.00587826 -0.01577325 -0.04077986 -0.00505161 0.02838179 0.00728644
960.5  -0.88830475 0.19060199 -0.00057354 0.00271591 -0.01217855 -0.00949973 -0.04577747 0.01930515 -0.02566954 -0.02538182
961.0  0.27119529 -0.31798641 0.02085125 -0.00402329 0.00330917 0.00504822 -0.02124074 -0.02736540 0.01773917 -0.04932851
961.5  0.56482082 0.30525200 0.02515576 -0.00195186 0.01259276 0.01986897 0.01174333 0.01942665 -0.00308665 -0.06612782
962.0  -0.93831406 -0.15784490 0.00887703 0.00598623 -0.01223599 0.01590815 0.03915848 -0.00788123 -0.01482988 -0.06702839
962.5  0.53583892 -0.06487686 -0.01304600 0.00166588 -0.00534933 0.00395698 0.04699926 -0.00632709 0.02465394 -0.05057851
963.0  0.33103626 0.26028445 -0.02612035 -0.01886431 0.00364190 -0.01269314 0.02401950 0.00413088 -0.03709551 -0.03089875
963.5  -0.91614848 -0.32521899 -0.01700563 0.00737048 0.00200850 -0.02242783 -0.00550214 -0.00146385 0.03262054 -0.00871041
964.0  0.67825229 0.22038516 0.00934887 0.01379247 -0.00117982 -0.01665774 -0.03399398 0.00832051 -0.02122156 0.01810192
964.5  0.17429648 -0.00538451 0.02665637 -0.01384369 -0.00075900 -0.01412732 -0.04349902 -0.01229997 0.00742890 0.03609241
965.0  -0.86774426 -0.19976243 0.01894214 -0.00431916 0.00390056 0.00216944 -0.03307973 0.02040217 0.01002502 0.05184157
965.5  0.81089941 0.29745648 -0.00519568 0.01868951 -0.00154627 0.02322943 -0.01192539 -0.02176023 -0.02190518 0.06315394
966.0  -0.08459424 -0.25834207 -0.02455179 -0.00586764 -0.00140697 0.03639812 0.01685765 0.01240545 0.03162542 0.06773460
966.5  -0.70736174 0.11280950 -0.02245613 -0.01374869 -0.00013661 0.02747289 0.03228239 0.00140358 -0.02923775 0.06560636
967.0  0.93428827 0.07550000 -0.00407872 0.01672231 0.00096466 -0.00370415 0.03128097 -0.01487887 0.02062991 0.05427467
967.5  -0.39975798 -0.23285733 0.01558892 0.00197684 0.00041247 -0.03188212 0.01449244 0.02521281 -0.00801249 0.03590246
968.0  -0.47985475 0.28814786 0.02167618 -0.01682472 -0.00519819 -0.03870753 -0.01040873 -0.02225801 -0.00597353 0.01262641
968.5  0.94875572 -0.20171943 0.00775304 0.00950237 0.00584852 -0.01696312 -0.02920225 0.01373981 0.01885786 -0.01108182
969.0  -0.56108069 -0.00054623 -0.01197708 0.00918824 0.00359845 0.01341157 -0.03078686 -0.00068339 -0.02722642 -0.03252311
969.5  -0.34248385 0.21586892 -0.01996473 -0.01442316 -0.00755433 0.03607021 -0.01938721 -0.01468421 0.03186874 -0.05092519
970.0  0.92345566 -0.31692024 -0.01259402 0.00205269 0.00379229 0.03643203 0.00348078 0.01994166 -0.02896525 -0.06504099
970.5  -0.67027671 0.23865369 0.01073421 0.01294994 0.00499637 0.00873732 0.02667172 -0.02303088 0.01815716 -0.07299202
971.0  -0.15334309 -0.02146237 0.02162189 -0.01249413 -0.00909900 -0.01905334 0.03255126 0.01290189 -0.00270298 -0.07274401
971.5  0.83413261 -0.21386233 0.01190396 -0.00454553 -0.00362283 -0.03806162 0.02100290 -0.00200637 -0.01849255 -0.06258601
972.0  -0.83472973 0.34328399 -0.00784782 0.01369424 0.01147579 -0.02961397 0.00028376 -0.00683272 0.03207386 -0.04298672
972.5  0.16481073 -0.29569934 -0.02114795 -0.00500249 -0.00436590 0.00132356 -0.02794524 0.01310104 -0.03624607 -0.02240324
973.0  0.64549168 0.08464092 -0.01544284 -0.01143009 -0.00923621 0.02220832 -0.03969107 -0.00983384 0.03075026 -0.00258632
973.5  -0.91601444 0.18142846 0.00447688 0.01122368 0.01509463 0.02986413 -0.03401535 0.00664979 -0.01073528 0.01850747
974.0  0.37663465 -0.34686088 0.01970223 0.00444554 -0.00127165 0.02135112 -0.01398797 -0.00882898 -0.00623568 0.03529543
974.5  0.50950846 0.30611359 0.01675437 -0.01071375 -0.01681608 0.01562764 0.02101760 0.01351815 0.02272323 0.04981817
975.0  -0.92808173 -0.08442426 -0.00349378 0.00350862 0.01305137 0.01628176 0.04234315 -0.02041098 -0.03109082 0.06138774
975.5  0.51004152 -0.18074179 -0.02054253 0.00519401 0.00531205 0.00781509 0.04545922 0.01489017 0.03045022 0.06972111
976.0  0.34244117 0.34404275 -0.01781180 -0.00673551 -0.01874629 -0.01132958 0.02548418 -0.00540155 -0.02586124 0.07176266
976.5  -0.89604824 -0.33415073 0.00001881 -0.00018729 0.00908882 -0.02431047 -0.00804169 -0.00990593 0.01530629 0.06443326
977.0  0.72435875 0.16799323 0.01786046 0.00500198 0.01311726 -0.02026881 -0.04318522 0.02279467 -0.00075762 0.04858939
977.5  0.01700144 0.07757736 0.02080515 -0.00193439 -0.01941103 -0.00146308 -0.04014412 -0.02489894 -0.01045945 0.02420685
978.0  -0.74345720 -0.29908825 0.00737741 -0.00600698 -0.00027383 0.02321729 -0.01230090 0.01618597 0.02283112 -0.00241274
978.5  0.86934210 0.39341766 -0.01189197 0.00523615 0.01914203 0.02833215 0.02222785 -0.00154228 -0.02880982 -0.02794045
979.0  -0.27125943 -0.30089824 -0.02129470 0.00365557 -0.01343342 0.01019554 0.04731399 -0.01450621 0.03036445 -0.04829610
979.5  -0.55891883 0.05089114 -0.01222085 -0.00705529 -0.00824661 -0.01747316 0.03319172 0.02317202 -0.02250632 -0.06335786
980.0  0.89968247 0.23697438 0.00773203 0.00029652 0.01848284 -0.02887575 -0.00002237 -0.02340716 0.00971715 -0.06980681
980.5  -0.45507313 -0.41230620 0.02104644 0.00639157 -0.00674052 -0.01951496 -0.03033789 0.01854140 0.00744571 -0.06937065
981.0  -0.37338928 0.38664046 0.01575731 -0.00095416 -0.01498963 0.00187635 -0.04301456 -0.00674416 -0.02184894 -0.05859034
981.5  0.88026628 -0.18345505 -0.00139846 -0.00627700 0.01519716 0.02475344 -0.02712461 -0.01066154 0.03319242 -0.03695712
982.0  -0.66463107 -0.09560264 -0.01694418 0.00418949 0.00783852 0.02669763 0.00370544 0.01856988 -0.03349676 -0.00850504
982.5  -0.09043009 0.32727246 -0.02050205 0.00718353 -0.01755207 0.01933875 0.02844947 -0.01754626 0.02302242 0.02201109
983.0  0.78125858 -0.41586605 -0.00738776 -0.00459796 -0.00311514 0.00424635 0.03895085 0.01239744 -0.00794364 0.04875329
983.5  -0.82112408 0.32097859 0.01092296 -0.01815188 0.00630147 -0.01634208 0.03367780 -0.02701194 -0.00913233 0.06425544
984.0  0.12604876 -0.07641472 0.02147440 0.01854660 0.00424042 -0.02973107 0.02719622 0.01410827 0.02039816 0.07051403
984.5  0.70452624 -0.20490070 0.01277419 0.00953598 -0.00276111 -0.02621366 -0.01664226 0.03891883 -0.00136425 0.06713869
985.0  -0.85916452 0.37619956 -0.00678214 -0.02237623 -0.00816988 0.02219284 -0.03421349 0.02150104 0.01827786 0.05716981
985.5  0.15984651 -0.34103072 -0.02020160 0.00646498 0.01098915 0.04264206 -0.00968988 -0.00129154 -0.01312528 0.03765549
986.0  0.69826853 0.11961222 -0.01632012 0.01571845 0.00589453 0.03205449 0.01707236 -0.02187352 0.00408003 0.01599549
986.5  -0.87044772 0.16358289 0.00386825 -0.01510225 -0.01644690 0.00100996 0.03904365 -0.02871887 0.00579581 -0.00561547
987.0  0.21510108 -0.35649846 0.01902790 -0.00403595 0.00631614 -0.02985699 0.04245927 -0.02351154 -0.01550276 -0.03107996
987.5  0.63438659 0.36082980 0.01841855 0.01690442 0.01251826 -0.04104663 0.02198978 -0.00885152 0.02127498 -0.05106505
988.0  -0.90187482 -0.17594521 0.00271398 -0.00464250 -0.01487564 -0.02557481 -0.00943739 0.00637818 -0.02070231 -0.06241602
988.5  0.35157813 -0.10177408 -0.01623526 -0.01293570 -0.00274841 0.00670629 -0.03732720 0.02023716 0.01415728 -0.06010382
989.0  0.51963400 0.32427330 -0.02106927 0.01326083 0.01369632 0.03196349 -0.04838485 0.02131075 -0.00507605 -0.04937236
989.5  -0.92030186 -0.37072545 -0.00724631 0.00519291 -0.00611972 0.03564236 -0.03587018 0.01223271 -0.00794962 -0.03174206
990.0  0.48845738 0.22014854 0.01312375 -0.01740782 -0.01269842 0.02010115 -0.00316757 0.00159065 0.01597349 -0.00747490
990.5  0.37525001 0.03453846 0.02139424 0.00499390 0.01428018 -0.00406208 0.03351319 -0.01298889 -0.02013677 0.01777007
991.0  -0.90936747 -0.25607231 0.01738819 0.01378337 0.00330290 -0.02303552 0.05866778 -0.00632523 0.01906131 0.04064510
991.5  0.69689162 0.35034930 -0.00216434 -0.01289557 -0.01631016 -0.02656894 0.05262615 0.01166969 -0.00998572 0.05762750
992.0  0.04603581 -0.30155164 -0.01893490 -0.00846318 0.00607900 -0.01504784 0.01148846 0.00763734 -0.00411301 0.06022039
992.5  -0.74603678 0.14994010 -0.02168749 0.01441915 0.01312351 0.00597294 -0.03105948 -0.00889775 0.01534393 0.05108987
993.0  0.91265192 0.04605931 -0.00764726 0.00575946 -0.01299775 0.03284141 -0.04043999 -0.03745025 -0.01569873 0.03315330
993.5  -0.42874859 -0.22835940 0.01031343 -0.00944340 -0.01314467 0.03929882 -0.00884486 -0.04195333 0.02259348 0.00683772
994.0  -0.38097564 0.33758645 0.02104332 -0.00442616 0.01708737 0.00595248 0.00344316 -0.02471170 -0.00550010 -0.01598079
994.5  0.90791558 -0.31680945 0.01715220 0.00720229 0.00435042 -0.03043476 0.00505942 0.00512941 -0.00405818 -0.03803563
995.0  -0.68587001 0.14441105 -0.00365281 -0.00003548 -0.01878946 -0.04437969 0.00921355 0.03570191 0.01329897 -0.05531829
995.5  -0.14082548 0.12143529 -0.02223901 -0.00761587 0.00963849 -0.02945501 0.02126759 0.04318614 -0.02181453 -0.06251858
996.0  0.84036835 -0.33994911 -0.01762917 0.00525529 0.00908344 0.00183531 0.01989256 0.03402524 0.01881688 -0.06358796
996.5  -0.76475797 0.36905137 0.00048684 0.00484781 -0.01688361 0.02862698 -0.00182133 0.00943228 -0.01375841 -0.05821661
997.0  -0.00544660 -0.17487832 0.02042264 -0.00870031 0.00613667 0.03300814 -0.02600896 -0.01608480 0.00395042 -0.04605080
997.5  0.76020143 -0.13122158 0.01908746 0.00121288 0.01192099 0.00860954 -0.03972054 -0.03663073 0.00830227 -0.03152287
998.0  -0.84094054 0.36498145 -0.00018356 0.00609981 -0.01572943 -0.02084115 -0.02463147 -0.03993321 -0.01236329 -0.01258474
998.5  0.19873936 -0.38814278 -0.01849993 -0.00621694 -0.00037251 -0.02555054 0.01133393 -0.01937293 0.01846608 0.00649253
999.0  0.60899208 0.18710439 -0.02017972 0.00018559 0.01599788 -0.01023596 0.03071672 0.01479846 -0.01652792 0.02582733
999.5  -0.90024331 0.11985033 -0.00344736 0.00844001 -0.00984853 0.02214382 0.01455975 0.04667215 0.00915993 0.04239423
1000.0  0.43211507 -0.35813381 0.01700326 -0.00553028 -0.00762533 0.03985535 -0.01294075 0.03967161 -0.00343278 0.05178521
