0.0  1.00000000 0.00000000 0.00000000 0.00000000 0.00000000 0.00000000 0.00000000 0.00000000 0.00000000 0.00000000
0.5  0.58787146 0.00066636 0.00014344 -0.00011240 0.00013401 0.00015395 0.00025130 0.00001611 0.00030965 -0.00082024
1.0  -0.29414793 -0.00028529 0.00005757 -0.00043268 0.00155414 0.00054116 0.00032184 0.00025173 0.00043861 -0.00095785
1.5  -0.93772335 -0.00162439 -0.00007431 -0.00151542 -0.00037509 0.00020304 0.00018912 0.00023032 0.00032261 -0.00084644
2.0  -0.84469483 -0.00169106 -0.00005606 -0.00136780 -0.00199346 -0.00044606 -0.00019444 0.00021560 0.00010890 -0.00089499
2.5  -0.07204749 -0.00062232 0.00000350 0.00105166 -0.00273403 -0.00023758 -0.00061244 0.00011331 -0.00004968 -0.00077633
3.0  0.77316953 0.00208729 -0.00008783 0.00121548 0.00076792 0.00031363 -0.00050871 -0.00007617 -0.00007965 -0.00030648
3.5  0.95797475 0.00311974 -0.00028045 0.00020752 0.00316372 0.00052356 -0.00000892 -0.00030257 -0.00022269 0.00085232
4.0  0.28460954 0.00108773 -0.00015955 -0.00080747 0.00188651 0.00007671 0.00050963 -0.00055498 -0.00049226 0.00241645
4.5  -0.64543803 -0.00173442 0.00029798 -0.00149099 -0.00215078 -0.00016001 0.00115057 -0.00083803 -0.00062287 0.00441941
5.0  -0.99458074 -0.00358612 0.00043029 -0.00042849 -0.00382234 -0.00024559 0.00092840 -0.00067903 -0.00039183 0.00432331
5.5  -0.50005958 -0.00217060 0.00018894 0.00083522 -0.00082176 -0.00028541 0.00002310 0.00018525 0.00006803 0.00671700
6.0  0.37555094 0.00111330 -0.00000854 0.00056259 0.00472665 -0.00035647 -0.00114397 0.00070207 0.00062357 0.00498386
6.5  0.95330207 0.00285396 -0.00016533 -0.00167630 0.00295242 0.00027040 -0.00134154 0.00077808 0.00105772 0.00369079
7.0  0.84925622 0.00312035 -0.00016635 -0.00266244 -0.00292047 0.00044047 -0.00019138 0.00035374 0.00091967 0.00114885
7.5  0.14958217 0.00078714 0.00015740 -0.00058006 -0.00602818 -0.00009128 0.00039418 -0.00016112 -0.00017300 -0.00221666
8.0  -0.66902814 -0.00174173 0.00002519 0.00141103 0.00011244 -0.00078993 0.00030304 -0.00023611 -0.00105385 0.00081532
8.5  -0.99715973 -0.00248785 -0.00014557 0.00284653 0.00638346 -0.00062751 -0.00017385 0.00001754 -0.00118733 0.00149682
9.0  -0.52393971 -0.00177792 -0.00017863 0.00068836 0.00489632 -0.00019632 -0.00044965 0.00032683 -0.00064562 -0.00186320
9.5  0.40514687 0.00076797 0.00014311 -0.00351213 -0.00436251 0.00060825 0.00032303 0.00013247 -0.00040438 0.00163655
10.0  0.98477421 0.00176717 -0.00042953 -0.00356896 -0.00754914 0.00070634 -0.00033247 0.00041380 -0.00008814 -0.00150843
10.5  0.69630161 0.00103838 0.00072620 0.00130445 -0.00068029 0.00075700 -0.00125786 -0.00039520 0.00025735 -0.00034058
11.0  -0.18929143 0.00012184 -0.00013943 0.00537336 0.00427991 0.00056351 0.00143366 0.00096864 0.00076810 0.00269578
11.5  -0.90657908 -0.00078793 -0.00037122 0.00045150 0.00603710 0.00061186 -0.00027522 -0.00060770 0.00087905 -0.00427791
12.0  -0.87748011 -0.00013083 0.00034792 -0.00535510 0.00000164 -0.00005277 -0.00065858 -0.00060014 0.00039159 0.00412725
12.5  -0.13143994 0.00013958 -0.00024377 -0.00317724 -0.00877702 -0.00057603 0.00119283 0.00124655 -0.00007110 -0.00626288
13.0  0.73280583 -0.00051595 -0.00022933 0.00331151 -0.00186460 -0.00051175 -0.00141992 -0.00119474 -0.00018566 0.00592738
13.5  0.97386629 -0.00081153 0.00013239 0.00565011 0.00548780 -0.00000767 0.00081278 0.00059912 -0.00009056 -0.00427392
14.0  0.33612340 -0.00094282 -0.00027432 0.00152816 0.00520686 0.00053348 0.00033170 -0.00005545 -0.00005188 0.00161542
14.5  -0.62009141 0.00087967 0.00035439 -0.00415817 0.00038503 0.00051558 -0.00143547 -0.00045762 -0.00024268 0.00248432
15.0  -0.99418215 0.00242179 0.00034766 -0.00818365 -0.00204892 0.00028825 0.00202390 0.00043452 -0.00036141 -0.00486287
15.5  -0.45670876 0.00114336 -0.00039980 -0.00189869 -0.00199212 0.00036975 -0.00155809 -0.00004356 -0.00014505 0.00780001
16.0  0.46378942 -0.00060268 0.00030482 0.00675571 -0.00180265 -0.00023751 0.00048316 -0.00005160 0.00005244 -0.00904424
16.5  0.98558550 -0.00316396 -0.00007300 0.00749433 0.00047519 -0.00077046 0.00100383 -0.00025886 0.00030341 0.00893135
17.0  0.75388747 -0.00290151 -0.00008773 -0.00146356 0.00275702 -0.00045738 -0.00214583 0.00046632 0.00052609 -0.01078117
17.5  -0.01264330 -0.00029193 0.00026627 -0.00615781 0.00183894 -0.00316037 0.00158085 0.00034130 0.00034521 0.00801986
18.0  -0.76900830 0.00225054 -0.00024670 -0.00214144 -0.00082785 -0.00095703 0.00012621 -0.00009529 -0.00047542 -0.00294320
18.5  -0.98264440 0.00412227 -0.00036180 0.00346147 -0.00317269 0.00225796 0.00100638 0.00021824 -0.00064671 -0.00173559
19.0  -0.46257326 0.00215681 0.00046601 0.00368716 -0.00117773 0.00319735 -0.00220254 -0.00013009 -0.00075049 0.00646829
19.5  0.43386817 -0.00133508 -0.00020742 -0.00049035 0.00216341 0.00222305 0.00081893 -0.00033203 -0.00064406 -0.00728604
20.0  0.98473081 -0.00355758 0.00048324 -0.00460807 0.00437845 -0.00054960 0.00031547 0.00005900 -0.00043888 0.00909624
20.5  0.71325719 -0.00327767 0.00032984 -0.00309452 0.00146950 -0.00287883 -0.00075496 -0.00010582 -0.00000801 -0.01299857
21.0  -0.14502029 0.00033463 -0.00045929 0.00294153 -0.00319650 -0.00308335 0.00200985 -0.00087786 0.00049646 0.01056904
21.5  -0.87451296 0.00280990 0.00010513 0.00727866 -0.00535729 -0.00084414 -0.00108400 0.00074868 0.00073743 -0.00827574
22.0  -0.92422861 0.00283900 -0.00016534 0.00231060 -0.00116435 0.00218353 -0.00058662 0.00024012 0.00050073 0.00523822
22.5  -0.29056352 0.00132150 -0.00043481 -0.00606936 0.00439142 0.00330392 0.00097006 0.00021170 -0.00001546 -0.00040166
23.0  0.55639510 -0.00141181 0.00050222 -0.00645398 0.00556634 0.00131533 -0.00197496 0.00090842 -0.00058084 -0.00432959
23.5  0.99655131 -0.00192542 0.00002007 0.00127208 0.00083655 -0.00156010 0.00138668 -0.00138226 -0.00060998 0.00727005
24.0  0.66647170 -0.00092543 -0.00046591 0.00650383 -0.00352646 -0.00301318 0.00106243 0.00035623 -0.00003613 -0.00900951
24.5  -0.21520101 -0.00017704 0.00037773 0.00347122 -0.00571683 -0.00256405 -0.00113772 -0.00037431 0.00062296 0.01173032
25.0  -0.92451206 0.00077144 0.00015442 -0.00356594 -0.00122356 -0.00064084 0.00164047 -0.00014172 0.00061315 -0.01322648
25.5  -0.83853732 -0.00009970 -0.00009987 -0.00598210 0.00471222 0.00128273 -0.00187777 0.00090659 0.00011452 0.01349860
26.0  -0.03905881 -0.00027355 0.00048088 -0.00050829 0.00543121 0.00234222 0.00035893 -0.00072927 -0.00017536 -0.01399207
26.5  0.77991636 0.00114652 -0.00016990 0.00306455 -0.00373094 0.00432282 -0.00156946 0.00100890 0.00036064 0.01257865
27.0  0.97289908 0.00138107 -0.00032582 -0.00320677 -0.00738407 0.00359026 -0.00294801 0.00047723 0.00065914 -0.01116026
27.5  0.43396525 0.00123439 0.00014630 -0.00487028 -0.00074524 0.00046212 -0.00374849 -0.00037711 -0.00022427 0.00730199
28.0  -0.42058592 -0.00080506 -0.00048187 0.00199698 0.00988558 -0.00325996 -0.00148089 0.00058067 -0.00182413 -0.00247575
28.5  -0.97042032 -0.00332871 0.00012459 0.00579972 0.00643418 -0.00200466 0.00348916 0.00014412 -0.00260874 -0.00292293
29.0  -0.78037183 -0.00272249 0.00024302 0.00184544 -0.00476938 0.00314817 0.00237908 -0.00008438 -0.00228964 0.00842316
29.5  0.05451834 -0.00033120 -0.00038344 -0.00446298 -0.01234423 0.00478292 -0.00039084 -0.00017263 -0.00082330 -0.01335906
30.0  0.85912105 0.00335089 0.00043244 -0.00422414 -0.00357868 0.00324099 -0.00332530 -0.00000314 0.00073776 0.01587170
30.5  0.89562876 0.00461283 0.00049322 0.00156676 0.00916870 -0.00029526 -0.00399407 -0.00001063 0.00143235 -0.01691937
31.0  0.11202155 0.00065701 -0.00039105 0.00670238 0.01096110 -0.00413142 -0.00285571 0.00104935 0.00181964 0.01683037
31.5  -0.76440624 -0.00309071 -0.00021227 0.00032099 -0.00134477 -0.00480617 -0.00001251 -0.00011518 0.00200274 -0.01533986
32.0  -0.96681085 -0.00460820 0.00020141 -0.00778506 -0.01183954 -0.00255649 0.00263764 -0.00071088 0.00167319 0.01232194
32.5  -0.37228808 -0.00251377 -0.00031975 -0.00620843 -0.00606290 0.00174947 0.00435805 0.00001806 0.00129409 -0.00633187
33.0  0.50866646 0.00215668 0.00023558 0.00665051 0.00605728 0.00428504 0.00363944 -0.00166586 -0.00005149 -0.00096336
33.5  0.99197763 0.00385633 -0.00003437 0.01153005 0.00951427 0.00367582 0.00089979 0.00078179 -0.00183338 0.00765302
34.0  0.69636523 0.00317796 -0.00063736 0.00003696 0.00085275 0.00091407 -0.00192265 0.00127383 -0.00277763 -0.01393269
34.5  -0.17210130 -0.00001889 0.00049997 -0.01240699 -0.00627408 -0.00235317 -0.00333950 -0.00009609 -0.00271108 0.01791690
35.0  -0.90679796 -0.00309969 0.00041032 -0.01003289 -0.00451023 -0.00366832 -0.00223780 0.00137322 -0.00105825 -0.01953912
35.5  -0.85714709 -0.00218780 0.00039347 0.00600048 0.00204616 -0.00339126 -0.00012671 -0.00154246 0.00019326 0.01839726
36.0  -0.05645006 -0.00067601 0.00028099 0.01364348 0.00491887 -0.00003905 0.00140414 0.00038965 0.00127217 -0.01579962
36.5  0.78447539 0.00130344 -0.00104659 0.00242671 0.00141876 0.00319328 0.00071925 0.00085991 0.00213233 0.00955847
37.0  0.96446516 0.00153451 -0.00039664 -0.01361349 -0.00262536 0.00422782 -0.00103714 -0.00281867 0.00212558 -0.00068782
37.5  0.38520713 0.00008129 0.00042212 -0.01283122 -0.00131621 0.00231893 -0.00261700 0.00111988 0.00123017 -0.00727819
38.0  -0.47541136 0.00030663 -0.00016159 0.00928049 -0.00436733 -0.00187564 -0.00156972 -0.00172233 -0.00064436 0.01583038
38.5  -0.98208005 -0.00010069 0.00058938 0.01528248 -0.01043798 -0.00457519 -0.00023465 0.00046440 -0.00234272 -0.02014822
39.0  -0.75604185 0.00074164 -0.00035761 0.00098365 0.00039426 -0.00391654 0.00105329 0.00323857 -0.00264897 0.01790730
39.5  0.06871404 0.00035245 -0.00028886 -0.01439355 0.01288947 -0.00038147 0.00223685 -0.00181331 -0.00207544 -0.01302301
40.0  0.85513232 -0.00179967 0.00060827 -0.00748147 0.00860710 0.00340368 0.00166228 0.00138539 -0.00056109 0.00442237
40.5  0.90431895 -0.00178740 -0.00033413 0.00884798 -0.00677555 0.00495378 0.00052680 -0.00070261 0.00079409 0.00511548
41.0  0.13255371 -0.00105857 -0.00012964 0.01474712 -0.01326698 0.00314260 -0.00112823 -0.00205019 0.00200324 -0.01240808
41.5  -0.75755334 0.00206402 0.00050211 -0.00011163 -0.00175360 -0.00075086 -0.00233995 0.00213031 0.00254693 0.01774083
42.0  -0.96556192 0.00393661 -0.00055827 -0.01544174 0.01199294 -0.00375025 -0.00105595 -0.00147195 0.00244361 -0.01983143
42.5  -0.35891311 0.00152287 -0.00032491 -0.01059948 0.01062584 -0.00341508 0.00202965 0.00101179 0.00122768 0.01861445
43.0  0.51871301 -0.00129365 0.00027911 0.01081538 -0.00450760 -0.00029615 0.00265827 0.00118317 -0.00046095 -0.01123056
43.5  0.99099711 -0.00462865 -0.00024656 0.01808186 -0.01552710 0.00170461 0.00046534 -0.00240452 -0.00213573 0.00225992
44.0  0.72367766 -0.00397602 0.00066256 0.00014843 -0.00690528 0.00212384 -0.00145744 -0.00146606 -0.00283583 0.00499843
44.5  -0.09448193 0.00008429 0.00043623 -0.01876188 0.01265911 0.00149269 -0.00411313 -0.00059328 -0.00183171 -0.01450593
45.0  0.85223041 0.00346692 -0.00155561 -0.01057944 0.01679885 0.00004214 0.00528961 0.00113544 0.00027882 0.01886412
45.5  -0.92047435 -0.01450965 -0.00044093 0.00760420 -0.00814335 -0.00097876 -0.00322283 -0.00105239 0.00121438 -0.02098961
46.0  0.20563120 0.01445490 0.00046642 -0.00730029 -0.02886149 -0.00301216 -0.00199994 0.00072779 0.00377186 0.02168771
46.5  0.68602040 0.00690668 0.00119285 -0.00692901 -0.00904739 -0.00387094 0.00418391 -0.00028698 0.00359338 -0.01878081
47.0  -0.98913887 -0.03557315 -0.00136556 0.00301287 0.02103377 -0.00069117 -0.00475642 -0.00092210 0.00213832 0.01373702
47.5  0.48554524 0.04566868 0.00057791 0.00957312 0.02473912 0.00305484 0.00257990 0.00137031 0.00153371 -0.00549004
48.0  0.38058715 -0.02446334 0.00045070 0.00171072 -0.00340489 0.00437941 0.00262728 -0.00144676 -0.00165329 -0.00360953
48.5  -0.95321930 -0.01749024 -0.00184173 -0.00718032 -0.02591445 0.00227500 -0.00530412 0.00019293 -0.00354397 0.01105930
49.0  0.83666023 0.05434922 0.00100918 -0.00583699 -0.01465907 -0.00160790 0.00398739 0.00119020 -0.00329306 -0.01944998
49.5  -0.10771070 -0.06127889 0.00034554 0.00206764 0.01312693 -0.00495117 0.00009622 -0.00207272 -0.00367305 0.02041460
50.0  -0.71789682 0.03051238 -0.00096631 0.00795529 0.02609846 -0.00383257 -0.00415014 0.00203011 -0.00175370 -0.02174297
50.5  0.98198694 0.02128734 0.00015556 0.00382910 0.00782555 -0.00015798 0.00563168 -0.00109174 0.00076345 0.02026709
51.0  -0.41472903 -0.06051290 0.00137187 -0.00474556 -0.01908241 0.00258924 -0.00467286 -0.00001388 0.00198262 -0.01764448
51.5  -0.52055062 0.06061353 -0.00043918 -0.01134380 -0.02625751 0.00469240 0.00166823 0.00098719 0.00364736 0.01416786
52.0  0.99579539 -0.02345089 -0.00214428 -0.00272840 -0.00294755 0.00395630 0.00145467 -0.00392163 0.00367394 -0.00999582
52.5  -0.62127239 -0.02581044 0.00200961 0.01750328 0.02015908 -0.00035029 -0.00335510 0.00540343 0.00296039 0.00593623
53.0  -0.24177847 0.06184215 0.00055414 0.02001938 0.01645154 -0.00369934 0.00106273 -0.00484381 0.00058246 -0.00064982
53.5  0.90368888 -0.07063831 -0.00220349 -0.00538522 -0.00053725 0.00491476 0.00019068 0.00162132 -0.00035358 -0.00502046
54.0  -0.90146731 0.04886896 0.00264240 -0.02799141 -0.00764528 -0.00251819 0.00321170 0.00247375 -0.00199982 0.00949022
54.5  0.24893859 -0.00117275 -0.00107833 -0.01843458 -0.00288030 -0.00233814 -0.00461407 -0.00305665 -0.00465213 -0.01560278
55.0  0.59760027 -0.05728889 -0.00276645 0.02085182 -0.00088363 0.00561782 0.00227968 0.00361537 -0.00261258 0.01812512
55.5  -0.99428180 0.09795193 0.00359157 0.03156995 -0.00258756 -0.00383613 0.00236711 -0.00237588 -0.00125985 -0.01872389
56.0  0.57653972 -0.08783603 -0.00020650 0.00160330 0.00174471 -0.00220203 -0.00232617 0.00073814 0.00098028 0.01829838
56.5  0.34302637 0.01800773 -0.00222075 -0.02672389 0.00650519 0.00546684 -0.00150117 0.00089914 0.00287981 -0.01729003
57.0  -0.96261143 0.07585767 0.00224529 -0.02312843 0.00745605 -0.00468291 0.00383144 -0.00242105 0.00403986 0.01429557
57.5  0.74230694 -0.13206324 -0.00083078 0.00756832 -0.00443981 0.00004507 -0.00353749 0.00328652 0.00397054 -0.00804546
58.0  0.09579706 0.11116243 -0.00136899 0.02653658 -0.01411686 0.00482988 0.00028826 -0.00327606 0.00302771 0.00346388
58.5  -0.84169059 -0.02441765 0.00194092 0.01065117 -0.00525011 -0.00515079 0.00369202 0.00094837 0.00162404 0.00221876
59.0  0.92710083 -0.07926555 -0.00090380 -0.01929869 0.01328448 0.00064355 -0.00450740 0.00058207 -0.00089554 -0.00735568
59.5  -0.30437146 0.14473968 -0.00072328 -0.02587904 0.01734583 0.00430914 0.00119656 -0.00211598 -0.00276642 0.01174777
60.0  -0.56149785 -0.13648325 0.00203840 0.00753771 -0.00563711 -0.00506793 0.00309013 0.00298646 -0.00330721 -0.01367147
60.5  0.98761334 0.05543118 -0.00174670 0.02932303 -0.02030194 0.00098281 -0.00481475 -0.00224340 -0.00419674 0.01351093
61.0  -0.57409590 0.05592356 -0.00024634 0.01068585 -0.01016115 0.00386350 0.00316690 0.00050482 -0.00329742 -0.01216415
61.5  -0.36426173 -0.13302379 0.00192962 -0.02003071 0.01358335 -0.00513320 0.00117685 0.00131214 -0.00171599 0.01013450
62.0  0.97206653 0.13199522 -0.00425135 -0.02564373 0.02223474 0.00214945 -0.00464746 -0.00218224 -0.00007376 -0.00678817
62.5  -0.67950282 -0.06062930 0.00246866 0.00115830 0.00314928 0.00255503 0.00486072 0.00257630 0.00200172 0.00361323
63.0  -0.21770716 -0.03481110 0.00271063 0.02674709 -0.02126644 -0.00534176 -0.00049098 -0.00207057 0.00340217 0.00074252
63.5  0.91271963 0.10737585 -0.00661866 0.01574502 -0.01934520 0.00265942 -0.00375780 0.00056745 0.00396917 -0.00579604
64.0  -0.85531454 -0.13229111 0.00438605 -0.01659878 0.01064781 0.00269369 0.00501562 0.00087577 0.00342711 0.01050198
64.5  0.12601111 0.10546626 0.00090924 -0.02156441 0.03157968 -0.00565462 -0.00067064 -0.00254834 0.00079648 -0.01504363
65.0  0.70435837 -0.03623197 -0.00468491 0.00531631 -0.00114688 0.00330902 -0.00343255 0.00189709 -0.00069994 0.01748307
65.5  -0.97740956 -0.05195568 0.00593048 0.00648009 -0.03818522 0.00279162 0.00479348 0.00059054 -0.00220816 -0.01609099
66.0  0.43023892 0.12109579 -0.00284534 -0.00459321 -0.01916856 -0.00702710 0.00241969 0.00064921 -0.00406123 0.00996894
66.5  0.50558884 -0.13177037 -0.00313345 -0.00185804 0.02231854 0.00667837 -0.00232487 -0.00251414 -0.00337788 -0.00422997
67.0  -0.98932422 0.07240708 0.00488552 0.00560247 0.03421943 -0.00448468 -0.00189546 0.00293737 -0.00183035 -0.00188885
67.5  0.57002528 0.02354554 -0.00199519 0.00438632 0.00256848 0.00069959 0.00544262 0.00147535 0.00002256 0.00755462
68.0  0.34957022 -0.09986535 -0.00185079 -0.00400753 -0.03425854 0.00327663 -0.00400036 -0.00554580 0.00151295 -0.01229924
68.5  -0.95622720 0.12042134 0.00305881 -0.00720375 -0.02551625 -0.00501663 -0.00032111 0.00596975 0.00301818 0.01580172
69.0  0.79757078 -0.08856273 -0.00187027 0.00039484 0.01809856 0.00280060 0.00398790 -0.00286341 0.00377622 -0.01647720
69.5  -0.05566625 0.03062349 -0.00000536 0.00786970 0.03776040 0.00173603 -0.00431004 -0.00213051 0.00206198 0.01169422
70.0  -0.71688528 0.02633222 0.00077779 0.00287865 -0.00018476 -0.00460078 0.00176637 0.00606538 0.00028419 -0.00495152
70.5  0.99036014 -0.06617074 -0.00120264 -0.00946962 -0.03688287 0.00304179 0.00237348 -0.00655963 -0.00135420 -0.00281592
71.0  -0.56094759 0.08279034 0.00127383 -0.00958619 -0.01937017 0.00147439 -0.00487207 0.00337069 -0.00327176 0.00950265
71.5  -0.29215213 -0.07641489 0.00120489 0.01060120 0.02035725 -0.00420164 0.00348619 0.00112800 -0.00294323 -0.01388750
72.0  0.93235435 0.04854176 -0.00266706 0.02609872 0.02746964 0.00250206 -0.00001898 -0.00523868 -0.00195509 0.01557056
72.5  -0.84167701 -0.00325789 0.00057993 0.00389204 -0.00024142 0.00108788 -0.00271071 0.00700308 -0.00004844 -0.01466937
73.0  0.09006249 -0.04870033 0.00009677 -0.02946076 -0.01440243 -0.00456715 0.00328941 -0.00499194 0.00182683 0.01599196
73.5  0.72034906 0.08844522 -0.00103124 -0.02605785 -0.00597719 0.00381107 -0.00196042 -0.00079306 0.00359874 -0.01113118
74.0  -0.98670555 -0.09595994 0.00361106 0.01544022 0.00556810 0.00118350 0.00096623 0.00500982 0.00269010 0.00552267
74.5  0.54374003 0.06162412 -0.00147820 0.03913920 0.00398961 -0.00714280 -0.00172168 -0.00449323 0.00074732 0.00025919
75.0  0.28827811 0.00662843 -0.00298987 0.00234513 -0.00240674 0.00654442 0.00077658 -0.00072484 -0.00151496 -0.00740159
75.5  -0.92117502 -0.08107561 0.00289747 -0.03155045 0.00275000 -0.00032628 0.00166928 0.00394888 -0.00239808 0.01272618
76.0  0.84657012 0.11896468 -0.00027356 -0.02341997 0.00790048 -0.00537216 -0.00314407 -0.00236234 -0.00323777 -0.01706779
76.5  -0.05117607 -0.08634583 -0.00144539 0.00756122 0.00056454 0.00731894 0.00368878 -0.00121149 -0.00107485 0.01974111
77.0  -0.80986052 -0.00642245 0.00255831 0.03035078 -0.01390970 -0.00399460 -0.00261962 0.00409860 -0.00001966 -0.02108485
77.5  0.90723705 0.09731522 -0.00089767 0.01939069 -0.01597698 -0.00196564 -0.00082977 -0.00445469 0.00036619 0.01989363
78.0  -0.11889798 -0.11923704 -0.00171772 -0.01098326 -0.00045652 0.00618994 0.00363421 0.00257811 0.00257538 -0.01787777
78.5  -0.77694004 0.05885447 0.00129463 -0.02748769 0.01922650 -0.00638675 -0.00441635 0.00047709 0.00269167 0.01581280
79.0  0.94123253 0.03633975 0.00093267 -0.01496465 0.01999940 0.00179024 0.00319445 -0.00383376 0.00222720 -0.01352166
79.5  -0.28800292 -0.10614325 -0.00222033 0.01549182 -0.00410055 0.00426380 0.00093303 0.00406009 0.00239941 0.01128461
80.0  -0.58359133 0.11912881 0.00031956 0.02552190 -0.02163352 -0.00673545 -0.00445235 -0.00134924 0.00016012 -0.00617289
80.5  0.99061137 -0.07559395 0.00178157 0.00452299 -0.01534802 0.00441724 0.00431869 -0.00204648 -0.00195491 0.00003425
81.0  -0.64842926 -0.00414200 -0.00280875 -0.02195795 0.00769523 0.00168398 -0.00137165 0.00378034 -0.00277418 0.00576717
81.5  -0.18491434 0.08799694 -0.00103270 -0.02109462 0.02401924 -0.00719075 -0.00287357 -0.00192157 -0.00307385 -0.01291077
82.0  0.88179787 -0.13848627 0.00009162 0.00793175 0.00905049 0.00635467 0.00572279 -0.00174180 -0.00210534 0.01786586
82.5  -0.88896246 0.12501383 -0.00124247 0.02199726 -0.02231834 0.00062220 -0.00384462 0.00333755 0.00024907 -0.02140657
83.0  0.19215235 -0.04491149 0.00197364 -0.00584385 -0.01986200 -0.00336776 -0.00375401 -0.00118647 0.00313641 0.02208113
83.5  0.64731801 -0.06666230 -0.00095916 -0.00788893 0.01958379 0.00121563 0.00682271 -0.00441490 0.00305738 -0.02129582
84.0  -0.98334186 0.15439059 0.00110163 0.01069660 0.02870324 0.00140764 -0.00500056 0.00533186 0.00290934 0.01676856
84.5  0.60001333 -0.17616640 -0.00145516 0.01238804 -0.00204918 -0.00375785 0.00150710 -0.00290830 0.00130730 -0.00951788
85.0  0.20073230 0.12122415 -0.00174808 -0.00538903 -0.03051724 0.00384380 0.00146975 -0.00350564 -0.00172796 -0.00018281
85.5  -0.86102335 -0.01049528 0.00420978 -0.01442518 -0.01723314 -0.00075398 -0.00681813 0.00537799 -0.00129167 0.00927410
86.0  0.90828172 -0.11131254 -0.00332432 -0.00165791 0.02078754 -0.00282434 0.00618924 -0.00264066 -0.00225330 -0.01511458
86.5  -0.26150517 0.18841993 0.00063962 0.01529085 0.03101224 0.00396797 -0.00194725 -0.00057967 -0.00183735 0.01829371
87.0  -0.61661876 -0.17644446 0.00200083 0.00893985 -0.00303477 -0.00146065 -0.00348850 0.00282629 -0.00112236 -0.01747775
87.5  0.97583878 0.07328135 -0.00322727 -0.01088721 -0.03163129 -0.00237702 0.00656385 -0.00356504 -0.00051338 0.01442147
88.0  -0.45016906 0.06813721 0.00173816 -0.01694866 -0.02032794 0.00438482 -0.00659703 0.00280693 0.00188241 -0.01271133
88.5  -0.49461244 -0.16989130 0.00000244 0.00207786 0.01885109 -0.00375700 0.00266743 -0.00107017 0.00230469 0.00881677
89.0  0.98006662 0.18243929 -0.00067355 0.01963951 0.03382679 0.00013202 0.00285480 -0.00154183 0.00191672 -0.00303513
89.5  -0.58750098 -0.10968686 0.00100803 0.00837809 0.00504833 0.00389816 -0.00647798 0.00352432 0.00336848 -0.00371857
90.0  -0.30237316 -0.00693187 -0.00034105 -0.01648489 -0.02882565 -0.00515920 0.00683379 -0.00315582 0.00072139 0.00858435
90.5  0.93279087 0.11721431 -0.00061973 -0.02054864 -0.02220538 0.00280508 -0.00294983 0.00077773 -0.00035261 -0.01303986
91.0  -0.79826302 -0.18009487 0.00200321 0.00930533 0.01433577 0.00233094 -0.00284333 0.00220935 -0.00012403 0.01492028
91.5  0.00048979 0.17037371 0.00099209 0.03135190 0.02908648 -0.00585762 0.00758361 -0.00383254 -0.00296941 -0.01322837
92.0  0.80900115 -0.08546650 0.00141303 0.00681519 0.00215504 0.00477172 -0.00683947 0.00206629 -0.00293143 0.01109952
92.5  -0.90734103 -0.04301051 0.00139381 -0.03009471 -0.02348797 -0.00113017 0.00294941 -0.00007500 -0.00143504 -0.00574358
93.0  0.16872202 0.15269286 -0.00320996 -0.02741006 -0.01497695 -0.00440542 0.00074097 -0.00136879 -0.00155392 0.00072970
93.5  0.72835921 -0.18398150 -0.00057715 0.01701113 0.01114830 0.00893035 -0.00005895 0.00190333 0.00120978 0.00366612
94.0  -0.94914334 0.12296402 0.00330446 0.04136918 0.01493111 -0.00836824 -0.00006044 -0.00171606 0.00154173 -0.00705415
94.5  0.33071147 -0.00934020 -0.00220236 0.00624879 -0.00028068 0.00289495 0.00098010 0.00153160 0.00209229 0.01339986
95.0  0.55139501 -0.09740260 -0.00020915 -0.03884636 0.00540617 0.00559332 0.00199034 -0.00254610 0.00230400 -0.01373387
95.5  -0.98322803 0.15607467 0.00289768 -0.02533869 0.01393615 -0.00969060 -0.00235347 0.00270561 0.00202550 0.01190672
96.0  0.65588489 -0.15399714 -0.00455978 0.01985025 -0.01036604 0.00731132 0.00112809 -0.00259619 0.00003296 -0.00945393
96.5  0.17784147 0.09843354 0.00210375 0.03354206 -0.03072213 0.00000201 -0.00021515 0.00026225 -0.00177774 0.00303658
97.0  -0.88239770 -0.01037161 0.00216905 -0.00227938 -0.00524869 -0.00720498 0.00157416 0.00401066 -0.00243977 0.00343921
97.5  0.87728753 -0.07969821 -0.00379205 -0.03338731 0.02921278 0.00869882 -0.00285299 -0.00519927 -0.00246186 -0.00907480
98.0  -0.13625347 0.13836821 0.00250185 -0.01688263 0.02647151 -0.00452172 0.00218163 0.00364912 -0.00265549 0.01188365
98.5  -0.71961586 -0.14021231 0.00003064 0.01924744 -0.00837501 -0.00246095 0.00056020 -0.00052674 -0.00174185 -0.01401059
99.0  0.97044325 0.08137788 -0.00167548 0.03006923 -0.03360233 0.00798318 -0.00375208 -0.00292682 0.00113481 0.01410351
99.5  -0.45141448 0.01464655 0.00165305 0.00143525 -0.01752336 -0.00657085 0.00626849 0.00646698 0.00258698 -0.01238888
100.0  -0.38516368 -0.10810932 -0.00302934 -0.02839541 0.01724580 0.00014824 -0.00354855 -0.00603611 0.00269402 0.00502367
100.5  0.93371696 0.16147034 0.00250533 -0.01946101 0.03028324 0.00607119 -0.00096308 -0.00012129 0.00183802 0.00148985
101.0  -0.86415754 -0.15336783 0.00119346 0.01646151 0.00120999 -0.00973495 -0.00011277 0.00552854 -0.00113166 -0.00629804
101.5  0.24541927 0.08357328 -0.00266216 0.03052216 -0.03542389 0.00567896 0.00542113 -0.00527574 -0.00175734 0.00984682
102.0  0.53885064 0.02562365 0.00141304 -0.00441328 -0.02094440 0.00332717 0.00038256 0.00228492 0.00033667 -0.01234406
102.5  -0.97436749 -0.13069408 -0.00127483 -0.02093121 0.02938534 -0.00928658 -0.00159426 0.00407214 0.00123440 0.01373100
103.0  0.71382872 0.17734200 -0.00123409 0.00614612 0.03948999 0.00687120 0.00380862 -0.00712859 -0.00001880 -0.01559427
103.5  0.10366534 -0.13165670 0.00239856 0.01386173 -0.00199384 -0.00150082 0.00207997 0.00672982 -0.00055874 0.01578492
104.0  -0.84858713 0.01250845 -0.00028304 -0.00302024 -0.03997912 -0.00608250 0.00110998 -0.00212389 -0.00071699 -0.01356767
104.5  0.90083461 0.11282485 -0.00475309 -0.01783196 -0.03006932 0.00820235 0.00026157 -0.00458755 -0.00166540 0.00881550
105.0  -0.21784561 -0.17465591 0.00354711 -0.01048153 0.01415988 -0.00445406 -0.00003522 0.00826298 -0.00021792 -0.00560399
105.5  -0.63690638 0.14326741 -0.00011273 0.01047926 0.04293638 -0.00221009 -0.00354588 -0.00681533 0.00022506 0.00130076
106.0  0.98117840 -0.03827553 -0.00317135 0.01709604 0.02152064 0.00719512 -0.00369979 0.00315141 -0.00072379 0.00374284
106.5  -0.53176048 -0.08766879 0.00357096 0.00568265 -0.02804347 -0.00628109 -0.00155723 0.00187382 0.00029190 -0.00799433
107.0  -0.37297050 0.17097280 0.00040854 -0.01010780 -0.04139500 0.00051961 0.00150355 -0.00617459 0.00064496 0.01179579
107.5  0.96431250 -0.16135095 -0.00213857 -0.01478512 -0.01021113 0.00524398 0.00478191 0.00664480 0.00084840 -0.01419349
108.0  -0.66402682 0.05302689 0.00263209 -0.00344026 0.03053335 -0.00798619 0.00363877 -0.00596348 0.00138630 0.01387714
108.5  -0.28271122 0.09554922 -0.00338975 0.00775635 0.04316354 0.00560542 0.00275963 0.00341139 0.00100508 -0.01301207
109.0  0.95093298 -0.19001669 0.00085275 0.01217338 0.00785127 -0.00009720 0.00010755 0.00147020 -0.00030462 0.01121095
109.5  -0.69750229 0.16885324 0.00084923 0.01152955 -0.03592417 -0.00594630 -0.00360717 -0.00506365 -0.00086333 -0.00802802
110.0  -0.18900325 -0.04822484 -0.00297895 -0.00096238 -0.04071300 0.01174308 -0.00256663 0.00752229 0.00295199 0.00422721
110.5  0.88944772 -0.09852118 0.00319941 0.00991519 0.01023941 0.01185490 0.00404663 -0.00695305 0.00325665 0.00012569
111.0  -0.85955273 0.19753771 -0.00045874 -0.00252404 0.04723258 0.00493742 -0.00352641 0.00288964 0.00052321 -0.00596847
111.5  0.17756781 -0.20907735 -0.00332722 -0.00906211 0.01528074 -0.00522601 -0.00141357 0.00211269 -0.00478742 0.01054695
112.0  0.63216197 0.13267039 0.00428140 0.00673325 -0.03743836 -0.01302902 0.00061652 -0.00591264 -0.00740876 -0.01342212
112.5  -0.97364982 0.00049147 -0.00176959 0.00340869 -0.03371785 -0.01391333 -0.00118983 0.00870300 -0.00339032 0.01338354
113.0  0.56496757 -0.13604088 -0.00155576 -0.00927931 0.01859683 -0.00493595 -0.00031554 -0.00530098 -0.00225298 -0.01166439
113.5  0.30789235 0.21340124 0.00401830 0.00227866 0.04403868 0.00645941 0.00524048 -0.00023597 0.00091538 0.00891990
114.0  -0.93277955 -0.19498178 -0.00311188 0.00961169 0.00724623 0.01090076 0.01129729 0.00559240 0.00371022 -0.00314694
114.5  0.76762416 0.09099965 -0.00279757 -0.00583684 -0.04097658 0.00848451 0.01152043 -0.00985511 0.00446752 -0.00189772
115.0  0.04004934 0.04811052 0.00561451 -0.00782086 -0.03216370 -0.00056929 0.00154093 0.01226226 0.00544463 0.01189689
115.5  -0.80454803 -0.16289485 -0.00109011 0.00766808 0.02565229 -0.00816500 -0.00892990 -0.00924645 0.00509960 -0.01766530
116.0  0.92806160 0.21364325 -0.00449991 0.00615968 0.04544956 -0.00893220 -0.01448071 0.00196521 0.00172393 0.02036075
116.5  -0.33989706 -0.18757684 0.00565356 -0.01125343 -0.00401804 -0.00147665 -0.01071068 0.00568175 0.00123917 -0.01954186
117.0  -0.51164101 0.09407759 -0.00254944 0.00074440 -0.04582239 0.00861866 0.00358255 -0.01069554 -0.00243189 0.01396350
117.5  0.97067802 0.03824313 -0.00389052 0.01297586 -0.02254472 0.00923040 0.01493623 0.01115759 -0.00476368 -0.00577017
118.0  -0.63328172 -0.16082467 0.00640993 -0.00772652 0.03035298 0.00242894 0.01508504 -0.00692509 -0.00606172 -0.00360046
118.5  -0.26129694 0.21635770 -0.00414779 -0.00761204 0.04281278 -0.00795312 0.00463132 0.00039176 -0.00576918 0.01226500
119.0  0.92947900 -0.17148238 -0.00009339 0.01321263 -0.00208340 -0.01303785 -0.00897615 0.00665827 -0.00401351 -0.01798630
119.5  -0.75345955 0.04521225 0.00576011 -0.00139382 -0.04348931 -0.00393481 -0.01465007 -0.01024678 -0.00141901 0.02051425
120.0  -0.09115642 0.09781387 -0.00763005 -0.01206929 -0.02888039 0.00575431 -0.01086935 0.01010078 0.00286799 -0.01922445
120.5  0.84291419 -0.19054749 0.00295913 0.00826073 0.02598926 0.01045728 0.00010834 -0.00636898 0.00503041 0.01681767
121.0  -0.90401086 0.20174348 0.00253635 0.01033591 0.04611829 0.00718244 0.01164335 -0.00377492 0.00503824 -0.01314094
121.5  0.28111308 -0.13905164 -0.00521147 -0.01073879 0.00159305 -0.00450157 0.01062093 0.00654441 0.00440157 0.00669712
122.0  0.54049459 0.03139846 0.00655378 -0.00749877 -0.04299947 -0.01372248 -0.00042141 -0.00598586 -0.00384900 0.00171545
122.5  -0.97337728 0.08473364 -0.00347666 0.00994353 -0.02846348 -0.00978644 -0.00982385 0.00636126 -0.00210518 -0.01077193
123.0  0.68805160 -0.17127885 -0.00411101 -0.00451097 0.02391203 0.00049051 -0.01452567 0.00270419 -0.00095674 0.01492198
123.5  0.14030019 0.19228664 0.00732672 -0.01018732 0.04576130 0.01241398 -0.00766886 -0.01043903 -0.00006155 -0.01889983
124.0  -0.86910473 -0.12970766 -0.00303951 0.01203885 0.00731142 0.01461063 0.00237120 0.00913091 0.00250477 0.01944415
124.5  0.86591253 0.00365526 -0.00357376 0.00243837 -0.03997993 0.00519832 0.01128876 -0.00550864 0.00048683 -0.01797544
125.0  -0.11771963 0.12705896 0.00608159 -0.01634000 -0.03941939 -0.00751200 0.01368466 -0.00002991 0.00103023 0.01540757
125.5  -0.72167988 -0.19633718 -0.00254721 0.00837644 0.00667169 -0.01514277 0.00627939 0.00752884 0.00076383 -0.00999890
126.0  0.96119923 0.17131271 -0.00331413 0.01025555 0.04496364 -0.01143624 -0.00496529 -0.01201211 -0.00204840 0.00335627
126.5  -0.45401241 -0.06682291 0.00602457 -0.01265519 0.02639559 0.00266926 -0.01120993 0.00972122 -0.00064013 0.00361808
127.0  -0.38565225 -0.06936244 -0.00593059 0.00141138 -0.02150610 0.01505832 -0.01075230 -0.00281946 -0.00138915 -0.01154150
127.5  0.93994249 0.17731294 0.00032984 0.01063160 -0.04423488 0.01532031 -0.00197317 -0.00658384 0.00015243 0.01720156
128.0  -0.78947807 -0.20415576 0.00724113 -0.01121150 -0.01235114 0.00151306 0.00875213 0.01270181 0.00305347 -0.02056808
128.5  0.01246480 0.12758810 -0.00708270 -0.00138734 0.03542275 -0.01564809 0.01023163 -0.01189745 0.00061701 0.02144160
129.0  0.78825552 0.02086568 -0.00005714 0.01509696 0.03756295 -0.02020495 0.00528021 0.00608897 0.00004346 -0.02061557
129.5  -0.92237647 -0.15952970 0.00582993 -0.00799136 -0.00084510 -0.00853191 -0.00254824 0.00285662 -0.00136970 0.01930634
130.0  0.26045818 -0.20582980 -0.00298081 -0.00814767 -0.03739590 0.00929289 -0.00791649 -0.00996763 -0.00199934 -0.01611109
130.5  0.61492837 -0.13484070 0.00023567 0.01394764 -0.03271683 0.02250338 -0.00114368 0.01213614 -0.00029679 0.01208339
131.0  -0.97617518 0.00513946 -0.00062040 -0.00395190 0.01260331 0.01700692 0.00919295 -0.00864519 -0.00026288 -0.00474904
131.5  0.58214243 0.14168571 -0.00001374 -0.00942195 0.04263284 -0.00126499 0.00587353 0.00121633 -0.00009096 -0.00113675
132.0  0.23019670 0.20573252 0.00172214 0.01364252 0.01529495 -0.01557798 -0.00596732 0.00794762 -0.00007603 0.00531791
132.5  -0.87501097 0.17373692 -0.00194773 -0.00525622 -0.02950220 -0.01802225 0.01725380 -0.00669431 -0.00256787 -0.01093738
133.0  0.89128546 0.06360354 0.00097569 -0.02242121 -0.03099398 -0.00583631 0.01457175 0.00874785 -0.00000755 0.01564044
133.5  -0.23259048 -0.08442977 0.00070988 0.00837981 0.00275951 0.00686340 0.00579249 -0.00008364 -0.00386983 -0.01798667
134.0  -0.62930555 -0.19131279 -0.00472544 0.01045601 0.03655982 0.01695712 -0.00010662 -0.00778433 0.00217504 0.01731598
134.5  0.97231383 -0.19206962 0.00240956 -0.01514977 0.02618926 0.01985021 -0.00639916 0.01196997 0.00052234 -0.01353634
135.0  -0.45727515 -0.08380436 0.00142253 0.00275390 -0.01492376 -0.01053341 -0.01245505 -0.00920854 -0.00287367 0.00752513
135.5  -0.46444176 0.07286169 -0.00336034 0.01346822 -0.03958192 -0.00431693 -0.00916249 0.00526029 0.00418339 -0.00271314
136.0  0.97068887 0.18625392 0.00039949 -0.01260812 -0.01683219 0.01747884 -0.00201016 0.00188372 -0.00427529 -0.00201886
136.5  -0.66311425 0.20026351 0.00108233 -0.00567877 0.02725505 -0.01894410 0.00675432 -0.00816992 0.00329994 0.00491133
137.0  -0.16052407 0.12341869 -0.00311058 0.01522609 0.03291613 0.00785461 0.01305400 0.00946749 -0.00078746 -0.00732496
137.5  0.85328913 -0.00343558 -0.00087778 -0.00252545 -0.00394135 0.01053047 0.01175110 -0.00724698 -0.00183432 0.01136380
138.0  -0.90334186 -0.12885662 0.00389247 -0.01391318 -0.03472277 -0.02008991 0.00298471 0.00020743 0.00347433 -0.01217569
138.5  0.25339471 -0.20108762 -0.00359441 0.01138650 -0.01917541 0.01580181 -0.01081746 0.00609911 -0.00427114 0.01107751
139.0  0.61608895 -0.18719224 0.00151945 0.00906474 0.02600931 -0.00655252 -0.01432835 -0.00910370 0.00402726 -0.00867876
139.5  -0.97360453 -0.08648069 0.00213418 -0.01492587 0.03764745 -0.01386844 -0.00838352 0.00765355 -0.00164641 0.00728324
140.0  0.46791093 0.05624454 -0.00476875 0.00036501 -0.00392028 0.01775256 -0.00456422 -0.00235310 -0.00430563 -0.00443770
140.5  0.46184055 0.17195611 0.00099644 -0.01442382 -0.03538020 -0.01488356 0.01042087 0.00253487 0.00547421 0.00289444
141.0  -0.97228362 0.20637737 0.00206859 -0.00990050 -0.02189330 0.00445220 0.01316308 -0.01050928 -0.00384421 0.00060432
141.5  0.63732767 0.14842480 -0.00244090 0.00683932 0.02127852 0.00402704 0.01374497 0.01168876 0.00412258 -0.00669093
142.0  0.21914926 0.03395700 0.00225912 0.00976682 0.03636186 -0.01308542 -0.00045216 -0.01330014 0.00048677 0.01151428
142.5  -0.89124253 -0.09059822 -0.00253716 0.00014865 0.00239608 0.01345268 -0.00851655 0.00829881 -0.00302887 -0.01262687
143.0  0.85856993 -0.18313187 0.00020488 -0.00839002 -0.03474004 -0.00395043 -0.01362709 0.00178487 0.00462977 0.01044684
143.5  -0.13620355 -0.20476789 0.00252759 -0.00529933 -0.02319164 -0.00684238 -0.01008007 -0.01198355 -0.00581555 -0.00651347
144.0  -0.71387421 -0.14455692 -0.00396322 0.00648550 0.02087040 0.01277390 0.00003067 0.01583659 0.00397217 0.00251381
144.5  0.95036539 -0.02025174 0.00099881 0.00841051 0.03668230 -0.00976137 0.00963785 -0.01243450 -0.00252561 0.00172377
145.0  -0.31489706 -0.11978162 0.00042635 -0.00263826 0.00445901 0.00020527 0.01385322 0.00408349 0.00070717 -0.00600472
145.5  -0.61895153 0.19983263 0.00094724 -0.01028402 -0.03194537 0.00926645 0.01032072 0.00581564 0.00192049 0.00981202
146.0  0.97151161 -0.18082930 -0.00031164 -0.00561122 -0.02748537 -0.01333491 0.00125656 -0.01325592 -0.00613416 -0.01193334
146.5  -0.45870321 0.08160020 -0.00017745 0.00725510 0.01283628 0.00811700 -0.00790189 0.01436312 0.00682568 0.01400536
147.0  -0.41766986 0.04427756 0.00031829 0.00961415 0.03512896 0.00367585 -0.01443476 -0.00911881 -0.00602048 -0.01165605
147.5  0.95160334 -0.14655648 -0.00249248 -0.00074132 0.00970297 -0.01271674 -0.01124172 -0.00031323 0.00340372 0.00664375
148.0  -0.78845332 0.19565169 0.00305513 -0.01468542 -0.02758975 0.01218413 0.00092334 0.00862941 0.00232269 -0.00088221
148.5  0.06639880 -0.17908499 0.00007997 -0.01184202 -0.02691152 -0.00264264 0.01097031 -0.01188892 -0.00803782 -0.00325735
149.0  0.71285731 0.09820503 -0.00276273 0.01442433 0.01181117 -0.00971693 0.01466761 0.00931455 0.00965929 0.00829930
149.5  -0.96742995 0.02504217 0.00225110 0.02540119 0.03049538 0.01455653 0.00892810 -0.00280764 -0.00817391 -0.01238076
150.0  0.45361083 -0.14312745 0.00143956 0.00021547 0.00919542 -0.00845265 -0.00802287 -0.00370720 0.00239445 0.01213470
150.5  0.44350783 0.19686896 -0.00276299 -0.02819596 -0.01410970 0.00539369 -0.01267710 0.00624318 0.00662611 -0.01165079
151.0  -0.96871960 -0.15331867 0.00107919 -0.02612550 -0.01427364 0.00764212 -0.01821274 -0.00191108 -0.01234414 0.01037034
151.5  0.68845619 0.03442327 0.00095933 0.00868956 -0.00951501 -0.01293377 -0.01017884 0.00003873 0.01417238 -0.00912682
152.0  0.13351928 0.09670480 -0.00208308 0.03411416 -0.00751574 0.01113860 0.00117710 0.00246905 -0.00736503 0.00620802
152.5  -0.83980766 -0.17823991 0.00141349 0.01679860 0.00259371 0.00040439 0.01170330 0.00679200 -0.00242987 -0.00156469
153.0  0.92698072 0.17852225 0.00093494 -0.02150824 0.01482764 -0.01043911 0.01640232 0.00973732 0.00851827 -0.00400144
153.5  -0.34823353 -0.10058363 -0.00281706 -0.03303357 0.01180611 0.01586918 0.00925374 0.00223886 -0.01248194 0.00888028
154.0  -0.49338903 -0.02267607 0.00183766 0.00096150 -0.00987284 -0.00739141 -0.00114943 -0.00427004 0.01014633 -0.01042679
154.5  0.97413664 0.13603778 -0.00173973 0.03182272 -0.02039362 -0.00560087 -0.01444278 -0.00553170 -0.00332468 0.01106494
155.0  -0.67368633 -0.17870416 -0.00219124 0.02371293 -0.00856763 0.01393669 -0.01926890 -0.00078856 -0.00330773 -0.00891309
155.5  -0.20531059 0.12010696 0.00244278 -0.00890579 0.01348548 -0.01364307 -0.01070227 0.00342218 0.00901510 0.00915617
156.0  0.90964806 0.00826415 -0.00193664 -0.03285629 0.01999538 0.00414197 0.00379290 0.00186147 -0.01167178 -0.00792707
156.5  -0.82849192 -0.12902030 0.00035442 -0.01810400 0.00554718 0.00807298 0.01566693 -0.00343490 0.01092903 0.00707529
157.0  0.07200398 0.17544900 0.00312248 0.01777850 -0.01435484 -0.01551747 0.01781555 -0.00685368 -0.00646518 -0.00407333
157.5  0.71959547 -0.13206887 -0.00464469 0.03509748 -0.02272935 0.01119826 0.00815313 -0.00477526 -0.00286837 0.00079610
158.0  -0.97629232 0.02894378 0.00199369 0.00686477 -0.00166572 0.00162195 -0.00849901 -0.00046560 0.01008677 0.00211244
158.5  0.55345505 -0.08528223 0.00121807 -0.03301894 0.02472467 -0.00725152 -0.02013697 0.00300698 -0.01184194 -0.00356286
159.0  0.26015378 -0.16288815 -0.00393549 -0.02412504 0.01631657 0.01699387 -0.01097211 0.00607158 0.00785558 0.00555064
159.5  -0.90229976 -0.16615759 0.00412837 0.00959730 -0.01371160 -0.00696791 -0.00264956 0.00359426 -0.00098473 -0.00753287
160.0  0.85165262 -0.08585056 0.00030673 0.01769635 -0.03658651 -0.00425292 0.00538598 0.00656453 -0.00937402 0.00938627
160.5  -0.07790607 0.04529142 -0.00497909 0.00350368 -0.01951454 0.01436587 0.00285389 0.01465339 0.01165131 -0.01025696
161.0  -0.77784879 0.15271929 0.00301749 -0.00310843 0.02613735 -0.01490905 0.00619767 0.01174894 -0.01279232 0.00948498
161.5  0.92644293 0.16844115 0.00226738 -0.00295007 0.04280584 0.00750320 0.00515055 0.00808305 0.00758978 -0.00722866
162.0  -0.23322651 0.08963077 -0.00405445 0.00126667 0.01056283 0.00293453 0.00328899 0.00044555 -0.00015851 0.00517681
162.5  -0.65450967 -0.03613005 0.00151247 0.00307487 -0.03506142 -0.01209443 0.00243098 -0.00945903 -0.00738169 -0.00234203
163.0  0.97773310 -0.14197271 0.00294321 0.00295136 -0.03639388 0.01443372 -0.00085619 -0.01540699 0.01261225 -0.00092274
163.5  -0.50754050 -0.17433292 -0.00526142 -0.00018669 0.01093735 -0.00632084 -0.00519926 -0.01310032 -0.01348206 0.00439242
164.0  -0.36532157 -0.13117687 0.00235085 -0.00576979 0.04129846 -0.00721110 -0.00443163 -0.00646386 0.00785785 -0.00655116
164.5  0.95060473 -0.03091520 0.00247965 -0.00161378 0.01739939 0.01542640 0.00394401 0.00501448 0.00023313 0.00833829
165.0  -0.75502397 0.09003504 -0.00572645 0.00589284 -0.03010374 -0.01549591 -0.00041851 0.01476273 -0.00266254 -0.00890865
165.5  -0.09697993 0.16584647 0.00424358 0.00648240 -0.03989828 0.00567213 -0.00475391 0.01397376 0.01198049 0.00865328
166.0  0.87184047 0.16135437 0.00090682 -0.00338633 0.00474640 0.00597319 0.00476433 0.01168462 -0.00939583 -0.00720064
166.5  -0.85726552 0.08264776 -0.00430659 -0.01690203 0.04146788 -0.01337319 -0.00435664 -0.00273653 0.00705118 0.00468483
167.0  0.08218369 -0.03723602 0.00414292 -0.00591344 0.02256228 0.01444949 0.00392024 0.00287829 -0.00313544 -0.00114109
167.5  0.74676731 -0.13524747 -0.00263611 -0.00667358 -0.03067900 -0.00514525 -0.00076154 0.01243616 -0.00389919 -0.00265411
168.0  -0.96207641 -0.17362975 -0.00051012 0.00522802 -0.03987441 -0.00799139 -0.00179432 0.01865645 0.00508211 0.00603281
168.5  0.44616057 -0.15512294 0.00551999 0.00308701 0.01072911 0.01602837 -0.00104074 0.01091859 -0.01243892 -0.00933737
169.0  0.39435976 -0.08267979 -0.00466841 -0.00660028 0.04474251 -0.01113396 0.00541660 0.00409600 0.00583474 0.00521759
169.5  -0.94961792 0.01940851 0.00001506 -0.00288321 0.00952687 -0.00184550 -0.00057583 -0.00858681 -0.00097397 -0.00385064
170.0  0.77405189 0.11577421 0.00325918 0.00920986 -0.04008674 0.00983549 -0.00976507 -0.01589165 -0.00304909 0.00159451
170.5  0.05229464 0.17263145 -0.00422557 -0.00308586 -0.03467427 -0.00929015 0.01433231 -0.01849771 0.00767143 0.00052699
171.0  -0.84910285 0.15501445 0.00329328 -0.00913168 0.01839063 0.00239233 -0.01029198 -0.01435091 -0.00798269 -0.00081317
171.5  0.87241783 0.06444120 0.00232414 0.01040669 0.04659731 0.00613358 -0.00035999 -0.00495458 0.00794618 0.00311732
172.0  -0.08582073 -0.05721668 -0.00685070 0.00273496 0.01571728 -0.00864770 0.01011300 0.00452762 -0.00550737 -0.00465701
172.5  -0.76884941 0.15050648 0.00458871 -0.01221169 -0.03632342 0.00442100 -0.01451845 0.01433609 0.00172007 0.00452163
173.0  0.94279859 -0.17745279 0.00092094 0.00423694 -0.03987151 0.00284255 0.00974512 0.01905922 0.00222278 -0.00300513
173.5  -0.34535648 0.13146505 -0.00561520 0.00724265 0.01355114 -0.00779083 0.00256143 0.01506856 -0.00601660 0.00295887
174.0  -0.50874880 -0.03260399 0.00555477 -0.00884163 0.04665464 0.00529364 -0.01336465 0.00466656 0.00783801 -0.00088628
174.5  0.97256057 -0.08272344 -0.00053217 -0.00251282 0.01455463 0.00238268 0.01464987 -0.00975070 -0.00684226 -0.00069954
175.0  -0.70288737 0.16969881 -0.00603598 0.00991194 -0.03682720 -0.00735694 -0.00620359 -0.01850782 0.00450133 0.00250554
175.5  -0.11564830 -0.18609491 0.00819946 -0.00424664 -0.03851489 0.00767640 -0.00690710 -0.01564168 -0.00013951 -0.00386247
176.0  0.85247890 0.11404554 -0.00367838 -0.00904014 0.00943198 -0.00080596 0.01493816 -0.00681294 -0.00261194 0.00507631
176.5  -0.88955428 0.01774899 -0.00199417 0.00972048 0.04480029 -0.00595496 -0.01447939 0.00612154 0.00458456 -0.00576548
177.0  0.18452462 -0.13966905 0.00705647 0.00435331 0.02561221 0.00756519 0.00640399 0.01496581 -0.00600059 0.00620998
177.5  0.66319203 0.18590891 -0.00651551 -0.01272320 -0.02837794 -0.00924399 0.00551101 0.01628239 0.00349163 -0.00471974
178.0  -0.97873029 -0.14006579 0.00113065 -0.00043149 -0.04721634 0.00131735 -0.01589437 0.00907465 -0.00618666 0.00367565
178.5  0.57018199 0.03517082 0.00375602 0.01100691 -0.00210321 0.00611163 0.01546443 -0.00094601 0.00231991 -0.00048695
179.0  0.23117768 0.07665452 -0.00537777 -0.00367965 0.04195461 -0.00969675 -0.00196591 -0.01290754 0.00198087 -0.00018050
179.5  -0.87377152 -0.14988613 0.00719916 -0.00292009 0.03105020 0.00000732 -0.00828485 -0.01464164 -0.00456925 0.00266827
180.0  0.91014485 0.15681983 0.00100698 0.00997008 -0.01973491 0.01400435 0.00774631 -0.00848188 0.00854345 -0.00561736
180.5  -0.26438672 -0.09174381 -0.00658901 -0.00303616 -0.04890256 -0.01327945 0.00032234 -0.00001537 -0.00768749 0.00884869
181.0  -0.61597005 -0.01877579 0.00544437 -0.01056300 -0.01764341 0.00226224 -0.00485539 0.00837958 0.00420299 -0.00865439
181.5  0.98407292 0.11724215 0.00201880 0.00960344 0.03028908 0.01101192 0.00545014 0.01357144 -0.00018655 0.00865948
182.0  -0.46420637 -0.14397351 -0.00720995 0.00311128 0.04348644 -0.01796974 -0.00350897 0.01429135 -0.00357303 -0.00784745
182.5  -0.48146075 0.08202115 0.00345249 -0.01238747 0.01577519 0.00716622 -0.00171008 0.00968911 0.00599892 0.00682440
183.0  0.98490215 0.02697591 0.00361144 0.00728258 -0.03144835 0.00793475 0.00464440 0.00024554 -0.00743159 -0.00502408
183.5  -0.63896804 -0.11713146 -0.00489447 0.00544453 -0.04334178 -0.01568912 -0.00409717 -0.00990114 0.00716566 0.00379267
184.0  -0.21192635 0.14111081 0.00478809 -0.01238744 -0.00424984 0.01167237 0.00105280 -0.01632849 -0.00462939 0.00007273
184.5  0.88617821 -0.09142790 0.00333403 0.00430430 0.03959430 0.00365991 0.00175589 -0.01412045 0.00247932 -0.00326699
185.0  -0.89886297 -0.00392394 -0.00787327 0.01111552 0.03459427 -0.01658769 -0.00259724 -0.00547650 0.00179651 0.00848244
185.5  0.24416429 0.09675736 0.00472501 -0.01027647 -0.01908429 0.01620687 0.00203198 0.00646911 -0.00590504 -0.00951608
186.0  0.60544448 -0.13908972 0.00167710 -0.00684658 -0.04763117 -0.00450104 0.00031787 0.01477577 0.00762335 0.01145359
186.5  -0.98881308 0.10587500 -0.00581548 0.01319330 -0.01607681 -0.01107270 0.00128607 0.01451460 -0.00743875 -0.01156993
187.0  0.57095478 -0.01572467 0.00527596 -0.00402451 0.03427883 0.01541539 -0.00774246 0.01083904 0.00270102 0.01050035
187.5  0.31557416 -0.07613090 -0.00079189 -0.00862464 0.04461115 -0.00890148 0.01124670 -0.00106899 0.00193267 -0.00789957
188.0  -0.94017737 0.11988273 -0.00306996 0.01145575 -0.00403810 0.00248365 -0.00548283 -0.00897561 -0.00606364 0.00471062
188.5  0.82848207 -0.10319902 0.00401435 -0.00101206 -0.04724927 0.00547437 -0.00885782 -0.01140277 0.01202285 -0.00003726
189.0  -0.10754782 0.04830227 -0.00264022 -0.01890793 -0.02064192 -0.01221085 0.01063133 -0.01351584 -0.00403260 -0.00070266
189.5  -0.68474450 0.01427038 -0.00044903 0.01239941 0.03364930 0.01374013 -0.00688906 -0.00244799 0.00098409 0.00463980
190.0  0.99149961 -0.06307078 0.00195571 0.01036179 0.04159561 -0.00166975 0.00068821 0.00784037 0.00434417 -0.00749698
190.5  -0.56184032 0.08819479 -0.00106723 -0.01027361 -0.01271083 -0.01321872 0.00256233 0.01479641 -0.00829992 0.01269716
191.0  -0.33479780 -0.08493721 0.00076936 -0.00333516 -0.05194110 0.01803735 -0.00358415 0.01455362 0.00806405 -0.01173816
191.5  0.96596960 0.05203568 0.00008489 0.00969354 -0.02054950 -0.01221576 0.00335807 0.00730929 -0.00689099 0.00825476
192.0  -0.70122403 0.00504388 -0.00160624 -0.00275806 0.03704031 -0.00153268 -0.00107029 -0.00008917 0.00334816 -0.00252254
192.5  -0.25916936 -0.06741381 0.00119049 -0.00690681 0.04838956 0.01522320 -0.00121618 -0.00953095 0.00151059 -0.00480491
193.0  0.95978597 0.10314589 0.00146321 0.01161601 0.00003764 -0.01991412 0.00187103 -0.01603030 -0.00508484 0.00928257
193.5  -0.70965035 -0.08690881 -0.00353385 -0.00166486 -0.04869945 0.01495714 -0.00159938 -0.01394836 0.00817852 -0.01117072
194.0  -0.20474530 0.02287671 0.00170487 -0.01111095 -0.03163012 0.00040555 0.00303913 -0.00917892 -0.00762886 0.01234918
194.5  0.91818162 0.05677166 0.00366018 0.00804714 0.02747257 -0.01483512 -0.00279842 0.00082310 0.00621728 -0.01163696
195.0  -0.83399933 -0.11284427 -0.00721897 0.00671309 0.04803603 0.01909403 0.00188955 0.01109901 -0.00274502 0.00906210
195.5  0.05241734 0.11916100 0.00244157 -0.01252855 -0.00057283 -0.01377025 -0.00090635 0.01451622 -0.00244917 -0.00579483
196.0  0.77520400 -0.07183349 0.00289272 -0.00527471 -0.04800084 -0.00063081 -0.00335946 0.01366749 0.00474602 -0.00137714
196.5  -0.94816487 -0.00849809 -0.00560504 0.00573040 -0.02805101 0.00980538 0.00759453 0.00605362 -0.00859910 0.00767787
197.0  0.29454042 0.08548750 0.00656612 -0.00181469 0.03709521 -0.01467078 -0.00982881 -0.00366741 0.00750430 -0.01147406
197.5  0.62069025 -0.12419959 -0.00192542 -0.00801564 0.04613052 0.01438853 0.00494418 -0.00985220 -0.00314242 0.01415806
198.0  -0.98721988 0.10868124 -0.00462390 0.01217457 -0.00855605 -0.00213033 0.00475905 -0.01331086 0.00169145 -0.01533781
198.5  0.52142243 -0.04898272 0.00690496 0.00392996 -0.05321507 -0.01003954 -0.00546905 -0.01036507 0.00513046 0.01336143
199.0  0.33926424 -0.02995146 -0.00388990 -0.01312701 -0.01747960 0.01728040 0.00250063 -0.00234178 -0.00735789 -0.00689242
199.5  -0.92819046 0.10101730 -0.00129720 0.00170222 0.04102505 -0.01099779 0.00224324 0.00723116 0.00784544 -0.00159579
200.0  0.87023592 -0.14150649 0.00533530 0.01336662 0.03650378 -0.00548474 -0.00580850 0.01383761 -0.00595300 0.00968344
200.5  -0.23462507 0.13546687 -0.00623357 -0.00763022 -0.02020931 0.01661679 0.00177360 0.01200489 -0.00021452 -0.01468830
201.0  -0.56539715 -0.07727868 0.00270647 -0.00994835 -0.05000705 -0.01393558 0.00192037 0.00190428 0.00523694 0.01669345
201.5  0.98230357 -0.02013041 0.00340550 0.01319935 -0.00538309 -0.00047941 -0.00445457 -0.00844558 -0.00823070 -0.01483450
202.0  -0.66697808 0.11723564 -0.00793749 0.00236620 0.04803155 0.01549825 0.00276823 -0.01338245 0.00907467 0.01310479
202.5  -0.18996954 -0.15901433 0.00576497 -0.00880620 0.03163281 -0.01833805 0.00166176 -0.01294908 -0.00653150 -0.00313290
203.0  0.89808051 0.11371705 0.00331664 0.00519367 -0.02255540 0.00673216 -0.00459620 -0.00519082 0.00229687 -0.00487548
203.5  -0.85284172 -0.00608179 -0.00993065 0.00274582 -0.04892911 0.01138386 0.00309301 0.00560693 0.00307677 0.01363052
204.0  0.10752081 -0.09847922 0.00704851 -0.00914396 -0.01547848 -0.01837412 0.00243321 0.01288947 -0.00731549 -0.01918872
204.5  0.71207353 0.14271142 0.00114379 0.00189642 0.03728708 0.01128829 -0.00636779 0.01550027 0.00823014 0.02220805
205.0  -0.98034257 -0.11217738 -0.00840211 0.01086134 0.04305491 0.00288964 0.00491395 0.00755847 -0.00758167 -0.02213818
205.5  0.51985560 0.03165712 0.01073645 -0.00683986 -0.00428748 -0.01548496 0.00341200 -0.00425107 0.00275636 0.01996352
206.0  0.33164051 0.05610772 -0.00159395 -0.00877263 -0.04862430 0.01400715 -0.01095458 -0.01139042 0.00355044 -0.01433626
206.5  -0.94293854 -0.10867667 -0.00975220 0.01023826 -0.03376100 -0.00043861 0.00819080 -0.01378356 -0.00547408 0.00838431
207.0  0.80038513 0.10096822 0.01026090 -0.00176250 0.02145460 -0.00805957 0.00217625 -0.00596218 0.00890217 -0.00241044
207.5  0.03499892 -0.03784359 -0.00306238 -0.00251110 0.05073333 0.00927383 -0.01375644 0.00020717 -0.00684400 -0.00280447
208.0  -0.85020016 -0.04326468 -0.00736112 0.01283181 0.02615427 -0.00540565 -0.01373911 0.01241058 0.00024489 0.00715446
208.5  0.89337737 0.09418732 0.00777766 -0.00373617 -0.02340956 -0.00534692 -0.00675711 0.01550381 0.00111768 -0.01102425
209.0  -0.13642910 -0.08608315 -0.00197843 -0.01170744 -0.04912134 0.01049712 -0.00612597 0.00743116 -0.00620295 0.01480893
209.5  -0.72505645 0.02789051 -0.00371161 0.00964981 -0.02134004 -0.01107580 0.01507800 -0.00227689 0.00698601 -0.01798578
210.0  0.97785971 0.04507032 0.00695748 0.00202761 0.03156242 0.00329988 -0.01382803 -0.01179356 -0.00577773 0.02071955
210.5  -0.46000461 -0.09258758 -0.00351660 -0.01108664 0.04695224 0.00702066 0.00386505 -0.01439354 0.00374534 -0.02282081
211.0  -0.41205674 0.08832073 -0.00294397 0.00471019 0.00815036 -0.00955117 0.00959617 -0.00903601 0.00048905 0.02144950
211.5  0.96887644 -0.03271623 0.00597647 0.00712816 -0.04141406 0.00577935 -0.01603803 0.00009440 -0.00455604 -0.01694517
212.0  -0.74778697 -0.04415022 -0.00328116 -0.00964088 -0.04227155 0.00139316 0.01308819 0.00823680 0.00744291 0.01198762
212.5  -0.10707843 0.09297399 -0.00140634 -0.00008838 0.00590954 -0.00773017 -0.00163196 0.01321901 -0.00869361 -0.00590983
213.0  0.87564986 -0.07866455 0.00559137 0.00882868 0.04709799 0.00818020 -0.01034101 0.01320028 0.00670193 -0.00097775
213.5  -0.88495695 0.01342475 -0.00503720 -0.00612265 0.03428363 -0.00397039 0.01613262 0.00656107 -0.00350681 0.00769522
214.0  0.15188844 0.05288382 -0.00002456 -0.00357230 -0.02193367 -0.00365950 -0.01276608 -0.00210651 -0.00173907 -0.01460136
214.5  0.68526455 -0.07860342 0.00699473 0.00591855 -0.04919884 0.00801403 0.00169229 -0.00979051 0.00701280 0.01959284
215.0  -0.99338410 0.05841218 -0.01017407 -0.00113653 -0.00979824 -0.00496230 0.01155988 -0.01421364 -0.00831205 -0.02122525
215.5  0.60383687 -0.01542841 0.00382477 -0.00345062 0.04237426 -0.00193521 -0.01687149 -0.01008298 0.00760194 0.01940963
216.0  0.18633172 -0.02217702 0.00561083 0.00502027 0.03259755 0.00823540 0.00666523 -0.00097541 -0.00081838 -0.01232279
216.5  -0.85635409 0.03807310 -0.00916477 0.00081205 -0.03055760 -0.00263083 0.00918803 0.00760413 -0.00474591 0.00391341
217.0  0.94388609 -0.03234482 0.00725446 -0.00738959 -0.04791164 -0.01176370 -0.01182799 0.01266249 0.00603678 0.00388264
217.5  -0.33405212 0.01726270 -0.00170865 -0.00159176 0.00531434 0.01540175 0.00560342 0.01102158 -0.00751706 -0.01220048
218.0  -0.55720158 -0.00744540 -0.00614862 0.00613299 0.04930024 -0.00748521 0.00371176 0.00371761 0.00393627 0.01827549
218.5  0.99790338 0.00585148 0.00855939 -0.00069483 0.02829004 -0.00558049 -0.00936182 -0.00438465 0.00028122 -0.02116710
219.0  -0.57774341 -0.00232636 -0.00255512 -0.00403048 -0.02898167 0.01563029 0.00667653 -0.01354367 -0.00372916 0.01986580
219.5  -0.34534179 -0.01046705 -0.00382638 0.00385440 -0.04742847 -0.01556113 -0.00871591 -0.01188485 0.00794878 -0.01528805
220.0  0.96511480 0.02740069 0.00547181 0.00086575 -0.00435338 0.00709199 -0.00189159 -0.00753080 -0.00764939 0.00694563
220.5  -0.76622697 -0.03459248 -0.00297874 -0.00445351 0.04415534 0.00594533 0.00894468 0.00277286 0.00453397 0.00385487
221.0  -0.07425852 0.02277422 -0.00120643 0.00121085 0.03771526 -0.01548066 -0.01066776 0.01205871 -0.00016849 -0.01003031
221.5  0.85844755 0.00429266 0.00415867 0.00195307 -0.02568551 0.01617266 0.00605214 0.01424591 -0.00875917 0.01680745
222.0  -0.89632812 -0.03167709 -0.00395972 -0.00530008 -0.05289963 -0.00632986 -0.00006682 0.01329018 0.00755566 -0.01988062
222.5  0.09959578 0.04259222 0.00201515 -0.00419294 -0.00767526 -0.00406406 -0.00864588 0.00411105 -0.00934423 0.01946462
223.0  0.80753214 -0.03095133 0.00586807 -0.01791285 0.04374457 0.01376017 -0.01427204 -0.00301499 0.00488143 -0.01611415
223.5  -0.90501729 0.00312959 -0.00868752 -0.01528616 0.04282869 -0.01650249 -0.01564836 -0.00975040 0.00117333 0.00994039
224.0  0.08043245 0.02639388 0.00331310 0.00569864 -0.00923458 0.01181635 -0.01030683 -0.01279423 -0.00524290 -0.00293667
224.5  0.81488208 -0.04577627 0.00643361 0.01786092 -0.05178931 -0.00096161 -0.00011388 -0.01218018 0.00912458 -0.00367713
225.0  -0.92080607 0.04595077 -0.01134043 0.00650607 -0.02926618 -0.01087257 0.00865731 0.00835445 -0.01132864 0.00978267
225.5  0.20763899 -0.02312416 0.00482070 -0.01298995 0.03284617 0.01838052 -0.01448623 -0.00365287 0.00792998 -0.01595896
226.0  0.66063183 -0.01620621 0.00533045 -0.00868795 0.04984852 -0.01626743 0.01005236 -0.00151692 -0.00026918 0.01959387
226.5  -0.99313730 0.05592363 -0.01057430 0.00714978 -0.00478996 0.00203227 -0.00111498 0.00554404 -0.00829207 -0.01870104
227.0  0.56173779 -0.07526584 0.00882866 0.00403052 -0.05473708 0.01546983 -0.00171031 -0.00751920 0.01387858 0.01626648
227.5  0.30018060 0.05699478 -0.00119444 -0.00503625 -0.02554703 -0.02188357 -0.00084272 0.00589412 -0.01449454 -0.00976070
228.0  -0.93437553 -0.00218241 -0.00932135 0.00518916 0.03721885 0.01162760 0.00255235 -0.00323490 0.00797870 0.00303193
228.5  0.83422390 -0.06089957 0.01151277 0.01950893 0.04670446 0.00628772 -0.00038565 -0.00010923 0.00127562 0.00265196
229.0  -0.07447880 0.09147582 -0.00338492 0.00381330 -0.00488045 -0.01941200 -0.00370951 0.00424067 -0.01065921 -0.00709709
229.5  -0.73419893 -0.06836778 -0.00461015 -0.02704749 -0.04466887 0.01717386 0.00534699 -0.00563870 0.01662281 0.01368800
230.0  0.98367106 0.00616415 0.00784472 -0.02050738 -0.02452812 -0.00039629 -0.00239042 0.00255873 -0.01619846 -0.01815630
230.5  -0.54261967 0.05697521 -0.00707004 0.01655782 0.02824060 -0.01541855 -0.00321594 0.00276616 0.00875132 0.02176537
231.0  -0.24600786 -0.08668762 0.00239508 0.03293360 0.04009424 0.01674442 0.00593412 -0.00623096 0.00301048 -0.02032039
231.5  0.87135137 0.07063720 0.00467245 -0.00118423 -0.00149374 -0.00409047 -0.00340493 0.00478660 -0.01383232 0.01402716
232.0  -0.94283724 -0.02038320 -0.00790185 -0.03468284 -0.04016350 -0.01182867 -0.00159645 0.00217361 0.01766942 -0.00610533
232.5  0.38305210 -0.03658122 0.00467544 -0.01758149 -0.02723066 0.01781873 0.00287875 -0.01103208 -0.01263664 -0.00270464
233.0  0.46879283 0.06788732 0.00222805 0.01889287 0.02054046 -0.00877686 0.00120277 0.01116554 0.00174392 0.01050071
233.5  -0.98275341 -0.05514429 -0.00792596 0.03228350 0.04494802 -0.00432855 0.00100552 -0.00046255 0.00919369 -0.01682220
234.0  0.70536093 0.00946090 0.00674037 0.00877514 0.01952479 0.00268705 -0.00959845 -0.01481123 -0.01244300 0.02120929
234.5  0.16748070 0.03697100 0.00142326 -0.02532464 -0.02915056 0.00170906 -0.00212122 -0.02441505 0.00230665 -0.02560243
235.0  -0.89778423 -0.05533122 -0.01075801 -0.03587002 -0.04320040 -0.00115397 -0.00912089 -0.01452766 -0.00346030 0.02620187
235.5  0.87718622 0.03853347 0.01056324 -0.00470054 -0.01083737 0.00195125 0.00108821 -0.00314364 -0.00412565 -0.02370399
236.0  -0.14798367 -0.00176796 0.00079964 0.02623498 -0.03647885 -0.00237436 0.00466392 0.00929274 0.00942836 0.01894779
236.5  -0.69326172 -0.03648258 -0.01298771 0.02619738 0.04269222 0.00200148 -0.00638178 0.02070776 -0.00946098 -0.01438378
237.0  0.98891584 0.05734291 0.01231257 -0.00653038 0.00013482 -0.00092981 0.00524088 0.01983269 0.00845081 0.00985762
237.5  -0.49173349 -0.04682872 -0.00087123 -0.03270002 -0.04254179 -0.00212783 -0.00098810 0.00860019 -0.00374106 -0.00553459
238.0  -0.42542770 0.00280089 -0.01134086 -0.01809907 0.03860866 0.00336583 -0.00212405 -0.00393238 -0.00032964 -0.00014061
238.5  0.98438139 0.05250330 0.01401754 0.01779506 0.00734170 -0.00305086 0.00436818 -0.01498141 0.00418336 0.00578635
239.0  -0.65221054 -0.07826291 -0.00149862 0.03315171 -0.04531611 0.00259836 -0.00486561 -0.02052562 -0.00831648 -0.00970658
239.5  -0.28476408 0.04666071 -0.01250987 0.01251121 0.03366315 0.00033810 0.00292356 -0.01829009 0.00953317 0.01344871
240.0  0.95300296 0.02545903 0.01144083 -0.02168639 0.01381088 -0.00352315 0.00130727 -0.01064720 -0.00960939 -0.01798611
240.5  -0.77231383 -0.08662993 -0.00062220 -0.03019963 -0.04582981 0.00454222 -0.00497376 0.00002563 0.00608161 0.02145585
241.0  -0.04326821 0.09497026 -0.00950527 -0.00053505 0.02256293 -0.00198388 0.00497294 0.01190518 -0.00111616 -0.02247228
241.5  0.80715211 -0.04625183 0.01142134 0.03265502 0.03061519 -0.00313086 -0.00141220 0.01930792 -0.00336218 0.02049108
242.0  -0.95580370 -0.03002705 -0.00413534 0.01804102 -0.04523009 0.00501445 -0.00281541 0.01812886 0.00731757 -0.01407142
242.5  0.39262996 0.09158522 -0.00536221 -0.02439873 -0.00238748 -0.00372209 0.00499230 0.00816221 -0.00757156 0.00396884
243.0  0.47763275 -0.10417091 0.01091466 -0.02718325 0.04784088 -0.00074611 -0.00430100 -0.00587352 0.00677525 0.00420797
243.5  -0.98328322 0.05945518 -0.00805999 0.00694183 -0.02778977 0.00508232 0.00101890 -0.01628278 -0.00502864 -0.01143990
244.0  0.67752219 0.01582659 -0.00311329 0.03089714 -0.02887178 -0.00542422 0.00276558 -0.02064226 -0.00000546 0.01549632
244.5  0.21443097 -0.07575777 0.01251987 0.01568735 0.04712498 0.00438639 -0.00327054 -0.01453821 0.00331122 -0.01887522
245.0  -0.92166292 0.08805820 -0.01022131 -0.02313775 -0.00355682 -0.00074713 0.00426897 -0.00269111 -0.00817554 0.01969590
245.5  0.83399692 -0.05485983 -0.00032667 -0.03123977 -0.04390535 -0.00243083 -0.00611106 0.00609391 0.00878614 -0.01868935
246.0  -0.05237220 0.00335498 0.00959834 0.00890164 0.03104234 0.00340561 0.00197466 0.01712809 -0.00363769 0.01227883
246.5  -0.76296405 0.03982953 -0.01263585 0.03649825 0.02423093 -0.00507127 -0.00319052 0.01604816 0.00376038 -0.00416805
247.0  0.97135897 -0.06152788 0.00708280 0.00057163 -0.04655633 0.00064338 -0.00635829 0.00753689 0.00423286 -0.00502194
247.5  -0.41333200 0.06005201 0.00407581 -0.03219121 -0.00163389 0.00434764 0.00664456 -0.00237840 -0.00581757 0.01468683
248.0  -0.48669254 -0.03819117 -0.01257785 -0.01800742 0.04962853 -0.00504493 -0.00260485 -0.01405382 0.00434185 -0.01773697
248.5  0.99135321 0.00136156 0.01239583 0.01803465 -0.02385890 0.00369527 -0.00518818 -0.01648963 -0.00403889 0.01820444
249.0  -0.62418057 0.03783195 -0.00065316 0.02935387 -0.03351534 0.00314049 0.00621817 -0.01287073 0.00129302 -0.01816078
249.5  -0.32302046 -0.05904148 -0.01075087 0.00456798 0.04632391 -0.00629695 -0.00688244 -0.00347991 -0.00019613 0.01464239
250.0  0.96974245 0.04779054 0.01199502 -0.02864939 0.00065254 0.00620605 0.00367594 0.00768389 -0.00174230 -0.00886867
250.5  -0.71814291 -0.01060475 -0.00304185 -0.02307089 -0.04666775 -0.00280275 0.00217087 0.01652154 0.00451887 0.00227212
251.0  -0.16070010 -0.02737755 -0.00745251 0.01538017 0.03184429 -0.00392985 -0.00685514 0.01858081 -0.00560709 0.00480599
251.5  0.88593933 0.04455213 0.01109215 0.03215606 0.02595348 0.00585469 0.00820231 0.01115534 0.00514653 -0.01215488
252.0  -0.90731026 -0.03794234 -0.00649685 -0.00061794 -0.04589927 -0.00379173 -0.00323392 -0.00200274 -0.00241149 0.01911978
252.5  0.25330088 0.01962669 -0.00201932 -0.03454090 -0.00316829 -0.00072815 -0.00439110 -0.01441955 -0.00141917 -0.02165678
253.0  0.58737795 -0.00443567 0.00902662 -0.01213858 0.04905470 0.00344878 0.00851031 -0.01886742 0.00369154 0.01817673
253.5  -0.99660957 -0.00132248 -0.01003039 0.02552362 -0.02075516 -0.00311679 -0.00596889 -0.01322357 -0.00453109 -0.01022443
254.0  0.63636959 0.00443821 0.00363594 0.02011276 -0.04268172 0.00062588 0.00136763 0.00020103 0.00253302 -0.00067374
254.5  0.24293534 -0.01590100 0.00659288 0.00078406 0.04349621 0.00011914 0.00340168 0.01208633 0.00145521 0.01142867
255.0  -0.92660210 0.03534666 -0.01163313 -0.03437020 0.01229354 0.00232952 -0.01666157 0.01206543 -0.00201444 -0.01838522
255.5  0.84080288 -0.04623635 0.00665468 -0.01785519 -0.04677199 -0.00481375 0.00444159 0.00477309 -0.01699669 0.02349174
256.0  -0.07314387 0.02956023 0.00278299 0.02863350 0.02162445 0.00414373 -0.00137028 -0.00109662 0.00726264 -0.02476716
256.5  -0.74090666 0.01477820 -0.01112087 0.03286731 0.03249238 0.00232398 -0.00087493 -0.00331756 0.00456620 0.02386838
257.0  0.98086596 -0.06313783 0.01205069 -0.00870158 -0.04266224 0.00823518 0.00182259 0.00632342 -0.01290076 -0.01951455
257.5  -0.48831083 0.08278364 -0.00252134 -0.03630855 -0.00727912 0.00861856 -0.00129382 -0.00568052 0.01570108 0.01320061
258.0  -0.37082634 -0.05386586 -0.00995043 -0.01600366 0.04657393 0.00059958 -0.00179460 0.00267178 -0.01254853 -0.00347539
258.5  0.95564640 -0.01357305 0.01407132 0.02693814 -0.02591115 -0.00639734 0.00372716 0.00241189 0.00542030 -0.00606480
259.0  -0.78370077 0.07962203 -0.00656581 0.03547644 -0.02720853 -0.00814004 -0.00349273 -0.00635460 0.00347812 0.01300980
259.5  -0.04909756 -0.09620259 -0.00722153 0.00286000 0.04493379 -0.00619159 0.00106628 0.00646086 -0.01176978 -0.01721752
260.0  0.84697106 0.04659901 0.01313178 -0.03636290 -0.01043288 0.00075434 0.00199343 -0.00426034 0.01637084 0.02118770
260.5  -0.90534087 0.03492097 -0.00450276 -0.03177709 -0.03219496 0.00896233 -0.00351251 0.00166381 -0.01637111 -0.02372440
261.0  0.19296733 -0.09194491 -0.00812766 0.01377141 0.04375544 0.00914348 0.00414100 0.00325355 0.01128639 0.02303913
261.5  0.66004454 0.09259443 0.01247281 0.03699929 -0.00405877 0.00347957 -0.00255183 -0.00709029 -0.00232134 -0.02095605
262.0  -0.99150298 -0.04464427 -0.00533353 0.01785851 -0.04408529 -0.00381384 -0.00208996 0.00655287 -0.00772050 0.01705266
262.5  0.60521369 -0.02278895 -0.00633576 -0.01816012 0.03672139 -0.01041495 0.00473382 -0.00396292 0.01467123 -0.00921652
263.0  0.20050793 0.08042040 0.01192749 -0.03559641 0.02038970 -0.00876939 -0.00400412 -0.00071035 -0.01535224 -0.00045792
263.5  -0.87125216 -0.10571767 -0.00678349 -0.00430556 -0.04995745 -0.00303490 -0.00420222 0.00232256 0.00948144 0.00825111
264.0  0.91516926 0.08378933 -0.00314440 0.03647983 0.01673771 0.00485991 0.00956980 -0.00005784 0.00072768 -0.01507854
264.5  -0.24962176 -0.01582774 0.01025430 0.02508048 0.03098477 0.01260205 -0.00977919 0.00823666 -0.00878849 0.02053939
265.0  -0.63127303 -0.07149463 -0.00922695 -0.01593129 -0.04510196 0.01125215 0.00207838 -0.01883569 0.00380551 -0.02388051
265.5  0.98567879 0.12910546 -0.00025827 -0.03392755 0.00790480 -0.00390177 -0.00018806 0.01519515 0.00157118 0.02516153
266.0  -0.49852364 -0.11562313 0.00962042 -0.01271465 0.04259488 -0.00247185 0.01113064 -0.00415415 -0.00183635 -0.02367409
266.5  -0.40451285 0.03074672 -0.01080737 0.02366491 -0.03968532 0.00253917 0.01329666 -0.00580883 -0.00179568 0.02047310
267.0  0.96357281 0.08042847 0.00380536 0.03068926 -0.01195391 -0.00148048 0.00742759 0.01588610 0.00465228 -0.01540323
267.5  -0.74382574 -0.15534565 0.00655956 -0.00437893 0.04711449 -0.00004873 -0.00148737 -0.01784966 -0.00432712 0.00945461
268.0  -0.06312406 0.15070711 -0.01190740 -0.03525859 -0.02573239 0.00163038 -0.01102716 0.01180495 0.00190348 -0.00030219
268.5  0.82243296 -0.06459516 0.00831987 -0.01309821 -0.03121554 -0.00127173 -0.01287453 -0.00003284 0.00022912 -0.00880465
269.0  -0.91788456 -0.06057310 0.00151886 0.02759651 0.04658752 -0.00129027 -0.00703987 -0.01266635 -0.00128297 0.01761863
269.5  0.23572372 0.15547617 -0.01044348 0.02890600 0.00081988 0.00331308 0.00258618 0.01971377 0.00268304 -0.02335154
270.0  0.66242232 -0.16361463 0.01087760 -0.00937255 -0.04548265 -0.00194715 0.01114842 -0.01692362 -0.00339295 0.02474910
270.5  -0.97082661 0.08175477 -0.00138902 -0.03589845 0.03072166 -0.00134945 0.01232641 0.00809523 0.00375452 -0.02327778
271.0  0.40980112 0.03748123 -0.00944151 -0.01137498 0.02521582 0.00368836 0.00737832 0.00440162 -0.00311358 0.01731268
271.5  0.49918582 -0.12807420 0.01179350 0.03008934 -0.04727065 -0.00295210 -0.00139751 -0.01412100 0.00026308 -0.00887187
272.0  -0.97968333 0.15493076 -0.00406392 0.02679549 -0.00050625 -0.00022588 -0.01024995 0.01895664 0.00445252 -0.00124632
272.5  0.68940729 -0.12146645 -0.00531017 -0.01819541 0.04820547 0.00584811 -0.01164268 -0.01574038 -0.00644522 -0.01323413
273.0  0.11101232 0.05064623 0.01165381 -0.03369597 -0.02004425 -0.00436880 -0.00688434 0.00426007 0.00339884 -0.01910905
273.5  -0.83076799 0.03304879 -0.00981574 0.00618140 -0.03906744 0.00123060 0.00520290 0.00822200 0.00332917 -0.02237316
274.0  0.93177450 -0.10606765 0.00116248 0.03895443 0.03369282 0.00404639 0.01061775 -0.01410475 -0.01232956 -0.02162321
274.5  -0.28875433 0.14288863 0.00818332 0.00450442 0.02146992 -0.00665699 0.01025630 0.00982480 0.01837274 -0.01471236
275.0  -0.61699697 -0.12188537 -0.01203223 -0.03522832 -0.04468183 0.00365481 0.00725795 -0.00357383 -0.01440855 -0.00542934
275.5  0.98181651 0.04367211 0.00703779 -0.02120449 0.00403784 0.00058385 0.00183542 -0.00291154 0.00550601 0.00540110
276.0  -0.43149793 0.05794313 0.00446707 0.01854032 0.04401356 -0.00478504 -0.00868886 -0.00040248 0.00610698 0.01304957
276.5  -0.52551846 -0.12835463 -0.01223249 0.03300052 -0.03074170 0.00635025 0.01118492 0.00369456 -0.01630250 0.02100459
277.0  0.98794427 0.13174527 0.01083939 0.00099994 -0.02595218 -0.00343649 -0.00655746 -0.00405183 0.02177749 0.02437490
277.5  -0.55904285 -0.07371327 -0.00055341 -0.03346896 0.04600037 0.00125755 -0.00212346 -0.00658482 -0.01652958 0.02516795
278.0  -0.34716404 -0.00947613 -0.01038266 -0.01721194 0.00201885 0.00399042 0.00865755 0.00400308 0.00787977 0.01859403
278.5  0.95548643 0.07891135 0.01395375 0.02129792 -0.04604088 -0.00789918 -0.00815850 0.00612232 0.00048479 0.00769737
279.0  -0.77275894 -0.11120624 -0.00657055 0.03032646 0.02100173 0.00676263 0.00165763 -0.01370274 -0.00907327 -0.00491354
279.5  -0.05365225 0.10197260 -0.00562914 -0.00069707 0.03048380 -0.00065971 0.00536944 0.01343359 0.01542612 -0.01659807
280.0  0.84117818 -0.05929456 0.01331479 -0.03984622 -0.03695395 -0.00568272 -0.01067136 -0.00628824 -0.01559618 -0.02377968
280.5  -0.91052766 -0.00337907 -0.00960570 -0.01521196 -0.00255804 0.00711517 0.00926813 -0.00346301 0.00748827 -0.02780202
281.0  0.19694702 0.06839160 -0.00287660 0.02868454 0.04220217 -0.00412343 0.00026763 0.00601619 0.00578955 -0.03023714
281.5  0.67307897 -0.11280051 0.01040881 0.03200814 -0.02682064 -0.00093883 -0.00838892 0.00464301 -0.01485408 -0.02529618
282.0  -0.98530413 0.11555606 -0.00911221 -0.00837364 -0.02676899 0.00583580 0.00566151 -0.01603620 0.01642238 -0.01640355
282.5  0.55450313 -0.07119621 0.00070767 -0.03603550 0.04465967 -0.00586936 -0.00077338 0.01543206 -0.00985149 -0.00216347
283.0  0.24749178 -0.00644760 0.00649000 -0.00923250 0.00319366 0.00068455 -0.00282197 -0.00099250 -0.00021673 0.01172734
283.5  -0.87156518 0.08930078 -0.00939457 0.02618807 -0.04884194 0.00402224 0.00198315 -0.01530526 0.00627772 0.02235051
284.0  0.92948755 -0.14441745 0.00438602 0.02787039 0.02086021 -0.00515480 -0.00104226 0.02243802 -0.00818556 0.02729391
284.5  -0.36728438 0.14252083 0.00486888 -0.00908433 0.03232071 0.00172021 -0.00245785 -0.01611109 0.00466170 0.02846238
285.0  -0.47051121 -0.07133980 -0.00812125 -0.03840966 -0.03909890 0.00418965 -0.00194657 -0.00023627 0.00093739 0.02649891
285.5  0.97241279 -0.04405647 0.00575491 -0.01355960 0.00022358 -0.00604488 -0.00061887 0.01726762 -0.00360467 0.02074915
286.0  -0.69612847 0.13983751 0.00124714 0.02902188 0.04085842 0.00198029 0.00324101 -0.02355128 0.00273790 0.01501367
286.5  -0.16955484 -0.15459418 -0.00734369 0.03432279 -0.03723045 0.00450148 -0.00006137 0.01711488 -0.00078092 0.00431752
287.0  0.89108395 0.07633122 0.00754226 -0.00005672 -0.00854774 -0.00742451 0.00229819 0.00275113 -0.00169019 -0.00268873
287.5  -0.86005542 0.04544064 -0.00186601 -0.03414852 0.04482682 0.00317700 -0.00608397 -0.01181813 0.00178074 -0.00891505
288.0  0.13060435 -0.13938266 -0.00615508 -0.02840358 -0.03288020 0.00373199 -0.01288555 -0.01973857 0.00068672 -0.01553296
288.5  0.69269751 0.15820302 0.01085866 0.01300380 -0.01853209 -0.01016446 -0.01105794 -0.01648743 0.00003702 -0.02176209
289.0  -0.97733731 -0.09706472 -0.00681302 0.03802029 0.04842329 0.00409952 -0.00296033 -0.00477598 -0.00131234 -0.02521105
289.5  0.50984659 -0.01381908 -0.00518301 0.01605554 -0.01851306 0.00149601 0.01037955 0.00712774 0.00092246 -0.02644001
290.0  0.36346990 0.12269124 0.00950580 -0.02841467 -0.02901238 -0.00254197 0.02068277 0.01264116 -0.00333791 -0.02426303
290.5  -0.95203244 -0.17236454 -0.00895058 -0.03657058 0.04433837 0.00267435 0.01624536 0.01439462 0.00153407 -0.01893880
291.0  0.74316779 0.12955264 -0.00184842 -0.00055793 -0.00617212 -0.00004154 -0.00251781 -0.00811992 0.00244613 -0.01147190
291.5  0.10834135 -0.00948514 0.01168637 0.02933560 -0.04322385 -0.00215969 -0.00935258 -0.00585467 -0.00265315 -0.00668579
292.0  -0.86154446 -0.12224351 -0.01015287 0.04261836 0.02149501 -0.00150296 -0.01206977 0.01758039 -0.00414251 0.00232160
292.5  0.88118842 0.19162842 -0.00060272 -0.01535095 0.01050252 -0.00004544 -0.00895362 -0.01822658 0.01038136 0.01105041
293.0  -0.19528809 -0.16544004 0.01037097 -0.04781734 -0.03943823 -0.00035654 0.00125295 0.01195791 -0.01326364 0.01703386
293.5  -0.62622494 0.06099748 -0.01165757 -0.01022047 0.01762625 0.00367467 0.01020553 0.00070209 0.00858954 0.02353233
294.0  0.97564218 0.07249019 0.00269206 0.04226276 0.03135795 -0.00171605 0.01147650 -0.01164585 -0.00104063 0.02685503
294.5  -0.60216863 -0.17792708 0.00870532 0.02973067 -0.03369860 -0.00098527 0.00385259 0.01528185 -0.00789174 0.02435316
295.0  -0.24214909 0.20691309 -0.01160138 -0.02434284 -0.01199612 0.00274303 -0.00629372 -0.01157959 0.01395138 0.01719488
295.5  0.90890465 -0.13847026 0.00615758 -0.04141225 0.04021259 -0.00222251 -0.01134856 0.00453028 -0.01592218 0.00463676
296.0  -0.80063444 -0.00081575 0.00410549 0.00185783 -0.01246839 0.00032320 -0.01127287 0.00379430 0.01466933 -0.00470736
296.5  -0.03857939 0.13828034 -0.01236908 0.04153547 -0.03144810 0.00096064 -0.00728270 -0.01050859 -0.01019016 -0.01754500
297.0  0.84623557 -0.19980989 0.01149899 0.02320479 0.03389470 -0.00095050 0.00178589 0.01454765 0.00409152 -0.02560820
297.5  -0.86960354 0.16011518 -0.00069628 -0.02949619 0.00948975 0.00015759 0.01030328 -0.01314528 0.00481448 -0.02850899
298.0  0.11731607 -0.05018460 -0.01080393 -0.03901273 -0.03972177 -0.00001744 0.01255334 0.00623177 -0.01348471 -0.02932088
298.5  0.72151227 -0.07347927 0.01427933 0.01317167 0.01082552 0.00019221 0.00935614 0.00556505 0.01777036 -0.02389132
299.0  -0.96218276 0.16236817 -0.00874244 0.04463251 0.03432071 -0.00158251 0.00060130 -0.01404865 -0.01645897 -0.01449163
299.5  0.44599319 -0.19025712 -0.00415315 0.00343447 -0.02807168 0.00356728 -0.00999837 0.01582615 0.00948695 -0.00239344
300.0  0.41728856 0.14981638 0.01386231 -0.04067459 -0.02236114 -0.00173947 -0.01338235 -0.00880782 0.00148115 0.01138593
300.5  -0.95846127 -0.05223647 -0.01429144 -0.02087425 0.03978785 -0.00452750 -0.01120541 -0.00342177 -0.01024017 0.02142810
301.0  0.72228877 -0.06918966 0.00553904 0.02946947 0.00266454 0.01249373 0.00017471 0.01115788 0.01364403 0.02823265
301.5  0.13060763 0.16400303 0.00823745 0.03682178 -0.04035951 -0.01654134 0.00843182 -0.01423049 -0.00770484 0.02833216
302.0  -0.87593223 -0.18619904 -0.01601765 -0.00863337 0.02091672 0.01345714 0.01040354 0.00783746 -0.00476046 0.02412758
302.5  0.85757600 0.12605559 0.00944536 -0.03877089 0.03231770 0.00569966 0.01048106 0.00020154 0.00713357 0.01698744
303.0  -0.11268864 -0.01686784 0.00466159 -0.02493937 -0.03152684 -0.02043346 0.00461629 -0.00559699 -0.00442344 0.00396768
303.5  -0.71053968 -0.08979675 -0.01304654 0.03802392 -0.01498375 0.02230318 -0.00654027 0.00590378 -0.00002946 -0.00844607
304.0  0.97224917 0.15635636 0.01171621 0.03578493 0.04087682 -0.00802803 -0.01231835 -0.00223556 0.00303492 -0.01857502
304.5  -0.50564467 -0.16754656 -0.00204637 -0.02706457 -0.01226958 -0.01472589 -0.01034607 0.00003339 -0.00467104 -0.02455126
305.0  -0.34145475 0.12399956 -0.00789829 -0.04042986 -0.03666257 0.02514836 -0.00120306 0.00268625 0.00515756 -0.02743343
305.5  0.93983264 -0.03762033 0.01197766 0.00428552 0.03406126 -0.01453820 0.00972367 -0.00388493 -0.00327869 -0.02379653
306.0  -0.78483843 -0.06643532 -0.00670077 0.04154190 0.01383042 -0.00738056 0.01247397 0.00349117 0.00099992 -0.01622541
306.5  -0.05191256 0.14753485 -0.00466581 0.02450156 -0.04252725 0.02340925 0.00775344 -0.00107779 0.00164131 -0.00692901
307.0  0.85203895 -0.16228862 0.01303919 -0.02738021 0.01942199 -0.02130277 -0.00097727 -0.00128347 -0.00449628 0.00208100
307.5  -0.87274130 0.09436868 -0.00920814 -0.04501109 0.02620897 0.00394115 -0.00982609 0.00240996 0.00639134 0.01074120
308.0  0.10504839 0.02557943 -0.00410820 -0.00561919 -0.04060016 0.01520284 -0.01190350 -0.00251615 -0.00560252 0.01631028
308.5  0.73997552 -0.13527635 0.01373613 0.03869995 0.00714677 -0.02407662 -0.00751392 0.00218675 0.00338826 0.02206238
309.0  -0.95857190 0.17922112 -0.01174538 0.03415091 0.03540337 0.01548897 0.00041508 -0.00246496 0.00011069 0.02486723
309.5  0.42748028 -0.13815387 0.00072869 -0.01542474 -0.03389519 0.00546033 0.00963017 0.00113414 -0.00433192 0.02151561
310.0  0.41713230 0.03245768 0.01190596 -0.04339733 -0.00473270 -0.02023197 0.01415393 0.00556088 0.00544238 0.02087390
310.5  -0.95165599 0.09070460 -0.01562158 -0.01046723 0.04206686 0.02013842 0.00717186 -0.01051812 -0.00272056 0.01719860
311.0  0.77498376 -0.17431652 0.00562538 0.02857258 -0.02762164 -0.00346140 -0.00259408 0.00833876 -0.00316395 0.01158372
311.5  0.00756216 0.17189381 0.00953176 0.03270293 -0.02497492 -0.01114511 -0.01172929 0.00327726 0.00295937 0.00751173
312.0  -0.79409839 -0.07715778 -0.01655596 0.00007225 0.04007368 0.01266870 -0.01092472 -0.01996781 0.00564695 0.00138329
312.5  0.93092231 -0.06059419 0.00668191 -0.03820168 -0.01170703 -0.00185044 -0.01064156 0.01829792 -0.01296935 -0.00616004
313.0  -0.30359598 0.16417886 0.00946042 -0.02909959 -0.02837585 -0.00448623 -0.00003749 -0.00543239 0.01285713 -0.01013536
313.5  -0.55492474 -0.18007962 -0.01454144 0.01579455 0.03907196 0.00651888 0.01036244 -0.00921688 -0.00521018 -0.01685564
314.0  0.97671070 0.10827698 0.00684847 0.04039762 -0.00226734 -0.00261226 0.01524977 0.01675683 -0.00585156 -0.02016315
314.5  -0.69460822 0.01033296 0.00586398 0.01113155 -0.03940918 -0.00650047 0.01063994 -0.01401025 0.01463240 -0.02002554
315.0  -0.06015101 -0.12436083 -0.01397368 -0.03047791 0.02968004 0.00934744 -0.00177206 0.00201358 -0.01662499 -0.01871354
315.5  0.77563683 0.18853335 0.01035706 -0.02977337 0.01823571 -0.00183596 -0.01275799 0.01123994 0.01103738 -0.01351662
316.0  -0.95539808 -0.17216971 0.00234593 0.00947192 -0.04221653 -0.00853907 -0.01565422 -0.01649353 -0.00055239 -0.00974531
316.5  0.42700014 0.07291553 -0.01263555 0.03748313 0.01355411 0.01190612 -0.00807160 0.01128676 -0.00938375 -0.00232354
317.0  0.45034462 0.07071101 0.01254638 0.02016053 0.02922670 -0.00440974 0.00420665 0.00130777 0.01608859 0.00516424
317.5  -0.96663737 -0.18388996 -0.00177914 -0.02642213 -0.03372243 -0.00817346 0.01374990 -0.01312013 -0.01652203 0.01191342
318.0  0.66669953 0.19893609 -0.01060773 -0.03540284 0.00791980 0.01586131 0.01390013 0.01765265 0.01066891 0.01729023
318.5  0.19363829 -0.10557595 0.01329360 -0.00578810 0.03938527 -0.01349211 0.00745194 -0.01097928 -0.00029640 0.02174884
319.0  -0.88432905 -0.04253813 -0.00766103 0.03033311 -0.03066759 0.00032437 -0.00309845 -0.00088998 -0.00865610 0.02459452
319.5  0.86068588 0.16852286 -0.00460103 0.03114601 -0.01868712 0.01771350 -0.01123659 0.01158627 0.01149786 0.02446969
320.0  -0.16656417 -0.21486839 0.01529947 -0.01162050 0.03984057 -0.02299245 -0.02016846 -0.01036528 -0.00709650 0.02151431
320.5  -0.65838781 0.16431614 -0.01290547 -0.03940825 -0.00887879 0.01614061 -0.00548819 0.00639703 0.00289154 0.01561963
321.0  0.96896502 -0.03859731 -0.00002410 -0.01408376 -0.03000920 0.00599400 0.00207671 0.00681029 0.00196559 0.00949626
321.5  -0.47547158 -0.10808634 0.01173416 0.03121043 0.03049598 -0.02503357 0.01218367 -0.01267891 -0.00331422 0.00238635
322.0  -0.44991605 0.20448014 -0.01340905 0.03473657 0.00742354 0.03055054 0.00794125 0.01100067 0.00173484 -0.00555601
322.5  0.97124528 -0.19556544 0.00298672 -0.00771316 -0.03851851 -0.01371258 0.00550707 -0.00612487 -0.00116889 -0.01247212
323.0  -0.56287181 0.08168982 0.01075337 -0.03935915 0.02130831 -0.01144164 -0.00098533 -0.00001525 0.00093666 -0.01794748
323.5  -0.38513346 0.07448085 -0.01360039 -0.02171406 0.02339319 0.02980344 -0.00685798 0.00461042 -0.00074000 -0.02395227
324.0  0.96027990 -0.19018504 0.00395117 0.02528095 -0.03981159 -0.02752869 -0.00771275 -0.00732207 0.00125735 -0.02584541
324.5  -0.67406971 0.21570091 0.00952233 0.03900283 0.00491099 0.00402200 -0.00627173 0.00791844 -0.00102867 -0.02097296
325.0  -0.16814188 -0.15063843 -0.01448855 -0.00860085 0.03868450 0.02261255 0.00015389 -0.00600807 0.00068890 -0.01591371
325.5  0.86401986 0.02837384 0.00737884 -0.03968401 -0.02775850 -0.03065401 0.00732938 0.00245076 0.00029049 -0.00642576
326.0  -0.87996344 0.10460264 0.00385154 -0.00973577 -0.02359948 0.01304614 0.00862763 0.00324717 -0.00114989 0.00391710
326.5  0.19681560 -0.19990478 -0.01133255 0.03084971 0.04102085 0.01570423 0.00420300 -0.00820220 0.00162263 0.01402408
327.0  0.65694420 -0.21708683 0.01371607 0.02921617 -0.00163686 -0.03101187 -0.00243682 0.00953786 -0.00192632 0.02103867
327.5  -0.96371688 -0.14712105 -0.00436869 -0.01807836 -0.03821107 0.02301985 -0.00871430 -0.00736366 0.00153880 0.02415746
328.0  0.43876476 -0.01158871 -0.01281899 -0.04002325 0.02619481 0.00133095 -0.00839861 0.00096701 -0.00053029 0.02388352
328.5  0.46358315 0.12652101 0.02092178 0.00030025 0.02409966 -0.02387389 -0.00221240 0.00674978 -0.00132183 0.01837712
329.0  -0.96490645 0.20967813 -0.01252499 0.03763379 -0.04059771 0.03007176 0.00077428 -0.01254119 0.00327869 0.00953937
329.5  0.67762330 0.21090637 -0.00498317 0.02068267 -0.00443423 -0.01425619 0.00731062 0.01249502 -0.00468044 -0.00003251
330.0  0.12469848 0.13303474 0.01902680 -0.02207367 0.04570520 -0.00857212 0.00776725 -0.00326203 0.00371559 -0.01258534
330.5  -0.82431438 0.00976778 -0.02096928 -0.03601320 -0.01367593 0.02664779 0.00026939 -0.00663166 0.00021273 -0.02155616
331.0  0.92288471 -0.11657664 0.00767759 0.01119927 -0.03153917 -0.02377387 -0.00190058 0.01314014 -0.00826664 -0.02530901
331.5  -0.34203433 -0.20446861 0.01119198 0.03998325 0.03333634 0.00476200 -0.00547920 -0.00957574 0.01259909 -0.02505007
332.0  -0.51180615 -0.21452109 -0.02148553 0.00658130 0.01045497 0.01415875 -0.00494989 -0.00555189 -0.00803358 -0.01831499
332.5  0.96965420 -0.13187992 0.01599593 -0.03460000 -0.04188850 -0.01969877 -0.00513343 0.01816212 -0.00015816 -0.00872096
333.0  -0.61096748 0.01679480 0.00339151 -0.02728189 0.01907864 0.01088712 0.00423335 -0.02081184 0.01029067 0.00036296
333.5  -0.28521222 0.15961004 -0.02130826 0.01482638 0.02773969 0.00158178 0.00636210 0.00932201 -0.01593059 0.01091938
334.0  0.92878894 0.22071691 0.01618259 0.03667085 -0.04218232 -0.01105904 0.00640058 0.00878876 0.01382410 0.01946056
334.5  -0.77355643 0.17199714 0.00205594 0.01183289 0.00559905 0.01105164 0.00338869 -0.02322914 -0.00476638 0.02704764
335.0  -0.00355958 0.04098642 -0.01557816 -0.02833082 0.03915561 -0.00211727 -0.00039922 0.02353186 -0.00709635 0.02897566
335.5  0.76278673 -0.10549672 0.01639976 -0.03262778 -0.02961568 -0.00585382 -0.00546261 -0.00895385 0.01622107 0.02635079
336.0  -0.95005797 -0.20164419 -0.00560143 0.00996333 -0.01732875 0.00791941 -0.00750920 -0.01195274 -0.01680018 0.02008777
336.5  0.43925722 -0.21448238 -0.00922218 0.04241368 0.03922715 -0.00201814 -0.00244562 0.02607171 0.00919817 0.01058130
337.0  0.40723191 -0.12702327 0.01721615 0.01274105 -0.01316557 -0.00767981 0.00037325 -0.02334347 0.00138993 -0.00000962
337.5  -0.95002166 0.02751308 -0.01286935 -0.03140637 -0.02934216 0.00720667 0.00456046 0.00661600 -0.01137457 -0.01026782
338.0  0.72318178 0.16801252 -0.00025136 -0.03340495 0.03846267 0.00094129 0.00531435 0.01331029 0.01555764 -0.01947443
338.5  0.11782013 0.22104338 0.01321941 0.00255855 0.00016208 -0.00938150 0.00186780 -0.02591794 -0.01252950 -0.02441326
339.0  -0.85774768 -0.14934132 -0.01444385 0.03496003 -0.03993301 0.01283140 -0.00208842 0.02628713 0.00460470 -0.02817401
339.5  0.87191790 -0.00302454 0.00290078 0.02755404 0.03306084 -0.00835640 -0.00286410 -0.01180409 0.00489439 -0.03074573
340.0  -0.17695015 0.15280657 0.00896159 -0.01554347 0.01059615 -0.00625977 -0.00255611 -0.01008314 -0.00899556 -0.03270250
340.5  -0.64715259 -0.22392919 -0.01522415 -0.04338563 -0.03634477 0.01769827 -0.00226452 0.02656765 0.00423606 -0.03049085
341.0  0.96926968 0.18370388 0.00999685 -0.01065783 0.02139611 -0.01822055 0.00773139 -0.02462839 0.00676578 -0.02444524
341.5  -0.55227565 -0.05059119 0.00559071 0.03514326 0.01574938 0.00386642 0.00092110 0.00778537 -0.01120036 -0.01819289
342.0  -0.30088712 -0.11210345 -0.01704461 0.03435621 -0.04076835 0.01615520 -0.00235314 0.01158792 0.00377936 -0.00766035
342.5  0.92402102 0.21828138 0.01346624 -0.00079440 0.00960174 -0.02579627 -0.00403993 -0.02026408 0.00925002 0.00240914
343.0  -0.76747862 -0.20183746 0.00323173 -0.03792676 0.02872179 0.01843096 -0.00706337 0.01513937 -0.01853320 0.01025644
343.5  -0.07150912 0.06550026 -0.01695967 -0.02984995 -0.03785513 0.00335929 -0.00693866 -0.00478568 0.01810438 0.01826324
344.0  0.84685271 0.10829579 0.01319006 0.00979607 0.00893420 -0.02063622 -0.00471226 -0.00432967 -0.00937045 0.02403159
344.5  -0.87173304 -0.21486227 0.00220028 0.03918765 0.03107321 0.02679400 0.00106808 0.00930831 -0.00365354 0.02689602
345.0  0.17295709 0.20610752 -0.01413632 0.02170566 -0.03572374 -0.00968188 -0.01478404 -0.01024668 0.01643779 0.02812641
345.5  0.63976657 -0.10565071 0.01392957 -0.02534480 -0.00206381 -0.01229884 0.00226682 0.00420720 -0.02208154 0.02452591
346.0  -0.97195431 -0.02981216 -0.00237853 -0.03653436 0.03803697 0.01937037 0.01628496 0.00541831 0.01576588 0.01575295
346.5  0.63197955 0.14860817 -0.01075506 0.00781695 -0.02205883 -0.00912309 -0.02346485 -0.00706557 0.00066254 0.00335805
347.0  0.13935581 -0.21547234 0.01569706 0.03701992 -0.02605664 -0.00811467 0.01447648 -0.00496022 -0.01303856 -0.00865103
347.5  -0.82452386 0.20922961 -0.01019989 0.01303057 0.03606974 0.01851523 0.00419436 -0.01785549 0.01562577 -0.02020421
348.0  0.91626070 -0.12574844 -0.00547371 -0.02844457 0.00787995 -0.01507530 0.02020799 -0.01851969 -0.00567299 -0.02747543
348.5  -0.29793026 -0.01211378 0.01539669 -0.04873797 -0.01907597 -0.00092998 0.02387511 -0.00470330 0.00213087 -0.02812693
349.0  -0.56894014 0.15180017 -0.01309121 0.00701011 0.02187399 0.01140751 0.01388746 0.00798206 0.00750824 -0.02760361
349.5  0.96823156 -0.23278768 0.00205321 0.04195928 0.02318295 -0.01649624 -0.00964533 0.01656045 -0.01394145 -0.02247883
350.0  -0.56701787 0.21691227 0.00983324 0.01474233 -0.03754704 0.01365114 -0.02201200 0.01833895 0.01321093 -0.00951623
350.5  -0.29232178 -0.10969332 -0.01678363 -0.03065333 0.00082281 0.00596588 -0.02237705 0.01201833 -0.01105781 0.00142978
351.0  0.91119298 -0.04414711 0.01163353 -0.03049408 0.03799858 -0.01635442 -0.00932878 0.00064230 0.00487442 0.01389472
351.5  -0.80200665 0.18296939 0.00303210 0.01723765 -0.02190134 0.01524715 0.01156487 -0.01072244 0.00138808 0.02419449
352.0  0.03992176 -0.25040566 -0.01461193 0.04136520 -0.02593255 -0.00154616 0.02416946 -0.01679345 -0.00818617 0.02751703
352.5  0.76938301 0.21231172 0.01458987 0.00121114 0.03557809 -0.01424448 0.02079686 -0.01695488 0.00996249 0.02758990
353.0  -0.90699468 -0.07553891 -0.00406329 -0.03999985 0.00455338 0.01725868 0.00547679 -0.01080701 -0.01963094 0.01541864
353.5  0.18738772 -0.10140482 -0.00847589 -0.02334367 -0.03838679 -0.00805425 -0.01303464 0.00053925 0.01363955 0.01287359
354.0  0.72639397 0.22742461 0.01274104 0.02424826 0.02392589 -0.00628117 -0.02298688 0.01011013 -0.01237783 0.00177344
354.5  -0.91416312 -0.23356097 -0.00406022 0.03879181 0.02132434 0.01707003 -0.02194949 0.01724686 0.00362811 -0.01496722
355.0  0.20323616 0.12176734 -0.00662466 -0.00141270 -0.04002328 -0.01627091 -0.01112335 0.02018026 -0.00196426 -0.02342672
355.5  0.68193305 0.04275180 0.01099584 -0.03963438 0.00717002 0.00512989 0.00824731 0.01285001 -0.00884681 -0.02865686
356.0  -0.95201105 -0.18252527 -0.00540540 -0.01847597 0.03787039 0.01066170 0.02290548 -0.00097501 0.01553204 -0.02827492
356.5  0.44595906 0.24684062 -0.00257057 0.02766815 -0.02761793 -0.02165154 0.02092901 -0.01605223 -0.01840375 -0.01988745
357.0  0.39516747 -0.21844794 0.00878316 0.03212221 -0.02903772 0.01330236 0.00505476 -0.02287502 0.01783603 -0.00779004
357.5  -0.93526874 0.10778596 -0.00867068 -0.01397012 0.03753183 0.00164669 -0.01481457 -0.01706892 -0.00498730 0.00716353
358.0  0.76070237 0.04797356 0.00368146 -0.04088949 0.01412084 -0.01188549 -0.02438599 0.00496992 -0.00639414 0.02053850
358.5  0.02290133 -0.18748272 0.00311412 -0.00251191 -0.04216078 -0.02592933 -0.00150220 0.02331140 0.00891402 0.02578877
359.0  -0.79831531 0.24440994 -0.01027559 0.04055326 0.01072814 -0.01139802 0.02242952 0.01389428 -0.01777897 0.02758075
359.5  0.90631551 -0.18625648 0.01015121 0.02486465 0.03083719 0.01091717 0.02145092 0.00883631 0.01328717 0.02453621
360.0  -0.25149051 0.04188893 0.00076443 -0.03056376 -0.03106631 -0.02713894 0.00884596 -0.00419826 -0.00611109 0.01891188
360.5  -0.60415739 0.11420196 -0.01271969 -0.03584800 -0.00605389 0.02773339 -0.00982215 -0.01224324 -0.00257972 0.01108507
361.0  0.97083319 -0.21026952 0.01277028 0.00788593 0.04009436 -0.00687082 -0.02151481 -0.01990743 0.01121110 0.00220845
361.5  -0.59551335 0.21187538 -0.00379989 0.03653467 -0.01540915 -0.01826541 -0.01984934 -0.01653226 -0.01436936 -0.00798580
362.0  -0.21761591 -0.12723675 -0.00917850 0.01816272 -0.03212868 0.02966928 -0.00558160 -0.00282956 0.01438559 -0.02046669
362.5  0.87337231 -0.00645121 0.01636592 -0.02978488 0.03605212 -0.01607198 0.01213895 0.01048809 -0.00898634 -0.02790008
363.0  -0.88002137 0.13655862 -0.01177718 -0.03667673 0.00704356 -0.01043170 0.02017906 0.02099928 0.00081602 -0.03086384
363.5  0.19620608 -0.20580860 -0.00203248 0.00770633 -0.04055513 0.02688961 0.01309397 0.01976586 0.00686358 -0.03119880
364.0  0.65990965 0.17387928 0.01525784 0.04116551 0.02479019 -0.02173469 -0.00063464 0.01006662 -0.01277635 -0.03042137
364.5  -0.96626120 -0.04878060 -0.01409147 0.02463046 0.01812580 0.00274128 -0.01368882 -0.00237185 0.01474915 -0.02599195
365.0  0.45524584 -0.10497952 -0.00076185 -0.01995949 -0.04234380 0.01784259 -0.01627970 -0.01690535 -0.01259925 -0.01959821
365.5  0.41969389 0.20316927 0.01443718 -0.03886355 0.01878405 -0.02461102 -0.01096346 -0.02251319 0.00755791 -0.01320345
366.0  -0.94832312 0.19775924 -0.01552800 -0.01171613 0.02836454 0.01141391 0.00193646 -0.01703974 0.00015102 -0.00385144
366.5  0.78055555 0.09421163 0.00137242 0.03018115 -0.04329018 0.01386997 0.01521415 -0.00179969 -0.00914011 0.00679971
367.0  -0.08387875 -0.04467892 0.01368944 0.03449615 0.00258925 -0.02030796 0.01809142 0.01641486 0.01388033 0.01483587
367.5  -0.66632365 -0.16464419 -0.01750852 -0.01014318 0.04245162 0.01519786 0.00189103 0.02365752 -0.01626086 0.02406314
368.0  0.97259634 -0.21397351 0.00620180 -0.04266784 -0.03094617 0.00089367 -0.00788485 0.01774542 0.00401897 0.03038763
368.5  -0.58524640 -0.16396616 0.01058170 -0.01592104 -0.01497733 -0.01842892 -0.01500844 0.00448133 0.00432183 0.03164457
369.0  -0.26595634 -0.02836062 -0.01801099 0.03126236 0.04552919 0.01710820 -0.01492657 -0.00794013 -0.01525642 0.03221117
369.5  0.91692797 0.12777686 0.00879613 0.03379896 -0.02595746 0.01357208 -0.01115863 0.01711642 0.01504778 0.02854319
370.0  -0.78778119 0.20978878 0.00868948 0.00284695 -0.02862385 -0.00402553 0.00545693 -0.01937694 -0.01037692 0.02076246
370.5  -0.03253115 0.17641326 -0.01755898 -0.03210587 0.04576780 -0.01918608 0.00237196 0.01145302 0.00200005 0.01283761
371.0  0.81931218 0.04690220 0.01099794 -0.02682790 -0.00811281 -0.02409880 -0.01424193 0.00143728 0.00341860 0.00106142
371.5  -0.90241943 -0.10991641 0.00302345 0.01295515 -0.03928648 -0.01239694 0.01927906 -0.01014355 -0.00716139 -0.01135330
372.0  0.23735361 -0.20104962 -0.01555649 0.03369665 0.03870380 0.01145635 -0.01381286 0.01422445 0.00787451 -0.02239420
372.5  0.62219389 -0.19863888 0.01664028 0.01038298 0.01233949 0.02461777 0.00068816 -0.01236817 -0.00624759 -0.03270106
373.0  -0.97092009 -0.10973277 -0.00491976 -0.02727136 -0.04906272 0.01787405 0.01391463 0.00532846 0.00365515 -0.03639750
373.5  0.49979249 0.04196669 -0.01087690 -0.02872515 0.02271830 -0.00243242 -0.01986890 0.00340344 0.00034663 -0.03365897
374.0  0.42133056 0.16951294 0.01836904 0.01078684 0.03217054 -0.02068224 0.01459384 -0.01134561 -0.00366905 -0.02498248
374.5  -0.96794274 0.21011884 -0.01002217 0.03470171 -0.04616164 -0.02412695 -0.00304465 0.01490912 0.00555048 -0.01183605
375.0  0.60202918 0.15280843 -0.00731043 0.01361821 0.00096534 -0.01245921 -0.01077652 -0.01254433 -0.00684545 0.00055883
375.5  0.32363354 0.01415079 0.01754078 -0.02356041 0.04815891 0.00660887 0.01907530 0.00494927 0.00517617 0.01616863
376.0  -0.94162715 -0.12709577 -0.01192054 -0.03558438 -0.02127401 0.02443040 -0.01747177 0.00650644 -0.00377104 0.02999307
376.5  0.75430497 -0.20065301 -0.00150352 0.01932195 -0.02475429 0.02490313 0.00847952 -0.01526240 -0.00123259 0.03596501
377.0  0.01519356 -0.20623051 0.01144011 -0.03777940 0.04559315 0.00948373 0.01501793 0.01742789 0.00379496 0.03440206
377.5  -0.75602256 -0.14410328 -0.01374610 0.00287721 0.00946418 -0.00411304 -0.02430168 -0.00704882 -0.00206779 0.02295355
378.0  0.95630064 -0.03323111 0.00701088 0.02622416 -0.05448808 -0.02326206 -0.01167575 0.00055577 -0.01754599 0.00650655
378.5  -0.46735497 0.08391290 0.00487868 -0.00952084 0.01038051 -0.02384722 -0.00485480 -0.00394030 0.01720533 -0.01001934
379.0  -0.38770169 0.18160255 -0.01260875 -0.00974813 0.05375256 -0.00701622 0.00380535 -0.01966090 -0.00964500 -0.02417886
379.5  0.94953806 0.21505941 0.01089829 0.01096419 -0.03581835 0.00821041 -0.01420480 -0.02164408 0.00150592 -0.03253690
380.0  -0.71528246 0.15718361 -0.00047252 -0.00247260 -0.03458061 0.01997346 0.01606441 -0.01393262 0.00793016 -0.03416418
380.5  -0.14781288 0.03122987 -0.00965117 -0.00882340 0.05574469 0.01926405 -0.01073567 -0.00187283 -0.01377291 -0.03095504
381.0  0.87918567 -0.10955559 0.01233747 0.00629391 0.00157388 0.00735101 -0.00069334 0.01148554 0.01659194 -0.02379264
381.5  -0.84666296 -0.20010834 -0.00791804 0.00218648 -0.05661403 -0.00965631 0.01263508 0.02120828 -0.01561123 -0.01290328
382.0  0.11068067 -0.20571949 -0.00379459 -0.00618794 0.02842847 -0.02065393 -0.01666332 0.02107935 0.01081864 0.00277670
382.5  0.70420878 -0.12819045 0.01321589 0.00362886 0.04033568 -0.01582078 0.01121582 0.01283416 -0.00274459 0.01829939
383.0  -0.96213992 0.00288183 -0.01432952 0.00392804 -0.04871968 0.00079486 0.00244151 -0.00082046 -0.00696047 0.02999418
383.5  0.46749200 0.12874325 0.00449804 -0.00368368 -0.01383942 0.01634380 -0.01512032 -0.01554958 0.01534779 0.03652853
384.0  0.40821268 0.20683996 0.00943426 -0.00314862 0.05843190 0.02083713 0.01598648 -0.02235371 -0.01784546 0.03399132
384.5  -0.95601523 0.19723379 -0.01525791 0.00403932 -0.02299515 0.00902191 -0.00728613 -0.01953599 0.01633493 0.02658942
385.0  0.68796820 0.08368532 0.00855114 0.00037986 -0.04336581 -0.00737461 -0.00332482 -0.01068224 -0.01027606 0.01475394
385.5  0.18659379 -0.06584248 0.00664072 -0.00691696 0.05634016 -0.01803860 0.01202265 0.00392621 0.00102124 0.00158192
386.0  -0.89353903 -0.18020608 -0.01322772 0.00456333 0.00298274 -0.01934398 -0.01094264 0.01612185 0.00805570 -0.01036188
386.5  0.83792490 -0.21544628 0.00852889 0.00036529 -0.05915237 -0.00396342 0.01049632 0.02015749 -0.01649803 -0.02251228
387.0  -0.12871231 -0.14257740 0.00239930 0.00399648 0.03556139 0.00822991 -0.00500252 0.01861047 0.01646191 -0.02958448
387.5  -0.65872608 0.01584245 -0.00965920 0.03290247 0.01616479 0.01869436 -0.01066565 0.00312464 -0.00993832 -0.03545864
388.0  0.97082192 0.12536859 0.00902514 -0.04832032 -0.02505538 0.01815675 0.00443221 -0.02106428 -0.00035826 0.03639405
388.5  -0.60641262 -0.21852025 -0.00033474 -0.00655131 0.00331489 0.00693968 0.00026841 -0.02741199 0.00425602 -0.03203225
389.0  -0.20246288 0.21141448 -0.00847996 0.05296260 0.02195503 -0.00802429 -0.00897284 -0.02667830 -0.00074464 0.02572071
389.5  0.87648943 -0.08979865 0.00908655 -0.02968749 -0.01792119 -0.02038683 0.01599291 -0.00669001 -0.00306413 -0.01680677
390.0  -0.84310155 -0.09143701 -0.00318131 -0.03017677 -0.00675896 -0.01860800 -0.01505594 0.00869269 0.00599499 0.00799067
390.5  0.07155515 0.21968015 -0.00353231 0.05358898 0.02360719 -0.00590558 0.00204939 0.02506329 -0.00726678 -0.00078487
391.0  0.77000122 -0.20365220 0.00816036 -0.01664372 -0.01510221 0.01131234 0.00660379 0.02950486 0.00622168 -0.00865865
391.5  -0.91662415 0.05393361 -0.00571275 -0.03853815 -0.00690380 0.01954574 -0.01593959 0.01985092 -0.00384721 0.01719762
392.0  0.26154992 0.12476874 -0.00288976 0.05069033 0.02086621 0.01564475 0.01570285 0.00079213 -0.00012317 -0.02390717
392.5  0.60039689 -0.22191607 0.00901998 -0.00431549 -0.01300335 -0.00109663 -0.00539928 -0.01851609 0.00459140 0.03067845
393.0  -0.97074436 0.19205558 -0.00744855 -0.04841539 -0.00602194 -0.01831600 -0.00992593 -0.02956590 -0.00739176 -0.03635203
393.5  0.58939294 -0.06118901 -0.00048663 0.04114089 0.01549770 -0.01715939 0.02000613 -0.02598011 0.00944363 0.03858292
394.0  0.24387415 -0.10156175 0.00872082 0.01798759 -0.00932500 -0.00382715 -0.01513980 -0.00929894 -0.00726693 -0.03674165
394.5  -0.89512619 0.21404894 -0.01089722 -0.05381384 -0.00270074 0.01283030 -0.00277742 0.01169805 0.00269121 0.03196591
395.0  0.82868483 -0.21238730 0.00236653 0.02281717 0.01033327 0.02080536 0.01996164 0.02484790 0.00236084 -0.02568083
395.5  -0.06195367 0.08799201 0.00802341 0.03640494 -0.00842306 0.01300513 -0.02031353 0.02686603 -0.00846886 0.01982381
396.0  -0.76033779 0.09343263 -0.01158597 -0.05133731 -0.00158310 -0.00721970 0.00624655 0.02084753 0.00838358 -0.01265657
396.5  0.92577329 -0.22549199 0.00449510 0.00438852 0.01115951 -0.01647124 0.00824946 0.00374676 -0.00847897 0.00261668
397.0  -0.32982899 0.23607071 0.00599734 0.04928812 -0.01428941 -0.01788344 -0.02105711 -0.01253940 0.00620094 0.01154715
397.5  -0.50250852 -0.12969062 -0.01122056 -0.03696443 0.00726251 -0.00963726 0.01996999 -0.02586455 0.00678680 -0.02479661
398.0  0.95125952 -0.03371258 0.00698117 -0.01067910 0.02866326 0.00708980 -0.00767447 -0.02505973 -0.00776826 0.03380014
398.5  -0.73696086 0.18278474 0.00219653 0.01877406 -0.05272166 0.01623924 -0.01550993 -0.00458775 0.01022311 -0.03728007
399.0  0.01270358 -0.25840780 -0.00902048 -0.01272380 0.00195239 0.01631891 0.02402956 0.00093164 -0.00480618 0.03346194
399.5  0.73596451 0.22478278 0.00863298 -0.00444417 0.05292876 0.00326461 -0.02384351 0.01948469 -0.00384940 -0.02471565
400.0  -0.93987238 -0.08805742 -0.00165042 0.01440928 -0.03630231 -0.01033603 0.01040273 0.02483803 0.00748228 0.01009773
400.5  0.37382003 -0.09161365 -0.00638882 -0.00763555 -0.02882425 -0.01737396 0.00950809 0.01719006 -0.01295637 0.00359793
401.0  0.52819347 0.21984372 0.00846274 -0.01037932 0.05750848 -0.01397412 -0.02391297 0.00492474 0.00946555 -0.01731530
401.5  -0.96761424 -0.22998511 -0.00432894 0.01465264 -0.01475640 -0.00448841 0.02638488 -0.01181262 -0.00360835 0.02835614
402.0  0.55139553 0.12915084 -0.00310842 0.00127799 -0.04635501 0.01009433 -0.01466087 -0.02263163 -0.00087131 -0.03518022
402.5  0.33216575 0.01830797 0.00882784 -0.01702557 0.04767802 0.01742934 -0.00580552 -0.02363289 0.00792206 0.03602149
403.0  -0.93190925 -0.14318730 -0.00910001 0.00803868 0.01648172 0.01250280 0.02374224 -0.01489287 -0.00776966 -0.02955410
403.5  0.79128772 0.20523732 0.00386054 0.01262734 -0.05768102 0.00148086 -0.02687286 0.00962691 0.00578321 0.01672084
404.0  -0.03781373 -0.19346474 0.00538152 -0.01493702 0.01481810 -0.01262831 0.01598457 0.01902730 -0.00296619 -0.00170418
404.5  -0.75267668 0.11368388 -0.01232993 -0.01154697 0.04980409 -0.01730207 -0.01017471 0.01408869 -0.01119265 -0.01422871
405.0  0.94324002 0.01136748 0.00751442 0.02496509 -0.03756540 -0.00948765 0.02346490 0.00686970 0.01021683 0.02779591
405.5  -0.32268710 -0.13724208 0.00304624 0.00236098 -0.03235690 0.00292683 -0.02365486 -0.01191754 -0.00913593 -0.03439763
406.0  -0.60405391 0.20499769 -0.00960984 0.00901218 0.06100682 0.01646047 0.01130304 -0.01915239 0.00521080 0.03761474
406.5  0.96792848 -0.17192810 0.00702880 0.01305956 -0.00756961 0.02025734 -0.00107342 -0.01894860 0.00379884 -0.03484949
407.0  -0.41438467 0.05160098 0.00121020 0.00085052 -0.05415480 0.01079363 -0.02182911 -0.00993496 -0.00827938 0.02957068
407.5  -0.51060318 0.08950620 -0.00794640 -0.01678166 0.04439218 -0.00019711 0.02700232 0.00262348 0.01069533 -0.01912995
408.0  0.97346832 -0.18243666 0.00720202 -0.00801439 0.02771410 -0.01760561 -0.01753853 0.01463766 -0.00909050 0.00591283
408.5  -0.63620342 0.19614847 -0.00196329 0.01358720 -0.06161375 -0.02317765 0.00048673 0.01848860 0.00308652 0.00966909
409.0  -0.18906622 0.13762574 -0.00703566 0.01085527 0.00553284 -0.01145512 0.02059075 0.01078973 0.00346040 -0.02325073
409.5  0.87016566 0.02518302 0.00754678 -0.00397682 0.05934891 0.00858522 -0.02644614 0.00267554 -0.01066705 0.03261001
410.0  -0.88003491 -0.09329069 -0.00375491 -0.01245381 -0.04005802 0.02216024 0.01668037 -0.00939298 0.01326688 -0.03531155
410.5  0.17121995 -0.18462008 -0.00364966 -0.00457717 -0.03647856 0.02340497 0.00122564 -0.01370151 -0.01010179 0.03403359
411.0  0.69264661 -0.18986554 0.00869973 0.01156814 0.06173058 0.00897903 -0.01832732 -0.01142439 0.00456375 -0.02599131
411.5  -0.95801500 -0.09435499 -0.00686994 0.01186545 -0.00769805 -0.01282823 0.02467403 -0.00707167 0.00332921 0.01654859
412.0  0.38270808 0.03809182 -0.00127811 -0.00456285 -0.05573531 -0.02223161 -0.02031636 0.00038575 -0.00845367 -0.00138194
412.5  0.51089337 0.15560922 0.00884833 -0.01035138 0.04788003 -0.02403683 -0.00601639 0.00637436 0.01076114 -0.01195715
413.0  -0.97075712 0.20232075 -0.00973269 -0.00386029 0.02469893 -0.01410129 0.01689176 0.00866249 -0.01009455 0.02439105
413.5  0.68466078 0.14538721 0.00281345 0.00664241 -0.06444162 0.01289585 -0.02349781 0.00935037 0.00171196 -0.03454205
414.0  0.09318386 0.03773284 0.00649779 0.01305955 0.01283757 0.02471438 0.01501594 0.00867443 0.00304667 0.03928047
414.5  -0.80068689 -0.08645171 -0.01186246 -0.00136480 0.05403154 0.02171199 -0.00477669 0.00019249 -0.01007076 -0.03852950
415.0  0.94134315 -0.18488227 0.01122216 -0.01987219 -0.04518505 0.00373605 -0.02007385 0.01332190 0.00770674 0.03305831
415.5  -0.38471058 -0.18745647 0.00001667 -0.00964311 -0.02013945 -0.01381577 -0.02879475 -0.01517859 0.00419331 -0.02609842
416.0  -0.49299498 -0.09689037 -0.01143674 0.01857352 0.06149700 -0.02052493 -0.02263102 0.00799173 -0.00514724 0.01806953
416.5  0.97333658 0.04882719 0.01193142 0.01394154 -0.03268510 -0.01816000 -0.00475659 0.00238429 0.00353490 -0.00969945
417.0  -0.60882216 0.17603074 -0.00001767 -0.00326551 -0.03432057 -0.01483207 0.01613733 -0.01118167 0.00189699 0.00044366
417.5  -0.28667925 0.18856063 -0.01075615 -0.01560252 0.06368461 -0.00951133 0.03202890 0.01545138 -0.00686785 0.00922716
418.0  0.92641781 0.08657813 0.00974253 -0.01353005 -0.02079273 0.00493522 0.02865487 -0.01437742 0.00744814 -0.01878459
418.5  -0.80492069 -0.05784984 0.00098254 0.00759929 -0.04587009 0.01864289 0.00737175 0.00572411 -0.00801224 0.02818974
419.0  0.07079994 -0.17088654 -0.01012645 0.01920107 0.05858228 0.01805036 -0.01836199 0.00670808 0.00578510 -0.03612059
419.5  0.70822123 -0.19380642 0.00928458 0.00818644 -0.00137136 0.00438718 -0.03142813 -0.01532889 -0.00065164 0.04122769
420.0  -0.96782810 -0.11806067 -0.00094495 -0.01339110 -0.05639604 -0.01437244 -0.02202992 0.01515722 -0.00321345 -0.04084873
420.5  0.49439258 0.02271080 -0.01149858 -0.01848157 0.04705947 -0.02266314 0.00364958 -0.00664539 0.00833646 0.03604325
421.0  0.38216634 0.15304597 0.01304983 0.00044871 0.01570145 -0.01115842 0.02598984 -0.00380006 -0.01023090 -0.02971685
421.5  -0.95408672 -0.19482724 -0.00236215 0.01770509 -0.06210090 0.00754689 0.03062761 0.01080758 0.00809379 0.02254801
422.0  0.71838604 0.12079508 -0.01072468 0.01462433 0.04051070 0.02059018 0.01705458 -0.01105684 -0.00462944 -0.01367743
422.5  0.12242369 0.01556625 0.01363158 -0.00880325 0.02647039 0.02011640 -0.00696695 0.00829649 -0.00111249 0.00372479
423.0  -0.85229321 -0.13007296 -0.00626609 -0.02066640 -0.06428627 0.00556298 -0.02794956 -0.00168506 0.00605401 0.00809568
423.5  0.90892043 0.17088354 -0.00672332 -0.00352861 0.02495317 -0.01001590 -0.03229641 -0.00617408 -0.00696199 -0.02202903
424.0  -0.29566499 -0.13744755 0.01362093 0.01910022 0.04716521 -0.01586495 -0.01841945 0.01111244 0.00557326 0.03287643
424.5  -0.52367227 0.05878229 -0.01083621 0.01345152 -0.05823586 -0.01958685 -0.00318554 -0.01353163 0.00239406 -0.03914585
425.0  0.97498203 0.03171384 0.00057889 -0.00885896 -0.01075961 -0.02757641 0.01330515 -0.00018238 -0.00836509 0.03977132
425.5  -0.71559575 -0.10784480 0.01098776 -0.01380546 0.06551299 -0.01979202 0.02283321 0.01350276 -0.00103660 -0.03406391
426.0  -0.11420715 0.14754254 -0.01475546 -0.00816156 -0.02928618 0.00909599 0.02207929 -0.01206341 0.00787340 0.02685204
426.5  0.87032702 -0.13309936 0.00475479 0.01588279 -0.04415168 0.02288353 0.00019831 0.01029988 -0.01219002 -0.01593075
427.0  -0.85604517 0.05885895 0.00971431 0.02015076 0.06150636 0.01853747 -0.02038608 -0.00021384 0.00974677 0.00473650
427.5  0.04075058 0.05244616 -0.01489761 -0.00567470 -0.00435294 0.00499402 -0.02964955 -0.00504257 -0.00277599 0.00872390
428.0  0.80720095 -0.14790501 0.00685691 -0.02593346 -0.05953413 -0.01274562 -0.02305481 0.01018748 -0.00338929 -0.02218688
428.5  -0.90932746 0.17689118 0.00793882 -0.00941619 0.04931613 -0.02172080 -0.00436413 -0.01230779 0.00955698 0.03303973
429.0  0.22971210 -0.12454163 -0.01535350 0.02104577 0.02774357 -0.01618080 0.01545026 0.00611946 -0.01272881 -0.04037965
429.5  0.62228424 0.01528986 0.01042348 0.01774450 -0.06762022 -0.00115766 0.02826834 0.00492157 0.01046556 0.04080617
430.0  -0.97572032 0.10458770 0.00167601 -0.00730867 0.00805876 0.01736880 0.02557610 -0.01046331 -0.00482111 -0.03189493
430.5  0.55985116 -0.18541346 -0.01279508 -0.01828771 0.06414366 0.02206591 0.00469745 0.01308383 -0.00356042 0.01675357
431.0  0.31931637 0.18901577 0.01465496 -0.01056364 -0.03813908 0.01152355 -0.01498547 -0.00456792 0.01015680 0.00059431
431.5  -0.94069505 -0.10645296 -0.00499843 0.02224046 -0.03968456 -0.00449729 -0.02763607 -0.00739922 -0.01182189 -0.01722334
432.0  0.73576810 -0.02769154 -0.00869588 0.02565760 0.06079131 -0.01972713 -0.02754937 0.01139312 0.00932973 0.02990767
432.5  0.13019944 0.14789690 0.01628439 -0.01563602 0.00099472 -0.02137023 -0.00755774 -0.01587912 -0.00233500 -0.03766739
433.0  -0.87300577 -0.19743509 -0.01176748 -0.03187963 -0.06168199 -0.01474968 0.01255114 0.00691837 -0.00742361 0.03892089
433.5  0.86376808 0.16089981 -0.00279091 0.00045966 0.03673690 -0.00483076 -0.02308889 0.01108388 0.01166275 -0.03477738
434.0  -0.16872194 -0.06189813 0.01305680 0.03064944 0.04248208 0.01585352 0.01548894 -0.03058388 0.00258983 0.02266740
434.5  -0.63576976 -0.05923553 -0.01613936 0.00747574 -0.05765288 0.02275717 0.00466731 0.01748774 -0.01832552 -0.00813493
435.0  0.97386854 0.16169201 0.00885413 -0.02517474 -0.01645398 0.01479620 0.00024967 0.01179967 0.01358722 -0.00982511
435.5  -0.62351418 -0.21081789 0.00430641 -0.01549611 0.06541868 -0.00168822 -0.00668749 -0.02647749 0.00580783 0.02689335
436.0  0.18385651 0.18101482 -0.01542536 0.01358709 -0.01135449 -0.02153618 0.00758467 0.02126725 -0.02179801 -0.03761138
436.5  0.86882426 -0.07966552 0.01567843 0.02588197 -0.05800821 -0.02095062 -0.00670499 -0.00607644 0.02654867 0.03824264
437.0  0.86061310 -0.07004970 -0.00286335 0.00262757 0.04215548 -0.00850898 -0.00112224 -0.01132946 -0.02005857 -0.03015444
437.5  0.10697500 0.18212577 -0.01130512 -0.02656387 0.02977342 0.01052660 0.00782921 0.02176536 0.00543524 0.02211956
438.0  -0.74988241 -0.20619524 0.01544219 -0.01776653 -0.06127929 0.02556289 -0.00776556 -0.02125531 0.00870600 -0.00861061
438.5  -0.93250361 0.13328564 -0.00731032 0.01576393 0.01431396 0.02099769 0.00370164 0.01188760 -0.01978909 -0.00631853
439.0  -0.31562592 0.01493734 -0.00855989 0.02643702 0.04961324 0.00270882 0.00119995 0.00105568 0.02616502 0.01944948
439.5  0.54115994 -0.14704841 0.01619343 -0.00015058 -0.04967234 -0.01768265 -0.00598498 -0.01427019 -0.02400732 -0.03171337
440.0  0.97014710 0.20747330 -0.00826126 -0.02585304 -0.01977149 -0.02627593 0.00637439 0.02030610 0.01375767 0.03860395
440.5  0.67324022 -0.18997759 -0.00335389 -0.01331212 0.06257036 -0.01387405 -0.00281044 -0.01498261 0.00109560 -0.03813227
441.0  -0.13032974 0.07877063 0.01246106 0.01954338 -0.02002126 0.00765770 -0.00051153 0.00150116 -0.01556778 0.02953358
441.5  -0.84874953 0.07521329 -0.01294159 0.02355877 -0.04723393 0.02361790 0.00316241 0.01280170 0.02366647 -0.01972178
442.0  -0.87790557 -0.18826402 0.00140964 -0.00298051 0.05401586 0.02530945 -0.00065848 -0.01939136 -0.02350605 0.00854778
442.5  -0.13808182 0.20324631 0.01255172 -0.02461601 0.00281730 0.01168161 -0.00086055 0.02008158 0.01459071 0.00318876
443.0  0.72847030 -0.09189412 -0.01385937 -0.03016412 -0.05132532 -0.00656700 -0.00291042 -0.00947241 -0.00064371 -0.01271320
443.5  0.94043222 -0.08019883 0.00050278 0.03083780 0.03882142 -0.02028552 0.00731152 -0.00704028 -0.01047681 0.02108453
444.0  0.33618043 0.19598797 0.01244252 0.01812667 0.02168562 -0.02513810 0.00926078 0.02852834 0.00223689 -0.02965194
444.5  -0.53399242 -0.19943384 -0.01392583 -0.01287502 -0.06286497 -0.01925320 -0.02331501 -0.00835111 0.00570003 0.03486175
445.0  -0.96939194 0.09519939 0.00249009 -0.02668748 0.02680972 0.00464659 0.01071293 -0.01113270 -0.00363315 -0.03707444
445.5  -0.66717819 0.05946993 0.01187564 -0.01051735 0.04381024 0.02381571 0.00835327 0.01025273 -0.00115111 0.03680229
446.0  0.13671993 -0.18201729 -0.01418844 0.02076280 -0.05791217 0.02455455 -0.02664076 0.00181559 0.00473564 -0.03467220
446.5  0.84552701 0.21074492 0.00387958 0.02681176 0.00590953 0.01105036 0.01862074 -0.01358563 -0.00584806 0.02903759
447.0  0.88784547 -0.12036113 0.00893339 0.00078023 0.05307492 -0.01116558 -0.00371317 0.01498169 0.00483839 -0.02144526
447.5  0.17934622 -0.03930299 -0.01399864 -0.02534081 -0.05532376 -0.02724923 -0.00917020 -0.00731537 -0.00400606 0.01406270
448.0  -0.69456029 0.17739525 0.00315739 -0.02002056 -0.00186690 -0.02374004 0.01998083 -0.00157258 0.00088125 -0.00542588
448.5  -0.95258813 -0.21267141 0.01104624 0.00746261 0.05652763 -0.00286661 -0.01836577 0.00927164 0.00435760 -0.00489606
449.0  -0.39214344 0.12139203 -0.01348880 0.02442740 -0.05032529 0.02188870 0.00610882 -0.01392662 -0.00825747 0.01433974
449.5  0.46876025 0.02232155 0.00643139 0.00986337 -0.01846403 0.03083980 0.00956113 0.01039908 0.00871073 -0.02494132
450.0  0.95584478 -0.14365072 0.00364202 -0.01812601 0.06227872 0.01139542 -0.02151640 -0.00365844 -0.00466779 0.03322631
450.5  0.76929505 0.21352416 -0.01422727 -0.02273766 -0.01763846 -0.01541436 0.01610861 -0.00570504 -0.00153619 -0.03567748
451.0  0.07389382 -0.19620527 0.01234026 0.00740304 -0.04925758 -0.02861004 0.00305010 0.01393833 0.00507481 0.03320018
451.5  -0.68115405 0.11196850 -0.00152711 0.02770944 0.04830226 -0.02024883 -0.01639178 -0.01428675 -0.00427710 -0.02363349
452.0  -0.96964213 0.00871817 -0.01037006 0.00639040 0.02193403 0.01078281 0.01873777 0.00678260 0.00187781 0.01013737
452.5  -0.52691072 -0.14235170 0.01578521 -0.02391202 -0.06224699 0.02534574 -0.01088530 0.00323462 -0.00167847 0.00415308
453.0  0.35146668 0.21146431 -0.00886710 -0.01897342 0.01629727 0.02554691 -0.01162177 -0.01234645 0.00251172 -0.01662494
453.5  0.94561589 -0.18492085 -0.00631427 0.01156103 0.05107815 0.01109851 0.01766603 0.01715907 -0.00269799 0.02715980
454.0  0.73046083 0.08438745 0.01502519 0.02214026 -0.04928121 -0.01518210 -0.01684136 -0.01833369 0.00175484 -0.03575809
454.5  -0.09866390 0.05871032 -0.01240960 0.00266893 -0.02091072 -0.02816002 0.00811014 0.00988806 0.00084062 0.03764625
455.0  -0.83731725 -0.17340448 0.00108146 -0.00787939 0.06467410 -0.02328543 0.00460661 0.00384855 -0.00450899 -0.03175585
455.5  -0.89935149 0.21203119 0.01217127 -0.01977502 -0.00649501 -0.00465276 -0.00639399 -0.01695213 0.01239531 0.01941278
456.0  -0.24323437 -0.17585212 -0.01505895 0.02305596 -0.04974956 0.02053580 0.00715270 0.01878075 -0.01728169 0.00279027
456.5  0.61631283 0.06676416 0.00740340 0.02902354 0.03407835 0.03086753 0.00286652 -0.00904767 0.01474280 -0.02084652
457.0  0.96961454 0.07566328 0.00505654 -0.00935981 0.02958519 0.02332313 0.00156806 0.00130149 -0.00220254 0.03397902
457.5  0.45706044 -0.18602043 -0.01617837 -0.03355848 -0.05153748 0.00460674 -0.00192389 -0.00672442 -0.00963355 -0.03947018
458.0  -0.50341442 0.21003663 0.01145173 -0.01014410 0.00762241 -0.01243907 -0.01368392 0.01072592 0.01581384 0.03623250
458.5  -0.97269236 -0.12389169 0.00243529 0.02762021 0.04641572 -0.00998958 -0.02765579 -0.01056008 -0.01879070 -0.02781611
459.0  -0.46273813 -0.02751875 -0.01308976 0.02939503 -0.04059325 -0.00702560 -0.02490256 0.01032997 0.01679362 0.01536621
459.5  0.49267275 0.16120625 0.01377870 -0.01201941 -0.01616473 -0.00377688 -0.01152848 -0.00314036 -0.01034728 -0.00015220
460.0  0.97124764 -0.21561471 -0.00309515 -0.03797249 0.05252421 -0.00022543 0.00755531 -0.00555952 0.00167639 -0.01691298
460.5  0.61526318 0.17674736 -0.00838312 -0.00644360 -0.01436080 0.00247673 0.02502127 0.01113779 0.00661048 0.03424638
461.0  -0.21108415 -0.07699551 0.01532740 0.03315304 -0.04933515 0.00453096 0.02679078 -0.01740687 -0.01355225 -0.04168671
461.5  -0.86808378 -0.04633860 -0.01161861 0.02210707 0.03356421 0.00282645 0.01585319 0.01066644 0.01413114 0.03732721
462.0  -0.88959621 0.15898649 -0.00134925 -0.02198717 0.03593345 0.00031178 -0.00739850 0.00005538 -0.00980693 -0.02603576
462.5  -0.24792380 -0.21197406 0.01344205 -0.03722118 -0.04164227 -0.00168584 -0.02548710 -0.00994798 0.00594205 0.00411971
463.0  0.59650583 0.18655605 -0.01643615 0.00981634 -0.01213510 -0.00256349 -0.02769261 0.01878703 -0.00177902 0.01623655
463.5  0.97230430 -0.08679092 0.00391618 0.03751088 0.05104395 0.00117394 -0.01595163 -0.01959100 -0.00297859 -0.03151824
464.0  0.56660474 -0.05923551 0.01052232 0.00921590 -0.02201004 -0.00439833 0.00569216 0.01071497 0.00613904 0.04199256
464.5  -0.28254463 0.17368056 -0.01483862 -0.03053081 -0.04035385 -0.01078002 0.02182002 -0.00174112 -0.01058041 -0.04461871
465.0  -0.90430995 -0.21200208 0.00775278 -0.02764232 0.04619276 -0.01197082 0.02538029 -0.00979985 0.01462220 0.04027206
465.5  -0.85505841 0.17207717 0.00463652 0.01677461 0.01328281 -0.00617582 0.01207323 0.01696289 -0.01547156 -0.02847789
466.0  -0.20812083 -0.05647105 -0.01321364 0.03541504 -0.05677167 0.00876938 -0.00769164 -0.01286741 0.00559710 0.00928693
466.5  0.58335454 -0.07980135 0.01192585 0.00181934 0.01542533 0.01426453 -0.02314487 0.00512278 0.00596811 0.01119037
467.0  0.97183151 0.18227261 -0.00039506 -0.03347589 0.04644286 0.01072277 -0.02189142 0.00249770 -0.01601306 -0.02900684
467.5  0.63705600 -0.21333960 -0.01245072 -0.02384302 -0.04621083 0.00063980 -0.00657370 -0.00862080 0.02149689 0.04142583
468.0  -0.22359129 0.12915172 0.01334118 0.01566557 -0.00551459 -0.01188366 0.01091196 0.01014776 -0.01629280 -0.04559521
468.5  -0.91252119 0.03466311 -0.00220515 0.03831858 0.05098749 -0.01336711 0.02301622 -0.00747706 0.00815949 0.04513507
469.0  -0.76925398 -0.17654140 -0.00990177 0.01191431 -0.04517822 -0.00881247 0.02336170 0.00409468 0.00236492 -0.04001351
469.5  0.10302826 0.20855121 0.00981170 -0.02152962 -0.00697828 0.00501672 0.01065245 -0.00256913 -0.01367165 0.03565839
470.0  0.86956733 -0.10488959 -0.00217274 -0.02659217 0.06016041 -0.00075223 -0.00904065 0.00582149 0.01905350 -0.02665414
470.5  0.85026652 -0.06210615 -0.00767928 -0.01607192 -0.04059351 -0.01550862 -0.01586608 -0.00887970 -0.01847081 0.01424144
471.0  0.12569916 0.18587055 0.01339353 0.02031672 -0.02440264 -0.01909492 -0.01735899 -0.00930313 0.00965300 -0.00026687
471.5  -0.68361455 -0.21014379 -0.00676463 0.03255593 0.05980298 -0.00780875 -0.00966105 0.00453117 -0.00156175 -0.01514877
472.0  -0.96647155 0.12736867 -0.00768358 0.00057721 -0.02559622 0.00958305 0.00407928 -0.00544572 -0.00933788 0.02894392
472.5  -0.50826313 0.01974704 0.01390799 -0.03328572 -0.03905249 0.02346817 0.01236543 0.00098947 0.01749218 -0.04069764
473.0  0.36299519 -0.15998735 -0.00772465 -0.02308900 0.06100660 0.01826426 0.01164654 0.00517064 -0.01687592 0.04674466
473.5  0.94563523 0.21546232 -0.00492630 0.00993179 -0.01019907 0.00152435 0.00584224 -0.00812911 0.01055809 -0.04984001
474.0  0.72075191 -0.14354856 0.01377432 0.03167016 -0.05167341 -0.01652892 0.00358499 0.00659756 -0.00120165 0.04898656
474.5  -0.12898635 -0.00820279 -0.00887200 0.02249661 0.05324417 -0.02877371 0.00374474 0.00100931 -0.00738044 -0.04414597
475.0  -0.86033693 0.15117578 -0.00508981 -0.01945576 0.00263496 -0.01497275 0.00039628 -0.00760106 0.01414192 0.03728612
475.5  -0.87864166 -0.21614925 0.01448132 -0.03551684 -0.05683742 0.01204352 -0.00521950 0.01137256 -0.01571288 -0.02584253
476.0  -0.22109922 0.17172962 -0.01216117 -0.00007634 0.04426557 0.02386356 -0.00921290 -0.01084307 0.01255295 0.01101929
476.5  0.58926476 0.05567330 -0.00197236 0.03294500 0.02650563 0.01684171 -0.00902904 0.00133982 -0.00570936 0.00625789
477.0  0.97053472 -0.08612509 0.01255409 0.01876938 -0.06175340 -0.00552364 -0.00081493 0.00799145 -0.00306205 -0.02325139
477.5  0.65124493 -0.19379265 -0.01366133 -0.02237944 0.01417597 -0.02089828 0.01034163 -0.01256453 0.01015918 0.03723626
478.0  -0.16316012 -0.21795318 0.00453390 -0.03082961 0.04959909 -0.01469608 0.01354763 0.01451828 -0.01266715 -0.04281094
478.5  -0.86597584 -0.14084266 0.00835504 0.00492945 -0.05068298 0.00232584 0.00626481 -0.00717991 0.01332080 0.04131475
479.0  -0.85730655 0.00648475 -0.01515537 0.03442674 -0.01209817 0.01664858 -0.00397946 -0.00387966 -0.01016314 -0.03491362
479.5  -0.10503399 0.14960452 0.00963063 0.01727225 0.05697827 0.01776773 -0.01340780 0.01024058 0.00310139 0.02621349
480.0  0.73735022 0.21550760 0.00703712 -0.02356599 -0.03107379 0.00426868 -0.01461126 -0.01732161 0.00183449 -0.01364424
480.5  0.94562358 0.18139670 -0.01561061 -0.03162303 -0.03591950 -0.00879116 -0.00431797 0.01722987 -0.00672630 -0.00342392
481.0  0.39457761 0.07752728 0.01241661 0.01037808 0.05280380 -0.01490407 0.01004598 -0.00759291 0.01228829 0.01763925
481.5  -0.44020136 -0.04554611 0.00008969 0.03392519 0.00682415 -0.00608939 0.01924831 -0.00202146 -0.01117145 -0.03244819
482.0  -0.94858359 -0.14699941 -0.01248315 0.00167457 -0.05662692 0.00847176 0.00980415 0.01339990 0.01206074 0.03978173
482.5  -0.78113383 -0.20076783 0.01502418 -0.02823825 0.01905482 0.00917946 -0.00502603 -0.01764508 -0.00854854 -0.03785460
483.0  -0.03148189 -0.18976471 -0.00808264 -0.01638436 0.04632956 0.00457453 -0.01836161 0.01434065 0.00110805 0.02861609
483.5  0.76319522 -0.10918859 -0.00342796 0.01927986 -0.04312866 -0.00680738 -0.01769740 -0.00630625 0.00505569 -0.01347614
484.0  0.93367600 0.01967611 0.01320734 0.02937344 -0.01922581 -0.01073759 -0.00564338 -0.00164791 -0.01288131 -0.00420112
484.5  0.27581049 0.14426968 -0.01591574 -0.00198484 0.05348374 -0.00562350 0.00762012 0.00671442 0.01578222 0.02262256
485.0  -0.63820141 0.20294575 0.00558976 -0.03248066 -0.01793075 0.00323671 0.01765271 -0.01026845 -0.01504261 -0.03623623
485.5  -0.96651367 0.16600246 0.01264985 -0.01984712 -0.04028111 0.01113695 0.01630696 0.01001570 0.01052862 0.04429948
486.0  -0.43393133 0.05483214 -0.01626723 0.02131012 0.04829180 0.00951382 0.00599174 -0.00578229 -0.00134029 -0.04382809
486.5  0.45950701 -0.07574049 0.00830822 0.03103470 0.01141203 0.00096322 -0.00853465 0.00024533 -0.00618802 0.03389402
487.0  0.96549418 -0.17068420 0.00468759 -0.00537193 -0.05555822 -0.00931645 -0.01769469 0.00459559 0.01296673 -0.01693487
487.5  0.69908358 -0.19646594 -0.01516299 -0.03087625 0.02154249 -0.01176678 -0.01500726 -0.00726875 -0.01771337 -0.00188204
488.0  -0.12449034 -0.14559049 0.01369552 -0.01148253 0.04184532 -0.00369721 -0.00248346 0.00548951 0.01666806 0.02051502
488.5  -0.85676923 -0.03536084 -0.00153484 0.01983422 -0.04785822 0.00699401 0.01153964 -0.00164932 -0.01101505 -0.03472001
489.0  -0.87543253 0.09217045 -0.01217249 0.02760972 -0.01160021 0.01312344 0.01781181 -0.00263163 0.00319092 0.04254896
489.5  -0.12322543 0.18038770 0.01681993 -0.00170165 0.05388621 0.00998416 0.01274500 0.00495105 0.00710050 -0.04314552
490.0  0.74448023 0.18254433 -0.00512498 -0.03139541 -0.02984451 -0.00010710 0.00286860 -0.00334178 -0.01431502 0.03981200
490.5  0.93938820 0.09414486 -0.01135400 -0.02118756 -0.02852872 -0.01189541 -0.00809568 -0.00167195 0.01729950 -0.03042932
491.0  0.31877405 -0.03941701 0.01623662 0.01855550 0.05363536 -0.01805831 -0.01226822 0.00595856 -0.01479393 0.01780446
491.5  -0.54523819 -0.15376147 -0.00818071 0.03338982 -0.00898344 -0.01535750 -0.00895907 -0.00496548 0.00459210 -0.00563730
492.0  -0.97235255 -0.20236332 -0.00599243 0.00169831 -0.04778426 0.00057472 -0.00345933 -0.00397064 0.00608853 -0.00842091
492.5  -0.68786031 -0.16749644 0.01322589 -0.02683485 0.03800452 0.00801638 0.01368042 0.01516505 -0.00813291 0.02178106
493.0  0.08905345 -0.06009675 -0.01399560 -0.01890917 0.02413592 0.00783172 0.01839505 -0.02054489 0.00399907 -0.03162927
493.5  0.81150398 0.08032524 0.00799393 0.00770100 -0.05309294 0.00481696 0.01547689 0.00805953 0.00081587 0.03840963
494.0  0.92060775 0.18922774 0.00476314 0.03158394 0.01495694 -0.00322961 0.00136497 0.00523072 -0.00168034 -0.04190396
494.5  0.27571650 0.20005393 -0.01266964 0.00828052 0.03498446 -0.01074351 -0.01233607 -0.01659976 0.00063306 0.03932459
495.0  -0.61458694 0.09442751 0.00883107 -0.02721941 -0.04851767 -0.01119241 -0.01726976 0.02214777 0.00075695 -0.03550302
495.5  -0.97037151 -0.06982511 0.00422368 -0.02912154 0.00948122 -0.00566351 -0.01327939 -0.01599347 -0.00212408 0.02939833
496.0  -0.48289899 -0.19157003 -0.01256074 0.00224281 0.04074524 0.00541708 -0.00188300 0.00368145 0.00294565 -0.01987909
496.5  0.40364094 -0.19914215 0.00974139 0.03310608 -0.04706475 0.01283692 0.00884427 0.01062209 -0.00232988 0.00903931
497.0  0.95039975 -0.09561632 0.00188122 0.02462562 0.00059921 0.00889584 0.01528490 -0.01922673 0.00058174 0.00428710
497.5  0.75481896 0.05671455 -0.01373154 -0.01512999 0.04570986 -0.00004723 0.01198154 0.01716092 0.00244223 -0.01716045
498.0  -0.00828232 0.17846054 0.01141807 -0.03470831 -0.03692211 -0.00829966 0.00115809 -0.00544785 -0.00475358 0.02928869
498.5  -0.76729551 0.20962063 0.00425520 -0.01194644 -0.01274092 -0.01006863 -0.00952247 -0.01009751 0.00365734 -0.03893142
499.0  -0.94337105 0.13217679 -0.01257442 0.02587060 0.04697950 -0.00398627 -0.01543554 0.01994361 0.00005579 0.04171542
499.5  -0.36607197 -0.01848284 0.00890746 0.03366318 -0.02805195 0.00057445 -0.01044747 -0.01777090 -0.00501752 -0.04605727
500.0  0.52351267 -0.16209151 0.00296748 -0.00320260 -0.02341328 0.00747340 0.00028921 0.00448237 0.00691790 0.04344728
500.5  0.97214262 -0.21586831 -0.01200874 -0.03983248 0.04146907 0.00820166 0.01634529 0.00786177 -0.00185505 -0.03833379
501.0  0.59350895 -0.14961393 0.01091227 0.02899578 -0.01705107 -0.00434836 0.01299370 -0.01970480 -0.01005981 0.03517195
501.5  -0.26645908 -0.00605650 0.00009906 0.01231916 -0.03325907 -0.00351950 0.01338277 0.00616058 0.02139795 -0.02403963
502.0  -0.90027309 0.13703279 -0.01108111 -0.04025952 0.04271019 -0.00656965 0.00412234 0.00366643 -0.01667558 0.00977884
502.5  -0.85316107 0.21603927 0.01266128 0.01436199 0.00158680 -0.01335587 -0.00858479 -0.00878481 0.00321421 0.00701146
503.0  -0.18819963 0.20344217 -0.00495376 0.03110219 -0.03849897 -0.01168329 -0.01346926 0.00733052 0.01114479 -0.02355420
503.5  0.61942954 0.10597194 -0.00641895 -0.03054821 0.02862932 -0.00029125 -0.01001042 0.00087882 -0.02232964 0.03718726
504.0  0.97072909 -0.03962777 0.01324254 -0.01155391 0.02010985 0.01197749 -0.00207344 -0.00804925 0.02430818 -0.04521830
504.5  0.54598378 -0.17148034 -0.00889223 0.03459085 -0.04427162 0.01547041 0.00710895 0.01104730 -0.01743216 0.04600428
505.0  -0.35308753 -0.22394032 -0.00344409 -0.01431305 0.01250203 0.00543090 0.01160574 -0.00914945 0.00735023 -0.04008952
505.5  -0.94891253 -0.16544059 0.01246080 -0.02088328 0.03608987 -0.00843515 0.00929969 0.00264275 0.00286875 0.03043026
506.0  -0.69701058 -0.02588581 -0.01027364 0.02585052 -0.04409077 -0.01481586 0.00185773 0.00458203 -0.01272232 -0.01400081
506.5  0.16533695 0.12292627 -0.00036780 0.00018221 -0.00218743 -0.01107723 -0.00720363 -0.01058546 0.01851780 -0.00285418
507.0  0.87474999 0.21269674 0.01413170 -0.02305788 0.04563976 0.00339297 -0.01197069 0.01374528 -0.02077109 0.02097483
507.5  0.86204941 0.21254070 -0.01766070 0.01229419 -0.02948928 0.01597958 -0.00955680 -0.01096545 0.01884014 -0.03694662
508.0  0.17391760 0.13158229 0.00331090 0.01705234 -0.02869924 0.01449421 -0.00004180 0.00380031 -0.01100299 0.04609268
508.5  -0.64570514 0.00209631 0.00951084 -0.01284836 0.04801441 0.00065344 0.00956738 0.00538818 -0.00004780 -0.04602716
509.0  -0.96824651 -0.13015709 -0.01361059 -0.00690549 0.00143839 -0.01177379 0.01417006 -0.01334644 0.01170939 0.03731499
509.5  -0.51666320 -0.21530486 0.00752868 0.01085933 -0.05098334 -0.01435624 0.01079871 0.01588089 -0.01748057 -0.02399759
510.0  0.37787276 -0.21389180 0.00467639 -0.00279989 0.02887252 -0.00845554 0.00119254 -0.01285233 0.01740320 0.00735070
510.5  0.95334066 -0.11830505 -0.01307705 -0.00676762 0.03500255 -0.00125335 -0.01093367 0.00531338 -0.01352762 0.00904513
511.0  0.67548314 0.03180726 0.01080968 -0.00158665 -0.05277070 0.00348632 -0.02027271 0.00403248 0.00658655 -0.02391640
511.5  -0.20410969 0.16562913 0.00106074 0.00217423 -0.00266361 0.00536861 -0.01964539 -0.01372895 -0.00501180 0.03683652
512.0  -0.89414736 0.22375379 -0.01426114 0.02663457 0.03953947 0.00556317 -0.01064093 -0.02494309 -0.00233261 -0.04483282
512.5  -0.84027222 0.19149067 0.01492693 -0.02125827 -0.01639215 0.00034218 -0.00784731 -0.02622309 0.00879212 0.04276341
513.0  -0.13860125 0.09137253 -0.00394156 -0.02422120 -0.02172295 -0.00640856 0.01531311 -0.01468451 0.00822009 -0.03457811
513.5  0.66028662 -0.03836774 -0.00820974 0.03868015 0.02129220 0.00671380 -0.01441086 0.00343371 0.00980737 0.01658120
514.0  0.96992640 -0.15559069 0.01585239 0.00859992 0.00789735 -0.00332082 0.00214641 0.02220085 0.00907677 0.00500063
514.5  0.53630390 -0.21734282 -0.01092981 -0.04535286 -0.02227817 -0.00195410 0.00766517 0.02787985 0.00554079 -0.02394483
515.0  -0.33892639 -0.19108147 -0.00113789 0.01230440 0.00962011 0.00846908 -0.01757444 0.01776319 0.00086676 0.03694800
515.5  -0.94103261 -0.07749980 0.01343822 0.03718580 0.01650047 -0.00698793 0.01466562 0.00234484 -0.00485232 -0.04269092
516.0  -0.73726130 0.07519670 -0.01401835 -0.03536011 -0.02245180 0.00022208 -0.00549402 -0.01616810 -0.01049774 0.04271084
516.5  0.09364040 0.19153141 0.00315713 -0.01236687 -0.00095619 0.00521999 -0.00466901 -0.02606183 -0.01350804 -0.03334564
517.0  0.83453251 0.21559864 0.00959437 0.04503612 0.02444252 -0.00922901 0.01539775 -0.02335018 -0.01246996 0.02093732
517.5  0.90734465 0.14240649 -0.01572932 -0.01295939 -0.01564942 0.00739745 -0.01358822 -0.01074458 -0.00757223 -0.00445255
518.0  0.30701811 0.01021175 0.00825073 -0.03972941 -0.01518532 0.00233695 0.00595343 0.00746828 0.00220666 -0.01526526
518.5  -0.50420588 -0.12320288 0.00538665 0.03359802 0.02369367 -0.01043311 0.00663256 0.02284258 0.01358057 0.02923695
519.0  -0.96080683 -0.20498199 -0.01190027 0.02168205 -0.00053859 0.01649019 -0.01123605 0.02223176 0.01949123 -0.03903744
519.5  -0.73157100 -0.20036202 0.01074315 -0.04867116 -0.01608162 -0.01151471 0.00541586 0.01217740 0.01826372 0.04307064
520.0  0.05967932 -0.10382420 -0.00105414 0.00913257 0.01195632 -0.00142799 -0.00851508 -0.00399622 0.00646735 -0.04069395
520.5  0.82505099 0.04801809 -0.00954132 0.04083369 -0.01572305 0.01302946 0.00731907 -0.01046216 -0.01074551 0.03682399
521.0  0.89047669 0.17569051 0.01142070 -0.04167824 0.01080920 -0.01743427 -0.00467062 -0.00643455 -0.02513268 -0.02948269
521.5  0.14587611 0.20073180 -0.00194764 -0.00412797 0.01176913 0.01120218 0.00055795 0.00131770 -0.03016724 0.02115751
522.0  -0.73427809 0.10679779 -0.00947951 0.04429079 -0.02499611 -0.00105743 0.00707796 0.00463057 -0.02138052 -0.01173954
522.5  -0.94142109 -0.04754449 0.01150916 -0.03050165 0.00990520 -0.01071405 -0.00645816 0.00796300 -0.00961449 0.00018073
523.0  -0.32776815 -0.17183382 -0.00304796 -0.01917201 0.01311958 0.01738229 0.00626927 0.00178966 0.00716545 0.01167495
523.5  0.54842489 -0.20299133 -0.00804428 0.04628166 -0.02400103 -0.01181314 -0.00284078 -0.00394431 0.02119722 -0.02417129
524.0  0.97453923 -0.12893082 0.01236279 -0.01618738 0.00445731 -0.00030523 -0.00540429 -0.00901361 0.02667138 0.03328226
524.5  0.61376591 0.01378902 -0.00522211 -0.03612863 0.02113157 0.00976137 0.00873269 -0.00952688 0.02152657 -0.03891619
525.0  -0.25978370 0.15332368 -0.00868475 0.04374026 -0.02064141 -0.01342535 -0.01030111 -0.00360267 0.00941728 0.03945039
525.5  -0.92138937 0.20934564 0.01403579 -0.00139333 -0.00128774 0.00792070 0.00559748 0.00793663 -0.00327517 -0.03531632
526.0  -0.77872251 0.14309291 -0.00519450 -0.02413949 0.04208131 0.00317806 0.00320321 -0.01299106 -0.01701445 0.02923991
526.5  0.04824757 -0.00706573 -0.00474672 -0.01063712 -0.03623979 -0.01058942 -0.00551508 0.01372001 -0.02191634 -0.02005522
527.0  0.82346793 -0.15024845 0.00862834 -0.00213041 -0.01289015 0.01245932 0.01149707 -0.00331900 -0.01782876 0.00798001
527.5  0.91172973 -0.20957054 -0.00477437 0.01795821 0.04501343 -0.00460182 -0.00010313 -0.01117720 -0.00812975 0.00618897
528.0  0.30133404 -0.16773595 -0.00285412 -0.01245651 -0.02126560 -0.01010094 -0.01056137 0.00840005 0.00797675 -0.02055408
528.5  -0.51151497 -0.05806961 0.00832525 -0.01991477 -0.02899160 0.01637938 0.01135169 -0.00232125 0.01899570 0.03269584
529.0  -0.96183316 0.06875116 -0.00676078 0.02428074 0.03658578 -0.00971482 -0.00447208 -0.01227746 0.02012932 -0.03905690
529.5  -0.75823955 0.16771434 0.00108215 0.00975424 0.00342949 -0.00620207 -0.00335094 0.01331888 0.01370958 0.04042046
530.0  -0.02234295 0.20482536 0.00612472 -0.03440526 -0.03116901 0.02059882 -0.00037642 -0.00994236 -0.00177270 -0.03417976
530.5  0.74870377 0.16375170 -0.00902971 0.01584486 0.01467998 -0.01834555 0.00347621 0.00011066 -0.01492142 0.02282719
531.0  0.94897592 0.05363476 0.00458335 0.03020732 0.01231282 0.00039594 -0.00029542 0.01181029 -0.02146881 -0.00969992
531.5  0.35432659 -0.08502607 0.00339286 -0.03605067 -0.01620270 0.01658384 -0.00377387 -0.01511000 -0.02161306 -0.00621846
532.0  -0.55719012 -0.18898264 -0.00851165 -0.00539962 0.00534574 -0.02109357 0.00989308 0.01516900 -0.01535789 0.01885262
532.5  -0.97417224 -0.20741968 0.00592126 0.04001384 0.00892943 0.01040153 -0.00934347 -0.00832775 -0.00586745 -0.02923409
533.0  -0.54518583 -0.13337452 0.00072460 -0.02096689 -0.01068389 0.00861477 0.00159567 -0.00265367 0.00585683 0.04024946
533.5  0.32606985 -0.00286112 -0.00720335 -0.03197522 0.00240456 -0.01885430 0.00671526 0.01299682 0.01518257 -0.04158960
534.0  0.92446954 0.13095575 0.00905480 0.03438798 0.01092468 0.01356087 -0.01203956 -0.01876814 0.02028851 0.03565941
534.5  0.80119342 0.21827986 -0.00315706 0.01697222 -0.00985296 0.00289790 0.00911862 0.01404196 0.02101907 -0.02141677
535.0  0.04960449 0.22329786 -0.00367608 -0.03929443 -0.00794237 -0.01499555 0.00019425 -0.00157423 0.01387195 0.00295364
535.5  -0.75250658 0.13637179 0.00904206 0.00322434 0.01239457 0.01386578 -0.00825779 -0.01277701 0.00180796 0.01723965
536.0  -0.93157617 -0.01313665 -0.00530096 0.03947710 -0.00189917 -0.00285077 0.00864459 0.02062347 -0.00998953 -0.03279268
536.5  -0.30153621 -0.15863685 -0.00417485 -0.02652728 -0.00898810 -0.01116574 -0.00130498 -0.01835744 -0.02048608 0.04177952
537.0  0.59346795 -0.23023170 0.01133684 -0.02800603 0.01133642 0.01662790 -0.00488289 0.00707121 -0.02226034 -0.04400852
537.5  0.96912488 -0.19928314 -0.00950749 0.04046427 0.00122592 -0.00879660 0.00356774 0.01309023 -0.01648170 0.03860777
538.0  0.53831930 -0.09012248 -0.00025570 0.00674862 -0.01244709 -0.00047667 0.00984803 -0.01858955 -0.00662919 -0.02229791
538.5  -0.30479240 0.04547595 0.00856544 -0.04279588 0.01062002 -0.00800808 -0.02340771 0.00261960 0.01461232 0.00304706
539.0  -0.90668493 0.15848655 -0.01042069 0.01402614 0.00356174 0.00920276 0.01112487 0.01211248 0.02419074 0.01870151
539.5  -0.85197940 0.21740721 0.00563503 0.02062303 -0.03553321 0.00625276 0.00518889 -0.01812534 0.01956345 -0.03798650
540.0  -0.18686106 0.20529412 0.00374605 -0.01792946 0.02071811 -0.02157536 -0.00216281 0.00219967 0.01102854 0.04519056
540.5  0.62742806 0.11938229 -0.01068131 -0.00479691 0.03140653 0.01920963 -0.00219921 0.01125710 -0.00355919 -0.04307259
541.0  0.97023575 -0.01952824 0.00875074 0.01907410 -0.03742518 -0.00288526 0.00390466 -0.01769743 -0.01788912 0.03367489
541.5  0.50647889 -0.15765568 0.00608564 -0.00685725 -0.00921031 -0.01375375 -0.00141432 0.01606765 -0.02365085 -0.01961208
542.0  -0.41955879 -0.22159958 -0.01302667 -0.01391169 0.04170529 0.02185096 -0.00197763 -0.00600730 -0.02454242 0.00356497
542.5  -0.96612300 -0.16632479 0.00887091 0.01476022 -0.01955393 -0.01731975 0.00413360 -0.00399366 -0.01957903 0.01230156
543.0  -0.61297213 -0.02077987 0.00054522 0.00346387 -0.02759054 0.00108433 -0.00401985 0.01420591 -0.00960648 -0.02383577
543.5  0.29015183 0.12831432 -0.01070912 -0.01555560 0.04172083 0.01774900 0.00146901 -0.01757759 0.00147928 0.03344321
544.0  0.92812172 0.20279123 0.01213794 0.00926195 0.00275257 -0.02537887 0.00201890 0.01250830 0.01403112 -0.04089148
544.5  0.79435344 0.17655293 -0.00250653 0.00406578 -0.04501038 0.01499299 -0.00392543 -0.00274949 0.02195193 0.04278012
545.0  0.02510733 0.07220245 -0.00870316 -0.01228442 0.02354480 0.00414723 0.00346718 -0.00904722 0.02440623 -0.03960644
545.5  -0.77023255 -0.05914908 0.01231809 0.00631833 0.02744748 -0.02417552 -0.00257420 0.01167380 0.01944413 0.03233646
546.0  -0.94119657 -0.15756106 -0.00755964 0.00116666 -0.04469134 0.02893645 0.00263599 -0.00796115 0.00718097 -0.02198963
546.5  -0.30842688 -0.17504616 -0.00539127 -0.00763440 0.00929632 -0.01492843 -0.00044946 -0.00049938 -0.00709819 0.01270279
547.0  0.60161253 -0.10071564 0.01362112 0.01229912 0.03401144 -0.00474604 -0.00552756 0.00524018 -0.01843033 -0.00205692
547.5  0.97972492 0.02556540 -0.00799560 -0.00261059 -0.03726922 0.02280354 0.01277798 0.00711141 -0.02298171 -0.00689348
548.0  0.50742618 0.13557441 -0.00587846 -0.01276231 -0.00158522 -0.02732167 -0.00947831 -0.01246941 -0.02357454 0.01674634
548.5  -0.37507330 0.17371512 0.01394584 0.01739947 0.03729449 0.01210880 -0.00586440 0.01330863 -0.00895708 -0.02491653
549.0  -0.94523445 0.12585061 -0.00865456 0.00133258 -0.02870774 0.00934500 0.00090953 0.00151055 0.00555195 0.03368955
549.5  -0.80508886 0.01845697 -0.00303633 -0.02578932 -0.01126754 -0.01733020 0.01081835 -0.02016063 0.01710463 -0.04084442
550.0  -0.09204220 -0.09973439 0.01265340 0.02795767 0.03242726 0.00883725 -0.01536795 0.02299121 0.02501273 0.03810663
550.5  0.68712158 -0.17573792 -0.01186732 -0.00177340 -0.01801444 0.00453605 0.00793430 -0.01241401 0.01920220 -0.03266591
551.0  0.97556955 -0.16827779 0.00051365 -0.03737157 0.00058910 -0.00969806 0.00706080 -0.00621780 0.00751588 0.02476066
551.5  0.52146795 -0.07140524 0.01095094 0.03772741 0.00955303 0.00640265 -0.01740234 0.01819432 -0.00630601 -0.01112713
552.0  -0.36731152 0.07024000 -0.01304093 0.00742210 -0.01667514 0.00396203 0.01776561 -0.02155858 -0.01824740 0.00147328
552.5  -0.95598196 0.17400455 0.00254187 -0.04358445 0.00718822 -0.01108421 -0.00843035 0.01566983 -0.02280578 0.00888765
553.0  -0.71274957 0.17416601 0.01029474 0.02993314 0.00846292 0.00928620 -0.00718916 -0.00060721 -0.02348189 -0.01926217
553.5  0.14195748 0.07514708 -0.01383365 0.01635493 -0.01507615 0.00061595 0.01838767 -0.01234455 -0.01677480 0.02771863
554.0  0.86320312 -0.05718504 0.00530470 -0.04185908 0.00357302 -0.01390651 -0.01954886 0.02132021 -0.00362498 -0.03396152
554.5  0.90019977 -0.15388407 0.00857450 0.01356364 0.01223904 0.01660365 0.00754064 -0.01834777 0.01018056 0.03512641
555.0  0.27740005 -0.18175443 -0.01169572 0.02944993 -0.00958657 -0.00351030 0.00884595 0.00067057 0.02177197 -0.03464778
555.5  -0.54046972 -0.14021278 0.00696003 -0.03534847 -0.00425430 -0.01394171 -0.00833167 0.02071010 0.02521422 0.02734114
556.0  -0.97562117 -0.04931857 -0.00031278 -0.01108817 0.01464108 0.02274815 -0.01158345 -0.02301288 0.01252340 -0.01314458
556.5  -0.67999833 0.06238383 -0.00699344 0.04231272 -0.00847919 -0.00624817 0.01796416 0.00525328 -0.00356427 0.00171978
557.0  0.16814916 0.15548606 0.00841788 -0.01185539 -0.01164338 -0.00186834 0.00380563 0.01437576 -0.01403982 0.01318433
557.5  0.88755206 0.18794918 -0.00366971 -0.03642075 0.00060453 -0.00839668 -0.02311911 -0.01991594 0.02027816 -0.02478659
558.0  0.84007002 0.13816132 -0.00434924 0.02996233 0.01504040 0.01983110 0.01621774 -0.03118347 -0.01203966 0.03431746
558.5  0.06094208 0.02080942 0.00829237 0.01779743 0.01042982 -0.01934087 -0.00898274 -0.01418647 0.00676851 -0.04039325
559.0  -0.76096764 -0.11434970 -0.00522697 -0.03932100 -0.00824513 0.00166617 0.00155372 0.00769915 0.00468056 0.04010396
559.5  -0.93874011 -0.20593819 -0.00156521 0.00382430 -0.01489086 0.02008924 0.00057236 0.02590688 -0.01498671 -0.03265767
560.0  -0.35679177 -0.21250437 0.00799496 0.03749075 -0.00041062 -0.02659298 -0.00071361 0.03261698 0.01705968 0.02282915
560.5  0.50488916 -0.12874782 -0.00786134 -0.02102445 0.01573050 0.01156322 0.00203190 0.01976754 -0.01723310 -0.00479149
561.0  0.96553234 0.01458744 0.00124792 -0.02789231 0.00858284 0.01195919 -0.00296042 -0.00090270 0.01051185 -0.01267772
561.5  0.63530574 0.15721512 0.00547867 0.03536356 -0.01172966 -0.02717839 0.00232442 -0.02089970 -0.00067180 0.02647364
562.0  -0.25075464 0.23029275 -0.00849433 0.00687920 -0.01387189 0.02128552 -0.00117373 -0.03057723 -0.00611113 -0.03762011
562.5  -0.92473208 0.19064464 0.00658284 -0.03936599 0.00289777 0.00010379 -0.00111738 -0.02834321 0.01340527 0.04148225
563.0  -0.73637757 0.05419239 0.00400002 0.01640184 0.01471451 -0.01994841 0.00491911 -0.01538423 -0.01723283 -0.04034718
563.5  0.14831145 -0.10488632 -0.01343574 0.02731081 0.00542378 0.02815085 -0.00663634 0.00305975 0.01617542 0.03417347
564.0  0.88512741 -0.20479181 0.00982986 -0.03377361 -0.00986775 -0.01512162 0.00424468 0.02066986 -0.01291687 -0.02302342
564.5  0.84221601 -0.20901531 0.00186673 -0.01008134 -0.01319117 -0.00894593 0.00093084 0.02997598 0.00545666 0.01015505
565.0  0.13357674 -0.13284633 -0.01114965 0.04245366 0.00369287 0.02519221 -0.00742767 0.02570382 0.00510321 0.00739990
565.5  -0.65480802 -0.01439618 0.01259754 -0.00585725 0.01721353 -0.02144481 0.00995371 0.00865802 -0.01456533 -0.02558431
566.0  -0.97319529 0.10759904 -0.00600875 -0.03765616 0.00410147 0.00196536 -0.00568193 -0.01299279 0.01811182 0.03763634
566.5  -0.61076044 0.19495788 -0.00528405 0.01857129 -0.01563685 0.01649824 -0.00621959 -0.03082550 -0.01250487 -0.04159253
567.0  0.19942020 0.21189171 0.01235884 0.02489520 -0.01168216 -0.02062486 0.02173271 -0.02544899 0.00377866 0.03887082
567.5  0.87388801 0.13992203 -0.01124809 -0.03331411 0.00956080 0.00525112 -0.01389476 -0.01258595 0.01452707 -0.02963742
568.0  0.86817456 0.00041506 0.00128647 -0.00323855 0.01609610 0.00562887 -0.00308615 0.00618878 -0.02057548 0.01735193
568.5  0.16352746 -0.13966814 0.00985122 0.03612269 -0.00245281 -0.01384245 0.01356567 0.02962183 0.01331612 -0.00207297
569.0  -0.66955008 -0.20732496 -0.01280507 -0.02146326 -0.01133331 0.02820383 -0.00722598 0.02621743 -0.00971730 -0.01303937
569.5  -0.97164148 -0.17111715 0.00609165 -0.02407055 -0.00886687 -0.01420019 0.00550436 0.01555637 -0.00483687 0.02745421
570.0  -0.53909592 -0.05881865 0.00731200 0.03781662 0.00165936 -0.00897813 0.00103585 -0.00477561 0.01706191 -0.03716235
570.5  0.28263357 0.06972448 -0.01141812 0.00427815 0.01044158 0.02408762 -0.01069489 -0.02489069 -0.01837091 0.04396177
571.0  -0.90184462 0.15677420 0.00664536 -0.03763334 0.00584465 -0.02277816 0.00837266 -0.02772473 0.01441003 -0.04257734
571.5  0.86703432 0.18690581 0.00486424 0.01842424 -0.00738231 0.00151466 -0.00215810 -0.01609467 -0.00342170 0.03562565
572.0  -0.17154718 0.11556400 -0.01087429 0.02555059 -0.00858096 0.02040006 -0.00813672 0.00250801 -0.00691165 -0.02229375
572.5  -0.68467054 -0.01701684 0.00634380 -0.03552479 -0.00405809 -0.02556512 0.01393134 0.02053342 0.01232431 0.01030336
573.0  0.96292927 -0.13691442 0.00548091 0.00219656 0.00456338 0.01252816 -0.01067867 0.02846941 -0.01515017 0.00045515
573.5  -0.34920912 -0.18556507 -0.01015464 0.03347312 0.00859277 0.00956603 0.00248453 0.02557684 0.01404472 -0.00964613
574.0  -0.60052626 0.10561067 0.00647404 -0.03240769 0.00459979 -0.02339016 0.00912649 0.01456156 -0.01155358 0.01683707
574.5  0.97557287 0.03160539 0.00522651 -0.00375250 -0.00452756 0.02140375 -0.01670342 -0.00153779 0.00582333 -0.02424286
575.0  -0.45347151 -0.14628294 -0.00923438 0.03708583 -0.00887549 -0.00475958 0.01474117 -0.01920797 0.00144591 0.03220245
575.5  -0.45064828 0.18045012 0.00454656 -0.02700581 -0.00088881 -0.01423839 -0.00151658 -0.02841290 -0.00737864 -0.03849347
576.0  0.96810382 -0.12035861 0.00329676 -0.01319159 0.00703176 0.01915972 -0.01723282 -0.02627288 0.01533068 0.04166136
576.5  -0.70004150 -0.00570932 -0.00795812 0.03711474 0.00372001 -0.00322416 0.02630380 -0.01404225 -0.01497484 -0.04461439
577.0  -0.14240074 0.13573128 0.00616946 -0.01704249 0.00257831 -0.01219038 -0.00922319 0.00806880 0.01114640 0.04304424
577.5  0.87608213 -0.19296997 0.00223476 -0.02124474 -0.00678184 0.00610303 -0.01481423 0.02346482 -0.00481182 -0.03924441
578.0  -0.84698446 0.13066772 -0.00841021 0.03248141 -0.01231550 0.00646079 0.02624611 0.02971620 -0.01260643 0.03239529
578.5  0.04951494 0.01852388 0.00536915 -0.00840974 0.00207088 -0.01546114 -0.01719775 0.02720707 0.01854136 -0.02454394
579.0  0.79102268 -0.15535550 0.00353681 -0.02527154 0.00996164 0.01363920 0.00454643 0.00674284 -0.02039504 0.01393361
579.5  -0.92085259 0.19076323 -0.00892483 0.03112740 0.00813292 -0.00089971 0.01266031 -0.01459941 0.00819934 -0.00092952
580.0  0.27349746 -0.11573853 0.00604655 0.00077308 -0.00068726 -0.01195634 -0.01934186 -0.02742822 0.00487332 -0.01382908
580.5  0.57347075 -0.01134251 0.00272904 -0.03263809 -0.01049106 0.01769977 0.00823738 -0.02709939 -0.02247356 0.02891667
581.0  -0.97824192 0.12119192 -0.00844675 0.02095446 -0.00664741 -0.00781030 0.00904262 -0.01609910 0.02109986 -0.04016034
581.5  0.69087118 -0.17340359 0.00881499 0.02066000 0.00523034 -0.01462420 -0.01190703 0.01074821 -0.01223477 0.04562824
582.0  0.06967169 0.16042957 -0.00141921 -0.03425450 0.01332545 -0.01906764 -0.01190671 0.02709837 -0.00134748 -0.04039973
582.5  -0.78912233 -0.09498416 -0.00748853 -0.00013925 0.00290496 -0.00627694 0.01374766 0.02861071 0.01815585 0.02609849
583.0  0.95298572 -0.00053123 0.01093138 0.03251102 -0.01555709 0.01532285 -0.00857471 0.01599128 -0.02062730 -0.00652778
583.5  -0.39864135 0.09870916 -0.00705227 -0.02286300 -0.00371210 0.01957733 0.00206340 -0.01166080 0.01595201 -0.01498266
584.0  -0.47760387 -0.16783770 -0.00107890 -0.02206685 0.00740845 0.01216362 0.01191645 -0.02771993 -0.00678740 -0.03168178
584.5  0.97111014 0.17976577 0.00789598 0.03625448 0.01148431 -0.00236524 -0.01637192 -0.03019334 -0.01222170 -0.04246754
585.0  -0.68510422 -0.12294060 -0.00998035 0.00129365 0.00296924 -0.01863348 0.01211240 -0.01509393 0.01834410 -0.04530428
585.5  -0.12553303 0.01270005 0.00365733 -0.03818920 -0.00950190 -0.01492243 0.00079257 -0.01536001 -0.01833916 -0.04276468
586.0  0.82800295 0.11265244 0.00378493 0.01761007 -0.00919935 0.00311083 0.01439954 0.02648866 0.00393117 -0.03074880
586.5  -0.91810168 -0.20737165 -0.00839167 0.03166608 0.00588703 0.02354941 0.01043754 -0.01639653 0.01423656 -0.01297920
587.0  0.32747047 0.22937891 0.00767717 -0.03579999 0.01309987 0.01975214 -0.00392333 -0.00606018 -0.02083281 0.00831978
587.5  0.52948920 -0.15480701 -0.00150461 -0.01123215 0.00011624 -0.00054612 -0.00910542 0.02290932 0.01060941 0.02714078
588.0  -0.96660191 0.00067776 -0.00479000 0.04314020 -0.01454499 -0.02067223 -0.00553496 -0.02460223 0.00451881 0.03890362
588.5  0.55222597 0.16241276 0.00748636 -0.01906761 -0.00852099 -0.02552613 0.00349015 0.01181499 -0.01623842 0.04544369
589.0  0.38515604 -0.24041382 -0.00536362 -0.03002008 0.00681078 -0.01305156 0.00996564 0.00549447 0.02053094 0.04504462
589.5  -0.95887241 0.18422060 -0.00446781 0.03980925 0.01322848 0.00533657 0.00859700 -0.02149950 -0.01682585 0.03886652
590.0  0.62091978 -0.03008991 0.00838018 0.00210140 0.00736817 0.02189275 0.00526359 0.02620165 0.00720739 0.02976047
590.5  0.28086334 -0.13190254 -0.00428770 -0.03993487 -0.00918424 0.02486197 -0.00581915 -0.01646218 0.00468714 0.01108444
591.0  -0.92195447 0.22285934 -0.00425294 0.02269668 -0.01251421 0.00939705 -0.01112981 -0.00024345 -0.01440876 -0.00826686
591.5  0.78988057 -0.21052295 0.00870115 0.02727142 0.00164826 -0.01163596 -0.00983459 0.02162306 0.01722284 -0.02657371
592.0  -0.03395998 0.10869784 -0.00637619 -0.03829162 0.00878894 -0.02358916 -0.00701826 -0.02965731 -0.01126142 -0.04215294
592.5  0.74427011 0.04002336 -0.00046009 -0.00549792 0.00685366 -0.02157880 0.00020653 0.01785046 0.00023896 -0.04873103
593.0  0.94694220 -0.17055693 0.00927114 0.03859819 -0.00416078 -0.00882161 0.00690852 0.00503576 0.00865121 -0.04644069
593.5  0.39604638 0.23158586 -0.01355375 -0.01299485 -0.00992940 0.00407523 0.02041822 -0.02524980 -0.00713183 -0.03652890
594.0  -0.48472944 -0.18278523 0.00217903 -0.02887344 0.00039292 0.01025912 0.00700429 0.03986686 -0.00227723 -0.02197812
594.5  -0.96562691 0.04056895 0.00735288 0.03315132 0.00734208 0.01539627 0.01537020 -0.01657812 0.01003568 -0.00580763
595.0  -0.63936525 0.11155846 -0.01068078 0.00723748 0.00812010 0.00724728 -0.00458911 -0.00186340 -0.00690162 0.01010565
595.5  0.19957378 -0.21568376 0.00446223 -0.03604782 0.00559235 -0.01110765 -0.01922823 0.01922680 -0.00570157 0.02690134
596.0  0.86472065 0.22387965 0.00494116 0.01769402 -0.01455763 -0.02354342 -0.01459763 -0.02319234 0.01956251 0.04000531
596.5  0.89253261 -0.12825085 -0.00900358 0.02431586 -0.00296747 -0.01517670 0.00095723 0.01155826 -0.02494916 0.04745797
597.0  0.29213213 -0.00428664 0.00764639 -0.03327963 0.01210180 0.00984394 0.00839626 0.00350849 0.01648564 0.04866499
597.5  -0.51989916 0.14358102 -0.00075078 -0.00443802 0.01020033 0.02755435 0.00526376 -0.01267401 0.00079130 0.04139077
598.0  -0.96289372 -0.23181982 -0.00770724 0.03444805 -0.00543045 0.02084288 -0.00204642 0.01428055 -0.01669112 0.02855221
598.5  -0.66024506 0.19396337 0.00931653 -0.01757815 -0.01416797 -0.00289221 -0.00647031 -0.00499575 0.02570234 0.01415987
599.0  0.21154760 -0.05762369 -0.00241322 -0.02271242 -0.00903044 -0.02302594 -0.00381155 -0.00402134 -0.02820374 -0.00022382
599.5  0.90786305 -0.11607243 -0.00678141 0.03572711 0.00650130 -0.02721088 0.00045087 0.01039501 0.02379609 -0.01318880
600.0  0.78075799 0.23070167 0.00933353 -0.00709637 0.01630428 -0.01201373 0.00469916 -0.01413027 -0.01402225 -0.02430375
600.5  -0.04488143 -0.18775023 -0.00213436 -0.02905304 0.00943745 0.01150385 0.00462310 0.01017586 0.00252378 -0.03435775
601.0  -0.82195582 0.03010287 -0.00685542 0.03310754 -0.00884129 0.02678024 0.00068186 -0.00117349 0.01079669 -0.04336031
601.5  -0.90157718 0.13371245 0.00912810 0.00177013 -0.01515886 0.02175396 -0.00287277 -0.00754095 -0.02212455 -0.04837768
602.0  -0.26030433 -0.22913849 -0.00265126 -0.03249523 -0.00396914 -0.00086040 -0.00405315 0.01632567 0.02638149 -0.04916022
602.5  0.57565638 0.19246546 -0.00677516 0.02227300 0.01143705 -0.02143200 -0.00017548 -0.01628622 -0.02317334 -0.04590324
603.0  0.96992089 -0.04572781 0.00850489 0.01715413 0.01486192 -0.02538105 0.00402642 0.00712914 0.01374339 -0.03700236
603.5  0.59790613 -0.12369774 -0.00340685 -0.03375400 -0.00010843 -0.01031028 0.00516743 0.00455218 0.00042357 -0.02836004
604.0  -0.27759202 0.22663594 -0.00616422 0.01013122 -0.01709255 0.01118557 0.00103259 -0.01779549 -0.01074626 -0.01896966
604.5  -0.92568356 -0.18877967 0.00839775 0.02522353 -0.01508039 0.01744871 -0.01333492 0.02542195 0.01648756 -0.00976971
605.0  -0.75072327 0.03116264 -0.00188797 -0.03220468 0.00377635 0.00885838 -0.02646035 -0.02205554 -0.01666432 -0.00080880
605.5  0.09685789 0.14447080 -0.00680880 0.00099984 0.01415573 -0.00329581 -0.01491131 0.01580945 0.01013224 0.00998360
606.0  0.84703422 -0.23105755 0.00918207 0.03046881 0.01054103 -0.00775447 0.00212412 0.00330987 -0.00921401 0.02107841
606.5  0.88478297 0.18513681 -0.00249664 -0.02375834 -0.00255997 -0.01017550 0.01517522 -0.02311955 0.01274549 0.03504331
607.0  0.23313518 -0.05919381 -0.00562785 -0.01466565 -0.01217342 -0.01397997 0.02425541 0.02695287 -0.01522257 0.04568180
607.5  -0.58502568 -0.09160168 0.01006379 0.03375473 -0.00748363 -0.00010895 0.01722674 -0.02005498 0.01148232 0.05110957
608.0  -0.96839485 0.20822846 -0.00683898 -0.00692174 0.01401005 0.01036761 -0.00029466 0.00443813 0.00039999 0.04785323
608.5  -0.61597855 -0.22320471 -0.00242161 -0.03293578 0.01490355 0.01213627 -0.01671256 0.01222046 -0.01342271 0.03271205
609.0  0.24592060 0.14479997 0.00925639 0.02580060 -0.00414376 0.00708921 -0.02374364 -0.02050394 0.02089959 0.01775970
609.5  0.91198013 0.00282198 -0.00867223 0.01111399 -0.01833862 -0.00569868 -0.01635647 0.01855649 -0.02277007 0.00007901
610.0  0.78307493 -0.16166435 0.00120316 -0.03446828 -0.01090801 -0.01007965 -0.00069885 -0.00825276 0.01843613 -0.01805018
610.5  -0.03046728 0.22855104 0.00714143 0.01579125 0.00955680 -0.00843426 0.01604745 -0.00715327 -0.00762865 -0.03328119
611.0  -0.81046240 -0.19026350 -0.00921142 0.02515139 0.01910418 -0.00147071 0.02592305 0.01604067 -0.00718905 -0.04490508
611.5  -0.91326884 0.08423429 0.00461676 -0.03154035 0.00521814 0.01056211 0.01464520 -0.02034013 0.02094513 -0.04678850
612.0  -0.31370791 0.06287824 0.00403303 -0.00676710 -0.01300077 0.00967726 0.00269394 -0.00555914 -0.02684124 -0.04017486
612.5  0.50223382 -0.17610986 -0.01198303 0.03822837 -0.01166953 0.00416547 -0.01958842 -0.00925319 0.01818861 -0.02325900
613.0  0.95859603 0.22438079 0.00833247 -0.01119888 0.00520110 0.00088414 -0.03016039 -0.00685325 -0.00032885 -0.00047072
613.5  -0.73540094 -0.21106768 -0.00281698 -0.03152739 0.01301597 0.00888945 -0.01956517 0.00573175 -0.01690135 0.02084603
614.0  -0.02613337 0.11814187 -0.00607836 0.02721101 -0.00516641 -0.00670899 0.00062396 0.00601846 0.02754921 0.04221267
614.5  0.78164248 0.03232851 0.01183414 0.01332400 -0.01753949 -0.02390874 0.01332313 0.00477979 -0.02176115 0.04970546
615.0  -0.91688079 -0.18099584 -0.00874686 -0.03835018 -0.00080041 -0.02318678 0.01832840 -0.00658096 0.00607338 0.04887235
615.5  0.27949939 0.25328598 -0.00087272 0.00495481 0.00538464 -0.00567331 0.01741939 -0.00475598 0.01022555 0.04115496
616.0  0.59721971 -0.20843886 0.01058255 0.03408933 0.00944175 0.00879264 -0.00317285 0.01505772 -0.01934064 0.02467730
616.5  -0.96279670 0.07018024 -0.00994061 -0.02655215 -0.00256158 0.00952173 -0.02579893 -0.01940563 0.02098505 0.00257691
617.0  0.53870074 0.09381799 0.00343114 -0.01968996 -0.01097332 0.00204138 -0.03014717 0.01443790 -0.01661978 -0.01796116
617.5  0.30454489 -0.21610106 0.00241884 0.03531628 -0.00662893 -0.00632688 -0.01568268 -0.00147126 0.00723240 -0.03651256
618.0  -0.90965192 0.25294219 -0.00579774 0.00125439 0.01028935 -0.00674929 0.01025257 -0.01150613 0.00186703 -0.04645515
618.5  0.80225718 -0.18763956 0.00498834 -0.03498184 0.01542995 -0.00130468 0.02867807 0.02173816 -0.00989624 -0.04698406
619.0  -0.02948675 0.03559962 -0.00113200 0.01983747 -0.00464708 0.00683340 0.02765811 -0.02108194 0.01461934 -0.04076191
619.5  -0.78418657 0.14450462 -0.00427652 0.02081891 -0.01559571 0.00869770 0.01055835 0.01373393 -0.01605912 -0.02655985
620.0  0.88993024 -0.25853608 0.00611934 -0.03428372 -0.00860357 0.00321679 -0.01163073 -0.00087498 0.01533870 -0.01070723
620.5  -0.16341482 0.23000926 -0.00267149 0.00379858 0.00572679 -0.00432486 -0.02771300 -0.01300421 -0.01215338 0.00846212
621.0  -0.70668999 -0.06648889 -0.00373247 0.02984460 0.01265096 -0.01011618 -0.02798994 0.02124593 0.00629319 0.02500957
621.5  0.93231465 -0.13670583 0.00780491 -0.02610310 0.00466613 -0.00798154 -0.01127117 -0.02260049 0.00105730 0.03910508
622.0  -0.37820103 0.26618510 -0.00651022 -0.01091554 -0.01044105 0.00078062 0.01144307 0.01373225 -0.01062480 0.05002356
622.5  -0.45090974 -0.26240183 -0.00087238 0.03352807 -0.01414886 0.00878500 0.02754516 0.00198828 0.01621320 0.05029939
623.0  0.93551621 0.13836977 0.00920241 -0.00909302 0.00606884 0.01140468 0.02474115 -0.01442776 -0.01641374 0.04151101
623.5  -0.76439046 0.04394040 -0.01227019 -0.02730608 0.01858154 0.00572765 0.00395835 0.02170900 0.00861538 0.02616515
624.0  0.06000568 -0.20428309 0.00257916 0.02515895 0.00183136 -0.00562590 -0.01784551 -0.01605985 0.00153004 0.00525967
624.5  0.70315563 0.26680915 0.01023724 0.01472828 -0.01383489 -0.00787495 0.02604008 0.01529016 -0.00898751 -0.01406513
625.0  -0.94941348 -0.19436415 -0.01444648 -0.03501874 -0.00886366 -0.00305265 0.00272784 0.02960459 -0.01048321 -0.03121466
625.5  0.42698710 0.01871536 0.00516725 0.00755270 0.00313133 0.00145679 -0.00610882 0.02024977 -0.01336062 -0.04098712
626.0  0.47081130 0.15943786 0.00902583 0.02873563 0.01268865 0.00452710 -0.00223423 0.00641667 0.02099690 -0.04911445
626.5  -0.96519389 -0.23292743 -0.01374666 -0.02827155 0.00836012 0.00757139 0.00933518 -0.01162879 -0.02280900 -0.05343089
627.0  0.62858447 0.16748968 0.00586516 -0.00607567 -0.00846921 0.00748424 -0.01017580 -0.02632461 0.01904958 -0.05305316
627.5  0.22791777 -0.01594858 0.00656577 0.03466941 -0.01260666 0.00021571 0.00541138 -0.02790809 -0.01032926 -0.04810969
628.0  -0.89419265 -0.13343810 -0.01230845 -0.01925092 -0.00219609 -0.00623082 0.00451385 -0.01950968 -0.00041549 -0.03944275
628.5  0.84704907 0.20557767 0.00594130 -0.02166278 0.00985720 -0.00831929 -0.01053732 -0.00418197 0.01117946 -0.02647580
629.0  -0.10791883 -0.16453909 0.00514318 0.03492835 0.01339058 -0.00336615 0.00980943 0.01458821 -0.01965735 -0.01219897
629.5  -0.73829011 0.02697374 -0.01008927 -0.00588982 -0.00052988 0.00373121 -0.00328688 0.02581104 0.02351649 0.00095505
630.0  0.93743043 0.12977591 0.00413616 -0.03052693 -0.01331000 0.00520602 -0.00507981 0.02783110 -0.02349774 0.01260728
630.5  -0.26420075 -0.20139038 0.00646715 0.03380591 -0.01197644 0.00446999 0.00967700 0.02358744 0.01903910 0.02367721
631.0  -0.65802893 0.13479797 -0.01094857 0.00025456 0.00116344 0.00096549 -0.01017351 0.00986468 -0.01188884 0.03335337
631.5  0.96304372 0.02074482 0.00263713 -0.03421499 0.01364162 -0.00668410 0.00388432 -0.00678009 0.00191999 0.04066010
632.0  -0.42000412 -0.15846680 0.00716113 0.02905430 0.00930171 -0.00463081 0.00496059 -0.02077859 0.00975668 0.05152204
632.5  -0.44895864 0.19961559 -0.01159467 0.01220508 -0.00401243 -0.00103837 -0.01076988 -0.02875956 -0.01852234 0.05648219
633.0  0.95595628 -0.13624853 0.00579273 -0.03830993 -0.01266525 0.00021981 0.00666100 -0.02159353 0.02462859 0.05727986
633.5  -0.77459251 0.01354999 0.00485630 0.01028387 -0.00810708 0.00715345 0.00337998 -0.00546760 -0.01808438 0.05397269
634.0  -0.05955077 0.10780836 -0.01164711 0.03373249 0.00935622 0.00609409 -0.00714899 0.01589222 0.00212268 0.03991665
634.5  0.70227886 -0.18502918 0.00952636 -0.02953274 0.01857699 0.00034818 0.00256076 0.02897555 0.00934513 0.01894696
635.0  0.97086956 0.18023224 -0.00163686 -0.01262162 -0.00281747 -0.00361915 0.00405083 0.02255032 -0.02439828 -0.00370393
635.5  0.48967074 -0.10960804 -0.00862662 0.03633951 -0.01943024 -0.00474343 -0.01099104 0.00330063 0.01923514 -0.02820851
636.0  -0.40542256 -0.02021759 0.01212513 -0.01277347 -0.01069482 -0.00376102 -0.00908046 -0.00979194 -0.00980323 -0.04752815
636.5  -0.96172332 0.14536634 -0.00514490 -0.02796634 0.00989949 -0.00103861 -0.00700366 -0.02434373 -0.00429043 -0.05961519
637.0  -0.68823030 -0.18954964 -0.00642270 0.03187373 0.01741374 0.00433059 -0.00296905 -0.02998128 0.01173355 -0.06206393
637.5  0.16439928 0.16039304 0.01229824 0.00671139 0.00505212 0.00981817 -0.00042622 -0.01787542 -0.02134073 -0.05167408
638.0  0.86757729 -0.06821268 -0.00850989 -0.03790722 -0.01499439 0.00868348 0.00356088 0.00009986 0.01800918 -0.02956488
638.5  0.88840041 -0.05626918 -0.00033708 0.01297125 -0.01425297 0.00170996 0.00981780 0.02126542 -0.00665844 0.00226942
639.0  0.23062593 0.14769613 0.00996548 0.03295143 0.00789585 -0.00698549 0.01547582 0.02773363 -0.00380793 0.03192327
639.5  -0.61628794 -0.19134359 -0.01258915 -0.02974116 0.01926269 -0.01069967 0.01423622 0.01671501 0.01695222 0.05102239
640.0  -0.97545990 0.16594605 0.00807678 -0.01528023 0.00197398 -0.00605695 -0.00068613 0.00218531 -0.02055275 0.05925843
640.5  -0.50461297 -0.05962939 0.00617563 0.03844685 -0.01991132 0.00060690 -0.01932043 -0.00719411 0.01644559 0.05589043
641.0  0.42446967 -0.07095459 -0.01397655 -0.01035829 -0.01258468 0.00833551 -0.02918624 -0.00514207 -0.00831534 0.04043205
641.5  0.96994889 0.16800003 0.00705120 -0.03300822 0.01146616 0.01051913 -0.02359567 -0.00219760 -0.00407806 0.01905337
642.0  0.64160642 -0.19065610 0.00316841 0.03405163 0.01690010 0.00662894 -0.00478556 -0.00141665 0.01478336 -0.00525183
642.5  -0.22957763 0.12697274 -0.01229386 0.01167791 -0.00091439 -0.00059708 0.01909506 -0.00080287 -0.01995189 -0.02987504
643.0  -0.89548824 -0.01518223 0.01345844 -0.03843586 -0.01310457 -0.00942554 0.03037155 -0.00597033 0.01613584 -0.04968190
643.5  -0.86676506 -0.09861349 -0.00523287 0.00611893 -0.01064110 -0.01098798 0.02216770 -0.00282956 -0.00597999 -0.06080856
644.0  -0.20939268 0.17474439 -0.00538838 0.03767497 0.00503853 0.00457348 0.00017194 0.00116280 -0.01017846 -0.06072017
644.5  0.59739239 -0.19018305 0.01270527 -0.02436313 0.01664795 0.00078308 -0.02301009 -0.01104781 0.02003594 -0.04834604
645.0  0.97680798 0.13863667 -0.01186678 -0.02322520 -0.00349168 -0.00558854 -0.02445164 -0.02054888 -0.02310409 -0.02727256
645.5  0.61560497 -0.02444634 0.00209335 0.03649541 -0.01813236 0.00636408 -0.01310927 -0.02033950 0.00694755 0.00018345
646.0  -0.25554662 -0.10198894 0.00857376 0.00101419 -0.00458709 -0.00371403 0.00043100 -0.00284501 0.00508599 0.02544061
646.5  -0.92353214 0.18216754 -0.01372521 -0.03648553 0.01263596 -0.00331765 0.00827437 0.01811098 -0.01590931 0.04485831
647.0  -0.78023642 -0.17859135 0.00699929 0.02382055 0.01335957 0.00752074 0.00982404 0.02882832 0.02254077 0.05675332
647.5  0.04307200 0.07771547 0.00610828 0.01772787 -0.00118877 -0.00872287 0.00960772 0.02826679 -0.01793709 0.06123362
648.0  0.81607800 0.05837707 -0.01426464 -0.03663054 -0.01751831 0.00229928 0.00227945 0.01269028 0.00940111 0.05789590
648.5  0.92447465 -0.15631977 0.01045173 0.00534339 -0.01074983 0.00406310 -0.00659674 -0.00972025 0.00499288 0.04506359
649.0  0.33050037 0.19448467 0.00164642 0.03670622 0.01212377 -0.00896175 -0.01022287 -0.02749001 -0.01714706 0.02593212
649.5  -0.50307669 -0.14398171 -0.01211687 -0.02511736 0.01786352 0.00545193 -0.00842881 -0.02987631 0.02058108 0.00037320
650.0  -0.96911970 0.02210690 0.01295863 -0.01985040 0.00224475 0.00013548 -0.00066266 -0.01443146 -0.01722920 -0.02294924
650.5  -0.68416984 0.10450472 -0.00184376 0.03824777 -0.01505253 -0.00349790 0.00643551 0.00634841 0.00453373 -0.04043734
651.0  0.17277253 -0.18824999 -0.01157902 -0.01133405 -0.01645312 0.00789205 0.01309561 0.02253871 0.00901855 -0.05364347
651.5  0.88997295 0.16683545 0.01297181 -0.02800715 0.00222937 -0.00596992 -0.03058322 0.01588169 -0.01535366 -0.05967412
652.0  0.83450234 -0.03858450 -0.00210934 0.03590815 0.01723570 -0.00109551 0.01183854 0.01609489 0.02707690 -0.06330209
652.5  0.06368069 -0.10385081 -0.01094708 -0.00393484 0.01800246 0.00499924 -0.00225319 0.00520843 -0.01775549 -0.06266579
653.0  -0.74708472 0.18631145 0.01318376 0.03579473 -0.00251299 -0.01221843 -0.01285780 -0.01486983 0.00726066 -0.05717438
653.5  -0.95599535 -0.17048212 -0.00235329 0.03101680 -0.01905649 0.01859296 0.01958144 -0.02448182 0.00429662 -0.04664125
654.0  -0.44865836 0.06191671 -0.00813477 -0.01344523 -0.01398409 -0.01161734 -0.01248019 -0.02201228 -0.01523574 -0.03407843
654.5  0.38218564 0.07367910 0.01212850 -0.04013333 0.01050830 -0.00804544 0.00443739 -0.00608866 0.02013522 -0.01581522
655.0  -0.93901220 -0.17300900 -0.00568546 -0.01418763 0.02062038 0.02302536 0.00184586 0.01375289 -0.01708304 0.00217431
655.5  0.78915961 0.18299488 -0.00795746 0.02914653 0.00515268 -0.02167452 -0.00688365 0.02503227 0.00879471 0.01992180
656.0  0.00750733 -0.08970305 0.01333361 0.03795890 -0.01016814 0.00344168 0.00899404 0.02250297 0.00214564 0.03290698
656.5  -0.81742028 -0.06195802 -0.00557295 0.00030980 -0.01896957 0.01618733 -0.00763020 0.00982363 -0.01108314 0.04347885
657.0  0.88874479 0.17812437 -0.00519875 -0.03815469 -0.00593199 -0.02489481 0.00272730 -0.00634504 0.01761441 0.05102528
657.5  -0.12333594 -0.17680798 0.01040354 -0.03221929 0.01469767 0.01872923 0.00267060 -0.01962572 -0.02020488 0.05902689
658.0  -0.74960539 0.05897189 -0.00497469 0.01053733 0.01928234 0.00072724 -0.00801741 -0.02573333 0.01788466 0.06245086
658.5  0.93827334 0.09391708 -0.00726704 0.04048624 0.00000293 -0.01892266 0.01025177 -0.01997825 -0.01191657 0.06263676
659.0  -0.33441818 -0.18973035 0.01242304 0.01932389 -0.02400046 0.02351015 -0.00715449 -0.00469764 0.00055009 0.05841501
659.5  -0.52729454 0.18347643 -0.00633195 -0.02694774 -0.01034934 -0.01217977 0.00021257 0.01283930 0.01128120 0.04673601
660.0  0.97250188 -0.08442603 -0.00545096 -0.03711902 0.01693561 -0.00913742 0.00699466 0.02601116 -0.01816450 0.03035720
660.5  -0.64477046 -0.05610578 0.01465653 0.00332501 0.02095195 0.02082469 -0.00930562 0.02341400 0.02130590 0.01164128
661.0  -0.22829209 0.16669556 -0.01039067 0.03743055 -0.00049617 -0.02144188 0.00844277 0.00589919 -0.01348037 -0.00833913
661.5  0.91754326 -0.18530261 -0.00371032 0.02148327 -0.02362870 0.00896270 -0.00367398 -0.01061065 -0.00001206 -0.02509354
662.0  -0.78183336 0.10233881 0.01309948 -0.02209423 -0.01487285 0.01214367 -0.00393564 -0.02724219 0.01072004 -0.03973142
662.5  -0.06721299 0.02940301 -0.01132985 -0.03507405 0.01586319 -0.01320376 0.01344948 -0.02668359 -0.02621838 -0.05110244
663.0  0.84709583 -0.13507155 0.00079462 0.00108935 0.02325966 0.01336705 -0.01620084 -0.01875600 0.02123284 -0.06087629
663.5  -0.89785820 0.17015312 0.01086186 0.02894374 -0.01308253 -0.00190581 0.00743616 0.00582854 -0.01448753 -0.06523791
664.0  0.24066916 -0.13563357 -0.01410695 0.00086482 -0.03008402 -0.01153744 0.00477898 0.02432264 0.00070794 -0.05671636
664.5  0.58029061 0.05862996 0.00677904 -0.02193985 0.00335357 0.01208345 -0.01324200 0.02975929 0.01838288 -0.03805318
665.0  -0.98024753 0.03155740 0.00352853 -0.00325830 0.03378641 -0.00594201 0.01080749 0.01690467 -0.02595639 -0.00992280
665.5  0.69423593 -0.10981977 -0.01124210 0.02054374 0.01186541 -0.00637832 -0.00036068 -0.00776637 0.02309765 0.02164218
666.0  0.09301831 0.15493712 0.01376127 0.01226281 -0.02815425 0.01334179 -0.00947494 -0.02505583 -0.00948814 0.04736842
666.5  -0.82648200 -0.14956921 -0.00706795 -0.01622796 -0.02903727 -0.00795612 0.01250794 -0.02749531 -0.00819591 0.06140602
667.0  0.92082379 0.08747531 -0.00610102 -0.02097600 0.00923254 -0.00186415 -0.00686355 -0.01459933 0.02145086 0.06284277
667.5  -0.26105588 0.01224607 0.01252966 0.00393282 0.03451678 0.01077698 -0.00338977 0.00682705 -0.02754020 0.05082621
668.0  -0.61286773 -0.10790240 -0.01035868 0.02416815 0.01374266 -0.01211195 0.01152424 0.02213814 0.02470254 0.02707200
668.5  0.98220814 0.15951546 -0.00010779 0.00797319 -0.02508432 0.00304501 -0.01263333 0.02828542 -0.01064858 -0.00296926
669.0  -0.59757381 -0.15164058 0.01135364 -0.02212406 -0.02818523 0.00579597 0.00531593 0.01801458 -0.00660242 -0.03102523
669.5  -0.20380513 0.09545763 -0.01281740 -0.01321019 0.00603654 -0.01110491 0.00778586 -0.00617284 0.02247396 -0.05405938
670.0  0.85586758 -0.01346087 0.00489269 0.01518294 0.03357442 0.01041393 -0.01742390 -0.02027388 -0.02573672 -0.06272182
670.5  -0.92705155 -0.07225620 0.00660417 0.01885169 0.00790204 0.00488115 0.01248410 -0.02859514 0.01195540 -0.05417911
671.0  0.33638531 0.13823005 -0.01410761 -0.00671723 -0.03142701 -0.00710043 0.00149593 -0.01663984 -0.00002575 -0.03925836
671.5  0.53190673 -0.15956414 0.01036078 -0.02630509 -0.01563127 0.01121642 -0.01736104 0.00987904 -0.01383162 -0.01562012
672.0  -0.98233043 0.11701399 0.00447136 0.00650897 0.01749546 -0.00387765 0.02425589 0.02608721 0.01892993 0.00673448
672.5  0.57148311 -0.01709984 -0.01454804 0.03483171 -0.00240299 -0.01046797 -0.01634840 0.02911951 -0.01059880 0.02261847
673.0  0.36246064 -0.09808380 0.01081951 0.01412791 -0.01661719 0.00769343 -0.00558563 0.01886397 0.00614849 0.03925945
673.5  -0.96140177 0.16830419 0.00045350 -0.02461544 -0.00668176 0.00405604 0.02177257 -0.00078911 0.00202913 0.05206844
674.0  0.70392772 -0.15347569 -0.01366044 -0.03098965 0.01229908 -0.01460676 -0.02453550 -0.01990514 -0.00833694 0.05961815
674.5  0.14430829 0.05991857 0.01288772 0.00062918 0.01559847 0.01376506 0.01155358 -0.02962490 0.01105608 0.06028177
675.0  -0.86318278 0.06700482 -0.00344434 0.03270256 0.00144944 -0.00023316 0.00695476 -0.02271278 -0.01152777 0.05480195
675.5  0.88847907 -0.16533479 -0.00837428 0.02155121 -0.01409438 -0.01409428 -0.02124400 -0.00301580 0.00723111 0.04184219
676.0  -0.19707020 0.18213027 0.01212677 -0.01859837 -0.01303844 0.01825910 0.02202706 0.01649149 -0.00120966 0.02453136
676.5  -0.67034002 -0.09859507 -0.00685852 -0.03263490 0.00784908 -0.00974708 -0.00843938 0.02852584 -0.00384908 0.00714865
677.0  0.96396863 -0.04767511 -0.00426306 -0.00583161 0.01838168 -0.00682141 -0.00442946 0.02553276 0.01014688 -0.00833672
677.5  -0.36963671 0.16814343 0.01166992 0.02441122 0.00138860 0.01875906 0.01857516 0.01102294 -0.01228606 -0.02252965
678.0  -0.58066505 -0.17863738 -0.00692519 0.02315990 -0.02310833 -0.02187726 -0.02056467 -0.00418051 0.01197496 -0.03409171
678.5  0.97538119 0.07112199 -0.00449883 -0.00558088 -0.01739297 0.01304673 0.01157681 -0.02104951 -0.00810931 -0.04317833
679.0  -0.48036689 0.07750101 0.01166422 -0.02190100 0.01638454 0.00387122 -0.00506893 -0.02842955 0.00124665 -0.05357695
679.5  -0.40280429 -0.17509366 -0.00916119 -0.00871091 0.02898377 -0.02316066 0.00683653 -0.02401734 0.00475752 -0.05833060
680.0  0.94813675 0.17921902 -0.00469568 0.01599201 0.00300533 0.02674271 -0.01577896 -0.00928783 0.01034033 -0.05833360
680.5  -0.79401672 -0.09796706 0.01282304 0.01477729 -0.02878259 -0.02006949 0.00866860 0.01249040 -0.00581193 -0.05276471
681.0  0.07378847 -0.02971784 -0.00912593 -0.01176504 -0.02256904 -0.00322543 0.00713313 -0.02577943 -0.00136728 -0.04317737
681.5  -0.71196742 0.14711937 -0.00182653 -0.01404862 0.01610975 0.02727936 -0.00931171 0.02018250 0.00773046 -0.02854357
682.0  -0.96429908 -0.19028985 0.01181430 0.00849623 0.03148776 -0.03030530 -0.00852996 -0.00528345 -0.00681514 -0.01386344
682.5  -0.42645875 0.12966408 -0.01129204 0.01740621 0.00739372 0.00767357 0.01028436 -0.00874050 0.00160116 -0.00052162
683.0  0.48360403 0.00891652 -0.00129806 0.00550233 -0.02486509 0.01447640 0.00449045 0.01960768 0.00583679 0.01247228
683.5  0.97409935 -0.14264877 0.01284635 -0.01626649 -0.02696132 -0.02450862 -0.01896154 -0.02197114 -0.01190528 0.02682683
684.0  0.63837412 0.19020507 -0.01196926 -0.01569323 0.00435775 0.01722852 0.02175679 0.01501533 0.01397258 0.04174686
684.5  -0.20013107 -0.13962159 0.00116862 0.00644221 0.02939231 0.00486828 -0.00888640 -0.00272659 -0.01302953 0.05174152
685.0  -0.86768963 0.02611883 0.01113973 0.02161128 0.01748400 -0.02098273 -0.01294886 -0.01367361 0.00591648 0.05845268
685.5  -0.90669737 0.09785216 -0.01259970 0.00478753 -0.01820603 0.01642068 0.02575718 0.02203070 0.00401187 0.05985884
686.0  -0.31893347 -0.17545209 0.00664173 -0.02045932 -0.02837754 0.00227788 -0.01776275 -0.01872866 -0.01121024 0.05132191
686.5  0.49870015 0.18557591 0.00472092 -0.01556692 0.00124190 -0.01915458 -0.00545100 0.00497019 0.01634814 0.03259645
687.0  0.96788902 -0.11958169 -0.01334503 0.01154836 0.02741226 0.01617570 0.02498582 0.01057758 -0.01544580 0.01032926
687.5  0.68701365 -0.00535555 0.01010089 0.02233114 0.01698781 0.00187361 -0.02567515 -0.02005202 0.00738678 -0.01250754
688.0  -0.18299874 0.12895575 0.00116492 -0.00084078 -0.01555694 -0.01590954 0.00915261 0.02096609 -0.00031013 -0.03097505
688.5  -0.90327145 -0.18985392 -0.01187573 -0.02279914 -0.02779705 0.01637454 0.01404557 -0.01302253 -0.00723264 -0.04626142
689.0  -0.80812631 0.15674961 0.01116627 -0.01413865 -0.00479861 -0.00438232 -0.02902373 -0.00007087 0.01377184 -0.05639516
689.5  -0.00023210 -0.04956340 -0.00186499 0.01746263 0.02318444 -0.01432051 0.02299106 0.01378148 -0.01238630 -0.06259370
690.0  0.79246738 -0.07341308 -0.00842715 0.02762087 0.01618392 0.01938878 0.00017106 -0.02097901 0.00584127 -0.05961786
690.5  0.93536791 0.16401540 0.01347594 -0.00730978 -0.00889977 -0.00494683 -0.02073272 0.01719441 0.00420692 -0.04588891
691.0  0.34749648 -0.19094875 -0.00789682 -0.03451521 -0.00444494 -0.01686043 0.02537049 -0.00005447 -0.00917860 -0.02357325
691.5  -0.52039148 0.14777096 -0.00371359 -0.00936063 0.00578664 0.02488622 -0.01165457 -0.01460296 0.00255894 0.00267580
692.0  -0.97633195 -0.04616720 0.01121370 0.02977077 -0.00005255 -0.01309744 -0.00860447 0.02312741 0.00090454 0.03049203
692.5  -0.58115950 -0.08339842 -0.01116954 0.02498429 -0.01003329 0.00239731 0.02504276 0.01743476 -0.00766260 0.05096683
693.0  0.36691795 0.17585803 0.00619409 -0.01066601 -0.00405923 0.01289063 0.02989390 0.00737847 0.00165267 0.05961179
693.5  0.96731359 -0.18033682 0.00866614 -0.03048348 0.00747012 -0.01987829 -0.02207408 -0.00627144 -0.00253445 0.06144824
694.0  0.62232805 0.09668181 -0.01417989 -0.01096991 0.01037830 0.01962250 0.00118973 -0.01909544 0.00280910 0.05477773
694.5  -0.30295482 0.03360668 0.00513638 0.02296004 -0.00073151 -0.00620780 0.00486565 0.02582099 0.00168780 0.04005329
695.0  -0.93693422 -0.14402038 0.00876003 0.02517921 -0.01434564 -0.01011700 -0.00711779 -0.03224200 -0.00562259 0.01700649
695.5  -0.78775329 0.18900136 -0.01387380 -0.00743651 -0.00628999 0.01913030 0.01593841 0.02396489 0.00825842 -0.01150886
696.0  -0.04666125 -0.16783984 0.01020836 -0.02719824 0.01216639 -0.01134674 -0.01883076 0.00067131 -0.00629283 -0.04214420
696.5  0.71353429 0.09114610 -0.00005553 -0.00374599 0.01334649 -0.00642864 0.00845197 -0.02345904 -0.00101628 -0.06205008
697.0  0.97210742 0.01618144 -0.00935883 0.02494011 -0.00952353 0.01766362 0.00797652 0.03192719 0.00893725 -0.06594314
697.5  0.54671688 -0.11827804 0.01055608 0.01169089 -0.01889762 -0.01269460 -0.01810659 -0.02251009 -0.01270985 -0.05383812
698.0  -0.28477089 0.18312010 -0.00738448 -0.01741559 0.00363647 -0.00313998 0.01618039 -0.00139121 0.01033865 -0.03490750
698.5  -0.91185616 -0.17988195 -0.00258366 -0.01735185 0.02099423 0.01525867 -0.00270243 0.02203935 -0.00245814 -0.00969692
699.0  -0.83769442 0.10354421 0.01130905 0.00710033 0.00951834 -0.01489075 -0.01362090 -0.02994319 -0.00811037 0.01439647
699.5  -0.12411169 0.01319712 -0.01122736 0.02146605 -0.01611653 0.00244092 0.01964364 0.02315008 0.01756711 0.03884346
700.0  0.66591969 -0.12239248 0.00285139 0.00458400 -0.02036374 0.01427344 -0.00481347 -0.00278796 -0.01658314 0.05528598
700.5  0.97771263 0.18399528 0.00710781 -0.01752239 0.00930762 -0.00249556 -0.01660204 -0.01961258 0.00472320 0.06218676
701.0  0.64252837 -0.18228266 -0.01115173 -0.00419996 0.02760201 -0.01519294 0.01766637 0.02288302 0.01448443 0.05997528
701.5  -0.10951945 0.11621908 0.00925194 0.01466963 -0.00546426 0.01920843 -0.00803301 -0.00609018 -0.02611751 0.04278566
702.0  0.80563964 -0.00264157 -0.00061079 -0.01301171 -0.02601079 -0.00872193 -0.01348997 -0.00172067 0.01701831 0.01872009
702.5  -0.93366588 -0.12177778 -0.00901911 -0.01863291 -0.00469305 -0.00790511 0.02295304 -0.01052686 -0.00079827 -0.00681090
703.0  0.29945718 0.19233612 0.01060911 0.00505470 0.02048186 0.01965924 -0.01518497 0.02316967 -0.00590591 -0.02635351
703.5  0.62704660 -0.14899132 -0.00367907 0.02180941 0.02250388 -0.01977956 0.00048805 -0.02850914 0.00701500 -0.04085825
704.0  -0.96403731 0.00231216 -0.00556449 0.01357205 -0.00043823 0.00987840 0.01511359 0.02190888 -0.00754810 -0.05168287
704.5  0.34224298 0.14777746 0.00946502 -0.00855281 -0.02194202 0.00684168 -0.02018572 -0.00980476 0.00881953 -0.05695325
705.0  0.61217669 -0.19039799 -0.00315093 -0.02272063 -0.02115923 -0.02004858 0.01314548 -0.00660595 -0.01107825 -0.06065296
705.5  -0.97203747 0.10187468 -0.00683408 -0.01111783 0.00136765 0.02245899 0.00307945 0.01825864 0.01488708 -0.06041078
706.0  0.45743623 0.04664645 0.01004037 0.01418777 0.02263464 -0.01108114 -0.01865515 -0.02166744 -0.01625369 -0.05629808
706.5  0.43307882 -0.15910592 -0.00380835 0.02215613 0.01909163 -0.01156204 0.02387534 0.01445844 0.01205076 -0.04628293
707.0  -0.96334494 0.17665348 -0.00981194 0.00346770 -0.00581238 0.02631473 -0.01469234 -0.00300777 0.00012612 -0.03059798
707.5  0.71948374 -0.09679268 0.01128278 -0.01824015 -0.02190707 -0.02339029 -0.00605533 0.00179520 -0.01416500 -0.01307013
708.0  0.11818024 -0.03407453 -0.00352705 -0.01996801 -0.01026592 0.00513071 0.01870534 -0.01691872 0.02007601 0.00676808
708.5  -0.86899773 0.14220858 -0.00857642 0.00369070 0.01320895 0.01700289 -0.01745223 0.02769063 -0.01544967 0.02395274
709.0  0.86162619 -0.16420333 0.01194771 0.01343510 -0.02997038 -0.02872310 0.00457778 -0.02478325 0.00435597 0.03724870
709.5  -0.08157169 0.08911384 -0.00337974 0.01254663 0.01002136 0.01982093 0.01160031 0.00823215 0.00509370 0.04961152
710.0  -0.76236099 0.03339708 -0.00879292 -0.00725798 0.01969738 0.00314315 -0.01071862 0.01416826 -0.00765144 0.05815136
710.5  0.95060921 -0.13225002 0.01222760 -0.01735057 -0.02705620 -0.01691928 -0.00648050 -0.03123429 0.00274390 0.06273697
711.0  -0.39361357 0.16316350 -0.00491641 -0.00395408 -0.00099412 0.01381450 0.02159490 0.03421551 0.00480408 0.06099946
711.5  -0.43792561 -0.12192265 -0.00516793 0.01531491 0.02705492 0.00056447 -0.01961626 -0.01760826 -0.01118468 0.04925123
712.0  0.95371318 0.02965116 0.01096058 0.01301771 -0.01700012 -0.01070678 0.00230201 -0.00917527 0.01056085 0.02920028
712.5  -0.78989067 0.07661393 -0.00884558 -0.00678513 -0.01605709 0.00734458 0.01810207 0.03036408 -0.00301005 0.00409383
713.0  0.02086047 -0.15154400 -0.00034481 -0.01870963 0.02853565 0.00462726 -0.02507272 -0.03370892 -0.00769449 -0.02033504
713.5  0.78777143 0.15289660 0.00945494 -0.00406175 -0.00536580 -0.01210067 0.01558061 0.02013778 0.01524932 -0.04091297
714.0  -0.92623697 -0.07198076 -0.00988211 0.01518319 -0.02327618 0.00708164 0.00356503 0.00231973 -0.01631677 -0.05567784
714.5  0.22570717 -0.04685903 0.00129678 0.01549824 0.02611316 0.00729828 -0.01996075 -0.02276316 0.01047745 -0.06225043
715.0  0.67804284 0.13369097 0.00866892 -0.00248125 0.00375631 -0.01909639 0.02335594 0.03146801 0.00012662 -0.06323473
715.5  -0.97274576 -0.14652218 -0.01128826 -0.01862885 -0.02920185 0.01602556 -0.01237175 -0.02431409 -0.01089958 -0.05613919
716.0  0.45528426 0.09364634 0.00501623 -0.00699681 0.01660296 0.00268316 -0.00605732 0.00521123 0.01603070 -0.03905211
716.5  0.40166025 -0.01190248 0.00530287 0.00991288 0.01696019 -0.02275603 0.01917005 0.01582301 -0.01295124 -0.01444554
717.0  -0.94922347 -0.06419144 -0.01332170 0.01285490 -0.02736213 0.02765159 -0.01795624 -0.02539995 0.00169930 0.01468117
717.5  0.82220099 0.11464911 0.01088671 -0.00227103 -0.00332012 -0.01096343 0.00318581 0.01802262 0.01077067 0.04123945
718.0  -0.10972998 -0.12994766 -0.00314312 -0.01636005 0.02933915 -0.01764315 0.01277015 -0.00270748 -0.01483924 0.05842422
718.5  -0.69829122 0.10688513 -0.01101410 -0.00401742 -0.01096104 0.03867031 -0.01456430 -0.00579795 0.00862061 0.06362341
719.0  0.97763304 -0.04753473 0.01707221 0.01351736 -0.02270374 -0.03466847 0.00190449 0.00221330 0.00343019 0.05731876
719.5  -0.44881015 -0.03322683 -0.00905832 0.01208323 0.02396635 0.00641906 0.00964976 -0.00088505 -0.01239918 0.04174132
720.0  -0.47225595 0.10657589 -0.00408537 -0.00590161 0.00703774 0.02401824 -0.00857802 0.00827058 0.01714789 0.02170068
720.5  0.98106831 -0.13921973 0.01674027 -0.01784514 -0.02712213 -0.03490448 -0.00123113 -0.01723311 -0.01862309 -0.00289679
721.0  -0.65942676 0.11516340 -0.01490026 -0.00181391 0.01110621 0.02101688 0.01172096 0.01674556 0.01425763 -0.02682098
721.5  -0.18040164 -0.04538761 0.00195429 0.01331530 0.02380343 0.00711424 -0.01310727 -0.00597258 -0.00308910 -0.05026883
722.0  0.86869616 -0.04291239 0.01055175 0.01128779 -0.02491202 -0.02771834 0.00413853 -0.00825671 -0.01079349 -0.06169933
722.5  -0.90725688 0.11820427 -0.01456642 -0.00616462 -0.00913802 0.02331032 0.00903013 0.01705845 0.02154279 -0.05899829
723.0  0.25695746 -0.15069078 0.00791590 -0.01589976 0.03100485 0.00064736 -0.01607840 -0.01576212 -0.02500304 -0.04369077
723.5  0.61435315 0.12175013 0.00295841 -0.00191253 -0.01070589 -0.02281735 0.01153932 0.00434161 0.01947232 -0.02064972
724.0  -0.98198125 -0.03489029 -0.01053809 0.01420267 -0.02258753 0.02698344 0.00047022 0.00921104 -0.00721278 0.00305376
724.5  0.47014406 -0.07215920 0.01029642 0.00958668 0.02915638 -0.01213434 -0.01174917 -0.01761774 -0.00741067 0.02511691
725.0  0.47968564 0.14374995 -0.00218449 -0.00598103 -0.00032169 -0.01173047 0.01324566 0.01618033 0.02062626 0.04280387
725.5  -0.98212724 -0.14109192 -0.00692728 -0.01449454 -0.02850088 0.02818310 -0.00706514 -0.00347731 -0.02753063 0.05549855
726.0  0.61385856 0.06839354 0.01090304 -0.00392057 0.02174773 -0.02335307 -0.00310094 -0.01388983 0.02394335 0.06390957
726.5  0.24521062 0.03670831 -0.00555497 0.01188604 0.00927422 -0.00044034 0.00877538 0.02246498 -0.00802948 0.06168337
727.0  0.89276210 -0.12755899 -0.00468480 0.01291700 -0.02928895 0.02355946 -0.00861482 -0.00698634 -0.01216683 0.05084288
727.5  0.89473832 0.15892016 0.01004176 -0.00456877 0.00692908 -0.02362686 -0.00070382 -0.02174112 0.02095562 0.03037011
728.0  0.28390405 -0.13600622 -0.00937843 -0.01420365 0.02752646 0.00005004 0.01525205 0.03099572 -0.00925044 0.00574014
728.5  -0.52614341 0.05527960 0.00026800 -0.00513930 -0.01952301 0.02200616 -0.01212681 -0.01012697 -0.00483296 -0.01941960
729.0  -0.97559066 0.05739351 0.00893877 0.01094937 -0.01440493 -0.01766752 -0.01341887 -0.01583955 0.00583761 -0.04021245
729.5  -0.68655196 -0.13835405 -0.00985539 0.01311902 0.02689098 -0.01410348 0.02028396 0.02890454 0.00193840 -0.05129391
730.0  0.17654360 0.15667095 0.00317855 -0.00485144 -0.00705300 0.02943482 -0.00147842 -0.02194652 -0.00982177 -0.05865099
730.5  0.89791259 -0.08774203 0.00707289 -0.01577512 -0.01946208 -0.01830295 -0.01637200 0.00510086 0.01163342 -0.06117820
731.0  0.83604608 -0.04138139 -0.01045437 -0.00830458 0.02428867 -0.00731291 0.02112703 0.01095231 -0.00819943 -0.05945068
731.5  0.05788643 0.13689012 0.00347045 0.00718310 -0.00461002 0.03051676 -0.01209790 -0.02027843 -0.00182883 -0.05124024
732.0  -0.75843083 -0.15589696 0.00623193 0.01531878 -0.02440810 -0.02991171 -0.00593450 0.01819439 0.00975417 -0.03686515
732.5  -0.95576448 0.09620443 -0.01016100 0.00569087 0.02341359 0.00535648 0.01979753 -0.00629871 -0.01352084 -0.01903165
733.0  -0.39024493 0.02527249 0.00537162 -0.01256769 0.00891307 0.02296091 -0.01937146 -0.00663590 0.01413309 0.00220763
733.5  0.50414542 -0.13098843 0.00240305 -0.01874195 -0.02738833 -0.03588040 0.00552035 0.01538426 -0.00677165 0.02120794
734.0  0.98190906 0.15680135 -0.01135754 0.00697141 0.01743336 0.02265051 0.01253920 -0.01451801 -0.00145853 0.03615904
734.5  0.56649825 -0.08525503 0.00582672 0.01775472 0.01139318 0.00711417 -0.02200011 0.00418984 0.00571945 0.04883549
735.0  -0.39746345 -0.05080725 0.00457767 0.01117154 -0.02775461 -0.03062098 0.01829648 0.00620201 -0.01123077 0.05814520
735.5  -0.97541908 0.15124949 -0.01014704 -0.00403910 0.01641231 0.03831433 -0.00233621 -0.01271159 0.01175221 0.06326537
736.0  -0.61752224 -0.14391198 0.00423463 -0.01623421 0.01109482 -0.02467694 -0.01511878 0.00665806 -0.00729160 0.06629600
736.5  0.29004045 0.04638748 0.00631712 -0.01425886 -0.02675013 -0.01100550 0.01918658 0.00114087 0.00360466 0.06306920
737.0  0.92822567 0.07380026 -0.00995896 0.00615093 0.01230733 0.03640670 -0.00000206 -0.00865606 -0.00095472 0.05574787
737.5  0.83205171 -0.14886733 0.00450314 0.01952577 0.01762842 0.03805237 -0.01764176 0.00579721 -0.00264541 0.04243764
738.0  0.13899218 0.15531418 0.00367093 0.00264937 -0.02763543 0.01603511 -0.01745724 -0.01285251 0.00695794 0.02089795
738.5  -0.64269949 -0.09616119 -0.00932710 -0.01416066 0.00144653 -0.01317016 -0.02378760 0.00499704 -0.00555800 -0.00427821
739.0  -0.98255077 -0.00662766 0.00799124 -0.00869206 0.02856645 -0.02567918 -0.03041342 0.00253482 0.00647340 -0.02809295
739.5  -0.62029528 0.10067611 0.00028251 0.00613135 -0.01663819 -0.02524733 -0.01662577 -0.01008853 -0.00643605 -0.05039841
740.0  0.22428735 -0.15829803 -0.00811685 0.01676546 -0.01652067 -0.01033765 0.01200197 0.01291001 0.00385713 -0.06337293
740.5  0.90309940 0.14615485 0.00945427 0.00535943 0.02683185 0.00933642 0.03477099 -0.00914317 -0.00044322 -0.06914023
741.0  0.84038298 -0.05724972 -0.00255367 -0.01550667 -0.00430407 0.01924277 0.03478422 0.00242625 -0.00125179 -0.06675906
741.5  0.08085916 -0.04628340 -0.00591290 -0.01503800 -0.02643132 0.01446320 0.01120769 0.00478031 0.00631851 -0.05475077
742.0  -0.73458102 0.12871356 0.00968471 0.00458692 0.02438649 -0.00261104 -0.02108123 -0.01056298 -0.00762036 -0.03151106
742.5  -0.96620390 -0.16662759 -0.00674285 0.01720564 0.01099238 -0.01573698 -0.03923593 0.01171072 0.00828200 -0.00023108
743.0  -0.47203799 0.12976264 -0.00204310 0.00301425 -0.03093736 -0.01223016 -0.02703478 -0.00683696 -0.00746860 0.03308997
743.5  0.37942896 -0.05394087 0.00890968 -0.01647820 0.00564868 0.00071383 0.00747593 -0.00100480 0.00380411 0.05949771
744.0  0.95068179 -0.04060054 -0.00773802 -0.01091385 0.02529197 0.01167267 0.03631784 0.00766942 0.00171901 0.07171442
744.5  0.75423763 0.13397394 0.00423822 0.01026987 -0.02210971 0.01026245 0.03797568 -0.01246193 -0.00550335 0.07015370
745.0  -0.10376858 -0.16161501 0.00516546 0.01808519 -0.00870264 0.00206866 0.01416938 0.00937273 0.00912546 0.05804641
745.5  -0.88077334 0.11348287 -0.00824635 0.00489355 0.03085107 -0.00448621 -0.01890580 -0.00390488 -0.00965572 0.03918576
746.0  -0.83737438 -0.01599762 0.00450877 -0.01435895 -0.01385846 -0.00333352 -0.04138041 -0.00274268 0.00852417 0.01675850
746.5  -0.02304667 -0.09581678 0.00282707 -0.01524331 -0.01941197 0.00566679 -0.03813199 0.01103157 -0.00225997 -0.01089739
747.0  0.79664580 0.15850045 -0.00810944 0.02339540 0.02280540 0.00548902 -0.01127385 -0.00952399 -0.00484193 -0.03692378
747.5  -0.93435872 -0.14683770 0.00639650 0.01820474 0.00068627 -0.01381664 0.01759015 -0.00034539 0.00862542 -0.05991859
748.0  0.33614420 0.07869661 -0.00084605 0.00486796 -0.03342312 -0.02506267 0.03303716 -0.01171170 0.00123502 -0.07562813
748.5  0.50371404 0.01381782 -0.00524252 -0.01498408 0.01593793 -0.02000672 -0.02165605 -0.02304008 0.00216205 -0.07330382
749.0  -0.97209647 -0.09899470 0.00601665 -0.01217912 0.02411611 0.00058902 -0.00346078 0.00573984 0.00740582 -0.05669567
749.5  0.72802244 0.14844621 -0.00221303 0.00900717 -0.02875233 0.02697220 -0.00045341 0.01828594 -0.00867855 -0.02945352
750.0  0.07454386 -0.14035374 -0.00252551 0.01671479 -0.00520896 -0.03469816 0.00485812 -0.02824563 0.00423732 0.00286499
750.5  -0.83160251 0.06939674 0.00343454 0.00048890 0.03188540 0.01490984 -0.00555104 0.02280749 0.00128005 0.03319005
751.0  0.91114609 0.03796204 -0.00359851 -0.01600329 -0.01773998 0.01717746 0.00413672 -0.00798320 -0.00557894 0.05755007
751.5  -0.23001166 -0.12732372 -0.00044600 -0.01041071 -0.01848719 -0.03668578 -0.00116220 -0.01004546 0.00706891 0.07259474
752.0  -0.63178604 0.15077477 0.00491455 0.00917685 0.03040480 0.02658041 -0.00290435 0.02248728 -0.00577537 0.07735988
752.5  0.98346505 -0.10072752 -0.00466602 0.01633205 -0.00303041 0.00680823 0.00652773 -0.02649641 0.00220660 0.06805728
753.0  -0.60377936 0.00847231 0.00071762 0.00216211 -0.02978696 -0.03546663 -0.00671472 0.01720912 0.00252797 0.04875529
753.5  -0.19580026 0.07895027 0.00378846 -0.01583476 0.02229726 0.03094214 0.00287718 -0.00061227 -0.00545384 0.02062647
754.0  0.86094911 -0.12508250 -0.00631669 -0.00919550 0.01603753 0.00269246 0.00499529 -0.01752853 0.00499913 -0.00997111
754.5  -0.92126893 0.11283663 0.00290561 0.00969574 -0.03141210 -0.03241735 -0.01192905 0.02895926 -0.00112286 -0.03676037
755.0  0.28332723 -0.05185308 0.00272741 0.01485530 0.00590154 0.03296163 0.01209315 -0.02537131 -0.00355657 -0.05464178
755.5  0.60211341 -0.02438538 -0.00548570 0.00312411 0.02409943 -0.00762930 -0.00286406 0.01328373 0.00645197 -0.06581763
756.0  -0.98979165 0.07613706 0.00392375 -0.01385189 -0.02524439 -0.01647151 -0.01527136 0.00663242 -0.00580935 -0.07152156
756.5  0.50793935 -0.08357417 0.00173043 -0.01425044 -0.00169169 0.02002482 0.03076225 -0.02444919 -0.00158737 -0.07360397
757.0  0.42311633 0.05376020 -0.00681901 0.00291438 0.02777533 -0.00715871 -0.02491502 0.03176456 0.01129208 -0.07225214
757.5  -0.97921903 -0.00675580 0.00406549 0.01665627 -0.02361950 -0.00146281 -0.00004065 -0.02103397 -0.01705453 -0.06716274
758.0  0.70306706 -0.03989717 0.00283717 0.01226294 -0.00991657 0.00319058 0.02391600 -0.00014077 0.00894950 -0.05849508
758.5  0.14713836 0.07304115 -0.00590033 0.00016960 0.02958718 -0.00006386 -0.02933934 0.01804416 0.01302178 -0.04220374
759.0  -0.87596370 -0.07712977 0.00257191 -0.01864915 -0.01760762 -0.00122203 -0.01733917 -0.02384868 -0.02772410 -0.02393079
759.5  0.89213135 0.04155630 0.00345272 -0.00596134 -0.01241565 0.00030493 0.00929458 -0.02297573 0.02302778 -0.00433899
760.0  -0.15502120 0.02452810 -0.00560626 0.01134392 0.03035119 -0.00150960 0.01995361 0.00469384 -0.01893273 0.01689220
760.5  -0.73145691 -0.08451205 -0.00079047 0.01526765 -0.01831140 0.00054340 0.01757506 0.02293646 0.00684691 0.03446099
761.0  0.95499266 0.09222425 0.00398414 0.00469809 -0.01163992 0.00022912 0.00448754 0.03288562 0.01186639 0.04865142
761.5  -0.27445818 -0.03437057 -0.00524724 -0.01083401 0.02754041 0.00129512 -0.00860133 0.02971491 -0.02193700 0.06026527
762.0  -0.66146022 -0.04827071 0.00044209 -0.01497880 -0.01785925 0.00390835 -0.01633732 0.01325817 0.03003507 0.06909360
762.5  0.98032547 0.09604697 0.00502635 -0.00271889 -0.01158249 -0.00055997 -0.01775358 -0.00605417 -0.02717140 0.07240191
763.0  -0.45935246 -0.08604392 -0.00477147 0.01264540 0.02768846 -0.00107817 -0.01164426 -0.02678622 0.01507180 0.06846823
763.5  -0.40690118 0.03524942 0.00236766 0.01205796 -0.00882715 -0.00012297 -0.00098616 -0.03308979 0.00176528 0.05785322
764.0  0.95572804 0.02328984 0.00060655 -0.00413894 -0.02127241 -0.00189464 0.01152150 -0.02259571 -0.02123777 0.03623489
764.5  -0.81751320 -0.06751240 -0.00221184 -0.01227623 0.02267890 0.00200822 0.01936122 -0.00095457 0.02848630 0.00619233
765.0  0.08393787 0.08647667 0.00310536 -0.00335233 0.00950247 0.00238776 0.01010787 0.02628784 -0.02295598 -0.02031645
765.5  0.72775028 -0.07727828 -0.00337418 0.00297640 -0.02931253 -0.00088203 -0.00876335 0.03251426 0.01282753 -0.04312577
766.0  -0.97449136 0.04110903 0.00191159 0.01312691 0.00212345 -0.00455279 -0.02352571 0.01455689 0.01552785 -0.06034765
766.5  0.41546035 0.01474180 0.00253983 -0.01187893 0.02271539 -0.00797307 -0.01547675 -0.00162178 -0.02577668 -0.06543719
767.0  0.49489167 -0.07479754 -0.00494786 -0.01974027 -0.01844025 0.00716039 0.00492982 -0.02236388 0.02583905 -0.06602006
767.5  -0.98449406 0.11225730 0.00293471 0.00078147 -0.01064121 0.00149865 0.02930140 -0.01725695 -0.01971464 -0.05898253
768.0  0.66976066 -0.10392027 0.00135332 0.01963529 0.02481813 -0.00144830 0.03206671 -0.00262773 0.00331721 -0.04256129
768.5  0.16050459 0.04760823 -0.00341983 0.00944466 -0.00300008 0.00586654 0.01347057 0.01232352 0.01464718 -0.01623506
769.0  -0.85814768 0.03812524 0.00346739 -0.01668345 -0.02234427 -0.00597451 -0.01418180 0.01804234 -0.02577450 0.01554684
769.5  0.91689803 -0.11775840 -0.00024367 -0.01690715 0.01405525 0.00012421 -0.03405000 0.01096503 0.02730172 0.04466105
770.0  -0.29064467 0.15303324 -0.00355153 0.01077445 0.01460708 0.00334034 -0.03067269 -0.00064722 -0.01638032 0.06408155
770.5  -0.57066072 -0.12040245 0.00316169 0.02178821 -0.02148648 -0.00567218 -0.01058776 -0.01328348 -0.00093474 0.07009665
771.0  0.98342605 0.02674462 -0.00006382 0.00112632 -0.00268056 0.00406274 0.01404690 -0.01930450 0.01701639 0.06024521
771.5  -0.55619366 0.08301960 -0.00429743 -0.01930527 0.02358161 0.00114969 0.03008100 -0.01896075 -0.02758340 0.04089188
772.0  -0.37376928 -0.14798476 0.00230029 -0.01462578 -0.00978488 -0.00509437 0.03170235 -0.01277398 0.02748617 0.01618134
772.5  0.96676810 0.13281495 0.00090994 0.00853768 -0.01592424 0.00593492 0.02094881 0.00288344 -0.01928731 -0.01100985
773.0  -0.70075778 -0.05537028 -0.00259461 0.02067854 0.02035715 -0.00473358 0.00095093 0.01814020 0.00402023 -0.03640693
773.5  -0.14856158 -0.03785225 0.00182275 0.00324749 0.00142599 -0.00057202 -0.01654403 0.02795147 0.01860874 -0.05742663
774.0  0.86322662 0.10693135 -0.00191235 -0.02149429 -0.02190989 0.00967493 -0.02294584 0.02776931 -0.02701898 -0.06794466
774.5  -0.91220946 -0.13246678 0.00142695 -0.01265860 0.01298267 -0.00623773 -0.02231431 0.00111131 0.02601002 -0.06377996
775.0  0.27287051 0.10886848 0.00111166 0.01750528 0.01262802 0.00740222 0.00037321 -0.01627341 -0.01465934 -0.04828238
775.5  0.58684811 -0.04222537 -0.00414570 0.01221181 -0.02122746 -0.00440924 -0.02074083 -0.03039931 -0.00591420 -0.02363360
776.0  -0.98703753 -0.04684434 0.00441113 -0.00560184 -0.00257939 0.00814529 0.03379378 -0.02547486 0.01214150 0.00148720
776.5  0.55130735 0.11760170 -0.00044253 -0.01432933 0.02422959 -0.00613867 -0.02588854 -0.00642021 -0.02017192 0.02373195
777.0  0.37607110 -0.12654775 -0.00414240 -0.00454045 -0.01053270 -0.00521777 0.00694756 0.01283563 0.01916333 0.04328298
777.5  -0.96790736 0.06253166 0.00622223 0.01384477 -0.01408780 0.01914079 0.01212437 0.02910725 -0.01121744 0.05859749
778.0  0.70744115 0.03647910 -0.00328012 0.01419582 0.02123837 -0.02596425 -0.02442111 0.02836524 0.00365437 0.06989027
778.5  0.14202423 -0.11006229 -0.00333751 -0.00492909 -0.00163358 0.01275667 0.02199737 0.01539096 0.00764822 0.07221131
779.0  -0.86226494 0.11912235 0.00624875 -0.01684762 -0.01800150 0.01097664 -0.00763295 -0.00585715 -0.01499293 0.06598289
779.5  0.91743096 -0.06754263 -0.00315451 -0.00567686 0.01428616 -0.02757828 -0.00982060 -0.02520372 0.01814428 0.05001836
780.0  -0.29979478 -0.00968572 -0.00165314 0.01475733 0.00949367 0.02329928 0.01937423 -0.02879753 -0.01683666 0.02584339
780.5  -0.53732450 0.07063521 0.00297659 0.01396690 -0.01979164 0.00300907 -0.01660042 -0.01870648 0.00834998 -0.00195195
781.0  0.98642888 -0.08832410 0.00004007 -0.00429001 0.00473939 -0.02544161 0.00430009 0.00186605 0.00184077 -0.02853117
781.5  -0.68544312 0.06137908 -0.00179709 -0.01571320 0.01672878 0.02743547 0.00869434 0.02243504 -0.01249347 -0.04939067
782.0  -0.16768009 -0.01293011 0.00158033 -0.00824761 -0.02034582 -0.01015301 -0.01461826 0.02775809 0.02165365 -0.06440894
782.5  0.89058324 -0.02748509 -0.00026549 0.00994862 0.00016936 -0.01553387 0.01410556 0.02282068 -0.02232960 -0.07157289
783.0  -0.88439109 0.04523114 -0.00133400 0.01635163 0.02073385 0.02930915 -0.00699492 0.00714264 0.01754448 -0.07120109
783.5  0.17834619 -0.04506393 0.00250391 0.00294642 -0.01708112 -0.02301258 -0.00286964 -0.01446006 -0.00603174 -0.06402477
784.0  0.64808439 0.03546577 -0.00116671 -0.01846549 -0.00686404 0.00413465 0.01059572 -0.02471126 -0.01084468 -0.04833520
784.5  -0.99479456 -0.02005736 -0.00078351 -0.01290078 0.02375521 0.01859366 -0.01794583 -0.02458496 0.02017339 -0.02646308
785.0  0.63591238 -0.00480430 0.00222336 0.00985279 -0.00819155 -0.02249676 0.02070661 -0.01236340 -0.02605398 -0.00594261
785.5  0.19017209 0.03572005 -0.00176518 0.01646964 -0.02002910 0.01600406 -0.01123233 0.00651446 0.01841803 0.01649172
786.0  -0.89265387 -0.05905658 0.00076363 0.00395253 0.01940255 -0.00688006 -0.00438241 0.02105645 -0.00119030 0.03530331
786.5  0.86621940 0.05212730 0.00066430 -0.01589323 0.00518401 -0.00627153 0.02688497 0.01731414 -0.01083298 0.04833598
787.0  -0.04939180 -0.00706506 -0.00178307 -0.01795735 -0.02439743 0.01391729 -0.02556794 0.01779308 0.02485421 0.05776306
787.5  -0.82847500 -0.04932850 0.00115022 0.00309316 0.01940091 -0.01713299 0.01957627 0.00486898 -0.02492770 0.06452144
788.0  0.88999217 0.07214917 0.00189572 0.02079255 0.00819002 0.01012388 -0.00345133 -0.00901185 0.02121851 0.06679561
788.5  -0.07615485 -0.04289067 -0.00285038 0.01386772 -0.02773080 0.00596038 -0.01209358 -0.01701977 -0.01425100 0.06641557
789.0  -0.79843327 -0.01248598 -0.00126718 -0.00871928 0.01939076 -0.02179401 0.01692533 -0.02196616 0.00053958 0.06327441
789.5  0.93579357 0.05608453 0.00363019 -0.02152029 0.01154144 0.02714070 -0.01323604 -0.01514549 0.01084373 0.05571490
790.0  -0.26941645 -0.06668985 -0.00208028 -0.00879311 -0.02695407 -0.01480792 0.00353677 -0.00186174 -0.02156724 0.04103169
790.5  -0.60950317 0.04835154 -0.00156243 0.01836356 0.00714762 -0.00776173 0.00767328 0.01176892 0.02436828 0.02064544
791.0  0.99386498 -0.01446085 0.00473252 0.02496170 0.01238834 0.02400962 -0.01694992 0.02189946 -0.01759690 -0.00413227
791.5  -0.57955862 -0.02440936 -0.00373319 -0.00553579 -0.02449326 -0.00826203 0.02874934 0.01831251 0.00513280 -0.02843324
792.0  -0.31108709 0.06002034 -0.00084392 -0.01987096 -0.00222131 -0.00026671 -0.01360769 0.00825886 0.01144011 -0.04799268
792.5  0.94741208 -0.07977003 0.00477194 -0.00802716 0.02824811 -0.00143326 -0.00893474 -0.00008754 -0.02268032 -0.06112257
793.0  -0.79556281 0.06868782 -0.00566269 0.01230633 -0.01666609 0.00416767 0.02774195 -0.02414951 0.01175581 -0.06792620
793.5  0.00320012 -0.02210953 0.00114985 0.01449952 -0.01799522 -0.00213847 -0.02897820 0.02448599 0.01067632 -0.06357525
794.0  0.77220248 -0.04482050 0.00356796 0.00210596 0.02487086 -0.00102297 0.00940067 0.01295059 -0.01614663 -0.04666555
794.5  -0.97097557 0.10293729 -0.00388822 -0.01885512 0.00561839 -0.00711000 0.01803763 -0.00802836 0.01591032 -0.01974190
795.0  -0.50503388 -0.12619699 0.00178942 -0.01554362 -0.02584614 0.02047130 -0.02708590 -0.01981392 -0.00581261 0.01306153
795.5  0.29417743 0.10161581 0.00006100 0.01076300 0.00639510 -0.01193079 0.01644668 -0.02277431 -0.00936507 0.04301778
796.0  0.90664585 -0.04228921 -0.00184662 0.02019806 0.02443137 -0.01090567 0.00241061 -0.01435610 0.01535583 0.06331367
796.5  0.87470774 -0.02310126 0.00430806 -0.00380655 -0.01949897 0.02679106 -0.01639111 0.00217217 -0.01732636 0.06886950
797.0  0.14603805 0.09568467 -0.00422074 -0.01918503 -0.01579727 -0.02152816 0.01560177 0.01651512 0.01237265 0.06172112
797.5  -0.72704244 -0.12584372 -0.00283935 -0.00894851 0.02566923 -0.00128913 -0.00907620 0.02417886 -0.00405673 0.04572975
798.0  -0.95657680 0.09085871 0.00424958 0.01216358 -0.00381042 0.02365685 -0.00160711 0.02074297 -0.00385718 0.02344760
798.5  -0.30267010 -0.01834299 -0.00326203 0.01843371 -0.02313116 -0.02906389 0.01304422 0.00878302 0.01113800 -0.00241984
799.0  0.62075981 -0.06578072 -0.00126420 0.00033602 0.02070349 0.01224219 -0.01383125 -0.00633751 -0.01664208 -0.02916044
799.5  0.98561620 0.11901847 0.00458810 -0.01814368 0.00765065 0.01439830 0.00783828 -0.01959455 0.01698807 -0.05197282
800.0  0.52924105 -0.11521614 -0.00462469 -0.01141198 -0.02565244 -0.02921945 0.00078119 -0.02305803 -0.01252143 -0.06555247
800.5  -0.33232111 0.06733273 0.00086371 0.01522034 0.01133741 0.02004897 -0.01179065 -0.01420949 0.00309531 -0.06872489
801.0  -0.93327695 0.00604317 0.00380434 0.01807372 0.02200068 0.00565036 0.01387955 0.00173083 0.00637026 -0.05653696
801.5  -0.83895274 -0.07648884 -0.00512081 -0.00694023 -0.02566811 -0.02679556 -0.00699974 0.01722271 -0.01531481 -0.03294475
802.0  -0.10821714 0.11961806 0.00375240 -0.01925491 -0.00970492 0.02672358 -0.00043261 0.02142660 0.01681109 -0.00148509
802.5  0.71788879 -0.11418551 0.00023890 -0.00700763 0.02910886 -0.00871369 0.01066564 0.01557348 -0.01145934 0.02771106
803.0  0.97187084 0.05486310 -0.00656214 0.01488247 -0.01041722 -0.01099984 -0.01523640 0.00245158 0.00430507 0.05026322
803.5  0.42346693 0.02403195 0.00539363 0.01498511 -0.02236335 0.02313856 0.00697384 -0.02615840 0.00396779 0.06459786
804.0  -0.46750502 -0.09484840 -0.00061442 0.01069965 0.02475821 -0.03074126 0.00436857 -0.01301631 -0.01846411 0.06968116
804.5  -0.97425910 0.12651113 -0.00455122 -0.01731420 0.00475065 0.00836811 0.01773948 -0.00781777 0.01231468 0.06546302
805.0  -0.74506847 -0.09700749 0.00607697 -0.00608724 -0.02909964 0.01584311 0.00802000 0.01140620 -0.00849332 0.05213193
805.5  0.01171643 0.03953939 -0.00309057 0.01664159 0.01747077 -0.02887828 -0.01423617 0.01517270 -0.00025991 0.02982338
806.0  0.75941891 0.03419126 -0.00163184 0.01169417 0.02227946 0.02468049 -0.01899347 0.00697691 0.01175955 0.00231543
806.5  0.96979055 -0.10580053 0.00663207 -0.00932363 -0.02825031 0.00535136 -0.01548441 -0.00041688 -0.01534813 -0.02464055
807.0  0.43709054 0.12002633 -0.00562404 -0.01761477 -0.00708327 -0.03015733 -0.00007485 -0.00786111 0.01314007 -0.04403628
807.5  -0.48295494 -0.07962624 -0.00074250 -0.00427185 0.03017796 0.02738894 0.01610505 -0.01112400 -0.00745782 -0.05878835
808.0  -0.98694721 -0.00506109 0.00610080 0.01427654 -0.01950773 -0.00692139 0.02079044 -0.00799579 0.00069900 -0.06698524
808.5  -0.55006250 0.10059434 -0.00568185 0.01589322 -0.01371343 -0.01563793 0.01527661 -0.00357145 0.00622294 -0.07105960
809.0  0.42693119 -0.12260941 -0.00124761 0.00009172 0.03602655 0.02892741 0.00148975 0.00131362 -0.01056292 -0.07224954
809.5  0.98341216 0.05919391 0.00655602 -0.01616704 -0.01818550 -0.02188487 -0.01483623 0.00675869 0.01325962 -0.07108690
810.0  0.61461811 0.03203216 -0.00544317 -0.01272954 -0.02084458 0.00083324 -0.02126204 0.00825794 -0.01399704 -0.06310835
810.5  -0.28819318 -0.10821039 -0.00069933 0.00624522 0.03630735 0.02167101 -0.01455684 0.00757636 0.01108469 -0.05334053
811.0  -0.93272450 0.12095449 0.00809467 0.01567331 -0.00856677 -0.02782934 0.00010177 0.00412286 -0.00441775 -0.04071741
811.5  -0.82429834 -0.06066251 -0.00648650 0.00739261 -0.02964106 0.00979174 0.01708230 -0.00184276 -0.00168751 -0.02861514
812.0  -0.06758310 -0.02758956 -0.00065993 -0.01077326 0.02960524 0.01346412 0.02234475 -0.00678298 0.00805660 -0.01271308
812.5  0.74861430 0.10281839 0.00682365 -0.01580783 0.00749606 -0.03038394 0.00853450 -0.00835049 -0.01248642 0.00435601
813.0  0.96197695 -0.12155814 -0.00675822 -0.00247699 -0.03489324 0.02065077 -0.00062923 -0.00720303 0.01246744 0.02239449
813.5  0.36862832 0.06685418 0.00013714 0.01447381 0.01944194 0.00327810 -0.01839557 -0.00201731 -0.00925436 0.03702483
814.0  -0.53795265 0.02666922 0.00634390 0.01423423 0.01621137 -0.01988951 -0.02318863 0.00200941 0.00329533 0.05094981
814.5  -0.98682888 -0.10419283 -0.00737400 -0.00745893 -0.03388069 0.02758430 -0.01447127 0.00571353 0.00684207 0.06170071
815.0  -0.64709177 0.12115202 0.00184606 -0.01940618 0.00950901 -0.01508844 -0.00100893 0.00987825 -0.01158740 0.06541234
815.5  0.16161788 -0.08171781 0.00511631 0.01554096 0.02517833 -0.00601749 0.01455980 -0.01430746 0.01400387 0.06195696
816.0  0.84066468 0.00922804 -0.00769242 0.00697205 -0.03426577 0.02333638 -0.02321294 0.00797760 0.00398140 0.05044833
816.5  -0.94612409 0.07134362 0.00526571 -0.02171882 -0.00205167 -0.02349499 0.01660250 -0.00182336 -0.00294459 0.02920651
817.0  0.39836050 -0.12228198 0.00157651 0.00498624 0.03606932 -0.00936957 0.00226926 -0.01167100 -0.00754382 -0.00005912
817.5  0.45612091 0.11388887 -0.00850208 0.01898211 -0.01917263 0.00002332 0.02351721 -0.01571732 -0.01032254 -0.02654664
818.0  -0.97572008 -0.04244054 0.00949641 -0.01683990 -0.02123237 0.00696737 0.03560526 -0.01005715 -0.00862111 -0.04674732
818.5  0.67905237 -0.05552399 -0.00229077 -0.00735806 0.03486931 0.01106583 0.02583170 0.00120116 -0.00484447 -0.05911639
819.0  0.22875460 0.11819524 -0.00804440 0.02280871 -0.00794387 0.00898860 0.00231013 0.00913836 0.00137594 -0.06355585
819.5  -0.93188423 -0.10624997 0.01100426 -0.01026051 -0.02815538 0.00162746 -0.02359546 0.00952472 0.00767937 -0.06222652
820.0  0.79113615 0.03454142 -0.00381799 -0.01491225 0.03045697 -0.00830820 -0.03682021 0.00117235 0.01075948 -0.05267389
820.5  0.03690903 0.04610255 -0.00576255 0.02060592 0.00566895 -0.01374531 -0.02602812 -0.00964222 0.01178386 -0.03749673
821.0  -0.82122797 -0.09303761 0.00936100 0.00228492 -0.03460553 -0.00918976 0.00063424 -0.00907950 0.00735071 -0.01492471
821.5  0.93893359 0.09382329 -0.00478023 -0.02193092 0.01555966 0.00379522 0.02456482 0.00410205 -0.00088362 0.01142386
822.0  -0.32066024 -0.06000541 -0.00278853 0.01179374 0.02767397 0.01699648 0.03084478 0.01427945 -0.00829945 0.03366069
822.5  -0.55515553 0.01087201 0.00686327 0.00879180 -0.03219705 0.01945961 0.01634602 0.01179772 -0.01515849 0.05263969
823.0  0.99243094 0.03639396 -0.00505203 -0.01785707 0.00810720 0.00664749 -0.00613961 -0.00152639 -0.01385185 0.06228472
823.5  -0.58856848 -0.06885106 -0.00127419 0.02927284 0.01858664 -0.01256355 -0.02122507 -0.01323533 -0.00304213 0.06110451
824.0  -0.34855516 0.07594324 0.00622993 -0.00454680 -0.02541780 -0.00892271 -0.03341323 -0.01483655 0.00878112 0.05376307
824.5  0.97099015 -0.05303271 -0.00512435 -0.02690596 0.00103372 -0.01164818 -0.02750385 -0.00296273 0.01523113 0.03901762
825.0  -0.70692890 0.00719514 0.00030235 0.02267186 0.02471748 0.00953371 -0.00568082 0.01102612 0.01351275 0.01559413
825.5  -0.16900742 0.04309527 0.00524677 0.01164937 -0.01839201 -0.00021936 0.02300922 0.00333354 0.00782002 -0.01014782
826.0  0.88497318 -0.07627957 -0.00653382 -0.02936588 -0.01218668 -0.00698030 0.03089054 -0.01786495 0.00055435 -0.03828418
826.5  -0.90174535 0.08039693 0.00365331 0.00364592 0.02619671 0.01132697 0.01620127 -0.02623137 -0.00594284 -0.06043163
827.0  0.24686982 -0.05554083 0.00159803 0.02668397 -0.00208852 -0.00749328 -0.00752756 -0.01630314 -0.00857818 -0.06592074
827.5  0.59391629 0.01063472 -0.00819932 -0.01889354 -0.02464226 -0.00358919 -0.02404202 0.00603441 -0.01061211 -0.05697207
828.0  -0.99260103 0.03814806 0.00884555 -0.01651765 0.01780560 0.00825405 -0.02439472 0.02357229 -0.01121689 -0.03535028
828.5  0.60545889 -0.07182282 -0.00449840 0.03056155 0.01155276 -0.00914364 -0.00894025 0.02776645 -0.01000982 -0.00826630
829.0  0.28978796 0.07707615 -0.00516483 -0.00606329 -0.02850066 0.00468498 0.01025904 0.01992341 -0.00569418 0.01817307
829.5  -0.94351910 -0.05067170 0.01212261 -0.02570875 0.01310417 0.00630981 0.02444064 0.00469697 0.00299493 0.04091073
830.0  0.80020253 0.00328810 -0.00829719 0.02994392 0.01414962 -0.00965946 0.02696355 -0.00985396 0.01265670 0.05773621
830.5  -0.00960548 0.04753472 -0.00217343 -0.00366358 -0.02705899 0.00876806 0.01418547 -0.01692452 0.02033900 0.06463951
831.0  -0.77048237 -0.08233118 0.01102856 -0.02686830 0.01717193 -0.00160083 -0.00554091 -0.01639443 0.02082954 0.06227562
831.5  0.97422373 0.08745740 -0.01117752 0.02688847 0.01193134 -0.01152974 -0.02198770 -0.01236740 0.01095197 0.04970752
832.0  -0.50316169 -0.05929710 0.00249629 0.00506698 -0.03037540 0.00887369 -0.02438736 -0.01317656 -0.00649340 0.02946865
832.5  -0.30397398 0.00298099 0.00693908 -0.02915810 0.01306239 -0.00318137 -0.01124579 -0.01128033 -0.02251396 0.00460821
833.0  0.91090003 0.06241555 -0.01056076 0.01747710 0.02006956 -0.00562052 -0.00333165 0.00462045 -0.03015154 -0.01973268
833.5  -0.87857467 -0.10754882 0.00587338 0.01204616 -0.03171844 0.01099640 0.00433106 0.01815624 -0.02700135 -0.03921687
834.0  0.17342794 0.10087893 0.00342297 -0.02937885 0.01038415 -0.00609059 0.00408486 0.02651687 -0.01487976 -0.04948228
834.5  0.68909336 -0.03335106 -0.00949491 0.01592416 0.02373308 0.00101738 0.00088231 0.02465982 -0.00045669 -0.05747240
835.0  -0.97530605 -0.06059970 0.00672235 0.01098437 -0.03402261 0.00660009 -0.00406887 0.01618263 0.01481728 -0.06186610
835.5  0.42034205 0.11986814 0.00257827 -0.02630699 0.01112233 -0.00754709 -0.00688756 0.00318469 0.02856914 -0.06028672
836.0  0.48615417 -0.10353956 -0.00973446 0.01418535 0.02449521 0.00647630 -0.00747682 -0.01167503 0.03331071 -0.05688876
836.5  -0.98121688 0.02372167 0.00866493 0.01254861 -0.03345471 -0.00094475 -0.00320332 -0.02103732 0.02980732 -0.04874644
837.0  0.68564214 0.06957612 0.00002069 -0.02325632 0.00557360 -0.00695962 0.00547897 -0.02077459 0.01890077 -0.03507548
837.5  -0.16053656 -0.12170137 -0.00962596 0.00663140 0.03004889 0.00965031 0.00917936 -0.01350925 0.00045249 -0.02014642
838.0  -0.88642303 0.10517141 0.00963105 0.02048721 -0.03452145 -0.00465405 0.00770193 -0.00070668 -0.01793540 -0.00584456
838.5  -0.85608067 -0.02081423 -0.00093399 -0.02372208 0.00331184 -0.00455036 0.00403271 0.01044271 -0.03106518 0.00684202
839.0  -0.03480456 -0.07725652 -0.00966613 -0.00251150 0.03493368 0.01008633 -0.00091821 0.01655971 -0.03659524 0.01592929
839.5  0.83110107 0.12418552 0.00930171 0.02401916 -0.03657408 -0.00865607 -0.00584715 0.01623125 -0.03400939 0.02428526
840.0  0.88269009 -0.08332660 0.00139676 -0.02011963 0.00287598 0.00397367 -0.00819452 0.00900731 -0.02297463 0.03210757
840.5  0.07819983 -0.01399983 -0.01057411 -0.00602040 0.03324742 0.00388047 -0.00803758 0.00004899 -0.00444921 0.03947641
841.0  -0.78425643 0.09894428 0.00812754 0.02646979 -0.03377280 -0.00921033 -0.00416313 -0.00464264 0.01867762 0.04680144
841.5  -0.94311320 -0.12476431 0.00285148 -0.01502471 -0.00362725 0.00646519 -0.00184638 -0.00322403 0.03766243 0.05178433
842.0  -0.33582057 0.08079709 -0.01018533 -0.01463223 0.03650711 -0.00373679 0.00547250 0.01056281 0.03871375 0.05273391
842.5  0.51359029 -0.00181966 0.00867295 0.02518254 -0.02976451 -0.00113873 0.00366769 0.01436692 0.01895747 0.05319690
843.0  0.97817727 -0.07299266 -0.00118298 -0.01795866 -0.01146855 0.00673235 0.00504110 -0.00349940 -0.00565661 0.04680252
843.5  0.73050287 0.12190648 -0.00831402 0.02027454 0.04339495 -0.00517282 0.00621244 -0.02646148 -0.02057255 0.03282199
844.0  -0.06754624 -0.11363624 0.00998559 0.00684104 -0.01813693 0.00607493 0.00298145 -0.03482360 -0.02401096 0.01156656
844.5  -0.82785884 0.05443693 -0.00405173 -0.02603245 -0.02665647 0.00247182 -0.00118872 -0.02450599 -0.01841444 -0.01028775
845.0  -0.92403182 0.02607290 -0.00489712 0.00938508 0.03711455 -0.00764733 -0.00506919 -0.00180349 -0.00905475 -0.03122740
845.5  -0.25570698 -0.09968933 0.01014394 0.01893133 0.00052349 0.00666996 -0.00741282 0.02291565 0.00080989 -0.04770976
846.0  0.61402790 0.12538184 -0.00715754 -0.02297565 -0.03647374 -0.00356997 -0.00701210 0.03697341 0.00944012 -0.05646575
846.5  0.98861184 -0.09663880 -0.00052821 -0.00512619 0.02523721 -0.00490559 -0.00313469 0.03315094 0.01474305 -0.05369327
847.0  0.62317570 0.03836532 0.00824697 0.02637964 0.02002335 0.00855130 0.00411145 0.01194645 0.01613481 -0.03753241
847.5  -0.18088559 0.03456126 -0.00990718 -0.01108302 -0.03751776 -0.00484189 0.01317153 -0.01581065 0.01216259 -0.01338544
848.0  -0.85865689 -0.09593831 0.00481862 -0.02277308 -0.00164562 -0.00034873 0.01956992 -0.03382481 0.00519754 0.01505116
848.5  -0.92091174 0.12322175 0.00315199 0.02866805 0.03323805 0.00928538 0.01565555 -0.03395504 -0.00241037 0.03806292
849.0  -0.26796457 -0.10796111 -0.01087356 0.00586689 -0.01885648 -0.00655100 0.00151339 -0.02120026 -0.00885454 0.05162231
849.5  0.62570737 0.04693585 0.00810282 -0.03794799 -0.00805430 0.00114767 -0.01641518 0.00036463 -0.01467670 0.05571687
850.0  0.98314372 0.03785006 -0.00149499 0.02475019 0.02265615 -0.00023651 -0.02468054 0.01970560 -0.02042610 0.05003289
850.5  0.44444602 -0.10490506 -0.00710808 0.02037559 -0.01532434 -0.01205321 -0.01301924 0.03098589 -0.02553017 0.03586802
851.0  -0.50191067 0.12325595 0.00936431 -0.04041234 -0.00345740 0.00555786 0.01134874 0.02338675 -0.02331961 0.01768571
851.5  -0.98700131 -0.08573124 -0.00407177 0.00910636 0.01966948 -0.00329162 0.01845793 -0.00001078 -0.00876807 -0.00275128
852.0  -0.61254354 0.01317049 -0.00400951 0.03305951 -0.01350911 -0.00398955 0.01034523 -0.01254087 0.01621007 -0.02471897
852.5  0.25984491 0.06236002 0.00941035 -0.03110052 -0.00810739 0.00822376 -0.00080071 -0.00695727 0.03781852 -0.04225052
853.0  0.91528537 -0.11347411 -0.00778575 -0.01276623 0.02426883 -0.00524073 -0.01282023 0.00601264 0.04196825 -0.05268061
853.5  0.85484651 0.12161402 -0.00087101 0.03520500 -0.01533795 0.00179681 -0.01512832 0.01405444 0.02754560 -0.05205466
854.0  0.11926924 -0.08542006 0.00833649 -0.01052437 -0.01666333 0.00585072 -0.01024491 0.00900175 0.00246158 -0.04178194
854.5  -0.72452911 0.01339047 -0.00881545 -0.02038087 0.03206908 -0.00858458 -0.00202895 -0.00561888 -0.02085707 -0.02388697
855.0  -0.96525140 0.06867346 0.00270694 0.02414459 -0.00882818 0.00581717 0.00720104 -0.01826580 -0.03622811 -0.00425544
855.5  -0.36193630 -0.11836152 0.00618330 0.00119881 -0.02728078 0.00172089 0.01123177 -0.02369671 -0.04037208 0.01487470
856.0  0.55883481 0.11407612 -0.00936733 -0.02179439 0.03130011 -0.00801177 0.00923199 -0.01796221 -0.03280070 0.03267414
856.5  0.98853697 -0.05935933 0.00501042 0.01536322 0.00271778 0.00807631 0.00425189 -0.00184045 -0.01554893 0.04691523
857.0  0.61543878 -0.02185497 0.00233025 0.00909756 -0.03441203 -0.00133950 -0.00299110 0.01675158 0.00836779 0.05186991
857.5  -0.20346278 0.08901776 -0.00831583 -0.02637710 0.02465576 -0.00502934 -0.00840734 0.02649242 0.03007018 0.04671653
858.0  -0.86276205 -0.12160300 0.00886806 0.00171076 0.02182026 0.00692051 -0.00873200 0.01943869 0.03913786 0.03063536
858.5  0.93301427 0.11306783 -0.00414263 0.02522459 -0.03804000 -0.00358903 0.00020919 0.00014790 0.03077940 0.00796887
859.0  -0.36142074 -0.06015602 -0.00493397 -0.01490338 0.00188051 -0.00161252 0.02020142 0.00766540 0.00958497 -0.01465991
859.5  -0.48532217 -0.02375526 0.01205324 -0.01279144 0.03571091 0.00180700 0.02593234 -0.01530595 -0.01806519 -0.03110654
860.0  0.97842991 0.10312070 -0.00978862 0.02263580 -0.02836409 -0.00321746 -0.01680572 0.01470204 -0.03494944 -0.04202427
860.5  -0.67972501 -0.13235511 -0.00273769 -0.00487519 -0.01376090 0.00344733 0.00427378 0.01822995 -0.03314067 -0.05156684
861.0  -0.20031013 0.08742345 0.01247294 0.00902207 0.04262876 -0.00442537 0.01857554 -0.01924621 -0.01427354 -0.05352151
861.5  0.90881818 0.00945498 -0.00992938 -0.01083969 -0.02489707 0.00441956 -0.02321094 0.02043234 0.00593456 -0.05156324
862.0  -0.83844423 -0.10096668 -0.00178643 -0.02498870 -0.00709345 -0.00204590 0.01515235 -0.01098151 0.02989390 -0.04915590
862.5  0.07300860 0.13458846 0.01237854 0.03338841 0.03243482 -0.00542177 -0.00205830 0.00115350 0.03899256 -0.03840634
863.0  0.74402739 -0.09441407 -0.00955673 -0.00098831 -0.02100802 0.01837367 -0.00291640 0.01248537 0.03565912 -0.02658007
863.5  -0.96583272 0.00455284 -0.00230110 -0.03283451 -0.01435030 -0.01826071 0.00736157 -0.01909557 0.02349552 -0.01276336
864.0  0.41516812 0.08829917 0.01147063 0.02612922 0.03539357 0.00523384 -0.01091457 0.01799203 0.00437894 0.00446315
864.5  0.48658303 -0.13456278 -0.00917696 0.01396840 -0.01642386 0.01136749 0.00800934 -0.00942441 -0.01356667 0.01921034
865.0  -0.98333992 0.10321738 -0.00245569 -0.03615631 -0.02064282 -0.02049694 0.00214484 -0.00240385 -0.02782041 0.03078071
865.5  0.59304307 -0.00626924 0.01140588 0.01433358 0.03582200 0.01599626 -0.01195971 0.01231726 -0.03792900 0.04131846
866.0  0.35816547 -0.09721904 -0.00717154 0.02329811 -0.01412883 -0.00063047 0.01363682 -0.01937046 -0.04158028 0.04797675
866.5  -0.96849705 0.13872615 -0.00314100 -0.03445153 -0.02384341 -0.01580558 -0.00671493 0.01969486 -0.04080917 0.05289324
867.0  0.68926041 -0.09475484 0.00975105 0.00512168 0.03502219 0.02098732 -0.00464493 -0.01522656 -0.03410688 0.05703211
867.5  0.16745434 -0.00056502 -0.00895559 0.02897052 -0.00856367 -0.01081031 0.01347632 0.00414430 -0.02004753 0.05486103
868.0  -0.86707660 0.09232059 0.00036241 -0.02925504 -0.02843583 -0.00836293 -0.01288230 0.00776778 -0.00017142 0.04656882
868.5  0.91504224 -0.13942040 0.00852329 -0.00820822 0.03024450 0.01947930 0.00319383 -0.01745539 0.02186968 0.02793875
869.0  -0.31242946 0.12729530 -0.01089191 0.03644684 0.00662909 -0.01531280 0.00675038 0.02104048 0.03893652 0.00488450
869.5  -0.51985310 -0.06116229 0.00571043 -0.01512245 -0.03426985 0.00256861 -0.01255348 -0.01157313 0.04232831 -0.01589973
870.0  0.97936088 -0.03344308 0.00347333 -0.02529660 0.01914100 0.00883782 0.01274636 0.00087022 0.03083408 -0.03302093
870.5  -0.67406336 0.11490247 -0.00940111 0.03337076 0.01768325 -0.01353697 -0.01221222 0.01524706 0.00845995 -0.04414207
871.0  -0.19539934 -0.14268441 0.00832571 -0.00062720 -0.03440273 0.01270497 0.00466131 -0.02461402 -0.01439014 -0.05279509
871.5  0.90467512 0.10055974 -0.00026215 -0.03160506 0.01522954 -0.00819792 0.01100282 0.01091168 -0.04021147 -0.05343737
872.0  -0.83886389 -0.01017092 -0.00748306 0.03248711 0.01213582 -0.00083891 -0.01318791 -0.00519809 -0.04416021 -0.04794528
872.5  0.06963364 -0.08258796 0.00908713 -0.00512549 -0.03080888 0.00401747 0.00000100 -0.02438790 -0.02744409 -0.03192637
873.0  0.74671140 0.13740803 -0.00281690 -0.03042610 0.02748900 0.00597209 0.01787073 0.01778180 -0.00700640 -0.01270653
873.5  -0.96470898 -0.13593226 -0.00569539 0.02696650 0.01135491 -0.01443065 -0.01740492 -0.00491836 0.02101626 0.01000799
874.0  0.43253227 0.08193790 0.00999784 0.01334377 -0.03823047 0.00389043 0.01063158 -0.00370712 0.04034885 0.03497690
874.5  0.44187480 0.00475063 -0.00605798 -0.03212868 0.01385477 0.01260260 -0.00471697 0.01433854 0.04307567 0.05107871
875.0  -0.97148468 -0.09299086 -0.00384435 0.00629541 0.02910703 -0.02082825 -0.00316342 -0.01536285 0.03274317 0.05495812
875.5  0.68375355 0.14511536 0.01376142 0.02828673 -0.03246546 0.01419049 0.00702375 0.01308379 0.01337230 0.04758789
876.0  0.22006007 -0.13176287 -0.00867014 -0.02272176 -0.00737210 0.00263923 -0.00912724 -0.00526627 -0.00779988 0.03287469
876.5  -0.92787016 0.05447133 -0.00290058 -0.01414600 0.03749359 -0.01776819 0.00819564 -0.00371415 -0.02642978 0.01314566
877.0  0.78052658 0.04821758 0.01176503 0.03124994 -0.01980351 0.02253609 -0.00212311 0.00921413 -0.04056475 -0.00891605
877.5  0.05147506 -0.12538512 -0.01134348 -0.00435246 -0.02311580 -0.01158527 -0.00448423 -0.01362838 -0.04603315 -0.02965622
878.0  -0.81782538 0.14741046 0.00308761 -0.03067269 0.03536724 -0.00948586 0.01079772 0.01043595 -0.03956780 -0.04693114
878.5  0.94157444 -0.11633200 0.00632582 0.01906362 0.00272681 0.02403765 -0.00804281 -0.00489863 -0.01846745 -0.05452545
879.0  0.39177766 0.05002420 -0.01139311 0.01969575 -0.03638420 -0.01769087 -0.00253776 -0.00441109 0.01012387 -0.04718662
879.5  -0.42813576 -0.02969651 0.00936035 -0.02106832 0.01054220 -0.00638415 0.00742552 0.01263027 0.03626433 -0.02633628
880.0  -0.95493485 -0.10442555 0.00009753 -0.00448511 0.02883118 0.02378960 -0.00110379 -0.00987543 0.04776581 -0.00240330
880.5  -0.78256475 -0.14675484 -0.01063672 0.01490586 -0.03016520 -0.01768693 -0.01338088 0.01016898 0.03491122 0.02026899
881.0  0.01114958 -0.13232636 0.01287973 -0.01060423 -0.00486051 -0.00305824 0.00876128 0.00255891 0.00929294 0.03874659
881.5  0.80840344 -0.05836835 -0.00463895 0.01449571 0.03597574 0.01189638 0.00842765 -0.01255159 -0.01985456 0.04963348
882.0  0.92386357 0.04431443 -0.00774435 0.00096781 -0.02375242 -0.01185710 -0.01904934 0.00259843 -0.04477502 0.05449648
882.5  0.25484089 0.12631473 0.01255222 -0.01960649 -0.01713131 0.00631538 0.01673910 0.02334638 -0.04130877 0.05138943
883.0  -0.61742938 0.14941937 -0.00580619 0.01391794 0.03614309 0.00484900 -0.00248519 -0.00455799 -0.02895104 0.04047104
883.5  -0.98426118 0.10633888 -0.00305790 0.00994182 -0.00896466 -0.01304162 -0.00942348 0.00120851 0.00480755 0.02247903
884.0  -0.59120423 0.01847068 0.01161356 -0.02106217 -0.02994963 0.01144303 -0.01534725 0.00842715 0.03594570 -0.00091745
884.5  0.24288840 -0.07811449 -0.01011747 0.00004333 0.02947215 -0.00500971 -0.00938370 -0.01567994 0.04857377 -0.02443245
885.0  0.89809543 -0.14383054 0.00128163 0.02017978 0.00841152 -0.00579007 0.00428161 0.01046795 0.04034457 -0.04287638
885.5  0.86370736 -0.14635725 0.00843380 -0.01581075 -0.03440048 0.01340544 0.01310632 -0.00222438 0.01408374 -0.05296731
886.0  0.12038685 -0.07434534 -0.01155174 -0.00681941 0.02249643 -0.01247241 0.01355268 -0.00901893 -0.01678720 -0.05729554
886.5  -0.73968688 0.04457520 0.00419194 0.02615181 0.01171148 0.00421754 0.00593827 0.01357626 -0.03959704 -0.05243054
887.0  -0.94728086 0.14261916 0.00661668 -0.02765988 -0.02761221 0.00797144 -0.00403934 -0.01076726 -0.04872006 -0.04215649
887.5  -0.30925571 0.15619214 -0.01153798 0.00253077 0.01948701 -0.01644338 -0.01281064 0.00667900 -0.04108707 -0.02828064
888.0  0.58311413 0.07782028 0.00618309 0.03337289 -0.00915150 0.01261979 -0.01488124 0.00203982 -0.01822810 -0.01295236
888.5  0.98164906 -0.04288980 0.00518090 -0.03518400 -0.00602818 -0.00385162 -0.00672349 -0.00956884 0.01324361 0.00473789
889.0  0.63100974 -0.13991581 -0.00851605 -0.00522239 0.01878773 -0.01075125 -0.00092901 0.00818757 0.04155680 0.02415215
889.5  -0.16786628 -0.16747057 0.00576299 0.03418709 -0.01483796 -0.01679261 0.01220495 -0.01649633 0.04472485 0.04137193
890.0  -0.84929205 -0.11252977 0.00187688 -0.02266069 -0.00577613 -0.01122294 -0.01505519 0.00411500 0.02924425 0.05241285
890.5  -0.91487318 0.00261235 -0.00883704 -0.01378412 0.02474623 -0.00043458 0.00592635 -0.01150760 -0.00174371 0.05701437
891.0  -0.26026610 0.11886085 0.00689183 0.03448795 -0.01817523 0.00950291 0.00510657 -0.00318316 -0.03302312 0.05672720
891.5  0.63153777 0.16440297 0.00149732 -0.01368288 -0.00739014 0.01745629 -0.00354978 0.01256072 -0.04542485 0.05284444
892.0  0.97533572 0.10383043 -0.00824123 -0.02020057 0.02887620 0.01089717 0.01235449 0.02170620 -0.04074314 0.04808123
892.5  0.42398202 -0.02439689 0.00698946 0.02878296 -0.02116389 0.00285516 -0.00923565 0.01812369 -0.02459379 0.03860187
893.0  -0.51663354 -0.13219465 0.00055479 -0.00762655 -0.01002515 -0.00592702 0.00192518 0.00536040 -0.00254750 0.02742581
893.5  -0.98302816 -0.15228041 -0.00710001 -0.02110724 0.03061777 -0.00942921 0.00708575 -0.01211862 0.01923989 0.01251357
894.0  -0.59632070 -0.08317579 0.00753898 0.02472568 -0.01643261 -0.00560839 -0.01293128 -0.02554333 0.03490351 -0.00593115
894.5  0.27413496 0.02661887 -0.00008175 0.00215597 -0.01682736 0.00266220 0.00989952 -0.02767846 0.04025607 -0.02494964
895.0  0.91768507 0.11919030 -0.00735519 -0.02712939 0.03095486 0.00869463 -0.00056252 -0.01557296 0.03267324 -0.04192256
895.5  0.84026086 0.15257992 0.00832944 0.01570860 -0.00662546 0.00706408 -0.01036628 0.00533349 0.01475283 -0.05458551
896.0  0.09385161 0.11193233 -0.00214279 0.01652211 -0.02826349 -0.00145372 0.01323867 0.02468385 -0.00613606 -0.05880039
896.5  -0.73877217 0.01419574 -0.00503708 -0.02733375 0.02572446 -0.01017673 -0.00677630 0.03344044 -0.02389789 -0.05615394
897.0  -0.95612984 -0.09316073 0.00999856 0.00336659 0.00893196 -0.01169844 -0.00069730 0.02808433 -0.03320455 -0.04619359
897.5  -0.35855835 -0.15345773 -0.00571313 0.02352936 -0.03420198 -0.00449907 0.00934760 0.01119632 -0.03303386 -0.02926044
898.0  0.53154548 -0.13685838 -0.00308921 -0.01664686 0.01380278 0.00757228 -0.01021946 -0.01029828 -0.02326344 -0.00967978
898.5  0.97999660 -0.05881397 0.00979138 -0.00941435 0.02611970 0.01791000 0.00733978 -0.02869341 -0.00738934 0.01219047
899.0  0.69056147 0.03856970 -0.00817519 0.01591769 -0.03097604 0.01846913 0.00389050 -0.03713758 0.00624437 0.03272857
899.5  -0.07376194 0.11563484 0.00044652 -0.00984412 -0.00832478 0.00867533 -0.00284417 -0.03306323 0.01555663 0.04803484
900.0  -0.78417484 0.14889912 0.00691532 0.01420560 0.03768490 -0.00938828 0.01532308 -0.01430498 0.02293715 0.05543116
900.5  -0.96313470 0.13045561 -0.01020941 0.00366496 -0.01341748 -0.02646005 -0.01354117 -0.00094981 0.02578996 -0.05106458
901.0  -0.44040701 0.06641851 0.00573821 -0.02803733 -0.02906829 -0.03023966 0.00714312 0.01387279 0.02537682 0.03839104
901.5  0.45121987 -0.02087015 0.00254294 0.01344434 0.02430208 -0.02114408 0.00881521 0.02056618 0.01673945 -0.02033523
902.0  0.98067143 -0.09602363 -0.00891447 0.02155381 0.00767639 -0.00045344 -0.01334513 0.02742574 0.00440763 -0.00062074
902.5  0.62435394 -0.12603114 0.00929210 -0.02808762 -0.02688903 0.02178103 0.01620571 0.02588066 -0.00762557 0.02093786
903.0  -0.32252344 -0.09965474 -0.00178005 0.00041447 0.01292684 0.03057166 -0.00547260 0.01767339 -0.01924406 -0.03717491
903.5  -0.96321341 -0.03225107 -0.00968776 0.02957978 0.01363273 0.02197457 -0.00447744 0.00067782 -0.02614825 0.04903222
904.0  -0.71346132 0.04644879 0.01281299 -0.02287121 -0.02175656 0.00014831 0.01333464 -0.01938253 -0.02677625 -0.05446838
904.5  0.16058289 0.10633605 -0.00488593 -0.01598355 0.00741275 -0.02100295 -0.01644716 -0.02991655 -0.02047952 0.05088417
905.0  0.88570231 0.12605598 -0.00718819 0.03598810 0.01666279 -0.02634847 0.00658487 -0.02804079 -0.00646710 -0.03796872
905.5  0.87694846 0.09759421 0.01282388 -0.00621835 -0.01786131 -0.01186955 0.00668245 -0.00974731 0.01153891 0.01751611
906.0  0.15278006 0.02672424 -0.00920110 -0.03432474 -0.00345713 0.01023627 -0.01519649 0.01419233 0.02591123 0.00685015
906.5  0.70350768 -0.06218972 -0.00151454 0.02577338 0.01973581 0.02177452 0.01340910 0.03034518 0.03171622 -0.02757744
907.0  -0.96943487 -0.12310552 0.00989779 0.01796822 -0.01192587 0.01711093 -0.00564272 0.03116358 0.02591289 0.04268409
907.5  0.38960204 -0.13085649 -0.01198104 -0.03843132 -0.01021061 0.00331696 -0.00553865 0.01718707 0.00969208 -0.05149531
908.0  0.52957429 -0.07408185 0.00416936 0.00940798 0.01835033 -0.00894280 0.01311208 -0.00612901 -0.01152403 0.05368537
908.5  -0.98539577 0.01616428 0.00957200 0.03157229 -0.00574910 -0.00720980 -0.01303664 -0.02338394 -0.03509549 -0.05037308
909.0  0.64437492 0.09529798 -0.01611827 -0.02972528 -0.01255940 0.00457970 0.00858412 -0.01647405 -0.04664548 0.03861389
909.5  0.15760261 0.13376020 0.01042232 -0.01041822 0.01714212 0.00626175 0.00960124 0.00364540 -0.03082974 -0.02287997
910.0  -0.83086329 0.12160660 0.00301168 0.03475012 -0.00943235 0.00568404 -0.01534331 0.00008952 0.00449385 0.00319357
910.5  0.95497925 0.07058492 -0.01501382 -0.01719883 -0.00523408 -0.00071293 0.01538277 -0.01700894 0.03466358 0.01965091
911.0  -0.45405392 -0.01277917 0.01609305 -0.00560695 0.03265299 -0.00146145 -0.00373972 -0.02798604 0.04183130 -0.03652602
911.5  -0.37298149 -0.09211464 -0.00326190 0.02263132 -0.01797566 -0.00318059 -0.01012994 -0.01809055 0.03054287 0.04689789
912.0  0.94934475 -0.13081910 -0.01251896 -0.00972859 -0.01848933 -0.00390121 0.01731442 0.00422074 0.00788198 -0.04908420
912.5  -0.77894729 -0.11386692 0.01840188 -0.01571496 0.03334274 -0.00221772 -0.01440780 0.02256243 -0.01657983 0.04533161
913.0  -0.05385285 -0.02605124 -0.00687753 0.02191124 -0.01045406 -0.00040760 -0.00152488 0.03286957 -0.03265449 -0.03450017
913.5  0.84499096 0.07854111 -0.01150985 -0.00505842 -0.02408540 0.00199759 0.00790144 0.02634717 -0.03864785 0.02416040
914.0  -0.90036546 0.12905250 0.01857231 -0.01758536 0.03354661 0.00429243 -0.01733582 0.00197212 -0.03211374 -0.01104240
914.5  0.19347133 0.11497997 -0.00793159 0.01904221 -0.00695038 0.00224337 0.01469574 -0.01713739 -0.01413383 -0.00468058
915.0  0.65901421 0.03562613 -0.00834193 0.00340081 -0.02826629 0.00105968 -0.00024455 -0.03293644 0.00895827 0.01878246
915.5  -0.98428011 -0.06774124 0.01637759 -0.02283426 0.02928429 -0.00074170 -0.00685426 -0.03275277 0.02837764 -0.03057737
916.0  0.54803505 -0.12537027 -0.00815725 0.01185539 0.00507268 -0.00874847 0.01406335 -0.01862727 0.03364877 0.03900978
916.5  0.32225518 -0.12414383 -0.00542246 0.01208311 -0.03277107 -0.00563044 -0.01439044 -0.00676781 0.02729978 -0.04248057
917.0  -0.94416310 -0.05666198 0.01334069 -0.02320466 0.02074729 -0.00390591 -0.00249396 0.01327768 0.03041100 0.04319135
917.5  0.77264539 0.05360157 -0.00804814 0.00579248 0.01019604 0.00038466 0.02276803 0.02807700 0.02478697 -0.04259584
918.0  0.08775819 0.12642248 -0.00547509 -0.00514521 -0.03331165 0.01130954 -0.02897421 -0.03417587 0.00638740 0.03868901
918.5  -0.87184317 0.12128888 0.01263573 -0.01510327 0.01882103 0.00769677 0.02462124 0.02312644 -0.00556738 -0.03256626
919.0  0.87225074 0.04707922 -0.00679471 -0.00675939 0.01501264 0.00662825 -0.00460341 -0.00094631 -0.02076598 0.02295986
919.5  -0.13356316 -0.05595552 -0.00540493 0.01171915 -0.03231812 0.00058539 -0.01758596 -0.01983667 -0.02914649 -0.00915156
920.0  -0.69395305 -0.12449368 0.01292044 0.01211132 0.00906149 -0.00912164 0.02810442 0.03557277 -0.02614327 -0.00197942
920.5  0.98241030 -0.12970759 -0.01139319 -0.00328810 0.02654811 -0.00899592 -0.01964702 -0.03283722 -0.01726602 0.01339945
921.0  -0.54018291 -0.07652986 -0.00073185 -0.01324215 -0.02776917 -0.00247502 -0.00381043 0.01522753 -0.00112915 -0.02562140
921.5  -0.31838643 0.01454605 0.01498016 -0.00743586 -0.00595090 0.00519869 0.02494374 0.00961315 0.01441462 0.03587320
922.0  0.94218492 0.10003469 -0.01713534 0.01183745 0.03209388 0.00863923 -0.02800679 -0.03083643 0.02527961 -0.04159712
922.5  -0.77369244 0.13636453 0.00345435 0.01602312 -0.01905191 0.00564074 0.01511182 0.03739658 0.02941985 0.04303451
923.0  -0.09939637 0.09310725 0.01419435 0.00196553 -0.01553897 -0.00289987 0.00686132 -0.03082483 0.02720550 -0.04246222
923.5  0.88641085 -0.00546138 -0.01915718 -0.01366857 0.03199933 -0.00714184 -0.02567071 0.01215452 0.02052192 0.03823688
924.0  -0.84094958 -0.09424189 0.00541252 -0.01358660 -0.01004366 -0.00804460 0.03098704 0.01141383 0.00842573 -0.03276657
924.5  0.03269265 -0.13535578 0.01379472 0.00140198 -0.02332236 -0.00315878 -0.01912275 -0.03120542 -0.00517012 0.02346432
925.0  0.78480510 -0.10862291 -0.01918027 0.01617541 0.02512338 0.00474442 -0.00552734 0.03877911 -0.01826626 -0.00885501
925.5  -0.95177396 -0.02888708 0.00986856 0.00706928 0.00717950 0.00712076 0.02723977 -0.02887387 -0.02856722 -0.00750777
926.0  0.39039179 0.04748138 0.00854140 -0.01159967 -0.03102647 0.00664313 -0.03121305 0.00650645 -0.02592633 0.02408284
926.5  0.45582502 0.11073266 -0.02012736 -0.01516605 0.00714543 0.00016835 0.01586646 0.02121515 -0.01384612 -0.03882917
927.0  -0.96701915 0.13908133 0.01639464 0.00548615 0.02633856 -0.00764638 0.00667469 -0.03727279 0.00268340 0.04680129
927.5  0.74764452 0.10387872 -0.00030858 0.01791728 -0.01988796 0.00306378 -0.02317950 0.03584379 0.02700755 -0.04868970
928.0  0.07567380 0.03929496 -0.01446027 -0.00157722 -0.01446070 0.01088687 0.02666390 -0.02739489 0.02077379 0.04081481
928.5  -0.84597016 -0.04349743 0.01864557 -0.00893880 0.03214641 0.01233437 0.01809548 0.00147984 0.02355255 -0.02737024
929.0  0.90446768 -0.11766945 -0.00802143 -0.01197790 -0.00435521 0.00950102 0.01799443 0.02588911 -0.00881097 0.00802628
929.5  -0.21975364 -0.13190760 -0.00835256 0.00953827 -0.02744537 0.00069393 -0.04019665 -0.02107983 -0.01098898 0.01265416
930.0  -0.62282832 -0.10152863 0.01840043 0.01418112 0.02012004 -0.01686932 0.03533710 0.00454000 0.02550783 -0.03230496
930.5  0.98702791 -0.04309234 -0.01675112 -0.00359261 0.01694059 -0.01673886 -0.00606881 0.01322207 -0.02979123 0.04639602
931.0  -0.65622751 0.03724092 0.00489477 -0.01288815 -0.02829700 -0.00402987 -0.02901144 -0.02179235 0.02159359 -0.05007694
931.5  -0.12715801 0.09959786 0.01285092 -0.00283636 -0.00299888 0.01241268 0.04250316 0.01803112 -0.00597199 0.03881453
932.0  0.83474723 0.13049972 -0.02439982 0.01646259 0.02810357 0.01801635 -0.02562499 -0.00462477 -0.01068437 -0.02019001
932.5  -0.92759642 0.11779511 0.01822678 0.01065002 -0.01146398 0.00754161 -0.00787497 -0.01124095 0.02354004 -0.00241602
933.0  0.26529469 0.04857234 0.00145507 -0.01405164 -0.02062053 -0.00846568 0.03569813 0.02229155 -0.02852094 0.02240319
933.5  0.64183143 -0.04517489 -0.02309312 -0.01666377 0.02618936 -0.01683122 -0.04194178 -0.02352194 0.02671104 -0.03744610
934.0  -0.97852762 -0.11760297 0.02565526 0.00285235 0.00054492 -0.01383756 0.02259797 0.01575937 -0.01848290 0.04681580
934.5  0.42839055 -0.12831484 -0.00496803 0.01896237 -0.02669527 0.00011718 0.00941385 -0.00186382 0.00535381 -0.04951487
935.0  0.49280755 -0.07295055 -0.02087629 0.01000570 0.01980666 0.01537354 -0.03580922 -0.01322962 0.00929788 0.04734296
935.5  -0.98184794 0.01486554 0.02769720 -0.01279970 0.01140995 0.01546126 0.04136033 0.02324391 -0.02280528 -0.03985927
936.0  0.67643664 0.09750100 -0.01185141 -0.01674214 -0.02692268 0.00729333 -0.01746632 -0.02367265 0.02835926 0.02767483
936.5  0.14533385 0.13202999 -0.01257726 0.00115457 0.00848729 -0.00752305 -0.01804531 0.01212116 -0.02187090 -0.00772947
937.0  -0.85772447 0.10714163 0.02618131 0.01901199 0.01833382 -0.02237164 0.03828356 0.00759802 0.00842135 -0.01077088
937.5  0.90792281 0.03992751 -0.01810430 0.00885127 -0.02190341 -0.00909728 -0.03743282 -0.02672778 0.00155386 0.02942543
938.0  -0.21181103 -0.05932947 -0.00554071 -0.01063467 -0.00353503 0.00103979 0.01472759 0.03582304 0.00251922 -0.04507664
938.5  -0.68316127 -0.12679348 0.02389135 -0.01949372 0.02553402 0.01274560 0.00770329 -0.03540790 0.00039336 0.05291652
939.0  0.96850609 -0.11449310 -0.01896553 -0.00650844 -0.01738546 0.01804540 -0.01172098 0.03559366 -0.01783350 -0.05545734
939.5  -0.35906404 -0.04530238 -0.00489440 0.01633832 -0.00909590 0.00990644 0.02201992 -0.02209359 0.03427132 0.05420480
940.0  -0.56409571 0.05467827 0.02349936 0.02057109 0.02572685 0.00327811 -0.02976992 -0.00160064 -0.03435440 -0.04939274
940.5  0.98606586 0.12792731 -0.01937013 -0.00203540 -0.01499154 -0.01867612 0.02616824 0.02028274 0.01418783 0.03867874
941.0  -0.62396622 0.12051411 -0.00087940 -0.02228885 -0.01136449 -0.01735650 -0.01347257 -0.02331371 0.01686987 -0.02281774
941.5  -0.19199886 0.06648431 0.02024342 -0.01509437 0.02520520 -0.00544336 -0.01442820 0.01148811 -0.03959671 0.00285785
942.0  0.86468356 -0.01697337 -0.02384834 0.01153201 -0.00613753 0.00778249 0.03123443 0.00682681 0.04378756 0.01795436
942.5  -0.91515650 -0.10565697 0.00807838 0.02399744 -0.02037362 0.01581181 -0.02832639 -0.01977296 -0.02564400 -0.03455725
943.0  0.27057154 -0.13017342 0.01552512 0.00934422 0.01984015 0.01412358 0.00977879 0.01878074 -0.00440210 0.04978517
943.5  0.60824092 -0.08766096 -0.02529122 -0.01848289 0.00942802 0.00095077 0.01463691 -0.00701741 0.03027774 -0.05548979
944.0  -0.98517436 0.00261866 0.01262169 -0.03502897 -0.01253396 -0.01313902 -0.02808796 -0.00980303 -0.04358630 0.05736667
944.5  0.51217434 0.10186219 0.00940403 -0.00328840 0.01749287 -0.01254975 0.02922909 0.02263403 0.03771706 -0.05562451
945.0  0.39521450 0.13301519 -0.02126823 0.02598221 0.00288877 -0.00990833 -0.00917923 -0.02359448 -0.01681400 0.05109361
945.5  -0.96239621 0.08450608 0.01266169 0.02666049 -0.02408207 -0.00243815 -0.01438985 0.00720478 -0.00970991 -0.04113275
946.0  0.76606963 -0.00225080 0.00650170 -0.00452163 0.01352777 0.01589667 0.01812567 0.02667629 0.02770198 0.02704383
946.5  -0.00857100 -0.08880732 -0.02010570 -0.02765598 0.01305857 -0.01782018 0.00524710 -0.04915439 -0.01786960 -0.01024874
947.0  -0.74676316 -0.13152523 0.01639707 -0.01381088 -0.02049020 0.00659877 -0.02721540 0.02463042 -0.00139650 -0.00946164
947.5  0.97443247 -0.11474860 0.00142475 0.02223645 0.00422007 0.00589344 0.00603261 0.01396512 0.00255109 0.02996949
948.0  -0.48773365 -0.04340158 -0.01813560 0.02750066 0.01461591 0.00399897 0.03402737 -0.02802871 0.00909467 -0.04570362
948.5  -0.39570270 0.04949531 0.01788032 -0.00489809 -0.01607569 -0.02865170 -0.04194668 0.01866321 -0.01826631 0.05516474
949.0  0.96888410 0.11716931 0.00020216 -0.03160149 -0.00387771 0.02670313 0.02641074 -0.00189155 0.01713010 -0.05772725
949.5  -0.68973042 0.12925973 -0.01776870 -0.01607733 0.01909741 -0.00274553 -0.00411347 -0.01070312 -0.00695769 0.05335153
950.0  -0.21412834 0.06627760 0.01865620 0.02256545 -0.00909891 -0.02617628 -0.01907645 0.01195168 -0.00566720 -0.04599366
950.5  0.91792447 -0.02974320 -0.00210535 0.02952292 -0.01245098 0.03979798 0.03290211 -0.00367229 0.01586523 0.03070562
951.0  -0.83073451 -0.09781609 -0.01574179 -0.00634734 0.01716243 -0.02867006 -0.03102603 -0.00874705 -0.02069049 -0.01060553
951.5  0.08204706 -0.13327793 0.02153586 -0.03174848 0.00254274 -0.00195837 0.01139581 0.01397516 0.01792580 -0.01529832
952.0  0.71680954 -0.11541630 -0.01362424 -0.00836795 -0.02063038 0.03136108 0.01455250 -0.00609769 -0.00849590 0.04025912
952.5  -0.97690206 -0.04730191 -0.00399006 0.02892928 0.00865795 -0.03625826 -0.02976873 -0.01039123 -0.00253776 -0.05719905
953.0  0.48181816 0.02492225 0.01901938 0.02271016 0.01501353 0.01421346 0.02596629 0.02204898 0.01125195 0.06096614
953.5  0.42082043 0.09906487 -0.02188136 -0.02024208 -0.01858133 0.01674155 -0.00719101 -0.02073761 -0.01482443 -0.05064062
954.0  -0.97509329 0.13716942 0.00853645 -0.03221471 -0.00360214 -0.03433748 -0.01348092 0.00486863 0.01422180 0.03184801
954.5  0.64715746 0.09954908 0.01046667 0.00357604 0.02146674 0.02758600 0.02486350 0.01637373 -0.01233814 -0.01018729
955.0  0.28862824 0.02421422 -0.02254302 0.03194126 -0.01158560 -0.00270386 -0.02004656 -0.02837909 0.00916173 -0.01392918
955.5  -0.95066217 -0.06077232 0.01411999 0.01497401 -0.01939411 -0.02540392 0.00485818 0.02223681 -0.00494537 0.03661088
956.0  0.75112912 -0.12667448 0.00670250 -0.01881474 0.01999250 0.03840538 0.00576664 -0.00184701 -0.00479456 -0.05336330
956.5  0.07995320 -0.12690975 -0.02153365 -0.03072346 0.00712832 -0.02613725 -0.00907677 -0.01786952 0.01985227 0.06151658
957.0  -0.83211631 -0.07888776 0.02082851 0.00656238 -0.02046270 -0.00490458 0.01550762 0.02106523 -0.02895569 -0.05629756
957.5  0.93064310 -0.00876209 -0.00425761 0.03283602 0.00345053 0.03033635 -0.02200824 -0.00991298 0.02495498 0.03779728
958.0  -0.31390401 0.07398703 -0.01573779 0.00886580 0.02051167 -0.03321076 0.01613692 -0.00562707 -0.00769842 -0.00921909
958.5  -0.55825741 0.12581332 0.02298770 -0.02604984 -0.01583904 0.01247555 0.00179126 0.01552979 -0.01214994 -0.01840246
959.0  0.98684517 0.12317057 -0.01204793 -0.02462371 -0.01004472 0.01485904 -0.02131448 -0.01542359 0.02641640 0.04050922
959.5  -0.56502290 0.06478598 -0.00802848 0.01055089 0.02279540 -0.02930564 0.03079658 0.00668455 -0.03356312 -0.05484316
960.0  -0.36601178 -0.02987424 0.02143301 0.03069685 -0.01148889 0.02445183 -0.02372975 0.00534134 0.03005605 0.05901376
960.5  0.96508360 -0.10820270 -0.01421262 0.01142684 -0.01530179 -0.00209030 0.00316671 -0.01354540 -0.01742025 -0.05539131
961.0  -0.72883332 -0.13272190 -0.00406257 -0.02236421 0.02234052 -0.02145798 0.02211856 0.01263908 0.00055518 0.03910433
961.5  -0.07536134 -0.09516858 0.01927726 -0.02758524 0.00227582 0.02662086 -0.03594022 -0.00102243 0.01680652 -0.01847173
962.0  0.79850684 -0.02020471 -0.01992957 0.00849551 -0.02181916 -0.00951375 0.02505558 -0.01228480 -0.02523451 -0.00634940
962.5  -0.96569249 0.05490769 0.00722978 0.03100049 0.00699816 -0.01813321 0.00391892 0.01608583 0.02383083 0.02946397
963.0  0.49897317 0.11792585 0.01134260 0.00512145 0.01911875 0.02742429 -0.03189580 -0.00440970 -0.01389560 -0.04628196
963.5  0.30486540 0.13265821 -0.02101140 -0.02659428 -0.01800708 -0.00953614 0.03687253 -0.01077377 0.00052111 0.05263378
964.0  -0.91601763 0.08900313 0.01726694 -0.02471700 -0.00592847 0.01578462 -0.01496948 0.01683651 0.01128164 -0.05166179
964.5  0.85510161 0.01403555 0.00005692 0.01099260 0.02476810 0.02678845 -0.01072122 -0.01942455 -0.02110412 0.04499923
965.0  -0.11228329 -0.08221860 -0.01941105 0.03346376 -0.01543419 0.01349193 0.03716487 0.00928027 0.02305031 -0.03674402
965.5  -0.73022159 -0.13449185 0.02223878 0.01396062 -0.01262339 0.00646514 -0.03224277 0.00446709 -0.01859418 0.02527360
966.0  0.96521545 -0.10369604 -0.00287801 -0.01875054 0.02416234 -0.02100562 0.01089627 -0.01779430 0.00994539 -0.01236049
966.5  -0.39991438 -0.03105297 -0.01878188 -0.03104862 -0.00684042 -0.02874478 0.01512095 0.02488688 0.00395875 -0.00267150
967.0  -0.48127636 0.06412664 0.02182892 -0.00762069 -0.01724530 -0.01841600 -0.03432038 -0.01515793 -0.01588143 0.01687412
967.5  0.97586566 0.13156506 -0.00563817 0.02917601 0.01428534 0.00404893 0.02631147 0.00014388 0.02594050 -0.03193462
968.0  -0.71132614 0.11703920 -0.01553227 0.02242686 0.00487025 0.02428178 0.00221159 0.00853717 -0.02761923 0.04449690
968.5  -0.12274881 0.05194026 0.02210372 -0.00925334 -0.02453606 0.02718597 -0.02900958 -0.00447793 0.01594931 -0.04833389
969.0  0.87100287 -0.04438407 -0.00734903 -0.03032771 0.01706041 0.01392647 0.03406449 -0.00988266 0.00282125 0.04905052
969.5  -0.86676133 -0.12672972 -0.01525435 -0.01726792 0.01103495 -0.00661539 -0.02135586 0.00944227 -0.02010219 -0.04487983
970.0  0.05270815 -0.11817418 0.02356422 0.01783592 -0.02672861 -0.02280040 0.00275938 0.00390632 0.02842474 0.03732100
970.5  0.82119751 -0.03085742 -0.00477844 0.03252390 0.01535391 -0.03029927 0.01439498 -0.01824632 -0.02393384 -0.02909928
971.0  -0.89385415 0.07175392 -0.01937753 0.01046807 0.01266628 0.02733638 -0.02581588 0.02458309 0.00854205 0.01780302
971.5  0.12938208 0.13107961 0.02107398 -0.01891772 -0.03071057 -0.00389431 -0.02959073 -0.01406647 0.00710209 -0.00389618
972.0  0.72619287 0.10820442 -0.00438476 -0.02566146 0.01509485 -0.02383973 -0.01575183 0.00172976 -0.01764833 -0.01120612
972.5  -0.97265020 0.02685496 -0.01537592 0.00195809 0.01897411 0.03971830 0.01092528 0.01452939 0.01748265 0.02549658
973.0  0.48265372 -0.06227995 0.02275445 0.02510092 -0.02814864 -0.02982191 0.02163870 -0.02514926 -0.00844514 -0.03858133
973.5  0.35317126 -0.12200212 -0.01290813 0.01280409 -0.00051071 -0.00136837 0.02840595 0.01308840 -0.00616897 0.04627291
974.0  -0.93698812 -0.12542465 -0.00633841 -0.01107483 0.03230586 0.03416263 0.01297448 0.00108303 0.01352656 -0.04592307
974.5  0.82428649 -0.07425509 0.02061211 -0.02829537 -0.01238383 -0.04244481 -0.00854206 -0.01562356 -0.01267070 0.03775744
975.0  -0.06160977 0.01756642 -0.01926570 0.00345302 -0.01472450 0.01798418 -0.02835223 0.02126440 0.00270109 -0.02679250
975.5  -0.75994358 0.10126271 0.00106946 0.03179216 0.02365721 0.01281656 -0.02871546 -0.01379822 0.00661828 0.00975357
976.0  0.95559631 0.12871935 0.01781887 0.01771072 -0.00262458 -0.04206681 -0.00413152 0.00308466 -0.01097600 0.00711114
976.5  -0.36136089 0.10375471 -0.02041662 -0.02006895 -0.02041685 0.03956187 0.01156346 0.00782508 0.01232011 -0.02433183
977.0  -0.51541331 0.02831661 0.00727532 -0.03111375 0.01661251 -0.00485320 0.02778559 -0.01753164 -0.00958355 0.04068796
977.5  0.98021958 -0.06178072 0.01056454 0.00389533 0.01041445 -0.03152600 0.02272224 0.02017632 0.00362241 -0.05039599
978.0  -0.70294581 -0.11225577 -0.02184201 0.03299913 -0.02213091 0.04300932 -0.00101376 -0.01470855 0.00336634 0.04995241
978.5  -0.09898088 -0.13224343 0.01759369 0.01156886 0.00136565 -0.01576733 -0.02071765 0.00126262 -0.00930540 -0.03739699
979.0  0.83175895 -0.10249294 0.00064333 -0.02510120 0.02265336 -0.02645835 -0.02686651 0.01400747 0.01164176 0.01813995
979.5  -0.92407768 -0.02151321 -0.02049316 -0.02481131 -0.01493761 0.04283354 -0.01624355 -0.02413793 -0.01063106 0.00387044
980.0  0.24998417 0.05728779 0.02314579 0.00929649 -0.01312315 -0.02414820 0.00651474 0.02281200 0.00501685 -0.02765076
980.5  0.65539660 0.11820149 -0.00731162 0.03322186 0.02205235 -0.01163242 0.02345711 -0.01100295 0.00214963 0.04382333
981.0  -0.97561805 0.13290808 -0.01472551 0.00986355 -0.00390776 0.03985402 0.02702287 -0.00540262 -0.00795114 -0.05170062
981.5  0.42012488 0.07539981 0.02623040 -0.02841708 -0.01900834 -0.03857778 0.01654892 0.02235040 0.01161604 0.05037513
982.0  0.48971436 -0.00630078 -0.01569986 -0.02531028 0.01774248 0.01169822 -0.00239106 -0.02809410 -0.00946799 -0.03969354
982.5  -0.97907505 -0.07878702 -0.00576335 0.01530605 0.00794574 0.02359120 -0.02503724 0.01463353 0.00375743 0.02030786
983.0  0.70953131 -0.12915345 0.02532686 0.03394338 -0.02221431 -0.04481195 -0.02693727 -0.00064283 0.00212797 0.00641615
983.5  0.07343466 -0.12596892 -0.02887400 -0.00024174 0.00029719 0.02619685 -0.01737623 -0.02993297 0.00629771 -0.02990552
984.0  -0.80617250 -0.08017203 0.00948756 -0.02662635 0.02080766 0.00330403 -0.01598521 0.01984051 -0.01643914 0.04577880
984.5  0.94703818 -0.00720108 0.01688273 -0.01641485 -0.00784265 0.03910572 0.01764861 -0.01460182 0.00992448 -0.05137870
985.0  -0.34276044 0.07809712 -0.02984541 0.01321120 -0.01385992 0.05156439 0.00983680 -0.00089740 0.00091650 0.04913751
985.5  -0.56125135 0.12888539 0.01983629 0.03039272 0.01492414 0.02790061 -0.00925705 0.01300248 -0.00742225 -0.03915530
986.0  0.98691719 0.11640437 0.00661104 0.00571711 0.00028461 -0.02015736 0.01737536 0.01962914 0.00943829 0.02593734
986.5  -0.52859737 0.04294660 -0.02773207 -0.02619108 -0.01574160 -0.04963309 -0.01362884 0.01612320 -0.01136544 -0.01125390
987.0  -0.40182057 -0.05395413 0.02388567 -0.02289267 0.01246946 -0.04495978 -0.00311867 0.00642730 0.00797481 -0.00304250
987.5  0.97074838 -0.12003776 0.00128227 0.00778144 0.00711670 -0.00214489 0.01532043 -0.00572021 -0.00478163 0.01861625
988.0  -0.71162904 -0.12818973 -0.02533331 0.02594928 -0.01870017 0.04592259 -0.01789126 -0.01356889 0.00073678 -0.03337636
988.5  -0.12370809 -0.07088146 0.02734145 0.00901113 0.00571380 0.05140034 0.00879597 -0.01466180 0.00447513 0.04424632
989.0  0.85580348 0.02080109 -0.00656435 -0.01586684 0.00995068 0.00829883 0.00902115 -0.00899011 -0.00812233 -0.04951288
989.5  -0.90744007 0.09618244 -0.02062798 -0.01781693 -0.01257080 -0.04322835 -0.01973295 -0.00176558 0.01099672 0.04869483
990.0  0.21838264 0.13402893 0.02859771 0.00541953 -0.00009777 -0.05546713 0.01417073 0.00245154 -0.01149173 -0.04542428
990.5  0.66218863 0.09988149 -0.01189418 0.01930369 0.01256770 -0.01728395 -0.00070940 0.00720284 0.00882018 0.03453687
991.0  -0.97757758 0.00380665 -0.01677468 0.00427842 -0.00863775 0.03458281 -0.01391352 0.01127582 -0.00377905 -0.02289614
991.5  0.44002151 -0.08203031 0.03094092 -0.01770993 -0.00507596 0.05571902 0.02012232 0.01313835 -0.00371055 0.00963030
992.0  0.46561051 -0.12877084 -0.01663769 -0.01743898 0.01471597 0.03417125 -0.00901649 0.01201144 0.00978711 0.00644596
992.5  -0.97318206 -0.11468313 -0.01277686 0.00612287 -0.00705946 -0.01490234 -0.00681298 0.00178736 -0.01382521 -0.02215505
993.0  0.74414655 -0.03452814 0.03047795 0.02352673 -0.01068712 -0.05109285 0.01561555 -0.01175406 0.01245542 0.03774539
993.5  -0.00677118 0.04602947 -0.02461242 0.00763661 0.01114587 -0.03976284 -0.02163166 -0.02296905 -0.00130414 -0.05019747
994.0  -0.72733717 0.10865931 0.00094969 -0.01955471 0.00227653 0.00114303 0.00154265 -0.01937853 -0.00386384 0.05617286
994.5  0.98132212 0.13557914 0.02280496 -0.01902692 -0.01033718 0.03989435 0.02052378 0.00168948 0.00914365 -0.05465713
995.0  -0.55853725 0.08930887 -0.02843674 0.00804593 0.00745840 0.04703391 -0.02133737 0.02238623 -0.00690926 0.04507366
995.5  -0.29603080 0.00327768 0.01104732 0.02446632 0.00351676 0.01390548 0.00464899 0.03486863 -0.00162349 -0.02858875
996.0  0.93564167 -0.08669683 0.01596177 0.00855895 -0.01252255 -0.02216186 0.00847882 0.01533051 0.00335737 0.01244957
996.5  -0.78980998 -0.13404148 -0.02840769 -0.01672792 0.00708834 -0.04805469 -0.00451036 0.00178092 -0.00497852 0.00329940
997.0  -0.04918668 -0.09241965 0.01352175 -0.02340973 0.00587803 -0.03950650 0.01052426 -0.02941247 0.00973191 -0.01911918
997.5  0.84347867 0.00547324 0.01489773 -0.00589301 -0.01246116 -0.01218073 0.00550184 0.03269834 -0.01656147 0.03357139
998.0  -0.90295881 0.09671219 -0.02494820 0.02025433 0.00505106 0.02868222 -0.01398151 -0.02010897 0.01733320 -0.04582196
998.5  0.20749481 0.13282492 0.01099476 0.02343304 0.00478826 0.04692987 0.01014126 0.00031272 -0.01010369 0.05483415
999.0  0.64923250 0.09532927 0.01159499 -0.00570681 -0.01165895 0.03007462 0.00407224 0.02019336 -0.00212562 -0.05770073
999.5  -0.98412669 0.00930008 -0.02486434 -0.02476772 0.00518200 -0.00839761 -0.01586626 -0.02576541 0.01572578 0.05460313
1000.0  0.52483906 -0.08335615 0.01626194 -0.01158506 0.01110783 -0.04219806 0.01738152 0.01649562 -0.02473754 -0.04311650
