0.0  1.00000000 0.00000000 0.00000000 0.00000000 0.00000000 0.00000000 0.00000000 0.00000000 0.00000000 0.00000000
0.5  0.52103177 0.00836129 0.00004467 0.00023386 0.00033434 -0.00098840 -0.00197236 -0.00029277 0.00065169 -0.00019754
1.0  -0.42683703 -0.00258570 -0.00009685 0.00063063 -0.00091378 0.00296119 -0.00198013 -0.00047419 0.00095127 0.00120107
1.5  -0.98491072 -0.01129699 -0.00008185 0.00086859 -0.00152583 0.00015515 -0.00128498 -0.00085624 0.00075803 0.00128501
2.0  -0.72301956 -0.00002822 -0.00023512 0.00065332 -0.00134483 -0.00517887 0.00044896 0.00001065 -0.00026837 -0.00056407
2.5  0.12814019 -0.00408926 0.00010462 -0.00107666 0.00171007 0.00212155 0.00143889 0.00108864 -0.00142250 -0.00137019
3.0  0.88589110 0.00663615 0.00035165 -0.00221558 0.00271757 -0.00083842 0.00184645 0.00097676 -0.00181617 -0.00091554
3.5  0.86892872 0.01073589 0.00007055 -0.00099621 0.00114033 0.00000012 0.00086245 0.00048961 -0.00111086 0.00023994
4.0  0.00851120 -0.00537470 -0.00002718 0.00112313 -0.00091958 0.00418873 -0.00143803 0.00035016 -0.00013628 -0.00025727
4.5  -0.87930794 -0.00237802 0.00006208 0.00194284 -0.00147172 -0.00433590 -0.00220571 -0.00003779 0.00057833 -0.00024703
5.0  -0.81944232 -0.00181405 -0.00016225 0.00118966 -0.00068271 0.00143284 -0.00239644 -0.00046102 0.00056460 -0.00101026
5.5  0.15263571 -0.00551223 -0.00011477 -0.00281973 -0.00115213 -0.00020950 -0.00061423 -0.00078890 0.00027617 0.00127694
6.0  0.95238948 0.00740068 0.00006001 -0.00336710 -0.00020454 -0.00208334 0.00060679 0.00066854 0.00053254 0.00149378
6.5  0.70550185 0.00367338 -0.00023634 -0.00103683 0.00147759 0.00341485 -0.00009943 -0.00092981 0.00081430 0.00278412
7.0  -0.30220858 -0.00602536 0.00003956 0.00046401 0.00271060 -0.00332229 0.00311418 -0.00334655 0.00077533 0.00220737
7.5  -0.98552813 0.00391494 0.00077074 0.00110634 0.00253462 0.00128134 0.00519761 -0.00285028 -0.00038006 0.00274451
8.0  -0.59016849 -0.00076210 -0.00004771 0.00051956 0.00046514 -0.00189849 0.00442131 0.00018438 -0.00138321 0.00559554
8.5  0.48208384 -0.00467799 -0.00036457 -0.00157617 -0.00342170 -0.00215999 0.00242180 0.00319130 -0.00082189 0.00546854
9.0  0.99556657 0.00467001 -0.00027862 -0.00231749 -0.00394355 0.00354571 -0.00006720 0.00286590 -0.00017461 0.00446336
9.5  0.29152164 -0.00295102 -0.00006283 -0.00081181 -0.00175360 -0.00482590 -0.00245079 0.00035727 -0.00067973 0.00401076
10.0  -0.77882496 -0.00157657 0.00005096 0.00209746 0.00425022 0.00271929 -0.00401302 -0.00127687 -0.00073858 0.00274651
10.5  -0.87704371 0.00895380 0.00033840 0.00314435 0.00582934 0.00023634 -0.00500465 -0.00020566 0.00104968 0.00159472
11.0  0.08214052 -0.00383117 -0.00014936 0.00151319 0.00234957 -0.00086427 -0.00477067 0.00158297 0.00276249 0.00017945
11.5  0.93073723 -0.00422075 -0.00011228 -0.00260279 -0.00178852 0.00297175 -0.00270875 0.00137383 0.00288227 -0.00160927
12.0  0.76335330 0.00075471 0.00033480 -0.00345769 -0.00396758 -0.00506460 0.00245127 -0.00036758 0.00134655 -0.00188896
12.5  -0.18019248 -0.00593099 -0.00000953 0.00012052 -0.00245769 0.00344642 0.00391299 -0.00231333 -0.00072179 -0.00293157
13.0  -0.94030256 0.00883776 -0.00039226 0.00485308 0.00128288 -0.00015492 0.00709894 -0.00077526 -0.00007439 -0.00411110
13.5  -0.75923235 0.00478856 0.00010326 0.00288893 0.00401547 -0.00209466 -0.00468918 -0.00073794 0.00201814 -0.00558217
14.0  0.21703884 -0.00453184 -0.00013083 -0.00146027 0.00083339 0.00493243 0.00762384 0.00294717 0.00081716 -0.00851987
14.5  0.97025178 0.00043716 0.00004683 -0.00329851 -0.00238318 -0.00531965 -0.00251399 0.00171255 0.00036735 -0.00790883
15.0  0.63639796 -0.00873926 0.00052777 -0.00075138 -0.00222701 -0.00037905 -0.00389661 0.00060908 -0.00085681 -0.00412536
15.5  -0.42193849 0.00139126 -0.00029246 0.00060016 0.00181009 0.00543359 0.00212453 -0.00094535 -0.00230504 -0.00174653
16.0  -0.99949707 0.01066062 -0.00043151 0.00114754 0.00191276 -0.00828720 -0.00096986 -0.00089572 -0.00255755 -0.00064116
16.5  -0.49310586 -0.00220598 0.00005239 0.00046771 -0.00047966 0.00712500 0.00074495 0.00137575 -0.00195729 0.00162116
17.0  0.50993528 0.00201627 -0.00009541 -0.00044738 -0.00287924 -0.00030818 0.00274951 0.00182911 -0.00065091 0.00343843
17.5  0.99986834 -0.00584549 0.00033236 -0.00069240 -0.00183832 -0.00669072 -0.00309731 0.00080117 0.00065338 0.00649636
18.0  0.52713096 -0.00691294 0.00001630 0.00015319 0.00166912 0.00850154 0.00011415 -0.00049250 0.00165162 0.00686721
18.5  -0.46056939 0.00740430 -0.00013616 0.00116361 0.00223178 -0.00475448 -0.00014102 -0.00194173 0.00195890 0.00695830
19.0  -0.99938021 -0.00119404 0.00024116 0.00043587 0.00032572 -0.00178512 -0.00139318 -0.00123461 0.00218220 0.00564502
19.5  -0.49119135 0.00306354 -0.00008546 -0.00063442 -0.00129607 0.00762473 0.00336283 -0.00045178 0.00423461 0.00436643
20.0  0.56670940 0.00245232 -0.00000035 -0.00108659 -0.00498551 -0.00850891 -0.00278338 -0.00055869 0.00375555 0.00257484
20.5  0.98679702 -0.00765265 0.00003351 0.00006561 -0.00305683 0.00553026 0.00131559 0.00040396 0.00228257 0.00017575
21.0  0.27684369 0.00404055 -0.00007872 0.00311539 0.00226086 -0.00118342 -0.00054210 -0.00010924 -0.00066689 -0.00276616
21.5  -0.73820917 0.00035902 0.00008940 -0.00098483 0.00491810 -0.00454981 -0.00258604 -0.00125679 -0.00302393 -0.00397189
22.0  -0.94123264 -0.00529573 -0.00027766 -0.00353576 0.00125218 0.00809841 0.00536709 -0.00128898 -0.00286266 -0.00527179
22.5  -0.16726119 0.00555079 0.00010833 0.00156083 -0.00600032 -0.00686980 -0.00525739 -0.00260314 -0.00127619 -0.00509057
23.0  0.76839564 -0.00221320 0.00025870 0.00479423 -0.00101781 0.00173922 0.00129066 -0.00235307 0.00037252 -0.00496952
23.5  0.93743829 0.00163430 -0.00063750 -0.00113394 0.00360113 0.00536152 0.00196497 -0.00172985 0.00079882 -0.00419139
24.0  0.14098676 0.00598548 0.00017951 -0.00628217 0.00242170 -0.00832008 0.00200917 -0.00113949 0.00016371 -0.00556204
24.5  -0.82391702 -0.00865249 0.00068190 -0.00380189 -0.00395652 0.00766876 -0.00173794 0.00020951 -0.00094704 -0.00521281
25.0  -0.85559784 -0.00230394 -0.00039161 0.00397761 -0.00397485 -0.00424135 -0.00070393 0.00245728 -0.00115726 -0.00344846
25.5  0.14387724 0.00408611 0.00001854 0.00616345 0.00088311 -0.00256527 0.00205150 0.00387745 -0.00048713 -0.00202749
26.0  0.96929915 -0.00117588 0.00065245 0.00119033 0.00362953 0.00706994 -0.00456492 0.00365190 -0.00071820 -0.00154751
26.5  0.60727737 0.00647439 -0.00065857 -0.00486769 0.00244020 -0.00806351 0.00674991 0.00093544 -0.00151210 -0.00163696
27.0  -0.46820446 0.00055264 -0.00033687 -0.00488362 -0.00148027 0.00517008 -0.00418138 -0.00101487 -0.00167440 -0.00224428
27.5  -0.99950474 -0.01126901 0.00094087 -0.00020213 -0.00419151 0.00065975 -0.00032289 -0.00193310 -0.00129228 -0.00341330
28.0  -0.44435829 0.00191578 -0.00011821 0.00469964 -0.00233748 -0.00610897 0.00399631 -0.00153109 -0.00023809 -0.00346631
28.5  0.57504829 0.00239958 -0.00068526 0.00461663 0.00059781 0.00691926 -0.00828453 -0.00237733 0.00099238 -0.00319732
29.0  0.99269150 0.00012130 0.00047690 -0.00080548 0.00298988 -0.00389993 0.00823635 -0.00259041 0.00097721 -0.00205379
29.5  0.34793529 0.00778660 -0.00006153 -0.00523810 0.00260599 -0.00027529 -0.00325335 -0.00160285 0.00068193 -0.00287256
30.0  -0.68997774 -0.00499482 -0.00033232 -0.00465658 0.00033558 0.00433308 -0.00125531 -0.00080616 0.00036162 -0.00264382
30.5  -0.94735965 -0.00590178 0.00035415 0.00057780 -0.00255492 -0.00546289 0.00588611 0.00137778 0.00037768 -0.00191511
31.0  -0.10321407 0.00542807 0.00019936 0.00624231 -0.00419929 0.00198570 -0.00895402 0.00541893 0.00096413 -0.00186540
31.5  0.85823451 -0.00260063 -0.00028822 0.00571719 0.00074581 0.00334721 0.01039467 0.00301334 -0.00235311 -0.00129658
32.0  0.83764701 0.00058227 0.00003639 -0.00102890 0.00430860 -0.00599118 -0.00615575 0.00413704 -0.00002866 -0.00162501
32.5  -0.09694578 0.00508208 0.00017072 -0.00525280 0.00215410 0.00242556 -0.00290979 -0.00006308 -0.00121400 -0.00161870
33.0  -0.91812971 -0.00603877 -0.00019533 -0.00531331 -0.00399437 0.00449717 0.00560792 -0.00253837 -0.00204801 -0.00076230
33.5  -0.79751717 0.00249051 -0.00017237 0.00157822 -0.00559652 -0.00879733 -0.00348051 -0.00362760 -0.00223958 0.00037791
34.0  0.13574363 0.00259991 -0.00018095 0.00510702 0.00125838 0.01020665 0.00213097 -0.00322673 -0.00205937 0.00412867
34.5  0.93751839 -0.00690221 0.00012769 0.00265670 0.00614896 -0.00317320 0.00171157 -0.00275954 -0.00106492 0.00536746
35.0  0.73004696 0.00317170 0.00040845 -0.00256913 0.00508798 -0.00659594 -0.00437034 -0.00262644 0.00053790 0.00505950
35.5  -0.30637118 0.00055094 -0.00019463 -0.00734013 -0.00176897 0.00970435 0.00248326 -0.00156586 0.00196812 0.00606946
36.0  -0.99256088 -0.00196382 0.00004260 -0.00319717 -0.00566710 -0.00862728 -0.00087332 0.00083912 0.00264211 0.00671195
36.5  -0.53446313 0.00774951 0.00014703 0.00327673 -0.00507467 0.00313734 -0.00063712 0.00423070 0.00256984 0.00935691
37.0  0.50860302 -0.00380940 0.00005291 0.01019468 0.00187850 0.00809138 0.00361774 0.00582143 0.00238694 0.01108544
37.5  0.99952529 -0.00631551 -0.00036621 0.00470435 0.00659417 -0.01241760 -0.00299764 0.00440563 0.00253834 0.01173153
38.0  0.51081686 0.00266671 0.00021661 -0.00630003 0.00475482 0.00409293 -0.00071560 0.00103678 0.00262243 0.01370232
38.5  -0.43317021 -0.00418917 0.00005051 -0.01024488 -0.00309940 0.00448655 0.00105878 -0.00217746 0.00197281 0.01292532
39.0  -0.98843715 0.00733208 -0.00024120 0.00137754 -0.00776392 -0.01065243 -0.00145180 -0.00385448 0.00046992 0.00976115
39.5  -0.67446638 0.00424192 0.00054783 0.01185222 -0.00106102 0.01010742 0.00122704 -0.00455113 -0.00152504 0.00465834
40.0  0.25932133 -0.00487176 -0.00006187 0.00694703 0.00559963 0.00105059 0.00078919 -0.00327411 -0.00307894 0.00106978
40.5  0.96135969 0.00216231 -0.00038757 -0.00913493 0.00478206 -0.00931680 0.00021132 -0.00113714 -0.00341740 -0.00255190
41.0  0.71352050 -0.00727528 -0.00022024 -0.01144179 -0.00687816 0.00949955 -0.00301001 -0.00058740 -0.00240237 -0.00126954
41.5  -0.26997596 0.00090309 -0.00036882 0.00403269 -0.00465631 -0.00759825 0.00476452 0.00386490 -0.00276277 -0.00238898
42.0  -0.97450458 0.00645271 0.00035067 0.01017337 0.00869622 0.00119013 -0.00274383 0.00446218 -0.00263966 -0.00542004
42.5  -0.66381877 -0.00384539 0.00067981 0.00147514 0.01152609 0.00627662 -0.00455520 0.00347074 -0.00308052 -0.00753846
43.0  0.33234709 0.00437717 -0.00024893 -0.00422948 0.00099326 -0.00697419 0.00802294 0.00242262 -0.00318745 -0.00872392
43.5  0.98605738 -0.00293778 0.00023542 -0.00577531 -0.01230016 0.00383393 -0.00847012 0.00092398 -0.00157097 -0.01002679
44.0  0.61038863 -0.00404683 -0.00015481 0.00022537 -0.01065673 0.00095800 0.00411757 0.00084195 -0.00087100 -0.01087312
44.5  -0.43536181 0.00608069 -0.00066502 0.00450501 0.00355666 -0.00429770 0.00397339 0.00049891 -0.00073299 -0.01082280
45.0  -0.99942298 -0.00429421 0.00063990 0.00178304 0.01410251 0.00453408 -0.00922680 -0.00115125 -0.00140304 -0.00955746
45.5  -0.35331327 0.00024312 0.00018666 -0.00259727 0.00925779 -0.00223638 0.00956889 -0.00334282 -0.00108016 -0.00940254
46.0  0.75259872 0.00490369 -0.00070629 -0.00420219 -0.00276408 -0.00277719 -0.00637062 -0.00428311 0.00167775 -0.00894100
46.5  0.87514894 -0.00464842 0.00027631 -0.00038776 -0.01256602 0.00521106 0.00073253 -0.00307516 0.00357614 -0.00675835
47.0  -0.14189607 0.00220530 0.00031608 0.00372765 -0.01035064 -0.00264473 0.00672403 -0.00048270 0.00505094 -0.00214301
47.5  -0.96718638 0.00085030 0.00042331 0.00455824 0.00302062 0.00005203 -0.01020554 0.00110282 0.00599420 0.00031918
48.0  -0.64710736 -0.00772921 -0.00048936 -0.00046971 0.01356288 0.00276165 0.00852223 0.00216752 0.00538611 0.00180804
48.5  0.35913640 0.00551060 -0.00018569 -0.00452011 0.00776130 -0.00483400 -0.00311242 0.00267850 0.00487421 0.00408990
49.0  0.98502717 0.00225776 0.00025324 -0.00174235 -0.00828223 0.00101882 -0.00428939 0.00251232 0.00255282 0.00655493
49.5  0.66681848 -0.00016399 -0.00021232 0.00585103 -0.01359718 0.00606403 0.00879982 0.00172245 -0.00115064 0.00949562
50.0  -0.28079003 0.00496920 0.00039827 0.00509800 -0.00060288 -0.00671389 -0.00662454 0.00043763 -0.00380110 0.00977262
50.5  -0.96780674 -0.00895717 0.00019880 -0.00595439 0.01041063 0.00376287 0.00078659 -0.00272377 -0.00574234 0.00911518
51.0  -0.69576541 -0.00193186 -0.00081291 -0.01075049 0.00647912 0.00149037 0.00363806 -0.00595997 -0.00478894 0.00878863
51.5  0.29416522 0.00400597 0.00002378 -0.00214175 -0.00114683 -0.01027848 -0.00230984 -0.00715945 -0.00186032 0.00685573
52.0  0.97917952 -0.00197484 0.00050889 0.00944326 -0.00642421 0.01112146 -0.00005472 -0.00574145 0.00028531 0.00545862
52.5  0.65707064 0.00721610 -0.00011729 0.01068497 -0.00409045 -0.00536956 -0.00023917 -0.00097574 0.00056233 0.00417531
53.0  -0.31486180 -0.00089191 0.00020223 0.00168291 0.00208494 -0.00138132 -0.00290901 0.00366560 0.00014901 0.00234248
53.5  -0.97334297 -0.00722679 -0.00012100 -0.00937718 0.00493502 0.00865421 0.00136887 0.00681934 -0.00033143 -0.00058925
54.0  -0.70887934 0.00367846 -0.00094428 -0.01006691 0.00230231 -0.01143652 0.00580040 -0.00720984 -0.00024690 -0.00189032
54.5  0.23156632 -0.00313623 0.00019024 -0.00033252 -0.00231781 0.00767452 -0.00201725 -0.00641973 -0.00094963 -0.00619888
55.0  0.95802992 0.00040946 0.00047433 0.00974078 -0.00465160 0.00173356 -0.00070349 -0.00307422 -0.00124732 -0.00819610
55.5  0.70147910 0.00646140 -0.00013727 0.01037569 -0.00205632 -0.00931344 -0.00357328 0.00218714 -0.00016562 -0.00988146
56.0  -0.33456918 -0.00520855 0.00021273 0.00272265 0.00220839 0.00995906 0.00710978 0.00764809 0.00198954 -0.01040532
56.5  -0.99607646 -0.00059494 -0.00008047 -0.00694524 0.00333538 -0.00715022 -0.00887783 0.00515073 0.00343712 -0.01053051
57.0  -0.48510369 0.00501093 -0.00025963 -0.01199714 0.00256511 0.00138825 0.00312687 0.00428064 0.00365765 -0.01059544
57.5  0.58639342 -0.00530587 0.00020049 -0.00665743 -0.00222896 0.00644184 0.00309136 -0.00009077 0.00294946 -0.01038181
58.0  0.98769488 0.00006321 0.00018022 0.00453283 -0.00525503 -0.01078925 -0.00787795 -0.00290775 0.00204564 -0.01129375
58.5  0.35054079 0.00321102 -0.00031765 0.00897895 -0.00277592 0.00802646 0.00689346 -0.00364182 0.00102550 -0.01335541
59.0  -0.61438831 -0.00484286 0.00002020 0.00786589 0.00179904 -0.00185944 -0.00536840 -0.00305845 -0.00048101 -0.01368616
59.5  -0.99555110 0.00584628 0.00052646 -0.00235139 0.00465797 -0.00579031 0.00103053 -0.00118214 -0.00262539 -0.01348255
60.0  -0.45770303 0.00176419 -0.00005928 -0.00861705 0.00549227 0.01227647 0.00469643 0.00130081 -0.00333158 -0.00962514
60.5  0.52703759 -0.00551161 -0.00024300 -0.00523355 -0.00164494 -0.01272664 0.00439490 0.00219514 -0.00283289 -0.00709446
61.0  0.99824722 0.00257615 -0.00059770 0.00370961 0.00762139 0.00616170 -0.00498860 0.00347059 -0.00045429 -0.00501375
61.5  0.39853606 -0.00457395 -0.00019063 0.00825232 -0.00540394 -0.00420310 -0.00058586 0.00223698 0.00232710 -0.00251109
62.0  -0.65821449 -0.00001006 0.00045652 0.00515175 0.00016302 -0.00318320 0.00752113 0.00086123 0.00335253 0.00045548
62.5  -0.96066521 0.00872821 -0.00011715 -0.00221403 0.00723118 0.00715727 -0.01242510 -0.00260808 0.00387316 0.00266279
63.0  -0.17000018 -0.00408418 -0.00000307 -0.00587042 -0.01067421 -0.00378277 0.01177407 -0.00609154 0.00140167 0.00622433
63.5  0.80127293 -0.00078651 0.00036568 -0.00330063 -0.00049283 0.00335891 -0.01110101 -0.00443843 0.00072223 0.01084841
64.0  0.90261441 -0.00070176 -0.00044912 0.00341499 0.01071855 -0.00124088 0.00552071 -0.00507769 -0.00125607 0.01428148
64.5  0.04490552 -0.00611517 -0.00011073 0.00620746 -0.00681359 -0.00363545 0.00554078 -0.00439555 -0.00204157 0.01648895
65.0  -0.86700175 0.00773942 0.00028844 0.00273175 -0.00349606 0.00430422 -0.01213396 -0.00039861 -0.00249675 0.01603934
65.5  -0.82380175 0.00112770 -0.00018653 -0.00424145 0.00982341 -0.00215072 0.01320100 0.00346450 -0.00363745 0.01390749
66.0  0.19004040 -0.00320535 -0.00020081 -0.00533977 -0.00653113 0.00151275 -0.01278467 0.00604531 -0.00300478 0.00866161
66.5  0.98255271 0.00345103 0.00032503 -0.00199567 -0.00433297 0.00152085 0.00611684 0.00663722 -0.00227075 0.00524949
67.0  0.51392793 -0.00527950 0.00003526 0.00305068 0.01114607 -0.00405678 0.00311189 0.00554362 -0.00096134 0.00216007
67.5  -0.62629212 0.00022756 -0.00041977 0.00486553 -0.00552495 0.00260453 -0.00950600 -0.00006173 0.00030679 -0.00180287
68.0  -0.95436482 0.00554986 0.00022486 0.00066083 -0.00480336 -0.00090941 -0.01401616 -0.00016428 0.00078464 -0.00532310
68.5  -0.11151970 -0.00555252 0.00009282 -0.00455606 0.00962414 -0.00172127 -0.01452134 0.00224111 0.00074970 -0.00825000
69.0  0.84034786 0.00308746 -0.00075193 -0.00555171 -0.00284904 0.00002373 -0.00954381 0.00330772 0.00282914 -0.01232938
69.5  0.87871417 0.00220424 0.00053294 0.00102058 -0.00778836 0.00115752 -0.00224866 -0.00198194 0.00369356 -0.01581614
70.0  0.02723441 -0.00441079 -0.00023892 0.00689526 0.00626332 0.00358152 0.00370967 -0.00868175 0.00232781 -0.01879905
70.5  -0.85260487 0.00424490 0.00000443 0.00211592 0.00158104 0.00251162 0.00847153 -0.01126383 0.00095106 -0.01830971
71.0  -0.86532035 -0.00640945 0.00058183 -0.00577927 -0.00684063 0.00022407 0.00895794 -0.00909189 0.00038033 -0.01444704
71.5  0.06353607 -0.00052850 -0.00053948 -0.00619629 0.00253629 -0.00196782 0.00510464 -0.00371662 0.00131253 -0.01079094
72.0  0.93345966 0.00712461 0.00006267 0.00175092 0.00394267 -0.00317526 -0.00051038 0.00305832 0.00058242 -0.00668827
72.5  0.70494415 -0.00291043 0.00062165 0.00771716 -0.00623765 -0.00281692 -0.00554563 0.00921104 -0.00072032 -0.00315677
73.0  -0.35195552 0.00285655 -0.00073229 0.00498880 0.00349676 -0.00170163 -0.00894301 0.01223410 -0.00344544 -0.00001002
73.5  -0.99472182 -0.00272458 -0.00019400 -0.00312440 0.00408184 0.00041123 -0.01013473 0.01035333 -0.00423327 0.00546749
74.0  -0.56240805 -0.00726719 0.00018044 -0.00782387 -0.00686787 0.00217427 -0.00765866 0.00348346 -0.00423301 0.00865608
74.5  0.42709511 0.00683064 -0.00064372 -0.00309794 0.00279597 0.00197806 0.00158601 -0.00358899 -0.00214330 0.01367924
75.0  0.99379316 -0.00055919 0.00056537 0.00521296 0.00306575 -0.00078031 0.01293940 -0.00195545 0.00065360 0.01563431
75.5  0.60980143 0.00181145 0.00070968 0.00711025 -0.00499069 -0.00417783 0.01660950 0.00317537 0.00450204 0.01543771
76.0  -0.37802590 0.00383505 -0.00070884 0.00042639 0.00387041 -0.00490819 0.01164111 0.00482996 0.00681584 0.01366204
76.5  -0.99384501 -0.00801778 0.00016674 -0.00558111 0.00137260 -0.00076924 0.00161753 0.00343919 0.00684163 0.01087959
77.0  -0.54147477 0.00179231 0.00025518 -0.00503716 -0.00541959 0.00620034 -0.00833123 0.00204149 0.00421985 0.00805094
77.5  0.52544321 0.00293639 -0.00070180 0.00175651 0.00330977 0.01031098 0.01455245 0.00267887 -0.00139305 0.00548904
78.0  0.99358283 -0.00418207 -0.00007938 0.00667207 0.00134385 0.01017602 -0.01438291 -0.00151574 -0.00346425 0.00404700
78.5  0.34480472 0.00478164 0.00058216 0.00420036 -0.00583474 0.00301361 0.00551913 -0.00349529 -0.00629755 0.00405522
79.0  -0.66180203 -0.00030210 -0.00064200 -0.00197455 0.00365363 -0.00286607 0.00128994 -0.00562035 -0.00355182 0.00243445
79.5  -0.98147102 -0.00465964 0.00039514 -0.00621654 0.00484723 -0.00689231 -0.00989678 -0.00489446 -0.00300541 0.00026236
80.0  -0.36186928 0.00571947 0.00037647 -0.00355890 -0.00695434 -0.01037959 0.01490334 -0.00243172 -0.00327849 -0.00349603
80.5  0.58920198 -0.00357961 -0.00108646 0.00347823 0.00278447 -0.00563275 -0.01017318 0.00207994 -0.00200934 -0.00781659
81.0  0.99667974 -0.00213798 0.00020148 0.00646634 0.00456374 0.00091282 0.00114731 0.00662386 0.00013196 -0.01120914
81.5  0.42399251 0.00438956 0.00043760 0.00487639 -0.00688740 0.00679271 0.00435902 0.00986863 0.00253788 -0.01436252
82.0  -0.61627098 -0.00428572 -0.00050703 -0.00413741 0.00393689 0.00944640 -0.01249455 0.01005843 0.00406043 -0.01624263
82.5  -0.97217645 0.00333462 0.00041978 -0.00843724 0.00289960 0.00691253 0.01542408 0.00662463 0.00501773 -0.01754976
83.0  -0.17689556 0.00468652 0.00059607 -0.00301964 -0.00904719 0.00212099 -0.01006151 -0.00021340 0.00434952 -0.02057546
83.5  0.82585226 -0.00800972 -0.00076595 0.00484118 0.00470590 -0.00265842 0.00693474 -0.00562324 0.00451236 -0.01988361
84.0  0.86541456 -0.00022568 0.00056793 0.00827592 0.00398337 -0.00565960 -0.00281804 -0.00902765 0.00343763 -0.01846697
84.5  -0.03889851 0.00165634 0.00068116 0.00441096 -0.00708864 -0.00592997 -0.00943028 -0.00968968 0.00130614 -0.01589886
85.0  -0.88751809 -0.00196688 -0.00131239 -0.00605845 0.00414511 -0.00277639 0.01356488 -0.00852188 -0.00066825 -0.01247941
85.5  -0.84715948 0.00944473 0.00037336 -0.00951770 0.00334845 0.00093577 -0.01106795 -0.00408932 -0.00388809 -0.00760063
86.0  0.02919424 -0.00137368 0.00104970 -0.00360006 -0.01065009 0.00264844 0.01008916 0.00149854 -0.00465696 -0.00145865
86.5  0.88694199 -0.00691751 -0.00065341 0.00758434 0.00430843 0.00088985 0.00011291 0.00796991 -0.00577146 0.00265631
87.0  0.81568890 0.00201625 0.00011387 0.01048954 0.00691126 -0.00278267 -0.01094378 0.01069396 -0.00649028 0.00613838
87.5  -0.17232022 -0.00395541 0.00044022 0.00327384 -0.01138765 -0.00662779 0.01100751 0.00925918 -0.00508926 0.00952091
88.0  -0.96886467 0.00286206 -0.00085281 -0.00798906 0.00405033 -0.00305505 -0.01197012 0.00237205 -0.00383826 0.01156057
88.5  -0.61809999 0.00752412 -0.00016586 -0.01024803 0.00557949 0.00127359 0.00890724 0.00367200 0.00120901 0.01050344
89.0  0.45119628 -0.00656154 0.00093866 -0.00320123 -0.01233427 0.00853443 0.00170166 0.00431273 0.00549079 0.01133454
89.5  0.99951406 -0.00045553 -0.00040471 0.00693169 0.00593610 0.01232428 -0.00836062 0.00274587 0.00835867 0.01390996
90.0  0.48362009 0.00192158 -0.00035238 0.01184985 0.00721161 0.00666785 0.01264662 0.00004562 0.00968843 0.01795627
90.5  -0.50566046 -0.00530125 0.00080568 -0.00011264 -0.01102361 -0.00159026 -0.00994871 -0.00226185 0.00996787 0.02030256
91.0  -0.99928870 0.00588214 -0.00062797 -0.01080555 0.00229551 -0.01029837 0.00116595 -0.00196486 0.00775211 0.01855771
91.5  -0.52296970 -0.00196506 -0.00051306 -0.00644573 0.01005365 -0.01172554 0.00885923 -0.00052373 0.00410609 0.01044474
92.0  0.49384671 -0.00269938 0.00115335 0.00432052 -0.01050259 -0.00434907 -0.01206638 0.00044645 0.00034096 0.00493152
92.5  0.99820405 0.00711252 -0.00036398 0.01031047 -0.00022618 0.00496981 0.00979933 0.00001237 -0.00306290 0.00065262
93.0  0.37953083 -0.00412139 -0.00046110 0.00443646 0.01085976 0.01148383 -0.00425004 -0.00096415 -0.00618024 -0.00298859
93.5  -0.67778370 -0.00033937 0.00109676 -0.00710965 -0.01085112 0.01166745 -0.00271924 -0.00117376 -0.00896960 -0.00733804
94.0  -0.95834537 0.00100535 -0.00016758 -0.01023191 -0.00024456 0.00443159 0.01034711 0.00066621 -0.01124036 -0.01218170
94.5  -0.20673128 -0.00722542 -0.00096891 -0.00166321 0.01094571 -0.00493128 -0.01180767 0.00236932 -0.01379431 -0.01507079
95.0  0.73223586 0.00740728 0.00089982 0.00951624 -0.01008219 -0.01241095 0.00847420 0.00163143 -0.01044648 -0.01631899
95.5  0.96929037 0.00203466 -0.00035587 0.00742264 -0.00384763 -0.01041612 -0.00083406 -0.00227955 -0.00550116 -0.01526317
96.0  0.33979580 -0.00025116 -0.00065583 -0.00649496 0.01281173 -0.00007003 -0.00771337 -0.00553834 0.00065495 -0.01218750
96.5  -0.59306599 0.00330982 0.00129128 -0.00967538 -0.00421250 0.00904810 0.01280303 -0.00511108 0.00702370 -0.00712631
97.0  -0.99695552 -0.01048008 -0.00039789 -0.00063524 -0.01079360 0.01287799 -0.00878022 -0.00263426 0.00944077 -0.00096004
97.5  -0.44256266 0.00120666 -0.00005990 0.00819513 0.00868714 0.00669548 -0.00169974 -0.00048844 0.01130513 0.00483108
98.0  0.57938051 0.00277426 0.00085528 0.00843133 -0.00008544 -0.00356793 0.00777967 0.00104921 0.01124712 0.00906619
98.5  0.98841964 -0.00046976 -0.00152983 -0.00077045 -0.00932460 -0.01023953 -0.01180905 0.00124209 0.00803761 0.01240517
99.0  0.30810826 0.00800639 -0.00034780 -0.00855079 0.00983270 -0.01370388 0.01021647 0.00086567 0.00476486 0.01498539
99.5  -0.70420588 -0.00566914 0.00153719 -0.00866470 0.00109260 -0.00844365 -0.00172449 0.00236838 -0.00024429 0.01657392
100.0  -0.96083556 -0.00538487 -0.00055352 0.00274804 -0.01083304 0.00122645 -0.00742392 0.00468090 -0.00447984 0.01632514
100.5  -0.25262783 0.00360603 -0.00006741 0.01015535 0.00693685 0.00958725 0.00961236 0.00788471 -0.00683589 0.01710981
101.0  0.68728707 -0.00393638 0.00096366 0.00612427 0.00696341 0.01260647 -0.00923165 0.00949685 -0.00866263 0.01590337
101.5  0.97969396 0.00688743 -0.00116639 -0.00503410 -0.01183135 0.00641529 0.00557902 0.00675610 -0.00794766 0.01401562
102.0  0.33040293 0.00192980 -0.00006968 -0.01005218 0.00147467 -0.00316900 0.00631587 0.00093208 -0.00666849 0.00921876
102.5  -0.67605063 -0.00626129 0.00149030 -0.00214627 0.00929508 -0.00976540 -0.00989369 -0.00529067 -0.00532609 0.00344401
103.0  -0.95321296 0.00400456 -0.00104216 0.00869051 -0.01032802 -0.01033618 0.00955069 -0.01001789 -0.00385876 -0.00163477
103.5  -0.08734315 -0.00253376 -0.00034107 0.00869269 0.00326551 -0.00455849 -0.01014216 -0.01247695 -0.00321308 -0.00413490
104.0  0.89694154 -0.00277733 0.00151139 0.00079578 0.00807202 0.00313722 0.00386114 -0.01370301 -0.00193207 -0.00615846
104.5  0.73552534 0.00583834 -0.00078699 -0.00764969 -0.01187384 0.00891398 0.00436764 -0.01364889 -0.00061618 -0.00829770
105.0  -0.34669009 -0.00339661 -0.00095094 -0.00717474 0.00400528 0.01008731 -0.00840303 -0.01189378 0.00105654 -0.01031630
105.5  -0.99760324 -0.00011020 0.00094173 -0.00137677 0.00775067 0.00758164 0.01074680 -0.00776981 0.00344750 -0.01252167
106.0  -0.47807024 0.00711761 -0.00015499 0.00663866 -0.01188394 0.00189056 -0.00996896 -0.00174772 0.00595873 -0.01012087
106.5  0.58571931 -0.00671039 -0.00067205 0.00551957 0.00531069 -0.00567748 0.00274586 0.00370093 0.00831839 -0.01087223
107.0  0.98206253 -0.00348070 0.00111134 0.00076208 0.00767419 -0.01126982 0.00303454 0.00731410 0.01031493 -0.01267752
107.5  0.22919997 0.00350590 0.00048119 -0.00270127 -0.01381511 -0.00846744 -0.01002267 0.00875130 0.01122958 -0.00917185
108.0  -0.81080380 -0.00210290 -0.00127889 -0.00486770 0.00501096 -0.00909923 0.00792623 0.00833590 0.01120990 -0.00925105
108.5  -0.84008164 0.00622720 -0.00007323 -0.00238717 0.00701139 -0.00134733 -0.01046440 0.00491911 0.00845066 -0.01085649
109.0  0.20281744 0.00376486 0.00112912 0.00174210 -0.01423282 0.00505583 0.00575283 0.00515839 0.00548060 -0.01149895
109.5  0.98329355 -0.01151050 -0.00053058 0.00325239 0.01042779 0.00897906 -0.00057633 0.00764122 0.00013478 -0.01153850
110.0  0.56652945 -0.00151000 -0.00050639 0.00264328 0.00085471 0.00791664 -0.00498781 0.01156202 -0.00426354 -0.01265118
110.5  -0.47269985 0.00546174 0.00100371 0.00017857 -0.01180266 0.00372349 0.01191557 0.01093965 -0.00818729 -0.01282334
111.0  -0.99871137 -0.00070340 -0.00046198 -0.00278727 0.01327203 -0.00081263 -0.01147210 0.00516397 -0.01257516 -0.01337379
111.5  -0.58157423 0.00805131 -0.00053651 -0.00152779 -0.00308135 -0.00434720 0.00550770 -0.00355393 -0.01327444 -0.01301182
112.0  0.33527534 -0.00184951 0.00103894 0.00198498 -0.01185546 -0.00378607 0.00567345 -0.01062654 -0.01172835 -0.01079589
112.5  0.96417703 -0.00783683 -0.00060694 0.00277998 0.01248832 0.00032546 -0.01293068 -0.01304554 -0.00813466 -0.00714928
113.0  0.75377858 0.00292717 -0.00031547 0.00054461 0.00085531 0.00373287 0.01113304 -0.01035652 -0.00171965 -0.00399918
113.5  -0.15652378 -0.00430577 0.00104142 -0.00067022 -0.01205788 0.00469996 -0.00514001 -0.00439016 0.00418859 -0.00009879
114.0  -0.92812161 0.00249301 -0.00043718 -0.00240327 0.00972441 -0.00113521 -0.00542961 0.00244059 0.00963659 0.00392837
114.5  -0.79044741 0.00580930 -0.00040843 -0.00123929 0.00339322 -0.00149628 0.01329072 0.00742982 0.01408301 0.00908369
115.0  0.11512128 -0.00606285 0.00099742 0.00061595 -0.01080705 0.00132129 -0.01279352 0.00994695 0.01502823 0.01414450
115.5  0.90186174 0.00384404 -0.00082309 0.00251577 0.00744764 -0.00024524 0.00652922 0.00885727 0.01523126 0.01678532
116.0  0.85127431 0.00009174 -0.00028774 0.00153083 0.00527198 0.00233756 -0.00028394 0.00516436 0.00962066 0.01751805
116.5  0.01895506 -0.00374316 0.00101567 -0.00036133 -0.01302505 -0.00668562 -0.01095631 0.00224236 0.00022979 0.01668157
117.0  -0.84373391 0.00463915 -0.00151938 -0.00375840 0.00191207 0.00827140 0.01123088 -0.00110736 -0.00859582 0.01495986
117.5  -0.87658442 -0.00693529 0.00032235 -0.00239073 0.01094964 -0.00291427 -0.00477755 -0.00176173 -0.01621458 0.01237347
118.0  0.05193567 -0.00022797 0.00099714 0.00209095 -0.00857217 -0.00359836 0.00295348 -0.00211530 -0.01880993 0.00950737
118.5  0.94202330 0.00808842 -0.00123318 0.00476059 -0.00024572 0.00936567 0.00300007 -0.00233942 -0.01891189 0.00608440
119.0  0.63368956 -0.00219775 0.00007250 0.00240190 0.00787506 -0.01121590 -0.00655721 -0.00145467 -0.01689848 0.00079624
119.5  -0.53524391 0.00026187 0.00111967 -0.00319465 -0.01122796 0.00835444 0.00538034 -0.00145416 -0.01238203 -0.00336174
120.0  -0.96875463 -0.00258406 -0.00092397 -0.00377173 0.00294890 -0.00208008 -0.00380843 -0.00156727 -0.00687614 -0.00676302
120.5  -0.08921190 -0.00733197 -0.00049301 -0.00075633 0.01011276 -0.00457683 0.00367590 -0.00484550 0.00034749 -0.01004689
121.0  0.89283776 0.00954038 0.00122903 0.00332052 -0.01096358 0.01052438 -0.00422393 -0.00493653 0.00910859 -0.01300114
121.5  0.77452635 0.00551974 -0.00071800 0.00446578 -0.00026468 -0.01166738 -0.00102210 -0.00380444 0.01790023 -0.01443864
122.0  -0.22448600 -0.00423808 -0.00035768 0.00054742 0.01273641 0.00877075 0.00176853 0.00206466 0.02187364 -0.01439868
122.5  -0.96840798 -0.00049487 0.00125916 -0.00295587 -0.00939857 -0.00379291 -0.00544779 0.00880920 0.01747457 -0.01288850
123.0  -0.66163772 -0.00972047 -0.00122327 -0.00195200 -0.00517080 0.00251174 0.00729260 0.00798250 0.00780627 -0.00972838
123.5  0.38166518 0.00221118 -0.00026788 -0.00088244 0.01511498 0.00108348 -0.01045472 -0.00269647 -0.00222690 -0.00594537
124.0  0.99850110 0.00955000 0.00137933 0.00113604 -0.00752701 -0.00331387 -0.01419486 -0.00550692 -0.00834683 -0.00125546
124.5  0.45043970 -0.00221281 -0.00099064 0.00126867 -0.00778626 0.00666107 -0.01481843 -0.00648846 -0.01374826 0.00465968
125.0  -0.61794882 0.00167561 -0.00056010 0.00102662 0.01587008 -0.00559993 -0.01239186 -0.00705075 -0.01734396 0.00800278
125.5  -0.97964176 -0.00529595 0.00122817 0.00028301 -0.00519203 0.00500256 -0.00338709 -0.00726854 -0.01704532 0.01006867
126.0  -0.30353317 -0.00522548 -0.00097438 0.00081956 -0.01090648 0.00297640 0.00641705 -0.00664932 -0.01202597 0.01108949
126.5  0.65794710 0.00758765 0.00011352 -0.00083329 0.01678121 -0.00606153 0.01479979 -0.00570816 -0.00302018 0.01312974
127.0  0.98744653 -0.00194272 0.00126308 -0.00087497 -0.00024819 0.00323138 0.01735684 -0.00423027 0.00652797 0.01455079
127.5  0.39814413 0.00210251 -0.00132540 0.00088462 -0.01756923 -0.00649869 0.00915135 -0.00133882 0.01371774 0.01423816
128.0  -0.57805235 0.00257090 -0.00094234 -0.00041136 0.01491371 -0.00198129 -0.00345193 0.00282889 0.01736216 0.01391361
128.5  -0.99357602 -0.00576131 0.00184493 -0.00105572 0.00363633 0.00797938 -0.01142070 0.00757933 0.01726910 0.01177567
129.0  -0.35705238 0.00399838 -0.00112962 -0.00148221 -0.01880761 -0.00411839 -0.01363413 0.00996576 0.01397839 0.01073646
129.5  0.69170618 0.00021412 -0.00113260 -0.00041676 0.01749868 0.00544012 -0.01083465 0.00904601 0.00819215 0.00852689
130.0  0.94240042 -0.00725950 0.00231421 0.00121436 -0.00215704 -0.00153774 -0.00478918 0.00719778 -0.00049990 0.00734885
130.5  0.09214174 0.00403029 -0.00016754 0.00232112 -0.01426593 -0.00575221 0.00236717 0.00436289 -0.00959437 0.00584570
131.0  -0.85263791 0.00329515 -0.00184695 0.00064697 0.01855421 0.00692672 0.00912639 0.00000630 -0.01659927 0.00432578
131.5  -0.86320796 -0.00001124 0.00189213 -0.00169352 -0.00637475 -0.00430629 0.01342759 -0.00425937 -0.02057079 0.00097590
132.0  -0.00490973 0.00579088 0.00022347 -0.00358967 -0.01222499 0.00166043 0.01189790 -0.00734025 -0.01792407 -0.00087230
132.5  0.84344495 -0.00744786 -0.00240161 -0.00271916 0.01932684 0.00292164 0.00266357 -0.00762955 -0.01226471 -0.00397598
133.0  0.90611739 -0.00857891 0.00125481 0.00095837 -0.00736573 -0.00593394 -0.00841947 -0.00485109 -0.00465269 -0.00764936
133.5  0.12097771 0.00382774 0.00053983 0.00413221 -0.01058355 0.00656380 -0.01536399 -0.00114850 0.00344712 -0.00996359
134.0  -0.79444368 0.00098657 -0.00205242 0.00356466 0.01613596 -0.00193488 -0.01602406 0.00086674 0.01136897 -0.01160650
134.5  -0.91514099 0.00833338 0.00171936 0.00070001 -0.00761714 0.00024372 -0.00853276 0.00084780 0.01716782 -0.01413489
135.0  -0.08041764 0.00525899 0.00104270 -0.00046443 -0.00863296 0.00437660 0.00174627 -0.00021302 0.02086757 -0.01570979
135.5  0.83409841 -0.01192967 -0.00233547 -0.00803047 0.01246200 -0.00581538 0.00913670 0.00117853 0.01989551 -0.01671402
136.0  0.89497622 -0.00400909 0.00041641 -0.00323277 -0.00540460 0.00618779 0.00843158 0.00368765 0.01605411 -0.01446004
136.5  0.09258888 -0.00014050 0.00134115 0.00204216 -0.00697304 -0.00367309 0.00450722 0.00550736 0.01516341 -0.01727159
137.0  -0.78578424 0.00000520 -0.00153714 0.00321702 0.01245388 -0.00425881 0.00602002 0.01474076 0.01085194 -0.01692026
137.5  -0.94573400 0.01142003 0.00065416 0.00043024 -0.00467188 0.00585059 0.00975240 0.01768920 0.00474459 -0.01703980
138.0  -0.22941467 -0.00092426 0.00156637 -0.00372471 -0.00756198 -0.00562469 0.00803351 0.01363613 -0.00254825 -0.01533965
138.5  0.72357183 -0.00515457 -0.00238073 -0.00064646 0.01385618 0.00311807 0.00189370 0.00754517 -0.00935443 -0.01313974
139.0  0.94882242 0.00233501 0.00102758 0.00398832 -0.00495529 0.00080508 -0.00574342 0.00095401 -0.01481019 -0.01123737
139.5  0.13306288 -0.00492842 0.00223947 0.00886058 -0.00750985 -0.00753311 -0.01062326 -0.00464641 -0.01909865 -0.00982739
140.0  -0.84721947 0.00068030 -0.00267311 0.00356374 0.01343641 0.00800686 -0.01158597 -0.00951365 -0.01986244 -0.00792961
140.5  -0.82690561 0.00491411 -0.00045502 -0.00033563 -0.00380746 -0.00351613 -0.00866682 -0.01409642 -0.01683722 -0.00440191
141.0  0.17039680 -0.00509725 0.00258622 -0.00421523 -0.00752070 0.00071325 -0.00266093 -0.01516343 -0.01102040 -0.00539330
141.5  0.96049011 0.00287753 -0.00146342 -0.00630855 0.01281425 0.00613949 0.00533872 -0.01008130 -0.00283516 -0.00227701
142.0  0.69112113 0.00536574 -0.00069156 -0.00268118 -0.00450939 -0.01122825 0.00927724 -0.00124285 0.00739313 0.00079663
142.5  -0.28906613 -0.00609197 0.00253810 0.00584342 -0.01146596 0.00619316 0.00784452 0.01176469 0.01646568 0.00646861
143.0  -0.97221307 0.00046256 -0.00195500 0.00513848 0.01228592 -0.00068858 -0.00399113 0.01640122 0.02084884 0.01180748
143.5  -0.68118565 -0.00450974 -0.00117170 -0.00225783 0.00221337 -0.00444043 -0.01161958 0.01316226 0.01518548 0.01658836
144.0  0.32888393 -0.00248726 0.00246141 -0.00682951 -0.01458557 0.01095291 -0.01046561 0.00147848 0.00841837 0.01720759
144.5  0.99346163 0.01146143 -0.00136093 -0.00419248 0.00988127 -0.01119429 -0.00279547 -0.00662659 0.00114380 0.01753630
145.0  0.48884005 0.00015737 -0.00094468 0.00332769 0.00408950 0.00290407 0.00709852 -0.00915667 -0.01033774 0.01628758
145.5  -0.62393527 -0.00387226 0.00212898 0.00930196 -0.01282715 0.00145095 0.01199117 -0.00898209 0.01535970 0.01470005
146.0  -0.95966950 -0.00256462 -0.00106673 0.00240989 0.00972155 -0.00825387 0.01604892 -0.00667190 -0.01709213 0.01253183
146.5  -0.13521401 -0.00764790 -0.00129402 -0.00514775 0.00123481 0.01253933 0.01438840 -0.00430168 0.01909666 0.00549616
147.0  0.83068845 0.00870624 0.00251773 -0.00621415 -0.01605382 -0.01102919 0.00670217 0.00006908 -0.01447874 -0.00003878
147.5  0.87795134 0.00777497 -0.00135020 -0.00089360 0.01043836 0.00222829 -0.00436285 0.00523627 0.00760203 -0.00559448
148.0  0.00343436 -0.00321138 -0.00092530 0.00466104 0.01081484 0.00520891 -0.01415760 0.00926398 0.00066948 -0.01053487
148.5  -0.87394264 0.00008104 0.00239886 0.00565916 -0.01577736 -0.01127621 -0.01741562 0.00940007 -0.00876005 -0.01462580
149.0  -0.83966422 -0.01016541 -0.00167082 -0.00017306 0.00261658 0.01149060 -0.01203111 0.00617128 0.01481309 -0.01580283
149.5  0.09820024 -0.00048328 -0.00082092 -0.00591851 0.01252735 -0.00420206 -0.00117952 0.00080770 -0.01766141 -0.01634078
150.0  0.93480629 0.00970312 0.00224092 -0.00247152 -0.01678986 -0.00393614 0.00977252 -0.00520968 0.01803094 -0.01549334
150.5  0.72757629 -0.00143892 -0.00153708 0.00401192 0.00420195 0.00945238 0.01628196 -0.00757299 -0.01510486 -0.01548944
151.0  -0.28551707 0.00236362 -0.00091114 0.00430826 0.01554610 -0.01174625 0.01561559 -0.00928764 0.00872879 -0.01247836
151.5  -0.97860658 -0.00221954 0.00242600 0.00020791 -0.01728054 0.00680096 0.00785053 -0.00705997 0.00009065 -0.00804278
152.0  -0.66991030 -0.00702492 -0.00116670 -0.00510900 -0.00017056 0.00339417 -0.00394477 -0.00325428 -0.01099419 -0.00205532
152.5  0.25811616 0.00587932 -0.00101292 -0.00537632 0.01788615 -0.01023142 -0.01267483 0.00205702 0.01794242 0.00534079
153.0  0.93957920 -0.00218381 0.00216114 0.00090346 -0.01239846 0.01190301 -0.01599599 0.00994983 -0.01790810 0.01256369
153.5  0.82321605 -0.00082540 -0.00127332 0.00607945 -0.00927920 -0.00614999 -0.01075903 0.00941232 0.01224149 0.01942599
154.0  0.00561711 0.00423599 -0.00074961 0.00344951 0.01624702 -0.00719167 -0.00071738 -0.01519402 0.00047605 0.02382219
154.5  -0.83806627 -0.00427680 0.00200318 -0.00347218 -0.00633756 0.00950769 -0.01439554 0.00486243 -0.00879112 0.02438136
155.0  -0.88745161 0.00646595 -0.00164565 -0.00302238 -0.01158380 -0.00027307 0.02549352 0.00509247 0.00592594 0.02430031
155.5  0.00671278 0.00197965 -0.00059707 0.00025829 0.01666554 -0.01008614 -0.02496981 -0.00634713 0.00278830 0.02386030
156.0  0.90649333 -0.00988407 0.00196842 0.00308387 0.00627805 0.01380950 0.01501428 0.01030241 -0.00522945 0.02162151
156.5  0.76187816 -0.00004861 -0.00098683 0.00360947 -0.01044818 -0.00840312 -0.00119373 -0.01528483 0.00301515 0.01702634
157.0  -0.25615506 0.00016842 -0.00149146 0.00032187 -0.01408937 -0.00408417 -0.01193260 0.01387730 0.00078882 0.01330019
157.5  -0.97938845 0.00326310 0.00180599 -0.00467328 -0.00455008 0.01657552 0.01876839 -0.01157535 -0.00416548 0.00922913
158.0  -0.61306433 0.01175769 -0.00009721 -0.00375086 0.00901184 -0.02076375 -0.01724721 0.00823404 0.00666075 0.00411457
158.5  0.44428230 -0.00639717 -0.00166492 -0.00263595 0.01298429 0.01281016 0.00940957 0.00059352 -0.00816600 -0.00028800
159.0  0.99813100 -0.01087225 0.00152483 0.00227801 0.00468983 0.00264304 0.00123020 -0.00783396 0.00789480 -0.00477136
159.5  0.32878883 0.00203687 0.00060978 0.00716543 -0.00646739 -0.01774498 -0.00947619 0.01037375 -0.00630237 -0.00756414
160.0  -0.78259555 0.00203524 -0.00203088 0.00702236 -0.01148852 0.02517886 0.01333853 -0.01397508 0.00451845 -0.00827042
160.5  -0.82693712 0.00583484 0.00055607 0.00352184 -0.00881826 -0.02213523 -0.01261514 0.01475602 -0.00245354 -0.00861420
161.0  0.29756067 0.00415546 0.00201262 -0.00633504 -0.00387688 0.01072121 0.00829413 -0.01099294 0.00060340 -0.00660798
161.5  0.99901228 -0.01116648 -0.00105068 -0.01343133 0.00247126 0.00533877 -0.00267507 0.00766189 0.00184619 -0.00629792
162.0  0.34613021 -0.00503213 -0.00154124 -0.01337013 0.00630289 -0.01977596 -0.00322106 -0.00678383 -0.00518768 -0.00460309
162.5  -0.72352791 0.01001215 0.00165599 -0.00139546 0.00858761 0.02967697 0.00579062 0.00267228 0.00703295 -0.00630148
163.0  -0.94265398 0.00033694 0.00016431 0.01268541 0.00322237 -0.02579650 -0.00556551 0.00088333 -0.00695185 -0.00891024
163.5  -0.19172672 0.00048712 -0.00137032 0.01299947 -0.00374597 0.00570913 0.00758136 -0.00511710 0.00579534 -0.01138937
164.0  0.72348538 0.00288177 0.00116347 0.00054208 -0.00941809 0.01462173 -0.00623990 0.01137818 -0.00005587 -0.01528049
164.5  0.97213061 -0.00818700 0.00059924 -0.01300472 -0.00634117 -0.02406690 0.00785177 -0.01536720 -0.00720110 -0.01897345
165.0  0.32344043 0.00256451 -0.00190925 -0.01229378 0.00444284 0.01976087 -0.01095113 0.01299820 0.01202827 -0.02213993
165.5  -0.64820458 0.00252064 0.00086306 0.00149838 0.00959287 -0.00715239 -0.00155337 -0.00693721 -0.01375052 -0.02330323
166.0  -0.98055813 -0.00673974 0.00114789 0.01312939 0.00554519 -0.00458621 0.01519933 -0.00142663 0.01074825 -0.02253921
166.5  -0.31519609 0.00451030 -0.00158786 0.01080256 -0.00424498 0.01256233 -0.01757233 0.01223508 -0.00412189 -0.02215096
167.0  0.65361395 0.00062011 0.00030671 -0.00154112 -0.01119902 -0.01032919 0.01585889 -0.01695259 -0.00463540 -0.02085632
167.5  0.98948277 0.00002753 0.00121158 -0.01177461 -0.00609863 0.00347372 -0.00284950 0.01532441 0.01341525 -0.01685315
168.0  0.45401997 0.00881057 -0.00181543 -0.00548306 0.00590446 0.00150651 -0.01753866 -0.00682264 -0.01581683 -0.01153928
168.5  -0.45284403 -0.00729973 0.00100040 0.00760085 0.01098050 -0.00296948 0.02308955 -0.00755677 0.01095892 -0.00631326
169.0  -0.98788052 -0.00397200 0.00122107 0.01030955 0.00243257 -0.00090070 -0.01383663 0.01669914 -0.00087882 0.00021913
169.5  -0.67043151 -0.00290301 -0.00235410 -0.00001475 -0.00952694 0.00378455 -0.00254001 -0.01510357 -0.00851098 0.00683492
170.0  0.29762604 -0.00452109 0.00127824 -0.00766644 -0.01217197 0.00138632 0.02266711 0.00812682 -0.01058864 0.01087927
170.5  0.98442404 0.01329610 0.00123167 -0.00979155 -0.00044995 -0.00805437 -0.02678205 0.00016701 -0.01218140 0.01440363
171.0  0.55649300 0.00385087 -0.00220604 -0.00345130 0.01131940 0.01054799 0.01695108 -0.00929252 -0.01113837 0.01733174
171.5  -0.55935764 -0.00743574 0.00074704 0.00639900 0.01390970 -0.00800534 -0.00277844 0.01332975 -0.00918579 0.01707651
172.0  -0.97527057 -0.00229393 0.00152876 0.01096852 0.00350474 -0.00196709 -0.01178036 -0.01550843 -0.00423328 0.01882661
172.5  -0.17055035 -0.00667560 -0.00212098 0.00563814 -0.01001503 0.01568340 0.02147915 0.01445196 0.00107360 0.02032752
173.0  0.82783110 0.00518247 0.00050527 -0.00723896 -0.01476564 -0.01974856 -0.01889948 -0.00956452 0.00580508 0.01984774
173.5  0.86865072 0.01240373 0.00196835 -0.01260062 -0.00333500 0.01162032 0.00697554 0.00177157 0.00895590 0.01850093
174.0  -0.02599511 -0.00555498 -0.00197425 -0.00367620 0.01275339 0.00417464 0.00305697 0.00901412 0.01057293 0.01355656
174.5  -0.88898239 -0.00132846 0.00019760 0.01017014 0.01318327 -0.02107674 -0.01005283 -0.01444741 0.01138414 0.00681087
175.0  -0.81637804 -0.00494760 0.00166939 0.01041912 -0.00280298 0.02642072 0.00989313 0.01724693 0.00835284 -0.00049283
175.5  0.16822137 -0.00472513 -0.00175094 -0.00409327 -0.01298913 -0.01577719 -0.00615157 -0.01355861 0.00624581 -0.00621625
176.0  0.97245645 0.01050197 -0.00000222 -0.01271291 -0.00358886 0.00112902 0.00217161 0.00700557 0.00029677 -0.01172160
176.5  0.56317106 -0.00058805 0.00240536 -0.00407184 0.00934819 0.01161575 -0.00113209 0.00220253 -0.00595579 -0.01560545
177.0  -0.57038936 -0.00401652 -0.00151799 0.01270595 0.00808654 -0.02046177 0.01007931 -0.00898632 -0.01039206 -0.01733410
177.5  -0.97600894 0.00471648 -0.00170399 0.01450592 -0.00169461 0.01793959 -0.01922600 0.01563125 -0.01259704 -0.01910280
178.0  -0.22697027 -0.00523354 0.00226914 0.00033299 -0.00879435 -0.00496786 0.01654643 -0.02230231 -0.01177140 -0.01948108
178.5  0.74450121 0.00040308 -0.00088947 -0.01423043 -0.00386459 -0.00353171 0.01031753 0.01720507 -0.01075707 -0.01932024
179.0  0.95584195 0.00291434 -0.00072396 -0.00932000 0.00660338 0.00951370 -0.00221602 0.00499588 -0.00552067 -0.01623981
179.5  0.26708667 -0.00725106 0.00235413 0.00618493 0.00983707 -0.01098566 -0.01219878 -0.00967623 0.00330858 -0.01230613
180.0  -0.67378383 0.00670636 -0.00186659 0.01552309 -0.00017177 0.00561454 -0.01495782 -0.01793936 0.01326919 -0.00675781
180.5  -0.97749148 0.00354989 -0.00080911 0.00458397 -0.00956066 0.00458898 -0.00942041 -0.01786012 0.01992562 -0.00174181
181.0  -0.28234576 -0.00288675 0.00227082 -0.01184388 -0.00823934 -0.00991503 0.00135061 -0.01137319 0.02087892 0.00339297
181.5  0.73391484 0.00279223 -0.00138525 -0.01321734 -0.00053379 0.01155491 0.01129159 -0.00137690 0.01648843 0.00721481
182.0  0.92552077 -0.00874593 -0.00114512 -0.00279334 0.00738654 -0.00778276 0.01378205 0.00621988 0.00776544 0.00936409
182.5  0.05646471 -0.00373330 0.00230923 0.00871662 0.00946247 -0.00228222 0.00985331 0.01103218 -0.00329997 0.01141415
183.0  -0.86381426 0.01174140 -0.00052767 0.01323392 0.00496249 0.00811509 -0.00015830 0.01154612 -0.01519174 0.01376957
183.5  -0.86184422 0.00151780 -0.00131489 0.00550974 -0.00469267 -0.01258362 -0.01328746 0.00370051 -0.02210885 0.01703056
184.0  -0.03343927 0.00180922 0.00227698 -0.00649340 -0.01113922 0.00966623 -0.01814535 -0.00347433 -0.02027989 0.01691135
184.5  0.80395473 -0.00192887 -0.00111455 -0.01075603 -0.00587077 0.00245352 -0.01326934 -0.00894318 -0.01001415 0.01864083
185.0  0.94843878 -0.01395282 -0.00208308 -0.00446722 0.00577495 -0.00868331 0.00175980 -0.00763369 0.00216477 0.02057544
185.5  0.27334328 0.00219861 0.00268954 0.00561507 0.01002424 0.01296204 0.02061151 -0.00037985 0.01127914 0.02030240
186.0  -0.67691895 0.00420784 -0.00032439 0.00853691 0.00359773 -0.00734292 0.02513789 0.00594705 0.01530930 0.01994587
186.5  -0.96655076 0.00250979 -0.00180535 0.00360640 -0.00545085 -0.00627825 0.01811122 0.00942655 0.01549108 0.01747429
187.0  -0.17921901 0.00806330 0.00271567 -0.00308317 -0.00844833 0.00832259 0.00340951 0.00965561 0.01371572 0.01631648
187.5  0.82962819 -0.00679580 0.00047861 -0.00545484 -0.00233935 -0.01172902 -0.01311453 0.00927378 0.01165025 0.01542507
188.0  0.84527353 -0.00859863 -0.00286390 -0.00220707 0.00533914 0.01143590 -0.02399443 0.00868614 0.00939123 0.01610060
188.5  -0.11203882 0.00666272 0.00155942 0.00393110 0.01106967 0.00095120 -0.02677718 0.00636833 0.00540101 0.01472739
189.0  -0.92852980 -0.00031826 0.00145556 0.00573063 0.00546797 -0.00768763 -0.01917804 0.00104640 -0.00088770 0.01247789
189.5  -0.78349040 -0.00032644 -0.00312771 0.00145268 -0.00610859 0.00908683 -0.00781939 -0.00730404 -0.00771001 0.00746607
190.0  0.13244401 0.00605788 0.00091625 -0.00154507 -0.01312335 -0.01354972 -0.00185015 -0.01876205 -0.01079956 0.00239895
190.5  0.92212893 -0.00585332 0.00232469 -0.00225719 -0.01056181 0.00316774 0.00461967 -0.02754416 0.00931681 -0.00056281
191.0  0.78133047 0.00103250 -0.00253026 -0.00159945 0.00237252 0.00701606 0.01649049 -0.00386901 0.02274087 -0.00374548
191.5  -0.20043874 0.00487273 0.00028336 -0.00156157 0.01628643 -0.00924538 -0.00453160 0.01270232 0.01592960 -0.00674691
192.0  -0.96991310 -0.00883385 0.00238322 -0.00323153 0.01421605 0.00901023 -0.00654122 0.01126989 0.00452581 -0.00849428
192.5  -0.62459165 -0.00036263 -0.00280919 0.00247840 0.00194695 -0.00393143 0.01576306 0.00501288 -0.00695414 -0.01038555
193.0  0.43579349 0.00523162 -0.00104770 0.01411892 -0.00694655 -0.00922648 -0.01585074 -0.00426168 -0.01576961 -0.01163703
193.5  0.99876113 -0.00128035 0.00349379 0.01347561 -0.01016407 0.01534699 0.00516273 -0.01268534 -0.02091685 -0.01239969
194.0  0.52022288 0.00832813 -0.00146765 -0.00172827 -0.00390039 -0.00515493 0.00767163 -0.01709133 -0.01925424 -0.01357641
194.5  -0.43647828 -0.00242910 -0.00088392 -0.01569266 0.00680427 -0.00904631 -0.01160986 -0.01437336 -0.01320429 -0.01315071
195.0  -0.98734702 -0.01101297 0.00199976 -0.00933440 0.01045557 0.01741264 0.00488660 -0.00473225 -0.00257807 -0.01289183
195.5  -0.69360801 0.00073080 -0.00185641 0.01068008 0.00258201 -0.01197235 0.00516608 0.00641514 0.00772006 -0.01321432
196.0  0.21231711 -0.00532363 0.00035126 0.01707786 -0.00552712 -0.00345513 -0.00935449 0.01530440 0.01507050 -0.00847603
196.5  0.94752597 0.00916878 0.00172727 0.00490366 -0.00886595 0.01586627 0.00701291 0.01877079 0.01705034 -0.00335726
197.0  0.71287146 0.00929098 -0.00236430 -0.01210443 -0.00633737 -0.01843746 -0.00213483 0.01556047 0.01470089 0.00123380
197.5  -0.35408592 -0.00788877 -0.00004479 -0.01520590 0.00178991 0.01283393 -0.00347664 0.00830952 0.01022041 0.00558640
198.0  -0.99901817 -0.00172091 0.00234484 -0.00363607 0.00804618 -0.00174830 0.00715180 -0.00015602 0.00518205 0.00852073
198.5  -0.38505412 -0.00476172 -0.00190217 0.01237177 0.00712090 -0.01005412 -0.00929779 -0.00861481 0.00050291 0.01048782
199.0  0.70178859 -0.00044962 -0.00033348 0.01441375 -0.00042203 0.01806348 0.00606169 -0.01651074 -0.00423654 0.01211201
199.5  0.93655749 0.01246703 0.00235841 0.00000606 -0.00716563 -0.01795360 -0.00090238 -0.02070559 -0.00889441 0.01459293
200.0  0.08504958 -0.00346993 -0.00188544 -0.01597643 -0.00531951 0.00936898 -0.00362103 -0.02247231 -0.01238827 0.01332476
200.5  -0.86385002 -0.00387720 -0.00041962 -0.01051914 0.00165367 0.00492155 0.00696402 -0.01743279 -0.01291580 0.01079212
201.0  -0.81189068 0.00146428 0.00254920 0.00699036 0.00618799 -0.01767283 -0.00548320 -0.00804851 -0.01088769 0.00643302
201.5  0.22983615 -0.00613038 -0.00173379 0.01538836 0.00190513 0.01882892 -0.00186275 0.00190762 -0.00809754 0.00346209
202.0  0.99153047 0.00522202 -0.00143590 0.00797336 -0.00272093 -0.01151043 0.00696417 0.01215739 -0.00685935 0.00141430
202.5  0.43982112 0.00446112 0.00240272 -0.00720713 -0.00425987 0.00081894 -0.00701423 0.01873758 -0.00779062 0.00043787
203.0  -0.70715790 -0.00706634 -0.00049862 -0.01557993 -0.00209565 0.01198830 0.00153573 0.02017882 -0.01490849 -0.00145615
203.5  -0.90635577 0.00375947 -0.00181443 -0.00980343 0.00197458 -0.01761574 0.00402211 0.01692130 -0.01983534 -0.00351055
204.0  0.03383283 0.00228673 0.00236578 0.00910270 0.00219138 0.01350789 -0.01257226 0.01329709 -0.01402755 -0.00399538
204.5  0.90706505 -0.00799451 -0.00023461 0.01367495 -0.00011188 -0.00211679 0.01140338 0.01069950 -0.00729036 -0.00694782
205.0  0.82418136 0.00319207 -0.00246044 0.00451187 -0.00085678 -0.00879502 -0.00497056 0.00456259 0.00548638 -0.00996967
205.5  -0.00510646 -0.00296422 0.00231320 -0.01065025 -0.00931561 0.01679233 -0.00050759 -0.00482280 0.01698813 -0.01163357
206.0  -0.81102304 0.00141519 -0.00031121 -0.00926969 0.00677323 -0.01515053 -0.00648617 -0.01034925 0.02278220 -0.01194783
206.5  -0.94922675 0.01143908 -0.00150929 0.00442440 0.00378041 0.00034644 -0.00472780 0.01464746 0.01961660 -0.01156623
207.0  -0.27948417 -0.00390838 0.00250056 0.01112155 -0.01095757 0.01269537 -0.00482097 -0.00814177 0.01100507 -0.00840629
207.5  0.66626261 -0.00035351 -0.00139272 0.00355485 0.00394748 -0.01772012 0.00038154 -0.00260849 -0.00136295 -0.00528066
208.0  0.97696037 -0.00615382 -0.00155421 -0.00827157 0.00672187 0.01253662 -0.00152510 0.01190610 -0.01283304 -0.00206473
208.5  0.28484265 -0.00902006 0.00285706 -0.01141846 -0.00951077 -0.00253948 -0.00118091 -0.01461303 -0.02120359 0.00384180
209.0  -0.69788558 0.01145610 -0.00112647 -0.00121412 -0.00096932 -0.00994531 -0.00673658 0.01168170 -0.02404873 0.00778702
209.5  -0.97053684 0.00500576 -0.00143962 0.01044887 0.01047071 0.01560756 -0.00626908 -0.00822897 -0.02034472 0.01063000
210.0  -0.31408607 0.00142595 0.00265069 0.01086066 -0.00781372 -0.01054743 0.00791721 0.00038317 -0.00998135 0.01192961
210.5  0.62874993 0.00148648 -0.00167442 -0.00017378 -0.00290337 0.00775929 0.00460404 0.01127838 0.00264191 0.01293938
211.0  0.99138602 -0.01356835 -0.00124023 -0.01229239 0.00879543 0.00267547 0.00032535 -0.01923914 0.01440365 0.01467237
211.5  0.38306925 -0.00096161 0.00286131 -0.00332117 -0.01243713 -0.01553990 0.00513692 -0.01295456 0.02658825 0.01808229
212.0  -0.65576746 0.00727566 -0.00125628 -0.00031045 -0.00219692 0.01435513 0.00172210 -0.00500745 0.02725956 0.01885970
212.5  -0.94990129 -0.00093694 -0.00233600 0.00401709 0.01336346 -0.00686185 -0.00565787 0.00049994 0.02144309 0.01636961
213.0  -0.03602899 0.00362855 0.00268086 0.00608415 -0.01275632 0.00116927 -0.00981715 0.00358681 0.01324887 0.01435016
213.5  0.93486952 -0.00030487 0.00137686 0.00341880 0.00357353 0.00967681 -0.01106165 0.00489374 0.00508833 0.01452300
214.0  0.63402354 -0.00880483 -0.00235569 -0.00131912 0.00861973 -0.01453280 -0.01340477 0.00464293 -0.00259313 0.01628830
214.5  -0.50091947 0.00346147 0.00068091 -0.00559054 -0.01449006 0.01415547 -0.00900252 0.00377989 -0.01073624 0.01686812
215.0  -0.99239114 0.00560301 0.00189040 -0.00619977 0.00925249 -0.00625862 -0.00532693 -0.00082091 -0.01895699 0.01677222
215.5  -0.34328830 -0.00631405 -0.00235139 -0.00120364 0.00293231 -0.00389771 0.00205238 -0.00582959 -0.02624745 0.01651961
216.0  0.64835469 0.00391969 0.00006631 0.00706053 -0.01573389 0.01187736 0.00820298 -0.00974551 -0.02971183 0.01506972
216.5  0.98478305 0.00317211 0.00258132 0.00264441 0.01376621 -0.01361839 0.00882998 -0.01100009 -0.02672711 0.01212385
217.0  0.35450163 -0.00485174 -0.00180056 0.00042485 0.00682132 0.00646643 0.00774153 -0.00755882 -0.01934951 0.00825672
217.5  -0.64831340 0.00390913 -0.00076678 -0.00309663 -0.01656970 0.00360296 0.00392094 -0.00219998 -0.00977650 0.00423656
218.0  -0.96982942 -0.00554082 0.00246671 -0.00426007 0.01036988 -0.01145340 0.00028771 0.00402686 -0.00068591 0.00057222
218.5  -0.19375976 -0.00596278 -0.00124627 -0.00018597 0.00579783 0.01298437 -0.00155744 0.01067971 0.00733441 -0.00547832
219.0  0.80519566 0.01077388 -0.00141435 0.00292049 -0.01487784 -0.01052708 -0.00300796 0.01493630 0.01517641 -0.00773422
219.5  0.89154222 0.00221446 0.00225996 0.00226969 0.01031332 0.00237838 -0.00124044 0.01740743 0.02205332 -0.01126619
220.0  0.05010081 0.00015749 -0.00113380 -0.00464114 0.00504670 0.00654681 0.00209391 0.01547134 0.02607875 -0.01258464
220.5  -0.81431497 -0.00002662 -0.00121215 -0.00381900 -0.01543993 -0.01386472 0.00249719 0.00601728 0.02414720 -0.01521161
221.0  -0.93710901 -0.01394097 0.00242930 0.00190312 0.00652972 0.01227708 0.00360324 -0.00421277 0.01459936 -0.01575608
221.5  -0.24394395 0.00210569 -0.00161409 0.00396273 0.01048674 -0.00188385 -0.00087271 -0.01700395 0.00184658 -0.01655601
222.0  0.68228721 0.00364436 -0.00067186 0.00473875 -0.01176892 -0.00500887 -0.00520968 -0.02447960 -0.00703091 -0.01334278
222.5  0.97289222 0.00299909 0.00179015 -0.00201849 -0.00150015 0.01604452 -0.00986345 -0.02325198 -0.00876873 -0.01060717
223.0  0.23246824 0.00901886 -0.00132384 -0.00687460 0.01428718 -0.01031130 -0.01287890 -0.01784021 -0.00891922 -0.00559602
223.5  -0.79632514 -0.00874906 -0.00045776 -0.00272396 -0.01326123 0.00607487 -0.00719820 -0.00590461 -0.01063633 -0.00278695
224.0  -0.85696590 -0.00635697 0.00222472 0.00270831 -0.00078986 0.00360366 0.00045473 0.00576016 -0.01352877 -0.00119101
224.5  0.15951611 0.00610268 -0.00078331 0.00624946 0.01395157 -0.01135625 0.00735092 0.01542288 -0.01553218 0.00379660
225.0  0.96969828 -0.00218068 -0.00161762 0.00382450 -0.01333981 0.01205651 0.01384182 0.02180806 -0.01582234 0.00649643
225.5  0.63606274 0.00367094 0.00189359 -0.00327582 -0.00148312 -0.00861062 0.01387806 0.02249335 -0.01439176 0.01104507
226.0  -0.37413778 0.00287128 -0.00038132 -0.00641876 0.01517523 -0.00282257 0.00682071 0.01737987 -0.01002106 0.01651782
226.5  -0.98736929 -0.00789484 -0.00171229 -0.00212045 -0.01204775 0.01108005 -0.00525212 0.00715288 -0.00265876 0.01986185
227.0  -0.64839331 0.00551709 0.00244503 0.00472515 -0.00545573 -0.01075795 -0.01478594 -0.00521934 0.00561033 0.02003577
227.5  0.31654432 -0.00194930 -0.00061349 0.00672691 0.01690972 0.00483697 -0.01476219 -0.01515087 0.01340777 0.01803014
228.0  0.98189936 -0.00406937 -0.00177604 -0.00096843 -0.00769971 0.00591039 -0.00558210 -0.02000145 0.01920750 0.01510883
228.5  0.60555335 0.00556589 0.00275073 -0.00802261 -0.00868021 -0.01258958 0.00658288 -0.01958757 0.02147673 0.01090962
229.0  -0.46424623 -0.00501539 -0.00045174 -0.00816124 0.01774831 0.01141896 0.01586950 -0.01422227 0.02082411 0.00789478
229.5  -0.99771992 0.00424399 -0.00211149 0.00147343 -0.00808299 -0.00597004 0.01637624 -0.00637142 0.01730875 0.00417697
230.0  -0.39849294 0.00640394 0.00243782 0.01125257 -0.01008802 -0.00275157 0.00913516 0.00283928 0.00972203 0.00117637
230.5  0.60809315 -0.00901660 0.00027309 0.00564157 0.01569291 0.01156779 -0.00187329 0.01064599 -0.00181754 -0.00174209
231.0  0.99385183 0.00101784 -0.00295980 -0.00524246 -0.00212833 -0.01355811 -0.01673353 0.01087058 -0.01405260 -0.00570020
231.5  0.46437208 -0.00493054 0.00280187 -0.00928843 -0.01468160 0.00553750 -0.02219922 0.00765939 -0.02225378 -0.00897040
232.0  -0.47596617 -0.00117217 -0.00037562 -0.00228435 0.01551528 0.00549072 -0.01852117 -0.00163422 -0.02129321 -0.01567948
232.5  -0.99610235 0.01264334 -0.00256697 0.01014456 0.00415125 -0.01104974 -0.00420816 -0.00939224 -0.01419267 -0.01842182
233.0  -0.56713354 -0.00224185 0.00280500 0.00996977 -0.01736217 0.01360008 0.01445282 -0.00702048 -0.00607516 -0.01970981
233.5  0.46482571 -0.00009376 -0.00048937 -0.00386776 0.01032054 -0.00477629 0.02680032 -0.00320239 0.00000137 -0.01790575
234.0  0.99799457 -0.00291884 -0.00255519 -0.01272038 0.00565099 -0.00573815 0.02915381 0.00151748 0.00277151 -0.01658150
234.5  0.36525349 -0.01029669 0.00270698 -0.00858686 -0.01667292 0.01045708 0.02193997 0.00452461 0.00401676 -0.01619783
235.0  -0.70286278 0.00895008 0.00069214 0.00078612 0.01065069 -0.01345175 0.00752946 0.00597852 0.00614608 -0.01335258
235.5  -0.94062985 0.00768655 -0.00278522 0.00905325 0.00772096 0.00780939 -0.00820799 0.01291564 0.00911827 -0.01168380
236.0  -0.13052478 -0.00491856 0.00199519 0.01172100 -0.01251693 0.00101788 -0.02012260 0.01733108 0.01244896 -0.01004670
236.5  0.79829052 0.00242162 0.00198287 -0.00628801 0.01247413 -0.01008577 -0.02348707 0.01601333 0.01542370 -0.00600761
237.0  0.92601513 -0.00739605 -0.00340207 -0.01515411 0.00192168 0.01407460 -0.01658499 0.00841363 0.01591854 0.00022863
237.5  0.16091335 -0.00434545 0.00131636 -0.00832057 -0.01558197 -0.00714607 -0.00629548 -0.00559151 0.01269461 0.00378097
238.0  -0.77361199 0.00963359 0.00137613 0.00607230 0.01077588 -0.00104606 0.00684828 -0.01570616 0.00636896 0.00816980
238.5  -0.91718602 -0.00308221 -0.00266406 0.01334854 0.00387560 0.00981600 0.01521871 -0.02164699 -0.00070000 0.01119340
239.0  -0.02192508 -0.00070359 0.00102478 0.00617746 -0.01146812 -0.01462831 0.01516518 -0.02422783 -0.00634232 0.01053880
239.5  0.91414480 0.00615060 0.00217756 -0.00743942 0.01135745 0.01064958 0.01096134 -0.02313533 -0.00988907 0.01148421
240.0  0.71545888 -0.00583768 -0.00231862 -0.01294904 -0.00354629 -0.00186478 0.00013669 -0.01999756 -0.01143399 0.01074123
240.5  -0.36086454 -0.00030417 -0.00092145 -0.00667853 -0.00729164 -0.00432925 -0.01064843 -0.01389377 -0.01272672 0.01090485
241.0  -0.99644918 0.00382498 0.00210094 0.00305256 0.01152797 0.01328236 -0.01567951 -0.00358611 -0.01491169 0.01216835
241.5  -0.52457682 -0.00913133 -0.00108288 0.01299152 -0.00441066 -0.01381296 -0.01733972 0.00835251 -0.01683588 0.01485007
242.0  0.48649462 0.00419046 -0.00187094 0.00719349 -0.00569053 0.00625993 -0.00587993 0.01855866 -0.01671785 0.01747743
242.5  0.99890764 0.00866718 0.00224628 -0.00567151 0.01175595 0.00594180 0.00582385 0.02342262 -0.01405277 0.01819320
243.0  0.48634978 -0.00404113 -0.00021846 -0.01197090 -0.00645364 -0.01206850 0.01285674 0.02152878 -0.00842308 0.01670719
243.5  -0.55430078 0.00213446 -0.00190816 -0.00677709 -0.00589714 0.01350583 0.01642879 0.01261163 -0.00148500 0.01673275
244.0  -0.98882907 -0.00551030 0.00220056 0.00347608 0.01261335 -0.00815331 0.01330092 0.00069799 0.00623164 0.01764583
244.5  -0.28038744 -0.00922260 0.00087095 0.01002107 -0.00929996 -0.00341336 -0.00280737 -0.01093232 0.01366381 0.01864212
245.0  0.75581359 0.01124614 -0.00280759 0.00818259 -0.00085936 0.01128149 -0.00531343 0.01382515 0.02183484 0.01874327
245.5  0.91790059 0.00566642 0.00086661 -0.00281464 0.01124184 -0.01371907 0.00888775 -0.01959157 0.02029222 0.01565633
246.0  0.08965159 -0.00347789 0.00156959 -0.01220980 -0.01119497 0.01042769 -0.01394924 0.01312915 0.01887646 0.01280744
246.5  -0.80185410 0.00255703 -0.00253863 -0.00614235 0.00058460 0.00329588 0.00732158 -0.00536851 0.00733733 0.00901905
247.0  -0.94432426 -0.01181226 0.00095056 0.00730979 0.01120172 -0.00943715 0.00899024 -0.00657994 -0.00649836 0.00406240
247.5  -0.29412637 -0.00093203 0.00112679 0.01260521 -0.00944914 0.00513487 -0.01595796 0.01389777 -0.01850243 -0.00026334
248.0  0.59394279 0.00634644 -0.00223962 0.00086828 -0.00549441 0.00053755 0.01751248 -0.01141974 -0.02322514 0.00747232
248.5  0.99866483 -0.00233454 0.00245446 -0.01258787 0.01214222 -0.00484078 -0.00759669 0.00693178 -0.01855091 -0.01282664
249.0  0.50886295 0.00952054 0.00041479 -0.00839956 -0.00560995 0.00621346 -0.00842803 -0.00542935 -0.00883864 0.01903547
249.5  -0.50401706 -0.00427658 -0.00232074 0.00662158 -0.00895042 -0.00311737 0.01564462 0.00907984 0.00214231 -0.02133759
250.0  -0.99692935 -0.00622234 0.00068646 0.01089793 0.01435668 0.00034481 -0.01798038 -0.01125564 0.01218070 0.02142739
250.5  -0.36798740 0.00612122 0.00151114 0.00311259 -0.00357626 -0.00038191 0.01911082 0.00880648 0.01709080 -0.01967961
251.0  0.68205602 -0.00563596 -0.00118855 -0.00958248 -0.00922145 -0.00214896 -0.00981997 -0.00266969 0.02116947 0.01760184
251.5  0.95526787 0.00270873 0.00047053 -0.01083218 0.01264449 0.00414403 -0.00048678 -0.00792642 0.02120431 -0.01448943
252.0  0.16654772 0.00446656 0.00136303 0.00174878 -0.00287828 -0.00410731 0.01151275 0.00807100 0.01825420 0.01171836
252.5  -0.80782824 -0.00732439 -0.00243110 0.01391716 -0.01020370 0.00403074 -0.01937905 -0.01196253 0.01131137 -0.00410184
253.0  -0.87530721 0.00723141 0.00076392 0.00874843 0.01185065 -0.00206964 0.01991577 0.01118762 0.00309773 -0.00300434
253.5  0.10180350 -0.00007763 0.00181373 -0.00630892 -0.00017251 -0.00288586 -0.01006107 -0.00366459 -0.00521895 0.00796854
254.0  0.96725436 -0.00866146 -0.00219102 -0.01350781 -0.01123299 0.00593391 -0.00188260 0.00000081 -0.01150098 -0.01267099
254.5  0.53593383 0.00521157 -0.00017108 -0.00882735 0.00935193 -0.00674636 0.01078426 0.00193212 -0.01602917 0.01618358
255.0  -0.65487363 -0.00024969 0.00226115 0.00545461 0.00019587 0.00560987 -0.01921267 -0.00689911 -0.01924612 -0.01720465
255.5  -0.91054590 0.00006972 -0.00113118 0.01417958 -0.00925315 -0.00300729 0.02062589 0.01170109 -0.02094638 0.01897815
256.0  0.10323010 0.00834103 -0.00149502 0.01019022 0.01259591 -0.00138655 -0.01533991 -0.00793083 -0.02130555 -0.02206158
256.5  0.96261774 -0.01040805 0.00182538 -0.00389517 -0.00305134 0.00584497 0.00591240 0.00795061 -0.01869496 0.02398473
257.0  0.65255322 -0.00648302 -0.00099814 -0.01489585 -0.00999141 -0.00998087 0.00416297 -0.00567824 -0.01430120 -0.02338250
257.5  -0.34331984 0.00781034 -0.00100861 -0.00838495 0.01164502 0.01194355 -0.01445509 -0.00197806 -0.00515659 0.02106659
258.0  -0.97740038 -0.00146459 0.00275573 0.00911173 0.00119515 -0.00843574 0.01766057 0.00690389 0.00694358 -0.01538450
258.5  -0.71223541 0.01147983 -0.00142121 0.01444684 -0.01304790 0.00102982 0.00978694 -0.01656586 0.01727258 0.00721676
259.0  0.19225996 -0.00100718 -0.00122574 0.00003939 0.00503397 0.00826590 -0.00044232 0.01189735 0.02051281 0.00233698
259.5  0.93219436 -0.01086000 0.00240403 -0.01548257 0.00770367 -0.01401567 0.00885617 0.00498722 0.01840084 -0.01000857
260.0  0.78329809 0.00196883 -0.00150771 -0.01161806 -0.01191643 -0.00893075 0.01388795 -0.01163684 0.01320580 0.01578141
260.5  -0.15273311 -0.00603019 -0.00049083 0.00472907 0.00614559 -0.00234235 0.01421411 0.01541025 0.00095981 -0.02028644
261.0  -0.93341315 0.00557481 0.00242790 0.01494089 0.01058135 0.00228211 0.00700707 -0.01796190 -0.00778045 0.02173410
261.5  -0.78314480 0.00933974 -0.00155982 0.00984019 -0.01250434 0.00795756 0.00381981 0.01092701 -0.01720632 -0.02213784
262.0  0.10672363 -0.00791158 -0.00036028 -0.00779239 0.00359529 0.00814228 -0.00575661 0.00117314 -0.02196284 0.02285571
262.5  0.88897140 0.00296540 0.00236637 -0.01571249 0.00988595 0.00312584 -0.01166989 -0.01429344 -0.02038172 -0.02021660
263.0  0.86812754 -0.00165559 -0.00279160 -0.00563260 -0.01296920 -0.00152865 -0.01332150 0.01680582 -0.01349974 0.01623488
263.5  0.03800558 -0.00636620 -0.00108079 0.01194168 0.00547507 -0.00797342 -0.00817235 -0.01575767 0.00008354 -0.01245461
264.0  -0.85142792 0.00786671 0.00352177 0.01613522 0.00958890 -0.00764195 0.00086586 0.00770176 0.01251445 0.00865841
264.5  -0.84543177 -0.00321306 -0.00153750 0.00481731 -0.01682127 -0.00526924 0.00804911 0.00512629 0.02197750 -0.00612358
265.0  0.15041035 -0.00502559 -0.00196337 -0.01073136 0.01101962 -0.00954257 0.01311620 -0.01115743 0.02451356 0.00450397
265.5  0.97319586 0.01008495 0.00338650 -0.01788184 0.00303542 -0.00796482 -0.01354289 0.01574975 0.02149944 -0.00399523
266.0  0.56125022 -0.00042344 0.00016733 -0.01254318 -0.01306764 -0.00163411 0.01279684 -0.01597922 0.01516806 0.00606492
266.5  -0.55092693 -0.00744323 -0.00372838 0.00191095 0.01457246 0.01048460 -0.00522477 0.01152827 0.00610917 -0.00567108
267.0  -0.98715844 0.00294572 0.00191691 0.01397870 -0.00559828 0.01843536 -0.00272133 -0.00648859 -0.00558411 0.00355474
267.5  -0.32499789 -0.00577396 0.00234560 0.01406024 -0.01032216 0.02013969 0.01247304 0.00511378 -0.01405579 -0.00333294
268.0  0.64766479 0.00026547 -0.00361391 -0.00319355 0.01744195 0.01301535 -0.01749988 0.00139068 -0.02183237 0.00043041
268.5  0.98883854 0.01398559 0.00109715 -0.01770698 -0.00282902 -0.00327733 0.02016601 0.00483152 -0.01858560 0.00541583
269.0  0.41721555 -0.00317484 0.00243542 -0.01716360 0.01503557 -0.01629014 -0.01179871 0.00218635 -0.01240203 -0.00981585
269.5  -0.55509138 -0.00159486 -0.00307959 0.00263414 0.01597905 -0.02133337 0.00157837 -0.00662330 -0.00108575 0.01442077
270.0  -0.99588231 -0.00268887 0.00100675 0.01830934 -0.00093015 -0.01355445 0.00596398 0.01226425 0.00983481 -0.01788109
270.5  -0.39203128 -0.01127701 0.00182538 0.01199934 -0.01633377 0.00041042 -0.01473270 -0.01488487 0.01462230 0.01888502
271.0  0.65034021 0.00928446 -0.00348907 -0.00639741 -0.01657646 0.01349989 0.01486635 0.01289374 0.01901300 -0.01909931
271.5  0.96800592 0.00757721 0.00100535 -0.01782819 0.00067304 0.02097681 -0.00906261 -0.01011072 0.01977287 0.01900578
272.0  0.23030231 -0.00444525 0.00318307 -0.00914052 0.01860603 0.01767745 0.00627074 -0.00016189 0.01857106 -0.01992778
272.5  -0.73595325 0.00366838 -0.00308211 0.01578267 0.00916994 0.00519664 0.00540842 0.00777704 0.01415033 0.01723133
273.0  -0.95482527 -0.00862383 0.00006811 0.01596062 -0.01187681 -0.01052305 -0.01353955 -0.01423302 0.00571685 -0.01389689
273.5  -0.23546557 -0.00347193 0.00271197 -0.00072155 0.01954978 -0.02057064 0.00998333 0.01718980 -0.00424169 0.00768603
274.0  0.72579095 0.00888212 -0.00330827 -0.01643090 -0.00569936 -0.01757896 -0.00797440 -0.01042371 -0.01379297 0.00007131
274.5  0.94566098 -0.00453074 0.00088692 -0.01232976 -0.01372082 -0.00461407 0.00150295 0.00160192 -0.01868089 -0.00624151
275.0  0.11839141 0.00261906 0.00334641 0.00465340 0.01807786 0.00960500 0.01017597 0.00853488 -0.01930244 0.01092872
275.5  -0.86225662 0.00373954 -0.00291108 0.01684053 -0.00609459 0.02091246 -0.01111290 -0.01400746 -0.01814585 -0.01504932
276.0  -0.79299738 -0.00725922 -0.00107674 0.01270840 -0.01148277 0.01938063 0.01105980 0.01932398 -0.01281871 0.01852479
276.5  0.26121297 0.00450313 0.00372697 -0.00364950 0.01826968 0.01430920 -0.00791490 -0.01155036 -0.00900718 -0.02096376
277.0  0.98787691 0.00004488 -0.00234565 -0.01722833 -0.00793951 -0.00201095 0.00214456 0.00561320 0.00133028 0.02283886
277.5  0.56416579 -0.00856397 -0.00151082 -0.01271416 -0.01028463 -0.01590838 0.00521391 0.00184933 0.01206331 -0.02330749
278.0  -0.45113640 0.00811630 0.00458320 0.00939115 0.01910785 -0.02063918 -0.01280450 -0.01711406 0.01860358 0.02138544
278.5  -0.99574228 0.00037333 -0.00317834 0.01877451 -0.00334452 -0.01658788 0.00755723 0.01677097 0.02426828 -0.01756234
279.0  -0.60064358 0.00210464 -0.00151137 0.00337093 -0.01592861 0.00277067 -0.00584726 -0.01345860 0.01668712 0.00953236
279.5  0.34744340 0.00479749 0.00390332 -0.01845799 0.01301572 0.01747608 -0.00202510 0.00673639 0.00891943 -0.00143550
280.0  0.98008162 -0.01326568 -0.00292143 -0.01418306 0.00184317 0.01964876 0.01037437 0.00289860 -0.00032846 -0.00668845
280.5  0.64846689 0.00074241 -0.00002437 0.00837810 -0.01510081 0.00947716 -0.01067096 -0.01213908 -0.00992205 0.01385910
281.0  -0.37232927 0.00080610 0.00311323 0.02267678 0.00872057 -0.00896241 0.00719781 0.01425684 -0.01207661 -0.01923476
281.5  -0.99518539 0.00231523 -0.00343544 0.00825490 0.00876792 -0.01901362 -0.00105043 -0.01394538 -0.01896789 0.02127419
282.0  -0.52550929 0.01224154 0.00038264 -0.01571965 -0.01637751 -0.01855024 -0.00469733 0.01635508 -0.02219223 -0.02169069
282.5  0.50064795 -0.00887377 0.00293189 -0.02337563 0.00580558 -0.00555828 0.01158784 -0.00729747 -0.02093960 0.02336893
283.0  0.99857546 -0.00600111 -0.00377600 -0.00229868 0.01078616 0.01181514 -0.00991618 -0.00044573 -0.01971565 -0.01929082
283.5  0.49973624 -0.00046084 0.00046069 0.02232057 -0.01423282 0.02031426 0.00453631 0.00742116 -0.01200762 0.01696036
284.0  -0.49057254 -0.00462046 0.00331878 0.01877811 0.00319066 0.01460966 0.00313830 -0.01418918 -0.00435868 -0.01063595
284.5  -0.99855315 0.01294939 -0.00354312 -0.00791086 0.01165759 -0.00391937 -0.00933540 0.01726062 0.00560114 0.00435211
285.0  -0.46544654 0.00231980 0.00036398 -0.02485557 -0.01560093 -0.01869582 0.01097913 -0.01302646 0.01264394 -0.00022866
285.5  0.59556523 -0.00795244 0.00299182 -0.01562202 -0.00076205 -0.02185000 -0.00719899 0.00551068 0.01809129 -0.00380934
286.0  0.97388089 0.00290955 -0.00319168 0.00879303 0.01483926 -0.01096488 -0.00340192 -0.00032902 0.02035894 0.00670413
286.5  0.17742488 -0.00448947 -0.00035741 0.02535267 -0.01713437 0.00723968 0.00745798 -0.01055000 0.02023753 -0.00867586
287.0  -0.83214037 -0.00123557 0.00384253 0.01857596 0.00583804 0.02104777 -0.01092113 0.01529602 0.01884070 0.01078114
287.5  -0.85020616 0.00939442 -0.00225883 -0.00529527 0.01283385 0.02149217 0.01042549 -0.01630694 0.01479889 -0.01463189
288.0  0.07748939 -0.00512691 -0.00216505 -0.02316411 -0.02013481 0.00926969 -0.00004438 0.01361406 0.00950251 0.01741015
288.5  0.90271901 -0.00143231 0.00471396 -0.01925794 0.00513955 -0.00851901 -0.00737439 -0.00526501 -0.00122428 -0.02011571
289.0  0.83847276 0.00756826 -0.00112902 0.00672304 0.01380389 -0.02178002 0.01100522 -0.00575126 -0.01148175 0.02454412
289.5  -0.00242552 -0.00708265 -0.00244576 0.02573876 -0.01742529 -0.01999814 -0.01130927 0.01281632 -0.01977323 -0.02724279
290.0  -0.84569991 0.00043838 0.00357783 0.01354011 0.00369831 -0.00461016 0.00731032 -0.01615326 -0.02218767 0.02572590
290.5  -0.88653976 -0.00046604 -0.00183441 -0.01296383 0.01528846 0.00787514 0.00400272 0.01467059 -0.01720996 -0.02395192
291.0  -0.01473366 -0.00816968 -0.00284236 -0.01861133 -0.02291562 0.01994104 -0.00865073 -0.00402482 -0.01252963 0.01733596
291.5  0.88881918 0.01080172 0.00395939 -0.01030908 0.00201672 0.02064649 0.01450947 -0.00317240 -0.00404877 -0.01410784
292.0  0.79035273 0.00684002 0.00051132 0.01019235 0.01724063 0.01418080 -0.01062462 0.01456218 0.00213226 0.01262307
292.5  -0.21165962 -0.00749011 -0.00422306 0.02389345 -0.02162129 0.00059793 0.00484184 -0.01477787 0.00813016 -0.00652656
293.0  -0.96829539 -0.00051705 0.00306946 0.01232499 0.00739590 -0.01414724 0.00256128 0.01441723 0.01516228 0.00218171
293.5  -0.66122797 -0.00806135 0.00208874 -0.01001897 0.01439514 -0.02117332 -0.01211691 -0.01531059 0.01912250 0.00191476
294.0  0.35377039 -0.00211222 -0.00423945 -0.02071868 -0.02036505 -0.01618214 0.01428690 0.00489578 0.02158898 -0.00721563
294.5  0.99212448 0.01511637 0.00150823 -0.01225083 0.00664261 0.00058833 -0.01092394 0.00282474 0.02041139 0.01169432
295.0  0.52926592 0.00035579 0.00242245 0.00869920 0.01143219 0.01561321 0.00057024 -0.00868603 0.01707486 -0.01451830
295.5  -0.56559114 -0.00565341 -0.00375907 0.02307920 -0.02080676 0.02092466 0.01212349 0.01585232 0.01274104 0.01629928
296.0  -0.97242205 -0.00002694 0.00074300 0.01281088 0.01357155 0.01709434 -0.01650967 -0.01915813 0.00557969 -0.01758228
296.5  -0.12085453 -0.00700909 0.00419743 -0.00436062 0.01081118 0.00083047 0.01611457 0.01633897 0.00076283 0.01607124
297.0  0.89107243 0.00375840 -0.00254205 -0.01875202 -0.02009800 -0.01189160 -0.00805330 -0.01384003 -0.00648418 -0.01677276
297.5  0.74088516 0.01135849 -0.00317801 -0.02064022 0.01061416 -0.02200810 -0.00466836 0.00845960 -0.01129176 0.01823271
298.0  -0.31705044 -0.00724011 0.00455588 -0.00012634 0.00418270 -0.02163150 0.01235717 0.00386708 -0.01600103 -0.01924999
298.5  -0.98795844 -0.00323596 -0.00008630 0.01978865 -0.01806057 -0.00549558 -0.01343591 -0.01377509 -0.02065518 0.02136906
299.0  -0.62096996 0.00273434 -0.00398795 0.01775046 0.01364793 0.01168932 0.00870958 0.02048365 -0.01647129 -0.02182557
299.5  0.32178673 -0.00694869 0.00391485 -0.00864868 0.00446520 0.02485028 0.00480492 -0.01705788 -0.01322101 0.02289642
300.0  0.96305219 0.00699779 -0.00044699 -0.02454352 -0.01882591 0.01793720 -0.00978539 0.00759591 -0.00331168 -0.01955050
300.5  0.75679851 -0.00009988 -0.00279533 -0.00803126 0.01123589 -0.00199655 0.00962741 0.01042185 0.00853363 0.01403246
301.0  -0.13740261 -0.00467209 0.00446877 0.01986602 0.01184365 -0.01612326 -0.00579006 -0.01906673 0.01518640 -0.00479666
301.5  -0.91719521 0.00806254 -0.00228734 0.02302903 -0.02223308 -0.02261281 -0.00489327 0.01828798 0.02042155 -0.00312230
302.0  -0.79972399 -0.00378008 -0.00358309 -0.00141268 0.00731736 -0.01349110 0.00743656 -0.01712246 0.01921525 0.01112043
302.5  0.12389097 0.00057503 0.00462947 -0.02333561 0.01397100 0.00192368 -0.01209087 -0.00233273 0.01293902 -0.01944118
303.0  0.91799785 0.00166565 -0.00173520 -0.01605570 -0.02111743 0.01409082 0.00034375 0.01605393 0.00484658 0.02380768
303.5  0.81377137 -0.01117446 -0.00167865 0.01188907 0.00334247 0.02287543 0.00763846 -0.01173065 -0.00622929 -0.02227571
304.0  -0.05296496 0.00539864 0.00450502 0.02071860 0.02163556 0.01052939 -0.01284907 0.01580509 -0.01423048 0.02075544
304.5  -0.86969605 0.00271508 -0.00442808 0.00420232 -0.01453781 -0.00494745 0.01377742 -0.00419589 -0.01861274 -0.01483298
305.0  -0.87178648 0.00355535 -0.00039250 -0.01821708 -0.01251588 -0.01862801 -0.00683131 -0.00625819 -0.01967923 0.00565381
305.5  -0.00055334 0.00771324 0.00425436 -0.01857126 0.01977654 -0.02175470 -0.00048509 0.01470349 -0.01400080 -0.00021597
306.0  0.89425325 -0.01301761 -0.00415749 0.00686061 -0.00357709 -0.00950724 0.00850340 -0.01865610 -0.00827806 -0.00579337
306.5  0.76310081 -0.00427965 -0.00068197 0.01995255 -0.01733690 0.00698166 -0.01327430 0.01763823 0.00193309 0.01181778
307.0  -0.32744634 0.00494095 0.00513702 0.01096946 0.01981438 0.01883237 0.01051299 -0.01361024 0.00760723 -0.01352773
307.5  -0.99860865 0.00083135 -0.00246383 -0.00776914 -0.00224164 0.02282246 -0.00352198 0.00680985 0.01362577 0.01527440
308.0  -0.34279413 0.00895755 -0.00237778 -0.01874647 -0.01736144 0.01506575 0.00005342 0.00170338 0.01710410 -0.01491563
308.5  0.75620639 -0.00414902 0.00419864 -0.00771912 0.02105168 -0.00127411 0.00773305 -0.01027324 0.01862010 0.01671800
309.0  0.89281152 -0.01244126 -0.00272633 0.01160730 -0.00237742 -0.01634723 -0.01237439 0.01487679 0.02093871 -0.01668093
309.5  -0.03336007 0.00632911 -0.00225733 0.01956553 -0.01951513 -0.02330001 0.00726688 -0.02132533 0.01816898 0.02149566
310.0  -0.90984508 0.00113656 0.00522773 0.00114048 0.01967779 -0.01683029 -0.00428456 0.01744580 0.01477842 -0.02145144
310.5  -0.77767091 0.00169074 -0.00192172 -0.01617127 -0.00130502 0.00020604 -0.00292253 -0.01009969 0.00648387 0.02097000
311.0  0.21595255 0.00616887 -0.00282793 -0.02007159 -0.02232829 0.01625368 0.01018842 0.00210204 -0.00086237 -0.01446858
311.5  0.97387766 -0.00899046 0.00486843 -0.00238685 0.01515360 0.02408185 -0.01057576 0.00939898 -0.00818517 0.00992502
312.0  0.59971611 -0.00005074 -0.00076320 0.02041179 0.00592225 0.02105054 0.00987116 -0.01657620 -0.01411187 -0.00550393
312.5  -0.48561111 0.00513612 -0.00447053 0.02006266 -0.01994072 0.00912094 -0.00349088 0.01950936 -0.01692867 0.00239780
313.0  -0.99620125 -0.00707982 0.00380916 0.00032002 0.01457534 -0.00551122 -0.00219212 -0.01619938 -0.01962703 0.00277280
313.5  -0.39906840 0.00354621 0.00041063 -0.01976219 0.00502275 -0.02128319 0.00977351 0.01257327 -0.01729207 -0.00641648
314.0  0.58528969 0.00241658 -0.00410140 -0.01890726 -0.02084470 -0.02499065 -0.01251686 0.00086438 -0.01276803 0.00983881
314.5  0.99759281 -0.00323209 0.00454903 0.00430177 0.01367346 -0.01607165 0.00697427 -0.01487289 -0.00358119 -0.01324030
315.0  0.53573051 0.00907935 0.00022058 0.02118256 0.01015429 0.00403365 -0.00111210 0.01694617 0.00756661 0.01677195
315.5  -0.37973341 -0.00489716 -0.00501114 0.01229159 -0.02140265 0.02263576 -0.00479781 -0.01683088 0.01488378 -0.01799743
316.0  -0.97817130 -0.00661619 0.00437236 -0.01212228 0.00973012 0.02428082 0.01110628 0.00674793 0.01949371 0.01818335
316.5  -0.68457120 0.00208329 0.00009453 -0.02274601 0.00783453 0.01471931 -0.01102667 0.00741482 0.01539256 -0.01864311
317.0  0.30181915 -0.00478879 -0.00490715 -0.00596518 -0.02368603 -0.00376850 0.01528061 -0.00925381 0.00773639 0.01575762
317.5  0.98498413 0.00760068 0.00371818 0.01142231 0.01181455 -0.02034431 -0.01802754 -0.00629845 -0.00072824 -0.01461864
318.0  0.57799270 0.00973357 0.00160701 0.02392373 0.01207804 -0.02685697 0.01538406 -0.00851567 -0.00797884 0.01617263
318.5  -0.47498205 -0.01006442 -0.00506569 0.01677292 -0.01924939 -0.02370375 0.00188789 0.00664928 -0.01209576 -0.01578695
319.0  -0.99839931 -0.00520569 0.00325244 -0.00649444 0.01190908 -0.00771980 -0.01478908 -0.00021585 -0.01550638 0.01512472
319.5  -0.48705779 -0.00131437 0.00307555 -0.02443587 0.00542935 0.01081848 0.01529248 -0.00963205 -0.01434540 -0.01430017
320.0  0.47944249 -0.00319328 -0.00568283 -0.01962543 -0.01806701 0.02409535 -0.01091292 0.01564546 -0.00932521 0.01040571
320.5  0.99476311 0.01390081 0.00154576 0.00804321 0.01293781 0.02383129 0.00090570 -0.01205778 -0.00366692 -0.00544869
321.0  0.62112713 0.00445808 0.00339685 0.02814410 0.00601340 0.00857286 0.01367428 0.00425337 0.00441555 0.00028531
321.5  -0.32786587 -0.00650137 -0.00466026 0.01634033 -0.02087162 -0.01085221 -0.01439139 0.00549857 0.01101577 0.00282857
322.0  -0.98029765 0.00052300 0.00131429 -0.01114911 0.01337405 -0.02506118 0.00957438 -0.01307409 0.01431330 -0.00644651
322.5  -0.62409876 -0.00857753 0.00378463 -0.02798485 0.00673596 -0.02409574 -0.00517769 0.01574523 0.01586562 0.00902976
323.0  0.42638027 -0.00025711 -0.00489231 -0.01560706 -0.01853288 -0.01288338 -0.00709231 -0.01418504 0.01385419 -0.01049367
323.5  0.99844122 0.01126336 -0.00038471 0.00978271 0.01593976 0.00348057 0.01447976 0.00679107 0.00953397 0.01182293
324.0  0.44468028 -0.00397089 0.00497488 0.02559918 -0.00016743 0.01950041 -0.01228205 0.00199515 0.00406722 -0.01597385
324.5  -0.58658304 -0.00120993 -0.00305337 0.01705715 -0.01834908 0.02579820 0.00777316 -0.01219641 -0.00540920 0.01732389
325.0  -0.99091465 0.00433429 -0.00182566 0.00028166 0.02080435 0.02197155 -0.00000920 0.01763940 -0.00326993 -0.01796569
325.5  -0.38064478 -0.00691339 0.00492213 -0.02137164 -0.01595813 0.00427444 -0.01127597 -0.01603449 -0.01097289 0.01901328
326.0  0.62210700 0.00311261 -0.00306208 0.01593595 -0.01251396 -0.01469316 0.01159788 0.01270254 -0.00971593 -0.01708725
326.5  0.98048622 0.00047520 -0.00221734 0.00724515 0.02469946 -0.02676279 -0.01388396 -0.00082461 -0.00718465 0.01413079
327.0  0.25274342 -0.00795939 0.00524764 -0.01888580 -0.01135320 -0.02626460 0.00953781 -0.00503925 -0.00336469 -0.01018857
327.5  -0.78426396 0.00862231 -0.00212958 0.01109235 -0.01500718 -0.01102360 -0.00656824 0.01576302 0.00138300 0.00631721
328.0  -0.86813475 0.00436222 -0.00331447 0.00852122 0.02582011 0.00669945 -0.00159886 -0.02127783 0.00471162 -0.00230637
328.5  0.13622055 -0.00559229 0.00475194 -0.01976858 -0.00984226 0.02195167 0.00793746 0.01599977 0.00916396 -0.00081159
329.0  0.96567916 0.00128997 -0.00057654 0.00996485 -0.01403089 0.02911067 -0.01169228 -0.00958035 0.00985524 0.00449874
329.5  0.63234546 -0.00840391 -0.00424846 0.00529198 0.02583066 0.02128128 0.01519934 0.00348724 0.00999395 -0.00728158
330.0  -0.40122820 -0.00045089 0.00465648 -0.00614498 -0.02283087 0.00196837 -0.00934862 0.01223129 0.00694871 0.01087391
330.5  -0.99350226 0.01309244 -0.00055874 0.01893608 -0.00559018 -0.01748217 -0.00036307 -0.02131593 0.00238286 -0.01389397
331.0  -0.59571872 -0.00180858 -0.00285272 -0.01208552 0.02687686 -0.02975286 0.01013891 0.01300196 -0.00089176 0.01583985
331.5  0.37591273 0.00334182 0.00449715 -0.01152105 -0.01435720 -0.02073644 -0.01659884 -0.00364496 -0.00846247 -0.01396680
332.0  0.98812748 -0.00741349 -0.00299791 0.01999768 -0.01890030 -0.00286971 0.00921613 -0.00831807 -0.00917403 0.00858989
332.5  0.59870145 -0.00960667 -0.00155575 -0.00145365 0.02848070 0.01491148 0.00623827 0.01382046 -0.00880064 -0.00132215
333.0  -0.44396271 0.00920411 0.00475291 -0.01892511 -0.00348887 0.02787815 -0.00889718 -0.01084329 -0.00521836 -0.00464213
333.5  -0.99840803 0.00048250 -0.00357799 0.01623311 -0.02491564 0.02444628 0.01691367 0.00851312 -0.00085321 0.00934162
334.0  -0.40994454 0.00472278 -0.00130305 0.00584271 0.02438227 0.01744716 -0.01382852 -0.00095661 0.00027881 -0.01221314
334.5  0.64103750 0.00153186 0.00474961 -0.02234521 -0.00064843 -0.00188337 0.00865297 -0.00431682 0.00521549 0.01604868
335.0  0.97306566 -0.01296143 -0.00334150 0.01241446 -0.02485962 -0.01974862 -0.00309183 0.00897120 0.00913145 -0.01792043
335.5  0.25964969 0.00426143 -0.00138561 0.01109684 0.02440056 -0.02834028 -0.01061556 -0.01884066 0.00147712 0.01785837
336.0  -0.72462911 0.00151392 0.00504926 -0.02224916 0.00184892 -0.02340245 0.01304404 0.00929333 0.00417296 -0.01717085
336.5  -0.94581099 -0.00149613 -0.00360075 0.01337005 -0.02505732 -0.00156055 -0.01363654 0.00063195 -0.00112702 0.01452264
337.0  -0.13415222 0.00805559 -0.00195629 0.00468222 0.02288894 0.01806645 0.00788994 -0.00585344 -0.00259539 -0.01087730
337.5  0.84449970 -0.00613441 0.00528021 -0.02114000 -0.00547618 0.02855784 0.00818760 0.01200514 -0.00363027 0.01018452
338.0  0.81754516 -0.00293250 -0.00213305 0.01966203 -0.01400987 0.02553518 -0.01533288 -0.01378548 -0.00447945 -0.01041882
338.5  -0.23331675 0.00712328 -0.00405054 -0.00041108 0.02772592 0.00693136 0.01780776 0.00917667 -0.00435144 0.00597850
339.0  -0.98912189 -0.00608667 0.00538957 -0.01790947 -0.01687057 -0.01200263 -0.01256959 -0.00466096 -0.00341915 -0.00368376
339.5  -0.50543392 -0.00178612 0.00000234 0.02036208 -0.00983462 -0.02766231 0.00224163 0.00112774 -0.00182663 0.00504499
340.0  0.56975199 0.00758556 -0.00562350 -0.00451632 0.02589147 -0.02759698 0.00775415 0.00718036 -0.00062974 -0.00012978
340.5  0.99097823 -0.00358545 0.00470294 -0.01676405 -0.02034905 -0.00864421 -0.01485755 -0.01256751 0.00142270 -0.00417204
341.0  0.39984313 0.00384925 0.00190934 0.01897625 -0.00662069 0.01532990 0.01387464 0.01121440 0.00286677 0.00437055
341.5  -0.55001349 0.00178195 -0.00628432 0.00308642 0.02519992 0.02950481 -0.00498358 -0.00937450 0.00414276 -0.00969610
342.0  -0.99835123 -0.01254755 0.00425218 -0.02291639 -0.01383588 0.02197235 -0.00495266 0.00030044 0.00479004 0.01373894
342.5  -0.57446057 0.00262228 0.00106462 0.01509594 -0.01341531 -0.00231195 0.01124407 0.01243914 0.00362075 -0.01440595
343.0  0.36135634 -0.00006089 -0.00592917 0.01681161 0.02524868 -0.02263075 -0.01414819 -0.01466424 0.00012858 0.01817125
343.5  0.97830227 0.00220071 0.00505175 -0.02635921 -0.00534939 -0.02954498 0.00753312 0.01097305 -0.00182851 -0.01931493
344.0  0.68831896 0.01286589 0.00149398 0.00129276 -0.01997080 -0.01943189 -0.00022604 -0.00758241 -0.00510041 0.01990868
344.5  -0.25078594 -0.00727518 -0.00611972 0.02251718 0.02197678 0.00100929 -0.00719897 -0.00474180 -0.00589597 -0.02021098
345.0  -0.95251399 -0.00550381 0.00449405 -0.02215322 0.00259341 0.01481044 0.01746559 0.01255809 0.00085165 0.01774353
345.5  -0.75843370 -0.00050969 0.00126676 -0.00537052 -0.02275261 0.03116461 -0.01045250 -0.00741600 -0.00068438 -0.01474063
346.0  0.15846716 -0.00721020 -0.00516990 0.02842633 0.01435719 0.02013235 0.01123216 0.01253515 0.00534565 0.01013789
346.5  0.93299266 0.01056176 0.00419981 -0.01798623 0.00783483 0.00496244 0.00276235 -0.00705653 0.00579625 -0.00626447
347.0  0.74703188 0.00556275 0.00222320 -0.01294823 -0.01822374 -0.01454947 -0.01230185 -0.00237596 0.00708263 0.00299272
347.5  -0.29157677 -0.00796646 -0.00604381 0.02960176 0.01051531 -0.02834306 0.01486211 0.00492359 0.00769184 -0.00115901
348.0  -0.99534103 0.00234318 0.00221450 -0.01721755 0.00581677 -0.02342512 -0.01266448 -0.01049470 0.00628719 -0.00046828
348.5  -0.39238757 -0.00095613 0.00478568 -0.01148190 -0.01828827 -0.00965280 0.00383530 0.01377163 0.00641659 0.00128952
349.0  0.76405861 -0.00540571 -0.00483121 0.02864512 0.01264992 0.01014308 0.00631442 -0.01345748 0.00451434 -0.00156474
349.5  0.83253477 0.00768754 -0.00216160 -0.02240746 0.00369633 0.02621054 -0.01364339 0.01149253 0.00368554 0.00250000
350.0  -0.27804334 0.00109738 0.00569316 0.00020470 -0.01514180 0.02822606 0.01661352 -0.01040399 0.00205185 -0.00352584
350.5  -0.99675186 -0.00734210 -0.00112086 0.02723514 0.00827671 0.01674311 -0.00970418 0.00715224 -0.00049804 0.00559724
351.0  -0.42751607 0.00656281 -0.00506642 -0.02600912 0.00787681 -0.00567140 -0.00144379 0.00195119 -0.00313987 -0.00931724
351.5  0.63857237 -0.00102308 0.00496374 -0.00762799 -0.01558598 -0.02600594 0.01242218 -0.00629862 -0.00506990 0.01401575
352.0  0.97379633 -0.00733256 0.00072948 0.03321264 0.00109546 -0.02832072 -0.01629585 0.00787372 -0.00702485 -0.01911053
352.5  0.26991382 0.00673642 -0.00506976 -0.01665606 0.01909254 -0.01225886 0.00752986 -0.01346722 -0.00852510 0.02438343
353.0  -0.71100997 -0.00323109 0.00483456 -0.01950371 -0.01078426 0.00985927 0.00147146 0.01037407 -0.00794819 -0.02555739
353.5  -0.95750363 0.00339975 0.00016432 0.03279347 -0.01189924 0.02745989 -0.00527172 -0.00309981 -0.00707805 0.02469764
354.0  -0.22170687 0.00718040 -0.00562123 -0.00832809 0.01931225 0.02650100 0.01301795 0.00326315 -0.00201915 -0.02096378
354.5  0.73103150 -0.01082741 0.00552064 -0.02558553 -0.00977304 0.01312870 -0.00989167 0.00448916 0.00127034 0.01702626
355.0  0.96191275 0.00042808 -0.00059657 0.03105356 -0.00002618 -0.00880455 0.00534466 -0.01037094 0.00440346 -0.01223528
355.5  0.30531240 -0.00392062 -0.00431595 -0.00637410 0.01514019 -0.02610003 -0.00011116 0.01146429 0.00733336 0.00658326
356.0  -0.60570839 -0.00054804 0.00610520 -0.01927318 -0.02287290 -0.02596241 -0.01009207 -0.01318463 0.00490689 0.00347972
356.5  -0.99792211 0.01293507 -0.00348420 0.02053871 0.00226361 -0.01247431 0.01091435 0.00560798 0.00528905 -0.01394773
357.0  -0.54567167 -0.00345611 -0.00238384 0.00422742 0.02128850 0.01064003 -0.00756848 -0.00438212 0.00040129 0.01988815
357.5  0.39920626 0.00333630 0.00613448 -0.02628614 -0.02134550 0.02997538 0.00388785 -0.00176779 -0.00400077 -0.02153627
358.0  0.99031335 -0.00549579 -0.00376024 0.01100605 -0.00711202 0.02869796 -0.01019188 0.01159993 -0.00524872 0.02057618
358.5  0.57877804 -0.00894058 -0.00164806 0.01987836 0.02604898 0.01336942 -0.00431742 -0.01771254 -0.00674672 -0.01627060
359.0  -0.48015154 0.00934521 0.00587725 -0.02270566 -0.01341280 -0.00803156 -0.00172171 0.00830522 -0.00592243 0.01321508
359.5  -0.99561961 -0.00047626 -0.00336560 0.00255389 -0.01003510 -0.02534998 0.00915778 0.00142158 -0.00376820 -0.00860068
360.0  -0.33472867 0.00048145 -0.00247585 0.01929292 0.02202203 -0.02818899 -0.01609101 -0.00671640 -0.00186828 0.00430525
360.5  0.71342938 0.00444705 0.00545663 -0.02501815 -0.01211778 -0.01772733 0.01155475 0.01404746 -0.00006060 -0.00044895
361.0  0.94333772 -0.01017366 -0.00357217 0.00132980 -0.01048836 0.00395837 -0.00372402 -0.01643689 0.00399207 -0.00186619
361.5  0.16177601 0.00307819 -0.00256384 0.02655607 0.01962209 0.02324955 -0.00414718 0.01063937 0.00723597 0.00813931
362.0  -0.77171227 0.00332523 0.00609645 -0.02295025 -0.00538857 0.02712592 0.01172902 -0.00406066 0.00893705 -0.01383232
362.5  -0.93929114 -0.00558175 -0.00323514 -0.01218606 -0.01423094 0.01530088 -0.01162432 -0.00333581 0.00680909 0.01817353
363.0  -0.18423602 0.00772703 -0.00182527 0.03552483 0.01197170 -0.00609586 0.00685533 0.01438395 0.00285300 -0.01961958
363.5  0.76704973 -0.00389846 0.00554179 -0.01182849 0.00660348 -0.02334793 0.00005026 -0.01614280 -0.00064562 0.01977389
364.0  0.92110551 -0.00178911 -0.00377445 -0.02650478 -0.00889002 -0.02716784 -0.01067680 0.01284742 -0.00421071 -0.02029596
364.5  0.05978698 0.00736842 -0.00245962 0.02904766 -0.00421946 -0.02103974 0.00983327 -0.00849506 -0.00241416 0.01828482
365.0  -0.87271249 -0.00867330 0.00573325 0.00015381 0.00999997 -0.00259545 -0.01265807 0.00016472 -0.00468883 -0.01599631
365.5  -0.82035008 -0.00026023 -0.00287622 -0.02900356 -0.00070621 0.01440240 0.01017496 0.00832959 -0.00636871 -0.01339351
366.0  0.12707128 0.00445731 -0.00324894 0.02766590 -0.01315219 0.02617804 0.00620684 -0.01406039 -0.00693221 -0.00843566
366.5  0.92908979 -0.00440549 0.00556682 0.00622960 0.01023823 0.02727085 -0.01078821 0.01217749 -0.00640287 -0.00360357
367.0  0.77647508 0.00971829 -0.00213560 -0.03383109 0.00193742 0.01005192 0.01351891 -0.01119245 -0.00113374 0.00365421
367.5  -0.16645696 -0.00063964 -0.00385133 0.02503562 -0.00925604 -0.00980625 -0.01393351 0.00318177 0.00155221 0.00731231
368.0  -0.94652091 -0.01061383 0.00548144 0.01359769 0.01069752 -0.02521097 0.00361697 0.00578759 0.00556926 0.01095061
368.5  -0.70251546 0.00341182 -0.00075532 -0.03791554 -0.00268294 -0.02751316 0.00746645 -0.01066568 0.00702710 0.01312807
369.0  0.35951575 -0.00165307 -0.00491767 0.02327732 -0.00971676 -0.01397075 -0.01135329 0.01619217 0.00623878 0.01354850
369.5  0.99806576 0.00201820 0.00445121 0.01066180 0.01251965 0.00255039 0.01190252 -0.01503627 0.00752306 0.01438116
370.0  0.40026731 0.01082783 0.00207129 -0.03436960 -0.00377081 0.02003456 -0.01304895 0.00999237 0.00567217 0.01520182
370.5  -0.68746171 -0.00824106 -0.00561603 0.03063707 -0.00906374 0.02718627 0.00575035 -0.00407744 0.00417063 0.01614121
371.0  -0.94522854 -0.00880564 0.00182269 0.00071391 0.01520900 0.02169478 0.00591801 -0.00520515 0.00110671 0.01639789
371.5  -0.15229970 0.00615920 0.00429151 -0.03602549 -0.00670926 0.00711001 -0.00417647 0.01283858 -0.00362208 0.01636940
372.0  0.77317501 -0.00259409 -0.00465506 0.03239193 -0.00755721 -0.01544445 0.00567217 -0.01749383 -0.00627612 0.01664216
372.5  0.95003821 0.00521628 -0.00006750 0.00596603 0.01398856 -0.02483639 -0.00246213 0.01926039 -0.00926947 0.01698939
373.0  0.28000532 -0.00630368 0.00433070 -0.03736865 -0.01115029 -0.02474573 -0.00018129 -0.00366894 -0.00450820 0.01683255
373.5  -0.63602510 -0.00299428 -0.00506031 0.02505242 -0.00293296 -0.00699663 -0.00513695 -0.00627085 -0.00300816 0.01599383
374.0  -0.99161115 0.00945289 -0.00007465 0.01365442 0.01670781 0.01309369 0.00669625 0.01574714 -0.00103816 0.01365290
374.5  -0.41587791 0.01443529 0.00474672 -0.03800851 -0.01601045 0.02401207 0.00319585 -0.01856896 0.00410213 0.01023166
375.0  0.58237613 0.00496997 -0.00433995 0.02248073 0.00153247 0.02505275 -0.00327188 0.01519611 0.00268882 0.00789408
375.5  0.99133447 -0.00896762 -0.00082577 0.01516969 0.01718449 0.01069514 0.00518939 -0.00910192 0.00387393 0.00666171
376.0  0.38231963 -0.01553739 0.00541317 -0.03755211 -0.01996111 -0.00938872 -0.00232450 -0.00013747 0.00264355 0.00419012
376.5  -0.60339979 -0.01416968 -0.00369467 0.01905802 0.00270009 -0.02374841 -0.00116966 0.00823715 0.00155204 0.00000585
377.0  -0.99316845 -0.00935399 -0.00204806 0.02152972 0.01750631 -0.02521082 0.00140783 -0.01455270 0.00154054 -0.00405757
377.5  -0.43994717 0.00012792 0.00550153 -0.03785023 -0.01834461 -0.01001595 -0.00192331 0.01919967 0.00032391 -0.00807870
378.0  0.53633732 0.01715898 -0.00337701 0.00536306 -0.00259301 0.01191048 -0.00119700 -0.01393843 0.00014862 -0.01380692
378.5  0.99653498 0.03377616 -0.00182195 0.03134027 0.01776911 0.02592396 0.00188815 0.00285604 -0.00169226 -0.01713237
379.0  0.40889195 0.02939243 0.00550453 -0.03068409 -0.01186360 0.02448720 0.00231639 0.00741719 -0.00263921 -0.01800252
379.5  -0.65968477 -0.00732296 -0.00326426 0.00051249 -0.00404291 0.01067877 -0.00005401 -0.01777610 -0.00263914 -0.01917862
380.0  -0.94060789 -0.05150010 -0.00363727 0.03092671 0.01622871 -0.00733497 -0.00178670 0.02113780 -0.00295798 -0.01858729
380.5  -0.02400882 -0.05278249 0.00568062 -0.03533852 -0.01566072 -0.02164849 0.00033387 -0.01634395 -0.00130061 -0.01818777
381.0  0.92415542 0.00200361 -0.00081525 -0.00001837 -0.00331729 -0.02739890 -0.00378019 0.00964348 -0.00180356 -0.01739406
381.5  0.68280594 0.06124946 -0.00466359 0.03694760 0.01842917 -0.02222743 0.00093645 -0.00223252 -0.00181869 -0.01581791
382.0  -0.39742598 0.06829664 0.00503408 -0.03266616 -0.01462844 -0.00819385 0.00265065 -0.00635601 -0.00130863 -0.01482124
382.5  -0.99514266 0.02007676 0.00014097 -0.00915054 -0.00435067 0.00974622 -0.00460151 0.01347135 -0.00008426 -0.01086202
383.0  -0.47446345 -0.04008009 -0.00504648 0.03825327 0.02033678 0.02329999 0.00294420 -0.01616083 0.00454597 -0.00703147
383.5  0.55645478 -0.06910012 0.00549146 -0.01550067 -0.01184240 0.02533592 -0.00054747 0.01868088 0.00411506 0.00226782
384.0  0.98930112 -0.05252393 -0.00165839 -0.02311309 -0.01487271 0.01527122 -0.00015857 -0.01188298 0.00756909 0.00991188
384.5  0.33002171 -0.00731919 -0.00414945 0.02882364 0.02383099 -0.00278430 0.00331063 0.00172912 0.00471733 0.01823274
385.0  -0.71848996 0.03485276 0.00615407 -0.00120125 -0.00406692 -0.01846912 -0.00403084 0.00565858 0.00153981 0.02253712
385.5  -0.91928203 0.05109921 -0.00151663 -0.02973861 -0.02055846 -0.02575245 -0.00521242 -0.01094514 0.00125911 0.02373966
386.0  -0.00559430 0.03788139 -0.00474249 0.03049971 0.02018661 -0.02411205 -0.00067045 0.01692020 -0.00225778 0.02323664
386.5  0.90933728 0.00665800 0.00579409 0.01057611 0.00006173 -0.01186340 -0.00343613 -0.01785995 -0.00164963 0.02025247
387.0  0.76054612 -0.02569135 -0.00076109 -0.04111515 -0.01657671 0.00293921 0.00050863 0.00816388 -0.01094427 0.01402400
387.5  -0.22450767 -0.04463937 -0.00494176 0.01808747 0.01533660 0.01702305 0.00660589 -0.00758188 -0.00560049 0.00723406
388.0  -0.96057388 -0.04053557 0.00601092 0.02806395 0.00237840 0.01945419 0.01830573 -0.00196215 -0.00414396 -0.00092773
388.5  -0.69923043 -0.01365880 -0.00147336 -0.04046037 -0.01264014 0.00990586 0.02156463 0.01269045 -0.00152682 -0.00742107
389.0  0.29392460 0.02066571 -0.00454693 0.00075921 0.00838308 0.00038575 0.01062222 -0.01391428 0.00408592 -0.01434561
389.5  0.98257588 0.03950881 0.00638083 0.03947713 0.00195945 -0.00570350 -0.00450751 0.01294876 0.00716274 -0.01813947
390.0  0.57922605 0.03037017 -0.00152077 -0.03308873 -0.00812880 -0.00754019 -0.01815144 0.01619360 0.00791974 -0.01880208
390.5  -0.49869939 0.00496891 -0.00481258 -0.00293158 0.00753582 -0.00760709 0.02285040 0.00765902 0.00749054 -0.01786457
391.0  -0.99297909 -0.01514942 0.00607042 0.03795672 -0.00054206 0.00088326 -0.02252114 -0.00455242 0.00599476 -0.01754085
391.5  -0.32951612 -0.02305736 0.00014894 -0.03617617 -0.00666105 0.00546909 0.01794502 -0.00984563 0.00087074 -0.01657331
392.0  0.69393459 -0.02558536 -0.00619880 -0.00578382 0.00800587 0.01304715 0.00096367 -0.01370511 -0.00411803 -0.01504603
392.5  0.96284850 -0.02144550 0.00512340 0.04068969 0.00004008 0.01411530 -0.01616903 -0.01106205 -0.00685660 -0.01070743
393.0  0.27130540 -0.00219901 0.00108165 -0.02866850 -0.01181076 0.00620644 0.02317068 0.00944382 -0.00673267 -0.00582806
393.5  -0.66352957 0.03000557 -0.00629703 -0.01621035 0.00305146 -0.00376523 -0.02155455 -0.00688778 -0.00986973 -0.00059880
394.0  -0.98508854 0.05567526 0.00568779 0.03976907 0.01542446 -0.01489300 0.01235291 -0.00234190 -0.00863915 0.00384610
394.5  -0.39687047 0.04632540 0.00094164 -0.01823265 -0.01502340 -0.01580360 -0.00268538 0.01693859 -0.00532346 0.00547883
395.0  0.58336641 -0.00458828 -0.00661052 -0.02232152 -0.00070066 -0.00694063 -0.01358261 -0.02046111 -0.00144800 0.00871220
395.5  0.98791251 -0.06284633 0.00509381 0.03722825 0.01822259 0.00513210 0.02382287 0.01687921 0.00170406 0.01265207
396.0  0.34612173 -0.07418480 0.00237248 -0.01549402 -0.01866361 0.01571795 -0.02391674 -0.01144136 0.00609399 0.01451541
396.5  -0.67465895 -0.01922268 -0.00664286 -0.01954634 0.00112012 0.01680957 0.01618600 0.00072302 0.00806104 0.01580846
397.0  -0.96031314 0.05460231 0.00282212 0.03518550 0.01638304 0.00929481 0.00265440 0.01101842 0.00901217 0.01596341
397.5  -0.23859501 0.08472380 0.00411780 -0.01606586 -0.02216787 -0.00334321 -0.01840471 -0.01507495 0.00882368 0.01488932
398.0  0.71072072 0.05018257 -0.00614585 -0.02263533 0.00609936 -0.01622187 0.02581759 0.01794671 0.00387992 0.01515440
398.5  0.96410652 -0.01913695 0.00140366 0.03853500 0.01483803 -0.01545478 -0.02066388 -0.01680477 0.00274097 0.01684561
399.0  0.29297170 -0.07416491 0.00481307 -0.01148240 -0.02131836 -0.00958651 0.00283242 0.00028373 -0.00276090 0.01546604
399.5  -0.67452380 -0.08037844 -0.00578091 -0.02475653 0.01144279 0.00156858 0.01223835 0.00629340 -0.00670088 0.01284969
400.0  -0.96342047 -0.03061188 0.00033537 0.03732775 0.00653630 0.01656199 -0.02149557 -0.01025187 -0.00669064 0.00892303
400.5  -0.20667251 0.04524457 0.00571166 -0.01613854 -0.01869157 0.01303009 0.02256030 0.01361485 -0.01314195 0.00301073
401.0  0.79582780 0.09281033 -0.00489566 -0.02416332 0.01591589 0.01154299 -0.01590089 -0.01209029 -0.00911447 0.00024111
401.5  0.86720728 0.06963207 -0.00235202 0.04192412 -0.00239744 0.00085513 0.00338357 0.00708210 -0.00908730 -0.00062469
402.0  -0.08420852 -0.01428333 0.00669235 -0.02007756 -0.01291904 -0.00949139 0.01329510 -0.00076600 -0.00379602 -0.00224281
402.5  -0.92849819 -0.09701311 -0.00272878 -0.01297656 0.02219831 -0.01355167 -0.02577800 -0.00492106 0.00172173 -0.00486379
403.0  -0.73267472 -0.11407424 -0.00381102 0.03938033 -0.01870171 -0.01553332 0.02026221 0.00636920 0.00252362 -0.00773840
403.5  0.23351014 -0.04910653 0.00614114 -0.01077328 0.00571007 -0.00443907 -0.01277264 -0.01553762 0.00711070 -0.01065333
404.0  0.95047092 0.05599706 -0.00238759 -0.03281176 0.02239137 0.00556196 -0.00393070 0.01393500 0.00876604 -0.01495872
404.5  0.70801190 0.13269362 -0.00390045 0.03647056 0.01216001 0.01294573 0.02133228 -0.00487732 0.01044742 -0.02073497
405.0  -0.26194032 0.12578087 0.00621900 0.00441986 -0.01150571 0.01355414 -0.02191007 0.00358297 0.01091777 -0.02200406
405.5  -0.96574410 0.03135029 -0.00260859 -0.03975972 -0.02286261 0.00352837 0.01789333 0.00402459 0.00766019 -0.02197725
406.0  -0.60553165 -0.08844132 -0.00427253 0.02959160 -0.00694574 -0.00574919 -0.00858162 -0.01433735 0.00585989 -0.01983770
406.5  0.45488029 -0.14434053 0.00586702 0.01303311 0.01370791 -0.01279497 -0.00823307 0.01286403 0.00116566 -0.01576150
407.0  0.98682715 -0.09562002 -0.00050746 -0.04125820 0.01729426 -0.01315023 0.02086911 -0.01191134 -0.00201441 -0.01163840
407.5  0.37358413 0.01514075 -0.00213995 0.02014239 0.00264132 -0.00587382 -0.02437817 0.01425594 -0.00533260 -0.00656900
408.0  -0.65460066 0.10644754 0.00021244 0.02351407 -0.01660082 0.00455888 0.01898828 -0.00634069 -0.00682649 0.00001332
408.5  -0.96145396 0.12701290 0.00159255 -0.03902989 -0.01697732 0.01451993 -0.00374546 -0.00401523 -0.00738684 0.00665551
409.0  -0.25111429 0.07616944 -0.00293440 0.00685627 0.00522697 0.01353091 -0.01530278 0.00506571 -0.00713604 0.01021710
409.5  0.72293367 -0.01347194 0.00072752 0.03368269 0.01901612 0.00295555 0.02435881 -0.01258807 -0.00306927 0.01397586
410.0  0.93580403 -0.09440069 0.00310312 -0.03466800 0.00859250 -0.00714295 -0.02046775 0.01450217 -0.00052868 0.01759066
410.5  0.12481070 -0.11952943 -0.00322521 -0.00346172 -0.01256496 -0.01532102 0.00560279 -0.00575786 0.00231549 0.01670503
411.0  -0.83596916 -0.06688396 0.00002019 0.04036449 -0.01805278 -0.01458709 0.00721120 0.00251366 0.00420179 0.01726685
411.5  -0.83207803 0.03387193 0.00322717 -0.03195279 -0.01169544 -0.00077867 -0.01922738 0.00082343 0.00662683 0.01611225
412.0  0.13710237 0.10992091 -0.00242341 -0.01284581 0.01093594 0.00290275 0.02418801 -0.00780615 0.00836982 0.01431364
412.5  0.94078542 0.10639533 -0.00145813 0.04148209 0.01995586 0.01160277 -0.01911360 0.00765945 0.00773094 0.01160040
413.0  0.72476284 0.03403628 0.00293171 -0.02810720 0.00025424 0.01170722 0.00615079 -0.00055537 0.00497333 0.00667042
413.5  -0.20302545 -0.04953104 -0.00221879 -0.01714979 -0.01758705 0.00543042 -0.00007953 0.00910630 -0.00285879 0.00227488
414.0  -0.92131294 -0.09551334 -0.00118873 0.04131414 -0.01425932 -0.00265307 -0.01155354 -0.02055302 -0.00461711 -0.00313841
414.5  -0.83596102 -0.09166830 0.00473105 -0.00908682 0.00722743 -0.01064309 0.02122799 0.01797079 -0.01057916 -0.00919145
415.0  -0.05439905 -0.05224097 -0.00280824 -0.03507934 0.02381204 -0.01159964 -0.00980047 0.00342266 -0.00789921 -0.01289662
415.5  0.78048910 -0.00062127 -0.00013047 0.03084636 0.00965643 -0.00382426 -0.01249088 -0.00285957 0.00421178 -0.01445953
416.0  0.94741085 0.04420391 0.00288769 0.01520573 -0.01596286 0.00561210 0.02338350 -0.00486558 0.00196558 -0.01369676
416.5  0.24854339 0.07095312 -0.00325763 -0.03960221 -0.02182934 0.01369765 -0.02507080 0.01020933 -0.00759061 -0.01220120
417.0  -0.69535915 0.07140558 0.00007482 0.01292519 -0.00213845 0.01160621 0.00943296 -0.00945005 0.01131418 -0.00962097
417.5  -0.96771560 0.04128304 0.00186766 0.02980142 0.01888812 0.00089139 0.01087280 0.00754954 -0.01069059 -0.00608045
418.0  -0.30030873 -0.01426677 -0.00400677 -0.03728851 0.01751533 -0.00966980 -0.01799465 -0.00270296 0.00688024 0.00189943
418.5  0.65107740 -0.07236739 0.00283093 0.00102004 -0.00564465 -0.01607907 0.02073223 -0.00458628 -0.00118929 0.00629137
419.0  0.98048747 -0.09682035 0.00209776 0.03624680 -0.02158882 -0.00805197 -0.01469431 0.00975186 -0.00379798 0.01001022
419.5  0.36539209 -0.06147014 -0.00472672 -0.03124714 -0.01111816 0.00668716 -0.00510570 -0.01300329 0.00467515 0.01297610
420.0  -0.62900170 0.02464570 0.00221603 -0.00836287 0.01255767 0.01262128 0.01753968 0.01161761 -0.00432007 0.01443434
420.5  -0.96672719 0.10302516 0.00221632 0.03800363 0.02366003 0.01443642 -0.02132523 -0.00500460 0.00194569 0.01582659
421.0  -0.17745888 0.09693277 -0.00382591 -0.03088050 0.00921936 0.00326357 0.02399813 -0.00106369 0.00213206 0.01797750
421.5  0.85320709 -0.00436303 0.00040637 -0.00346689 -0.01198370 -0.00423031 -0.01092274 0.00666333 -0.00256705 0.01730659
422.0  0.74479706 -0.10458972 0.00675627 0.03388572 -0.02236797 -0.00973242 -0.00722984 -0.01083850 0.00099028 0.01636301
422.5  -0.40620180 -0.09473365 -0.00386279 -0.03570132 -0.01622696 -0.01379583 0.01877510 0.01329201 0.00083747 0.01689650
423.0  -0.98478430 0.01271727 -0.00541804 0.01084322 0.00103966 -0.00925164 -0.02735119 -0.01309085 -0.00452323 0.01680689
423.5  -0.21471026 0.10492158 0.00650099 0.02360842 0.01567021 -0.00579939 0.02723443 0.00961874 0.00987224 0.01544862
424.0  0.82096063 0.10231506 0.00110268 -0.03629462 0.02173402 0.00529445 -0.01821601 -0.00476740 -0.01270858 0.01571841
424.5  0.84205309 0.01854349 -0.00727635 0.01654909 0.00459870 0.01008025 0.00467702 -0.00215562 0.01157971 0.01641229
425.0  -0.10146632 -0.08217106 0.00410181 0.01913116 -0.01537206 0.01095537 0.01380706 0.00631103 -0.00744669 0.01527353
425.5  -0.92393619 -0.13253512 0.00200434 -0.03732699 -0.01746771 0.01043534 -0.02325484 -0.00544655 -0.00350861 0.01413653
426.0  -0.73257231 -0.09272045 -0.00630261 0.01469874 -0.00637884 -0.00275381 0.02047572 0.00846520 0.01694738 0.00839146
426.5  0.26712698 0.02407807 0.00472842 0.02549783 0.01593125 -0.00753659 -0.01169720 -0.00477194 -0.02385638 0.00566724
427.0  0.96853072 0.13932844 0.00260169 -0.03517793 0.02202445 -0.01005278 -0.00283815 -0.00483498 0.02322423 0.00275183
427.5  0.59856154 0.15922459 -0.00650035 0.00662411 0.00493106 -0.01026796 0.01444762 0.01026855 -0.01461259 0.00153992
428.0  -0.40153382 0.05902521 0.00362693 0.02419789 -0.01707109 -0.00208686 -0.01450689 -0.01414703 0.00156033 -0.00134546
428.5  -0.97487626 -0.08979575 0.00262181 -0.03068212 -0.02155488 0.00331311 0.00801311 0.01015510 0.01212379 -0.00495793
429.0  -0.61612988 -0.18521000 -0.00623734 0.00137375 -0.00156396 0.00946576 0.00140567 0.00176493 -0.02143637 -0.01107351
429.5  0.28726962 -0.16945207 0.00431890 0.03252543 0.02477384 0.01152994 -0.01384974 -0.01362070 0.02313737 -0.01254289
430.0  0.93531498 -0.05187421 0.00166167 -0.02437771 0.01931016 0.00315967 0.01429226 0.02041374 -0.01703654 -0.01451779
430.5  0.75096618 0.10038416 -0.00688817 -0.01633130 -0.00807147 -0.00437133 -0.00390184 -0.01718788 0.00521180 -0.01440782
431.0  -0.15200333 0.19247960 0.00436850 0.03903777 -0.02558127 -0.01127640 -0.00213162 0.00349761 0.00569040 -0.01298821
431.5  -0.92340296 0.15383437 0.00303090 -0.01404892 -0.01655204 -0.01154764 0.00662253 0.01216256 -0.01233039 -0.01125097
432.0  -0.69535717 0.00110601 -0.00680679 -0.02357254 0.00942388 -0.00270909 -0.01375164 -0.02357825 0.01589281 -0.00869587
432.5  0.34731649 -0.15119665 0.00444128 0.03514524 0.02753010 0.00539905 0.01007211 0.02773653 -0.01392879 -0.00715699
433.0  0.97936902 -0.18187015 0.00272340 -0.01407232 0.01841781 0.01512841 -0.00370791 -0.02266576 0.01060274 -0.00576479
433.5  0.42823494 -0.07153709 -0.00759399 -0.02074357 -0.00718290 0.01280987 -0.00030216 0.01211343 -0.00776785 -0.00526758
434.0  -0.62249175 0.08805336 0.00311498 0.03484976 -0.02763165 0.00224967 0.01214579 0.00393649 0.00364536 -0.00289002
434.5  -0.95415027 0.18492118 0.00512580 -0.01012314 -0.01946162 -0.00741183 -0.01798806 -0.01928287 -0.00088559 0.00165253
435.0  -0.24546513 0.16327142 -0.00750744 -0.02564919 0.00933120 -0.01521136 0.00917607 0.02851238 0.00027366 0.00683322
435.5  0.71833835 0.04066258 0.00197940 0.02923374 0.02947590 -0.01042487 -0.00280485 -0.03074054 0.00131242 0.00858799
436.0  0.92246445 -0.11148437 0.00469428 0.00328893 0.01672603 -0.00164742 -0.00709113 0.02002886 -0.00231772 0.01109521
436.5  0.12172695 -0.19899001 -0.00768183 -0.03180176 -0.01517184 0.00728278 0.01657596 -0.00663338 0.00457889 0.01101463
437.0  -0.82690468 -0.15574535 0.00269552 0.02071429 -0.02646051 0.01332178 -0.01271555 -0.00863918 -0.00876971 0.01022285
437.5  -0.81492191 -0.00541140 0.00456626 0.01560789 -0.00851902 0.01088348 0.00913091 0.02335615 0.01189428 0.00878244
438.0  0.15768672 0.14142556 -0.00791786 -0.03262691 0.01839074 0.00789095 -0.00354950 -0.02715337 -0.01485494 0.00603845
438.5  0.94089935 0.18440920 0.00385444 0.01142082 0.02626653 -0.00204005 -0.00510320 0.02570372 0.01595753 0.00133913
439.0  0.68763891 0.11631629 0.00567989 0.02332634 0.00364531 -0.00888984 0.01259763 -0.01915786 -0.01243091 -0.00315192
439.5  -0.26109781 0.00306271 -0.00831095 -0.02505649 -0.02694777 -0.01202269 -0.01201157 0.00188997 0.00190237 -0.00765155
440.0  -0.94642669 -0.09015470 0.00372461 -0.00314373 -0.01995802 -0.00828148 0.00519956 0.00860091 0.01211149 -0.01195847
440.5  -0.74437904 -0.13395446 0.00213617 0.02877670 0.01338468 0.00430480 0.00637148 -0.01841318 -0.02116916 -0.01456153
441.0  0.16527870 -0.12518971 -0.00745838 -0.01291019 0.02561705 0.01294624 -0.01646003 0.02296654 0.01945691 -0.01410519
441.5  0.92931121 -0.06981131 0.00647592 -0.02058759 0.00617213 0.01337854 0.01856791 -0.01270434 -0.01387268 -0.01101905
442.0  0.73002759 0.02204594 0.00171752 0.02527022 -0.01996121 0.00577647 -0.00639241 -0.00177332 0.00651268 -0.00698021
442.5  -0.29220870 0.11570536 -0.00810276 -0.00101564 -0.02166739 -0.00568865 -0.00878260 0.00725886 0.00213896 -0.00363408
443.0  -0.98102348 0.14454087 0.00492366 -0.02394974 -0.00140965 -0.01490801 0.02010405 -0.01143867 -0.00909183 -0.00094195
443.5  -0.48650434 0.06307423 0.00335997 0.02453425 0.01704735 -0.01342962 -0.02447115 0.01397693 0.01369065 0.00212183
444.0  0.59157413 -0.08097906 -0.00809703 0.00291769 0.02266202 -0.00827081 0.02008330 -0.00802029 -0.01766438 0.00574887
444.5  0.96198249 -0.16915163 0.00338671 -0.02384358 0.00817753 0.00285999 -0.01045946 0.00132662 0.01845146 0.00849246
445.0  0.24355438 -0.12505141 0.00516874 0.02384549 -0.02136699 0.01203640 -0.00599672 0.00321339 -0.01349515 0.00963634
445.5  -0.72863070 0.01555364 -0.00801827 0.00199701 -0.01924255 0.01355676 0.01833029 -0.01232300 0.00600386 0.00957382
446.0  -0.92641876 0.14573359 0.00237053 -0.02969313 0.00011002 0.01123202 -0.01607625 0.01951903 0.00238657 0.00984964
446.5  -0.14121865 0.16866578 0.00691860 0.02632624 0.01620991 0.00048670 -0.00919673 -0.02314858 -0.01118027 0.00926994
447.0  0.80888513 0.06401117 -0.00755088 0.00661468 0.01741539 -0.00767021 -0.01054216 0.00856384 0.01898688 0.00815848
447.5  0.84691947 -0.09065725 -0.00104857 -0.03051656 0.00310995 -0.01478565 -0.00773365 0.00346157 -0.01449418 0.00704103
448.0  -0.11399438 -0.17271201 0.00826773 0.02280510 -0.01570116 -0.01461696 -0.00211554 0.01028082 0.01588310 0.00667419
448.5  -0.93731951 -0.11629339 -0.00554264 0.00111508 -0.01862369 -0.01016932 -0.00021449 0.02169615 -0.01030379 0.00610682
449.0  -0.67582286 0.03035032 -0.00424350 -0.02354823 -0.00608697 -0.00005992 -0.00363679 0.02563922 0.00113937 0.00561114
449.5  0.30444965 0.15911506 0.00934485 0.02820031 0.01141461 0.01038261 -0.01126445 0.01649801 0.00579797 0.00449969
450.0  0.95416477 0.18732752 -0.00389422 -0.00277214 0.01856349 0.01447515 -0.00306820 0.00753527 -0.01402649 0.00224066
450.5  0.70405830 0.09706281 -0.00543239 -0.02853780 0.00142944 0.00962796 0.01159378 0.00213534 0.01806570 -0.00120378
451.0  -0.17141488 -0.06659293 0.00864642 0.03036243 -0.00411316 -0.00154447 0.02270555 -0.00502530 -0.01468570 -0.00265178
451.5  -0.89346106 -0.20924557 -0.00376099 0.00135392 -0.01692708 -0.01275270 0.02305078 0.00211419 0.00729505 -0.00415776
452.0  -0.79228441 -0.22397848 -0.00528992 -0.03123043 -0.00810044 -0.01669463 0.01005473 -0.00728992 0.00210196 -0.00728191
452.5  0.08486226 -0.06675346 0.00828821 0.02858173 0.00795854 -0.01106593 -0.00056797 0.00607694 -0.00883528 -0.00702981
453.0  0.88171350 0.16631565 -0.00209369 -0.00135791 0.01288323 0.00370121 -0.01285031 0.00099604 0.01520770 -0.00739848
453.5  0.74748465 0.28182515 -0.00633262 -0.02656135 0.00622786 0.01931252 -0.01532962 -0.00753457 -0.01948031 -0.00884326
454.0  -0.17652509 0.16741328 0.00799475 0.03214481 -0.00810596 0.02520219 -0.00801819 0.00368222 0.01661487 -0.00795012
454.5  -0.90215883 -0.08715615 0.00015378 -0.00446935 -0.01296435 0.01507002 0.00223082 -0.00393053 -0.01245112 -0.00768402
455.0  -0.72887757 -0.28080103 -0.00748795 -0.02948463 -0.00410184 -0.00654212 0.00703465 0.00605743 0.00438910 -0.00579289
455.5  0.10704149 -0.28547485 0.00743702 0.03018623 0.01170169 -0.02388117 0.00552852 -0.00239917 0.00950522 -0.00627742
456.0  0.83379335 -0.11632348 -0.00072197 0.00804947 0.01503219 -0.02629619 -0.00021375 0.00158006 -0.01695611 -0.00455308
456.5  0.84858752 0.11876347 -0.00744947 -0.03400829 -0.00245536 -0.01126588 -0.00484278 -0.00470058 0.01901333 -0.00193087
457.0  0.12206483 0.28831709 0.00830546 0.01837686 -0.01707516 0.00973987 -0.00391115 -0.00045882 -0.01733121 0.00312645
457.5  -0.73885676 0.28907333 -0.00256740 0.02112855 -0.01110219 0.02286361 -0.00822941 -0.00057221 0.00904733 0.00454033
458.0  -0.87556027 0.10465187 -0.00640217 -0.03606478 0.00343936 0.02182660 -0.01166442 0.00845106 0.00158657 0.00582437
458.5  -0.05801227 -0.15452362 0.00869353 0.00802954 0.01945143 0.01142396 -0.01091321 -0.00586569 -0.00725808 0.00711422
459.0  0.83463606 -0.30801324 -0.00136435 0.02666791 0.01297013 -0.00124633 -0.00155473 0.00561118 0.01467398 0.00875924
459.5  0.75694731 -0.24620220 -0.00758926 -0.03303879 -0.00899328 -0.01011321 0.00649286 -0.00363944 -0.01868532 0.01175616
460.0  -0.18761129 -0.01637634 0.00820861 0.00234223 -0.02022515 -0.01343353 0.01469975 -0.00379237 0.01934548 -0.01125815
460.5  -0.91099365 0.22881056 -0.00059218 0.03286206 -0.00848263 -0.01061799 0.01819810 0.00689127 -0.01658246 0.00936707
461.0  -0.62548256 0.33627884 -0.00733670 -0.02794515 0.01303051 -0.00270396 0.01522680 -0.00604571 0.00973442 -0.00435105
461.5  0.35251211 0.23089595 0.00836854 -0.00924090 0.01675633 0.00651007 0.00402180 0.00411378 -0.00164346 0.00186524
462.0  0.93483719 -0.03758204 -0.00113543 0.03596870 0.00251391 0.01020248 -0.00840719 -0.00147567 -0.00591189 0.00053136
462.5  0.40504870 -0.29206677 -0.00715196 -0.01991126 -0.01401867 0.00462335 -0.01827744 -0.00326712 0.01135478 -0.00414166
463.0  -0.64190647 -0.33085251 0.00778687 -0.01989554 -0.01077848 -0.00314486 -0.02045391 0.00620153 -0.01528729 0.00460916
463.5  -0.85894698 -0.10740067 0.00083742 0.03685169 0.00281054 -0.01019122 -0.01258360 -0.00736858 0.01718653 -0.00616413
464.0  0.07249813 0.19255126 -0.00735082 -0.01882817 0.01213142 -0.01210923 0.00059613 0.01057196 -0.01756531 0.00920793
464.5  0.91062767 0.32118523 0.00258124 -0.02077574 0.00651022 -0.00493272 0.01363732 -0.01041421 0.01592780 -0.01031358
465.0  0.57869290 0.20818303 0.00285499 0.03714276 0.00467939 0.00696530 0.01862822 0.00617923 -0.01319733 0.01357551
465.5  -0.44505299 -0.02043531 -0.00626139 -0.01686067 -0.01721274 0.01561333 0.01468221 -0.00194464 0.00632050 -0.01362853
466.0  -0.95828698 -0.20565224 0.00395769 -0.02546340 -0.01076246 0.01451074 0.00141104 -0.00450901 0.00006113 0.01143737
466.5  -0.48312207 -0.27057533 0.00263044 0.03675282 0.01048983 -0.00007816 -0.01179680 0.01266549 -0.00598931 -0.00673002
467.0  0.45290366 -0.21244584 -0.00700050 0.00005588 0.01527939 -0.01355780 -0.01231713 -0.01421353 0.01187052 0.00603824
467.5  0.96087412 -0.06262947 0.00463083 -0.03791199 0.00145091 -0.02078173 -0.00629423 0.00930026 -0.01141468 0.00106956
468.0  0.55276587 0.12315707 -0.00253012 0.02672553 -0.01266667 -0.01194933 0.00311976 -0.00371928 0.01211759 -0.00474658
468.5  -0.40578653 0.25570206 -0.00098915 0.02030853 -0.01488280 0.00310446 0.00763115 -0.00404264 -0.01103416 0.00849782
469.0  -0.95733904 0.24381057 0.00310321 -0.04011394 -0.00274161 0.01561980 0.00972867 0.01238276 0.00606129 -0.01102431
469.5  -0.53157422 0.07436686 -0.00224926 0.01199261 0.01513624 0.02331502 0.00230785 -0.01537004 -0.00297786 0.01050061
470.0  0.41747264 -0.14915665 -0.00197413 0.02368369 0.01407066 0.01434216 -0.00332960 0.01714263 -0.00063646 -0.01155836
470.5  0.95158766 -0.27920222 0.00416118 -0.03744995 -0.00509027 -0.00129456 -0.00680290 -0.01052258 0.00492791 0.01082786
471.0  0.60787202 -0.23392440 -0.00133951 0.00881528 -0.01196769 -0.01944323 -0.00618287 -0.00037776 -0.00751952 -0.00999080
471.5  -0.28005416 -0.04251160 -0.00134201 0.03265470 -0.00957616 -0.02506517 0.00080073 0.00682268 0.01100208 0.00789876
472.0  -0.92303586 0.17678564 0.00996333 -0.03468644 0.00237415 -0.01051652 0.00650292 -0.01559502 -0.01403196 -0.00476364
472.5  -0.69220375 0.27592152 -0.00831346 0.00006630 0.01165581 0.00858988 0.00517234 0.01309209 0.01312103 0.00627652
473.0  0.26458997 0.16920969 -0.00216469 0.03349569 0.00649056 0.02410591 -0.00172351 -0.00734052 -0.01015214 -0.00231889
473.5  0.95019649 -0.07344689 0.01031142 -0.03733234 -0.00285430 0.02256471 -0.00779850 0.00555962 0.00606270 -0.00114089
474.0  0.51104323 -0.24890330 -0.00491482 0.00913675 -0.01024751 0.00780928 -0.01041620 0.00267249 -0.00058597 0.00042367
474.5  -0.57076654 -0.20139893 -0.00763592 0.02443484 -0.00797317 -0.00888185 -0.00221158 -0.00616903 -0.00440594 -0.00176953
475.0  -0.93302306 0.02137736 0.00929072 -0.03958889 0.00030223 -0.01900007 0.00921448 0.00595848 0.00873271 0.00410372
475.5  -0.13529052 0.22376330 0.00177449 0.02208759 0.00842093 -0.01779991 0.01615287 -0.00856533 -0.01376862 -0.00524864
476.0  0.80925959 0.25086053 -0.01061990 0.01657704 0.00917955 -0.00691114 0.01662990 0.00589718 0.01649722 0.00725844
476.5  0.82566467 0.09375639 0.00585994 -0.03923586 0.00130750 0.00654727 0.00870969 0.00053999 -0.01571653 -0.00867959
477.0  -0.03514299 -0.13994898 0.00799671 0.02438479 -0.00663293 0.01468425 -0.00460983 -0.00266332 0.01445163 0.01022644
477.5  -0.84587117 -0.29999050 -0.01830261 0.01968014 -0.00816882 0.01267993 -0.01657089 0.00577827 -0.00900306 -0.01266865
478.0  -0.77851307 -0.26587413 0.00678623 -0.04384385 -0.00197412 0.00246191 -0.02043191 -0.00850384 0.00154914 0.01442078
478.5  0.11646902 -0.02270684 0.01293582 0.01590830 0.00787682 -0.00763461 -0.01641339 0.00314618 0.00384916 -0.01546903
479.0  0.88262174 0.27206126 -0.01733902 0.02131566 0.00876485 -0.01320537 -0.00522067 -0.00106480 -0.00920677 0.01612762
479.5  0.63803077 0.36316668 0.00200493 -0.03787215 0.00203841 -0.01259925 0.00999767 0.00008400 0.01443423 -0.01725588
480.0  -0.33472060 0.14368021 0.01700890 0.02086920 -0.00890452 -0.00323041 -0.01595784 0.00894073 -0.01759407 0.01515967
480.5  -0.91398164 -0.20723203 -0.01077539 0.01955074 -0.01172285 0.00131362 0.01309876 -0.00977626 0.02113590 -0.01400509
481.0  -0.50076048 -0.39697049 -0.00947846 -0.04135709 -0.00126929 0.01386368 -0.00102171 0.00208263 -0.01713547 0.01114825
481.5  0.41822932 -0.28407208 0.01760129 0.01536667 0.00849681 0.01453047 -0.00354711 -0.00660697 0.00847533 -0.00750694
482.0  0.91151976 0.03945520 -0.00823797 0.02764557 0.00839325 0.00918173 0.00666669 -0.00464659 0.00339826 0.00307904
482.5  0.49167056 0.33754797 -0.00942103 -0.03556737 0.00814202 -0.00279543 0.00333771 0.00242117 -0.01604397 -0.00065845
483.0  -0.44578817 0.38428041 0.01867821 0.00239868 -0.00970741 -0.01051742 -0.00517441 0.00143341 0.02329530 -0.00152958
483.5  -0.91127755 0.12442349 -0.00509482 0.02875826 -0.00715171 -0.01099005 0.00686437 -0.00161041 -0.02545376 0.00522559
484.0  -0.32584203 -0.24533301 -0.01376376 -0.03192662 0.00631339 -0.01091366 -0.00942382 0.00083565 0.02582994 -0.00754722
484.5  0.66127858 -0.40773082 0.01573280 0.00516154 0.01096048 -0.00452779 0.00485452 -0.00339068 -0.02129868 0.00918592
485.0  0.82661575 -0.21513130 0.00217139 0.02703842 0.00677895 0.00373587 0.00400056 0.00270001 0.01367972 -0.01035129
485.5  -0.03746221 0.16347426 -0.01738485 -0.03479201 -0.00460944 0.01078898 -0.00582589 -0.00310776 -0.00560910 0.01121690
486.0  -0.84117047 0.41367685 0.01180369 0.00582231 -0.01078047 0.01280643 0.00635422 0.00734673 -0.00479191 -0.01225408
486.5  -0.65222938 0.35970742 0.00726254 0.03093398 -0.00606290 0.00741042 -0.00464478 -0.00981842 0.01547851 0.01303894
487.0  0.24506410 0.06335101 -0.01794004 -0.03193143 0.00421701 -0.00416686 -0.00791821 0.01259641 -0.02056569 -0.01426575
487.5  0.86270652 -0.27844025 0.01041229 -0.00670650 0.00987753 -0.01193419 0.01320107 -0.01288367 0.02272845 0.01382021
488.0  0.58749278 -0.46830438 -0.00224226 0.03597463 0.00364891 -0.01416039 -0.00707371 0.00994060 -0.02165039 -0.01076996
488.5  -0.29217481 -0.39274419 -0.00755385 -0.01988189 -0.00963841 -0.00408233 0.00052747 -0.00332416 0.01536021 0.00964344
489.0  -0.86377365 -0.07791388 0.01908228 -0.01965288 -0.00887024 0.00850642 0.00888302 -0.00443956 -0.01361489 -0.00495885
489.5  -0.48955300 0.29240175 -0.01216040 0.03318538 0.00284361 0.01368839 -0.01373443 0.01148562 0.00964770 0.00041700
490.0  0.43203764 0.47799967 -0.00738953 -0.01005353 0.00691485 0.01275722 0.01004744 -0.01668560 -0.00585044 0.00091104
490.5  0.87931164 0.36996380 0.01919494 -0.02812919 0.00442641 0.00089274 -0.00388506 0.01794470 0.00277434 -0.00638663
491.0  0.40574455 0.06601300 -0.01326111 0.03287197 -0.00291644 -0.00917672 -0.00128182 -0.01801400 0.00693355 0.01038705
491.5  -0.45998548 -0.24232949 -0.00385926 0.00810866 -0.00852280 -0.01362805 0.00787264 0.01144791 -0.01393665 -0.01343899
492.0  -0.90047494 -0.41043139 0.01710648 -0.03719662 -0.00190711 -0.00887159 -0.00835928 -0.00180084 0.01909443 0.01503259
492.5  -0.54813402 -0.38384571 -0.01715945 0.01477585 0.00882726 0.00352602 0.00356072 -0.00786575 -0.02126192 -0.01449294
493.0  0.29629394 -0.18150511 0.00211015 0.02651351 0.00861110 0.01059902 0.00386859 0.01669859 0.01602141 0.00877235
493.5  0.89133309 0.11270300 0.01724936 -0.03285660 -0.00194247 0.01182799 -0.01291877 -0.01361887 -0.00794374 -0.00239719
494.0  0.63244544 0.34821412 -0.02766819 0.00247789 -0.01055193 0.00484424 0.00727587 0.00948671 -0.00295406 -0.00326724
494.5  -0.29143536 0.36125388 0.00896673 0.02938727 -0.00734804 -0.00358973 0.00314810 -0.00291127 0.01327965 0.00828483
495.0  -0.91072010 0.10805455 0.02174518 -0.02944651 0.00121235 -0.01121537 -0.01536709 -0.00420965 -0.01862550 -0.01176419
495.5  -0.50310228 -0.23709736 -0.02583482 -0.00245123 0.00933976 -0.01077987 0.02417268 0.00363478 0.01823686 0.01257364
496.0  0.47864627 -0.39052460 -0.00099472 0.02807287 0.01034860 -0.00742719 -0.01765456 -0.00478546 -0.01508478 -0.01390226
496.5  0.91502816 -0.22138115 0.02617091 -0.02594182 -0.00548189 -0.00201835 0.00410195 0.00552044 0.00984594 0.01572740
497.0  0.34866330 0.12216611 -0.02134171 -0.00433459 -0.00946797 0.00743545 0.00756772 -0.00686769 -0.00194929 -0.01677785
497.5  -0.58079999 0.36292478 -0.00786414 0.03180114 -0.00567062 0.01220774 -0.01928702 0.00394578 -0.00443591 0.01651295
498.0  -0.90876474 0.32578161 0.02454613 -0.02369770 0.00292126 0.01322165 0.01981317 0.00031284 0.00972708 -0.01655373
498.5  -0.29146028 0.04736215 -0.01838126 -0.01035976 0.00948028 0.00290146 -0.01449715 0.00032490 -0.01480496 0.01824155
499.0  0.65668660 -0.25824147 -0.00488223 0.03170747 0.00436215 -0.00516541 0.00405823 0.00176764 0.01531871 -0.01569497
499.5  0.87755773 -0.34494566 0.02321690 -0.02198752 -0.00386183 -0.01200107 0.00759509 -0.00228746 -0.01392307 0.01488710
500.0  0.04636480 -0.14165956 -0.01183051 -0.00858713 -0.01032313 -0.01810093 -0.01360727 -0.00379063 0.01218500 -0.01296834
500.5  -0.85394011 0.16216107 -0.01491953 0.03051532 -0.00798323 -0.01144188 0.02026849 0.00527649 -0.00842954 0.01112333
501.0  -0.71509555 0.30628845 0.02185845 -0.02640080 0.00924058 -0.00267629 -0.02082139 -0.00499247 0.00364700 -0.00863328
501.5  0.25667323 0.20981260 -0.00234450 0.00074908 0.01230133 0.00951755 0.01522423 0.00674168 0.00161238 0.00439982
502.0  0.93396052 -0.01591438 -0.01948518 0.02989794 0.00608425 0.01576264 -0.00667953 -0.00220814 -0.00761151 -0.00158781
502.5  0.64385263 -0.21515410 0.01954541 -0.02550352 0.00127060 0.01505520 -0.00586874 -0.00373881 0.01339681 -0.00230332
503.0  -0.27692904 -0.28227879 0.00261179 -0.00295439 -0.01038709 0.00578339 0.01674666 0.00038492 -0.01629753 0.00805179
503.5  -0.92800981 -0.17885434 -0.02112305 0.02501326 -0.01110650 -0.00861096 -0.02069068 0.00294921 0.01596867 -0.01301468
504.0  -0.65817644 0.05190067 0.01647567 -0.02237918 0.00222388 -0.01362757 0.01569859 -0.00039296 -0.01230781 0.01597797
504.5  0.29587253 0.26734958 0.00821887 -0.00050710 0.00960752 -0.01234177 -0.00411740 0.00411925 0.00513533 -0.01811248
505.0  0.93602025 0.28694395 -0.02321398 0.02300678 0.00875702 -0.00492506 -0.00762595 -0.00536233 0.00386194 0.01976160
505.5  0.54354002 0.05929591 0.00858740 -0.02378156 0.00263446 0.00534789 0.01947571 0.00060920 -0.01222221 -0.02035552
506.0  -0.44451748 -0.23692424 0.01631900 0.00236898 -0.00907194 0.00981669 -0.01806422 -0.00433945 0.01870580 0.02177694
506.5  -0.93692234 -0.34134235 -0.02118740 0.01945443 -0.01213849 0.01330734 0.00626072 0.00476758 -0.02066913 -0.02249661
507.0  -0.46020927 -0.16922419 0.00150381 -0.02086868 -0.00289265 0.00725742 0.00063146 0.00358500 0.01765675 0.02462807
507.5  0.44107007 0.12809257 0.01968318 0.00129047 0.00981908 -0.00368723 -0.01640713 -0.00374962 -0.00745991 -0.02564210
508.0  0.92606016 0.33368386 -0.02024866 0.02382607 0.01377794 -0.00998707 0.01779180 0.00939884 -0.00526059 0.02322203
508.5  0.61908739 0.33047309 0.00255277 -0.02186604 -0.00745785 -0.01203023 0.00187608 -0.01464398 0.01280215 -0.01801455
509.0  -0.21007065 0.13644435 0.01664011 -0.01965108 -0.00717021 -0.00632839 -0.01098146 -0.00267033 -0.01843344 0.00786607
509.5  -0.87275203 -0.13495388 -0.02109747 0.03341763 -0.00126989 0.00356608 0.01144395 0.01784074 -0.00362093 0.00185875
510.0  -0.73753745 -0.32509587 0.00569038 -0.00759828 0.00674666 0.00915234 -0.00480958 -0.01004235 0.02082793 -0.01218629
510.5  0.14205507 -0.31406393 0.01509481 -0.02997763 -0.00430026 0.01056343 -0.00804488 0.00626441 -0.02201804 0.01977535
511.0  0.88564045 -0.10942198 -0.02076217 0.02952150 -0.00220885 0.00915604 0.01405481 0.00242365 0.02121396 -0.02639991
511.5  0.68196564 0.15532120 0.00563449 0.00481044 0.00757805 0.00222718 -0.01546172 -0.01048396 -0.01397131 0.03084580
512.0  -0.24282470 0.32816457 0.01574767 -0.02919446 -0.00238650 -0.00458357 0.01062237 0.01247624 0.00209615 -0.03170041
512.5  -0.90470766 0.32714979 -0.01942948 0.02131348 -0.00638478 -0.01076586 -0.00331309 -0.01341861 0.00784021 0.02872605
513.0  -0.63779034 0.15499667 0.00735453 0.01258573 0.00908492 -0.00882965 -0.00843681 0.01291863 -0.01757050 -0.02080248
513.5  0.28424378 -0.11829579 0.00832163 -0.03533471 -0.00105956 -0.00551632 0.01218866 -0.00950764 0.01990698 0.01357150
514.0  0.90369647 -0.35642053 -0.01686795 0.01154369 -0.00555903 0.00416040 -0.01336802 0.00937231 -0.01731782 -0.00354011
514.5  0.49272919 -0.38881829 0.00794909 0.02610822 0.00584302 0.00978652 -0.01093398 -0.01420336 0.00906946 -0.00490898
515.0  -0.52679470 -0.13259708 0.00986869 -0.03215445 -0.00367619 0.01270853 -0.00731428 0.00168705 -0.00683069 0.01427989
515.5  -0.85768766 0.25756800 -0.01676825 0.00706046 -0.00133982 0.00900808 -0.00249132 0.00709357 0.00818559 -0.02064811
516.0  -0.00904599 0.44465549 0.00287779 0.01177483 0.02206078 0.00225590 0.00464253 -0.01448243 -0.00982567 0.02607166
516.5  0.85078658 0.23793769 0.01425951 -0.00394833 -0.03283621 -0.00607442 0.00774707 0.01931208 0.01183944 -0.03016029
517.0  0.52439101 -0.17433910 -0.01322399 0.00322731 0.01222846 -0.01251424 0.00966163 -0.01994667 -0.01128617 0.03505729
517.5  -0.50085695 -0.42410448 -0.00312695 -0.00044824 0.02377944 -0.01414031 0.00535920 0.01499477 0.00995645 -0.03654912
518.0  -0.88611390 -0.33579928 0.01697156 -0.00303199 -0.03629615 -0.00760323 -0.00167339 -0.00990738 -0.00616920 0.03666662
518.5  -0.23250931 -0.02405969 -0.01129438 0.00046809 0.00609589 0.00398669 -0.00449027 0.00340140 -0.00089138 -0.03803132
519.0  0.66942492 0.28079035 -0.00565745 0.00084352 0.02985103 0.01375052 -0.00190527 0.00669822 0.00671120 0.03115858
519.5  0.86729967 0.39892100 0.01634874 0.00074275 -0.03106547 0.01562732 0.00288890 -0.01307031 -0.01138739 -0.02189958
520.0  0.15657722 0.26600830 -0.01155892 0.00022787 -0.00214793 0.00683435 0.00556024 0.01275126 0.01452175 0.01070855
520.5  -0.73280347 -0.04282276 -0.00494170 -0.00750881 0.03579497 -0.00509399 0.00478982 -0.01304354 -0.01347376 0.00089316
521.0  -0.82378372 -0.32380247 0.01616976 0.01049098 -0.02520289 -0.01541981 -0.00255774 0.00950704 0.01100149 -0.01238254
521.5  -0.00029877 -0.36571779 -0.01027500 0.00682913 -0.01015111 -0.01568414 -0.00767921 -0.00032767 -0.00653261 0.02198693
522.0  0.81431757 -0.13478692 -0.00706393 -0.02160520 0.03149006 -0.00849245 -0.00926778 -0.00510854 0.00080128 -0.02887701
522.5  0.77809503 0.18898974 0.01637865 0.01516131 -0.02006454 0.00419353 -0.00584256 0.00898510 0.00488214 0.03589788
523.0  0.00172644 0.37657098 -0.00974021 0.01178619 -0.01164710 0.01418539 0.00220868 -0.01338730 -0.01122736 -0.03841474
523.5  -0.76110287 0.31758781 -0.00713274 -0.02636867 0.02899183 0.01433390 0.00847236 0.00754223 0.01382510 0.03794192
524.0  -0.86123190 0.05842135 0.01664025 0.00688472 -0.01378473 0.00635244 0.01025951 0.00181379 -0.01102156 -0.03440037
524.5  -0.20929485 -0.23668322 -0.01077392 0.01883021 -0.02043261 -0.00497146 0.00638558 -0.00765185 0.00495297 0.02853653
525.0  0.65125899 -0.36751221 -0.00571196 -0.02449490 0.03070922 -0.01590171 0.00008588 0.01030046 0.00342288 -0.02013628
525.5  0.90218585 -0.22511112 0.01688863 0.00344983 -0.00882577 -0.01652845 0.00163101 -0.00963016 -0.01054595 0.01222393
526.0  0.21658895 0.08916481 -0.00932789 0.02273446 -0.01823768 -0.01305423 -0.00051412 -0.00001155 0.01388487 -0.00599919
526.5  -0.72679912 0.30912561 -0.00732489 -0.02408735 0.02907815 -0.00265303 -0.00010170 0.01067745 -0.00997061 0.00132482
527.0  -0.85807549 0.24849825 0.01557716 0.00653444 -0.01542165 0.00841893 -0.00638984 -0.01352962 0.00074752 0.00392099
527.5  0.00072138 -0.01150972 -0.00365504 0.02195809 -0.00635423 0.01539193 -0.00172213 0.01254887 0.00504382 -0.00622268
528.0  0.86454201 -0.22553218 -0.01281369 -0.03851458 0.00455101 0.01372013 0.00488633 -0.00370724 -0.01050783 0.00980945
528.5  0.76867712 -0.23696937 0.01292769 0.02020322 -0.00273725 0.00476302 0.00665830 -0.00581171 0.01269199 -0.01489454
529.0  -0.15840738 -0.07993963 0.00221233 0.01598540 0.00587532 -0.00677513 0.00317446 0.01111751 -0.01118390 0.01979923
529.5  -0.92254053 0.10742184 -0.01435327 -0.03793857 -0.00481337 -0.01226325 -0.00437919 -0.01696089 0.00812532 -0.02503300
530.0  -0.70202791 0.20101487 0.01003513 0.02398801 -0.00224733 -0.01072175 -0.01134322 0.01733698 -0.00344960 0.02990511
530.5  0.30975506 0.14746770 0.00705146 0.01375613 0.00620103 -0.00270623 -0.01212022 -0.01155541 -0.00081754 -0.03088272
531.0  0.97531985 -0.01613621 -0.01572359 -0.03747029 -0.00219219 0.00611065 -0.00668494 0.00650475 0.00475550 0.03315001
531.5  0.44990588 -0.16482796 0.00342709 0.02794331 -0.00386829 0.01053005 0.00128014 0.00121243 -0.00763255 -0.03523872
532.0  -0.63704956 -0.17029342 0.01356087 0.00080853 0.00450468 0.01007986 0.00949177 -0.00894880 0.00907438 0.03698896
532.5  -0.93565939 -0.02553248 -0.01240175 -0.03064519 -0.00082855 0.00399465 0.01265648 0.01408479 -0.00917687 -0.03914564
533.0  -0.14777615 0.14039883 -0.00442882 0.03528593 -0.00557377 -0.00427503 0.00926028 -0.01715275 0.00827227 0.04127815
533.5  0.78010176 0.19211087 0.01614830 -0.00278454 0.00528868 -0.00941817 0.00206835 0.01628136 -0.00555171 -0.04508037
534.0  0.90554266 0.10148969 -0.00958987 -0.03372129 0.00026422 -0.00707071 -0.00687015 -0.00963420 0.00139627 0.04678445
534.5  0.15717208 -0.05700067 -0.00635891 0.03049877 -0.00385979 0.00054577 -0.01109259 -0.00207875 0.00209365 -0.04372286
535.0  -0.74482139 -0.17053898 0.01576705 0.00497599 0.00584636 0.00772861 -0.00759903 0.01269356 -0.00296703 0.03920812
535.5  -0.92658044 -0.16180043 -0.00990435 -0.03143527 -0.01389199 0.01248546 0.00188448 -0.01538148 -0.00045062 -0.03309518
536.0  -0.15920912 -0.04318087 -0.00755541 0.02071282 0.01289217 0.00229496 0.00530508 0.01742606 0.00401515 0.02234295
536.5  0.79306855 0.09161218 0.01624885 0.00771453 0.01232958 -0.00151537 0.01083542 0.00340552 -0.00433184 -0.01198093
537.0  0.87376037 0.14693893 -0.00805769 -0.02465820 -0.02769835 -0.01145890 0.00938783 -0.00309887 0.00227408 0.00217110
537.5  -0.03605411 0.10388995 -0.00942833 0.01485113 0.01624779 -0.01868914 0.00635342 -0.00664399 0.00074391 0.00937448
538.0  -0.90491760 0.01389539 0.01676876 0.01126350 0.01438746 -0.01877879 0.00331650 -0.00926400 -0.00155476 -0.02212986
538.5  -0.76615564 -0.06812275 -0.00657421 -0.02422094 -0.03031517 -0.00810938 -0.00078274 -0.01098348 0.00457927 0.03442994
539.0  0.19226575 -0.11925861 -0.01010909 0.00939958 0.00981693 0.00697857 -0.00163000 -0.00992417 -0.00245629 -0.04339003
539.5  0.94059970 -0.13028783 0.01564889 0.01368225 0.02408327 0.01934306 -0.00177769 -0.00973779 0.00158743 0.04837321
540.0  0.72379443 -0.08544957 -0.00865247 -0.01849064 -0.02885323 0.01868950 -0.00034400 -0.00616514 -0.00116190 -0.04907557
540.5  -0.24002356 0.02123432 -0.00645421 0.00326750 -0.00121622 0.00812138 -0.00060635 -0.00225077 -0.00058883 0.04024476
541.0  -0.95514592 0.14799939 0.01544793 0.02691119 0.02652184 -0.00689395 -0.00106289 0.00471300 0.00100488 -0.02861798
541.5  -0.60110543 0.19978755 -0.00855842 0.01951703 -0.02083960 -0.01572462 -0.00257562 0.01151275 0.00050397 0.01566429
542.0  0.46348295 0.10220446 -0.00577395 -0.00793180 -0.00949211 -0.01561676 -0.00272142 0.01624151 -0.00456296 -0.00020834
542.5  0.96784098 -0.09263945 0.01465053 -0.02634222 0.02763766 -0.00791036 -0.00180847 0.01712410 0.00266714 -0.01235073
543.0  0.31051840 -0.22362526 -0.00731627 -0.01572006 -0.01816252 0.00530116 0.00065901 0.01375046 -0.00046957 0.02126517
543.5  -0.69454855 -0.18133579 -0.00784058 0.01166628 -0.01260693 0.01350009 0.00495536 0.00792629 -0.00358324 -0.03207359
544.0  -0.92288263 -0.00649375 0.01457211 0.02511120 0.02965294 0.01147862 0.00797422 0.00343732 0.00557397 0.03966607
544.5  -0.18919097 0.16683154 -0.00683316 0.00918345 -0.01468078 0.00205021 0.00448641 -0.00538122 -0.00643991 -0.04585585
545.0  0.72956838 0.22323927 -0.00813899 -0.01813113 -0.01687462 -0.00850868 -0.00258298 -0.01126744 0.00807780 0.04883082
545.5  0.92240186 0.13072666 0.01382137 -0.02545525 0.02907345 -0.01262757 -0.00915708 -0.01606235 -0.00716042 -0.04824515
546.0  0.18554190 -0.04984943 -0.00623718 0.00174240 -0.01202289 -0.00542344 -0.01145714 -0.01381022 0.00597406 0.04683598
546.5  -0.74879268 0.19733521 -0.00895389 0.02105694 -0.01733109 0.00424089 -0.00538550 -0.00748532 -0.00255041 -0.04310692
547.0  -0.90128106 -0.19799935 0.01430252 0.01707794 0.02969223 0.00680977 0.00562487 0.00180501 -0.00002228 0.03830384
547.5  -0.09939688 0.05389042 -0.00389149 0.00015947 -0.00458346 0.00697321 0.01592148 0.01009119 0.00470712 -0.03192506
548.0  0.80207892 0.12804077 -0.01133937 -0.02175661 -0.02071920 0.00042277 0.01918691 0.01278763 -0.00688129 0.02324698
548.5  0.87655465 -0.22428432 0.01446858 -0.02084712 0.02500535 -0.00402594 0.01198273 0.01175492 0.00719578 -0.01156181
549.0  0.10067135 0.15901213 -0.00209922 0.00486356 -0.00534208 -0.00417788 -0.00006422 0.00566175 -0.00742211 -0.00167857
549.5  -0.75648822 -0.00036880 -0.01155057 0.02443617 -0.02405591 -0.00460872 -0.01658072 0.00086450 0.00372541 0.01503017
550.0  -0.93299643 -0.14072618 0.01431876 0.01393828 0.02555753 -0.00426177 -0.02236897 -0.00681824 0.00017789 -0.02904878
550.5  -0.29579973 0.22251844 -0.00454377 -0.01432894 0.00385489 -0.00144185 -0.01431066 -0.01016114 -0.00684634 0.04145605
551.0  0.60271035 -0.17430319 -0.01136019 -0.02481799 -0.02671005 0.00207886 0.00111738 -0.00796846 0.01023970 -0.04846059
551.5  0.96708386 0.01125589 0.01464925 -0.00529239 0.01858067 -0.00041490 0.01771458 -0.00525850 -0.01047240 0.05006553
552.0  0.39185835 0.14300030 -0.00542921 0.02232547 0.01025543 -0.00128486 0.02230663 -0.00155488 0.00976951 -0.04969222
552.5  -0.60551677 -0.21482024 -0.01006556 0.02383919 -0.02556160 -0.00109179 0.01723372 0.00295477 -0.00448878 0.04696814
553.0  -0.95237578 0.14038528 0.01488948 -0.00149275 0.01831984 -0.00020931 0.00620320 0.00663883 0.00118306 -0.04369940
553.5  -0.25119034 0.06014845 -0.00008303 -0.02580927 0.00409665 0.00576970 -0.00586571 0.01132857 0.00012307 0.04070322
554.0  0.72346148 -0.20857312 -0.01299429 -0.02285703 -0.02915267 0.00814932 -0.01350300 0.01063650 -0.00607556 -0.03502923
554.5  0.90935135 0.18344865 0.01073938 -0.00119699 0.02177982 0.00577772 -0.01795529 0.00715783 0.00802841 0.02986860
555.0  0.10383345 -0.02535851 0.00354933 0.02678709 0.00526297 0.00273083 -0.01458492 0.00141637 -0.00893812 -0.02337738
555.5  -0.82102134 -0.16039390 -0.01486684 0.02680059 -0.02780328 -0.00358983 -0.00862944 -0.00139048 0.00840449 0.01842756
556.0  -0.82048536 0.21629072 0.00699561 0.00261627 0.02631161 -0.01145572 0.00006763 -0.00429257 -0.00854290 -0.01487869
556.5  0.15148938 -0.06185098 0.00970025 -0.02293302 -0.00162518 -0.01488470 0.00938402 -0.00410504 0.00470126 0.01358768
557.0  0.94761834 -0.15575584 -0.01364941 -0.02768463 -0.02298600 -0.01230919 0.01657738 -0.00545336 -0.00125500 -0.01202462
557.5  0.54277724 0.21128978 -0.00251665 -0.01141939 0.02808230 -0.00496540 0.01757253 -0.00599264 0.00175820 0.00860237
558.0  -0.56254721 -0.04933043 0.01459772 0.01517715 -0.01377479 0.00413030 0.01183686 -0.00577040 0.00269082 -0.00419214
558.5  -0.94432155 -0.16221809 -0.00771945 0.02988641 -0.00749561 0.01375381 0.00406087 -0.00674769 -0.00610809 0.00021182
559.0  -0.15471474 0.21127187 -0.00881558 0.01383270 0.03259626 0.01782260 -0.00530370 -0.00342367 0.00888109 0.00741178
559.5  0.80525613 -0.06922430 0.01407601 -0.00700616 -0.02194862 0.01339244 -0.01183306 -0.00191985 -0.01234499 -0.01504663
560.0  0.85393318 -0.11831461 -0.00327661 -0.02914010 -0.00818335 0.00301340 -0.01381289 0.00408602 0.01384552 0.02640453
560.5  0.00557972 0.21902296 -0.01152167 -0.01851764 0.02984456 -0.00949914 -0.00800345 0.00845448 -0.01267688 -0.03882196
561.0  -0.83613251 -0.17156832 0.01530352 0.01456808 -0.02228128 -0.01579364 -0.00381276 0.01416948 0.00735587 0.04755481
561.5  -0.85184370 0.00725988 -0.00188650 0.02996216 -0.01076908 -0.01258447 0.00423176 0.01217004 -0.00295555 -0.05144117
562.0  -0.02399684 0.14656860 -0.01442547 0.01618145 0.02967203 -0.00372134 0.00793210 0.00524089 -0.00418747 0.05210561
562.5  0.83497475 -0.21372705 0.01631097 -0.01823688 -0.01745459 0.00421495 0.01042665 -0.00296176 0.01096039 -0.04582173
563.0  0.84616176 0.17050750 -0.00334570 -0.03218696 -0.01405624 0.00786295 0.01139844 -0.01374060 -0.01390324 0.03534651
563.5  0.01184784 -0.01613838 -0.01297252 -0.00535045 0.02988982 0.00592172 0.00506914 -0.01550800 0.01342131 -0.02093305
564.0  -0.82434211 -0.14027994 0.01927760 0.02493012 -0.00831647 0.00208695 -0.00301093 -0.01573600 -0.00776433 0.00166903
564.5  -0.87803221 0.20773397 -0.00924744 0.02572014 -0.02069024 -0.00003263 -0.01210385 -0.00826019 0.00362617 0.01887863
565.0  -0.12435996 -0.19548575 -0.00962230 -0.00353825 0.02533175 0.00233292 -0.01375991 0.00492109 0.00557397 -0.03621633
565.5  0.74009259 0.08551478 0.02020086 -0.02870561 -0.01093889 0.00115726 -0.00733729 0.01455467 -0.01213557 0.04929797
566.0  0.92529908 0.08198634 -0.01492013 -0.00675147 -0.03177884 -0.00198569 0.00379208 0.01839780 0.01053577 -0.05430445
566.5  0.20186706 -0.19512256 -0.00313071 0.02108372 -0.01327054 -0.00495930 -0.01096905 0.01224819 -0.01191487 0.05056166
567.0  -0.75624619 0.20098618 0.02162112 0.02497093 0.01804953 -0.00390197 -0.01146611 0.00642140 0.00611360 -0.04168326
567.5  -0.87256206 -0.07872887 -0.01397744 0.00316139 0.03022092 0.00341711 -0.01335729 -0.00388745 0.00212892 0.02970416
568.0  0.05822065 -0.11657951 -0.00597945 -0.02352408 0.01373739 0.00756077 -0.01092203 -0.01383514 -0.00541146 -0.01790680
568.5  0.92267844 0.22209126 0.01876999 -0.02557943 -0.01222842 0.00718261 -0.00220813 -0.01467104 0.01395236 0.00499729
569.0  0.62332065 -0.14421494 -0.01040453 -0.00188004 -0.02664378 0.00320216 0.00427000 0.01376766 -0.01768804 0.01148835
569.5  -0.45766586 -0.04255314 -0.01062436 0.02488762 -0.01949705 -0.00308052 0.01129196 0.01072558 0.01410366 -0.02278030
570.0  -0.96965480 0.19357675 0.02057159 0.02342423 0.00670721 -0.00653008 0.01359206 0.00543081 -0.00790740 0.03427486
570.5  -0.32939893 -0.20287505 -0.00807893 -0.00325964 0.02760331 -0.00649345 0.01138223 -0.00130897 -0.00035796 -0.04680646
571.0  0.68245760 0.06878697 -0.01222743 -0.02476166 0.01761122 -0.00560281 0.00702385 -0.00676598 0.00966888 0.05115136
571.5  0.92297154 0.10891561 0.02330122 -0.01988196 -0.00907559 -0.00376221 -0.00169526 -0.01220945 -0.01594838 -0.05033949
572.0  0.12370479 -0.21592868 -0.00962412 0.00992398 -0.02603042 -0.00375838 -0.00726542 -0.01019905 0.01875240 0.04720769
572.5  -0.82024337 0.17517922 -0.01380258 0.03005608 -0.01511140 -0.00387059 -0.01136053 -0.01135488 -0.01419522 -0.03657463
573.0  -0.81647441 -0.00611699 0.02227451 0.01063478 0.01379981 -0.00107900 -0.01273519 -0.00682909 0.01123192 0.02416337
573.5  0.13694394 -0.16065004 -0.00873624 -0.02317404 0.01873187 0.00411905 -0.01003021 -0.00237631 -0.00129784 -0.01204843
574.0  0.92713160 0.21416133 -0.01361539 -0.02942881 -0.00489971 0.00866062 -0.00377616 0.00447130 -0.00633617 -0.00381593
574.5  0.69450423 -0.13806100 0.02412897 0.00010229 -0.01946477 0.00917261 0.00647169 0.00743205 0.01205539 0.02190451
575.0  -0.24156122 -0.02727909 -0.00911009 0.02891765 -0.00225622 0.00811126 -0.01392337 0.00540619 -0.01733025 -0.03860143
575.5  -0.92645542 0.17593678 -0.01466339 0.02163103 0.01658210 0.00235686 0.01167887 0.00723676 0.01761842 0.05099223
576.0  -0.74829316 -0.21409274 0.02332738 -0.01286742 0.01559526 -0.00354483 -0.01015873 0.00308970 -0.00933240 -0.05780663
576.5  0.12426524 0.14768312 -0.01099149 -0.03227865 -0.00197764 -0.01055244 0.00313827 -0.00233235 0.00004984 0.05751338
577.0  0.88816432 0.00722090 -0.01134469 -0.01150695 -0.01744421 -0.01386939 0.00502574 -0.00388497 0.00840130 -0.05282003
577.5  0.78186594 -0.17778634 0.02396581 0.01913860 -0.01628129 -0.00734853 -0.01492275 -0.00494977 -0.01492718 0.04442909
578.0  -0.14477498 0.21587890 -0.00975057 0.03046928 -0.00702800 0.00209080 0.01351592 -0.00672803 0.01575221 -0.03606765
578.5  -0.92771703 -0.08921604 -0.01668165 0.01875572 0.00689701 0.01094200 -0.00930089 -0.00489125 -0.01416523 0.02944854
579.0  -0.66117539 -0.10021117 0.02071009 0.00409154 0.02567663 0.01484351 0.00418191 -0.00291737 0.00987980 -0.02336407
579.5  0.36723211 0.21622864 0.00001639 -0.00829252 0.03352301 0.01128438 -0.00429348 -0.00438290 -0.00279310 0.01670986
580.0  0.96974638 -0.15403132 -0.02119032 -0.01673377 0.01348378 0.00184229 0.01062403 0.00380259 -0.00738555 -0.00988992
580.5  0.48696684 -0.04393172 0.01682241 -0.01435073 -0.01898542 -0.00580233 -0.01133572 0.01103592 0.01408233 0.00220122
581.0  -0.51980960 0.19895983 0.00564260 -0.00272389 -0.03599355 -0.01093149 0.00808946 0.01029142 -0.02175467 0.00721930
581.5  -0.97008177 -0.19489720 -0.02067819 0.01272811 -0.02069332 -0.01369730 -0.00225795 0.01472063 0.01583175 -0.01791216
582.0  -0.39016802 0.04358209 0.01271181 0.01746212 0.01360668 -0.00639677 0.00433994 0.00873906 -0.01156528 0.02742284
582.5  0.61841414 0.14802362 0.00933768 0.00346775 0.03605446 0.00133631 0.00635439 -0.00127317 0.00300701 -0.03457722
583.0  0.94262055 -0.21810723 -0.02046267 -0.01403732 0.02650676 0.00774154 0.00637134 0.00452966 0.00509811 0.04012034
583.5  0.16610742 0.09754258 0.00401197 -0.01842398 -0.00496151 0.01291196 0.00485112 0.01054813 -0.01139180 -0.04292791
584.0  -0.81178958 0.10935125 0.01648380 -0.00280878 -0.03291389 0.00983794 0.00292289 0.01102828 0.01893628 0.04616129
584.5  -0.82122996 -0.22168822 -0.01516963 0.01826748 -0.03052356 0.00429779 0.00089306 0.01433764 -0.02065176 -0.04917694
585.0  0.10529641 0.14389589 -0.00321485 0.02111281 0.00247756 -0.00257559 0.00095832 0.00755435 0.02246676 0.05165219
585.5  0.90129757 0.04268388 0.01947598 -0.00249970 0.03187714 -0.00748152 -0.00565446 0.00614330 -0.01965700 -0.05495466
586.0  0.76790168 -0.18488699 -0.01400372 -0.02461020 0.02797565 -0.00571132 -0.01071394 -0.00365197 0.01403287 0.05974160
586.5  -0.11375653 0.21076201 -0.00735458 -0.02044776 -0.00386768 -0.00221740 -0.00965866 -0.01173449 -0.00380965 -0.05859895
587.0  -0.88245147 -0.10287312 0.01965195 0.01157598 -0.03190307 -0.00092406 -0.00286869 -0.01340074 -0.00655962 0.05558382
587.5  -0.79977585 -0.08327540 -0.01144310 0.02804416 -0.02598421 -0.00062276 0.00979678 -0.01263709 0.01377658 -0.04767461
588.0  0.08261551 0.20490016 -0.00906636 0.01342400 0.00772145 0.00082476 0.01522622 -0.00361554 -0.02170690 0.03813610
588.5  0.89164311 -0.18956451 0.02040640 -0.01612128 0.03270809 0.00412464 0.01173691 0.00472853 0.02349152 -0.02782818
589.0  0.76083433 0.05757437 -0.00969596 -0.02875677 0.02504481 0.00523821 0.00006827 0.01104228 -0.02173197 0.01477430
589.5  -0.17894777 0.12469733 -0.01006162 -0.00822483 -0.01085567 0.00568373 -0.01018773 0.01167665 0.01815426 -0.00176090
590.0  -0.92299420 -0.22330261 0.01836272 0.02137288 -0.03515547 0.00348732 -0.01455670 0.00999570 -0.00829465 -0.01424202
590.5  -0.71893130 0.16906332 -0.00925260 0.02760952 -0.02044093 -0.00155439 -0.01065538 0.00526976 -0.00171237 0.03141770
591.0  0.19191622 -0.03150969 -0.00985714 -0.00268279 0.01739327 -0.00684096 -0.00246861 -0.00181474 0.01305547 -0.04666219
591.5  0.90949205 -0.11863560 0.02150395 -0.03277454 0.02917152 -0.01098063 0.00360769 -0.00618240 -0.02152243 0.05736082
592.0  0.77984725 0.21696785 -0.01227162 -0.01964576 0.00260036 -0.01041949 0.01086659 -0.01056105 0.02358870 -0.05947198
592.5  -0.07142306 -0.19504493 -0.00518018 0.02642040 -0.01970619 -0.00411234 0.01135395 -0.00293539 -0.02008511 0.05360536
593.0  -0.86919828 0.07273951 0.01861821 0.04004677 -0.00864457 0.00337772 -0.00849727 0.00674584 0.00827222 -0.04073091
593.5  -0.80037522 0.08873670 -0.01652600 -0.00112443 0.01054593 0.01109014 -0.00180008 0.00609618 0.00273964 0.02209361
594.0  0.13379582 -0.20753670 -0.00349438 -0.04028658 0.01387103 0.01448132 0.01076522 0.00704403 -0.01296506 -0.00416458
594.5  0.92773090 0.19300576 0.01951875 -0.03087806 0.00162753 0.00702580 0.02342085 0.00458232 0.01322545 -0.01337548
595.0  0.65225026 -0.04883586 -0.01466934 0.01080036 -0.01228328 -0.00473085 0.02234272 -0.00151134 -0.01454347 0.02866509
595.5  -0.37555152 -0.12690812 -0.00428853 0.04057680 -0.01212394 -0.01141651 0.01499500 -0.00735792 0.01284960 -0.04100037
596.0  -0.97017610 0.22032765 0.01796521 0.02565220 -0.00133702 -0.00917463 0.00084923 0.01184217 -0.00874380 0.05037181
596.5  -0.48233466 -0.16744481 -0.01445255 -0.00896541 0.02045405 -0.00194278 -0.01437973 -0.00870483 0.00295065 -0.05725712
597.0  0.53990677 0.01120570 -0.00386091 -0.00423764 0.04604787 0.00728610 -0.02356943 0.00654264 0.00336750 0.05709324
597.5  0.96360997 0.14947150 0.01950185 -0.00794360 0.01751412 0.01172918 -0.02168402 -0.00023363 -0.00681874 -0.05180980
598.0  0.28354143 -0.22158169 -0.01400891 -0.01096080 -0.02811676 0.00849023 -0.00823558 -0.00826999 0.00883858 0.04480912
598.5  -0.73463031 0.13339266 -0.00703197 -0.00364020 -0.04552586 0.00091587 0.01008424 0.01040361 -0.01077498 -0.03556654
599.0  -0.87247362 0.06278497 0.02116229 0.00816623 -0.01956878 -0.00932363 0.02148889 -0.01013584 0.01164947 0.02609273
599.5  0.04819584 -0.20080750 -0.01140233 0.01353188 0.02619888 -0.01445083 0.02235605 0.01059812 -0.01073447 -0.01475798
600.0  0.90845913 0.18995190 -0.01058281 0.00915974 0.04648829 -0.01311629 0.01361624 -0.00531542 0.00882311 0.00357610
600.5  0.70353523 -0.05639966 0.02176575 -0.00667629 0.01979279 -0.00235010 -0.00126340 -0.00306440 -0.00828099 0.00682938
601.0  -0.27110597 -0.12316194 -0.00799460 -0.01875136 -0.02664178 0.01345291 -0.01257139 0.00724172 0.00552044 -0.01909257
601.5  -0.94331088 0.22278731 -0.01196367 -0.00819629 -0.04274849 0.02339659 -0.01710627 -0.01311567 -0.00174878 0.03254097
602.0  -0.68992198 -0.17642306 0.02222505 0.01175710 -0.00819349 0.02185347 -0.01159636 0.01429496 0.00158397 -0.04423806
602.5  0.20021819 0.04607149 -0.00970731 0.00259412 0.04171939 -0.00221278 -0.00046174 -0.00906876 0.00415106 0.05522643
603.0  0.90514392 0.10952194 -0.01208911 -0.02285922 0.02802717 -0.02328837 0.00444700 0.00384343 -0.00782936 -0.05989628
603.5  0.78598012 -0.21772356 0.02014068 0.00065252 -0.01786373 -0.03192767 0.00436144 0.00717388 0.00780961 0.05893335
604.0  -0.07458467 0.18530795 -0.00947411 0.03053198 -0.03379628 -0.02164504 -0.00173255 -0.00693674 -0.01313544 -0.05727860
604.5  -0.87450712 -0.03177923 -0.00889957 0.02274801 -0.01248464 0.00529563 0.00127039 0.00899163 0.01275800 0.05085097
605.0  -0.80084364 -0.13933048 0.02387609 -0.01087008 0.02160693 0.02500189 0.00368234 -0.01084907 -0.00997608 -0.04135787
605.5  0.08110156 0.21932918 -0.01295119 -0.03210012 0.03469419 0.02992387 0.00887888 0.00254064 0.00758995 0.03279162
606.0  0.87508376 -0.14140301 -0.01364069 -0.02040615 0.01446962 0.01532981 0.01007166 -0.00247857 -0.00267858 -0.02007221
606.5  0.81360546 -0.04033750 0.02089024 0.01206395 -0.02137966 -0.00675348 0.00191456 0.00112801 -0.00442780 0.00638331
607.0  -0.03039940 0.19106300 -0.00807167 0.03175050 -0.03977638 -0.02064163 -0.00811182 0.00586755 0.00988698 0.00795111
607.5  -0.85061045 -0.20556000 -0.01388630 0.01820980 -0.01790619 -0.01977232 -0.01540266 -0.00325246 -0.01517782 -0.02072154
608.0  -0.82398560 0.06012852 0.02215050 -0.01284598 0.02324308 -0.00781174 -0.01266849 0.00137737 0.01843582 0.03196564
608.5  0.08102748 0.13595044 -0.00595344 -0.02444257 0.04332280 0.00333743 -0.00083180 -0.00276655 -0.01947139 -0.03976092
609.0  0.91111707 -0.21679057 -0.01694748 -0.01395408 0.02521572 0.01093379 0.01486081 -0.00151636 0.01804957 0.04521706
609.5  0.67575621 0.10829671 0.01891130 0.00867474 -0.01343392 0.01237823 0.01990522 0.00520519 -0.01550115 -0.04996419
610.0  -0.38039356 0.10510431 0.00468547 0.02313924 -0.04082712 0.00956633 0.01646025 -0.00246445 0.01138386 0.05209585
610.5  -0.97030254 -0.22498425 -0.02249421 0.01829366 -0.03402546 0.00085124 0.00345287 0.00048870 -0.00787447 -0.05481047
611.0  -0.38596451 0.13551806 0.00932285 -0.00510965 0.00184041 -0.00498796 -0.01013480 -0.00077811 0.00111727 0.05814859
611.5  0.64898004 0.05938962 0.01460502 -0.02792948 0.03623473 -0.00604876 -0.01928423 -0.00342323 0.00337739 -0.05999090
612.0  0.93522977 -0.19534993 -0.02121528 -0.02269913 0.03729801 0.00108029 -0.01724310 0.00806646 -0.00554359 0.06088968
612.5  0.18482180 0.20073253 0.00512642 0.00720249 -0.00255826 0.00393413 -0.00542706 -0.00846639 0.01256478 -0.06179217
613.0  -0.76089184 -0.06391823 0.01841876 0.02045480 -0.04292762 0.00123830 0.00628034 0.01198989 -0.01430917 0.05973223
613.5  -0.88081680 -0.12583809 -0.02215090 -0.00100837 -0.04062129 -0.00910356 0.01092340 -0.01301877 0.01329193 -0.05440755
614.0  -0.01021800 0.21787194 -0.00004502 -0.00073709 0.01247167 -0.01319405 0.01040975 0.00879110 -0.01526188 0.04567201
614.5  0.88774453 -0.15513008 0.02128624 0.02263543 0.04483411 -0.00829206 0.01033924 -0.00331625 0.01228384 -0.03681695
615.0  0.70192929 -0.01839548 -0.01745541 0.02417621 0.02844949 0.00080942 0.01064294 -0.00081678 -0.00818698 0.02747574
615.5  -0.36183874 0.18645880 -0.00732029 -0.00209027 -0.01037593 0.01037099 0.00862869 0.00859402 0.00583892 -0.01536020
616.0  -0.97059328 -0.21181531 0.02437457 -0.02937252 -0.03620924 0.01490244 0.00037143 -0.01563875 -0.00276831 0.00241158
616.5  -0.42885808 0.08087725 -0.01411858 -0.02600372 -0.02364818 0.01290242 -0.01041670 0.01698248 -0.00334846 0.01034714
617.0  0.57732416 0.09355991 -0.01041536 0.01191857 0.01181650 0.00506918 -0.01567167 -0.01789020 0.00852896 -0.02721715
617.5  0.96379884 -0.20642454 0.02427234 0.03850483 0.03003998 -0.00575710 -0.01088812 0.01190928 -0.01166738 0.04355182
618.0  0.37911136 0.20320775 -0.01583537 0.01594932 0.01221305 -0.01529417 -0.00131139 0.00215627 0.01217700 -0.05596272
618.5  -0.58173930 -0.08705227 -0.00787727 -0.03034302 -0.01657525 -0.01487328 0.00761615 -0.01160131 -0.01083481 0.05992115
619.0  -0.96391038 -0.07769784 0.02339943 -0.04137660 -0.01881795 -0.00629242 0.00797578 0.01808245 0.00802273 -0.05665446
619.5  -0.35418231 0.20356119 -0.01489290 -0.00161812 -0.00347676 0.00603001 0.00734290 -0.01880090 -0.00492710 0.04918306
620.0  0.63293369 -0.20782738 -0.00665642 0.04468289 0.00756487 0.01395118 0.00799012 0.01032524 0.00057881 -0.03489418
620.5  0.94592048 0.08379711 0.02123774 0.03894459 0.00553350 0.01597596 0.00635627 0.00054514 0.00607557 0.01814755
621.0  0.24525449 0.08092561 -0.01714820 -0.01508340 0.00367916 0.00794691 0.00050806 -0.00768293 -0.00914469 0.00037154
621.5  -0.70936053 -0.19963321 -0.00456821 -0.03597578 0.03372745 -0.00249066 -0.00958685 0.01421093 0.01372994 -0.02049653
622.0  -0.92725373 0.21491332 0.02090856 -0.01155997 0.01843393 -0.01051746 -0.02052928 -0.01439250 -0.01452117 0.03988643
622.5  -0.23319122 -0.11151285 -0.01915412 0.00700320 -0.03544481 -0.01221010 -0.01937723 0.01123155 0.01174163 -0.05148531
623.0  0.67714417 -0.03788812 -0.00120022 0.01096823 -0.04395952 -0.00513501 -0.00774072 -0.00783334 -0.00155416 0.05958546
623.5  0.95001788 0.16179047 0.01970761 0.00280836 0.00564869 0.00404441 0.00562916 0.00401366 -0.00867759 -0.05796096
624.0  0.31112988 -0.22419560 -0.01963785 -0.00595248 0.04920330 0.00316495 0.02093517 0.00318946 0.01703571 0.04459447
624.5  -0.65339765 0.16586900 0.00650551 -0.00642008 0.03711788 -0.00021224 0.02325534 -0.01025355 -0.02087509 -0.02648672
625.0  -0.93327412 -0.00103977 0.01623133 0.00000557 -0.01589291 -0.00319417 0.01846440 0.00947136 0.01705943 0.00671047
625.5  -0.13708452 -0.15980813 -0.02301085 0.00513870 -0.04940754 -0.00135382 0.00513847 -0.00887757 -0.01418641 0.00684396
626.0  0.83330598 0.21543985 0.00519498 0.00559564 -0.03569126 0.00409491 -0.00484921 0.00636548 0.00640935 -0.02177892
626.5  0.78805878 -0.12358641 0.01911009 0.00032624 0.01027195 0.00860166 -0.01471009 -0.00330546 0.00150705 0.03475026
627.0  -0.18615998 -0.06579986 -0.02188385 -0.00642875 0.05002363 0.00865454 -0.01816327 -0.00195266 -0.00925080 -0.04468928
627.5  -0.93482768 0.20698265 0.00083967 -0.00339005 0.03842924 0.00379244 -0.01677530 0.00409201 0.01805771 0.05403419
628.0  -0.66919616 -0.19735780 0.02022165 0.00343211 -0.01250975 -0.00319226 -0.01348976 -0.00374680 -0.02137645 -0.05998546
628.5  0.29756403 0.06272533 -0.02043805 0.00540882 -0.05585884 -0.00890853 -0.00272600 0.00324328 0.02317919 0.05746197
629.0  0.95536887 0.11802863 -0.00005948 0.00250844 -0.03878330 -0.01049292 -0.00592779 -0.00145515 -0.01673086 -0.05363105
629.5  0.59480832 -0.22130467 0.02490204 -0.00406425 0.01550657 -0.00698446 0.00890122 -0.00336429 0.00669779 0.05186326
630.0  -0.42759781 0.14702012 -0.01852570 -0.01189892 0.05120608 -0.00374687 -0.01612764 0.00840046 -0.00048487 -0.04529729
630.5  -0.97085754 0.05189238 -0.01212863 -0.01008377 0.03966974 0.00216329 0.01715368 -0.01495987 -0.00022097 0.04103724
631.0  -0.38362216 -0.20717923 0.02480789 0.00656762 -0.00609729 0.01154111 -0.00729588 0.01850659 0.00156511 -0.03792498
631.5  0.65099307 0.18045493 -0.00829921 0.03204660 -0.03943717 0.00479657 0.00062112 -0.01740551 -0.00411038 0.03399820
632.0  0.93050906 0.00592248 -0.01856922 0.02908642 -0.03598377 0.00398772 0.01027176 0.00984471 0.00523041 -0.02711442
632.5  0.17613970 -0.17851865 0.02394085 -0.00499737 0.00004865 -0.00265735 -0.02037029 -0.00333286 -0.00618862 0.01882342
633.0  -0.75228187 0.20912441 0.00283470 -0.02032398 0.04616042 -0.00786784 0.01875451 -0.00919089 0.00403626 -0.00841064
633.5  -0.91172491 -0.09648107 -0.02387353 0.00354985 0.04508995 -0.00921506 -0.01009581 0.02048491 -0.00228106 -0.00384441
634.0  -0.19615113 -0.09008735 0.02132021 0.00215380 -0.00595488 -0.00680492 0.00215790 -0.01551485 0.00180010 0.01625153
634.5  0.70355774 0.21360697 -0.00012568 -0.01696275 -0.04756152 0.00361796 0.01082439 0.01461948 -0.00302995 -0.03020647
635.0  0.93520352 -0.18492799 -0.02087645 -0.01874283 -0.03751328 0.01038479 -0.02052100 -0.01060272 0.00545891 0.04315206
635.5  0.21877014 0.04110887 0.02012626 0.00235891 0.00825299 0.01406756 0.02044261 -0.00527000 -0.00333328 -0.05327798
636.0  -0.74156662 0.14134449 0.00170911 0.02543805 0.04342362 0.00639410 -0.01726221 0.01153001 0.00036234 0.05755417
636.5  -0.89102978 -0.22756649 -0.02083999 0.02389432 0.03946808 0.00012824 0.00608614 -0.01330023 0.00351816 -0.06088039
637.0  -0.06388313 0.12286722 0.01671673 -0.00106272 0.00131149 -0.00657443 0.00515908 0.01447352 -0.01532148 0.06112762
637.5  0.82358678 0.06957940 0.00757768 -0.02427378 -0.03659654 -0.01243783 -0.01204202 -0.00284188 0.01985170 -0.06011349
638.0  0.85676366 -0.19680547 -0.02256978 -0.02294572 -0.04117428 -0.00867792 0.01339229 -0.01300948 -0.01759993 0.05790477
638.5  0.04734628 0.20158664 0.01254526 0.00194287 -0.00566770 -0.00299629 -0.00130755 0.01467545 0.01664357 -0.04981242
639.0  -0.80009490 -0.06865261 0.00920094 0.02621073 0.03823096 0.00583352 -0.00288398 -0.01514589 -0.00637695 0.04169443
639.5  -0.88506432 -0.12118290 -0.02291642 0.01992611 0.04109992 0.01135511 -0.00043621 0.01629029 -0.00694715 -0.03320153
640.0  -0.10498779 0.21779872 0.01403263 -0.00550103 0.00033892 0.01053610 0.00333930 -0.00814965 0.01611296 0.02170859
640.5  0.79325686 -0.16025526 0.01322769 -0.01305505 -0.04466408 0.00267829 -0.00891733 0.00448115 -0.02259802 -0.01145806
641.0  0.86788027 -0.01454437 -0.02514483 0.00310522 -0.04698151 -0.00259424 0.00977158 0.00161727 0.02438905 0.00443571
641.5  0.01242404 0.18455255 0.00720081 0.00520681 -0.00226351 -0.00862181 -0.00120789 -0.01160640 -0.02204326 0.00598394
642.0  -0.85691814 -0.21081534 0.01660212 -0.00323110 0.04704247 -0.01246981 -0.00467119 0.01349360 0.01587777 -0.01750213
642.5  -0.80079641 0.07865618 -0.02150420 -0.00602471 0.04963887 -0.00922194 0.01029575 -0.00971863 -0.00695615 0.02967609
643.0  0.10227359 0.10506707 0.00470205 -0.00382021 0.00216493 -0.00147118 -0.01121117 0.00551592 -0.00120799 -0.04521305
643.5  0.89071584 -0.21539778 0.01679607 0.00136159 -0.04650059 0.01119105 0.00654571 0.00320366 0.00943185 0.05751326
644.0  0.78273407 0.18688325 -0.02179164 0.00474995 -0.04373721 0.01562463 0.00157897 -0.01166742 -0.01572912 -0.06532145
644.5  -0.09371612 -0.05516659 0.00625464 0.00343654 0.01041377 0.01051047 -0.00977872 0.01154020 0.01689526 0.06545731
645.0  -0.88200249 -0.10523044 0.01273724 -0.00330677 0.05241149 -0.00359480 0.01318201 -0.00960419 -0.01632724 -0.05832316
645.5  -0.78223726 0.21545654 -0.02330865 -0.00486638 0.03261545 -0.01458626 -0.01180250 0.00477774 0.01399258 0.04215889
646.0  0.14963741 -0.19445510 0.00764116 -0.00299591 -0.02440171 -0.01611699 0.00407584 0.00479698 -0.00991771 -0.02478708
646.5  0.92889210 0.05476011 0.01264279 0.00399842 -0.05414344 -0.01084872 0.00617158 -0.00851483 0.00463207 0.00511104
647.0  0.65316870 0.10683160 -0.01972073 0.00719303 -0.02389511 0.00145272 -0.01423890 0.00838205 0.00320758 0.01321748
647.5  -0.36759352 -0.21287961 0.00823357 0.00048603 0.03322406 0.01249282 0.02029697 -0.00645921 -0.01286830 -0.03214794
648.0  -0.96668536 0.19903939 0.01158216 -0.00757181 0.05164245 0.01492626 -0.01930367 -0.00666202 0.02233554 0.04692109
648.5  -0.51881683 -0.06117985 -0.02214416 -0.00665937 0.00726838 0.01489821 0.00469913 0.01485507 -0.02394190 -0.05906264
649.0  0.47570554 -0.09674744 0.00959951 0.01188424 -0.04465229 0.00191146 0.00826969 -0.01721395 0.01230314 0.06223563
649.5  0.97199022 0.19835752 0.01193120 0.02440293 -0.03684629 -0.00626321 -0.01592648 0.00072407 -0.00932421 -0.05767749
650.0  0.41610583 -0.20641634 -0.01905337 -0.00601374 0.01319024 -0.01622606 0.01356473 -0.02037215 0.00113577 0.04747708
650.5  -0.61378461 0.07663951 0.00920297 -0.04247719 0.03446853 -0.02444923 -0.00523079 -0.02281259 0.00426217 -0.03414905
651.0  -0.93383494 0.11684923 0.01052843 -0.03078134 0.01360874 -0.01617089 -0.00544626 -0.02167329 -0.00907814 0.02105253
651.5  -0.11661933 -0.21679001 -0.02132394 0.01828905 -0.01621859 0.00058466 0.01392277 -0.01701091 0.01008551 -0.00488661
652.0  0.85270167 0.15458813 0.00507607 0.04900922 -0.02620635 0.01353510 -0.01922904 -0.00824592 -0.01010028 -0.00804495
652.5  0.74937684 0.02374995 0.01874105 0.03251223 -0.01194054 0.02361751 0.01424691 0.00038053 0.00674736 0.02174278
653.0  -0.28065717 -0.19076378 -0.01690428 -0.01885639 0.01218120 0.01829419 -0.00421439 0.00900686 -0.00225527 -0.03166859
653.5  -0.96212365 0.20655599 -0.00472228 -0.05433863 0.01819484 0.00189173 -0.00886433 0.01619830 -0.00257654 0.04215955
654.0  -0.53353058 -0.06095364 0.01977458 -0.03245130 0.00274056 -0.01513839 0.01759848 0.02121855 0.00636191 -0.05271606
654.5  0.46941510 -0.12173202 -0.01406795 0.02900616 -0.00274898 -0.02268673 -0.01730593 0.01958652 -0.00854033 0.06088049
655.0  0.97057495 0.21842978 -0.00336404 0.05839396 0.00892105 -0.01165391 0.00886029 0.01088130 0.00917907 -0.06444680
655.5  0.47862907 -0.16574049 0.01883401 0.02149674 0.00909455 0.00884091 0.00379742 0.00110030 -0.00634271 0.06327973
656.0  -0.50568156 -0.00303763 -0.01423879 -0.04025727 -0.00886900 0.02179003 -0.01461351 -0.00996426 0.00514046 -0.05534223
656.5  -0.96929672 0.16937654 -0.00757486 -0.05726024 -0.02009831 0.01985461 0.01715157 -0.01354105 -0.00654138 0.04862489
657.0  -0.40321126 -0.21686314 0.02321181 -0.01754219 -0.00943051 0.00670260 -0.01201204 -0.01296518 0.00586825 -0.03715822
657.5  0.58651817 0.09916005 -0.00917721 0.03988154 0.00943078 -0.00634895 0.00107986 -0.01284799 -0.00801129 0.02719808
658.0  0.96126560 0.09455279 -0.01455783 0.05825014 0.01958142 -0.01551168 0.01198884 -0.01172160 0.00518631 -0.01619970
658.5  0.39302139 -0.20721456 0.02123523 0.01550538 0.01033299 -0.01942628 -0.01767565 -0.00863078 -0.00290363 0.00259506
659.0  -0.53125588 0.18873339 -0.00824085 -0.04007383 -0.01952160 -0.00894758 0.01788281 -0.00070066 -0.00510598 0.01075574
659.5  -0.97021397 -0.06023386 -0.01416443 -0.01522843 -0.05530632 -0.00574681 -0.00206344 0.01148508 0.01099832 -0.02266117
660.0  -0.54463711 -0.12455801 0.02428172 0.00344396 -0.00719176 -0.00111551 -0.00580897 0.02426202 -0.00418301 0.03673103
660.5  0.38971272 0.22052517 -0.00796648 0.00336347 0.05133151 -0.00176826 0.02107849 0.02182281 0.00300113 -0.04486631
661.0  0.96598847 -0.15555143 -0.01668865 0.00053152 0.05627388 0.00935237 -0.02349209 0.00392069 0.00765959 0.05314120
661.5  0.54154730 -0.01547960 0.02197345 -0.00496049 0.01005252 0.02025314 0.00616114 0.00389326 -0.01214696 -0.05909364
662.0  -0.48860102 0.18726447 -0.00294553 -0.00512052 -0.04412490 0.01612303 0.00347296 -0.00743271 0.01246133 0.06187506
662.5  -0.96477231 -0.20514413 -0.01933506 -0.00559746 -0.05948026 -0.00028186 -0.01531003 -0.01819245 -0.01053131 -0.06354628
663.0  -0.31504879 0.02912770 0.01836761 0.00013343 -0.02604053 -0.01438304 0.02239423 -0.02252082 0.00659956 0.06543924
663.5  0.70413382 0.16602215 0.00498616 0.01210968 0.03270555 -0.01767935 -0.01581829 -0.02227374 -0.00285533 -0.06511023
664.0  0.90289721 -0.21105600 -0.02198284 0.01634090 0.06141618 -0.00873886 0.00456774 -0.01449468 -0.00116607 0.06591072
664.5  0.07379008 0.09281844 0.01224587 0.00222659 0.03572403 0.00331115 0.00740479 -0.00503738 0.00650086 -0.06031167
665.0  -0.83006341 0.09822556 0.01162643 -0.01879967 -0.02532361 0.01454662 -0.01818320 0.00851594 -0.00964342 0.05235394
665.5  -0.82366269 -0.21754121 -0.02147433 -0.02072233 -0.06247768 0.01722403 0.02029818 0.01773194 0.01251600 -0.04156577
666.0  0.08972387 0.17018435 0.00726414 0.00198993 -0.03841777 0.00773996 -0.01250710 0.02465746 -0.01330837 0.02557585
666.5  0.91290814 0.00521344 0.01425902 0.02242005 0.02603592 -0.00342426 -0.00010774 0.02413806 0.01590771 -0.01401229
667.0  0.66119809 -0.17886968 -0.02237254 0.02182901 0.06290038 -0.01352770 0.01188296 0.02118164 -0.01408436 0.00537119
667.5  -0.40727801 0.21006791 0.00419623 0.00071496 0.03764462 -0.01891414 -0.01772729 0.01017586 0.01375239 0.00727023
668.0  -0.96849308 -0.07046606 0.02244335 -0.02588081 -0.02198197 -0.01212682 0.02287603 0.00199953 -0.01177929 -0.01747778
668.5  -0.33780942 -0.11504486 -0.02084779 -0.02746358 -0.05902310 -0.00404542 -0.01601245 -0.01161611 0.00566631 0.02592258
669.0  0.68110987 0.21503575 -0.00362482 0.00382358 -0.03326651 0.01534817 0.00705578 -0.02298320 0.00388521 -0.03849824
669.5  0.92361422 -0.17860675 0.02147684 0.03135266 0.03026033 0.02728015 -0.00188997 -0.02289793 -0.01616524 0.05016160
670.0  0.17963060 0.02657422 -0.01911313 0.02728205 0.05628738 0.02200644 -0.01218282 -0.01729133 0.02084086 -0.05994149
670.5  -0.75037329 0.13635275 0.00026868 -0.00718484 0.01930964 0.00345305 0.01403494 -0.00365852 -0.02597170 0.06475711
671.0  -0.89493141 -0.21219219 0.02021896 -0.05503510 0.00208783 -0.02492686 -0.00846066 0.00445403 0.02397406 -0.06314919
671.5  -0.06794833 0.17643873 -0.02103679 -0.04967632 -0.01140726 -0.03620735 0.00561222 0.01000524 -0.01559055 0.05601351
672.0  0.83965870 -0.02832358 -0.00064654 0.01083425 -0.01873150 -0.02526764 0.00539692 0.01153987 0.00785533 -0.04456596
672.5  0.79663038 -0.15035182 0.02070292 0.05784442 -0.00674736 0.00518053 -0.01119985 0.01345235 0.00172193 0.02687393
673.0  -0.15354513 0.22016376 -0.01909648 0.03756491 0.01332919 0.03205170 0.00811498 0.01446175 -0.00972777 -0.00437617
673.5  -0.92868498 -0.15306327 -0.00242336 -0.02415028 0.01860011 0.03600879 -0.00231967 0.00933515 0.01645288 -0.01692067
674.0  -0.67727073 0.01150649 0.02099235 -0.05886447 0.00131217 0.01750452 -0.00849455 0.00111393 -0.01819167 0.03776625
674.5  0.27863691 0.14561800 -0.01883605 -0.02091039 -0.01962083 -0.01064133 0.01551942 -0.01149646 0.01903070 -0.05526785
675.0  0.93789514 -0.22474249 0.00204712 0.04293320 -0.01800668 -0.03272121 -0.01225701 -0.02044447 -0.01702451 0.06611897
675.5  0.71023361 0.17741138 0.01623357 0.04791146 0.00727512 -0.02996765 0.00435567 -0.02094292 0.01196236 -0.06805228
676.0  -0.15733233 -0.06068220 -0.02327158 -0.01174806 0.02371668 -0.00664058 0.01037166 -0.01540265 -0.00493950 0.06166147
676.5  -0.88457444 -0.08675591 0.01026604 -0.05595472 0.00721870 0.01754295 -0.02098690 -0.00047309 -0.00282821 -0.04604349
677.0  -0.80808017 0.20659612 0.01243440 -0.02430114 -0.01763286 0.03121825 0.01825149 0.01457814 0.00859347 0.02551105
677.5  0.05257268 0.20415176 -0.02014667 0.03894713 -0.01551795 0.01910856 -0.01400453 0.02674502 -0.01384203 -0.00832984
678.0  0.87743098 0.08408634 0.01113010 0.05363853 0.01432299 -0.00281394 0.00382712 0.02636191 0.01950356 -0.00931922
678.5  0.76965642 -0.09374879 0.01234339 0.00229451 0.02114343 -0.02401068 0.01239927 0.02247454 -0.01863137 0.02320137
679.0  -0.17732045 -0.21042495 -0.02428485 -0.04846472 -0.01258650 -0.03239138 -0.01336304 0.00624730 0.02555289 -0.03402544
679.5  -0.92666801 -0.17683277 0.00889151 -0.03810305 -0.03699590 -0.01623429 0.01605737 -0.00971190 -0.02305910 0.04179020
680.0  -0.69783225 -0.01403304 0.01648483 0.01384465 -0.01515815 0.01023687 -0.01344226 -0.02500962 0.01512689 -0.05067947
680.5  0.24109940 0.15791359 -0.02364216 0.04732808 0.02715023 0.03270245 -0.00248832 -0.02741866 -0.00851850 0.05723925
681.0  0.93620290 0.21109094 0.00620832 0.02635246 0.04177368 0.03448817 0.00843645 -0.01936741 -0.00663962 -0.06007076
681.5  0.68505732 0.10535111 0.01894496 -0.02311054 0.01274700 0.01099064 -0.00848790 -0.00362211 0.02028573 0.06044622
682.0  -0.27845397 -0.07492542 -0.02286830 -0.04693601 -0.02926953 -0.01683605 0.00869467 0.01204137 -0.02691655 -0.06037661
682.5  -0.95724416 -0.18332489 -0.00256370 -0.02326294 -0.04485285 -0.03580034 -0.00126377 0.01904753 0.02805844 0.05736126
683.0  -0.61061107 -0.14059849 0.02458677 0.02396482 -0.01954594 -0.03538578 -0.01074472 0.01824390 -0.02119563 -0.05267639
683.5  0.39980617 -0.00039263 -0.01572659 0.04906524 0.02166848 -0.01826059 0.00819986 0.01507388 0.00702480 0.05038080
684.0  0.98073861 0.11611797 -0.01209146 0.02669042 0.04260495 0.00561784 -0.00244497 0.00461477 0.00685398 -0.04356663
684.5  0.51746407 0.13805182 0.02693096 -0.02178945 0.02117065 0.02776362 -0.00592919 -0.00745042 -0.01864621 0.03448405
685.0  -0.48319996 0.07919655 -0.00886383 -0.04650433 -0.02258842 0.03980091 0.01028639 -0.01764701 0.02331601 -0.02498681
685.5  -0.98642123 -0.00945829 -0.01761890 -0.01861452 -0.04513335 0.03132922 -0.01976672 -0.02198848 -0.01929142 0.01148093
686.0  -0.50927405 -0.08688802 0.02460556 0.02870334 -0.01578780 0.00892399 0.00639949 -0.02054434 0.01255427 0.00220948
686.5  0.46301587 -0.12768777 -0.00714734 0.03905663 0.03586901 -0.01857544 0.00131200 -0.00720074 -0.00107950 -0.01861220
687.0  0.98360158 -0.10820883 -0.01942357 0.00073072 0.04382850 -0.03648356 -0.01518458 0.01150315 -0.00940736 0.03377629
687.5  0.51082208 -0.01620861 0.02379892 -0.03460063 0.00474208 -0.03485777 0.02919040 0.02315779 0.01306846 -0.04373816
688.0  -0.51419271 0.11085891 -0.00231049 -0.03325772 -0.03710503 -0.01907202 -0.02728555 0.03117202 -0.01346033 0.04979433
688.5  -0.97283088 0.17262966 -0.02506599 -0.00058876 -0.04315792 0.00162180 0.02071968 0.02627029 0.01461269 -0.05354801
689.0  -0.30150390 0.08825656 0.02061859 0.03524792 -0.01349207 0.02086246 -0.01009235 0.01416267 -0.00994205 0.05521856
689.5  0.72209891 -0.08935292 0.01163117 0.04027932 0.02635559 0.03234629 -0.00634203 -0.00134089 0.00714047 -0.05921869
690.0  0.89687195 -0.20041439 -0.03049448 0.01130436 0.04348360 0.03291405 0.01982508 -0.01919928 -0.00363185 0.05997993
690.5  0.05011952 -0.13735102 0.01160017 -0.02823795 0.02222887 0.01314587 -0.03261394 -0.03096823 0.00351535 -0.06168388
691.0  -0.84626578 0.04860292 0.02103510 -0.04385253 -0.01683307 0.00366347 0.02893514 -0.03349359 0.00322052 0.06025652
691.5  -0.80476018 0.19790009 -0.02797911 -0.01742170 -0.04094176 -0.02664843 -0.01373280 -0.02396193 -0.00189294 -0.05754590
692.0  0.13187496 0.18116814 0.00251653 0.02340749 -0.02969346 -0.03261079 0.00092513 -0.00473357 0.00688616 0.05299976
692.5  0.92367213 0.01255759 0.02651699 0.04532224 0.00459119 -0.02399225 0.01799051 0.01488110 -0.01069406 -0.04606387
693.0  0.66701031 -0.16475331 -0.02323119 0.03086624 0.03315150 -0.00409815 -0.02633029 0.02903205 0.01191814 0.03805009
693.5  -0.34844253 -0.20859542 -0.00712340 -0.00821797 0.03513224 0.01947177 0.02786473 0.02891303 -0.01159404 -0.02847644
694.0  -0.96699079 -0.09654156 0.02835277 -0.03957741 0.01430761 0.03514316 -0.00940961 0.02386547 0.00946976 0.01674094
694.5  -0.51816819 0.08077229 -0.01884568 -0.03860824 -0.01796508 0.03376545 0.00121301 0.00525494 -0.00040963 -0.00170162
695.0  0.47581321 0.20734662 -0.01009108 -0.00281369 -0.03611522 0.01139177 -0.01753412 -0.01279006 -0.00758947 -0.01477060
695.5  0.96651313 0.21539167 0.02930915 0.03631534 -0.01586901 -0.02148678 -0.02779592 -0.02633291 0.00966213 0.03133982
696.0  0.49658373 0.10487433 -0.01956351 0.03078192 0.02406980 -0.04616336 -0.02693833 -0.02178348 -0.01158518 -0.04741408
696.5  -0.43701386 -0.06953953 -0.00890707 -0.01409732 0.03473956 -0.04266260 -0.01003621 -0.00319115 -0.01198185 0.05747333
697.0  -0.95214044 -0.22613363 0.02789762 -0.03719853 -0.00497684 -0.00785930 0.00175102 0.01004006 0.00082076 -0.06135733
697.5  -0.58013491 -0.28304677 -0.02366320 0.00292940 -0.03454703 0.02960658 0.01960562 0.01336682 0.00949133 0.06152444
698.0  0.34537262 -0.19404352 0.00117699 0.04179924 -0.00584187 0.04528063 0.03881876 0.00494781 0.01287429 -0.04692591
698.5  0.93711888 0.01424728 0.02453787 0.01698566 0.02855513 0.03338564 0.03864847 -0.00315587 0.00910731 0.03033942
699.0  0.55824641 0.22697967 -0.02844616 -0.03215448 0.02035092 0.00658021 0.01967331 -0.00856808 0.00451761 -0.01008461
699.5  -0.42739515 0.30432212 0.00081884 -0.03852775 -0.01576700 -0.01985875 -0.00957851 -0.00963195 0.00003882 -0.01370159
700.0  -0.94784347 0.18866440 0.02616695 0.00250067 -0.03498848 -0.03172444 -0.03648847 -0.00820293 -0.00305517 0.03180203
700.5  -0.42132186 -0.03981222 -0.02069936 0.03863922 -0.01172310 -0.02385607 -0.05053234 -0.00438628 -0.00573185 -0.04618629
701.0  0.57307791 -0.23031659 -0.00549231 0.02253646 0.02698029 -0.00255321 -0.04276588 0.00056938 -0.00797478 0.05725066
701.5  0.93990988 -0.26935381 0.02812173 -0.01992042 0.03560490 0.01607173 -0.01673476 0.00708302 -0.00864711 -0.06183762
702.0  0.25526478 -0.13864828 -0.02252886 -0.03546970 0.00512072 0.02269626 0.01786450 0.01156304 -0.00640631 0.06292689
702.5  -0.72986699 0.07728313 -0.00965383 -0.00725288 -0.03122130 0.01328849 0.04471964 0.01106609 0.00069324 -0.05783059
703.0  -0.86790777 0.23702992 0.03018151 0.03333516 -0.03300665 -0.00522110 -0.05072259 0.00630399 0.01307832 0.05019204
703.5  0.02845169 0.22662574 -0.01671481 0.03266455 -0.00350758 -0.01093245 0.04274402 0.01074125 0.01319163 -0.03949978
704.0  0.89091492 0.04737803 -0.01435666 -0.00687327 0.02957186 -0.02568711 -0.00400640 -0.00779544 0.01660921 0.02627412
704.5  0.69127978 -0.16763752 0.02918484 -0.04105092 0.03027779 -0.02355283 -0.01934270 0.01191801 0.01037990 -0.01158927
705.0  -0.31722142 -0.25543366 -0.01048379 -0.02660821 -0.00216888 -0.00846676 0.03826147 -0.03062360 0.00444991 -0.00175637
705.5  -0.95578308 -0.15164697 -0.01952535 0.02164006 -0.02710543 0.00206926 0.02795640 0.05477844 0.00337162 0.01487945
706.0  -0.51436841 0.06023389 0.02809814 0.04918067 -0.01253170 0.01293342 0.03468415 -0.04746062 -0.00258676 -0.02621943
706.5  0.49330094 0.21998009 -0.00811646 0.01473549 0.01832461 0.01348114 0.03024941 0.02399955 -0.00231996 0.03784254
707.0  0.96399285 0.21796762 -0.02127987 -0.03988796 0.01383715 0.01318106 0.01412258 0.00542959 -0.00734493 -0.04729618
707.5  0.40245632 0.07158224 0.02836064 -0.04381273 -0.01135490 0.01233621 -0.00721744 -0.02941281 -0.01179576 0.05179286
708.0  -0.59354098 -0.10631751 -0.00396548 0.00549484 -0.01960952 0.00614470 -0.02737529 0.05094505 -0.01382953 -0.05593582
708.5  -0.95703418 -0.19675177 -0.02360232 0.04737035 -0.00192075 0.00350446 -0.03480869 -0.05563889 -0.01954473 0.05642098
709.0  -0.26489613 -0.15169400 0.02494345 0.03648598 0.01860727 -0.00526759 -0.03062262 0.04568776 -0.01472215 -0.05176677
709.5  0.73397485 -0.01656496 0.00089147 -0.01455077 0.01605142 -0.00920973 -0.01470525 -0.02852043 -0.01611114 0.04616740
710.0  0.90173577 0.11408313 -0.02719749 -0.04850934 -0.00777978 -0.01204192 0.00424670 0.00584880 -0.00606106 -0.04077320
710.5  0.05557738 0.16481507 0.02111491 -0.02950295 -0.02605836 -0.00920604 0.02197089 0.02419255 0.00222715 0.03103779
711.0  -0.84483714 0.11328081 0.01058043 0.01804972 -0.01424027 -0.00265152 0.03170055 -0.04600400 0.00948430 -0.02267371
711.5  -0.83758027 -0.01103348 -0.02922471 0.04123603 0.02424454 0.00536794 0.02730456 0.05541173 0.01835140 0.01398847
712.0  0.04277323 -0.13710432 0.01434448 0.01884638 0.03846609 0.01219316 0.01255665 -0.04907957 0.01795078 -0.00567563
712.5  0.87671984 -0.17824582 0.01841996 -0.01857554 0.01089726 0.01081899 -0.00932373 0.02271579 0.02004561 -0.00165329
713.0  0.79536457 -0.08333732 -0.02891220 -0.03605355 -0.02611826 0.00625810 -0.02592221 0.00803810 0.01751916 0.00846119
713.5  -0.12884692 0.09161182 0.00332112 -0.02217861 -0.03916905 0.00113117 -0.03107660 -0.04141285 0.01383542 -0.01406331
714.0  -0.91445049 0.20268806 0.02601448 0.01191094 -0.02115225 0.00456929 -0.02949018 0.05438134 0.00829803 0.01926798
714.5  -0.71841771 0.14248299 -0.02341258 0.03650186 0.01246865 -0.00224738 -0.01526530 -0.04816144 -0.00750084 -0.02564662
715.0  0.23670611 -0.04509309 -0.00764025 0.02326457 0.03236014 -0.01911179 -0.01265781 0.02367804 -0.01985445 0.03255342
715.5  0.93811857 -0.19720795 0.03042079 -0.01240631 0.02255718 -0.03170545 -0.00844507 -0.01137332 -0.02998768 -0.03924155
716.0  0.68089042 -0.18991104 -0.01663550 -0.03423143 -0.01516265 -0.02091301 -0.03305066 -0.03604611 -0.02558956 0.04792612
716.5  -0.25030273 -0.03994511 -0.01626479 -0.01495422 -0.03998654 0.00537694 -0.03690170 -0.04444520 0.00442512 -0.05257671
717.0  -0.93270407 0.12981570 0.03119746 0.02274365 -0.00836894 0.02121354 -0.01698200 -0.00944187 0.03642238 0.05584560
717.5  -0.72259950 0.20482128 -0.01813168 0.00779619 0.04095829 0.01287762 0.00745261 0.02527329 0.02848648 -0.05545476
718.0  0.17202125 0.15264931 -0.01433471 -0.02056377 0.03526648 -0.01034317 -0.00312477 0.04824748 0.01027129 0.05056285
718.5  0.90896686 0.01976920 0.03335891 -0.01975414 -0.01240596 -0.02861888 0.02316885 0.04244192 -0.00784764 -0.03881098
719.0  0.76078473 -0.11792943 -0.01904909 0.00826070 -0.04587931 -0.02674894 -0.02008279 0.02492342 -0.02242225 0.02715185
719.5  -0.17104662 -0.19123805 -0.01481872 0.02683841 -0.02880149 -0.01038742 0.01213259 0.00083816 -0.03237562 -0.01382469
720.0  -0.93089010 -0.16094209 0.03335682 0.01513840 0.01805198 0.01447962 0.00021576 -0.02013452 -0.03722333 -0.00173300
720.5  -0.66712951 -0.03318223 -0.01663643 -0.01426457 0.04462246 0.03229640 -0.01519064 -0.03413748 -0.03844736 0.01558261
721.0  0.34339900 0.12939147 -0.01797265 -0.02829240 0.02450502 0.02914345 0.02115044 -0.03960349 -0.03570703 -0.02705312
721.5  0.96268487 0.22881523 0.03330462 -0.00960233 -0.02083379 0.01103757 -0.01888879 -0.03661292 -0.02755729 0.03818793
722.0  0.50487877 0.18835293 -0.01359436 0.02150300 -0.04232132 -0.01874425 0.00916886 -0.02577895 -0.01715550 -0.04899346
722.5  -0.51110887 0.01370838 -0.01951390 0.02642789 -0.01683903 -0.03178408 0.00456755 -0.00743392 0.00059495 0.05360922
723.0  -0.95206675 -0.18923892 0.03287161 -0.00133894 0.02595346 -0.02201845 -0.01945073 0.01180344 0.01951444 -0.05392393
723.5  -0.30910293 -0.27267585 -0.01156805 -0.03292674 0.03533630 0.00218370 0.02435583 0.02462777 0.03851721 0.05465147
724.0  0.69354306 -0.16052121 -0.02325099 -0.02589569 0.00264773 0.02663441 -0.00977535 0.02269948 0.05407708 -0.04810222
724.5  0.88102752 0.07468031 0.03097516 0.02042866 -0.02161427 0.03239511 0.00202384 0.01028149 0.05916958 0.03790186
725.0  0.02365652 0.25473151 -0.00467296 0.04501879 -0.00832716 0.01693369 0.01675883 -0.00683714 0.05358462 -0.03298885
725.5  -0.86057999 0.24728578 -0.02510176 0.01317332 0.01250649 -0.00686246 -0.02418491 -0.01700191 0.04347136 0.02016827
726.0  -0.73828636 0.06712340 0.02890029 -0.03491081 0.01247600 -0.02926549 0.02541746 -0.01505586 0.02498394 -0.00918565
726.5  0.23004145 -0.14989815 -0.00233679 -0.03998484 -0.00259426 -0.03026466 -0.01067718 -0.00365559 0.00736012 -0.00601542
727.0  0.93577676 -0.26033677 -0.02743677 0.00201321 -0.01578245 -0.01230218 -0.01028316 0.01184356 -0.01243856 0.02013024
727.5  0.61948243 -0.20694475 0.02974227 0.04224259 -0.01032424 0.01517854 0.01906926 0.02409696 -0.03238351 -0.03051068
728.0  -0.34152486 -0.03619883 -0.00096934 0.03034532 0.00830161 0.04003588 -0.02935673 0.02842079 -0.04195294 0.04233323
728.5  -0.94699040 0.15074942 -0.02678991 -0.02323555 0.01500999 0.03530189 0.02020756 0.02316532 -0.04902735 -0.04902352
729.0  -0.62104627 0.25472224 0.03394576 -0.04573109 -0.00295864 0.00769934 0.00138174 0.01308609 -0.04428105 0.04709692
729.5  0.30192456 0.22063501 -0.00863435 -0.00423699 -0.01563873 -0.02949211 -0.01766523 0.00391960 -0.03231897 -0.04312407
730.0  0.93447264 0.06126036 -0.02470916 0.04165844 0.00574869 -0.05145710 0.02533438 -0.00453301 -0.01896483 0.03374558
730.5  0.66511741 -0.13716222 0.03515718 0.02970696 0.02526944 -0.03884387 -0.02929454 -0.01250874 0.00233952 -0.01824490
731.0  -0.25129813 -0.25428229 -0.01364026 -0.01850717 0.00336808 -0.00408633 0.00858767 -0.02347246 0.01731131 0.00275348
731.5  -0.92440652 -0.21379477 -0.02193699 -0.03677033 -0.02848986 0.03272780 0.01249958 -0.03423260 0.02970665 0.01189014
732.0  -0.69964204 -0.04225001 0.03630814 -0.00978474 -0.02737459 0.04654493 -0.02042769 -0.03824541 0.03458897 -0.02425484
732.5  0.20449125 0.14735209 -0.01460898 0.02513461 0.01090564 0.02774293 0.02723624 -0.02931140 0.03047640 0.03565049
733.0  0.91480695 0.23320235 -0.02207970 0.02953400 0.03975951 -0.00544093 -0.00788517 -0.00750917 0.02360056 -0.04344171
733.5  0.73383840 0.16555641 0.03504131 -0.00054395 0.02668720 -0.03033175 -0.01824376 0.02068043 0.01288701 0.04662548
734.0  -0.18022214 -0.00255446 -0.01213691 -0.02807348 -0.01803604 -0.03846357 0.02166341 0.04357032 0.00454000 -0.04877951
734.5  -0.92165747 0.15327784 -0.02687585 -0.01768841 -0.04632323 -0.01615777 -0.02358374 0.05258037 -0.00220152 0.04931981
735.0  -0.71721968 -0.20830809 0.03492676 0.00930231 -0.02772334 0.00906895 0.00768975 0.04359601 -0.00978357 -0.04789383
735.5  0.23249770 0.10052858 -0.00230576 0.01811632 0.01653254 0.03396783 0.01765338 0.02139361 -0.01599504 0.04702124
736.0  0.94168662 0.08549156 -0.03212677 0.00706489 0.04393148 0.03733119 -0.02730328 -0.00660890 -0.02301647 -0.04410219
736.5  0.64886017 -0.19695878 0.02903882 -0.01281031 0.03202391 0.01646970 0.02660805 -0.03145459 -0.03030721 0.03912400
737.0  -0.35417948 0.16081354 0.00841603 -0.01789919 -0.00712478 -0.01344791 -0.01592860 -0.04214397 -0.03303357 -0.03525800
737.5  -0.96865719 0.00446555 -0.03719015 -0.00631479 -0.03669793 -0.04365690 -0.00602336 -0.03780549 -0.03295758 0.03017774
738.0  -0.49342541 -0.17486465 0.02070147 0.00935882 -0.03558284 -0.05195920 0.01764392 -0.02050314 -0.02606421 -0.02238867
738.5  0.54381741 0.19385944 0.02256685 0.02046300 -0.00730566 -0.02904128 -0.03020887 -0.00172698 -0.01196421 0.02016683
739.0  0.96115658 -0.04831506 -0.03688932 0.01024622 0.02731953 0.00889558 0.02815474 0.01124059 0.00143231 -0.01324835
739.5  0.27926901 -0.13331004 0.00448316 -0.01059318 0.03652739 0.04742766 -0.01433066 0.01215716 0.01733668 0.00923746
740.0  -0.72270424 0.20611865 0.03366643 -0.02226818 0.01326767 0.06250021 0.00222227 0.00562445 0.02925802 -0.00322224
740.5  -0.89654259 -0.10734752 -0.02985435 -0.01227605 -0.02012069 0.04715535 0.01843178 -0.00200635 0.03721037 -0.00255826
741.0  -0.04535111 -0.07820470 -0.00977469 0.01169812 -0.03476291 0.00952789 -0.02595681 -0.00800244 0.04392239 0.01015583
741.5  0.85508643 0.19847584 0.03754928 0.02538337 -0.01613865 -0.03579669 0.02791700 -0.00972942 0.04276803 -0.01718737
742.0  0.79353471 -0.16669854 -0.02078692 0.01393697 0.01884089 -0.05754208 -0.01770403 -0.00439785 0.03850629 0.02613048
742.5  -0.14245427 0.00436574 -0.02034385 -0.01134877 0.03563671 -0.05384303 -0.00423605 0.00383263 0.02585396 -0.03288688
743.0  -0.91987473 0.16089818 0.03752927 -0.02673986 0.01407370 -0.02016466 0.01913701 0.01305774 0.00969549 0.03957190
743.5  -0.69933523 -0.20016951 -0.01137207 -0.01187239 -0.02285333 0.02543901 -0.03012104 0.01609521 -0.00626325 -0.04651914
744.0  0.28393688 0.10318914 -0.02710735 0.01858663 -0.03449759 0.05575487 0.02901298 0.01272738 -0.02668849 0.04675839
744.5  0.95790585 0.06407277 0.03374713 0.02657922 -0.00854058 0.06004866 -0.00584194 0.00436155 -0.03713048 -0.04836754
745.0  0.58137629 -0.19720406 -0.00362145 0.00056292 0.02776902 0.03223138 -0.00623908 -0.00166412 -0.04079565 0.04939158
745.5  -0.42759031 0.18459135 -0.03031504 -0.02890061 0.02820659 -0.01606637 0.02157068 0.00050297 -0.03680171 -0.04654273
746.0  -0.97175614 -0.04381768 0.03213853 -0.02175089 -0.00644954 -0.05052902 -0.03481053 0.01102260 -0.02289935 0.03964204
746.5  -0.46595536 -0.11082232 0.00140694 0.01304338 -0.03022074 -0.06229291 0.01937086 0.01760158 -0.00931711 -0.02927617
747.0  0.54394587 0.20177485 -0.03316438 0.03388957 -0.02217556 -0.03842870 -0.00736349 0.01586763 0.00927929 0.01763267
747.5  0.96420517 -0.16857228 0.02967660 0.01385524 0.00777505 0.00142288 -0.00983575 0.00313082 0.02437632 -0.00303791
748.0  0.33109250 0.01526653 0.00432233 -0.01429215 0.03296110 0.03873443 0.02673342 -0.01501215 0.03568751 -0.01420072
748.5  -0.67167826 0.14174686 -0.03411570 -0.03003131 0.02699150 0.05323445 -0.02375723 -0.02904071 0.03930548 0.02821063
749.0  -0.92728753 -0.20213119 0.03173044 -0.01077566 0.00946065 0.04120124 0.02118646 -0.03344395 0.03009384 -0.04161653
749.5  -0.14216524 0.14318470 0.00748166 0.02263290 -0.03420798 0.01647568 -0.00268584 -0.03252813 0.01701880 0.04943127
750.0  0.80090626 0.00959447 -0.03503131 0.03599398 0.02001771 -0.01902978 0.00970209 -0.01382932 0.00095956 -0.05299986
750.5  0.84572458 -0.16113392 0.02800134 0.00941774 0.01427660 -0.04412608 0.01507480 -0.01109296 -0.01129456 0.05064278
751.0  -0.05948778 0.20509172 0.00551639 -0.02673555 -0.03003843 -0.05581851 0.01094923 -0.02442116 -0.02580480 -0.04286956
751.5  -0.89792852 -0.11995275 -0.03402206 -0.03169411 0.01489884 -0.05066764 -0.00397119 -0.02780663 0.03484490 0.03337313
752.0  -0.73269752 -0.03947021 0.02906734 -0.00087191 0.01615439 -0.02018878 -0.00344151 -0.03189398 -0.03874445 -0.02002400
752.5  0.23884572 0.17454533 0.00543736 0.03018602 -0.03167735 0.01789644 -0.00303572 -0.02680937 0.02783422 0.00471424
753.0  0.94716579 -0.19971475 -0.03475755 0.02037768 0.01504717 0.04857420 0.01997641 0.00872755 -0.01388452 0.01210285
753.5  0.63132930 0.10589262 0.02797926 -0.01296108 0.01627844 0.05910483 -0.01936736 0.01001783 -0.00475783 -0.02506500
754.0  -0.36145768 0.05562041 0.00660514 -0.02558945 -0.03399819 0.03294991 0.02117904 -0.01466135 0.03083525 0.03879578
754.5  -0.96596603 -0.18620553 -0.03465558 -0.01233922 0.00892609 -0.00582407 -0.00835862 0.01264196 -0.04802718 -0.04859594
755.0  -0.54153570 0.19327615 0.02859398 0.01689422 0.02404190 -0.04197662 -0.00718885 -0.00866102 0.05126189 0.05296857
755.5  0.45353693 -0.08875219 0.00637952 0.02782049 -0.02972788 -0.05820859 0.01647798 -0.00114464 -0.03913457 -0.05383469
756.0  0.97195868 -0.06200431 -0.03520176 0.00225462 0.00153732 -0.03880079 -0.02565648 -0.00553776 0.01498568 0.05060696
756.5  0.50710059 0.18749085 0.02931413 -0.02506633 0.03217303 -0.00124358 0.00922296 -0.01518274 0.01305604 -0.04315274
757.0  -0.44670868 -0.20019919 0.00354126 -0.01934558 -0.02501383 0.03774054 -0.00067948 -0.00801795 -0.03816785 0.02588274
757.5  -0.97001112 0.09967647 -0.03311634 0.00938340 -0.00908434 0.05805944 -0.00980458 -0.00460182 0.04876781 -0.00567297
758.0  -0.56524834 0.03889866 0.03233804 0.02743256 0.03051030 0.03980586 0.03111395 0.00097383 -0.04461768 -0.01358112
758.5  0.38828263 -0.16868406 -0.00003287 0.01287393 -0.02117742 0.01008940 -0.01602549 0.01071043 0.02553651 0.03306780
759.0  0.96356061 0.20918963 -0.03260837 -0.02092749 -0.01395244 -0.02915664 0.00320317 0.01518658 -0.00018577 -0.04726541
759.5  0.57796331 -0.11218343 0.03300851 -0.02781259 0.03285904 -0.05333899 0.01130451 0.01429902 -0.02627892 0.05608983
760.0  -0.40473852 -0.04516609 -0.00142339 0.00046654 -0.01276358 -0.05070758 -0.02135044 0.02288760 0.04277277 -0.06002971
760.5  -0.97095341 0.17334490 -0.03154709 0.02689754 -0.01963730 -0.02754757 0.02797372 0.00161232 -0.05079993 0.05784308
761.0  -0.49099493 -0.19733489 0.03107215 0.02174878 0.03101669 0.00460497 -0.01918759 0.00052032 0.04254029 -0.04956128
761.5  0.54067067 0.06748969 0.00503384 -0.00341733 -0.00966136 0.03393577 0.00420425 -0.01985345 -0.02389788 0.04293012
762.0  0.95853221 0.12351850 -0.03512348 -0.02686651 -0.02244719 0.04951420 0.00406133 -0.02736811 0.00802164 -0.03650555
762.5  0.23772956 -0.20523695 0.02160988 -0.02615995 0.03102378 0.04420210 -0.02613821 -0.02854464 0.01607076 0.03091246
763.0  -0.78102036 0.10683718 0.02069248 0.00009721 -0.01794829 0.02726232 0.02822774 -0.03161273 -0.02375345 -0.02755654
763.5  -0.82617888 0.09320722 -0.03531006 0.02097009 -0.00916043 -0.00243264 -0.02749026 -0.01232939 0.04150564 0.02855276
764.0  0.18193506 -0.20628813 0.00077515 0.02496334 0.03231430 -0.02451952 0.01937309 -0.00337018 -0.04431853 -0.02641515
764.5  0.95742970 0.10811319 0.03488477 0.00762730 -0.02853560 -0.03949590 -0.00141722 0.02497417 0.03972085 0.02425584
765.0  0.49500117 0.10214485 -0.02108991 -0.01754429 0.00440717 -0.03369720 -0.00648013 0.04013299 -0.03437525 -0.02367280
765.5  -0.59801852 -0.20610631 -0.02369630 -0.02779341 0.02390335 -0.01440479 0.02336683 0.04757028 0.01732772 0.02296485
766.0  -0.93800894 0.10695387 0.03525815 -0.01354976 -0.03674192 0.00808894 -0.02333233 0.04005933 -0.00268404 -0.02122063
766.5  -0.16719269 0.09559065 0.00089471 0.01052116 0.01983259 0.02993929 0.01412260 0.01715338 -0.01638920 0.01758571
767.0  0.77063832 -0.20859434 -0.03430587 0.02670001 0.01667735 0.03139078 -0.00200315 -0.01054613 0.03325348 -0.01160632
767.5  0.89749482 0.14767229 0.02662496 0.01903987 -0.03593233 0.01263146 -0.01454722 -0.03715691 -0.04292576 0.00157569
768.0  0.15711814 0.00129647 0.01075276 -0.01603301 0.02023519 -0.01141497 0.02100682 -0.04552853 0.04348924 0.01140115
768.5  -0.71569723 -0.14771628 -0.03803968 -0.03247875 0.01387439 -0.02779045 -0.01528314 -0.04013745 -0.03162256 -0.02403486
769.0  -0.94516072 0.21398259 0.02786793 -0.01040974 -0.03835117 -0.02298068 0.00591282 -0.01578748 0.01362765 0.03629536
769.5  -0.36542858 -0.14156461 0.00786719 0.02148469 0.01916313 -0.00802108 0.00698714 0.01579543 0.01214888 -0.04405033
770.0  0.51762319 0.00515980 -0.03585248 0.03003080 0.02644693 0.00842719 -0.01462996 0.03994850 -0.03465320 0.05189047
770.5  0.97028790 0.12258114 0.03227610 -0.00023507 -0.03798828 0.01863483 0.02059081 0.04964297 0.04281989 -0.05454748
771.0  0.63543646 -0.20867358 -0.00105432 -0.02864513 0.00134669 0.01265662 -0.00970072 -0.03067838 -0.04497887 0.04833872
771.5  -0.21053590 0.18130422 -0.03173154 -0.02088947 0.03331350 0.00526315 0.01271817 -0.00716525 0.01755517 -0.04031777
772.0  -0.89427629 -0.06502300 0.03680547 0.01559657 -0.02815927 -0.02237416 0.01709834 0.01493195 0.02818162 0.02538780
772.5  -0.81871770 -0.07351891 -0.00915513 0.03150739 -0.00917901 -0.03093594 0.00770650 0.00551265 -0.05923547 -0.00656115
773.0  0.00143115 0.18974000 -0.02598849 0.00510463 0.03775088 -0.02323485 -0.01168500 0.02667110 0.06441525 -0.00849833
773.5  0.83536969 -0.19581583 0.03730964 -0.01948293 -0.02424110 -0.00538674 -0.01565177 0.01948760 -0.05588905 0.02288715
774.0  0.83352685 0.07125561 -0.01112741 -0.02296370 -0.02265627 0.01558517 -0.02222596 0.02148575 0.02874602 -0.03519603
774.5  -0.07866202 0.09978486 -0.02800514 -0.00472150 0.04039101 0.02731271 -0.01806390 0.01153661 -0.00298380 0.04177499
775.0  -0.91587247 -0.20304530 0.03707916 0.02598279 -0.01830280 0.02908843 -0.00649448 0.00254855 -0.02575305 -0.04770369
775.5  -0.65056634 0.15027589 -0.00247203 0.02586713 -0.01950385 0.02173489 0.00183288 -0.00183907 0.04558752 0.05316117
776.0  0.43236136 0.02641682 -0.03587801 -0.00133543 0.04385901 0.00819429 0.01831856 -0.01184282 -0.05957382 -0.05458034
776.5  0.96757897 -0.17987064 0.03045023 -0.02615429 -0.02514536 -0.00357864 0.02682838 -0.01589009 0.06773668 0.05470475
777.0  0.27661494 0.18981718 0.01127354 -0.02832145 -0.01794492 -0.01169175 0.03279523 -0.02038793 -0.06342294 -0.05288292
777.5  -0.75339499 -0.05501544 -0.03917656 -0.00192518 0.04078304 -0.01434890 0.02216592 -0.01968395 0.05780649 0.04766367
778.0  -0.86252224 -0.12029067 0.02366793 0.02949095 -0.02403950 -0.01577132 0.00690489 -0.01523432 -0.04125941 -0.03994782
778.5  0.05384462 0.20423107 0.01688942 0.02704441 -0.01478125 -0.01512936 -0.01529142 -0.00496268 0.01765211 0.02693460
779.0  0.90721383 -0.15154995 -0.04015106 -0.00649630 0.04099585 -0.00871467 -0.03044287 0.00648873 0.00583879 -0.01397383
779.5  0.69164915 0.00940047 0.02078664 -0.03069943 -0.02384044 0.00087709 -0.03010378 0.01563968 -0.03070970 0.00041195
780.0  -0.33288541 0.14498905 0.02064821 -0.02020428 -0.02300070 0.01067930 -0.02429305 0.02514876 0.04989065 0.01431784
780.5  -0.96569612 -0.21166408 -0.04043201 0.01468460 0.04329834 0.01541401 -0.00525859 0.02410685 -0.06644581 -0.02820949
781.0  -0.52446906 0.14412420 0.02125580 0.03069402 -0.01145104 0.01218656 0.00833720 0.02176964 0.06689360 0.04346008
781.5  0.46531148 -0.01188141 0.01856507 0.00861413 -0.03352652 0.00486927 0.02820971 0.00688854 -0.05733617 -0.05477588
782.0  0.97184652 -0.11627327 -0.04178917 -0.02842722 0.03606772 -0.00055312 0.03074841 -0.00229497 0.03275291 0.05617290
782.5  0.52974529 0.20428922 0.02928133 -0.02505562 0.01067615 -0.00104977 0.02572843 -0.01774911 0.01070615 -0.05218791
783.0  -0.40505321 -0.18588082 0.00785003 0.01607081 -0.04441923 0.00083277 0.01391457 -0.02679687 -0.04143796 0.03986773
783.5  -0.96332930 0.07382959 -0.03857978 0.03006989 0.02007390 -0.00665392 -0.01757617 -0.02380519 0.06449440 -0.02117410
784.0  -0.61652099 0.06128811 0.03589963 0.00685074 0.02918503 -0.01840481 -0.01950939 -0.01944635 -0.06551277 0.00177184
784.5  0.32843056 -0.18074111 0.00155250 -0.02552171 -0.04286685 -0.02541101 -0.02065081 0.00279151 0.04344821 0.01562429
785.0  0.95549727 0.19992002 -0.03846850 -0.02861654 0.00564148 -0.01919476 -0.00584337 0.01324414 -0.01316686 -0.03062777
785.5  0.60255703 -0.07553114 0.03499811 0.00045530 0.03666002 -0.00239380 0.00998439 0.02127575 -0.02224686 0.03774521
786.0  -0.40492834 -0.09867852 0.00756076 0.02887500 -0.03849541 0.01682179 0.01843146 0.02765732 0.04876445 -0.04528385
786.5  -0.97190352 0.19868971 -0.04219843 0.02938421 0.00452038 0.02659527 0.01751877 0.01918189 -0.06484691 0.05026228
787.0  -0.44742205 -0.14561058 0.02671940 -0.00506666 0.03411920 0.02145620 0.00845462 0.00996604 0.06767748 -0.05347797
787.5  0.57480162 -0.03352695 0.02216786 -0.03672346 -0.03483513 0.00384309 -0.00330458 -0.00415651 -0.05852728 0.05472001
788.0  0.95835441 0.18482175 -0.04408012 -0.03187502 -0.00803529 -0.01705527 -0.01081375 -0.01612600 0.03905100 -0.05615457
788.5  0.30135944 -0.18085842 0.01340831 -0.00098558 0.02929204 -0.02891386 -0.00857464 -0.02834130 -0.01391496 0.05634155
789.0  -0.68128746 0.02812797 0.03529218 0.02659864 0.04361234 -0.02567865 -0.00410564 -0.02918599 -0.01157579 -0.05430588
789.5  -0.92373182 0.15260157 -0.04128039 0.02986092 0.02250750 -0.00691770 0.00305948 -0.02007515 0.03671377 0.05188975
790.0  -0.12897210 -0.19843843 -0.00608591 0.01300562 -0.01410835 0.01685887 0.00613660 -0.01182640 -0.05244185 -0.05063223
790.5  0.82252328 0.06772358 0.04362377 -0.00820243 -0.04346847 0.02983026 -0.00415433 0.01063494 0.06359330 0.04941367
791.0  0.80986315 0.11645485 -0.02499917 -0.02061185 -0.03966751 0.02952964 -0.00885625 0.01637923 -0.06966235 -0.04597589
791.5  -0.14849247 -0.20431360 -0.02584496 -0.01965975 -0.00833312 0.00923370 -0.01456549 0.03340873 0.06334646 0.04333544
792.0  -0.92671648 0.12170228 0.04520465 -0.00762687 0.03032671 -0.02079253 -0.00481504 0.02748249 -0.05868505 -0.03924496
792.5  -0.68042597 0.06753234 -0.00765970 0.00726800 0.04301312 -0.03652887 0.00675005 0.02336172 0.03727538 0.03341105
793.0  0.28660520 -0.19187415 -0.03849947 0.01827507 0.01848713 -0.02795280 0.02160091 0.00805571 -0.01402346 -0.03027070
793.5  0.95268360 0.17246962 0.03933363 0.01143978 -0.02253587 0.00369287 0.02240064 -0.00902961 -0.01257478 0.02345823
794.0  0.63036076 -0.04739404 0.00362190 -0.00529360 -0.03946914 0.03767338 0.00078199 -0.01815242 0.04070817 -0.01479950
794.5  -0.34793999 -0.12518108 -0.04322153 -0.01562115 -0.01824434 0.04478132 -0.01927678 -0.02305620 -0.05727595 0.00820389
795.0  -0.96200515 0.21254527 0.03416454 -0.00869839 0.01856152 0.01931052 -0.03398055 -0.01651408 0.06702111 -0.00068166
795.5  -0.54840762 -0.12416551 0.01406921 0.00486643 0.03487580 -0.01973620 -0.02033410 -0.01212116 -0.07002594 -0.00961433
796.0  0.47089013 -0.04894069 -0.04610956 0.00941551 0.01816465 -0.04635647 0.00230566 -0.00521938 0.05893962 0.01859557
796.5  0.97143121 0.17924136 0.02355734 0.00310340 -0.01378885 -0.04336749 0.02891653 -0.00559497 -0.03896514 -0.02669255
797.0  0.39234934 -0.18409811 0.02757205 -0.00490564 -0.03299753 -0.01568992 0.03890135 -0.00126585 0.01685870 0.03353815
797.5  -0.60598634 0.04082695 -0.04541108 -0.00587845 -0.01797643 0.02206997 0.02748770 0.00725811 0.01591237 -0.03977153
798.0  -0.95607797 0.13582659 0.01213417 0.00131369 0.01122580 0.04321552 0.00055619 0.01611051 -0.04464818 0.04581312
798.5  -0.33754968 -0.20298584 0.03284891 0.00507603 0.02803283 0.03115181 -0.03597541 0.03152875 0.06234395 -0.04880415
799.0  0.60793050 0.14115328 -0.04380532 0.00310074 0.01503228 -0.00344183 -0.04173097 0.01962437 -0.07232017 0.05067117
799.5  0.96222523 0.00684402 0.01247272 -0.00125315 -0.01899094 -0.03549501 -0.02411190 0.00671606 0.05560607 -0.04726923
800.0  0.36197790 -0.15828013 0.03349534 0.00106299 -0.02914175 -0.03007567 0.01531551 -0.01949608 -0.03233386 0.04221294
800.5  -0.62953099 0.20191667 -0.04518962 -0.00015353 -0.00344707 0.00096132 0.03714169 -0.03072104 0.00559176 -0.03271084
801.0  -0.93828336 -0.10158929 0.00660209 -0.00955324 0.02557988 0.03155756 0.03754165 -0.03037449 0.02648065 0.02306854
801.5  -0.15344031 -0.07654337 0.03917162 -0.01030218 0.02778819 0.04667331 0.02414319 -0.02497208 -0.04468986 -0.01313793
802.0  0.81760814 0.19755895 -0.04009182 0.00140328 0.00196752 0.03684083 -0.00113550 -0.00753070 0.06492233 0.00268497
802.5  0.80870095 -0.16649792 -0.00304488 0.01663376 -0.02426022 0.00919799 -0.01696186 -0.00057339 -0.07461207 0.00808053
803.0  -0.15553746 0.02460381 0.04272136 0.01648090 -0.02698939 -0.02771043 -0.02999089 0.01566322 0.07206913 -0.01970869
803.5  -0.93529055 0.13024172 -0.03756269 -0.00603723 -0.00086622 -0.05193423 -0.02401472 0.01866314 -0.06242013 0.03170977
804.0  -0.63222698 -0.20843170 -0.00677735 -0.02587473 0.02294512 -0.05375541 -0.01288976 0.02274174 0.03612466 -0.04280000
804.5  0.40388332 0.14093873 0.04434739 -0.01950014 0.02255382 -0.02952930 0.00210990 0.01874457 -0.00494776 0.04672388
805.0  0.97015835 0.02564604 -0.03460632 0.01257137 0.00051105 0.01182873 0.01285156 0.01126705 -0.02909929 -0.04747766
805.5  0.36755273 -0.16130989 -0.01344107 0.03808740 -0.00954760 0.04730600 0.00854826 0.00456271 0.05789840 0.04646265
806.0  -0.69476645 0.19230921 0.04682178 0.02516658 -0.00782670 0.06324916 0.00802377 -0.00241384 -0.07447892 -0.04011862
806.5  -0.88957013 -0.09523169 -0.02602412 -0.01301230 -0.00631423 0.05162676 -0.00996540 -0.01048871 0.07603206 0.03476017
807.0  0.01566649 -0.08597276 -0.02417267 -0.03832919 -0.00288623 0.01643406 -0.01002883 -0.01375155 -0.06110734 -0.02573910
807.5  0.89036615 0.20243507 0.04680374 -0.02401336 0.00253612 -0.02584167 -0.01598996 -0.01069264 0.02872208 0.01527406
808.0  0.73961968 -0.16654853 -0.02088686 0.01677998 0.00433014 -0.05591584 -0.00615053 -0.01338396 0.01292775 -0.00425837
808.5  -0.19076092 0.04841595 -0.02838525 0.03641821 -0.00083072 -0.05522626 0.01272443 -0.01810053 -0.05185142 -0.00925645
809.0  -0.90849223 0.09036333 0.04972728 0.01146843 -0.00275753 -0.01856794 0.02098087 -0.00475882 0.07818584 0.02310282
809.5  -0.79626519 -0.19672984 -0.02579187 -0.02724346 0.00231977 0.02971548 0.01578495 0.00621011 -0.07342227 -0.03451178
810.0  -0.01915341 0.18918437 -0.01912661 -0.03196087 0.00467680 0.05397373 -0.00798737 0.02428720 0.03854797 0.04428320
810.5  0.77793146 -0.09244679 0.04697524 0.00709769 0.00241050 0.03452004 -0.02784620 0.02984482 0.00808928 -0.04750805
811.0  0.91994239 -0.04591262 -0.03588178 0.03916008 -0.00132726 -0.00712970 -0.02141860 0.01588317 -0.05397507 0.04334389
811.5  0.24051406 0.17656307 -0.01035371 0.02277609 -0.00281552 -0.03574929 -0.00118431 -0.00108730 0.07584834 -0.03814762
812.0  -0.66960057 -0.19643482 0.04809444 -0.01621388 -0.00735451 -0.03334125 0.02419205 -0.03880037 -0.07154256 0.03089701
812.5  -0.94974487 0.08466999 -0.03668926 -0.03018823 -0.01895215 -0.00861618 0.01978629 -0.04718055 0.05728096 -0.02109620
813.0  -0.33207663 0.07798843 -0.01304315 -0.01369162 -0.01278962 0.01814451 0.01047161 -0.04484815 -0.01089894 0.01124252
813.5  0.59092938 -0.19153901 0.04873414 0.01142070 0.01892886 0.03082102 0.00026695 -0.01443802 -0.02556937 0.00072564
814.0  0.96741216 0.17498072 -0.03681186 0.02012148 0.03022758 0.02037699 -0.00896888 0.02969543 0.05958737 -0.01242585
814.5  0.43708458 -0.04130732 -0.01470244 0.00505138 0.00668195 -0.00798624 -0.00704722 0.04996608 -0.08003867 0.02171660
815.0  -0.53178922 -0.12900012 0.04967041 -0.01431242 -0.02120776 -0.03168881 -0.01111070 0.05518763 0.07305002 -0.02892054
815.5  -0.96540514 0.20690099 -0.02819050 -0.01844042 -0.02923244 -0.03827204 -0.00503588 0.03315056 -0.05496795 0.03387131
816.0  -0.32794515 -0.09743269 -0.02940276 -0.00487041 -0.01457287 -0.02705681 0.00335541 0.00492687 0.02679874 -0.03670340
816.5  0.71399471 -0.10269803 0.04908681 0.01368371 0.01488016 -0.00427512 0.01859250 -0.01763329 0.00645607 0.03924589
817.0  0.87218281 0.19421040 -0.00322902 0.01998723 0.03194975 0.01586420 0.03723567 -0.02600488 -0.03772529 -0.03870524
817.5  -0.09674713 -0.10142335 -0.05159149 0.01097560 0.02524639 0.02787936 0.05015292 -0.03304452 0.06029599 0.03994419
818.0  -0.93675582 -0.08942124 0.02751315 -0.00456867 0.00009594 0.01775010 0.04483411 -0.02928288 -0.08193225 -0.04059060
818.5  -0.59491434 0.20871257 0.03100284 -0.01804145 -0.02681027 0.01837060 0.03622300 -0.06283947 0.05239337 0.03939666
819.0  0.44277745 -0.12723681 -0.04723530 -0.01211452 -0.03371928 0.00971360 0.00501550 -0.01546222 -0.06009483 -0.04330429
819.5  0.96947837 -0.06208235 0.00556134 0.00516438 -0.00798746 -0.00027810 -0.03050751 -0.01073532 0.02331448 0.04664843
820.0  0.47257778 0.17863167 0.04358816 0.00399864 0.02935574 -0.02407047 -0.05799832 -0.01190120 0.02255427 -0.04607322
820.5  -0.50403718 -0.17721464 -0.04252999 -0.01390463 0.03165102 -0.04034735 -0.05589478 -0.01058195 -0.05617128 0.04809396
821.0  -0.96936545 0.05599437 -0.00630563 -0.01199987 0.00088180 -0.02921535 -0.02676530 0.00095130 0.07767313 -0.04790486
821.5  -0.42585845 0.12807771 0.04843751 0.01249352 -0.02825165 0.00324180 0.00284819 0.00817761 -0.07968958 0.04676414
822.0  0.58494542 -0.20458096 -0.03398301 0.02308103 -0.02931050 0.03923146 0.02670856 0.01852581 0.06759835 -0.04410452
822.5  0.95341982 0.11020934 -0.02071030 0.00740199 -0.00394889 0.05691670 0.03611944 0.02148505 -0.04658907 0.04042752
823.0  0.27330528 0.05864803 0.05167397 -0.01660581 0.02379342 0.05121683 0.03189705 0.01889785 0.01698490 -0.03588512
823.5  -0.68180840 -0.18355525 -0.02611398 -0.02355116 0.02540267 0.01651344 0.01991645 0.00987428 0.01714886 0.02827338
824.0  -0.94359600 0.18145433 -0.02676610 -0.00234697 0.00006051 -0.02989414 0.00444107 -0.00285680 -0.05289310 -0.01648088
824.5  -0.32212586 -0.05452227 0.05218076 0.02693447 -0.01816736 -0.06221286 -0.00896999 -0.01342110 0.07710330 0.00696773
825.0  0.58893233 -0.10229829 -0.02815312 0.02523996 -0.01299283 -0.06058615 -0.01295282 -0.02458213 -0.07987850 0.00578097
825.5  0.96684400 0.19622203 -0.02230403 -0.00971028 0.00245155 -0.02550617 -0.00724117 -0.02479013 0.05910367 -0.01837087
826.0  0.42297593 -0.16194835 0.05173241 -0.03616830 0.00991507 0.02268884 -0.00344527 0.02146559 -0.02005311 0.03113304
826.5  -0.56812650 0.01228361 -0.02742054 -0.01943044 0.00259874 0.05663598 -0.01322377 -0.00078795 -0.02294135 -0.03876661
827.0  -0.95641100 0.14722885 -0.02414280 0.01552756 -0.00448868 0.05975643 -0.03110445 -0.01296939 0.05876949 0.04349457
827.5  -0.23529428 -0.19864573 0.05087305 0.03461869 -0.00319232 0.03814101 -0.03074194 0.02558164 -0.07824268 -0.04851746
828.0  0.77307110 0.08722403 -0.01723200 0.01884836 0.00145618 0.00824256 -0.01679734 -0.02308383 0.08028805 0.04726572
828.5  0.84245769 0.10002841 -0.03890413 -0.01349236 0.00526780 -0.01989828 0.02210137 0.00805884 -0.06131226 -0.04469734
829.0  -0.08568458 -0.19632079 0.04904770 -0.03487936 0.00570447 -0.04227332 -0.04326685 0.00037881 0.01989094 0.04295496
829.5  -0.90439488 0.15588190 -0.00620095 -0.01677477 -0.00118964 -0.04345154 0.04749455 -0.00220808 0.03236918 -0.03427590
830.0  -0.74411657 -0.04156204 -0.04048516 0.02341399 -0.00461019 -0.02342718 -0.01968152 -0.04799852 -0.05885940 0.01990468
830.5  0.16216595 -0.10668659 0.04945389 0.03396289 -0.00171978 0.00921812 -0.01506319 0.07635298 0.04412728 -0.00449494
831.0  0.90179820 0.19994312 -0.01584930 -0.00047075 0.00087872 0.04364566 0.04100982 -0.05311466 -0.02892890 -0.01367984
831.5  0.75787936 -0.17504928 -0.03226182 -0.03338751 -0.00782772 0.04196357 -0.05038449 0.00758443 0.01132659 0.02971088
832.0  -0.18073829 0.07880171 0.05197684 -0.02211734 -0.01183997 0.02734712 0.01748154 0.04047308 0.00507305 -0.04164816
832.5  -0.93640638 0.06465082 -0.02172550 0.01128556 0.00811398 0.00186847 0.01457397 -0.06895017 -0.01519709 0.05041167
833.0  -0.62729108 -0.19300159 -0.02986647 0.02381941 0.02514137 -0.03475599 -0.04105447 0.07625872 0.01666720 -0.05539200
833.5  0.39384798 0.18747616 0.05072029 0.00797453 0.01320892 -0.04206798 0.05905713 -0.06480303 -0.01337249 0.05700644
834.0  0.96882607 -0.06601905 -0.02179447 -0.01347244 -0.01516812 -0.04386981 -0.05064944 0.02774140 0.00787491 -0.04979391
834.5  0.51946628 -0.06946197 -0.02670514 -0.01890945 -0.02578272 -0.01574426 0.01915014 0.01769939 -0.00435052 0.03654315
835.0  -0.43929696 0.17948364 0.05081709 0.00231152 -0.00341710 0.02105863 0.02154760 -0.05624676 0.00851636 -0.01778976
835.5  -0.96564987 -0.19587897 -0.03269920 0.02203115 0.02325790 0.04184088 -0.05874887 0.06933925 -0.01661583 -0.00161631
836.0  -0.55839763 0.08286263 -0.01985116 0.01076932 0.02128318 0.04358059 0.07063910 -0.04969793 0.02174157 0.01993171
836.5  0.42669739 0.08117590 0.05185272 -0.01348324 -0.00281522 0.01849209 -0.04457008 0.00849904 -0.01991973 -0.03158042
837.0  0.97077245 -0.19162446 -0.02802352 -0.02186263 -0.02345206 -0.01126769 -0.00537489 0.02240783 0.00875134 0.04158671
837.5  0.39364852 0.15085130 -0.02902675 -0.01036536 -0.02345549 -0.03561514 0.05182244 -0.02170649 0.00677922 -0.04983595
838.0  -0.67384127 0.03457231 0.04958018 0.01169503 -0.00265876 -0.03424950 -0.08688337 -0.00148646 -0.02443877 0.05393568
838.5  -0.89464213 -0.18768419 -0.00486636 0.02382837 0.02024306 -0.05651723 0.07215488 -0.00779728 0.03662837 -0.05487159
839.0  0.01717930 0.15490259 -0.04679879 0.01518021 0.02505544 -0.02417737 -0.05470464 0.00891532 -0.04548740 0.05926867
839.5  0.89678671 0.02495649 0.03719006 -0.00910759 0.00563371 -0.00559734 0.01063850 0.01172811 0.03996230 -0.06199822
840.0  0.72169254 -0.18391979 0.02260900 -0.01775854 -0.02268046 0.01550397 -0.04386012 0.02690680 -0.01308870 0.05989675
840.5  -0.22545441 0.17999797 -0.05377599 0.00250566 -0.03611625 0.01644476 -0.07972989 0.02701852 -0.01004385 -0.06083227
841.0  -0.92864667 -0.03627960 0.02214738 0.01178662 -0.00639544 0.00346439 -0.07357779 0.02016902 0.04179209 0.05783249
841.5  -0.71652187 -0.11679455 0.03271554 -0.00361926 0.03406741 -0.00495237 -0.03752380 0.00259300 -0.05289835 -0.04727940
842.0  0.21433785 0.19940298 -0.05237487 -0.01564625 0.04001052 0.00431983 0.01992312 -0.01481804 0.05697116 0.03686460
842.5  0.93585635 -0.13695569 0.01356053 -0.01041465 0.01120642 0.02178737 0.05593162 -0.03139861 -0.05068777 -0.02852657
843.0  0.62449408 -0.05557830 0.04339320 0.00333770 -0.02519245 0.02902876 0.07295837 -0.03545731 0.03580120 0.02144136
843.5  -0.42172157 0.19073742 -0.04719429 0.01398452 -0.03990570 0.02312069 0.06164566 -0.03491359 -0.02446249 -0.01345775
844.0  -0.97076663 -0.15726234 -0.00758289 0.01208538 -0.02289815 0.00362336 0.03366313 -0.02742547 0.00532393 0.00447684
844.5  -0.40383023 0.01968640 0.05263673 -0.00110826 0.01197281 -0.02124683 -0.00394089 -0.01003352 0.01152739 0.00613444
845.0  0.57986969 0.13858152 -0.03646447 -0.01062870 0.03910554 -0.03329703 -0.04756735 0.01160402 -0.02966257 -0.01895036
845.5  0.96256870 -0.20946978 -0.01983483 -0.01945376 0.02528415 -0.02348645 -0.06245957 0.03784269 0.04775980 0.03283301
846.0  0.42799391 0.11891133 0.05538809 -0.00099662 0.01409102 0.00555701 -0.05349065 0.04602506 -0.05313247 -0.04282542
846.5  -0.52069151 0.04143105 -0.03267028 0.02162557 -0.03736349 0.03198962 -0.01262607 0.04382895 0.05197857 0.05210752
847.0  -0.96955157 -0.16902587 -0.02674324 0.02641700 0.02051484 0.04250687 0.02449196 0.01502950 -0.04347430 -0.06000681
847.5  -0.39742874 0.18388019 0.05461015 0.00581667 0.01258513 0.02608797 0.05182869 -0.00901767 0.02495874 0.06224268
848.0  0.63509734 -0.02868842 -0.01345668 -0.01735938 -0.03744283 -0.00829342 0.05370172 -0.03280090 -0.00915968 -0.06268480
848.5  0.92108285 -0.16369016 -0.04717563 -0.02202678 0.03030084 -0.03708296 0.04022203 -0.04197370 -0.00655540 0.06143165
849.0  0.07353807 0.18404949 0.04464650 -0.00925373 0.00051896 -0.05377918 0.01588840 -0.04094150 0.02399763 -0.06403091
849.5  -0.86209482 -0.02441122 0.02016934 0.01045679 -0.02845252 -0.05596187 -0.01167442 -0.03273506 -0.03684795 0.06509345
850.0  -0.76419340 -0.15029573 -0.05787169 0.01556813 0.03769392 -0.03750023 -0.03706206 -0.01445323 0.04953452 -0.06378322
850.5  0.17695051 0.19326977 0.02438484 0.00676318 -0.01089401 -0.00412115 -0.06313920 0.00085055 -0.05408840 0.06167122
851.0  0.91143446 -0.08473549 0.03601154 -0.01149172 -0.02818994 0.03448143 -0.05829241 0.02241258 0.05138691 -0.05830505
851.5  0.76909139 -0.07297301 -0.05899531 -0.01787984 0.03845426 0.05913636 -0.02673919 0.02434734 -0.03306474 0.04894200
852.0  -0.07098121 0.18373790 0.02913763 0.00412336 -0.00058262 0.04774972 0.02105080 0.02031221 0.00568469 -0.03734821
852.5  -0.85333175 -0.18686957 0.02969975 0.02246569 -0.03512537 0.01023505 0.05898408 0.01262079 0.01813047 0.02062079
853.0  -0.82346012 -0.06552488 -0.06024676 0.01173255 0.02836202 -0.03116072 0.06563763 0.00301232 -0.04487895 -0.00316587
853.5  0.08264539 0.09395601 0.03161066 -0.01098969 0.00685099 -0.05618333 0.05229745 0.00460002 0.05273158 -0.01224402
854.0  0.91430928 0.17012474 0.03114157 -0.01881820 -0.03672416 -0.05786319 0.01614952 0.00316485 -0.05852688 0.02587612
854.5  0.69141127 0.11939211 -0.06108250 -0.00833661 0.02699017 -0.03766704 -0.01727012 0.00425359 0.05305586 -0.03419176
855.0  -0.31578582 0.01030378 0.02479004 0.01059171 0.01026294 -0.00604871 -0.05553696 -0.00359371 -0.03853034 0.04641768
855.5  -0.96860941 -0.06892956 0.03842275 0.01760366 -0.03512136 0.02540427 -0.07445253 -0.01117385 0.02119131 -0.05509045
856.0  -0.62612503 -0.09990673 -0.06547140 -0.00143166 0.01605344 0.04293623 -0.06307628 -0.01971834 0.01162105 0.05784950
856.5  0.33238508 -0.10222497 0.03643386 -0.01607774 0.02710871 0.03685211 -0.02026556 -0.02368364 -0.03282148 -0.05473831
857.0  0.96798426 -0.08598352 0.02574989 -0.00582319 -0.03408016 0.01559032 0.03793040 -0.01434785 0.05337779 0.04331907
857.5  0.60419112 -0.03293358 -0.06507221 0.01055034 -0.00279013 -0.00251218 0.07409186 -0.00916190 -0.05978997 -0.02609966
858.0  -0.44409548 0.06639205 0.03948148 0.01242795 0.03063298 -0.01287952 0.08357092 0.00717680 0.04967884 0.01287578
858.5  -0.97362250 0.15548415 0.02962243 0.00265878 -0.02664278 -0.01696709 0.05420761 0.01758805 -0.04145707 -0.00225398
859.0  -0.26591641 0.13103761 -0.06521170 -0.01237397 -0.00394277 -0.02072662 0.01073361 0.02900859 0.01988641 -0.00745846
859.5  0.79055889 -0.02865520 0.02060866 -0.01719680 0.03036295 -0.02660461 -0.03573252 0.03210109 -0.00135702 0.01562232
860.0  0.80210813 -0.18305301 0.04803058 -0.00562103 -0.03041309 -0.03148704 -0.06948469 0.02335614 -0.01553358 -0.02389510
860.5  -0.19623398 -0.17518765 -0.05660365 0.01080822 0.00356579 -0.02678627 -0.07422372 0.00734297 0.03947539 0.03220362
861.0  -0.93868638 -0.01268778 0.00203617 0.01632377 0.03072608 -0.00866747 -0.05461320 -0.01572706 -0.04944760 -0.04096648
861.5  -0.65595403 0.15761481 0.05403462 0.00583485 -0.03062591 0.02094109 -0.00213413 -0.02865531 0.06028418 0.05095560
862.0  0.25710760 0.21076768 -0.06079999 -0.01140124 -0.01094620 0.04205031 0.04603756 -0.03684770 -0.05455089 -0.05375353
862.5  0.91963145 0.12603792 0.00863203 -0.01470921 0.03247786 0.04031583 0.07053901 -0.02308953 0.03563215 0.05342553
863.0  0.75300411 -0.03799206 0.05304685 0.00423379 -0.01752082 0.01137488 0.05145375 -0.00473427 -0.00989863 -0.05205747
863.5  -0.12032718 -0.17948126 -0.06281272 0.01719528 -0.01493511 -0.02358208 0.00716325 0.01699159 -0.01841027 0.04252574
864.0  -0.89286174 -0.19893073 0.00892921 0.00479152 0.03336912 -0.04448082 -0.03621554 0.03595362 0.03919359 -0.03342605
864.5  -0.75144113 -0.07181339 0.05561163 -0.01058906 -0.01373034 -0.04227106 -0.06713382 0.03993957 -0.05503180 0.02514635
865.0  0.16761250 0.11307734 -0.05865655 -0.01857164 -0.02122661 -0.01713366 -0.06313946 0.03846607 0.06207043 -0.01431930
865.5  0.89973961 0.22314560 -0.00183625 -0.00718359 0.03243062 0.01560631 -0.03816088 0.00924617 -0.05643853 0.00189935
866.0  0.78155579 0.19079259 0.05874935 0.01700134 -0.00690652 0.03414574 0.01433257 -0.01972519 0.04302456 0.01364731
866.5  0.00425735 0.03859722 -0.05934418 0.02042282 -0.02607751 0.02629249 0.05601828 -0.04954669 -0.01326378 -0.02701137
867.0  -0.76258996 -0.15304628 0.00564341 -0.00079387 0.02625324 -0.00080350 0.06705671 -0.05340892 -0.02033329 0.04074889
867.5  -0.90577591 -0.27556508 0.05799096 -0.01932302 0.00228009 -0.02278513 0.04266228 -0.02454820 0.04702511 -0.04968125
868.0  -0.26194678 -0.22911614 -0.06446875 -0.01704249 -0.02796197 -0.02637279 -0.00785331 0.01130684 -0.06112018 0.05127451
868.5  0.64768469 0.00523475 0.00101543 -0.00522541 0.01880975 -0.01926464 -0.04238293 0.04941806 0.05805279 -0.05403405
869.0  0.89491333 0.27163778 0.06333849 0.01351624 0.00690902 -0.00765448 -0.06403227 0.06058256 -0.04556065 0.05330843
869.5  0.12408536 0.30739275 -0.05065008 0.01995022 -0.02079608 0.00410759 -0.05743747 0.05906991 0.02238195 -0.05307393
870.0  -0.79860023 0.02868550 -0.03270765 0.00524044 0.02119557 0.01949890 -0.03216460 0.03727420 -0.00263197 0.05279237
870.5  -0.73222732 -0.29937896 0.06903449 -0.00478633 -0.00438527 0.03061015 0.00064164 0.00660083 -0.02231869 -0.05292616
871.0  0.22565071 -0.32651406 -0.01279433 -0.00950607 -0.01652683 0.03338566 0.03373509 -0.02474749 0.04406869 0.05097556
871.5  0.90139686 -0.02739917 -0.05893091 -0.00279277 0.02519386 0.02602016 0.05076927 -0.05590566 -0.05693992 -0.04830908
872.0  0.55907070 0.29661813 0.05372621 0.00846001 -0.01560742 0.00679353 0.05145934 -0.06643083 0.06246344 0.04328088
872.5  -0.37461571 0.35495483 0.01642978 0.00649119 -0.01349171 -0.01706230 0.02589290 -0.06307684 -0.04874684 -0.03591470
873.0  -0.91447922 0.10737665 -0.06670074 -0.00052651 0.02933295 -0.03650342 0.00004117 -0.02999554 0.02556354 0.02819095
873.5  -0.47487130 -0.23538784 0.03842185 -0.00682133 -0.01747485 -0.04176857 0.01236971 0.01468721 0.00368124 -0.02022092
874.0  0.51948135 -0.36398802 0.03679366 -0.01239022 -0.00706545 -0.03242477 -0.01565490 0.04896392 -0.03118794 0.01515021
874.5  0.89853343 -0.13831094 -0.06460633 -0.00862246 0.02688121 -0.01828234 -0.00259106 0.05936011 0.06586145 -0.00993833
875.0  0.13391754 0.22428780 0.00565592 0.00515642 -0.02517451 0.00155597 0.01304595 0.09676771 -0.02068918 0.00471855
875.5  -0.79704665 0.35944079 0.06048687 0.01033367 0.00179960 0.02168755 -0.01191380 0.08725653 0.03949336 -0.00003187
876.0  -0.75174366 0.16848195 -0.05037973 0.00657849 0.02318416 0.03666771 0.02613196 0.06402823 -0.02523330 -0.00748435
876.5  0.11456994 -0.14440879 -0.01706847 -0.00410705 -0.02839049 0.04290886 0.01338916 0.01729466 0.01633296 0.01868064
877.0  0.83857597 -0.34987309 0.06620687 -0.01301041 0.00004850 0.03068700 0.00523935 -0.03843743 0.00257920 -0.03124047
877.5  0.76130939 -0.34064550 -0.04936369 -0.00408599 0.02800448 0.01495834 0.01127348 -0.08239909 -0.02206734 0.04035520
878.0  -0.02666220 -0.12470125 -0.01248568 0.00750442 -0.02457676 0.00050315 -0.02741941 -0.09386660 0.02773369 -0.04548465
878.5  -0.79825670 0.18724593 0.06275127 0.01213816 -0.00954848 -0.02114403 0.02420133 -0.06917778 -0.02947157 0.04586770
879.0  -0.74251672 0.39810834 -0.05042450 0.00188792 0.03091389 -0.03656946 -0.01353953 -0.02421702 0.02076027 -0.04386615
879.5  0.15775900 0.32570946 -0.01859247 -0.01338270 -0.02137853 -0.04948386 -0.01300795 0.02359007 -0.00770997 0.03994948
880.0  0.87332307 -0.01303279 0.06672066 -0.01330452 -0.00848073 -0.04066141 0.03825470 -0.06145327 -0.00492096 -0.03395174
880.5  0.50051622 -0.35145822 -0.03785060 -0.00201077 0.03287017 -0.02432127 -0.06157238 -0.06755268 0.02145034 0.02944191
881.0  -0.49033892 -0.40929511 -0.03474998 0.01005866 -0.02417962 0.01082577 0.04925857 -0.06657586 -0.02763139 -0.01985161
881.5  -0.88325353 -0.16721694 0.06772010 0.01136181 -0.01167628 0.03891165 -0.02180015 -0.03744649 0.03749873 0.00527246
882.0  -0.28314382 0.16395295 -0.03648985 -0.00274937 0.03950394 0.05276091 -0.01544588 0.00018540 -0.02785163 0.00696648
882.5  0.59848052 0.36940361 -0.02542124 -0.00820800 -0.01762480 0.04113929 0.04651996 0.04440143 0.00878831 -0.02374751
883.0  0.89819743 0.37167821 0.06313329 -0.00840341 -0.02546450 -0.00392923 -0.05534152 0.07043404 0.00956029 0.03865115
883.5  0.36682977 0.20717448 -0.04975698 0.00418763 0.02823237 -0.04032726 0.02857522 0.06368401 -0.03630182 -0.04482055
884.0  -0.52631738 -0.03955563 -0.00513282 0.01614460 0.00198569 -0.05515612 0.01091076 0.03663127 0.03747292 0.04531733
884.5  -0.92361497 -0.25817517 0.05712296 0.00723710 -0.03050970 -0.04004455 -0.03845970 -0.00724319 -0.03228833 -0.04021347
885.0  -0.33299329 -0.33374653 -0.05536515 -0.00789884 0.02703109 0.00097458 0.05420667 -0.04809906 0.02020347 0.03343773
885.5  0.64891523 -0.21071045 -0.00491395 -0.01213653 0.00525982 0.03811808 -0.05920877 -0.05598063 0.00447405 -0.02369736
886.0  0.88366575 0.04373047 0.05629063 -0.00490195 -0.03302792 0.06526684 0.01889744 -0.06645715 -0.02191729 0.01160025
886.5  0.14128926 0.26691392 -0.04543158 0.00432782 0.02409553 0.06131036 0.01459887 -0.03920231 0.03162731 0.00343011
887.0  -0.72259740 0.33171463 -0.00649149 0.00875027 0.01208200 0.02978028 -0.04060620 -0.00707754 0.03095293 -0.02133878
887.5  -0.88316709 0.21268195 0.05284755 0.00099118 -0.03323899 -0.03943129 0.04831104 0.03562028 -0.01768077 0.03754590
888.0  -0.24332622 -0.02769399 -0.05295878 -0.01556276 0.00985286 -0.06331285 -0.05771071 0.03904308 0.00237418 -0.04778846
888.5  0.62822392 -0.26352217 0.00564645 -0.00944173 0.02138770 -0.05904744 -0.00761032 -0.05429000 0.01865964 0.05160629
889.0  0.90459681 -0.33978876 0.04978427 0.01230762 -0.03430863 -0.02057385 0.03228600 0.01993680 -0.03171084 -0.04871684
889.5  0.21122052 -0.16221157 -0.05198480 0.01829615 0.01294862 0.03271716 -0.03919897 0.01657172 0.03859878 0.04216588
890.0  -0.75278673 0.15639418 -0.00783650 0.00849775 0.02132295 0.06322216 0.02564291 -0.04524814 -0.04320758 -0.03853326
890.5  -0.77918325 0.33078351 0.05820759 -0.00747834 -0.03580499 0.06599405 0.00663324 0.05975219 0.04442825 0.03617036
891.0  0.21986028 0.18797802 -0.03056130 -0.01657556 0.02735713 0.04154468 -0.02155650 -0.05307122 -0.03641961 -0.03313603
891.5  0.93028721 -0.12172302 -0.03989493 -0.01611172 0.00233385 -0.00449401 0.03847744 0.03698762 0.02405669 0.02970411
892.0  0.46341254 -0.30449745 0.06109067 -0.00201804 -0.02847262 -0.04549965 -0.04255463 -0.00869614 -0.00541540 -0.02112949
892.5  -0.53562838 -0.24228121 -0.00625248 0.01749073 0.03340344 -0.07002114 0.01992424 -0.02495305 -0.02223170 0.01132585
893.0  -0.93483070 -0.02269277 -0.05566937 0.01613353 -0.00781740 -0.05810526 0.00554206 0.03693409 0.04715030 -0.00015890
893.5  -0.39430078 0.20159384 0.06391171 -0.00339904 -0.02628888 -0.00554134 -0.04089856 -0.02979486 -0.06289847 -0.01608223
894.0  0.52186782 0.31584748 -0.00709718 -0.00916805 0.02962530 0.03414415 -0.05315495 0.00930447 0.06437846 0.02768902
894.5  0.93095005 0.24955080 -0.05706162 -0.01155859 -0.00498591 0.05404541 -0.05588031 -0.02226308 -0.03714562 -0.03653108
895.0  0.36052864 0.00138041 0.05968087 0.00027136 -0.02227944 0.04969653 -0.03751212 -0.03947187 0.01401022 0.04464989
895.5  -0.63578201 -0.28384148 0.00970197 0.00970180 0.03065135 0.03579125 -0.01175887 -0.04241394 0.02264492 -0.04475315
896.0  -0.85005728 -0.35222475 -0.06810749 0.01419790 -0.00967228 0.03192600 0.01019169 -0.04609554 -0.03269093 0.04508558
896.5  0.00293367 -0.09993489 0.03597135 0.00598311 -0.01893398 0.04542165 0.03861526 -0.01809104 0.05801078 -0.04724843
897.0  0.82614565 0.25624171 0.04189612 -0.00666804 0.03404257 0.05336560 0.04317829 -0.01477655 -0.06839385 0.04792775
897.5  0.70416539 0.41166187 -0.06926514 -0.00746091 -0.01410743 0.04689773 0.06327427 -0.00432665 0.05702274 -0.04647444
898.0  -0.12101588 0.26107453 0.01991325 -0.00041221 -0.02434852 0.02255733 0.06212414 0.00527687 -0.04433750 0.04469369
898.5  -0.81214000 -0.07657041 0.04884051 0.00394812 0.03490815 -0.02425590 0.05423719 0.01142225 0.00786551 -0.03694622
899.0  -0.73744786 -0.37364598 -0.06792000 -0.00075116 -0.00766532 -0.06237651 0.03133418 0.02055542 0.02225302 0.02768059
899.5  0.06889379 -0.40268074 0.01296805 -0.00441223 -0.02348058 -0.06860414 -0.00235861 0.02875270 -0.04734658 -0.01686357
900.0  0.82205369 -0.09828687 0.05904936 -0.00253083 0.03314203 -0.04523324 -0.03253724 0.02213588 0.06173533 0.00889625
900.5  0.63882181 0.30554491 -0.05659298 -0.00059290 -0.01506871 -0.00203664 -0.05788559 0.01957106 -0.06076247 -0.00437245
901.0  -0.33131437 0.42287213 -0.02191506 0.00864691 -0.02051589 0.03937655 -0.06543807 0.00902231 0.05875517 0.00042636
901.5  -0.88718536 0.13012979 0.07072469 0.01977317 0.02844105 0.06314139 -0.05804379 0.00188700 -0.04386417 0.00345639
902.0  -0.34474010 -0.27799950 -0.02408669 -0.00355314 -0.02360590 0.05768441 -0.02585027 -0.00934700 0.02534842 -0.00874320
902.5  0.58350362 -0.43839928 -0.05201361 -0.00487512 -0.01692718 0.03094263 0.02207237 -0.01746676 -0.00418745 0.01817598
903.0  0.86500763 -0.27543597 0.06694377 0.00302572 0.04220221 -0.00613516 0.06793635 -0.02089021 -0.02529075 -0.02981253
903.5  0.32404883 0.04488861 -0.01394943 0.00501209 -0.02309173 -0.03346467 0.08274349 -0.01883042 0.04783691 0.04325037
904.0  -0.46905054 0.33165451 -0.04895046 0.00619740 -0.02643039 -0.03835168 0.04596221 -0.00606938 -0.06211606 -0.05353731
904.5  -0.86742693 0.46670348 0.07047597 -0.00468783 0.04244892 -0.02432224 -0.02013811 0.00603452 0.05547230 0.05847863
905.0  -0.55998708 0.39625503 -0.03562191 -0.01348973 -0.00336855 -0.00667785 -0.07698086 0.01874861 -0.02878326 -0.05477880
905.5  0.24368373 0.12143445 -0.03189201 -0.00307240 -0.03751032 0.00821756 -0.08652681 0.02540345 0.00620385 0.04226240
906.0  0.82848175 -0.24953491 0.07044746 0.00906784 0.03268468 0.01944468 -0.05279966 0.02241490 0.03045071 -0.02674498
906.5  0.55057770 -0.49580231 -0.04125969 0.01158294 0.00876576 0.02718279 -0.00701499 0.01880757 -0.04244070 0.01018291
907.0  -0.32197972 -0.43725853 -0.02990417 0.00487781 -0.04115189 0.03345147 0.04740108 0.00138470 0.05140575 0.00688796
907.5  -0.83655551 -0.11716219 0.07019112 -0.01252404 0.02588245 0.03314905 0.07376072 -0.00289213 -0.05813449 -0.02798093
908.0  -0.50282753 0.25235997 -0.04603890 -0.01140294 0.02008620 0.01917401 0.07815189 -0.01922953 0.03637374 0.04208131
908.5  0.29608382 0.48010335 -0.01518910 0.00353983 -0.04496870 -0.01091328 0.03661095 -0.02733052 -0.01933917 -0.05679679
909.0  0.82790404 0.47676272 0.06471793 0.01213003 0.01149810 -0.03975954 -0.02034274 -0.03470631 -0.01125976 0.06008137
909.5  0.60373935 0.24296088 -0.06067122 0.00278017 0.03812131 -0.04873957 -0.06155918 -0.03144006 0.03334728 -0.05442774
910.0  -0.23347104 -0.12701772 0.00204358 -0.01168302 -0.03632447 -0.03015320 -0.07032739 -0.01507022 -0.04700517 0.04452180
910.5  -0.85154467 -0.42803235 0.06065217 -0.01124149 -0.00430805 0.00709397 -0.04185557 0.00417188 0.05550781 -0.03330564
911.0  -0.46257936 -0.42586252 -0.05833646 0.00178201 0.03890315 0.03948663 -0.00418411 0.03039993 -0.05088706 0.02353170
911.5  0.53822108 -0.07805580 -0.01626542 0.01196613 -0.03760279 0.05152836 0.03376353 0.04513840 0.05072989 -0.01386771
912.0  0.82320583 0.33674469 0.07088086 0.01209452 0.00159110 0.04620025 0.05384628 0.05656813 -0.04466754 0.00599417
912.5  -0.00455411 0.44894022 -0.03225064 0.00269631 0.03406288 0.02001297 0.05953054 0.05285372 0.03748257 0.00157689
913.0  -0.81634279 0.17828392 -0.04491041 -0.00785080 -0.04117712 -0.01804150 0.04276322 0.04131864 -0.02947674 -0.01199681
913.5  -0.62558472 -0.22024980 0.06806495 -0.01116005 0.00479807 -0.04754838 0.01470186 0.01232899 0.01599411 0.02590728
914.0  0.24749721 -0.44789374 -0.01864331 -0.00232360 0.03567871 -0.04829874 -0.02041463 -0.02391628 0.00323612 -0.03886605
914.5  0.84880768 -0.38635033 -0.04839312 0.01303144 -0.03739342 -0.01543349 -0.04801847 -0.05200715 -0.02267529 0.05310898
915.0  0.63089572 -0.10136718 0.06831677 0.00884303 -0.00557148 0.02934736 -0.05135779 -0.06275033 0.03658216 -0.06083168
915.5  -0.19309107 0.24141635 -0.02529089 -0.00953648 0.04251580 0.05279622 -0.03324872 -0.04638050 -0.04871914 0.06164888
916.0  -0.84498173 0.43849229 -0.04447732 -0.01147312 -0.02658147 0.04271254 0.00342041 -0.02259422 0.04871009 -0.05910519
916.5  -0.61330675 0.34622927 0.06852593 -0.00288946 -0.02041242 0.00799052 0.03261647 0.00998006 -0.04462755 0.05237791
917.0  0.30766066 0.01814447 -0.01687375 0.00654307 0.04188927 -0.02936468 0.05926074 0.02784366 0.03511926 -0.04629351
917.5  0.88962960 -0.30103343 -0.05720665 0.01623533 -0.01831146 -0.05200906 0.06160742 0.04291576 -0.02281245 0.03638580
918.0  0.53252739 -0.40732096 0.06953518 0.00589176 -0.02667320 -0.04926924 0.04120486 0.04374878 0.00371973 -0.02029052
918.5  -0.31979555 -0.28674146 -0.01357913 -0.01768405 0.03925108 -0.02246494 -0.00079690 0.03171678 0.01763596 0.00366345
919.0  -0.87537059 -0.04283845 -0.05167686 -0.01684962 -0.00610425 0.01172379 -0.05595390 0.01545076 -0.03523926 0.01709465
919.5  -0.71223324 0.21307077 0.07259115 0.00297537 -0.03570019 0.03387417 -0.07881335 -0.00656401 0.05164317 -0.03912633
920.0  0.04610136 0.37861765 -0.02761755 0.01475971 0.03650680 0.03919504 -0.06550884 -0.01407989 -0.04114701 0.04993470
920.5  0.78881995 0.34819617 -0.04725578 0.01487181 0.00427124 0.02501180 -0.01241891 -0.02287235 0.02844945 -0.05770816
921.0  0.75960297 0.07676938 0.07182989 0.00331612 -0.04166501 0.00454809 0.04038455 -0.02454742 -0.00983389 0.05999558
921.5  -0.13359130 -0.28832988 -0.00650048 -0.00761275 0.03745701 -0.01177152 0.07886411 -0.02448258 -0.01316896 -0.05941244
922.0  -0.87298896 -0.41158537 -0.06887049 -0.01115720 -0.00958519 -0.02423071 0.08961429 -0.02089632 0.02170454 0.05902205
922.5  -0.46609754 -0.11475949 0.04410066 -0.00592523 -0.02500296 -0.02550012 0.06969462 -0.01107536 -0.03792836 -0.05794333
923.0  0.55492836 0.31778135 0.04636585 0.00328906 0.04175143 -0.02025493 0.02973489 -0.00266741 0.04357751 0.05754951
923.5  0.84116183 0.43003968 -0.07057361 0.00642600 -0.02990154 -0.01301601 -0.02837531 0.00814909 -0.04893665 -0.05719741
924.0  0.10964590 0.13060705 -0.00293627 -0.00055069 -0.00009026 -0.00905902 -0.07446267 0.01276317 0.05063180 0.05700390
924.5  -0.71698396 -0.27507297 0.07010403 -0.00645836 0.03914883 -0.00907841 -0.09074428 0.01741372 -0.03932645 -0.05640703
925.0  -0.79573319 -0.46143769 -0.05444190 -0.00678987 -0.03541262 -0.00421665 -0.06453864 0.01259362 0.02147581 0.05306495
925.5  -0.11005838 -0.31918866 -0.01857195 -0.00347538 -0.00779836 0.01504771 -0.00459930 0.00572073 0.00376691 -0.04819658
926.0  0.68558424 0.04423562 0.07319742 -0.00648741 0.03855878 0.04758577 0.04090293 0.00196297 -0.02620669 0.04079732
926.5  0.80547219 0.38303925 -0.04615773 0.01711479 -0.02658618 0.06336045 0.06132750 -0.00511366 0.04216702 -0.03379268
927.0  0.05759792 0.44132022 -0.03293974 0.00851303 -0.00731518 0.05094382 0.05479789 -0.00021517 -0.05091048 0.02328734
927.5  -0.76658260 0.15816799 0.07307069 -0.00809134 0.03269790 0.01621693 0.04326033 -0.00237933 0.04434626 -0.01387171
928.0  -0.71052036 -0.23844117 -0.02934567 -0.01836987 -0.03128924 -0.02887578 0.01661299 -0.00225138 -0.04305601 0.00266477
928.5  0.12338868 -0.45325968 -0.04661999 -0.00789458 -0.00137007 -0.06646129 0.00874352 -0.01599400 0.02096061 0.01119539
929.0  0.80780464 -0.38406572 0.07360382 0.01031942 0.03492507 -0.07593803 0.00632866 -0.03400061 0.00468684 -0.02950606
929.5  0.71673363 -0.11513776 -0.03190182 0.01097406 -0.02415733 -0.04937468 -0.00229567 -0.04263385 -0.02538065 0.04596393
930.0  -0.01483055 0.20896274 -0.03559311 -0.00338804 -0.01379575 0.01241445 -0.02674836 -0.02704356 0.04644922 -0.05770732
930.5  -0.73530549 0.44467230 0.07336250 -0.01329230 0.03644780 0.06006465 0.04064016 -0.00583039 -0.04525427 0.05991569
931.0  -0.75522249 0.45824318 -0.04661424 -0.00518571 -0.01669489 0.07807898 -0.02164659 0.02031441 0.03137489 -0.05532247
931.5  0.02692207 0.18944942 -0.02750072 0.01081843 -0.02532230 0.05046229 0.01201468 0.03183206 -0.01467912 0.04082932
932.0  0.78910462 -0.23660671 0.07419549 0.01358476 0.03768679 0.00252776 0.01652267 0.03754624 -0.00585800 -0.02915606
932.5  0.56800312 -0.50856175 -0.03719525 0.00331326 -0.01208857 -0.04172352 -0.03743475 0.03819970 0.01610269 0.01987769
933.0  -0.39131295 -0.38327827 -0.04399780 -0.01025678 -0.02536041 -0.07532661 0.03933121 0.02648468 -0.02861608 -0.00436416
933.5  -0.83161762 0.04469481 0.07373630 -0.01505069 0.03884357 -0.07035105 -0.04817150 0.01276366 0.02917136 -0.01331798
934.0  -0.21626353 0.42901587 -0.02013070 -0.00104201 -0.01185289 -0.05275746 0.01801335 -0.01126422 -0.02805425 0.02549991
934.5  0.64491403 0.50983982 -0.05325252 0.01419954 -0.02750461 -0.00194776 -0.02087010 -0.02666479 0.02676592 -0.04126804
935.0  0.77896643 0.28755260 0.07279804 0.01153638 0.03688722 0.03776261 -0.05751666 0.01753685 -0.01553740 0.05149647
935.5  0.10039377 -0.07422138 -0.02546863 -0.00945718 0.00315323 0.04919510 -0.06189548 0.05178131 0.00552578 -0.05612079
936.0  -0.68451044 -0.38823066 -0.04791240 -0.01892757 -0.03811614 0.03536604 -0.03581381 0.05789905 0.01411451 0.05811968
936.5  -0.76728140 -0.50189404 0.08024805 -0.00038536 0.02357474 0.01672154 0.00557039 0.04239178 -0.01924495 -0.04762848
937.0  0.00769097 -0.32828746 -0.03435945 0.02165949 0.01686719 0.00997159 0.04633322 0.00861336 0.03175787 0.04198024
937.5  0.79153655 0.06509180 -0.04855978 0.01809339 -0.04338775 0.00288875 0.06759720 -0.01923709 -0.03140112 -0.03200842
938.0  0.58195625 0.42196671 0.07881781 -0.00568914 0.02101755 0.00003987 0.06903707 -0.04742353 0.02407848 0.01973779
938.5  -0.36447423 0.47624592 -0.01346035 -0.01534728 0.02301367 -0.00551125 0.04701020 -0.06245853 -0.02551082 -0.00924292
939.0  -0.85340150 0.20713224 -0.06146387 -0.01884542 0.04044857 -0.01416266 0.00865626 -0.06627425 0.00683996 -0.00791050
939.5  -0.38871964 -0.17222206 0.05826270 0.00404385 0.01538499 -0.02556405 -0.03457797 -0.04590973 0.00696476 0.02621058
940.0  0.45323166 -0.43727987 -0.00099818 0.02215984 -0.02678750 -0.02780304 -0.06200117 -0.00221938 -0.02682677 -0.04073050
940.5  0.85979330 -0.47652644 -0.05881549 0.01479532 -0.03728272 -0.01279000 -0.05386413 0.04240808 0.04117680 0.04928859
941.0  0.46870868 -0.27957648 0.06585886 -0.00671090 -0.00050751 0.01862396 -0.02097385 0.06713787 -0.03309674 -0.05119222
941.5  -0.38917672 0.06957057 -0.01448784 -0.02082093 0.03740192 0.05062248 -0.00934111 0.05367307 0.01400804 0.04571282
942.0  -0.87193602 0.38288131 -0.05268771 -0.00942090 0.03393982 0.03654856 -0.05558545 0.01610432 0.00308800 -0.03705093
942.5  -0.39544828 0.44434644 0.06455636 0.00822633 -0.00180228 -0.00890789 -0.05996381 -0.02913055 -0.01907729 0.03321710
943.0  0.55595828 0.18339152 -0.00069865 0.01305172 -0.03464329 -0.04830692 -0.02190525 -0.05153030 0.03920258 -0.02436240
943.5  0.84865797 -0.21323093 -0.06439380 0.00918335 -0.03116251 -0.05000111 0.03031780 -0.06194840 -0.03199070 0.01850438
944.0  0.14150650 -0.44032273 0.05118567 -0.00277941 0.00156111 -0.02772268 0.06779960 -0.02880971 0.02731782 -0.00961960
944.5  -0.70968251 -0.34739295 0.02271549 -0.01285153 0.02707235 0.00565855 0.05592347 0.02484664 -0.01258058 0.00035111
945.0  -0.80898272 -0.03077406 -0.06993508 -0.00860011 0.02454325 0.02846463 -0.00352449 0.05703083 -0.01353836 0.00950538
945.5  -0.14959734 0.29490537 0.04384782 0.00795207 -0.00455525 0.02718696 -0.06678108 0.03654545 0.02998585 -0.02381157
946.0  0.62228371 0.45520214 0.02074314 0.02002367 -0.03138259 0.00974673 -0.07079194 0.03672513 -0.03893963 0.03430036
946.5  0.86140983 -0.37227379 -0.06907250 0.00252917 -0.01799705 -0.01121724 -0.05413242 -0.04187758 0.02514515 -0.04534202
947.0  0.34782434 0.06672471 0.05071675 -0.02889875 0.01384021 -0.01458242 0.01712201 0.05961338 -0.00630361 0.05016709
947.5  -0.51693850 0.29613570 0.01526666 -0.02227028 0.02980099 0.00145873 0.05451808 -0.04970448 -0.01168663 -0.05167453
948.0  -0.86517667 -0.45923869 -0.06897443 0.00631042 0.01656045 0.01873032 0.07318119 0.01735259 0.02723687 0.05234330
948.5  -0.23709427 0.25992822 0.03886701 0.02670589 -0.00906028 0.03079634 0.07173347 0.01345761 -0.03147387 -0.05104110
949.0  0.66798542 0.15680709 0.04111950 0.02514688 -0.02634861 0.02829543 0.04438443 -0.04401049 0.03437479 0.04927783
949.5  0.80363863 -0.43858507 -0.06860597 -0.00212177 -0.02287849 0.00874007 0.01730371 0.05770747 -0.02953207 -0.04328469
950.0  0.07860835 0.38395747 0.02005560 -0.03118592 0.00052165 -0.01125362 -0.02825407 -0.06114226 0.02073222 0.03464179
950.5  -0.70927570 -0.06810129 0.04985622 -0.02216880 0.02763398 -0.04069302 -0.05617573 0.04099518 -0.00695289 -0.02269710
951.0  -0.80729549 -0.29254576 -0.07152742 0.01236988 0.02386189 -0.04252553 -0.07113225 0.00145502 -0.01116988 0.01047632
951.5  -0.11532600 0.45769484 0.01940722 0.03286567 -0.00184583 -0.02058558 -0.05680593 -0.03564460 0.02231515 0.00289103
952.0  0.71709295 -0.29578542 0.05631898 0.02090122 -0.02423199 -0.00029295 -0.01684056 0.05845003 -0.02968600 -0.01362279
952.5  0.75742065 -0.10472589 -0.06736085 -0.00697153 -0.02521627 0.02662811 0.03154692 -0.06234498 0.03268287 0.01925840
953.0  -0.13004154 0.43217248 -0.01002043 -0.02804769 -0.01225923 0.02200613 0.06775993 0.05569403 -0.02334195 -0.02916841
953.5  -0.85588233 -0.36212971 0.07625278 -0.02832789 0.00730689 0.00125292 0.08631880 -0.03987758 -0.00627787 0.03508915
954.0  -0.45431898 -0.05600151 -0.03490890 -0.00790581 0.02295667 -0.01091338 -0.07507302 -0.00495763 -0.00207146 -0.03847823
954.5  0.53396911 0.41159477 -0.05126772 0.01908413 0.02131354 -0.00994559 0.01846749 0.05411773 0.01000622 0.04392861
955.0  0.85029207 -0.40378013 0.07225722 0.03042247 0.00598914 -0.01501695 0.05051136 -0.04214349 0.01947106 -0.04690062
955.5  0.18880531 0.10582955 -0.00842382 0.00937129 -0.01564178 0.00882587 -0.09124831 0.00197314 0.02891223 0.05053551
956.0  -0.64834231 0.24719754 -0.06592580 -0.02399747 -0.02285372 0.00558127 0.08588447 0.03014171 0.03283204 -0.05087805
956.5  -0.84124748 -0.44907961 0.07569552 -0.03006987 -0.00490692 0.01247497 -0.03148043 -0.05423027 0.02122347 0.04774400
957.0  -0.26124863 0.39699029 -0.01520640 -0.00355923 0.01864020 0.00655584 -0.03705206 0.05953734 0.01067884 -0.03798890
957.5  0.57254160 -0.13694183 -0.05856893 0.03122311 0.01981676 -0.01203441 0.08521906 -0.03763057 -0.00709904 0.02468044
958.0  0.86057997 -0.20474512 0.07811496 0.02302201 0.00733664 -0.01208007 -0.08874232 0.00622000 -0.01820117 -0.00838474
958.5  0.25507892 0.43898019 -0.02212767 0.01481221 -0.02178550 -0.01254096 0.05267831 0.02245732 -0.02339124 -0.00569921
959.0  -0.62644114 -0.39606807 -0.05698647 0.00884848 -0.03199207 0.00152730 0.00467334 -0.04773752 -0.02995465 0.02114673
959.5  -0.83599253 0.11099969 0.07928052 -0.01285617 -0.01413210 0.00597082 -0.05879003 0.06105430 -0.02829279 -0.03817538
960.0  -0.21188789 0.21692482 -0.02710428 -0.01702543 0.02245958 0.01147245 0.09442751 -0.04385413 -0.02287348 0.05090339
960.5  0.57872002 -0.42166491 -0.04608440 -0.00337725 0.02808667 0.01210273 -0.07886270 0.01504517 -0.01247171 -0.05829446
961.0  0.87345176 0.44263276 0.08190071 0.01528587 -0.00233782 -0.00340483 0.01226049 0.02421681 0.01141411 0.05506953
961.5  0.48379448 -0.29261585 -0.05799626 0.01493732 -0.02775459 -0.00479980 0.06207026 -0.05179969 0.02276831 -0.04132870
962.0  -0.30079443 0.01746852 -0.00781156 -0.00909228 -0.01995978 -0.01485681 -0.09788174 0.04076652 0.02801690 0.01936547
962.5  -0.85166279 0.28501733 0.07017761 -0.01922820 0.01794972 -0.01161157 0.07071999 -0.02112553 0.02469859 0.00438662
963.0  -0.59661693 -0.45114370 -0.07073113 -0.00725499 0.03090462 0.00371919 -0.01491678 -0.01267894 0.00943123 -0.02152102
963.5  0.31535537 0.35015698 -0.00076162 0.01185036 0.00655872 0.01115985 -0.04837127 0.03961875 -0.00169840 0.03698090
964.0  0.87489037 -0.00495526 0.07355667 0.02089433 -0.01385862 0.01838099 0.08762152 -0.05321561 -0.01349890 -0.04813935
964.5  0.37034852 -0.35558344 -0.06062464 0.01670941 -0.02252766 0.01584601 -0.08788297 0.06151119 -0.02241998 0.05087021
965.0  -0.58194717 0.45043472 -0.02281571 -0.00741460 -0.01174301 0.00299966 0.06330930 -0.04541033 -0.02581905 -0.05740502
965.5  -0.83764890 -0.23148354 0.07834242 -0.02888811 0.00891769 -0.00874535 -0.00942487 0.01077532 -0.02718597 0.06067582
966.0  -0.15199499 -0.11414248 -0.05106203 -0.01392168 0.01845307 -0.01742181 -0.04321115 0.03462050 -0.02236040 -0.05510422
966.5  0.68199033 0.38492459 -0.02518717 0.01590318 0.01038383 -0.01549756 0.07093906 -0.07508636 -0.01034742 0.04747846
967.0  0.81698909 -0.45282253 0.07886769 0.02395754 -0.01162177 -0.00372508 -0.06379525 0.08728253 0.00123479 -0.03566953
967.5  0.13928462 0.27177146 -0.05933276 -0.00130089 -0.01721713 0.01223082 0.02699382 -0.06693714 0.01254906 0.01525410
968.0  -0.70171130 0.06748450 -0.01920143 -0.02556449 -0.00296553 0.01601037 0.01992613 0.03013876 0.02268083 0.00111635
968.5  -0.76878559 -0.37596831 0.08130528 -0.02023372 0.01167002 0.01591511 -0.05526592 0.00764027 0.02473960 -0.01569047
969.0  0.11564126 0.43301443 -0.05173169 0.00567213 0.01646669 0.00526148 0.06883299 -0.04227784 0.02621692 0.02752241
969.5  0.85528852 -0.14536946 -0.04266802 0.02575584 0.00492612 -0.00656188 -0.06358795 0.06366781 0.02200801 -0.03465948
970.0  0.47435850 -0.26632774 0.08403052 0.02004853 -0.00890262 -0.01459299 0.03978264 -0.07817154 0.02147638 0.04004836
970.5  -0.48648542 0.45612721 -0.02357638 -0.00548657 -0.01436049 -0.01865783 -0.00319039 0.08426024 0.02220378 -0.04748553
971.0  -0.87014035 -0.31801711 -0.06178575 -0.02335739 -0.00648382 -0.00909732 -0.04275270 -0.07241895 0.01189472 0.05528737
971.5  -0.34430927 -0.01328269 0.08168931 -0.01767679 0.01087375 -0.00282738 0.07077849 0.03613111 0.00912090 -0.05913615
972.0  0.51043670 0.33627671 -0.01765062 0.00940145 0.01121804 0.01685902 -0.06009595 0.00841490 -0.00760966 0.06039432
972.5  0.87241968 -0.45352397 -0.06674825 0.02248126 0.00538536 0.01979018 0.01968484 -0.04947622 -0.01550990 -0.05974104
973.0  0.33885513 0.25685044 0.07896272 0.00843716 -0.00424202 0.00597709 0.03284793 0.08645345 -0.01742643 0.05597021
973.5  -0.59113624 0.15458697 0.00608751 -0.00605290 -0.01810359 0.00528725 -0.06504089 -0.08595202 -0.03018428 -0.05223722
974.0  -0.81984401 -0.44504852 -0.08856334 -0.01692592 -0.01256464 -0.02311368 0.07118684 0.06919834 -0.01824039 0.05183442
974.5  0.00144061 0.30680828 0.04809111 -0.01308230 0.00074346 -0.01386893 -0.05109114 -0.04225565 -0.02614266 -0.04694343
975.0  0.82195123 0.13693262 0.06424626 0.00182771 0.01428456 -0.01528812 0.01404603 0.00338672 -0.01606090 0.04635493
975.5  0.58826772 -0.43816315 -0.08042403 0.01279895 0.02001891 -0.00710563 0.02238267 0.04146084 -0.00697788 -0.04293308
976.0  -0.34474827 0.34404370 -0.00957828 0.01426310 0.00627503 0.01493927 -0.05140107 -0.07833691 -0.00237429 0.03909248
976.5  -0.87238528 -0.01072317 0.08769339 0.00287426 -0.01071389 0.01417316 0.05656290 0.09849652 0.01677521 -0.03093708
977.0  -0.53572795 -0.33448755 -0.07114114 -0.00658975 -0.02239863 0.01947774 -0.02411021 -0.08199582 0.01635827 0.02047656
977.5  0.27267513 -0.45282498 -0.02313321 -0.01247963 -0.01298203 0.00139753 -0.01684717 0.02836271 0.02391730 -0.00558268
978.0  0.83987045 -0.31739422 0.09248412 -0.00981196 0.01318515 -0.01689896 0.04215543 0.02810789 0.02303356 -0.01049138
978.5  0.66146141 0.00448632 -0.06534336 0.00491655 0.02470942 -0.01498729 -0.05069627 -0.07883970 0.01338025 0.02453668
979.0  -0.16133769 0.34536515 -0.03058089 0.01436687 0.01068731 -0.01147188 0.01810688 0.09914784 0.01147177 -0.03709773
979.5  -0.83016733 0.46894793 0.09459668 0.01021512 -0.01217523 0.00724379 0.01750519 -0.09499527 -0.00178064 0.04248563
980.0  -0.57695303 0.24251575 -0.04706078 -0.00343756 -0.02643576 0.01476545 -0.03642750 0.07516251 -0.00552405 -0.04970171
980.5  0.31792455 -0.17341749 -0.05626690 -0.01317980 -0.01601930 0.01231028 0.05391812 -0.03732792 -0.01404807 0.05471889
981.0  0.84607297 -0.46551997 0.09482518 -0.01069547 0.00732197 0.01046620 -0.03484011 -0.00828053 -0.02246068 -0.05799761
981.5  0.52510212 -0.45610839 -0.03674120 -0.00422750 0.02661506 -0.00662632 -0.00860529 0.05910152 -0.01988070 0.06489328
982.0  -0.26300674 -0.18569673 -0.05420016 0.00823354 0.02121252 -0.01094801 0.04471706 -0.08951660 -0.02162778 -0.05806282
982.5  -0.81151088 0.18984890 0.09582955 0.01770910 -0.00916081 -0.01111625 -0.05722953 0.08614589 -0.01003245 0.04543623
983.0  -0.62288053 0.47206335 -0.05065484 0.01085306 -0.03106718 -0.00357271 0.03613835 -0.04989684 -0.00136620 -0.03015382
983.5  0.19657140 0.46883379 -0.04301627 -0.00859088 -0.01899466 0.00631253 0.00680954 -0.00007691 0.00986655 0.01305059
984.0  0.82487354 0.13000635 0.09772262 -0.01880056 0.00822458 0.01205612 -0.04651842 0.04434024 0.01705089 0.00261685
984.5  0.45519679 -0.32600487 -0.04651991 -0.01077617 0.02572715 0.01220280 0.05974311 -0.07704437 0.02041863 -0.01446812
985.0  -0.51679869 -0.51286537 -0.06890857 0.00627815 0.02278238 0.00861316 -0.05514858 0.09126388 0.02285507 0.02517095
985.5  -0.79307965 -0.25794614 0.09199755 0.01666501 0.00042431 0.00147630 0.03450518 -0.08533617 0.01890217 -0.03620757
986.0  -0.01502676 0.20578794 -0.00075030 0.01423954 -0.02359969 -0.01065834 0.00263848 0.06058512 0.01664186 0.04650448
986.5  0.76269139 0.50574421 -0.08892543 -0.00690636 -0.02564362 -0.01162401 -0.03679121 -0.01529982 0.00586354 -0.05761347
987.0  0.62733947 0.46747893 0.08295976 -0.02010995 0.00039277 -0.01343271 0.04876145 -0.04417945 -0.00243562 0.06686195
987.5  -0.17540007 0.16707660 0.00106012 -0.00605432 0.02620678 -0.00169601 -0.03252347 0.09144975 -0.01161798 -0.06466372
988.0  -0.77711009 -0.21529163 -0.08344181 0.01529014 0.01979585 0.01215358 0.01013258 -0.09363206 -0.02244247 0.05271240
988.5  -0.59703568 -0.50107694 0.09494672 0.01591882 -0.01345358 0.02384712 0.01921116 0.05741210 -0.03288127 -0.03100726
989.0  0.20284229 -0.54411014 -0.02333017 -0.00132074 -0.02733492 0.03479429 0.02233872 0.00154521 -0.03199167 0.00905957
989.5  0.79367313 -0.28072080 -0.07283675 -0.01863233 -0.01061787 0.03309709 0.00871034 -0.05760274 -0.02670864 0.01046029
990.0  0.44301094 0.16969773 0.09633218 -0.01667200 0.01449702 0.01463398 0.03419309 0.07965659 -0.01712233 -0.03118972
990.5  -0.47366375 0.50765557 -0.01802217 0.00185486 0.02997136 0.00038304 0.01648900 -0.09550227 -0.01097447 0.04317968
991.0  -0.80122140 0.49498439 -0.07963358 0.01846924 0.01274934 -0.02161869 0.02542771 0.08337355 0.01133101 -0.05392960
991.5  -0.17861107 0.18222079 0.09329785 0.01836849 -0.01547758 -0.03301765 0.01924600 -0.04706269 0.02416156 0.06582877
992.0  0.62492632 -0.19958284 -0.01910785 -0.00427236 -0.02680668 -0.03000970 0.01149350 -0.01181689 0.03871501 -0.06414451
992.5  0.81023439 -0.45485041 -0.07488993 -0.02086704 -0.00839305 -0.01056163 -0.00551938 0.06466819 0.04397356 0.05125397
993.0  0.25507940 -0.48909269 0.10659613 -0.01418776 0.02063755 0.01317769 -0.02734332 -0.09577721 0.03118992 -0.03176096
993.5  -0.54378442 -0.28318559 -0.04081380 0.00790143 0.02267333 0.02086711 -0.03582531 0.07784637 0.01869098 0.00491716
994.0  -0.83933997 0.09756488 -0.06561047 0.02278060 -0.00124622 0.01544121 -0.03068294 -0.03025059 -0.00328374 0.01609753
994.5  -0.25728560 0.43615995 0.10644913 0.01218826 -0.02176665 0.00930453 -0.01035131 -0.02675456 -0.01982609 -0.03187498
995.0  0.63296492 0.44622263 -0.02213636 -0.01035510 -0.02310190 0.00679346 0.01690533 0.07501966 -0.02919643 0.04136778
995.5  0.76738496 0.05936538 -0.09163087 -0.01866694 -0.01246847 0.00421118 0.02744291 -0.09659703 -0.04428769 -0.04492619
996.0  -0.04348061 -0.38963666 0.08570124 -0.02062844 -0.00134712 0.00040415 0.04664648 0.08780078 -0.04227165 0.05223049
996.5  -0.79190506 -0.47366281 0.03152178 -0.01553819 0.01198265 -0.00029445 0.04015285 0.04502550 -0.04440146 -0.05737838
997.0  -0.62974265 -0.14034719 -0.10762984 -0.00163920 0.02508127 -0.00550657 -0.01227172 -0.01275788 -0.02252536 0.05795623
997.5  0.17835205 0.28868271 0.05937033 0.00940810 0.01637091 -0.01086056 -0.03067885 -0.04639342 0.02039907 -0.06230398
998.0  0.79663043 0.48905956 0.04943713 0.01602340 -0.01253495 -0.02022559 0.06111113 -0.04397353 0.06519744 0.06185617
998.5  0.71239062 0.36541053 -0.10802207 0.00222415 -0.02834952 0.00615638 -0.06414503 -0.01977207 0.08000221 -0.05466079
999.0  0.02719414 0.02574332 0.06547759 -0.01612560 -0.01557925 0.00359505 0.02464508 0.01433309 0.06026477 0.04613726
999.5  -0.69889556 -0.32096283 0.03952241 -0.01177497 0.01634685 0.02187509 0.02449399 0.02595593 0.01298859 -0.03353558
1000.0  -0.81243693 -0.45665678 -0.10814357 0.00277653 0.03509576 0.03056517 -0.05154363 0.01623928 -0.03412235 0.01916868
