0.0  1.00000000 0.00000000 0.00000000 0.00000000 0.00000000 0.00000000 0.00000000 0.00000000 0.00000000 0.00000000
0.5  0.51395653 -0.00957524 -0.00047015 -0.00013353 0.00029522 -0.00183399 0.00176303 -0.00189829 0.00116051 -0.00266448
1.0  -0.47961154 0.00235072 -0.00021199 -0.00144966 0.00028472 -0.00254675 0.00157415 -0.00312050 0.00182494 -0.00205017
1.5  -0.99961025 0.01007495 0.00068925 -0.00116348 0.00001000 -0.00084797 0.00005648 -0.00222994 0.00136794 -0.00159850
2.0  -0.52165635 -0.00546337 -0.00015355 0.00029273 -0.00027847 0.00187111 -0.00157732 0.00076384 0.00011226 -0.00286853
2.5  0.47655671 0.00342157 -0.00033522 0.00137675 0.00041113 0.00288569 -0.00185814 0.00301447 -0.00102206 -0.00440973
3.0  0.99943152 0.00051174 0.00073731 0.00005479 0.00065643 0.00157749 -0.00059895 0.00304180 -0.00102979 -0.00376215
3.5  0.53654876 -0.00657858 0.00008817 -0.00206300 0.00104510 -0.00112964 0.00084084 0.00100919 -0.00044042 -0.00025882
4.0  -0.44817006 0.00676344 -0.00051333 -0.00216544 -0.00323231 -0.00258935 0.00143325 -0.00087303 -0.00018406 -0.00057314
4.5  -0.99671185 -0.00516616 0.00012632 0.00133561 -0.00385867 -0.00178956 0.00109592 -0.00124895 -0.00034470 -0.00048239
5.0  -0.58931866 -0.00496859 -0.00033779 0.00320838 -0.00051182 0.00046398 0.00033062 -0.00007287 -0.00082802 -0.00066232
5.5  0.37728177 0.00801784 -0.00030472 0.00150218 0.00187147 0.00251063 -0.00110699 0.00089049 -0.00052738 0.00055321
6.0  0.98565919 -0.00200422 0.00089440 -0.00134769 0.00248738 0.00262986 -0.00126545 0.00040722 -0.00005991 0.00166838
6.5  0.66515952 0.00760821 -0.00011433 -0.00163798 -0.00059424 0.00085760 -0.00101094 -0.00108272 0.00050677 0.00212149
7.0  -0.27928859 0.00151856 -0.00035525 -0.00113682 -0.00287285 -0.00220952 -0.00057292 -0.00191678 0.00040864 0.00212597
7.5  -0.96139915 -0.01361477 0.00073495 0.00004492 -0.00082136 -0.00316397 -0.00071731 -0.00137110 0.00032651 0.00200060
8.0  -0.74495518 0.00036450 -0.00031356 -0.00037649 0.00230270 -0.00212783 -0.00110609 0.00023428 0.00057886 0.00139590
8.5  0.16781081 -0.00407440 -0.00027764 -0.00038478 0.00541417 -0.00037586 -0.00040388 0.00126642 0.00125552 0.00046875
9.0  0.92463540 0.00701608 0.00044396 0.00026304 0.00170992 0.00111084 0.00029497 0.00183844 0.00130987 -0.00075484
9.5  0.80996921 0.01389832 -0.00100241 0.00138116 -0.00374936 0.00159812 0.00056031 0.00265306 0.00050931 -0.00241830
10.0  -0.08058850 -0.00681966 -0.00009403 0.00168008 -0.00482218 0.00174092 0.00071848 0.00080382 -0.00109310 -0.00224336
10.5  -0.89830728 -0.00216228 0.00112043 -0.00102398 0.00029481 0.00101945 0.00066217 0.00009644 -0.00170088 -0.00233397
11.0  -0.83003392 -0.00896659 -0.00062049 -0.00250838 0.00499328 0.00028942 0.00188192 -0.00193071 -0.00151380 -0.00300811
11.5  0.07770115 -0.00522435 0.00004692 -0.00086985 0.00350432 -0.00071924 0.00316252 -0.00062986 -0.00092400 -0.00204355
12.0  0.91036425 0.01450778 0.00091771 0.00235494 -0.00263671 -0.00180028 0.00103583 -0.00011360 -0.00030215 -0.00136213
12.5  0.79669073 0.00072326 -0.00027983 0.00168574 -0.00595922 -0.00213672 -0.00335562 0.00057039 0.00007669 -0.00087123
13.0  -0.15985443 0.00000813 -0.00000102 0.00065759 -0.00066998 -0.00008051 -0.00490432 0.00138795 0.00009110 0.00027925
13.5  -0.94857959 0.00020407 0.00023804 0.00443330 0.00474499 0.00172942 -0.00339086 0.00130267 0.00085804 0.00113202
14.0  -0.71729580 -0.01134656 -0.00102309 0.00495993 0.00412550 0.00120491 0.00063119 0.00035675 0.00126955 0.00104806
14.5  0.29062790 0.00499703 -0.00007561 -0.00087169 0.00057604 -0.00123584 0.00397452 -0.00033493 0.00125390 0.00108503
15.0  0.98355733 0.00481693 0.00156849 -0.00679276 -0.00280738 -0.00272533 0.00486292 -0.00069109 0.00096533 0.00159118
15.5  0.61318143 -0.00640822 -0.00016750 -0.00538054 -0.00290274 -0.00162583 0.00316303 -0.00103763 0.00103300 0.00278807
16.0  -0.41264271 0.00642200 -0.00043971 0.00214363 0.00020755 0.00038423 0.00053049 -0.00117731 0.00158572 0.00281888
16.5  -0.99749782 0.00034795 0.00029090 0.00763165 0.00248973 0.00125885 -0.00149793 -0.00049344 0.00070775 0.00275412
17.0  -0.54600234 -0.00401765 -0.00066899 0.00474315 0.00184240 0.00114243 -0.00284238 0.00022714 -0.00121136 0.00246292
17.5  0.45129157 0.00641864 -0.00041264 -0.00404935 -0.00093991 -0.00012519 -0.00244221 0.00262068 -0.00248087 0.00163041
18.0  0.99693670 -0.00895093 0.00086172 -0.00836897 -0.00416099 -0.00051921 -0.00181538 0.00308552 -0.00196025 0.00042644
18.5  0.59982915 -0.00559599 -0.00018179 -0.00161865 -0.00401448 -0.00022361 0.00006925 -0.00512197 -0.00316324 0.00308795
19.0  -0.33158936 0.00826223 -0.00019764 0.00015269 0.00718793 0.00059186 0.00232730 -0.00254391 -0.00328977 0.00208729
19.5  -0.96304920 -0.00055497 0.00079250 -0.00030135 0.00916598 0.00019472 0.00339610 0.00568436 -0.00246994 0.00048036
20.0  -0.78379468 0.01114690 -0.00035515 0.00028639 -0.00014447 -0.00109980 0.00253916 -0.00212144 -0.00080996 -0.00102176
20.5  0.02656180 0.00178926 -0.00016457 0.00088427 -0.00902638 -0.00031384 -0.00024673 0.00556169 0.00135264 -0.00165085
21.0  0.80935748 -0.01264323 0.00056205 0.00054044 -0.00504280 0.00090826 -0.00238677 -0.00068232 0.00299701 -0.00351920
21.5  0.96031374 -0.00143467 -0.00076064 -0.00036861 0.00522728 0.00184464 -0.00250573 -0.00552476 0.00359413 -0.00580264
22.0  0.37319607 -0.01042549 -0.00006310 -0.00114993 0.00792407 0.00138963 -0.00085483 0.00263333 0.00280316 -0.00669843
22.5  -0.49877989 0.00525054 0.00065943 -0.00120931 0.00128407 -0.00047661 0.00110594 -0.00492381 0.00050673 -0.00974256
23.0  -0.98975846 0.01223875 -0.00093902 0.00060412 -0.00813540 -0.00240312 0.00121287 0.00245236 -0.00188955 -0.00925364
23.5  -0.71731035 -0.00067361 0.00009538 0.00125162 -0.00761371 -0.00260184 -0.00147083 0.00515400 -0.00347194 -0.00630910
24.0  0.12136007 0.00714842 0.00044901 0.00101853 0.00262733 -0.00095671 -0.00181585 -0.00556111 -0.00355993 -0.00156586
24.5  0.87038498 -0.00934844 -0.00020535 -0.00094848 0.00990939 0.00026681 -0.00355922 0.00269301 -0.00032925 0.00150028
25.0  0.90582035 -0.00739141 0.00064144 -0.00179045 0.00491152 0.00171252 -0.00168709 0.00122308 0.00283782 0.00263242
25.5  0.16165624 0.00523550 0.00041102 0.00278732 -0.00568758 0.00265452 0.00167835 -0.00246367 0.00418708 0.00551648
26.0  -0.73895286 -0.00475223 -0.00092109 0.00553344 -0.00854748 0.00354071 0.00247603 0.00522000 0.00308873 0.00774227
26.5  -0.96105963 0.00666358 -0.00013096 0.00122449 -0.00137646 0.00147353 0.00200499 -0.00541431 0.00151649 0.00911173
27.0  -0.24542822 0.00292452 0.00029216 -0.00546464 0.00737294 0.00017077 -0.00015422 0.00139506 -0.00107440 0.01106512
27.5  0.73071044 -0.00766436 -0.00049342 -0.00645218 0.00731105 -0.00351932 -0.00122275 0.00193759 -0.00270462 0.01113999
28.0  0.94318373 0.00712787 0.00060778 0.00027142 -0.00034874 -0.00460201 -0.00138876 -0.00449090 -0.00354380 0.01195469
28.5  0.12474175 -0.00143709 0.00041950 0.00572577 -0.00752403 -0.00278872 -0.00129577 0.00728898 -0.00371583 0.01101312
29.0  -0.83945494 -0.00639700 -0.00081066 0.00677240 -0.00638676 -0.00015806 -0.00083979 -0.00594686 -0.00245882 0.00922520
29.5  -0.84835585 0.00475730 0.00054013 0.00016255 0.00104837 0.00234699 -0.00035652 0.00237554 -0.00061791 0.00717955
30.0  0.12454494 -0.00509245 0.00053735 -0.00637593 0.00721807 0.00377018 0.00006860 -0.00040454 0.00133562 0.00540054
30.5  0.95358066 0.00303749 -0.00114878 -0.00638211 0.00511587 0.00404422 0.00015978 -0.00273322 0.00236468 0.00197461
31.0  0.67118394 0.01062012 -0.00019161 0.00129694 -0.00210900 0.00266709 0.00062217 0.00617951 0.00190982 -0.00220069
31.5  -0.38844429 -0.00873461 0.00087574 0.00817126 -0.00639677 -0.00045937 0.00128590 -0.00458789 0.00153527 -0.00641580
32.0  -0.99872358 -0.00293023 -0.00061661 0.00579198 -0.00264899 -0.00305198 0.00190716 0.00370020 0.00099343 -0.00986342
32.5  -0.48311005 -0.00170087 0.00056837 -0.00432785 0.00263365 -0.00393490 0.00119029 -0.00359177 0.00047863 -0.01199719
33.0  0.55594633 -0.00384866 0.00077661 -0.01086742 0.00552419 -0.00240822 -0.00004828 -0.00038480 -0.00009139 -0.01300801
33.5  0.99555681 0.01486052 -0.00136698 -0.00312560 0.00223458 0.00040559 -0.00095630 0.00365259 -0.00152917 -0.01333260
34.0  0.41798638 0.00024958 0.00023441 0.00894704 -0.00238947 0.00278889 -0.00077125 -0.00517700 -0.00200451 -0.01191394
34.5  -0.55828417 -0.00466514 0.00087493 0.00913652 -0.00413095 0.00347698 -0.00048364 0.00790829 -0.00224866 -0.00954161
35.0  -0.99957390 -0.00140651 -0.00131858 -0.00339728 -0.00052961 0.00166138 -0.00036306 -0.00708764 -0.00047974 -0.00490502
35.5  -0.54042984 -0.01255163 0.00011103 -0.01101622 0.00349092 -0.00101079 -0.00021262 0.00205840 0.00060010 0.00166984
36.0  0.37866570 0.00779716 0.00032048 -0.00098098 0.00390942 -0.00384580 0.00040013 0.00119377 0.00198603 0.00608567
36.5  0.97196820 0.00441803 -0.00137307 0.01002621 -0.00183346 -0.00411189 0.00204102 -0.00431438 0.00230760 0.00943832
37.0  0.76405135 0.00159793 0.00119215 0.00640415 -0.00525943 -0.00065212 0.00178850 0.00687561 0.00073845 0.01116380
37.5  -0.06460507 0.00731107 0.00010699 -0.00800045 -0.00091427 0.00214944 0.00039345 -0.00450036 0.00012522 0.00947449
38.0  -0.84173263 -0.01104225 -0.00127080 -0.01154958 0.00494268 0.00267631 -0.00256820 0.00086166 -0.00131652 0.00757316
38.5  -0.93146150 0.00060776 0.00080351 0.00088599 0.00337218 0.00051768 -0.00419763 0.00216206 -0.00167198 0.00309594
39.0  -0.24618282 0.00016624 0.00038701 0.01192118 -0.00812207 -0.00195063 -0.00092682 -0.00648173 -0.00138286 -0.00267729
39.5  0.65288602 -0.00488767 -0.00080518 -0.00550572 -0.00245294 -0.00305865 0.00003384 0.00579599 -0.00359266 -0.00542792
40.0  0.99345171 0.00861344 0.00001665 -0.00769784 0.00594442 -0.00107137 0.00202501 -0.00392946 -0.00198983 -0.00655344
40.5  0.45589465 -0.00494717 0.00028075 0.01160360 0.00652942 0.00235634 0.00246259 0.00023375 0.00014263 -0.00804450
41.0  -0.50066966 -0.00051551 -0.00042576 -0.00014710 -0.00132087 0.00407762 0.00138697 0.00522352 0.00105717 -0.00741712
41.5  -0.99918103 0.00843396 0.00036872 -0.01003449 -0.00749556 0.00227133 0.00102199 0.00717281 0.00102992 -0.00746014
42.0  -0.54975951 -0.00546483 0.00043615 0.00678253 -0.00533118 -0.00104464 -0.00400878 -0.00834210 0.00016662 -0.00778258
42.5  0.43631828 0.00242944 -0.00050972 0.00254699 0.00080406 -0.00366606 -0.00526841 0.00060073 0.00051939 -0.00689461
43.0  0.99675847 -0.00255511 0.00027060 -0.00898454 0.00673509 -0.00352093 -0.00375010 0.00580653 0.00098553 -0.00472553
43.5  0.56683710 -0.01086302 0.00053361 0.00571454 0.00490034 -0.00128761 0.00060976 -0.00770524 0.00042896 -0.00181035
44.0  -0.43083704 0.00920301 -0.00062335 0.00623794 -0.00254775 0.00125101 0.00480372 0.01000214 0.00035144 0.00074324
44.5  -0.99690988 0.00426523 -0.00044647 -0.01028928 -0.00600684 0.00158226 0.00630320 -0.00706875 -0.00184319 0.00273694
45.0  -0.56072416 0.00085653 0.00043682 0.00244021 -0.00313971 0.00050060 0.00305755 -0.00031199 -0.00229976 0.00570534
45.5  0.44093952 0.00499870 -0.00009175 0.00621491 -0.00054628 0.00023577 -0.00065320 0.00437942 -0.00178344 0.00729342
46.0  0.99789720 -0.01366602 0.00010268 -0.01078125 0.00603485 0.00099740 -0.00323285 -0.00743920 -0.00161532 0.00844069
46.5  0.54364663 -0.00358139 0.00093593 0.00549497 0.00146410 0.00275311 -0.00303933 0.01005181 0.00017854 0.00796406
47.0  -0.46519183 0.00765110 -0.00028847 0.00713503 -0.00376503 0.00118460 -0.00157982 -0.00515223 0.00242301 -0.00776551
47.5  -0.99952027 -0.00114429 -0.00162141 -0.01168995 -0.00435253 -0.00134368 -0.00068017 -0.00060573 -0.00325404 0.00738963
48.0  -0.50723038 0.00886712 0.00078974 0.00422976 0.00017487 -0.00243210 -0.00023160 0.00402879 0.00126931 -0.00941129
48.5  0.50649612 -0.00147528 0.00067122 0.00836223 0.00448293 -0.00298744 -0.00037726 -0.00900078 -0.00075007 0.00862533
49.0  0.99952380 -0.01148690 -0.00094133 -0.01188507 0.00370208 -0.00166684 0.00076605 0.00977331 -0.00098900 -0.00786710
49.5  0.47682090 0.00513272 0.00074724 0.00160725 -0.00096885 0.00048283 0.00138928 -0.00455472 0.00378501 0.00714642
50.0  -0.51910815 -0.00197736 0.00083274 0.00857294 -0.00590599 0.00207576 0.00145235 -0.00069992 -0.00264944 -0.00388924
50.5  -0.99976172 -0.00001750 -0.00149120 -0.00879214 -0.00484607 0.00274486 0.00077302 0.00631771 0.00071721 0.00223052
51.0  -0.52089292 0.00836381 0.00096572 -0.00086261 0.00110473 0.00146814 -0.00362618 -0.01209015 0.00136128 0.00160441
51.5  0.44004191 -0.00762513 0.00072089 0.00995203 0.00632425 0.00148007 -0.00311011 -0.00525477 -0.00496406 -0.00409499
52.0  0.99212452 0.00255548 -0.00071512 -0.00694086 0.00303834 -0.00240058 -0.00217755 0.00135451 0.00410862 0.00636308
52.5  0.65355628 0.00335824 0.00013890 -0.00509145 -0.00349918 -0.00274112 0.00434580 -0.00980694 -0.00344007 -0.01214786
53.0  -0.25695907 -0.00725594 0.00025491 0.01315996 -0.00532114 -0.00317427 0.00181060 -0.01123476 0.00113450 0.01363760
53.5  -0.94056714 0.00547961 -0.00026677 -0.00090358 -0.00102720 -0.00039241 -0.00153768 -0.00866609 0.00197976 -0.01388857
54.0  -0.81690012 -0.00665834 0.00054265 -0.01301685 0.00510113 0.00404409 -0.00325714 -0.00277445 -0.00221093 0.01666733
54.5  -0.00016292 -0.00194415 0.00016507 0.00819320 0.00464219 0.00535342 -0.00276231 0.00495660 0.00535031 -0.01015480
55.0  0.81645795 0.00941410 0.00009735 0.00662062 -0.00084972 0.00317236 -0.00055495 0.01026460 -0.00449239 0.00606651
55.5  0.94129939 -0.00263751 -0.00035773 -0.01284212 -0.00549288 -0.00150373 0.00087852 0.01159776 -0.00022874 -0.00330653
56.0  0.26036547 0.00812415 0.00014603 0.00128356 -0.00140684 -0.00551533 0.00055222 0.00713689 -0.00072923 -0.00524258
56.5  -0.65086121 -0.00457542 0.00001114 0.01239613 0.00255503 -0.00515447 -0.00063370 0.00097060 -0.00360969 0.00894829
57.0  -0.99211428 -0.01089906 -0.00038897 -0.00966472 0.00274367 -0.00114726 -0.00059294 -0.00515668 0.00668767 -0.01179829
57.5  -0.43487812 0.00337160 0.00032441 -0.00610727 -0.00085129 0.00298875 0.00198108 -0.00864397 -0.00370183 0.01352571
58.0  0.53486597 -0.00411241 0.00013451 0.01314925 -0.00257005 0.00430990 0.00372479 -0.00908016 0.00476750 -0.01493126
58.5  0.99931872 0.01038397 -0.00067120 -0.00302195 -0.00133618 0.00282930 0.00281218 -0.00728311 -0.00259295 0.01445387
59.0  0.47743235 0.00692160 0.00043465 -0.01068576 0.00048399 0.00010417 -0.00032567 -0.00446927 -0.00153504 -0.01452120
59.5  -0.53451328 -0.00981037 0.00031089 0.01171657 0.00397641 -0.00194164 -0.00474237 0.00092980 0.00297094 0.01425678
60.0  -0.99745065 0.00074845 -0.00033483 0.00058371 0.00263407 -0.00197935 -0.00516959 0.00712596 -0.00452931 -0.01206894
60.5  -0.40881370 -0.00640441 0.00054526 -0.01149675 -0.00227270 -0.00067095 -0.00187213 0.01182435 0.00567193 0.01074492
61.0  0.61791277 -0.00016656 -0.00031788 0.00833230 -0.00344146 0.00082213 0.00295262 0.01249848 -0.00609072 -0.00525278
61.5  0.98229066 0.01202734 -0.00121922 0.00390853 -0.00081421 0.00164448 0.00513065 0.00794492 0.00349563 0.00101760
62.0  0.28888077 -0.00546858 0.00022212 -0.01082612 0.00330522 0.00078522 0.00344439 -0.00052401 -0.00102045 0.00265453
62.5  -0.71477653 0.00016753 0.00042780 0.00612651 0.00486092 -0.00082840 -0.00043672 -0.00731740 -0.00056754 -0.00549343
63.0  -0.95153488 0.00212220 -0.00011429 0.00524477 0.00074639 -0.00211454 -0.00371091 -0.00993154 0.00298575 0.00836628
63.5  -0.17964717 -0.00799317 0.00036262 -0.01031288 -0.00495600 -0.00123981 -0.00411596 -0.01026000 -0.00521577 -0.00938787
64.0  0.77543564 0.00635090 0.00020912 0.00504661 -0.00388909 -0.00009259 -0.00278640 -0.00685483 0.00543314 0.01169422
64.5  0.93096360 -0.00142931 -0.00065884 0.00606908 0.00144437 0.00108578 0.00019928 -0.00263898 -0.00239560 -0.01377008
65.0  0.15527993 -0.00571616 0.00026979 -0.01075977 0.00324778 0.00136045 0.00312707 0.00314697 0.00257892 0.01490974
65.5  -0.76485753 0.00964894 0.00050124 0.00223431 0.00500922 0.00210962 0.00621393 0.00753671 0.00061879 -0.01624657
66.0  -0.95100285 -0.00232223 -0.00169969 0.00879218 0.00077234 0.00063832 0.00728026 0.00808981 -0.00456602 0.01589020
66.5  -0.25466169 0.00182018 0.00005084 -0.01022606 -0.00550129 -0.00105179 0.00498244 0.00653145 0.00437556 -0.01455720
67.0  0.66745291 0.00254394 0.00127402 0.00001790 -0.00372880 -0.00222312 -0.00060325 0.00269340 -0.00385961 0.01255096
67.5  0.98982731 -0.01371705 -0.00067101 0.01044656 0.00203979 -0.00187531 -0.00834854 0.00153448 0.00161555 -0.00968310
68.0  0.44100078 0.00283097 0.00039376 -0.00718827 0.00384246 -0.00124413 -0.01228200 -0.00018465 0.00020440 0.00527331
68.5  -0.49158469 0.00177682 0.00077498 -0.00399783 0.00287920 -0.00028661 -0.00949555 -0.00248341 -0.00344434 -0.00085609
69.0  -0.99597026 0.00192068 -0.00138228 0.01058704 -0.00039568 0.00075464 -0.00093720 -0.00294727 0.00498934 -0.00341752
69.5  -0.63218195 0.01306939 -0.00001773 -0.00498280 -0.00337325 0.00076070 0.00885072 -0.00146305 -0.00387064 0.01031188
70.0  0.28622988 -0.00799321 0.00079144 -0.00694724 -0.00284342 0.00034957 0.01317435 0.00162597 0.00251701 -0.01123941
70.5  0.95462507 -0.00520948 -0.00092154 0.01019289 0.00102771 0.00002815 0.00981731 0.00357907 0.00055415 0.01329170
71.0  0.77582570 -0.00096424 0.00010124 -0.00152888 0.00312101 0.00083753 0.00067470 0.00273581 -0.00427154 -0.01699415
71.5  -0.10092430 -0.00810412 0.00088894 -0.00725840 0.00206730 0.00107840 -0.00836441 0.00031105 0.00454718 0.01543359
72.0  -0.88981767 0.01177753 -0.00072108 0.00913609 -0.00103782 0.00225939 -0.01242562 -0.00269014 -0.00457436 -0.01460175
72.5  -0.86167985 0.00427969 0.00057109 -0.00052910 -0.00293772 0.00149755 -0.00991370 -0.00366296 0.00362655 0.01293643
73.0  -0.02544262 -0.00507282 0.00084928 -0.00738913 -0.00211890 -0.00035377 -0.00256085 -0.00368286 0.00086725 -0.01037388
73.5  0.83959889 0.00496052 -0.00146050 0.00959317 0.00119548 -0.00228234 0.00586845 -0.00205288 -0.00293613 0.00869771
74.0  0.89765812 -0.00861033 -0.00024548 -0.00147851 0.00299833 -0.00311497 0.01103385 0.00096744 0.00360303 -0.00690178
74.5  0.07979426 -0.00161642 0.00090025 -0.00979174 0.00178129 -0.00158493 0.01128714 0.00154596 -0.00691928 0.00327697
75.0  -0.81831751 0.00828289 -0.00082311 0.00837899 -0.00210549 0.00051056 0.00609992 0.00433920 0.00447842 -0.00073618
75.5  -0.90914274 -0.00728671 0.00026243 0.00230946 -0.00384994 0.00297308 -0.00237620 0.00309119 -0.00217223 -0.00219752
76.0  -0.09963984 0.00337862 0.00110807 -0.00415070 -0.00230052 0.00505195 -0.00867432 0.00106349 -0.00016185 0.00612209
76.5  0.80861448 0.00418676 -0.00100373 0.00681484 0.00279467 0.00547571 -0.01053635 -0.00229706 0.00413804 -0.00828093
77.0  0.91590824 -0.00574693 -0.00010855 -0.00215030 0.00387524 0.00274261 -0.00715279 -0.00550655 -0.00602692 0.00913557
77.5  0.11847736 0.00793990 0.00106006 -0.00466554 0.00181222 -0.00166031 -0.00040692 -0.00584915 0.00542685 -0.01182461
78.0  -0.79423500 -0.00494155 -0.00111392 0.00673165 -0.00206209 -0.00615951 0.00580942 -0.00329547 -0.00393042 0.01219157
78.5  -0.92809087 -0.00884337 -0.00102969 -0.00080793 -0.00390702 -0.00776725 0.00748781 0.00312183 0.00170184 -0.01140901
79.0  -0.15974606 0.00636121 0.00122840 -0.00695968 -0.00120230 -0.00467544 0.00262242 0.00700120 0.00380992 0.01086240
79.5  0.76060776 -0.00300303 0.00035675 0.00625831 0.00128654 0.00231861 -0.00315748 0.00649658 -0.00569779 -0.00758000
80.0  0.95091430 0.00905208 -0.00113055 0.00129233 0.00289080 0.00841712 -0.00563940 0.00210875 0.00462104 0.00460824
80.5  0.23978717 0.00619841 0.00119539 -0.00550047 0.00152850 0.00831184 -0.00418587 -0.00393786 -0.00508217 0.00067954
81.0  -0.69442855 -0.01182052 -0.00024642 0.00408663 -0.00205442 0.00227168 -0.00046345 -0.00817311 0.00087821 -0.00537451
81.5  -0.97894817 0.00013444 -0.00096187 0.00167060 0.00437176 -0.00515370 0.00079250 -0.00827191 0.00304697 0.01078368
82.0  -0.35217841 -0.00770303 0.00131562 -0.00531661 -0.00490689 -0.01018623 0.00164758 -0.00603842 -0.00426939 -0.01273747
82.5  0.60392854 0.00203178 -0.00020285 0.00203359 -0.00373972 -0.00946458 0.00007449 0.00072888 0.00567475 0.01154754
83.0  0.99538939 0.01364619 -0.00104058 0.00343618 0.00701706 -0.00325378 0.00152566 0.00549405 -0.00455954 -0.01066519
83.5  0.44174250 -0.00430968 0.00133968 -0.00430452 -0.00157767 0.00344608 0.00337186 0.00741576 -0.00043046 0.00698739
84.0  -0.54094669 0.00283335 -0.00032151 -0.00059922 -0.00574510 0.00752352 0.00627197 0.00596786 0.00332712 -0.00381860
84.5  -0.99900627 -0.00556124 -0.00108414 0.00433016 0.00620800 0.00699533 0.00710165 0.00278836 -0.00514991 -0.00026473
85.0  -0.47264792 -0.00872248 0.00114412 -0.00330602 0.00119497 0.00255234 0.00300787 0.00038108 0.00639492 0.00347457
85.5  0.52278104 0.01015059 -0.00024005 -0.00287223 -0.00538552 -0.00122102 -0.00421190 -0.00242130 -0.00443067 -0.00736912
86.0  0.99953700 -0.00258265 -0.00056640 0.00480895 0.00290566 -0.00250697 -0.01035674 -0.00557952 0.00170948 0.01087043
86.5  0.48900072 0.00160901 0.00164619 -0.00036019 0.00396112 -0.00250707 -0.01130938 -0.00816802 0.00104050 -0.01119821
87.0  -0.49901078 0.00522149 -0.00042120 -0.00323957 -0.00610335 -0.00155614 -0.00565170 -0.00778810 -0.00371017 0.01252678
87.5  -0.99953780 -0.00911447 -0.00167689 0.00417888 0.00179391 -0.00036550 0.00415539 -0.00230413 0.00566896 -0.01293472
88.0  -0.53808933 0.00613288 0.00095637 -0.00115075 0.00455589 -0.00012853 0.01224323 0.00483854 -0.00630703 0.01126839
88.5  0.43394969 -0.00040046 -0.00016632 -0.00308134 -0.00464843 -0.00054461 0.01317571 0.01003335 0.00500236 -0.00897834
89.0  0.99376814 -0.00815956 -0.00011165 0.00351454 0.00074544 -0.00027838 0.00620821 0.00922693 -0.00299764 0.00609122
89.5  0.62243965 0.00632175 0.00137658 0.00034751 0.00306848 0.00117865 -0.00461632 0.00391315 -0.00016564 -0.00219016
90.0  -0.32487943 -0.00545086 -0.00056213 -0.00328114 -0.00535663 0.00364274 -0.01456746 -0.00198001 0.00390786 0.00181970
90.5  -0.97034658 0.00510696 -0.00015690 0.00250660 -0.00121657 0.00494963 -0.01482563 -0.00543742 -0.00557790 0.00114299
91.0  -0.73334896 0.01021018 0.00042713 0.00100581 0.00756645 0.00320909 -0.00635481 -0.00500416 0.00549534 -0.00714711
91.5  0.15791998 -0.00867094 -0.00066546 -0.00337781 -0.00033681 -0.00309314 0.00363977 -0.00395961 -0.00429957 0.00796205
92.0  0.90584684 0.00098021 0.00003575 0.00058670 -0.00504884 -0.01031048 0.00854812 -0.00380662 0.00076088 -0.01000944
92.5  0.86075279 -0.00886626 -0.00033019 0.00260008 0.00392603 -0.01232959 0.00705257 -0.00416876 0.00336147 0.01274640
93.0  0.06776596 -0.00566889 -0.00063244 -0.00099216 0.00105364 -0.00656355 0.00266619 -0.00208762 -0.00448355 -0.00655829
93.5  -0.78665383 0.01362273 0.00122477 0.00093670 -0.00502422 0.00263886 0.00175620 0.00348054 0.00519211 0.00370135
94.0  -0.94946541 0.00032007 -0.00005524 0.00040767 0.00286662 0.00991625 0.00174384 0.00895622 -0.00352046 -0.00185748
94.5  -0.25149242 0.00624338 -0.00023487 -0.00577973 0.00098194 0.01193612 0.00028802 0.01036950 0.00085759 -0.00373235
95.0  0.68993610 -0.00160122 0.00066339 0.00302066 -0.00521153 0.00945147 0.00193169 0.00696655 0.00261131 0.00655261
95.5  0.97411276 -0.01519244 -0.00103187 0.00234654 0.00354274 0.00207186 -0.00155346 0.00091658 -0.00518488 -0.00802724
96.0  0.28531783 0.00502262 -0.00050020 -0.00520881 0.00331380 -0.00639314 -0.00143834 -0.00524201 0.00615098 0.01138326
96.5  -0.70549465 0.00159247 0.00113245 0.00197438 -0.00496419 -0.01206876 0.00148731 -0.00944197 -0.00533035 -0.01180451
97.0  -0.95497760 0.00065808 -0.00013312 0.00323370 0.00178477 -0.01188708 -0.00126160 -0.01012126 0.00398451 0.01118252
97.5  -0.17051583 0.00964107 -0.00045524 -0.00437730 0.00261615 -0.00556074 0.00121931 -0.00797455 0.00056749 -0.01303479
98.0  0.80419027 -0.00852224 0.00089402 0.00133224 -0.00600372 0.00345818 -0.00041370 -0.00324614 -0.00242511 0.01248278
98.5  0.88969093 -0.00429417 -0.00029469 0.00301821 0.00303665 0.01081421 -0.00088844 0.00268476 0.00364614 -0.00992045
99.0  -0.01212145 0.00761461 -0.00074589 -0.00470020 0.00424845 0.01289836 0.00219970 0.00692552 -0.00693873 0.00885127
99.5  -0.89919758 -0.00680308 0.00047975 0.00097631 -0.00597424 0.00789666 -0.00278541 0.01013412 0.00603191 -0.00711408
100.0  -0.79663325 0.00115294 0.00011103 0.00397455 0.00170729 -0.00067337 0.00138157 0.00986277 -0.00420712 0.00582029
100.5  0.16981081 0.00597316 -0.00083090 -0.00230523 0.00347797 -0.01023290 -0.00152472 0.00769213 0.00348687 -0.00200492
101.0  0.94947665 -0.00629352 0.00049770 0.00277012 -0.00593632 -0.01427353 0.00200466 0.00168790 -0.00038164 -0.00062549
101.5  0.73165406 0.00732405 0.00029637 -0.00093575 0.00320892 -0.00566626 0.00893126 -0.00515890 -0.00425437 0.00255329
102.0  -0.22761542 0.00182393 -0.00071523 -0.00179432 0.00191985 0.00194942 -0.00317189 -0.01048696 0.00582646 -0.00513393
102.5  -0.95204069 -0.01245502 -0.00014049 0.00517736 -0.00420841 0.00888696 -0.00213802 -0.01304210 -0.00618435 0.00809572
103.0  -0.76424926 0.00278533 0.00083232 -0.00235329 0.00184182 0.01007843 0.00514747 -0.00936455 0.00706723 -0.01059303
103.5  0.11850896 -0.00363269 -0.00065076 -0.00244691 0.00147389 0.00446446 -0.00771924 -0.00182434 -0.00252307 0.01440760
104.0  0.88506853 0.00391319 0.00035242 0.00459219 -0.00321309 -0.00278505 0.00378119 0.00789279 -0.00136055 -0.01516282
104.5  0.89273188 0.01487713 0.00039143 -0.00126307 0.00140128 -0.00705115 0.00198491 0.01450756 0.00277752 0.01436550
105.0  0.16996084 -0.00575907 -0.00096884 -0.00447340 0.00105217 -0.00585357 -0.00717212 0.01189640 -0.00737693 -0.00915935
105.5  -0.68114997 0.00074674 0.00030148 0.00432817 0.00003617 -0.00196910 0.00464604 0.01073856 0.00389629 0.00370595
106.0  -0.99560279 -0.01025023 0.00019767 0.00166245 0.00171320 0.00353971 -0.00734929 -0.00222765 -0.00121629 0.00296205
106.5  -0.54337572 -0.00982179 -0.00077995 -0.00446077 -0.00333560 0.00352004 0.00036598 -0.01240513 -0.00112473 -0.00648045
107.0  0.32554738 0.00925616 0.00064042 0.00443916 -0.00139129 0.00255687 0.00101170 -0.01524927 0.00704293 0.00965298
107.5  0.94668216 -0.00036384 0.00032024 0.00260191 0.00431405 -0.00045652 -0.00328964 0.00762339 -0.00594780 -0.01170188
108.0  0.82787604 0.01219557 -0.00039298 -0.00446231 -0.00074336 -0.00134889 -0.00359819 0.00721228 0.00559273 0.01008377
108.5  0.03935302 0.00108070 0.00085079 -0.00315009 -0.00478958 -0.00121809 -0.00300942 -0.01233374 -0.00332431 -0.00948708
109.0  -0.79193434 -0.01003542 -0.00060616 0.00377455 0.00287037 -0.00123757 -0.00055080 0.01552663 0.00108007 0.00446695
109.5  -0.94991762 0.00264962 -0.00095531 0.00028776 0.00242959 0.00119314 0.00196442 -0.01190148 0.00145687 0.00373959
110.0  -0.25632848 -0.00826328 0.00089192 -0.00293632 -0.00422737 0.00289183 0.00228213 -0.00069931 -0.00558429 -0.00347152
110.5  0.68618721 0.00351800 -0.00013337 0.00279610 0.00069721 0.00212210 0.00172118 0.00838216 0.00834426 0.00751083
111.0  0.97514372 0.00761442 -0.00035675 0.00026299 0.00329943 0.00014948 0.00080591 -0.01242898 -0.00976294 -0.01139738
111.5  0.28875398 -0.00764174 0.00085049 -0.00254190 -0.00321158 -0.00388786 0.00083481 0.01500466 0.00913232 0.00813827
112.0  -0.70273093 0.00572425 -0.00032693 0.00239228 -0.00025676 -0.00407863 0.00017806 -0.01023950 -0.00675776 -0.00847244
112.5  -0.95644395 0.00088289 -0.00034297 -0.00024951 0.00367491 -0.00223399 -0.00159727 0.00284305 0.00215193 0.00859079
113.0  -0.17623132 -0.00588441 0.00086586 -0.00182840 -0.00263380 0.00038107 -0.00463856 0.00155489 0.00468950 -0.00537625
113.5  0.80158567 0.00619529 -0.00056422 0.00257718 -0.00136484 0.00179519 -0.00596111 -0.00654633 -0.01041139 0.00349869
114.0  0.88951928 -0.00801361 -0.00109044 -0.00081238 0.00364009 0.00241585 -0.00259997 0.00955725 0.01479895 -0.00230119
114.5  -0.02201453 -0.00335352 0.00094723 -0.00118811 -0.00060432 0.00421506 0.00231154 -0.00598515 -0.01742317 0.00070598
115.0  -0.90929789 0.01294095 0.00004001 0.00249664 -0.00267995 0.00385915 0.00540540 0.00417033 0.01625118 0.00155331
115.5  -0.77121462 -0.00189427 -0.00065482 -0.00054130 0.00322888 0.00110748 0.00434158 -0.00364929 -0.01233072 -0.00693509
116.0  0.22855623 0.00173416 0.00096747 -0.00534717 -0.00071303 -0.00273365 0.00216033 -0.00195407 0.00670255 0.00680870
116.5  0.97129662 -0.00323172 -0.00016280 0.00214252 -0.00203207 -0.00458642 0.00008570 0.00358229 0.00069827 -0.00797808
117.0  0.66151903 -0.01522264 -0.00067086 0.00420042 0.00207804 -0.00345641 -0.00211320 -0.00055566 -0.00858900 0.00990440
117.5  -0.33901867 0.00922904 0.00074139 -0.00196127 -0.00131626 -0.00065612 -0.00293402 0.00286036 0.01458875 -0.00783171
118.0  -0.98446679 0.00708069 -0.00029820 -0.00070692 -0.00322608 0.00210944 -0.00409481 -0.00118971 -0.01777918 0.00580071
118.5  -0.65603481 0.00315199 -0.00118231 0.00201586 0.00453502 0.00327507 -0.00198408 -0.00427648 0.01648590 -0.00373791
119.0  0.28972936 0.00661296 0.00090770 -0.00398669 0.00110393 0.00257521 0.00018994 0.00142710 -0.01099196 0.00239410
119.5  0.95902795 -0.01670623 0.00067450 -0.00150060 -0.00479647 0.00046342 0.00333596 0.00056204 0.00201945 0.00021140
120.0  0.77173182 -0.00436772 -0.00036374 0.00502202 0.00282474 -0.00237025 0.00428209 -0.00172531 0.00827721 -0.00446076
120.5  -0.08020465 0.00256571 0.00072472 0.00066515 0.00040342 -0.00380933 0.00043167 0.00996225 -0.01255421 0.00343398
121.0  -0.85937565 -0.00101682 -0.00043529 -0.00261812 -0.00504452 -0.00126436 -0.00127187 -0.01213464 0.01338571 -0.00408114
121.5  -0.91516250 0.01516443 -0.00125379 0.00079631 0.00322906 0.00267734 -0.00413796 0.00779312 -0.01118429 0.00484559
122.0  -0.20398017 -0.00245992 0.00086577 -0.00251047 0.00208776 0.00388734 -0.00193718 -0.00055456 0.00291260 -0.00208297
122.5  0.68184238 -0.00571001 -0.00008913 -0.00096131 -0.00490720 0.00266902 0.00138026 -0.00940109 0.00065718 0.00127241
123.0  0.98947072 0.00347900 0.00035006 0.00252778 0.00237475 -0.00069262 0.00220411 0.01615897 -0.00197373 -0.00064687
123.5  0.43725204 -0.00940118 0.00078598 -0.00120022 0.00439543 -0.00300751 0.00168050 -0.01775578 0.00565244 0.00105624
124.0  -0.50878933 0.00368621 -0.00059955 0.00120651 -0.00374731 -0.00352114 -0.00181936 0.01073606 -0.00489353 -0.00084177
124.5  -0.99907886 0.00468312 0.00012521 0.00201682 -0.00047438 -0.00196468 -0.00383761 -0.00089869 0.00443490 0.00087007
125.0  -0.56116924 -0.00923102 0.00060664 -0.00509501 0.00364253 0.00061333 -0.00289098 -0.00580742 -0.00650603 0.00169628
125.5  0.41360594 0.00723901 -0.00107254 0.00098955 -0.00421147 0.00281406 -0.00040756 0.01492392 0.00497020 -0.00184059
126.0  0.99321155 0.00412151 -0.00003043 0.00271615 0.00050757 0.00286415 0.00264150 -0.01817528 -0.00362194 0.00214551
126.5  0.60596900 -0.00343855 0.00063465 -0.00298700 0.00447632 0.00209389 0.00429383 0.01373920 0.00262009 -0.00378617
127.0  -0.37384921 0.00668340 -0.00088195 0.00445589 -0.00280731 -0.00061303 0.00331869 -0.00951037 0.00012459 0.00291486
127.5  -0.98756130 -0.01141244 0.00020095 0.00108461 -0.00083446 -0.00336407 0.00060316 0.00051625 -0.00326269 -0.00286765
128.0  -0.64291765 -0.00879203 0.00099801 -0.00639027 0.00317181 -0.00469591 -0.00237684 0.01196823 0.00666013 0.00330552
128.5  0.31895148 0.00972699 -0.00088691 0.00083750 -0.00243725 -0.00365057 -0.00373776 -0.01464492 -0.00883894 -0.00202891
129.0  0.97424905 0.00127051 0.00002694 0.00455776 -0.00099645 0.00046298 -0.00307940 0.01487837 0.00929735 0.00129508
129.5  0.70349359 0.01182914 0.00078514 -0.00413746 0.00329111 0.00487832 -0.00127420 -0.01242194 -0.00767991 -0.00172560
130.0  -0.23284658 0.00167454 -0.00085475 0.00040204 0.00007521 0.00664532 0.00045994 -0.00065696 0.00006498 -0.00016664
130.5  -0.94928651 -0.01745343 0.00017851 0.00520755 -0.00221614 0.00428818 0.00218507 0.00910995 0.00770038 0.00113373
131.0  -0.76341345 -0.00072240 0.00079513 -0.00485198 0.00170866 -0.00064237 0.00333486 -0.01100094 -0.01254876 -0.00140544
131.5  0.15602015 -0.00377953 -0.00080715 -0.00102843 0.00127879 -0.00587235 0.00369573 0.00923636 0.01673481 0.00202907
132.0  0.92714846 0.00618921 -0.00008578 0.00620787 -0.00267320 -0.00711405 0.00161118 -0.00241437 -0.01051785 -0.00138859
132.5  0.79414699 0.01537792 0.00023209 -0.00392313 -0.00058888 -0.00353335 -0.00094929 0.00081298 -0.00427047 0.00189534
133.0  -0.12107128 -0.00827930 -0.00053398 -0.00377144 0.00101822 0.00225913 -0.00312116 -0.00890494 0.01074526 -0.00040697
133.5  -0.91777761 -0.00282002 0.00082229 0.00716305 0.00259939 0.00743411 -0.00198472 0.01743925 -0.00882270 -0.00167658
134.0  -0.80490247 -0.00238796 0.00085239 -0.00238094 0.00129152 0.00700232 -0.00313595 -0.01676038 0.00473616 0.00358542
134.5  0.10584828 -0.00799301 -0.00073408 -0.00523467 -0.00189789 0.00276447 -0.00006283 0.00491136 -0.00000880 -0.00554649
135.0  0.91127262 0.01143314 -0.00036611 0.00640334 -0.00257289 -0.00243521 0.00195440 0.00871947 -0.00281610 0.00713343
135.5  0.81561476 0.00068669 -0.00008289 0.00007687 -0.00055801 -0.00524675 0.00300427 -0.01857583 0.00337513 -0.00906281
136.0  -0.08395278 -0.00477872 -0.00063293 -0.00452899 0.00205214 -0.00328083 0.00719498 0.01970730 -0.00202839 0.00774594
136.5  -0.89981503 0.00764028 0.00061082 0.00520419 0.00187357 -0.00134692 0.00289885 -0.01303839 0.00005412 -0.00690799
137.0  -0.83534738 -0.00640307 0.00039272 0.00035547 -0.00034111 -0.00105436 -0.00001987 0.00002228 0.00070357 0.00657611
137.5  0.03798163 0.00059916 -0.00058159 -0.00481798 -0.00191033 -0.00121942 -0.00150833 0.01506292 0.00040709 -0.00493313
138.0  0.87168025 0.00385746 0.00063569 0.00344690 -0.00278659 0.00006235 -0.00648843 -0.02122100 -0.00220576 0.00229557
138.5  0.87597823 -0.01176032 0.00056738 0.00176734 -0.00005086 0.00225432 -0.00444379 0.01885790 0.00279289 0.00008486
139.0  0.06149882 0.00505795 -0.00053517 0.00352032 0.00205409 0.00357642 -0.00227267 -0.00887592 -0.00399042 -0.00238605
139.5  -0.80577218 0.00422264 -0.00008611 0.00282215 0.00096831 0.00185163 0.00210394 -0.00432425 -0.00009304 0.00474277
140.0  -0.93603479 0.00069956 -0.00079109 -0.00186966 -0.00149465 -0.00140773 0.00556304 0.00662944 0.01382499 -0.00660288
140.5  -0.22326872 0.01107431 -0.00067425 -0.00441139 -0.00357977 -0.00426600 0.00576547 -0.00461154 -0.02043113 0.00902396
141.0  0.68739639 -0.01154272 0.00112478 -0.00309546 0.00000339 -0.00378266 0.00234018 0.00143905 0.02052798 -0.00820567
141.5  0.98503213 -0.00790148 0.00047600 0.00312291 0.00332543 -0.00068683 -0.00233081 0.00073371 -0.01221743 0.00647086
142.0  0.40302431 -0.00084445 -0.00010059 0.00558066 0.00219582 0.00297912 -0.00585834 -0.00021380 -0.00309625 -0.00510773
142.5  -0.54290406 -0.00358572 0.00035026 0.00058500 -0.00240197 0.00266446 -0.00578967 0.00152827 0.01395365 0.00062050
143.0  -0.99947429 0.01838730 -0.00068372 -0.00607679 -0.00446507 0.00082988 -0.00219467 -0.00022262 -0.02052902 0.00326717
143.5  -0.54206639 0.00380438 -0.00038403 -0.00617890 -0.00140134 -0.00157828 0.00240631 -0.00318448 0.02179696 -0.00481868
144.0  0.42015019 -0.00603079 0.00069688 0.00226707 0.00231345 -0.00211236 0.00579710 0.00274364 -0.01284398 0.00744807
144.5  0.99226931 -0.00292037 -0.00051967 0.00773387 0.00449165 -0.00114195 0.00552431 -0.00086402 0.00061308 -0.00927248
145.0  0.61826249 -0.01529876 -0.00013622 0.00394642 0.00177901 0.00078290 0.00202088 -0.00182227 0.00975523 0.01137212
145.5  -0.36198573 0.00624546 0.00081372 -0.00352659 -0.00330319 0.00236463 -0.00282033 0.00828537 -0.01822237 -0.00898373
146.0  -0.98849944 0.01169209 -0.00046445 -0.00642056 -0.00610282 0.00499407 -0.00381269 -0.01121228 0.01952493 0.00820922
146.5  -0.60694583 -0.00281416 0.00011368 -0.00253409 -0.00263371 0.00427033 -0.00488268 0.00732717 -0.01468121 -0.00617667
147.0  0.41607806 0.00487259 0.00126111 0.00350545 0.00476681 0.00100752 -0.00048504 -0.00424700 0.00677795 0.00029613
147.5  0.99842077 -0.00622150 -0.00179231 0.00395370 0.00745536 -0.00293609 0.00305440 -0.00339193 0.00206145 0.00161198
148.0  0.48948251 -0.00877642 -0.00027250 0.00211757 0.00233378 -0.00570721 0.00489527 0.01377397 -0.00861662 -0.00357111
148.5  -0.56428882 0.00972520 0.00171584 -0.00329619 -0.00714679 -0.00550150 0.00498855 -0.01536792 0.01241492 0.00673097
149.0  -0.98940420 -0.00100605 -0.00090372 -0.00327640 -0.00977967 -0.00226865 0.00247068 0.01412509 -0.01286129 -0.00912781
149.5  -0.31333727 -0.00532595 -0.00088717 -0.00146856 -0.00336451 0.00308477 -0.00057138 -0.01003627 0.00961803 0.00789539
150.0  0.70379915 0.00919875 0.00161484 -0.00091376 0.00502070 0.00610603 -0.00386633 -0.00063665 -0.00551000 -0.01072266
150.5  0.95595721 -0.00166275 -0.00017768 -0.00215256 0.00913068 0.00429300 -0.00685551 0.01145635 0.00015013 0.01434482
151.0  0.20503948 -0.00234536 -0.00150827 -0.00146888 0.00333967 -0.00134112 -0.00889801 -0.01849899 0.00545431 -0.01259018
151.5  -0.74503026 0.00457647 0.00068321 0.00225784 -0.00427698 -0.00488612 0.00449240 -0.01425569 -0.01574856 0.01521024
152.0  -0.95575865 -0.01284557 0.00103960 0.00453652 -0.00792787 -0.00149236 0.01041089 -0.00500906 0.01073609 -0.01869731
152.5  -0.26597823 -0.00244726 -0.00119824 0.00232185 -0.00217587 0.00136249 -0.00621772 0.00679868 -0.00623987 0.01506768
153.0  0.65465624 0.01109181 0.00037251 -0.00133588 0.00469063 0.00438420 0.00622881 0.01190665 -0.00139504 -0.01597755
153.5  0.99385218 0.00113768 0.00055896 -0.00445095 0.00561502 0.00159639 0.01460588 0.00996030 0.00904004 0.01565930
154.0  0.49719059 0.01187992 -0.00168660 -0.00425444 -0.00091535 -0.00432098 0.01294076 0.00376343 -0.01139412 -0.01031214
154.5  -0.39435880 -0.00369345 0.00057545 0.00409187 -0.00651754 -0.00575121 0.00106888 -0.00426304 0.01136822 0.00457221
155.0  -0.96752384 -0.01541682 0.00182948 0.00715225 -0.00488485 -0.00028241 -0.01097777 -0.00949389 -0.00645644 0.00054819
155.5  -0.79542407 -0.00140970 -0.00166992 0.00031164 0.00261574 0.00739602 -0.01409528 -0.01037844 -0.00228733 -0.00857490
156.0  -0.02091575 -0.00899662 0.00084640 -0.00761350 0.00694788 0.00857515 -0.00598363 -0.00585363 0.00777473 0.01406806
156.5  0.77050733 -0.01106646 0.00083406 -0.00390385 0.00146889 0.00183507 0.00565481 0.00197352 -0.01218572 -0.01840877
157.0  0.97527933 -0.02957719 -0.00255101 0.00547614 -0.00613150 -0.00731809 0.01203866 0.00957548 0.01245633 0.02031720
157.5  0.41782664 -0.03026988 0.00124692 0.00694575 -0.00612335 -0.01065525 0.00949777 0.01271197 -0.00609981 -0.02136647
158.0  -0.48136191 0.00923692 0.00078847 0.00089856 0.00210689 -0.00608027 0.00089642 0.00927614 0.00001937 0.01772537
158.5  -0.98945058 0.06885578 -0.00237283 -0.00767217 0.00801015 0.00278804 -0.00618976 -0.00062769 0.00701408 -0.01228980
159.0  -0.65024834 0.09578349 0.00185083 -0.00663384 0.00435538 0.00916732 -0.00758503 -0.01156253 -0.01254709 0.01031430
159.5  0.27417029 0.05111355 0.00054432 0.00118720 -0.00457618 0.00821290 -0.00156554 -0.01816432 0.01130429 -0.00286130
160.0  0.95445235 -0.04461699 -0.00132921 0.00949169 -0.00827117 0.00137272 0.00162546 -0.01476452 -0.00649223 -0.00399540
160.5  0.72134925 -0.11734329 0.00172027 0.00701340 -0.00245544 -0.00504645 0.00303221 -0.00314966 -0.00018757 0.00866494
161.0  -0.23727076 -0.10189230 0.00001291 -0.00382869 0.00633873 -0.00578339 0.00591246 0.00921365 0.00540111 -0.01326694
161.5  -0.95997240 -0.00468314 -0.00163285 -0.00900691 0.00703463 -0.00306103 0.01115297 0.00732061 -0.01663853 0.01669557
162.0  -0.65848276 0.09748221 0.00074293 -0.00378046 0.00080053 -0.00195925 0.01414945 0.01020071 0.01363703 -0.01761439
162.5  0.37477399 0.12443448 0.00027671 0.00632046 -0.00785212 0.00137380 0.00931959 0.00699955 -0.00959806 0.01929035
163.0  0.98975658 0.05787666 -0.00166801 0.00923683 -0.00775137 0.00527683 0.00085159 0.00550264 0.00305811 -0.01855889
163.5  0.46465004 -0.05193392 0.00113198 0.00249256 -0.00055297 0.00806670 -0.00815010 0.00310562 0.00446275 0.01685418
164.0  -0.60159502 -0.12995255 -0.00064406 -0.00524730 0.00948166 0.00575199 -0.01431057 -0.00063697 -0.01090748 -0.01477178
164.5  -0.96500308 -0.12242034 -0.00049717 -0.00718850 0.01039054 0.00092381 -0.01461478 -0.00481574 0.01379025 0.01117104
165.0  -0.21541092 -0.02461684 0.00203462 -0.00039878 -0.00075311 -0.00456401 -0.00905904 -0.00700131 -0.01354578 -0.00815652
165.5  0.77002670 0.10887549 -0.00154784 0.00320059 -0.01056336 -0.00855985 0.00034858 -0.00762483 0.00899464 0.00334760
166.0  0.89242605 0.18710342 -0.00128799 0.00320984 -0.00967500 -0.00924085 0.00875004 -0.00456548 -0.00185289 0.00208718
166.5  0.05214629 0.14099518 0.00218724 0.00074491 0.00077920 -0.00498926 0.01239092 0.00042506 -0.00468011 -0.00624116
167.0  -0.83068288 -0.01506081 -0.00054515 -0.00232945 0.01289297 0.00011737 0.01183511 0.00504191 0.01083986 0.01086023
167.5  -0.85057107 -0.18016611 -0.00062791 -0.00265785 0.01032171 0.00588955 0.00582074 0.00844859 -0.01311579 -0.01341655
168.0  -0.01954464 -0.23616640 0.00202188 0.00066284 -0.00376880 0.01051131 0.00007225 0.00782126 0.00859735 0.01572738
168.5  0.82108854 -0.13720064 -0.00161226 0.00096503 -0.01338808 0.01032793 0.00140745 0.00386312 -0.00631812 -0.01704793
169.0  0.87092482 0.05149231 -0.00101104 -0.00005893 -0.00674215 0.00825323 -0.00253764 -0.00225539 -0.00194907 0.01568891
169.5  0.11233820 0.20388408 0.00191193 -0.00100756 0.00816129 0.00142143 -0.00625430 -0.00786504 0.01017554 -0.01350812
170.0  -0.74195545 0.22444547 -0.00146764 -0.00021937 0.01217623 -0.00621650 -0.00820406 -0.00901297 -0.01149858 0.01056870
170.5  -0.94052084 0.11108433 -0.00014533 0.00116278 -0.00053445 -0.01099506 -0.00480014 -0.00638148 0.01075300 -0.00614112
171.0  -0.33460382 -0.05488009 0.00162286 0.00175896 -0.01231677 -0.00667452 0.00117960 0.00130757 -0.00767862 0.00193154
171.5  0.55017840 -0.17132637 -0.00211435 -0.00039047 -0.00872468 0.00126613 0.00822964 0.00598036 -0.00010188 0.00426452
172.0  0.98181128 -0.17752655 0.00067233 -0.00272822 0.00514694 0.00766101 0.01050723 0.00603792 0.00669647 -0.00982270
172.5  0.60796202 -0.08248377 0.00111320 -0.00256797 0.01201529 0.00856695 0.00548331 0.00376116 -0.01076108 0.01272022
173.0  -0.27071167 0.05042604 -0.00208306 0.00275752 0.00345001 0.00319971 -0.00325290 -0.00094889 0.01119399 -0.01519417
173.5  -0.93007452 0.14281007 0.00057449 0.00493276 -0.01036448 -0.00341772 -0.01066074 -0.00162456 -0.00752167 0.01659380
174.0  -0.80456441 0.14180767 0.00133835 0.00144521 -0.01190269 -0.00770325 -0.01167594 -0.00107945 0.00218973 -0.01695624
174.5  0.01685097 0.04932568 -0.00198249 -0.00465785 0.00026708 -0.00738090 -0.00592258 0.00136155 0.00533467 0.01593505
175.0  0.82770421 -0.07731963 0.00034897 -0.00453948 0.01303828 -0.00225430 0.00258984 0.00140270 -0.00938039 -0.01349753
175.5  0.90736860 -0.15441053 0.00187192 0.00110472 0.01134303 0.00300823 0.00963128 -0.00324203 0.00989347 0.01035310
176.0  0.17588309 -0.12347471 -0.00201007 0.00566368 -0.00411781 0.00729119 0.00961707 -0.00722662 -0.01134560 -0.00503455
176.5  -0.71470134 0.00271068 0.00015376 0.00314158 -0.01430739 0.00881110 0.00229376 -0.00984419 0.00427311 0.00066765
177.0  -0.95599502 0.13923407 0.00168933 -0.00346152 -0.00903415 0.00028836 -0.00118214 -0.00604114 0.00210734 0.00296688
177.5  -0.31666602 0.18156908 -0.00159505 -0.00523854 0.00663968 -0.00604775 -0.00120736 0.00191482 -0.00605249 -0.00972198
178.0  0.62181965 0.08526778 0.00012229 -0.00055894 0.01580723 -0.00709927 -0.00222138 0.00694281 0.01228621 0.01212063
178.5  0.96856360 -0.08797624 0.00157646 0.00506532 0.00506307 -0.00472084 -0.00494180 0.01179115 -0.01234563 -0.01349460
179.0  0.36578119 -0.20423219 -0.00166501 -0.00135748 -0.01209725 0.00041865 -0.00330767 0.00959498 0.01081261 0.01743189
179.5  -0.60883163 -0.16192087 -0.00028314 -0.00467471 -0.01143046 0.00242187 0.00149806 0.00634012 -0.00606727 -0.01630860
180.0  -0.96194037 0.01376084 0.00152670 -0.00338425 -0.00234305 0.00033916 0.00656248 0.00368726 0.00049421 0.01524101
180.5  -0.30816029 0.17908584 -0.00182708 0.00122572 0.01467383 -0.00495366 0.00990998 -0.00029999 0.00570951 -0.01386252
181.0  0.67516716 0.19583873 -0.00069969 0.00429603 -0.00782880 -0.00664966 0.00343059 -0.00271845 -0.01003874 0.01080378
181.5  0.94167941 0.05559606 0.00303901 0.00213719 -0.00763727 -0.00223486 -0.00333924 -0.00746711 0.01213404 -0.00551779
182.0  0.20549159 -0.11692386 -0.00146922 -0.00271034 0.01284161 0.00513471 -0.00750686 -0.00956647 -0.01283821 0.00248298
182.5  -0.74988099 -0.18184101 -0.00143291 -0.00455570 -0.00510261 0.00878176 -0.00549053 -0.00990933 0.01045518 0.00224360
183.0  -0.91783285 -0.10359252 0.00255765 -0.00145084 -0.00890622 0.00588097 -0.00029929 -0.00587026 -0.00622833 -0.00809633
183.5  -0.12744686 0.03861735 -0.00121528 0.00208358 0.01444517 -0.00239833 0.00441309 0.00039244 0.00065982 0.01001134
184.0  0.79640890 0.13261510 -0.00194385 0.00403127 -0.00175285 -0.00781105 0.00477455 0.00585433 0.00484848 -0.01350286
184.5  0.90123045 0.12279818 0.00317141 0.00111459 -0.01291354 -0.00707863 0.00171362 0.00937064 -0.00904915 0.01794031
185.0  0.08623764 0.03358456 -0.00110122 -0.00277783 0.01156859 -0.00152058 -0.00141051 0.00810742 0.01263870 -0.01830154
185.5  -0.81403617 -0.06637933 -0.00210899 -0.00366025 0.00217511 0.00510431 -0.00198898 0.00490816 -0.01140930 0.01799357
186.0  -0.90172818 -0.11579603 0.00346206 -0.00030670 -0.01342042 0.00794097 -0.00072725 0.00020621 0.00714894 -0.01676672
186.5  -0.10980411 -0.09090960 -0.00086423 0.00309849 0.01026537 0.00535245 0.00035941 -0.00483536 -0.00232212 0.01411639
187.0  0.78081943 -0.00982179 -0.00270317 0.00617653 0.00643449 -0.00096640 -0.00017821 -0.00786094 -0.00453495 -0.00918458
187.5  0.93661525 0.07830733 0.00275599 0.00065012 -0.01544672 -0.00668119 -0.00138261 -0.00860717 0.01054453 0.00086486
188.0  0.23758759 0.11928917 -0.00158109 -0.00648331 0.00522738 -0.00805113 -0.00256807 -0.00297015 -0.01290675 0.00620353
188.5  -0.66901320 0.08568411 -0.00189901 -0.00626339 0.01127899 -0.00473113 0.00062419 0.00100541 0.00929305 -0.01166960
189.0  -0.98185308 -0.00327164 0.00492202 0.00189685 -0.01349190 0.00265578 0.00376768 0.00497705 -0.00377405 0.01539825
189.5  -0.43649914 -0.09007331 -0.00227319 0.00714144 -0.00085522 0.00863730 0.00584188 0.00518237 -0.00318432 -0.01698165
190.0  0.48973836 -0.11772667 -0.00152515 0.00163800 0.01581363 0.00910530 0.00513974 0.00065178 0.01111051 0.01520186
190.5  0.99001261 -0.06975876 0.00357675 -0.00496277 -0.01003552 0.00335765 0.00050471 -0.00094496 -0.01237471 -0.01093607
191.0  0.61591820 0.01680689 -0.00335800 -0.00466637 -0.00943552 -0.00449218 -0.00421358 -0.00385152 0.00687204 0.00439155
191.5  -0.31491984 0.07897724 0.00003768 -0.00047691 0.01768177 -0.00965521 -0.00778917 -0.00156247 -0.00240930 0.00224140
192.0  -0.96529120 0.07792580 0.00310101 0.00870461 0.00036385 -0.00822497 -0.00728386 0.00129652 -0.00537904 -0.00810085
192.5  -0.72495793 0.02859205 -0.00344200 0.00062616 -0.01672440 -0.00109942 -0.00235888 0.00172553 0.01194438 0.01217598
193.0  0.19876098 -0.01890448 0.00079255 -0.00656075 0.01228679 0.00617007 0.00377953 0.00147854 -0.01146461 -0.01503110
193.5  0.93859410 -0.02890962 0.00317910 -0.00342621 0.00795056 0.00824474 0.00931317 -0.00074360 0.00880686 0.01543371
194.0  0.77888114 -0.01111787 -0.00369452 0.00414978 -0.01878146 0.00426078 0.00997174 -0.00159525 -0.00475302 -0.01306858
194.5  -0.13912023 -0.00192201 0.00133329 0.00654982 0.00760782 -0.00170266 0.00583390 -0.00212919 -0.00378085 0.01087722
195.0  -0.92359370 -0.01773431 0.00243121 0.00105749 0.01303781 -0.00525438 -0.00162724 -0.00094360 0.00947981 -0.00673151
195.5  -0.79283338 -0.03525685 -0.00397533 -0.00594197 -0.01732664 -0.00375314 -0.00890384 0.00258217 -0.01186008 0.00063173
196.0  0.13326948 -0.01940287 0.00142126 -0.00554912 0.00017370 0.00030782 -0.01125024 0.00590124 0.01164767 0.00295202
196.5  0.92588838 0.02891218 0.00260712 0.00247141 0.01658742 0.00378442 -0.00778967 0.00756813 -0.00548739 -0.00681390
197.0  0.77779111 0.06676450 -0.00458311 0.00549929 -0.01363108 0.00310002 -0.00089752 0.00471807 -0.00150494 0.01026897
197.5  -0.16364556 0.05203394 0.00166962 0.00284860 -0.00520340 0.00004497 0.00547805 0.00039297 0.00973025 -0.01318071
198.0  -0.93730159 -0.00910438 0.00321760 -0.00201322 0.01971391 -0.00169927 0.01130929 0.00374246 -0.01421754 0.01504785
198.5  -0.75475130 -0.06672462 -0.00400213 -0.00679760 -0.01130214 -0.00202541 0.01245949 0.00228102 0.01476137 -0.01911109
199.0  0.19238792 -0.07480147 0.00110104 0.00035063 -0.01088105 0.00095756 0.01096338 0.00244377 -0.00670605 0.01739613
199.5  0.94308382 -0.03017329 0.00300980 0.00719176 0.01917205 0.00107333 0.00264839 -0.00546953 -0.00067779 -0.01587814
200.0  0.75353709 0.03255679 -0.00450656 0.00492876 -0.00513366 -0.00128862 -0.00628678 -0.00410278 0.00882191 0.01458215
200.5  -0.17372256 0.07534129 0.00107151 -0.00204447 -0.01500241 -0.00272846 -0.01148451 0.00087003 -0.01281826 -0.01057053
201.0  -0.92824054 0.07686144 0.00366184 -0.00751686 0.01844382 -0.00330933 -0.01186234 0.00470882 0.01279658 0.00537753
201.5  -0.79418106 0.03424331 -0.00452157 -0.00353885 -0.00006407 -0.00033262 -0.00726101 0.00703434 -0.00881927 -0.00302806
202.0  0.08603260 -0.03682219 0.00066458 0.00418118 -0.01876651 0.00397934 0.00032947 0.00661983 0.00240784 -0.00425622
202.5  0.88105806 -0.10170162 0.00399143 0.00540058 0.01412395 0.00709106 0.00652043 0.00313890 0.00531571 0.01008997
203.0  0.86090159 -0.11472917 -0.00438286 -0.00033894 0.00753530 0.00582842 0.00963640 -0.00245375 -0.01119135 -0.01587222
203.5  0.05728498 -0.04976092 0.00057250 -0.00519887 -0.02062317 0.00005636 0.00982093 -0.00675880 0.01353438 0.01879166
204.0  -0.79222977 0.06729489 0.00371582 -0.00414857 0.00933619 -0.00402261 0.00409757 -0.00911702 -0.01099706 -0.02141769
204.5  -0.92703860 0.16060243 -0.00448926 0.00252306 0.01338666 -0.00554645 -0.00414622 -0.00557298 0.00490564 0.02404752
205.0  -0.23754385 0.15458853 0.00096126 0.00567838 -0.01975874 -0.00165952 -0.01043668 0.00071485 0.00397478 -0.02157450
205.5  0.65744372 0.03616742 0.00354349 0.00047634 0.00282197 0.00415960 -0.01111940 0.00579832 -0.01151618 0.01966604
206.0  0.96864187 -0.12287787 -0.00498007 -0.00513233 0.01690563 0.00587114 -0.00181511 0.01081556 0.01360595 -0.01744468
206.5  0.42767078 -0.21063010 0.00092195 -0.00382445 -0.01596832 0.00386383 0.00253117 0.00743105 -0.00934025 0.00969055
207.0  -0.48786324 -0.15792239 0.00383327 0.00151568 -0.00519260 -0.00233673 0.00731195 -0.00348842 0.00317006 -0.00552826
207.5  -0.97230383 0.00591164 -0.00441545 0.00285338 0.01982795 -0.00507841 0.00923611 -0.00504979 0.00354564 0.00055411
208.0  -0.59256029 0.16995675 0.00224582 0.00285995 -0.00983297 -0.00728189 0.00705591 0.00811611 -0.01081377 0.00757572
208.5  0.32331373 0.22012690 0.00302174 -0.00225088 -0.00858836 -0.00344143 -0.00035878 -0.01196544 -0.01327587 -0.01050988
209.0  0.94886541 0.12124965 -0.00505777 -0.00404914 0.01870082 0.00228030 -0.00681536 0.00741698 -0.01232410 0.01375309
209.5  0.69112602 -0.05757593 0.00132010 0.00064199 -0.00823332 0.00775059 -0.00933413 0.00074140 -0.00745688 -0.01790063
210.0  -0.23054038 -0.19284842 0.00297765 0.00330005 -0.01477492 0.00798781 -0.00604373 -0.00571894 -0.00028001 0.01843692
210.5  -0.93486071 -0.19488418 -0.00569875 0.00063710 0.01809361 0.00358528 0.00037484 0.01050786 0.00723634 -0.01936367
211.0  -0.71083791 -0.06689602 0.00111149 -0.00297924 -0.00047648 -0.00506456 0.00405862 -0.01350819 0.01337996 0.02260224
211.5  0.23790187 0.10358349 0.00646252 -0.00313237 -0.01529666 -0.01041408 0.00491464 0.00761408 0.01636758 -0.02071558
212.0  0.94523805 0.20514670 -0.00656608 -0.00023375 0.01614890 -0.00970289 0.00240309 -0.00132257 0.01485747 0.01737831
212.5  0.66665832 0.17149741 0.00023175 0.00274787 -0.00042900 -0.00250391 -0.00075350 -0.00442371 0.00913182 -0.01472392
213.0  -0.31238447 0.02090508 0.00689876 0.00233742 -0.01739248 0.00601400 -0.00146655 0.01212664 0.00073440 0.00978592
213.5  -0.95987568 -0.15214144 -0.00682132 0.00109661 0.01537787 0.01128686 -0.00013881 -0.01330260 -0.00752264 -0.00407660
214.0  -0.59804673 -0.23265633 -0.00120445 -0.00129026 0.00316362 0.00888828 0.00170675 0.00836324 -0.01317479 -0.00471480
214.5  0.38443927 -0.16053881 0.00772043 -0.00081358 -0.01892425 0.00266622 0.00195690 -0.00147376 -0.01498137 0.01068452
215.0  0.96401409 0.02236541 -0.00598819 -0.00008831 0.01219450 -0.00588669 0.00075618 -0.00502242 -0.01237928 -0.01596671
215.5  0.55299484 0.19589038 -0.00054413 0.00034056 0.01008641 -0.01048197 -0.00162692 0.01261620 -0.00555235 0.02135450
216.0  -0.41980637 0.24463259 0.00713825 0.00142479 -0.01772160 -0.00734182 -0.00368729 -0.01182377 0.00233264 -0.02460516
216.5  -0.96682459 0.13941767 -0.00711621 -0.00076600 0.00555447 -0.00080461 -0.00330973 0.00636045 0.01071476 0.02553375
217.0  -0.53834769 -0.04480604 -0.00067842 -0.00225036 0.01328223 0.00551749 0.00166756 -0.00272678 0.01398100 -0.02421388
217.5  0.43428730 -0.18724472 0.00713456 0.00224415 -0.01759047 0.00542033 0.00746061 -0.00876006 0.00953569 0.02105878
218.0  0.97473532 -0.20767845 -0.00687938 0.00082128 -0.00161120 0.00109134 0.00698829 0.01123706 0.00692233 -0.01520311
218.5  0.53931115 -0.11201566 0.00020731 -0.00170691 0.01924456 -0.00328000 0.00284288 -0.01363987 -0.00445778 0.00757320
219.0  -0.43800153 0.02733063 0.00693259 -0.00040280 -0.01443523 -0.00766799 -0.00277758 0.00902952 -0.00995169 -0.00030953
219.5  -0.98245404 0.13167430 -0.00895900 0.00037121 -0.00752065 -0.00594539 -0.00465021 0.00015885 -0.01556769 -0.00761116
220.0  -0.55882690 0.15931802 0.00347715 0.00069423 0.02064276 -0.00008908 -0.00481981 -0.00447708 -0.01570728 0.01766555
220.5  0.40721290 0.11106558 0.00758168 0.00221037 -0.00791095 0.00679648 -0.00287812 0.01295091 -0.00937034 -0.02302511
221.0  0.97958557 0.01440802 -0.00929930 0.00086296 -0.01360873 0.00845935 -0.00270351 -0.01210932 -0.00007955 0.02603946
221.5  0.63189489 -0.08796185 0.00065890 -0.00517605 0.01998243 0.00298788 -0.00032715 0.00402751 0.00996326 -0.02764771
222.0  -0.29042452 -0.14845005 0.00854377 0.00032585 -0.00408076 -0.00351284 0.00056009 -0.00008770 0.01670019 0.02449750
222.5  -0.94533184 -0.13252393 -0.00937262 0.00217425 -0.01770080 -0.00737636 0.00095833 -0.00696485 0.01763629 -0.01924965
223.0  -0.76973752 -0.04299466 0.00235451 0.00019944 0.01787642 -0.00596556 0.00090188 0.01287019 0.01320355 0.01147503
223.5  0.06149940 0.07246473 0.00722737 0.00152059 0.00332155 -0.00085720 0.00078381 -0.00547789 0.00344525 -0.00400043
224.0  0.83513861 0.14726575 -0.01028630 -0.00088950 -0.02172975 0.00454988 0.00038574 0.00060773 -0.00687121 -0.00501336
224.5  0.91867292 0.13884843 0.00379070 -0.00347669 0.01312825 0.00629313 -0.00032207 0.00395415 -0.01521347 0.01427381
225.0  0.26035463 0.05664189 0.00534632 -0.00267636 0.01112832 0.00322311 -0.00178290 -0.01244789 -0.01835267 -0.02000234
225.5  -0.60377757 -0.04736795 -0.00976357 0.00204199 -0.02117393 -0.00112519 -0.00194915 0.01075391 -0.01291070 0.02644247
226.0  -0.98998894 -0.11647270 0.00583828 0.00407259 0.00403877 -0.00500074 -0.00105042 -0.00319883 -0.00343498 -0.03023388
226.5  -0.59407856 -0.12332201 0.00427402 0.00059911 0.01832007 -0.00503705 0.00189285 -0.00278950 0.00835826 0.02937614
227.0  0.27746104 -0.07750479 -0.00992690 -0.00259523 -0.01947320 -0.00104900 0.00486702 0.01004207 0.01721511 -0.02829093
227.5  0.93175290 -0.00917822 0.00617297 -0.00358380 -0.00685099 0.00173242 0.00602686 -0.01345139 0.01456306 0.02392386
228.0  0.82172197 -0.05578239 0.00335279 0.00059622 0.02497174 0.00497619 0.00239999 0.00651121 0.00974430 -0.01690526
228.5  0.00538192 0.10734265 -0.01051408 0.00688000 -0.01050519 0.00470784 -0.00177960 0.00002852 -0.00000085 0.00824555
229.0  -0.82554927 -0.09736815 0.00711794 0.00483047 -0.01274052 0.00199695 -0.00687246 -0.00826460 -0.00806566 0.00012747
229.5  -0.90457146 0.01434895 0.00436635 -0.00380858 0.02207123 0.00052397 -0.01063546 0.01200806 -0.01084780 -0.00871212
230.0  -0.10552237 0.06161397 -0.01056169 -0.00657097 -0.00865829 -0.00468907 -0.00751405 -0.00978362 -0.01169400 0.01244416
230.5  0.81429341 -0.10256918 0.00490049 -0.00253497 -0.01427192 -0.00495751 -0.00258572 0.00486301 -0.00842593 -0.01813083
231.0  0.88011400 0.08450379 0.00680019 0.00371337 0.02277912 -0.00381762 0.00447221 0.00275778 -0.00353756 0.02308132
231.5  -0.02460630 0.01178508 -0.00986919 0.00696429 -0.00778294 -0.00284505 0.01069795 -0.00843063 -0.00030627 -0.02401100
232.0  -0.91012087 -0.09850149 0.00167011 0.00299936 -0.01377217 0.00083520 0.01258606 0.01174882 0.00342915 0.02586097
232.5  -0.73151570 0.09612599 0.00848010 -0.00489499 0.02254825 0.00305599 0.01050661 -0.01024085 0.00506829 -0.02785607
233.0  0.33121219 -0.02087177 -0.00769408 -0.00531339 -0.01111864 0.00527275 0.00297786 0.00772889 0.00779562 0.02819018
233.5  0.99197180 -0.07267435 -0.00343542 0.00194972 -0.00838437 0.00557847 -0.00430271 -0.00467644 0.00756464 -0.02779941
234.0  0.43086428 0.10833536 0.01066330 0.00771878 0.01570892 0.00428655 -0.01044988 -0.00109213 0.00766764 0.02516689
234.5  -0.65660581 -0.04488284 -0.00363506 0.00874327 -0.01373540 0.00089426 -0.01262017 0.00577363 0.00679934 -0.02533831
235.0  -0.94610338 -0.05653496 -0.00844240 0.00031092 0.00022126 -0.00344048 -0.00910883 -0.01211308 0.00273391 0.02557906
235.5  -0.12274069 0.10863539 0.00922158 -0.00937879 0.01257599 -0.00607244 -0.00350255 0.01207225 0.00199277 -0.02120987
236.0  0.82928323 -0.07584010 0.00117322 -0.00812598 -0.01572649 -0.00689988 0.00485589 -0.01127724 -0.00255241 0.02030147
236.5  0.87170356 -0.01538983 -0.00979248 0.00082756 0.00322621 -0.00482511 0.01047281 0.00899653 -0.00559685 -0.02214654
237.0  0.02121286 0.08840124 0.00656248 0.01004938 0.01557297 -0.00158478 0.01075367 0.00258436 -0.00900714 0.01125021
237.5  -0.83496004 -0.10402169 0.00314163 0.00841039 -0.01437497 0.00404371 0.00643173 -0.00797484 -0.01024910 -0.00721864
238.0  -0.90921436 0.07002306 -0.00997221 -0.00400727 -0.00355478 0.00939124 -0.00095104 0.01029225 -0.00807266 0.00683541
238.5  -0.19603919 0.01004761 0.00731644 -0.01020391 0.01564730 0.00822326 -0.00690565 -0.01601582 -0.00464068 -0.00044716
239.0  0.66492208 -0.07849987 0.00111385 -0.00215193 -0.01053719 0.00154806 -0.00832330 0.00848481 0.00160926 -0.00887578
239.5  0.99104615 0.10123979 -0.00844940 0.00835109 -0.01099705 -0.00755191 -0.00417996 0.00181691 0.00680257 0.01766221
240.0  0.55895665 -0.10165232 0.00947327 0.00548901 0.02142593 -0.01100770 0.00274054 -0.00389662 0.00941449 -0.02199042
240.5  -0.28066200 0.05180541 -0.00359845 -0.00508870 0.00163325 -0.00508566 0.00820990 0.01445177 0.00883887 0.02354256
241.0  -0.91250119 0.01880087 -0.00477487 -0.00819218 -0.02044099 0.00413167 0.00767243 -0.01301284 0.00463861 -0.02088533
241.5  -0.88539071 -0.06516194 0.01002798 0.00121771 0.00951492 0.01077510 0.00175956 0.00106563 -0.00090293 0.01482007
242.0  -0.21525947 0.10781377 -0.00805327 0.00913638 0.01594090 0.00881756 -0.00586989 0.00082937 -0.00549827 -0.00297262
242.5  0.61593642 -0.10538076 0.00037131 0.00318227 -0.01703466 0.00007115 -0.01053397 -0.01204907 -0.00802861 -0.00744819
243.0  0.99339061 0.05457087 0.00734653 -0.00695436 -0.00632132 -0.00774605 -0.00947526 0.01712313 -0.00679416 0.01527887
243.5  0.59494237 0.00304302 -0.00971052 -0.00781765 0.02074252 -0.01098359 -0.00285669 -0.00638695 -0.00435389 -0.02052726
244.0  -0.30363658 -0.07282613 0.00443798 0.00439410 -0.00781254 -0.00747552 0.00744588 0.00393041 0.00027602 0.02248670
244.5  -0.95459553 0.11214391 0.00473388 0.00928477 -0.01494280 0.00028917 0.01381175 0.00509555 0.00375462 -0.02252017
245.0  -0.73587416 -0.08453543 -0.01045905 0.00106216 0.01918702 0.00729660 0.01209966 -0.01688674 0.00348361 0.02120640
245.5  0.20867931 0.01542048 0.00552873 -0.00710831 0.00101872 0.00968645 0.00499556 0.01162174 0.00445777 -0.01708302
246.0  0.95347867 0.06640536 0.00517024 -0.00503941 -0.02009420 0.00583337 -0.00521150 -0.00898273 0.00423536 0.01288364
246.5  0.68088194 -0.10973673 -0.00970423 -0.00318761 0.01574564 0.00047934 -0.01135629 0.00409715 0.00613140 -0.00843663
247.0  -0.35371250 0.07419849 0.00356626 0.00853969 0.00235547 -0.00573428 -0.01231923 0.00656008 0.00686989 0.00148638
247.5  -0.99062156 0.01480674 0.00637582 0.01070518 -0.01723688 -0.00916780 -0.00965190 -0.01136933 0.00447568 0.00368911
248.0  -0.47686953 -0.09515346 -0.00905630 0.00116847 0.01643343 -0.00447352 -0.00380006 0.01323951 0.00166530 -0.00756310
248.5  0.59593453 0.10286828 0.00061929 -0.00916923 0.00039336 -0.00148262 0.00228295 -0.01044005 -0.00455517 0.01242024
249.0  0.97043819 -0.02925609 0.00820431 -0.00966598 -0.01663915 0.00688110 0.00791602 0.00413730 -0.00899522 -0.01776481
249.5  0.21893196 -0.05896337 -0.00741059 -0.00007340 0.01720689 0.00871383 0.01088557 0.00699969 -0.01217406 0.01871184
250.0  -0.77885941 0.10520504 -0.00195531 0.00862612 -0.00036554 0.00513233 0.00788458 -0.01223991 -0.01236066 -0.02076925
250.5  -0.89940899 -0.08414829 0.00933235 0.00885486 -0.01687697 0.00119240 0.00022043 0.01278885 -0.00872718 0.02463313
251.0  -0.04394364 -0.00499318 -0.00587434 -0.00093707 0.01682095 -0.00574923 -0.00646445 -0.01227786 -0.00301614 -0.02103310
251.5  0.84779495 0.08806855 -0.00373208 -0.01002104 -0.00053606 -0.00702138 -0.01050149 0.00247602 0.00483806 0.01979711
252.0  0.87305869 -0.10236474 0.00928265 -0.00816360 -0.01621000 -0.00368175 -0.00898289 0.01007953 0.01090499 -0.01856394
252.5  0.05096686 0.07007800 -0.00538024 0.00336604 0.01606679 0.00044574 -0.00090404 -0.01206430 0.01419980 0.01037237
253.0  -0.80503221 0.00411580 -0.00376286 0.01117884 0.00345736 0.00110541 0.00876058 0.01228429 0.01096217 -0.00461333
253.5  -0.93275474 -0.08838263 0.00869104 0.00112768 -0.01959170 -0.00357031 0.01310076 -0.00568033 0.00476110 0.00041970
254.0  -0.26302505 0.10686801 -0.00587796 -0.00881982 0.00951268 -0.00495973 0.01118441 -0.00200551 -0.00295223 0.00859726
254.5  0.61943092 -0.07659904 -0.00225032 0.00971769 0.01195468 -0.00337575 0.00427217 0.01206367 -0.01188647 -0.01365281
255.0  0.99269533 0.01618812 0.00876938 -0.00040664 -0.01890483 -0.00099544 0.00032606 -0.01145181 0.01486533 0.01784125
255.5  0.57346722 0.06943725 -0.00622594 -0.00768976 0.00248668 0.00120917 -0.00627639 -0.00709216 -0.01156139 -0.02285469
256.0  -0.29800819 -0.10856123 -0.00156010 0.00821727 0.01877099 -0.00040868 -0.01207205 -0.00321896 0.00214194 0.02423277
256.5  -0.93619914 0.08839858 0.00751511 0.00514502 -0.01567375 -0.00370611 -0.01217904 0.00196500 0.00799010 -0.02271334
257.0  -0.82559414 -0.02953894 -0.00757463 -0.01252510 -0.00752130 -0.00299607 -0.00591522 0.00690670 -0.01366849 0.01931285
257.5  -0.04035593 -0.05581448 0.00005806 0.00045036 0.01927394 0.00225042 0.00163185 0.01046183 0.01529661 -0.01275288
258.0  0.78556468 0.10743111 0.00686939 0.01133668 -0.00782212 0.00700371 0.00626063 0.00891251 -0.01104603 0.00596097
258.5  0.94599780 -0.09291986 -0.00707011 -0.00665642 -0.01467615 0.00820022 0.00868463 0.00327675 0.00258676 -0.00006639
259.0  0.27303925 0.02300114 0.00052949 -0.00831601 0.02018713 0.00576516 0.00628733 -0.00350653 0.00515480 -0.00792927
259.5  -0.65410508 0.06320148 0.00683897 0.00763534 0.00469772 0.00151368 0.00087813 -0.00949678 -0.01232171 0.01389108
260.0  -0.98053661 -0.10612290 -0.00699689 0.00702925 -0.02065883 -0.00361787 -0.00439235 -0.01049467 0.01605855 -0.01850628
260.5  -0.37124572 0.08613445 0.00084814 -0.01435634 0.00960974 -0.00560205 -0.00934259 -0.00729078 -0.01462389 0.02290458
261.0  0.60608890 -0.00795898 0.00631116 0.00303024 0.00953642 -0.00582980 -0.00979716 -0.00212564 0.00980793 -0.02365456
261.5  0.98334448 -0.08181715 -0.00760556 0.01260003 -0.01733779 -0.00334113 -0.00750934 0.00196145 -0.00138141 0.02205392
262.0  0.36078390 0.10692973 -0.00005497 -0.01280151 0.00510747 0.00079763 -0.00157915 0.00515952 -0.00628879 -0.02096702
262.5  -0.64042320 -0.06884787 0.00716653 -0.00317338 0.01234346 0.00151978 0.00646404 0.00730289 0.01339108 0.01696587
263.0  -0.97163242 -0.00403675 -0.00663782 0.01594450 -0.01529734 0.00053966 0.00895721 0.00639735 -0.01834172 -0.01137677
263.5  -0.26776619 0.09001665 -0.00006773 -0.00968407 0.00178089 -0.00374100 -0.01436830 -0.00169063 0.01051642 0.00632369
264.0  0.72650930 -0.11291300 0.00690654 -0.01062330 0.01421838 -0.00414599 0.00859141 -0.00176700 -0.00135209 0.00122429
264.5  0.93178874 0.05350936 -0.00682347 0.01889551 -0.01188852 -0.00268179 0.00264559 -0.00577501 -0.00246356 -0.00697484
265.0  0.10795707 0.02388377 -0.00066509 -0.00192640 -0.00369748 -0.00050608 -0.01815624 -0.00655603 0.00274087 0.01644761
265.5  -0.83745048 -0.09042888 0.00758238 -0.01742007 0.01315757 0.00505453 0.01796072 -0.00801918 -0.00185154 -0.02031367
266.0  -0.85109286 0.11112997 -0.00682741 0.01630504 -0.00651474 0.00132208 -0.01214593 -0.00166817 0.00133472 0.02061168
266.5  0.07055792 -0.04693123 -0.00138399 0.00513746 -0.00682605 0.00230211 0.00765682 0.00161753 -0.00147867 -0.02763795
267.0  0.91072167 -0.04402030 0.00822862 -0.02113269 0.01086832 -0.00018842 0.00721892 0.00492830 -0.00018739 0.02706641
267.5  0.78102878 0.09628042 -0.00622029 0.01077735 -0.00283703 -0.00345796 -0.02029270 0.00790752 0.00226008 -0.02165143
268.0  -0.15300721 -0.10202154 -0.00057940 0.01265245 -0.00539782 -0.00194960 0.01625783 0.00712657 -0.00188681 0.01645004
268.5  -0.92340442 0.04803963 0.00798024 -0.02310799 0.00811151 -0.00176943 -0.00757908 0.00367935 0.00185300 -0.00993570
269.0  -0.79346409 0.03947277 -0.00737316 0.00406585 -0.00057798 0.00157063 -0.00359452 -0.00395384 -0.00219041 0.00199328
269.5  0.07663889 -0.09736474 -0.00046067 0.02233143 -0.00643960 0.00343458 0.01860582 -0.00949214 0.00044021 0.00658886
270.0  0.86862867 0.10518678 0.00753631 -0.01741576 0.00241006 0.00180346 -0.01920642 -0.00929849 0.00100595 -0.01438414
270.5  0.88687721 -0.06188140 -0.00804396 -0.01140047 0.00317926 0.00094040 0.00632978 -0.00361858 -0.00197078 0.02076776
271.0  0.14188613 -0.01325706 0.00208366 0.02560244 -0.00158451 -0.00282379 0.00732308 0.00392178 0.00164457 -0.02354751
271.5  -0.71790767 0.08022819 0.00530899 -0.00600036 -0.00104097 -0.00406828 -0.01912045 0.00978669 -0.00193586 0.02307703
272.0  -0.97657365 -0.11157312 -0.00810751 -0.02267388 0.00072990 0.00008387 0.01840326 0.00913364 -0.00016750 -0.02032711
272.5  -0.43335395 0.08567118 0.00448063 0.02064240 0.00218660 0.00079254 -0.00343236 0.00404038 0.00163079 0.01445773
273.0  0.46228748 -0.02374875 0.00248370 0.01169179 0.00107009 0.00228216 -0.01113617 -0.00101746 -0.00193808 -0.00478515
273.5  0.98195298 -0.04446214 -0.00754812 -0.02729516 -0.00727200 0.00431612 0.01791182 -0.00619382 0.00142949 -0.00486957
274.0  0.69926577 0.10431745 0.00661523 0.00587865 0.00318076 0.00198830 -0.01533594 -0.00461686 0.00143823 0.01354262
274.5  -0.16294046 -0.10571194 -0.00019997 0.02126501 0.01143667 -0.00101126 0.00650155 -0.00669187 -0.00259983 -0.02249545
275.0  -0.89613700 0.05494956 -0.00660664 -0.01875778 -0.01387823 -0.00442277 0.00507484 0.00727637 0.00298073 0.02664886
275.5  -0.85782283 0.00845620 0.00711013 -0.00685413 -0.00339681 -0.00338269 -0.01509518 -0.00547875 -0.00394217 -0.02532171
276.0  -0.05156392 -0.08557342 -0.00310756 0.02167387 0.01802413 -0.00418829 -0.01823210 -0.00315209 0.00475649 0.02406166
276.5  0.80820524 0.11559638 -0.00590580 -0.00761087 -0.01258443 -0.00304262 -0.01191044 0.00541715 -0.00441385 -0.01831077
277.0  0.91488641 -0.06609019 0.00793286 -0.01152999 -0.01184749 0.00162375 -0.00142399 -0.00622123 0.00182716 0.01041639
277.5  0.13809736 -0.00298187 -0.00268463 0.00764352 0.02447437 0.00605159 0.01003323 0.00959704 0.00158902 -0.00364793
278.0  -0.77962836 0.07645671 -0.00496376 0.00110421 -0.00830833 0.00843005 0.01455676 -0.00665318 -0.00362392 -0.00419747
278.5  -0.92093132 -0.11714861 0.00680969 -0.00068481 -0.01847847 0.00609632 0.01153352 0.00082900 0.00509521 0.01087829
279.0  -0.13051634 0.06377463 -0.00211814 -0.00327138 0.02495717 -0.00036564 0.00423246 0.00172157 -0.00613959 -0.01628601
279.5  0.79857985 0.02827331 -0.00497769 0.00254687 -0.00177584 -0.00863573 -0.00327858 -0.00651608 0.00512989 0.02127283
280.0  0.90012545 -0.09077425 0.00657789 0.00221621 -0.02229614 -0.01419042 -0.00670088 0.00878423 -0.00298202 -0.02317221
280.5  0.05236237 0.10235594 -0.00074611 -0.00401985 0.01921218 -0.01853175 -0.00013460 -0.00373785 0.00168772 0.02677450
281.0  -0.85212202 -0.03444498 -0.00565533 0.00288278 0.00160807 -0.01158660 0.00016541 0.00099117 0.00142442 -0.02750918
281.5  -0.84675705 -0.06741512 0.00576184 0.00015702 -0.02095720 -0.00100242 -0.00488684 0.00054809 -0.00473788 0.02631548
282.0  0.06585116 0.10991434 0.00100442 -0.00152422 0.02039280 0.01041223 -0.00868549 -0.00463766 0.00767656 -0.02434100
282.5  0.90717869 -0.06878516 -0.00701200 0.00283574 0.00249970 0.01737144 -0.01080816 0.00292205 -0.00913146 0.02166340
283.0  0.78460123 -0.02417518 0.00455364 -0.00554428 -0.02232437 0.01541731 -0.00846187 -0.00508356 0.00798412 -0.01627729
283.5  -0.15684540 0.09905768 0.00255906 0.00613365 0.01475650 0.00532378 -0.00440615 0.00225249 -0.00326471 0.01024980
284.0  -0.93212060 -0.09721908 -0.00701058 0.00702425 0.00395641 -0.00606963 0.00504705 -0.00075427 -0.00254040 -0.00464627
284.5  -0.76172213 0.03074504 0.00429630 -0.02143408 -0.00854543 -0.01384557 0.01404938 0.00276385 0.00416533 -0.00089375
285.0  0.16371550 0.06209599 0.00308428 0.01240798 0.00267293 -0.01140120 0.01807949 -0.00166852 -0.00960308 0.00825847
285.5  0.92374601 -0.11420436 -0.00670482 0.01322634 0.00156046 -0.00485297 0.01282151 0.00427510 0.00919763 -0.01413263
286.0  0.79078514 0.07830277 0.00374305 -0.02377454 -0.00250024 0.00131220 0.00150206 -0.00318932 -0.00535183 0.01930801
286.5  -0.09489277 -0.00612565 0.00293773 0.00375602 0.00060287 0.00298697 -0.01127365 -0.00183624 0.00299214 -0.02652194
287.0  -0.88676933 -0.06755867 -0.00785696 0.01901767 0.00313643 0.00149996 -0.02081684 -0.00337197 0.00145676 0.02735029
287.5  -0.85668740 0.11752202 0.00495055 -0.01893384 -0.00253741 -0.00161640 -0.01810941 -0.01046053 -0.00564923 -0.02401111
288.0  -0.05805064 -0.08249309 0.00218032 -0.00225157 -0.00158713 -0.00189195 -0.00856383 0.00255568 0.00629762 0.02190432
288.5  0.78678782 0.00800876 -0.00750742 0.02272504 0.00537457 0.00041446 0.00834096 -0.00116208 -0.00628429 -0.01320952
289.0  0.94741738 0.05272482 0.00650846 -0.01252806 -0.00263879 0.00358141 0.02077097 0.00003712 0.00453983 0.00105632
289.5  0.30365135 -0.10971096 0.00023868 -0.01719867 -0.00495088 0.00480370 0.02045269 0.00839072 -0.00124171 0.00904878
290.0  -0.58855442 0.10352308 -0.00677294 0.02011854 0.00822214 0.00265193 0.00780246 -0.00511268 -0.00217522 -0.01747264
290.5  -0.99316708 -0.03783528 0.00732633 0.00256302 0.00089248 -0.00502958 -0.01111118 0.00198994 0.00648703 0.02358487
291.0  -0.57294521 -0.02437705 -0.00174765 -0.01727945 -0.01572614 -0.00919949 -0.02114258 -0.00507558 -0.00606990 -0.02687878
291.5  0.32866717 0.08978490 -0.00535018 0.00440406 0.01559238 -0.00649375 -0.01789826 -0.00176120 0.00613370 0.02351633
292.0  0.95493471 -0.11464764 0.00783395 0.00576441 0.01421897 0.00089122 -0.00241697 0.00427759 -0.00479177 0.01910216
292.5  0.76281194 0.06639369 -0.00390300 -0.00222775 -0.02708607 0.01112262 0.01421469 -0.00330297 0.00041545 0.01161969
293.0  -0.10556929 0.00501858 -0.00417232 -0.00026552 0.00576003 0.01485022 0.01862942 0.00799129 0.00043670 0.00500805
293.5  -0.88628220 -0.07651601 0.00845082 -0.00077800 0.02228114 0.01022816 0.01100261 -0.00504318 -0.00291472 -0.00160710
294.0  -0.85031598 0.11219295 -0.00441477 0.00232677 -0.02251775 -0.00470509 0.00041309 0.00121253 0.00680858 -0.00565127
294.5  -0.00231311 -0.07449156 -0.00384114 -0.00200504 -0.00566584 -0.02154338 -0.00151751 -0.00152567 -0.00648465 -0.00906438
295.0  0.85735473 -0.00784080 0.00842550 -0.00442803 0.02470623 -0.02363754 -0.00010455 -0.00411149 0.00483757 -0.01386112
295.5  0.85478602 0.08604281 -0.00472638 0.00560598 -0.01618438 -0.01078508 0.00066176 0.00685069 -0.00362643 -0.01762681
296.0  -0.04305210 -0.10780852 -0.00491321 0.00178961 -0.00799042 0.00852886 -0.00088956 -0.00581230 0.00061319 -0.01945363
296.5  -0.90188264 0.05443256 0.00804012 -0.00635112 0.02702337 0.02231977 -0.00681857 0.00550338 0.00138732 -0.02094409
297.0  -0.77616267 0.03163908 -0.00397393 0.00415415 -0.01692786 0.02220867 -0.00907124 -0.00350098 -0.00255855 -0.02177208
297.5  0.20989577 -0.10122081 -0.00584836 0.00487055 -0.01130097 0.00798318 -0.00658409 -0.00078424 0.00489420 -0.02008612
298.0  0.96134250 0.10329668 0.00965090 -0.00821066 0.02709542 -0.00942666 0.00286501 0.00339858 -0.00634980 -0.01778106
298.5  0.65575991 -0.02503319 -0.00250926 0.00227015 -0.01403183 -0.01808141 0.01501353 -0.00515727 0.00623517 -0.01432654
299.0  -0.35659986 -0.05800234 -0.00644239 0.00484463 -0.01457726 -0.01317559 0.01876196 0.00513517 -0.00548536 -0.00940700
299.5  -0.98580387 0.09900845 0.00854381 -0.00819233 0.02549921 -0.00123520 0.00817188 -0.00446836 0.00267683 -0.00303343
300.0  -0.58806660 -0.09948945 -0.00194972 0.00178044 -0.00617758 0.00755434 -0.00958168 0.00133576 0.00205900 0.00467423
300.5  0.40020876 0.02971750 -0.00664247 0.00968231 -0.01863224 0.00898740 -0.02289041 0.00217765 -0.00646346 0.01497723
301.0  0.98528163 0.06244143 0.00823681 -0.01076576 0.02190756 0.00381855 -0.02271913 -0.00076321 0.00727179 0.02115973
301.5  0.61011834 -0.09724802 -0.00207794 -0.00291072 -0.00197060 -0.00254097 -0.00732692 0.00184873 -0.00808516 0.01921011
302.0  -0.34887975 0.09700515 -0.00637254 0.02691886 -0.00546877 -0.00650970 0.01083440 -0.00147214 0.00467737 0.02203567
302.5  -0.97226765 -0.04992995 0.00898681 -0.01766097 0.00174951 -0.00439936 0.02354555 -0.00008017 0.00083469 0.02303719
303.0  -0.69163081 -0.04667678 -0.00214549 -0.01552354 0.00177352 0.00186793 0.02172687 -0.00111926 -0.00285109 0.02160369
303.5  0.21912563 0.09996600 -0.00637773 0.02532682 -0.00012458 0.00615275 0.00595251 0.00375517 0.00926800 0.01867528
304.0  0.93027715 -0.09619204 0.00895738 -0.00598183 0.00004773 0.00498472 -0.01362710 -0.00269375 -0.01015017 0.01407596
304.5  0.80581703 0.05364774 -0.00360449 -0.02058397 0.00000676 -0.00203167 -0.02527193 -0.00134074 0.00689010 0.01015409
305.0  -0.03336205 0.03775487 -0.00590377 0.02413799 -0.00014395 -0.00729954 -0.01887354 -0.00000752 -0.00509956 0.00722957
305.5  -0.84280009 -0.10468845 0.00972942 0.00291582 0.00130662 -0.00574982 -0.00037137 -0.00274960 -0.00035173 0.00118655
306.0  -0.90332422 0.09558166 -0.00393619 -0.02579381 -0.00047216 0.00197247 0.01805466 0.00552124 0.00626159 -0.00557857
306.5  -0.14946713 -0.03138735 -0.00601568 0.01722059 -0.00263218 0.01064346 0.02400207 0.00006800 -0.00743164 -0.01244205
307.0  0.74215142 -0.05866789 0.00974326 0.01144074 0.00193507 0.01095829 0.01385200 0.00050953 0.00987294 -0.01678446
307.5  0.95671812 0.10912421 -0.00250107 -0.02698660 0.00077338 0.00179411 -0.00361989 -0.00044937 -0.00889469 -0.01760423
308.0  0.29798383 -0.07953981 -0.00702872 0.01279745 -0.00246069 -0.01034364 -0.01848692 -0.00573373 0.00354265 -0.01815732
308.5  -0.62833595 -0.00546751 0.00866512 0.01605142 0.00226864 -0.01681875 -0.02043860 0.00391835 -0.00014543 -0.01901561
309.0  -0.98805233 0.09005509 -0.00129544 -0.02686943 0.00061464 -0.01055911 -0.01060821 -0.00109483 -0.00505205 -0.02057930
309.5  -0.47655229 -0.10506256 -0.00833151 0.00771410 -0.00323416 0.00439271 0.00394376 0.00542851 0.00830116 -0.02028547
310.0  0.44767191 0.05563483 0.00878944 0.01888935 0.00188290 0.01760153 0.01574801 0.00103025 -0.00850775 -0.01957437
310.5  0.98349052 0.02119109 0.00043054 -0.02533728 -0.00169497 0.01928108 0.01660685 -0.00320770 0.00922361 -0.01789612
311.0  0.67415830 -0.10030921 -0.00877497 0.00309468 -0.00112447 0.00749084 0.00891042 0.00025588 -0.00184824 -0.01442485
311.5  -0.21510742 0.10668710 0.00842556 0.01965249 0.01057665 -0.01077919 -0.00206540 -0.00734514 0.00005308 -0.01200556
312.0  -0.92291494 -0.04790621 0.00046463 -0.01979744 -0.01054114 -0.02417856 -0.00739384 0.00730259 0.00416818 -0.00753638
312.5  -0.81806246 -0.01702785 -0.00890798 0.00079687 -0.00641647 -0.02249007 -0.00597250 -0.00530460 -0.01080157 -0.00241529
313.0  0.02485575 0.09307180 0.00848566 0.01512047 0.02128956 -0.00701679 -0.00360668 0.00251513 0.00624452 -0.00168552
313.5  0.84836257 -0.11519557 0.00031395 -0.00964872 -0.01256316 0.01367729 -0.00267468 0.00525981 -0.00430970 0.00810309
314.0  0.88579765 0.05164479 -0.00895582 -0.00525721 -0.01209993 0.02530658 -0.00496015 -0.00916892 0.00394536 -0.01478422
314.5  0.07460155 0.01857061 0.00836992 0.01038160 0.02249673 0.02084050 -0.00485067 0.00857710 0.00204972 0.02013323
315.0  -0.81737626 -0.08374136 0.00067830 -0.00737973 -0.00700547 0.00604458 -0.00177200 -0.00480347 -0.00432911 -0.02337929
315.5  -0.89243963 0.11521919 -0.00890058 -0.01430924 -0.00717115 -0.01196847 0.00534063 0.00045047 0.00549995 0.02554839
316.0  -0.04319689 -0.05125605 0.00750630 0.02311231 -0.00430600 -0.02095109 0.01315680 0.00424003 -0.00814519 -0.02397818
316.5  0.86296823 -0.04523919 0.00209937 -0.00496791 0.00405975 -0.01880118 0.01320759 -0.00811336 0.00635231 0.02228498
317.0  0.81947216 0.09760886 -0.00916437 -0.01814302 0.00228127 -0.00832245 0.00750079 0.00625756 -0.00253380 -0.02162778
317.5  -0.16398051 -0.08971811 0.00545566 0.01995648 -0.00584768 0.00447681 -0.00338481 -0.00598893 -0.00060248 0.02014252
318.0  -0.95951078 0.00878788 0.00463585 -0.00546019 0.00360454 0.01406481 -0.01302539 0.00248565 0.00456609 -0.01619451
318.5  -0.62719305 0.08858783 -0.00976239 -0.01317244 0.00064157 0.01671469 -0.01856924 0.00493642 -0.00804851 0.00999817
319.0  0.43749080 -0.10629109 0.00302113 0.01893154 -0.00324388 0.01137449 -0.01833317 -0.00491477 0.00832404 -0.00523279
319.5  0.99293011 0.03822253 0.00734710 -0.00502071 0.00334446 0.00052762 -0.00986516 0.00762675 -0.00763193 -0.00050945
320.0  0.43115818 0.05559860 -0.00941451 -0.01381545 -0.00294693 -0.00857959 -0.00498266 -0.00873546 0.00463527 0.00939636
320.5  -0.59161971 -0.10838377 0.00124918 0.01795806 -0.00234179 -0.01489285 0.01347029 0.00810642 0.00287694 -0.01406968
321.0  -0.98437842 0.08085122 0.00810161 -0.00010208 0.00334970 -0.01380916 -0.01477432 -0.00968315 -0.00933717 0.01840469
321.5  -0.38214479 -0.00489506 -0.00914157 -0.02037205 -0.00072304 -0.00368800 0.00884007 0.00963318 0.01374727 -0.02847893
322.0  0.58245708 -0.07401483 0.00091102 0.01196952 -0.00074698 0.00533659 0.00357157 -0.00193378 -0.01105679 0.02965345
322.5  0.99087448 0.11471172 0.00734583 0.00982250 0.00340207 0.01326800 -0.01135171 -0.00725332 0.00499654 -0.02754392
323.0  0.50525481 -0.07855822 -0.00964554 -0.01663887 -0.00383937 0.01059156 0.01395974 0.00800840 0.00020648 0.03244374
323.5  -0.41175046 0.01362726 0.00344353 0.00664522 -0.00134984 0.00279926 -0.00692695 -0.01304149 -0.00717646 -0.02124469
324.0  -0.97347540 0.04813889 0.00620734 0.01602373 0.00508605 -0.00689960 -0.00398298 0.00914804 0.01164414 0.00923146
324.5  -0.74276424 -0.10930625 -0.00930914 -0.01699185 -0.00191219 -0.01279984 0.01195568 0.00213710 -0.01183388 -0.00128212
325.0  0.06239879 0.10466967 0.00663034 -0.00656195 -0.00207034 -0.00868259 -0.01286754 -0.00362042 0.00928054 -0.01694394
325.5  0.81693442 -0.06116450 0.00151615 0.01927395 0.00353665 0.00216644 0.00615773 0.00784808 -0.00230787 0.02724167
326.0  0.95039329 0.01645646 -0.00896445 -0.00296124 -0.00024475 0.01109440 0.00417769 -0.00898148 -0.00655885 -0.03181469
326.5  0.35991149 0.06433936 0.00981837 -0.01707120 -0.00358502 0.01231753 -0.01215142 -0.00188830 0.01210497 0.03606645
327.0  -0.51516487 -0.10690798 -0.00267031 0.01441669 0.00310597 0.00301235 0.01171363 0.00323413 -0.01369323 -0.02668043
327.5  -0.99012479 0.09344264 -0.00603922 0.00845565 0.00351407 -0.00749044 -0.00394520 -0.00400276 0.00887302 0.01462937
328.0  -0.63409665 -0.06204183 0.01016738 -0.01970114 -0.00785663 -0.01179400 -0.00605375 0.00735787 -0.00040192 -0.00005377
328.5  0.28747185 -0.02221195 -0.00459581 0.00681934 0.00139945 -0.00940051 0.01133835 -0.00015287 -0.00975204 -0.00942847
329.0  0.95670574 0.09996669 -0.00577768 0.01340339 0.00706634 -0.00067614 -0.01069391 -0.00108526 0.01591277 0.01797861
329.5  0.71838823 -0.09965688 0.01085137 -0.01705806 -0.00943883 0.00772497 0.00300546 -0.00108306 -0.01571905 -0.02751531
330.0  -0.23731752 0.04698605 -0.00379890 0.00199570 0.00147032 0.01080283 0.00269446 -0.00359836 0.01139692 0.03046329
330.5  -0.95877246 0.04067759 -0.00820575 0.01032686 0.01114983 0.00998020 -0.00632038 0.00837262 -0.00336527 -0.03229113
331.0  -0.67913673 -0.10929421 0.01043862 -0.00819915 -0.01471285 0.00462517 0.00896314 -0.01286112 -0.00338038 0.03564993
331.5  0.33187527 0.08280596 0.00043101 0.00228092 -0.00049004 -0.00507707 -0.00278089 0.01614370 0.00838792 -0.03503977
332.0  0.98541865 0.01358733 -0.01105813 0.00257236 0.01466897 -0.01117783 -0.00250345 -0.01285206 -0.01202489 0.03398948
332.5  0.54205941 -0.09614844 0.00829318 -0.00410431 -0.01746352 -0.01373229 0.00250302 0.00206858 0.01298510 -0.03195527
333.0  -0.51268551 0.09565327 0.00538955 0.00262946 0.00311424 -0.00777769 -0.00433579 0.00647620 -0.01195222 0.03121136
333.5  -0.98883841 -0.00729107 -0.01203994 -0.00184035 0.01421999 0.00404087 0.00151211 -0.01396889 0.00777115 -0.03014561
334.0  -0.36103981 -0.08272358 0.00336422 0.00173893 -0.01827186 0.01393216 0.00627025 0.01854592 -0.00121152 0.02626074
334.5  0.65636996 0.10261629 0.00939421 0.00228780 0.00859525 0.01634607 -0.00409064 -0.01212326 -0.00456364 -0.02378286
335.0  0.96815426 -0.04679317 -0.01097373 -0.00554590 0.01066755 0.00888172 0.00069999 0.00355404 0.01008365 0.02044504
335.5  0.29330100 -0.05497814 0.00025585 0.00373213 -0.02019475 -0.00307136 0.00000165 0.00405218 -0.01355047 -0.01100746
336.0  -0.65570639 0.11113874 0.01186042 0.00210014 0.00769845 -0.01205888 -0.00779042 -0.01337814 0.01243474 0.00694104
336.5  -0.98218202 -0.08151473 -0.00987113 -0.00622099 0.01232792 -0.01606412 0.00669631 0.01503723 -0.00811849 -0.00325997
337.0  -0.42055701 0.02413881 -0.00205796 0.00388106 -0.01672081 -0.00713860 0.00006367 -0.00965844 0.00167095 -0.00831703
337.5  0.50333901 0.05669220 0.01162449 0.00305752 0.00517857 0.00367048 -0.00312723 0.00151835 0.00642200 0.01309182
338.0  0.98851823 -0.11649256 -0.00978191 -0.00590147 0.01283553 0.01149968 0.00637771 0.00874292 -0.01224649 -0.01801714
338.5  0.64219509 0.08791432 -0.00016048 0.00069849 -0.01442225 0.01461174 -0.00514672 -0.01865365 0.01304811 0.02656358
339.0  -0.23741900 -0.03447157 0.01032379 0.00438332 0.00003449 0.00728669 0.00064651 0.01435208 -0.01118584 -0.02861038
339.5  -0.91771697 -0.03177184 -0.01161705 -0.00379030 0.01544338 -0.00474074 0.00512589 -0.00456659 0.00411831 0.02932795
340.0  -0.85213117 0.10584652 0.00217883 -0.00214411 -0.00937472 -0.01357915 -0.00800898 -0.00571623 0.00626346 -0.02879370
340.5  -0.10688457 -0.10402055 0.00847232 0.00170126 -0.01180488 -0.01337089 0.00326397 0.01523786 -0.01401301 0.02326698
341.0  0.72750107 0.05737602 -0.01221459 0.00243143 0.01455872 -0.00529904 0.00105149 0.00122615 0.02501270 -0.01466493
341.5  0.97585015 0.00433997 0.00592940 -0.00074724 0.00126152 0.00534291 -0.00540680 -0.01205607 -0.01570894 0.00405696
342.0  0.41592314 -0.08610829 0.00595209 -0.00951998 -0.00598367 0.01184303 0.00860733 0.00731126 0.00560702 0.00571321
342.5  -0.50837023 0.11172782 -0.01207064 0.01107447 0.00164748 0.01124404 -0.00129921 -0.00044381 0.00816605 -0.01900671
343.0  -0.99246400 -0.06761351 0.00769244 0.00565174 0.00395212 0.00313480 -0.00459677 -0.00759905 -0.01767131 0.02778410
343.5  -0.54883995 -0.00818564 0.00428332 -0.01771620 -0.00281264 -0.00647009 0.00516747 0.01199422 0.01929042 -0.03019234
344.0  0.44199290 0.08737211 -0.01230732 0.00243766 0.00099661 -0.01158537 -0.00838888 -0.01391802 -0.02079045 0.03355748
344.5  0.99166983 -0.10760438 0.00804571 0.01412292 0.00162881 -0.01019193 0.00529443 0.01147386 0.01717118 -0.03228878
345.0  0.50088088 0.04888026 0.00430752 -0.01387488 -0.00220705 -0.00226163 0.00288384 -0.00457702 -0.00725875 0.02424684
345.5  -0.53311778 0.04332728 -0.01189270 -0.00070698 0.00150089 0.00593021 -0.00560716 0.00025289 0.00004125 -0.01836360
346.0  -0.98770664 -0.10681960 0.00742425 0.01505114 0.00123780 0.01082035 0.00684878 0.00453662 0.00895499 0.01022484
346.5  -0.35432322 0.08915885 0.00523059 -0.01226843 -0.00425905 0.01117456 -0.00621696 -0.01030300 -0.02070355 0.00262421
347.0  0.67528251 -0.01041156 -0.01236350 -0.00602024 -0.00190420 0.00355410 0.00053522 0.00941956 0.02647130 -0.01019411
347.5  0.95020440 -0.06802226 0.00623570 0.01149901 0.01374495 -0.00472814 0.00540140 -0.00579107 -0.02615400 0.01607504
348.0  0.14815163 0.11053434 0.00622197 -0.00475081 -0.00826499 -0.01257082 -0.00899210 0.00275759 0.02337940 -0.02447177
348.5  -0.82335398 -0.07576768 -0.01217088 -0.00631456 -0.01104595 -0.01210463 0.00646686 0.00063147 -0.01166428 0.02925161
349.0  -0.85189830 -0.02235563 0.00508308 0.00750717 0.01919814 -0.00587175 -0.00201761 -0.00157451 -0.00253373 -0.03034942
349.5  0.09206539 0.08893019 0.00682712 0.00000944 -0.00558499 0.00534128 -0.00328983 -0.00360596 0.01296352 0.03293230
350.0  0.92896589 -0.09866099 -0.01113685 -0.00591951 -0.01425690 0.00572603 0.01522464 0.00781323 -0.02160023 -0.03119898
350.5  0.73675149 0.06795335 0.00469485 0.00367006 0.01781093 0.01026367 -0.01541128 -0.00866985 0.02518923 0.02721116
351.0  -0.23380738 0.01950778 0.00680360 0.00313957 -0.00111511 0.00319081 0.00436745 0.01043855 -0.02158510 -0.01630498
351.5  -0.95271307 -0.09715148 -0.01233028 -0.00259853 -0.01784934 -0.00527483 0.00775004 -0.00529983 0.01376116 0.00783557
352.0  -0.72883016 0.10124240 0.00554576 -0.00291865 0.01406655 -0.01058554 -0.01469953 -0.00556304 -0.00352077 -0.00216089
352.5  0.18557953 -0.07421336 0.00556817 0.00190354 0.00550425 -0.00741808 0.01738609 0.00897465 -0.00866688 -0.00783479
353.0  0.91855707 0.01079507 -0.01203844 0.00312624 -0.01921226 0.00113853 -0.00738032 -0.01263111 0.01697331 0.01601947
353.5  0.82350913 0.07730345 0.00820002 -0.00450448 0.00941995 0.00823834 -0.00780844 0.01294018 -0.02052937 -0.02428255
354.0  0.01191821 -0.10738697 0.00248644 -0.00167964 0.01534405 0.00966981 0.01326088 0.00254983 0.02026813 0.02839032
354.5  -0.80540363 0.08717322 -0.01099166 0.00589099 -0.01965658 0.00426707 -0.01350828 -0.00972184 -0.01414539 -0.02891462
355.0  -0.94264257 -0.03467483 0.01036981 -0.00155016 0.00029616 -0.00529533 0.00679671 0.01221507 0.00322243 0.02641026
355.5  -0.31453257 -0.05149618 -0.00034280 -0.00637192 0.01917161 -0.00910481 0.00627049 -0.01584174 0.00982059 -0.01891018
356.0  0.55429053 0.10428674 -0.00966362 0.00744508 -0.01393955 -0.00702462 -0.00763713 0.00368815 -0.02236509 0.01165860
356.5  0.99013919 -0.09949310 0.01143389 0.00410330 -0.00790923 0.00167964 0.00516556 0.00560974 0.02741841 -0.00309477
357.0  0.67644383 0.05052212 -0.00391686 -0.01290761 0.01709437 0.00835167 -0.00470662 -0.00738306 -0.02126230 -0.00851225
357.5  -0.14213871 0.03021406 -0.00752348 0.00417616 -0.00561246 0.00867288 -0.00193487 0.01440680 0.00889811 0.01562876
358.0  -0.85759344 -0.09407027 0.01282828 0.01242875 -0.01392467 0.00332570 0.00348384 -0.01188673 0.00801609 -0.02231809
358.5  -0.91977130 0.10812479 -0.00687551 -0.01608647 0.01265009 -0.00593097 -0.00255897 0.00626648 -0.02316422 0.02488094
359.0  -0.24880514 -0.05598665 -0.00539128 -0.00537633 0.00316629 -0.00862093 0.00244630 -0.00483375 0.02798998 -0.02531274
359.5  0.64058062 -0.03106115 0.01257227 0.02078828 -0.00700684 -0.00686033 0.00317886 -0.00195123 -0.02842564 0.02455527
360.0  0.98738804 0.09236272 -0.00747601 -0.01182085 0.00259172 -0.00343850 -0.00423876 0.00805830 0.02103080 -0.02178459
360.5  0.44543428 -0.10581154 -0.00528483 -0.01093238 0.00125136 0.00377386 -0.00076484 -0.01273293 -0.00651218 0.01791103
361.0  -0.51662173 0.04305229 0.01318175 0.02107974 -0.00214975 0.01099945 0.00569531 0.01723532 -0.00555573 -0.01411659
361.5  -0.99224986 0.05702983 -0.00780668 -0.00557610 0.00085684 0.00695563 -0.00865413 -0.01934122 0.01712901 0.00863733
362.0  -0.50218456 -0.10084422 -0.00630652 -0.01650823 -0.00060217 0.00388157 0.00023053 0.01629479 -0.02632409 -0.00132427
362.5  0.49319714 0.08780821 0.01365531 0.01822083 -0.00001706 -0.00453789 0.00397499 -0.00876172 0.02620511 -0.00215741
363.0  0.99271334 -0.02530129 -0.00660735 0.00261522 0.00032445 -0.01057634 -0.00875869 -0.00102547 -0.02208108 0.00637621
363.5  0.47017199 -0.07606833 -0.00811499 -0.02171434 -0.00015521 -0.01113448 0.01205068 0.01134548 0.01572263 -0.01160180
364.0  -0.54785065 0.11390820 0.01352712 0.01696260 0.00194903 -0.00744177 -0.00320444 -0.01799601 -0.00499836 0.01489762
364.5  -0.98791203 -0.06358953 -0.00355776 0.00645986 -0.00072575 0.00274173 -0.00648127 0.02133012 -0.00509867 -0.01775642
365.0  -0.35764535 -0.00975098 -0.01038812 -0.02166781 -0.00239933 0.00898162 0.01188117 -0.02018148 0.01262121 0.01700650
365.5  0.66539747 0.08677248 0.01252629 0.01301896 0.00228121 0.01370415 -0.01404921 0.01337059 -0.01837115 -0.01581794
366.0  0.95748901 -0.11268034 -0.00078796 0.00816721 0.00155322 0.00674879 0.01270314 -0.00345898 0.02024096 0.01473562
366.5  0.20473219 0.04007610 -0.01230041 -0.01843721 -0.00511622 0.00091480 -0.00037612 -0.01005211 -0.01865260 -0.01292014
367.0  -0.76873186 0.05482685 0.01213300 0.00866515 0.00368311 -0.00841205 -0.00723415 0.01965854 0.01441571 0.01042915
367.5  -0.91396497 -0.10152742 0.00124955 0.00964346 0.00463179 -0.01442751 0.00887640 -0.02424233 -0.00852665 -0.00860080
368.0  -0.08471746 0.08785849 -0.01278852 -0.01333058 -0.00986097 -0.01072906 -0.00836625 0.02281852 0.00081659 0.00404690
368.5  0.83142575 -0.00794148 0.01090741 0.00178134 0.00252785 -0.00530841 0.00511170 -0.01592001 0.00749990 0.00193506
369.0  0.87239595 -0.08226069 0.00354840 0.01045126 0.00847967 0.00553477 -0.00419110 0.00807118 -0.01686169 -0.00831818
369.5  0.00025159 0.10866927 -0.01355105 0.01493366 -0.00958141 0.01080535 0.00430995 -0.00118774 0.02491099 0.01505025
370.0  -0.87047532 -0.06062538 0.00908045 -0.00077199 0.00305841 0.01119228 -0.00629160 -0.00791279 -0.02731454 -0.01881037
370.5  -0.84103786 -0.03002128 0.00384844 -0.01417344 0.00772075 0.00489624 0.00807854 0.01372894 0.02335489 0.02083278
371.0  0.03971359 0.09760326 -0.01383867 -0.01195181 -0.01018917 -0.00585196 -0.00539310 -0.01535106 -0.01350371 -0.02181447
371.5  0.87442062 -0.10024379 0.01063327 0.00482853 0.00247272 -0.01157582 0.00075707 0.01523743 -0.00113217 0.01993505
372.0  0.85816428 0.04949288 0.00390315 0.01601951 0.00774861 -0.01211537 0.00589010 -0.01043809 0.01623451 -0.01492039
372.5  0.03869152 0.03665147 -0.01391496 0.00713956 -0.00925056 -0.00449682 -0.01144315 -0.00138545 -0.02621220 0.00840917
373.0  -0.80827714 -0.10037208 0.01216369 -0.01018034 -0.00292715 0.00712818 0.01005546 0.00917713 0.02843975 -0.00083426
373.5  -0.92897087 0.10024757 -0.00126777 -0.01410528 0.01060903 0.01329209 -0.00347494 -0.01229777 -0.02059033 -0.00642766
374.0  -0.23075455 -0.06771455 -0.01183437 0.00087706 -0.00259457 0.01045092 -0.00207536 0.01532143 0.00336534 0.01699818
374.5  0.66467401 -0.00153258 0.01476148 0.01570861 -0.01018377 0.00059829 0.00872881 -0.00584175 0.01452678 -0.01909521
375.0  0.98405891 0.08080500 -0.00530091 0.00702513 0.00963117 -0.01008660 -0.01085838 -0.00596262 -0.02679324 0.01794786
375.5  0.46069388 -0.10286088 -0.00757381 -0.01197889 0.00427677 -0.01361492 0.00493449 0.01036831 0.02885675 -0.01833817
376.0  -0.45646244 0.09307122 0.01475318 -0.01609593 -0.01224689 -0.00820577 -0.00484353 -0.01457599 -0.01765046 0.00904263
376.5  -0.98304085 -0.05128670 -0.00993678 0.00176727 0.00415924 0.00201184 0.00162471 0.01094754 -0.00132104 -0.00008506
377.0  -0.68009948 -0.03396675 -0.00277786 0.01544146 0.00883230 0.01012189 0.01146769 -0.00871122 0.01997954 -0.00393663
377.5  0.19579829 0.08754827 0.01357116 0.01080167 -0.01242982 0.01257983 -0.01717380 0.01094523 -0.02583005 0.01283232
378.0  0.91050789 -0.10248799 -0.01331858 -0.00675398 -0.00225345 0.00543621 0.02177547 -0.01515140 0.01179749 -0.01562984
378.5  0.84195236 0.08784327 0.00149189 -0.01658051 0.01265325 -0.00165809 -0.00798701 -0.00720913 -0.00836163 0.01606236
379.0  0.02837657 -0.01224800 0.01182310 -0.00216677 -0.00416597 -0.00799315 -0.01961274 0.00368571 0.00617372 -0.01564193
379.5  -0.82167166 -0.06856029 -0.01437529 0.01230320 -0.00653281 -0.02238716 0.02772744 0.00619202 -0.00222455 0.01403495
380.0  -0.90282339 0.10240943 0.00276691 0.01014189 0.01044980 0.00354056 -0.03084334 -0.01501044 -0.00042136 -0.01500423
380.5  -0.09369688 -0.08736280 0.01172146 -0.00353587 0.00071310 0.00156219 0.00240093 0.01427106 0.00339702 0.00800820
381.0  0.81820861 -0.01075382 -0.01374073 -0.01467605 -0.01048719 0.00091683 0.01654829 -0.00793123 -0.00688078 -0.00290597
381.5  0.88440613 0.06820445 0.00001998 -0.00973944 0.00818355 0.00052972 -0.02646613 -0.00022432 0.00897016 0.00147596
382.0  0.01546948 0.10341269 0.01528783 0.00786447 -0.00041004 -0.00001880 0.03138820 0.00877771 -0.00850548 0.00421272
382.5  -0.87100628 0.06826229 -0.01248414 0.01514012 -0.01262145 0.00011004 -0.01829689 -0.01258969 0.00578231 -0.00863831
383.0  -0.82957091 -0.01734708 -0.00481835 0.00665833 0.01404191 -0.00110403 -0.00364023 0.01310066 -0.00224761 0.01308165
383.5  0.09079703 -0.09000631 0.01639506 -0.00967618 0.00112866 -0.00213357 0.01973913 -0.01237000 -0.00226606 -0.01728983
384.0  0.91303187 -0.09062614 -0.00954908 -0.01593234 -0.01261742 -0.00319116 -0.03076874 0.00655561 0.00503604 0.02058141
384.5  0.78595624 -0.02079915 -0.00798703 -0.00539870 0.00909325 -0.00035282 0.02941025 0.00305841 -0.00623262 -0.02300647
385.0  -0.14034664 0.05732069 0.01653653 0.01117501 0.00155746 -0.00155135 -0.01170349 -0.00783406 0.00718780 0.02430539
385.5  -0.92066507 0.08012254 -0.00705626 0.01829409 -0.00774729 -0.00190625 -0.00979603 0.01339236 -0.00638494 -0.02440954
386.0  -0.80405867 0.04094767 -0.00914014 0.00246302 0.00885653 0.00605832 0.02416694 -0.01719750 0.00376385 0.02450157
386.5  0.06340767 -0.01339155 0.01664529 -0.01307648 0.00412099 -0.00064477 -0.03060499 0.00954821 -0.00208237 -0.02014674
387.0  0.86430782 -0.03718034 -0.00831091 -0.01162308 -0.01183864 0.00392317 0.02153477 -0.00034807 -0.00070076 0.01637956
387.5  0.90181920 -0.02561041 -0.00771258 0.00263055 0.00429497 0.00231821 -0.00312871 -0.00962552 0.00620161 -0.01307565
388.0  0.17248934 -0.00791976 0.01673687 0.01291760 0.00969237 0.00226550 -0.00534028 0.01714983 -0.02168834 0.00393114
388.5  -0.69800239 -0.00952185 -0.01053585 0.00816512 -0.01062795 -0.00225168 0.00579010 -0.01449712 0.02843058 0.00400910
389.0  -0.98700144 -0.02505185 -0.00538549 -0.00780094 -0.00056475 0.00003059 -0.00737876 0.00424377 -0.02414352 -0.01133091
389.5  -0.44574966 -0.02539121 0.01603067 -0.01424340 0.01031821 -0.00141720 0.00543948 0.00584090 0.01262246 0.01908861
390.0  0.48331969 0.00927872 -0.01155045 -0.00258406 -0.01008461 0.00054542 -0.00335523 -0.01577469 0.00310973 -0.02247271
390.5  0.99311680 0.05917454 -0.00410082 0.01226608 -0.00244974 0.00285529 -0.00169926 0.01924992 -0.01694715 0.02476195
391.0  0.60362623 0.07573449 0.01682254 0.01261759 0.01256590 0.00268831 0.00810759 -0.01304762 0.02480181 -0.02339601
391.5  -0.35117749 0.02928387 -0.01161857 -0.00152835 -0.00839080 0.00187999 -0.00746179 0.00600665 -0.02779667 0.02226079
392.0  -0.97630625 -0.05253697 -0.00830168 -0.01417803 -0.00361411 -0.00147404 0.00362931 0.00512698 0.02379610 -0.02068797
392.5  -0.66442570 -0.10221517 0.01868616 -0.01134483 0.01154692 -0.00419732 0.00082591 -0.01773713 -0.01309358 0.01521254
393.0  0.29232286 -0.07449373 -0.00950419 0.00563245 -0.00586495 -0.00334064 -0.00664533 0.01844088 0.00149782 -0.01287121
393.5  0.96528966 0.01159520 -0.00984182 0.01651837 -0.00481665 -0.00099752 0.00865037 -0.01627452 0.01080107 0.00923103
394.0  0.68889884 0.09054354 0.01895726 0.00909673 0.01051766 0.00371900 -0.00550817 0.01174635 -0.02208422 -0.00416552
394.5  -0.27434673 0.10564627 -0.00736780 -0.00757578 -0.00459167 0.00438484 0.00231378 0.00256111 0.02642865 0.00211540
395.0  -0.96513970 0.05008765 -0.01155563 -0.01565248 -0.00530997 0.00226666 0.00388901 -0.01329035 -0.02569786 0.00198681
395.5  -0.67525703 -0.03692322 0.01841989 -0.00650220 0.01050052 -0.00103963 -0.00901031 0.01533267 0.02021486 -0.00625639
396.0  0.30844992 -0.10218271 -0.00476043 0.01035770 -0.00186984 -0.00543617 0.00551617 -0.02037075 -0.00810952 0.00928116
396.5  0.97419338 -0.10912495 -0.01361616 0.01625226 -0.00870968 -0.00400237 -0.00200509 0.01507184 -0.00608707 -0.01245280
397.0  0.63666932 -0.05109026 0.01640254 0.00422994 0.00825862 -0.00150020 0.00083309 -0.00081549 0.01842838 0.01593762
397.5  -0.35025601 0.04566158 -0.00285369 -0.01348184 -0.00096201 0.00360241 0.00232793 -0.00582649 -0.02709388 -0.01576577
398.0  -0.97686296 0.12903627 -0.01314667 -0.01745399 -0.00231448 0.00495615 -0.00078624 -0.00220548 0.03126258 0.01581802
398.5  -0.61728646 0.14331726 0.01685382 0.00299946 0.00954550 0.00337462 -0.00332624 -0.00630466 -0.02964771 -0.01282674
399.0  0.35935479 0.06585268 -0.00336067 0.01612880 0.00079935 -0.00108193 -0.00052842 -0.01338168 0.00959446 0.01007014
399.5  0.97333460 -0.06640993 -0.01395836 0.01162676 -0.01187493 -0.00453469 0.00275119 -0.01436773 0.01035897 -0.00546246
400.0  0.60281983 -0.16843727 0.01656180 -0.00612986 0.00858026 -0.00392051 -0.00270077 -0.00950491 -0.02344449 -0.00070455
400.5  -0.38432334 -0.16369360 -0.00407834 -0.01647253 0.00585126 -0.00042189 0.00704681 -0.00156116 0.03347739 0.00465138
401.0  -0.97640171 -0.04747418 -0.01253505 -0.00686837 -0.01452162 0.00317652 -0.00435537 0.00752114 -0.03140330 -0.00910210
401.5  -0.55680207 0.10039850 0.01680166 0.01095459 0.00652150 0.00468787 -0.00278979 0.01368918 0.01687387 0.01684304
402.0  0.43724689 0.17702217 -0.00555922 0.01448149 0.00849930 0.00239182 0.00473921 0.01491129 -0.00070078 -0.01803195
402.5  0.98221037 0.13705227 -0.01156469 0.00062284 -0.01292096 -0.00072923 -0.00730742 0.00956639 -0.01654406 0.01717722
403.0  0.54671096 0.01984757 0.01717258 -0.01363924 0.00195273 -0.00303953 0.00822694 -0.00084203 0.03142530 -0.01797492
403.5  -0.41339560 -0.09405507 -0.00736001 -0.00989317 0.00651052 -0.00321748 -0.00087557 -0.01037404 -0.03237974 0.01130088
404.0  -0.97898743 -0.14477894 -0.00808718 0.00571748 -0.00964486 -0.00198635 -0.00514191 -0.01550635 0.02188551 -0.00439574
404.5  -0.65047335 -0.11943162 0.01691697 0.01349533 0.00090251 -0.00046266 0.00743738 -0.01223293 -0.00440530 -0.00041121
405.0  0.25234623 -0.04251014 -0.01067569 0.00352346 0.01211133 0.00139722 -0.00871605 -0.00331186 -0.01738023 0.00863337
405.5  0.93119139 0.04722846 -0.00384868 -0.01114663 -0.01174296 0.00339573 0.00461520 0.00555786 0.03094784 -0.01411542
406.0  0.81152227 0.11229409 0.01622928 0.01161035 -0.00225889 0.00207276 0.00415973 0.01592844 -0.02981085 0.01688280
406.5  0.00956212 0.12506304 -0.01414944 0.00245701 0.01200658 -0.00162440 -0.00800157 0.01099602 0.01962814 -0.01827398
407.0  -0.79619029 0.07806037 -0.00051636 -0.01402103 -0.00684704 -0.00348240 0.00859478 0.00566188 0.00531734 0.01783642
407.5  -0.94667141 -0.00826386 0.01410501 0.00630284 -0.00616222 -0.00007002 -0.00279272 -0.00117763 -0.02403856 -0.01606022
408.0  -0.33178222 -0.09092993 -0.01642363 0.01039605 0.01248344 0.00367836 -0.00715150 -0.01325951 0.03156285 0.00985168
408.5  0.54845643 -0.12484047 0.00502884 -0.01192115 0.00056286 0.00524815 0.01154379 -0.01250118 -0.02501196 -0.00374924
409.0  0.98994874 -0.09069177 0.01111500 -0.00319328 -0.01241770 0.00631051 -0.00852823 -0.00574669 0.00562945 -0.00333581
409.5  0.62762282 -0.00876688 -0.01712992 0.01535100 0.00769729 -0.00055294 0.00197767 0.00111279 0.01512033 0.01113077
410.0  -0.26471170 0.07064847 0.00814840 -0.00781165 0.00499065 -0.00755896 0.01345986 0.01003554 -0.02577938 -0.01752210
410.5  -0.94183229 0.09869649 0.00848368 -0.00646193 -0.01334576 -0.00943017 -0.01762937 0.01158851 0.02777843 0.02155835
411.0  -0.77634005 0.06317812 -0.01790222 0.01205777 0.00811940 -0.00553103 0.00898886 0.00859513 -0.02232817 -0.02217544
411.5  0.12904729 -0.00143638 0.00836610 -0.00912498 0.00606204 0.00294987 0.00354641 0.00214671 0.00788352 0.02208644
412.0  0.92059831 -0.04660856 0.01070280 0.00000717 -0.01595913 0.00978153 -0.01589782 -0.00362875 0.00580213 -0.02076963
412.5  0.78077948 -0.05109018 -0.01724282 0.00657323 0.01327733 0.00976965 0.02042432 -0.00788131 -0.01655616 0.02001065
413.0  -0.17679748 -0.03140723 0.00450375 -0.00943165 0.00360620 0.00417112 -0.01208037 -0.00943732 0.02522123 -0.01696637
413.5  -0.95129377 -0.01011560 0.01360982 0.00821425 -0.01579028 -0.00406888 -0.00171666 -0.00673236 -0.02756100 0.01316832
414.0  -0.70666232 0.01081468 -0.01604966 0.00034901 0.01461243 -0.01066577 0.01314296 -0.00733229 0.02106642 -0.00869101
414.5  0.30344177 0.03652132 -0.00102364 -0.00921514 -0.00237624 -0.00955409 -0.02007880 -0.00279195 -0.01490187 0.00544485
415.0  0.98419839 0.05353052 0.01683679 0.01340498 -0.01163412 -0.00579186 0.01547988 0.00095720 0.00261813 -0.00179841
415.5  0.58555977 0.03318547 -0.01181893 -0.00720508 0.01608765 0.00612264 -0.00368962 0.00648974 0.01176399 -0.00256550
416.0  -0.45877411 -0.02433105 -0.00759013 -0.00706782 -0.00976241 0.00838509 -0.01081218 0.01261393 -0.01956170 0.00357895
416.5  -0.99550718 -0.07392433 0.01771942 0.01534188 -0.00562792 0.00599440 0.02030703 0.01065329 0.02746788 -0.00549597
417.0  -0.44071831 -0.06698714 -0.00562513 -0.01126109 0.01574018 0.00240254 -0.01624203 0.00883790 -0.02823912 0.01331486
417.5  0.58458992 -0.00340516 -0.01283186 -0.00327887 -0.01176652 -0.00148798 0.00854396 -0.00129851 0.02282482 -0.01529006
418.0  0.98693193 0.06397270 0.01483391 0.01393875 -0.00214220 -0.00375987 0.00461926 -0.00808060 -0.01013096 0.01802103
418.5  0.38285226 0.08533437 -0.00098610 -0.00907574 0.01370192 -0.00200453 -0.01754384 -0.01347176 -0.00559957 -0.02241871
419.0  -0.58855154 0.05170641 -0.01415601 -0.00896729 -0.00967101 0.00077204 0.01509475 -0.01374263 0.02078187 0.02617976
419.5  -0.99238240 -0.00833167 0.01510376 0.01646598 -0.00517948 0.00320820 -0.00422022 -0.00742358 -0.03144806 -0.02858060
420.0  -0.48058379 -0.06092043 0.00017221 -0.00368797 0.01382405 0.00156880 -0.00511937 0.00002760 0.03075019 0.02393588
420.5  0.46176715 -0.08570291 -0.01452020 -0.01433711 -0.00526476 -0.00239298 0.01812364 0.00838011 -0.02350483 -0.02225264
421.0  0.98880019 -0.07420187 0.01491073 0.01532352 -0.01081629 -0.00461433 -0.01615417 0.01276244 0.01006246 0.01761788
421.5  0.63395001 -0.02738476 -0.00259895 0.00292205 0.01366254 -0.00371332 -0.00040792 0.01318480 0.00773353 -0.00791796
422.0  -0.28713969 0.04272270 -0.01259082 -0.01887298 -0.00247770 0.00014606 0.01192579 0.00865333 -0.02022461 0.00109617
422.5  -0.94951089 0.10609890 0.01631457 0.00765037 -0.01369398 0.00468932 -0.02069095 -0.00074934 0.02832884 0.00774899
423.0  -0.76258452 0.12327316 -0.00573843 0.01433316 0.01259839 0.00662616 0.02056322 -0.00910596 -0.02955411 -0.01788137
423.5  0.09834207 0.07228501 -0.00957534 -0.01330332 0.00464742 0.00531095 -0.00115326 -0.01669526 0.01895672 0.02392240
424.0  0.86797307 -0.02922678 0.01693619 -0.00526086 -0.01537611 0.00108136 -0.01517644 -0.01575856 -0.00795193 -0.02792548
424.5  0.87674803 -0.12688784 -0.01004453 0.01629951 0.00539512 -0.00514497 0.02251890 -0.00771559 -0.00585895 0.02911943
425.0  0.11995928 -0.16129076 -0.00482755 -0.00381225 0.01130296 -0.00757986 -0.02531003 0.00173604 0.01868639 -0.02671369
425.5  -0.74506932 -0.10652892 0.01592126 -0.01292483 -0.01302319 -0.00901415 0.00689462 0.01239080 -0.02263672 0.02172757
426.0  -0.94604515 0.01067889 -0.01416093 0.01120792 -0.00358942 -0.00752793 0.01239442 0.01292980 0.02386372 -0.01473157
426.5  -0.27475492 0.12157794 -0.00062840 0.00580641 0.01788977 0.00508717 -0.02298822 0.01301446 -0.02101203 0.00422343
427.0  0.66483445 0.16009100 0.01491834 -0.01706257 -0.00978822 0.00536912 0.02502729 0.00803494 0.01080230 0.00645800
427.5  0.96505928 0.10494430 -0.01576904 0.00549431 -0.01202407 0.00830155 -0.01396917 0.00231388 0.00241000 -0.01501703
428.0  0.30802970 -0.00622736 0.00265708 0.01463751 0.01911241 0.00657410 -0.00549156 -0.00142537 -0.01058965 0.02597122
428.5  -0.66188200 -0.10529241 0.01265990 -0.01306955 0.00276742 0.00200322 0.01659430 -0.01038062 0.02120008 -0.03225285
429.0  -0.96522460 -0.13988255 -0.01577629 -0.01705644 -0.00555358 -0.00279768 -0.01925942 -0.01285572 -0.02976473 0.03480753
429.5  -0.29366185 -0.09665379 0.00540111 0.01887068 -0.01076979 -0.00689738 0.01667303 -0.01628024 0.02424269 -0.03281787
430.0  0.67454142 -0.00200713 0.01251310 0.00318855 0.01034574 -0.00599479 -0.00244740 -0.00975545 -0.01892214 0.02856402
430.5  0.96209621 0.09413316 -0.01804491 -0.02028067 0.00413620 -0.00363023 -0.01160105 -0.00181913 0.00470415 -0.02035217
431.0  0.27500543 0.13645617 0.00563525 0.01171690 -0.01506925 -0.00150848 0.01379620 0.00787507 0.01423299 0.00774750
431.5  -0.69437741 0.09582089 0.01183638 0.01307611 0.00721706 0.00148616 -0.01076159 0.01531103 -0.02643168 0.00346797
432.0  -0.95213221 -0.00793589 -0.01905436 -0.02118586 0.00818896 0.00237544 0.00119747 0.01612983 0.03218436 -0.01291637
432.5  -0.22897194 -0.10673320 0.00754677 0.00379761 -0.01366601 0.00056599 0.01177350 0.01241384 -0.02778431 0.02563932
433.0  0.72764985 -0.13125633 0.01155213 0.01817624 0.00442677 0.00237723 -0.01522997 0.00120684 0.01490224 -0.03145850
433.5  0.94391977 -0.06736103 -0.01881414 -0.01896122 0.00972282 0.00261938 0.00894591 -0.00829067 0.00227975 0.03441888
434.0  0.22609282 0.03281576 0.00786564 -0.00301336 -0.01475069 0.00197956 0.00019906 -0.01535220 -0.02175919 -0.03417473
434.5  -0.70258502 0.09818238 0.01058429 0.02067532 0.00546952 0.00174384 -0.01127166 -0.01825650 0.02849373 0.03049406
435.0  -0.96964361 0.09570549 -0.01904474 -0.01797118 0.00220535 -0.00256987 0.02119218 -0.00446606 -0.02364506 -0.02567883
435.5  -0.35345925 0.04455378 0.00952220 0.00215874 -0.01533296 -0.00432852 -0.01895535 -0.00292738 0.00773088 0.01786896
436.0  0.57856464 -0.01347869 0.00842134 0.01321416 0.01809708 -0.00320668 0.00491801 -0.01445376 0.00562722 -0.00938127
436.5  0.99524982 -0.04800852 -0.01880304 -0.01539574 0.00004332 -0.00236115 0.00426005 -0.02847961 -0.00796819 -0.00018223
437.0  0.51811677 -0.05551033 0.01085881 0.00055967 -0.01832785 -0.00514677 -0.01095328 -0.02710320 0.01491448 0.01119037
437.5  -0.43360918 -0.04726547 0.00769674 0.01638055 0.01249894 -0.00005243 0.02127744 -0.00734044 -0.01212047 -0.02050637
438.0  -0.98960198 -0.02924944 -0.01851362 -0.01461507 0.00688274 0.00620812 -0.01506103 -0.00655247 0.00663007 0.02866951
438.5  -0.62662449 0.00347830 0.01173136 -0.00453380 -0.01741101 0.00944477 0.00725919 0.02615543 0.00130329 -0.03600965
439.0  0.32021807 0.04640539 0.00729733 0.01742303 0.00679233 0.00766393 0.00074280 -0.03063508 -0.01130363 0.03933497
439.5  0.96707912 0.07433708 -0.01924993 -0.00951563 0.00996078 0.00016353 -0.01128638 0.02339867 0.01766533 -0.03996874
440.0  0.71851179 0.05846880 0.01094552 -0.00897620 -0.01460786 -0.00808673 0.01800213 -0.00727442 -0.01770167 0.04083826
440.5  -0.18849110 -0.00147751 0.00754610 0.01773483 0.00213770 -0.01037183 -0.01356441 -0.01717829 0.01402028 -0.03359024
441.0  -0.92228959 -0.06806521 -0.01883580 -0.00688149 0.01286597 -0.00673079 0.00259222 0.03040819 -0.00430484 0.02664146
441.5  -0.80842962 -0.09264429 0.01153277 -0.01148907 -0.01380722 -0.00041850 0.00784321 -0.02748199 -0.00683744 -0.02046596
442.0  0.05737223 -0.05443010 0.00760505 0.01839112 -0.00245883 0.01056579 -0.01590610 0.01817173 0.01535827 0.00755739
442.5  0.87335973 0.02044283 -0.01856344 -0.00451663 0.01582300 0.01109244 0.01437610 0.00013613 -0.02050950 0.00301835
443.0  0.85909521 0.07939739 0.01071460 -0.01243893 -0.01565702 0.00683846 -0.00552915 -0.01987109 0.02003862 -0.01198895
443.5  0.01782655 0.08647412 0.00906460 0.01539167 0.00616103 0.00048458 0.00210604 0.02772486 -0.01376504 0.02290803
444.0  -0.84039339 0.04423948 -0.01960851 -0.01355458 0.00532709 -0.01020532 -0.00637261 -0.02775345 0.00075817 -0.03164662
444.5  -0.89200280 -0.01875597 0.00880989 0.00236583 -0.01484288 -0.01039417 0.00794465 0.01603386 0.01639168 0.03814702
445.0  -0.10033705 -0.07235381 0.00959148 0.01102263 0.00983184 -0.00667653 -0.00267478 0.01501395 -0.01877552 -0.04341055
445.5  0.78081584 -0.09640112 -0.01857818 -0.01397520 0.00812248 -0.00215282 0.00333920 -0.02937216 0.00262260 0.04283973
446.0  0.93685780 -0.07745654 0.01013614 -0.00093991 -0.01614419 0.00750308 0.00002856 0.02896015 0.01196025 -0.03667281
446.5  0.22882544 -0.01279298 0.00878084 0.01645990 0.00415312 0.00803867 -0.01090850 -0.01874450 -0.01636560 0.02825063
447.0  -0.69136735 0.07597871 -0.01990306 -0.00936869 0.01548139 0.00992749 0.01597827 0.00043478 0.01793983 -0.01686365
447.5  -0.96437143 0.14041940 0.01257848 -0.00967327 -0.01526501 0.00189299 0.01451904 0.01502275 -0.01439030 0.00441399
448.0  -0.32091928 0.12776943 0.00680335 0.01510049 -0.00318910 -0.00530806 0.00283895 -0.02719437 0.00106532 0.00966028
448.5  0.63230111 0.02592832 -0.02009781 -0.00401936 0.01608293 -0.00734470 -0.00938552 0.02872292 0.00767978 -0.02023767
449.0  0.96911839 -0.10888224 0.01419738 -0.01417359 -0.01026715 -0.00382043 -0.02049951 -0.01900398 -0.01452535 0.02895356
449.5  0.35576945 -0.18352733 0.00503760 0.01523282 -0.00760656 0.00273598 -0.01955689 0.00709821 0.02188703 -0.03907062
450.0  -0.60568555 -0.13885846 -0.01929207 0.00454125 0.01874784 0.00626423 -0.00884233 0.01000799 -0.01747277 0.04060072
450.5  -0.97078902 -0.00020179 0.01606933 -0.01760394 -0.00569341 0.00571032 0.00932644 -0.02290161 0.01016870 -0.03837276
451.0  -0.37834210 0.13895901 0.00353767 0.00746646 -0.01512451 -0.00050881 0.02266385 0.02596298 -0.00367250 0.03572708
451.5  0.59214783 0.18463914 -0.01935058 0.01023303 0.01642617 -0.00713683 0.02244553 -0.02428614 -0.00788260 -0.02733107
452.0  0.97292743 0.11020758 0.01597787 -0.01556216 0.00128162 -0.00799564 0.00901894 0.01459721 0.01835379 0.01509058
452.5  0.36157621 -0.03105833 0.00201682 0.00292134 -0.01747386 -0.00035999 -0.01106667 0.00157955 -0.01912285 -0.00791159
453.0  -0.63027004 -0.14509961 -0.01903196 0.01473100 0.01613374 0.00853845 -0.02211383 -0.01311054 0.01848695 -0.00612706
453.5  -0.96250930 -0.16159897 0.01692880 -0.01522150 0.00322281 0.01313226 -0.01903229 0.02110439 -0.01246047 0.01788962
454.0  -0.27300810 -0.07387445 0.00346091 -0.00180646 -0.02009193 0.00786970 -0.00773260 -0.02581000 0.00237748 -0.02470937
454.5  0.70472686 0.06052815 -0.01958944 0.01269680 0.01565030 -0.00344514 0.00654580 0.02142888 0.00435174 0.03422317
455.0  0.93961924 0.15731677 0.01598081 -0.01276989 0.00001765 -0.01573166 0.01510041 -0.01779151 -0.00558703 -0.04061704
455.5  0.20757960 0.15559408 0.00332919 0.00988525 -0.01394262 -0.01942528 0.01503749 0.01961916 0.01399416 0.04373152
456.0  -0.72619591 0.05313789 -0.01954142 -0.00111506 0.01402725 -0.01061055 0.00888674 -0.01468635 -0.02237944 -0.04429109
456.5  -0.93926949 -0.08736303 0.01673679 -0.01151251 0.00114475 0.00470226 -0.00241811 0.00263000 0.02659723 0.03795405
457.0  -0.24701614 -0.17624797 0.00202915 0.01119606 -0.01538857 0.01696964 -0.00694860 0.01196497 -0.01978469 -0.02933774
457.5  0.67533241 -0.15584575 -0.01776538 0.00481893 0.01099372 0.02290957 -0.01250229 -0.01730430 0.00740119 0.01548996
458.0  0.96279231 -0.03884734 0.01838691 -0.01507599 0.00533357 0.01098187 -0.00834517 0.01925120 0.00424525 0.00019187
458.5  0.36152398 0.09634608 -0.00220155 0.00553658 -0.01539927 -0.00603915 -0.00096131 -0.01391098 -0.01878941 -0.01311928
459.0  -0.56510466 0.16423206 -0.01598574 0.00879435 0.00505282 -0.02145576 0.00274862 -0.00457014 0.02478482 0.02738108
459.5  -0.98527786 0.13251409 0.02002865 -0.01145443 0.01000818 -0.02253038 0.00686780 0.01819367 -0.02146107 -0.03788415
460.0  -0.54859406 0.03535521 -0.00682368 -0.00119164 -0.01095678 -0.00695472 0.00473893 -0.01991620 0.01321594 0.03699051
460.5  0.35019569 -0.06007564 -0.01345700 0.01028755 0.00082531 0.01216620 0.00516005 0.01793671 0.00262194 -0.03650143
461.0  0.95570402 -0.10591375 0.02193783 -0.00675211 0.01174903 0.02321148 0.00318298 -0.00183287 -0.01718180 0.02931506
461.5  0.78050721 -0.09506025 -0.01256081 -0.00580147 -0.00834892 0.01943359 -0.00028915 -0.01675791 0.02425511 -0.01352803
462.0  -0.03421275 -0.05083366 -0.00794744 0.01293728 -0.00938423 0.00129918 -0.00379264 0.01941760 -0.02335455 0.00226739
462.5  -0.82879918 -0.00169156 0.02133718 -0.00054746 0.01367442 -0.01140339 -0.00822621 -0.01981134 0.01188095 0.01006043
463.0  -0.92415880 0.03793415 -0.01580400 -0.01294366 -0.00050415 -0.01833546 0.01721176 0.00259911 0.00407857 -0.02149187
463.5  -0.19713816 0.06348889 -0.00558186 0.01013392 -0.01174953 -0.01430242 -0.00403097 0.00931209 -0.02108953 0.02983770
464.0  0.72459571 0.06694003 0.02164389 0.00633504 0.01072348 0.00130354 -0.00397397 -0.00473720 0.03109503 -0.03553802
464.5  0.95619637 0.03601178 -0.01398730 -0.00583975 0.01113543 0.01473445 0.01006811 -0.00760197 -0.02749809 0.03842128
465.0  0.23194897 -0.02541145 -0.00883741 -0.00915602 -0.01140759 0.02168338 -0.01616151 0.01181517 0.01561737 -0.03920897
465.5  -0.73538016 -0.07836663 0.02110298 0.01266542 -0.00070450 0.01731041 0.01008546 -0.00493572 0.00133883 0.03818941
466.0  -0.93750098 -0.07542414 -0.00977692 -0.00423213 0.01265314 0.00006187 -0.00380800 -0.00840875 -0.01634946 -0.03645029
466.5  -0.14574518 -0.01099180 -0.01421086 -0.00946262 -0.01619492 -0.01725438 -0.00136994 0.02099701 0.02066664 0.03433339
467.0  0.80456676 0.06287667 0.02110012 0.01169599 0.00586449 -0.02476701 0.01081342 -0.02417067 -0.02246139 -0.02929752
467.5  0.88761502 0.08283244 -0.00194951 -0.00780219 0.01026008 -0.01875967 -0.01294225 0.01887015 0.01981306 0.02300360
468.0  0.00621172 0.03760308 -0.01882804 0.00235785 -0.01399173 0.00019360 0.00857466 -0.01002707 -0.00959039 -0.01678793
468.5  -0.88173037 -0.02657557 0.01759111 0.00757560 0.01120051 0.01682484 -0.00417668 -0.00391416 -0.00115041 0.01017734
469.0  -0.81970142 -0.06067606 0.00400058 -0.01119230 0.00056139 0.02298553 -0.00171020 0.01768427 0.01193232 -0.00297104
469.5  0.10154954 -0.05667954 -0.02136432 0.00764143 -0.01875952 0.01829466 0.01023254 -0.02078653 -0.02247138 -0.00575252
470.0  0.90816537 -0.03323032 0.01485540 0.00675115 0.01394334 0.00226900 -0.01222561 0.01913016 0.02824625 0.01449886
470.5  0.82581915 -0.00193142 0.00661173 -0.01458469 0.00566753 -0.01260929 0.00644926 -0.01043254 -0.02440787 -0.02310300
471.0  -0.00649773 0.03876253 -0.02166118 0.00180855 -0.01396091 -0.02212612 0.00024406 -0.00603308 0.01093261 0.03203389
471.5  -0.81487092 0.08140862 0.01659810 0.01047255 0.00909710 -0.01734531 -0.00853343 0.01229945 0.00922747 -0.03764615
472.0  -0.94158781 0.10015263 0.00393360 -0.01162560 0.00817135 0.00038109 0.01207318 -0.00869348 -0.02779095 0.03864835
472.5  -0.32429741 0.06862877 -0.01983903 0.00026449 -0.01819537 0.01715040 -0.00460423 0.00063824 0.03315555 -0.03510578
473.0  0.53995966 -0.01613258 0.01949913 0.01519833 0.00202076 0.02169895 -0.00745045 0.01032383 -0.02120108 0.02538616
473.5  0.98290551 -0.11611878 -0.00376610 -0.01072709 0.01526757 0.01364778 0.00630505 -0.00753737 -0.00147444 -0.01390141
474.0  0.64382090 -0.16793094 -0.01642892 -0.00830569 -0.01278261 -0.00951714 -0.00908300 -0.00502748 0.02125483 0.00090096
474.5  -0.22967711 -0.12274232 0.02166488 0.01459573 -0.00668771 -0.02473264 -0.00453461 0.01634305 -0.03134113 0.00888616
475.0  -0.91548766 0.00874914 -0.00735504 -0.00469864 0.01839718 -0.02185835 0.01394336 -0.02278730 0.02766214 -0.01822521
475.5  -0.79534706 0.14637348 -0.01381443 -0.01040718 -0.00823242 -0.00697733 -0.00976341 0.01402061 -0.01342607 0.02302477
476.0  0.05578415 0.19316839 0.02240092 0.01338215 -0.01283471 0.01485497 0.00498082 0.00205231 -0.00241225 -0.02941781
476.5  0.86212247 0.10943467 -0.00900806 0.00232649 0.01800935 0.02578123 0.00809416 -0.01913140 0.01357670 0.03298560
477.0  0.83602604 -0.05029471 -0.01354110 -0.01547882 -0.00292648 0.01777833 -0.01926590 0.02961441 -0.01943578 -0.03327647
477.5  -0.03244351 -0.17467937 0.02233743 0.00886749 -0.01529072 -0.00047538 0.01580631 -0.02454582 0.01973712 0.03306848
478.0  -0.87764601 -0.17537407 -0.00700071 0.00756206 0.01433058 -0.02003618 -0.00587538 0.01198207 -0.01619441 -0.02960826
478.5  -0.78519098 -0.05100256 -0.01638456 -0.01610580 0.00022147 -0.02590321 -0.00642001 0.00311581 0.01063613 0.02290974
479.0  0.18346600 0.11086379 0.02315635 0.00756948 -0.01511163 -0.01430172 0.02243752 -0.01812209 -0.00700534 -0.01731664
479.5  0.94840392 0.19395031 -0.00145378 0.00922844 0.01547460 0.00296493 -0.02500942 0.02397799 0.00221167 0.01069182
480.0  0.61449188 0.13348782 -0.02147893 -0.01659210 -0.00099488 0.02150476 0.01523865 -0.02141700 0.00252796 -0.00164840
480.5  -0.43325689 -0.03172063 0.01742686 0.00750824 -0.01650316 0.02520940 0.00054145 0.01875679 -0.00629953 -0.00409817
481.0  -0.97449559 -0.18378988 0.00661896 0.00943167 0.01666931 0.01510357 -0.01783138 -0.00601778 0.01072244 0.01056882
481.5  -0.41312112 -0.20836344 -0.02490912 -0.01667790 0.00084901 -0.00042550 0.02321428 -0.00974418 -0.01681625 -0.02014904
482.0  0.59188668 -0.08201898 0.01426751 0.00665357 -0.01561377 -0.02318141 -0.01246838 0.01830061 0.01969353 0.02504106
482.5  0.95703573 0.10940758 0.01304682 0.00646524 0.01746795 -0.02538109 0.00554156 -0.02286711 -0.01729640 -0.02946171
483.0  0.33713693 0.23393488 -0.02648052 -0.00892984 -0.00868126 -0.01671369 0.01933037 0.01710087 0.01312201 0.03130581
483.5  -0.61235964 0.20583789 0.01394775 0.01696719 -0.00485695 0.00096518 -0.02040740 -0.00538285 0.00351525 -0.03245972
484.0  -0.95777474 0.04570719 0.01116358 -0.01002854 0.01567007 0.02109152 0.00598597 -0.00040712 -0.02113072 0.03145790
484.5  -0.38397669 -0.13730595 -0.02799002 -0.00860879 -0.01419402 0.02780819 0.00966042 0.00194562 0.02718001 -0.02680632
485.0  0.54916235 -0.22556472 0.02091415 0.01932150 -0.00642134 0.01450985 -0.02561727 0.00130809 -0.02600208 0.02019304
485.5  0.97339142 -0.17409656 0.00656480 -0.00610117 0.01888418 -0.00809698 0.02337255 -0.00067304 0.01529972 -0.01114616
486.0  0.52434480 -0.03312035 -0.02716998 -0.01582725 -0.00900082 -0.02580716 -0.00024001 -0.00230286 0.00033456 -0.00281847
486.5  -0.37646352 0.10302618 0.02449182 0.01491426 -0.01050698 -0.02408253 -0.01839820 0.00813722 -0.01278713 0.01457818
487.0  -0.95636526 0.16428338 -0.00139468 0.00313574 0.01691537 -0.00248488 0.02803641 -0.01063117 0.02015129 -0.02450483
487.5  -0.75674539 0.13838597 -0.02350682 -0.01660290 -0.00229290 0.02033606 -0.02094494 0.00609003 -0.02061213 0.03004333
488.0  0.04419966 0.05760472 0.02801369 0.01216444 -0.01327959 0.02736359 -0.00711403 0.00053854 0.01401266 -0.03165395
488.5  0.81242684 -0.03381340 -0.00994281 0.01050654 0.01363886 0.01319778 0.02564982 -0.00931575 -0.00448345 0.03119529
489.0  0.94075179 -0.09962711 -0.01471765 -0.01932238 0.00256862 -0.01244832 -0.02698209 0.01653098 -0.00517472 -0.02643911
489.5  0.31019949 -0.11594458 0.02825753 0.00198362 -0.01728007 -0.02627149 0.01670769 -0.01186642 0.01300704 0.02114338
490.0  -0.58362795 -0.07593232 -0.01483063 0.01337662 0.00979536 -0.02327098 0.00902427 0.00396897 -0.01758645 -0.01371332
490.5  -0.99111434 0.00528118 -0.01332050 -0.01417593 0.00721176 -0.00810991 -0.02412144 0.00537756 0.01973296 0.00565472
491.0  -0.54183608 0.08547406 0.02947574 -0.00019471 -0.01458897 0.02227685 0.01587586 -0.01741086 -0.01771369 0.00001103
491.5  0.38854555 0.11179085 -0.01490032 0.01145832 0.01196578 0.02257121 -0.01530224 0.01796866 0.00746739 -0.00833863
492.0  0.97538509 0.05986011 -0.01600351 -0.01160718 0.00056758 0.02335317 -0.00329517 -0.00785499 0.00549458 0.01530180
492.5  0.68156507 -0.03599869 0.02912847 0.00881890 -0.01465670 0.00713877 0.01395572 0.00158832 -0.02198807 -0.01806900
493.0  -0.23900394 -0.10181776 -0.01207178 0.00175785 0.01946567 -0.01136079 -0.00880438 0.00909543 0.03322282 0.02266278
493.5  -0.94349838 -0.08419859 -0.01799628 -0.01193230 -0.00696398 -0.02456417 0.00192847 -0.01254154 -0.03191370 -0.02582621
494.0  -0.75248268 0.00004483 0.02922259 0.01022349 -0.01288909 -0.02317643 0.00188556 0.00859071 0.01929557 0.02830032
494.5  0.18233817 0.07378952 -0.00639768 -0.00006492 0.01847550 -0.00858127 -0.01154553 -0.00981890 -0.00368723 -0.02648416
495.0  0.94297773 0.07144809 -0.02355203 -0.01129448 -0.00825270 0.01128364 0.01062774 0.00728094 -0.01499032 0.02600456
495.5  0.72586773 0.00549441 0.02636707 0.01232711 -0.00778994 0.02480711 -0.00175164 -0.00209545 0.03068945 -0.02787836
496.0  -0.26643373 -0.04730936 0.00192312 -0.00046455 0.01905057 0.02568874 -0.00073488 -0.00119476 -0.03486811 0.02307671
496.5  -0.97535771 -0.03511799 -0.02841995 -0.01045929 -0.01111366 0.01307645 0.00673428 0.00452531 0.03163654 -0.01941544
497.0  -0.63545485 0.01238800 0.02116379 0.01190794 -0.00785698 -0.00671281 -0.00421291 -0.01554322 -0.02047973 0.02042853
497.5  0.37939352 0.02851413 0.01002444 0.00005765 0.01730924 -0.02158663 -0.00976499 0.00663788 -0.00089664 -0.01265063
498.0  0.99156697 -0.00602400 -0.02966911 -0.01233801 -0.00870753 -0.02844752 0.00592632 0.00387771 0.02012471 0.00595987
498.5  0.57373367 -0.04339202 0.01753047 0.01186455 -0.00874006 -0.01742510 -0.01046680 -0.01015843 -0.03143260 -0.00163991
499.0  -0.43025337 -0.02895483 0.01458630 0.00067200 0.01725298 -0.00192313 0.00053437 0.02613714 0.02642112 -0.00465062
499.5  -0.99335723 0.03159396 -0.03089913 0.01311928 0.00133510 0.01614020 0.00377072 -0.02665286 -0.00413615 0.01051843
500.0  -0.54807722 0.07614851 0.01450334 0.00156905 -0.01714086 0.02513557 -0.01143674 0.00728125 -0.00188049 -0.01563719
500.5  0.44985094 0.05140610 0.01711320 -0.01125480 0.01035989 0.02150522 0.01147000 -0.01405884 0.01153575 0.01907559
501.0  0.99245120 -0.02726604 -0.03113129 -0.01077563 0.00603286 0.00711211 -0.00859275 -0.03045975 -0.01367518 -0.02193801
501.5  0.54550645 -0.08962852 0.01238175 0.00225881 -0.01526085 -0.01135488 -0.00018015 -0.03209383 0.01812483 0.02446059
502.0  -0.43265734 -0.08168817 0.01835543 0.01099880 0.00737677 -0.02410581 0.00925438 -0.02547931 -0.01063230 -0.02221237
502.5  -0.98820318 -0.01205430 -0.03049211 0.00562609 0.01036465 -0.02741781 -0.00557249 -0.00558615 0.00538122 0.01835870
503.0  -0.60971755 0.06409762 0.01389608 -0.00678103 -0.01494887 -0.01127841 -0.00086432 0.01522528 0.00437311 -0.01952596
503.5  0.33056163 0.09758266 0.01565575 -0.01212417 0.00180059 -0.01026937 -0.00131669 0.02904680 -0.01307246 0.01035708
504.0  0.96581247 0.07274412 -0.03089905 0.00023856 0.01182739 0.02776014 0.00241142 0.03282538 0.01491824 -0.00219142
504.5  0.71726538 0.00792689 0.01872297 0.01288225 -0.01103863 -0.02619961 -0.00191767 0.02292702 -0.01696560 -0.00427210
505.0  -0.19512444 -0.06392889 0.01128071 0.00757986 -0.00152015 0.00588354 0.00208782 0.00626701 0.01047635 0.01339357
505.5  -0.92911813 -0.10867872 -0.03118679 -0.00650521 0.01186382 0.01639096 0.00128209 -0.01277271 -0.00392463 -0.02040184
506.0  -0.77836342 -0.09726739 0.02130002 -0.01084235 -0.00651002 -0.02659496 -0.00487974 -0.02723025 -0.00139836 0.02469785
506.5  0.12791326 -0.02230281 0.00742193 -0.00147323 -0.00565361 0.02190208 0.00388463 -0.03360111 0.01037524 -0.02677997
507.0  0.90816582 0.08379375 -0.02924334 0.01120584 0.00955503 -0.00062400 -0.00106705 -0.02790391 -0.01483857 0.02418072
507.5  0.79449041 0.15422886 0.02531214 0.00884348 -0.00111856 -0.02227930 -0.00214824 -0.01050046 0.01571111 -0.01854565
508.0  -0.09673380 0.12969645 0.00217985 -0.00565598 -0.00657227 0.02516434 0.00604774 0.00933062 -0.01543102 0.01034549
508.5  -0.88899665 0.01143632 -0.02776137 -0.01152006 0.00888647 -0.01422381 -0.00573498 0.02593228 0.00921165 0.00001385
509.0  -0.81302468 -0.12761490 0.02799946 -0.00131629 -0.00063672 -0.00474093 0.00160592 0.03198511 0.00019924 -0.00906827
509.5  0.05384663 -0.18903321 -0.00387928 0.01192754 -0.00876985 0.02566394 0.00299452 0.02604065 -0.01008703 0.02026281
510.0  0.86818990 -0.12400460 -0.02391880 0.00919117 0.00546987 -0.02784791 -0.00714014 0.00996664 0.01683858 -0.02612929
510.5  0.83399427 0.02336393 0.02962136 -0.00508082 0.00433530 0.01298716 0.00664549 -0.00687054 -0.02008314 0.02544219
511.0  -0.01801289 0.14729541 -0.00854138 -0.01233070 -0.00742991 0.00295068 -0.00114573 -0.02273756 0.01516793 -0.02648837
511.5  -0.85326904 0.16320583 -0.02048091 -0.00419292 0.00166518 -0.01691087 -0.00530225 -0.03274491 -0.00561585 0.02219392
512.0  -0.86279051 0.07229817 0.03089969 0.00953185 0.00608878 0.03031183 0.02078657 -0.02059313 -0.00176260 -0.01511548
512.5  -0.05043300 -0.04899900 -0.01185422 0.01217600 -0.00734943 -0.01591403 -0.00380755 -0.00627680 0.01837376 0.00973851
513.0  0.80688392 -0.11742279 -0.01777454 -0.00148050 0.00006889 0.00061082 -0.01484850 -0.00662186 -0.01595123 -0.00033800
513.5  0.92239340 -0.10343016 0.02982560 -0.01235961 0.00756103 0.00852193 0.03027967 0.00932519 0.00339729 -0.00911946
514.0  0.20658026 -0.03509894 -0.01411952 -0.00569118 -0.00662488 -0.01268544 -0.03711496 -0.00855427 0.01437319 0.01773796
514.5  -0.69387139 0.03754550 -0.01608189 0.00822223 -0.00276803 0.00746913 0.01496607 0.00746412 -0.02309704 -0.02367108
515.0  -0.97717303 0.07681910 0.03056533 0.01199886 0.00970471 -0.00556216 0.01561111 -0.00326134 0.02161522 0.02763126
515.5  -0.37916083 0.06846432 -0.01414210 0.00096659 -0.00497978 0.00845555 -0.03047583 -0.00454508 -0.01526313 -0.03121567
516.0  0.56998400 0.02093767 -0.01606599 -0.01184426 -0.00472760 -0.00647436 0.03462727 0.01106526 0.00058516 0.02964179
516.5  0.99408662 -0.03940067 0.03000137 -0.01199161 0.00833041 -0.00204195 -0.01695245 -0.01231322 0.01301610 -0.02624858
517.0  0.48853048 -0.07285168 -0.01215687 0.00102618 -0.00304262 0.01080323 -0.01476429 0.00668749 -0.01994960 0.02339971
517.5  -0.47280369 -0.05075722 -0.01890533 0.01324839 -0.00069425 -0.01482277 0.03023518 0.00219318 0.02312694 -0.01579283
518.0  -0.99236527 0.01534117 0.02945593 0.01169197 0.00470132 0.01153044 -0.03020053 -0.01028570 -0.01834478 0.00829572
518.5  -0.60513244 0.07338843 -0.00965260 -0.00156195 -0.00491392 0.00151825 0.01667985 0.01549806 0.00650986 -0.00628327
519.0  0.32059921 0.07128164 -0.01992143 -0.01340105 -0.00028942 -0.01639972 0.01352944 -0.01121638 0.00427845 -0.00267666
519.5  0.95922517 0.00536092 0.02924674 -0.00990683 0.00267624 0.02245104 -0.03075010 0.00259603 -0.01478632 0.00981324
520.0  0.75228479 -0.07265576 -0.00944590 0.00648522 -0.00178081 -0.01771999 0.02582175 0.00445291 0.02008225 -0.01578475
520.5  -0.12263758 -0.09295038 -0.01930271 0.01522243 0.00286525 0.00389935 -0.01139272 -0.01223046 -0.01762592 0.02258675
521.0  -0.89161848 -0.03020204 0.02935198 0.00740640 0.00104038 0.02290113 0.00272217 0.01250115 0.01437404 -0.02710283
521.5  -0.84611345 0.06663146 -0.01048911 -0.00939454 -0.00323194 -0.04084503 -0.00160816 -0.00643995 -0.00887403 0.02872014
522.0  -0.00538123 0.11153383 -0.01864021 -0.01560224 0.00399629 0.03459812 -0.00003519 0.01126392 0.00043517 -0.02969055
522.5  0.84541749 0.05708756 0.02932723 -0.00453272 0.00480742 -0.01232247 0.00317800 -0.01215672 0.00874739 0.02809514
523.0  0.87571344 -0.05248347 -0.01123802 0.00999372 -0.00133437 -0.01640096 -0.00754676 0.01087396 -0.01919596 -0.02382761
523.5  0.04034860 -0.11783235 -0.01854292 0.01506078 0.00072811 0.03528786 0.01173970 -0.01017857 0.02370840 0.01770978
524.0  -0.83837562 -0.07811178 0.02973840 0.00181776 0.00220962 -0.03529653 -0.00914251 0.00416149 -0.02330446 -0.00920483
524.5  -0.87193188 0.03069927 -0.01064574 -0.01396161 -0.00278964 0.01565198 0.00225517 0.00327173 0.01870401 0.00033028
525.0  -0.01097367 0.10869192 -0.01889490 -0.01417331 -0.00101063 0.01324105 0.00513925 -0.00929925 -0.00749505 0.01150756
525.5  0.86668949 0.08781891 0.02937157 0.00154249 0.00416346 -0.03200585 -0.01218543 0.01177656 -0.00508272 -0.02089112
526.0  0.83131473 -0.00741589 -0.00907450 0.01521620 -0.00233545 0.03190585 0.01393559 -0.00870709 0.01412808 0.02901212
526.5  -0.09757925 -0.08809202 -0.02126776 0.01237775 -0.00136179 -0.01650188 -0.00789440 0.00341318 -0.02337811 -0.03359336
527.0  -0.92318910 -0.08822542 0.02881677 -0.00404307 0.00260281 -0.01041384 -0.00038826 0.00388498 0.02532616 0.03621962
527.5  -0.74939076 -0.01880300 -0.00681852 -0.01638271 -0.00101407 0.03252945 0.00849298 -0.01028332 -0.02011663 -0.03452255
528.0  0.22593245 0.05841115 -0.02250218 -0.00855394 -0.00179911 -0.03301737 -0.01323582 0.00868761 0.01494881 0.02824922
528.5  0.95774857 0.08896230 0.02942191 0.00854331 0.00241246 0.01873863 0.01292989 -0.00595650 -0.00468756 -0.01927766
529.0  0.70249747 0.06006849 -0.00624386 0.01384936 0.00060749 0.00417835 -0.00803069 0.00259041 -0.00933014 0.00882983
529.5  -0.25226873 -0.00744793 -0.02271194 0.00206880 -0.00438084 -0.03152891 -0.00202690 0.00476725 0.01778853 0.00402988
530.0  -0.95361021 -0.07527288 0.02923145 -0.01204431 0.00393615 0.03899297 0.01109960 -0.01149778 -0.02327532 -0.01450341
530.5  -0.73039546 -0.10274486 -0.00855105 -0.01059510 -0.00049645 -0.02309629 -0.01346351 0.02061800 0.02067413 0.02188577
531.0  0.19347751 -0.06549398 -0.01945855 0.00705654 -0.00680949 0.00257845 0.01073628 -0.01925447 -0.00617426 -0.02982546
531.5  0.92989473 0.02230182 0.02983273 0.01380584 0.00412687 0.02100577 0.00679841 0.00789927 -0.00624831 0.03239079
532.0  0.77519809 0.10691015 -0.01369273 0.00271702 0.00387424 -0.03092939 -0.02541988 0.00892116 0.01539926 -0.03053280
532.5  -0.11743288 0.12622710 -0.01421025 -0.01502999 -0.00403997 0.02231177 0.01865392 -0.02413384 -0.02043707 0.02661700
533.0  -0.89495693 0.05947813 0.02973354 -0.00953590 0.00013349 -0.00804344 -0.00544983 0.03066138 0.01769582 -0.01697016
533.5  -0.83422031 -0.04871742 -0.01993737 0.00997309 0.00282340 -0.01119238 -0.00763275 -0.02552585 -0.00726238 0.00545829
534.0  -0.01051936 -0.12337637 -0.00620763 0.01437671 -0.00415551 0.02457198 0.02507237 0.00799115 -0.00675065 0.00596298
534.5  0.81862907 -0.11530680 0.02724848 -0.00140537 -0.00294474 -0.02235144 -0.01909393 0.01234700 0.02029487 -0.01720822
535.0  0.91861176 -0.03681500 -0.02638687 -0.01550049 0.00587698 0.00693249 -0.00121141 -0.02729237 -0.02721246 0.02477179
535.5  0.20591117 0.05154029 0.00371419 -0.00713768 0.00219643 0.01144994 0.01360295 0.03383482 0.02549399 -0.02770021
536.0  -0.69286773 0.09063186 0.02216842 0.01178351 -0.00636614 -0.02325489 -0.02443371 -0.02307175 -0.01277186 0.02369070
536.5  -0.97666216 0.06447719 -0.02971766 0.01355125 0.00315599 0.01994272 0.01807849 0.00170847 -0.00334077 -0.01708599
537.0  -0.37454341 0.00731268 0.01090300 -0.00416914 0.00249142 -0.00513705 0.00757807 0.01891079 0.01523314 0.01332950
537.5  0.57579642 -0.03089422 0.01815034 -0.01559680 -0.00890251 -0.00834942 -0.02386136 -0.03769017 -0.01901976 -0.00413338
538.0  0.99575182 -0.03127569 -0.02994147 -0.00733137 0.00225289 0.01499518 0.02832629 0.04038866 0.01304816 -0.00517326
538.5  0.49281362 -0.01337862 0.01399188 0.01076256 0.00723844 -0.01458829 -0.01886254 -0.02200769 -0.00162804 0.00823756
539.0  -0.46428281 -0.00400308 0.01612513 0.01784332 -0.00241166 0.00588075 -0.00955302 -0.00080891 -0.00487290 -0.01721913
539.5  -0.99344649 -0.00676721 -0.03104467 0.00213123 -0.00082297 -0.00105427 0.03427469 0.02392290 -0.00008908 0.02345108
540.0  -0.61176242 -0.00597125 0.01361565 -0.01337288 0.01280481 0.00693372 -0.03764062 -0.03606829 0.01387316 -0.02095821
540.5  0.33515615 0.00664453 0.01717889 -0.01258628 -0.00770171 -0.00473866 0.01887868 0.02757738 -0.02097361 0.02299342
541.0  0.97409939 0.01984014 -0.02941950 0.00107756 -0.00660892 -0.01368259 0.00364306 -0.01233291 0.01853979 -0.02332383
541.5  0.69043662 0.01851841 0.01154095 0.01385410 0.01588183 0.03334125 -0.01625654 -0.00082010 -0.00867406 -0.02809360
542.0  -0.26373875 0.00395566 0.01880031 0.00978686 -0.01173958 -0.03812549 0.01309399 0.01043939 -0.00935817 -0.03050062
542.5  -0.96263912 -0.00668497 -0.02825047 -0.00415299 -0.00609504 0.02024280 -0.00640844 -0.01356492 0.02425177 -0.02677371
543.0  -0.71132785 -0.00836632 0.00642912 -0.01357386 0.02033289 0.00926234 -0.00028091 0.01351927 -0.03068969 -0.02306861
543.5  0.23931506 -0.01126149 0.02270317 -0.01016554 -0.01540233 -0.03234923 0.01065363 -0.01280841 0.03194333 -0.01808847
544.0  0.95235385 -0.02256165 -0.02684700 0.00425921 -0.00387778 0.03767824 -0.00946759 0.01262986 -0.02240993 -0.01124314
544.5  0.75076810 -0.02737948 0.00166297 0.01340192 0.02055903 -0.02059311 -0.00034472 -0.00853994 0.00551514 -0.00370676
545.0  -0.15512731 -0.00174860 0.02465932 0.00892394 -0.01591595 -0.00805042 0.00465216 -0.00407061 0.01043285 0.00464393
545.5  -0.91274451 0.04830636 -0.02506407 -0.00732872 -0.00206784 0.03031491 -0.00794853 0.01758788 -0.02527814 0.01284701
546.0  -0.82281715 0.08101079 0.00038958 -0.01518308 0.01690072 -0.03160039 0.00678358 -0.02399415 0.03445735 0.01864160
546.5  0.03551049 0.05121810 0.02520215 -0.00483011 -0.01711488 0.00935809 0.00078460 0.02178169 -0.03373126 0.02315418
547.0  0.86245149 -0.03941613 -0.02495679 0.00985426 -0.00355396 0.01746610 -0.00117594 -0.00818306 0.02616360 0.02653556
547.5  0.86046948 -0.12229071 -0.00197889 0.01285445 0.01985184 -0.03092455 -0.00339498 -0.01047624 -0.01164929 0.03125526
548.0  0.01689222 -0.11534128 0.02694579 0.00216340 -0.01147226 0.02256859 0.00488880 0.01913305 -0.00697458 0.03357538
548.5  -0.84214301 -0.00493430 -0.02312829 -0.01085994 -0.00649780 0.00029838 0.00291924 -0.02162128 0.02472502 0.03210633
549.0  -0.86634427 0.12532446 -0.00535280 -0.01229804 0.01827098 -0.01922953 -0.01556058 0.01379313 -0.03757663 0.02692375
549.5  -0.03937972 0.16366074 0.02780261 0.00120479 -0.01024703 0.02198605 0.02108094 0.00480285 0.03850475 0.02065461
550.0  0.82255867 0.07218124 -0.02131492 0.01402847 -0.00867336 -0.01154770 -0.01500451 -0.01892057 -0.02606129 0.01252504
550.5  0.88261996 -0.07946889 -0.00708972 -0.00299462 0.02075614 -0.00331048 -0.00303013 0.01928618 0.00554355 0.00449797
551.0  0.08076824 -0.17206099 0.02845733 -0.00424032 -0.00897881 0.01071373 0.02378978 -0.00820438 0.01697727 -0.00230723
551.5  -0.80471161 -0.13348324 -0.02056903 -0.01100107 -0.01445919 -0.00874067 -0.03111093 -0.01513253 -0.02660464 -0.01099275
552.0  -0.88707329 0.00548459 -0.00866302 -0.00381218 0.02075865 0.00297439 0.01989419 0.03570203 0.02347604 -0.01871726
552.5  -0.06193017 0.13622202 0.03231287 0.00770755 -0.00305547 0.00601759 0.00836459 -0.03662719 -0.01559254 -0.02519869
553.0  0.83047822 0.16326559 -0.02001037 0.00941793 -0.01561758 -0.00712704 -0.02562335 0.00111783 0.00811921 -0.02938380
553.5  0.86058444 0.07236368 -0.01258785 0.00171119 0.01880980 0.00083210 0.01048527 0.02981920 -0.00626908 -0.03225140
554.0  0.00604128 -0.06605886 0.03037436 -0.00841849 -0.00232786 0.01150625 0.01512176 -0.04016405 0.00740731 -0.03317397
554.5  -0.84705993 -0.16079744 -0.01602374 -0.00930433 -0.01728801 -0.02904295 -0.02013009 0.03544489 -0.00645908 -0.02995581
555.0  -0.86351501 -0.15703406 -0.01240856 0.00158510 0.01682513 0.03024986 0.00596092 -0.01615297 0.00075302 -0.02148175
555.5  -0.06439206 -0.05864161 0.02959529 0.01013746 0.00385440 -0.01029645 -0.00790070 -0.00953207 0.00886205 -0.01023534
556.0  0.78431564 0.08097568 -0.01960305 0.00728796 -0.01915786 -0.02094794 0.01802963 0.02292985 -0.01847897 0.00197509
556.5  0.91889412 0.18611626 -0.00743162 -0.00727956 0.00906485 0.03881455 -0.02726085 -0.01639450 0.02193808 0.01247359
557.0  0.22964370 0.19354083 0.02820605 -0.01449799 0.00960597 -0.02740823 0.02329713 -0.00405295 -0.01490639 0.02094975
557.5  -0.66570037 0.08694340 -0.02412817 0.00330373 -0.01380372 0.00551276 0.00533893 0.00403232 0.00018553 0.02625119
558.0  -0.95623309 -0.07915360 -0.00171285 0.01234884 -0.00370124 0.01881201 -0.02374394 0.02023270 0.01249336 0.02982978
558.5  -0.36561735 -0.20602918 0.02593511 0.00609290 0.01588142 -0.03507484 0.01954427 -0.03827836 -0.01102939 0.02969465
559.0  0.56655853 -0.21220029 -0.02627039 -0.00411736 -0.01139615 0.02080910 -0.00739863 0.03838308 -0.00085193 0.02632760
559.5  0.97033571 -0.09247964 0.00354502 -0.01280193 -0.00891601 -0.00052283 -0.00730435 -0.01539156 0.00659339 0.02082129
560.0  0.46743666 0.07414793 0.02300183 -0.00474796 0.01985103 -0.02212763 -0.01726782 -0.01337264 0.00216858 0.01341180
560.5  -0.47415617 0.18471745 -0.02914953 0.00882652 -0.00393321 0.03415455 -0.01693715 0.03032200 -0.01233609 0.00568979
561.0  -0.97724866 0.18220017 0.00748097 0.00931359 -0.01667817 -0.02325822 -0.00576483 -0.03406370 0.01920200 -0.00292753
561.5  -0.56030663 0.08277923 0.02104804 -0.00236332 0.01562236 -0.00588040 0.01051837 0.02630768 -0.02135270 -0.01072135
562.0  0.40088321 -0.04545216 -0.02971999 -0.00935287 0.00096498 0.02836416 0.01974577 -0.00647745 0.01324611 -0.01686179
562.5  0.97996836 -0.13051343 0.00908606 -0.00715733 -0.01652752 -0.03432644 0.01639633 -0.01308670 -0.00182718 -0.02234604
563.0  0.57991618 -0.13587388 0.02114811 0.00325583 0.01374137 0.01999916 0.00462296 0.02586016 -0.00860056 -0.02553522
563.5  -0.41590864 -0.07025706 -0.02901905 0.01061672 0.00343037 0.01069496 -0.01011807 -0.03114914 0.01957292 -0.02663644
564.0  -0.98640529 0.02780379 0.00696907 0.00651548 -0.01554554 -0.03272272 -0.01808048 0.02484809 -0.02559963 -0.02615645
564.5  -0.54673240 0.10687024 0.02299767 -0.00513231 0.01219151 0.03496451 -0.01560869 -0.00886832 0.02327349 -0.02363087
565.0  0.43860865 0.12267881 -0.02953745 -0.01156950 0.00532324 -0.01553270 -0.00669675 -0.00942444 -0.01709448 -0.02035113
565.5  0.98570498 0.06459759 0.00502120 -0.00398863 -0.01448602 -0.01484519 0.00543123 0.02541043 0.00419614 -0.01473512
566.0  0.59531477 -0.03362971 0.02548580 0.00778022 0.00395574 0.03486925 0.01602542 -0.03139316 0.01263859 -0.00708634
566.5  -0.33743376 -0.11083425 -0.03121643 0.00919611 0.00684336 -0.03303301 0.01450003 0.02098510 -0.02351611 0.00099737
567.0  -0.96159747 -0.11671913 0.00635617 0.00409672 -0.01126101 0.00773172 0.00786488 -0.00172511 0.02659575 0.00838070
567.5  -0.73055523 -0.04990437 0.02503582 -0.00933310 0.00346767 0.01965652 -0.00112893 -0.01790261 -0.01787213 0.01222712
568.0  0.14868695 0.04146827 -0.03182485 -0.01187668 0.00903978 -0.03557673 -0.01619088 0.02764298 -0.00192904 0.01528322
568.5  0.89882885 0.09602361 0.00789135 0.00117740 -0.01125656 0.03219992 -0.01249834 -0.02410161 0.01674195 0.01983003
569.0  0.84690358 0.08496548 0.02475801 0.01194275 0.00139460 -0.00692789 -0.00639461 0.00981235 -0.02765494 0.02639317
569.5  0.03399507 0.02965921 -0.03255103 0.00892461 0.01186196 -0.02462730 -0.00099859 -0.00535852 0.02495727 0.02613914
570.0  -0.81065303 -0.02401169 0.00731457 -0.00531332 -0.00803464 0.03052828 0.03775625 0.00771440 -0.01627210 0.02565323
570.5  -0.92893873 -0.04907147 0.02477366 -0.01390731 -0.00378106 -0.03180436 0.03393931 0.01111505 0.00425310 0.02085358
571.0  -0.21342989 -0.05100258 -0.03301338 -0.00535278 0.01040923 0.00871988 0.01527071 -0.00810838 0.01097739 0.01685359
571.5  0.69846392 -0.04502267 0.00830983 0.00989333 -0.00617567 0.01954145 -0.01382634 0.01355490 -0.02151918 0.01313256
572.0  0.97348830 -0.03080942 0.02492208 0.01380444 -0.00465256 -0.03474496 -0.03280903 -0.01360403 0.02645919 0.00690922
572.5  0.32983853 0.00581315 -0.03245830 0.00050910 0.01328343 0.02466274 -0.03463217 0.00317315 -0.02527371 0.00016267
573.0  -0.64294987 0.06137504 0.00571552 -0.01310010 -0.00551611 0.00102529 -0.01710673 0.00412822 0.01767207 -0.00512347
573.5  -0.97410287 0.09499532 0.02792956 -0.01243279 -0.00789274 -0.02606696 0.00976809 -0.01050653 -0.00649944 -0.00826410
574.0  -0.29471476 0.05928093 -0.03012290 0.00093802 0.01316507 0.03426725 0.03162966 0.01597007 -0.00531776 -0.01081396
574.5  0.69743083 -0.03891114 -0.00268287 0.01310449 -0.00817328 -0.01742087 0.03677342 -0.01007274 0.01659302 -0.01328236
575.0  0.94631810 -0.12243158 0.03238454 0.01193716 -0.00584336 -0.00911699 0.02167375 0.00178871 -0.02414962 -0.01966870
575.5  0.19608857 -0.11248903 -0.02513937 -0.00197309 0.01513856 0.02888927 -0.00684117 -0.00017996 0.02858006 -0.02282220
576.0  -0.75124780 -0.00921521 -0.01140974 -0.01266899 -0.01135637 -0.03308196 -0.02853964 -0.00719648 -0.02596337 -0.02490640
576.5  -0.92791343 0.10654598 0.03501446 -0.01163669 -0.00337871 0.01148554 -0.03796586 0.01173995 0.01604699 -0.02520272
577.0  -0.17935772 0.14539026 -0.01914502 0.00144174 0.01704828 0.01505751 -0.02304614 -0.00731884 -0.00309091 -0.02583071
577.5  0.74259287 0.08178128 -0.01769891 0.01493418 -0.01075554 -0.02986923 0.00712941 0.00449713 -0.01575747 -0.02363672
578.0  0.93757110 -0.03662137 0.03519360 0.01071461 -0.00572807 0.02555708 0.02587309 0.00510333 0.02975850 -0.02032494
578.5  0.21614791 -0.12974279 -0.01478344 -0.00527923 0.01478110 -0.00190351 0.03698082 -0.02121708 -0.02508148 -0.01640693
579.0  -0.71685349 -0.14125191 -0.02115220 -0.01209623 -0.00848449 -0.02015332 0.02413405 0.02386160 0.01285094 -0.00970904
579.5  -0.94850341 -0.06804191 0.03519394 -0.00748870 -0.00830763 0.03033464 -0.00272377 -0.00902112 0.00156662 -0.00360300
580.0  -0.26288119 0.04630624 -0.01233270 0.00464053 0.01488274 -0.01648196 -0.02666725 -0.00980986 -0.01663759 0.00224481
580.5  0.66591304 0.14021918 -0.02232090 0.01325890 -0.00479536 -0.00773955 -0.03864279 0.02564526 0.01904315 0.00851075
581.0  0.96805764 0.16567015 0.03558843 -0.00573510 -0.01056515 0.02672777 -0.02808584 -0.03157455 -0.01266557 0.01310935
581.5  0.39383650 0.10520804 -0.01584662 -0.00980265 0.01173950 -0.03156084 -0.00175778 0.01613203 0.00710894 0.01907973
582.0  -0.52195720 -0.01856188 -0.01721002 0.01311967 0.00070925 0.01280377 0.01724479 0.01499314 0.00443929 0.02135581
582.5  -0.97589424 -0.14752018 0.03519961 -0.00078316 -0.01389695 0.01373711 0.03816634 -0.01761187 -0.01300097 0.02178337
583.0  -0.57678283 -0.21193442 -0.02398979 -0.01164430 0.00906166 -0.02911491 0.02976652 0.02638584 0.01155473 0.01881727
583.5  0.33130706 -0.16648772 -0.00771743 0.00835748 0.00847089 0.02323938 0.01608749 -0.02840139 -0.00736792 0.01219306
584.0  0.94527051 -0.02513871 0.03243353 0.00664446 -0.01507805 0.01918612 -0.01331221 0.01087111 -0.00077814 0.00522625
584.5  0.69889600 0.13647376 -0.02960250 -0.01170188 0.00048928 0.00646300 0.03396885 0.01347993 -0.00065487 -0.00346760
585.0  -0.19700911 0.22273480 0.00120998 -0.00034739 0.01357464 -0.01187796 -0.04127920 -0.02151635 0.01149717 -0.01072800
585.5  -0.91173992 0.18292485 0.02830522 0.01381503 -0.00951929 -0.02181410 -0.02960390 0.02478605 -0.01904658 -0.01590192
586.0  -0.77083549 0.04516613 -0.03254915 -0.00553825 -0.00747190 -0.02209272 0.00602518 -0.02130273 0.01245267 -0.01955484
586.5  0.09622362 -0.10666078 0.00838969 -0.01797724 0.01130206 -0.01001614 0.02288791 0.00801287 -0.00377504 -0.02028017
587.0  0.87600496 -0.19086151 0.02267970 0.01274580 0.00502922 0.00375584 -0.03978266 0.00709733 0.01009339 -0.01872398
587.5  0.83075818 -0.17135519 -0.03435015 0.01291121 -0.01020610 0.02460984 0.03548063 -0.01650128 -0.01873197 -0.01626931
588.0  -0.01036722 -0.06577013 0.01397628 -0.01867657 -0.00083266 0.02241911 -0.01634821 0.02198169 0.02013367 -0.01790502
588.5  -0.84866647 0.06957455 0.01951283 0.00304250 0.01286897 0.01025412 -0.01486049 -0.01935889 -0.01567911 -0.01166367
589.0  -0.85052501 0.16376979 -0.03447708 0.01567699 -0.00863254 -0.00769324 0.03664965 0.00977727 0.00633400 -0.00315665
589.5  0.00934095 0.16346500 0.01530089 -0.01463407 -0.00642509 -0.02459016 -0.03890968 0.00083999 0.00720074 0.00374443
590.0  0.86281496 0.06354788 0.01946123 -0.00549869 0.01222456 -0.02211971 0.02524376 -0.01107403 -0.01810016 0.01112585
590.5  0.82729308 -0.07800315 -0.03439950 0.01816362 -0.00457808 -0.00820741 0.00278906 0.01771064 0.02215459 0.01751707
591.0  -0.05642048 -0.16972922 0.01459979 -0.00974165 -0.00702127 0.01038900 -0.02971538 -0.01728134 -0.02403431 0.02381705
591.5  -0.87912008 -0.14946807 0.02021253 -0.01223317 0.00957757 0.02440693 0.04041906 0.00952199 0.01907974 0.02734456
592.0  -0.82007964 -0.03295924 -0.03476680 0.01922620 -0.00166647 0.02046390 -0.03094371 0.00209588 -0.00749625 0.02815523
592.5  0.04876467 0.09913093 0.01480589 -0.00179733 -0.01032658 0.00392399 0.00455749 -0.00990278 -0.00341567 0.02709645
593.0  0.86996266 0.15946450 0.01956691 -0.01808360 0.00831053 -0.01497403 0.02483592 0.01311646 0.01490997 0.02269605
593.5  0.84065797 0.11584343 -0.03462716 0.01555554 0.00354779 -0.02506909 -0.03951727 -0.01045646 -0.02470660 0.01773393
594.0  -0.01506421 0.00753208 0.01475316 0.00512282 -0.00821245 -0.01649952 0.03635113 0.00129625 0.02537457 0.01210285
594.5  -0.85904781 -0.08943904 0.02029413 -0.02082604 0.00235858 -0.00026734 -0.01144562 0.00554299 -0.02236085 0.00413177
595.0  -0.85988640 -0.12085306 -0.03414067 0.01190174 0.00685108 0.01688258 -0.01965792 -0.00814832 0.01374319 -0.00525427
595.5  -0.02418784 -0.08541134 0.01308052 0.01018537 -0.00268284 0.02667900 0.03689857 0.01101711 0.00494637 -0.01342022
596.0  0.83011741 -0.01636689 0.02119283 -0.01724509 -0.01256690 0.01589636 -0.03785799 -0.00462162 -0.01926298 -0.01956832
596.5  0.90466095 0.05005857 -0.03447204 0.00248172 0.01201503 -0.00116395 0.01389816 -0.00920574 0.02607600 -0.02322545
597.0  0.15882003 0.09242052 0.01299307 0.01274885 0.00553974 -0.01783246 0.02002935 0.01849018 -0.01954694 -0.02316518
597.5  -0.72220534 0.09869280 0.02187670 -0.00761672 -0.01579460 -0.02858192 -0.03587226 -0.00998328 -0.00134785 -0.02530266
598.0  -0.96826918 0.06044576 -0.03414270 -0.00695622 0.00790307 -0.01095785 0.02986193 -0.00597238 0.01919607 -0.02609886
598.5  -0.36640363 -0.01593564 0.01397523 0.01166699 0.00666153 0.00735380 -0.00344684 0.02292487 -0.02153164 -0.02682793
599.0  0.56340239 -0.09674479 0.02082748 -0.00486001 -0.01620281 0.01829868 -0.03017562 -0.02443850 0.01282554 -0.02680663
599.5  0.98810469 -0.13016791 -0.03370274 -0.00758142 0.00545356 0.02543723 0.03771978 0.01179377 0.00113489 -0.02234181
600.0  0.49692717 -0.07931466 0.01186249 0.01101040 0.01201686 0.00808107 -0.02084403 0.00227371 -0.01115315 -0.01912565
600.5  -0.46760844 0.03311447 0.02213157 -0.00345397 -0.01640130 -0.01348627 -0.00257028 -0.01870487 0.01642170 -0.01540328
601.0  -0.98505149 0.13068318 -0.02964271 -0.00872105 0.00548268 -0.02329156 0.02806326 0.02808701 -0.01559292 -0.01126170
601.5  -0.55762518 0.14021038 0.00632331 0.00962786 0.01156838 -0.01977085 -0.04051387 -0.02434959 0.01030998 -0.00481056
602.0  0.39873187 0.05528963 0.02393854 0.00094225 -0.01696785 0.00065769 0.02310361 0.01529682 -0.00454258 -0.00029377
602.5  0.97613530 -0.06319399 -0.03055525 -0.00731211 0.00449727 0.01956207 0.00483783 0.00183446 -0.00254928 0.00425893
603.0  0.63999508 -0.13977103 0.00749504 0.00407183 0.01176545 0.02483107 -0.02687724 -0.02109916 0.00743611 0.00695822
603.5  -0.29266158 -0.13398952 0.02396396 0.00550783 -0.01367013 0.01625142 0.03904511 0.02893312 -0.01002898 0.01142334
604.0  -0.95363260 -0.05638948 -0.03190415 -0.00929368 -0.00082843 -0.00507204 -0.02634142 -0.02845705 0.01074882 0.01625529
604.5  -0.71704942 0.04869895 0.00789016 0.00130591 0.01450582 -0.02048935 -0.00273519 0.01768777 -0.00683965 0.02108911
605.0  0.20383084 0.13239422 0.02314733 0.01055959 -0.00992344 -0.02267819 0.02740905 0.00511207 0.00277325 0.02325531
605.5  0.92960454 0.15495928 -0.03164503 -0.01120371 -0.00483888 -0.02356669 -0.02889750 -0.02392857 0.00019098 0.02292757
606.0  0.75879551 0.09949290 0.01032076 -0.00070797 0.01311474 0.00585199 0.02542591 0.03392429 -0.00142084 0.02036468
606.5  -0.13820153 -0.01718827 0.02091452 0.01519649 -0.00441710 0.02123244 -0.00339659 -0.03405060 -0.00558021 0.01756016
607.0  -0.89683781 -0.14142479 -0.03260893 -0.01093848 -0.00807032 0.02791922 -0.02053544 0.00763377 0.00526428 0.01420620
607.5  -0.80606527 -0.20282858 0.01527953 -0.00149207 0.01036942 0.02104462 0.00875953 0.01785211 0.02384088 0.00788472
608.0  0.03845226 -0.15640031 0.01552377 0.00937135 -0.00320975 0.00104755 0.00870913 -0.01169751 -0.04033657 0.00172516
608.5  0.84500412 -0.01515846 -0.03281898 -0.00402047 0.00898342 -0.01843255 -0.01450066 -0.00577266 0.04112994 -0.00657204
609.0  0.85072058 0.14561381 0.02091734 -0.00746658 0.00935971 -0.02725893 0.01492945 0.01872486 -0.02600465 -0.01392750
609.5  0.03135576 0.22773235 0.00905819 0.01148145 -0.00436161 -0.02406118 -0.00634583 -0.01693287 -0.00064485 -0.01888812
610.0  -0.82608922 0.17442720 -0.03126254 0.00316765 -0.01125350 -0.00826847 -0.00387080 0.01119219 0.02403319 -0.02178609
610.5  -0.84803660 0.01515144 0.02438832 -0.01382102 -0.00266563 0.01014489 0.01068452 -0.00149153 -0.03877379 -0.01926644
611.0  0.01042517 -0.14949926 0.00465819 0.00668393 0.01058570 0.02407680 -0.01159343 -0.01464943 0.04400938 -0.01432112
611.5  0.86100086 -0.21692606 -0.02942371 0.00892417 0.01009337 0.02704671 0.00669750 0.02385242 -0.03239818 -0.00960653
612.0  0.81156557 -0.15367232 0.02660061 -0.01431732 -0.00383211 0.01782128 -0.00162417 -0.02213804 0.00068674 -0.00316491
612.5  -0.08007142 -0.00469282 0.00321359 0.00137602 -0.01213399 0.00286339 -0.00562283 -0.00261197 0.01534441 0.00094119
613.0  -0.88710141 0.14199454 -0.03085061 0.01350854 -0.00397070 -0.01266229 0.00437253 0.03081947 -0.01250259 0.00833911
613.5  -0.79140357 0.20706626 0.02795533 -0.01136894 0.00862060 -0.02167812 0.01166164 -0.04584196 0.00331041 0.01786933
614.0  0.10297850 0.15513655 -0.00037773 -0.00550681 0.01202178 -0.01987258 -0.02293229 0.03430498 0.00399124 0.02456249
614.5  0.89319571 0.01256011 -0.02832085 0.01612531 0.00087346 -0.00800402 0.01719359 -0.01314967 -0.01028004 0.02636796
615.0  0.78240846 -0.14133045 0.02919979 -0.00098062 -0.01386619 0.00750400 0.00218457 -0.00675577 0.01349469 0.02343008
615.5  -0.11614717 0.21166832 -0.00066277 -0.01250009 -0.00603330 0.01728974 -0.02631873 0.02368703 -0.00775088 0.01956311
616.0  -0.89451595 -0.16246758 -0.02700029 0.01268228 0.00686342 0.03149692 0.02906822 -0.02939942 0.00026288 0.01868412
616.5  -0.78992101 0.01496424 0.02934214 0.00281858 0.00670356 -0.00235229 -0.03097585 0.02358920 0.00504236 0.01433627
617.0  0.07130506 0.12940419 -0.00343956 -0.01694896 -0.00097302 -0.00425917 0.00266858 -0.00936531 -0.01139845 0.00678730
617.5  0.85859772 -0.20363602 -0.02573553 0.00909598 -0.00581944 -0.00763485 0.02576546 -0.01026017 0.00853845 -0.00127056
618.0  0.86077259 0.18667489 0.02927349 0.01002790 -0.00430786 -0.00804661 -0.03819307 0.02598000 0.00249970 -0.00955549
618.5  0.11371973 -0.06318974 -0.01030081 -0.01615254 0.00285932 0.00106780 0.03061447 -0.02971400 -0.01112139 -0.01684684
619.0  -0.72608734 -0.08633753 -0.02022489 -0.00151588 0.00499434 0.00569110 -0.00016576 0.01901554 0.01697124 -0.02113661
619.5  -0.95147393 0.18279510 0.03374404 0.01542687 0.00054599 0.00816020 -0.02973714 0.00318160 -0.01257771 -0.02360937
620.0  -0.36636348 -0.20713368 -0.01789341 -0.00816720 -0.00445812 0.00649164 0.03512032 -0.02507723 -0.00257753 -0.02330212
620.5  0.53203246 0.11582983 -0.01466383 -0.00852200 -0.00603835 -0.00385506 -0.02071563 0.03040213 0.01551999 -0.02087550
621.0  0.97425723 0.04713196 0.03436763 0.01452929 0.00050199 -0.00723602 -0.00793289 -0.01791961 -0.02120213 -0.01565804
621.5  0.56335643 -0.16982226 -0.02171028 -0.00175718 0.00537474 -0.00797558 0.03136076 -0.00830883 0.01702385 -0.00975531
622.0  -0.34899071 0.20648236 -0.01172195 -0.01507447 0.00174056 -0.00337912 -0.02522662 0.03239259 -0.00315492 -0.00384217
622.5  -0.94981454 -0.12394461 0.03360236 0.01395658 -0.00118040 0.00668426 0.00111072 -0.03361983 -0.01221251 0.00238999
623.0  -0.70866530 -0.04500443 -0.02298211 0.00413750 -0.00446440 0.00523797 0.01893018 -0.00896506 0.02194246 0.01043645
623.5  0.16751564 0.17919009 -0.01152131 -0.01513038 -0.00313477 0.01890932 -0.02496010 0.01287496 -0.02156249 0.01754328
624.0  0.89865882 -0.20155273 0.03422795 0.00851879 0.00529670 0.01007888 0.01733449 0.03810847 0.00909656 0.02123740
624.5  0.79533602 0.09463847 -0.02071952 0.00633176 0.00732127 0.00315941 0.02445567 0.02767754 -0.00193707 0.02377554
625.0  -0.07995111 0.08376785 -0.01647428 -0.01278737 -0.00041005 -0.00862031 0.00926267 0.02507080 0.01615181 0.02516928
625.5  -0.88628638 -0.20212737 0.03577679 0.00887446 -0.00551826 -0.01624842 -0.01918684 0.02403514 0.02016442 0.02603764
626.0  -0.77663359 0.17159585 -0.01348228 0.00708263 -0.00637733 -0.01523547 -0.04062136 0.01637282 0.01620623 0.02705006
626.5  0.16439175 -0.00705042 -0.02545498 -0.01366198 -0.00130751 0.00204346 -0.04088938 0.00244005 0.00921822 0.02524559
627.0  0.92918155 -0.16533061 0.03447962 0.00853667 0.00522551 0.00712042 -0.01700076 -0.01323007 0.00573098 0.02429284
627.5  0.68811278 0.20265928 -0.00364905 0.00921629 0.00657839 -0.01054619 0.01107492 -0.02469410 0.00222090 0.02385192
628.0  -0.28808519 -0.09699901 -0.03142135 -0.01852130 0.00231716 0.00651400 0.03329883 -0.03150944 -0.00224295 0.02126995
628.5  -0.95523765 -0.07072400 0.03112368 0.00650312 -0.00439662 0.00014310 0.04088057 -0.02750071 -0.00478030 0.01670473
629.0  -0.64341075 0.20117920 0.00260223 0.01296151 -0.00589346 -0.00413983 0.02741897 -0.01547334 -0.00648679 0.01098732
629.5  0.30227109 -0.19096992 -0.03341745 -0.01411145 -0.00078228 0.01072084 -0.00101668 0.00142565 -0.00785164 0.00462828
630.0  0.95089223 0.06073364 0.02991425 0.00121865 0.00464291 -0.00863328 -0.02884053 0.01859701 -0.00724633 -0.00412583
630.5  0.67998985 0.08749106 0.00341961 0.01218397 0.00546282 -0.00166238 -0.04183602 0.02904373 -0.00787151 -0.01385089
631.0  -0.24211628 -0.19766221 -0.03321342 -0.01400514 -0.00213113 0.00333813 -0.03157078 0.02922475 -0.00696992 -0.02401819
631.5  -0.92780194 0.19783847 0.03083255 -0.00445826 -0.00783800 -0.00871976 -0.00272197 0.01942904 -0.00439698 -0.03014473
632.0  -0.74727490 -0.07376176 0.00010410 0.01832528 -0.00532067 0.00911691 0.02636858 0.00251416 0.00080928 -0.03031939
632.5  0.11472935 -0.07206034 -0.03129432 -0.00476562 0.00327728 0.00164748 0.04161619 -0.01549202 0.00590652 -0.02773431
633.0  0.86744855 0.17921657 0.03508647 -0.01172818 0.00815684 -0.00355729 0.03329812 -0.02837897 0.00922770 -0.02261638
633.5  0.86205238 -0.21147698 -0.00825015 0.01253580 0.00363894 0.00666197 0.00519446 -0.02968170 0.00988765 -0.01416378
634.0  0.13553973 0.13039795 -0.02439369 0.00241645 -0.00134406 -0.00687568 -0.02396329 -0.01941616 0.00910047 -0.00349900
634.5  -0.70313354 0.00506972 0.03724041 -0.01414153 -0.00566184 -0.00378816 -0.04193154 -0.00103475 0.00617683 0.00893335
635.0  -0.95880133 -0.13179610 -0.02086756 0.00438015 -0.00076100 0.00449200 -0.03489537 0.01594529 0.01342889 0.01983266
635.5  -0.39950703 0.20875858 -0.01371221 0.01074294 0.00530628 -0.00706222 -0.00809045 0.01947832 0.02671634 0.02546796
636.0  0.51703343 -0.17937314 0.03647415 -0.01120601 0.00410800 0.00602379 0.01933760 0.02133964 0.02364967 0.02869884
636.5  0.97488209 0.05528523 -0.02713383 -0.00246880 -0.00360813 -0.00140607 0.03762526 -0.01714356 0.00593257 0.02897337
637.0  0.51270786 0.09867415 -0.00450946 0.01476196 -0.00778554 0.00451209 -0.03710699 0.01008526 -0.00961224 0.02451778
637.5  -0.45614483 -0.20002065 0.03717139 -0.01059676 -0.00073892 -0.00511052 0.02131687 0.00901181 -0.02231063 0.01790978
638.0  -0.97454282 0.18490392 -0.03043683 -0.00809992 0.00378765 -0.00847179 -0.00022208 -0.01767501 -0.02961245 0.00721700
638.5  -0.50360444 -0.06424636 -0.00363314 0.01797972 0.00324193 0.02681963 -0.01171666 0.02542718 -0.02192667 -0.00606703
639.0  0.48544445 -0.09733604 0.03340154 -0.00828142 -0.00038338 -0.03221622 0.01607613 -0.02294467 -0.01128261 -0.01391937
639.5  0.97396220 0.20515078 -0.02915950 -0.01199290 -0.00242736 0.01924986 -0.01558041 0.01365835 0.00503636 -0.02152800
640.0  0.45113956 -0.18103715 -0.00246754 0.01785963 -0.00107286 0.00422736 0.01389491 -0.00033385 0.02065259 -0.02673049
640.5  -0.55062754 0.05310896 0.03295115 -0.00035895 0.00544224 -0.02603157 -0.00725512 -0.01812414 0.02790201 -0.02901918
641.0  -0.96899318 0.10237010 -0.02629679 -0.01739728 0.00330799 0.03237782 0.00104376 0.02811755 0.02879208 -0.02971723
641.5  -0.34040031 -0.20822472 -0.00574654 0.01377440 -0.00174214 -0.02065861 0.00195079 -0.02440948 0.02106676 -0.02456303
642.0  0.65563164 0.17756032 0.03404155 0.00398838 -0.00566792 -0.00072785 -0.01109945 0.01850824 0.00743018 -0.01966705
642.5  0.94170367 -0.02581562 -0.02527880 -0.01889794 -0.00547456 0.02078319 0.01823044 -0.00702413 -0.00567299 -0.01419006
643.0  0.22137246 -0.12368983 -0.00958100 0.01409536 0.00015094 -0.03211330 -0.01876131 -0.01009956 -0.01940589 -0.00843159
643.5  -0.72568430 0.20325055 0.03403120 0.01018250 0.00695408 0.02355414 0.01517502 0.01683190 -0.02729416 -0.00125270
644.0  -0.92679262 -0.17469612 -0.02355377 -0.02315621 0.00470733 -0.00665243 0.00095931 -0.01800654 -0.02687541 0.00890093
644.5  -0.22347796 0.02744032 -0.01142045 0.00629287 -0.00117830 -0.00601581 -0.01618782 0.02644917 -0.01626541 0.01960429
645.0  0.68607786 0.12769878 0.03511182 0.01884304 -0.00352153 0.01837725 0.02823691 -0.01948189 -0.00364943 0.02637458
645.5  0.95325518 -0.20001803 -0.02406844 -0.02572763 -0.00097760 -0.01740836 -0.02408225 -0.00152749 0.02024428 0.02990551
646.0  0.33439430 0.17408391 -0.01049470 0.00549784 -0.00237370 0.00461294 0.00620934 0.01448716 0.02372312 0.02971708
646.5  -0.59089482 -0.03531546 0.03561198 0.01800109 0.00720637 0.00654763 0.01211719 -0.03100231 0.02025108 0.02805503
647.0  -0.97067202 -0.13366230 -0.02514955 -0.02163755 -0.00517888 -0.00985442 -0.02546415 0.03362274 0.01425135 0.02631682
647.5  -0.45527690 0.20679659 -0.01024633 0.00099819 -0.00344499 0.00751839 0.03015518 -0.02192217 0.00286759 0.02037777
648.0  0.47820296 -0.15256372 0.03521539 0.02143625 0.00827453 0.00298430 -0.00878042 0.00211306 -0.00812037 0.01494568
648.5  0.97246733 -0.00003256 -0.02510935 -0.01828431 -0.00495660 -0.00958335 -0.01568869 0.01786320 -0.01857667 0.00725819
649.0  0.60284740 0.15762813 -0.01123120 -0.00641166 -0.00368767 0.00737697 0.02617932 -0.03340931 -0.02481248 -0.00209784
649.5  -0.28246537 -0.20912638 0.03565094 0.02183913 0.00874514 -0.00146324 -0.02722527 0.03098252 -0.02364600 -0.01047866
650.0  -0.92276830 0.13001909 -0.02481112 -0.01277916 -0.00398486 -0.00753182 0.00808808 -0.01541904 -0.01263400 -0.01792142
650.5  -0.79788991 0.03082777 -0.00853146 -0.01158161 -0.00582197 0.00891238 0.01801251 -0.00746056 0.00322257 -0.02426170
651.0  -0.02198323 -0.16867027 0.03616623 0.02384462 0.01052483 -0.00005089 -0.02829444 0.02906706 0.01669251 -0.02961366
651.5  0.77451580 0.20386562 -0.03023114 -0.00571414 -0.00324235 -0.01018342 0.02704633 -0.02823829 0.02818486 -0.03174038
652.0  0.93344950 -0.12684695 -0.00549112 -0.00812210 -0.01913281 0.00946693 -0.01309642 0.01584136 0.02142192 -0.03068358
652.5  0.31500494 -0.03680109 0.03575112 0.00405233 0.02344021 -0.00282402 -0.01699541 -0.00273245 0.00984025 -0.02500620
653.0  -0.57123449 0.17304346 -0.03237148 0.00070978 -0.00000403 -0.01195247 0.03708265 -0.00626606 -0.00431467 -0.01906296
653.5  -0.97619887 -0.19944823 -0.00252333 0.00084608 -0.02438324 0.01983214 -0.03648118 0.00535554 -0.02143114 -0.01336434
654.0  -0.53645120 0.13335885 0.03436949 -0.00359708 0.02156181 -0.00858869 0.01497529 -0.00455667 -0.02608075 -0.00938792
654.5  0.37236978 0.01909209 -0.03343246 -0.00270538 0.00701889 -0.00478045 0.01540820 0.00848617 -0.02272349 -0.00118436
655.0  0.95537016 -0.16790204 0.00040485 0.00428436 -0.02840144 0.01875276 -0.03708654 -0.01025012 -0.01102582 0.00643146
655.5  0.66941424 0.20137209 0.03447899 -0.00038401 0.01755876 0.01028124 0.04118491 0.00449445 0.00565626 0.01087003
656.0  -0.26987864 -0.13353054 -0.03408481 -0.00018570 0.01421710 0.00758186 -0.02046073 -0.00047236 0.01642993 0.01389635
656.5  -0.95005269 -0.01657357 -0.00218781 0.00265876 -0.03027486 -0.00263347 -0.01451994 -0.00655468 0.02370894 0.01867146
657.0  -0.62753205 0.17893950 0.03624422 -0.00132714 0.01508183 -0.01073404 0.04015879 0.01224395 0.02465856 0.02396374
657.5  0.39915936 -0.20297924 -0.02927245 -0.00408958 0.01316087 -0.01212042 -0.04434502 -0.01142732 0.01875405 0.02661139
658.0  0.97520219 0.06996032 -0.01284694 0.00578413 -0.02857670 -0.00820187 0.02815509 0.00678569 0.01294298 0.02770500
658.5  0.38719823 0.10559971 0.03799441 -0.00039709 0.01725542 0.00071427 -0.00176592 -0.00056295 0.00350196 0.02719833
659.0  -0.67163396 -0.20498140 -0.01511869 -0.00786886 0.01043758 0.00947951 -0.02633956 -0.00566563 -0.00617919 0.02702772
659.5  -0.91571651 0.14434586 -0.02545008 0.01038767 -0.02799927 0.01233925 0.04358663 0.00937740 -0.01433597 0.02628130
660.0  -0.07247035 0.04078011 0.03779381 -0.00295366 0.01978394 0.00961539 -0.03713154 -0.01199350 -0.02186851 0.02459270
660.5  0.84821814 -0.18916858 -0.00478405 -0.00894957 0.00639161 0.00098690 0.01575917 0.00826910 -0.02406641 0.02134795
661.0  0.80557618 0.18831878 -0.03440859 0.01460270 -0.02514408 -0.00874845 0.01478846 -0.00228749 -0.02205826 0.01744079
661.5  -0.11919665 -0.05405583 0.03326785 -0.00713643 0.01691653 -0.00982614 -0.03933915 -0.00148453 -0.01521211 0.01096695
662.0  -0.90820978 -0.11801002 0.00482156 -0.01197890 0.00790464 -0.01162892 0.04058269 0.00756539 -0.00440943 0.00440141
662.5  -0.75416242 0.20617820 -0.03739466 0.01919515 -0.02324096 0.00116840 -0.02019605 -0.01180270 0.00764279 -0.00522875
663.0  0.14917934 -0.16184401 0.03131424 -0.00320652 0.01232964 0.01177935 -0.01436487 0.00819697 0.01834614 -0.01449865
663.5  0.89647324 0.02362027 0.00603434 -0.01747823 0.01265578 0.00920284 0.04024452 -0.00531554 0.02510563 -0.02176987
664.0  0.81280122 0.13060023 -0.03715574 0.01887833 -0.02057485 0.01018748 -0.03905668 0.00679408 0.02061878 -0.02622741
664.5  0.02875246 -0.20363270 0.03501842 0.00610889 0.00315526 -0.00317586 0.01688157 0.00579631 0.01090373 -0.02672717
665.0  -0.76697327 0.18044206 -0.00404163 -0.03081485 0.00868300 -0.01211497 0.01698034 -0.01159521 -0.00364832 -0.02515318
665.5  -0.94513145 -0.09417592 -0.03014699 0.01518768 -0.00659010 -0.01020010 -0.03793212 0.01683364 -0.02079995 -0.01874296
666.0  -0.40362677 -0.04628518 0.04048801 0.02383557 0.00300908 -0.00751304 0.03208324 -0.02074317 -0.01929757 -0.00790462
666.5  0.43730885 0.15642089 -0.02255509 -0.02814302 -0.00063528 0.00487233 -0.01241079 0.00570098 -0.01946960 0.00521924
667.0  0.95598804 -0.19899844 -0.01378016 -0.00899630 -0.00432044 0.01287329 -0.01182604 0.01395829 -0.00801163 0.01718268
667.5  0.74159928 0.18934870 0.03907697 0.03265182 0.00408870 0.00893580 0.03344370 -0.03015238 0.00826228 0.02628977
668.0  -0.05415082 -0.08209112 -0.03559995 -0.00849497 0.00217924 0.00340940 -0.02935858 0.02659817 0.01491915 0.02735854
668.5  -0.81710496 -0.06029731 0.00436688 -0.02765133 -0.00409503 -0.00890388 0.01036845 -0.00968582 0.02208811 0.02543739
669.0  -0.90719787 0.15964304 0.03197074 0.02498366 0.00000611 -0.01325754 0.01363476 -0.00579496 0.01983702 0.02089377
669.5  -0.21326389 -0.21158056 -0.03915037 0.01145109 0.00271059 -0.00704632 -0.03986737 0.01762739 0.01068429 0.01406394
670.0  0.66988969 0.14828700 0.01601161 -0.03187418 -0.00428040 0.00183839 0.03445462 -0.02202219 0.00150554 0.00469972
670.5  0.95811403 0.01010297 0.02452142 0.01021606 0.00069102 0.01184471 -0.00938997 0.01699692 -0.01023126 -0.00651422
671.0  0.35844445 -0.14601354 -0.04056770 0.02572828 0.00279735 0.01262624 -0.01336474 -0.00504235 -0.01788090 -0.01708152
671.5  -0.59444446 0.20473228 0.01570004 -0.02829547 -0.00121539 0.00536797 0.03864632 -0.00794291 -0.02078421 -0.02461571
672.0  -0.96536995 -0.13381543 0.02574783 -0.00049798 0.00083588 -0.00159011 -0.03845243 0.01549866 -0.02040886 -0.02786384
672.5  -0.35030441 -0.05109261 -0.03949386 0.02680885 -0.00322451 -0.01786959 0.00514958 -0.02301654 -0.01273827 -0.02728675
673.0  0.64320581 0.19444960 0.00814844 -0.02624180 -0.00039294 -0.01503677 0.01368433 0.01814346 -0.00559188 -0.02781720
673.5  0.94351199 -0.17603743 0.03317123 -0.00085441 0.00552363 -0.01166567 -0.03617856 -0.00650233 0.00718245 -0.02886740
674.0  0.19685350 0.01235456 -0.03397960 0.02502343 -0.01357432 -0.00233382 0.04083910 -0.00391792 0.01783462 -0.02727639
674.5  -0.76821719 0.16537132 -0.00678764 -0.02249898 0.01427243 0.01092916 -0.02277311 0.01948834 0.01867538 -0.02644637
675.0  -0.88175554 -0.19785705 0.03786625 0.00203490 0.00244963 0.01749518 -0.00699265 -0.02221132 0.02186821 -0.02634331
675.5  -0.03727334 0.06420554 -0.02399295 0.01496209 -0.02161745 0.01498427 0.02853046 0.01725703 0.01379595 -0.02398971
676.0  0.84057190 0.11855893 -0.01858560 -0.01608302 0.01917494 0.00391107 -0.04196547 -0.00424650 0.00226123 -0.02055547
676.5  0.83898568 -0.21342459 0.04037493 0.00059012 0.00211034 -0.01195543 0.03874239 -0.00451766 -0.00675798 -0.01452490
677.0  -0.01110118 0.13692335 -0.01537998 0.01499394 -0.02166048 -0.01934086 -0.01662977 0.02196917 -0.01560341 -0.00693455
677.5  -0.84638269 0.03731855 -0.02715342 -0.01549875 0.02013786 -0.01559596 0.01466473 -0.02259403 -0.02256598 0.00023606
678.0  -0.85064621 -0.16788183 0.04019088 -0.00163606 0.00239770 -0.00231155 0.03922043 0.01609753 -0.01368222 0.00723589
678.5  -0.03572854 0.20340783 -0.01189113 0.01725272 -0.02129024 0.02078966 0.03961426 -0.00438909 -0.00354680 0.01414558
679.0  0.80168467 -0.11023598 -0.02919923 -0.01505802 0.02027684 0.02210494 0.01875633 -0.01315804 0.00765165 0.02039525
679.5  0.90122617 -0.06394890 0.04090120 -0.00565570 0.00175797 0.01133954 0.01002750 0.02267367 0.01938399 0.02553770
680.0  0.20261110 0.17513508 -0.01436171 0.02398424 -0.02129200 -0.00489064 -0.01788628 -0.03240949 0.02079182 0.02860114
680.5  -0.66863623 -0.19915728 -0.02476771 -0.01323150 0.01342413 -0.01723020 -0.03027501 0.02780437 0.01398630 0.02862730
681.0  -0.96490152 0.13756602 0.04270646 -0.01699230 0.00728851 -0.01862944 0.02517239 -0.00968083 0.00499419 0.02671787
681.5  -0.46381069 0.01851062 -0.02161483 0.02799490 -0.01655696 -0.00857772 -0.00658521 -0.01284290 -0.00996428 0.01972784
682.0  0.41966486 -0.15080365 -0.01779368 -0.00567628 0.00626700 0.00743502 -0.01762612 0.02793902 -0.02073353 0.01145931
682.5  0.96186637 0.20014081 0.04115451 -0.02799008 0.00590124 0.02128081 0.02954095 -0.03420098 -0.01789122 0.00084142
683.0  0.68335009 -0.16589004 -0.02827230 0.02834554 -0.00648137 0.01828052 -0.02331104 0.02381311 -0.01555596 -0.01305487
683.5  -0.19600208 0.01983823 -0.01225269 0.00553551 0.00285333 -0.00441677 0.00334623 -0.00794000 -0.00287451 -0.02244527
684.0  -0.90773867 0.14236286 0.03949627 -0.03222458 0.00161978 0.00087044 0.02260505 -0.01345803 0.00694042 -0.02742667
684.5  -0.77873866 -0.20457288 -0.02920488 0.02140133 -0.00492424 0.00091105 -0.03288785 0.03158159 0.01175950 0.03142743
685.0  0.10290640 0.14726812 -0.01167558 0.01728775 0.00311019 -0.00242027 0.02608428 -0.03618007 0.01892231 -0.02927696
685.5  0.88783322 0.01130963 0.04006731 -0.03473089 -0.00033746 0.00503192 -0.00195552 0.03184312 0.01727414 0.02784796
686.0  0.78914244 -0.16969873 -0.02759487 0.01110086 -0.00471582 -0.00600153 -0.02360605 -0.01491464 0.01530281 -0.02771964
686.5  -0.11326715 0.20444778 -0.01359878 0.02344652 0.00916382 0.00154929 0.02971490 -0.00729219 0.01159831 0.01892993
687.0  -0.90484261 -0.09585546 0.04098688 -0.03294275 -0.00134891 0.00200881 -0.02335015 0.02739908 0.00146374 -0.01158937
687.5  -0.74128037 -0.08316072 -0.02486995 0.00319518 -0.00890123 -0.00234874 0.00655351 -0.03791468 -0.00484074 0.00445805
688.0  0.22399008 0.20116631 -0.01664583 0.03413783 0.00919822 0.00227599 0.02031133 0.03706787 -0.01329300 0.00576093
688.5  0.94844966 -0.17081452 0.04042572 -0.02915989 -0.00192467 0.00027096 -0.03239354 -0.02373322 -0.01758466 -0.01268675
689.0  0.62497315 0.02691687 -0.02256870 -0.01113853 -0.00834928 -0.00148711 0.02753233 0.00065437 -0.01815123 0.01818864
689.5  -0.38589018 0.13950168 -0.01875184 0.03581122 0.01038690 -0.00333136 -0.01542612 0.01840425 -0.01752887 -0.02233445
690.0  -0.97011986 -0.21610705 0.04075581 -0.01840090 -0.00155300 0.00570462 -0.00763468 -0.03312926 -0.01200926 0.02419146
690.5  -0.53093148 0.14323651 -0.02220925 -0.02149693 -0.01091740 -0.00245529 0.03252439 0.03849094 -0.00381654 -0.02776702
691.0  0.44353946 -0.00285351 -0.01646791 0.03361685 0.01127441 0.00031364 -0.03705848 -0.02317607 0.00454281 0.02259628
691.5  0.97340081 -0.12624653 0.03998288 0.00037911 0.00362219 0.00717656 0.02046890 0.00157691 0.01503422 -0.01557717
692.0  0.57764341 0.21342329 -0.02878828 -0.03040087 -0.01756033 -0.00876643 0.01134522 0.01850947 0.01862367 0.01099568
692.5  -0.33517816 -0.18394444 -0.00666577 0.01596465 0.00689159 -0.02783888 -0.02901975 -0.02831601 0.01936039 -0.00062055
693.0  -0.94767806 0.06741460 0.03656925 0.02094561 0.01637367 0.03629573 0.02783077 0.02735011 0.00476981 -0.00808050
693.5  -0.71878472 0.05318828 -0.03649964 -0.02167766 -0.02296273 -0.01761319 -0.01078472 -0.01232288 -0.00624987 0.01354271
694.0  0.14874363 -0.17409340 0.00620621 -0.00440809 -0.00889949 0.00153855 -0.01666952 0.00207765 -0.01963621 -0.02058874
694.5  0.87985572 0.21600166 0.02902446 0.00223365 0.03858646 0.00632056 0.04605904 0.00279885 -0.02135243 0.02456154
695.0  0.83522887 -0.13359202 -0.04089661 0.00354311 -0.01363047 -0.00692812 -0.05164564 -0.01359440 -0.01756638 -0.02348451
695.5  0.04694180 0.00678897 0.01596534 0.00517718 -0.02963440 0.00296661 0.02323213 0.01841195 -0.00715732 0.01848503
696.0  -0.78207021 0.13117043 0.02055086 -0.01150238 0.03338722 -0.00453494 0.01101978 -0.01241588 0.00432343 -0.01148108
696.5  -0.91880654 -0.21454375 -0.03952068 0.00140845 0.00632454 0.00401884 -0.03811357 -0.00100409 0.01290734 0.00355930
697.0  -0.25155464 0.16304048 0.02279186 0.01138795 -0.03690993 0.00401423 0.05079745 0.01401670 0.01780330 0.00273518
697.5  0.64226122 -0.02176073 0.01428064 -0.00841150 0.02183658 -0.00741108 -0.02759325 -0.02267800 0.01916694 -0.01069806
698.0  0.96557864 -0.13016250 -0.03772420 -0.00341441 0.01970335 0.00397109 -0.01292547 0.02160973 0.01719363 0.01703407
698.5  0.40888584 0.20979013 0.02553864 0.00836610 -0.03825829 0.00467997 0.03960675 -0.01043375 0.01131676 -0.02055441
699.0  -0.53154257 -0.14442355 0.01288919 -0.00370953 0.01185642 -0.01549765 -0.04856156 -0.00235269 0.00451450 0.02382861
699.5  -0.97369252 -0.02293624 -0.03833051 -0.00372724 0.02758405 0.01412176 0.02610158 0.01461813 -0.00667656 -0.02555702
700.0  -0.48168626 0.17518668 0.02396118 0.00444791 -0.03705827 0.00503507 0.01460467 -0.02238413 -0.01463297 0.02449049
700.5  0.47629087 -0.20030150 0.01561813 0.00205246 0.00690497 -0.02764249 -0.03552675 0.02116212 -0.01916521 -0.02458655
701.0  0.97390061 0.07579228 -0.03883086 -0.00475342 0.03093311 0.03643139 0.03260734 -0.01340370 -0.01990807 0.02243832
701.5  0.53413347 0.09379945 0.02011083 -0.00322708 -0.03595209 -0.01996920 -0.01656896 -0.00045323 -0.01350600 -0.01634813
702.0  -0.41542255 -0.20141212 0.01894725 0.00750912 -0.00290939 -0.02032180 -0.00420753 0.01178005 -0.00588960 0.01465980
702.5  -0.96663861 0.17635164 -0.03752227 0.02887142 0.02062659 0.04718785 -0.01702948 -0.02039694 0.00275462 -0.01131389
703.0  -0.60379572 -0.01739361 0.01738300 -0.03145027 -0.00654778 -0.03827508 -0.02648932 -0.01678572 0.01245712 0.00154890
703.5  0.33584984 -0.14102455 0.02170298 -0.00136980 -0.01034483 0.01162447 -0.01733744 -0.00935840 0.01623255 0.00287537
704.0  0.95863165 0.20020452 -0.03839606 0.03398306 0.01590785 0.02473972 0.00011431 0.00166172 0.01402989 -0.00978583
704.5  0.64613215 -0.14970852 0.01489577 -0.02898157 -0.00614860 -0.04666772 0.01661543 0.01141961 0.00592303 0.01898504
705.0  -0.29826225 -0.01329877 0.02515290 -0.00865984 -0.00813054 0.03596188 0.02983203 -0.00208294 -0.00059128 -0.02447373
705.5  -0.94838553 0.17208670 -0.03945457 0.03561467 0.01423905 -0.00352883 0.01608889 -0.01975982 -0.00905967 0.02721350
706.0  -0.67291891 -0.19890172 0.01278143 -0.01980448 -0.00872871 -0.03224042 0.00218181 -0.01018948 -0.01434096 -0.02937118
706.5  0.25944405 0.12160683 0.02582552 -0.01659974 -0.00847042 0.04708079 -0.01184472 0.00422051 -0.01149196 0.02819157
707.0  0.93667237 0.02571795 -0.03941510 0.03655001 0.01578952 -0.03010184 -0.01702659 0.02015894 -0.00948293 -0.02237564
707.5  0.71741406 -0.17846193 0.01671774 -0.01485411 -0.00563403 -0.00459018 -0.01271313 0.02640581 -0.00138868 0.01139756
708.0  -0.18415351 0.20516712 0.02332742 -0.02963625 -0.01484518 0.03987515 -0.00245751 0.02142786 0.00669661 -0.00405395
708.5  -0.91602048 -0.10293775 -0.04092291 0.03166566 0.02745260 -0.04733953 0.00774641 0.00767183 0.00798593 -0.00607853
709.0  -0.74934996 -0.05191374 0.01567267 0.00133062 -0.00140056 0.02608398 0.01365697 -0.01223483 0.01093144 0.01749654
709.5  0.17461796 0.18788101 0.02551217 -0.00903865 -0.03681592 0.00203824 0.00788015 -0.02757525 0.00559359 -0.02089639
710.0  0.92277809 -0.19372611 -0.04012418 0.00282345 0.03985974 -0.03303116 -0.00578020 -0.02862804 -0.00600826 0.02604751
710.5  0.70951024 0.05136013 0.01186189 0.00191663 0.00142479 0.04632781 -0.01430386 -0.01367686 -0.01062656 -0.03261793
711.0  -0.25630121 0.12242395 0.02913691 -0.00129621 -0.04524753 -0.03118623 -0.01256431 0.01115251 -0.00314991 0.02957362
711.5  -0.95050581 -0.20667202 -0.03859041 -0.00164875 0.03766521 0.00728173 0.00698018 0.01594510 0.00871333 -0.02747251
712.0  -0.63831983 0.14161358 0.00714438 0.00092396 0.01139537 0.01996628 0.01732480 -0.00074321 0.01800418 0.02236845
712.5  0.33738321 0.02449036 0.03147257 0.00264823 -0.04750115 -0.04547715 0.01995366 -0.01313866 0.02042477 -0.01497234
713.0  0.96200400 -0.16865568 -0.03785827 -0.00371710 0.02902175 0.04708091 0.00633538 -0.01971112 0.01417542 0.00780133
713.5  0.61353883 0.20515113 0.00662692 -0.00181280 0.02384547 -0.01798604 -0.00296057 -0.01736892 0.00629349 0.00009806
714.0  -0.33832386 -0.10709790 0.03081775 0.00814756 -0.04902773 -0.01556631 -0.01487943 -0.00821757 -0.00448838 -0.00876306
714.5  -0.95635081 -0.05764062 -0.03911814 -0.00289231 0.01402515 0.04009807 -0.02124079 0.00532520 -0.01302715 0.01695460
715.0  -0.65867682 0.17209520 0.01138799 -0.01187734 0.03727440 -0.04753056 -0.00619584 0.01795446 -0.01720199 -0.02254483
715.5  0.25503628 -0.20287826 0.02575055 0.01712809 -0.03940452 0.02088701 0.00498283 0.02475023 -0.01630486 0.02687074
716.0  0.92389637 0.13477830 -0.03996210 0.00880623 -0.00809663 0.01898771 0.01492954 0.02026732 -0.01248181 -0.02746655
716.5  0.77464879 0.01328759 0.02205279 -0.03202740 0.03844636 -0.04592148 0.01784284 0.00961355 -0.00368417 0.02230853
717.0  -0.02643610 -0.13090568 0.01370930 0.00667638 -0.01633117 0.04396853 0.00664579 -0.00809911 0.00310768 -0.01345156
717.5  -0.79922714 0.19453592 -0.03861696 0.02899592 -0.02296280 -0.00916736 -0.00596036 -0.02203861 0.00916766 0.00262964
718.0  -0.92764348 -0.20278655 0.03483123 -0.02211223 0.02289029 -0.03472120 -0.01395958 -0.02610712 0.01176284 0.00893669
718.5  -0.34365351 0.11007619 -0.00582450 -0.02162266 0.01195430 0.05180199 -0.01603864 -0.02059955 0.00830967 -0.01492538
719.0  0.50652966 0.00908390 -0.02748279 0.03463002 -0.02030579 -0.03288281 -0.00369804 -0.00090904 0.00433857 0.02054502
719.5  0.96972432 -0.11660627 0.04042391 0.00912021 0.00189051 -0.00692602 0.00323868 0.01878487 0.00101615 -0.02280605
720.0  0.66507218 0.20617264 -0.02443281 -0.04344271 0.00725306 0.04288989 -0.00635376 0.02818270 0.00184073 0.02035625
720.5  -0.18325681 -0.19115743 -0.01259647 0.01596329 -0.00905517 0.02257263 -0.03235653 0.04179230 0.01004192 -0.01975153
721.0  -0.89216342 0.08682065 0.04101228 0.03357152 0.00990298 0.00332442 0.02643814 0.01433528 -0.01406177 0.01344557
721.5  -0.81854064 0.05110763 -0.03214851 -0.03783838 -0.00552018 -0.01280893 0.00473057 -0.00460251 -0.00484987 0.00090709
722.0  0.01595746 -0.18013754 -0.00477838 -0.00331026 -0.00973535 0.01083894 -0.02994426 -0.02490783 0.01835991 -0.00558855
722.5  0.84424269 0.20053095 0.03734642 0.03842834 0.02147400 -0.00750575 -0.04750741 -0.02805304 -0.01999373 0.01145561
723.0  0.83849800 -0.08168642 -0.03302684 -0.02705358 -0.01034602 -0.00464376 -0.03871128 -0.02094811 0.01906252 -0.01799315
723.5  -0.03932438 -0.09116294 -0.00831893 -0.01422815 -0.01437878 0.01217726 -0.01072718 -0.01040980 -0.01037236 0.02107138
724.0  -0.88421018 0.20146458 0.03874851 0.03980769 0.02388447 -0.01131080 0.02311016 0.00415918 0.00216724 -0.02297551
724.5  -0.75778340 -0.15444629 -0.02284293 -0.02450236 -0.01034066 0.00429278 0.04597655 0.01656606 0.00555423 0.02311773
725.0  0.22956399 -0.02189147 -0.02062169 -0.01220484 -0.01292597 0.00674096 0.04897639 0.02027240 -0.01328465 -0.02296275
725.5  0.95652109 0.17872556 0.03837875 0.03783293 0.02470061 -0.01169883 0.02951147 0.01908313 0.01728905 0.02349665
726.0  0.56838788 -0.18759994 -0.00690498 -0.02823794 -0.01457642 0.01124942 -0.00512894 0.01094992 -0.02004006 -0.02148154
726.5  -0.47893413 0.03364796 -0.03397728 -0.00792265 -0.00795671 -0.00425229 -0.03559678 -0.00157090 0.01863851 0.02293894
727.0  -0.97099473 0.15195124 0.03170380 0.03650314 0.02411311 -0.00858697 -0.05063064 -0.01362629 -0.01184131 -0.02255396
727.5  -0.37299847 -0.20166317 0.00872519 -0.02997202 -0.02064905 0.01370895 -0.04240535 -0.01986430 0.00369615 0.01682846
728.0  0.62827320 0.10115235 -0.03874864 -0.00669472 -0.00601622 -0.01347418 -0.01365681 -0.01932299 0.00791635 -0.01470233
728.5  0.95511058 0.06083249 0.02435823 0.03463559 0.02960232 0.00426971 0.02198026 -0.01280750 -0.01539195 0.01335203
729.0  0.29844430 -0.19519483 0.01787079 -0.02500448 -0.02356140 0.01221919 0.04647815 -0.00012302 0.02062445 -0.00719014
729.5  -0.64637041 0.19063391 -0.03938166 -0.00842776 -0.00657055 -0.00940191 0.04782118 0.01043756 -0.02047839 0.00357583
730.0  -0.95833118 -0.05079398 0.01740508 0.02793274 0.03352867 0.01398666 0.01992940 0.02122076 0.01321839 -0.00038997
730.5  -0.35662741 -0.09785629 0.02157195 -0.01800516 -0.02723264 -0.00436747 -0.01494725 0.02186187 -0.00764610 -0.00442065
731.0  0.57341327 0.19578271 -0.03818400 -0.01040715 -0.01430135 -0.01211949 -0.04377486 0.01509496 -0.00658309 0.00934403
731.5  0.97180442 -0.18775892 0.01694629 0.02553054 0.04108442 0.00886129 -0.05016551 0.00289332 0.01697180 -0.01503043
732.0  0.51232397 0.04983676 0.02101714 -0.01086775 -0.02048089 -0.00919594 -0.03192212 -0.01476181 -0.01587194 0.01928002
732.5  -0.38519710 0.10222641 -0.03789432 -0.01759966 -0.02168597 0.00196899 -0.00438836 -0.02408955 0.01801109 -0.02171297
733.0  -0.95346046 -0.19111657 0.02065723 0.03657569 0.02651863 0.00481716 0.02586736 -0.03209843 -0.01071484 0.02230474
733.5  -0.72774592 0.19087363 0.01663394 -0.00635809 0.00093698 -0.01558827 0.04519849 0.02371941 0.00572459 -0.01884962
734.0  0.08672406 -0.07222565 -0.03741533 -0.03735836 0.00661409 -0.00528572 0.03618010 -0.00720655 0.00739169 0.01647641
734.5  0.83128388 -0.08495472 0.02492823 0.03645252 -0.00666647 0.00394982 0.00391549 0.00264551 -0.02550757 -0.01041763
735.0  0.90208958 0.18730142 0.01081752 0.00934590 -0.00344033 -0.01488427 -0.03091379 -0.00178778 0.03247657 0.00378900
735.5  0.23044713 -0.19367473 -0.03604841 -0.04407952 0.00751711 0.02142945 -0.04180669 -0.01828279 -0.02909131 0.00229540
736.0  -0.63513281 0.08671934 0.02918704 0.02412611 -0.00436663 -0.00737102 -0.03730698 0.01063462 0.01445858 -0.01074580
736.5  -0.96973101 0.06963453 0.00319853 0.02688261 -0.00432848 -0.01019134 -0.00642103 -0.01144691 0.00693667 0.01835396
737.0  -0.47776346 -0.18566101 -0.03353014 -0.04570019 0.00645074 0.01838333 0.02671277 0.00426233 -0.02349028 -0.02195601
737.5  0.42770567 0.19731240 0.03278535 0.00827500 0.00207733 -0.01778074 0.04374782 0.00289608 0.03374198 0.02437616
738.0  0.96473136 -0.09740880 -0.00213310 0.04148036 -0.00065688 0.00156157 0.03417458 -0.00491170 -0.03321132 -0.02351192
738.5  0.64804197 -0.04831599 -0.02921963 -0.03561915 -0.00549327 0.01460631 0.00520432 0.00994727 0.01935932 0.01884005
739.0  -0.26357830 0.17408741 0.03365379 -0.01462717 -0.00183934 -0.01619336 -0.02984264 -0.00889725 0.00010103 -0.01402233
739.5  -0.93592198 -0.20755438 -0.00563663 0.04626693 0.01273040 0.01715141 -0.04386189 0.00940471 0.01804763 0.00861500
740.0  -0.70290704 0.11222803 -0.02788031 -0.02063363 -0.00857866 0.00785404 -0.03553438 -0.00867866 0.02967147 -0.00266559
740.5  0.25204059 0.03828459 0.03346398 -0.02914477 -0.01287444 -0.01260344 -0.01175234 0.00332658 0.03206768 -0.00219783
741.0  0.95233240 -0.16502399 -0.00434696 0.03873743 0.02563965 0.01783577 0.02345439 0.00283090 0.02990297 0.00724918
741.5  0.61173005 0.20740234 -0.03048494 -0.00360806 -0.00853112 -0.01682643 0.04480878 -0.00208705 0.02257078 -0.01397733
742.0  -0.41652458 -0.10872300 0.03126960 -0.03164038 -0.02013317 -0.00022770 0.04940470 0.00925445 0.01093157 0.01610636
742.5  -0.97358680 -0.06428015 0.00253177 0.02906551 0.02847388 0.01169643 0.03163406 -0.01104009 -0.00230029 -0.01899439
743.0  -0.40972994 0.17993425 -0.03269260 0.00654631 -0.00591447 -0.01829806 -0.00093692 0.00754884 -0.01740131 0.02400423
743.5  0.62913362 -0.18990387 0.02714766 -0.03247035 -0.02599282 0.01675784 -0.03075130 -0.00523310 -0.03048928 -0.02494034
744.0  0.94212441 0.08676137 0.00752641 0.02099579 0.03002828 -0.00446029 -0.04563478 0.00088434 -0.03829142 0.02390199
744.5  0.19194003 0.08681563 -0.03454542 0.01336612 0.00090707 -0.00878826 -0.04047854 0.00942462 -0.03803838 -0.02439867
745.0  -0.76463567 -0.19937740 0.02369282 -0.03158129 -0.02977623 0.01682450 -0.01966335 -0.01204205 -0.02911700 0.02025423
745.5  -0.88922405 0.17835966 0.01215942 0.01196586 0.02677918 -0.01439066 0.01126915 0.01091986 -0.01133911 -0.01547148
746.0  -0.07273738 -0.06086082 -0.03497543 0.01986004 0.00753920 0.00665642 0.03055099 -0.01237354 0.01159789 0.00972936
746.5  0.80807794 -0.09555091 0.02134982 -0.02230114 -0.03877246 0.00841078 0.04002742 -0.00145671 0.03244890 -0.00344946
747.0  0.88331530 0.20131874 0.01446616 -0.00435850 0.02205479 -0.00767663 0.03178403 0.01639163 0.04312110 -0.00063292
747.5  0.13534425 -0.18345787 -0.03458163 0.01597327 0.02609928 0.00623662 0.00452377 -0.01565888 0.04252650 0.01361490
748.0  -0.71833150 0.07164466 0.02295442 0.00481620 -0.04109273 -0.00110533 -0.02940035 0.01265709 0.01443621 -0.01927241
748.5  -0.95579093 0.07048900 0.00833617 -0.01306647 -0.00199588 -0.00397647 -0.03830713 -0.00958114 -0.01612567 0.02220785
749.0  -0.43379713 -0.17990461 -0.03302610 -0.00998682 0.03908961 0.00725267 -0.02382716 -0.01757731 -0.04217959 -0.02537952
749.5  0.40998944 0.20342739 0.03006369 0.02114626 -0.02353299 -0.00235610 0.00614507 0.01582332 -0.04953247 0.02099472
750.0  0.94410636 -0.13561109 -0.00251570 0.00321822 -0.02417909 -0.01397134 0.03098929 -0.01656799 -0.03203823 -0.01624632
750.5  0.78020392 0.00165847 -0.02595526 -0.02839462 0.03524504 0.00325293 0.03854985 0.00803071 -0.00408511 0.00588862
751.0  0.02892354 0.13092312 0.03345846 0.01184306 0.00322966 -0.00435020 0.01222694 0.00760963 0.02483156 0.00083099
751.5  -0.75524467 -0.20163156 -0.01200407 0.02343764 -0.03098214 -0.00271587 -0.02304171 -0.01613771 0.04380980 -0.00917772
752.0  -0.94318396 0.17811582 -0.02084439 -0.02669319 0.01865565 0.00965263 -0.04179517 0.02178365 0.04718179 0.01535486
752.5  -0.34898838 -0.04673717 0.03449506 -0.00932741 0.01285283 -0.00704749 -0.03316353 -0.01649258 0.03854045 -0.01926603
753.0  0.55710596 -0.10880139 -0.01545405 0.03468377 -0.02705955 0.00089802 -0.00155287 0.00688564 0.02099994 0.02146677
753.5  0.97469708 0.19468232 -0.01903889 -0.01774842 0.01015125 0.00602141 0.03151258 0.00653680 -0.00003900 -0.02250774
754.0  0.48053102 -0.17741503 0.03457806 -0.02132025 0.01516448 -0.01194499 0.04436083 -0.01747571 -0.01908408 0.02251993
754.5  -0.48439877 0.03611735 -0.01427034 0.03831695 -0.02137354 0.00826925 0.03099932 0.02028797 -0.03473996 -0.01912322
755.0  -0.97294599 0.13917442 -0.02161097 -0.01214363 0.00699765 -0.00010141 0.00090490 -0.01812113 -0.04382254 0.01566160
755.5  -0.45351381 -0.20292474 0.03389719 -0.02755569 0.01106130 -0.01169874 -0.02940387 0.01120599 -0.04575118 -0.01511462
756.0  0.56484576 0.12670967 -0.00637308 0.03749705 -0.02038021 0.01356177 -0.04251457 -0.00056180 -0.03810501 0.00879489
756.5  0.96129036 0.04160480 -0.02862272 -0.01191209 0.00948754 -0.00450292 -0.03598645 -0.01063280 -0.02409669 -0.00316256
757.0  0.26122152 -0.19249895 0.02806153 -0.02312306 0.01251882 0.00051651 -0.01229805 0.01531555 -0.00390738 0.00264640
757.5  -0.74096721 0.18231972 0.00776217 0.03655878 -0.02127190 0.00812256 0.01691623 -0.02133818 0.01825642 0.00366781
758.0  -0.88418552 -0.01523448 -0.03353497 -0.01753738 0.01137752 -0.01531731 0.03593431 0.02220905 0.03550853 -0.01013533
758.5  -0.01066550 -0.15311457 0.01660197 -0.01965713 0.00449779 0.00186037 0.04130069 -0.01053860 0.04610117 0.00919633
759.0  0.86997248 0.20031453 0.02049904 0.03650320 -0.02095714 -0.00101847 0.02633457 -0.00533976 0.04551828 -0.01400576
759.5  0.78876154 -0.09935471 -0.03211398 -0.01850397 0.01660350 -0.00238335 -0.00076410 0.01431920 0.02861208 0.02130863
760.0  -0.12851444 -0.07910419 0.00616175 -0.01852067 -0.00294520 0.01143877 -0.02466916 -0.02191677 -0.01141650 -0.02207193
760.5  -0.90435605 0.19710092 0.02696884 0.04090157 -0.01008383 -0.00382397 -0.03995551 0.02646085 -0.02023339 0.02525385
761.0  -0.76714473 -0.17862830 -0.02865825 0.01798843 0.01825010 -0.00228660 -0.04224438 0.02165132 0.03998245 -0.03069995
761.5  0.11734315 0.04522590 0.00413858 -0.02811462 -0.00150036 0.01035794 -0.01805663 -0.00657387 -0.04327293 0.02874189
762.0  0.88240430 0.11501577 0.02643644 -0.04293878 -0.01671229 -0.01217185 0.01330848 -0.00103554 0.03699652 -0.02614792
762.5  0.82495356 -0.19983407 -0.03168222 -0.00831888 0.01704183 0.00052532 0.04435111 0.00813513 -0.01872987 0.01985318
763.0  0.02704570 0.17676854 0.00587666 0.03396122 -0.00052148 0.00044247 0.04906499 -0.02437239 -0.00480871 -0.01322585
763.5  -0.78372930 -0.06236384 0.02459013 0.03789207 -0.01891964 -0.01326604 0.02401151 0.02690101 0.02577563 0.00343504
764.0  -0.92633095 -0.08718658 -0.03229200 -0.00936252 0.01502465 0.01213348 -0.01323009 -0.01687674 -0.03618627 0.00552730
764.5  -0.31194950 0.18145392 0.01394718 -0.04412151 0.00746051 0.00155564 -0.04587291 0.00503704 0.03264709 -0.01110554
765.0  0.54931449 -0.20061882 0.01908415 -0.01715535 -0.01916151 0.00211631 -0.04770136 0.01857840 -0.01930059 0.02068006
765.5  0.97168336 0.14326270 -0.03245809 0.03080392 0.00368610 0.01188948 -0.02100205 -0.03413562 0.00082985 -0.02483600
766.0  0.63303824 -0.01321636 0.02305252 0.03382639 0.02409347 -0.00957569 0.02104114 0.03275422 0.01314951 0.02193479
766.5  -0.20865388 -0.10985338 0.00273142 -0.01218996 -0.01507819 -0.00346444 0.02385492 -0.04668300 -0.02094952 -0.02053713
767.0  -0.89062254 0.18758018 -0.02929887 -0.04200017 -0.01396072 0.01208350 0.04984304 0.00277082 0.02062137 0.01313193
767.5  -0.84082739 -0.20366976 0.02924866 -0.01109095 0.01917260 -0.00605932 0.02543473 0.02004338 -0.02522124 -0.00372810
768.0  -0.08531740 0.11745932 -0.00818726 0.03732161 0.00027479 -0.00178599 -0.01153860 -0.03353872 0.01653152 -0.00608889
768.5  0.75066700 0.01654671 -0.01942052 0.03349280 -0.01629790 0.00535519 -0.04284463 0.03714136 -0.00156124 0.01441376
769.0  0.93508947 -0.13484259 0.03097525 -0.01752193 0.01137701 -0.01695963 -0.04832436 -0.01837149 0.01919524 -0.01995988
769.5  0.28337889 0.20771469 -0.01529728 -0.04337460 0.00504427 0.00106436 -0.02856181 0.00113545 0.02325713 0.02666271
770.0  -0.63036874 -0.17643920 -0.01174694 -0.00975980 -0.02011891 0.00719484 0.00878882 0.02507474 0.01962971 -0.02521933
770.5  -0.96239507 0.05075886 0.02839167 0.03564309 0.00452092 -0.00999643 0.04208767 -0.03982576 0.01222370 0.01719868
771.0  -0.35447617 0.09547280 -0.02065199 0.03017778 0.02177324 0.01091912 0.05509740 0.03354385 0.00047602 -0.01140726
771.5  0.62696278 -0.19656370 -0.00913148 -0.01095529 -0.01388814 -0.00040014 0.03890659 -0.02179720 -0.00872579 0.00276428
772.0  0.94913089 0.18131702 0.03048310 -0.03805352 -0.01049671 -0.00748380 0.00574964 0.00006915 -0.01798810 0.00802239
772.5  0.21756786 -0.04176310 -0.01935644 -0.01980901 0.01973150 0.00924484 -0.03083100 0.02164366 -0.02382848 -0.01432765
773.0  -0.77061960 -0.12688499 -0.01235283 0.02369907 -0.01240944 -0.00634662 -0.05400926 -0.03271104 -0.02388672 0.01796949
773.5  -0.85958340 0.20687334 0.03094545 0.03900860 -0.00746027 0.00077320 -0.05229701 0.03631878 -0.02044046 -0.02160683
774.0  0.06514813 -0.13634330 -0.01393479 0.00972183 0.02149845 0.00690334 -0.03306229 -0.02720450 -0.01055520 0.02049782
774.5  0.91069886 -0.03442944 -0.01835107 -0.03232086 -0.01247827 -0.00853247 -0.00074036 0.01004065 -0.00032679 -0.01976900
775.0  0.70202341 0.17473369 0.02992448 -0.03871939 -0.00992732 0.00434094 0.03109715 0.01130439 0.01134406 0.01621425
775.5  -0.29608728 -0.19607453 -0.00885118 -0.00009427 0.02030173 0.00147240 0.05105197 -0.02831721 0.02317704 -0.01471490
776.0  -0.95995252 0.08734656 -0.02224420 0.03864534 -0.00889146 -0.01377064 0.04633518 0.03859709 0.02652736 0.01074598
776.5  -0.59892334 0.08695359 0.03013228 0.02970940 -0.01140567 0.01223172 0.02730439 -0.02270420 0.02576141 -0.00391891
777.0  0.37606926 -0.19629482 -0.00426450 -0.01473650 0.01746767 -0.00850071 -0.00869048 0.00953154 0.01216066 0.00066899
777.5  0.96706395 0.17919910 -0.02572734 -0.03986947 -0.00647182 -0.00695315 -0.03956670 0.00771947 -0.00682001 0.00434145
778.0  0.60442111 -0.06848592 0.02816805 -0.01369157 -0.01408978 0.02153427 -0.04754803 -0.03375357 -0.02170558 -0.01256997
778.5  -0.32776141 -0.09159470 -0.00301540 0.02817588 0.01940601 -0.02851989 -0.03029783 0.02078817 -0.03667907 0.01288525
779.0  -0.94602897 0.20125499 -0.02616663 0.03562706 0.00264440 0.01407879 0.00235622 -0.02213321 -0.02649438 -0.01378585
779.5  -0.72179083 -0.18239576 0.03153573 -0.00219179 -0.01840679 0.01192149 0.03589666 0.00567840 -0.01196537 0.01817017
780.0  0.11916639 0.07984145 -0.00514006 -0.04018533 0.01172946 -0.02375659 0.05273052 0.01209371 0.01024884 -0.01455928
780.5  0.85194671 0.06500683 -0.02324666 -0.02627431 0.00614278 0.03396549 0.02973452 -0.01923766 0.02754132 0.01362795
781.0  0.88595671 -0.18806204 0.03225223 0.02054405 -0.01789417 -0.01267003 -0.00979516 0.02261803 0.03399942 -0.01512812
781.5  0.20558698 0.19754043 -0.01086796 0.04070905 0.00987958 -0.01690857 -0.04453353 -0.01498071 0.03133546 0.01082540
782.0  -0.64794413 -0.10321668 -0.02149790 0.01072002 0.01265192 0.03265757 -0.05122840 0.00262500 0.01666066 -0.00524382
782.5  -0.96882924 -0.04675263 0.03169202 -0.03030364 -0.01854414 -0.02564794 -0.02126740 0.00899158 0.00075027 -0.00015785
783.0  -0.47136731 0.17951527 -0.01364419 -0.03468947 0.00376925 -0.00297724 0.02347996 -0.01865097 -0.01505693 0.00465668
783.5  0.43565767 -0.19941129 -0.01814847 0.00226444 0.00980997 0.03001971 0.05228818 0.01918151 -0.02759237 -0.01012558
784.0  0.96586317 0.09467029 0.03253923 0.03996087 -0.01453855 -0.03179880 0.04721166 -0.01429941 -0.03059275 0.01405324
784.5  0.64137456 0.06833693 -0.01416586 0.02782874 0.00513100 0.01262773 0.00977409 0.00229583 -0.02927798 -0.01665402
785.0  -0.25384751 -0.18887232 -0.01747547 -0.01891198 0.01037886 0.01737170 -0.03260785 0.00917292 -0.02046782 0.02011072
785.5  -0.92348590 0.19009324 0.03218450 -0.04692602 -0.01102290 -0.03915321 -0.04983278 -0.01718100 -0.00472944 -0.02192963
786.0  -0.76838107 -0.07905075 -0.01489162 -0.02415093 -0.00115585 0.02722632 -0.03944127 0.01777545 0.00915843 0.01971376
786.5  0.07725724 -0.08269570 -0.01857101 0.02933148 0.01166648 0.00064761 -0.00358721 -0.00878501 0.02505571 -0.01736028
787.0  0.85611415 0.19561173 0.03295211 0.04851468 -0.00540228 -0.02294692 0.03333589 0.00323975 0.03267886 0.01504516
787.5  0.84933754 -0.18483582 -0.01422169 0.01170853 -0.00519173 0.04298749 0.03795900 0.01193914 0.02689212 -0.01275975
788.0  0.03605210 0.07356175 -0.01747759 -0.04016294 0.01303498 -0.03233754 0.03877550 0.00112968 0.01679179 0.00820149
788.5  -0.81753949 0.08199613 0.03161160 -0.04698970 0.00041017 0.00210869 0.02146400 0.00917758 -0.00418139 -0.00301165
789.0  -0.86844385 -0.19849469 -0.01588259 -0.00458025 -0.00813909 0.03273622 -0.00060937 0.00340157 -0.02658850 0.00011253
789.5  -0.05687066 0.18589813 -0.01537008 0.04394188 0.02141782 -0.03915606 -0.03786311 -0.00722537 -0.03612866 0.00710512
790.0  0.81506996 -0.07014763 0.03197392 0.03789564 -0.01038775 0.03744475 -0.03220332 -0.02654034 -0.02904460 -0.01136949
790.5  0.86915279 -0.07294626 -0.01768026 -0.01270060 -0.01377973 -0.00810557 -0.01724963 -0.02695289 -0.01577034 0.01259403
791.0  0.04784406 0.18895759 -0.01234813 -0.04736760 0.01672432 -0.02648654 0.00328149 -0.01078137 0.00289565 -0.01607022
791.5  -0.82136279 -0.19878627 0.03103928 -0.02253447 -0.00344433 0.04526542 0.01765753 0.01087065 0.02212698 0.01486991
792.0  -0.85495084 0.08792477 -0.02172590 0.03228433 -0.01456395 -0.03702084 0.01958833 0.02959264 0.03526567 -0.00956807
792.5  0.00536300 0.06052656 -0.00904669 0.04759889 0.01574162 0.00840220 0.01050264 0.03254984 0.04137388 0.00757326
793.0  0.86641983 -0.17801891 0.03192416 0.00114691 0.00465944 0.02670315 -0.00291328 0.02226781 0.03783524 -0.00324273
793.5  0.79063724 0.20012443 -0.02299005 -0.04646496 -0.02005082 -0.04389821 -0.01252855 0.00436846 0.02627706 -0.00148131
794.0  -0.14860516 -0.09148433 -0.00897399 -0.03581350 0.01027465 0.03943272 -0.01561095 -0.01702373 0.00886785 0.00500618
794.5  -0.92506098 -0.07215579 0.03118746 0.02015183 0.01125662 -0.01419556 -0.01288764 -0.02745580 -0.01138854 -0.00819301
795.0  -0.69486772 0.18525081 -0.02311472 0.05147027 -0.01858052 -0.02201440 -0.00562977 -0.02692658 -0.03093648 0.00989308
795.5  0.27603329 -0.19212702 -0.00619968 0.01548189 0.00337540 0.04110071 0.00310631 -0.01744403 -0.04476849 -0.01117987
796.0  0.95067823 0.08669297 0.03082035 -0.04123640 0.01472085 -0.04192525 0.00836043 0.00331876 -0.04626468 0.01141636
796.5  0.65579808 0.06832665 -0.02751468 -0.04123197 -0.01692844 0.01955772 0.01261154 0.02102578 -0.03583167 -0.00886363
797.0  -0.28487494 -0.18355239 -0.00172282 0.01056021 -0.00312897 0.01590886 0.01053743 0.03026921 -0.01374107 0.00906224
797.5  -0.94298102 0.19998663 0.02728585 0.04862028 0.01919078 -0.04142508 -0.00626891 0.02510691 0.01234413 -0.00627147
798.0  -0.70256440 -0.10506583 -0.03163827 0.02369593 -0.00496902 0.04502441 0.00428194 0.00311986 0.03321173 -0.00499776
798.5  0.19366689 -0.03893033 0.00368158 -0.03604305 -0.01556353 -0.01815812 -0.01350162 -0.02114251 0.03995283 0.00805426
799.0  0.90711467 0.16055989 0.02546300 -0.04487179 0.01323223 -0.01922486 -0.01576261 -0.03871684 0.03082662 -0.01087239
799.5  0.79696638 -0.20996198 -0.03101068 0.00893324 0.00431246 0.04358570 -0.01024159 -0.03815009 0.01271453 0.01673623
800.0  -0.00486687 0.14608631 0.01327143 0.05092337 -0.01881776 -0.04342748 -0.00143513 -0.01494581 -0.00785344 -0.01169962
800.5  -0.79333325 -0.01725257 0.01699963 0.02257125 0.00770513 0.01313888 0.01244062 0.01492000 -0.02420774 0.01021132
801.0  -0.92797998 -0.10472053 -0.03512178 -0.03705048 0.01338349 0.03037032 0.02380076 0.03683876 -0.02873002 -0.01009323
801.5  -0.33019036 0.19698887 0.02491772 -0.04100451 -0.01509696 -0.04277967 0.03071744 0.04299742 -0.02099955 0.00190096
802.0  0.51481646 -0.19808903 0.00474510 0.01097297 -0.00457736 0.03737553 0.00462995 0.01638177 -0.00448147 0.00088952
802.5  0.96885530 0.10695208 -0.03060114 0.04658108 0.01899481 0.00006971 -0.01354172 -0.01688435 0.01158043 -0.00542751
803.0  0.66798853 0.01479984 0.03263603 0.01816237 -0.00692116 -0.04178955 -0.00829895 -0.04909155 0.01575345 0.00903349
803.5  -0.17629027 -0.14784050 -0.00727020 -0.03479223 -0.01514389 0.04320590 0.00567550 -0.05655777 0.01103113 -0.01366191
804.0  -0.88325050 0.21078676 -0.02528753 -0.04295064 0.01379821 -0.02085363 0.00713484 -0.02737868 0.00507183 0.01506915
804.5  -0.82912760 -0.14555672 0.03439463 0.00226533 0.00115837 -0.02187098 -0.00482298 0.00855832 0.00166430 -0.00865894
805.0  -0.00900280 0.00522370 -0.00947626 0.04801454 -0.01382042 0.04757238 -0.01505893 0.03644679 0.00555144 0.01630481
805.5  0.83102746 0.14484039 -0.02632508 0.03629884 0.01963952 -0.03630016 -0.01772351 0.05134094 0.01402114 -0.01382288
806.0  0.85293029 -0.20795836 0.03503325 -0.01143103 0.00415017 0.00737327 -0.01002216 0.04591021 0.02073950 0.00795918
806.5  0.00112420 0.11168067 -0.00170726 -0.04443026 -0.02726786 0.03096822 0.00376004 0.02723862 0.01989881 -0.01260682
807.0  -0.86037912 0.06962688 -0.03523285 -0.03998867 0.01906150 -0.04413068 0.00771158 0.00735765 0.00824028 0.00940387
807.5  -0.79554070 -0.19430019 0.02818218 0.00608244 0.00199035 -0.03175584 0.01264515 -0.01221140 -0.01142465 -0.00458150
808.0  0.15562184 0.16455313 0.01446055 0.04825533 -0.02004183 -0.00267817 -0.01540614 -0.02216348 -0.02921511 0.00583444
808.5  0.93526005 0.00727274 -0.03909394 0.04350134 0.02671543 0.03033555 0.00675099 -0.02088646 -0.04373065 -0.00394087
809.0  0.63689067 -0.17287551 0.01418693 0.00025424 -0.01110521 0.04263945 0.00112296 -0.00996846 -0.04932035 0.00236291
809.5  -0.40498124 0.18811167 0.02968633 -0.04274589 -0.01813067 0.02753309 -0.00941783 0.00253518 -0.04742214 -0.00131257
810.0  -0.97338055 -0.04510368 -0.03506779 -0.04762764 0.02754888 -0.00713398 0.01229258 0.01029782 -0.03931953 -0.00120451
810.5  -0.42784525 -0.13915695 -0.00407172 -0.00839215 -0.01575131 -0.03824296 -0.01096185 0.01301281 -0.02555048 0.00180435
811.0  0.58252297 0.20748022 0.03753209 0.03953637 -0.01058505 -0.04334389 0.00085759 0.01012139 -0.00759396 -0.00466066
811.5  0.96404423 -0.11586971 -0.02683466 0.04773906 0.03039439 -0.02028959 0.00941005 0.00444068 0.01276531 0.00783262
812.0  0.36650942 -0.03872850 -0.01311131 0.00552007 -0.01917300 0.02017267 -0.00974378 -0.00355060 0.03299718 -0.00883525
812.5  -0.57448791 0.16988648 0.03814650 -0.04114677 -0.01311197 0.04685570 0.00939495 -0.01040731 0.04650214 0.01367326
813.0  -0.97075043 -0.20846625 -0.02548402 -0.03946185 0.03185153 0.03877385 -0.00357730 -0.01392098 0.04890422 -0.01728037
813.5  -0.50728690 0.11699214 -0.00958664 0.01151216 -0.01340280 0.00371679 -0.00844208 -0.01125229 0.03762446 0.01725816
814.0  0.38776345 0.01957313 0.03692503 0.04625208 -0.02083436 -0.03512291 0.01280200 -0.00282453 0.01500779 -0.01655336
814.5  0.95217598 -0.13794319 -0.03392847 0.01830295 0.02911431 -0.05069691 -0.00603708 0.00870866 -0.01260094 0.01288424
815.0  0.73029682 0.21076255 0.00120939 -0.03311668 -0.00079798 -0.02956543 0.00537511 0.01732795 -0.03611854 -0.00582372
815.5  -0.07469486 -0.17116632 0.03151034 -0.03840896 -0.03109620 0.00855807 0.00621309 0.01951581 -0.04505942 0.00166327
816.0  -0.82117435 0.05773305 -0.03818742 0.00609299 0.01885608 0.03915533 -0.01562200 0.01649441 -0.03487160 0.00487614
816.5  -0.91277702 0.06669385 0.01694326 0.03874201 0.02532487 0.04842394 -0.01495279 0.00832717 -0.01050159 -0.01113177
817.0  -0.27102970 -0.18096524 0.01701789 0.02323903 -0.02253421 0.03641433 0.00738431 -0.01396793 0.00559399 0.01147582
817.5  0.59384845 0.20480968 -0.04067740 -0.03227351 0.00237334 0.01647423 -0.00218911 -0.04168010 0.00212588 -0.01428578
818.0  0.97339573 -0.12377354 0.02796604 -0.04237049 0.02391735 -0.00495761 -0.00975588 -0.05544871 -0.00388080 0.01380241
818.5  0.50784389 -0.00950084 0.00683020 0.00787530 -0.02297192 -0.02437819 0.01249992 -0.04834835 -0.00624452 -0.01308895
819.0  -0.42885982 0.14979144 -0.03588242 0.04396012 -0.00699593 -0.03650602 -0.00968406 -0.02146903 -0.00473721 0.00876328
819.5  -0.96975158 -0.20716984 0.03479404 0.02368384 0.02829210 -0.03200381 0.00251102 0.01346003 -0.00038139 -0.00483426
820.0  -0.55451767 0.13342817 0.00295149 -0.02433715 -0.01723469 -0.01240701 0.00532472 0.04398049 0.00527936 0.00074121
820.5  0.43464653 0.02275397 -0.03777255 -0.04388457 -0.01471548 0.01328508 -0.01244578 0.05718314 0.01003181 0.00705713
821.0  0.97332349 -0.16624041 0.03473162 -0.01188195 0.02925062 0.03143821 0.01350998 0.04934351 0.01118424 -0.01061639
821.5  0.48307024 0.19959303 0.00327081 0.03508762 -0.01037222 0.03258711 -0.00443684 0.02328894 0.00960904 0.01521166
822.0  -0.52041724 -0.10361220 -0.03804280 0.04207682 -0.01679089 0.01642920 -0.00184711 -0.01223557 0.00599404 -0.01723845
822.5  -0.97134067 -0.05457693 0.03432967 -0.00144243 0.02685216 -0.00892195 0.00849733 -0.04259776 0.00025167 0.01789018
823.0  -0.39249677 0.18488390 0.00488797 -0.04181517 -0.00639250 -0.02875755 -0.01546454 -0.05687671 -0.00537048 -0.01312691
823.5  0.60038175 -0.19594005 -0.03930549 -0.03121697 -0.02199320 -0.03091557 0.01004824 -0.04974920 -0.00993567 0.00962108
824.0  0.95908348 0.07921815 0.03267089 0.01295361 0.02466800 -0.01645275 -0.00028953 -0.02299898 -0.01320523 -0.00596142
824.5  0.30272577 0.07175115 0.00864595 0.04414535 0.00089175 0.00779348 -0.00589388 0.01011103 -0.01145329 -0.00577482
825.0  -0.67131709 -0.18374311 -0.04130147 0.01979133 -0.02530287 0.02791399 0.01492257 0.04097531 -0.00691143 0.00969812
825.5  -0.94161787 0.19891205 0.03059990 -0.02990894 0.01976217 0.03125454 -0.01697466 0.05782499 -0.00272264 -0.01262602
826.0  -0.25828871 -0.08434467 0.01083291 -0.04141444 0.00872900 0.01734466 -0.00154364 0.05042010 -0.00192245 0.01713176
826.5  0.67516910 -0.06732000 -0.04066226 -0.00634628 -0.02656813 -0.00999194 0.01005567 0.02350301 -0.00063301 -0.01750361
827.0  0.95306414 0.16916183 0.03140040 0.03867919 0.01475857 0.03005934 -0.01583498 -0.00644295 0.01832874 0.01568946
827.5  0.33259605 -0.20419037 0.00781070 -0.03284410 0.01906150 -0.02884903 0.01821211 -0.02355987 0.04193388 -0.01528429
828.0  -0.58450488 0.12368583 -0.03956095 -0.01521393 -0.02870412 0.01465149 -0.00104368 -0.03114404 0.05147326 0.01294749
828.5  -0.97110309 0.03271978 0.03403864 0.04612066 0.00229589 0.00641014 -0.01739401 -0.01952374 0.03843268 -0.01018351
829.0  -0.48048117 -0.15327372 0.00380556 -0.02136151 0.02913044 -0.02702526 -0.02216654 0.00141795 0.00975897 0.00556175
829.5  0.45191908 0.20152347 -0.03808285 -0.03026021 -0.02278756 0.02652865 0.01514446 0.02809378 -0.01836402 -0.00100616
830.0  0.96902322 -0.13612394 0.03487012 0.04516814 -0.00661861 -0.01432139 -0.00059160 0.04119208 -0.03623097 -0.00454842
830.5  0.59324856 -0.03000658 0.00353868 -0.00783874 0.02665252 -0.00264229 -0.01328444 0.03768874 -0.04118781 0.01233187
831.0  -0.32957432 0.16842954 -0.03845613 -0.03727644 -0.02056890 0.02021615 0.02479010 0.01539271 -0.03454724 -0.01775608
831.5  -0.94850962 -0.19616158 0.03445464 0.03999579 -0.00858896 -0.02875487 -0.01908429 -0.01312024 -0.01857549 0.02193710
832.0  -0.70972601 0.10342827 0.00408783 0.00134307 0.02983091 0.01546447 -0.00560197 -0.03646828 0.00335486 -0.02383681
832.5  0.15079896 0.06122700 -0.03971037 -0.04163034 -0.01806567 0.01185449 0.00553242 -0.04429253 0.02533261 0.02472843
833.0  0.87620193 -0.18415704 0.03684029 0.03236826 -0.01252272 -0.03303363 0.00642571 -0.03146070 0.03981171 -0.02167210
833.5  0.84907859 0.18968348 0.00225634 0.01206987 0.03328011 0.03318889 -0.00657233 0.00908010 -0.03454413 0.01540985
834.0  0.09190551 -0.07223507 -0.03920641 -0.04367781 -0.01916125 -0.00770260 0.01725496 0.00995636 0.02159640 -0.01305388
834.5  -0.74984969 -0.09327053 0.03742745 0.02942501 -0.01490099 -0.02440829 -0.02878027 0.02799188 -0.01387126 0.00757744
835.0  -0.93268168 0.19222614 0.00240212 0.01140121 0.03846699 0.04198577 0.02540376 -0.03504861 0.00661760 -0.00165863
835.5  -0.26759934 -0.17338729 -0.03992338 -0.03588150 -0.02900604 -0.03324734 -0.01048201 0.03811881 0.00896813 -0.00017271
836.0  0.64800904 0.03670814 0.03582817 0.02861915 -0.01013501 -0.00015753 -0.00472007 -0.02067469 -0.02234757 0.00697857
836.5  0.95783915 0.13363263 0.00611326 0.00433517 0.04396290 0.03473796 0.00692289 -0.00301349 0.02849553 -0.01477344
837.0  0.35512418 -0.19998663 -0.04196254 -0.03222071 -0.03615961 -0.04333649 0.00058295 0.02241344 -0.02803585 0.01741638
837.5  -0.59743693 0.14241231 0.03282870 0.02497098 -0.00829418 0.02405498 -0.00539252 -0.03658541 0.02003724 -0.02406126
838.0  -0.96607945 -0.00388069 0.01150370 0.00875288 0.04561286 0.01302287 0.00184170 0.03719240 -0.00820319 0.02835548
838.5  -0.37688615 -0.15727466 -0.04251456 -0.03084962 -0.03646806 -0.04138554 0.00686191 -0.02142835 -0.00424659 -0.02887078
839.0  0.59226279 0.20715739 0.02900675 0.02072659 -0.00847864 0.03761750 -0.01252967 -0.00158349 0.01636337 0.02834610
839.5  0.96335257 -0.11062799 0.01623932 0.01300820 0.04387613 -0.00718153 0.00960751 0.02503207 -0.02545777 -0.02640983
840.0  0.32642664 -0.03920967 -0.04350781 -0.03346459 -0.03544817 -0.02648128 0.00058351 -0.03853386 0.02971850 0.02459901
840.5  -0.66156206 0.17296123 0.02216892 0.01710909 -0.00794739 0.04215072 -0.01004285 0.03647070 -0.02778378 -0.02004762
841.0  -0.93831139 -0.20000204 0.02410778 0.01744009 0.04423781 -0.03048690 0.01382332 -0.01990482 0.01911930 0.01454518
841.5  -0.21295889 0.07063881 -0.04321684 -0.03415746 -0.03807773 0.00109583 -0.01228609 -0.00530581 -0.00483379 -0.00887516
842.0  0.73591523 0.09930262 0.01467467 0.01687475 -0.01024290 0.02697524 0.00397555 0.02722070 -0.01181158 0.00071577
842.5  0.91433739 -0.19110776 0.02984177 0.01636374 0.05009624 -0.03875265 0.00424593 -0.03829193 0.02551610 0.00750353
843.0  0.15701067 0.17064665 -0.04201005 -0.03174388 -0.03918485 0.02776090 -0.00762425 0.03555543 -0.03158218 -0.01351476
843.5  -0.75035003 -0.03464859 0.01080795 0.01351915 -0.01668645 0.00109594 0.01031629 -0.01474571 0.02557400 0.02162644
844.0  -0.91518393 -0.12981093 0.03037644 0.01117636 0.05622281 -0.02929740 -0.00781330 -0.01508539 -0.00804922 -0.02866519
844.5  -0.18273804 0.20207956 -0.04071582 -0.01977773 -0.03533259 0.03365195 -0.00440195 0.03420144 -0.01216816 0.03241836
845.0  0.73079873 -0.14671755 0.00884740 0.01210853 -0.02080331 -0.02413413 -0.00855802 0.03104453 0.03680211 -0.03577039
845.5  0.92549071 -0.00358663 0.03169495 -0.00554881 0.05501095 -0.00309081 -0.00371665 0.03928576 -0.02399970 0.03469833
846.0  0.21170890 0.15161231 -0.04026583 -0.00350407 -0.02820340 0.03195395 0.01915613 0.00323717 0.02356799 -0.03038741
846.5  -0.70714812 -0.20109145 0.00891366 0.02096066 -0.02738412 -0.03279882 -0.02613871 -0.01234360 -0.00115003 0.02521468
847.0  -0.93928134 0.13097060 0.03100244 -0.02195869 0.04770134 0.00849870 0.03226398 -0.02811321 -0.02120279 -0.01784484
847.5  -0.28214287 0.02312008 -0.04056802 -0.00793071 -0.01705109 0.01430887 -0.01060251 -0.03857682 0.03412968 0.00872490
848.0  0.62896642 -0.15797703 0.01297527 0.03915378 -0.02802096 -0.01802548 -0.01794290 -0.02828386 -0.03644041 0.00285327
848.5  0.96777607 0.19690672 0.02511985 -0.02853114 0.03467990 0.00631809 0.04022753 0.00027974 0.02839677 -0.01528596
849.0  0.44612112 -0.15189350 -0.04174720 -0.02225254 -0.00133055 0.00962350 -0.03255002 0.02209972 -0.00835217 0.02356687
849.5  -0.45909079 0.02458026 0.02272645 0.04821399 -0.02351825 -0.01775160 0.01427761 0.03751790 -0.01304621 -0.03106098
850.0  -0.96571107 0.12087570 0.01518215 -0.00905716 0.01989053 0.01211818 0.01365589 0.03263261 0.03033193 0.03484405
850.5  -0.64637627 -0.18767165 -0.04010492 -0.04494526 0.00299044 0.00153512 -0.04085988 0.01268762 -0.03894495 -0.03101984
851.0  0.23168046 0.18766991 0.03279066 0.03690941 -0.02358282 -0.01367524 0.03369423 -0.01337128 0.03203003 0.02545390
851.5  0.90643408 -0.10698784 0.00169348 0.02303145 0.01283193 0.01780736 -0.01291602 -0.03223871 -0.01601439 -0.01655460
852.0  0.81172340 -0.04308992 -0.03445623 -0.05046229 0.01555236 -0.00905556 -0.01354078 -0.03741243 -0.00414017 0.00565810
852.5  0.03990237 0.15013109 0.03974380 0.00737297 -0.02153811 -0.00893156 0.04020735 -0.02535224 0.02561929 0.00748566
853.0  -0.76494404 -0.19672034 -0.01366130 0.04728536 -0.00595005 0.02349246 -0.03281272 0.00067030 -0.03718386 -0.01917498
853.5  -0.93778830 0.17465495 -0.02459957 -0.03117803 0.02858942 -0.01946573 -0.00079540 0.02435384 0.03602436 0.02791778
854.0  -0.34804168 -0.04901958 0.04240194 -0.02917832 -0.00479627 -0.01391116 0.01008722 0.03711423 -0.02224457 -0.03075914
854.5  0.53579471 -0.09092683 -0.02662672 0.02627927 -0.04172999 0.04661913 -0.00609391 0.03513192 0.00169201 0.03159878
855.0  0.97423667 0.18165794 -0.01138556 0.01686154 0.01384562 -0.05103018 -0.00606157 0.01065457 0.02101942 -0.02927344
855.5  0.54728888 -0.19105151 0.04045135 -0.01500115 0.04150426 0.01982940 0.01507265 -0.00076363 0.03627081 0.02104427
856.0  -0.39761489 0.07146879 -0.03056496 -0.01328838 -0.04418118 0.01051624 -0.01475278 -0.03242015 -0.02753470 -0.01577781
856.5  -0.96765877 0.10312548 -0.01030674 0.01978156 -0.00764915 -0.04372290 0.01015067 -0.03166271 0.01923594 0.00756122
857.0  -0.55010194 -0.19890699 0.04022054 0.00075096 0.04915714 0.05135318 0.01255752 -0.03004157 -0.00522009 0.00265290
857.5  0.46367297 0.14498576 -0.02450005 -0.02005735 -0.03703175 -0.02709174 -0.02759086 -0.01144353 -0.00662454 -0.00970299
858.0  0.97259201 0.03173326 -0.01968815 0.01674861 -0.01157349 -0.01035039 0.02867690 0.00762769 0.01728412 0.01476150
858.5  0.37786264 -0.18429616 0.03897756 0.00457041 0.04767522 0.03730934 -0.01376954 0.02662148 -0.02600321 -0.02096086
859.0  -0.65939087 0.17178877 -0.01027798 -0.02219087 -0.04060150 -0.04557853 -0.00827419 0.03675410 0.03011636 0.02507284
859.5  -0.92289320 -0.00671846 -0.03120594 0.01880430 -0.00330400 0.02944246 0.02788693 0.03582639 -0.02861612 -0.02880559
860.0  -0.09016664 -0.16965647 0.03272364 0.00000877 0.04555487 0.00384573 -0.03313338 0.02564690 0.02139367 0.03231665
860.5  0.84819977 0.19156792 0.00728173 -0.01904911 -0.04823703 -0.03212263 0.02679218 0.00840242 -0.00850340 -0.03345591
861.0  0.78225566 -0.03383562 -0.03839569 0.02252567 0.00943533 0.04262411 -0.00743703 -0.01018263 -0.00512365 0.03467937
861.5  -0.19387861 -0.14110490 0.02141332 -0.00736533 0.03994762 -0.02979507 -0.01848743 -0.02689169 0.01372241 -0.03445444
862.0  -0.94356112 0.19426742 0.02082102 -0.00760855 -0.05249195 -0.00138321 0.03411888 -0.03627505 -0.02251592 0.03382739
862.5  -0.65477601 -0.11534922 -0.03850367 0.01763190 0.01839466 0.03337908 -0.03279058 -0.03600887 0.02169661 -0.03207631
863.0  0.30042502 -0.05523463 0.01360697 -0.02301881 0.03421029 -0.04122215 0.01144722 -0.02192672 -0.02174982 0.02867412
863.5  0.94326323 0.19052778 0.02483758 0.01409641 -0.04846461 0.02034980 0.01839075 -0.00600250 0.01423602 -0.02258752
864.0  0.71941372 -0.18705653 -0.03641226 0.01585067 0.01348045 0.01682420 -0.03506326 0.01724565 -0.00451172 0.01809722
864.5  -0.12509740 0.10429788 0.01468188 -0.03830433 0.03289385 -0.04243386 0.02058577 0.03118769 -0.00680553 -0.00658369
865.0  -0.85293921 0.03022983 0.01942069 0.01939252 -0.04042486 0.03126586 0.00160382 0.03069900 0.01909342 -0.00343092
865.5  -0.88556131 -0.17003399 -0.03750319 0.02720211 0.00261772 -0.00102239 -0.02438718 0.02240893 -0.01939571 0.01323932
866.0  -0.21653942 0.20105947 0.02165668 -0.04438043 0.03404701 -0.03254233 0.02990737 0.00157657 0.02193977 -0.02414345
866.5  0.62949827 -0.13977725 0.01221008 0.00232468 -0.03236273 -0.03651886 -0.01986673 -0.02155282 -0.01599263 0.02963063
867.0  0.97193692 0.01885979 -0.03575241 0.04197018 -0.00795731 -0.00813763 -0.00735296 -0.03564565 0.00258004 -0.03099083
867.5  0.53886978 0.13334671 0.02938883 -0.03286045 0.03957902 0.02389202 0.03256187 -0.02990971 0.00953446 0.03215883
868.0  -0.32429573 -0.20396024 0.00246372 -0.02020345 -0.01858892 0.03855229 -0.02474442 -0.01058819 -0.02512186 -0.02815603
868.5  -0.93148378 0.16234599 -0.03185265 0.04609413 -0.02242114 0.01941470 0.00343593 0.01406466 0.03011202 0.02206568
869.0  -0.78068231 -0.04189171 0.03442993 -0.01003509 0.03551415 -0.01985795 0.01671664 0.03297106 -0.02365535 -0.01305350
869.5  0.01598361 -0.11083009 -0.00714519 -0.04070673 -0.00869575 -0.03948046 -0.03308686 0.03021582 0.01026992 0.00001255
870.0  0.80578461 0.20006736 -0.02638393 0.03806223 -0.03555387 -0.02924636 0.01652207 0.01340102 0.00796770 0.01111997
870.5  0.90307974 -0.17234648 0.03638346 0.01558665 0.03579320 0.00383553 0.00848377 -0.00703806 -0.02182580 -0.02157566
871.0  0.18552838 0.04112714 -0.01328627 -0.04774881 0.01093056 0.03764563 -0.02093531 -0.02235112 0.02713159 0.02819463
871.5  -0.71536847 0.11738439 -0.02236328 0.01896987 -0.04135083 0.04304702 0.03319246 -0.02175918 -0.02751934 -0.03142884
872.0  -0.93283680 -0.19837559 0.03618196 0.03293557 0.02202508 0.02549225 -0.01986527 -0.01743302 0.01655766 0.03209372
872.5  -0.21879560 0.16342158 -0.01473778 -0.04305398 0.02241688 -0.00941351 -0.00674160 -0.00438607 -0.00268224 -0.02596366
873.0  0.72083476 -0.02529117 -0.02099105 0.00190927 -0.03842573 -0.04177944 0.02226536 0.00600078 -0.01144339 0.02041572
873.5  0.92054843 -0.13600536 0.03659020 0.04254877 0.01176435 -0.04542851 -0.03803988 0.00245827 0.02435585 -0.01194095
874.0  0.17046085 0.20083305 -0.01710584 -0.04329710 0.02007677 -0.03639122 0.02714789 0.01522817 -0.01858703 0.00654160
874.5  -0.76062536 -0.15395012 -0.01960960 0.00914070 -0.03713439 -0.00241959 -0.01236598 0.01006402 0.01265701 0.00464597
875.0  -0.89756676 0.03462899 0.03733225 0.03054615 0.03954917 0.03090924 -0.01390406 0.01328811 -0.00444179 -0.01550706
875.5  -0.08865008 0.12344418 -0.02052103 -0.04163188 0.00297384 0.05035451 0.02692578 0.02253724 0.00165204 0.02179193
876.0  0.81471336 -0.20855233 -0.01554624 0.00261486 -0.04189191 0.04158736 -0.03985459 0.01878015 0.00434855 -0.02715446
876.5  0.84668139 0.15965483 0.03661765 0.03854409 0.03189875 0.01557986 0.03155668 0.00877594 -0.00883253 0.02807627
877.0  -0.04335564 -0.04004803 -0.02187671 -0.02951861 0.01736512 -0.01577601 -0.00763626 -0.01211553 0.01177968 -0.02614595
877.5  -0.88492148 -0.10566500 -0.01347742 -0.01512734 -0.04553400 -0.03499359 -0.01549642 -0.03050863 -0.01510262 0.02084094
878.0  -0.77266839 0.20913988 0.03531245 0.04122909 0.01833538 -0.03451364 0.03087726 -0.03983354 0.01565820 -0.01353663
878.5  0.14266162 -0.17161134 -0.02304358 -0.01582975 0.02997445 -0.01492750 -0.03814987 -0.03437880 -0.01141474 0.00618939
879.0  0.90726226 0.03567921 -0.01136758 -0.02829056 -0.04411736 0.01060165 0.02437327 -0.01761922 0.00532686 0.00225565
879.5  0.76898272 0.10270102 0.03411801 0.03639986 0.00463871 0.02959121 0.00287010 0.00699178 0.00210513 -0.01413798
880.0  -0.10583157 -0.19954096 -0.02560337 -0.00163678 0.04163124 0.03181872 -0.02221291 0.02926559 -0.01188455 0.01958163
880.5  -0.87093499 0.17872601 -0.00643443 -0.03487212 -0.03945874 0.01274357 0.03852559 0.04021958 0.01636101 -0.02403642
881.0  -0.83867841 -0.03909966 0.03353320 0.03066126 -0.00943410 -0.00877503 -0.03048249 0.03666472 -0.01876810 0.03164309
881.5  -0.04993928 -0.11342271 -0.02923939 0.00421637 0.04864223 -0.02828985 0.00341736 0.01952032 0.01216471 -0.02652988
882.0  0.78287639 0.19958940 -0.00244357 -0.02984602 -0.03572739 -0.03189944 0.01891203 -0.00623630 -0.00526224 0.02343317
882.5  0.91679264 -0.16247810 0.03057904 0.03031856 -0.01755228 -0.01418131 -0.03671139 -0.02532200 -0.00140498 -0.01951415
883.0  0.24406448 0.01490696 -0.03052056 -0.01223588 0.05171254 0.00488503 0.03009408 -0.03952922 0.01585545 0.00830965
883.5  -0.63742131 0.14014348 0.00020742 -0.02104249 -0.03287453 0.02610726 -0.01079928 -0.03757757 -0.01067510 0.00198725
884.0  -0.96807813 -0.20687011 0.02894047 0.03737565 -0.02088268 0.03231831 -0.01698239 -0.01365623 0.01687390 -0.01084458
884.5  -0.48373204 0.13715212 -0.03145511 -0.02719814 0.04516766 0.01636630 0.03441429 0.00937670 -0.00366140 0.02097940
885.0  0.40287182 0.01383401 0.00293566 -0.02096537 -0.02883831 -0.00917320 -0.02627793 0.03783451 -0.01375030 -0.02914588
885.5  0.95574026 -0.15005927 0.02951658 -0.03816768 -0.03351573 -0.03126107 0.01592709 0.03801356 0.01777238 0.03271632
886.0  0.70083232 0.20814770 -0.03331876 -0.00876149 0.05188907 -0.03184568 0.01203278 0.02081328 -0.01780688 -0.03180304
886.5  -0.16375110 -0.12548508 0.00507696 0.03172426 -0.01113272 0.00831315 -0.03520338 -0.00239000 0.00683893 0.03089309
887.0  -0.89405953 -0.04078630 0.02815930 0.03531432 -0.03791438 0.03065100 0.01492760 -0.02729117 0.00636715 -0.02660775
887.5  -0.79857116 0.16399701 -0.03384960 0.00093441 0.04529163 -0.03110605 0.01900456 -0.03838864 -0.01191404 0.02046106
888.0  0.07662924 -0.19747743 0.00334798 -0.03275753 -0.00862180 0.00395646 -0.03775850 -0.02947976 0.01808558 -0.01464191
888.5  0.87915226 0.09773768 0.03137499 -0.03321703 -0.03557223 0.02487263 0.03109998 -0.01240275 -0.01121587 0.00765772
889.0  0.78908574 0.08981615 -0.03127495 0.00222229 0.04434161 -0.03839442 -0.00636227 0.01047190 0.00628659 -0.00234931
889.5  -0.12256485 -0.19600554 -0.00329817 0.03646985 -0.01041299 0.02691110 -0.02304466 -0.02596432 0.00333327 -0.00856702
890.0  -0.91336537 0.16339314 0.03404095 0.03285633 -0.03179132 0.00664264 0.04152162 0.02831212 -0.00913870 0.01587306
890.5  -0.72133697 -0.03173349 -0.02523527 -0.00343761 0.04027862 -0.03881467 -0.03644096 0.02704525 0.00885417 -0.01824145
891.0  0.25791956 -0.14227893 -0.01412479 -0.03496987 -0.00975721 0.04510851 0.01575409 0.00928552 -0.00842102 0.02532662
891.5  0.95329261 0.21218339 0.03665100 -0.03008706 -0.03181242 -0.02425520 0.01096923 -0.01191766 0.00464643 -0.02966162
892.0  0.58907702 -0.10134625 -0.01475971 0.00019266 0.04000604 -0.01218320 -0.02949525 -0.02626246 -0.00482596 0.02850829
892.5  -0.43960185 -0.07848661 -0.02450925 0.03587881 -0.00606640 0.04937655 0.02615308 -0.03541304 -0.00795181 -0.02894570
893.0  -0.97411893 0.19314566 0.03446562 0.03642870 -0.02748552 -0.05480852 -0.01007751 -0.03092643 -0.00093380 0.02853154
893.5  -0.42374941 -0.16612293 -0.00349041 -0.00652360 0.03908932 0.02523974 -0.00853082 -0.01562910 -0.00044005 -0.03377607
894.0  0.57847201 0.00630448 -0.03115949 -0.03689160 -0.01256720 0.01546504 0.01789441 0.00434003 0.00281941 0.03363493
894.5  0.96460290 0.15639308 0.03056963 -0.02919930 -0.03020851 -0.05004763 -0.01197723 0.02336020 -0.00406491 -0.03157188
895.0  0.38393297 -0.20405070 0.00512939 0.01261698 0.04015693 0.05733792 -0.00698117 0.03137847 0.00432620 0.02298064
895.5  -0.55188896 0.12264091 -0.03079168 0.04044868 -0.00014128 -0.02159872 0.01470902 0.02934815 -0.00605494 -0.01663211
896.0  -0.97296947 0.03054753 0.03215477 0.01571847 -0.03923023 -0.02676825 -0.00842404 0.01500034 0.00364846 0.00658975
896.5  -0.54493061 -0.15817639 -0.00646385 -0.03009187 0.02738519 0.05555263 -0.00185857 -0.00793200 0.00375545 0.00820640
897.0  0.33398302 0.20478704 -0.02521406 -0.03484313 0.01763256 -0.04497387 0.02155173 -0.02639934 -0.00732783 -0.01777274
897.5  0.93057331 -0.15685847 0.03516150 0.01357621 -0.03865001 -0.00007111 -0.01986224 -0.03310165 0.00981900 0.02875511
898.0  0.79207239 0.02867367 -0.01835114 0.04312361 0.00582748 0.04171212 -0.00444825 -0.02233734 -0.00921236 -0.03703698
898.5  0.04812201 0.09416578 -0.01254765 0.00655370 0.03868625 -0.05235892 0.01819831 0.00344599 0.00100178 0.03615001
899.0  -0.72926093 -0.17949123 0.03464412 -0.03665148 -0.02397834 0.02214256 -0.02589134 0.02532685 0.00596451 -0.02669665
899.5  -0.95832282 0.21090895 -0.03180914 -0.02408184 -0.02988776 0.02414076 0.01294981 0.03192644 -0.01190180 0.01095690
900.0  -0.48157847 -0.14389302 0.00744309 0.02312221 0.04089593 -0.04432506 0.02710823 0.02120787 0.01078261 0.00487359
900.5  0.36281240 0.03940292 0.02244140 0.03667339 0.01231386 0.01983987 -0.04586388 0.00082675 -0.00249739 -0.02035706
901.0  0.93746166 0.07472320 -0.03810469 -0.00603873 -0.04541098 0.01426477 0.01466674 -0.02788421 -0.00845289 0.03120160
901.5  0.76708231 -0.18639776 0.02443925 -0.04130141 0.01015848 -0.01287323 0.00340456 -0.03984275 0.00643320 -0.03542191
902.0  -0.04686612 0.20258645 0.00994313 -0.01733877 0.03118701 -0.00739741 0.00982685 -0.04269428 -0.03769721 0.03661989
902.5  -0.84025704 -0.13025461 -0.03403400 0.03322710 -0.03438853 0.02548705 -0.01006863 0.03163871 -0.04179595 -0.03237663
903.0  -0.85947574 0.00860318 0.02957479 0.03699618 -0.00665698 -0.02109759 -0.02703836 -0.01545359 -0.02739276 0.02210390
903.5  -0.03481121 0.14271931 0.00018574 -0.00957036 0.04141567 0.01188737 -0.02404570 -0.01161154 -0.00573769 -0.01465539
904.0  0.83242012 -0.21071229 -0.03345436 -0.03869088 -0.02714841 0.01142177 -0.01160482 0.02868287 0.01569393 0.00555658
904.5  0.83431547 0.13564268 0.03165264 -0.02337937 -0.02053214 -0.02675065 0.00346524 -0.03255608 0.03312411 0.00471140
905.0  -0.06550102 0.01577722 0.00399465 0.01582590 0.04438245 0.02457776 0.01955685 0.03367382 0.04211080 -0.01744820
905.5  -0.89858572 -0.16155765 -0.03341664 0.04048066 -0.02004068 -0.00987586 0.02531551 -0.01914188 0.04523414 0.02561987
906.0  -0.72977709 0.20211428 0.02365260 0.01881274 -0.02049729 -0.01200987 0.01951418 -0.00011660 0.03851307 -0.03083156
906.5  0.26818799 -0.07934627 0.01290388 -0.02278290 0.04260411 0.02823647 0.00437834 0.01922909 0.02776942 0.03852198
907.0  0.96141952 -0.10859504 -0.03304626 -0.03903790 -0.02315082 -0.02707906 -0.01202908 -0.03212583 0.01235324 -0.04118810
907.5  0.52841408 0.20386470 0.01315807 -0.01734852 -0.01934070 0.00960937 -0.02264737 0.03700847 -0.00592349 0.04283559
908.0  -0.53119510 -0.12907160 0.02292919 0.01924265 0.04348380 0.01288437 -0.02240773 -0.03051086 -0.02146224 -0.04328591
908.5  -0.96147810 -0.05843538 -0.02982575 0.03851660 -0.02952665 -0.02747129 -0.01255527 0.01373418 -0.03595203 0.04368505
909.0  -0.27455063 0.19364906 -0.00099960 0.01752122 -0.01132756 0.02837082 0.00434910 0.00662191 -0.04475800 -0.04190100
909.5  0.71522952 -0.16674949 0.03038830 -0.01932522 0.04101393 -0.01514423 0.01807020 -0.02652220 -0.04357794 0.03845947
910.0  0.91779001 0.01400648 -0.02294846 -0.03730212 -0.03252624 -0.00743062 0.02323650 0.03828208 -0.03327042 -0.03429742
910.5  0.16962743 0.15261840 -0.01159859 -0.01638116 -0.00610243 0.01763235 0.02098857 -0.03477421 -0.01067270 0.02655473
911.0  -0.73171235 -0.20795185 0.03117961 0.02451789 0.04209453 -0.02800000 -0.00889694 0.01622147 0.01693722 -0.01824029
911.5  -0.93302998 0.11365339 -0.01670982 0.03667181 -0.03253537 0.02722312 -0.01729063 0.01073015 0.03636022 0.00643318
912.0  -0.27698409 0.03454301 -0.01285364 0.00907862 -0.01385008 -0.00384422 -0.03562117 -0.02298292 0.04172761 0.00172785
912.5  0.62499749 -0.16580576 0.02963592 -0.02985448 0.04086054 -0.01020232 -0.01730376 0.04019509 0.03495413 -0.01537199
913.0  0.96560023 0.21032998 -0.01644115 -0.03263722 -0.02473346 0.02649941 -0.00340885 -0.03304441 0.00863635 0.02721800
913.5  0.45489937 -0.10832341 -0.01451297 0.00380197 -0.01937151 -0.02823333 0.01982435 0.00475094 0.01808613 -0.03314070
914.0  -0.46077846 -0.04592195 0.03119196 0.03909378 -0.03189779 -0.00204718 0.03194943 0.01929504 -0.03879271 0.03981032
914.5  -0.96969583 0.16371348 -0.01697627 0.02656804 -0.01075035 0.02906000 0.02655906 -0.03209874 0.04200816 -0.04357369
915.0  -0.62280087 -0.20826124 -0.01509613 -0.01518476 0.02085060 -0.03824667 0.00370235 0.02834358 -0.03015504 0.03893900
915.5  0.25823482 0.11500160 0.03164740 -0.04165031 0.02984291 0.02069108 -0.01768793 -0.01236309 0.01169868 -0.03519865
916.0  0.91631649 0.04727348 -0.01761237 -0.02015108 0.00574787 0.01531866 -0.03224996 -0.00667253 0.01230741 0.02600642
916.5  0.79536158 -0.16453601 -0.01254040 0.02625919 -0.02399213 -0.04037824 -0.02783463 0.01967494 -0.03511051 -0.01385066
917.0  -0.00369399 0.20309845 0.03096798 0.04261504 -0.02605879 0.03522103 -0.00540947 -0.02416752 0.04324436 0.00232377
917.5  -0.79870823 -0.11932249 -0.02005536 0.00805019 0.00158430 -0.00473565 0.01932627 0.01668254 -0.04256241 0.00962210
918.0  -0.90986976 -0.04659077 -0.00927209 -0.03667742 0.02472480 -0.02872878 0.03351702 -0.00168139 0.03013485 -0.02110669
918.5  -0.22722123 0.17421738 0.02968807 -0.04148172 0.01601927 0.04004097 0.02928136 -0.00925323 -0.00139316 0.03108591
919.0  0.66039647 -0.19849089 -0.02230627 0.00426903 -0.00780645 -0.02060948 0.00586174 0.01534702 -0.02398114 -0.03501522
919.5  0.96073011 0.10223760 -0.00783204 0.04954030 -0.00700686 -0.01373402 -0.02270866 -0.00747355 0.04438206 0.03585162
920.0  0.40177817 0.05972430 0.03008469 0.03523305 0.00547587 0.03732745 -0.03431838 -0.01482762 -0.05216819 -0.03927010
920.5  -0.51840805 -0.18339908 -0.02123317 -0.02210623 -0.00297733 -0.03262944 -0.02983321 0.02294073 0.03342905 0.03362967
921.0  -0.97252095 0.19798214 -0.00676985 -0.04935795 -0.02515380 0.00566469 0.00081037 -0.01671815 -0.00782705 -0.02773447
921.5  -0.54276784 -0.09156321 0.02693850 -0.01563457 -0.01781876 0.01568146 0.03420900 -0.00302750 -0.01475119 0.02107643
922.0  0.39183447 -0.06437646 -0.02327634 0.03214659 0.02072034 -0.03773366 0.03303106 0.03570995 0.03110255 0.01348468
922.5  0.96462385 0.17919204 -0.00298183 0.03426510 0.03898373 0.01363849 0.02279139 -0.05049796 -0.03194190 0.00193669
923.0  0.60423227 -0.20064855 0.02762794 -0.00425914 0.00953554 0.01415064 -0.00603912 0.03376589 0.02568854 -0.00979965
923.5  -0.36093896 0.09666243 -0.02325120 -0.03281141 -0.03434279 -0.02754692 -0.02906669 -0.00397747 -0.01523410 -0.01957274
924.0  -0.96454554 0.06898739 -0.00246140 -0.01918043 -0.04147300 0.01723908 -0.03526858 -0.03078725 0.00195925 -0.02757492
924.5  -0.56880922 -0.17817912 0.02689739 0.01625654 0.00120018 0.00961592 -0.02260463 0.05659175 0.00702972 -0.03209280
925.0  0.42637623 0.19539616 -0.02454711 0.02918554 0.04453285 -0.02990580 0.00066914 -0.04985757 -0.01615312 -0.03362696
925.5  0.97109830 -0.10942203 -0.00102588 0.00657148 0.03689895 0.02688302 0.02261407 0.02345890 0.02163465 -0.03227565
926.0  0.51374434 -0.05286311 0.02497472 -0.02133730 -0.01699543 -0.00301113 0.03470483 0.01091002 -0.02051432 -0.02614231
926.5  -0.46020122 0.17291861 -0.02456549 -0.02093272 -0.04996215 -0.02892160 0.02786301 -0.03983791 0.02047824 -0.01925859
927.0  -0.97393519 -0.19720107 0.00049190 0.00613434 -0.02252816 0.04443773 0.00798441 0.04741834 -0.01185213 -0.00775566
927.5  -0.52037585 0.14168124 0.02319527 0.02337795 0.03248492 -0.02979841 -0.01578268 -0.03305850 -0.00020781 0.00452498
928.0  0.44175046 -0.00049115 -0.02577227 0.00601600 0.04876883 -0.00791440 -0.03467014 0.00938568 0.00984540 0.01361652
928.5  0.96978214 -0.14771399 0.00390350 -0.01671695 0.00447937 0.04671645 -0.03228242 0.00188037 -0.02267126 0.02113774
929.0  0.54724886 0.20201326 0.02109684 -0.01320654 -0.04688769 -0.06023623 -0.01479132 -0.00733982 0.02368876 0.02676433
929.5  -0.41668162 -0.15771129 -0.02503708 0.01041761 -0.03869534 0.03789736 0.01320217 0.01027287 -0.02341044 0.02846856
930.0  -0.96847426 0.02684166 0.00717830 0.01252941 0.02154402 0.00931150 0.03340643 -0.01265146 0.01874981 0.03036770
930.5  -0.57679442 0.13175148 0.01817514 -0.01681475 0.05209024 -0.04865388 0.03396030 0.01944424 -0.00895198 0.02780604
931.0  0.36855513 -0.20661968 -0.02642730 -0.02432609 0.01456542 0.05850911 -0.00135516 -0.02221270 0.00516755 0.02403346
931.5  0.96068062 0.15777679 0.00588737 0.01151115 -0.03574869 -0.03330290 0.00210091 0.01989935 0.00252123 -0.01941571
932.0  0.63929509 -0.01740774 0.01885833 0.03753101 -0.04215571 -0.00831074 -0.03386431 -0.01317689 -0.01299422 0.01671035
932.5  -0.28624118 -0.13743068 -0.02346649 0.01135926 -0.00052743 0.04234320 -0.04098954 0.00581052 0.02021619 -0.00914400
933.0  -0.94199302 0.20573685 0.00594149 -0.02990981 0.03822193 -0.04859604 -0.02115243 0.00050309 -0.02568462 0.00120703
933.5  -0.70171067 -0.14530752 0.01833663 -0.03615547 0.03304815 0.01860432 0.01177190 -0.00686096 0.03012609 0.00451688
934.0  0.21003289 -0.01328406 -0.02420230 0.00266706 -0.00568459 0.02316962 0.03829051 0.01164700 -0.02358209 -0.01345875
934.5  0.92021294 0.16569350 0.00411729 0.04000766 -0.03802348 -0.04724190 0.04074434 -0.01352666 0.01410548 0.02035603
935.0  0.75036494 -0.20023477 0.01972521 0.02923971 -0.02911782 0.03768299 0.01714168 0.01401281 -0.00575425 -0.02562624
935.5  -0.13100516 0.11507449 -0.02358205 -0.01792057 0.01091814 -0.00023802 -0.01596963 -0.00728548 -0.01048851 0.03015943
936.0  -0.88335179 0.03911367 0.00417292 -0.04509922 0.03743367 -0.03644289 -0.03924425 -0.00290134 0.02157747 -0.03239790
936.5  -0.82480805 -0.18139143 0.01941453 -0.01732013 0.02259788 0.04716501 -0.03812854 0.01214389 -0.02436165 0.03155688
937.0  -0.03407562 0.20079273 -0.02355540 0.03302478 -0.01796730 -0.02405659 -0.01300956 -0.01825962 0.02976062 -0.02814110
937.5  0.78717368 -0.10751509 0.00629260 0.04391729 -0.03630114 -0.01721385 0.01857375 0.01343638 -0.02317991 0.02154686
938.0  0.91587456 -0.03195673 0.01646904 0.00062706 -0.01217267 0.04426671 0.03942006 0.00046229 0.00708074 -0.01284740
938.5  0.23270414 0.17310753 -0.02433838 -0.04426956 0.02203498 -0.04132863 0.03353188 -0.01154417 0.00455196 0.00527426
939.0  -0.66106746 -0.20802127 0.00776404 -0.03798043 0.02632834 0.01044546 0.01229011 0.01664134 -0.02413977 0.00308760
939.5  -0.95788484 0.10670194 0.01783656 0.01331528 0.00379525 0.02446699 -0.01216842 -0.00653341 0.03423284 -0.01157458
940.0  -0.35639929 0.04493686 -0.02312647 0.05254804 -0.01699945 -0.03899763 -0.04214284 -0.01366656 -0.02659540 0.01932845
940.5  0.59062645 -0.17771786 0.00324490 0.03127723 -0.01770994 0.03569991 -0.03601298 0.02133763 0.01258659 -0.02446248
941.0  0.96608972 0.20115772 0.01863361 -0.02546746 -0.00164344 -0.00573449 -0.01981390 -0.01614070 0.01108081 0.02919258
941.5  0.39365230 -0.07455650 -0.02129834 -0.05069394 0.02048527 -0.01459415 0.00580964 -0.00586712 -0.02700804 -0.03152005
942.0  -0.57502314 -0.09824603 0.00083633 -0.01602697 0.02523013 0.02956426 0.02972521 0.03333882 0.02777811 0.03253197
942.5  -0.96716685 0.19848518 0.02255567 0.02266175 -0.02001973 -0.02484031 0.04239019 -0.04282639 -0.01988880 -0.03214121
943.0  -0.36725841 -0.16325074 -0.01938853 0.01363043 -0.05183568 0.00091359 0.03425791 0.03679662 0.00337415 0.02734492
943.5  0.61741076 0.00313358 -0.00682262 -0.00883961 -0.02921409 0.01303648 0.01713363 -0.00566189 0.00878918 -0.02404994
944.0  0.95417532 0.16116014 0.02377684 -0.01592968 0.02320009 -0.01567090 -0.00981211 -0.02619882 -0.01420533 0.01928363
944.5  0.27458773 -0.20219429 -0.01427165 -0.00297379 0.05223706 0.00882663 -0.03820721 0.04866095 0.01050902 -0.00986544
945.0  -0.69845377 0.09418117 -0.01101204 0.01295580 0.02763108 0.00635671 -0.04520746 -0.05407934 -0.00392915 0.00130916
945.5  -0.92699186 0.08348986 0.02406832 0.01314930 -0.02259018 -0.01753554 -0.03330218 0.03189153 -0.00200757 0.00612675
946.0  -0.19088422 -0.19599343 -0.01034359 -0.00297374 -0.04990119 0.01335656 -0.00299928 0.00124259 0.00688843 -0.01650692
946.5  0.73073493 0.17809521 -0.01354726 -0.01653983 -0.02445149 -0.00301330 0.02862568 -0.03399871 -0.00584323 0.02301392
947.0  0.92993088 -0.06088829 0.02421875 -0.00896129 0.03248558 -0.01177654 0.04370442 0.05381140 0.00148936 -0.02609282
947.5  0.26158458 -0.09678539 -0.00890718 0.00809719 0.04909204 0.01707741 0.03704036 -0.04839013 0.00179203 0.03138745
948.0  -0.63025475 0.19583646 -0.01290050 0.01766326 0.00585912 -0.01360860 0.00957785 0.01504615 -0.00385341 -0.03086089
948.5  -0.96979195 -0.18977107 0.02165298 0.00506152 -0.04594999 0.00396319 -0.00570108 0.03156641 0.00600571 0.02622355
949.0  -0.47942862 0.11519693 -0.01461335 -0.00946652 -0.04188509 -0.00014548 -0.02889298 -0.05523827 -0.00787679 -0.01779047
949.5  0.41000916 0.01777445 -0.00458472 -0.02104784 0.01553261 0.00184612 -0.03146489 -0.04661066 0.00384697 0.00929408
950.0  0.95516027 -0.14887356 0.01923226 -0.02799023 0.04414863 0.01240633 -0.01476174 -0.01852684 -0.00285763 0.00241042
950.5  0.70901828 0.19860562 -0.02059770 0.00540819 0.02095106 -0.01483505 0.01716654 0.01048342 -0.00004053 -0.01867230
951.0  -0.13125065 -0.18283572 0.00275306 0.04333216 -0.02073147 0.00300765 0.04936627 0.03078046 0.00746012 0.01878582
951.5  -0.85996280 0.09065967 0.01744801 0.02311627 -0.03552958 -0.00132778 0.04940105 0.02821652 0.00956199 -0.02532758
952.0  -0.86895469 0.05569101 -0.01953313 -0.03306228 -0.00500562 -0.01380587 0.02049422 0.01491722 0.00816716 0.03072433
952.5  -0.13854626 -0.16257067 0.00951621 -0.04367441 0.03189574 0.01228799 -0.02069606 -0.00140706 0.00254015 -0.01979198
953.0  0.72186273 0.20359708 0.00808533 0.00747006 0.02587442 -0.00314930 -0.05240254 -0.01060802 -0.00457905 0.01302414
953.5  0.94230106 -0.15702708 -0.02185945 0.04699529 -0.01407940 -0.00207650 -0.05517876 -0.01016411 -0.00797169 -0.00397034
954.0  0.29595440 0.01713691 0.01529799 0.02168751 -0.03382471 0.01356781 -0.02837556 -0.00688181 -0.01037038 -0.01184873
954.5  -0.64246669 0.13036088 0.00484884 -0.03127874 -0.01146783 -0.01098517 0.01078304 -0.00855418 -0.00892460 0.02123150
955.0  -0.95512662 -0.20346793 -0.02021754 -0.04473856 0.02543734 0.00055262 0.04253050 -0.01846179 -0.00496185 -0.02660676
955.5  -0.29299313 0.16137332 0.01666475 -0.00198391 0.03429098 -0.00052804 0.05227694 -0.02722732 0.00065114 0.02761013
956.0  0.67819268 -0.01596076 0.00359932 0.04321237 0.00578591 -0.01365200 0.03747647 -0.02496493 0.00835284 -0.02742422
956.5  0.93611177 -0.14051074 -0.01803586 0.03887949 -0.02783532 0.01064260 0.01388990 -0.00831958 0.01279520 0.02287660
957.0  0.20501669 0.20813580 0.01423262 -0.00760399 -0.03369815 -0.00231842 -0.01498680 0.01486001 0.01234032 -0.01712585
957.5  -0.73893623 -0.14421793 0.00305284 -0.04623052 -0.01044429 0.00059379 -0.03357434 0.03327516 0.00955926 0.00918392
958.0  -0.91150098 -0.01356487 -0.01852074 -0.03671526 0.02201327 0.00744994 -0.05334506 -0.01287607 -0.00856481 -0.00118805
958.5  -0.14217896 0.15569292 0.01416808 0.01279440 0.03630307 -0.01053688 0.02361719 0.03594727 -0.00958212 -0.01160017
959.0  0.77516288 -0.20309087 0.00596980 0.04661307 0.01782359 0.00777065 -0.00365852 -0.00955561 -0.01733204 0.01997399
959.5  0.89069544 0.13323875 -0.01900268 0.03003955 -0.02002260 -0.00537120 -0.01397303 -0.01424099 -0.01657897 -0.02535116
960.0  0.08462186 0.03166144 0.01242335 -0.01678067 -0.04032652 0.00711979 0.02206957 0.03781154 -0.00851360 0.03085122
960.5  -0.80812639 -0.17501276 0.00582663 -0.04323622 -0.02026078 -0.00208128 -0.02351104 -0.04861966 -0.00583575 -0.03264282
961.0  -0.86754848 0.19631661 -0.01787394 -0.02262717 0.02111489 -0.00630150 0.01616469 0.04572721 0.00486146 0.03027727
961.5  -0.03664553 -0.10898096 0.01185086 0.01879368 0.04473874 -0.01196647 -0.00480496 -0.02488677 0.01106612 -0.02877087
962.0  0.82506552 -0.04888958 0.00702157 0.03751841 0.02135540 -0.01940757 -0.01300336 -0.00293155 0.01580494 0.02504875
962.5  0.86437839 0.18858692 -0.02169187 0.01834806 -0.02735728 -0.01465373 0.02622087 0.02888036 0.01644324 -0.01860501
963.0  0.06855161 -0.19591103 0.00879203 -0.01640583 -0.04920742 -0.00109954 -0.02043714 -0.04852080 0.01197954 0.01391683
963.5  -0.79180692 0.08414675 0.00919213 -0.03179660 -0.01973881 0.01078292 0.00819058 0.04953048 0.00515908 -0.00688143
964.0  -0.90126532 0.06894622 -0.01880192 -0.01583561 0.03165395 0.01817383 0.00866549 -0.03153708 -0.00325316 0.00099093
964.5  -0.16488840 -0.19366189 0.00992594 0.01562352 0.04852260 0.01254523 -0.02824768 0.00474042 -0.01003291 0.00806919
965.0  0.72279873 0.18924159 0.00929380 0.03040110 0.01574223 -0.00182186 0.02531543 0.02587926 -0.01488997 -0.01420777
965.5  0.93681008 -0.05154472 -0.01903946 0.01064545 -0.03353348 -0.01400270 -0.00959165 -0.04649015 -0.01723702 0.01979819
966.0  0.27366023 -0.11143648 0.00946857 -0.01904925 -0.04668366 -0.02145754 -0.00275141 0.04950581 -0.01479533 -0.02458011
966.5  -0.64315349 0.20329075 0.01023621 -0.02885970 -0.01326378 -0.01034121 0.02237600 -0.03677654 -0.00868418 0.02786634
967.0  -0.96303231 -0.16071473 -0.01940673 -0.00690328 0.03156598 0.00739486 -0.02833820 0.01049030 0.00232060 -0.03151121
967.5  -0.41329892 0.00794533 0.00799942 0.02448133 0.04505921 0.01805132 0.01472227 0.02140729 0.01249209 0.03380945
968.0  0.49748018 0.14566535 0.01210757 0.02822075 0.00925736 0.01849745 -0.00643876 -0.04363706 0.01916397 -0.03624799
968.5  0.97116339 -0.20823530 -0.01873518 0.00386004 -0.03623581 0.00270093 -0.00815850 0.05150586 0.01322551 0.03685693
969.0  0.61261225 0.14241677 0.00770215 -0.02262978 -0.04463113 -0.01125634 0.02478118 -0.03588009 0.00467231 -0.03034098
969.5  -0.27084624 0.00508303 0.01052658 -0.02138834 -0.01074083 -0.01999862 -0.01739269 -0.00586442 -0.00230146 0.02506390
970.0  -0.92475113 -0.14638250 -0.01968723 -0.02862596 0.02805805 -0.00987027 0.00550171 0.02742880 -0.01459149 -0.01694952
970.5  -0.77023800 0.21070742 0.01071152 -0.01644935 0.04289494 0.00795783 0.01356255 0.04857214 -0.02171697 0.00329057
971.0  0.07224368 -0.14462754 0.01021180 0.01984462 0.01902999 0.01934923 -0.02368763 0.04334252 -0.02305336 0.00387061
971.5  0.85572498 -0.00588104 -0.02117165 0.03427968 -0.02534635 0.01923878 0.01958547 0.01937940 -0.01390787 -0.01376341
972.0  0.85079833 0.14031993 0.01078489 0.00785130 -0.04281478 0.00203972 -0.00332554 -0.01339830 -0.00411047 0.02649524
972.5  0.04314308 -0.20848451 0.00784823 -0.03030006 -0.01227037 -0.01770952 -0.01460862 -0.03920376 0.00510513 -0.03182826
973.0  -0.80568953 0.15725372 -0.01896966 -0.03238135 0.02984727 -0.02519622 0.02371047 -0.04433457 0.01609665 0.03567573
973.5  -0.88347280 -0.00531123 0.01322073 0.00509626 0.03827045 -0.01629139 -0.02053781 -0.03228589 0.02105500 -0.03571860
974.0  -0.09889065 -0.13280373 0.00702161 0.03828926 0.00162700 0.00524324 0.00452042 -0.00858600 0.02302545 0.03283202
974.5  0.79080594 0.20142295 -0.02077413 0.02584034 -0.03713371 0.02211841 0.01315300 0.01692221 0.01837381 -0.02545298
975.0  0.88390059 -0.16917605 0.01542843 -0.01812247 -0.03246938 0.02202468 -0.02323174 0.03600721 0.00766266 0.01530810
975.5  0.07089268 0.02323238 0.00766267 -0.03836766 0.00910572 0.00816223 0.02284002 0.04450293 -0.00319594 -0.00814313
976.0  -0.82080360 0.13353223 -0.02074035 -0.01652780 0.04084040 -0.01037881 -0.01144588 0.03728709 -0.01169616 -0.00269622
976.5  -0.84697918 -0.20117551 0.01324041 0.02461882 0.02783709 -0.02097747 -0.00658345 0.01675825 -0.01766682 0.01406854
977.0  0.03548695 0.16064645 0.00612781 0.03852062 -0.01499906 -0.01758323 0.01972813 -0.00887947 -0.02139398 -0.02070397
977.5  0.87712901 -0.02076494 -0.02018872 0.00680076 -0.04094343 -0.00445092 -0.02546171 -0.02996980 -0.02472753 0.02866025
978.0  0.78633021 -0.13895313 0.01541382 -0.03122264 -0.02285659 0.01101567 0.02030685 -0.03715222 -0.02542110 -0.03569718
978.5  -0.12393859 0.20774976 0.00635790 -0.03481632 0.01853451 0.02307233 0.00067293 -0.02970694 -0.01927740 0.03542223
979.0  -0.90314240 -0.15642838 -0.02116000 0.00049540 0.03908123 0.02499019 -0.00322574 -0.01807204 -0.00402518 -0.03297132
979.5  -0.76581570 0.01956296 0.01483119 0.03878334 0.01289885 0.01187924 0.02912637 -0.00853632 0.01679510 0.02684554
980.0  0.13204978 0.13018080 0.00398648 0.02845621 -0.03306963 -0.00563701 -0.02591676 -0.01199982 0.02988255 -0.01860891
980.5  0.89676373 -0.20515663 -0.01789196 -0.02583362 -0.03131681 -0.02365776 0.01405586 -0.00243871 0.03926680 0.00847843
981.0  0.79020357 0.16941380 0.01722931 -0.02147966 0.03459367 -0.02483337 -0.00634559 0.00676140 0.03784371 0.00536450
981.5  -0.06494250 -0.03964080 -0.00051193 0.03357072 0.02848014 -0.00624017 -0.02247190 0.01588955 0.02887835 -0.02046973
982.0  -0.85226495 -0.10975015 -0.01730537 0.03414405 -0.01993483 0.01234484 0.02966393 0.01521241 0.01201195 0.02917501
982.5  -0.86465587 0.19325161 0.01970948 -0.01400139 -0.03820704 0.03012486 -0.01681609 0.01073029 -0.01395169 -0.03491131
983.0  -0.11877803 -0.19230635 -0.00537134 -0.04258342 -0.00189915 0.02377327 0.00758058 0.00069735 -0.03368424 0.03530681
983.5  0.71708261 0.09940797 -0.01396286 -0.01169307 0.03513574 0.00099156 0.01616653 -0.00618786 -0.04276761 -0.02894934
984.0  0.95462568 0.04773195 0.02122263 0.03498186 0.02439800 -0.02511631 -0.02897626 -0.00649047 -0.03675023 0.01792907
984.5  0.41802220 -0.15555278 -0.01194202 0.03173826 -0.01991431 -0.03220790 0.01761997 -0.00543119 -0.01795254 -0.00565393
985.0  -0.45828588 0.20467028 -0.00706641 -0.01473504 -0.03679023 -0.01442846 -0.00294848 -0.00300004 0.00617635 -0.00845036
985.5  0.96221160 -0.16986306 0.02105577 -0.03980833 -0.00554562 0.01421861 -0.01779447 -0.00252717 0.02934056 0.02111045
986.0  -0.68204521 0.06179845 -0.01812192 -0.01035902 0.03041429 0.03319740 0.02471680 -0.00458695 0.03924718 -0.03099357
986.5  -0.16913618 0.09256359 -0.00231843 0.02927416 0.03374744 0.02535701 -0.01670993 -0.00893438 0.04037280 0.03214239
987.0  0.87782137 -0.22597725 0.02316954 0.03355256 -0.00562552 0.00196009 -0.00299366 -0.00732251 0.02539492 -0.03279385
987.5  -0.81393140 0.25085392 -0.02256848 0.00063637 -0.03930609 -0.02089136 0.01989912 0.00560015 0.00452424 0.03297764
988.0  0.01369403 -0.12412522 -0.00156050 -0.03462918 -0.03004471 -0.03851936 -0.01542063 0.02049511 -0.01204885 -0.02979133
988.5  0.79965260 -0.09883676 0.02602237 -0.03082255 0.00850422 -0.02536099 0.00541381 0.03156326 -0.02242306 0.02093337
989.0  -0.85607887 0.27615007 -0.02479821 0.00206095 0.03999674 -0.00060970 0.00875668 0.03199149 -0.02742721 -0.01210167
989.5  0.07964948 -0.26713742 -0.00233047 0.02949518 0.03525187 0.03059932 -0.01874399 0.01614147 -0.02639687 0.00271792
990.0  0.78218631 0.05498110 0.02926695 0.03519394 -0.00382853 -0.03770884 0.01967771 0.00256819 -0.02348132 0.00605267
990.5  -0.83743660 0.21087987 -0.02302532 0.00831812 -0.04198281 0.02213958 -0.01046184 -0.01437717 -0.01842345 -0.01218419
991.0  -0.01035041 -0.31065747 -0.01205413 -0.02565815 -0.04273256 0.00389766 -0.00153147 -0.02980060 -0.00897278 0.01745690
991.5  0.85395897 0.14561929 0.03184945 -0.03380772 -0.00606177 -0.03067919 0.01500953 -0.03584647 -0.00089891 -0.02082258
992.0  -0.72780759 0.14824530 -0.01162664 -0.01332684 0.03455021 0.03606380 -0.02234992 -0.03050441 0.00630684 0.02608442
992.5  -0.23979150 -0.31188818 -0.02426791 0.01910941 0.04897339 -0.02257093 0.01876409 -0.01953320 0.01427397 -0.02862907
993.0  0.92866379 0.20314545 0.02856011 0.03211720 0.02484750 -0.00407025 -0.00808392 -0.00260190 0.01774979 0.03238534
993.5  -0.55498857 0.07686605 0.00524527 0.01887144 -0.01972618 0.02829138 -0.00940878 0.01912769 0.02173863 -0.03496145
994.0  -0.43323840 -0.29430571 -0.03286940 -0.01291079 -0.05103635 -0.03537112 0.02124287 0.03224055 0.02270825 0.03738901
994.5  0.94002545 0.28572286 0.02040218 -0.03220970 -0.03745507 0.02398770 -0.02087587 0.03223770 0.01751864 -0.04036245
995.0  -0.45426150 -0.06523895 0.01710534 -0.01998271 0.01223588 0.00612871 0.01095730 0.02506310 0.01080535 0.04025658
995.5  -0.48504604 -0.20957424 -0.03631382 0.01298832 0.04686068 -0.03097364 0.00416756 0.00550428 0.00006810 -0.04055793
996.0  0.92870218 0.35569372 0.01584400 0.03257886 0.03612162 0.03613170 -0.01642159 -0.01735626 -0.01332488 0.04073119
996.5  -0.46639175 -0.27543988 0.02126342 0.01480377 -0.01189749 -0.02371933 0.01584653 -0.02602881 -0.02076495 -0.03806384
997.0  -0.43086080 0.01165591 -0.03653795 -0.01868748 -0.04884314 -0.00719165 -0.01227379 -0.02482875 -0.02621057 -0.03279301
997.5  0.90938352 0.27652249 0.01536124 -0.03287719 -0.03015846 0.02768080 0.01519504 -0.01502266 -0.02125654 -0.02558712
998.0  -0.54321364 -0.41043433 0.02133514 -0.00407659 0.02293974 -0.03681188 -0.01637903 0.00114513 -0.00375574 -0.01427935
998.5  -0.30670190 0.30466092 -0.03688123 0.04026077 0.03788107 0.02742687 0.00561944 0.00021358 0.01913060 -0.00444408
999.0  0.87191639 -0.02091713 0.01618648 0.03089890 0.00003679 0.00052860 0.01477592 -0.00976934 0.03823597 0.01073831
999.5  -0.67478463 -0.27800512 0.01895036 -0.02947971 -0.02261007 -0.02194965 -0.02820816 -0.01442488 0.03669168 0.02874657
1000.0  -0.09715365 0.42617378 -0.03700112 -0.05296355 -0.00580725 0.02932605 0.02730954 -0.01018505 0.02179833 0.03535982
