0.0  0.00000000 0.00000000 0.00000000 0.00000000 0.00000000 0.00000000 0.00000000 0.00000000 0.00000000 0.00000000
0.5  -0.82176876 0.00247147 0.00039137 -0.00091198 -0.00011533 0.00045712 -0.00047280 -0.00050111 0.00010710 0.00070742
1.0  -0.93027449 0.00041253 0.00005533 -0.00084217 -0.00006236 0.00042590 -0.00061314 -0.00060239 0.00020274 0.00022222
1.5  -0.20504157 0.00242908 0.00008605 0.00019071 -0.00000961 0.00031881 -0.00036882 -0.00057067 0.00014563 -0.00065476
2.0  0.70066801 -0.00221184 0.00003108 0.00071627 -0.00085977 0.00011408 0.00017183 -0.00027605 0.00002706 0.00008712
2.5  0.98521271 -0.00302171 -0.00025554 0.00060883 -0.00109811 -0.00004647 0.00051740 -0.00000382 -0.00010296 0.00116696
3.0  0.43754637 0.00001998 0.00009666 0.00029990 -0.00028820 -0.00070081 0.00048061 0.00021950 -0.00017192 0.00242271
3.5  -0.45764588 -0.00095631 0.00009438 -0.00088298 0.00206869 0.00001177 0.00016268 0.00012786 -0.00013431 0.00201142
4.0  -0.98458747 0.00375857 -0.00053183 -0.00061302 0.00173899 0.00091911 -0.00027586 0.00007868 -0.00003584 0.00160300
4.5  -0.73436241 0.00145029 0.00029714 0.00042722 -0.00047425 0.00154905 -0.00044339 -0.00028379 -0.00003266 -0.00027276
5.0  0.10540714 -0.00057071 0.00001727 -0.00008600 -0.00188064 0.00107031 -0.00048507 -0.00061850 -0.00008998 0.00197105
5.5  0.86441715 -0.00007716 -0.00032919 0.00000704 0.00147948 -0.00045181 -0.00027696 -0.00048332 -0.00016546 0.00068648
6.0  0.91604962 -0.00351965 0.00081363 0.00057815 0.00261989 -0.00159744 0.00011664 0.00013892 -0.00006942 -0.00136767
6.5  0.22583255 0.00074177 -0.00028506 0.00012795 -0.00050088 -0.00116093 0.00090811 0.00143372 0.00013817 -0.00368092
7.0  -0.63263384 0.00039073 -0.00037212 0.00117828 -0.00370650 0.00087450 0.00153597 0.00192721 0.00040926 -0.00492796
7.5  -0.99996049 0.00017349 0.00065168 0.00013045 -0.00144396 0.00206643 0.00062381 0.00087817 0.00028610 -0.00467501
8.0  -0.63991105 0.00194277 -0.00048338 -0.00005307 0.00331587 0.00024317 -0.00074062 -0.00078566 -0.00039354 -0.00700914
8.5  0.16153264 -0.00180503 -0.00004602 0.00122957 0.00169955 -0.00292150 0.00107796 -0.00157604 -0.00137914 -0.00267584
9.0  0.84854444 0.00151933 0.00029032 -0.00087376 -0.00243831 -0.00203317 0.00199790 -0.00096595 -0.00159293 0.00026523
9.5  0.95595569 0.00007803 -0.00087706 -0.00189172 -0.00179859 0.00006616 0.00104426 0.00030703 -0.00076372 0.00216893
10.0  0.39349494 -0.00006882 0.00015284 0.00095470 0.00298632 0.00193238 -0.00063302 0.00107280 0.00051071 0.00522268
10.5  -0.46566245 0.00099839 0.00029188 0.00419121 0.00210934 0.00241485 -0.00202140 0.00111093 0.00144654 0.00709760
11.0  -0.98473843 -0.00349567 -0.00007813 0.00076217 -0.00155344 0.00113393 -0.00208289 0.00065874 0.00164227 0.00807273
11.5  -0.72649071 -0.00054315 0.00055578 -0.00450322 -0.00225884 -0.00097119 -0.00058545 0.00005642 0.00108790 0.00596331
12.0  0.13121769 -0.00005936 -0.00004840 -0.00303567 0.00039846 -0.00237653 0.00145311 -0.00056939 -0.00004280 0.00520286
12.5  0.88133981 0.00131507 -0.00046528 0.00213756 0.00142003 -0.00212915 0.00240678 -0.00115036 -0.00111138 0.00369157
13.0  0.90120461 0.00482124 0.00040262 0.00451535 0.00022366 -0.00017091 0.00158631 -0.00143844 -0.00169845 0.00146182
13.5  0.19239375 -0.00041567 -0.00014923 0.00256251 -0.00168955 0.00187151 -0.00036212 -0.00114387 -0.00153498 -0.00080791
14.0  -0.66462606 -0.00169768 -0.00028716 -0.00436776 -0.00315071 0.00237030 -0.00188181 -0.00027420 -0.00087272 -0.00149727
14.5  -0.99700953 -0.00335570 0.00041945 -0.00487755 -0.00065824 0.00102307 -0.00193937 0.00086278 0.00010019 -0.00216575
15.0  -0.53462193 -0.00418531 -0.00040942 0.00179282 0.00277749 -0.00102593 -0.00070301 0.00166715 0.00096688 -0.00156476
15.5  0.37161793 0.00285861 -0.00019488 0.00765642 0.00228251 -0.00218303 0.00073376 0.00166122 0.00145413 -0.00288158
16.0  0.97325200 0.00313529 0.00082164 0.00343462 -0.00103322 -0.00173455 0.00135501 0.00079578 0.00152199 -0.00339792
16.5  0.74335463 0.00290412 -0.00020710 -0.00499040 -0.00379155 -0.00010060 0.00118802 -0.00048340 0.00118898 -0.00245020
17.0  -0.12073263 0.00133487 -0.00020320 -0.00764087 0.00000464 0.00144655 0.00069300 -0.00148397 0.00052038 -0.00027114
17.5  -0.87504660 -0.00492822 0.00031654 -0.00033533 0.00308259 0.00200388 0.00020411 -0.00209745 0.00007138 -0.00037614
18.0  -0.91320733 -0.00204178 -0.00054061 0.00732011 -0.00240487 0.00149724 -0.00036348 -0.00223265 -0.00030151 0.00101446
18.5  -0.24423994 -0.00088887 -0.00014949 0.00638927 -0.00171728 0.00037028 -0.00121398 -0.00188398 -0.00114900 -0.00107223
19.0  0.59797895 0.00003936 0.00030370 -0.00540624 0.00344066 -0.00025518 -0.00126559 -0.00047200 -0.00204658 -0.00393471
19.5  0.99853764 0.00395382 -0.00055187 -0.00973445 -0.00071425 -0.00137242 -0.00018280 0.00131338 -0.00193875 -0.00512833
20.0  0.68047521 -0.00052107 0.00017002 -0.00057620 -0.00231224 -0.00168211 0.00109543 0.00183107 -0.00072121 -0.00598639
20.5  -0.13008474 0.00050777 0.00034499 0.00854759 0.00463833 -0.00202348 0.00115563 0.00113415 0.00058919 -0.00455414
21.0  -0.85156159 0.00045446 -0.00052834 0.00534806 -0.00106986 -0.00029431 0.00041085 -0.00039273 0.00142357 -0.00331128
21.5  -0.93977955 -0.00141607 0.00074773 -0.00560598 -0.00385624 0.00173889 0.00024144 -0.00110173 0.00158285 -0.00193806
22.0  -0.30778692 0.00229430 0.00021347 -0.00961198 0.00395807 0.00277203 0.00018919 -0.00172080 0.00120487 -0.00043328
22.5  0.56396191 -0.00181013 -0.00078671 -0.00099169 0.00086539 0.00185116 0.00001544 -0.00128860 0.00061336 0.00112336
23.0  0.99783790 -0.00220809 0.00059141 0.00922408 -0.00391177 -0.00043941 -0.00022328 -0.00030092 -0.00003010 0.00330963
23.5  0.67331931 -0.00071181 -0.00028134 0.00648099 0.00071526 -0.00242626 -0.00066074 0.00089940 -0.00049804 0.00325701
24.0  -0.14679878 -0.00183878 -0.00051871 -0.00473251 0.00045231 -0.00256025 -0.00050308 0.00024453 -0.00122672 0.00319043
24.5  -0.85721739 0.00455525 0.00092377 -0.00933209 -0.00374148 -0.00085875 0.00022715 -0.00026116 -0.00157176 0.00319530
25.0  -0.93930319 0.00306069 -0.00082981 -0.00031658 0.00206802 0.00144333 0.00105501 -0.00029487 -0.00103794 0.00293602
25.5  -0.30534855 0.00152399 -0.00020745 0.00834160 0.00314532 0.00263772 0.00121816 0.00076014 -0.00017174 0.00101462
26.0  0.58588853 -0.00071169 0.00110377 0.00533139 -0.00122257 0.00209782 0.00038676 0.00130124 0.00060821 0.00059595
26.5  0.99980448 -0.00669213 -0.00055997 -0.00471113 -0.00139145 0.00058046 -0.00084788 0.00101763 0.00098830 -0.00046707
27.0  0.54636265 -0.00176868 0.00027275 -0.00809430 0.00212743 -0.00102466 -0.00166534 -0.00000054 -0.00025409 -0.00091354
27.5  -0.39301526 0.00096847 0.00045748 -0.00180932 -0.00096079 -0.00163913 -0.00177523 0.00061866 -0.00093094 -0.00232998
28.0  -0.98206020 0.00376740 -0.00123579 0.00659706 -0.00153098 -0.00136603 -0.00102113 0.00009858 0.00164739 -0.00287152
28.5  -0.71247925 0.00579296 0.00035151 0.00539951 -0.00007489 -0.00052947 0.00039014 -0.00072247 -0.00276057 -0.00234603
29.0  0.16156739 -0.00195250 0.00053317 -0.00349660 -0.00349912 0.00021487 0.00160516 -0.00131136 0.00128535 -0.00216085
29.5  0.89467124 -0.00277301 -0.00094465 -0.00876253 -0.00006462 0.00077288 0.00199746 -0.00090966 -0.00063898 -0.00177709
30.0  0.88856515 -0.00401776 0.00057218 -0.00234848 0.00473124 0.00071316 0.00118594 -0.00011424 0.00055071 -0.00055501
30.5  0.15597675 -0.00247524 0.00016676 0.00702979 -0.00099242 -0.00005216 -0.00046689 0.00030982 0.00232456 0.00108083
31.0  -0.70538707 0.00424068 -0.00090761 0.00515851 -0.00319262 -0.00071250 -0.00165099 0.00033202 -0.00237047 0.00125393
31.5  -0.98787690 0.00173715 0.00155835 -0.00376999 0.00288604 -0.00080182 -0.00195737 0.00026090 0.00145778 0.00213772
32.0  -0.45282950 0.00225500 -0.00020365 -0.00773190 0.00118294 -0.00043831 -0.00105536 0.00001401 -0.00261873 -0.00000719
32.5  0.45432277 -0.00019611 -0.00088749 -0.00089406 -0.00317707 0.00040011 0.00034679 -0.00032418 -0.00010699 -0.00182061
33.0  0.98551257 -0.00349735 0.00071800 0.00729049 0.00146124 0.00103650 0.00166581 -0.00041652 0.00186552 -0.00308138
33.5  0.74048481 0.00085203 -0.00059004 0.00527318 0.00201540 0.00098150 0.00205449 -0.00022901 -0.00099441 -0.00291202
34.0  -0.04515814 -0.00139115 -0.00035683 -0.00481077 -0.00373164 0.00018895 0.00126701 -0.00017509 0.00314149 -0.00232166
34.5  -0.78147785 0.00039807 0.00152966 -0.00827459 0.00051953 -0.00103094 -0.00048353 -0.00012757 -0.00151219 -0.00114092
35.0  -0.98714094 0.00023015 -0.00167804 0.00048401 0.00364230 -0.00158408 -0.00181323 -0.00021168 -0.00125289 -0.00030184
35.5  -0.54806813 -0.00248083 0.00054765 0.00884514 -0.00276228 -0.00110986 -0.00195952 -0.00061378 0.00085645 0.00411988
36.0  0.25940328 0.00216727 0.00072956 0.00399498 -0.00246899 -0.00049471 -0.00144425 -0.00035171 -0.00278973 0.00601537
36.5  0.90318282 -0.00066775 -0.00133036 -0.00707631 0.00464081 0.00045430 0.00065442 0.00072139 0.00211743 0.00644728
37.0  0.90204381 -0.00760018 0.00146942 -0.00772879 -0.00039794 0.00132769 0.00195926 0.00144420 0.00054830 0.00701565
37.5  0.21390276 -0.00898145 0.00031944 0.00174853 -0.00291374 0.00178524 0.00381644 0.00171679 -0.00048298 0.00342155
38.0  -0.64721861 0.00355863 -0.00162595 0.00998209 0.00354195 0.00180549 0.00407539 0.00039668 -0.00136492 0.00217556
38.5  -0.99794723 0.02470060 0.00131387 0.00559473 -0.00115821 0.00042535 0.00266756 -0.00184110 -0.00195699 0.00190106
39.0  -0.56084656 0.03539353 -0.00032260 -0.00421276 -0.00453853 -0.00163402 0.00043170 -0.00358522 -0.00179361 0.00063057
39.5  -0.31418876 0.01862067 -0.00120692 -0.00836361 0.00539524 -0.00266772 -0.00165558 -0.00376468 -0.00039038 0.00020118
40.0  0.94314336 -0.00358603 0.00182493 -0.00051743 0.00000322 -0.00019882 -0.00297003 -0.00100952 0.00184787 -0.00211636
40.5  -0.83408581 -0.03815537 -0.00116388 0.00873317 -0.00432870 0.00300471 -0.00303774 0.00339082 0.00381797 -0.00481832
41.0  0.06059602 -0.04035636 -0.00085630 0.00585411 0.00460129 0.00089881 -0.00058931 0.00412935 0.00272857 -0.00598306
41.5  0.77104518 -0.02386087 0.00305139 -0.00180225 0.00111775 0.00073319 0.00128588 0.00426250 0.00154472 -0.00711499
42.0  -0.96314150 -0.00478971 -0.00324491 -0.00766429 -0.00590595 0.00036570 0.00272275 0.00201560 -0.00000015 -0.00865872
42.5  0.32247193 0.03223369 -0.00011878 -0.00513731 0.00418704 -0.00218635 0.00319149 -0.00262709 -0.00215544 -0.00665668
43.0  0.60644649 0.04426537 0.00461870 0.00277830 0.00210819 -0.00126437 0.00046782 -0.00436318 -0.00324481 -0.00716303
43.5  -0.99730709 0.02276047 -0.00547768 0.00755323 -0.00579134 -0.00029901 -0.00254135 -0.00383972 -0.00362425 -0.00631563
44.0  0.51964440 0.00091987 0.00086569 0.00376499 0.00222219 -0.00035092 -0.00286672 -0.00186844 -0.00316332 -0.00545437
44.5  0.37965636 -0.02855869 0.00514580 -0.00499199 0.00525845 0.00251104 -0.00261440 0.00145833 -0.00087661 -0.00335816
45.0  -0.96135443 -0.04486451 -0.00655358 -0.00770889 -0.00600396 0.00304572 0.00001586 0.00246593 0.00244394 -0.00068897
45.5  0.82144673 -0.02980559 0.00256978 -0.00044756 -0.00030093 0.00073706 0.00252306 0.00048590 0.00540204 0.00066408
46.0  -0.09847102 -0.00903494 0.00341304 0.00669844 0.00527767 -0.00038509 0.00154387 -0.00181164 0.00458733 0.00454361
46.5  -0.69390658 0.01804939 -0.00646573 -0.00508769 -0.00590732 -0.00296290 0.00060402 -0.00226292 0.00196556 0.00658787
47.0  0.99620290 0.03934533 0.00422052 -0.00279019 -0.00160724 -0.00325492 0.00105598 -0.00013481 -0.00087117 0.00816627
47.5  -0.56751718 0.03933799 0.00156514 0.00639766 0.00781152 0.00041631 0.00109101 0.00302673 -0.00278179 0.00837423
48.0  -0.29506913 0.02138257 -0.00572860 -0.00009398 -0.00240413 0.00092378 -0.00142809 0.00444864 -0.00360071 -0.00677617
48.5  0.93417466 -0.00829557 0.00475285 -0.00575379 -0.00544424 0.00041380 -0.00335289 0.00412649 -0.00344972 0.00511204
49.0  -0.85494536 -0.03030546 -0.00015026 0.00370908 0.00652914 -0.00083935 -0.00309149 0.00238208 -0.00252307 -0.00315562
49.5  0.12762460 -0.04215534 -0.00475290 0.00413483 0.00219955 -0.00114668 0.00001811 -0.00125757 -0.00095087 0.00096987
50.0  0.68965175 -0.03422412 0.00526978 -0.00808955 -0.00892390 -0.00095273 0.00246518 -0.00378744 0.00103445 0.00181681
50.5  -0.99618313 -0.00515572 -0.00203542 0.00107725 0.00368235 -0.00012147 0.00238860 -0.00487833 0.00273284 -0.00541422
51.0  0.57492214 0.01437355 -0.00224546 0.00761882 0.00574622 0.00121067 0.00056135 -0.00440346 0.00325520 0.00523857
51.5  0.26983083 0.03603018 0.00494142 -0.00559780 -0.00784459 0.00108035 -0.00134993 -0.00135930 0.00290987 -0.00480502
52.0  -0.91945573 0.04592585 -0.00434122 -0.00484785 0.00034418 0.00082147 -0.00234014 0.00217215 0.00168718 0.00433200
52.5  0.87213744 0.02248161 0.00063712 0.00846060 0.00691034 0.00022920 -0.00160490 0.00467363 0.00030007 -0.00391804
53.0  -0.13283558 0.00474703 0.00398811 -0.00072770 -0.00393658 -0.00086426 0.00180607 0.00516920 -0.00090570 0.00272451
53.5  -0.72328137 -0.01947767 -0.00610920 -0.00871272 -0.00392144 -0.00099811 0.00303136 0.00380591 -0.00170124 -0.00161576
54.0  0.98066000 -0.04675199 0.00356308 0.00622672 0.00637599 -0.00084468 0.00231812 0.00090912 -0.00217184 0.00034381
54.5  -0.41459767 -0.03478326 0.00207297 0.00498675 -0.00061480 -0.00117983 0.00096944 -0.00270030 -0.00278122 0.00226451
55.0  -0.49490561 -0.01767408 -0.00624033 -0.01094181 -0.00591279 -0.00013444 -0.00271376 -0.00399881 -0.00280273 -0.00331884
55.5  0.99221187 -0.00006736 0.00535081 0.00297156 0.00371379 0.00117211 -0.00417935 -0.00359671 -0.00252212 0.00433056
56.0  -0.68861905 -0.03493542 0.00005050 0.00887082 0.00140296 0.00119467 -0.00131043 -0.00273416 -0.00206588 0.00338037
56.5  -0.16486229 0.04420211 -0.00492638 -0.00741100 0.00764208 0.00054913 0.00325225 -0.00108061 0.00118470 0.00358941
57.0  0.88976356 -0.01813818 0.00551904 -0.00330651 0.00102528 -0.00161576 0.00559776 -0.00090911 0.00299063 0.00284757
57.5  -0.88804863 -0.02472667 -0.00142656 0.00959672 -0.00694663 0.00141439 0.00437005 -0.00074763 0.00316661 0.00047268
58.0  0.13597934 0.05123031 -0.00345032 -0.00410781 -0.00766917 -0.00016021 0.00329510 0.00021819 0.00333275 0.00013697
58.5  0.73712219 -0.04051444 0.00482655 -0.00831021 0.00223441 -0.00080916 -0.00142373 0.00122874 0.00261620 -0.00061264
59.0  -0.97295099 0.00177658 -0.00145707 0.00935943 0.00955992 0.00103397 -0.00538981 0.00256548 0.00184254 -0.00042583
59.5  0.37476974 0.03597627 -0.00297477 0.00278340 0.00458447 -0.00064806 -0.00477439 0.00303216 0.00040530 -0.00196377
60.0  0.53157551 -0.04940065 0.00445097 -0.01255463 -0.00439197 -0.00019030 -0.00377441 0.00188482 -0.00065117 -0.00284836
60.5  -0.99552062 0.03533779 -0.00200857 0.00454801 -0.00916867 0.00071532 0.00008022 0.00017577 -0.00206492 -0.00336880
61.0  0.67053440 -0.00541891 -0.00205339 0.00960249 -0.00226324 -0.00072481 0.00536734 -0.00098377 -0.00417137 -0.00394054
61.5  0.16327527 -0.02633192 0.00449058 -0.00894201 0.00898680 0.00023534 0.00478622 -0.00215145 -0.00314826 -0.00335128
62.0  -0.86840035 0.04913154 -0.00383826 -0.00424830 0.00589765 0.00070648 0.00220106 -0.00177497 -0.00220596 -0.00181720
62.5  0.93110287 -0.05398530 0.00048939 0.01162416 -0.00537407 -0.00097375 -0.00162920 -0.00054392 -0.00093969 0.00069953
63.0  -0.31214547 0.03371736 0.00326476 -0.00279943 -0.00837443 0.00025472 -0.00542197 -0.00069083 0.00313184 0.00179982
63.5  -0.53600828 0.01079374 -0.00515725 -0.00817641 -0.00072841 0.00017514 -0.00330418 0.00067330 0.00411599 0.00100828
64.0  0.98998312 -0.06200330 0.00344167 0.00893348 0.00757797 -0.00069738 0.00070528 0.00149915 0.00404918 0.00047727
64.5  -0.71368259 0.08955786 0.00106108 0.00234275 0.00645671 0.00131942 0.00307156 0.00087665 0.00417673 0.00133361
65.0  -0.08421284 -0.06808112 -0.00498535 -0.01154403 -0.00202015 0.00171248 0.00456381 0.00177173 0.00017731 -0.00180062
65.5  0.81561695 -0.00003881 0.00572748 0.00301367 -0.01067875 -0.00141681 0.00240498 0.00185788 -0.00257818 -0.00202133
66.0  -0.95833314 0.08037368 -0.00224413 0.00929093 -0.00324681 0.00037875 -0.00284661 0.00174089 -0.00330881 -0.00199335
66.5  0.41487888 -0.12444225 -0.00320265 -0.00723862 0.01359189 0.00050418 -0.00667071 0.00367377 -0.00389142 -0.00045150
67.0  0.43455140 0.09794085 0.00598042 -0.00163335 0.00651738 -0.00126494 -0.00351770 0.00138381 -0.00130462 -0.00037402
67.5  -0.96838604 -0.00634868 -0.00368843 0.00960323 -0.00726524 0.00052691 0.00077051 -0.00172896 0.00016626 -0.00008835
68.0  0.74650600 -0.09748109 -0.00177444 -0.00770040 -0.00892754 0.00082072 0.00371731 -0.00256431 -0.00020057 0.00134423
68.5  0.09698288 0.14030529 0.00529662 -0.00623018 -0.00059410 -0.00066028 0.00511200 -0.00517121 -0.00094433 0.00049062
69.0  -0.86720529 -0.08467574 -0.00328311 0.01017461 0.00602044 0.00031351 0.00292376 -0.00454510 -0.00060576 0.00017891
69.5  0.88049313 -0.03181597 -0.00210606 -0.00199828 0.00783457 0.00131156 -0.00071962 -0.00096548 -0.00018500 -0.00001259
70.0  -0.11574667 0.12241049 0.00524723 -0.00962366 0.00197889 -0.00082223 -0.00392383 0.00109623 -0.00003078 0.00023374
70.5  -0.74781391 -0.12299867 -0.00357478 0.01117231 -0.00689697 -0.00043824 -0.00448658 0.00382987 0.00172626 -0.00030838
71.0  0.96150656 0.04056471 -0.00166350 0.00018341 -0.00765433 0.00095462 -0.00192520 0.00623982 0.00229431 -0.00109065
71.5  -0.36432287 0.06188624 0.00580125 -0.01094963 0.00051608 -0.00206068 0.00174827 0.00434113 0.00166089 -0.00226024
72.0  -0.52675527 -0.11869910 -0.00541297 0.00726026 0.00703366 0.00113002 0.00393461 0.00024014 0.00102193 -0.00413192
72.5  0.98891131 0.10312008 0.00073622 0.00621187 0.00594019 0.00132326 0.00312578 -0.00366740 -0.00141538 -0.00531612
73.0  -0.67035958 -0.03218802 0.00489003 -0.01218826 -0.00187423 -0.00294867 -0.00012084 -0.00556197 -0.00266020 -0.00410501
73.5  -0.16804928 -0.05281020 -0.00678633 0.00097207 -0.00568661 0.00270255 -0.00270022 -0.00423516 -0.00072913 -0.00512863
74.0  0.87484090 0.11035719 0.00400221 0.00687941 -0.00478587 -0.00053034 -0.00231345 0.00126374 -0.00089079 -0.00452412
74.5  -0.90919516 -0.11442965 0.00146014 -0.00761116 0.00309868 -0.00260368 0.00140228 0.00336485 0.00053238 -0.00542141
75.0  0.25451305 0.06245198 -0.00634879 -0.00391733 0.00551513 0.00363224 0.00469910 0.00198883 -0.00069767 -0.00414325
75.5  0.58316826 0.02360410 0.00662427 0.01083086 0.00090107 -0.00490231 0.00310801 0.00009467 0.00074140 -0.00004099
76.0  -0.98792836 -0.10581104 -0.00192153 -0.00006383 -0.00598389 -0.00037398 0.00241510 -0.00249426 -0.00034510 0.00435338
76.5  0.68987457 0.14637143 -0.00460700 -0.01243620 -0.00524710 0.00228175 -0.00244683 -0.00426344 -0.00062465 0.00609213
77.0  0.08647677 -0.12363359 0.00606415 0.00642669 0.00380720 -0.00228671 -0.00438181 -0.00146971 0.00132974 0.00801920
77.5  -0.80375315 0.04140301 -0.00568122 0.00964478 0.00533066 0.00103033 -0.00400222 0.00074453 -0.00128849 0.00796457
78.0  0.95352571 0.06751029 -0.00063319 -0.01099209 -0.00009784 0.00110779 -0.00096331 0.00176547 0.00081003 0.00599875
78.5  -0.39897418 -0.15063150 0.00672170 -0.00392078 -0.00583541 -0.00237896 0.00497987 0.00480306 -0.00020104 0.00499805
79.0  -0.47082409 0.16093406 -0.00718400 0.01318869 -0.00531793 0.00196615 0.00606575 0.00169861 -0.00101659 0.00279794
79.5  0.97605800 -0.08881119 0.00144913 -0.00291080 0.00335113 -0.00064614 0.00404351 -0.00129796 0.00138584 -0.00025102
80.0  -0.69143572 -0.02584518 0.00553891 -0.01157222 0.00560143 -0.00179543 0.00100799 -0.00089147 -0.00164163 -0.00285105
80.5  -0.16274859 0.11804408 -0.00780043 0.00990677 0.00121417 0.00313869 -0.00491669 -0.00348204 0.00132299 -0.00422635
81.0  0.88494116 -0.14137105 0.00344630 0.00708295 -0.00547805 -0.00193940 -0.00698087 -0.00113046 -0.00021642 -0.00508396
81.5  -0.88184574 0.09484415 0.00369236 -0.01426947 -0.00501828 -0.00033602 -0.00342937 0.00247797 -0.00072087 -0.00375486
82.0  0.15844754 -0.01473830 -0.00773342 0.00251088 0.00444874 0.00304508 -0.00121821 0.00096647 0.00183309 -0.00252857
82.5  0.69531506 -0.05521518 0.00603824 0.01302751 0.00457874 -0.00336558 0.00436501 0.00159724 -0.00237932 -0.00039782
83.0  -0.98546784 0.08921255 0.00002035 -0.00948253 -0.00156619 0.00086262 0.00762313 0.00102758 0.00157030 0.00121565
83.5  0.46948571 -0.08476259 -0.00653629 -0.00828686 -0.00566637 0.00135836 0.00340379 -0.00243482 0.00033900 0.00374560
84.0  0.43855732 0.05230765 0.00800665 0.01483282 -0.00316597 -0.00217127 -0.00000039 -0.00251513 -0.00122335 0.00387562
84.5  -0.98366282 -0.00443232 -0.00331829 0.00001026 0.00444136 0.00243558 -0.00422072 -0.00125016 0.00255311 0.00439685
85.0  0.69675508 -0.04465669 -0.00393263 -0.01298786 0.00583083 0.00024132 -0.00745711 -0.00070006 -0.00150939 0.00244996
85.5  0.18098714 0.07664830 0.00898833 0.00971992 -0.00306653 -0.00245061 -0.00381691 0.00071851 0.00026251 -0.00082594
86.0  -0.90156784 -0.07492059 -0.00709202 0.00627959 -0.00501061 0.00293780 0.00091942 0.00127457 0.00048128 -0.00182509
86.5  0.87766465 0.03716425 -0.00052910 -0.01361473 0.00001113 -0.00084219 0.00415177 0.00045772 -0.00070173 -0.00226085
87.0  -0.15973575 0.01861263 0.00781597 0.00298738 0.00451410 -0.00256797 0.00656527 -0.00191196 0.00051715 -0.00339475
87.5  -0.67350594 -0.06361430 -0.00898982 0.01225836 0.00285510 0.00330886 0.00411791 -0.00190245 0.00003291 -0.00350055
88.0  0.99462068 0.07616782 0.00312324 -0.01027872 -0.00307525 -0.00215555 -0.00139637 -0.00086225 0.00044567 -0.00309919
88.5  -0.56769986 -0.05343109 0.00535912 -0.00617459 -0.00510774 -0.00019656 -0.00459745 -0.00121360 -0.00072705 -0.00326551
89.0  -0.29221700 0.01192408 -0.00912167 0.01194795 -0.00056297 0.00318104 -0.00491214 0.00227545 0.00036557 -0.00385659
89.5  0.93234990 0.02513958 0.00450049 -0.00149610 0.00408574 -0.00336251 -0.00259097 0.00260831 0.00006669 -0.00267298
90.0  -0.85348703 -0.04439649 0.00423385 -0.01104637 0.00289592 0.00111290 0.00174895 0.00093426 -0.00074731 -0.00149118
90.5  0.11583376 0.04812091 -0.00901582 0.00939790 -0.00065623 0.00172852 0.00529967 0.00191051 0.00125604 -0.00048253
91.0  0.70724771 -0.04417858 0.00559419 0.00667388 -0.00430456 -0.00338014 0.00478539 -0.00032694 -0.00091609 0.00037544
91.5  -0.99214126 0.03339339 0.00350586 -0.01277418 -0.00176085 0.00147444 0.00143478 -0.00237898 0.00021451 0.00176616
92.0  0.53916404 -0.00824085 -0.00914658 0.00066284 0.00476015 0.00128993 -0.00249092 -0.00096632 0.00060149 0.00449910
92.5  0.30543527 -0.03415387 0.00711576 0.01146981 0.00519737 -0.00092518 -0.00535059 -0.00161269 -0.00109246 0.00511672
93.0  -0.92479187 0.07963159 0.00038727 -0.00846254 -0.00161222 0.00136086 -0.00324293 -0.00101475 0.00085619 0.00482097
93.5  0.87276673 -0.09860674 -0.00765883 -0.00660258 -0.00653457 0.00031842 0.00070497 0.00069210 0.00017978 0.00625013
94.0  -0.18192850 0.06544956 0.00890802 0.01090969 -0.00510764 -0.00081072 0.00196629 0.00192415 -0.00164873 0.00176782
94.5  -0.64857514 0.01723288 -0.00312019 -0.00267294 0.00259273 0.00068862 0.00244672 0.00490480 -0.00173329 0.00100136
95.0  0.98907242 -0.10783789 -0.00497358 -0.00860546 0.00715178 0.00114190 0.00392734 -0.00163023 0.00114456 -0.00004627
95.5  -0.55358551 0.14465780 0.00877445 0.01049655 0.00252164 -0.00009886 0.00087223 0.00064092 -0.00140643 -0.00395853
96.0  -0.33056935 -0.09095801 -0.00614175 0.00039694 -0.00435899 -0.00050688 -0.00198835 0.00066845 0.00195728 -0.00339457
96.5  0.94611228 -0.02785211 -0.00283678 -0.01104317 -0.00579101 0.00049187 -0.00392801 -0.00040081 -0.00015967 -0.00378243
97.0  -0.78492075 0.13606897 0.00682805 0.00810776 -0.00062511 -0.00043427 -0.00223418 -0.00080782 -0.00152832 -0.00630008
97.5  -0.01562456 -0.16186174 -0.00685982 0.00500566 0.00850485 -0.00013994 -0.00134999 -0.00037070 0.00289421 -0.00507839
98.0  0.80085069 0.08923597 -0.00050572 -0.01086063 0.00627724 0.00044802 -0.00020920 -0.00029245 -0.00317138 -0.00346017
98.5  -0.93897542 0.03612321 0.00806691 0.00333776 -0.00266315 -0.00050863 0.00189307 0.00045408 0.00231605 -0.00168364
99.0  0.31704304 -0.13969049 -0.00891867 0.00758584 -0.00714996 0.00023062 0.00161300 0.00105198 -0.00053295 0.00342295
99.5  0.56472712 0.16405830 0.00137065 -0.00802518 -0.00488011 0.00026783 0.00189624 0.00076138 -0.00148704 0.00479576
100.0  -0.98557149 -0.09971758 0.00840729 -0.00230130 0.00381871 -0.00073683 0.00112371 0.00059270 0.00269485 0.00544274
100.5  0.60287476 -0.01528628 -0.01110770 0.01110048 0.00911604 0.00098964 -0.00261559 -0.00027106 -0.00282883 0.00679550
101.0  0.26225059 0.12232299 0.00399068 -0.00536922 0.00209930 -0.00009848 -0.00183244 -0.00064978 0.00218337 0.00775189
101.5  -0.91286073 -0.17305584 0.00695321 -0.00952283 -0.00505280 -0.00083163 -0.00146446 -0.00090214 -0.00078585 0.00702122
102.0  0.85258773 0.14665886 -0.01247749 0.01167646 -0.00309904 0.00094133 -0.00112114 -0.00145844 -0.00100619 0.00607658
102.5  -0.14883696 -0.05353676 0.00786551 -0.00282688 0.00230471 -0.00062012 0.00198317 0.00147593 0.00231466 0.00420353
103.0  -0.65936098 -0.07023252 0.00339048 -0.01072481 0.00685340 0.00004491 0.00154750 0.00154611 -0.00236572 0.00012504
103.5  0.97773897 0.17370643 -0.01216964 -0.00332040 0.00203686 0.00049309 0.00064648 0.00050504 0.00151781 -0.00360292
104.0  -0.57854341 -0.20909500 0.01148828 0.00865715 -0.00653096 -0.00108547 0.00047457 0.00105281 0.00008036 -0.00703527
104.5  -0.24633105 0.15348070 -0.00275991 0.00807980 -0.00737152 -0.00086715 -0.00321546 -0.00169998 -0.00152321 -0.00919046
105.0  0.88954784 -0.02408188 -0.00700550 -0.00423469 0.00438276 0.00136354 -0.00101945 -0.00236491 0.00230257 -0.01017886
105.5  -0.86225407 -0.12331784 0.01184280 -0.00993255 0.00860458 -0.00070628 0.00266020 -0.00080774 -0.00238741 -0.01080468
106.0  0.17191703 0.21777940 -0.00891561 0.00100718 0.00268679 -0.00080683 0.00260586 -0.00124679 0.00105256 -0.00791660
106.5  0.65479992 -0.21204219 -0.00003729 0.00869096 -0.00796973 0.00218243 0.00249976 0.00079173 0.00002060 -0.00401878
107.0  -0.97099975 0.11067584 0.00853080 0.00265989 -0.00820316 -0.00172827 0.00041445 0.00248507 -0.00124851 0.00071732
107.5  0.52705815 0.03385387 -0.01190443 -0.00428383 0.00509274 -0.00011863 -0.00262435 0.00087258 0.00229251 0.00514914
108.0  0.33158777 -0.15390916 0.00528361 -0.00781138 0.01026362 0.00132113 -0.00256755 0.00158254 -0.00226698 0.00833339
108.5  -0.93441773 0.20029874 0.00501454 0.00249469 0.00018635 -0.00146647 -0.00148975 0.00025927 0.00171382 0.01019738
109.0  0.79542208 -0.16146377 -0.00973006 0.00934959 -0.01078547 -0.00019239 0.00003997 -0.00244100 -0.00020131 0.01068219
109.5  -0.00389081 0.06032028 0.00898285 0.00023667 -0.00609499 0.00180053 0.00247768 -0.00125589 -0.00132940 0.00952729
110.0  -0.79970857 0.05832155 -0.00110572 -0.00814053 0.00614025 -0.00199278 0.00273328 -0.00129169 0.00224512 0.00736925
110.5  0.92914289 -0.14595820 -0.00793369 -0.00495426 0.01058954 0.00115773 0.00138805 -0.00092208 -0.00232998 0.00344807
111.0  -0.26472901 0.16817934 0.01023872 0.00457162 0.00042852 0.00016938 0.00002378 0.00180670 0.00146243 -0.00017743
111.5  -0.62332163 -0.11670921 -0.00342194 0.00507182 -0.01028607 -0.00157412 -0.00229547 0.00145518 -0.00009490 -0.00327904
112.0  0.98365350 0.01312064 -0.00671406 -0.00087437 -0.00537835 0.00132837 -0.00347534 0.00123589 -0.00040165 -0.00717507
112.5  -0.52787216 0.09720035 0.01072797 -0.00114439 0.00919220 -0.00014412 0.00099603 0.00113089 0.00138985 -0.00997580
113.0  -0.35710215 -0.16253334 -0.00731496 0.00460892 0.01393907 0.00102997 0.00181099 -0.00062089 -0.00177895 -0.01013949
113.5  0.95042926 0.14975394 -0.00387560 -0.00324700 -0.00203165 0.00292374 0.00065356 -0.00108677 0.00130657 -0.00895338
114.0  -0.77826688 -0.06364588 0.01072177 -0.01126011 -0.01249301 0.00237809 -0.00020137 -0.00063116 -0.00109821 -0.00612572
114.5  -0.01874503 -0.05153721 -0.00877633 -0.00545062 -0.00599312 -0.00009776 -0.00272924 -0.00201027 -0.00021125 -0.00471992
115.0  0.80177935 0.13579604 -0.00049813 0.00959637 0.00748563 -0.00210154 -0.00208605 -0.00115211 0.00144622 -0.00218132
115.5  -0.94256166 -0.14817465 0.00876671 0.01242791 0.01101195 -0.00285574 0.00022682 0.00048508 -0.00192776 0.00210533
116.0  0.32890351 0.08956197 -0.00952148 -0.00128638 0.00171680 -0.00062740 0.00096087 0.00037904 0.00179884 0.00300191
116.5  0.54444000 0.00247152 0.00320216 -0.01373594 -0.00884387 0.00006804 0.00225468 0.00098353 -0.00105347 0.00473058
117.0  -0.98835023 -0.08139199 0.00519001 -0.00727455 -0.00822011 0.00123152 0.00144783 0.00079288 0.00005774 0.00613148
117.5  0.67770612 0.11899292 -0.00932061 0.01040131 0.00208375 0.00216959 -0.00091582 0.00014869 0.00063943 0.00679411
118.0  0.12908971 -0.11208252 0.00618104 0.01362286 0.00980523 0.00040795 -0.00145393 0.00029888 -0.00108444 0.00768148
118.5  -0.83671097 0.07127810 0.00145289 -0.00246847 0.00412546 -0.00081590 -0.00176360 -0.00025473 0.00160781 0.00714883
119.0  0.94804280 -0.00945739 -0.00845538 -0.01591165 -0.00566320 -0.00186815 0.00017592 -0.00103967 -0.00168024 0.00674948
119.5  -0.38007700 -0.06000301 0.00856985 -0.00695782 -0.00619638 -0.00113568 0.00177211 -0.00126045 0.00093880 0.00230372
120.0  -0.47291086 0.11666109 -0.00102897 0.01213507 -0.00165521 0.00140291 0.00077525 -0.00002158 -0.00031009 0.00124795
120.5  0.97654650 -0.13253414 -0.00760674 0.01538900 0.00434018 0.00159267 -0.00134293 0.00136246 -0.00061821 -0.00156713
121.0  -0.72401638 0.08718679 0.00999972 -0.00100634 0.00538333 0.00044998 -0.00239196 0.00196071 0.00198795 -0.00784685
121.5  -0.10187583 0.00967279 -0.00403838 -0.01673841 0.00208836 -0.00175984 -0.00134402 0.00218019 -0.00267705 -0.00739630
122.0  0.84579593 -0.11294696 -0.00463325 -0.01125192 -0.00205812 -0.00082722 0.00106203 0.00004639 0.00251745 -0.00652304
122.5  -0.91472873 0.16384384 0.00996261 0.00812003 -0.00488806 0.00137976 0.00145917 -0.00160531 -0.00158559 -0.00698240
123.0  0.25706174 -0.12797728 -0.00588997 0.01689970 -0.00363654 0.00179794 0.00149044 -0.00107812 0.00059458 -0.00489822
123.5  0.60437938 0.01974425 -0.00414843 0.00405322 0.00097683 0.00093579 -0.00113946 -0.00106763 0.00077671 -0.00213249
124.0  -0.98435854 0.10308043 0.01038255 -0.01023619 0.00917488 -0.00108428 -0.00168456 -0.00058674 -0.00199873 0.00052955
124.5  0.57286894 -0.17194707 -0.00770222 -0.00721583 0.01142019 -0.00144647 0.00006603 -0.00033924 0.00233582 0.00647865
125.0  0.30669311 0.14784755 -0.00141567 -0.00225359 -0.00159537 -0.00137508 -0.00085481 0.00084438 -0.00220611 0.00888388
125.5  -0.93733654 -0.04408385 0.00968200 -0.00022035 -0.01575722 -0.00116583 0.00106196 0.00098328 0.00090703 0.01114659
126.0  0.79021574 -0.08235575 -0.01045607 0.00172233 -0.01127367 0.00037344 0.00217355 0.00019885 0.00092851 0.01274835
126.5  0.01755044 0.16516730 -0.00120293 0.00269673 0.00749868 -0.00006249 -0.00006138 0.00039211 -0.00218973 0.01371736
127.0  -0.80809680 -0.16424606 0.00735004 -0.00034139 0.01530699 0.00126024 0.00012317 -0.00103861 0.00261549 0.01223114
127.5  0.93147581 0.08492104 -0.00893480 -0.00338963 0.00434567 0.00192291 -0.00031346 -0.00131936 -0.00182990 0.00869356
128.0  -0.31528391 0.03231368 0.00331648 -0.00204067 -0.01283836 -0.00083765 -0.00187452 0.00131628 -0.00092828 0.00407319
128.5  -0.53055783 -0.13673255 0.00433552 -0.00288894 -0.01154686 -0.00099851 -0.00107475 0.00069955 0.00218889 -0.00134886
129.0  0.97429308 0.18910979 -0.00829337 0.00214844 0.00580596 -0.00118687 0.00021705 0.00081163 -0.00196100 -0.00649465
129.5  -0.71796865 -0.17117378 0.00646534 0.00582070 0.01505599 -0.00183578 0.00151072 0.00154004 0.00097371 -0.01087625
130.0  -0.04681708 0.08678451 0.00001974 -0.00252988 0.00370833 0.00123177 0.00280545 -0.00074703 0.00032745 -0.01281639
130.5  0.78108034 0.03738210 -0.00728436 -0.00639919 -0.01290132 0.00216626 0.00064638 -0.00007990 -0.00146433 -0.01212863
131.0  -0.94872724 -0.15452466 0.00991865 -0.00411686 -0.01041807 -0.00023808 -0.00137011 0.00008005 0.00237051 -0.00941816
131.5  0.40949235 0.21350968 -0.00475329 0.00655589 0.00638246 -0.00006320 -0.00290717 0.00058725 -0.00171943 -0.00825244
132.0  0.44020233 -0.18495186 -0.00448124 0.01517938 0.00808486 -0.00247062 -0.00107394 -0.00044660 0.00062492 -0.00256657
132.5  -0.95608550 0.07891004 0.01144821 -0.00154981 0.00231642 -0.00165416 0.00061844 -0.00169958 0.00037885 0.00332089
133.0  0.74646690 0.05920047 -0.01070796 -0.01554635 -0.00622335 0.00134361 0.00033403 0.00059138 -0.00177659 0.00667430
133.5  0.03005604 -0.17094422 0.00200353 -0.00930380 -0.00444111 0.00166756 0.00285631 -0.00193754 0.00178497 0.00960515
134.0  -0.78631427 0.21103118 0.00874997 0.01069765 0.00333117 0.00227590 0.00168707 -0.00037281 -0.00134608 0.01162730
134.5  0.94143924 -0.16525255 -0.01309668 0.01503266 0.00531627 0.00032654 -0.00172597 0.00305784 0.00012868 0.01067575
135.0  -0.36268316 0.05444071 0.00778138 -0.00202552 0.00031145 -0.00217529 -0.00108898 0.00001907 0.00176348 0.01020063
135.5  -0.50854773 0.07498855 0.00312287 -0.01544615 -0.00334550 -0.00254656 -0.00332074 0.00143695 -0.00216481 0.00568368
136.0  0.97620185 -0.17002980 -0.01070006 -0.00664204 -0.00140394 -0.00114179 -0.00222276 0.00064061 0.00191866 0.00100821
136.5  -0.64638136 0.19191756 0.00981791 0.01179272 0.00347460 0.00080049 0.00175872 -0.00339605 -0.00159116 -0.00215169
137.0  -0.22151394 -0.13144201 -0.00157606 0.01174083 0.00369040 0.00180191 0.00190361 -0.00099364 -0.00002689 -0.00737462
137.5  0.90580107 0.01443582 -0.00692655 -0.00126146 -0.00335023 0.00169479 0.00259677 -0.00112028 0.00182630 -0.01129292
138.0  -0.83713223 0.10788075 0.00954271 -0.01271102 -0.00596600 0.00059581 0.00226276 -0.00231599 -0.00297142 -0.01255637
138.5  0.08666797 -0.18247377 -0.00515196 -0.00719704 0.00170657 -0.00242998 -0.00193216 0.00156136 0.00329472 -0.01280101
139.0  0.72571270 0.17887777 -0.00256922 0.01072708 0.00393015 -0.00254475 -0.00261218 0.00193049 -0.00244304 -0.01191656
139.5  -0.96692171 -0.10084990 0.00813546 0.01300287 0.00004537 0.00019967 -0.00213277 0.00071542 -0.00041754 -0.00836967
140.0  0.46451040 -0.01858509 -0.00778042 -0.00318510 -0.00223452 0.00117241 -0.00213749 0.00208363 0.00298582 -0.00262146
140.5  0.39720871 0.12992866 0.00231049 -0.01292050 0.01203761 0.00375521 0.00118474 0.00000713 -0.00353800 0.00320300
141.0  -0.95497931 -0.18511760 0.00493389 -0.00066406 0.00648318 0.00269811 0.00217333 -0.00285798 0.00285247 0.00775163
141.5  0.75514127 0.15755988 -0.00813879 0.00595334 -0.01318481 -0.00060387 0.00112004 -0.00356804 0.00076482 0.01132163
142.0  0.05899527 -0.05854028 0.00517651 0.00377895 -0.01576822 -0.00178627 0.00101028 -0.00204934 -0.00281261 0.01655053
142.5  -0.82669588 -0.06507256 0.00302058 -0.00257402 0.00347211 -0.00304969 0.00244290 0.00209799 -0.00332052 0.01772708
143.0  0.91957594 0.15504577 -0.00848287 -0.00211988 0.01893767 -0.00171498 0.00260849 0.00487844 -0.00224525 0.01788734
143.5  -0.26905481 -0.17145773 0.00626580 0.00225417 0.00935107 0.00089826 -0.00046639 0.00414047 -0.00156343 0.01479334
144.0  -0.59507239 0.10959825 0.00109241 0.00033071 -0.01193092 0.00115595 -0.00407535 0.00248215 0.00074777 0.00904063
144.5  0.98457869 0.00140609 -0.00769412 -0.00259457 -0.01749585 0.00037135 -0.00471702 -0.00050973 0.00144285 0.00197276
145.0  -0.59351485 -0.11178450 0.00790987 -0.00038647 -0.00090705 0.00036845 -0.00254898 -0.00364641 0.00161178 -0.00498624
145.5  -0.26769735 0.17090330 -0.00117260 0.00179280 0.01627643 -0.00092235 0.00231994 -0.00427740 0.00192870 -0.01198387
146.0  0.91666688 -0.14938178 -0.00634089 0.00327792 0.01377123 -0.00094567 0.00471127 -0.00342487 0.00066400 -0.01729143
146.5  -0.83842991 0.05426479 0.00798293 -0.00011575 -0.00497950 0.00059618 0.00317509 -0.00046270 0.00035986 -0.02112516
147.0  0.09672170 0.07086196 -0.00306659 -0.00468615 -0.01615811 0.00112332 0.00085071 0.00385221 -0.00099534 -0.02147688
147.5  0.71854914 -0.16429800 -0.00359261 -0.00302242 -0.01014498 0.00107869 -0.00336647 0.00554817 -0.00212861 -0.02103005
148.0  -0.96962655 0.17848299 0.00576945 0.00237725 0.00800132 -0.00097294 -0.00505036 0.00416550 -0.00201417 0.01754648
148.5  0.47779227 -0.10549690 -0.00462108 0.00634190 0.01517657 -0.00256616 -0.00053008 0.00031844 -0.00064789 -0.01513225
149.0  0.36442197 -0.01828172 -0.00131162 -0.00104574 0.00368794 -0.00295015 0.00254921 -0.00242197 0.00236860 0.00912171
149.5  -0.93305701 0.13431848 0.00536106 -0.00629088 -0.01385899 -0.00033503 0.00534638 -0.00254589 0.00379141 -0.00186154
150.0  0.83348510 -0.19168711 -0.00511831 -0.00347420 -0.01278068 0.00357084 0.00423438 -0.00052248 0.00458023 -0.00420873
150.5  -0.14307512 0.16673787 0.00077063 0.00525146 0.00612825 0.00194170 -0.00210284 -0.00019740 -0.00086681 0.01537621
151.0  -0.65516801 -0.06896121 0.00453083 0.01446938 0.00961409 0.00104131 -0.00427070 -0.00097936 -0.00284649 -0.02174491
151.5  0.97883549 -0.06074371 -0.00602432 0.00514186 0.00318895 -0.00221783 -0.00405342 -0.00057840 0.00468529 0.02467363
152.0  -0.56125569 0.16438993 0.00416841 -0.01447189 0.00260325 -0.00410290 -0.00068690 -0.00183579 -0.00476015 -0.02543396
152.5  -0.29708455 -0.19345139 0.00201437 -0.01650490 -0.00196862 0.00077050 0.00307887 -0.00104489 0.00305536 0.02225475
153.0  0.92381329 0.13421010 -0.00778862 0.00462615 -0.00428374 0.00198162 0.00381136 0.00051638 -0.00030034 -0.01629693
153.5  -0.81911670 -0.01436036 0.00727247 0.01822539 -0.00118905 0.00235371 0.00335301 0.00115779 -0.00231699 0.00814918
154.0  0.06761552 -0.11160339 -0.00035754 0.00786953 0.00317152 0.00145874 0.00069554 0.00402171 0.00399085 0.00185677
154.5  0.73651207 0.18885428 -0.00754071 -0.01302816 0.00385772 -0.00162899 -0.00281568 0.00303639 -0.00433939 -0.01147299
155.0  -0.95981059 -0.18405767 0.00993775 -0.01617373 0.00007402 -0.00237106 -0.00436628 -0.00034670 0.00311409 0.01986152
155.5  0.42152091 0.09823452 -0.00414886 0.00111831 -0.00345887 -0.00118463 -0.00347810 -0.00113598 -0.00065180 -0.02346944
156.0  0.45605468 0.03219978 -0.00532449 0.01880587 -0.00317414 -0.00009142 0.00122200 -0.00391996 -0.00222232 0.02509574
156.5  -0.96749301 -0.15014339 0.01066056 0.00785782 0.00269690 0.00109351 0.00560103 -0.00263245 0.00448027 -0.02273850
157.0  0.69072785 0.20284588 -0.00733408 -0.01388472 0.00647660 0.00257754 0.00563748 0.00255292 -0.00470903 0.01954276
157.5  0.15337099 -0.16585011 -0.00168072 -0.01702334 0.00263996 0.00101064 0.00201719 0.00273974 0.00277180 -0.01064722
158.0  -0.87095595 0.05622802 0.00887597 0.00208725 -0.00545458 -0.00010291 -0.00251592 0.00132337 0.00054756 0.00084076
158.5  0.87509951 0.07595107 -0.01093425 0.01981275 -0.00945369 0.00050318 -0.00452565 -0.00054861 -0.00394495 0.00903065
159.0  -0.17553888 0.17475763 0.00090766 0.00917695 -0.00035095 -0.00020417 -0.00393926 0.00060238 0.00583253 -0.01770590
159.5  -0.65584871 0.20343624 0.00921747 -0.01468847 0.01500676 -0.00015956 -0.00640576 -0.00167047 -0.00360153 -0.02386456
160.0  0.97578480 0.15638230 -0.01074417 -0.01395298 0.01243607 -0.00101509 -0.00494005 0.00298772 -0.00075031 -0.02668343
160.5  -0.55431138 0.05337226 0.00499080 0.00358218 -0.01110598 -0.00158144 0.00060237 0.00048917 0.00400295 -0.02135250
161.0  -0.28961583 -0.06890857 0.00474525 0.00833129 -0.02440834 0.00279531 0.00692450 -0.00405621 -0.00529354 -0.01462246
161.5  0.91712432 -0.16744387 -0.01129837 0.00337854 0.00030638 0.00722503 0.00543774 0.00506108 0.00406403 -0.00461098
162.0  -0.81975674 -0.20466987 0.00922710 0.00097134 0.02555460 0.00353087 0.00084083 -0.00364115 -0.00154505 0.00788750
162.5  0.04638331 -0.15765267 0.00000974 -0.00212747 0.01568348 -0.00246717 -0.00302250 0.00136828 -0.00131947 0.01721248
163.0  0.77111154 -0.04276576 -0.00993902 -0.00600654 -0.01404258 -0.00761025 -0.00422805 0.00134337 0.00402090 0.02551987
163.5  -0.93616538 0.08995513 0.01252700 -0.00681076 -0.02331379 -0.00701394 -0.00313145 -0.00390634 -0.00454792 0.02900145
164.0  0.31318820 0.18558159 -0.00526291 0.00335744 0.00004132 -0.00082789 -0.00021105 0.00468648 0.00403159 0.02534316
164.5  0.56501021 0.19904025 -0.00712105 0.01060312 0.02085647 0.00471894 0.00288962 -0.00387022 -0.00262369 0.01927892
165.0  -0.97793148 0.12514477 0.01406847 0.00556086 0.01300821 0.00720059 0.00457589 0.00103182 -0.00033723 0.00995723
165.5  0.60317764 -0.00098785 -0.00944914 -0.00819859 -0.01154020 0.00505837 0.00347721 0.00221909 0.00192353 -0.00209854
166.0  0.25013999 -0.12844248 -0.00777373 -0.01235337 -0.02141917 -0.00144619 -0.00076838 -0.00451475 -0.00317047 -0.01215950
166.5  -0.90399797 -0.19961113 0.02046419 0.00287110 -0.00244399 -0.00579062 -0.00419852 0.00546682 0.00363314 -0.02044016
167.0  0.84439078 -0.18100108 -0.01526316 0.01610057 0.01860823 -0.00571236 -0.00600106 -0.00283847 -0.00136641 -0.02744046
167.5  -0.11857422 -0.08080069 -0.00193027 0.00769705 0.01425876 -0.00052463 -0.00210645 -0.00014204 0.00184314 -0.03024567
168.0  -0.70040109 0.05754551 0.01657915 -0.01448450 -0.00391652 0.00265879 0.00308474 0.00350584 -0.00025895 -0.02687040
168.5  0.96781241 0.16886960 -0.01679619 -0.02353614 -0.00535056 0.00212697 0.00636582 -0.00642060 -0.00008581 -0.01988177
169.0  -0.48042335 0.20296968 0.00320845 -0.00037002 -0.00570441 0.00157171 0.00670371 0.00462409 -0.00180199 -0.01248130
169.5  -0.37000708 0.14370307 0.01251947 0.02306501 -0.00771391 -0.00055367 0.00206014 -0.00344993 0.00023628 -0.00193645
170.0  0.93602154 0.02054950 -0.01730346 0.01565779 -0.00296653 -0.00486299 -0.00337943 0.00096784 0.00162386 0.00827714
170.5  -0.81733455 -0.10646410 0.00804564 -0.01309331 0.00538160 -0.00357479 0.00713175 0.00164929 -0.00448848 0.01634192
171.0  0.11702599 -0.19138273 0.00715364 -0.02260813 0.00884439 -0.00063825 -0.00383938 -0.00146408 0.00609509 0.02288759
171.5  0.66695626 -0.19504700 -0.01648818 0.00057851 -0.00168543 0.00370703 -0.00158632 0.00253101 -0.00443147 0.02760356
172.0  -0.97627474 -0.11030807 0.01385581 0.02309898 -0.00967229 0.00383211 0.00806672 -0.00291764 0.00197550 0.02898566
172.5  0.55649652 0.02132408 0.00064865 0.01460907 -0.00468369 0.00068526 -0.00715651 0.00166260 0.00251367 0.02736351
173.0  0.30380835 0.14957952 -0.01544477 -0.01192027 0.00443538 -0.00236545 0.00086983 0.00046356 -0.00516257 0.02167387
173.5  -0.92750662 0.20557579 0.01691268 -0.02453063 0.01059387 -0.00176221 0.00592011 -0.00225198 0.00583755 0.01509091
174.0  0.79697299 0.14945250 -0.00357164 -0.00631217 0.00478118 0.00103780 -0.00891741 0.00304441 -0.00600845 0.00775279
174.5  -0.01187235 0.02013748 -0.01350554 0.01691679 -0.00720263 0.00045532 0.00519391 -0.00262992 0.00356485 -0.00063500
175.0  -0.78052815 -0.12010126 0.01879310 0.01915568 -0.01019035 -0.00016548 0.00229692 0.00200234 -0.00066440 -0.00852693
175.5  0.93881918 -0.20149298 -0.00745805 -0.00276003 -0.00076136 -0.00042003 -0.00802205 -0.00048786 -0.00216556 -0.01598572
176.0  -0.34698633 -0.17449680 -0.01077567 -0.02216949 0.01039175 -0.00122081 0.00851611 -0.00088990 0.00540860 -0.02196972
176.5  -0.51944740 -0.06216862 0.01910428 -0.01343526 0.00712260 0.00132139 -0.00247149 0.00181697 -0.00594780 -0.02688166
177.0  0.97411941 0.07916374 -0.01060726 0.01342965 -0.00473312 0.00131442 -0.00493801 -0.00174470 0.00444400 -0.02939577
177.5  -0.66073136 0.18414354 -0.00736317 0.02284911 -0.01126771 -0.00186990 0.00925786 0.00125751 -0.00122248 -0.02706654
178.0  -0.17385039 0.19634063 0.01856470 0.00328450 -0.00525500 0.00021194 -0.00692812 -0.00019271 -0.00378772 -0.02324726
178.5  0.87234471 0.11311533 -0.01405594 -0.01991340 0.00954514 -0.00057638 -0.00151349 -0.00033666 0.00609484 -0.01757578
179.0  -0.87866311 -0.02330289 -0.00601599 -0.01805348 0.01154884 -0.00243928 0.00630091 -0.00100269 -0.00741053 -0.01041452
179.5  0.18879164 -0.14773960 0.01800121 0.00792716 0.00094742 -0.00043960 -0.00851737 0.00255501 0.00416803 -0.00309785
180.0  0.64560938 -0.20234468 -0.01622389 0.02587626 -0.00358221 0.00031150 0.00499767 -0.00206207 0.00092663 0.00835172
180.5  -0.97640094 -0.16922525 0.00198736 0.01007418 0.00028823 0.00131784 0.00195810 0.00078442 -0.00370247 0.01933743
181.0  0.57392857 -0.06489329 0.01666320 -0.01488675 -0.01654763 0.00045701 -0.00732269 0.00421589 0.00466943 0.02699255
181.5  0.24441808 0.06029723 -0.02141346 -0.01815501 -0.01641599 -0.00012387 0.00751540 -0.00625898 -0.00189015 0.03066613
182.0  -0.88451799 0.16018060 0.01020481 0.00258959 0.00840488 -0.00139848 -0.00228459 0.00404303 -0.00170832 0.02735736
182.5  0.88420886 0.20519626 0.00834411 0.01871966 0.02220496 -0.00173014 -0.00434101 0.00051387 0.00223190 0.01719242
183.0  -0.23139819 0.16698737 -0.02061737 0.01037210 0.00547320 -0.00181381 0.00823974 -0.00513252 -0.00128056 0.00370303
183.5  -0.60355922 0.06638647 0.01896659 -0.01175627 -0.02022808 0.00090643 -0.00708955 0.00616917 -0.00078491 -0.00896295
184.0  0.97817293 -0.05660484 -0.00397751 -0.01655356 -0.01798066 0.00438567 0.00125839 -0.00532405 0.00279393 -0.01994936
184.5  -0.59169195 -0.16603616 -0.01387874 0.00081314 0.00855632 0.00262686 0.00515723 0.00195552 -0.00308234 -0.02674962
185.0  -0.25323727 -0.20346693 0.02388632 0.01804155 0.02343414 0.00117662 -0.00762366 0.00287226 0.00177041 -0.02798184
185.5  0.90188426 -0.16016000 -0.01856538 0.00834818 0.00536279 -0.00271062 0.00418714 -0.00550137 0.00094666 -0.02408674
186.0  -0.85403320 -0.06414828 -0.00471873 -0.01487283 -0.01913004 -0.00545018 0.00282412 0.00549502 -0.00352643 -0.01529401
186.5  0.15280053 0.06492770 0.02734978 -0.01322644 -0.01559715 -0.00096278 -0.00807167 -0.00250271 0.00405392 -0.00164906
187.0  0.66446660 0.16642686 -0.03023293 0.00714772 0.00986314 0.00140437 0.00676400 -0.00118136 -0.00156199 0.00817011
187.5  -0.97529905 0.19901759 0.01084670 0.01817341 0.01816484 0.00242377 0.00000544 0.00405145 -0.00147584 0.01735522
188.0  0.53302283 0.16241035 0.01674623 0.00015316 -0.00224403 0.00129756 -0.00780939 -0.00290272 0.00411576 0.02494387
188.5  0.32568667 0.05477704 -0.03166628 -0.02630550 -0.00872901 0.00260716 0.01019510 0.00225120 -0.00377803 0.02678289
189.0  -0.93204086 -0.07849816 0.02199833 -0.01350537 0.00155892 -0.00225045 -0.00622961 0.00098877 0.00245268 0.02516945
189.5  0.79328398 -0.17405595 0.00543756 0.01997595 0.00250591 -0.00358467 -0.00288464 -0.00153894 0.00106142 0.01699311
190.0  -0.00637965 -0.19942340 -0.02897415 0.02523757 -0.00121906 -0.00264894 0.01132667 -0.00061224 -0.00296013 0.01064241
190.5  -0.78590037 -0.13504676 0.02805983 -0.00616553 -0.00268225 -0.00001047 -0.01140345 0.00112853 0.00291739 0.00028741
191.0  0.93423444 -0.00840321 -0.00558615 -0.02945004 -0.00048078 0.00247855 0.00522604 -0.00102269 -0.00306826 -0.01204706
191.5  -0.32431599 0.11960109 -0.02090544 -0.01015852 0.00248983 0.00290120 0.00512859 -0.00034983 0.00223417 -0.01977425
192.0  -0.54454546 0.19532629 0.03155069 0.02280939 0.00330251 0.00119467 -0.01205272 0.00182914 -0.00123573 -0.02488497
192.5  0.97689871 0.18310193 -0.01839077 0.02282774 -0.00190699 -0.00173934 0.01133348 -0.00164130 0.00000924 -0.02514199
193.0  -0.62056259 0.08950456 -0.01012920 -0.00819643 -0.00513543 -0.00177107 -0.00330922 0.00180706 0.00218089 -0.02015206
193.5  -0.24687067 -0.04933155 0.03086363 -0.02971602 0.00231958 -0.00071898 -0.00603158 -0.00027584 -0.00291432 -0.01117664
194.0  0.91255673 -0.16735216 -0.02665055 -0.01087779 0.00537744 0.00056703 0.01156798 0.00011756 0.00262610 -0.00144471
194.5  -0.81659440 -0.19823270 0.00116278 0.02274025 0.00017901 0.00033376 -0.01104599 -0.00068495 -0.00130035 0.00709525
195.0  0.03922581 -0.13700251 0.02749396 0.02647371 -0.00560468 0.00031198 0.00569013 -0.00054431 -0.00111156 0.01634669
195.5  0.76514171 -0.00751565 -0.03013213 -0.00549726 -0.00446338 -0.00150330 0.00379984 0.00216067 0.00136957 0.02273243
196.0  -0.94510486 0.13134261 0.00282612 -0.02743144 0.01021508 -0.00125652 -0.01093269 -0.00400996 -0.00045175 0.02636396
196.5  0.37324622 0.19620106 0.02678942 -0.00294022 0.01413854 0.00101398 0.01206608 0.00343145 -0.00082343 0.02424644
197.0  0.49190336 0.17208900 -0.03473051 0.01294338 -0.01357237 0.00120774 -0.00558319 -0.00090413 0.00151444 0.01828794
197.5  -0.96939806 0.07089836 0.01277296 0.00046149 -0.02515515 0.00155293 -0.00390146 -0.00072595 0.00049335 0.01055733
198.0  0.69519378 -0.07623462 0.02064529 -0.00719734 -0.00185580 0.00268382 0.01106373 -0.00070164 -0.00216926 0.00093266
198.5  0.11570460 -0.17755964 -0.03575172 0.00050003 0.02502902 -0.00106366 -0.01113538 -0.00290786 0.00340037 -0.00912642
199.0  -0.84013951 -0.19264942 0.01904574 0.00765128 0.02049244 0.00009249 0.00327907 -0.00122068 -0.00363740 -0.01687967
199.5  0.90923281 -0.12237542 0.01406047 0.00299343 -0.00981257 -0.00050711 0.00624556 0.00137948 0.00177162 -0.02323678
200.0  -0.26701285 0.02125241 -0.03493350 -0.00879559 -0.02618746 -0.00414198 -0.01186002 -0.00152998 -0.00034623 -0.02679416
200.5  -0.58579761 0.15016204 0.02449293 -0.00904241 -0.00936543 -0.00008575 0.00936747 0.00151420 -0.00090932 -0.02826076
201.0  0.97876288 0.19750522 0.00902172 0.00345576 0.01644565 0.00111141 -0.00109231 0.00185807 0.00262873 -0.02666077
201.5  -0.60423350 0.15552780 -0.03398643 0.01126791 0.02134927 0.00270590 -0.00853303 0.00071451 -0.00383753 -0.02151567
202.0  -0.23367976 0.03022267 0.02925911 0.00494818 0.00065219 0.00275414 0.01239087 0.00181681 0.00463701 -0.01617816
202.5  0.89067293 -0.11011031 -0.00284735 -0.00788195 -0.02181593 -0.00038071 -0.00911575 0.00090292 -0.00333586 -0.00831477
203.0  -0.86766710 -0.19112414 -0.02598915 -0.00963468 -0.01696579 -0.00324316 0.00028991 -0.00338776 0.00078308 0.00087419
203.5  0.17272663 -0.18408619 0.03278799 0.00407919 0.00709862 -0.00354207 0.00882346 -0.00220561 0.00222295 0.00939525
204.0  0.66150562 -0.08279780 -0.01217166 0.01198582 0.02234837 0.00003662 -0.01172851 -0.00245218 -0.00523711 0.01633308
204.5  -0.97328842 0.06175289 -0.01871718 0.00396260 0.01086540 0.00374110 0.00635526 -0.00181998 0.00596894 0.02236859
205.0  0.50581423 0.17359718 0.03341391 -0.00939432 -0.01410616 0.00348730 0.00348939 0.00248615 -0.00484948 0.02551491
205.5  0.36339357 0.19848832 -0.02011693 -0.00976493 -0.02186862 -0.00032906 -0.01114138 0.00216584 0.00237381 0.02383432
206.0  -0.94224180 0.12560753 -0.00950730 0.00214076 -0.00314238 -0.00226248 0.01180818 0.00302424 0.00220963 0.02012034
206.5  0.78612206 -0.00087694 0.03084587 0.00945730 0.02003031 -0.00377580 -0.00398785 0.00357498 -0.00493483 0.01501112
207.0  -0.02807534 -0.12964611 -0.02734742 0.00493130 0.01685958 -0.00267156 -0.00611365 -0.00135148 0.00545392 0.00740201
207.5  -0.74792845 -0.19968030 0.00257618 -0.00594629 -0.01095211 0.00335784 0.01209799 -0.00288173 -0.00380643 -0.00226784
208.0  0.95916948 -0.17666946 0.02496059 -0.00324967 -0.02465527 0.00377828 -0.00975392 -0.00287241 -0.00044122 -0.01110599
208.5  -0.44351056 -0.08997107 -0.03267150 0.00176954 -0.00186807 0.00197171 -0.00005550 -0.00324202 0.00273382 -0.02021639
209.0  -0.40857638 0.03912900 0.01455568 -0.00581479 0.02039244 0.00163742 0.00838557 -0.00148177 -0.00702373 -0.02459627
209.5  0.95025780 0.15625838 0.01524198 0.00133587 0.01486728 -0.00127041 -0.01063300 0.00123821 0.00876502 -0.02565628
210.0  -0.76604460 0.19605583 -0.03399899 0.00482516 -0.01028701 -0.00229127 0.00579870 0.00505106 -0.00603451 -0.02316457
210.5  -0.01523725 0.17002909 0.02622428 -0.00483899 -0.02245864 -0.00110468 0.00147202 0.00352225 0.00124827 -0.01357252
211.0  0.78336942 0.07481377 0.00218857 -0.00231658 -0.00563205 -0.00041648 -0.00691853 0.00194492 0.00549633 -0.00332169
211.5  -0.94193556 -0.06102148 -0.02917642 0.00525518 0.01912066 0.00071971 0.00840849 -0.00008744 -0.00976762 0.00708259
212.0  0.37509517 -0.15536864 0.03414218 0.00115333 0.01856168 0.00150691 -0.00436897 -0.00404886 0.01065416 0.01657480
212.5  0.47763954 -0.19894549 -0.01418764 -0.00638594 -0.01047062 0.00034409 -0.00256598 -0.00362209 -0.00743538 0.02316022
213.0  -0.96410564 -0.17425872 -0.01593800 0.00181097 -0.02388410 -0.00082065 0.00743804 -0.00166922 0.00059641 0.02502014
213.5  0.72461820 -0.06831694 0.03417712 0.00463594 -0.00190458 -0.00089774 -0.00784922 0.00015234 0.00554403 0.02010370
214.0  0.07434996 0.05326054 -0.02808752 -0.00439744 0.02191647 -0.00149219 0.00348748 0.00253254 -0.01010129 0.01337424
214.5  -0.82378013 0.15740486 0.00135170 -0.00211959 0.01621764 -0.00059438 0.00322416 0.00308056 0.01036964 0.00415288
215.0  0.91337909 0.20529867 0.02704951 0.00617350 -0.01092700 0.00152879 -0.00726242 0.00169906 -0.00636807 -0.00801430
215.5  -0.25529403 0.14930135 -0.03370955 -0.00154980 -0.02281605 -0.00111204 0.00722797 0.00085190 -0.00020340 -0.01390870
216.0  -0.61794766 0.02630306 0.01293656 -0.00744930 -0.00420046 0.00201137 -0.00444829 0.00145792 0.00632410 -0.01777677
216.5  0.97680546 -0.10743497 0.01796087 0.00472304 0.02076694 0.00173671 0.00045673 -0.00213811 -0.00943894 -0.01934891
217.0  -0.52143772 -0.19524979 -0.03386505 0.00473251 0.01856936 0.00078079 0.00248871 0.00166452 0.00932730 -0.01996577
217.5  -0.36708630 -0.18079034 0.02107144 -0.00650139 -0.00842729 -0.00053809 -0.00417634 -0.00269741 -0.00478592 -0.01875157
218.0  0.95066588 -0.07264427 0.01015179 0.00076316 -0.02303673 -0.00004289 0.00588890 -0.00295579 -0.00187012 -0.01484872
218.5  -0.74225329 0.07438840 -0.03296859 0.00605333 -0.00785092 -0.00120365 -0.00226762 -0.00219276 0.00795889 -0.01002715
219.0  -0.08324986 0.18152914 0.02630633 -0.00425850 0.01654508 -0.00105627 -0.00188796 -0.00077667 -0.01116570 -0.00265190
219.5  -0.83946888 0.19044328 0.00380404 -0.00260964 0.02085155 -0.00074153 0.00522554 0.00268559 0.01042546 0.00484560
220.0  -0.90032739 0.09272002 -0.02995478 0.00615525 -0.00123914 -0.00065283 -0.00628179 0.00349487 -0.00611012 0.01196012
220.5  -0.21966128 -0.05198452 0.03036382 -0.00381669 -0.02092201 0.00021729 0.00184319 0.00360140 -0.00106426 0.01735384
221.0  0.63953681 -0.15838737 -0.00408661 -0.00669512 -0.01359931 0.00027259 0.00083982 0.00137726 0.00720090 0.02178341
221.5  0.98111398 -0.17165048 -0.02543061 0.00504517 0.01161419 0.00112588 -0.00311650 -0.00160510 -0.01149871 0.02307341
222.0  0.54883464 -0.09886665 0.03282443 0.00210449 0.02391473 0.00215210 0.00308271 -0.00315752 0.01229127 0.02277959
222.5  -0.29728543 0.00672929 -0.01307699 -0.00601588 0.00344394 0.00147090 -0.00115666 -0.00342065 -0.00689260 0.01975563
223.0  -0.91597464 0.08881592 -0.02110885 0.00240194 -0.02088578 -0.00096465 -0.00061071 -0.00198227 -0.00108848 0.01239862
223.5  -0.87971056 0.12216762 0.03984578 0.00498156 -0.01649684 -0.00342310 0.00165586 0.00015230 0.00821386 0.00167896
224.0  -0.23387340 0.11199826 -0.02773156 -0.00519705 0.00999320 -0.00388650 -0.00127452 0.00085494 -0.01319751 -0.00715324
224.5  0.57380678 0.07500323 -0.00532728 -0.00612475 0.02218872 -0.00117088 -0.00060037 0.00162671 0.00910045 -0.01781304
225.0  0.98814463 0.02418897 0.03493135 0.00361572 0.00554321 0.00140182 0.00054501 0.00183489 -0.00102786 -0.02442125
225.5  0.71013176 -0.03407380 -0.03691005 -0.00094754 -0.02022884 0.00414060 0.00081623 -0.00056619 -0.00647957 -0.02502163
226.0  -0.07792934 -0.09112061 0.00983849 -0.00181506 -0.01500607 0.00426672 -0.00468853 -0.00373230 0.01405413 -0.02618377
226.5  -0.81321412 -0.12697053 0.02584620 0.00268111 0.00803188 0.00070860 0.00323706 0.00500051 -0.01233149 -0.02203519
227.0  -0.94829127 -0.11395889 -0.04036564 0.00002442 0.02152735 -0.00231458 0.00098483 -0.00527841 0.00538201 -0.01541777
227.5  -0.36381938 -0.03974723 0.01944747 -0.00456930 0.00963130 -0.00502072 -0.00124413 0.00114885 0.00548546 -0.01048143
228.0  0.50764341 0.07105629 0.01840926 0.00404130 -0.01536427 -0.00157503 0.00564463 0.00239911 -0.01195050 -0.00308760
228.5  0.97955823 0.15706315 -0.03956657 0.00176720 -0.02196127 0.00167373 -0.00413826 -0.00539389 0.01414378 0.00498083
229.0  0.65496810 0.15681266 0.02521262 -0.00489448 -0.00309667 0.00452019 -0.00189881 0.00623228 -0.01314563 0.01611244
229.5  -0.21444807 0.05904743 0.01333844 0.00110156 0.01785298 0.00379299 0.00394617 -0.00251284 0.00438289 0.02400270
230.0  -0.90577058 -0.08043698 -0.03908788 0.00350608 0.01846345 -0.00016004 -0.00474466 -0.00140583 0.00308147 0.02838445
230.5  -0.83008890 -0.17356184 0.02800729 -0.00391121 -0.00201691 -0.00379224 0.00286185 0.00349135 -0.00872122 0.02965754
231.0  -0.04625330 -0.16336575 0.00920630 -0.00070228 -0.02032512 -0.00406853 0.00265305 -0.00637416 0.01577314 0.02933669
231.5  0.77737583 -0.06035811 -0.03806915 0.00353558 -0.01340331 -0.00115587 -0.00456390 0.00374744 -0.01479236 0.02916061
232.0  0.93780353 0.07112275 0.03240050 -0.00204126 0.01051350 0.00243300 0.00359485 -0.00066891 0.01164805 0.02410320
232.5  0.30909665 0.16228152 0.00209614 -0.00125214 0.02196792 0.00311931 -0.00192457 -0.00216584 -0.00721101 0.01923440
233.0  -0.56737277 0.17584797 -0.03448527 0.00288874 0.00544841 0.00151308 -0.00250748 0.00426975 -0.00280615 0.01081023
233.5  -0.98051837 0.11572047 0.03752156 -0.00060387 -0.01865445 -0.00011160 0.00410272 -0.00340050 0.01076981 0.00222968
234.0  -0.63133073 0.00968254 -0.01071975 -0.00230553 -0.01891902 -0.00145021 -0.00016291 0.00062694 -0.01447340 -0.01135563
234.5  0.18774912 -0.10596345 -0.02411261 0.00265392 0.00681895 -0.00166562 -0.00198229 0.00400258 0.01472629 -0.02150441
235.0  0.86006292 -0.19325194 0.04034926 0.00260251 0.02469134 -0.00022960 0.00344881 -0.00519975 -0.00717394 -0.02902341
235.5  0.90055927 -0.21698806 -0.02849823 -0.00270535 0.00802530 -0.00010489 -0.00114722 0.00123592 -0.00349233 -0.03187772
236.0  0.29063344 -0.15885876 -0.00298066 -0.00592160 -0.02186340 0.00129383 -0.00433018 0.00498367 0.01025629 0.02880900
236.5  -0.52294288 -0.02983498 0.03555731 0.00023297 -0.01804663 0.00377489 0.00675580 -0.01233110 -0.00858723 -0.01993298
237.0  -0.95674003 0.12563343 -0.04324440 -0.00147791 0.01409447 0.00019887 -0.00317254 0.01202176 0.00429270 0.00718065
237.5  -0.70225535 0.24263185 0.02056066 0.00092243 0.02515175 -0.00106976 -0.00431271 -0.00193630 -0.00104192 0.00675460
238.0  0.06106531 0.26430226 0.01587291 0.00099181 -0.00264523 -0.00196515 0.00822423 -0.00737328 -0.00217272 -0.01916265
238.5  0.78226141 0.17187536 -0.04179585 -0.00260225 -0.02518119 -0.00403880 -0.00636642 0.01477636 0.00055213 0.02749994
239.0  0.92257225 0.00125446 0.03791108 -0.00050866 -0.01070022 -0.00238776 -0.00105324 -0.01492421 -0.00103248 -0.02987796
239.5  0.36268582 -0.16969433 -0.00578427 0.00112890 0.01902246 0.00052342 0.00585367 0.00440543 0.00207547 0.02870520
240.0  -0.48016634 -0.25960435 -0.03076960 0.00101899 0.02259696 0.00423478 -0.00730671 0.00470250 -0.00162701 -0.02359218
240.5  -0.95529486 -0.22859061 0.04467628 -0.00010224 -0.00568531 0.00502648 0.00256367 -0.01238740 0.00369745 0.01481492
241.0  -0.68438721 -0.09593440 -0.02359043 -0.00164598 -0.02570157 0.00106291 0.00531390 0.01423481 -0.00365656 -0.00534367
241.5  0.13098259 0.07343118 -0.01553919 0.00025025 -0.01104915 -0.00297604 -0.00659790 -0.00989516 0.00175040 -0.00583944
242.0  0.84795508 0.20155088 0.04221014 0.00000802 0.02093433 -0.00617072 0.00406614 0.00232128 0.00114125 0.01614495
242.5  0.88145827 0.23209498 -0.03523450 0.00114345 0.02440834 -0.00454806 0.00030871 0.00463398 -0.00469017 -0.02426706
243.0  0.19123580 0.15265652 -0.00076811 -0.00171074 -0.00539296 0.00190728 -0.00810461 -0.01064630 0.00654955 0.03053452
243.5  -0.65995490 0.00035740 0.03688331 -0.00168863 -0.02625406 0.00489182 0.00669229 0.01165497 -0.00806347 -0.03074219
244.0  -0.96357646 -0.15290932 -0.04220961 0.00157749 -0.01283022 0.00761477 -0.00029938 -0.00852853 0.00682692 0.02638833
244.5  -0.45887245 -0.22986129 0.01067917 0.00148644 0.01613297 0.00289531 -0.00233969 0.00333941 -0.00243946 -0.02072213
245.0  0.43713447 -0.18510208 0.02995706 0.00033353 0.02278353 -0.00468059 0.00522089 0.00262414 -0.00273378 0.01224863
245.5  0.96125858 -0.03600864 -0.04379875 0.00032893 -0.00085347 -0.00936095 -0.00393904 -0.00613050 0.00853934 -0.00142673
246.0  0.65228327 0.13619490 0.01949988 -0.00015059 -0.02536259 -0.00620716 0.00023121 0.00498522 -0.01270452 -0.00889539
246.5  -0.22630431 0.22853630 0.02241591 -0.00107028 -0.01446839 0.00214130 0.00336789 -0.00330816 0.01077536 0.01920834
247.0  -0.90734678 0.18475699 -0.04516012 -0.00011618 0.01457440 0.00813641 -0.00522901 -0.00029673 -0.00660964 -0.02713091
247.5  -0.80343505 0.03512063 0.02643961 0.00005636 0.02498549 0.00764444 0.00301193 0.00329587 0.00064503 0.03072300
248.0  -0.01239818 -0.12540113 0.01543425 -0.00055272 0.00506235 0.00223870 0.00138198 -0.00200914 0.00666936 -0.03076463
248.5  0.78916662 -0.20188941 -0.04325091 0.00009777 -0.02073308 -0.00436015 -0.00448533 0.00198262 -0.01111070 0.02704052
249.0  0.93037347 -0.16037317 0.03341079 0.00019903 -0.02006423 -0.00764726 0.00554048 -0.00138454 0.01189117 -0.02017872
249.5  0.30331307 -0.04100359 0.00578180 -0.00058205 0.00683948 -0.00528682 -0.00372355 -0.00242836 -0.01015868 0.01000371
250.0  -0.56801026 0.07874862 -0.03963203 -0.00028095 0.02651778 0.00043335 -0.00177684 0.00286909 0.00412241 0.00176830
250.5  -0.98591292 0.13989108 0.03953141 0.00101485 0.01272824 0.00552906 0.00623920 -0.00206745 0.00312500 -0.01367944
251.0  -0.64345100 0.13053951 -0.00698545 0.00091239 -0.01769108 0.00671557 -0.00598557 0.00240629 -0.00787545 0.02071152
251.5  0.17606220 0.07531372 -0.03161741 0.00045903 -0.02311346 0.00420172 0.00441631 0.00247875 0.01214777 -0.02681965
252.0  0.86194393 0.00659066 0.04509239 0.00007218 0.00114881 -0.00233212 -0.00001051 -0.00325782 -0.01040985 0.02957047
252.5  0.93204343 -0.05404044 -0.02254576 0.00033289 0.02329186 -0.00672684 -0.00674947 0.00092203 0.00455041 -0.02878482
253.0  0.35082206 -0.09565925 -0.01776226 0.00002619 0.01460723 -0.00475918 0.00929997 -0.00021449 0.00233206 0.02614461
253.5  -0.47054022 -0.11041916 0.04395139 0.00216546 -0.01564267 -0.00173049 -0.00609234 -0.00519882 -0.00901939 -0.01709344
254.0  -0.96697268 -0.08958341 -0.03545651 0.00240028 0.02312484 0.00408681 -0.00073793 0.00720250 0.01066156 0.00709209
254.5  -0.79757435 -0.03159273 -0.00028642 -0.00258481 0.00089468 0.00529543 0.00356664 -0.00728123 0.00638916 0.00338606
255.0  -0.07029508 0.04776454 0.03609419 -0.00090492 -0.02396687 0.00428933 0.00441286 -0.00486733 0.00756988 -0.01493559
255.5  0.71429087 -0.11441652 -0.04319800 0.00567522 0.01436966 -0.00300002 0.00036794 -0.01557065 0.00427332 0.02481904
256.0  0.98138296 0.12341932 0.01468954 0.00007390 0.01350185 -0.00145961 -0.00848108 -0.01577197 -0.00099034 -0.03200162
256.5  0.50135161 -0.07354067 0.02673043 -0.00799954 -0.02276661 0.00291525 -0.00962288 -0.00752910 -0.00642131 0.03388258
257.0  -0.37782103 -0.01708072 -0.04493045 0.00465037 0.00402062 0.00530006 -0.00326712 0.00415991 -0.00672502 -0.03443173
257.5  -0.96009661 0.09777815 0.02330370 0.00514367 0.01914240 0.00472892 0.00455301 0.01332672 -0.00456426 0.03101778
258.0  -0.75839670 -0.12944563 0.01874051 -0.00903907 -0.01852381 0.00053751 0.00963438 0.01548905 -0.00106898 -0.02356153
258.5  0.07648622 0.08703704 -0.04455510 0.00078583 -0.00446341 -0.00363622 0.00848017 0.01141189 0.00417965 0.01636564
259.0  0.85174246 0.00365052 0.03015318 0.00864952 0.01987933 -0.00442458 0.00072130 0.00240817 0.00717452 -0.00564124
259.5  0.89926110 -0.08415685 0.01162122 -0.00763709 -0.01166762 -0.00270543 -0.00671268 -0.00758155 0.00800631 -0.00523386
260.0  0.16691094 0.12891635 -0.04278576 -0.00240501 -0.00910825 0.00114058 -0.01005613 -0.01385297 0.00677525 0.01410187
260.5  -0.70763835 -0.10280879 0.03571028 0.01144444 0.01829349 0.00460937 -0.00730463 -0.01435341 0.00263887 -0.02367299
261.0  -0.97226493 0.01554259 0.00288189 -0.00476809 -0.00502824 0.00449333 0.00056468 -0.00892754 -0.00141758 0.03138972
261.5  -0.41452343 0.06214296 -0.03809075 -0.00891924 -0.01527864 0.00139483 0.00720498 0.00033877 -0.00617775 -0.03751450
262.0  0.48223543 -0.11790086 0.04124969 0.00997843 0.01618262 -0.00328696 0.01029776 0.00855111 -0.00903963 0.03668606
262.5  0.97973136 0.12827606 -0.01161512 0.00203180 0.00593354 -0.00587813 0.00735541 0.01276697 -0.00860235 -0.03050190
263.0  0.70267765 -0.06739580 -0.02736453 -0.01095557 -0.02018568 -0.00571373 -0.00058434 0.01123323 -0.00625807 0.01804196
263.5  -0.11443351 -0.00342575 0.04443911 0.00228319 0.00699793 -0.00102574 -0.00731783 0.00595459 -0.00116075 -0.00305302
264.0  -0.83807613 0.07193235 -0.02865919 0.01111881 0.01624175 0.00428481 -0.01208391 0.00639700 0.00479016 -0.01270859
264.5  -0.93887319 -0.12804170 -0.00680867 -0.00692426 0.01607158 0.00655087 -0.01041962 0.00819849 0.01103473 0.02598757
265.0  -0.37049684 0.12009031 0.03813071 -0.00563469 -0.00889829 0.00662608 -0.00246954 0.00513902 0.01293744 -0.03527567
265.5  0.45627783 -0.08115395 -0.04322789 0.01042792 -0.02204600 0.00366578 0.00722811 -0.00236986 0.00999790 0.03715258
266.0  0.96280467 0.02001063 0.01928987 0.00166073 -0.00209874 -0.00040823 0.01332946 -0.00828489 0.00277298 -0.03049760
266.5  0.80027074 0.06384961 0.01762814 -0.01269299 0.02127674 -0.00532168 0.01018809 -0.01102691 -0.00474769 0.01730822
267.0  0.07699241 -0.11284558 -0.04263988 0.00600334 0.01132641 -0.00667831 0.00106088 -0.00723497 -0.01035901 -0.00147823
267.5  -0.70595248 0.12431508 0.03824268 0.01131649 -0.01321933 -0.00364170 -0.00631371 0.00272086 -0.01212740 -0.01513969
268.0  -0.98424609 -0.09372065 -0.00707747 -0.01125571 -0.01913690 0.00130337 -0.00578504 0.01284524 -0.00979843 0.02798516
268.5  -0.54527374 0.01492865 -0.03014912 -0.00586223 0.00120142 0.00555076 0.00206792 0.01425371 -0.00335682 -0.03482157
269.0  0.30571105 0.06723075 0.04472436 0.01314293 0.01919816 0.00322861 0.00678991 0.00739257 0.00490418 0.03620884
269.5  0.93121872 -0.12059283 -0.02418681 -0.00173984 0.01200164 0.00127416 0.00297713 -0.00048123 0.01327334 -0.03146169
270.0  0.82838417 0.11882974 -0.01648509 -0.01222269 -0.01021882 0.00184488 -0.00470913 -0.00544668 0.01743156 0.02295950
270.5  0.05587918 -0.05619345 0.04354445 0.00863829 -0.01781356 -0.00257577 -0.01086427 -0.00506345 0.01517749 -0.01312737
271.0  -0.76673647 -0.03583780 -0.03190739 0.00691038 -0.00264985 0.00164578 -0.01190857 -0.00138046 0.00725021 0.00099364
271.5  -0.95537418 0.11249206 -0.00656543 -0.01312524 0.01762227 0.00061620 -0.00657691 -0.00124346 -0.00394892 0.01048982
272.0  -0.34909051 -0.12396068 0.04035009 0.00116091 0.01726206 -0.00260878 0.00138264 -0.00216331 -0.01300555 -0.02163832
272.5  0.55016514 0.07219432 -0.03831092 0.01345224 -0.00909713 0.00260710 0.00901139 -0.00445780 -0.01775685 0.02972603
273.0  0.98911061 0.01229843 0.00110990 -0.01063796 -0.02191688 -0.00141101 0.01085168 -0.00584736 -0.01629426 -0.03526566
273.5  0.59387718 -0.10177484 0.03663007 -0.00719283 -0.00871992 -0.00126847 0.00659983 -0.00401083 -0.00864088 0.03858671
274.0  -0.30543967 0.12907233 -0.04124321 0.01764311 0.01551783 0.00301328 -0.00092464 0.00239323 0.00036744 -0.03894595
274.5  -0.94684213 -0.08432390 0.00854559 -0.00440951 0.02181482 -0.00298312 -0.00671946 0.01178303 0.00690790 0.03418511
275.0  -0.77963414 0.00969445 0.03201692 -0.01370058 0.00001304 0.00189646 -0.00939458 0.01808047 0.00783597 -0.02655051
275.5  0.04770529 0.08305452 -0.04342724 0.01343487 -0.02267051 0.00032565 -0.00672941 0.01645147 0.00531450 0.01586100
276.0  0.83067726 -0.13180555 0.01602518 0.00197124 -0.01745383 -0.00375442 -0.00091888 0.00578833 0.00238189 -0.00275030
276.5  0.92174410 0.10018369 0.02593785 -0.01593484 0.00933139 0.00555738 0.00333060 -0.00874784 -0.00018036 -0.01019161
277.0  0.25147847 -0.03433146 -0.04479258 0.01251901 0.02377189 -0.00156489 0.00113084 -0.02025316 -0.00041227 0.02313235
277.5  -0.61932123 -0.05473257 0.02432400 0.01160949 0.00652826 -0.00036021 -0.00750387 -0.01981387 -0.00069864 -0.03186039
278.0  -0.98813297 0.12441672 0.01732457 -0.02187422 -0.01213673 0.00398691 -0.00629891 -0.00930651 -0.00151757 0.03829788
278.5  -0.58121881 -0.11753362 -0.04417229 0.00122485 -0.02228564 -0.00532734 0.00266745 0.00488509 -0.00279696 -0.03874785
279.0  0.27268505 0.06304161 0.03306127 0.01356474 -0.00025401 0.00194385 0.01118143 0.01507352 -0.00323363 0.03392387
279.5  0.91489546 0.02059038 0.00605102 -0.01194382 0.02236218 0.00346479 0.01326212 0.01629456 -0.00046549 -0.02505588
280.0  0.86409733 -0.10333241 -0.04163986 -0.00468250 0.01635253 -0.00415685 0.00646042 0.00810660 0.00265050 0.01263727
280.5  0.16327017 0.12769001 0.03884195 0.01508570 -0.01032132 0.00434884 -0.00561527 -0.00494113 0.00236953 -0.00089812
281.0  -0.65992016 -0.09078999 -0.00681449 -0.00851177 -0.02184981 -0.00331411 -0.01251331 -0.01317693 -0.00243190 -0.01285099
281.5  -0.98805612 0.01347156 -0.03246783 -0.00999852 -0.00645622 -0.00390803 -0.01107278 0.01075035 -0.00982290 0.02383632
282.0  -0.58686576 0.07412318 0.04521277 0.01584996 0.01618752 0.00566014 -0.00265809 0.00724458 -0.00759718 -0.03334386
282.5  0.23884216 -0.12364199 -0.02089096 0.00142280 0.01767334 -0.00228638 0.00620987 -0.00219295 -0.00138801 0.04249389
283.0  0.88978135 0.11715644 -0.02091387 -0.01620957 -0.00206976 -0.00108148 0.00739099 -0.01342864 0.00315133 -0.04434267
283.5  0.90217696 -0.05723374 0.04494376 0.00926459 -0.02168340 0.00354584 -0.00021816 -0.01790325 0.00440985 0.03964993
284.0  0.26336463 -0.02524545 -0.03359767 0.00819489 -0.01241434 -0.00439782 -0.00552283 -0.01110534 0.00308524 -0.03330187
284.5  -0.57164197 0.09735083 -0.00361026 -0.01490585 0.01510205 -0.00151881 -0.00618400 0.00111519 0.00196131 0.01962813
285.0  -0.98697248 -0.13062366 0.03839095 0.00072530 0.01915163 0.00548952 -0.00114534 0.01331351 0.00146511 -0.00332641
285.5  -0.66010756 0.09922928 -0.04337972 0.01505486 -0.00313919 -0.00336148 0.00569350 0.01923294 0.00183513 -0.01122491
286.0  0.17760821 -0.03117854 0.01401138 -0.01055259 -0.01893112 0.00351339 0.00682890 0.01448728 0.00211948 0.02954636
286.5  0.88205110 -0.04935575 0.02671332 -0.00821915 -0.01227829 0.00249952 0.00309968 0.00400598 0.00113605 -0.04051761
287.0  0.88583534 0.11813464 -0.04603022 0.01568249 0.01146797 -0.00701165 -0.00245298 -0.00923885 -0.00177738 0.04544281
287.5  0.17066686 -0.12362107 0.02881267 -0.00195865 0.01969738 0.00257600 -0.00593048 -0.01714627 -0.00485556 -0.04741533
288.0  -0.68887362 0.07791683 0.01162298 -0.01455210 0.00285642 -0.00035593 -0.00535208 -0.01706388 -0.00703222 0.03979605
288.5  -0.97885347 -0.00596950 -0.04324866 0.01118288 -0.01830614 -0.00435268 -0.00172473 -0.00873551 -0.00615117 -0.02714406
289.0  -0.46101251 -0.08127039 0.03981018 0.00832655 -0.01649003 0.00596662 0.00197123 0.00264168 -0.00208790 0.00970943
289.5  0.43286670 0.12544849 -0.00536036 -0.01542977 0.00750112 0.00004683 0.00334954 0.01328746 0.00427355 0.00991740
290.0  0.97346361 -0.11189470 -0.03340097 0.00294292 0.02002314 -0.00326049 0.00176288 0.01647250 0.01009871 -0.02773542
290.5  0.71910375 0.06292794 0.04643409 0.01262068 0.00529756 0.00586443 -0.00093011 0.00962360 0.01205195 0.04158732
291.0  -0.11875123 0.02321692 -0.02196562 -0.01045135 -0.01557814 -0.00446821 -0.00265115 -0.00089329 0.00741672 -0.04870732
291.5  -0.85836011 -0.09888438 -0.01970439 -0.00592070 -0.01727527 -0.00142808 -0.00303790 -0.00973860 -0.00347410 0.04948525
292.0  -0.90837244 0.12373622 0.04533498 0.01354904 0.00712655 0.00447443 -0.00134777 -0.01006582 -0.01418104 -0.04296173
292.5  -0.23898630 -0.10689596 -0.03563130 0.00202746 0.02361089 -0.00596489 0.00287579 -0.00433052 -0.01754378 0.03225810
293.0  0.61111926 0.04236775 -0.00128362 -0.00723986 -0.01187646 0.00340344 0.00750403 0.00239990 -0.01074448 -0.01570601
293.5  0.98883602 0.04284949 0.03662826 0.01359241 -0.01442228 0.00255404 0.00661159 0.00497882 0.00221774 -0.00411921
294.0  0.61597776 -0.10356452 -0.04459088 -0.00047766 0.01975000 -0.00504759 -0.00039147 0.00255606 0.01400128 0.02182725
294.5  -0.22131132 0.12734850 0.01900704 -0.01170620 0.00211728 0.00320697 -0.00902857 -0.00286763 0.01815677 -0.03878893
295.0  -0.89112812 -0.09936981 0.02123238 0.00740631 -0.02073747 -0.00122887 -0.01061525 -0.00726245 0.01344923 0.04860418
295.5  -0.89111125 0.02910928 -0.04505870 0.00832240 0.01012520 -0.00344154 -0.00283205 -0.00654918 0.00419465 -0.04968179
296.0  -0.22127732 0.05188931 0.03543472 -0.01515685 0.01431164 0.00516089 0.00667211 -0.00032631 -0.00631291 0.04098561
296.5  0.61584665 -0.11247375 0.00119250 -0.00370397 -0.02035335 -0.00160326 0.01232639 0.00552919 -0.01276216 -0.02559040
297.0  0.98899552 0.12463300 -0.03721046 0.01608261 -0.00076683 -0.00234048 0.00892863 0.00904472 -0.01504929 0.00685002
297.5  0.60259647 -0.08616737 0.04405189 -0.00460482 0.01946870 0.00504605 -0.00149606 0.00843330 -0.01252149 0.01360180
298.0  -0.25950060 0.00555723 -0.01538858 -0.00996562 -0.01057643 -0.00490845 -0.01047781 0.00478083 -0.00699967 -0.03125524
298.5  -0.92002980 0.08041075 -0.02655436 0.01360222 -0.01315708 0.00001679 -0.01238064 -0.00073034 0.00000510 0.04359645
299.0  -0.83621449 -0.12256296 0.04579220 0.00070580 0.01946846 0.00506072 -0.00544016 -0.00603611 0.00618977 -0.04893656
299.5  -0.06121272 0.11101874 -0.02530903 -0.01493918 0.00044738 -0.00534000 0.00577101 -0.00934959 0.01171103 0.04923218
300.0  0.76715376 -0.04175231 -0.01794787 0.00713208 -0.02057055 0.00321297 0.01165072 -0.00993914 0.01325477 -0.04539710
300.5  0.95190734 -0.05662838 0.04543773 0.01015409 0.01501039 0.00162767 0.00828553 -0.00802535 0.01198611 0.03841196
301.0  0.32601260 0.11634213 -0.03056652 -0.01228660 0.00813196 -0.00722961 -0.00021642 -0.00242886 0.00681985 -0.02922792
301.5  -0.58354879 -0.11700877 -0.01299736 -0.00199024 -0.02183663 0.00416030 -0.00933419 0.00498520 0.00078475 0.01576557
302.0  -0.98829938 0.05843406 0.04427755 0.01514126 0.00657437 -0.00323726 -0.00969612 0.01188162 -0.00189188 -0.00044109
302.5  -0.54030346 0.04284067 -0.03405282 -0.00488974 0.01735441 -0.00173993 -0.00611834 0.01532320 -0.00198123 -0.01374899
303.0  0.36668273 -0.11363220 -0.00796078 -0.01507922 -0.01403877 0.00402426 0.00122865 0.01441133 -0.00110863 0.02723073
303.5  0.96091406 0.11973194 0.04128023 0.01064732 -0.00750519 -0.00115526 0.00929256 0.00831116 -0.00062119 -0.03876983
304.0  0.75586661 -0.07138728 -0.03738987 0.01123716 0.01644323 -0.00254246 0.01151305 -0.00061282 -0.00140499 0.04703526
304.5  -0.06070480 -0.02154245 -0.00018820 -0.01854906 -0.00472640 0.00195688 0.00764611 -0.00915852 -0.00224120 -0.05312274
305.0  -0.82303251 0.10167093 0.03714184 0.00073703 -0.01300396 -0.00251120 -0.00061465 -0.01350159 -0.00417642 0.05215560
305.5  -0.93725915 -0.12477388 -0.04191448 0.01938215 0.01289328 -0.00074282 -0.00845455 -0.01359315 -0.00553499 -0.04569789
306.0  -0.33533746 0.09537287 0.01245530 -0.01455907 0.00474776 0.00293861 -0.01122715 -0.00679878 -0.00586471 0.03164046
306.5  0.50699007 -0.02013338 0.02733156 -0.01144624 -0.01337055 -0.00370983 -0.00738907 0.00335019 -0.00360572 -0.01253155
307.0  0.97564562 -0.06377032 -0.04613050 0.02205096 0.00305905 0.00304041 -0.00067503 0.01062971 0.00203269 -0.00985542
307.5  0.75885432 0.11574915 0.03110839 -0.00086204 0.01141351 0.00217371 0.00485118 0.01263969 0.00896396 0.03156305
308.0  0.02312060 -0.12369763 0.00777066 -0.02143289 -0.00846005 -0.00293782 0.00728314 0.00583601 0.01236556 -0.04728553
308.5  -0.72631001 0.08212344 -0.04005431 0.01117575 -0.00874174 0.00327765 0.00521141 -0.00547588 0.00928869 0.05500650
309.0  -0.98346033 -0.00895498 0.04307788 0.01721471 0.00934949 -0.00304317 -0.00003385 -0.01137914 -0.00155693 -0.05324313
309.5  -0.57056979 -0.06846105 -0.01521052 -0.01788624 0.00840213 -0.00410043 -0.00257638 -0.00626320 -0.01201891 0.03956660
310.0  0.23828049 0.11859699 -0.02431162 -0.00807664 -0.00653613 0.00364889 -0.00052745 0.00351088 -0.01517003 -0.02192296
310.5  0.88667670 -0.12118240 0.04609970 0.01917281 -0.01376178 -0.00168336 0.00317353 0.01167514 -0.00794903 0.00186936
311.0  0.90153508 0.07764643 -0.03228571 -0.00002782 0.01385052 -0.00050492 0.00289677 0.01061097 0.00468842 0.01829962
311.5  0.24352127 0.00336132 -0.00700305 -0.01401400 0.01227529 0.00480042 -0.00214802 -0.00070144 0.01189567 -0.03434689
312.0  -0.61186209 -0.08284118 0.04156365 0.00781098 -0.02153853 -0.00585824 -0.00441805 -0.01161827 0.01051759 0.04390509
312.5  -0.98883995 0.12242390 -0.04232055 0.00875176 0.00028935 -0.00090529 -0.00538365 -0.01543102 0.00469540 -0.05003548
313.0  -0.55558973 -0.11138983 0.00719616 -0.00953965 0.02368394 0.00481398 -0.00095523 -0.00999708 -0.00299538 0.04915586
313.5  0.34711145 0.04310028 0.03437004 -0.00268926 -0.01406442 -0.00525150 0.00483663 -0.00144531 -0.00785921 -0.04495404
314.0  0.95835919 0.04786789 -0.04657885 0.00680128 -0.01435357 0.00202418 0.00680049 0.00824292 -0.00990693 0.03480196
314.5  0.74325172 -0.10920897 0.01820787 0.00050879 0.02417204 0.00290630 0.00399461 0.01450916 -0.00793915 -0.01957690
315.0  -0.12435584 0.12370882 0.02562958 -0.00751064 -0.00413670 -0.00619822 -0.00093782 0.01406123 -0.00326533 0.00143482
315.5  -0.88344686 -0.07802834 -0.04714924 0.00221308 -0.02190356 0.00413783 -0.00516904 0.00798685 0.00178339 0.01636359
316.0  -0.86170811 -0.01080659 0.02841006 0.00672358 0.02023767 0.00117404 -0.00607283 -0.00137765 0.00656232 -0.03328222
316.5  -0.08483489 0.08721827 0.01450052 -0.00301651 0.00653320 -0.00485359 -0.00302650 -0.01053687 0.00769434 0.04469385
317.0  0.75895548 -0.12445572 -0.04478820 -0.00119599 -0.02596457 0.00534440 0.00121979 -0.01554368 0.00616025 -0.05086751
317.5  0.95874456 0.11024936 0.03879235 0.00466409 0.01181352 -0.00161608 0.00498300 -0.01356496 0.00295308 0.04978111
318.0  0.38431721 -0.04532392 -0.00307545 -0.00395540 0.01827169 -0.00365587 0.00541177 -0.00616846 -0.00120344 -0.03998351
318.5  -0.48079963 -0.03325583 -0.03438783 -0.00464388 -0.02080769 0.00544695 0.00253348 0.00482523 -0.00466500 0.02115486
319.0  -0.97429619 0.09662026 0.04662991 0.00510632 -0.00591768 -0.00301647 -0.00181651 0.01422100 -0.00571882 0.00197612
319.5  -0.75427460 -0.12719016 -0.02603187 0.00149544 0.02489324 -0.00205954 -0.00525469 0.01666615 -0.00433075 -0.02352535
320.0  -0.00531433 0.11066302 -0.01310385 -0.00469632 -0.01161914 0.00533661 -0.00543351 0.01064314 -0.00021591 0.04472980
320.5  0.74127738 -0.05683902 0.04349045 0.00689374 -0.01840478 -0.00515149 -0.00169971 -0.00179370 0.00287764 -0.05676532
321.0  0.98073110 -0.01592360 -0.04390819 -0.00058625 0.02337695 0.00130651 0.00209365 -0.01328787 -0.00002704 0.05729475
321.5  0.55545073 0.08410087 0.01506931 0.00612852 0.00318189 0.00500032 0.00327392 -0.01096508 -0.01377461 -0.04775659
322.0  -0.25086176 -0.12354986 0.02441443 -0.00181168 -0.02300374 -0.00543281 0.00086666 -0.00271220 -0.01349096 0.02884190
322.5  -0.88839089 0.11861820 -0.04699170 -0.00709598 0.01009324 0.00380610 -0.00278198 0.00290356 -0.00211466 -0.00466443
323.0  -0.90486277 -0.06691964 0.03557471 -0.00230274 0.01788439 -0.00111455 -0.00543080 0.00607105 0.00950410 -0.01849646
323.5  -0.27366072 -0.00969016 0.00248556 0.00497514 -0.02132865 -0.00248405 -0.00233588 0.00884120 0.01586249 0.03922422
324.0  0.56092313 0.08436263 -0.03894931 0.00590532 -0.00509464 -0.00378749 0.00210126 0.00504196 0.01493359 -0.05187527
324.5  0.98573853 -0.12627607 0.04506374 -0.00129291 0.02339784 -0.00141550 0.00236613 -0.00167631 0.00783728 0.05699641
325.0  0.66602888 0.11036726 -0.01612733 -0.00682966 -0.00994724 0.00209535 -0.00078596 -0.00643459 -0.00272242 -0.05510343
325.5  -0.18025634 0.04618620 -0.02697317 -0.00281898 -0.01414646 0.00441916 -0.00399649 -0.00805269 -0.01092200 0.04461711
326.0  -0.89136925 -0.04547513 0.04792167 0.00520453 0.02064839 0.00308643 -0.00469528 -0.00599129 -0.01555740 -0.02927868
326.5  -0.86065104 -0.11816494 -0.02674085 0.00583433 -0.00163012 -0.00029055 -0.00220067 -0.00144763 -0.01529733 0.01011766
327.0  -0.08164297 -0.12791980 -0.01877555 0.00010344 -0.01997183 -0.00325271 0.00227141 0.00281158 -0.01073676 0.00658218
327.5  0.77522799 -0.06417140 0.04691521 -0.00579054 0.01963382 -0.00376809 0.00549591 0.00567749 -0.00344758 -0.02274008
328.0  0.93638959 0.03824866 -0.03073775 -0.00508781 0.00409586 -0.00192903 0.00585611 0.00637469 0.00490180 0.03748371
328.5  0.24686528 0.11865483 -0.01535035 0.00039626 -0.02365296 0.00084223 0.00244119 0.00392626 0.01256785 -0.04756361
329.0  -0.66802092 0.12906054 0.04664487 0.00778505 0.01428906 0.00263289 -0.00344278 -0.00068116 0.01649558 0.05382649
329.5  -0.97415355 0.06386759 -0.03256062 0.00493267 0.01068624 0.00100963 -0.00667827 -0.00519418 0.01538447 -0.05702647
330.0  -0.39999711 -0.03738112 -0.01316473 -0.00501073 -0.02373395 -0.00152807 -0.00622395 -0.00752829 0.00926849 0.05422609
330.5  0.52738549 -0.11630304 0.04597135 -0.00745350 0.00778603 -0.00136756 -0.00194739 -0.00655029 -0.00063041 -0.04927631
331.0  0.98713977 -0.12940866 -0.03461825 -0.00170896 0.01669477 0.00014586 0.00182089 -0.00046798 -0.01093613 0.04016321
331.5  0.59704893 -0.07187570 -0.00888799 0.00313192 -0.02036596 -0.00109244 0.00235086 0.00574744 -0.01693213 -0.02715239
332.0  -0.29189754 0.02389266 0.04431831 0.00674023 0.00194629 0.00038191 0.00167853 -0.00513426 -0.01842982 0.01130291
332.5  -0.93362834 0.10674980 -0.03949850 0.00309744 0.01991591 0.00112815 -0.00039264 0.00682541 -0.00994391 0.00627366
333.0  -0.81839412 0.13504022 -0.00002769 -0.01253568 -0.01474432 0.00097014 0.00234363 -0.00568404 0.00318710 -0.02409273
333.5  -0.06379083 0.09596925 0.03869988 -0.00810934 -0.00049290 0.00075194 0.00184103 -0.00032979 0.01438339 0.03905925
334.0  0.72894589 0.01157081 -0.04518560 -0.00210801 0.02160204 -0.00024657 0.00167928 0.00499400 0.01936994 -0.05050575
334.5  0.97809429 -0.07679364 0.01572924 0.00550619 -0.01356227 -0.00102676 0.00022947 -0.00784431 0.01485889 0.05577721
335.0  0.53623899 -0.13109652 0.02487696 0.00524246 -0.01326729 -0.00116952 -0.00152256 0.00547593 0.00356750 -0.05262251
335.5  -0.26544351 -0.13143394 -0.04708554 -0.00238067 0.02147502 -0.00130830 -0.00121670 0.00197674 -0.00950063 0.04010870
336.0  -0.88404310 -0.08113235 0.03592816 -0.00688659 0.00054513 -0.00075470 0.00032722 -0.00702356 -0.01798461 -0.01777580
336.5  -0.91941109 -0.00141271 0.00087183 -0.00259812 -0.02098679 0.00102788 -0.00263371 0.00703505 -0.01639534 -0.00812963
337.0  -0.35354441 0.07771511 -0.03593571 0.00359514 0.01096930 0.00274943 0.00317582 0.00323553 -0.00624325 0.03086943
337.5  0.44380042 0.12788260 0.04703128 0.00531833 0.01432479 0.00133819 -0.00233356 -0.00382534 0.00633768 -0.05001031
338.0  0.95158136 0.13329061 -0.02653197 -0.00083504 -0.01995822 0.00239237 -0.00451641 -0.00884099 0.01446149 0.05806002
338.5  0.83123264 0.09341371 -0.01199043 -0.00376629 -0.00434337 0.00152169 0.00225130 -0.00825272 0.01668280 -0.05179546
339.0  0.14773235 0.02161739 0.04240869 -0.00046879 0.02297367 -0.00111216 -0.00347727 0.00118414 0.00744936 0.03805511
339.5  -0.64779503 -0.05842250 -0.04401523 0.00161066 -0.00755027 -0.00436342 0.00004522 -0.00207301 -0.00560821 -0.01682566
340.0  -0.98730048 -0.11886772 0.01353143 0.00130953 -0.01794165 -0.00542076 0.00494907 -0.00702442 -0.01388190 -0.00692884
340.5  -0.58538779 -0.13467726 0.02739877 -0.00011349 0.01663258 -0.00349528 -0.00367555 -0.00816248 -0.01583809 0.02468291
341.0  0.28652438 -0.09445471 -0.04754923 -0.00411784 0.00445281 0.00244827 0.00222329 -0.00548793 -0.01011892 -0.03913979
341.5  0.93554535 -0.01006862 0.02966935 -0.00221176 -0.01854219 0.00528736 0.00160884 0.00152513 0.00014064 0.04848437
342.0  0.78927732 0.08249418 0.01390803 0.00373104 0.00773394 0.00395414 -0.00431530 0.00748834 0.00968252 -0.05184713
342.5  -0.06295163 0.13536732 -0.04540885 0.00460585 0.01260974 0.00107250 0.00427620 0.00962515 0.01598230 0.05070524
343.0  -0.86552037 0.11696776 0.03674339 -0.00143002 -0.01664941 -0.00262535 -0.00138236 0.00717673 0.01632663 -0.04165351
343.5  -0.86151501 0.03481444 0.00514527 -0.00481669 0.00120859 -0.00490315 -0.00146491 0.00094643 0.01058121 0.02796611
344.0  -0.04413778 -0.06475812 -0.04056122 -0.00196655 0.01834906 -0.00419299 0.00425384 -0.00607959 0.00167257 -0.01277238
344.5  0.81204985 -0.12557584 0.03877067 0.00397850 -0.01564500 -0.00070362 -0.00368147 -0.00990563 -0.00734907 -0.00589551
345.0  0.91414251 -0.11895795 -0.00368326 0.00546751 -0.00676933 0.00315887 -0.00056111 -0.00911699 -0.01458686 0.02354040
345.5  0.19475019 -0.05564306 -0.03526050 -0.00065667 0.01960449 0.00514761 0.00287322 -0.00376151 -0.01671152 -0.03953011
346.0  -0.68704571 0.02869563 0.04453403 -0.00552646 -0.00993451 0.00329559 -0.00448167 0.00391117 -0.01267745 0.04960310
346.5  -0.97898035 0.09555572 -0.01745207 -0.00312539 -0.01280453 -0.00051681 0.00376294 0.00891654 -0.00390462 -0.05304916
347.0  -0.46490134 0.12013116 -0.02246915 0.00374653 0.01811321 -0.00394271 0.00166746 0.01027735 0.00657179 0.04545748
347.5  0.41200211 0.09735209 0.04503715 0.00468436 0.00264148 -0.00445596 -0.00388492 0.00700703 0.01453328 -0.03008963
348.0  0.96109558 0.03936338 -0.03421936 -0.00059762 -0.01957747 -0.00321266 0.00425083 0.00135298 0.01644490 0.00860124
348.5  0.79660076 -0.03110612 -0.00155364 -0.00409255 0.00855580 0.00412032 -0.00321595 -0.00191880 0.01204795 0.01424498
349.0  0.07538876 -0.09036520 0.03528621 -0.00361656 0.01335394 0.00969590 -0.00022923 -0.00764918 0.00626286 -0.03610671
349.5  -0.68730708 -0.11980500 -0.04383329 -0.00335058 -0.01658668 0.01135728 -0.00743468 -0.01158705 0.00286770 0.04968473
350.0  -0.98923313 -0.10888343 0.02380478 0.00189659 -0.00692523 0.00514792 -0.00966579 -0.01167031 -0.00062469 -0.05352952
350.5  -0.64093928 -0.06110530 0.01222521 0.00353562 0.02034293 -0.00341282 -0.00886128 -0.00680264 -0.00488666 0.04653815
351.0  0.13343708 0.00900279 -0.04066478 -0.00120594 -0.00275352 -0.01224366 -0.00615318 -0.00008268 -0.00921355 -0.02936473
351.5  0.82529564 0.07704506 0.04079277 -0.00456660 -0.01770705 -0.01368106 0.00049721 0.00565443 -0.01082206 0.00727619
352.0  0.95092221 0.11544125 -0.01033200 0.00477869 0.01204647 -0.00495931 0.00806481 0.00851039 -0.00881219 0.01566123
352.5  0.38793782 0.10664295 -0.02816071 0.00146216 0.00947799 0.00634450 0.01073533 0.00755810 -0.00470469 -0.03142814
353.0  -0.47943830 0.05183272 0.04456711 -0.01089462 -0.01817956 0.01302987 0.00708922 0.00472278 0.00164693 0.04423625
353.5  -0.98137310 -0.02603732 -0.02339212 0.00393738 0.00181335 0.00956779 -0.00227827 0.00145745 0.00530730 -0.05073345
354.0  -0.68341100 -0.09131303 -0.01948397 0.01037313 0.01528357 -0.00088445 -0.00942203 -0.00198605 0.00924576 0.05071169
354.5  0.19464273 -0.11166639 0.04449039 -0.00687693 -0.01248728 -0.00967291 -0.01042716 -0.00500272 0.01004644 -0.04889988
355.0  0.90970532 -0.07599000 -0.02780056 -0.00199600 -0.00459683 -0.01001942 -0.00433044 -0.00707946 0.01131632 0.04279631
355.5  0.83937838 -0.00081507 -0.01533483 0.00875099 0.01608604 -0.00322925 0.00496444 -0.00734757 0.01016733 -0.03313659
356.0  0.04238772 0.07777188 0.04391858 -0.00609363 -0.00914994 0.00625681 0.01035549 -0.00443284 0.00595713 0.02611353
356.5  -0.79060785 0.11965963 -0.03026788 -0.00579289 -0.00706247 0.00954689 0.00846754 -0.00026818 -0.00054610 -0.01408479
357.0  -0.93833015 0.09910127 -0.01194326 0.01069925 0.01528355 0.00438416 0.00073449 0.00286357 -0.00839330 0.00252335
357.5  -0.27195018 0.02116995 0.04307462 -0.00220856 -0.00551365 -0.00295000 -0.00781422 0.00403910 -0.01534117 0.00887969
358.0  0.62809677 -0.07507417 -0.03276873 -0.00891518 -0.00997487 -0.00810938 -0.01280504 0.00334496 -0.01637580 -0.02209056
358.5  0.98427595 -0.13543559 -0.00882605 0.00998902 0.01250089 -0.00726608 -0.00951579 0.00070825 -0.01224814 0.03319354
359.0  0.50912700 -0.12295009 0.04147376 0.00320957 -0.00106159 -0.00328004 0.00165556 -0.00028001 -0.00367585 -0.04377788
359.5  -0.37688217 -0.04254991 -0.03677427 -0.01417281 -0.00683507 -0.00588109 0.01260726 0.00087769 0.00438982 0.05130962
360.0  -0.95243008 0.06267771 -0.00030362 0.01055744 0.00324341 0.00927926 0.01303110 0.00548719 0.01087364 -0.05457353
360.5  -0.78939529 0.13865843 0.03599198 0.00726668 -0.00191018 -0.00789116 0.00567190 0.00697642 0.01163779 0.04941240
361.0  -0.03852620 0.14877353 -0.04203242 -0.01614009 0.00434032 0.00025553 -0.00484642 0.00307564 0.00996322 -0.03986561
361.5  0.73419647 0.09039297 0.01545024 0.00381054 0.00067781 0.00857416 -0.00654805 -0.00822021 0.00614675 0.02402376
362.0  0.97490362 -0.00739812 0.02321121 0.01474306 -0.00580945 -0.00975171 0.00222152 -0.01521837 0.00099562 -0.00420817
362.5  0.51891789 -0.10109276 -0.04349582 -0.01287041 0.00325748 0.00601947 0.00350082 -0.01134014 -0.00487230 -0.01728410
363.0  -0.30881101 -0.15181172 0.03108914 -0.00790916 0.00542490 0.00330605 0.00384734 -0.00346784 -0.00961967 0.03607109
363.5  -0.91694151 -0.13997791 0.00483183 0.01657233 -0.00767214 -0.00986124 0.00389919 0.00586866 -0.01163268 -0.04867150
364.0  -0.85999627 -0.07087533 -0.03756223 -0.00222834 -0.00083940 0.00838314 0.00556602 0.01188821 -0.00897848 0.05339759
364.5  -0.17157085 0.02853893 0.04103436 -0.01516409 0.00891746 -0.00061979 0.00458600 0.01115725 -0.00301259 -0.05080202
365.0  0.64328639 0.11919377 -0.01321171 0.01159320 -0.00590812 -0.00740557 -0.00047635 0.00578949 0.00483479 0.03908500
365.5  0.98294547 0.16477796 -0.02445106 0.00816787 -0.00533590 0.00964706 -0.00562465 -0.00205966 0.01089771 -0.02049695
366.0  0.60084946 0.14537397 0.04366136 -0.01662527 0.01029217 -0.00396050 -0.00769854 -0.00825181 0.01300596 -0.00198777
366.5  -0.22107546 0.06520400 -0.03023609 0.00138235 -0.00135512 -0.00426752 -0.00432898 -0.00970393 0.00933251 0.02423010
367.0  -0.88152739 -0.04769359 -0.00538696 0.01447700 -0.01022321 0.00960223 0.00325651 -0.00656706 0.00237395 -0.04149182
367.5  -0.88417753 -0.14731492 0.03743934 -0.00944693 0.00917803 -0.00728483 0.00568769 -0.00161348 -0.00650528 0.05313806
368.0  -0.20678580 -0.18696291 -0.04084518 -0.00884852 0.00584373 -0.00504983 0.00407998 0.00255061 -0.01276350 -0.05744578
368.5  0.63974724 -0.14240250 0.01257703 0.01332522 -0.01554746 0.00861536 -0.00078058 0.00527896 -0.01511686 -0.05203387
369.0  0.97609927 -0.03007881 0.02518686 0.00091423 0.00121930 -0.00653548 -0.00788165 0.00471762 -0.01323924 -0.03947079
369.5  0.51542000 0.09606760 -0.04365286 -0.00943873 0.01810334 0.00176819 -0.00739346 0.00400064 -0.00490792 -0.02189273
370.0  -0.36995608 0.17382517 0.02766900 -0.00184887 -0.01357367 0.00593457 -0.00151069 0.00590824 0.00482370 0.00222440
370.5  -0.95184502 0.16787051 0.01060485 0.00391258 -0.01029483 -0.00865015 0.00599812 0.00836068 0.01294634 0.02450728
371.0  -0.75349295 0.08687036 -0.03998721 0.00522979 0.01952163 0.00341998 0.01030813 0.00957374 0.01727284 0.04189272
371.5  0.05989862 -0.02559768 0.03836347 -0.00488128 -0.00252777 0.00202010 0.00808609 0.00714617 0.01696945 0.05321858
372.0  0.82489405 -0.11710390 -0.00679517 -0.00363199 -0.01742772 -0.00856352 0.00058967 0.00089352 0.01177830 0.05588468
372.5  0.92417247 -0.15238639 -0.02995762 0.00789938 0.01363110 0.00793853 -0.00744814 -0.00659578 0.00378005 0.04928429
373.0  0.28052326 -0.12331355 0.04353255 0.00116783 0.00822200 0.00166886 -0.01114619 -0.01250273 -0.00436055 0.03473933
373.5  -0.58853067 -0.04650256 -0.02277211 -0.00559612 -0.01936506 -0.00761926 -0.00803974 -0.01374190 -0.01097692 0.01437509
374.0  -0.98678443 0.04659552 -0.01665497 0.00351007 0.00497319 0.00864822 0.00048144 -0.00889360 -0.01394002 -0.00720666
374.5  -0.59796769 0.11863322 0.04193825 0.00255632 0.01605071 -0.00394622 0.00802925 0.00028542 -0.01247277 -0.02805391
375.0  0.26187807 0.13938994 -0.03420459 -0.00729721 -0.01641047 -0.00616896 0.01051677 0.00993468 -0.00668047 -0.04550461
375.5  0.91229550 0.09902555 -0.00140847 0.00029668 -0.00431867 0.00970200 0.00498969 0.01444037 0.00235051 -0.05558984
376.0  0.86188739 0.01473535 0.03574574 0.00739029 0.01948833 -0.00520456 -0.00433914 0.01163058 0.01105189 -0.05721783
376.5  0.16936657 -0.07603615 -0.04172685 -0.00573156 -0.00795852 0.00189222 -0.00706983 0.00001971 0.01479710 -0.05043199
377.0  -0.64354182 -0.13153299 0.01503309 -0.00571795 -0.01450245 0.00691803 0.00229891 -0.01235096 0.01213366 -0.03684746
377.5  -0.98723932 -0.12762694 0.02396304 0.00592190 -0.01754655 -0.01129278 -0.00132179 -0.01586386 -0.00125413 -0.01807923
378.0  -0.60826271 -0.06773918 -0.04426656 0.00118602 0.00341701 0.00083191 0.00036511 -0.01063851 0.01351287 0.00422418
378.5  0.22930274 0.01838849 0.02858687 -0.00619471 0.01806361 0.00314491 -0.00025049 0.00265247 0.01810504 0.02662478
379.0  0.90035846 0.08902739 0.01094655 0.00247041 0.01105167 -0.00596993 0.00154991 0.01375211 0.01272176 0.04271718
379.5  0.87235637 0.11354735 -0.04132498 0.00467850 -0.01132525 0.00549411 -0.00081512 0.01690890 0.00286835 0.05335385
380.0  0.14795336 0.08754294 0.03656789 -0.00601676 -0.01903027 -0.00078623 -0.00180127 0.01126207 -0.00759257 0.05912306
380.5  -0.70060660 0.03053116 0.00020184 -0.00193096 -0.00167711 -0.00381029 -0.00178893 0.00043152 -0.01489545 0.05946215
381.0  -0.98013534 -0.03146666 -0.03713302 0.00697055 0.01735344 0.00554588 -0.00076979 -0.01024842 -0.01721725 0.05431449
381.5  -0.44893806 -0.07924577 0.03927316 -0.00334983 0.01542781 -0.00555825 0.00116907 -0.01604490 -0.01431660 0.04342770
382.0  0.46167487 -0.09834353 -0.00526409 -0.00476122 -0.00646572 -0.00014264 0.00221309 -0.01514178 -0.00734850 0.03113916
382.5  0.98345888 0.07958821 -0.03278448 0.00814107 -0.02055766 0.00494023 0.00254332 -0.00780145 0.00196886 0.01625266
383.0  0.66135771 -0.00348805 0.04157997 -0.00245294 -0.01105578 -0.00518196 0.00160767 0.00311139 0.01080760 0.00059145
383.5  -0.23659344 -0.06516039 -0.01078480 -0.00702179 0.01024240 0.00490912 -0.00031205 0.01195148 0.01698726 -0.01211660
384.0  -0.93036025 0.09510581 -0.03147518 0.00877430 0.02013483 0.00099724 -0.00188225 0.01559546 0.01857601 -0.02567862
384.5  -0.80774515 -0.08115051 0.04173480 0.00027862 0.00695664 -0.00475230 -0.00308397 0.01268608 0.01389993 -0.03523281
385.0  0.01777291 0.00884017 -0.01202686 -0.00946421 -0.01459682 0.00521528 -0.00302139 0.00475739 0.00429313 -0.04371241
385.5  0.82294824 0.06653731 -0.02975324 0.00613646 -0.01966461 -0.00284005 0.00026191 -0.00395288 -0.00676399 -0.04977947
386.0  0.93048545 -0.09599715 0.04350515 0.00340890 -0.00123753 -0.00123477 0.00340714 -0.01032379 -0.01660004 -0.05224105
386.5  0.27973320 0.08170086 -0.01701567 -0.00994169 0.01935002 0.00573577 0.00462102 -0.00976451 -0.02105122 -0.05086693
387.0  -0.58108364 -0.02184759 -0.02420087 0.00439211 0.01648896 -0.00494046 0.00282008 -0.00320741 -0.01639900 -0.04524496
387.5  -0.99078649 -0.04973357 0.04368462 0.00747817 -0.00701476 0.00093457 -0.00127522 0.00163139 -0.00220341 -0.03398741
388.0  -0.66271326 0.09344759 -0.02572728 -0.00965948 -0.02081031 0.00304807 -0.00528757 -0.00397791 0.01328295 -0.01665106
388.5  0.14982009 -0.09505607 -0.01008315 -0.00271576 -0.00646774 -0.00655598 -0.00595706 -0.01144601 0.02053467 0.00241995
389.0  0.85226675 0.05334561 0.03893154 0.01095216 0.01614128 0.00381085 -0.00392500 -0.01135502 0.01764651 0.02277056
389.5  0.93396806 0.00957175 -0.03796186 -0.00128648 0.01723155 0.00118239 0.00085941 -0.00346355 0.00625926 0.03867084
390.0  0.33932110 -0.07087123 0.00811974 -0.00720368 -0.00697666 -0.00516672 0.01026645 -0.00723711 -0.00607427 0.05277354
390.5  -0.49483370 0.10047956 0.02640778 0.00824997 -0.02305360 0.00442190 0.01376155 -0.00997777 -0.01656999 0.05648661
391.0  -0.97550982 -0.08615124 -0.04294267 0.00236106 -0.00639334 -0.00447289 0.00694146 -0.00512666 -0.01948036 0.04806395
391.5  -0.77219696 0.04811030 0.02884170 -0.01086752 0.01828459 -0.00299813 -0.00433096 0.00086694 -0.01094199 0.03261774
392.0  -0.03316637 0.01583792 0.00623609 0.00345123 0.01777910 0.00548095 0.01339271 0.00296561 0.00275828 0.00322509
392.5  0.73107964 -0.07265726 -0.03625774 0.01033695 -0.00752981 -0.00373103 -0.01341790 -0.00454863 0.01571830 -0.02434054
393.0  0.98352756 0.09339033 0.04136233 -0.00801375 -0.02218046 -0.00009800 0.00681914 -0.00264907 0.02050385 -0.04528591
393.5  0.52257405 -0.09484202 -0.01647844 -0.00729860 -0.00556797 0.00304206 0.00884218 -0.00393055 0.01537108 -0.05657055
394.0  -0.33477857 0.04953270 -0.02048050 0.01074487 0.01771955 -0.00366904 -0.01511214 -0.00284017 0.00370366 -0.05831944
394.5  -0.94460529 0.02046616 0.04204785 -0.00003550 0.01881570 0.00041804 0.01333718 0.00186343 -0.01061530 -0.05113315
395.0  -0.80411475 -0.06745271 -0.03148252 -0.01042509 -0.00511042 0.00297421 -0.00279607 0.00586960 -0.01912861 -0.03759103
395.5  0.00290919 0.10103191 -0.00550528 0.00763239 -0.02203638 0.00178459 -0.01189099 0.00678895 -0.01849593 -0.01946346
396.0  0.81030860 -0.08707453 0.03817660 0.00691486 -0.01100604 -0.00846829 0.01468465 0.00654552 -0.01002330 -0.00028275
396.5  0.93382819 0.02163719 -0.03855374 -0.01159679 0.01509296 0.00795442 -0.00772235 -0.00165685 0.00418344 0.01994425
397.0  0.26788502 0.03810105 0.00676148 0.00363907 0.01993006 -0.00197126 -0.00025730 -0.01264622 0.01061897 0.03654246
397.5  -0.62095640 -0.08686712 0.02998623 0.01322446 -0.00493952 -0.01211446 0.01271644 -0.01717287 0.00857965 0.05108622
398.0  -0.98971123 0.10297046 -0.04185896 -0.01007990 -0.02051425 0.01442883 -0.00792791 -0.01648194 0.00468725 0.05874761
398.5  -0.53904290 -0.05912288 0.02035475 -0.00847172 -0.01011886 -0.00758572 0.00441495 0.00081794 0.00046683 0.05532095
399.0  0.36203156 -0.00456895 0.01883633 0.01058769 0.01459489 -0.00288840 0.00117871 0.01475128 -0.00040261 0.04715348
399.5  0.96232892 0.06519403 -0.04226893 0.00101296 0.02003685 0.01474416 -0.00532619 0.02174599 -0.00125710 0.03336577
400.0  0.75336871 -0.10193458 0.02967214 -0.01121827 -0.00092006 -0.01807642 0.00419026 0.01908319 -0.00233176 0.01488964
400.5  -0.08394331 0.08287522 0.00760704 0.00801125 -0.02066355 0.00675604 -0.00388094 0.00642976 -0.00230291 -0.00677240
401.0  -0.84612971 -0.02458517 -0.03740897 0.00643418 -0.01224535 0.00668093 -0.00010509 -0.00884251 -0.00192426 -0.02662178
401.5  -0.92401930 -0.04282176 0.03686838 -0.01218985 0.01156917 -0.01449540 0.00738049 -0.01938737 0.00013340 -0.04324589
402.0  -0.28848226 0.09106631 -0.00694902 0.00043613 0.01750076 0.01627563 -0.00816092 -0.01948503 0.00306245 -0.05334130
402.5  0.55371378 -0.09765333 -0.02736918 0.00992592 -0.00155900 -0.00238968 0.00569081 -0.00846220 0.00438157 -0.05435534
403.0  0.98646784 0.06424969 0.04171147 -0.00624215 -0.01776563 -0.00793030 0.00631074 0.00676125 -0.00003520 -0.04584555
403.5  0.71683131 0.00098385 -0.02428582 -0.00575441 -0.00891949 0.00574747 -0.01573926 0.00767723 -0.01477540 -0.03101921
404.0  -0.05713329 -0.06111705 -0.01059838 0.00894975 0.01289949 -0.00345370 0.02252540 0.00730882 -0.01204721 -0.01093050
404.5  -0.79387242 0.09480685 0.03701879 -0.00744068 0.01768604 -0.00322711 -0.00796575 -0.00221189 -0.01035017 0.01160620
405.0  -0.96422803 -0.09598860 -0.03467846 -0.01163072 0.00410029 0.00480086 -0.01047779 -0.00570817 -0.00071581 0.03304501
405.5  -0.42905660 0.04102392 0.00412253 0.00792648 -0.01474092 0.00248236 0.01840551 0.00837263 0.01137231 0.04714442
406.0  0.43245837 0.02682205 0.02992788 0.00629197 -0.01538737 -0.00629618 -0.01651540 -0.01208160 0.01336672 0.05371243
406.5  0.96976535 -0.07622132 -0.03915495 -0.01180058 0.00465577 0.00442856 0.00121049 0.00627308 0.01325579 0.05445758
407.0  0.76204908 0.10528309 0.01471984 0.00197988 0.01885201 0.00809884 0.01339447 0.00112235 0.00815583 0.04832033
407.5  -0.03101583 -0.06939844 0.02193501 0.01022465 0.00880866 -0.01605598 -0.01279775 -0.00610225 -0.00065436 0.04231081
408.0  -0.80158474 0.00083029 -0.03964162 -0.00984068 -0.01204158 0.01014329 0.00559707 0.00925109 -0.00951312 0.02975946
408.5  -0.95312062 0.05423075 0.02363452 -0.00373114 -0.01868939 0.00603112 0.00408664 -0.00854343 -0.01635864 0.01381446
409.0  -0.35466408 -0.10136630 0.01321243 0.01219670 -0.00090117 -0.01985380 -0.00990242 0.00511209 -0.01918891 -0.00446925
409.5  0.53436092 0.08915118 -0.03882397 -0.00573961 0.01761968 0.01597403 0.00758551 0.00028409 -0.01616366 -0.01990521
410.0  0.99097382 -0.02163884 0.02898705 -0.00812542 0.01450181 -0.00139119 -0.00100687 -0.00553857 -0.00788059 -0.03298499
410.5  0.60345611 -0.04341088 0.00790803 0.01314959 -0.00463026 -0.01392348 -0.00493536 0.00975661 0.00257103 -0.04269429
411.0  -0.31437392 0.09464641 -0.03783259 -0.00120178 -0.01884229 0.02077008 0.00830562 -0.00970497 0.01191520 -0.04941094
411.5  -0.95518316 -0.09299307 0.03176901 -0.01171387 -0.01117480 -0.01244657 -0.00620195 0.00672032 0.01812673 -0.05177452
412.0  -0.75881831 0.02635423 0.00472691 0.00943188 0.00949156 -0.00591043 0.00004645 -0.00205353 0.01898554 -0.05010166
412.5  0.08942939 0.04539974 -0.03682873 0.00083248 0.02026216 0.01776403 0.00650131 -0.00439733 0.01488332 -0.04501587
413.0  0.85454513 -0.09188346 0.03512691 -0.01154740 0.00619466 -0.01913407 -0.00824113 0.00865306 0.00700091 -0.03519373
413.5  0.91385801 -0.09307373 -0.00151910 0.00778728 -0.01606487 0.00697171 0.00456864 -0.00935961 -0.00441477 -0.02345325
414.0  0.24841870 -0.04286381 -0.03252173 0.00618856 -0.01800792 0.01244163 0.00138230 0.00668635 -0.01445169 -0.00664412
414.5  -0.60442484 0.03154092 0.03865306 -0.01352489 0.00371894 -0.01693159 -0.01345662 0.00250144 -0.02021391 -0.01038388
415.0  -0.99125782 0.09027724 -0.01250546 0.00252068 0.02045910 0.01011576 0.01262362 -0.00905572 -0.01917330 0.02664886
415.5  -0.62275324 0.10318420 -0.02469177 0.01473572 0.01189425 -0.00438469 -0.00504053 0.01253925 -0.00641037 -0.04051791
416.0  0.22116288 0.06783578 0.04068580 -0.00901270 -0.01192360 -0.01502706 -0.00624832 -0.00773769 0.00751963 0.04807557
416.5  0.89682436 0.00613060 -0.02333433 -0.01780476 -0.01901283 -0.01324338 0.01148553 -0.00920920 0.02036075 -0.05000741
417.0  0.88919533 -0.05279469 -0.01220943 0.01595144 -0.00264405 -0.00334279 0.00267382 0.01197126 0.02426631 0.04569174
417.5  0.21358324 -0.08918198 0.03816849 0.00372682 0.02013620 0.01215955 -0.00588063 -0.00740453 0.01204510 -0.03521894
418.0  -0.61384923 -0.09683861 -0.03521032 -0.01689462 0.01443959 0.01238678 0.00852853 -0.00009983 -0.00465287 0.01873968
418.5  -0.99124707 -0.07723701 0.00615368 0.00649647 -0.01141600 0.00447820 -0.00383235 0.01165115 -0.01851386 0.00236451
419.0  -0.66372340 -0.03196351 0.02785602 0.01272471 -0.02211434 -0.00625388 -0.00488682 -0.01533851 -0.02495805 -0.02381481
419.5  0.13009345 0.03370291 -0.04169263 -0.01259665 0.00088377 -0.01282680 0.00794435 0.01074302 -0.01957224 0.04069979
420.0  0.83309181 0.10307198 0.02643257 -0.00704654 0.02215018 -0.00775988 -0.00814473 -0.00147683 -0.00741515 -0.04786855
420.5  0.93797706 0.14653391 0.00668704 0.01619749 0.01259270 0.00485353 0.00201002 -0.00811187 0.00653389 0.04459183
421.0  0.35042782 0.13357533 -0.03586544 0.00132241 -0.01388783 0.01201888 0.00667514 0.01601259 0.01904154 -0.03326563
421.5  -0.50395036 0.05502406 0.03924661 -0.01521701 -0.02167152 0.01036450 -0.00797129 -0.01480595 0.02494721 0.01496205
422.0  -0.97376810 -0.06169961 -0.01417152 0.00619873 0.00006669 -0.00122696 0.00610215 0.00667483 0.02364848 0.00487155
422.5  -0.68879520 -0.15986222 -0.02187082 0.01232249 0.02052167 -0.01213075 0.00139605 0.00157404 0.01582320 -0.02101927
423.0  0.13344470 -0.18521762 0.04173928 -0.01193577 0.01384863 -0.01195412 -0.00682315 -0.01428331 0.00283682 0.03639888
423.5  0.85121604 -0.11985305 -0.02912889 -0.00519540 -0.01178391 -0.00213187 0.00647004 0.01907545 -0.00922374 -0.04375715
424.0  0.90138422 0.00446897 -0.00519720 0.01423745 -0.02122089 0.01139112 -0.00346990 -0.01419592 -0.02181437 0.04527301
424.5  0.24052983 0.12384811 0.03576524 -0.00479205 0.00101657 0.01366886 -0.00513271 0.00936890 -0.02382688 -0.04122707
425.0  -0.61573263 0.17753027 -0.03816489 -0.01221697 0.02133690 0.00592017 0.00744941 0.00673323 -0.02118207 0.02951557
425.5  -0.98094573 0.14095235 0.00955827 0.01398015 0.01013808 -0.00812765 -0.00582622 -0.01493740 -0.01228387 -0.01246829
426.0  -0.53693245 0.03477221 0.02718167 0.00231282 -0.01372059 -0.01353679 0.00130933 0.01902291 0.00262081 -0.00214984
426.5  0.36795284 -0.08395739 -0.04096894 -0.01786112 -0.02078040 -0.00923810 0.00599575 -0.01791120 0.01284916 0.01950537
427.0  0.96132292 -0.15292661 0.01848937 0.00704342 -0.00545890 0.00088151 -0.00705775 0.00636755 0.02225905 -0.03345399
427.5  0.71505839 -0.13698875 0.02163594 0.01162860 0.01665886 0.01220396 0.00554272 0.00494015 0.02406095 0.04197431
428.0  -0.15510114 -0.04630751 -0.04161669 -0.01584979 0.01859369 0.01301603 -0.00164912 -0.01597093 0.01759260 -0.04725499
428.5  -0.88595500 0.06956449 0.02407468 0.00484238 -0.00600115 0.00500238 -0.00253557 0.01973399 0.00727325 0.04643741
429.0  -0.86549083 0.14862124 0.01447112 0.01213363 -0.02357374 -0.00582968 0.00451496 -0.01474214 -0.00768132 -0.03958425
429.5  -0.13608464 0.14826769 -0.04027789 -0.01372372 -0.01082687 -0.01256615 -0.00533790 0.00338028 -0.01834210 0.02829994
430.0  0.69688957 0.06649803 0.03159406 -0.00098445 0.01489594 -0.01031785 0.00670912 0.00944540 -0.02324258 -0.01177086
430.5  0.97361948 -0.05512923 0.00312754 0.01587712 0.02157126 -0.00254529 -0.00927174 -0.01520604 -0.01967221 -0.00639958
431.0  0.48292013 -0.14917747 -0.03779941 -0.01075209 -0.00060243 0.00821528 0.00736576 0.01563808 -0.00568374 0.02545384
431.5  -0.38582868 -0.16143353 0.04142528 -0.00990040 -0.02050208 0.01153095 -0.00220155 -0.00979452 0.00734091 -0.03974761
432.0  -0.95129857 -0.08374671 -0.00983848 0.01606474 -0.01078049 0.00716415 -0.01088408 -0.00495036 0.02073951 0.04832626
432.5  -0.77996021 0.03809357 -0.02937568 0.00075737 0.01373262 0.00177960 0.01585049 0.00381826 0.02288966 -0.04730201
433.0  -0.01473297 0.13362734 0.04483707 -0.01078234 0.02104167 -0.00923428 -0.01928136 -0.00037509 0.01372623 0.03878082
433.5  0.75899611 0.15134197 -0.02348648 0.00921549 -0.00230006 -0.01234456 0.00977396 -0.00061757 -0.00153164 -0.02891279
434.0  0.96730535 0.08888640 -0.01608705 0.00477964 -0.02161608 -0.00922389 0.00313948 -0.00750775 -0.01723867 0.01555462
434.5  0.46257188 -0.01105985 0.04260702 -0.01293785 -0.01163230 -0.00177500 -0.01291954 0.01533249 -0.02320793 -0.00016455
435.0  -0.38453768 -0.09008740 -0.03516053 0.00219855 0.01427087 0.00981554 0.01539615 -0.01182448 -0.02159378 -0.01495823
435.5  -0.95226944 -0.11058664 -0.00172784 0.01084584 0.01982364 0.01184498 -0.01096475 0.00534033 -0.00817280 0.02754004
436.0  -0.80577040 0.07217040 0.03701091 -0.00757214 0.00012627 0.01049134 -0.00325524 0.00632397 0.00786826 -0.03544946
436.5  -0.03020641 -0.01269257 -0.04082266 -0.00787568 -0.01837522 -0.00209969 0.01491773 -0.01369064 0.01938856 0.04299723
437.0  0.77923394 -0.05782006 0.00830526 0.01149481 -0.01562849 -0.00893114 -0.01514773 0.01437910 0.02529503 -0.04684052
437.5  0.95199950 0.10798444 0.03168712 -0.00035092 0.00757104 0.01343146 0.00500162 -0.01181114 0.02126738 0.04675495
438.0  0.32395046 -0.08321048 -0.04179285 -0.01086775 0.02287982 -0.00902676 0.00794986 0.00099358 0.01171937 -0.04205783
438.5  -0.58195449 0.01507802 0.01260440 0.00855125 0.01066911 -0.00051560 -0.01477395 0.00898526 -0.00128469 0.03438991
439.0  -0.99165355 0.05776789 0.02823387 0.00448853 -0.01364482 0.00902018 0.01244694 -0.01574905 -0.01354234 -0.02270388
439.5  -0.56714099 -0.10458617 -0.04209561 -0.01256409 -0.02209866 -0.01009472 -0.00204530 0.01772698 -0.02164520 0.00908654
440.0  0.32363338 0.08714344 0.01786793 0.00519211 -0.00526580 0.00279591 -0.01045380 -0.00918437 -0.02433553 0.00568706
440.5  0.94683278 -0.02190256 0.02173996 0.00851361 0.01722461 0.00690746 0.01610011 -0.00203974 -0.01929367 -0.02074478
441.0  0.79978541 -0.05337737 -0.04242728 -0.01135179 0.01937859 -0.01021811 -0.00899146 0.01287902 -0.00860548 0.03447323
441.5  0.00689342 0.09998649 0.02530911 -0.00200714 -0.00231601 0.00569404 -0.00164069 -0.01891455 0.00466181 -0.04468678
442.0  -0.78931396 -0.09390073 0.01286892 0.00943459 -0.02272195 0.00418274 0.01201918 0.01572108 0.01755148 0.04798896
442.5  -0.95560224 0.04616282 -0.03958130 -0.00523965 -0.01120294 -0.01177011 -0.01453198 -0.00617494 0.02400169 -0.04528504
443.0  -0.37908573 0.02871325 0.03473677 -0.00631676 0.01339646 0.00871126 0.00460543 -0.00801794 0.02119532 0.03438661
443.5  0.47847803 -0.08572131 -0.00216244 0.01220668 0.02013614 0.00056932 0.00390313 0.01683437 0.00933269 -0.01936835
444.0  0.97552784 0.10050086 -0.03149529 0.00156896 0.00023911 -0.01123179 -0.00864311 -0.01681784 -0.01016365 0.00057957
444.5  0.76300935 -0.08811213 0.04150298 -0.01306195 -0.02078333 0.01503449 0.01119126 0.00802946 -0.02108620 0.01819900
445.0  0.01167551 0.03142771 -0.02150329 0.00505206 -0.01553286 -0.00537075 0.00929815 -0.00410691 -0.02221275 -0.03441759
445.5  -0.74621104 0.03536924 -0.01301473 0.01023381 0.01249171 -0.00329406 -0.01450410 -0.01263451 -0.01034376 0.04458771
446.0  -0.98115440 -0.07704454 0.03819653 -0.00888658 0.02382598 0.00605888 -0.00821046 0.02083861 0.00795624 -0.04738806
446.5  -0.51640208 0.10901570 -0.03640666 -0.00354302 0.00123436 0.00612517 -0.00768824 -0.00879980 0.02285309 0.03849184
447.0  0.32781872 -0.08936979 0.00853649 0.01105384 -0.02193076 0.00262545 0.00427371 -0.00604475 0.02565439 -0.02373662
447.5  0.93685183 0.03083104 0.02599362 -0.00273524 -0.01466528 -0.00099848 0.01310631 0.01763120 0.01651216 0.00572049
448.0  0.83029465 0.02448048 -0.04118816 -0.01080586 0.01158928 -0.00491817 0.01266056 -0.01693793 0.00102828 0.01398100
448.5  0.07145904 -0.08670314 0.02469030 0.00859497 0.02212014 -0.00427273 0.00435760 0.01016849 -0.01559361 -0.03199323
449.0  -0.74356473 0.10920954 0.01108660 0.00688624 0.00449159 -0.00130387 -0.00779044 0.00437394 -0.02542547 0.04497806
449.5  -0.97216405 -0.07525259 -0.03799623 -0.01194383 -0.01987044 0.00036887 -0.01372992 -0.01814894 -0.02434988 -0.05160793
450.0  -0.43563683 0.02555440 0.03603903 -0.00085965 -0.01832260 0.00234035 -0.01111111 0.01755772 -0.01389478 0.04858574
450.5  0.44098153 0.04365578 -0.00533574 0.01113514 0.00820402 0.00270237 -0.00224200 -0.01112639 0.00338565 -0.03873484
451.0  0.97259916 -0.09839325 -0.02934538 -0.00583332 0.02453958 0.00181551 0.00605257 -0.00315485 0.01913083 0.02264268
451.5  0.73744039 0.09986496 0.04061831 -0.00737376 0.00806968 0.00049908 0.00973571 0.01777499 0.02701301 -0.00440953
452.0  -0.09252100 -0.06483529 -0.02018669 0.01088907 -0.01691923 0.00074275 0.00608624 -0.01898670 0.02359372 -0.01252967
452.5  -0.85024237 -0.00219042 -0.01664427 0.00028759 -0.01980208 -0.00135194 0.00328035 0.01357781 0.01011634 0.02805027
453.0  -0.91362987 0.07258415 0.04111866 -0.01032468 0.00250889 -0.00208534 -0.00188039 -0.00325813 -0.00786102 -0.03840534
453.5  -0.23269579 -0.10437217 -0.03021216 0.00422878 0.02031453 -0.00103786 -0.00424565 -0.01306810 -0.02331420 0.04474739
454.0  0.63311161 0.08772694 -0.00534554 0.00757542 0.01488386 0.00041620 -0.00349097 0.01802665 -0.02944952 -0.04499314
454.5  0.99077133 -0.02886195 0.03573055 -0.00886020 -0.01075881 0.00260327 -0.00224826 -0.02042394 -0.01784869 0.03976092
455.0  0.57062784 -0.04208650 -0.03692591 -0.00408836 -0.02112578 0.00289429 -0.00007239 0.00841688 -0.00163901 -0.03056510
455.5  -0.28855948 0.09437571 0.00907893 0.00782375 -0.00313974 0.00206310 0.00120457 -0.00678601 0.01468004 0.01562201
456.0  -0.92391986 -0.10427251 0.02668286 -0.00386338 0.01934168 -0.00095429 0.00150439 -0.01784944 0.02588005 0.00175905
456.5  -0.85378802 0.05854181 -0.04170915 -0.00371244 0.01633666 -0.00443773 -0.00008765 -0.01909003 0.02525051 -0.01760667
457.0  -0.12617859 0.00824936 0.02152485 0.00870758 -0.00912272 -0.00420251 -0.00209702 -0.01022641 0.01241607 0.03184082
457.5  0.70433417 -0.07315108 0.01627675 0.00004777 -0.02216019 -0.00095641 0.00006468 -0.00219292 -0.00833959 -0.04127241
458.0  0.98111300 0.10998894 -0.03974168 -0.00812293 -0.00701206 0.00358783 0.00383806 -0.00998315 -0.02611865 0.04509978
458.5  0.47425349 -0.07832351 0.02971206 0.00402551 0.01593720 0.00494780 0.00409438 -0.00573352 -0.03353334 -0.04246115
459.0  -0.41460192 0.01396559 0.00614474 0.00345947 0.01994360 0.00347797 0.00253717 0.00604548 -0.02334199 0.03194790
459.5  -0.96916702 0.05160074 -0.03641090 -0.00845096 -0.00226437 -0.00059654 0.00027763 -0.00143626 -0.00313680 -0.01785348
460.0  -0.75860614 -0.10597467 0.03587846 0.00414878 -0.02185276 -0.00354869 0.00010482 -0.01702496 0.01392638 -0.00207201
460.5  0.03233272 0.09582353 -0.00550356 0.00688239 -0.01209988 -0.00412531 0.00225187 -0.02583592 0.02293558 0.02208238
461.0  0.79649831 -0.04211090 -0.02977708 -0.00848091 0.01228635 -0.00200937 0.00260921 -0.02051331 0.02064414 -0.03562789
461.5  0.95840868 -0.01908292 0.04013286 0.00125638 0.02091921 0.00113572 -0.00087687 -0.00387712 0.01016560 0.04322122
462.0  0.38997578 0.08756919 -0.01743562 0.00890889 0.00118556 0.00182494 -0.01732614 -0.00450097 -0.00321585 -0.04529978
462.5  -0.48436686 -0.10670925 -0.01969946 -0.00670037 -0.02024059 0.00005783 -0.02650156 0.01543008 -0.01275695 0.04388561
463.0  -0.98306270 0.06860105 0.04048506 -0.00487171 -0.01686326 -0.00341214 -0.02287577 -0.01832239 -0.01318903 -0.03476799
463.5  -0.69087508 -0.00818223 -0.02559435 0.00610868 0.00956798 -0.00275730 -0.00549069 0.00218824 -0.01608206 0.02218786
464.0  0.16560719 -0.06627001 -0.01173514 0.00097752 0.02397878 0.00177597 0.01517140 0.00181633 -0.00701156 -0.00747802
464.5  0.88660766 0.10652819 0.03880040 -0.00510228 0.00828625 0.00948904 0.02553469 -0.01023101 0.00336476 -0.00697672
465.0  0.88194589 -0.08476270 -0.03136280 0.00263722 -0.01829920 0.01262119 0.01882147 0.01346919 0.01101540 0.01950895
465.5  0.15653978 0.02544011 -0.00400566 0.00109767 -0.02173967 0.00207626 0.00071803 -0.01229712 0.01573553 -0.03262481
466.0  -0.69476122 0.04911071 0.03570184 -0.00412322 0.00361196 -0.01690083 -0.01062558 0.00433834 0.01592655 0.04270764
466.5  -0.98188025 -0.09983286 -0.03569303 0.00269408 0.02327337 -0.02478053 -0.01076703 0.00655040 0.01108431 -0.04737121
467.0  -0.47383259 0.09738932 0.00348605 0.00549785 0.01549134 -0.01275806 -0.00349538 -0.01213097 0.00346270 0.04832937
467.5  0.42024349 -0.04575257 0.03010111 -0.00509378 -0.01329178 0.01065527 0.00217518 0.01453020 -0.00605047 -0.04271854
468.0  0.97300106 -0.03086364 -0.03893233 -0.00287177 -0.02381228 0.02682103 0.00404220 -0.00953730 -0.01314543 0.03259183
468.5  0.72690773 0.08832210 0.01371217 0.00647904 -0.00334332 0.02090734 0.00262145 -0.00113870 -0.01677174 -0.01844137
469.0  -0.11661590 -0.10353178 0.02382440 -0.00281885 0.01999592 -0.00263619 0.00125548 0.00934447 -0.01513796 0.00193530
469.5  -0.86029451 0.06840197 -0.04070146 -0.00403711 0.01869192 -0.02311819 0.00085094 -0.01556297 -0.00790749 0.01452984
470.0  -0.91310669 0.00398650 0.02363054 0.00538760 -0.00678833 -0.02680248 -0.00040964 0.01281393 0.00125998 -0.02881597
470.5  -0.26201925 -0.06436434 0.01040341 0.00062506 -0.02300336 -0.00772568 -0.00316472 -0.00356796 0.01089725 0.04107073
471.0  0.57619298 0.09989550 -0.03791180 -0.00729703 -0.00676826 0.01693908 -0.00637792 -0.00515540 0.01547486 -0.04788196
471.5  0.98810118 -0.10253116 0.03561715 0.00265314 0.01891978 0.02589007 -0.00502244 0.01740398 0.01104970 0.04656452
472.0  0.69783858 0.05630057 -0.00900939 0.00826565 0.01676727 0.02205346 0.00087037 -0.00684017 0.00441984 -0.03388721
472.5  -0.08669572 -0.00111239 -0.02314372 -0.00666238 -0.01421845 -0.00371906 0.00809543 0.00483199 -0.00531020 0.01752757
473.0  -0.81283018 -0.05520875 0.03941125 0.00152049 -0.02252587 -0.02153644 0.01615493 0.00479737 -0.00729869 0.00408598
473.5  -0.95527380 0.10222386 -0.02819449 0.01037969 0.00016484 -0.02211667 0.01790728 -0.01449059 -0.00395898 -0.02582771
474.0  -0.40076401 -0.10052314 -0.00266603 0.00368700 0.02212318 -0.01129836 0.00346039 0.01235306 -0.00277119 0.04147819
474.5  0.45389595 0.06959113 0.03222200 -0.00667692 0.01135475 0.00417401 -0.01650910 -0.00690413 -0.00215879 -0.04867109
475.0  0.97173688 -0.01685923 -0.03836884 -0.00793542 -0.01535237 0.01286614 -0.02686109 -0.00325397 -0.00149821 0.04685222
475.5  0.75693486 -0.05347195 0.01650278 0.00242615 -0.02123497 0.01069298 -0.01903085 0.01235061 -0.00215907 -0.03591848
476.0  -0.03918911 0.09490589 0.01769600 0.01082250 0.00270464 0.00213549 0.00431046 -0.01356998 -0.00002690 0.01586657
476.5  -0.81135755 -0.10097580 -0.03912305 0.00246722 0.02252987 -0.00701602 0.02534017 0.00970088 0.00239509 0.00397426
477.0  -0.94247220 0.07123418 0.02988308 -0.00922464 0.01195650 -0.00864766 0.02681565 -0.00159338 0.00493617 -0.02311380
477.5  -0.30745580 -0.00224693 0.00253033 -0.00861047 -0.01383251 -0.00346675 0.00778157 -0.00898963 0.00718881 0.03663625
478.0  0.58952840 -0.06606885 -0.03368298 0.00223112 -0.02093897 0.00388630 -0.01677923 0.01454800 0.00605572 -0.04569056
478.5  0.99129028 0.10199186 0.03674508 0.01006088 -0.00214436 0.00817522 -0.02886722 -0.01452047 0.00314999 0.04804715
479.0  0.53573842 -0.09177660 -0.00653101 0.00495938 0.01857838 0.00386164 -0.01967161 0.01037491 -0.00155750 -0.04760976
479.5  -0.38749292 0.03221711 -0.02899511 -0.00504866 0.01606067 -0.00314600 0.00400026 -0.00101213 -0.00567625 0.04110104
480.0  -0.97149221 0.04367435 0.03818208 -0.00812711 -0.00487932 -0.00787591 0.02504180 -0.00906467 -0.00731902 -0.03090477
480.5  -0.72126680 -0.09672818 -0.01363663 -0.00186551 -0.01969694 -0.00473325 0.02789053 0.01471197 -0.00729448 0.02039049
481.0  0.12734358 0.10124174 -0.02297457 0.00709503 -0.01089353 0.00281642 0.01000070 -0.01611017 -0.00387741 -0.00412521
481.5  0.86459048 -0.05645433 0.03940530 0.00645684 0.01099392 0.00629696 -0.01620599 0.01101834 -0.00063518 -0.01123620
482.0  0.90963286 -0.01199907 -0.02192470 -0.00386490 0.01837090 0.00608716 -0.03044447 -0.00047693 0.00299331 -0.02812177
482.5  0.23982876 0.07757615 -0.01558563 -0.00846877 0.00424898 0.00075501 0.02678019 -0.01050971 0.00430513 -0.03750127
483.0  -0.61724438 -0.10645925 0.04007411 -0.00284929 -0.01771505 0.00490750 0.00214156 0.01686429 0.00368402 -0.04423250
483.5  -0.99141829 0.08207769 -0.03014260 0.00355392 -0.01693248 -0.00696098 -0.02915973 -0.01228893 0.00482544 -0.04670635
484.0  -0.58668993 -0.02612417 -0.00433604 0.00865597 0.00124103 0.00444389 0.03565878 -0.00042056 0.00295558 -0.04727584
484.5  0.27321885 -0.04656409 0.03551139 0.01847168 0.00945270 0.00265952 -0.01942536 0.01379456 -0.00351871 -0.03780784
485.0  0.91751494 0.09890918 -0.03738412 0.00760645 0.00999087 -0.00996245 -0.01003044 -0.01177879 -0.00349500 -0.02361505
485.5  0.86691367 -0.09822884 0.00851443 -0.01440627 0.00110169 0.01182487 0.02686563 -0.01132442 -0.00304297 -0.00631949
486.0  0.17431537 0.06198390 0.02701964 -0.01812829 -0.00857001 -0.00436518 -0.02216312 0.02517283 -0.00758184 0.01098014
486.5  -0.64237422 0.00409219 -0.04095269 0.00386734 -0.00817426 -0.01073642 0.01193228 -0.02035528 -0.00056975 0.02828727
487.0  -0.99095372 -0.07424056 0.02197694 0.02036594 0.00115132 0.01957884 0.00567128 0.00304151 0.00125900 0.04104193
487.5  -0.61796943 0.10183045 0.01455315 0.01032501 0.00898933 -0.01228783 -0.02633006 0.01101747 0.00276307 0.04760271
488.0  0.21362791 -0.08872436 -0.03948062 -0.01536434 0.00291737 -0.00573036 0.02943834 -0.01454214 0.00631473 0.04752851
488.5  0.89003163 0.03319854 0.03188066 -0.02050660 -0.00496280 0.01964393 -0.01450946 0.01006772 0.00358069 0.04242561
489.0  0.89228179 0.04523359 0.00282984 0.00143859 -0.00695607 -0.01821259 -0.01081543 -0.00090171 0.00187266 0.03373957
489.5  0.20457703 -0.09496175 -0.03555170 0.01922147 -0.00072478 0.00203538 0.03154090 -0.00549468 0.00034535 0.01771897
490.0  -0.64491866 0.09898007 0.03722572 0.01255986 0.00642647 0.01533609 -0.02932567 0.00579715 -0.00427981 0.00267069
490.5  -0.98996893 -0.05616197 -0.00637528 -0.00875446 0.00566267 -0.02131342 0.00761966 -0.00342186 -0.00372781 -0.01293609
491.0  -0.56737395 -0.01890841 -0.03021854 -0.01997386 0.00409630 0.01574215 0.01732890 0.00021977 -0.00337604 -0.02544635
491.5  0.28925268 0.08110688 0.04024323 -0.00612136 -0.00364091 0.00058771 -0.03417522 -0.00024953 -0.00192671 -0.03557731
492.0  0.92444145 -0.10470385 -0.01683195 0.00813158 -0.01649939 -0.01938195 -0.02259617 -0.00258268 0.00163885 -0.04350605
492.5  0.85034251 0.08024710 -0.02102092 0.01359916 -0.00967249 0.01814801 0.00310767 0.00393797 0.00445978 -0.04598936
493.0  0.10794103 -0.01637191 0.04081229 0.00361504 0.00906840 -0.00320880 0.02772161 -0.00204262 0.00370254 -0.04749544
493.5  -0.73006801 -0.05517998 -0.02563494 -0.01045095 0.01418237 -0.01354338 0.03255340 -0.00008357 -0.00000665 -0.04080605
494.0  -0.96996877 0.10148950 -0.01154787 -0.01046127 0.00175218 0.02022590 0.01618186 0.00441273 -0.00357710 -0.02986370
494.5  -0.38954465 -0.09541186 0.03914972 0.00111979 -0.01278313 -0.01098131 -0.01016612 -0.00749364 -0.00413198 -0.01716908
495.0  0.52302609 0.04368374 -0.03262720 0.01154363 -0.01052175 -0.00591227 -0.03109558 0.00549171 -0.00138594 -0.00013105
495.5  0.98936849 0.02659622 -0.00152260 0.00766169 0.00592689 0.01910425 -0.03338420 -0.00142474 0.00338680 0.01721785
496.0  0.63178725 -0.08712387 0.03354729 -0.00738886 0.01417655 -0.01750981 -0.01574925 -0.00287068 0.00644652 0.03461227
496.5  -0.23449917 0.10505369 -0.03844839 -0.01122461 0.00435452 0.00082718 0.01160915 0.00746624 0.00638298 0.04671432
497.0  -0.90874527 -0.07772857 0.01349803 0.00132085 -0.01153932 0.01467757 0.03263698 -0.00658188 0.00275874 0.05141250
497.5  -0.86839217 0.02251999 0.02115319 0.01155551 -0.01177417 -0.02019934 0.03224798 0.00170338 -0.00198357 0.04837107
498.0  -0.15453790 0.04604748 -0.04021413 0.00724803 0.00326196 0.01101630 0.01356744 0.00157402 -0.00576437 0.03425416
498.5  0.67868791 -0.09485325 0.02730418 -0.00504540 0.01339775 0.00680819 -0.01404790 -0.00635519 -0.00631034 0.01605927
499.0  0.98687036 0.10209373 0.00387080 -0.00790107 0.00631816 -0.01728960 -0.03356793 0.01131949 -0.00349930 -0.00473466
499.5  0.52715738 -0.07318443 -0.03456963 -0.00546823 -0.00850470 0.01730901 -0.03259363 0.00424461 -0.00049450 -0.02460479
500.0  -0.34160669 0.01205170 0.03714816 0.00485713 -0.01731244 -0.00701406 -0.01130471 0.00183469 0.00356111 -0.03773827
500.5  -0.94346535 0.05446772 -0.01135325 0.00683435 -0.00066119 -0.00604796 0.01551772 0.00333709 0.01185601 -0.04649809
501.0  -0.82563658 -0.09501534 -0.02293402 -0.00386864 0.01645049 0.01672145 0.02842457 -0.02423046 0.00763779 -0.04933870
501.5  -0.09596000 0.10312520 0.04006050 -0.00867605 -0.00912105 -0.01899874 0.02723713 0.00847343 0.00730329 -0.04758950
502.0  0.69671926 -0.07321571 -0.02883758 -0.00030233 -0.01262498 -0.00090588 0.00808694 0.00127078 -0.00210078 -0.03456966
502.5  0.98793485 0.01556989 -0.00273899 0.00666340 0.01702301 0.01383422 -0.01971655 -0.01085129 -0.00604129 -0.01525443
503.0  0.57242601 0.04454819 0.03205586 0.00403349 0.00256083 -0.01816715 -0.03699265 0.00852408 -0.00453932 0.00778605
503.5  -0.26476949 -0.09146310 -0.03950143 -0.00737574 -0.01835683 0.00910833 -0.02727385 -0.00822939 -0.00019688 0.02998508
504.0  -0.91372188 0.10472335 0.01785892 -0.00773821 0.00953413 0.00693295 -0.00162767 -0.00008367 0.00288460 0.04532721
504.5  -0.85889887 -0.07437923 0.01810875 0.00304695 0.01171344 -0.01787953 0.02434212 0.00787919 0.00177897 0.05302576
505.0  -0.11445900 0.01309207 -0.03954442 0.00937307 -0.01568988 0.01833738 0.03644676 -0.00592141 -0.00047500 0.05119325
505.5  0.72592945 0.05542327 0.02889442 0.00583286 0.00030248 -0.00426156 0.02620103 0.00662561 -0.00271668 0.04281148
506.0  0.97400274 -0.09891660 0.00227245 -0.00530563 0.01473016 -0.01361466 0.00025624 -0.00331601 -0.00283117 0.02837990
506.5  0.43672196 0.09907212 -0.03456805 -0.00737270 -0.00953762 0.02013142 -0.02611399 -0.00507478 -0.00146469 0.00923248
507.0  -0.44364968 -0.05569428 0.03763574 -0.00028634 -0.00627119 -0.01249021 -0.03665442 0.00666632 -0.00063442 -0.01097996
507.5  -0.97283659 -0.01229872 -0.01080199 0.00555451 0.01387411 -0.00609575 -0.02129873 -0.00645603 0.00098150 -0.02941354
508.0  -0.74614652 0.07433434 -0.02542396 0.00319224 -0.00262620 0.02078554 0.00903174 0.00508464 0.00176579 -0.04190698
508.5  0.05936830 -0.10451676 0.04082537 -0.00625661 -0.01076966 -0.01786120 0.03209349 0.00217628 0.00219996 -0.04946531
509.0  0.82139798 0.08708160 -0.02248663 -0.00657651 0.01072740 -0.00409560 0.03219973 -0.00527860 0.00330324 -0.05134322
509.5  0.93792926 -0.02746185 -0.01431352 0.00323672 0.00323623 0.01719440 0.00577958 0.00573354 0.00285562 -0.04797507
510.0  0.30282248 -0.04512743 0.03975893 0.00806026 -0.01193916 -0.02270136 0.01907079 -0.00680006 0.00171074 -0.03992134
510.5  -0.57988806 0.09635172 -0.03036651 0.00299719 0.00542911 0.01562319 -0.03519519 0.00313028 -0.00028173 -0.02865866
511.0  -0.99132555 -0.09938719 -0.00683276 -0.00333789 0.00904226 0.00259171 0.02980443 0.00167815 -0.00279110 -0.01344706
511.5  -0.60086320 0.05186669 0.03717228 -0.01071473 -0.00824966 -0.02074566 -0.00688017 -0.00275921 -0.00470574 0.00131275
512.0  0.26526648 0.02071563 -0.03511616 0.00054415 0.00152588 0.02409408 -0.01644308 0.01330210 0.00082877 0.01798979
512.5  0.91812027 -0.08248090 0.00285497 0.01034685 0.00958136 -0.01143869 0.01955046 -0.02851146 -0.00361563 0.03231015
513.0  0.86000903 0.10431849 0.03133113 0.00813574 -0.00800589 -0.00812860 -0.00742878 -0.02759442 0.01262525 0.04141946
513.5  0.14000361 -0.07678588 -0.03954002 -0.00554261 -0.00385454 0.01979255 0.01508583 -0.00394111 0.01094583 0.04653688
514.0  -0.69314039 0.01229465 0.01495066 -0.01413741 0.01078624 -0.01640407 -0.01604587 0.01296970 -0.00508284 0.04680326
514.5  -0.98293772 0.05958859 0.02248410 -0.00251532 -0.00419071 0.00524773 0.00426517 0.02248739 -0.01955525 0.04121452
515.0  -0.47702819 -0.10125893 -0.04072178 0.01205296 -0.00799281 0.00320139 0.01067446 0.01902370 -0.02603532 0.02967455
515.5  0.42431072 0.09161277 0.02456553 0.01103335 0.00681937 -0.01165831 -0.02249179 0.00697039 -0.02236884 0.01438759
516.0  0.97427038 -0.03643914 0.01341917 -0.00321439 0.00138866 0.01199061 0.02148839 -0.00607441 -0.01156823 -0.00233336
516.5  0.72601198 -0.03841247 -0.03952791 -0.01264543 -0.00697133 -0.00370185 -0.00391517 -0.02224664 0.00332538 -0.01797529
517.0  -0.10095765 0.09242426 0.03077631 -0.00625105 0.00642343 -0.00762368 0.00597926 -0.02478642 0.01614727 -0.03079963
517.5  -0.84248586 -0.10200441 0.00230793 0.00814390 0.00305502 0.01387801 0.01487999 -0.02156901 0.02270713 -0.04197239
518.0  -0.93098739 0.06655650 -0.03433768 0.01077126 -0.00785576 -0.01317934 -0.01887081 -0.00560952 0.02195136 -0.04795550
518.5  -0.30780290 0.00040929 0.03776272 -0.00201021 0.00125107 0.00077291 0.01591653 0.01090894 0.00774164 -0.04931489
519.0  0.55304512 -0.06650622 -0.01064026 -0.01028310 0.01001695 0.00992879 -0.00154755 0.02399452 0.00829245 -0.04493782
519.5  0.98932898 0.10267047 -0.02462762 -0.00328140 -0.00327118 -0.01482891 -0.01248035 -0.02716386 -0.02048521 -0.03438774
520.0  0.64652420 -0.09175984 0.04060818 0.00669928 -0.00776821 0.01158658 0.01708099 0.01643445 0.02365807 -0.02131889
520.5  -0.21938203 0.03737335 -0.02141071 0.00969844 0.00603961 -0.00336443 -0.01197181 -0.00077464 -0.01766917 -0.00457482
521.0  -0.90992814 0.03510260 -0.01630602 -0.00184969 0.00146425 -0.00830911 0.01124617 -0.01545509 0.00506767 0.01225005
521.5  -0.85489269 -0.09136577 0.03942812 -0.01256520 -0.00692002 0.01867771 -0.00795295 0.02497181 0.01017975 0.02863755
522.0  -0.10487761 0.10338633 -0.02966743 -0.00398715 0.00520118 -0.01535142 0.00004886 -0.02118688 -0.02022942 0.04237521
522.5  0.72362132 -0.06920878 -0.00396618 0.00999025 0.00290435 0.00198619 0.00922291 0.00801565 0.02537738 0.04937550
523.0  0.97866538 0.00764239 0.03423901 0.01081002 -0.00710973 0.01375324 -0.01211631 0.00909445 -0.02147045 0.04908723
523.5  0.48023846 0.05837841 -0.03815894 -0.00348602 0.00046969 -0.02023416 0.00661095 -0.02197977 0.00700064 0.04060954
524.0  -0.38268268 -0.09903534 0.01324608 -0.01145089 0.00805433 0.00971079 0.00055836 0.02071486 0.00841806 0.02435451
524.5  -0.95588517 0.09977128 0.02096740 -0.00306434 -0.00555563 0.00675890 -0.00645423 -0.00930564 -0.02200396 0.00298131
525.0  -0.79294850 -0.06467975 -0.04003897 0.00929202 -0.00485105 -0.01824483 0.01142125 -0.00121300 0.02758635 -0.01972827
525.5  -0.00877792 -0.00023047 0.02899920 0.00982075 0.00794439 0.02167447 -0.01821407 0.00117557 -0.01948901 -0.03641570
526.0  0.78288313 0.06343728 0.00454721 -0.00553201 -0.00147372 -0.01852844 0.01115726 -0.00541619 0.00363173 -0.04866430
526.5  0.95964354 -0.09842419 -0.03459222 -0.01359478 -0.00766151 0.00526033 -0.01236872 -0.00288178 0.01536662 -0.05182074
527.0  0.39741508 0.10059749 0.03856290 -0.00255717 0.00685924 0.01302246 0.01795554 -0.01182873 -0.02213439 -0.04565788
527.5  -0.45762758 -0.06361257 -0.01513604 0.01238087 0.00481083 -0.02495578 0.01726821 0.01447722 0.01749680 -0.02812384
528.0  -0.97012622 0.00229267 -0.01869295 0.01049734 -0.00832835 0.01922856 0.00349048 0.00831657 -0.00609069 -0.00604054
528.5  -0.77496650 0.05449947 0.03968085 -0.00668260 -0.00087490 0.00278890 -0.01378636 -0.00213303 -0.00709858 0.01594156
529.0  -0.01398407 -0.09701040 -0.03265941 -0.01390259 0.00752458 -0.02320353 -0.02002648 -0.00640104 0.02090587 0.03472369
529.5  0.76231573 0.10368807 0.00158619 -0.00146680 -0.00605834 0.02154992 -0.01658262 -0.01454787 -0.01904051 0.04700702
530.0  0.96916260 -0.06641024 0.03161084 0.01297358 -0.00527819 -0.00700048 0.00520214 -0.01037453 0.01208877 0.05105300
530.5  0.41989060 0.00551426 -0.04021220 0.01011126 0.01001361 -0.01342928 0.01913615 -0.00292804 -0.00022911 0.05092507
531.0  -0.47340472 0.06187880 0.01627742 -0.00870289 0.00122152 0.02624056 0.01939384 0.00483481 -0.01143473 0.04004043
531.5  -0.98286959 -0.10323794 0.02054080 -0.01655992 -0.01149708 -0.01556369 0.00801909 0.01129665 0.01895202 0.02493304
532.0  -0.67503817 0.09323866 -0.04123252 -0.00398862 0.00683065 -0.00711491 -0.00905879 0.01249332 -0.01925239 0.00583154
532.5  0.19419062 -0.04099738 0.02619251 0.01402079 0.00488248 0.02364438 -0.02130441 0.00902753 0.01427505 -0.01373468
533.0  0.89902920 -0.03056871 0.01061777 0.01356708 -0.01234194 -0.02039227 -0.01756936 0.00267461 -0.00533687 -0.03163851
533.5  0.87105502 0.08830259 -0.03851893 -0.00461329 0.00403693 -0.00016987 -0.00279920 -0.00589317 -0.00563679 -0.04509631
534.0  0.14475037 -0.10453964 0.03457830 -0.01531106 0.01027744 0.02032456 0.01361491 -0.01199203 0.01414578 -0.05327505
534.5  -0.69824191 0.07246181 -0.00170550 -0.00571542 -0.01054314 -0.02435707 0.02097412 -0.01275487 -0.01863072 -0.05453253
535.0  -0.98049500 -0.00365149 -0.03216734 0.01196915 -0.00142827 0.00850045 0.01371786 -0.00867053 0.01822620 -0.04934473
535.5  -0.45840550 -0.06504615 0.03965354 0.01395384 0.01035524 0.01380050 -0.00241658 -0.00089776 -0.01284641 -0.03847105
536.0  0.44718921 0.10342520 -0.01202432 -0.00445190 -0.00849726 -0.02483668 -0.01665723 0.00624123 0.00464074 -0.02416430
536.5  0.97863446 -0.09149995 -0.02657478 -0.01558185 -0.00441801 0.01785473 -0.01976811 0.01163174 0.00594504 -0.00871591
537.0  0.70704108 0.02917307 0.04098237 -0.00714640 0.01216372 0.00180775 -0.01075849 0.01234367 -0.01333181 0.00685084
537.5  -0.11951944 0.04152793 -0.02086619 0.01259191 -0.00193128 -0.02122159 0.00469830 0.00627033 0.01757734 0.02375150
538.0  -0.84329588 -0.09131239 -0.01642110 0.01496500 -0.01000051 0.02009349 0.02288883 0.00245783 -0.01450884 0.03795034
538.5  -0.93856598 0.10656223 0.04002544 -0.00205901 0.00805375 -0.01713483 0.01556526 -0.00603687 0.00323990 0.04807786
539.0  -0.36126561 -0.06654760 -0.03157483 -0.01703614 0.00434584 -0.01054305 0.01254829 -0.00832646 0.00435683 0.05150694
539.5  0.47345883 0.00101974 -0.00131371 -0.01040544 -0.00635826 0.02884607 0.00371036 -0.00982928 -0.01047356 0.05117490
540.0  0.97260965 0.06123424 0.03453616 0.01003953 0.00135057 -0.02754580 -0.01485261 -0.00822189 0.00671756 0.04332253
540.5  0.76230633 -0.10571899 -0.03881219 0.01514599 0.00336428 0.00642536 -0.01774575 -0.00798610 -0.00619225 0.03003139
541.0  -0.02345000 0.09159966 0.00988992 0.00117189 -0.00462947 0.02160616 -0.01316990 -0.00182309 0.00062325 0.01404251
541.5  -0.79886672 -0.03225494 0.02729207 -0.01350627 -0.00226292 -0.03265020 -0.00067119 0.00908628 0.00276981 -0.00257867
542.0  -0.95136969 -0.03858257 -0.04050510 -0.01040859 0.00691706 0.02122852 0.01555200 0.00963963 -0.00517556 -0.01884390
542.5  -0.35537830 0.09641696 0.01849586 0.00545251 -0.00111727 0.00616968 0.01959450 0.00769629 0.00711356 -0.03261773
543.0  0.51327386 -0.10181359 0.01980910 0.01491090 -0.00660438 -0.02954939 0.01097469 0.00293327 -0.00478228 -0.04321336
543.5  0.98371100 0.05517545 -0.04104803 0.00421692 0.00480003 0.02977632 -0.00481821 -0.00617574 0.00141818 -0.04952152
544.0  0.71376357 0.01111962 0.02829532 -0.01195630 0.00292537 -0.00626636 -0.01943727 -0.00775013 0.00181306 -0.04819461
544.5  -0.08513342 -0.07580388 0.00709240 -0.01380394 -0.00638016 -0.02126125 -0.02050355 -0.00504341 -0.00611209 -0.04096259
545.0  -0.82413758 0.10548182 -0.03696623 0.00405235 0.00167436 0.03330116 -0.00667181 -0.00256180 0.00494449 -0.02819082
545.5  -0.94084058 -0.08490571 0.03689178 0.01668084 0.00534643 -0.02041966 0.01129832 0.00260655 -0.00371007 -0.01224894
546.0  -0.31316873 0.02600335 -0.00496749 0.00656970 -0.00714165 -0.00938441 0.02231240 0.00248682 0.00140159 0.00348255
546.5  0.57829659 0.04700641 -0.03123840 -0.01366424 -0.00034390 0.02927381 0.02028224 0.00049492 0.00105691 0.02039108
547.0  0.99143372 -0.09589693 0.04029061 -0.01455301 0.01026651 -0.03198273 -0.00168218 0.00143684 -0.00084852 0.03426472
547.5  0.57280447 0.10017303 -0.01473101 0.00341912 -0.00397172 0.01889283 -0.00924546 0.00154873 0.00171547 0.04349302
548.0  -0.31619689 -0.05599368 -0.02320208 0.01866374 -0.00982187 0.01495637 -0.02298118 0.00215441 -0.00244814 0.04802275
548.5  -0.94179904 -0.01386486 0.04169820 0.00700418 0.00858020 -0.03079500 -0.01948435 0.00129736 0.00469437 0.04645218
549.0  -0.81747525 0.07107163 -0.02690983 -0.01400697 0.00399598 0.02686331 -0.00057640 0.00191566 -0.00465346 0.03563770
549.5  -0.05313771 -0.10435550 -0.00879825 -0.01464132 -0.01020836 -0.00385548 0.01699464 -0.00056919 0.00279913 0.02239160
550.0  0.75326899 0.09333766 0.03778248 0.00578389 0.00210588 -0.02312387 0.02355016 -0.00208914 -0.00021535 0.00354790
550.5  0.96802363 -0.03672602 -0.03676044 0.01872223 0.00863083 0.03322868 0.01434190 -0.00266561 -0.00356085 -0.01627041
551.0  0.39990427 -0.02592515 0.00727196 0.00457815 -0.00660017 -0.01766694 -0.00351269 -0.00262986 0.00476651 -0.03305743
551.5  -0.50505117 0.08344392 0.02838247 -0.01513083 -0.00385236 -0.00956265 -0.01929431 -0.00005675 -0.00508812 -0.04502419
552.0  -0.98772219 -0.10864710 -0.04159580 -0.01451350 0.00896203 0.03007718 -0.02333571 0.00271558 0.00401180 -0.04871380
552.5  -0.63491499 0.07324846 0.01986525 0.00505191 -0.00214420 -0.03040100 -0.01260741 0.00353675 -0.00048040 -0.04413635
553.0  0.24808437 -0.01481833 0.01702740 0.01831498 -0.00694002 0.00760125 0.00548264 0.00368382 -0.00214851 -0.03302914
553.5  0.91831950 -0.04712086 -0.04056432 0.00624531 0.00662858 0.02068572 0.02073719 0.00091678 0.00428376 -0.01602263
554.0  0.85929426 0.09937637 0.03318763 -0.01499631 0.00310623 -0.03261333 0.02281752 -0.00442961 -0.00607088 0.00546915
554.5  0.16021315 -0.10118160 -0.00219851 -0.01500412 -0.00858930 0.02149586 0.00798770 -0.00521751 0.00287318 0.02449580
555.0  -0.64683747 0.07074531 -0.02992945 0.00847353 0.00120750 0.00721359 -0.01136711 -0.00289150 0.00017804 0.03985424
555.5  -0.99137062 -0.02190690 0.04199739 0.01871796 0.00749474 -0.03109300 -0.02183722 0.00261998 -0.00158192 0.04754109
556.0  -0.63216195 -0.04691493 -0.02431016 0.00168083 -0.00512695 0.02884913 -0.01611927 0.01260067 0.00652769 0.04293835
556.5  0.19068039 0.09175358 -0.01004033 -0.02008443 -0.00614398 -0.01211661 -0.00123985 0.00566050 -0.00236493 0.02993215
557.0  0.88099849 -0.10102423 0.03736916 -0.01298137 0.00823954 0.01849318 0.00978384 -0.00533743 -0.00088555 0.01375641
557.5  0.89958529 0.07438013 -0.03690720 0.01285405 -0.00094164 0.03150673 0.01259546 -0.01923759 -0.00365388 -0.00394102
558.0  0.22005769 -0.00856444 0.00694010 0.01668904 0.01141155 0.02110216 0.01521946 -0.01929000 -0.00750525 -0.02021555
558.5  -0.62880707 -0.05908387 0.02815272 -0.00330671 0.00440864 0.00015362 0.00213730 -0.00869054 0.00451350 -0.03396291
559.0  -0.99123274 -0.09961852 -0.04129094 -0.01887744 -0.00984666 0.00163691 -0.02537705 0.00555989 -0.00274177 -0.04289458
559.5  -0.59707292 -0.09613536 0.02185327 -0.00814062 -0.01222100 0.01097842 -0.03378700 0.01492977 0.00187193 -0.04719706
560.0  0.25206873 -0.04902309 0.01524009 0.01366705 0.00031299 0.00862348 -0.01673931 0.01734070 0.00289943 -0.04459448
560.5  0.91155296 0.02427417 -0.03972624 0.01638910 0.01295208 -0.00408886 0.01173089 0.01239341 -0.00414611 -0.03704073
561.0  0.86089512 0.08993413 0.03114552 -0.00147744 0.01012432 -0.01586900 0.03063959 0.00194534 0.00483020 -0.02622475
561.5  0.11460565 0.10892808 0.00534659 -0.01890923 -0.00316073 -0.01580063 0.02653323 -0.00890889 -0.00386854 -0.01402980
562.0  -0.73457012 0.06182186 -0.03691704 -0.01275504 -0.01217679 -0.00329379 0.00315457 -0.01699772 0.00235339 -0.00083084
562.5  -0.96515169 -0.02857743 0.03414782 0.00692694 -0.00777613 0.01323423 -0.02228810 -0.01865141 -0.00060334 0.01166168
563.0  -0.36593391 -0.10237933 0.00006080 0.01667161 0.00647071 0.02126239 -0.03068557 -0.01216006 -0.00220762 0.02138907
563.5  0.54474631 -0.10651722 -0.03445732 0.00714368 0.01127764 0.01297509 -0.01644301 -0.00097280 0.00410578 0.03170387
564.0  0.98981812 -0.03912462 0.03675692 -0.01087148 0.00286840 -0.00687605 0.00923558 0.01093202 -0.00487968 0.03955473
564.5  0.62491963 0.04995593 -0.00597723 -0.01452929 -0.00963603 -0.02453139 0.02598529 0.01793995 0.00515854 0.04442263
565.0  -0.22412951 0.10113135 -0.02975129 0.00130561 -0.00983267 -0.02792847 0.01875058 0.01464348 -0.00185315 0.04503742
565.5  -0.89476450 0.08680959 0.04044234 0.01382620 0.00365239 -0.00663160 -0.00089815 0.00466128 -0.00129357 0.04160585
566.0  -0.89637026 0.02401057 -0.01651207 0.00774814 0.01150303 0.02532757 0.00500251 -0.00596338 0.00361206 -0.03348141
566.5  -0.22871023 -0.04390655 -0.02036361 -0.00901425 0.00330432 0.03767403 0.01383684 -0.01212307 -0.00524860 0.02040968
567.0  0.61906752 -0.07567373 0.04034002 -0.01100631 -0.01294548 0.02518478 0.01306714 -0.01145951 0.00359625 -0.00707861
567.5  0.99460622 -0.05758387 -0.02625279 0.00247346 -0.00714945 -0.00257665 0.00408035 -0.00649230 0.00315433 -0.00629949
568.0  0.58663274 -0.00955426 -0.01092244 -0.01462893 0.00575902 -0.02830701 -0.00769847 0.00687627 0.00258349 0.02061002
568.5  -0.28907545 0.03216746 0.03670115 0.00664489 0.01202338 -0.03643028 -0.01583582 0.01337208 -0.00291481 -0.03268919
569.0  -0.93401699 0.04341184 -0.03071647 0.00942939 0.00194761 -0.02179954 -0.01528437 0.01362609 0.00560340 0.04090327
569.5  -0.84465490 0.02783045 -0.00088188 -0.01308385 -0.01113041 0.00211469 0.00131169 0.00913450 -0.00441533 -0.04479312
570.0  -0.10099511 0.00430309 0.03181407 -0.00182664 -0.00822197 0.02283320 0.02170833 0.00115216 0.00123969 0.04290807
570.5  0.72013007 -0.01180606 -0.03620347 0.01465734 0.00634658 0.02751212 0.02993327 -0.00764728 0.00164227 -0.03388409
571.0  0.98571833 -0.01682962 0.01073980 -0.00803879 0.01209628 0.01467881 0.02043897 -0.01186539 -0.00534992 0.02076123
571.5  0.47819458 -0.01459585 0.02461972 -0.00926865 0.00178198 -0.00805680 -0.00009514 -0.01036901 0.00585905 -0.00716187
572.0  -0.41712345 -0.00832151 -0.03905677 0.01383902 -0.01147971 -0.02538517 -0.01973269 -0.00551796 -0.00465649 -0.01301878
572.5  -0.97780588 0.00146935 0.01914266 -0.00091760 -0.01047909 -0.02524545 -0.02882451 -0.00782360 0.00219128 0.03075957
573.0  -0.72487863 0.01179478 0.01691762 -0.01365313 0.00235455 -0.00947669 -0.02314791 -0.01007010 0.00229353 -0.04245684
573.5  0.13926659 0.01442458 -0.03825920 0.00855899 0.01486972 0.01160687 -0.01167969 0.00355050 -0.00454771 0.05043235
574.0  0.88368681 0.00393678 0.02615601 0.00800650 0.00901389 0.02424357 0.00363425 0.01929618 0.00558594 -0.05087466
574.5  0.89378665 -0.01325945 0.00855361 -0.01301877 -0.00949198 0.02147173 0.01623105 0.02656972 -0.00490473 0.04479506
575.0  0.18662887 -0.02246449 -0.03492670 0.00040388 -0.01462331 0.00545848 0.02235563 0.01886956 0.00129929 -0.03307560
575.5  -0.65791945 -0.01156227 0.03461895 0.01511999 -0.00094768 -0.01303513 0.01511782 0.00071418 0.00227145 0.01359454
576.0  -0.99490402 0.01538224 -0.00751543 -0.00882101 0.01422563 -0.02183841 -0.00001229 -0.01818714 -0.00436489 0.00914276
576.5  -0.58065342 0.03777796 -0.02484374 -0.01026868 0.00954674 -0.01771683 -0.01603345 -0.02601352 0.00550756 -0.02922818
577.0  0.27528048 0.03478825 0.03866184 0.01246997 -0.01016617 -0.00431771 -0.02350704 -0.02024245 -0.00237815 0.04514455
577.5  0.92458796 0.00189806 -0.02444263 0.00307787 -0.01581554 0.01002989 -0.01867948 -0.00595798 -0.00395644 -0.05240960
578.0  0.85430278 -0.04074961 -0.00836321 -0.01442026 0.00044926 0.02067072 -0.00681169 -0.00971101 0.00807644 0.04989091
578.5  0.11042492 -0.06084910 0.03439079 0.00422362 0.01542000 0.02039897 0.00632436 0.02237148 -0.00603499 -0.03977124
579.0  -0.71791974 -0.03969262 -0.03493769 0.01282035 0.00826522 0.01309549 0.02609588 -0.01248000 0.00550147 0.02141149
579.5  -0.98405244 0.01103032 0.01037696 -0.01079396 -0.00911666 -0.00162211 0.01773373 -0.01708284 0.00320480 0.00218231
580.0  -0.49676696 0.05734241 0.02190910 -0.00758847 -0.01269852 -0.01322181 0.01936043 -0.00390950 -0.00464959 -0.02518336
580.5  0.36326283 0.06797445 -0.03862828 0.01292874 0.00383028 -0.01881528 0.01851846 0.01320215 0.00733795 0.04121484
581.0  0.95004275 0.03592257 0.02777987 -0.00088070 0.01296255 -0.01786576 0.01106907 0.02126203 -0.00927284 -0.04900297
581.5  0.82109330 -0.01697238 0.00409770 -0.01129875 0.00422153 -0.00842089 -0.00376212 0.02320843 0.00294568 0.04832070
582.0  0.06221759 -0.05621416 -0.03244818 0.00670087 -0.01510809 0.00649050 -0.01740200 0.01838351 0.00356394 -0.03698272
582.5  -0.75151417 -0.05720315 0.03603920 0.00616595 -0.01038081 0.01913816 -0.02322868 0.00651499 -0.00837686 0.01906238
583.0  -0.97269732 -0.02280600 -0.01155279 -0.01143904 0.00830253 0.01938152 -0.01700920 -0.00934699 0.00940370 0.00069185
583.5  -0.40842210 0.02120243 -0.02329624 0.00209739 0.01347534 0.00391867 -0.00432333 -0.02184554 -0.00668292 -0.02075030
584.0  0.48861364 0.04657729 0.03860902 0.01146709 0.00249597 -0.01722715 0.00607382 -0.02380292 0.00050982 0.03791009
584.5  0.98772595 0.04241078 -0.02144590 -0.00933167 -0.01027545 -0.02683850 0.01131843 -0.01428936 0.00652321 -0.04922697
585.0  0.69847121 0.01696822 -0.01342860 -0.00611084 -0.01013899 -0.01619167 0.01626648 0.00146331 -0.00790759 0.05363804
585.5  -0.13024627 -0.01456356 0.03660101 0.01170421 0.00333020 0.00908851 0.01497944 0.01046207 0.01409628 -0.05129832
586.0  -0.85347227 -0.03933785 -0.02965280 -0.00149041 0.01221129 0.02672829 0.01022330 0.01783900 -0.00865191 0.04071178
586.5  -0.93416633 -0.04767158 -0.00133747 -0.00837929 0.00593999 0.02436711 0.00047423 0.01861578 0.00217945 -0.02301722
587.0  -0.31101536 -0.03311875 0.03134623 0.00787857 -0.01012445 0.00753608 -0.01228881 0.00980862 0.01004812 0.00559198
587.5  0.55642720 0.00398388 -0.03559290 0.00187193 -0.01221013 -0.00984671 -0.02285152 -0.00437060 0.01396128 0.01305606
588.0  0.99350138 0.04817328 0.00956618 -0.01145395 0.00252203 -0.01771113 -0.02265017 -0.01705125 0.01359872 -0.02943852
588.5  0.63080583 0.07028568 0.02470433 0.00662697 0.01267939 -0.01428103 -0.00808835 -0.02163666 0.00885182 0.04240021
589.0  -0.24740130 0.04726596 -0.03799025 0.00733267 0.00911561 -0.00464854 0.01401547 -0.01814360 0.00231720 -0.05081655
589.5  -0.91998352 -0.01529651 0.01778354 -0.01126836 -0.00440639 0.00633127 0.02844062 -0.00756269 -0.00505895 0.05385006
590.0  -0.85380829 -0.07787721 0.01775570 0.00133266 -0.01397666 0.01128956 0.02472363 0.00463997 -0.01079634 -0.05054484
590.5  -0.12545504 -0.09517720 -0.03766094 0.01018216 -0.00752573 0.00880029 0.00343077 0.01581252 -0.01439530 0.04068115
591.0  0.69196856 -0.04926550 0.02644045 -0.00839508 0.00777854 0.00137825 -0.02129919 0.01927524 -0.01495335 -0.02592612
591.5  0.98605870 0.03522610 0.00673862 -0.00518771 0.01343873 -0.00538776 -0.03093874 0.01539967 -0.01195896 0.00815980
592.0  0.54000902 0.10394033 -0.03416553 0.01093117 0.00254656 -0.00829795 -0.01839161 0.00543309 -0.00480059 0.01306737
592.5  -0.31647031 0.10721646 0.03353255 -0.00246558 -0.00860344 -0.00687704 0.00705913 -0.00740209 0.00526658 -0.02999817
593.0  -0.93415439 0.03749986 -0.00443377 -0.00928579 -0.00844557 -0.00321004 0.02632769 -0.01680401 0.01556093 0.04329482
593.5  -0.82842336 -0.06014956 -0.02934029 0.00885054 0.00113199 0.00123983 0.02691172 -0.01866822 0.02209826 -0.05415743
594.0  -0.07416922 -0.11788119 0.03661240 0.00231005 0.00915652 0.00568913 0.00996498 -0.01106923 0.01931977 0.05664871
594.5  0.73683610 -0.09614742 -0.01167966 -0.00880970 0.00696422 0.00806421 -0.01239053 0.00262591 0.00626305 -0.05396651
595.0  0.97430561 -0.01330232 -0.02283297 0.00460975 -0.00701882 0.00849930 -0.02484660 0.01126264 -0.01207243 0.04510946
595.5  0.47140096 0.07323551 0.03798531 0.00495784 -0.01016711 0.00602384 0.01856528 0.01167974 -0.02853845 -0.02939002
596.0  -0.37802328 0.11162078 -0.02163065 -0.00834266 -0.00145571 -0.00070542 -0.00416662 -0.00418768 -0.02818506 0.01073438
596.5  -0.94767368 0.08588235 -0.01216904 -0.00003835 0.00860956 -0.00889501 -0.00915966 -0.01299184 -0.01119981 0.00873834
597.0  -0.82388875 0.01704212 0.03647132 0.01032131 0.00754821 -0.01402262 0.01821239 0.00440052 0.01002295 -0.02745286
597.5  -0.08185278 -0.05651068 -0.03075454 -0.00266445 -0.00438070 -0.00679848 -0.01955966 0.01509950 0.01913204 0.03982287
598.0  0.73565116 -0.09882517 -0.00067906 -0.00712162 -0.00992149 0.00022567 0.00303838 0.02474185 0.01990630 -0.04787073
598.5  0.97128865 -0.09030200 0.03168114 0.00676017 -0.00320536 0.00843677 0.01110679 0.02104178 0.01296817 0.04917875
599.0  0.39579879 -0.03405911 -0.03543863 0.00048293 0.00955718 0.01397460 -0.01931158 0.00756648 0.00341410 -0.04573672
599.5  -0.52004946 0.04339253 0.00745797 -0.00913770 0.00856469 0.00823375 0.01835971 -0.00866794 -0.00585944 0.03610447
600.0  -0.98908532 0.10287007 0.02686252 0.00478279 -0.00417030 -0.00080725 -0.00477677 -0.02327980 -0.01191322 -0.02170685
600.5  -0.62215684 0.11173484 -0.03771588 0.00669219 -0.01134984 -0.01022007 -0.01179702 -0.02897130 -0.01396344 0.00298180
601.0  0.25380788 0.05974376 0.01740160 -0.00699867 -0.00353489 -0.01370450 0.01913223 -0.02291834 -0.01221077 0.01601598
601.5  0.91745634 -0.03138466 0.01703657 -0.00242295 0.00919992 -0.00434048 -0.01538680 -0.00730799 -0.00729264 -0.03351879
602.0  0.84390330 -0.11508605 -0.03734693 0.00873299 0.00903198 0.00736208 0.00055745 0.01207100 -0.00165828 0.04624753
602.5  0.09554984 -0.14241467 0.02846818 -0.00178571 -0.00411335 0.01373011 0.01685077 0.02670428 0.00329197 -0.05029936
603.0  -0.73128866 -0.09097961 0.00282886 -0.00548932 -0.01202476 0.00955135 -0.01944276 0.03025337 0.00672186 0.04705242
603.5  -0.96576288 0.01436464 -0.03249039 0.00657069 -0.00320510 -0.00416492 0.00784748 0.02204676 0.00807762 -0.03631975
604.0  -0.40854826 0.11252372 0.03537273 -0.00086932 0.01031595 -0.01459045 0.00753104 0.00552978 0.00836247 0.02020379
604.5  0.48407439 0.14494219 -0.01002223 -0.00880886 0.01148702 -0.01273950 -0.02075711 -0.01255219 0.00825439 -0.00252663
605.0  0.97970852 0.09687549 -0.02211970 0.00413642 -0.00391752 -0.00352895 0.01647786 -0.02600431 0.00881115 -0.01535296
605.5  0.69179382 0.00554791 0.03875100 0.00683024 -0.01418968 0.00918319 0.00198525 -0.02950974 0.00769925 0.03118427
606.0  -0.12696395 -0.07435915 -0.02743572 -0.00747283 -0.00462366 0.01609837 -0.01365685 -0.02146698 0.00419283 0.04557140
606.5  -0.84213087 -0.10620385 -0.00423971 -0.00137017 0.01164033 0.00614652 0.02084031 -0.00533182 -0.00205318 0.05169028
607.0  -0.94214142 -0.08782982 0.03294647 0.00958903 0.01125885 -0.00084871 -0.00773705 0.01250633 -0.01341002 0.04968391
607.5  -0.37082512 -0.04147390 -0.03740893 -0.00300657 -0.00691611 -0.00621410 -0.01105882 0.02362979 -0.02147197 0.03650483
608.0  0.46980087 0.00666191 0.01665187 -0.00805006 -0.01680183 -0.00571579 0.02040290 0.02148746 -0.02153481 0.01386235
608.5  0.97692920 0.04057305 0.01586591 0.00647492 -0.00170296 0.00074607 -0.01324614 0.00927793 -0.01492751 -0.00978571
609.0  0.74977296 0.05551184 -0.03809825 0.00462043 0.01615212 0.00270152 0.00003474 -0.00777723 0.00063051 -0.03132027
609.5  -0.06939419 0.05340580 0.03056898 -0.00947972 0.01212873 -0.00080811 0.01230292 -0.01872710 0.01689761 -0.04698402
610.0  -0.83885828 0.03540950 0.00149958 0.00033247 -0.00911638 -0.00502371 -0.02192135 -0.01488012 0.02668257 -0.05392435
610.5  -0.92910234 0.00343527 -0.03218256 0.00877053 -0.01853088 -0.00283413 0.01200870 -0.00442907 0.02964847 -0.05190349
611.0  -0.26768321 -0.03235210 0.03704574 -0.00611902 -0.00515704 0.00479404 0.00014055 0.00770638 0.01807027 -0.04192954
611.5  0.60612288 -0.05455153 -0.01241150 -0.00498537 0.01387539 0.01051032 -0.01596983 0.00908445 -0.00178553 -0.02680105
612.0  0.99510208 -0.04958190 -0.02223746 0.01054399 0.01452025 0.00850952 0.02118794 0.00306093 -0.01919491 -0.00861616
612.5  0.59170676 -0.01780613 0.03969511 -0.00191369 -0.00431284 -0.00351084 -0.01008638 -0.00831841 -0.03080301 0.00927836
613.0  -0.28791965 0.02042424 -0.02340384 -0.01015062 -0.01689098 -0.01408685 -0.00191342 -0.01129457 -0.02746130 0.02644658
613.5  -0.93871148 0.04029977 -0.01374896 0.00696617 -0.01099825 -0.01416213 0.01779883 -0.00508734 -0.01379688 0.04025750
614.0  -0.81990940 0.03311213 0.03886354 0.00481202 0.00932579 -0.00271423 -0.02047506 0.00330260 0.00162145 0.04930119
614.5  -0.01690103 0.01305748 -0.02936079 -0.01150169 0.01571717 0.01096978 0.00874782 0.01353167 0.01652732 0.05510603
615.0  0.80144844 0.00052298 -0.00783669 0.00706579 0.00451402 0.01693514 0.00719794 0.01842054 0.02365100 0.05398613
615.5  0.94851091 -0.00025488 0.03796317 0.00580758 -0.01099599 0.01014621 -0.02124424 0.01511850 0.02193149 0.04754242
616.0  0.31298775 -0.00378530 -0.03318120 -0.01171332 -0.01520137 -0.00804095 0.01660716 0.00585037 0.01431721 0.03623977
616.5  -0.56917316 -0.02284153 -0.00163107 0.00316553 -0.00068605 -0.01753173 0.00004284 -0.00817881 0.00316958 0.02458658
617.0  -0.99471285 -0.04872071 0.03455512 0.00988297 0.01437767 -0.01956890 0.01211639 -0.02112750 -0.00685872 -0.00808149
617.5  -0.65098789 -0.05467125 -0.03790095 -0.00940706 0.01196055 -0.00900653 0.02022023 -0.02538917 -0.01351052 -0.00292372
618.0  0.18521507 -0.02078823 0.01008007 -0.00550203 -0.00556910 0.01007848 0.01503666 -0.01872874 -0.01616429 0.02010848
618.5  0.88032851 0.04444369 0.02601073 0.01279173 -0.01606369 0.02245596 0.00067553 -0.00370052 -0.01436096 -0.03318369
619.0  0.90096691 0.10097023 -0.04109637 -0.00281993 -0.00629415 0.01926346 -0.01271030 0.01369753 -0.00978756 0.04174700
619.5  0.21844341 0.10212327 0.02088919 -0.01153739 0.01096221 0.00169340 -0.01746556 0.02516023 -0.00322388 -0.04777676
620.0  -0.63659080 0.03348840 0.01707637 0.01166308 0.01421033 -0.01586956 -0.01203299 0.02662956 0.00374771 0.04596694
620.5  -0.98677612 -0.06747159 -0.04011931 0.00378472 -0.00052145 -0.02325881 -0.00063066 0.01692378 0.01029276 -0.03922152
621.0  -0.56851372 -0.13516584 0.02947019 -0.01465222 -0.01424404 -0.01513618 0.00991789 -0.00016401 0.01417224 0.03016378
621.5  0.27522571 -0.12430626 0.00531527 0.00465184 -0.01054045 0.00206932 0.01453468 -0.01864901 0.01472157 -0.01392039
622.0  0.90713610 -0.04122769 -0.03566695 0.01014367 0.00689585 0.01628982 0.01042254 -0.02929393 0.01075158 -0.00330904
622.5  0.87716144 0.06527330 0.03768043 -0.01062127 0.01518443 0.01895391 0.00139899 -0.02563379 0.00255654 0.02116096
623.0  0.21545253 0.13674290 -0.00890621 -0.00595952 0.00333774 0.01035112 -0.00669901 -0.00869074 -0.00748776 -0.03588045
623.5  -0.60475885 0.13691985 -0.02721917 0.01125757 -0.01109739 0.00091317 -0.01118297 0.01505764 -0.01593064 0.04518030
624.0  -0.98600773 0.06767990 0.04082338 -0.00071619 -0.01181234 -0.00772583 -0.01059487 0.03145449 -0.01946896 -0.04871415
624.5  -0.63017696 -0.03459920 -0.02136943 -0.01011018 0.00128276 -0.01133584 -0.00223059 0.03098071 -0.01655147 0.04645377
625.0  0.21157542 -0.11967783 -0.01692093 0.00659975 0.01646880 -0.00948483 0.00494871 0.01369486 -0.00522839 -0.03982393
625.5  0.89284699 -0.14715001 0.04215256 0.00961277 0.00608239 -0.00020393 0.00267832 -0.00480573 0.01404185 0.02800782
626.0  0.87206294 -0.10432354 -0.03056819 -0.01269105 0.01131189 0.00943429 -0.00780184 -0.00890542 0.03239542 -0.01137840
626.5  0.16137207 -0.00938517 -0.00724053 -0.00045569 -0.01823937 0.01254701 -0.01585808 -0.00481934 0.03629605 -0.00505679
627.0  -0.67462221 0.09775026 0.03886390 0.01292344 -0.00372767 0.00622083 -0.01279540 -0.00305523 0.02504191 0.02111009
627.5  -0.97612480 0.16865092 -0.03730113 -0.00736808 0.01987423 -0.00577362 0.00180351 -0.00254533 0.00594158 -0.03539790
628.0  -0.50528564 0.16429393 0.00675064 -0.00923600 -0.00848970 -0.01219879 0.01906386 -0.00386670 -0.01343279 0.04255836
628.5  0.37184883 0.07665925 0.02904899 0.01289973 -0.01106277 -0.01026399 0.02610469 -0.00321733 -0.02606601 -0.04594956
629.0  0.94948352 -0.06126675 -0.04297585 0.00310338 0.01686206 -0.00055232 0.01744881 -0.00363625 -0.03054329 0.04170206
629.5  0.72985087 -0.17925825 0.01983693 -0.01356315 -0.00000489 0.00856343 -0.00217690 -0.00243336 -0.02687926 -0.03118061
630.0  -0.12420935 -0.20610492 0.01772302 0.00424246 -0.01638706 0.01154403 -0.02123559 -0.00076069 -0.01755279 0.01486769
630.5  -0.87078388 -0.11974940 -0.04215334 0.01009720 0.01243654 0.00696746 -0.02873413 0.00221943 -0.00389726 0.00116124
631.0  -0.85067705 0.03098510 0.03224750 -0.01045674 0.00705669 -0.00210829 -0.02111521 0.00605094 0.01079914 -0.01677661
631.5  -0.09989853 0.15929013 0.00431693 -0.00623602 -0.01627412 -0.00959571 -0.00280029 0.00895301 0.02309171 0.03006733
632.0  0.72575246 0.20089494 -0.03700545 0.01370384 0.00079497 -0.01133926 0.01600299 0.00934209 0.02966558 -0.03857960
632.5  0.96078436 0.14782137 0.04072186 0.00154727 0.01444260 -0.00759309 0.02519840 0.00486704 0.02560325 0.04181707
633.0  0.44600902 0.03839504 -0.01333150 -0.01598573 -0.00622692 -0.00187326 0.01891803 -0.00475830 0.01231439 -0.03990168
633.5  -0.40827795 -0.07370473 -0.02395309 0.00437790 -0.00937265 0.00580205 0.00752996 -0.01486015 -0.00587912 0.03044609
634.0  -0.95474901 -0.14473135 0.04335697 0.01650883 0.00998553 0.01886722 0.00405544 -0.02075608 -0.02001231 -0.01700853
634.5  -0.77909567 -0.15348956 -0.03020146 -0.01266135 0.00546094 0.02138847 -0.00182147 -0.01715050 -0.02446396 0.00202883
635.0  -0.00855708 -0.10367192 -0.00702365 -0.01144936 -0.01175087 0.01004156 0.00017078 0.00034542 -0.02110164 0.01260298
635.5  0.77068566 -0.01779969 0.03831577 0.01931749 -0.00061897 -0.00910039 -0.00561824 -0.01602432 -0.00038352 -0.02636178
636.0  0.96111564 0.07178254 -0.03925297 0.00170282 0.01181218 -0.01861726 0.00234598 0.02096487 0.01678813 0.03601315
636.5  0.42409852 0.13098511 0.00997487 -0.02187460 0.00166350 -0.01490487 0.00779686 -0.01015388 0.02907472 -0.03730053
637.0  -0.42438056 0.13547537 0.02725458 0.00599582 -0.01296249 -0.00070708 0.00455290 -0.00382636 0.02559616 0.03640675
637.5  -0.95695034 0.08198633 -0.04352046 0.01531315 -0.00211222 0.01369809 -0.00199516 0.01762233 0.00944226 -0.02944501
638.0  -0.80187284 -0.00717271 0.02718164 -0.01210250 0.01589495 0.01905321 -0.00850874 -0.01878417 -0.01090650 0.01833188
638.5  -0.07797591 -0.09326104 0.01052532 -0.00762529 -0.00635151 0.01031173 -0.00799975 0.01147000 -0.02486711 -0.00240839
639.0  0.70598804 -0.13491372 -0.04315607 0.01337009 -0.01303061 -0.00583652 -0.00578723 0.00730370 -0.02718194 -0.01431329
639.5  0.98156136 -0.11249961 0.04053005 0.00030679 0.01537995 -0.01798820 -0.00183717 -0.01718980 -0.01817189 0.02847066
640.0  0.51428713 -0.03637471 -0.00652731 -0.01212374 0.00225194 -0.01808832 -0.00442271 0.01827023 0.00263633 -0.03695947
640.5  -0.36605542 0.05238309 -0.03268992 0.00832539 -0.01756656 -0.00667503 -0.00232566 -0.01171370 0.01933859 0.03900685
641.0  -0.95853078 0.10455899 0.04466471 0.00799823 0.01155955 0.00967786 -0.00089050 -0.00105834 0.02810900 -0.03704697
641.5  -0.76952100 0.09866232 -0.01718478 -0.01470582 0.00910889 0.01910136 0.00088089 0.01447451 0.02536864 0.03166754
642.0  0.04245293 0.05035342 -0.02486421 0.00244471 -0.01683079 0.01556157 0.00148930 -0.01749208 0.01484786 -0.02099920
642.5  0.81564530 -0.00760677 0.04515987 0.01306516 0.00307462 0.00097620 0.00000199 0.01095188 -0.01479748 0.00965289
643.0  0.94867832 -0.05068880 -0.02711303 -0.00413110 0.01708966 -0.01536154 -0.00309024 -0.00096508 -0.02431697 0.00162412
643.5  0.35221957 -0.07244819 -0.01380703 -0.01274700 -0.00892489 -0.01956742 -0.00626313 -0.01539657 -0.02617159 -0.01586039
644.0  -0.51576391 -0.07448040 0.04312493 0.00550706 -0.01085197 -0.00812445 -0.00508140 0.02226246 -0.01816618 0.02405690
644.5  -0.98797219 -0.05500813 -0.03540094 0.00849073 0.01587207 0.00597382 0.00429323 -0.01920504 -0.00276895 -0.03054199
645.0  -0.68122222 -0.01063101 -0.00438905 -0.01113967 -0.00184297 0.01168827 0.01536694 0.00733788 0.01339294 0.03378718
645.5  0.17856084 0.05081641 0.03999151 -0.00151786 -0.01666599 0.00695662 0.01607517 0.00745170 0.02451921 -0.03422917
646.0  0.89471444 0.10123617 -0.03913268 0.01194841 0.01353581 -0.00047096 0.00462596 -0.01944705 0.02751340 0.03258745
646.5  0.86996864 0.10391272 0.00268393 -0.00760759 0.00573953 -0.00601950 -0.00816969 0.02210812 0.02024339 -0.03032036
647.0  0.13166450 0.04565291 0.03697057 -0.00533712 -0.01740931 -0.00460063 -0.01865162 -0.01220247 0.00516855 0.02384819
647.5  -0.70395239 -0.04624336 -0.04298728 0.01193579 0.01140104 -0.00004931 -0.01442585 -0.00124771 -0.01274674 -0.01479638
648.0  -0.97968225 -0.12030074 0.01144677 -0.00297354 0.00873508 0.00285597 0.00229929 0.01570131 -0.02555289 0.00426264
648.5  -0.51474648 -0.13526447 0.02885974 -0.01053527 -0.01778536 0.00208298 0.01667305 -0.02326996 -0.02576038 0.00871363
649.0  0.32203057 -0.08442092 -0.04581480 0.00915030 0.00371856 -0.00413699 0.02065348 0.01403722 -0.01539497 -0.02048230
649.5  0.92328965 0.00566795 0.02670349 0.00587828 0.01625827 -0.00444904 0.00856989 0.00071064 0.00248808 0.02954895
650.0  0.85613045 0.09344584 0.01266871 -0.01190196 -0.01296264 0.00284519 -0.00998126 -0.01474190 0.01748690 -0.03391867
650.5  0.15412557 0.14033163 -0.04258581 0.00240911 -0.00846152 0.01131063 -0.02328494 0.02192444 0.02070852 0.03289368
651.0  -0.67165579 0.12659904 0.03872454 0.01236784 0.01642929 0.01581002 -0.01815774 -0.01799451 0.01563284 -0.02811574
651.5  -0.98288364 0.05940616 -0.00344307 -0.01047719 -0.00124095 0.00496675 -0.00558742 0.00336416 0.00296204 0.01886145
652.0  -0.52630845 -0.03324319 -0.03403729 -0.01151777 -0.01225530 -0.01391624 0.00986014 0.01314792 -0.00317437 -0.00673538
652.5  0.34100104 -0.11455901 0.04472619 0.01644982 0.00046678 -0.02594006 0.02029330 -0.02130633 -0.00207939 -0.00522744
653.0  0.94041219 -0.15280121 -0.02049515 0.00568459 0.00384973 -0.02296913 0.01463680 0.02079078 0.00182647 0.01655262
653.5  0.80694622 -0.13014201 -0.01953018 -0.01864263 0.00326875 -0.00156384 0.00210695 0.01118837 -0.00035575 -0.02505626
654.0  0.03855246 -0.04806648 0.04557338 0.00157167 -0.00649824 0.02244237 -0.00248550 -0.00636763 -0.00157904 0.02910680
654.5  -0.76618728 0.06571265 -0.03527851 0.01503849 -0.00274432 0.02830707 0.00065306 -0.02148103 0.00201476 -0.02995313
655.0  -0.94460484 0.16001826 -0.00452252 -0.00935939 0.00992379 0.01226710 0.00111144 -0.02784819 -0.00039970 0.02606342
655.5  -0.31644131 0.17939917 0.04002810 -0.00921186 -0.00311193 -0.01238672 -0.00241976 -0.02256070 0.00130575 -0.01969669
656.0  0.59621715 0.10044124 -0.04196285 0.01338805 -0.01008307 -0.02671596 -0.00523168 -0.00943500 -0.00021180 0.01030180
656.5  0.97552697 -0.04052182 0.00702461 -0.00110968 0.00921442 -0.01962458 -0.00610570 0.00642716 -0.00050295 0.00055320
657.0  0.46812154 -0.16196767 0.03445332 -0.01220634 0.00429321 0.00292593 -0.00167340 0.02029345 -0.00159555 -0.01154964
657.5  -0.45858941 -0.19188578 -0.04529376 0.00881510 -0.01395998 0.02185712 0.00560360 0.02752730 0.00130445 0.02016080
658.0  -0.97269584 -0.11838078 0.01795229 0.00617946 0.00384023 0.02276136 0.00950544 0.02613303 -0.00221596 -0.02735183
658.5  -0.65574789 0.00923047 0.02373563 -0.01202354 0.01125643 0.00492335 0.00672764 0.01544837 0.00275197 0.03093132
659.0  0.18848672 0.12222912 -0.04597814 -0.00039861 -0.00980017 -0.01681574 -0.00176235 -0.00233597 -0.00127769 -0.02867260
659.5  0.87539162 0.17361212 0.03312203 0.01159655 -0.00474460 -0.02226246 -0.00919549 -0.02018323 0.00057826 0.02163496
660.0  0.89533099 0.15294792 0.00361054 -0.00497654 0.01319756 -0.00762552 -0.01078730 -0.02916654 0.00191969 -0.01042513
660.5  0.24901701 0.07761574 -0.03822405 -0.00959563 -0.00299513 0.01404193 -0.00504053 -0.02475296 -0.00157824 -0.00210090
661.0  -0.58289017 -0.02086600 0.04501875 0.00676339 -0.01174180 0.02351983 0.00443902 -0.00828077 0.00223296 0.01577294
661.5  -0.98387524 -0.10707246 -0.01891266 0.00587323 0.00887733 0.01386011 0.01084930 0.01152427 -0.00217519 -0.02589395
662.0  -0.65626535 -0.15209224 0.02043690 -0.00806635 0.00748570 -0.00153361 0.01664988 0.02368266 -0.00392954 0.03234990
662.5  0.15002395 -0.14056543 0.04600567 -0.00231171 -0.00925879 -0.00675466 0.02440814 0.02150124 0.00121691 -0.03534556
663.0  0.84227524 -0.07684064 0.03831731 0.00783384 -0.00539579 -0.01444881 0.01885158 0.00797244 -0.00009048 0.03079235
663.5  0.93585630 0.01590253 0.00336323 0.00422760 0.01287205 -0.01705328 -0.00269595 -0.00605380 0.00032440 -0.02072821
664.0  0.37658608 0.10341348 -0.03379945 -0.00714395 0.00447370 -0.01236233 -0.02612749 -0.00593737 0.00140901 0.00591604
664.5  -0.44839601 0.14982943 -0.04888233 -0.00105491 -0.01498792 -0.00231747 -0.03117536 0.00666902 -0.00448712 0.00752542
665.0  -0.96162180 0.13411630 -0.02476812 0.00717810 0.00333685 0.01044968 -0.01888307 0.00510690 0.00041440 -0.02084934
665.5  -0.77169699 0.05738916 0.01736346 -0.00322718 0.01216945 0.01992205 -0.00029791 -0.00879551 0.00031853 0.02830687
666.0  0.01739188 -0.04586316 0.04558283 -0.00567958 -0.01086064 0.01843285 0.01792385 -0.01743871 -0.00124408 -0.03361231
666.5  0.80616730 -0.12280812 0.03441519 0.00630446 -0.00417571 0.00607323 0.02715766 -0.01146117 0.00421400 0.03282272
667.0  0.93180547 -0.13210555 -0.00810215 0.00141733 0.01354664 -0.01042174 0.01959787 0.00293021 -0.00178582 -0.02784641
667.5  0.25947291 -0.07138083 -0.04315495 -0.00760683 -0.00770708 -0.01924384 -0.00224109 0.01332508 0.00041585 0.02114598
668.0  -0.63980985 0.02089354 -0.03752387 0.00360830 -0.00694073 -0.01556404 -0.02364552 0.01096446 0.00033003 -0.01134537
668.5  -0.98574308 0.09374775 0.00305382 0.00588539 0.01391474 -0.00173700 -0.02979497 -0.00034032 -0.00231173 0.00089022
669.0  -0.49319174 0.11540806 0.04029438 -0.00726110 -0.00267216 0.01308562 -0.01670514 -0.01033180 0.00292106 0.00798444
669.5  0.40567518 0.08356511 0.04112332 -0.00066620 -0.01171230 0.01866970 0.00655091 -0.01319764 -0.00196100 -0.01745412
670.0  0.96860277 0.01809158 0.00539761 0.00889033 0.01002993 0.01087615 0.02604863 -0.00746496 0.00119801 0.02560186
670.5  0.74759841 -0.05366328 -0.03503144 -0.00478305 0.00357936 -0.00375503 0.02838740 0.00285298 -0.00013975 -0.02815069
671.0  -0.07875240 -0.10361983 -0.04457720 -0.00869827 -0.00865908 -0.01552832 0.01076732 0.01164166 -0.00252703 0.03301604
671.5  -0.84330139 -0.10913813 -0.01554461 0.01173051 0.00125839 -0.01693898 -0.01471659 0.01405555 0.00262828 -0.03327832
672.0  -0.91723322 -0.06339875 0.02653444 0.00464798 0.00353287 0.01367789 -0.02651904 0.01071836 -0.00442861 0.02928420
672.5  -0.24203359 0.01606662 0.04560571 -0.01498294 -0.00101940 0.00432652 -0.02603698 0.00652792 0.00200699 -0.02632386
673.0  0.62037627 0.09195516 0.02545148 0.00442639 -0.00269801 -0.01701039 -0.00939283 -0.00145348 0.00062255 0.01665209
673.5  0.98936110 0.12709295 -0.01589829 0.00958525 0.00219372 0.01727084 0.01307812 -0.01222635 -0.00402408 -0.00450138
674.0  0.61337231 0.10470423 -0.04377096 -0.00959578 0.00149663 -0.00584018 0.02680807 -0.01731193 0.00762323 -0.00812977
674.5  -0.19979095 0.03592611 -0.03698455 -0.00265346 -0.00121695 -0.01449583 0.02231936 -0.01568495 -0.00455626 0.02092452
675.0  -0.86518269 -0.04876536 -0.00177685 0.01352720 -0.00078483 0.01981998 0.00123664 -0.00504333 0.00335058 -0.03034999
675.5  -0.92750134 -0.11385900 0.03488973 -0.00459044 0.00125403 -0.00787732 -0.01961105 0.01031094 -0.00046792 0.03316687
676.0  -0.34507540 -0.13289094 0.04555685 -0.01093945 0.00103706 -0.00887047 -0.02520127 0.02075310 -0.00544217 -0.03357409
676.5  0.48235207 -0.09828179 0.02170122 0.00871471 -0.00359111 0.02229560 -0.01176078 0.01883780 0.00546691 0.02642031
677.0  0.97107749 -0.02413150 -0.01937019 0.00545675 0.00061516 -0.01470270 0.00815141 0.00770378 -0.00584765 -0.01399395
677.5  0.76220477 0.05925554 -0.04613531 -0.01150439 0.00177355 -0.00537495 0.02157510 -0.00924753 0.00521476 0.00066416
678.0  0.00031484 0.11899294 -0.03733198 -0.00023544 -0.00248456 0.01845630 0.01944565 -0.02228500 0.00155410 0.01202351
678.5  -0.76068101 0.13339915 0.00034392 0.01114804 0.00085381 -0.02065029 0.00238329 -0.02078164 -0.00352876 -0.02439800
679.0  -0.97156630 0.09851864 0.03776268 -0.00557061 0.00223796 0.00460924 -0.01623017 -0.00811165 0.00536992 0.03257070
679.5  -0.48750487 0.02694873 0.04742038 -0.00819741 -0.00399703 0.01283540 -0.02367579 0.00937904 -0.00832230 -0.03522788
680.0  0.34547174 -0.05679624 0.02242365 0.00930782 -0.00078876 -0.02206508 -0.00558789 0.02435195 -0.00240938 0.03093766
680.5  0.93368846 -0.12376303 -0.01773499 -0.00092688 0.00588275 0.01218538 -0.00152720 0.02180592 -0.00011920 -0.02085900
681.0  0.82809548 -0.14636296 -0.04603666 -0.00269383 -0.01016743 0.00726192 0.00970541 0.01603050 -0.00768175 0.00714862
681.5  0.06275257 -0.10812692 -0.03945911 0.00683466 0.00203431 -0.01993412 0.02256212 0.01131858 -0.00108614 0.00430549
682.0  -0.77283819 -0.01678636 -0.00135708 -0.00612572 0.00899672 -0.02044009 0.02680207 -0.00527743 -0.00044662 -0.01718320
682.5  -0.93409905 0.08758639 0.03976410 -0.00381707 -0.00942797 -0.00644537 0.01465438 -0.01717232 -0.00061720 0.02813619
683.0  -0.22794814 0.14952895 0.04588039 0.00939891 -0.00411555 0.01190185 -0.00443668 -0.01988524 0.00257684 -0.03400382
683.5  0.69793495 0.13137848 0.01209437 -0.00202810 0.00961585 0.02335366 -0.02137536 -0.01315788 -0.00203671 0.03757226
684.0  0.95871223 0.04291275 -0.03267199 -0.00780966 -0.00326456 0.01929158 -0.02598123 -0.00104899 0.00295189 -0.03751830
684.5  0.31954262 -0.06663198 -0.04687801 0.00706683 -0.00536220 0.00160113 -0.01653893 0.01054079 -0.00278135 0.03169078
685.0  -0.60803677 -0.13982397 -0.01858267 0.00314290 0.00942808 -0.01828919 0.00223319 0.01732193 0.00185123 -0.02173873
685.5  -0.98291978 -0.14208813 0.02623000 -0.00919414 -0.00167173 -0.02612139 0.01907318 0.01601274 -0.00066113 0.00973888
686.0  -0.48842032 -0.07572356 0.04788637 0.00287363 -0.00849984 -0.01496636 0.02405458 0.00817540 -0.00195445 0.00271835
686.5  0.42797485 0.02549611 0.02760139 0.00881398 0.00685524 0.00683552 0.01476358 -0.00300481 0.00300507 -0.01781336
687.0  0.97313283 0.11342580 -0.01737983 -0.00842504 0.00295892 0.02445932 -0.00197017 -0.01293069 -0.00410655 0.02918725
687.5  0.69670938 0.14796227 -0.04726789 -0.00363343 -0.00928043 0.02591025 -0.01567160 -0.01611067 0.00371348 -0.03510948
688.0  -0.14614997 0.11552181 -0.03666949 0.01186466 0.00417307 0.00994274 -0.02147318 -0.01145244 -0.00130965 0.04051183
688.5  -0.86047192 0.03321502 0.00241607 -0.00157477 0.00599171 -0.01340859 -0.01505168 -0.00061009 -0.00062130 -0.03858620
689.0  -0.91748043 -0.06075870 0.03924812 -0.00986027 -0.00637942 -0.02887485 -0.00287362 0.01010701 0.00408824 0.03051476
689.5  -0.32943315 -0.12849578 0.04724591 0.00730388 -0.00220499 -0.02788699 0.00823393 0.01458233 -0.00492453 -0.02120966
690.0  0.45986373 -0.14839512 0.02198955 0.00648890 0.00625266 -0.01327652 0.01527679 0.01060662 0.00137899 0.00340182
690.5  0.94695693 -0.11910366 -0.01724913 -0.01137987 -0.00185161 0.00707846 0.02485426 0.00080622 -0.00007823 0.01552447
691.0  0.86058420 -0.05313510 -0.04457679 -0.00412390 -0.00396550 0.02280323 0.02410018 -0.00768803 -0.00392019 -0.03012483
691.5  0.25891744 0.02921315 -0.04411135 0.01257059 0.00399944 0.02426275 0.00744594 -0.00977360 0.00643212 0.03993439
692.0  -0.51245035 0.10291917 -0.01603696 -0.00097162 0.00360669 0.01056472 -0.01651647 -0.00830677 -0.00010832 -0.03984705
692.5  -0.96957520 0.14216998 0.02329072 -0.01114107 -0.00391916 -0.00962222 -0.03019640 -0.00608364 -0.00100106 0.03240298
693.0  -0.76707006 0.12771361 0.04622400 0.00764478 -0.00322727 -0.02340836 -0.02499207 -0.00358315 0.00455483 -0.02004482
693.5  0.00156677 0.05913733 0.03431885 0.00485048 0.00204003 -0.02084258 -0.00600488 0.00054291 -0.00419316 0.00505921
694.0  0.78045026 -0.03695451 -0.00435259 -0.01404336 0.00077224 -0.00515278 0.01552862 0.00915006 0.00193946 0.00965023
694.5  0.95308812 -0.11687762 -0.03865384 0.00572565 -0.00308291 0.01323093 0.02682364 0.01784356 -0.00056087 -0.02168345
695.0  0.36318717 -0.14067613 -0.04043938 0.00971853 -0.00299028 0.02188645 0.02273497 0.01944814 -0.00294833 0.03200524
695.5  -0.52603744 -0.09338684 -0.00749734 -0.01254234 0.00019925 0.01466682 0.00631200 0.01193778 0.00359201 -0.04010909
696.0  -0.98526233 0.00384461 0.03220859 -0.00071143 0.00373109 -0.00112027 -0.01398615 -0.00475738 -0.00452974 0.04268344
696.5  -0.61284853 0.10085954 0.04305426 0.01223826 0.00305076 -0.01508356 -0.02510593 -0.01988212 0.00258361 -0.04083763
697.0  0.29558948 0.14174513 0.01313605 -0.00935515 -0.00250569 -0.01751900 -0.02230888 -0.02641728 0.00036653 0.03507639
697.5  0.94849064 0.09897049 -0.03069591 -0.00333548 -0.00493273 -0.00844604 -0.00747859 -0.02067467 -0.00186298 -0.02832986
698.0  0.74652874 -0.00336574 -0.04469896 0.01355895 -0.00243248 0.00452178 0.01249328 -0.00696431 0.00446835 0.02136349
698.5  -0.13556054 -0.10202646 -0.01391488 -0.00725957 0.00321544 0.01261965 0.02750395 0.00916660 -0.00306256 -0.01131508
699.0  -0.89166336 -0.13768447 0.03084302 -0.00813674 0.00784928 0.01157235 0.02908461 0.02009799 0.00283986 0.00072482
699.5  -0.85275538 -0.09361451 0.04591995 0.01372296 0.00267782 0.00518440 0.01519561 0.02276655 0.00278789 0.00922180
700.0  -0.08909850 -0.00225659 0.01809001 -0.00301677 -0.00436593 0.00049688 -0.00773032 0.01996287 0.00439723 -0.02062767
700.5  0.73322278 0.08376753 -0.02557928 -0.01174655 -0.00442683 0.00110687 -0.02837830 0.01448713 0.00787915 0.02931745
701.0  0.97496228 0.12696218 -0.04652273 0.01018762 0.00054127 0.00612948 -0.03530345 0.00771898 -0.00468451 -0.03511292
701.5  0.49023638 0.11525927 -0.03123903 0.00583429 0.00765213 0.00980044 -0.02233213 -0.00499850 0.00404077 0.03968937
702.0  -0.34729987 0.05970326 0.00768092 -0.01241293 0.00203651 0.00188896 -0.00042362 -0.01879021 -0.00078694 -0.03610315
702.5  -0.93509019 -0.01667577 0.04027288 0.00301554 -0.00745968 -0.01241853 0.01757800 -0.02600021 -0.00372276 0.02572862
703.0  -0.84144593 -0.08583388 0.04225745 0.01069547 -0.00693710 -0.01973064 0.02332886 -0.02081481 0.00637173 -0.01212597
703.5  -0.12106577 -0.12170514 0.01320079 -0.00991103 0.00014702 -0.01366068 0.01471751 -0.00464277 -0.00576695 -0.00881771
704.0  0.69192775 -0.10997497 -0.02455438 -0.00586709 0.00824384 0.00220309 -0.00088800 0.01435932 0.00365950 0.02514463
704.5  0.98486386 -0.05501009 -0.04366231 0.01236094 0.00584640 0.01680266 -0.01347314 0.02794455 -0.00051675 -0.03684174
705.0  0.54880375 0.02108707 -0.03115620 0.00036478 -0.00421929 0.01957593 -0.01578069 0.02852686 -0.00340985 0.04163031
705.5  -0.28337717 0.08844623 0.00370762 -0.01111717 -0.00808988 0.00839828 -0.00909886 0.01292442 0.00534298 -0.03867616
706.0  -0.90925994 0.12177279 0.03603032 0.00587430 -0.00010284 -0.00689097 -0.00422657 -0.01226091 -0.00562007 0.02601258
706.5  -0.88106431 0.10867965 0.04307272 0.00831331 0.00760877 -0.01315803 -0.00567587 -0.03405138 0.00263528 -0.00741282
707.0  -0.20605273 0.05421958 0.01869662 -0.01064831 0.00408378 -0.00870013 0.00541026 -0.03656938 -0.00145136 -0.00987209
707.5  0.63328530 -0.02069937 -0.02136598 -0.00365062 -0.00597372 -0.00325422 0.01209658 -0.01313988 -0.00452755 0.02823535
708.0  0.98906193 -0.08592087 -0.04653411 0.01545889 -0.00067624 0.00087908 -0.00771086 0.00823696 0.00479208 -0.04050277
708.5  0.54602953 -0.11416490 -0.03500201 -0.00413480 -0.00210300 0.00655914 -0.02617577 0.02291966 -0.00558350 0.04574779
709.0  -0.36031135 -0.09417023 0.00720327 -0.00845500 0.01057604 0.00923356 -0.02748001 0.02632046 -0.00936601 -0.04183283
709.5  -0.96386775 -0.03475154 0.04467098 0.01022940 0.01014969 0.00483444 -0.01219136 0.02169035 -0.00550569 0.03213140
710.0  -0.73208953 0.03912376 0.04429596 0.00121015 -0.00293032 -0.00730395 0.00799971 0.00824395 -0.00025031 -0.01818392
710.5  0.13416840 0.09743389 0.00570383 -0.01131406 -0.01114682 -0.01766647 0.02046373 -0.00819898 0.00631109 0.00295591
711.0  0.88086059 0.11659788 -0.03760685 0.00508975 -0.00551509 -0.01502674 0.01940433 -0.02234901 -0.00921321 0.01356174
711.5  0.87772599 0.08701584 -0.05014188 0.00754022 0.00787926 0.00038666 0.00687615 -0.02803249 0.01001489 -0.02682643
712.0  0.14026910 0.01693226 -0.02099198 -0.00959449 0.01137452 0.01754291 -0.00838656 -0.02515383 -0.00845979 0.03641970
712.5  -0.71361595 -0.06738927 0.02428207 -0.00116293 -0.00058365 0.02124708 -0.01749778 -0.01144455 0.00452439 -0.04044365
713.0  -0.96989611 -0.12782135 0.04873746 0.01097460 -0.01335838 0.00851398 -0.01500136 0.00612621 0.00136281 0.03749379
713.5  -0.40210956 -0.12960030 0.03333940 -0.00569607 -0.01078638 -0.01117035 -0.00385782 0.02169754 -0.00590087 -0.03009364
714.0  0.51066078 -0.06481270 -0.00956909 -0.00871076 0.00311750 -0.02209367 0.00886724 0.02925952 0.00891460 0.01823271
714.5  0.98425352 0.03630622 -0.04339107 0.01038796 0.01426225 -0.01768700 0.01582081 0.02556886 -0.01066997 -0.00408005
715.0  0.63213375 0.12035397 -0.04107382 0.00384065 0.00911931 0.00021400 0.01254681 0.01199497 0.00752533 -0.00784109
715.5  -0.22260918 0.14574440 -0.00670108 -0.01260860 -0.00686745 0.01918145 0.00105520 -0.00714861 -0.00182536 0.02229974
716.0  -0.89153402 0.10450949 0.03191662 0.00350220 -0.01456477 0.02348425 -0.01076733 -0.02290403 -0.00458937 -0.03144754
716.5  -0.89298095 0.01988373 0.04628219 0.00982439 -0.00290136 0.00888297 -0.01504623 -0.02722691 0.01051182 0.03599493
717.0  -0.25704123 -0.07090566 0.02630261 -0.00901131 0.01336733 -0.01297124 -0.00965656 -0.01758197 -0.01188420 -0.03563352
717.5  0.55576169 -0.13222193 -0.01446763 -0.00362505 0.01082332 -0.02551646 0.00035318 0.00157341 0.00700729 0.02550278
718.0  0.98048728 -0.14123795 -0.04361656 0.01086976 -0.00571178 -0.02213209 0.00064566 0.01964111 0.00065724 -0.01345023
718.5  0.71543015 -0.09269864 -0.04037999 -0.00281419 -0.01291789 -0.01147269 0.00925100 0.02789011 -0.00925968 0.00122394
719.0  -0.06379183 -0.00309540 -0.00540215 -0.01259551 -0.00303444 0.00116938 0.02326237 0.01972160 0.01408218 0.01097175
719.5  -0.80104612 0.09251299 0.03494347 0.00924174 0.00965954 0.01389245 0.02364691 -0.00014762 -0.01131105 -0.02329080
720.0  -0.94942235 0.15083178 0.04783275 0.00724938 0.00972617 0.01847269 0.00906034 -0.01705907 0.00631355 0.03336344
720.5  -0.39110054 0.14035009 0.02113661 -0.01229462 0.00529332 0.01306216 -0.01141037 -0.02481054 0.00173377 -0.03870476
721.0  0.45826064 0.06044856 -0.02345048 0.00194014 -0.01152118 0.00619643 0.02880164 -0.01472140 -0.00998902 0.04165378
721.5  0.96443554 -0.05397368 -0.04933624 0.01070764 -0.00770444 -0.02546279 -0.01880998 0.00715056 0.00490883 -0.03862556
722.0  0.75137065 -0.14598242 -0.03749619 -0.00936344 0.00603947 -0.02246033 0.00852134 -0.01088880 -0.00294844 0.03093389
722.5  -0.02793468 -0.16794496 0.01024021 -0.00375557 0.01068699 -0.00666736 0.00738188 0.02887547 -0.00417828 -0.02051841
723.0  -0.79283800 -0.10100721 0.04410012 0.01239121 0.00189854 0.01344778 -0.01772157 -0.03154598 0.00618648 0.00620364
723.5  -0.93785721 0.02393380 0.04316365 -0.00492267 -0.00954486 0.02368450 0.01789903 0.01990734 -0.00533715 0.00792341
724.0  -0.31173056 0.13709592 0.00498903 -0.00689939 -0.00891986 0.01605000 -0.00780118 -0.00140138 0.00599016 -0.02096381
724.5  0.58549115 0.16837885 -0.03678131 0.00910162 0.00246735 -0.00275925 -0.00710103 -0.01802881 -0.00085892 0.03191083
725.0  0.98225571 0.09840247 -0.04430719 -0.00061988 0.01179876 -0.01992337 0.01726966 0.02970492 -0.00421313 -0.03978076
725.5  0.53711501 -0.02493993 -0.01178567 -0.00831294 0.00812869 -0.02097261 -0.01613455 -0.02866649 0.00546090 0.04842995
726.0  -0.35330277 -0.12476332 0.03060308 0.00633608 -0.00566718 -0.00697179 0.00570243 0.01619582 -0.00964754 -0.04780827
726.5  -0.94799067 -0.15003025 0.04499887 0.00214837 -0.01383439 0.01319930 0.00948757 0.00306148 0.00857136 0.04277999
727.0  -0.79377193 -0.09885672 0.02099354 -0.00845109 -0.00471609 0.02258923 -0.01961896 -0.01862373 -0.00174449 -0.03285521
727.5  -0.03381672 -0.00649002 -0.02044275 0.00556409 0.01107092 0.01222757 0.01178973 0.02700025 -0.00493179 0.01672037
728.0  0.75017112 0.08092055 -0.04517749 0.00783949 0.01086046 -0.00665131 0.00151460 -0.01809234 0.01329747 -0.00062538
728.5  0.97053309 0.12710283 -0.03291065 -0.01036963 -0.00304325 -0.02243799 -0.01087185 -0.00153011 -0.01511386 -0.01532832
729.0  0.45678431 0.11546241 0.00628803 -0.00222559 -0.01430569 -0.01527711 0.02067156 0.01465818 0.00589115 0.03130870
729.5  -0.40713624 0.05331404 0.04128248 0.01034417 -0.00612235 0.00151609 -0.00643334 -0.02287274 0.00707119 -0.04192367
730.0  -0.96026760 -0.03168010 0.04312401 -0.00278177 0.01149418 0.01757882 -0.00775196 0.01540089 -0.01835004 -0.04803775
730.5  -0.77886252 -0.10221879 0.00972644 -0.00753236 0.01402434 0.02113033 0.01289602 0.00335852 0.02172436 -0.04974811
731.0  -0.01114218 -0.12639578 -0.03143386 0.00643928 -0.00283030 0.00756123 -0.01585716 -0.01541827 -0.01601621 -0.04367147
731.5  0.75804585 -0.09422467 -0.04829791 0.00238596 -0.01607927 -0.01418871 0.00398776 0.02103370 0.00095471 -0.03111129
732.0  0.97298333 -0.02136538 -0.02944731 -0.00940506 -0.00566780 -0.02213539 0.00804802 -0.01501311 0.01535641 -0.01217747
732.5  0.49804850 0.05846579 0.01061565 0.00256798 0.01288055 -0.01377922 -0.01178580 -0.00358174 -0.02382402 0.01352670
733.0  -0.32752154 0.11048056 0.04295504 0.00947786 0.01226993 0.00478787 0.01231706 0.01895177 0.02284772 0.03171725
733.5  -0.92666050 0.11368161 0.04455927 -0.00657995 -0.00647825 0.02205691 -0.00244474 -0.02200247 -0.00906722 0.04459129
734.0  -0.85293140 0.06927102 0.01448650 -0.00517942 -0.01673848 0.01865828 -0.00658445 0.01273639 -0.00974739 0.05043293
734.5  -0.12197603 0.00118224 -0.02670747 0.00642730 -0.00391746 0.00470756 0.00634639 0.00847699 0.02089981 0.04257455
735.0  0.71969029 -0.05634261 -0.04703801 0.00015047 0.01277085 -0.01054587 0.00149527 -0.02508698 -0.02180209 0.02656656
735.5  0.97536629 -0.07959162 -0.03003690 -0.00709881 0.01150984 -0.02116930 -0.00952929 0.02608499 0.01302273 0.00587680
736.0  0.41105399 -0.06915811 0.01202877 0.00455880 -0.00386004 -0.01526189 0.00861701 -0.01286866 0.00170897 -0.01635004
736.5  -0.50096387 -0.04103302 0.04291861 0.01246747 -0.00865567 -0.00111784 0.00238831 -0.00767257 -0.01107896 -0.03422880
737.0  -0.99041396 -0.00902648 0.03861355 -0.00984737 -0.00120753 0.01380355 -0.01404263 0.02441743 0.01284010 -0.04603869
737.5  -0.65033420 0.02380297 0.00300226 -0.00436210 0.00962632 0.02169928 0.01669507 -0.02995651 -0.00716159 -0.05011204
738.0  0.23556893 0.05611562 -0.03521446 0.01272014 0.00661126 0.01335213 0.01107406 0.02030048 -0.00165401 -0.04709390
738.5  0.92547764 0.07740962 -0.04511525 -0.00477401 -0.00476128 0.00398218 -0.00338033 -0.00052864 0.00544864 -0.03951003
739.0  0.82167328 0.06781994 -0.01660787 -0.00792519 -0.01005026 -0.01829859 -0.01511165 -0.01939645 -0.00334316 -0.02694314
739.5  -0.00447989 0.01736294 0.02735890 0.01028348 -0.00189036 0.01835481 -0.01971270 0.03149255 -0.00239486 -0.01627840
740.0  -0.82907254 -0.05484283 0.04845891 0.00094791 0.00850081 -0.00641629 -0.01080708 -0.02908618 0.00812388 -0.00134043
740.5  -0.90966993 -0.10454479 0.02629014 -0.01120966 0.00807597 -0.00819405 0.00323742 0.01265765 -0.00930878 0.01241561
741.0  -0.17996973 -0.09470110 -0.01911079 0.00581661 -0.00147059 0.01531412 0.01630302 0.01061552 0.00692397 0.02721662
741.5  0.69857868 -0.02723611 -0.04960576 0.00841447 -0.00930894 -0.00897480 0.01899941 -0.02877418 -0.00050486 0.04008031
742.0  0.97723387 0.05583614 -0.03625172 -0.01073409 -0.00566636 -0.00543611 0.00958913 0.03198032 -0.00791990 0.04968040
742.5  0.46783853 0.10951978 0.00709964 -0.00195945 0.00599042 0.01447591 -0.00458446 -0.01941136 0.01322701 0.05147052
743.0  -0.38919098 0.11013671 0.04412852 0.01279293 0.00791041 -0.00856090 -0.01780101 -0.00497915 -0.01301026 0.04791181
743.5  -0.94869207 0.06321216 0.04704260 -0.00504564 -0.00161233 -0.00649616 -0.01786290 0.02397529 0.00723797 0.03705396
744.0  -0.82759870 -0.00813487 0.01441255 -0.01136283 -0.00954763 0.01851035 -0.00515937 -0.02839313 0.00360332 0.01925474
744.5  -0.12293265 -0.07674682 -0.02863972 0.01185312 -0.00617504 -0.01334643 0.01020401 0.01887254 -0.01329334 -0.00038230
745.0  0.66963849 -0.11889216 -0.04916619 0.00595452 0.00723394 -0.00596650 0.01978300 0.00119546 0.01568317 -0.01874518
745.5  0.98729544 -0.11720575 -0.03161959 -0.01506859 0.01182182 0.01996808 0.01438498 -0.01785787 -0.01103483 -0.03319681
746.0  0.60260453 -0.06708677 0.01021312 0.00264331 0.00075731 -0.02104803 -0.00296770 0.02296061 0.00042802 -0.04375348
746.5  -0.20456259 0.01743781 0.04362270 0.01259051 -0.01045070 0.00489516 -0.01701311 -0.01608074 0.01317609 -0.04941669
747.0  -0.86300101 0.10643137 0.04302796 -0.01099223 -0.00836731 0.02170704 -0.01843094 0.00192290 -0.01621558 -0.04882879
747.5  -0.92300742 0.15977967 0.00921438 -0.00587420 0.00397804 -0.02686240 -0.01086860 0.01074883 0.01097046 -0.04312609
748.0  -0.34707586 0.14460739 -0.03138723 0.01715436 0.01167850 0.01368531 0.01246666 -0.01488441 0.00093422 -0.03219078
748.5  0.47475027 0.05482975 -0.04727098 -0.00172289 0.00521120 0.01138742 0.01879591 0.01242914 -0.01464210 -0.01411668
749.0  0.96242471 -0.07662318 -0.02614158 -0.01609957 -0.00697174 -0.03039418 0.01474556 -0.00261759 0.01501171 0.00466568
749.5  0.72994228 -0.18079994 0.01672677 0.00891853 -0.01366235 0.02468075 0.00022925 -0.00353901 -0.00876175 0.02167482
750.0  -0.08520995 -0.18631282 0.04651824 0.00496274 0.00098955 -0.00109070 -0.01449996 0.00841666 -0.00113783 0.03550060
750.5  -0.84117877 -0.07478671 0.03547195 -0.01427797 0.01119332 -0.02238418 -0.01817836 -0.01145909 0.01439767 0.04617569
751.0  -0.88170303 0.09081274 -0.00799845 0.00749477 0.00735807 0.03025524 -0.01331774 0.00872878 -0.01821800 0.05359340
751.5  -0.14746666 0.19958872 -0.04376631 0.00827658 -0.00361594 -0.01672438 0.00087402 -0.00246744 0.01612794 0.05654684
752.0  0.71766756 0.17657078 -0.03848088 -0.01468232 -0.01049849 -0.00702832 0.01475314 -0.00547919 -0.01001012 0.05362162
752.5  0.94939076 0.04181352 0.00242723 0.00387594 -0.00648452 0.02526931 0.02053309 0.01289386 -0.00223341 0.04513450
753.0  0.36099796 -0.11262172 0.04032094 0.01305980 0.00594871 -0.02651084 0.01400555 -0.01232233 0.01259898 0.03397076
753.5  -0.52770316 -0.19303691 0.04349600 -0.01459817 0.01174400 0.00937859 -0.00064443 0.00632458 -0.01850519 0.01800805
754.0  -0.97572259 -0.16288080 0.00574561 -0.00274907 0.00245886 0.01404257 -0.01527138 0.00404447 0.01850855 -0.00082471
754.5  -0.62433453 -0.04776711 -0.03511785 0.01435199 -0.00967869 -0.02571389 -0.02095605 -0.01372094 -0.00908749 -0.01978519
755.0  0.23823097 0.08717718 -0.04493079 -0.00536332 -0.01003061 0.02513535 -0.01207975 0.01280039 -0.00446332 -0.03690058
755.5  0.90735000 0.17354941 -0.01420268 -0.00898325 0.00128303 -0.00665548 -0.00068484 -0.00650001 0.01572798 -0.04877351
756.0  0.83354383 0.17153869 0.02859666 0.01298631 0.01033134 -0.01629022 0.01100139 -0.00471923 -0.01980830 -0.05239162
756.5  0.08760961 0.08566025 0.04652632 0.00052947 0.00669878 0.02577601 0.01578984 0.02046790 0.00973022 -0.04944387
757.0  -0.71803050 -0.04069884 0.02546173 -0.01618348 -0.00703631 -0.02413308 0.01115621 -0.01815448 0.00220428 -0.04168714
757.5  -0.96746353 -0.14904527 -0.01269434 0.00740699 -0.01174365 0.00650908 0.00433710 -0.00942610 -0.01038639 -0.02801082
758.0  -0.50758042 -0.19363457 -0.04346915 0.00950393 0.00052850 0.01875841 -0.01181669 0.00261442 0.01808952 -0.00677617
758.5  0.30731084 -0.15637586 -0.04037467 -0.01226449 0.01347209 -0.03149408 -0.01764003 0.00774911 -0.01476851 0.01602780
759.0  0.90374861 -0.05084044 -0.00952152 -0.00134945 0.00471521 0.01973977 -0.01753461 0.01325215 0.00232088 0.03659521
759.5  0.86576258 0.07951155 0.02750913 0.01417774 -0.01021831 0.00338212 -0.00169320 0.00892612 0.00917084 0.05048939
760.0  0.20584980 0.17685920 0.04582970 -0.00409175 -0.01000360 -0.02751458 0.01179156 -0.00547646 -0.01529223 0.05322472
760.5  -0.61374714 0.19421004 0.03178444 -0.01132759 0.00607993 0.03075194 0.01107096 -0.01643131 0.01477045 0.04505625
761.0  -0.97755449 0.12177120 -0.00470060 0.00915600 0.01330827 -0.01088578 0.00624152 -0.02051062 -0.00748630 0.02725956
761.5  -0.58653657 -0.00225071 -0.03768361 0.00635701 0.00224723 -0.01516816 -0.00234412 -0.01172599 -0.00207758 0.00412170
762.0  0.26796328 -0.11325050 -0.04314067 -0.01198486 -0.01097578 0.03192454 -0.00823434 0.00387211 0.01030608 -0.01784228
762.5  0.91418213 -0.16081329 -0.01731200 0.00127291 -0.00805000 -0.02511954 -0.00938742 0.01549814 -0.01485136 -0.03758184
763.0  0.84669286 -0.13561526 0.02117326 0.00987887 0.00671364 -0.00052020 -0.00412028 0.02122146 0.01441878 -0.04920192
763.5  0.12546795 -0.06500604 0.04430282 -0.00983797 0.01238396 0.02553220 0.00415623 0.01651166 -0.00777568 -0.05108316
764.0  -0.69310396 0.01344147 0.03497474 -0.00768347 -0.00029772 -0.03173127 0.00816311 0.00409493 -0.00057130 -0.04137147
764.5  -0.98296241 0.07404777 -0.00095772 0.01353364 -0.01253076 0.01387773 0.00884077 -0.00921315 0.00938099 -0.02381331
765.0  -0.50274776 0.10613491 -0.03620650 0.00424894 -0.00791603 0.01327380 0.00288524 -0.01846062 -0.01499809 -0.00195381
765.5  0.39491494 0.10596360 -0.04255992 -0.01360410 0.00640987 -0.03124338 -0.00540217 -0.02009261 0.01481291 0.01940934
766.0  0.97125111 0.06971162 -0.01232353 0.00708485 0.01545796 0.02782073 -0.00646959 -0.01321594 -0.01181223 0.03621520
766.5  0.69914667 -0.00031825 0.02926901 0.00473645 0.00264828 -0.00594283 -0.00667231 -0.00609969 -0.00235362 0.04655894
767.0  -0.20343380 -0.08009434 0.04353693 -0.01239931 -0.01417782 -0.01834432 -0.00190406 0.00525381 -0.00730881 0.05352413
767.5  -0.92041165 -0.12592061 0.01615550 0.00371276 -0.01322296 0.03130244 0.00659118 0.01596884 0.01648407 0.05372422
768.0  -0.80980475 -0.10482551 -0.02590914 0.01106973 0.00396714 -0.02395899 0.00874091 0.01848534 -0.02070908 0.04921271
768.5  0.00838207 -0.02166629 -0.04368107 -0.00921335 0.01649888 -0.00313070 0.00809287 0.01475351 0.01719642 0.03725752
769.0  0.81203544 0.07617653 -0.02193451 -0.00477531 0.00753293 0.02417970 0.00294141 0.00545588 -0.00773259 0.02184797
769.5  0.92933789 0.13239035 0.01907570 0.01216192 -0.01189552 -0.02704972 -0.01057111 -0.00700869 -0.00303839 0.00479554
770.0  0.27790848 0.11611975 0.04329730 -0.00447528 -0.01802668 0.01220462 -0.01129305 -0.01530799 0.01412603 -0.01130351
770.5  -0.59953166 0.04065348 0.02995787 -0.00800662 -0.00332640 0.01736448 -0.00596234 -0.01717580 -0.02053766 -0.02649484
771.0  -0.98795677 -0.05043878 -0.00837938 0.01119927 0.01517596 -0.03048341 0.00233687 -0.01208673 0.01898386 -0.04027428
771.5  -0.58137105 -0.11279230 -0.03894187 -0.00036471 0.01612123 0.01707879 0.01151875 -0.00012287 -0.01492245 -0.05046131
772.0  0.27960870 -0.12292370 -0.03632013 -0.01456077 -0.00325919 0.00588348 0.01059714 0.01120676 0.00340320 -0.05471087
772.5  0.91593552 -0.08541300 -0.00375915 0.01062353 -0.01790869 -0.02749427 0.00129999 0.01764880 0.00953799 -0.05356492
773.0  0.87110010 -0.01735619 0.02983396 0.00688598 -0.00937756 0.02573007 -0.00758449 0.01534021 -0.01686692 -0.04452390
773.5  0.22358429 0.06094446 0.04107514 -0.01411881 0.01232582 0.00028928 -0.01166039 0.00359953 0.02271597 -0.03093338
774.0  -0.55472161 0.12629439 0.02239818 -0.00003020 0.01673618 -0.02203590 -0.00771846 -0.01007188 -0.01434519 -0.01172467
774.5  -0.97034221 0.15928595 -0.01205149 0.01337675 -0.00290480 0.02805064 0.00303894 -0.01826995 -0.00250874 0.01032536
775.0  -0.79122275 0.14230682 -0.03796050 -0.00795909 -0.01778857 -0.01158943 -0.00134117 -0.01625694 0.01338175 0.03336207
775.5  -0.13126589 0.06784832 -0.03821562 -0.00617220 -0.00583527 -0.02000774 -0.00206970 0.00442570 -0.02163083 0.04817924
776.0  0.61759404 -0.04965740 -0.01264858 0.01566054 0.01218483 0.03292331 0.00764895 -0.00921974 0.00896555 0.05515407
776.5  0.97270073 -0.16775373 0.02356234 0.00745936 0.01113627 -0.02083528 0.01063792 0.00349773 -0.00850614 0.05229660
777.0  0.65878070 -0.22331218 0.04135280 -0.00983739 -0.01072905 -0.00400938 -0.00291490 0.00160600 -0.02055149 0.04019573
777.5  -0.13921465 -0.16938309 0.02667275 -0.00142838 -0.02142337 0.02849072 -0.01434413 -0.00538094 -0.02328098 0.02393813
778.0  -0.83894880 -0.01727105 -0.00969882 0.01153803 -0.00494799 -0.02960747 -0.01124773 0.00720327 -0.01550596 0.00601622
778.5  -0.89094745 0.15554049 -0.03749108 -0.00467899 0.01872593 0.00707368 -0.00577128 -0.00475798 -0.00183843 -0.01191028
779.0  -0.23623939 0.24659867 -0.03305778 -0.01005293 0.01999575 0.01800574 0.00476799 0.00130033 0.01316009 -0.02857337
779.5  0.61405164 0.19610615 -0.00010832 0.01154308 -0.00331267 -0.03301462 0.01390077 0.00078769 0.02324431 -0.04103893
780.0  0.96251583 0.02830325 0.03231128 0.00130807 -0.02138802 0.02196102 0.01321340 -0.00135129 0.02553028 -0.04847803
780.5  0.49438176 -0.15764754 0.03522029 -0.01325727 -0.01336036 0.00720234 0.00544930 0.00268693 0.02029334 -0.05018740
781.0  -0.41240790 -0.24658052 0.00550872 0.00952835 0.00991975 -0.02737469 -0.00654132 -0.00426525 0.01032256 -0.04857436
781.5  -0.95671391 -0.18253743 -0.02860254 0.00670910 0.02059869 0.02910748 -0.01541218 0.00535371 -0.00029869 -0.04240410
782.0  -0.62930742 -0.00623049 -0.03473659 -0.01502840 0.00695908 -0.01112251 -0.01616022 -0.00479338 -0.01059473 -0.03130691
782.5  0.27655363 0.17216315 -0.00836274 0.00405289 -0.01414444 -0.01631246 -0.00739623 -0.00028330 -0.01899386 -0.02146049
783.0  0.92549744 0.24889629 0.02471959 0.01140784 -0.01933986 0.03031142 0.00528710 0.00725177 -0.02327861 -0.00806480
783.5  0.74608174 0.18697958 0.03458007 -0.01250064 0.00047685 -0.02305132 0.01572503 -0.00859746 -0.02185048 0.00678041
784.0  -0.06548013 0.02728915 0.01469096 -0.00276180 0.01875545 -0.00080157 0.01686402 0.00962307 -0.01018009 0.02202080
784.5  -0.80613486 -0.14804252 -0.01628997 0.01616262 0.01090108 0.02368366 0.00785501 -0.00178524 0.00474795 0.03475862
785.0  -0.90742090 -0.26061479 -0.03366803 -0.00522190 -0.01239138 -0.02854645 -0.00656943 -0.00964805 0.01914683 0.04357072
785.5  -0.33204982 -0.26544981 -0.02559889 -0.01415433 -0.01942906 0.01230950 -0.01513807 0.00924443 0.02609608 0.04743759
786.0  0.47874481 -0.16019795 0.00101835 0.01269778 0.00078106 0.01279671 -0.00995916 -0.01136501 0.01871492 0.04072976
786.5  0.94004697 0.01483457 0.02693664 0.00502103 0.01997672 -0.02412536 0.00356763 -0.00164642 0.00056920 0.02452743
787.0  0.71427943 0.18986457 0.03402065 -0.01573311 0.01019614 0.02116049 -0.01169669 0.00835756 -0.01624242 0.00804437
787.5  -0.04182927 0.28872716 0.01615852 0.00477459 -0.01368022 -0.00586156 0.01758850 -0.00132152 -0.02740864 -0.01504154
788.0  -0.76944005 0.26667187 -0.01431331 0.01282792 -0.02075459 -0.00918995 -0.01842611 0.00715202 -0.02563326 -0.03545823
788.5  -0.92119068 0.13596750 -0.03516896 -0.01229327 0.00306682 0.02118619 0.01533916 -0.00652929 -0.01179016 -0.04866622
789.0  -0.38274355 -0.04203792 -0.03043117 -0.00539014 0.02167799 -0.02258004 -0.00047219 0.01003902 0.00862302 -0.05167203
789.5  0.44494959 -0.19030849 -0.00366132 0.01639824 0.00805013 0.01205493 -0.01535119 -0.00251771 0.02420725 -0.04472768
790.0  0.94544985 -0.25240240 0.02575992 -0.00233930 -0.01416053 0.00621967 0.01939386 -0.01267483 0.03011610 -0.02820908
790.5  0.73383103 -0.21256592 0.03643388 -0.01739282 -0.01399586 -0.01768852 -0.01118419 0.01946825 0.02337111 -0.00690278
791.0  -0.04948763 -0.09372716 0.01977075 0.00829883 0.00650115 0.01602640 -0.00681305 -0.01662099 0.00716256 0.01626931
791.5  -0.80583097 0.05426172 -0.01065063 0.01023416 0.01930795 -0.00490496 0.01836059 0.00138194 -0.01060176 0.03586365
792.0  -0.91338494 0.17191772 -0.03568576 -0.01406249 0.00620739 -0.00790050 -0.01506238 0.01650018 -0.02513111 0.04941976
792.5  -0.25348221 0.21165239 -0.02769364 0.00020335 -0.01725797 0.01361790 0.00428529 -0.02408014 -0.03094606 0.05614452
793.0  0.62967661 0.15281475 0.00221402 0.01197739 -0.01884343 -0.00995781 0.01239563 0.02364699 -0.02508299 0.05466071
793.5  0.96893773 0.01850499 0.02944276 -0.01020033 0.00681351 0.00129440 -0.01806747 -0.00778134 -0.01625938 0.04804356
794.0  0.46549684 -0.12692661 0.03060492 -0.00628376 0.02322139 0.00290264 0.01252542 -0.01011263 0.00142181 0.03750911
794.5  -0.43618749 -0.20774506 0.00448407 0.01601249 0.00762075 -0.00507428 0.00163643 0.02323551 0.01962903 0.02403820
795.0  -0.96218822 -0.17936566 -0.02594527 -0.00134260 -0.01790869 0.00569099 -0.02050302 -0.02772841 0.02833381 0.00850948
795.5  -0.68415562 -0.05690242 -0.03337346 -0.01488987 -0.02042772 0.00058819 0.02850209 0.00818241 0.03247506 -0.00710740
796.0  0.15450688 0.09359563 -0.01120901 0.01091106 0.00687767 -0.00215071 -0.00823661 0.00285284 0.02292660 -0.02564240
796.5  0.86729867 0.19198510 0.02044573 0.00738068 0.02542203 -0.00423487 -0.01500662 -0.01731460 0.00430433 -0.03956412
797.0  0.87190753 0.18767500 0.03564982 -0.01522223 0.01277717 -0.00634121 0.02697355 0.02315868 -0.01237070 -0.04660093
797.5  0.15944798 0.08872788 0.01917220 0.00588509 -0.01588117 -0.00295292 -0.02683381 -0.01454313 -0.02608356 -0.04911778
798.0  -0.68502962 -0.04540807 -0.01654105 0.01125120 -0.02633485 0.00149826 0.00235776 0.00618059 -0.03240361 -0.04962673
798.5  -0.97097752 -0.14502756 -0.03828345 -0.01425219 -0.00492985 0.00477618 0.02120309 0.00805887 -0.02997059 -0.04532988
799.0  -0.48266124 -0.17122823 -0.02679363 -0.00077724 0.02130694 0.00454902 -0.03002676 -0.01737475 -0.01799259 -0.03574953
799.5  0.37518908 -0.12688054 0.00747632 0.01512213 0.02144042 -0.00007632 0.01948364 0.01908815 -0.00062511 -0.02155182
800.0  0.94297952 -0.03999057 0.03548843 -0.01116607 -0.00621811 -0.00401221 0.00771782 -0.01169156 0.01850724 -0.00518538
800.5  0.81294247 0.05719422 0.03493295 -0.00782740 -0.02711933 -0.00595718 -0.02808297 -0.00241642 0.03225513 0.00982636
801.0  0.09489812 0.13651902 0.00750368 0.01634780 -0.01320177 -0.00136769 0.02737555 0.01354858 0.03232721 0.02348758
801.5  -0.68936564 -0.17245404 -0.02543777 -0.00299461 0.01743104 0.00443635 -0.00659283 -0.01889253 0.02072101 0.03622077
802.0  -0.97892735 0.12081863 -0.03674945 -0.01431198 0.02652234 0.00459862 -0.01862583 0.01374523 0.00058462 0.04572866
802.5  -0.55629505 -0.03133115 -0.01877557 0.01269201 0.00256979 0.00258516 0.03216356 -0.00058463 -0.02140702 0.04798950
803.0  0.27325790 -0.08378041 0.01456245 0.00652899 -0.02416064 0.00079575 -0.02266727 -0.00857866 -0.03284366 0.04554978
803.5  0.90212166 0.16313866 0.03430190 -0.01625301 -0.02147618 -0.00399902 -0.00472301 0.01887876 -0.02857319 0.03903567
804.0  0.87179381 -0.15505014 0.02446776 0.00396546 0.01060603 -0.01376513 0.02085074 -0.01076681 -0.01349763 0.02745022
804.5  0.20254746 0.08815427 -0.00370205 0.00362748 0.02786224 -0.00654844 -0.03090749 -0.00637602 0.00967500 0.01662965
805.0  -0.61106391 0.02296990 -0.02781077 -0.01368344 0.01154089 -0.00796029 0.01001517 0.01395358 0.03021135 0.00247141
805.5  -0.98156778 -0.12887822 -0.02946341 0.00326832 -0.01822443 -0.00142354 0.01479441 -0.01431932 0.03233066 -0.01242532
806.0  -0.64166826 0.16746420 -0.00752500 0.01138769 -0.02519611 0.00912990 -0.02915463 -0.00177416 0.02162584 -0.02750222
806.5  0.17509902 -0.13510537 0.02120067 -0.01396725 0.00263797 0.01023734 0.02352993 0.01364226 0.00379317 -0.03907069
807.0  0.86799427 0.03777698 0.03320464 -0.00402445 0.02898140 0.00713065 -0.00254126 -0.01799162 -0.01773586 -0.04520982
807.5  0.88989522 0.08293229 0.01805286 0.01674441 0.01890289 -0.00085822 -0.01896148 0.01204120 -0.03027702 -0.04718235
808.0  0.19073021 -0.16017012 -0.01321072 -0.00567465 -0.01574503 -0.00918145 0.02893191 0.00092173 -0.03234623 -0.04046706
808.5  -0.67247536 0.15535027 -0.03446958 -0.01135486 -0.03226544 -0.01053107 -0.02148551 -0.01295764 -0.02432421 -0.03187474
809.0  -0.97286733 -0.06732045 -0.02648414 0.01386377 -0.00847128 -0.00560805 0.00291317 0.01958139 -0.00710781 -0.01917695
809.5  -0.45762817 -0.05216390 0.00598109 -0.00026659 0.02511264 0.00294900 0.01765672 -0.01600910 0.01173447 -0.00500838
810.0  0.43410601 0.14574808 0.03159911 -0.01540931 0.02618998 0.01056815 -0.02918541 0.00455708 0.02725717 0.01049152
810.5  0.96576442 -0.16930116 0.03236650 0.00868416 -0.00552796 0.01033347 0.02167684 0.00826847 0.03465716 0.02510022
811.0  0.71971025 0.10568793 0.00599309 0.01094115 -0.03056373 0.00224858 -0.00317653 -0.01892320 0.02702902 0.03615785
811.5  -0.09926263 0.00210044 -0.02710661 -0.01209397 -0.01125388 -0.00547946 -0.01966605 0.01852277 0.01050936 0.04421469
812.0  -0.83671205 -0.11231980 -0.03726199 -0.00169485 0.02275574 -0.00960707 0.02929859 -0.00843965 -0.00932478 0.04625137
812.5  -0.91048065 -0.18489336 -0.01659086 0.01338597 0.02615678 -0.00735694 -0.01769373 -0.00424584 -0.02620674 0.04102865
813.0  -0.26282165 -0.17518236 0.01708168 -0.00788656 -0.00553458 0.00216545 -0.00388817 0.01642316 -0.03239701 0.03174177
813.5  0.59122100 -0.07971239 0.03526495 -0.01322435 -0.02993921 0.01543655 0.02101082 -0.01695382 -0.02478056 0.01737318
814.0  0.97434657 0.06039136 0.02411451 0.01262093 -0.01447118 0.00889516 -0.02826100 0.00647346 -0.00637397 0.00007593
814.5  0.59028637 0.17680733 -0.00568154 0.00628680 0.02179151 0.00118531 0.01081598 0.00447777 0.01628183 -0.01843410
815.0  -0.24923214 0.21259773 -0.03026578 -0.01088068 0.02878549 -0.01111816 0.01575868 -0.01236302 0.03058906 -0.03097522
815.5  -0.89313662 0.15336698 -0.03148006 0.00500366 -0.00701514 -0.01343598 -0.02820132 0.01465426 -0.03118019 -0.04016800
816.0  -0.86268097 0.03089265 -0.01004336 0.01137764 -0.03155196 -0.00927177 0.02345739 -0.00447523 0.02161316 -0.04099440
816.5  -0.18945432 -0.09772379 0.01919587 -0.01565300 -0.01080561 0.00254610 -0.00723745 -0.00775911 -0.00264441 -0.03087241
817.0  0.62928618 -0.17878800 0.03587739 -0.00437634 0.02539893 0.01430831 -0.01221649 0.01342886 -0.01930943 -0.01562357
817.5  0.97826442 -0.18276661 0.02762508 0.01613941 0.02589525 0.01426949 0.02221125 -0.01290084 0.03553079 0.00414817
818.0  0.56631552 -0.11212658 -0.00147591 -0.00240578 -0.00910780 0.00632089 -0.01686952 0.00658499 -0.03830769 0.02114695
818.5  -0.30859663 0.00095189 -0.03105517 -0.01246023 -0.03160926 -0.00674429 0.00320946 0.00482953 0.02930181 0.03318663
819.0  -0.93729383 0.10729476 -0.03746064 0.01098660 -0.01348147 -0.01440396 0.01228472 -0.01205681 -0.00977242 0.03903714
819.5  -0.78369179 0.16159094 -0.01354927 0.00506401 0.02133783 -0.01245061 -0.01975973 0.01246345 -0.01281210 0.03741785
820.0  0.02800763 0.14136068 0.02253006 -0.01631878 0.02861060 -0.00124777 0.01601897 -0.01092831 0.03132521 0.03037074
820.5  0.81425327 0.05615684 0.04048866 0.00391554 -0.00289780 0.00921626 -0.00563533 0.00164894 -0.04010316 0.01945899
821.0  0.92512817 -0.05540300 0.02426040 0.01305273 -0.03093719 0.01341156 -0.00677493 0.01159273 0.03555672 0.00501886
821.5  0.27814628 -0.14050666 -0.01372626 -0.01499482 -0.01790371 0.00904851 0.01528255 -0.01630482 -0.01646615 -0.01155855
822.0  -0.59461562 -0.15582169 -0.03948930 -0.00539023 0.01786582 -0.00389879 -0.01642311 0.01690519 -0.00769009 -0.02446554
822.5  -0.98359458 -0.09069067 -0.03144539 -0.00095091 0.03503535 -0.01232075 0.01345174 -0.00618561 0.03011189 -0.03380109
823.0  -0.57197635 0.02172078 0.00447998 -0.00104657 0.00735950 -0.01219124 -0.00485112 -0.01259615 -0.03884376 -0.03818836
823.5  0.30682503 0.12021996 0.03595694 -0.00348151 -0.03066400 -0.00384626 -0.00720318 0.01279509 -0.03432102 -0.03715896
824.0  0.93599528 0.15043685 0.03460036 -0.00433798 -0.03063371 0.01080878 0.01121934 -0.02005498 -0.01565144 -0.03388742
824.5  0.80422832 0.09992422 0.00222230 0.00179161 0.00724913 0.01189727 -0.01480233 0.01800068 0.00724859 -0.02795782
825.0  0.02702155 0.00327588 -0.03129836 0.01009502 0.03434238 0.01355398 0.00213802 -0.00771099 0.02610976 -0.01815803
825.5  -0.76629370 -0.08386624 -0.03688208 0.00436453 0.01828857 0.00184073 0.00820344 -0.00681097 0.03661043 -0.00627441
826.0  -0.96558070 -0.12185195 -0.01164150 -0.01016492 -0.02049617 -0.01021820 -0.01340601 0.01804883 0.03386760 0.00717037
826.5  -0.44710179 -0.10504188 0.02277165 -0.01283109 -0.03230508 -0.01273467 0.00721738 -0.02075145 0.01826262 0.01961214
827.0  0.38797966 -0.05311120 0.03919884 0.00304930 -0.00280639 -0.00472790 0.00205590 0.01188681 -0.00492298 0.02958496
827.5  0.94529423 0.00866511 0.02619904 0.01778238 0.03030765 0.00531404 -0.00957263 0.00344600 -0.02750321 0.03581063
828.0  0.84271941 0.06176596 -0.00675393 0.00962380 0.02400700 0.01011254 0.01086358 -0.01799197 -0.03807477 0.03503234
828.5  0.14961900 0.09540128 -0.03297989 -0.01257367 -0.01465445 0.01041280 0.00359846 0.01891287 -0.03262814 0.02903576
829.0  -0.65292073 0.10020593 -0.03779305 -0.01832458 -0.03343300 0.00065509 -0.00947460 -0.00910999 -0.01099350 0.01931217
829.5  -0.99071753 0.07205125 -0.01265682 -0.00040942 -0.00870260 -0.00769515 0.00658956 -0.00551580 0.01690459 0.00721400
830.0  -0.61312130 0.01293448 0.02261502 0.01581096 0.02914433 -0.01417286 -0.00799557 0.02357925 0.03274173 -0.00426299
830.5  0.20998165 -0.05978692 0.04102237 0.00802331 0.02837661 -0.01376276 0.00325402 -0.01729404 0.03673241 -0.01526091
831.0  0.88030007 -0.11551829 0.02741799 -0.00742998 -0.01065187 0.00100651 0.00297714 0.01277098 0.01947452 -0.02469543
831.5  0.90439187 -0.12389894 -0.00843062 -0.00117265 -0.03738321 0.01516541 -0.01152219 -0.00082606 -0.00513661 -0.03114012
832.0  0.25381287 -0.07330164 -0.03756254 0.00682161 -0.01091230 0.02232031 0.01163034 -0.01559142 -0.02468716 -0.03651645
832.5  -0.59485203 0.01765159 -0.03517739 -0.01319534 0.02477208 0.00726087 -0.00656202 0.01356458 -0.03753544 -0.03536649
833.0  -0.98677871 0.10484661 -0.00200327 -0.02135957 0.02342218 -0.01347953 -0.00618163 -0.01804432 -0.02920566 -0.02904237
833.5  -0.58976048 0.14121707 0.03338744 0.00232519 -0.00597106 -0.02206058 0.01624038 0.00572589 -0.01448670 -0.02121003
834.0  0.29833549 0.10464529 0.03878308 0.02907364 -0.02280733 -0.01584594 -0.01124534 0.00464198 0.00730303 -0.00986627
834.5  0.94136904 0.01426557 0.00800133 0.01707841 -0.01049650 0.00504201 0.00291751 -0.01275330 0.02840768 0.00181738
835.0  0.77615430 -0.08241981 -0.03053641 -0.01976978 0.01227842 0.01895658 0.00892861 0.01961232 0.03816443 0.01199311
835.5  -0.06600194 -0.13704247 -0.04122677 -0.03153439 0.01775902 0.01823260 -0.01415580 -0.01461654 0.03766328 0.02250658
836.0  -0.84971531 -0.12543867 -0.01467212 -0.00027982 0.00270017 0.00400245 0.01030775 0.00732143 0.02536323 0.03065078
836.5  -0.89513117 -0.05587528 0.02467854 0.03289653 -0.01530287 -0.01263507 -0.00058703 0.00555970 0.00719924 0.03411544
837.0  -0.17712939 0.04042866 0.04278223 0.02053243 -0.01449384 -0.01682200 -0.00844956 -0.01553993 -0.01309226 0.03355299
837.5  0.68447140 0.12309145 0.02581474 -0.01928189 0.00500738 -0.00875176 0.01233879 0.01891489 -0.03033335 0.02842825
838.0  0.97457248 0.15658254 -0.01125928 -0.03238713 0.01699901 0.00603580 -0.00860959 -0.01492988 -0.03923166 0.01817339
838.5  0.46412633 0.12272259 -0.03944709 0.00147894 0.00533463 0.01500590 -0.00082590 0.00357252 -0.03788836 0.00609725
839.0  -0.42236797 0.03123717 -0.03737110 0.03398428 -0.01282665 0.01276533 0.00885851 0.00892457 -0.02575998 -0.00672037
839.5  -0.96290881 -0.08015628 -0.00702595 0.01679309 -0.01305399 0.00035174 -0.01178060 -0.01726583 -0.00536436 -0.01857386
840.0  -0.73282028 -0.16094016 0.02856834 -0.02479534 0.00667523 -0.01245195 0.00657577 0.02027971 0.01913775 -0.02632733
840.5  0.06615000 -0.17382209 0.04350457 -0.02689187 0.01960521 -0.01582666 0.00291099 -0.01134177 0.03736036 -0.03058369
841.0  0.80682730 -0.11345056 0.02732811 0.01137234 0.00124516 -0.00729426 -0.01140714 -0.00213797 0.04309105 -0.02875010
841.5  0.94046291 -0.00714280 -0.00849150 0.02989065 -0.02263772 0.00613326 0.01135883 0.01189350 0.03189750 -0.02116792
842.0  0.38169025 0.09992867 -0.03836246 0.00266882 -0.01168420 0.01254329 -0.00433675 -0.02082165 0.00234263 -0.00715818
842.5  -0.45833791 0.16534594 -0.04129444 -0.02518227 0.01998803 0.00856113 0.00808789 0.01801130 -0.02596660 0.00380058
843.0  -0.96332869 0.16394805 -0.01395772 -0.00893644 0.02395864 -0.00656399 0.01119681 0.01332396 -0.04312321 0.01244445
843.5  -0.74708637 0.09784172 0.02424761 0.01574139 -0.01113724 -0.01182607 0.01246297 -0.00971805 -0.04124855 0.01738093
844.0  0.04490441 -0.00546740 0.04451010 0.00916312 -0.03407192 0.01177515 0.00641115 0.02399180 -0.01508358 0.02083133
844.5  0.80860882 -0.10328234 0.02974468 -0.00909461 -0.00125131 0.00100198 -0.00072621 -0.02225273 0.01177932 0.02113182
845.0  0.93301193 -0.15552082 -0.00914024 0.00624786 0.03486176 -0.01002710 -0.01058601 0.00949043 0.03552311 0.01994913
845.5  0.30510964 -0.14047171 -0.04051698 0.01650097 0.01594611 0.00759795 0.01973927 0.00594446 0.04673509 0.01294174
846.0  -0.57163435 -0.06418148 -0.03886971 -0.01014237 -0.02048570 -0.00064387 -0.01722440 -0.01913307 0.04155867 0.00580387
846.5  -0.98402062 0.04001061 -0.00560387 -0.02673215 -0.02569301 -0.00894285 0.00326724 0.02169240 0.02531946 -0.00390135
847.0  -0.60202964 0.12655063 0.03263832 -0.00514827 0.00242204 0.01141774 0.01010681 -0.01700812 -0.00013224 -0.01435407
847.5  0.26021514 0.15595495 0.04446497 0.02555804 0.02552668 -0.00226105 -0.01928166 0.00522710 -0.02541104 -0.01989327
848.0  0.91431336 0.11433089 0.02112606 0.02271306 0.01389252 -0.00713292 0.01634140 0.00951837 -0.04170913 -0.02120534
848.5  0.84005760 0.01961979 -0.01970235 -0.01173087 -0.01523208 0.01461613 -0.00036662 -0.01609557 -0.04630603 -0.02032650
849.0  0.08843725 -0.08413365 -0.04487161 -0.03152134 -0.02237774 -0.01199231 -0.00951416 0.01944066 -0.03555018 -0.01564872
849.5  -0.73933507 -0.14633367 -0.03394138 -0.01100402 -0.00120669 0.00002921 0.01862240 -0.01410519 -0.01414951 -0.00921948
850.0  -0.96101272 -0.13546519 0.00521171 0.02701069 0.01575923 0.01186666 -0.01549133 0.00482104 0.01177612 -0.00169343
850.5  -0.39244466 -0.05843183 0.04048440 0.03333397 0.00465568 -0.01741938 0.00219235 0.00422338 0.03459078 0.00490031
851.0  0.49208705 0.04318172 0.04130505 -0.00806570 -0.00596542 0.01404742 0.00589118 -0.01756777 0.04549412 0.01049099
851.5  0.97839150 0.11944702 0.00708346 -0.03937613 0.00365663 -0.00898154 -0.01290142 0.01497878 0.04069561 0.01401914
852.0  0.69809730 0.13769814 -0.03114060 -0.01612992 0.00697046 0.00163951 0.01752058 -0.01931160 0.01441144 0.01624294
852.5  -0.11722791 0.09322895 -0.04601483 0.02994450 0.00012126 0.00640178 -0.01676239 0.00613190 -0.01320006 0.01629761
853.0  -0.84261242 0.01005710 -0.01922699 0.03702383 -0.00994328 -0.01073248 0.00839511 0.01239000 -0.03746694 -0.01593399
853.5  -0.92498719 -0.07561841 0.02427175 -0.00361648 -0.00685706 0.00875538 0.00069631 -0.01966451 -0.04548273 0.01482130
854.0  -0.29382389 -0.12666570 0.04659374 -0.03976995 0.00453416 -0.00067802 -0.01393386 0.02333196 -0.03318592 -0.01219942
854.5  0.56897680 -0.11987342 0.02731021 -0.02583079 0.01175622 -0.00681874 0.01717408 -0.00883400 -0.01020186 0.00662918
855.0  0.98681265 -0.05689902 -0.01661773 0.01984765 0.00602614 0.00757004 -0.01005003 -0.00986739 0.01884366 0.00001478
855.5  0.62642875 0.03417900 -0.04586748 0.03957291 -0.00582119 0.00038098 -0.00125572 0.02115657 0.04017723 -0.00223524
856.0  -0.22397247 0.11056696 -0.03434586 0.00920500 -0.01279662 -0.00708976 0.01485918 -0.02324414 0.04487836 0.00795555
856.5  -0.89502232 0.13675350 0.00665037 -0.03275233 -0.00155090 0.00731345 -0.01677178 0.00841993 0.03321236 -0.01372636
857.0  -0.88450648 0.10017783 0.04165883 -0.03060930 0.01113134 -0.00194180 0.00772767 0.00965448 0.00729620 0.01929248
857.5  -0.22879489 0.01992669 0.04321435 0.01610047 0.01030550 -0.00809412 0.00747644 -0.02044428 -0.02191614 -0.02049711
858.0  0.58031144 -0.06839539 0.01174936 0.04093911 -0.00231533 0.01093758 -0.01856746 0.02035355 -0.04034227 0.01796351
858.5  0.98228030 -0.12923023 -0.02729422 0.00793021 -0.01332429 -0.00309488 0.01421228 -0.00569154 -0.04436277 -0.01215661
859.0  0.71157956 -0.13942005 -0.04618324 -0.03679538 -0.00682610 -0.00805236 -0.00187757 -0.00762730 -0.02812611 0.00427088
859.5  -0.05256637 -0.09549804 -0.03216996 -0.02836123 0.00981367 0.01352179 -0.01527492 0.01680354 0.00022334 0.00388215
860.0  -0.78764332 -0.01389303 0.00488750 0.01937083 0.01350897 -0.00755142 0.02206667 -0.01639496 0.02598164 -0.01155471
860.5  -0.95811662 0.07378287 0.03793291 0.03916130 0.00191317 -0.00320329 -0.01046959 0.00327094 0.04509421 0.01721588
861.0  -0.41683358 0.13156346 0.04219723 0.00555760 -0.01162017 0.01372400 -0.00626147 -0.00181838 0.04308064 -0.01920071
861.5  0.44210516 0.13571792 0.01452876 -0.02765093 -0.02572779 -0.00331440 0.02761318 -0.00753652 0.02138510 -0.02000849
862.0  0.96628116 0.08435394 0.02373436 -0.01902888 -0.01543787 -0.01944683 -0.01638418 0.00526988 -0.00767581 0.01769390
862.5  0.75017116 -0.00220653 -0.04354555 -0.00145393 0.02672107 0.00784170 -0.00125404 -0.00092204 -0.03541810 -0.01240531
863.0  -0.04878148 -0.08891844 0.02827987 0.01628455 0.03588506 0.01251123 0.01651130 0.01057452 -0.04496295 0.00456607
863.5  -0.81480482 -0.13970818 0.00883244 0.01260500 -0.00574291 -0.02450785 -0.01185466 -0.00991914 -0.04078958 0.00246529
864.0  -0.93009568 -0.13073108 -0.03938484 -0.00965824 -0.03972566 0.01698512 0.00325724 0.01091953 -0.02086490 -0.00878266
864.5  -0.27586746 -0.06177347 0.03777693 -0.01889167 -0.01934079 0.00081890 0.00859360 -0.00271950 0.00328415 0.01457280
865.0  0.61918003 0.03784724 -0.00439258 -0.00075062 0.02553703 -0.01648968 -0.01503277 -0.00888469 0.02509624 -0.01800128
865.5  0.98212791 0.12125850 -0.03348173 0.01812114 0.03681782 0.01893967 0.01024129 0.01641100 0.04102326 0.01927952
866.0  0.47848479 0.14573078 0.04416441 0.01122856 0.00067439 -0.00669439 -0.00187020 -0.01877047 0.04613826 -0.01969569
866.5  -0.45089047 0.09983335 -0.01474559 -0.01112569 -0.03548550 -0.01002325 -0.01110152 0.01232224 0.04181936 0.01612087
867.0  -0.97842067 0.00686123 -0.02630197 -0.01783325 -0.02584477 0.01775066 0.01531869 -0.00114287 0.02795523 -0.01027869
867.5  -0.65469376 -0.08634675 0.04727464 0.00048154 0.01735763 -0.00995750 -0.01043675 -0.01185874 0.00582850 0.00361911
868.0  0.21302463 -0.14052068 -0.03042121 0.02110346 0.03688523 -0.00497628 -0.00024503 0.01868545 -0.01793832 0.00545683
868.5  0.89594570 -0.13722979 -0.00977806 0.01145916 0.00517379 0.01614983 0.01427108 -0.01608873 -0.03871425 -0.01361665
869.0  0.87536072 -0.08245670 0.04192444 -0.01652220 -0.03367481 -0.01422786 -0.01573207 0.00862019 -0.04710890 0.02102441
869.5  0.19573552 0.00248192 -0.04376996 -0.01984479 -0.02281988 -0.00116127 0.00895978 0.00810992 -0.03766414 -0.02140257
870.0  -0.62779741 0.08822253 0.01346480 0.00855883 0.01929908 0.01400839 0.00936858 -0.01283129 -0.01581011 0.02124450
870.5  -0.98441130 0.14416599 0.02717962 0.02440111 0.03371635 -0.00008040 -0.02605018 0.01206498 0.01498296 -0.01615120
871.0  -0.59899051 0.14634124 -0.04696008 0.00225407 -0.00102048 -0.00917262 0.01390829 -0.01510290 0.03540974 0.00772178
871.5  0.24609545 0.08885807 0.03200550 -0.03627653 -0.01702990 0.00508025 0.00520219 -0.00377061 0.04445778 -0.00157093
872.0  0.90311364 -0.00811518 0.00769301 -0.02289728 -0.00211653 0.00554794 -0.02380647 0.00583278 0.03780073 -0.00529888
872.5  0.86254905 -0.10325048 -0.04213208 0.02557114 0.00133311 -0.01030394 0.02288231 -0.01334008 0.01546615 0.01248480
873.0  0.15532533 -0.15458239 0.04322378 0.03723837 -0.00302461 0.00860622 -0.01188099 0.01210716 -0.01310210 -0.01635637
873.5  -0.67280583 -0.13767617 -0.00963525 -0.00339041 -0.00106659 0.00083026 -0.00974605 -0.00532981 -0.03684564 0.01753962
874.0  -0.97917030 -0.05826436 -0.03179486 -0.03976187 0.00257397 -0.00930892 0.02578011 -0.00269710 -0.04575261 -0.01659172
874.5  -0.51561656 0.04880273 0.04692433 -0.02262057 0.00326866 0.00983079 -0.02256726 0.01217159 -0.03751052 0.01308691
875.0  0.36286303 0.13348928 -0.02341154 0.02436602 -0.00050411 -0.00423044 0.00869955 -0.01299154 -0.01617754 -0.00689364
875.5  0.95197191 0.15342727 -0.01995970 0.03792449 -0.00407302 -0.00568729 0.01169327 0.00830034 0.01110049 0.00034336
876.0  0.76007009 0.09623131 0.04731886 0.00276355 -0.00241470 0.01205822 -0.02611448 0.00004620 0.03334615 0.00506348
876.5  -0.06534922 -0.01124793 -0.03202187 -0.03468032 0.00252116 -0.00872276 0.02200945 -0.00989570 0.04436352 -0.01142079
877.0  -0.83681938 -0.11391554 -0.01204533 -0.02939786 0.00644851 -0.00047967 -0.00711386 0.01442173 0.04071758 0.01630296
877.5  -0.90878710 -0.15780946 0.04441739 0.01152483 0.00001951 0.00937119 -0.01119122 -0.01195415 0.02207677 -0.01866259
878.0  -0.23408591 -0.12052740 -0.03809689 0.03669669 -0.01269382 -0.01356232 0.02476784 0.00448319 -0.00559583 0.02114404
878.5  0.62082372 -0.02200618 -0.00185717 0.01413303 -0.01018380 0.00866261 -0.02017727 0.00463632 -0.03164115 -0.02095932
879.0  0.98288432 0.08739120 0.04158790 -0.02201271 0.01539868 0.00418732 0.00594748 -0.01354789 -0.04458202 0.01723061
879.5  0.59946858 0.15591143 -0.04640424 -0.01933381 0.03143292 -0.01645292 0.00989096 0.01202371 -0.03791227 -0.01465529
880.0  -0.22394188 0.15162700 0.01482550 0.00698987 0.00181855 0.02029657 -0.01738977 -0.00842412 -0.01135589 0.00817579
880.5  -0.88189357 0.07617621 0.03064601 0.01532776 -0.03467847 -0.01052132 0.01337395 0.00247638 0.02156928 -0.00155519
881.0  -0.89234653 -0.03638615 -0.05021986 0.00303010 -0.02439650 -0.00890494 -0.01286341 0.01992441 -0.03711302 -0.00459315
881.5  -0.23872582 -0.13189114 0.02947078 -0.00808742 0.01877167 0.02478151 -0.00276244 -0.02078091 0.03788687 0.01009117
882.0  0.59646952 -0.16175995 0.01569931 -0.00785362 0.03753720 -0.02328973 0.00137685 0.01320378 -0.01941150 -0.01434915
882.5  0.98307836 -0.11236369 -0.04814767 0.00193734 0.00689820 0.00829193 -0.01730213 -0.00912592 -0.00903701 0.01743570
883.0  0.62931450 -0.01115354 0.04090912 0.00501738 -0.03372542 0.00500176 0.02540430 -0.01159928 0.03170206 -0.01953140
883.5  -0.19693186 0.09016185 -0.00086583 -0.00232296 -0.02930458 -0.01656425 -0.01415849 0.02684461 -0.03973051 0.01789857
884.0  -0.87644148 0.14394875 -0.04049887 -0.00305774 0.01080040 0.01623782 -0.00671940 -0.02121308 0.02939123 -0.01345488
884.5  -0.89852475 0.12942401 0.04875688 0.00400535 0.03702233 -0.00589099 0.02041129 -0.00100440 -0.00637760 0.00734917
885.0  -0.23850869 0.05838587 -0.01738153 0.00420678 0.01582344 -0.00651329 -0.01642913 0.02392885 -0.01685195 0.00157055
885.5  0.60924449 -0.03465008 -0.02735196 -0.00173616 -0.02670554 0.01310649 -0.00023337 -0.03415672 0.03266198 -0.01098700
886.0  0.98710816 -0.10782737 0.05058567 -0.00873192 -0.03365232 -0.00912623 0.01675780 0.02488868 -0.03463750 0.01909623
886.5  0.58394045 -0.13066007 -0.03168007 -0.00171879 0.00288878 -0.00355277 -0.02022743 -0.00164267 0.02344558 -0.02274649
887.0  -0.29221223 -0.09447283 -0.01354704 0.00749955 0.03441920 0.01232682 0.00817709 -0.02169170 -0.00462144 0.02265168
887.5  -0.93362592 -0.01604759 0.04732744 0.00669568 0.02258070 -0.01169194 0.00998376 0.03564822 -0.01679257 -0.02018150
888.0  -0.81205237 0.06907907 -0.04182407 -0.00247615 -0.01796361 0.00205444 -0.01999655 -0.03184644 0.03261545 0.01429086
888.5  -0.03010810 0.12247101 0.00160592 -0.00849866 -0.03622106 0.01137916 0.01099925 0.01004199 -0.03729694 -0.00431991
889.0  0.77202302 0.11991509 0.03933380 -0.00050842 -0.00678138 -0.01455354 0.00814318 0.01320808 0.02338817 -0.00451235
889.5  0.95825807 0.06493461 -0.04916259 -0.02783315 0.02048700 0.00708050 -0.02121955 -0.01617195 0.01526209 0.01209926
890.0  0.39506661 -0.01633239 0.02064482 -0.02515414 0.01329625 0.00165783 0.01892114 -0.01229921 -0.03618339 -0.02122745
890.5  -0.47617007 -0.08746674 0.02358509 0.01743605 -0.00508297 -0.00170885 0.00368186 0.03086905 0.03374121 0.02671438
891.0  -0.97813495 -0.11855309 -0.04907580 0.03489640 -0.01490145 -0.00554255 -0.02368852 -0.03104836 -0.02223958 -0.02670078
891.5  -0.70155360 -0.09911034 0.03790366 0.00302292 -0.00505220 0.00733409 0.02546655 0.01548736 0.00653442 0.02376145
892.0  0.14865595 -0.04165505 0.00423545 -0.03414793 0.01188418 -0.00103046 -0.01538126 0.00669327 0.01336357 -0.01455076
892.5  0.88000851 0.02553623 -0.04350804 -0.02215079 0.01189392 -0.01043963 -0.00654807 -0.02322652 -0.02838897 0.00264960
893.0  0.88534731 0.07693470 0.04664724 0.02108446 -0.00329533 0.01621724 0.02458007 0.02835833 0.03402744 0.00917360
893.5  0.16646171 0.09807638 -0.01340232 0.03458318 -0.01352084 -0.00826854 -0.02348167 -0.02147859 -0.03296289 -0.02119316
894.0  -0.68265902 0.08695930 -0.02968262 -0.00351481 -0.00577971 -0.00556138 0.01042315 0.00346867 0.01896331 0.03074180
894.5  -0.98479134 0.04817015 0.05003857 -0.03580388 0.00984439 0.01569144 0.01022682 0.01593365 0.00261852 -0.03450392
895.0  -0.51165693 -0.00989136 -0.03150882 -0.01410443 0.01128749 -0.01468520 -0.02747895 -0.02495143 -0.02042199 0.02965883
895.5  0.36008542 -0.07208946 -0.01196504 0.02818606 -0.00202903 0.00065504 0.02291544 0.02152254 0.03517816 -0.01993883
896.0  0.94968158 -0.11403784 0.04657251 0.02830933 -0.01332931 0.01274800 -0.00433134 -0.00579275 -0.03462561 0.00839730
896.5  0.79546542 -0.11175091 -0.04348005 -0.01227681 -0.00454771 -0.01531952 -0.01811104 -0.01117281 0.01732542 0.00620154
897.0  0.01473754 -0.05673344 0.00649211 -0.03575341 0.01374077 0.00962329 0.03507961 0.01439305 0.00447400 -0.01784860
897.5  -0.77731748 0.03169828 0.03584115 -0.00881742 0.00925143 -0.00444936 -0.02623936 -0.00883115 -0.02803327 0.02730464
898.0  -0.95308169 0.11217167 -0.05013144 0.02845041 -0.00899960 0.01236731 -0.00329534 0.00362933 0.03846969 -0.03360630
898.5  -0.37717936 -0.14182440 0.02112996 0.02470713 -0.01779185 -0.01032766 0.02717294 0.00192933 -0.02784112 0.03645323
899.0  0.48862353 0.10531049 0.02267429 -0.01303987 0.00146355 0.00183093 -0.01548932 -0.03445870 0.01132208 -0.03523426
899.5  0.97486591 -0.02192929 -0.04962381 -0.02921389 0.02168273 0.00273724 -0.02821031 -0.02349159 -0.01493997 0.02904229
900.0  0.72440525 -0.06724391 0.03752716 -0.00500314 0.01175955 -0.01020394 -0.02216226 0.00169118 -0.02932750 -0.01747948
900.5  -0.06478514 0.12944596 0.00428207 0.02375099 -0.01708705 0.00990545 -0.00527759 0.02621623 -0.02895392 0.00450324
901.0  -0.80779474 -0.13510173 -0.04431614 0.01812444 -0.02392484 -0.00098083 0.01534845 0.03726506 -0.01512585 0.00864172
901.5  -0.94319926 0.08119625 0.04847301 -0.01283103 0.00259148 -0.00697810 0.02662306 0.02937573 0.00431950 -0.02013947
902.0  -0.34255362 0.01388701 -0.01159885 -0.02464544 0.02523899 0.01049913 0.02171410 0.00687639 0.02198772 0.03049800
902.5  0.54047277 -0.10394489 -0.03317176 -0.00574929 0.01566452 -0.00703323 0.00540890 -0.01964621 0.02908207 -0.03484715
903.0  0.98511026 0.13901004 0.04913482 0.02094861 -0.01415977 -0.00124649 -0.01399621 -0.03713112 0.02482881 0.03496794
903.5  0.61074897 -0.10701517 -0.02286863 0.01942419 -0.02831674 0.00906216 -0.02534877 -0.03668126 0.01118586 -0.03068735
904.0  -0.26781159 0.01436926 -0.02649615 -0.00254894 -0.00527169 -0.01056668 -0.02121568 -0.01853795 -0.00669450 0.02473282
904.5  -0.92232240 0.08714732 0.05207524 -0.02967870 -0.01572380 0.00586220 -0.00343669 0.00855083 -0.02103312 -0.01589680
905.0  -0.83249885 -0.13405853 -0.03186527 -0.02036452 0.01818790 0.00253382 0.01777778 0.03198848 -0.02649957 0.00577346
905.5  -0.08468873 0.12272068 -0.01640354 0.01328962 0.00475060 -0.00914976 0.02776702 0.03880236 -0.02079878 0.00506972
906.0  0.72402629 -0.04924431 0.05065005 0.03173035 -0.01870559 0.01039328 0.01846351 0.02537745 -0.00586284 -0.01494075
906.5  0.97268468 -0.05663726 -0.04009793 0.00889650 0.00881184 -0.00368401 -0.00222516 -0.00329684 0.00928025 0.02387258
907.0  0.47518208 0.12196206 -0.00317679 -0.02667719 0.01349302 -0.00627851 -0.02072638 -0.03184964 0.01762493 -0.02878935
907.5  -0.38923172 -0.13556012 0.04404430 -0.02782692 -0.01822496 0.01128210 -0.02404465 -0.04409307 0.01563477 0.03262426
908.0  -0.95301029 0.08742433 -0.04874420 0.00773098 0.00101906 -0.00722819 -0.00941457 -0.03286740 0.00476982 -0.03286395
908.5  -0.78429866 0.01538974 0.00921554 0.03512092 0.01502785 -0.00059789 0.00879630 -0.00349173 -0.00349195 0.03066182
909.0  -0.01613536 -0.09903797 0.03621120 0.01705487 -0.01764687 0.01271408 0.01366286 0.03169427 -0.00312538 0.02683030
909.5  0.76067211 0.13737488 -0.05085096 -0.02146600 -0.00422224 -0.01169864 0.01574320 0.04752422 0.00442113 0.02032346
910.0  0.96704609 -0.12072260 0.02472953 -0.03218901 0.02117927 0.00291233 0.00117698 0.03830123 0.01204938 0.00959104
910.5  0.47657169 0.04160529 0.02141333 -0.00103982 -0.00770810 0.00234203 -0.01321490 0.00667316 0.01183868 -0.00026787
911.0  -0.34669334 0.04803180 -0.05037072 0.03247722 -0.01597133 -0.00710906 -0.02122563 -0.02874357 0.00255828 -0.01374084
911.5  -0.92694106 -0.11592753 0.04151670 0.02053408 0.01624096 0.01178881 -0.01604054 -0.04348453 -0.01246666 -0.02423490
912.0  -0.85416792 0.14133613 -0.00105432 -0.02089250 0.00599726 0.00069765 -0.00076907 -0.03280384 -0.02379694 -0.03064434
912.5  -0.16118449 -0.10113734 -0.04035647 -0.03051968 -0.02005464 -0.00809231 0.01305610 -0.00317171 -0.02322775 -0.03294234
913.0  0.66197635 0.01631843 0.05022220 0.00150711 0.01108325 0.00945364 0.01772786 0.02837968 -0.01331893 -0.02980011
913.5  0.98283206 0.07644097 -0.01986109 0.03097536 0.01273035 -0.00696306 0.01267695 0.04187332 0.00353904 -0.02278040
914.0  0.53116358 -0.13390077 -0.02956593 0.01857262 -0.02182766 -0.00584922 0.00155650 0.03143340 0.01965934 -0.01385958
914.5  -0.34570684 0.12852255 0.05111554 -0.01965193 0.00066783 0.00976794 -0.00830773 0.00492659 0.02811341 -0.00144747
915.0  -0.94614086 -0.06310908 -0.03284777 -0.03045631 0.02115624 -0.00758356 -0.01045269 -0.02706499 0.02629129 0.01099662
915.5  -0.78887547 -0.03559121 -0.01296743 -0.00107258 -0.01564428 0.00436952 -0.00735636 -0.04375791 0.01100773 0.02048329
916.0  -0.00086734 0.11203416 0.04774746 0.03053675 -0.00915338 0.01014678 -0.00264935 -0.03579553 -0.01083662 0.02741477
916.5  0.78951504 -0.13736283 -0.04429571 0.01603524 0.02406147 -0.01094588 -0.00095995 -0.00636996 -0.02718641 0.03179570
917.0  0.94481899 0.10843735 0.00566520 -0.01784141 -0.00056846 0.00517008 -0.00383955 0.02988081 -0.02503737 0.03253042
917.5  0.33366664 -0.02137689 0.03832814 -0.02758165 0.01881457 0.00051309 -0.00572078 0.04883029 -0.00200711 0.02880184
918.0  -0.55523932 -0.07042318 -0.05018329 0.00137001 0.01396165 -0.01139310 -0.00089323 0.03842533 0.02130208 0.02108323
918.5  -0.98638949 0.12486523 0.02145097 0.02894213 -0.00799865 0.01134443 0.00739844 0.01009154 0.02961225 0.01117457
919.0  -0.58442013 -0.13774013 0.02429509 0.01392127 -0.01708800 0.00044871 0.01709860 -0.02230321 0.02140939 -0.00521637
919.5  0.31136006 0.07994018 -0.05108828 -0.02073021 -0.00313318 0.00086482 0.01353444 -0.04210809 0.00393325 -0.01602552
920.0  0.94241588 0.01509208 0.03600941 -0.02485020 0.01527571 0.00956714 -0.00132041 -0.04317097 -0.01549477 -0.02467595
920.5  0.79040614 -0.08796356 0.00828659 0.00580299 0.01153992 -0.00930168 -0.01431137 -0.02395245 -0.02790143 -0.02843351
921.0  0.00294973 0.13802057 -0.04532110 0.02772117 -0.00894273 0.00258420 -0.01841070 0.00731923 -0.02961502 -0.03180132
921.5  -0.77635399 -0.13114698 0.04809743 0.00880251 -0.01865258 0.00476720 -0.00807516 0.03432187 -0.01837757 -0.03083828
922.0  -0.95802480 0.06315721 -0.01500853 -0.02239281 0.00003071 -0.01068715 0.01086189 0.04329821 0.00137710 -0.02463261
922.5  -0.41047051 0.01407624 -0.02869050 -0.01872872 0.01920660 0.00561643 0.02395462 0.02866043 0.02002286 -0.01454630
923.0  0.45317754 -0.09529819 0.05159530 0.01531570 0.01073085 0.00095768 0.02176138 -0.00109288 0.02857142 -0.00115954
923.5  0.96922572 0.14281294 -0.03575573 0.02695015 -0.01173145 -0.00721485 0.00406357 -0.02869439 0.02394989 0.01226527
924.0  0.72943717 -0.11698504 -0.00913669 -0.00081177 -0.01624594 0.01109168 -0.01791797 -0.04043585 0.00974295 0.02274859
924.5  -0.08919125 0.04735013 0.04680780 -0.02807088 0.00119190 -0.00214919 -0.03005533 -0.03198495 -0.00647286 0.03294160
925.0  -0.83679778 0.04632597 -0.04644313 -0.01537834 0.01664398 -0.00364347 -0.02362977 -0.00710754 -0.01819164 0.03618293
925.5  -0.92119702 -0.12404559 0.00956446 0.01792745 0.00833953 0.00836724 -0.00313850 0.02239289 -0.02200767 0.03523833
926.0  -0.28086061 0.13568626 0.03834850 0.02562420 -0.01303874 -0.00784991 0.01989651 0.04174014 -0.01663053 0.02985062
926.5  0.57978885 -0.08333926 -0.05060097 -0.00096236 -0.01437324 -0.00002951 0.02533981 0.04053805 -0.00459926 0.02051368
927.0  0.98573406 -0.01178376 0.02324128 -0.02768950 0.00462909 -0.00709514 0.01613490 0.01840788 0.00822580 0.00864340
927.5  0.61549221 0.10147925 -0.02486438 -0.01465848 0.01917129 -0.01097303 -0.00476540 -0.01258524 0.01542721 -0.00430875
928.0  -0.24765806 -0.13938206 -0.05094070 0.02079309 0.00563600 -0.00584566 -0.02466696 -0.03728050 0.01246792 -0.01723341
928.5  -0.91523123 0.10476036 -0.03121591 0.02421410 -0.01821794 0.00428514 -0.02934148 -0.04297281 -0.00012666 -0.02652057
929.0  -0.83245608 -0.00598431 0.01706685 -0.00746513 -0.01449549 0.01079766 -0.01432724 -0.02752257 -0.01408930 -0.03397853
929.5  -0.05123016 -0.08954289 0.04965931 -0.01826053 0.01871863 0.00740530 0.00998707 -0.00020300 -0.01496905 -0.03713330
930.0  0.77583707 0.13555735 0.03590290 0.00754367 0.02944740 -0.00409713 0.02966247 0.02156927 -0.00447313 -0.03544430
930.5  0.94545339 -0.11617749 -0.01054653 0.01874966 -0.00283258 -0.01436199 0.03411029 0.03052786 0.00798698 -0.02948267
931.0  0.33188670 0.02210900 -0.04701087 0.00021283 -0.03124972 -0.01373757 0.02005341 0.02424129 0.01869570 -0.01983998
931.5  -0.54306828 0.07550111 -0.04234480 -0.01989100 -0.01887804 -0.00108564 -0.00670974 0.00954587 0.02310954 -0.00878051
932.0  -0.98431118 -0.12617281 -0.00243052 -0.01170637 0.01802616 0.01556658 -0.03038648 -0.00513808 0.02023698 0.00472875
932.5  -0.66543578 0.13540184 0.03896948 0.01504317 0.03107362 0.02286602 -0.03656669 -0.01414718 0.01164595 0.01580146
933.0  0.15273469 -0.06812822 0.04941085 0.02003633 0.00246257 0.01274972 -0.02112867 -0.01532254 -0.00283001 0.02564012
933.5  0.85659687 -0.03152574 0.02060391 -0.00298082 -0.03147076 -0.00659022 0.00465437 -0.01001615 -0.01720344 0.03237035
934.0  0.91644485 0.09984967 -0.02507334 -0.02379771 -0.02358799 -0.02149362 0.02639195 -0.00199909 -0.02771826 0.03528358
934.5  0.28432231 -0.14206810 -0.05030260 -0.00957137 0.01572802 -0.02008875 0.03108225 0.00498452 -0.03024463 0.03449464
935.0  -0.55582157 -0.11202872 -0.03406163 0.02226744 0.03201609 -0.00369672 0.01609430 0.00901637 -0.01929738 0.02639788
935.5  -0.98248291 -0.04643566 0.00673852 0.02373122 0.00611121 0.01282480 -0.00791029 0.00907967 0.00383103 0.01471685
936.0  -0.69126519 0.03711057 0.04350852 -0.01182543 -0.02347182 0.01583720 -0.02514144 0.00445503 0.02966502 0.00117774
936.5  0.09580294 0.11543571 0.04362269 -0.03408148 -0.01709580 -0.00168726 -0.02337039 -0.00431342 0.04224047 -0.01131310
937.0  0.81120249 0.15500353 0.01108548 -0.00553628 0.01171473 -0.00307289 -0.00150738 -0.01462235 0.02933813 -0.02269641
937.5  0.94614874 0.13165444 -0.03237828 0.03414411 0.01684177 0.01298173 0.00860636 -0.01429323 -0.00383149 -0.03324859
938.0  0.39917044 0.04422369 -0.04972162 0.02736973 -0.00559267 0.01054796 0.01581242 0.00510929 -0.03337406 -0.03855370
938.5  -0.44420159 -0.07238081 -0.02579445 -0.02317139 -0.01301462 -0.00548445 0.01460149 0.02497884 -0.03835046 -0.03984697
939.0  -0.96076905 -0.16036876 0.02120792 -0.04016783 0.00537229 -0.01602582 0.00233946 0.02622676 -0.02222016 -0.03544980
939.5  -0.73745007 -0.16944878 0.05147421 0.00089231 0.01501631 -0.01029983 -0.01056382 0.00951433 0.00063738 -0.02609833
940.0  0.07655075 -0.09119731 0.03744875 0.03756794 -0.00569294 0.00482857 -0.01671058 -0.01331668 0.01966499 -0.01631675
940.5  0.83375192 0.03226041 -0.00957457 0.02097887 -0.02151541 0.01867705 -0.01329659 -0.02980433 0.02838525 -0.00294469
941.0  0.90714471 0.13536538 -0.04871404 -0.02250037 -0.00275010 0.01848489 -0.00211990 -0.03198023 0.02729341 0.01000696
941.5  0.23570185 0.17092446 -0.04751988 -0.03184590 0.02326828 0.00564068 0.01098173 -0.01824834 0.01842636 0.02296222
942.0  -0.62480094 0.13189981 -0.00871329 0.00140691 0.01766345 -0.00959124 0.01860296 0.00607071 0.00498700 0.03270083
942.5  -0.97996193 0.04211338 0.03611391 0.03008262 -0.01438002 -0.01504590 0.01732745 0.02820823 -0.00903230 0.03749270
943.0  -0.55117657 -0.06313342 0.05252344 0.01516579 -0.02655126 -0.00766560 0.00447961 0.03679434 -0.02154139 0.03518832
943.5  0.32033025 -0.15004371 0.02925301 -0.01859820 -0.00040308 0.00348078 -0.00954552 0.02785585 -0.02787933 0.02785480
944.0  0.93393762 -0.18702389 -0.01557243 -0.02592116 0.02676731 0.00933951 -0.01701408 0.00634526 -0.02592029 0.01517955
944.5  0.78239140 -0.15050943 -0.04863745 0.00350971 0.01698709 0.00625380 -0.01465006 -0.01663950 -0.01560811 0.00005939
945.0  -0.01374233 -0.04160066 -0.04324435 0.02733086 -0.01626790 -0.00288363 -0.00439084 -0.03120129 0.00097593 -0.01721402
945.5  -0.79276542 0.10322526 -0.00547832 0.00922567 -0.02905428 -0.00889307 0.00744851 -0.03039937 0.01898439 -0.03173232
946.0  -0.91769343 0.21722737 0.03672849 -0.01493822 0.01290000 -0.00742495 0.01511702 -0.01784204 0.02885043 -0.04144786
946.5  -0.30516905 0.23764944 0.05036273 0.01139048 0.04084761 0.00075209 0.01178348 -0.00735670 -0.02592138 -0.04518244
947.0  0.54050923 0.14557209 0.02566390 0.01722066 0.00482715 0.00528037 0.00023885 0.01193788 0.01479528 -0.03688053
947.5  0.95925295 -0.02076571 -0.01780428 -0.00651801 -0.03538529 0.00835287 -0.01353727 0.02728355 0.00125047 -0.02182162
948.0  0.63990756 -0.18240596 -0.04841741 -0.02091895 -0.02292602 0.00237351 -0.01824092 0.02939033 -0.01758796 -0.00465579
948.5  -0.16725030 -0.25993965 -0.04175634 -0.00357855 0.02280878 -0.00489865 -0.00707004 0.01678755 0.02509831 0.01632337
949.0  -0.84877336 -0.21453602 -0.00242646 0.01825178 0.03697907 -0.00347222 0.00978238 -0.00290854 -0.02449378 0.03347604
949.5  -0.87753080 -0.06825654 0.03953141 0.01329555 -0.00016263 0.00444279 0.02569127 -0.01891221 0.01408378 0.04472069
950.0  -0.21698566 0.10627807 0.04981344 -0.01034165 -0.03645062 0.01144857 0.02371980 -0.02222307 0.00177941 0.04745868
950.5  0.62168268 0.22178901 0.01879765 -0.01837656 -0.02546363 0.00870497 0.00533510 -0.01631278 -0.01736610 0.04331861
951.0  0.96570532 0.22367680 -0.02907253 -0.00247453 0.01833479 -0.00761290 -0.01399550 -0.00708364 0.02652219 0.03316002
951.5  0.53761312 0.11705854 -0.05155126 0.01605853 0.03732455 -0.02552440 -0.02107530 -0.00022417 -0.02451447 0.01939137
952.0  -0.31275406 -0.04168528 -0.03237361 0.01175486 0.00995134 -0.02652074 -0.01047343 0.00747465 0.01520951 0.00345826
952.5  -0.91572211 -0.17539072 0.01403584 -0.00770360 -0.02926287 -0.00748632 0.00345340 0.01215630 0.00115094 -0.01498891
953.0  -0.81940091 -0.22470908 0.04909685 -0.01630480 -0.02946210 0.01818859 0.01218870 0.01179212 -0.01717201 -0.03354228
953.5  -0.10520005 -0.16666693 0.04446055 0.00019105 0.01045103 0.03236191 0.01056078 0.00581671 0.02501866 -0.04401644
954.0  0.69078604 -0.02377576 0.00375913 0.01714557 0.03553053 0.02299765 0.00023527 -0.00266216 -0.02509892 -0.04984609
954.5  0.95961506 0.13746598 -0.03972208 0.01119607 0.01421787 -0.00269067 -0.00925983 -0.00921667 0.01409820 -0.04996459
955.0  0.47780308 0.23077155 -0.04961345 -0.01288794 -0.02411577 -0.02779934 -0.00947194 -0.01253685 0.00372699 -0.04471669
955.5  -0.38671583 0.19574625 -0.01685678 -0.02257344 -0.02782105 -0.03287216 -0.00146768 -0.01324693 -0.01654292 -0.03512827
956.0  -0.94163862 0.04446730 0.02978446 -0.00168580 0.00112102 -0.01323025 0.00915787 -0.00457362 0.02867452 -0.02203095
956.5  -0.73585838 -0.13561801 0.04928821 0.02842416 0.02252355 0.01357976 0.00819905 -0.00378760 -0.02513132 -0.00781849
957.0  0.06315184 -0.23498082 0.02424547 0.02467347 0.01078530 0.03332022 0.00300177 0.01402583 0.00629614 0.00772559
957.5  0.81042414 -0.19322575 -0.02295856 -0.01572202 -0.00550261 0.02820080 -0.00411852 0.01427764 0.00676448 0.02257711
958.0  0.91021990 -0.03969098 -0.04909897 -0.03911551 0.00017927 -0.00003392 -0.00427064 0.00868560 -0.02320938 0.03514261
958.5  0.28690103 0.12902283 -0.03081609 -0.01353208 0.00463252 -0.02785385 0.00326514 0.00315466 0.02712400 0.04339767
959.0  -0.56546208 0.21338359 0.01582076 0.02621770 -0.01308443 -0.03309541 0.01239526 -0.00320384 -0.02138824 0.04910501
959.5  -0.97345858 0.17163932 0.04946041 0.02982230 -0.02257209 -0.01045026 0.00850829 -0.00763183 0.00995882 0.04956985
960.0  -0.60921032 0.04029650 0.03943039 -0.00032916 -0.00048231 0.01905377 -0.00494221 -0.00963322 0.00615150 0.04527138
960.5  0.24432975 -0.09711334 -0.00647867 -0.02595010 0.02971661 0.03080389 -0.01575055 -0.00781403 -0.01874771 0.03471222
961.0  0.90625971 -0.16537767 -0.04779607 -0.01842203 0.02353885 0.01601833 -0.01432841 -0.00369512 0.02608050 0.02129340
961.5  0.84781252 -0.14088838 -0.04764985 0.00917818 -0.01357288 -0.01168224 -0.00252461 0.00275432 -0.02647630 0.00382943
962.0  0.12721666 -0.05471706 -0.00672416 0.02284418 -0.03921482 -0.02965725 0.01128098 0.00673909 0.01722347 -0.01388367
962.5  -0.68337572 0.04029920 0.03915886 0.00602990 -0.01400244 -0.02259568 0.01651322 0.00785758 -0.00300618 -0.02974416
963.0  -0.98436696 0.10414735 0.05297113 -0.01676355 0.03067871 0.00359740 0.01091811 0.00527756 -0.01305886 -0.04247246
963.5  -0.58528537 0.12167118 0.02574917 -0.01521135 0.03534130 0.02679089 0.00012646 -0.00039720 0.02612960 -0.04572943
964.0  0.21776336 0.09558446 -0.01992394 0.00728699 -0.00856900 0.03026623 -0.01152022 -0.00166373 -0.02533505 -0.04524367
964.5  0.87168785 0.03710087 -0.04947532 0.01472165 -0.04437597 0.01003739 -0.01324158 -0.00489868 0.01651255 -0.03879062
965.0  0.92051547 -0.03513494 -0.04179569 0.00020421 -0.01743645 -0.01285569 -0.01220370 -0.01034978 0.00111388 -0.02859749
965.5  0.31128584 -0.09520098 -0.00204964 -0.00670425 0.03368141 -0.02499430 -0.00564978 -0.01244029 -0.02315442 -0.01143584
966.0  -0.53313692 -0.11519202 0.03859411 0.00458635 0.03947651 -0.02474963 0.00240419 -0.01531448 0.02495343 0.00520786
966.5  -0.98407373 -0.08086047 0.04819698 0.00233517 -0.00942838 -0.01193425 -0.00671242 0.00237427 -0.02285132 0.02224086
967.0  -0.68005473 -0.00629931 0.01871001 -0.01382294 -0.04307391 0.00282246 0.01072440 0.01743583 0.00596444 0.03693430
967.5  0.16180588 0.06930609 -0.02616662 -0.01147119 -0.02019771 0.00988060 -0.00720270 0.02602493 0.01422654 0.04478530
968.0  0.88044848 0.10438249 -0.04896701 0.00985801 0.02621477 0.01128420 -0.00761415 0.02320850 -0.02498479 0.04659265
968.5  0.88567705 0.08273533 -0.03196866 0.02001961 0.03769513 0.00740057 0.01380593 0.00700782 0.02627090 0.04179080
969.0  0.15565724 0.02437715 0.01217329 0.00310213 0.00052071 0.00064840 -0.01313651 -0.01312827 -0.01773042 0.03045989
969.5  -0.71120745 -0.03283680 0.04692231 -0.01799180 -0.03831876 -0.00327001 0.00282887 -0.02739543 0.00294531 0.01526028
970.0  -0.97457630 -0.06177495 0.04386423 -0.01564057 -0.02832300 -0.00414901 0.01129985 -0.02872164 0.01083748 -0.00186133
970.5  -0.39072070 -0.06147931 0.00316419 0.00787973 0.01645394 -0.00287348 -0.01838629 -0.01587354 -0.02016730 -0.01843214
971.0  0.54114239 -0.04700840 -0.04148019 0.01857793 0.04193309 -0.00057211 0.01628143 0.00367550 0.02288342 -0.03355383
971.5  0.99362536 -0.02771580 -0.05202849 0.00362963 0.01394541 0.00047368 -0.00555019 0.02287854 -0.01882732 -0.04333157
972.0  0.56317673 0.00107746 -0.01867860 -0.01624518 -0.03281554 0.00082647 -0.01005995 0.03141339 0.00965570 -0.04640508
972.5  -0.35636494 0.04362672 0.03065683 -0.01212905 -0.03710428 0.00081862 0.01953448 0.02666523 0.00283730 -0.04157848
973.0  -0.96053105 0.08623706 0.05514239 0.00687293 0.00760565 0.00057708 -0.01933099 0.00990604 -0.01277196 -0.03110092
973.5  -0.76608620 0.09977298 0.03558695 0.01144507 0.04361463 0.00110418 0.00885935 -0.01263198 0.02016984 -0.01404420
974.0  0.03178772 0.06328859 -0.01121580 -0.00418185 0.01819224 0.00253672 0.00886232 -0.02707271 -0.02077081 0.00130250
974.5  0.79478574 -0.01602191 -0.04889399 0.00863817 -0.03290423 0.00309873 -0.01873680 -0.03205835 0.01087173 0.01860150
975.0  0.95255970 -0.10108391 -0.04915419 0.02637784 -0.02366469 -0.00325755 0.01917284 -0.01921874 -0.00214887 0.03318484
975.5  0.39847278 -0.14394738 -0.01270216 -0.00990522 0.01279246 0.00023849 -0.00990153 0.00166531 -0.01363501 0.04236196
976.0  -0.45151416 -0.11545195 0.03240062 -0.03530512 0.02435765 -0.00916328 -0.00926998 0.02046685 0.02235497 0.04304829
976.5  -0.96459897 -0.02531606 0.05176007 -0.00923610 0.00056685 -0.00726310 0.01704467 0.03486943 -0.01538442 0.03862770
977.0  -0.75784506 0.07951089 0.03194618 0.03171038 -0.02254759 0.00235684 -0.01913194 0.02325326 0.00892110 0.03217762
977.5  0.01443364 0.14389292 -0.01414477 0.02822029 -0.01229079 0.00494404 0.00189839 0.00214545 0.00474310 0.02288175
978.0  0.77679784 0.13360513 -0.04745982 -0.01451271 0.01414527 0.00011370 0.01716447 -0.01962761 -0.01444892 0.00936584
978.5  0.95820592 0.05581931 -0.04237801 -0.03706208 0.02243038 -0.00576045 -0.02505482 -0.03125286 0.01682067 -0.00622806
979.0  0.41707096 -0.04873524 -0.00235299 -0.00930720 0.00251780 -0.00729723 0.01449230 -0.02578731 -0.01418424 -0.01743264
979.5  -0.44389836 -0.12795747 0.04007942 0.02857991 -0.02233458 -0.00105823 0.00851097 -0.00911706 0.00801564 -0.02921329
980.0  -0.96686956 -0.14309093 0.04886880 0.02720624 -0.01987132 0.00852456 -0.02510615 0.01105517 -0.00074465 -0.03630496
980.5  -0.73602427 -0.08498584 0.01494836 -0.01018967 0.00764199 0.01263215 0.02262143 0.02493826 -0.00685317 -0.03892798
981.0  0.08220586 0.02272624 -0.03122106 -0.03479023 0.02599630 0.00659636 -0.00400624 0.02861113 0.01233041 -0.03726716
981.5  0.83750937 0.12635359 -0.05213893 -0.01265736 0.01102863 -0.00573325 -0.01718548 0.02143373 -0.01488056 -0.03293215
982.0  0.90694960 0.16744741 -0.02766109 0.02622538 -0.01708091 -0.01403493 0.02621960 0.00541438 0.01665770 -0.02752130
982.5  0.22720688 0.11414578 0.02547649 0.03316126 -0.02455320 -0.01265972 -0.01642809 -0.01044018 -0.01267512 -0.01842765
983.0  -0.63602606 -0.01403147 0.05240079 -0.00107143 -0.00061737 -0.00442321 -0.00446493 -0.02386455 0.00358287 -0.00687797
983.5  -0.97364228 -0.14692312 0.03224893 -0.03547818 0.02207416 0.00432191 0.02033465 -0.02911662 0.00482593 0.00537905
984.0  -0.52606154 -0.20458243 -0.01662282 -0.02825318 0.01550830 0.01170237 -0.02052966 -0.02109168 -0.01984486 0.01909077
984.5  0.33623545 -0.14683078 -0.04996441 0.02164509 0.00039555 0.00866276 0.00925852 -0.01100782 0.01944591 0.03130016
985.0  0.92941603 0.00101957 -0.03895883 0.04320161 0.02137176 0.00130400 0.01203466 0.01468212 -0.01531056 0.03938645
985.5  0.78225459 0.15639054 0.00599785 0.01402183 0.00499779 -0.00860403 -0.02073267 0.02794213 0.00969781 -0.04508128
986.0  0.00478937 0.22490282 0.04535548 -0.02676502 -0.02680684 -0.01837891 0.01923145 0.02645109 0.00504543 0.04437140
986.5  -0.77853067 0.16031684 0.04486782 -0.03101999 -0.02684718 -0.01218151 -0.00630238 0.01433032 -0.01342918 -0.04165145
987.0  -0.92728529 0.00215524 0.00201840 0.00200682 0.00590847 0.00665498 -0.00815331 -0.00500494 0.02124081 0.03417402
987.5  -0.32332986 -0.15394330 -0.03916027 0.03198183 0.03186866 0.02392956 0.01794821 -0.01693792 -0.02401945 -0.02236317
988.0  0.53770688 -0.21547309 -0.04729960 0.01967622 0.01850148 0.02489831 -0.01535394 -0.01994412 0.01738284 0.00923168
988.5  0.97100107 -0.15664885 -0.01307762 -0.01863544 -0.01647462 0.00483923 0.00327468 -0.01367078 -0.00492620 0.00651164
989.0  0.65097552 -0.02016469 0.03189600 -0.03300842 -0.02978756 -0.02092440 0.00854645 -0.00370253 -0.01077894 -0.01998588
989.5  -0.16202817 0.11612907 0.05040431 -0.00327708 -0.00983666 -0.03140243 -0.01300948 0.00568203 0.02455404 0.03391745
990.0  -0.85100912 0.18689218 0.02829020 0.03357208 0.02303536 -0.01747640 0.00570109 0.01238832 -0.02811650 -0.04277489
990.5  -0.91054784 0.16746007 -0.01603983 0.02561152 0.02556581 0.00907691 0.00446384 0.01409033 0.01918572 0.04373219
991.0  -0.30269967 0.07471313 -0.04754561 -0.01859390 -0.00523270 0.02865939 -0.00945675 0.01331790 -0.00216135 -0.04323482
991.5  0.52666620 -0.04662645 -0.04240192 -0.03906869 -0.02345229 0.02712044 0.00539288 0.00635446 -0.01714240 0.03387804
992.0  0.97198006 -0.14554214 -0.00514578 -0.00525293 -0.01155138 0.00752120 0.00516558 -0.00769978 0.02785996 -0.02015449
992.5  0.70649355 -0.18195582 0.03618579 0.03782506 0.01159051 -0.01711307 -0.01062464 -0.01825193 -0.02444701 0.00475183
993.0  -0.07413462 -0.14086077 0.05071479 0.02859176 0.01650472 0.02437336 0.01379574 -0.02333007 0.01042497 0.01453715
993.5  -0.79844332 -0.03866097 0.02758136 -0.02200422 0.00139368 -0.01706200 -0.01007560 -0.01269305 0.00637766 -0.02988628
994.0  -0.94437920 0.08167342 -0.01615610 -0.04265072 -0.01244691 0.00746683 -0.01209486 0.00302130 -0.02204016 -0.04080109
994.5  -0.40871687 0.16924323 -0.04862476 -0.00207660 -0.00887303 0.00053073 0.02703882 0.01384208 0.02507458 -0.04533318
995.0  0.42820293 0.18482795 -0.04570684 0.03978690 0.00439363 -0.00786522 -0.02563183 0.02338108 -0.01832938 -0.04393357
995.5  0.95429725 0.11880953 -0.00776288 0.02568158 0.00909868 0.01461694 0.00785412 0.01790253 0.00736407 -0.03383708
996.0  0.75066450 0.00016495 0.03684086 -0.02302374 0.00526479 -0.00792631 0.02037952 0.00596232 0.00985918 -0.01732603
996.5  -0.05875989 -0.11431286 0.05273517 -0.04071782 0.00311106 -0.00251092 -0.02973342 -0.00699969 -0.01890265 0.00206534
997.0  -0.83068465 -0.16736213 0.02593095 -0.00652010 -0.00541341 0.00965412 0.02354234 -0.01863611 0.02202091 0.02161351
997.5  -0.90546771 -0.13663215 -0.02255113 0.02638607 -0.02865768 -0.01074514 -0.00589940 -0.01856415 -0.02069642 0.03642605
998.0  -0.20408181 -0.04753514 -0.05226509 0.02247002 -0.01867109 0.00495060 -0.02112937 -0.01279099 0.01097473 0.04500178
998.5  0.67447779 0.04882273 -0.03879816 -0.00347434 0.01997014 0.00444211 0.03174509 -0.00128983 -0.00168496 0.04666058
999.0  0.97719310 0.11043590 0.00611008 -0.02156445 0.03555435 -0.00979137 -0.02472489 0.01146815 -0.00881670 0.04075231
999.5  0.45360448 0.12201653 0.04594641 -0.01213264 0.00529506 0.00678990 0.00703841 0.01662305 0.01853669 0.02584577
1000.0  -0.44731594 0.09104123 0.04913240 0.01342625 -0.03319731 -0.00049358 0.01978669 0.01650728 -0.02179048 0.00680443
