0.0  1.00000000 0.00000000 0.00000000 0.00000000 0.00000000 0.00000000 0.00000000 0.00000000 0.00000000 0.00000000
0.5  0.51029302 -0.00393632 -0.00014274 -0.00055609 0.00020632 0.00039902 -0.00239116 -0.00054365 -0.00071684 0.00051626
1.0  -0.46845695 0.00164591 -0.00005981 0.00121328 -0.00043900 0.00035667 -0.00358667 -0.00036335 -0.00043485 -0.00170338
1.5  -0.99781550 0.00452784 0.00003917 0.00146137 -0.00025713 0.00016256 -0.00225033 0.00016969 -0.00001809 -0.00213123
2.0  -0.58150469 0.00025906 -0.00009822 -0.00042273 -0.00049177 -0.00154506 0.00049096 0.00044966 0.00036627 -0.00195871
2.5  0.38451070 0.00151755 -0.00002725 -0.00043758 0.00039419 -0.00200047 0.00176428 0.00099175 -0.00049888 -0.00064096
3.0  0.98671089 -0.00514340 0.00016519 0.00027079 0.00150525 -0.00065776 0.00127017 0.00134274 -0.00074437 -0.00068358
3.5  0.66362572 -0.00340531 -0.00018262 0.00082697 0.00080029 0.00160631 0.00014700 0.00084750 -0.00130283 0.00057941
4.0  -0.27231216 0.00219052 0.00001241 -0.00019985 -0.00044663 0.00241461 -0.00078777 -0.00041743 -0.00116322 0.00202811
4.5  -0.95551207 0.00111946 0.00024558 -0.00088224 -0.00224438 0.00126849 -0.00106330 -0.00111325 -0.00036499 0.00209101
5.0  -0.76796149 0.00562327 0.00016391 -0.00088631 -0.00089029 -0.00089576 -0.00056606 -0.00085007 0.00084207 0.00304451
5.5  0.12535487 -0.00084574 0.00002463 0.00037439 0.00289466 -0.00210798 0.00020778 -0.00006888 0.00189708 0.00143821
6.0  0.91001378 -0.00367206 -0.00037426 0.00041852 0.00324069 -0.00176306 0.00086768 0.00032519 0.00239218 -0.00091048
6.5  0.81731081 -0.00101405 -0.00008670 0.00079620 -0.00056550 -0.00032519 0.00042980 -0.00021211 0.00250522 -0.00293832
7.0  -0.11050617 -0.00267579 -0.00000909 0.00223577 -0.00375699 0.00137938 0.00290622 0.00086349 0.00066495 -0.00561394
7.5  -0.93212828 0.00404002 -0.00003343 0.00171466 -0.00085431 0.00232416 -0.00004374 -0.00090325 -0.00093004 -0.00655000
8.0  -0.74361671 0.00239520 0.00008231 -0.00175657 0.00260780 0.00196260 -0.00373952 -0.00088944 -0.00213935 -0.00591644
8.5  0.26255882 -0.00219456 -0.00000946 -0.00255280 0.00173153 0.00069113 0.00135234 0.00029989 -0.00275538 -0.00467366
9.0  0.97812809 0.00077143 -0.00011278 -0.00141205 -0.00140036 -0.00124744 -0.00100126 -0.00030845 -0.00282408 -0.00305455
9.5  0.64337216 -0.00281517 0.00024950 0.00171576 -0.00278566 -0.00179174 0.00305045 -0.00069858 -0.00067905 -0.00263432
10.0  -0.35858339 0.00022322 -0.00010763 0.00253844 0.00045834 0.00002640 0.00346118 0.00047205 0.00090781 -0.00017292
10.5  -0.98856109 0.00237819 -0.00051832 0.00028477 0.00208016 -0.00009591 -0.00448317 0.00071765 0.00207577 0.00246566
11.0  -0.62626666 -0.00237050 -0.00031949 -0.00167823 0.00027121 -0.00013667 0.00003056 0.00078924 0.00357339 0.00423887
11.5  0.35611711 0.00200893 -0.00021354 -0.00171139 -0.00106915 0.00011283 -0.00052029 0.00233533 0.00268310 0.00217023
12.0  0.98586572 0.00022283 0.00140143 -0.00084231 -0.00055537 0.00034512 -0.00114209 0.00199935 0.00103738 0.00302504
12.5  0.64745901 -0.00047875 -0.00069412 0.00103832 0.00071862 0.00001236 0.00500645 -0.00060686 -0.00147264 0.00539178
13.0  -0.31697479 0.00220323 -0.00035760 -0.00127933 0.00066684 -0.00043257 -0.00083859 -0.00273031 -0.00160779 0.00709275
13.5  -0.97251517 -0.00403226 0.00101063 -0.00150454 -0.00040101 -0.00092416 -0.00159137 -0.00319057 -0.00156586 0.00574557
14.0  -0.72479809 -0.00098216 -0.00101400 0.00049420 -0.00105191 -0.00045130 0.00100506 -0.00120515 -0.00189935 0.00291218
14.5  0.16214464 0.00092534 0.00006315 0.00333519 0.00045919 0.00093867 -0.00423049 0.00137351 -0.00238377 -0.00353271
15.0  0.89864803 0.00018683 0.00045862 0.00017145 0.00157737 0.00158438 0.00238381 0.00278894 -0.00173281 -0.00617127
15.5  0.88385693 0.00535641 -0.00089521 -0.00350236 0.00034822 0.00104864 0.00193240 0.00195896 0.00046454 -0.00517050
16.0  0.14712230 -0.00084301 0.00027947 -0.00303508 -0.00232348 -0.00047781 -0.00252068 0.00037402 0.00203413 -0.00539237
16.5  -0.71421423 -0.00195889 0.00056276 0.00064796 -0.00186201 -0.00201499 0.00329604 -0.00080556 0.00325964 -0.00700297
17.0  -0.98331696 -0.00166460 -0.00062385 0.00351777 0.00077539 -0.00131948 -0.00210262 -0.00051205 0.00202583 -0.00906384
17.5  -0.40175429 -0.00417386 0.00057107 0.00205351 0.00188028 0.00036952 -0.00066232 0.00005906 -0.00054828 -0.01167492
18.0  0.54330628 0.00354218 0.00023918 -0.00217536 0.00138072 0.00143950 0.00447934 -0.00020176 -0.00273040 -0.01097841
18.5  0.99988853 0.00279567 -0.00098835 -0.00371185 -0.00095373 0.00149714 -0.00482983 -0.00103536 -0.00243237 -0.00841448
19.0  0.55401273 0.00053114 0.00046468 -0.00059833 -0.00195308 -0.00041078 0.00055302 -0.00184319 0.00047208 -0.00500329
19.5  -0.37767028 0.00166026 0.00010079 0.00406646 -0.00120911 -0.00180210 -0.00180773 -0.00094449 0.00285864 -0.00157380
20.0  -0.97476828 -0.00477746 -0.00085990 0.00370647 0.00075988 -0.00184090 -0.00126592 0.00058902 0.00267422 0.00175501
20.5  -0.75129328 -0.00139014 0.00055499 -0.00112420 0.00163714 -0.00096041 0.00659550 0.00164629 -0.00005670 0.00529740
21.0  0.08747217 0.00111490 0.00008864 -0.00467503 -0.00130025 0.00119451 -0.00048711 0.00232316 -0.00263211 0.00690572
21.5  0.85461047 -0.00078702 -0.00054368 -0.00226912 -0.00127963 0.00164578 -0.00163092 0.00349231 -0.00333963 0.00886073
22.0  0.92211983 0.00389535 0.00112779 0.00296280 0.00022875 0.00054830 -0.00035243 0.00234154 -0.00106095 0.00860561
22.5  0.22031595 -0.00078269 -0.00000367 0.00488927 0.00173792 -0.00070866 0.00078983 0.00456078 -0.00421258 0.00763294
23.0  -0.67264652 -0.00118184 -0.00092195 0.00247609 0.00100781 -0.00193301 0.00063179 -0.00863587 -0.00692324 0.00646918
23.5  -0.99111090 0.00187641 0.00046364 -0.00384951 -0.00098483 -0.00049667 -0.00129387 0.00762660 -0.00564703 0.00585484
24.0  -0.45560146 -0.00243266 -0.00049290 -0.00531594 -0.00161719 0.00086779 0.00012041 0.00358459 -0.00091984 0.00473924
24.5  0.46861415 0.00133374 -0.00046864 -0.00260837 0.00029637 0.00179572 0.00085004 -0.00495632 0.00377737 0.00307067
25.0  0.99153205 -0.00063951 0.00110807 0.00461417 0.00046340 0.00158970 -0.00143001 0.00674573 0.00548859 -0.00049305
25.5  0.68358994 -0.00283586 -0.00042152 0.00633655 -0.00089989 -0.00039096 0.00118642 -0.00928356 0.00429667 -0.00248646
26.0  -0.19267672 0.00263006 -0.00032210 -0.00145702 -0.00049606 -0.00178454 -0.00051037 -0.00015063 0.00172454 -0.00637831
26.5  -0.91220488 -0.00048074 0.00109896 -0.00879122 0.00180207 -0.00160255 -0.00126863 0.00531258 -0.00007853 -0.00829971
27.0  -0.85195807 0.00244914 -0.00083896 -0.00542676 0.00176762 0.00021543 0.00262375 -0.00542119 -0.00053840 -0.00932805
27.5  -0.02307156 0.00161883 0.00002204 0.00591260 0.00061934 0.00156574 -0.00331604 0.01142793 -0.00095456 -0.00844943
28.0  0.84057939 -0.00430292 0.00059913 0.00892771 -0.00266344 0.00140389 -0.00257976 -0.00778945 -0.00162552 -0.00654279
28.5  0.89210744 0.00010696 -0.00129242 0.00115777 -0.00253637 -0.00136482 -0.00278184 -0.00085175 -0.00346655 -0.00396604
29.0  0.05350554 -0.00136840 0.00009362 -0.00679914 0.00081681 -0.00367631 -0.00048296 0.00431020 -0.00358268 -0.00201574
29.5  -0.83641175 0.00077463 0.00117118 -0.00761798 0.00206721 -0.00171270 0.00356778 -0.00923668 -0.00028531 0.00177266
30.0  -0.90001719 0.00475550 -0.00071992 0.00086961 0.00149503 0.00195521 -0.00380258 0.00948229 0.00058750 0.00557988
30.5  -0.10813025 -0.00187864 0.00032681 0.00787690 -0.00011215 0.00393625 -0.00211199 -0.00912828 0.00200785 0.00723141
31.0  0.77423406 -0.00016499 0.00028018 0.00389179 -0.00186352 0.00434843 -0.00015828 -0.00074659 0.00351767 0.00851629
31.5  0.95610662 -0.00186314 -0.00130628 -0.00546537 -0.00134877 0.00153659 0.00308497 0.00915040 0.00518444 0.00854640
32.0  0.29305497 -0.00285964 0.00067635 -0.00633496 -0.00004445 -0.00212326 0.00473701 -0.01290520 0.00289987 0.00709439
32.5  -0.62856962 0.00363065 0.00006170 0.00180450 0.00295360 -0.00352064 0.00330113 0.01267218 0.00224663 0.00413705
33.0  -0.99570927 -0.00045195 -0.00026790 0.00747446 0.00177620 -0.00270679 -0.00057524 -0.00739780 -0.00311439 0.00032908
33.5  -0.47607817 0.00184788 0.00043724 0.00269995 -0.00189525 -0.00045453 -0.00409148 -0.00135673 -0.00580623 -0.00406861
34.0  0.46728608 0.00047043 -0.00030756 -0.00580236 -0.00170831 0.00182778 -0.00489079 0.00967726 -0.00651778 -0.00909819
34.5  0.99368354 -0.00351162 -0.00022398 -0.00658684 0.00060799 0.00270742 -0.00240587 -0.01310864 -0.00516927 -0.01218840
35.0  0.66076502 0.00192003 0.00028404 0.00154767 0.00183227 0.00287788 0.00181959 0.01202972 -0.00015294 -0.01319193
35.5  -0.21577220 -0.00184003 -0.00029255 0.00628060 0.00067958 0.00264066 0.00432349 -0.00689784 0.00278139 -0.01013054
36.0  -0.90796099 0.00095762 0.00027881 0.00135208 -0.00380853 0.00107184 0.00374691 -0.00250887 0.00529407 -0.00563478
36.5  -0.88722723 0.00142068 0.00081393 -0.00537726 0.00087640 -0.00220609 0.00097616 0.01147941 0.00613937 0.00078984
37.0  -0.17780246 -0.00227530 -0.00039214 0.00151620 0.00324113 -0.00569247 -0.00031825 -0.01234615 0.00366799 0.00366715
37.5  0.68178633 0.00267993 0.00003734 0.00475081 -0.00051822 -0.00465794 -0.00152411 0.00832124 0.00141333 0.00760442
38.0  0.99053323 -0.00164454 -0.00035401 0.00078168 -0.00313323 -0.00071368 -0.00214736 -0.00046272 -0.00205285 0.00985777
38.5  0.43085951 0.00067598 -0.00045107 -0.00404638 -0.00041069 0.00349375 -0.00223091 -0.01010134 -0.00458463 0.01478441
39.0  -0.54203644 0.00118719 0.00050426 -0.00369616 0.00130353 0.00607259 -0.00268890 0.01263249 -0.00383753 0.01579855
39.5  -0.99890491 -0.00354320 -0.00001485 0.00084154 0.00119260 0.00345060 0.00039230 -0.01107252 -0.00432449 0.01339839
40.0  -0.46143148 0.00165771 -0.00038641 0.00339390 -0.00053633 0.00078763 0.00146334 0.00566283 -0.00101372 0.00973413
40.5  0.54049066 -0.00016608 0.00055256 0.00218700 -0.00155060 -0.00258312 0.00232243 0.00407175 0.00133618 0.00685347
41.0  0.99857522 0.00019550 0.00003374 -0.00225566 -0.00055172 -0.00526180 0.00205100 -0.01058365 0.00252746 0.00310068
41.5  0.45575365 0.00343700 -0.00010731 -0.00423019 0.00116697 -0.00260666 -0.00279394 0.01130030 0.00492987 -0.00127551
42.0  -0.54830635 -0.00300899 0.00034694 -0.00355957 0.00089839 -0.00083950 -0.00063991 -0.00984431 0.00263486 -0.00573728
42.5  -0.99684703 -0.00085820 -0.00068085 0.00195858 0.00056002 0.00331346 0.00021589 0.00342203 0.00174339 -0.00758135
43.0  -0.39938473 0.00062255 -0.00030307 0.00473807 -0.00018282 0.00532273 0.00111989 0.00458672 0.00054499 -0.00806048
43.5  0.63862611 -0.00189282 0.00070491 0.00157004 0.00175019 0.00375623 0.00061093 -0.01049188 -0.00112111 -0.01026284
44.0  0.97019705 0.00340802 0.00021782 -0.00251342 0.00027850 0.00118406 0.00120622 0.01248070 -0.00170149 -0.01312245
44.5  0.19197770 0.00025950 -0.00014668 -0.00319387 -0.00195956 -0.00318339 0.00214862 -0.01071775 -0.00251714 -0.01567804
45.0  -0.80942805 -0.00268340 0.00031554 -0.00149455 -0.00222739 -0.00520865 0.00172247 0.00685019 -0.00230231 -0.01589291
45.5  -0.87619560 0.00208834 -0.00064135 0.00152931 0.00009420 -0.00450422 -0.00070100 -0.00120357 -0.00247036 -0.01553253
46.0  0.04607849 -0.00153547 -0.00027687 0.00244460 0.00409312 -0.00074840 -0.00334541 -0.00614055 -0.00220205 -0.01428184
46.5  0.90902859 -0.00032882 0.00071314 0.00031963 0.00355742 0.00328797 -0.00393095 0.01081683 -0.00125236 -0.01163500
47.0  0.79604203 0.00263827 -0.00067051 -0.00211736 -0.00096934 0.00530257 -0.00180224 -0.01185258 -0.00031836 -0.00944557
47.5  -0.14892088 -0.00261493 -0.00042328 -0.00246286 -0.00495686 0.00332597 0.00157008 0.01234451 0.00025721 -0.00494114
48.0  -0.93962487 0.00109183 0.00103226 0.00013769 -0.00346955 -0.00073620 0.00355205 -0.00747528 0.00044758 0.00077779
48.5  -0.74094498 0.00112307 -0.00021629 0.00259163 0.00176236 -0.00458650 0.00329789 -0.00087357 0.00093339 0.00454975
49.0  0.26056254 -0.00255013 -0.00062418 0.00248433 0.00470566 -0.00512231 0.00178493 0.00432511 0.00130373 0.00956788
49.5  0.98011475 0.00226431 0.00087351 0.00002824 0.00250798 -0.00189752 -0.00003585 -0.00960459 0.00172154 0.01404149
50.0  0.61220215 -0.00060931 -0.00083106 -0.00219687 -0.00230477 0.00124366 -0.00150141 0.01399255 0.00255475 0.01788513
50.5  -0.42650729 -0.00148641 -0.00068527 -0.00118390 -0.00427358 0.00449842 -0.00307885 -0.01151232 0.00257505 0.01987691
51.0  -0.99851786 0.00280972 0.00190017 0.00133634 -0.00207518 0.00372721 -0.00343198 0.00700843 0.00297341 0.01982760
51.5  -0.53115805 -0.00232155 -0.00081450 0.00255586 0.00147826 0.00128232 -0.00265553 -0.00260768 0.00008476 0.01639568
52.0  0.46076215 0.00065294 -0.00083284 0.00144330 0.00426994 -0.00181605 -0.00043389 -0.00526722 -0.00292422 0.01167333
52.5  0.99739697 0.00118606 0.00167855 -0.00253758 0.00243434 -0.00380358 0.00266430 0.01152432 -0.00295554 0.00674942
53.0  0.58077366 -0.00253229 -0.00107161 -0.00528986 -0.00050861 -0.00186809 0.00414940 -0.01271071 -0.00470979 0.00091257
53.5  -0.38624226 0.00250652 -0.00046141 -0.00193952 -0.00645263 0.00121262 0.00406070 0.00967506 -0.00211207 -0.00604936
54.0  -0.98769541 -0.00124205 0.00139573 0.00211298 -0.00441942 0.00403496 0.00128174 -0.00216488 -0.00105368 -0.01331675
54.5  -0.64669251 -0.00063908 -0.00166368 0.00510637 0.00204244 0.00334764 -0.00222872 -0.00566509 0.00047638 -0.01941985
55.0  0.31370096 0.00219879 0.00001850 0.00306783 0.00616117 0.00050227 -0.00431963 0.01094524 0.00244606 -0.02154232
55.5  0.97260287 -0.00247876 0.00171959 -0.00383984 0.00248316 -0.00173887 -0.00324169 -0.01224075 0.00357844 -0.01971024
56.0  0.71403635 0.00199678 -0.00143822 -0.00639017 -0.00357261 -0.00312045 -0.00033854 0.00799621 0.00495007 -0.01387777
56.5  -0.19665195 -0.00019355 0.00047642 -0.00106455 -0.00631630 -0.00244545 0.00286335 -0.00140047 0.00409403 -0.00587504
57.0  -0.92269374 -0.00189311 0.00090253 0.00747171 -0.00027966 -0.00043726 0.00411861 -0.00718856 0.00095026 0.00295551
57.5  -0.84061405 0.00184745 -0.00208309 0.00588510 0.00611705 0.00160135 0.00223686 0.01357409 -0.00162827 0.00969346
58.0  -0.03465228 -0.00252363 0.00097721 -0.00593940 0.00331423 0.00266374 -0.00056306 -0.00833502 -0.00714901 0.01613898
58.5  0.80651952 0.00205913 0.00053920 -0.00862329 -0.00292820 0.00189447 -0.00315072 0.00420391 -0.00745353 0.01884820
59.0  0.93580921 0.00117146 -0.00146564 0.00131917 -0.00522830 -0.00004024 -0.00323306 0.00168276 -0.00452089 0.01797617
59.5  0.19765164 -0.00128470 0.00157160 0.01148304 -0.00132179 -0.00144240 -0.00133384 -0.01100177 -0.00157380 0.01612832
60.0  -0.73826153 0.00169021 -0.00013105 0.00955671 -0.00089044 -0.00247704 0.00055660 0.01270477 0.00416645 0.01357878
60.5  -0.95558295 -0.00322542 -0.00149464 -0.00026591 0.00743133 -0.00248504 0.00189827 -0.00956409 0.00361743 0.00797329
61.0  -0.23559955 0.00002124 0.00150735 -0.00763382 0.01077620 -0.00148660 0.00122535 0.00728757 0.00599335 -0.00012466
61.5  0.70644903 0.00179879 -0.00030718 -0.00571450 -0.00015127 0.00054010 0.00055999 0.00215120 0.00459680 -0.00709057
62.0  0.97535537 -0.00078134 -0.00107880 0.00480881 -0.01034924 0.00227791 0.00140499 -0.01190801 0.00028600 -0.01285545
62.5  0.35080542 0.00282003 0.00173633 0.00827713 -0.00679248 0.00406989 0.00004024 0.01183847 -0.00125220 -0.01850152
63.0  -0.58264161 -0.00179605 -0.00089567 0.00102205 0.00670499 0.00236911 0.00188383 -0.00815078 -0.00756827 -0.01740435
63.5  -0.99924440 -0.00109858 -0.00065808 -0.00756642 0.01027551 -0.00017910 0.00074652 0.00210860 -0.00549689 -0.01479511
64.0  -0.53716316 0.00138224 0.00126508 -0.00618490 -0.00053536 -0.00196203 -0.00254801 0.00706854 -0.00045383 -0.00993657
64.5  0.39926697 -0.00231491 -0.00130768 0.00297433 -0.00963263 -0.00353012 -0.00724495 -0.01082027 0.00228826 -0.00388051
65.0  0.98338913 0.00202229 0.00034912 0.00929567 -0.00574746 -0.00138158 -0.00279223 0.01175042 0.00446625 0.00356566
65.5  0.69928357 -0.00082698 0.00109973 0.00336174 0.00553902 -0.00003808 -0.00026488 -0.00742791 0.00437942 0.01208322
66.0  -0.19147906 -0.00108269 -0.00145627 -0.00740511 0.01010326 0.00191236 0.00450869 -0.00659664 0.00321991 0.02006328
66.5  -0.91006135 0.00299878 0.00079507 -0.00733578 0.00255822 0.00292591 0.00608483 0.01219652 0.00095058 0.02285610
67.0  -0.87512921 -0.00123468 0.00094344 0.00355667 -0.00767514 0.00116939 0.00269059 -0.01045290 -0.00165735 0.02074007
67.5  -0.15700362 0.00186152 -0.00141635 0.01147984 -0.00583173 -0.00106463 -0.00253051 0.01064101 -0.00376695 0.01472039
68.0  0.66994004 -0.00099495 0.00086854 0.00210262 0.00434257 -0.00274975 -0.00606046 0.00160665 -0.00446244 0.00800049
68.5  0.99826349 -0.00330293 -0.00012799 -0.01109879 0.00735387 -0.00269614 -0.00509078 -0.01218291 -0.00332577 0.00052772
69.0  0.58441389 0.00098548 -0.00158303 -0.00888447 -0.00028503 -0.00105497 -0.00032201 0.01022442 0.00040453 -0.00096275
69.5  -0.28661712 -0.00195518 0.00149600 0.00625173 -0.00716959 0.00009652 0.00595370 -0.01211252 0.00156133 -0.00733063
70.0  -0.94258696 0.00317966 -0.00010101 0.01337896 -0.00321749 0.00296658 0.00821790 0.00421053 0.00470257 -0.01199738
70.5  -0.81032014 0.00268123 0.00073850 0.00297450 0.00481259 -0.00233552 0.00687678 0.00819077 0.00639918 -0.01420574
71.0  0.03614031 -0.00186641 0.00179382 -0.01092334 0.00599283 0.00891691 0.00283095 -0.01115095 0.00603574 -0.01911237
71.5  0.85403741 0.00039471 0.00230135 -0.01122890 0.00058498 -0.00187747 -0.00430228 0.01292307 0.00409152 -0.02035020
72.0  0.90395931 -0.00356916 0.00092488 0.00220474 -0.00483881 -0.00792919 -0.00750506 -0.01065536 -0.00234491 -0.01827954
72.5  0.14721451 -0.00109960 -0.00186034 0.01202573 -0.00506009 0.00185043 -0.00618074 -0.00143618 -0.00834219 -0.01648590
73.0  -0.73769481 0.00333591 -0.00349706 0.00855514 0.00228678 -0.00320667 -0.00051420 0.00953535 -0.01069058 -0.01299174
73.5  -0.97148502 -0.00016623 -0.00197023 -0.00658388 0.00590716 0.00117501 0.00531689 -0.01328692 -0.00792442 -0.01012850
74.0  -0.34379570 0.00234621 0.00128468 -0.01469544 0.00224222 0.00958632 0.00707217 0.01458499 -0.00125648 -0.00691858
74.5  0.59642768 -0.00069531 0.00354230 -0.00667184 -0.00539554 -0.00313025 0.00457351 -0.00656117 0.00456225 -0.00106695
75.0  0.99713575 -0.00347514 0.00176171 0.00997581 -0.00739866 -0.00228175 -0.00004144 -0.00407040 0.00704699 0.00662527
75.5  0.47443914 0.00140640 -0.00168081 0.01446048 -0.00185752 -0.00017722 -0.00384626 0.01036156 0.00647776 0.01440129
76.0  -0.49336797 -0.00098834 -0.00278498 0.00207956 0.00635026 -0.00630867 -0.00530333 -0.01575652 0.00462645 0.02042641
76.5  -0.99827856 0.00084128 -0.00038387 -0.01260343 0.00911051 0.00490277 -0.00480061 0.01398843 0.00267794 0.02164392
77.0  -0.57806669 0.00222807 0.00239852 -0.01260443 0.00212969 0.00347472 -0.00218547 -0.00186478 0.00075119 0.01929973
77.5  0.36197567 -0.00241420 0.00207415 0.00170681 -0.00778034 -0.00490535 0.00193319 -0.00611572 -0.00160319 0.01564339
78.0  0.97409822 0.00159873 -0.00090216 0.01258575 -0.01170609 0.00544814 0.00725068 0.01227416 -0.00374547 0.01218228
78.5  0.73772308 -0.00000855 -0.00333991 0.00714176 -0.00161278 -0.00236788 0.00983075 -0.01523922 0.00270360 0.00681224
79.0  -0.13757223 -0.00109987 -0.00237193 -0.00311612 0.01351211 -0.00305978 0.00307413 0.00585637 0.00372622 0.00188970
79.5  -0.89970721 0.00122814 0.00090109 -0.00478915 0.01436727 0.00498839 -0.00480696 0.00610828 0.00036555 -0.00447964
80.0  -0.84998720 -0.00316836 0.00328869 -0.00209759 -0.00293329 -0.00549023 -0.00687144 -0.01409960 -0.00502150 -0.00934742
80.5  0.01419250 0.00058790 0.00295109 0.00015129 -0.01767215 -0.00455703 -0.00661814 0.01721245 -0.00722487 -0.01284538
81.0  0.87562646 0.00243819 0.00025733 0.00231681 -0.01069054 0.00630128 -0.00130039 -0.00996993 -0.00738705 -0.01476651
81.5  0.84485723 0.00031249 -0.00283458 0.00267153 0.00900937 -0.00330166 0.00475186 -0.00189640 -0.00472619 -0.01565617
82.0  -0.06191827 0.00248518 -0.00308153 -0.00248771 0.01902206 0.00303881 0.00766175 0.01113224 -0.00055369 -0.01522955
82.5  -0.90139833 -0.00370993 -0.00063603 -0.00296410 0.00530905 0.00366847 0.00675167 -0.01666419 0.00297969 -0.01110043
83.0  -0.82260133 -0.00349492 0.00246630 0.00101520 -0.01488733 -0.00928737 0.00053880 0.01491723 0.00617462 -0.00301886
83.5  0.07249985 0.00148828 0.00343700 0.00501455 -0.01591652 0.00282864 -0.00397654 -0.00487124 0.00682274 0.00717082
84.0  0.89273895 0.00068503 0.00127028 0.00036987 0.00438398 0.00303036 -0.00614180 -0.00582123 0.00437525 0.01433754
84.5  0.84503813 0.00521984 -0.00187261 -0.00732630 0.01816522 -0.00523686 -0.00544169 0.01284601 0.00029544 0.01589938
85.0  -0.02307063 0.00027647 -0.00348329 -0.00512774 0.00774514 0.00986173 0.00133737 -0.01604841 -0.00524701 0.01464296
85.5  -0.87027937 -0.00410895 -0.00178763 0.00636170 -0.01282570 -0.00462445 0.00392002 -0.01476291 -0.00785074 0.01201258
86.0  -0.86644467 -0.00111005 0.00166652 0.00962569 -0.01473357 -0.00580393 0.00575153 -0.00689566 0.00760354 0.00931004
86.5  -0.01479440 -0.00286412 0.00347487 -0.00265519 0.00243033 0.00931751 0.00587437 0.00310296 -0.00372673 0.00569509
87.0  0.84784706 0.00354632 0.00221846 -0.01269953 0.01541219 -0.00796104 0.00460182 0.01132512 -0.00099581 -0.00031310
87.5  0.89674225 0.00328992 -0.00095114 -0.00568382 0.00804192 0.00198809 0.00241288 0.01478682 0.00570900 -0.00739037
88.0  0.11285508 0.00122009 -0.00296757 0.00639839 -0.00945675 0.00715613 -0.00014615 0.01374724 -0.00745163 -0.01315003
88.5  -0.76562509 0.00608883 -0.00297740 0.00915267 -0.01566211 -0.01056727 -0.00450966 0.00759808 0.00639254 -0.01549250
89.0  -0.96054806 0.01320696 -0.00100454 -0.00050978 0.00061784 0.00621068 -0.00913625 -0.00187678 -0.00328305 -0.01359374
89.5  -0.30505562 0.01363429 0.00184756 -0.00788350 0.01657459 0.00189410 -0.00961638 -0.01012727 -0.00178291 -0.00962848
90.0  0.63295976 0.00378194 0.00392781 -0.00335648 0.01324926 -0.00806954 -0.00453586 -0.01220081 0.00801117 -0.00559109
90.5  0.99005902 -0.01076122 0.00327775 0.00435108 -0.00841621 0.00907863 0.00344939 -0.01104124 -0.00789883 -0.00061687
91.0  0.37560428 -0.01971951 -0.00041291 0.00375707 -0.01825928 -0.00398315 0.00951252 -0.00445536 0.00797106 0.00607697
91.5  -0.63541321 -0.01741714 -0.00453440 -0.00295979 -0.00594663 -0.00298137 0.01058697 0.00423755 -0.00381304 0.01124042
92.0  -0.97738782 -0.00635675 -0.00475900 -0.00164022 0.01394994 0.00841547 0.00523663 0.01170335 -0.00074333 0.01318524
92.5  -0.26058754 0.00824875 -0.00007783 0.00587087 0.01580786 -0.00771101 -0.00167942 0.01373755 0.00608385 0.01469174
93.0  0.73848831 0.02211973 0.00491102 0.00120534 -0.00208082 0.00383820 -0.00864189 0.01096589 -0.00881477 0.01338627
93.5  0.93820445 0.02799777 0.00511723 -0.00980324 -0.01493057 0.00063818 -0.01086630 0.00469720 0.00870663 0.01244688
94.0  0.13488790 0.01595586 0.00005147 -0.00952794 -0.00875246 -0.00819328 -0.00744990 -0.00314422 -0.00832053 0.00798616
94.5  -0.81082317 -0.01534312 -0.00502958 0.00444722 0.00712619 0.00831860 -0.00089548 -0.00909590 0.00360239 0.00530163
95.0  -0.89365404 -0.04583727 -0.00446225 0.01342501 0.01415918 -0.00353207 0.00716918 -0.01261101 0.00247416 0.00047611
95.5  -0.01771972 -0.04421353 0.00033999 0.00610421 0.00550613 0.00098239 0.01223598 -0.00887949 -0.00544472 -0.00343753
96.0  0.87924809 -0.00031548 0.00414050 -0.00808529 -0.00980524 0.00594601 0.01016798 0.00088117 0.00852985 -0.00645410
96.5  0.81919749 0.05339693 0.00313665 -0.01222761 -0.01515915 -0.01077865 0.00315784 0.00553643 -0.00740634 -0.00866108
97.0  -0.13137010 0.06535680 -0.00066880 -0.00265523 -0.00486036 0.00732415 -0.00909183 0.00973417 0.00409235 -0.01004660
97.5  -0.93558049 0.01865936 -0.00311573 0.00855252 0.01115868 -0.00240158 -0.01622647 0.00613959 -0.00273523 -0.01098787
98.0  -0.75056767 -0.04725527 -0.00198215 0.00836921 0.01584668 -0.00184735 -0.01561346 0.00157850 -0.00582623 -0.01162712
98.5  0.19698309 -0.07464344 0.00080864 -0.00101263 0.00184178 0.01646558 0.00084412 -0.00105931 0.00693689 -0.01226408
99.0  0.94054529 -0.04145820 0.00252873 -0.00674065 -0.01596927 -0.01578532 0.01021229 -0.00182953 -0.00709865 -0.01157344
99.5  0.76962567 0.02246213 0.00247740 -0.00362106 -0.01548065 0.00106115 0.02017855 -0.00223915 0.00788011 -0.00886263
100.0  -0.14351116 0.06506773 -0.00048693 0.00255732 0.00488414 0.00833951 0.01651120 -0.00212352 -0.00397352 -0.00285030
100.5  -0.92304594 0.05487716 -0.00400516 0.00662451 0.01945292 -0.01593923 0.00256888 -0.00139235 0.00112201 0.00021763
101.0  -0.78277045 0.00391165 -0.00406092 0.00392485 0.01245973 0.01244266 -0.01209778 0.00030402 0.00040898 0.00140223
101.5  0.17000980 -0.04359581 0.00107071 0.00021773 -0.00834932 0.00351033 -0.01890302 0.00167966 -0.00405240 0.00240419
102.0  0.94859972 -0.05139942 0.00665234 -0.00376149 -0.02108596 -0.01378550 -0.01477323 0.00225140 0.00600667 0.00492075
102.5  0.71884439 -0.02040966 0.00542961 -0.00306661 -0.01201351 0.01281013 -0.00233701 0.00172391 -0.00710270 0.00855068
103.0  -0.26191950 0.01989107 -0.00264111 -0.00339804 0.01154536 -0.00708869 0.01167204 0.00133159 0.00825462 0.01180195
103.5  -0.96553942 0.04243530 -0.00934879 -0.00340937 0.02073351 -0.00686631 0.01875124 0.00067445 -0.00749422 0.01310862
104.0  -0.71802515 0.03788884 -0.00707708 0.00055386 0.00627336 0.01829134 0.01313423 0.00046135 0.00561883 0.01090389
104.5  0.19934868 0.01148838 0.00302628 0.00675341 -0.01506115 -0.00912296 -0.00079554 -0.00022466 -0.00280760 0.00968142
105.0  0.92661054 -0.02323636 0.01109756 0.00734529 -0.01695463 -0.00377114 -0.01501530 -0.00136124 -0.00163899 0.00874710
105.5  0.82447661 -0.04761408 0.00914834 -0.00236899 0.00145726 0.00974538 -0.01893573 -0.00156347 0.00703803 0.01082840
106.0  -0.00374947 -0.04455651 -0.00098789 -0.01077645 0.01761617 -0.01544805 -0.00739368 -0.00253709 -0.00829233 0.00921878
106.5  -0.82690941 -0.01066488 -0.01035269 -0.00291479 0.00989404 0.00473061 0.00644030 -0.00112054 0.00869046 0.00361599
107.0  -0.92819959 0.03509161 -0.01083539 0.00961357 -0.00941113 0.01100710 0.01706053 -0.00062978 -0.00641006 -0.00475196
107.5  -0.23360055 0.06122516 -0.00239400 0.00974439 -0.01661630 -0.01148907 0.01810095 -0.00009731 -0.00013253 -0.01438991
108.0  0.64823838 0.04784685 0.00744845 -0.00229597 -0.00278563 0.01030597 0.00534914 0.00077566 0.00539158 -0.02041771
108.5  0.99520089 0.00315572 0.01104718 -0.01472831 0.01215579 0.00038274 -0.00961537 0.00157190 -0.00860197 -0.02035150
109.0  0.56765456 -0.04319642 0.00665747 -0.00928438 0.00682798 -0.01562502 -0.01801663 0.00740688 0.00738743 -0.01414949
109.5  -0.27916988 -0.06235011 -0.00199301 0.01533264 0.00207061 0.01186103 -0.01274323 0.00905725 -0.00538084 -0.00549492
110.0  -0.91835083 -0.04459174 -0.00867182 0.01661567 0.00333743 -0.00262440 -0.00210400 0.00219879 -0.00432476 0.00216047
110.5  -0.87792261 -0.00263626 -0.01010856 -0.00594332 -0.00304202 -0.00652350 0.01065887 -0.00393510 0.00706104 0.00620754
111.0  -0.15628673 0.03546368 -0.00385397 -0.01724207 -0.00656433 0.01771079 0.01896297 0.00029124 -0.00883414 0.00939857
111.5  0.70922914 0.04426885 0.00500121 -0.00410073 -0.00169599 -0.00820931 0.01334362 0.00130065 0.00646367 0.01202412
112.0  0.97976389 0.02077902 0.01014604 0.01488439 0.00603654 -0.00541158 0.00010561 0.00005952 -0.00037815 0.01482151
112.5  0.37083581 -0.01149162 0.00698786 0.01520359 0.00594696 0.00951624 -0.01107002 -0.00205033 -0.00292634 0.01530756
113.0  -0.58319102 -0.02432764 -0.00186955 -0.00545355 -0.00005048 -0.01487977 -0.01486343 -0.00314007 0.00842636 0.01184316
113.5  -0.99770112 -0.01188424 -0.00873148 -0.01896682 -0.00587117 0.00535586 -0.01091876 -0.00252110 -0.01120376 0.00593661
114.0  -0.50511219 0.00690533 -0.00815705 -0.00619733 -0.00305987 0.01185100 0.00067552 -0.00115260 0.00647142 0.00041186
114.5  0.42968279 -0.01247390 -0.00111945 0.01552377 0.00099964 -0.01313396 0.01145558 -0.00036685 -0.00493968 -0.00517137
115.0  0.98603753 0.01433956 0.00635550 0.01542006 0.00383313 0.00839873 0.01260849 0.00177416 0.00048100 -0.01071791
115.5  0.69945397 -0.00220239 0.00839843 -0.00695941 0.00189554 0.00166077 0.00642636 0.00309315 0.00828744 -0.01419763
116.0  -0.18385978 -0.00553951 0.00418335 -0.02136080 -0.00126554 -0.01514964 -0.00239691 0.00308014 -0.00809052 -0.02060893
116.5  -0.91285665 0.01128477 -0.00241420 -0.00476648 -0.00270068 0.01210152 -0.01272702 0.00296444 0.00855795 -0.02065320
117.0  -0.84886773 -0.01363179 -0.00628966 0.01794355 -0.00171612 -0.00144334 -0.01244213 0.00061274 -0.00922617 -0.01442292
117.5  -0.03619516 0.00785246 -0.00546007 0.01646115 0.00353601 -0.00819817 -0.00678872 -0.00145781 -0.00172622 -0.00622563
118.0  0.80705832 0.00130532 -0.00135920 -0.00708628 0.00175711 0.01292654 0.00086914 -0.00082452 0.00867182 -0.00031967
118.5  0.94378310 -0.01178639 0.00336329 0.02157107 -0.00059598 -0.00865408 0.01229223 -0.00150937 -0.01091846 0.00482306
119.0  0.28440899 0.01293843 0.00601029 -0.00892214 -0.00334875 -0.00413872 0.01408688 0.00573345 0.01284842 0.00696543
119.5  -0.59583609 -0.00959205 0.00389125 -0.01648884 -0.00192948 0.01059897 0.01013763 0.00156286 -0.00453857 0.00993794
120.0  -0.99914659 0.00617552 -0.00075871 0.01835721 0.00191897 -0.00973298 -0.00101729 -0.00814254 -0.00248378 0.01261289
120.5  -0.63052217 0.00858232 -0.00437697 0.00580381 0.00343589 0.00481618 -0.01272397 0.00480838 0.00607669 0.01326976
121.0  0.23274468 -0.01283721 -0.00522447 -0.02109009 0.00193328 0.00955764 -0.01548903 -0.00741678 -0.01193726 0.00998886
121.5  0.92236972 0.00914447 -0.00166281 0.00879077 -0.00306039 -0.01242379 -0.00974357 -0.00136254 0.01021374 0.00425809
122.0  0.83794082 -0.01195943 0.00389914 0.01449743 -0.00347319 0.00385791 0.00110787 0.01045741 -0.00380513 -0.00510567
122.5  -0.00601602 -0.00322333 0.00552655 -0.02202805 0.00130551 0.00018101 0.01180343 -0.00730018 0.00030398 -0.00938141
123.0  -0.85575427 0.01581008 0.00156840 0.00154474 0.00303174 -0.00983666 0.01679374 0.00721440 0.00514569 -0.01149982
123.5  -0.88153783 -0.00757807 -0.00412617 0.01963722 -0.00178348 0.01578673 0.01142801 -0.00697631 -0.01079997 -0.01289091
124.0  -0.04853041 0.00801069 -0.00552886 -0.01698196 0.00337485 -0.00574090 0.00180285 -0.00290464 0.01015597 -0.01285208
124.5  0.82751928 -0.00136669 -0.00082844 -0.00705905 -0.00226909 -0.00169167 -0.00902638 0.00752329 -0.00893179 -0.01168580
125.0  0.91189276 -0.01736269 0.00427527 0.02244577 -0.00056123 0.00750039 -0.01437480 -0.00791494 0.00576660 -0.01183113
125.5  0.13716905 0.01147042 0.00505363 -0.00656778 0.00340408 -0.01362001 -0.01108133 0.01344493 -0.00163339 -0.00449857
126.0  -0.76959565 -0.00287737 0.00219081 -0.01477011 -0.00224311 0.00629323 -0.00180932 -0.00888951 -0.00335952 0.00054901
126.5  -0.94252822 0.00160140 -0.00236793 0.01844504 -0.00107218 0.00423354 0.00797054 0.00118533 0.00882241 0.00493477
127.0  -0.18126606 0.01320984 -0.00528009 -0.00146229 0.00215045 -0.00882893 0.01254936 0.00458006 -0.00910065 0.00918788
127.5  0.77546157 -0.01542320 -0.00303328 -0.01820284 0.00130608 0.01036496 0.01095667 -0.01031231 0.01101498 0.01315575
128.0  0.91794541 0.00095370 0.00176488 0.01709284 -0.00266266 -0.00560590 0.00527755 0.01251531 -0.01172639 0.01536728
128.5  0.06828517 0.00584640 0.00465991 0.00339427 -0.00039672 -0.00343802 -0.00374762 -0.00843026 0.00530048 0.01560767
129.0  -0.85373931 -0.01104705 0.00380878 -0.01955241 0.00060429 0.00949841 -0.01127104 0.00366510 -0.00083004 0.01605345
129.5  -0.86175339 0.01216398 -0.00066715 0.01238517 -0.00063950 -0.00957737 -0.01459250 0.00241633 -0.00378589 0.01609425
130.0  0.01513865 -0.00156755 -0.00505922 0.01271994 0.00233975 0.00372553 -0.00904421 -0.00810230 0.01267742 0.01586013
130.5  0.86624318 -0.00833501 -0.00456442 -0.01770580 0.00191580 0.00697357 0.00193797 0.00948281 -0.01514812 0.01239829
131.0  0.87768792 0.01391270 0.00004381 -0.00050108 -0.00338536 -0.01328133 0.01123214 -0.00684365 0.01058090 0.00721612
131.5  0.05389269 -0.01057783 0.00470806 0.01511992 -0.00250779 0.00832151 0.01507771 -0.00240705 -0.00510093 -0.00117262
132.0  -0.82647572 0.00094729 0.00441458 -0.01445746 0.00279124 0.00273827 0.01044002 0.00504037 -0.00432502 -0.00685682
132.5  -0.90114906 0.00439961 -0.00052766 -0.00500223 0.00120252 -0.01200061 -0.00124216 -0.00526046 0.01274213 -0.00973976
133.0  -0.06509333 -0.01383296 -0.00459307 0.01844087 -0.00438379 0.01603267 -0.01339076 -0.00059329 -0.01274159 -0.01356008
133.5  0.84169165 0.01445246 -0.00335806 -0.00693923 0.00133552 -0.00978291 -0.01653753 0.00703332 0.00722092 -0.01647241
134.0  0.87874564 0.00054211 0.00117332 -0.01199769 0.00614610 -0.00323162 -0.01168954 -0.00604984 -0.00040799 -0.01819530
134.5  0.02062525 -0.00478731 0.00431109 0.01375278 -0.00650110 0.01470712 -0.00001860 -0.00027003 -0.00629630 -0.01857241
135.0  -0.85032016 0.00832086 0.00325192 0.00197940 -0.00065007 -0.01747625 0.01068842 0.00467813 0.01084373 -0.01493634
135.5  -0.89041712 -0.01796366 -0.00125352 -0.01365852 0.00899087 0.00905490 0.01587180 -0.00585464 -0.01040059 -0.00817323
136.0  -0.08444491 0.00613860 -0.00431651 0.00470241 -0.00440723 0.00671597 0.01123989 0.00900411 0.00499914 -0.00096694
136.5  0.80210114 0.00454024 -0.00318212 0.00870133 -0.00573739 -0.01710625 0.00227611 -0.00505807 0.00167477 0.00649096
137.0  0.92523603 -0.00325122 0.00067078 -0.00948272 0.00739132 0.01534774 -0.01024852 -0.00102528 -0.00751207 0.01226611
137.5  0.13936743 0.01475627 0.00379133 -0.00343135 0.00328639 -0.00587350 -0.01490538 0.00260057 0.01060347 0.02128970
138.0  -0.79615484 -0.01498639 0.00355086 0.01296748 -0.00818143 -0.01042226 -0.01090610 -0.00823423 -0.01133717 0.02241417
138.5  -0.90841267 -0.00122021 0.00013767 -0.00464826 0.00167812 0.01813751 -0.00441185 0.00877840 0.00826103 0.02067713
139.0  -0.05529899 0.00432215 -0.00338629 -0.00983518 0.00953012 -0.01340696 0.00885021 -0.00661410 -0.00269429 0.01332448
139.5  0.85603110 -0.00850304 -0.00372260 0.01232034 -0.00767261 0.00607241 0.01464017 0.00376103 -0.00224370 0.00550998
140.0  0.86153375 0.01678973 -0.00062675 0.00162943 -0.00364230 0.00622559 0.01446852 0.00041090 0.00704372 -0.00187288
140.5  -0.01640647 -0.00608345 0.00284951 -0.01362733 0.01112719 -0.01843137 0.00715802 -0.00453623 -0.01199508 -0.00969249
141.0  -0.87071634 -0.00526282 0.00332705 0.00739974 -0.00415345 0.01554393 -0.00457773 0.00594068 0.01203246 -0.01680604
141.5  -0.86571514 0.00724637 0.00053936 0.00828570 -0.00762554 -0.00188199 -0.01293396 -0.00439042 -0.00614119 -0.02154154
142.0  -0.00777875 -0.01356866 -0.00235632 -0.01091757 0.01091440 -0.00836341 -0.01366104 0.00261456 0.00404720 -0.02175917
142.5  0.86488964 0.01108028 -0.00200147 -0.00070048 0.00134512 0.01731145 -0.00726859 0.00182761 0.00238938 -0.01991025
143.0  0.85278109 0.00112077 0.00015094 0.01111593 -0.01193897 -0.01630150 -0.00133140 -0.00484127 -0.00928230 -0.01343135
143.5  -0.06527020 -0.00929003 0.00165710 -0.00645385 0.00644935 0.00331455 0.00736984 0.00746785 0.00701777 -0.00731559
144.0  -0.91601385 0.01319201 0.00138383 -0.00370383 0.00670501 0.00846424 0.01010623 -0.00821171 -0.00721305 -0.00062364
144.5  -0.77868862 -0.00849970 -0.00058220 0.00880177 -0.01293699 -0.01574105 0.01240197 0.00382522 0.00617787 0.00600605
145.0  0.17740627 -0.00061864 -0.00170923 -0.00294684 0.00471353 0.01668735 0.00819833 -0.00100688 0.00028249 0.01175646
145.5  0.94111789 0.00801664 -0.00080593 -0.00527039 0.00998554 -0.00751724 -0.00020273 -0.00321910 0.00202351 0.01699256
146.0  0.77458519 -0.01566785 0.00042722 0.00459940 -0.01427802 -0.00554431 -0.00906274 0.00488919 -0.00872437 0.01981610
146.5  -0.12179324 0.00920426 0.00153342 0.00131885 -0.00214968 0.01277555 -0.01592787 -0.00371424 0.00654744 0.01957727
147.0  -0.90029886 0.00271888 0.00178270 0.00343829 0.01396421 -0.01585254 -0.00964878 0.00551643 -0.00520578 0.01863115
147.5  -0.85255111 -0.00438751 0.00063791 -0.00476381 -0.00721537 0.00844052 -0.00099824 -0.00350525 0.00457386 0.01658324
148.0  -0.02057694 0.01400505 -0.00165204 -0.00046509 -0.00535242 0.00714752 0.01032627 -0.00134771 0.00497394 0.01338073
148.5  0.83298249 -0.01471087 -0.00389339 0.00801686 0.01270742 -0.01297878 0.01596620 0.00440745 -0.00860089 0.00751004
149.0  0.91101051 -0.00327932 -0.00339203 -0.00563422 -0.00489305 0.01316604 0.01082502 -0.00600466 0.00806799 -0.00046581
149.5  0.14198593 0.00628858 0.00107258 -0.00420696 -0.00707652 -0.00847085 0.00179186 0.00355966 -0.01136986 -0.00910344
150.0  -0.75089014 -0.00923890 0.00594905 0.00829219 0.01334472 -0.00512336 -0.00962241 -0.00070101 0.00590642 -0.01534642
150.5  -0.96704706 0.01711453 0.00637656 -0.00194424 -0.00400971 0.01670557 -0.01264800 0.00464015 0.00137118 -0.02028826
151.0  -0.35491371 -0.00104575 0.00079930 -0.00566658 -0.01265124 -0.01271081 -0.01307481 -0.00480907 -0.00391226 -0.02088529
151.5  0.54280576 -0.00828755 -0.00656442 0.00814795 0.01164554 0.00518261 -0.01177948 0.00206230 0.00916614 -0.02015394
152.0  0.99709371 0.00719560 -0.00879623 0.00183758 0.00227553 0.00727935 -0.00089613 -0.00232020 -0.01186196 -0.01773892
152.5  0.64320181 -0.01625239 -0.00313532 -0.01040619 -0.01231441 -0.01482867 0.00841049 -0.00217743 0.00640311 -0.01006957
153.0  -0.25148475 0.00707278 0.00550740 0.00201895 0.01213782 0.01235504 0.01262050 -0.00051559 -0.00186929 -0.00521282
153.5  -0.94174047 0.00738397 0.00857285 0.00457903 0.00619899 -0.00063301 0.01007503 0.00165578 -0.00354444 0.00107279
154.0  -0.79224670 -0.00891135 0.00332271 -0.00347643 -0.01899272 -0.01041553 0.00079326 0.00556471 0.00894694 0.00667181
154.5  0.09293536 0.01277161 -0.00471759 0.00170808 0.00822051 0.01323459 -0.01050264 0.00557117 -0.01102241 0.01092588
155.0  0.89251092 -0.00777544 -0.00742464 0.00266192 0.01019988 -0.01066768 -0.01262166 0.00473705 0.00934312 0.01486812
155.5  0.85737972 -0.00678700 -0.00197695 -0.00337402 -0.01820483 -0.00291576 -0.00801940 -0.00115139 -0.00661445 0.01770108
156.0  0.03548335 0.01225110 0.00513504 -0.00076738 0.00511651 0.01493367 -0.00016682 -0.00423517 0.00254817 0.01788360
156.5  -0.81400897 -0.01168559 0.00630217 0.00185705 0.01295954 -0.01266491 0.01160461 -0.00681227 0.00395634 0.01898255
157.0  -0.93329782 0.00535001 0.00132507 0.00021490 -0.01600015 0.00278002 0.01244405 -0.00607539 -0.00840225 0.01954484
157.5  -0.21614460 0.00497465 -0.00464893 -0.00063737 -0.00066989 0.00677816 0.00464162 -0.00204175 0.00968701 0.01684961
158.0  0.70105802 -0.01200732 -0.00630954 -0.00020040 0.01605668 -0.01539929 -0.00541593 0.00025776 -0.01014674 0.01437070
158.5  0.97685036 0.01384283 -0.00210289 0.00177456 -0.01225890 0.01056260 -0.01288718 0.00312387 0.00862921 0.00950509
159.0  0.33942230 -0.00456527 0.00431902 -0.00045646 -0.00695743 0.00601955 -0.01120584 0.00406242 -0.00226180 0.00330264
159.5  -0.61746100 -0.00587353 0.00688062 -0.00504163 0.01602446 -0.01268541 -0.00239693 0.00405779 -0.00195846 -0.00380877
160.0  -0.99443441 0.00906306 0.00332792 0.00459048 -0.00588970 0.01095132 0.00726157 0.00350675 0.00554216 -0.00953670
160.5  -0.46795125 -0.01485243 -0.00316720 0.00338911 -0.01024448 -0.00486241 0.01294878 0.00114041 -0.01165596 -0.01298510
161.0  0.45309674 0.00894773 -0.00682708 -0.00566460 0.01343625 -0.01083056 0.00930086 -0.00208049 0.01049471 -0.01846156
161.5  0.98483534 0.00430811 -0.00466782 0.00100541 0.00151567 0.01494812 -0.00134750 -0.00415924 -0.00739057 -0.02118225
162.0  0.73985613 -0.00445130 0.00106361 0.00572628 -0.01459511 -0.00370824 -0.01062493 -0.00337421 0.00486236 -0.02275013
162.5  -0.06198451 0.01312453 0.00549839 -0.00606997 0.00564478 -0.00420259 -0.01189546 -0.00105194 0.00538772 -0.01729837
163.0  -0.81829840 -0.01608913 0.00531480 -0.00408307 0.01109077 0.01342336 -0.00481134 0.00130751 -0.00945899 -0.00864293
163.5  -0.95463834 0.00368416 0.00046416 0.00751688 -0.01212940 -0.01189301 0.00750064 0.00298972 0.00923762 0.00125093
164.0  -0.33368872 -0.00287159 -0.00470425 0.00019281 -0.00388977 -0.00198391 0.01248879 0.00439670 -0.01082911 0.01239465
164.5  0.57129794 -0.00541279 -0.00488811 -0.00457904 0.01576868 0.01034540 0.01021601 0.00447061 -0.00121549 0.02056358
165.0  0.99919872 0.01713948 -0.00069214 0.00341199 0.00513985 -0.00738521 0.00312428 -0.00146157 0.01259274 0.02554512
165.5  0.56897665 -0.00964555 0.00422302 0.00318237 -0.01200932 0.00493404 -0.00424474 -0.00581691 -0.01223007 0.02474849
166.0  -0.34959421 0.00662730 0.00467610 -0.00665045 -0.01124580 0.00687724 -0.00867746 -0.01278715 0.00411983 0.02203980
166.5  -0.96677498 -0.00279623 0.00081864 0.00058057 0.00517217 -0.00804779 -0.00574493 -0.01196598 0.00292825 0.01467226
167.0  -0.76471883 -0.01191665 -0.00378979 0.00600324 0.01479158 0.00074835 -0.00186723 -0.00269996 -0.00799172 0.00552059
167.5  0.08603949 -0.01294237 -0.00516533 -0.00060822 0.00368696 0.00046953 0.00310189 0.00589466 0.01404900 -0.00650031
168.0  0.86876830 -0.01809559 -0.00251181 -0.00439330 -0.01287081 -0.00702264 0.00680944 0.01133160 -0.01191232 -0.01671759
168.5  0.89136370 -0.02006798 0.00224475 0.00332612 -0.01214280 0.00828553 0.00469843 0.01180653 0.00452752 -0.02351122
169.0  0.09839269 -0.00938996 0.00518962 0.00131588 0.00528916 0.00222718 -0.00023837 0.00813539 -0.00242387 -0.02465563
169.5  -0.79590855 0.01270566 0.00415415 -0.00378252 0.01718956 -0.00582344 -0.00515565 0.00242732 -0.00537821 -0.02596798
170.0  -0.92628674 0.03151074 -0.00008837 0.00202204 0.00813515 0.00454477 -0.00709975 -0.00385674 0.01207429 -0.02795191
170.5  -0.15361382 0.03190103 -0.00469315 0.00201870 -0.01126308 -0.00545053 -0.00346293 -0.00912329 -0.01055457 -0.02562771
171.0  0.76429305 0.01302672 -0.00560055 -0.00405439 -0.01834119 -0.00172601 0.00148645 -0.01264924 0.01188106 -0.01871159
171.5  0.94991816 -0.01239849 -0.00131006 -0.00028551 -0.00311921 0.00837026 0.00447872 -0.01181415 -0.01061623 -0.00863981
172.0  0.25750487 -0.03065292 0.00408037 0.00592729 0.01535448 -0.00429936 0.00528288 -0.00911524 0.00000105 0.00643311
172.5  -0.66309005 -0.03541321 0.00585234 -0.00106336 0.01527814 0.00058785 0.00133267 -0.00216816 0.00408524 0.01832679
173.0  -0.98809815 -0.02591607 0.00235939 -0.00313626 -0.00386093 0.00460598 -0.00263520 0.00577611 -0.00848694 0.02665191
173.5  -0.41314921 -0.00306984 -0.00356690 -0.00215026 -0.01846655 -0.00782475 -0.00296226 0.00857263 0.01661450 0.03133893
174.0  0.56058789 0.02766297 -0.00533103 -0.00384405 -0.00610421 0.00510017 -0.00295170 0.01520797 -0.00699949 0.03141644
174.5  0.99495999 0.05029814 -0.00091746 0.00146505 0.01249294 0.00093328 -0.00187678 0.01099974 0.00442327 0.02873859
175.0  0.40849297 0.04244383 0.00409561 0.00429912 0.01719227 -0.00785526 -0.00092024 0.00631263 0.00139400 0.02285950
175.5  -0.61700962 -0.00270375 0.00404040 -0.00220106 0.00377135 0.00884621 0.00118979 -0.00115836 -0.00625330 0.01355414
176.0  -0.97839319 -0.05619410 -0.00077373 -0.00148857 -0.01444580 -0.00543770 0.00608897 -0.00885808 0.00960515 0.00508463
176.5  -0.28099617 -0.07072686 -0.00455955 0.00290777 -0.01756144 0.00014781 0.00936043 -0.01347746 -0.01076961 -0.00299375
177.0  0.71521384 -0.02600420 -0.00311215 -0.00048315 -0.00360613 0.00659596 0.00932790 -0.01232661 0.00884513 -0.01155315
177.5  0.94777923 0.04583101 0.00129733 -0.00221963 0.01390140 -0.00977731 0.00202131 -0.00677383 -0.00479020 -0.02225402
178.0  0.17744084 0.08493798 0.00398409 0.00031971 0.01688158 0.00523977 -0.00546034 -0.00042817 -0.00040392 -0.02956798
178.5  -0.78242036 0.05598527 0.00351273 -0.00043557 0.00144413 0.00256197 -0.01077201 0.00732425 0.00700816 -0.03393995
179.0  -0.90679703 -0.01907959 0.00016902 -0.00032744 -0.01506985 -0.00739792 -0.00766343 0.01376259 -0.01022796 -0.03342194
179.5  -0.04683753 -0.07783126 -0.00367710 0.00384716 -0.01564212 0.00934750 -0.00176690 0.01153292 0.01381145 -0.02672726
180.0  0.86673597 -0.07300598 -0.00523040 0.00010499 0.00033342 -0.00320092 0.00111950 0.00414612 -0.01298635 -0.02151321
180.5  0.82930915 -0.01322636 -0.00239724 -0.00375245 0.01600588 -0.00410485 0.00118635 -0.00386138 0.00941107 -0.01666319
181.0  -0.10504441 0.05038563 0.00419555 0.00278896 0.01535995 0.00790171 -0.00066072 -0.01054880 -0.00314165 -0.01014967
181.5  -0.91973007 0.07361300 0.00879632 0.00163647 -0.00192678 -0.00744532 -0.00161363 -0.01290682 -0.00372809 -0.00032864
182.0  -0.79256671 0.04999711 0.00535309 -0.00408219 -0.01762138 0.00187228 -0.00097371 -0.00959656 0.00981822 0.01168369
182.5  0.10281622 0.00224645 -0.00429073 0.00042081 -0.01487496 0.00524397 0.00163696 -0.00190565 -0.01370042 0.02332207
183.0  0.89291414 -0.04200020 -0.01156198 0.00275910 0.00691508 -0.00844127 0.01022402 0.00338725 0.01385054 0.03015991
183.5  0.85344186 -0.06369281 -0.00916724 -0.00202222 0.01978400 0.00537156 0.01580248 0.00251302 -0.00864339 0.03128137
184.0  0.01534967 -0.05424912 0.00132308 -0.00140105 0.00882412 -0.00029051 0.01377012 0.00181962 -0.00173662 0.03326258
184.5  -0.84721964 -0.01640044 0.01113888 0.00257099 -0.01137275 -0.00410359 0.00538201 -0.00152644 0.00912809 0.03172413
185.0  -0.87596120 0.03233068 0.01103317 -0.00005132 -0.01746490 0.00586621 -0.00640429 -0.00572923 -0.01204701 0.02578956
185.5  -0.00230120 0.06310252 0.00012872 -0.00105057 -0.00213833 -0.00499370 0.01360553 -0.00083223 0.01175154 0.01902104
186.0  0.87815036 0.05443317 -0.01084230 0.00150960 0.01566352 -0.00119727 -0.01536409 -0.00212926 -0.01051769 0.00801239
186.5  0.82959227 0.01173073 -0.01128582 -0.00087271 0.01448080 0.00720813 0.01231395 0.00187948 0.00497262 -0.00167902
187.0  -0.08873228 -0.03479002 -0.00124976 -0.00332420 -0.00589871 -0.00403927 -0.00311076 0.00346894 0.00492034 -0.01293472
187.5  -0.91033989 -0.05560994 0.00964053 0.00152435 -0.01933157 -0.00058224 -0.00538134 0.00317065 -0.01298866 -0.02406122
188.0  -0.80615110 -0.04355887 0.01192944 0.00356896 -0.00828227 0.00443734 0.00964366 0.00040604 0.01675004 -0.03417198
188.5  0.10307165 -0.01324436 0.00376977 -0.00085146 0.01333139 -0.01117654 -0.00807169 -0.00097620 -0.01754358 -0.04136442
189.0  0.90940082 0.01501741 -0.00764255 -0.00355747 0.02049659 0.00566000 0.00195073 -0.00106574 0.01111794 -0.03764416
189.5  0.81129388 0.03113336 -0.01257569 0.00201367 0.00140879 0.00484432 0.00467049 -0.00075659 -0.00021784 -0.02606355
190.0  -0.09851004 0.03605832 -0.00634791 0.00134962 -0.01872974 -0.00598210 -0.00738822 -0.00052957 -0.00850790 -0.00765954
190.5  -0.90928203 0.03228071 0.00627066 -0.00057881 -0.01517220 0.00874171 0.00718659 -0.00035276 0.01624934 0.00763897
191.0  -0.81521561 0.01806476 0.01379031 -0.00084510 0.00836883 -0.00785144 -0.00320739 0.00085553 -0.01910286 0.02080648
191.5  0.06629822 -0.00747714 0.00920719 0.00106048 0.02064997 -0.00453368 -0.00394450 0.00156924 0.01252905 0.02861573
192.0  0.87278430 -0.03604543 -0.00310926 -0.00463201 0.00527847 0.00883175 0.00875526 0.00108165 -0.00078879 0.03474193
192.5  0.89131862 -0.05325309 -0.01270484 -0.00053926 0.01783417 -0.00608786 -0.00534667 0.00549323 -0.00948323 0.03556006
193.0  0.15868295 -0.04849018 -0.01262225 0.00388723 -0.01320143 0.00991050 0.00227142 0.00834690 0.01447390 0.03003858
193.5  -0.69346301 -0.02229413 -0.00335335 -0.00438985 -0.01073371 0.00143600 0.00699686 0.00599440 0.01164078 0.01760616
194.0  -0.98919070 0.01468271 0.00724741 -0.00335262 0.01932741 -0.00712080 -0.01324449 0.00232078 0.00387422 0.00061403
194.5  -0.48652104 0.04716809 0.01251198 0.00796064 -0.00121303 0.00040169 0.00765318 -0.00269815 -0.00567837 -0.02071042
195.0  0.43150865 0.05965669 0.00970334 -0.00033486 -0.02118996 -0.00574293 -0.00268679 -0.00736881 -0.01214327 -0.03294003
195.5  0.98685730 0.04488816 0.00008028 -0.00515594 0.01363069 0.00361934 -0.00648124 -0.00991533 -0.01501021 -0.03833127
196.0  0.65024608 0.00865347 -0.00989410 0.00242128 0.01221401 0.00433841 0.01539826 -0.00905594 -0.01352890 -0.03531267
196.5  -0.29735383 -0.03222547 -0.01231290 0.00142699 -0.02188531 -0.00233706 -0.00941034 -0.00454947 -0.00836696 -0.03075837
197.0  -0.96530057 -0.05715644 -0.00443366 -0.00356511 0.00518698 0.00300345 0.00150780 0.00335512 0.00017673 -0.02349201
197.5  -0.72526267 -0.05267677 0.00709193 0.00079795 0.01805634 -0.00452269 0.00510017 0.01134527 0.00939902 -0.01435302
198.0  0.18376271 -0.01985115 0.01277472 0.00306384 -0.01855253 -0.00497420 -0.01360109 0.01519386 0.01541233 -0.00524940
198.5  0.92096830 0.02545572 0.00729631 -0.00370686 -0.00340079 0.00657327 0.01156300 0.01188906 0.01530468 0.00701045
199.0  0.82345280 0.05886233 -0.00466358 -0.00114225 0.02097467 -0.00145531 -0.00204599 0.00304338 0.00874398 0.01919353
199.5  -0.02364891 0.05924084 -0.01247563 0.00581875 -0.01463827 0.00264292 -0.00550337 -0.00722164 -0.00205297 0.02759004
200.0  -0.85405899 0.02276020 -0.00850067 -0.00237484 -0.00802219 0.00443982 0.00429158 -0.01539259 -0.01236993 0.03320935
200.5  -0.88589394 -0.02997464 0.00469324 -0.00498492 0.02030777 -0.00929144 -0.00469205 0.01410969 -0.01891183 0.03472664
201.0  -0.06999303 -0.06378143 0.01300043 0.00449804 -0.01011452 0.00434021 -0.00024532 -0.01003305 -0.01393599 0.03365599
201.5  0.81392604 -0.05433255 0.00620753 0.00061013 -0.00873398 -0.00187343 0.00342324 -0.00423440 -0.00802797 0.03210141
202.0  0.91727328 -0.00877967 -0.00734121 -0.00446647 0.01915419 0.00117199 0.00279280 0.01206931 0.00127958 0.03095207
202.5  0.16911117 0.04045565 -0.01279320 0.00253533 -0.00838675 0.00384206 0.01364817 -0.01496881 0.01361625 0.02714800
203.0  -0.71720429 0.06209494 -0.00552685 0.00067654 -0.01084338 -0.00514239 0.00620457 0.01623181 0.01596816 0.02071545
203.5  -0.98070249 0.04679079 0.00710327 0.00017833 0.01845651 0.00215626 0.00306647 0.00077532 0.01483952 0.01060938
204.0  -0.44275307 0.00716678 0.01326155 0.00009451 -0.00432597 -0.00164230 -0.00498322 -0.00729423 0.00559169 -0.00071769
204.5  0.44479815 -0.03338259 0.00724770 -0.00267298 -0.01385838 -0.00786151 -0.01029113 0.01708413 -0.00871143 -0.01256150
205.0  0.98089378 -0.05404151 -0.00478801 0.00520858 0.01489898 0.01072666 -0.01517213 -0.01084776 -0.01538322 -0.02256950
205.5  0.72253007 -0.04536373 -0.01242985 -0.00012928 0.00094427 -0.00275896 -0.00701920 0.00054256 -0.01651077 -0.02960917
206.0  -0.14656995 -0.01347867 -0.00920448 -0.00702065 -0.01426567 -0.00388263 0.00273920 0.00573325 -0.01154276 -0.03400836
206.5  -0.89666037 0.02307514 0.00178722 0.00665797 0.00986032 0.01118364 0.01103197 -0.01158283 -0.00379725 -0.03503245
207.0  -0.86598385 0.04468903 0.01061269 0.00225331 0.00504252 -0.01305635 0.01286352 0.01266649 0.00513072 -0.03102716
207.5  -0.08324243 0.04225831 0.01002020 -0.00860924 -0.01450851 0.00112873 0.00783586 -0.00184596 0.01222597 -0.02590739
208.0  0.76397733 0.01986419 0.00084082 0.00540617 0.00862159 0.00826312 -0.00194148 -0.00559973 0.01505229 -0.01702983
208.5  0.96840302 -0.01039006 -0.00877412 0.00497735 0.00751572 -0.01166617 -0.01101101 0.00962802 0.01358975 -0.00734572
209.0  0.38578332 -0.03520868 -0.01099355 -0.00844156 -0.01542226 0.00899288 -0.01198947 -0.01341563 0.00637545 0.00525774
209.5  -0.50366526 -0.04490925 -0.00432216 0.00210347 0.00266958 0.00256135 -0.00634567 0.00337818 -0.00307622 0.01603767
210.0  -0.99154820 -0.03558887 0.00555956 0.00652067 0.01402908 -0.00983267 0.00190117 0.00819323 -0.01188068 0.02684390
210.5  -0.67616984 -0.01034420 0.01108903 -0.00623722 -0.01308640 0.00878953 0.00841090 -0.01054488 -0.01775643 0.03446797
211.0  0.20593063 0.02061686 0.00771408 -0.00276702 -0.00443184 -0.00113224 0.00795975 0.01623911 -0.01397372 0.03805995
211.5  0.92045010 0.04324886 -0.00310610 0.00284783 0.01604872 -0.00676449 0.00531687 -0.00531769 -0.00840353 0.03396517
212.0  0.83268973 0.04629415 -0.01188277 0.00126723 -0.00625389 0.00653398 0.00345285 -0.00672865 0.00234344 0.02299627
212.5  0.00015125 0.02761858 -0.00971490 0.00008257 -0.00899367 -0.00459849 -0.00173986 0.01202830 0.01219426 0.00921931
213.0  -0.83387599 -0.00457305 0.00123013 -0.00418452 0.01472914 -0.00299141 -0.00466183 -0.01541201 0.01644682 -0.00341946
213.5  -0.91590290 -0.03530810 0.01112893 0.00099647 -0.00033706 0.00930171 -0.00495289 0.01107777 0.01840398 -0.01491745
214.0  -0.17563086 -0.05035162 0.01224371 0.00679746 -0.01647598 -0.00367272 -0.00285470 -0.00258554 0.01513552 -0.02243435
214.5  0.72359260 -0.04231113 0.00343197 -0.00173426 0.00626473 0.00010261 0.00133280 -0.00617708 0.00809777 -0.02898650
215.0  0.96941147 -0.01452316 -0.00834936 -0.00503744 0.01089405 0.00394413 0.00462888 0.01313325 -0.00146964 -0.03203031
215.5  0.31052004 0.02012237 -0.01303683 0.00180137 -0.01197401 -0.00973199 0.00480755 -0.01445808 -0.01110383 -0.02874966
216.0  -0.65919650 0.04389722 -0.00805374 0.00022386 0.00018714 0.00242861 0.00249741 0.01202992 -0.01752562 -0.02228183
216.5  -0.97578262 0.04503756 0.00437882 -0.00297404 0.01316360 0.00484943 -0.00041916 -0.00490532 -0.01945607 -0.01208322
217.0  -0.28034505 0.02329048 0.01251558 0.00282128 -0.01058595 -0.00439472 -0.00316210 -0.00377599 -0.01699450 -0.00139673
217.5  0.71306568 -0.00849477 0.00962034 0.00253408 -0.00613071 0.00630112 -0.00399942 0.01142899 -0.01227954 0.00740348
218.0  0.95339616 -0.03379251 -0.00129746 -0.00466529 0.01510683 -0.00338701 -0.00400943 -0.01459308 -0.00701390 0.01601453
218.5  0.20589078 -0.04193291 -0.01163935 -0.00019612 -0.00475628 -0.00548925 -0.00165409 0.01359168 0.00003144 0.02386493
219.0  -0.74223401 -0.03152211 -0.01124275 0.00955038 -0.01057618 0.00696230 0.00120491 -0.00502792 0.00816722 0.02975503
219.5  -0.95394458 -0.00749082 -0.00147436 -0.00951758 0.00908968 -0.00351191 0.00477701 0.00727433 0.01557580 0.02986176
220.0  -0.24927991 0.02005985 0.00964774 -0.00911405 -0.00032357 0.00389382 -0.00849323 0.01802004 0.01511156 0.02339235
220.5  0.68885563 0.03937148 0.01201241 0.01438719 -0.00310886 -0.00199799 0.00230732 0.01949829 -0.00099835 0.01431482
221.0  0.97728681 0.04095057 0.00354250 -0.00013480 0.00380376 0.00666515 0.00007058 0.00710573 -0.00028551 0.00445650
221.5  0.34331392 0.02358363 -0.00766559 -0.01463153 -0.00001688 -0.00509438 -0.00495553 0.02647105 0.00885011 -0.00438216
222.0  -0.61776464 -0.00414149 -0.01073490 0.01058272 -0.00347996 0.00267260 -0.00942110 -0.02560773 -0.01926423 -0.01375406
222.5  -0.99106742 -0.02794112 -0.00359275 0.00901896 0.00458677 0.00284521 -0.00860630 0.01295254 0.02066199 -0.02341409
223.0  -0.41912729 -0.03823742 0.00643680 -0.01679643 -0.00072636 -0.00730439 -0.00171787 0.00646116 -0.01211616 -0.02822134
223.5  0.55007818 -0.03247025 0.01027294 0.00236752 -0.00106830 0.00515067 0.00635181 -0.01635543 0.00072644 -0.03120548
224.0  0.99758747 -0.01415923 0.00405554 0.01553167 0.00369689 -0.00059867 0.00921990 0.02060200 0.01240601 -0.02858750
224.5  0.50761816 0.01048068 -0.00542591 -0.01184892 -0.00229620 -0.00451841 0.00637709 -0.01507168 -0.02529816 -0.02100367
225.0  -0.46287734 0.03378180 -0.00980174 -0.00706347 -0.00287819 0.00796214 -0.00100326 0.00286784 0.02659797 -0.01176456
225.5  -0.99605442 0.04447549 -0.00564440 0.01603670 0.00502015 -0.00458798 -0.00816670 0.00929370 -0.02238829 -0.00214778
226.0  -0.54332916 0.03135904 0.00411666 -0.00381455 -0.00190139 -0.00171383 -0.00996933 -0.01739971 0.01451974 0.00553703
226.5  0.48239835 -0.00589538 0.01074980 -0.01164895 -0.00305365 0.00447455 -0.00485371 0.01895912 -0.00244497 0.01263920
227.0  0.99644279 -0.04639492 0.00725742 0.01428637 0.00565532 -0.00440014 0.00248744 -0.01475038 -0.00855946 0.01963808
227.5  0.39047554 -0.05576017 -0.00442136 -0.00030509 -0.00322064 0.00283243 0.00872790 0.00664666 0.01705166 0.02510699
228.0  -0.66757546 -0.01883932 -0.01255136 -0.01346181 -0.00295242 0.00134159 0.00894402 0.00313696 -0.02308794 0.02857188
228.5  -0.95290383 0.03777232 -0.00741015 0.01299875 0.00664602 -0.00232698 0.00495126 -0.01170244 0.02709627 0.02811071
229.0  -0.14645704 0.06527075 0.00702112 0.00060500 -0.00377842 0.00295769 -0.00406075 0.01645179 -0.02649070 0.02609123
229.5  0.82004659 0.03898283 0.01481265 -0.01478537 -0.00237440 -0.00103689 -0.00471645 -0.01819545 0.02237865 0.02350827
230.0  0.87483089 -0.01893900 0.00654245 0.01322266 0.00625162 -0.00357228 -0.00308776 0.01561590 -0.01292433 0.02145861
230.5  -0.02701743 -0.06116488 -0.00831150 0.00477652 -0.00321576 -0.00186834 0.00115257 -0.00867375 0.00219799 0.01736701
231.0  -0.89927439 -0.05459701 -0.01526948 -0.01652846 -0.00138606 0.00062669 0.00468129 0.00503625 0.01107412 0.01061871
231.5  -0.79140929 -0.00714696 -0.00616335 0.01003449 0.00376048 0.00098245 0.00461137 -0.00523662 -0.02261114 0.00123031
232.0  0.18123300 0.04189519 0.00991666 0.00927858 -0.00236456 0.00321559 0.00479449 0.00068740 0.03111406 -0.00823607
232.5  0.95498768 0.05639317 0.01463633 -0.01588217 -0.00093845 0.00252210 -0.00221858 0.00138843 -0.03263953 -0.01558218
233.0  0.69918965 0.03151182 0.00390024 0.00460380 0.00352529 0.00294406 -0.00013989 -0.00456004 0.02502164 -0.02161563
233.5  -0.28611144 -0.00998293 -0.01038486 0.01123547 -0.00212148 0.00120835 -0.00069512 0.00200524 -0.01309510 -0.02519747
234.0  -0.96994015 -0.04076545 -0.01466443 -0.01641200 -0.00240373 -0.00220443 -0.00326460 -0.00288960 -0.00341746 -0.02684329
234.5  -0.70793906 -0.04737048 -0.00551928 0.00286753 0.00476169 -0.00512999 -0.00314749 -0.00051327 0.02148541 -0.02524873
235.0  0.20342533 -0.03071579 0.00822603 0.02075888 -0.00200066 -0.00545830 -0.00061425 0.00844926 -0.02855655 -0.01930461
235.5  0.92385302 -0.00005224 0.01550176 -0.01205361 -0.00233674 -0.00041312 0.00041603 -0.01089540 0.02928083 -0.00850356
236.0  0.83108561 0.03080820 0.01070122 -0.01253922 0.00547419 0.00421986 0.00185208 0.00533538 -0.02241677 0.00087168
236.5  0.00792063 0.04723208 -0.00273847 0.01553723 -0.00175287 0.00576467 0.00017486 0.00146739 0.00315452 0.01395324
237.0  -0.82779251 0.03920800 -0.01510822 0.00077831 -0.00299528 0.00227400 -0.00270370 -0.01006160 0.01176010 0.02544972
237.5  -0.91687466 0.01007376 -0.01498421 -0.01693714 0.00413474 -0.00320045 0.00026937 0.01565671 -0.02215565 0.03122703
238.0  -0.16296447 -0.02316867 -0.00211078 0.01342094 -0.00261185 -0.00679579 -0.00110786 -0.01081569 0.03032490 0.03611692
238.5  0.73966034 -0.04081441 0.01119655 0.00997919 -0.00506738 -0.00506404 0.00187848 0.00138569 -0.02408807 0.03142569
239.0  0.96533729 -0.03448722 0.01579249 -0.01964567 0.00546484 0.00049280 0.00126557 0.00955336 0.00915175 0.02354436
239.5  0.32934278 -0.01321524 0.00788640 0.00021407 0.00284938 0.00629184 -0.00253465 -0.01417432 0.00620270 0.00909097
240.0  -0.59016312 0.00716726 -0.00695762 0.01806411 -0.00374358 0.00790923 -0.00194893 0.01076757 -0.02550553 -0.00895153
240.5  -0.99746074 0.01757081 -0.01647961 -0.00886140 -0.00175724 0.00282980 -0.00188545 0.00323272 0.03242870 -0.02338036
241.0  -0.54198218 0.01955284 -0.01238924 -0.01301914 0.00050629 -0.00148583 -0.00645699 -0.01785158 -0.01551492 -0.03337479
241.5  0.39431454 0.01970824 0.00057259 0.01614779 0.00572811 -0.00669404 -0.00037668 0.00817966 -0.00723087 -0.03799309
242.0  0.98371085 0.01964376 0.01200405 0.00387005 0.00047601 -0.00598742 0.00061089 0.00784968 0.01841740 -0.03740561
242.5  0.66771338 0.01369652 0.01360380 -0.01539977 -0.01216303 0.00041849 0.00103277 -0.01857674 0.01957278 -0.03519535
243.0  -0.27792196 -0.00434784 0.00469953 0.00436702 0.00682187 0.00307674 0.00390824 0.02256992 0.01242709 -0.02257656
243.5  -0.96028040 -0.02949535 -0.00717516 0.01049332 0.00792422 0.00421125 0.00428009 -0.01653227 0.00212444 -0.00559746
244.0  -0.74370802 -0.04432101 -0.01334297 -0.01016388 -0.01334294 0.00025410 0.00347702 0.00289887 -0.00659450 0.01490624
244.5  0.14222876 -0.03521258 -0.00892525 -0.00371057 0.00311449 -0.00418460 0.00092614 0.01033092 -0.01298179 0.03251917
245.0  0.89050891 -0.00406420 0.00128326 0.01155367 0.01408386 -0.00533240 -0.00328348 -0.02084078 -0.01650176 0.04262871
245.5  0.88751035 0.03233711 0.00965577 -0.00203857 -0.01083094 -0.00394073 0.00511603 0.02408465 -0.01375153 0.04324121
246.0  0.17375786 0.05369299 0.01134524 -0.00957267 -0.00760812 0.00189757 0.00248606 -0.00693378 -0.00781614 0.03368478
246.5  -0.67318590 0.04901781 0.00461057 0.00776205 0.01304150 0.00638032 -0.00237797 -0.00865018 0.00226777 0.01754870
247.0  -0.99293785 0.02121159 -0.00514269 0.00534933 -0.00175426 0.00588342 -0.00588539 0.01933054 0.01290451 -0.00106828
247.5  -0.52392132 -0.01539929 -0.01124026 -0.00887523 -0.01059572 0.00162620 -0.00494698 -0.02586603 0.01789381 -0.02115108
248.0  0.37287286 -0.04313684 -0.00860854 -0.00286474 0.00892278 -0.00336110 -0.00090978 0.01176884 0.01787472 -0.03455117
248.5  0.96714657 -0.05007169 0.00203095 0.00832721 0.00572445 -0.00522698 0.00358427 0.00371773 0.00943797 -0.04235642
249.0  0.76602857 -0.03457849 0.01088927 0.00006278 -0.01287760 -0.00266143 0.00502446 -0.01382541 -0.00314604 -0.04394705
249.5  -0.05715550 -0.00392603 0.01048360 -0.00901577 0.00278154 0.00175185 0.00242005 0.02706933 -0.01206469 -0.03948752
250.0  -0.82924167 0.02959164 0.00234074 0.00123991 0.01349417 0.00374024 -0.00254098 -0.01918400 -0.01958654 -0.03122477
250.5  -0.94245575 0.05192561 -0.00781227 0.00852819 -0.00993899 -0.00036817 -0.00532915 0.00424705 -0.01619818 -0.01978185
251.0  -0.30923723 0.05070957 -0.01205007 -0.00282111 -0.00630090 -0.00238259 -0.00157940 0.01039680 -0.00773082 -0.00552180
251.5  0.57975234 0.02024106 -0.00611108 -0.00525267 0.01218789 0.00116642 0.00352733 -0.02400013 0.00004837 0.00844602
252.0  0.99641695 -0.02779657 0.00409930 0.00758873 -0.00370241 0.00359516 0.00702937 0.02412278 0.01174836 0.02229209
252.5  0.54295166 -0.06317976 0.01020770 0.00081108 -0.00781922 0.00543925 0.00685583 -0.01078751 0.01394029 0.03437459
253.0  -0.42286148 -0.05472254 0.00825286 -0.00845662 0.00936142 0.00359575 0.00605412 -0.00547634 0.01462435 0.04167153
253.5  -0.99158009 -0.00078075 -0.00022418 0.00591494 -0.00160562 -0.00118101 0.00818059 0.01701883 0.01046561 0.04428860
254.0  -0.57092443 0.05707083 -0.00864631 0.00381221 -0.00797274 -0.00232097 -0.01385712 0.02211372 0.00111593 0.04344283
254.5  0.43102710 0.06644213 -0.00937695 -0.00756722 0.00808113 -0.00260262 -0.01585028 -0.01547589 -0.00732159 0.04314992
255.0  0.99336045 0.01812295 -0.00171922 0.00426981 -0.00042663 -0.00392029 -0.01435738 -0.00173947 -0.01024768 0.03968038
255.5  0.56551117 -0.04471265 0.00779153 0.00465496 -0.00867799 -0.00488712 -0.00566566 0.01190590 -0.01052540 0.03487879
256.0  -0.40547554 -0.06739162 0.00996562 -0.00490898 0.00520166 -0.00284611 0.00708004 -0.02198079 -0.00925635 0.02610777
256.5  -0.98657210 -0.03427423 0.00255408 0.00113110 0.00199481 0.00204503 0.01375648 0.02148777 -0.00538020 0.01401492
257.0  -0.64521588 0.02302137 -0.00705955 0.00315307 -0.00686487 0.00589900 0.01433748 -0.00787930 -0.00116555 0.00231891
257.5  0.29860202 0.05702769 -0.00972212 -0.00499814 0.00615442 0.00534959 0.00758345 -0.00536205 0.00388835 -0.01225778
258.0  0.96507895 0.04329776 -0.00235919 -0.00091301 0.00219804 0.00135607 -0.00275598 0.01768843 0.00847854 -0.02320992
258.5  0.71973927 -0.00131763 0.00794933 0.00649409 -0.00830654 -0.00810316 -0.01136080 -0.02361856 0.01056261 -0.03152499
259.0  -0.20551929 -0.03839250 0.00995692 -0.00325317 0.00563173 -0.01268879 -0.01060737 0.01575655 0.00839415 -0.03872419
259.5  -0.93367557 -0.04328208 0.00100431 -0.00265852 0.00432203 -0.01103087 -0.00417813 -0.00031021 0.00284120 -0.04431189
260.0  -0.80737973 -0.02023063 -0.00920234 0.00553451 -0.00940161 0.00120477 0.00219538 -0.01137761 -0.00373665 -0.04764733
260.5  0.02523822 0.01034056 -0.01001802 -0.00050262 0.00267298 0.01430396 0.00153034 0.01606119 -0.01769508 -0.04575510
261.0  0.82751282 0.03160637 -0.00137071 -0.00301303 0.00935255 0.01836762 0.01347396 -0.01634896 -0.00951528 -0.03772051
261.5  0.93651837 0.03649452 0.00867263 0.00022574 -0.01005094 0.00895815 0.00472665 0.00871425 -0.00254375 -0.02307897
262.0  0.26930434 0.02442823 0.01133379 -0.00052913 -0.00122824 -0.00848768 -0.00782451 -0.00111312 0.00238822 -0.00552658
262.5  -0.62846850 -0.00075486 0.00384300 0.00292078 0.01237407 -0.02271344 -0.00651562 -0.01370563 0.00599621 0.01544628
263.0  -0.99390851 -0.02911316 -0.00736578 -0.00144670 -0.00648291 -0.02083818 0.00106815 -0.01866912 0.00849433 0.03237086
263.5  -0.48043803 -0.04454327 -0.01230928 -0.00389059 -0.00739633 -0.00512945 0.00438115 -0.01372857 0.00837372 0.04465154
264.0  0.47585799 -0.03345210 -0.00641076 0.00474400 0.01166045 0.01311223 0.00083232 -0.00290049 0.00592803 0.04790150
264.5  0.99476810 0.00194411 0.00449754 -0.00045274 -0.00054698 0.02437928 -0.00959820 0.00222044 0.00041577 0.04410935
265.0  0.58401271 0.03873706 0.01169558 -0.00445088 -0.01168124 0.02740494 0.00161109 0.00254664 -0.00599013 0.03220330
265.5  -0.36996823 0.05036901 0.00886680 0.00312209 0.00652325 0.01571704 0.00222180 0.00479582 -0.01046415 0.01430786
266.0  -0.97923653 0.02854114 -0.00090150 0.00251882 0.00584300 -0.00043417 -0.00957731 0.00854438 -0.00885499 -0.00767379
266.5  -0.68669080 -0.00955212 -0.01012049 -0.00355515 -0.00914340 -0.01792137 0.01570316 0.01007310 -0.01050834 -0.02884608
267.0  0.24489938 -0.03598058 -0.01132769 -0.00282360 -0.00026960 -0.02622858 -0.01151893 0.00865365 -0.00632980 -0.04330094
267.5  0.95367196 -0.03327471 -0.00182705 -0.00090037 0.01067133 -0.02048805 0.00225924 0.00573240 -0.00071031 -0.04828157
268.0  0.72841716 -0.00911376 0.00971225 0.00533257 -0.00480249 -0.00562517 0.00501175 0.00326365 0.00685851 -0.04549928
268.5  -0.25575067 0.01146001 0.01163765 0.00183744 -0.00679050 0.00507971 -0.01605713 0.00107603 0.01312765 -0.03675197
269.0  -0.97611116 0.01120252 0.00210125 -0.00646220 0.00756512 0.02320380 -0.01562344 -0.00101562 0.01471855 -0.02556106
269.5  -0.61475660 -0.00045531 -0.00980940 0.00093939 0.00168598 0.02754193 -0.00697062 -0.00357232 0.01343931 -0.01675799
270.0  0.44140406 -0.00177407 -0.01164151 0.00787796 -0.00816210 0.01741895 0.00438545 -0.00439610 0.00851640 -0.00160633
270.5  0.99790607 -0.01163621 -0.00176518 -0.00569908 0.00154873 -0.00247402 0.01252238 -0.00339700 0.00192064 -0.01479189
271.0  0.44187096 0.00898436 0.01015140 -0.00433915 0.00354919 -0.02109943 0.01363642 -0.00352903 -0.00491655 0.02772850
271.5  -0.59480937 -0.00741643 0.01209247 0.01032433 -0.00098916 -0.02837430 0.00769385 -0.00385463 -0.01044707 -0.04145509
272.0  -0.98537896 0.00515927 0.00320890 -0.00283274 -0.00319946 -0.01848853 -0.00266930 -0.00501016 -0.01408575 0.04976732
272.5  -0.31526546 0.00752946 -0.00828276 -0.00732936 0.00272228 0.00089758 -0.01044229 -0.00488332 -0.01336670 -0.04896666
273.0  0.69803683 -0.01245625 -0.01355776 0.00955351 0.00331054 0.02117952 0.00965179 0.00625021 -0.01073118 0.04485686
273.5  0.95093645 0.00784172 -0.00708393 0.00010138 -0.00449297 0.02513054 -0.00710438 0.01340362 -0.00623467 -0.03546768
274.0  0.15180214 -0.00272304 0.00656909 -0.00974276 -0.00012321 0.01692902 -0.00356767 0.01648999 -0.00179936 0.02105844
274.5  -0.81645269 -0.00608725 0.01526321 0.00812534 0.00609575 -0.00085046 0.01000361 0.01292194 0.00391079 -0.00502020
275.0  -0.87975395 0.01246046 0.01016731 0.00379353 -0.00530417 -0.01920588 -0.01166010 0.00463480 0.00927784 -0.01115867
275.5  0.00700542 -0.00916968 -0.00553697 -0.01218793 -0.00193545 -0.02334955 0.01074283 -0.00682623 0.01344754 0.02767772
276.0  0.87485652 0.00131859 -0.01710757 0.00317536 0.00580690 -0.01497351 -0.00297318 -0.01372776 0.01687600 -0.04066664
276.5  0.85889889 0.00792579 -0.01319039 0.00947773 -0.00366020 0.00475339 -0.00497250 -0.01329455 0.01591607 0.04921083
277.0  0.02427334 -0.01125484 0.00290729 -0.00708674 0.00125873 0.02108608 0.01000624 -0.00836194 0.01036515 -0.05196738
277.5  -0.82620565 0.00821348 0.01638248 -0.00190907 0.00666819 0.02269263 0.01138388 0.00245128 0.00134805 0.04603566
278.0  -0.91693301 -0.00456570 0.01522458 0.00864963 -0.00641540 0.00509560 -0.00759100 0.00872194 -0.01095814 -0.03464413
278.5  -0.15238718 -0.00734700 0.00000517 -0.00693814 -0.00243602 -0.01636595 -0.00155988 0.00916841 -0.01787651 0.02148456
279.0  0.76642871 0.01405890 -0.01450177 -0.00643641 0.00597657 -0.02604648 0.01113107 0.00286611 -0.01887253 -0.00440141
279.5  0.93674390 -0.00532930 -0.01370154 0.01159186 -0.00366102 -0.01762901 -0.01090722 -0.00451721 -0.01460799 -0.01046946
280.0  0.16265474 0.00227088 0.00106196 -0.00263541 -0.00168380 0.00462938 0.00903157 -0.00850378 -0.00397070 0.02377732
280.5  -0.77694538 0.00455672 0.01330024 -0.00882526 0.00547706 0.02341089 0.00020577 -0.00660011 0.00510474 -0.03430809
281.0  -0.93010227 -0.01727197 0.01083341 0.00998359 -0.00261788 0.02552868 -0.01318205 -0.00104163 0.01133181 0.04375903
281.5  -0.16210826 0.00649078 -0.00258779 -0.00083641 -0.00249213 0.01062672 0.01080374 0.00689181 0.01505596 -0.04580288
282.0  0.75865753 0.00496126 -0.01255911 -0.01023570 0.00431815 -0.01610931 -0.00216642 0.01150625 0.01390314 0.04826011
282.5  0.94907339 -0.00309694 -0.00920638 0.01039992 -0.00043556 -0.02774161 -0.00434211 0.01192749 0.01107138 -0.04743996
283.0  0.23147562 0.01348853 0.00321127 0.00309479 -0.00421579 -0.01639906 0.01255310 0.00801871 0.00679432 0.03517875
283.5  -0.71313460 -0.01032718 0.01259768 -0.01208904 0.00325984 0.00642207 -0.00898151 0.00194650 0.00185066 -0.02650678
284.0  -0.96312508 -0.00727411 0.00901950 0.00693680 0.00195465 0.02483108 -0.00043356 -0.00504760 -0.00454780 0.01745202
284.5  -0.25443694 0.00767236 -0.00397996 0.00564514 -0.00540893 0.02280005 0.00764054 -0.00941685 -0.01065936 -0.00374503
285.0  0.71076429 -0.00800962 -0.01359220 -0.01333936 0.00302719 0.00311068 -0.01085864 -0.01173437 -0.01426696 -0.00704217
285.5  0.96318789 0.00917039 -0.00978617 0.00495990 0.00186779 -0.01705474 0.00643209 -0.01067593 -0.01424379 0.01752145
286.0  0.27608183 0.00487150 0.00425804 0.00975186 -0.00216094 -0.02438898 0.00484032 -0.00683229 -0.01016355 -0.03049902
286.5  -0.65757230 -0.01162988 0.01458735 -0.01043361 0.00303800 -0.02245811 -0.00005274 0.00017097 -0.00297571 0.03961824
287.0  -0.99099784 0.00869632 0.01194275 -0.00184935 -0.00084240 -0.00034521 0.01277944 0.00713574 0.00350169 -0.04548862
287.5  -0.48516521 -0.00765899 -0.00074079 0.01289814 -0.00368328 0.01953951 -0.00608393 0.01195199 0.00840769 0.04600163
288.0  0.40761622 -0.00022233 -0.01329041 -0.00582425 0.00003953 0.02572001 0.00107960 0.00994425 0.00848112 -0.04354732
288.5  0.97282789 0.00792412 -0.01448816 -0.00878576 0.00306687 0.01311495 0.00624176 0.00281135 0.00611419 0.03406021
289.0  0.75821969 -0.01152615 -0.00409290 0.01131839 -0.00062293 -0.00701888 -0.01248083 -0.00819403 -0.00206519 -0.01663457
289.5  -0.08466785 0.00953555 0.00963220 -0.00043631 -0.00058517 -0.02227478 -0.01091961 -0.01334547 -0.00553990 0.00042356
290.0  -0.86394415 -0.00222012 0.01473593 -0.01353436 -0.00088141 -0.02091520 -0.00758804 -0.01712990 -0.00588829 0.01695361
290.5  -0.90068586 -0.00224416 0.00766542 0.00945708 0.00045746 -0.00968859 0.00323801 -0.01219509 -0.00539848 -0.03533654
291.0  -0.15528347 0.01078989 -0.00551982 -0.00753387 -0.00075548 0.00236648 0.01645199 -0.00047660 -0.00211731 0.04327839
291.5  0.71954578 -0.01324924 -0.01361097 -0.01469540 0.00467674 0.01025915 0.02237902 0.01390563 -0.00084029 -0.04680319
292.0  0.98110253 0.00418969 -0.01057607 -0.00178245 -0.00245036 0.01170819 0.01467997 0.01973595 0.00073873 0.04263920
292.5  0.43185399 -0.00338757 -0.00008982 0.01442800 -0.00513203 0.00549560 -0.00240141 0.01693767 0.00014213 -0.02770766
293.0  -0.46583761 -0.00442508 0.01048545 0.01020480 0.00321330 -0.00416841 -0.01810095 0.00384506 0.00117355 0.00778417
293.5  -0.98649461 0.01498710 0.01320126 -0.00913960 0.00247261 -0.01022795 -0.02232683 -0.01104694 0.00312606 0.01456886
294.0  -0.70285677 -0.00731033 0.00648856 -0.01418658 -0.00377802 -0.00848401 -0.01213327 -0.01945354 0.00535987 -0.03477956
294.5  0.16906449 0.00756869 -0.00524563 0.00223177 -0.00084925 -0.00070435 0.00605108 -0.02047808 0.00466196 0.04535053
295.0  0.90382532 -0.00525488 -0.01373459 0.01697534 0.00591784 0.00686905 0.01970815 -0.01026823 0.00323248 -0.04754456
295.5  0.85946253 -0.01118242 -0.01158129 0.00723532 -0.00301499 0.00944108 0.02125923 0.00195366 -0.00437771 0.04117945
296.0  0.06509001 0.00955906 -0.00062340 -0.01224162 -0.00495012 0.00480210 0.01017397 0.01505059 -0.00763811 -0.02463599
296.5  -0.78245692 -0.00727436 0.01118275 -0.01468194 0.00620608 -0.00421620 -0.00782115 0.02076956 -0.00807968 0.00508109
297.0  -0.95837051 0.01194379 0.01407203 0.00380709 0.00073895 -0.01104800 -0.02130012 0.01654868 -0.00288592 0.01566255
297.5  -0.34586761 0.00262024 0.00644403 0.01669880 -0.00547874 -0.00891472 -0.02039673 0.00400271 0.00488178 -0.03292362
298.0  0.53399776 -0.00891511 -0.00480936 0.00472139 0.00509126 0.00211947 -0.00378153 -0.01063537 0.00774626 0.04538119
298.5  0.99354044 0.00691476 -0.01162540 -0.01244071 0.00327978 0.01378283 0.01643118 -0.01766029 0.00390016 -0.04882373
299.0  0.67942675 -0.01407394 -0.00934044 -0.00972407 -0.00589658 0.00770697 0.02705931 -0.01163247 -0.00595725 0.04137936
299.5  -0.18284582 0.00649105 -0.00187162 0.01176403 0.00259258 -0.00911368 0.00929490 0.00232018 -0.00935006 -0.02998372
300.0  -0.90696043 0.00348153 0.00682142 0.01302668 0.00413767 0.00199439 -0.01538036 0.00943324 -0.00499639 0.01389064
300.5  -0.85132636 -0.00693881 0.00865338 -0.00404150 -0.00666254 0.01395126 -0.02784405 0.00715751 0.00049739 0.00399359
301.0  -0.02462307 0.01175050 0.00379101 -0.01590374 0.00010528 0.01487863 -0.02097716 -0.00275331 0.00481517 -0.01773604
301.5  0.82964415 -0.00818350 -0.00340598 -0.00837619 0.00740682 0.00347301 0.00071321 -0.00719440 0.00816913 0.03250477
302.0  0.91179496 -0.00015626 -0.00644960 0.00924989 -0.00615173 -0.01071342 0.02143576 -0.00481913 0.01027826 -0.04528421
302.5  0.14674112 0.00877867 -0.00400678 0.01649640 -0.00263782 -0.01767055 0.02722600 0.00078055 0.01069696 0.04408347
303.0  -0.75270904 -0.01285840 0.00090193 0.00448620 0.00826010 -0.01103942 0.01376715 0.00663810 0.00694764 -0.04418868
303.5  -0.95750332 0.00544728 0.00485568 -0.01372506 -0.00520526 0.00495346 -0.00839024 0.00654908 0.00108228 0.04011277
304.0  -0.27310020 -0.00034911 0.00397231 -0.01653417 -0.00220697 0.01831292 -0.02456261 0.00143185 -0.00614677 -0.02417652
304.5  0.67401806 -0.00684492 -0.00064970 -0.00079385 0.00826328 0.01724890 -0.02440171 -0.00272055 -0.01113191 0.01607592
305.0  0.97806521 0.01591472 -0.00537539 0.01604805 -0.00467703 0.00493422 -0.00932885 -0.00446698 -0.01250278 -0.00689222
305.5  0.32213513 -0.00487522 -0.00426237 0.01569956 -0.00336774 -0.00492383 0.01413124 -0.00394128 -0.00987299 -0.01038788
306.0  -0.65968910 -0.00510906 0.00275655 -0.00398193 0.00956373 0.00551848 0.03255479 -0.00298034 -0.00335504 0.01856417
306.5  -0.97703621 0.00456775 0.00777504 -0.01856804 -0.00548327 0.01417434 0.02952169 -0.00073710 0.00378242 -0.02442513
307.0  -0.30722078 -0.01337953 0.00448650 -0.01303105 -0.00736159 0.00923920 0.01407336 0.00436757 0.00951715 0.03560973
307.5  0.66559848 0.00816539 -0.00516445 0.00773755 0.00884819 -0.00298041 -0.00580066 0.00947682 0.00829368 -0.03888975
308.0  0.98010767 0.00985207 -0.01084236 0.02026676 -0.00216519 -0.01321972 -0.02211492 0.01413707 0.00146189 0.03996051
308.5  0.35346756 -0.00784946 -0.00514716 0.00944539 -0.00552998 -0.01608683 -0.02513083 0.01620479 -0.00746459 -0.04327391
309.0  -0.60477220 0.00783885 0.00649705 -0.01220751 0.00597785 -0.01111934 -0.01630258 0.01135616 -0.01364982 0.03839812
309.5  -0.99347403 -0.01012759 0.01294759 -0.01928157 0.00067959 -0.00225503 -0.00629425 -0.00467622 -0.01213459 -0.03009289
310.0  -0.43250775 -0.00715375 0.00630783 -0.00375141 -0.00731556 0.00583123 0.00048528 -0.02157616 -0.00563708 0.02236182
310.5  0.55708025 0.01305137 -0.00718374 0.01624608 0.00591584 0.00973080 0.00387602 -0.02926021 0.00332188 -0.01158514
311.0  0.99545500 -0.00574455 -0.01401825 0.01657973 0.00216612 0.00826208 0.00506867 -0.02502714 0.01125131 -0.00022338
311.5  0.42413295 0.00563964 -0.00650580 -0.00348036 -0.00825317 0.00285908 0.00505478 -0.01150983 0.01558406 0.01226181
312.0  -0.57752917 0.00375702 0.00765893 -0.01911107 0.00088401 -0.00315437 0.00679074 0.00708104 0.01560935 -0.02284755
312.5  -0.99373843 -0.01424394 0.01426753 -0.01206685 0.00549457 -0.00578458 0.00989511 0.02375143 0.01054743 0.03183033
313.0  -0.42521813 0.00820988 0.00698621 0.00986999 -0.00531382 -0.00324575 0.01093248 0.02986697 0.00212676 -0.03667399
313.5  0.55441655 -0.00198599 -0.00727751 0.01981280 -0.00016479 0.00198356 0.00514403 0.02150696 -0.00778442 0.04065285
314.0  0.99707757 -0.00401546 -0.01494920 0.00414285 0.00706033 0.00160283 -0.00529458 0.00267747 -0.01455358 -0.03958813
314.5  0.47407281 0.01153558 -0.00883198 -0.01662652 -0.00566150 -0.00460013 -0.01237931 -0.01820167 -0.01457376 0.03084004
315.0  -0.51878826 -0.01053293 0.00578337 -0.01627318 -0.00607995 -0.01256039 -0.00851900 -0.03036410 -0.00800241 -0.02072785
315.5  -0.99759935 0.00389662 0.01576630 0.00402243 0.00847809 -0.01291524 0.00091251 -0.02572844 0.00104374 0.00897884
316.0  -0.45496723 0.00556836 0.01065870 0.01917531 -0.00119495 -0.00364443 0.00462552 -0.00830729 0.00799634 0.00514273
316.5  0.56605262 -0.01136333 -0.00511722 0.01109876 -0.00746598 0.00919408 0.00121595 0.01136651 0.01089312 -0.01761439
317.0  0.99169794 0.00881392 -0.01689928 -0.01084125 0.00721258 0.01992626 -0.00385693 0.02376541 0.00897014 0.02846783
317.5  0.36955766 -0.00606941 -0.01277359 -0.01821904 0.00134962 0.01957403 -0.00601067 0.02565039 0.00409690 -0.03836097
318.0  -0.63666221 -0.00237544 0.00405724 -0.00185707 -0.00877045 0.01088947 -0.00535129 0.01836357 -0.00134988 0.04405047
318.5  -0.98132681 0.01332122 0.01778053 0.01630889 0.00496490 -0.00383764 -0.00541199 0.00330171 -0.00641949 -0.04342162
319.0  -0.32866767 -0.00948367 0.01537038 0.01262320 0.00974460 -0.01341587 -0.00876981 -0.01384715 -0.00911899 0.03356935
319.5  0.65534813 0.00517510 -0.00050019 -0.00842288 -0.00697170 -0.01380639 -0.01104526 -0.02626437 -0.00840645 -0.02099862
320.0  0.97707497 -0.00394680 -0.01554261 -0.01803655 -0.00449644 -0.00784965 0.00992747 -0.02631994 -0.00485198 0.00557257
320.5  0.28896455 -0.00998470 -0.01694025 -0.00256320 0.00767078 -0.00104044 -0.01709245 0.01700593 -0.00046112 0.01279550
321.0  -0.71093087 0.01420575 -0.00371229 0.01505454 -0.00357730 0.00765779 0.01889316 0.00305133 0.00403411 -0.02616748
321.5  -0.94788067 -0.00414561 0.01224006 0.01351819 -0.00468759 0.01046390 -0.01522782 -0.01719983 -0.01079403 0.03505771
322.0  -0.15558277 0.00321047 0.01695376 -0.00435836 0.00776718 0.00926765 0.00405802 0.02679655 0.01159223 -0.04143289
322.5  0.79907057 0.00297586 0.00722499 -0.01785051 0.00080605 0.00432824 -0.00176077 -0.03085879 -0.00958714 0.03879747
323.0  0.91012779 -0.01561405 -0.00835217 -0.00830763 -0.00708480 -0.00572878 -0.00350132 0.02538067 0.00358725 -0.03027697
323.5  0.10669333 0.00902549 -0.01627306 0.01024937 0.00446856 -0.01135055 0.01748209 -0.01166762 0.00651960 0.02006982
324.0  -0.78868463 -0.00172768 -0.01137803 0.01664259 0.00584759 -0.01302332 -0.02151964 -0.00762654 -0.00987064 -0.00297317
324.5  -0.94004717 0.00138486 0.00322992 -0.00073214 -0.00922792 -0.00417656 0.01622920 0.02398541 0.00734640 -0.01555974
325.0  -0.23158836 0.01032651 0.01477226 -0.01579294 -0.00206342 0.00439393 -0.00371935 -0.02942962 -0.00335628 0.02878713
325.5  0.68740479 -0.01308588 0.01411249 -0.00814023 0.01055332 0.01196628 -0.01482775 0.01657523 -0.00205797 -0.03564914
326.0  0.98042661 0.00512760 0.00134710 0.01051569 -0.00516382 0.01196574 0.02209974 0.00537352 0.00137658 0.03809619
326.5  0.36406267 -0.00278077 -0.01319036 0.01506109 -0.00581560 0.00651356 -0.01318605 -0.01662381 0.00871267 -0.03546495
327.0  -0.59842203 -0.00499446 -0.01484059 0.00109868 0.01060319 -0.00468754 0.00233622 0.02211157 -0.01832130 0.02752793
327.5  -0.99382287 0.01294615 -0.00186892 -0.01504971 -0.00250058 -0.01259337 0.00632023 -0.02161069 0.01649086 -0.01621524
328.0  -0.44264349 -0.00948350 0.01212019 -0.01142596 -0.00914588 -0.01288359 -0.01687187 0.01110989 -0.00638852 0.00390919
328.5  0.52399942 0.00341869 0.01399595 0.00803140 0.00943333 -0.00743357 0.01510961 -0.00033769 -0.00475873 0.01158254
329.0  0.99796499 0.00438870 0.00245913 0.01729333 0.00198895 0.00294351 -0.00902999 -0.01240776 0.01504011 -0.02516235
329.5  0.55551973 -0.01026611 -0.01130161 0.00562474 -0.01199839 0.01005989 -0.00150408 0.02154105 -0.02275767 0.03246351
330.0  -0.39344240 0.01010757 -0.01493386 -0.01504616 0.00517581 0.01132147 0.01287444 -0.01760929 0.01939217 -0.03814865
330.5  -0.98515238 -0.00590150 -0.00519671 -0.01629775 0.00653662 0.00624531 -0.01532878 0.00610171 -0.01033018 0.03988654
331.0  -0.65203423 -0.00543836 0.00960646 0.00161158 -0.00970705 -0.00266355 0.00873546 0.00599964 0.00044611 -0.03660682
331.5  0.31954293 0.01088988 0.01555790 0.01692825 0.00378392 -0.00924302 0.00364777 -0.02166903 0.01176576 0.03150558
332.0  0.97925707 -0.00718313 0.00681963 0.01316533 0.00621430 -0.00839956 -0.01662999 0.02663448 -0.01539054 -0.02254338
332.5  0.64986006 0.00481480 -0.00898771 -0.00403768 -0.00939513 -0.00931851 0.01504065 -0.01894990 0.01220378 0.00993189
333.0  -0.33276433 0.00564671 -0.01628382 -0.01815309 0.00222337 0.00215482 -0.01426288 0.00587704 -0.00793701 0.00209367
333.5  -0.97841562 -0.01477269 -0.00817455 -0.01261330 0.00808723 0.01162454 -0.00488270 0.00924927 0.00808440 -0.01377843
334.0  -0.68305692 0.00556194 0.00820211 0.00671213 -0.01097965 0.01330179 0.03099834 0.00126929 -0.01240093 0.02785423
334.5  0.23841590 -0.00009297 0.01745984 0.01841164 0.00276145 0.00683199 -0.02726406 -0.00647769 0.01053102 -0.03708134
335.0  0.93809968 -0.00356909 0.01018455 0.00772728 0.01000742 -0.00679315 0.01373198 0.00773490 -0.00600460 0.04320057
335.5  0.80881423 0.01473150 -0.00604452 -0.01309366 -0.01282054 -0.01351667 0.00487737 -0.00617251 0.00037575 -0.04437063
336.0  -0.02621981 -0.00851709 -0.01704291 -0.01962313 0.00339225 -0.00764201 -0.03041472 0.00049573 0.01090441 0.04188779
336.5  -0.83904758 -0.00111282 -0.01202762 -0.00169359 0.00981068 -0.00458590 0.02596034 0.00147779 -0.01602969 -0.03688323
337.0  -0.91840112 0.00246419 0.00537418 0.01879910 -0.01109182 0.01217439 -0.00054995 -0.00143084 0.01495516 0.02908821
337.5  -0.19535253 -0.01159963 0.01734757 0.01586480 0.00130760 0.00776767 -0.01961227 0.00412865 -0.01680772 -0.02020524
338.0  0.69283603 0.01161329 0.01263445 -0.00659601 0.00905470 -0.00483875 0.03179929 -0.00332779 0.00804160 0.00891476
338.5  0.98669241 -0.00120998 -0.00366837 -0.02053581 -0.00969509 -0.01043572 -0.02067345 0.00282711 0.00294019 0.00372540
339.0  0.46698227 -0.00262155 -0.01672001 -0.00740132 -0.00204374 -0.00889826 -0.00746053 -0.00360226 -0.00554775 -0.01795350
339.5  -0.41518270 0.00897197 -0.01516400 0.01639724 0.01005014 0.00017926 0.02800478 0.00164904 0.01521350 0.03054955
340.0  -0.96905267 -0.01240577 -0.00133756 0.01639047 -0.00474497 0.00947549 -0.02896744 0.00062824 -0.01703255 -0.04044805
340.5  -0.79205343 0.00727061 0.01386512 -0.00837512 -0.00555018 0.01076043 0.00887544 -0.00272999 0.00827836 0.04264932
341.0  -0.02024859 -0.00183143 0.01783617 -0.02151839 0.01163186 0.00226006 0.01893099 0.00468443 -0.00800759 -0.03529203
341.5  0.77308855 -0.00538706 0.00809997 -0.00357660 0.00023690 -0.00649163 -0.03292855 -0.00555633 0.00000023 0.02612276
342.0  0.97062263 0.01023893 -0.00796128 0.01986435 -0.01170198 -0.01205382 0.02444447 0.00375937 0.00871890 -0.01360924
342.5  0.39553810 -0.01126532 -0.01789104 0.01606521 0.00776058 -0.00741017 0.00022647 0.00190015 -0.00849000 -0.00322912
343.0  -0.50086612 0.00729139 -0.01366046 -0.01321861 0.00769941 0.00343569 -0.02291977 -0.00515960 0.01573583 0.01533563
343.5  -0.99151838 0.00152284 0.00093019 -0.02147088 -0.01434622 0.00961574 0.03099081 0.00736276 -0.01689719 -0.02618730
344.0  -0.68701929 -0.00559480 0.01441918 0.00054360 -0.00042917 0.01270273 -0.01980447 -0.00795184 0.00645358 0.03601172
344.5  0.15935634 0.01090469 0.01735544 0.02254862 0.01532571 0.00432455 -0.00441720 0.00067449 0.00276499 -0.03290790
345.0  0.87986296 -0.01278481 0.00763323 0.01277136 -0.00844456 -0.01396987 0.01870626 0.00101794 -0.01735327 0.02792126
345.5  0.90573189 0.00400413 -0.00865907 -0.01655449 -0.00936488 -0.01360841 -0.02310979 0.00026018 0.02670866 -0.01916183
346.0  0.19666109 -0.00065698 -0.01819202 -0.02097056 0.01341087 -0.01131073 0.01154231 0.00099351 -0.02331222 0.00358878
346.5  -0.68753633 -0.00573965 -0.01310023 0.00655358 -0.00192011 -0.00274008 0.00768559 0.00021420 0.00490654 0.01220592
347.0  -0.98347866 0.01450371 0.00327901 0.02480989 -0.01321050 0.00729275 -0.01656201 0.00140997 0.01632564 -0.02611069
347.5  -0.38737964 -0.00880423 0.01714366 0.00904929 0.01343751 0.01480567 0.01289516 -0.00727811 -0.02470732 0.03519073
348.0  0.58125647 0.00322745 0.01528313 -0.01850691 0.00635973 0.01079425 -0.00191905 0.00754496 0.02876702 -0.03992585
348.5  0.99432147 -0.00054246 -0.00116246 -0.01993572 -0.01758949 0.00028005 -0.00920966 -0.00308500 -0.02408605 0.03872804
349.0  0.43270298 -0.00379855 -0.01630307 0.00550117 0.00556122 -0.01177001 0.01458633 -0.00257550 0.00968266 -0.02835120
349.5  -0.55451187 -0.01188168 -0.01666230 0.02414485 0.01078364 -0.01474207 -0.01241965 0.00721136 0.00195573 0.02059851
350.0  -0.99649262 -0.02139372 -0.00175053 0.01191924 -0.01480870 -0.00519874 0.00148288 -0.00802549 -0.01270574 -0.00780019
350.5  -0.47436399 -0.02084425 0.01450298 -0.01568958 0.00197729 0.00942707 0.00915585 0.00407249 0.02244614 -0.01209731
351.0  0.50265559 -0.00485310 0.01831673 -0.02084293 0.01571407 0.01593030 -0.01452824 0.00104860 -0.02369185 0.02320315
351.5  0.99748093 0.01904883 0.00719011 0.00118615 -0.01358241 0.00793850 0.01126821 -0.00573577 0.01958714 -0.03227609
352.0  0.52203164 0.03412027 -0.00987133 0.02137295 -0.00553666 -0.00749727 -0.00168543 0.00767153 -0.01226922 0.04117385
352.5  -0.47215145 0.02735499 -0.01911296 0.01576902 0.01597878 -0.01620029 -0.00999974 -0.00699288 0.00323215 -0.03900833
353.0  -0.99711970 0.00240766 -0.01247120 -0.00958229 -0.00892847 -0.01102863 0.01326372 0.00412603 0.00839861 0.03346820
353.5  -0.52398196 -0.02429742 0.00620468 -0.02220995 -0.00759539 0.00373521 -0.00711944 0.00137160 -0.01824230 -0.02762312
354.0  0.46498124 -0.03539336 0.02011518 -0.00782470 0.01449495 0.01589082 -0.00369215 -0.00668072 0.02475779 0.01486844
354.5  0.99571619 -0.02590239 0.01629756 0.01634347 -0.00522399 0.01440059 0.01438582 0.00745378 -0.02455796 -0.00098665
355.0  0.57582996 -0.00255819 -0.00231989 0.01960794 -0.01083300 0.00326149 -0.01775612 -0.00558939 0.01572279 -0.01005641
355.5  -0.38277047 0.02184411 -0.02010318 -0.00154981 0.01440047 -0.01122076 0.00611421 -0.00026186 -0.00350261 0.02527553
356.0  -0.98375478 0.03518468 -0.02019225 -0.02097388 -0.00058829 -0.01682941 0.00950815 0.00739831 -0.00629261 -0.03560396
356.5  -0.65251263 0.02974143 -0.00140757 -0.01499522 -0.01294611 -0.00918577 -0.02211547 -0.01593744 -0.00909259 0.03841953
357.0  0.31969940 0.00579857 0.01929899 0.00902094 0.01112375 0.00079964 0.02573871 0.00685845 -0.01810033 -0.03940394
357.5  0.97989682 -0.02411090 0.02100426 0.02176308 0.00257250 0.01302364 -0.01254702 -0.00377797 -0.01333149 0.03549672
358.0  0.62742752 -0.04042730 0.00133295 0.00906881 -0.01463490 0.01488016 -0.00659060 0.00338927 -0.00581643 -0.02511650
358.5  -0.39691714 -0.02822283 -0.01969525 -0.01255821 0.01044674 0.00758836 0.02107808 -0.00198574 0.00385988 0.01656298
359.0  -0.99504046 0.00590059 -0.01914614 -0.02088545 0.00510739 -0.00164807 -0.02643033 0.00161122 0.01067939 -0.00601163
359.5  -0.51067593 0.03682226 0.00164287 -0.00643671 -0.01438345 -0.01329798 0.02173161 -0.00211252 0.01477080 -0.00637093
360.0  0.52413131 0.04026840 0.01990487 0.01638282 0.00826983 -0.01641869 -0.00438623 0.00112811 0.01565103 0.01593868
360.5  0.99499993 0.01403230 0.01720397 0.01943060 0.00846810 -0.01069269 -0.01427207 -0.00060366 0.01337061 -0.02540298
361.0  0.41772321 -0.02135249 -0.00344242 -0.00032820 -0.01857291 -0.00014912 0.02316732 -0.00092397 0.00813284 0.03427760
361.5  -0.59416878 -0.03967344 -0.02063082 -0.01890280 0.00688457 0.01152868 -0.02482073 0.00058789 0.00178457 -0.03839761
362.0  -0.98727964 -0.02975221 -0.01612108 -0.01580548 0.01231976 0.01704158 0.01160005 -0.00039603 -0.00818479 0.04025851
362.5  -0.34191754 -0.00100611 0.00530831 0.00655413 -0.01816493 0.01376741 0.00781550 0.00325337 -0.01488770 -0.03878086
363.0  0.67004405 0.02475741 0.02103842 0.02197905 0.00554435 -0.00047137 -0.01919350 -0.00154734 -0.01804644 0.03336718
363.5  0.96535639 0.03164842 0.01556892 0.01237455 0.01452354 -0.00725044 0.02148086 0.00416974 -0.01423225 -0.02565934
364.0  0.22955831 0.01909961 -0.00689727 -0.01077557 -0.01871062 -0.01611753 -0.01762568 -0.00419206 -0.00768926 0.01812762
364.5  -0.74302291 -0.00168045 -0.02276704 -0.02217193 0.00079290 -0.01312511 0.00168689 0.00199865 0.00300719 0.00743535
365.0  -0.94434147 -0.01912910 -0.01568205 -0.00663459 0.01864603 -0.00398594 0.01465023 0.00061751 0.01191286 -0.00472305
365.5  -0.19638748 -0.02622566 0.00690336 0.01711664 -0.01659765 0.00739687 -0.02102837 -0.00195359 0.01576551 -0.01611850
366.0  0.74110309 -0.02093680 0.02340949 0.01836121 -0.00503702 0.01395788 0.02047579 -0.00244410 0.01760769 -0.02803115
366.5  0.95286879 -0.00571908 0.01871591 -0.00469191 0.02133421 0.01363481 0.00973750 -0.00008885 0.00784322 -0.03780883
367.0  0.23128814 0.01258957 -0.00305927 -0.02056077 -0.01060858 0.00263359 -0.01186064 -0.00337157 0.00058374 -0.04429443
367.5  -0.72248817 0.02494188 -0.02218875 -0.00829862 -0.01354756 -0.00926840 -0.02576411 -0.01070126 -0.00435219 -0.04373293
368.0  -0.95505670 0.02447320 -0.02122991 0.01201934 0.02026148 0.02203058 -0.02110419 -0.01934429 -0.00573458 -0.03744455
368.5  -0.21907872 0.01131669 -0.00078157 0.01942257 0.00126354 -0.01463549 -0.00633735 -0.01936949 -0.00612873 -0.02720429
369.0  0.74050926 -0.00799721 0.01995918 0.00226843 -0.01830373 0.00390375 0.00106235 -0.00388565 -0.00590077 -0.01212040
369.5  0.94659467 -0.02311638 0.02230298 -0.01937771 0.01393968 0.01038153 0.00168661 0.01343641 -0.00649070 0.00435979
370.0  0.20534896 -0.02665318 0.00488080 -0.01377714 0.00796683 -0.02094992 -0.00018325 0.02543405 -0.00657366 0.02117121
370.5  -0.73019870 -0.01674354 -0.01640811 0.01177644 -0.01820038 0.01457314 -0.00267863 0.02670618 -0.00462015 0.03538740
371.0  -0.96256750 0.00171999 -0.02387128 0.02094238 0.00612678 0.00095404 -0.00216468 0.01682472 -0.00043034 0.04486867
371.5  -0.29890555 0.01925953 -0.01172148 0.00285044 0.01308141 -0.01355122 0.00003759 0.00017838 0.00462566 0.04955200
372.0  0.63621664 0.02657756 0.01008452 -0.02107512 -0.01528377 0.02005353 0.00066807 -0.01603083 0.00892521 0.04564078
372.5  0.99004101 0.02010023 0.02418616 -0.01543887 -0.00358963 -0.01196300 0.00199833 -0.02538486 0.01050124 0.03358010
373.0  0.43112388 0.00449054 0.01841982 0.01128516 0.01800457 -0.00596235 0.00247962 -0.02446506 0.00906094 0.01735297
373.5  -0.53289296 -0.01133066 -0.00344028 0.02364999 -0.00703437 0.01756358 -0.00040767 -0.01337004 0.00420882 -0.00061672
374.0  -0.99698567 -0.01910082 -0.02347122 0.00303630 -0.01171841 -0.01847567 0.00312182 0.00198900 -0.00307479 -0.01712297
374.5  -0.52553284 -0.01728097 -0.02284155 -0.02197730 0.01455610 0.00947091 0.00617322 0.01500135 -0.01304451 -0.03270143
375.0  0.42845669 -0.00972200 -0.00184792 -0.01518317 -0.00090882 0.00658577 0.01797392 0.00949971 -0.01937168 -0.04341114
375.5  0.98747021 -0.00017261 0.02017393 0.01215518 -0.01643698 -0.01902110 0.00975722 -0.00288253 -0.01665568 -0.05084062
376.0  0.66909279 0.00872755 0.02524052 0.02207662 0.01169730 0.02090857 0.00164953 0.00120532 -0.00604347 -0.05110050
376.5  -0.23068365 0.01516299 0.01070886 0.00163506 0.00712583 -0.00609106 -0.01361723 0.00121239 0.00561910 -0.04309385
377.0  -0.93037374 0.01681364 -0.01250449 -0.02028608 -0.01674643 -0.01017961 -0.01949466 -0.00036058 0.01417980 -0.02651937
377.5  -0.81934268 0.01147929 -0.02522259 -0.01428139 0.00500645 0.01860528 -0.01464448 0.00032400 0.01672623 -0.00567835
378.0  0.01839513 -0.00023112 -0.01733022 0.01227954 0.01430239 -0.01989461 -0.00319555 0.00219734 0.01276269 0.01753858
378.5  0.84366613 -0.01298594 0.00366922 0.02281500 -0.01524423 0.00426873 0.00866557 0.00555119 0.00576875 0.03570310
379.0  0.90493762 -0.01962049 0.02054108 0.00351357 -0.00170622 0.01428496 0.01566201 0.00617354 -0.00223481 0.04762034
379.5  0.14160673 -0.01617764 0.02003727 -0.01819023 0.01546857 -0.01848852 0.01429447 0.00336108 -0.01004867 0.05185133
380.0  -0.74772589 -0.00464953 0.00374862 -0.01669452 -0.01120249 0.01683420 0.00437246 -0.00100791 -0.01525440 0.05113087
380.5  -0.96438143 0.00859803 -0.01411983 0.00684553 -0.00581172 -0.00389380 -0.00651740 -0.00488697 -0.01563167 0.04574218
381.0  -0.33787133 0.01734537 -0.02043077 0.02136258 0.01378205 -0.01722005 -0.01252210 -0.00620781 -0.01091914 0.03290377
381.5  0.57075322 0.01869981 -0.01027055 0.00721710 -0.00648290 0.01964327 -0.01534955 -0.00396071 -0.00117748 0.01739306
382.0  0.99725573 0.01222228 0.00846803 -0.01698483 -0.00877660 -0.01385189 -0.00563567 -0.00074867 0.01085302 0.00022344
382.5  0.59706725 0.00024140 0.02001588 -0.01875706 0.01461652 0.00107114 0.00312215 0.00107853 0.01836347 -0.01583109
383.0  -0.30334126 -0.01335629 0.01359999 0.00393436 0.00046210 0.01655502 0.00713750 -0.00231370 0.01767870 -0.02841810
383.5  -0.95312981 -0.02310727 -0.00480383 0.02206928 -0.01419901 -0.01976337 0.00707654 -0.00714082 0.01206757 -0.03942102
384.0  -0.77780911 -0.02170534 -0.01885352 0.01369272 0.01006831 0.01359071 0.00216418 -0.00945632 -0.00102130 -0.04989493
384.5  0.09012765 -0.00613586 -0.01534345 -0.01039374 0.00363481 -0.00123451 -0.00231030 0.00570463 -0.01124281 -0.05448004
385.0  0.87904409 0.01677458 0.00397564 -0.02244442 -0.01304256 -0.01375946 -0.01378752 -0.00395773 -0.01481343 -0.05409152
385.5  0.87706089 0.03239311 0.01990660 -0.01007810 0.00720138 0.01906265 -0.01723735 0.00064314 -0.01412020 -0.04711443
386.0  0.09248815 0.02781973 0.01579371 0.00920486 0.01018715 -0.01335703 -0.00907709 0.00370532 -0.00640839 -0.03643681
386.5  -0.77168315 0.00252152 -0.00399599 0.02504309 -0.01223280 0.00113585 0.00268256 -0.00553301 0.00491206 -0.02280207
387.0  -0.95424511 -0.02800348 -0.01999240 0.00731541 0.00694381 0.01214345 0.01245833 0.00679118 0.01251230 -0.00797578
387.5  -0.29042865 -0.04164697 -0.01700326 -0.01978148 0.00433169 -0.02078653 0.01482677 0.00308688 0.01822754 0.00735883
388.0  0.63733470 -0.02605610 0.00246006 -0.02271705 -0.00842068 0.01228363 0.01012588 -0.00267184 0.01647146 0.02254633
388.5  0.98926399 0.01008292 0.01927363 -0.00030304 -0.00395862 0.00322685 -0.00463355 0.00440046 0.00792442 0.03493034
389.0  0.43387700 0.04048039 0.01775955 0.01975908 0.00774764 -0.01506137 -0.01426956 0.00973647 -0.00277796 0.04578036
389.5  -0.51902804 0.04207842 -0.00029151 0.01791364 0.01135694 0.02114240 0.01714790 0.01277229 -0.01155122 0.05180748
390.0  -0.99589459 0.01448318 -0.01733632 -0.00514923 0.00191292 -0.01243518 -0.01536406 0.00931890 -0.01582242 0.05228398
390.5  -0.58398193 -0.02107489 -0.01840529 -0.02270570 -0.00972120 -0.00859495 0.00991646 0.00122291 -0.01626813 0.04824125
391.0  0.32656613 -0.04106068 -0.00379450 -0.01199122 -0.00766036 0.01958746 0.00858848 -0.00780197 -0.01203986 0.03794799
391.5  0.95367001 -0.03597141 0.01357315 0.01642876 0.00238560 -0.01907909 -0.01739362 -0.01492372 -0.00451753 0.02159633
392.0  0.80345698 -0.01346559 0.02007865 0.02304708 0.00926061 0.00736648 0.01255356 -0.01522685 0.00366719 -0.00008129
392.5  0.01807964 0.01220873 0.01054045 0.00036003 0.00441805 0.01525822 -0.00771308 -0.01385812 0.01029413 -0.02098516
393.0  -0.78183952 0.02965981 -0.00761905 -0.02270856 -0.00688005 -0.02359155 -0.00589470 -0.01031832 0.01149436 -0.03697806
393.5  -0.96370910 0.03352413 -0.02039760 -0.01390652 -0.00997426 0.01655995 0.01746567 -0.00102204 0.01083598 -0.04445329
394.0  -0.36120526 -0.02345630 -0.01720375 0.01328315 0.00264184 -0.00156310 -0.00880713 0.00589773 0.00673862 -0.04868477
394.5  0.54862852 0.00385392 0.00096876 0.02070443 0.01483173 -0.01708361 0.01162005 0.01440603 0.00138002 -0.04513364
395.0  0.99660262 0.01773449 0.01933766 -0.00093519 0.00614368 0.02283273 -0.00897116 0.01778539 -0.00065441 -0.03547088
395.5  0.59147459 -0.03074004 0.02200885 -0.01700231 -0.01605727 -0.01913807 -0.00670190 0.01273594 -0.00261531 -0.01868115
396.0  -0.31762480 0.03126694 0.00635924 -0.00500904 -0.01680178 -0.00200594 0.01488982 0.00309706 -0.00232306 0.00224274
396.5  -0.95476921 -0.01989029 -0.01479350 0.01039008 0.01215091 0.01802940 -0.01729309 -0.00823623 0.00020839 0.02405742
397.0  -0.78710798 -0.00258279 -0.02477051 0.00521597 0.02541184 -0.01804670 0.00782226 -0.01476382 0.00276272 0.04298064
397.5  0.04813944 0.02064688 -0.01574534 -0.00452391 0.00000767 0.00859061 0.01200137 -0.01481969 0.00469296 0.05176530
398.0  0.84977844 -0.03057977 0.00553763 0.00019220 -0.02628248 0.01330443 -0.01907467 -0.00840514 0.00550879 0.04873158
398.5  0.90062378 0.03233550 0.02271896 0.00828739 -0.01249799 -0.02618499 0.00773771 0.00239089 0.00392022 0.03443842
399.0  0.10971920 -0.01427146 0.02182128 -0.00900939 0.01695039 0.01009263 0.00806486 0.00879483 0.00266533 0.01446948
399.5  -0.79988825 -0.00933132 0.00326645 -0.02030365 0.01440834 0.01160974 -0.01249935 0.01214811 0.00136672 -0.00663690
400.0  -0.90946744 0.02407002 -0.01812396 -0.00018062 -0.00523517 -0.02393464 0.00407303 0.01317920 0.00137229 -0.02324859
400.5  -0.07253481 -0.03349310 -0.02400038 0.02155010 -0.01369091 0.02108966 0.00692737 0.00735758 0.00474145 -0.03620242
401.0  0.84503522 0.02401193 -0.00904835 0.01508115 -0.00484887 -0.00536948 -0.01212470 -0.00229511 -0.00019597 -0.04507040
401.5  0.86074543 0.00368868 0.01383936 -0.01158494 0.00960730 -0.01409738 0.01354315 -0.00719480 -0.00459938 -0.04945357
402.0  -0.04792041 -0.02212574 0.02423669 -0.02301879 0.00938488 0.02517609 -0.00427732 -0.01263573 -0.01018257 -0.04879833
402.5  -0.90627365 0.02949669 0.01244541 -0.00323657 0.00142591 -0.02146786 -0.00313386 -0.00579881 -0.01224105 -0.04348662
403.0  -0.78297725 -0.02759753 -0.01057244 0.02077788 -0.00771389 0.00257287 0.01100130 0.00063852 -0.00818389 -0.03295197
403.5  0.20359995 0.00308059 -0.02399487 0.01695295 -0.00793422 0.01848173 -0.01407207 0.00778568 -0.00699774 -0.02012573
404.0  0.96800714 0.02366717 -0.01272113 -0.00728843 0.00049380 -0.02562363 0.00756232 0.01324743 -0.00508811 -0.00706287
404.5  0.62270501 -0.03046442 0.01199597 -0.02267286 0.00803602 0.01559919 0.00366133 0.01230482 -0.00421893 0.00677462
405.0  -0.45460353 0.02182344 0.02363559 -0.01577470 0.00834149 0.00715962 -0.01090180 0.00923346 -0.00565543 0.01812802
405.5  -0.99591511 0.00060031 0.00991898 0.00962952 0.00002494 -0.02366435 0.01347864 0.00318425 -0.00633558 0.02919188
406.0  -0.37054770 -0.02653400 -0.01428601 0.02442486 -0.00769414 0.02130309 -0.01201116 -0.00529128 -0.00800046 0.03816392
406.5  0.67262989 0.03241007 -0.02220216 0.01265543 -0.00584524 -0.00437077 0.00066971 -0.01207890 -0.00847328 0.04479995
407.0  0.96147937 -0.01674743 -0.00676596 -0.01444339 0.00082589 -0.01634926 0.01170755 -0.01502898 -0.00626837 0.04732451
407.5  0.22324583 -0.00768320 0.01482708 -0.02398432 0.00573905 0.02554722 -0.01533028 -0.01203525 -0.00019543 0.04439681
408.0  -0.73809021 0.02769542 0.02146423 -0.00534688 0.00249403 -0.01131843 0.01304198 -0.00428757 0.00574483 0.03749265
408.5  -0.94969443 -0.03065724 0.00781478 0.02083701 -0.00154668 -0.01158416 -0.00207250 0.00477627 0.00960635 0.02602043
409.0  -0.21686833 0.01755276 -0.01286953 0.02113273 -0.00163824 0.02069239 -0.01385952 0.01326510 0.00624448 0.01064968
409.5  0.72865113 0.00577941 -0.02212023 -0.00542025 -0.00100481 -0.01689275 0.01865421 0.01757494 0.00213287 -0.00300003
410.0  0.95754319 -0.02935387 -0.01106375 -0.02449238 0.00061281 0.00055892 -0.01285705 0.01751223 -0.00346191 -0.01566479
410.5  0.25395079 0.03090109 0.01077967 -0.01232451 0.00213135 0.01766446 0.00009156 0.01279584 -0.00806437 -0.02677280
411.0  -0.69137609 -0.01690502 0.02386511 0.01525499 -0.00071769 -0.01864418 0.01449925 0.00314664 -0.01262948 -0.03357429
411.5  -0.97554852 -0.00133802 0.01599710 0.02474668 -0.00252469 0.00609568 -0.02121863 -0.00639565 -0.01581919 -0.03672963
412.0  -0.34491291 0.02697074 -0.00703640 0.00408868 -0.00090611 0.00690070 0.01359592 -0.01524576 -0.01699500 -0.03823239
412.5  0.60215099 -0.03433246 -0.02468599 -0.02392324 0.00375786 -0.01666660 0.00026369 -0.01742254 -0.01225255 -0.03558586
413.0  0.99435176 0.01812258 -0.02056094 -0.02050858 0.00463448 0.01375403 -0.01720582 -0.01205399 -0.00266187 -0.02830476
413.5  0.46673651 -0.00306170 0.00261007 0.00765225 -0.00234720 0.00323827 0.02353837 -0.01284423 0.00702593 -0.01492697
414.0  -0.50588646 -0.02027160 0.02411921 0.01977042 -0.01855428 -0.01230624 -0.01310352 -0.01855615 0.01490867 -0.00179326
414.5  -0.99702073 0.03686100 0.02265268 0.00318371 -0.01228495 0.01633956 0.00021124 -0.01599734 0.01807120 0.00925689
415.0  -0.49197918 -0.02067643 -0.00206429 -0.00340238 0.01642926 -0.01073318 0.01343936 -0.00805422 0.01632794 0.01719611
415.5  0.52609354 -0.00265058 -0.02404120 -0.00021535 0.02645827 -0.00556536 -0.02306594 0.00189615 0.01261916 0.02551643
416.0  0.99530315 0.02034862 -0.02006692 0.00195998 0.00839139 0.01638916 0.01900854 0.01478509 0.00642288 0.03344115
416.5  0.41466248 -0.03474514 0.00502766 0.00032547 -0.01827939 -0.01558588 -0.00285096 0.01712772 0.00163900 0.03982943
417.0  -0.59581072 0.02147957 0.02403046 -0.00383551 -0.02653202 0.00710134 -0.01092438 0.01601210 -0.00438236 0.04077998
417.5  -0.98925856 0.00860157 0.01752337 -0.00225952 -0.00484446 0.00761036 0.01829308 0.00819229 -0.01196171 0.03737798
418.0  -0.38675687 -0.02498349 -0.00607143 0.00386699 0.02221232 -0.02196175 -0.01979141 -0.00431895 -0.01620144 0.03167942
418.5  0.59593651 0.03107909 -0.02295329 0.00836616 0.02299693 0.01586865 0.00252144 -0.01241939 -0.01693411 0.02346827
419.0  0.99175087 -0.02161462 -0.01742935 0.00065914 -0.00179301 0.00227774 0.01207957 -0.01681527 -0.01123869 0.01280870
419.5  0.41374116 -0.00578624 0.00492627 -0.00988847 -0.02396964 -0.01502499 -0.01528178 -0.01399892 -0.00139655 0.00235479
420.0  -0.57076889 0.02676892 0.02240217 -0.00801441 -0.01664696 0.02598848 0.00928535 -0.00349337 0.00509032 -0.01043287
420.5  -0.99453801 -0.03167205 0.01877244 0.00480033 0.00992053 -0.01659222 0.00424618 0.00662618 0.00984411 -0.02080041
421.0  -0.45588290 0.02082281 -0.00281685 0.01530204 0.02345380 -0.01059806 -0.00561593 0.01664859 0.00824855 -0.02978884
421.5  0.50776644 0.00187939 -0.02255408 0.00530340 0.00709874 0.02326990 0.00006212 0.01771888 0.00070752 -0.03570888
422.0  0.99627718 -0.02188820 -0.02256578 -0.02290100 0.00153183 -0.02265130 0.01219483 0.00840079 -0.00234745 -0.04009431
422.5  0.60213791 0.03348388 -0.00338916 -0.02309744 0.00574267 0.01071832 -0.01275387 -0.00365017 -0.00599865 -0.03971458
423.0  -0.29580129 -0.02777513 0.01843765 0.00667044 -0.00497398 0.01385596 0.00025733 -0.01578102 0.00270894 -0.03290920
423.5  -0.94179695 0.00905277 0.02515537 0.02724648 -0.01299612 -0.02339347 0.01317332 -0.01413026 0.01223187 -0.01689088
424.0  -0.82790144 0.00736334 0.01201981 0.00872317 -0.00294536 0.01023577 -0.01811713 -0.00796266 0.01175815 0.00248336
424.5  -0.05257604 -0.02726165 -0.00947765 -0.02082078 0.01122086 0.00245836 0.01227434 0.00284919 0.00715706 0.02379885
425.0  0.76761872 0.03502634 -0.02218547 -0.02185651 0.01068901 -0.01749885 0.00539345 0.01234289 -0.00225028 0.03943384
425.5  0.96686199 -0.02134412 -0.01756892 0.00787959 -0.00420174 0.01911348 -0.01972306 0.01391992 -0.01104393 0.04477913
426.0  0.37136345 0.00882380 0.00049580 0.02735307 -0.01187568 -0.00122841 0.01811046 0.00959218 -0.01577452 0.04386368
426.5  -0.52824426 0.01244553 0.01626182 0.00972068 -0.00323972 -0.01214622 -0.00914343 0.00149809 -0.01495844 0.03431175
427.0  -0.99360731 -0.03344709 0.01806987 -0.02248964 0.00413826 0.01809970 -0.00742376 -0.00699978 -0.00842614 0.01855687
427.5  -0.66954731 0.02853474 0.00633459 -0.02448376 -0.00027307 -0.01177337 0.02062430 -0.01244863 0.00084522 -0.00206294
428.0  0.16631461 -0.02255891 -0.00900326 0.00999691 0.00290724 -0.00828604 -0.01486431 -0.01025332 0.00922063 -0.02067745
428.5  0.87143118 0.00875456 -0.01636766 0.03071010 0.00821941 0.01862351 0.00209286 -0.00168313 0.01230799 -0.03803459
429.0  0.92249558 0.01959971 -0.01121460 0.00715167 0.00163035 -0.01400717 0.01158871 0.00669163 0.01009294 -0.04720400
429.5  0.26919177 -0.02729421 0.00187918 -0.02348004 -0.01243136 0.00154660 -0.02082300 0.01252849 0.00660786 -0.05021168
430.0  -0.60661426 0.02950198 0.01320522 -0.02352184 -0.01001993 0.01380275 0.01231950 0.01360166 0.00087818 -0.04178194
430.5  -0.99647292 -0.02525001 0.01346671 0.00700369 0.00675773 -0.01845961 0.00721993 0.00745601 -0.00470028 -0.02772748
431.0  -0.53542467 -0.00336803 0.00299109 0.02602331 0.01723213 0.00324110 -0.01780365 0.00142613 -0.01083355 -0.01208961
431.5  0.40782061 0.02346691 -0.01133252 0.01343539 0.00517717 0.00802452 -0.01724506 -0.00491883 -0.01368593 0.00623546
432.0  0.98613978 -0.02874495 -0.01655986 -0.01556674 -0.01389631 -0.01497267 -0.00844309 -0.00981075 -0.01243740 0.02077131
432.5  0.64939022 0.02720253 -0.00672872 -0.02447977 -0.01813344 0.01077977 0.00324899 -0.01005584 -0.00769817 0.03295678
433.0  -0.30021142 -0.00396534 0.01087594 -0.00408145 -0.00029085 -0.00379489 0.01471655 -0.00832106 -0.00148676 0.04317518
433.5  -0.96718703 -0.02227815 0.01965884 0.02086602 0.02050538 -0.00659968 0.01957077 -0.00416770 0.00312896 0.05024701
434.0  -0.70647794 0.03109264 0.00941239 0.02042628 0.02061597 0.01666506 0.01637041 0.00133534 0.00556330 0.05355531
434.5  0.24599599 -0.02407927 -0.01168093 -0.00422369 -0.00498505 -0.01158933 0.00843319 0.00510547 0.00719274 0.05342735
435.0  0.95985781 0.00028099 -0.02170139 -0.02266302 -0.02408078 0.00277809 -0.00103160 0.01117082 0.00993301 0.04835249
435.5  0.70384258 0.02341593 -0.00882582 -0.01487874 -0.01849454 0.00336672 -0.00975678 0.01457400 0.01297304 0.03724215
436.0  -0.27691329 -0.03155924 0.01381984 0.00998762 0.00668278 -0.01601688 -0.01498502 0.01052212 0.01356929 0.02735346
436.5  -0.97103182 0.01994181 0.02147025 0.02340143 0.02554743 0.01563963 -0.01391466 0.00369668 0.00834937 0.01659895
437.0  -0.67922658 0.00960502 0.00575910 0.01010853 0.01777982 -0.00424190 -0.00703537 -0.00480412 -0.00134249 0.00673260
437.5  0.26967181 -0.02827368 -0.01539022 -0.01395703 -0.00500719 -0.00278869 0.00390362 -0.00899481 -0.01196212 -0.00720516
438.0  0.95140970 0.02731234 -0.01994359 -0.02188226 -0.02576777 0.01361175 0.01290323 -0.00854515 -0.01823974 -0.02246368
438.5  0.78657471 -0.02101525 -0.00563986 -0.00266348 -0.01702049 -0.01267305 0.01844774 -0.00449111 -0.01682441 -0.03757410
439.0  -0.03104648 -0.00521015 0.01318367 0.02058598 0.01242911 0.00642361 0.00784542 0.00101507 -0.00766032 -0.05128261
439.5  -0.81588076 0.02770812 0.01992992 0.01750819 0.02489382 0.00790751 -0.00451626 0.00434599 0.00451443 -0.05822109
440.0  -0.94745572 -0.02638503 0.00947342 -0.00824460 0.00413074 -0.01592831 -0.01502442 0.00131472 0.01473832 -0.05783834
440.5  -0.31387655 0.02707585 -0.00834605 -0.02214540 -0.02249921 0.01112083 -0.01691140 -0.01225556 0.01395287 -0.04819611
441.0  0.58350342 -0.00948744 -0.01926516 -0.00636567 -0.01766860 -0.00204934 -0.00631668 -0.01358718 0.00130554 -0.03249614
441.5  0.99657365 -0.02035935 -0.01492982 0.01784127 0.01009210 -0.00937954 0.00397137 0.00098283 -0.00013369 -0.01108866
442.0  0.55863562 0.02573519 0.00201681 0.02142692 0.02521482 0.01416112 0.00347327 0.01789119 0.00650987 0.01026558
442.5  -0.36447484 -0.02796182 0.01822425 -0.00665005 -0.00828263 -0.01040587 -0.00489006 0.02541470 0.01609030 0.03004769
443.0  -0.97139782 0.01966576 0.02056250 -0.02500884 -0.02063967 0.00066594 -0.01106706 0.01806501 0.01877999 0.04525901
443.5  -0.72845734 0.01089351 0.00622437 -0.01261788 0.02151608 0.01072795 -0.01105889 0.00291950 0.01170879 0.05318539
444.0  0.16026704 -0.02530699 -0.01377721 0.01663335 0.00268087 -0.01352720 -0.00460950 -0.00953342 -0.00210117 0.05149464
444.5  0.91128355 0.02731198 -0.02393927 0.02582786 -0.02279303 0.00873002 0.00581281 -0.01604769 -0.01648382 0.04227570
445.0  0.82613934 -0.02390713 -0.01366379 0.00103661 0.01493094 0.00119608 0.01391819 -0.01406790 -0.02463258 0.02995426
445.5  -0.05270181 -0.00167531 0.00939341 -0.02314009 0.00925270 -0.00962346 0.01599599 -0.00255664 -0.02379815 0.00867330
446.0  -0.89116064 0.02535957 0.02368316 -0.02089929 -0.02471356 0.01588812 0.00504068 0.00664445 -0.01390859 -0.01114902
446.5  -0.81667054 -0.02897404 0.01543443 0.00588077 0.01079572 -0.00829733 -0.00326157 0.01177068 0.00033888 -0.03262157
447.0  0.12548786 0.01958116 -0.00698322 0.02642066 0.01808054 -0.00585702 -0.00919013 0.01346277 0.01376329 -0.04992799
447.5  0.93422561 0.00227544 -0.02315111 0.01477671 -0.02663771 0.01506941 -0.00766270 0.02175805 0.01572795 -0.05735602
448.0  0.74317814 -0.02390512 -0.01755419 -0.01467546 0.00372183 -0.01292682 -0.00002450 0.02500186 0.01148724 -0.05582016
448.5  -0.22579791 0.03008703 0.00458439 -0.02682709 0.02320846 0.00774935 0.00767141 0.01208385 0.01088953 -0.04328365
449.0  -0.95609691 -0.02059637 0.02249945 -0.00393811 -0.02255138 0.00599416 0.00481586 -0.00752357 0.00690528 -0.02780315
449.5  -0.72028591 -0.00306918 0.02041090 0.02413223 -0.00632488 -0.01653697 -0.00835526 -0.02306627 0.00132528 -0.00761010
450.0  0.23510064 0.02137060 0.00063986 0.02148072 0.02654714 0.01302648 -0.01990582 -0.02377869 -0.00487351 0.01315585
450.5  0.95777802 -0.02740729 -0.01957483 -0.01153607 -0.01470817 -0.00318967 -0.01844959 -0.01211298 -0.00808026 0.03273086
451.0  0.70561568 0.02666089 -0.02412737 -0.02811291 -0.01481762 -0.01044148 -0.00543980 0.00426984 -0.00738008 0.04672733
451.5  -0.28334052 -0.00521451 -0.00627049 -0.00504436 0.02681227 0.01801282 0.01039423 0.01886134 -0.00268521 0.05297279
452.0  -0.97642958 -0.02074258 0.01874504 0.02194011 -0.00321954 -0.01230027 0.02226182 0.02374435 0.00200107 0.05020603
452.5  -0.63149538 0.02528914 0.02742075 0.01865009 -0.02564990 -0.00128831 0.02166366 0.01881656 0.00615523 0.03989231
453.0  0.38208710 -0.02598890 0.01091849 -0.00866171 0.01801305 0.01457540 0.01051176 0.00650838 0.00793039 0.02424115
453.5  0.99086999 0.01763854 -0.01672232 -0.02612655 0.01237982 -0.01712830 -0.00322114 -0.01065664 0.00556445 0.00372426
454.0  0.57408412 0.01325341 -0.03014205 -0.00994413 -0.02436612 0.00829766 -0.01380659 -0.02292857 0.00180322 -0.01888592
454.5  -0.42570675 -0.02702342 -0.01695468 0.02275221 0.00693444 0.00551291 -0.01544768 -0.02826028 -0.00246745 -0.03853062
455.0  -0.99358054 0.02401808 0.01089603 0.02391064 0.01962434 -0.01614740 -0.00890396 -0.02081549 -0.00594765 -0.04999517
455.5  -0.55332829 -0.02489660 0.02947389 -0.00922809 -0.02178160 0.01672990 0.00084468 -0.00202555 -0.00668360 -0.05231875
456.0  0.45736749 0.00273069 0.02306975 -0.02710334 -0.00746353 -0.00363343 0.00761219 0.01584639 -0.00314601 -0.04261168
456.5  0.99596744 0.02515633 -0.00305680 -0.00966758 0.02644929 -0.01167999 0.00861418 0.02683728 0.00513992 -0.02775097
457.0  0.47940002 -0.02687583 -0.02658024 0.01971131 -0.01098708 0.01582958 0.00457056 0.02660124 0.01421306 -0.01165367
457.5  -0.55150457 0.02192474 -0.02641716 0.02342933 -0.01992593 -0.01491811 -0.00187923 0.01478570 0.01691463 0.00655595
458.0  -0.99142685 -0.00794603 -0.00252583 -0.00291854 0.02476475 0.00099132 -0.00670342 0.00105750 0.01153902 0.02479464
458.5  -0.38985425 -0.01979217 0.02305694 -0.02481203 0.00192520 0.01719324 -0.00761772 -0.00757910 -0.00069381 0.04132929
459.0  0.60427863 0.03162145 0.02880039 -0.01340133 -0.02402479 -0.01620432 -0.00518692 -0.01048756 -0.01545934 0.05328722
459.5  0.98908697 -0.02342135 0.00951519 0.01393067 0.01755537 0.00617367 0.00336505 -0.00950094 -0.02578226 0.05536762
460.0  0.40551659 0.00699816 -0.01923214 0.02201737 0.00961851 0.00508262 0.00835974 -0.00397081 -0.02969909 0.05045739
460.5  -0.57264189 0.01611602 -0.03198134 0.00261376 -0.02876628 -0.01760751 0.00663499 0.00194394 -0.02695508 0.03784258
461.0  -0.99263460 -0.03038182 -0.01549182 -0.02164845 0.01084846 0.01522929 0.00210604 0.00640786 -0.01723796 0.02542171
461.5  -0.41749615 0.02588830 0.01608389 -0.01784732 0.02014712 0.00266606 -0.00418859 0.00844999 -0.00573819 0.01420201
462.0  0.59166133 -0.00550700 0.03289560 0.00847260 -0.02539888 -0.01025166 -0.00878815 0.00794591 0.00763414 0.00140075
462.5  0.98650658 -0.02073915 0.01606839 0.02266219 0.00317463 0.01430040 -0.00960189 0.00346155 0.01731587 -0.01425615
463.0  0.34736487 0.02971709 -0.01780677 0.01057880 0.02234751 -0.01490395 -0.00713139 -0.00089262 0.02310617 -0.02946238
463.5  -0.64921594 -0.02094086 -0.03254295 -0.01348749 -0.02469126 -0.00380649 0.00083758 -0.00468679 0.02614614 -0.04119642
464.0  -0.97788079 0.00343616 -0.01355814 -0.02259283 -0.00214261 0.01681626 0.00901932 -0.00574579 0.02626009 -0.04871750
464.5  -0.33298521 0.02383101 0.01863386 -0.00472009 0.02819108 -0.01212335 0.01168289 -0.00367259 0.02398741 -0.05123630
465.0  0.62918081 -0.03317830 0.03170080 0.02030103 -0.02112096 0.00596657 0.00775890 -0.00151733 0.01601971 -0.05241356
465.5  0.98846561 0.01676414 0.01398253 0.02131618 -0.00998624 0.00609024 -0.00213586 0.00081488 0.00272447 -0.04956511
466.0  0.42074851 -0.00266274 -0.01710271 -0.00224951 0.02746505 -0.02009741 -0.01065416 0.00218420 -0.01196186 -0.04648559
466.5  -0.53618831 -0.01909019 -0.03198459 -0.02281797 -0.01690776 0.00833046 -0.01197509 0.00199772 -0.02267602 -0.03684954
467.0  -0.99617662 0.03618019 -0.01585044 -0.01670177 -0.01475138 0.00444660 -0.00496085 0.00001635 -0.02592725 -0.02164121
467.5  -0.54538897 -0.01887647 0.01536211 0.00968386 0.03147089 -0.00748097 0.00517210 -0.00176760 -0.01955690 -0.00111109
468.0  0.38981789 0.00039600 0.03228069 0.02221642 -0.01072554 0.01578439 0.00884257 -0.00350433 -0.00621624 0.01584895
468.5  0.97499224 0.01375388 0.01978936 0.00636423 -0.02362170 -0.00553406 0.01068307 -0.00467972 0.01131495 0.02964059
469.0  0.74111336 -0.03465934 -0.01017710 -0.01263202 0.03127033 -0.00442955 0.00339801 0.00820829 0.02260823 0.04006104
469.5  -0.07468866 0.02641716 -0.03085768 -0.02070590 0.00852159 0.01089716 -0.00212101 0.02183351 0.01306444 0.04598609
470.0  -0.82249021 -0.00778678 -0.02657686 0.00004590 -0.03153001 -0.01050932 0.00011306 0.01688722 0.00170014 0.04889958
470.5  -0.95557968 -0.00407888 -0.00152218 0.02495420 0.01507697 0.00426201 -0.01076596 0.00066748 -0.01189445 0.04579346
471.0  -0.38147152 0.02718608 0.02566138 0.01218150 0.01939484 0.00836337 -0.01676879 -0.01503990 -0.01812818 0.03769585
471.5  0.48718699 -0.03200153 0.03218743 -0.01669003 -0.02853745 -0.01211383 -0.01090280 -0.02135460 -0.01562532 0.02246398
472.0  0.98706154 0.01905208 0.01205277 -0.02223616 0.00089855 0.00483235 -0.00041497 -0.01735058 -0.00558594 0.00403417
472.5  0.69071410 -0.00463787 -0.01888477 0.00169703 0.02853705 0.00044554 0.01004080 -0.00377218 0.00726235 -0.01460554
473.0  -0.18613547 -0.01743575 -0.03358652 0.02334432 -0.02135787 -0.01194724 0.01269709 0.01188101 0.01804693 -0.02846328
473.5  -0.90807380 0.03010359 -0.01909835 0.01441380 -0.01211760 0.01053931 0.00606526 0.02108638 0.02333447 -0.04127803
474.0  -0.85743296 -0.02574570 0.01246704 -0.01381304 0.03060982 0.00127083 -0.00433916 0.02124016 0.02170055 -0.05217202
474.5  -0.08292246 0.01034453 0.03221153 -0.02276135 -0.01207703 -0.00596639 -0.01267069 0.01289594 0.01449007 -0.05503623
475.0  0.75788595 0.01042440 0.02446729 -0.00021638 -0.02372110 0.01080683 -0.01275502 -0.00180532 0.00347128 -0.04882135
475.5  0.96774141 -0.02452694 -0.00369787 0.02217033 0.02846476 -0.00738971 -0.00226322 -0.01517709 -0.00907147 -0.03377907
476.0  0.37438372 0.03076179 -0.02906556 0.01397189 0.00519372 -0.00638063 0.01052382 -0.02283861 -0.01983396 -0.01372607
476.5  -0.53508811 -0.02099101 -0.03032943 -0.01469551 -0.02953305 0.01062155 0.01613066 -0.01910292 -0.02395560 0.00864360
477.0  -0.99505782 -0.00177497 -0.00703749 -0.02405693 0.01445361 -0.00728172 0.01295333 -0.00648690 -0.01917127 0.02751937
477.5  -0.59372247 0.01617321 0.02091423 -0.00130327 0.01827749 0.00358262 -0.00029240 0.00699078 -0.00623021 0.03939090
478.0  0.33381326 -0.02863394 0.03302669 0.02760537 -0.02812863 0.00600693 -0.01255413 0.01533552 0.01167055 0.04654691
478.5  0.96560505 0.03007689 0.01963302 0.01612876 0.00414938 -0.01120847 -0.01853814 0.01141580 0.02623340 0.04974974
479.0  0.74393191 -0.00781706 -0.01082227 -0.01347892 0.02822689 0.00605539 -0.01316077 -0.01559692 0.02267418 0.04789262
479.5  -0.11949579 -0.00733866 -0.03343645 -0.02355437 -0.02250316 -0.00200263 0.00121421 -0.01632352 0.00323014 0.03606163
480.0  -0.87400919 0.01915651 -0.03027713 -0.00232673 -0.01595818 -0.00700910 0.01411795 0.00294937 -0.00628657 0.01496526
480.5  -0.90144009 -0.03370954 -0.00496543 0.02281464 0.03197891 0.01259489 0.02408885 0.01329503 -0.01051722 -0.01124350
481.0  -0.19296834 0.02186347 0.02400642 0.01592398 -0.00026102 -0.00400754 0.02921713 0.00562915 -0.00919313 -0.03623603
481.5  0.67826849 -0.00589137 0.03629340 -0.01405789 -0.03157928 -0.00058266 0.01473097 0.01117762 -0.00447969 -0.05054472
482.0  0.98664486 -0.00523574 0.02121583 -0.02510200 0.01963633 0.00758257 -0.00785866 0.00909421 0.00088433 -0.05298856
482.5  0.43730661 0.02757255 -0.01094243 -0.00110913 0.01697027 -0.01214789 -0.02450651 0.00017057 0.00524074 -0.04474492
483.0  -0.51341964 -0.03047269 -0.03454291 0.02762806 -0.03029666 0.00282733 -0.02846805 -0.00954511 0.00698419 -0.03053255
483.5  -0.99583252 0.01421706 -0.02900732 0.01688906 0.00626047 0.00493514 -0.01789980 -0.01362868 0.00630627 -0.01300253
484.0  -0.54209681 -0.00168679 0.00249777 -0.01750221 0.02526631 -0.00802838 0.00075717 -0.01134537 0.00408883 0.00681059
484.5  0.42527351 -0.01907496 0.03123267 -0.02534753 -0.02973168 0.01052783 0.01851391 -0.00568067 0.00165292 0.02406413
485.0  0.98949227 0.03193995 0.03034145 -0.00611497 -0.00831113 -0.00254855 0.02734768 0.00181727 -0.00019936 0.03866494
485.5  0.61895413 -0.02064220 0.00242057 0.02138511 0.03480953 -0.00965844 0.02315028 0.00676952 -0.00044344 0.04976481
486.0  -0.33893455 0.00385729 -0.02708587 0.02511203 -0.01550016 0.01166120 0.00685757 0.00892798 -0.00029458 0.05423223
486.5  -0.97656174 0.01495641 -0.03145473 -0.00487001 -0.02022618 -0.00686924 -0.01385005 0.00962978 -0.00161894 0.05189935
487.0  -0.66461734 -0.02901555 -0.00517120 -0.02990781 0.03137302 -0.00032832 -0.02763606 0.00779134 -0.00405817 0.04359024
487.5  0.31785459 0.02374308 0.02580483 -0.01757435 -0.00752307 0.01346220 -0.02732392 0.00377957 -0.00628132 0.03420148
488.0  0.98113759 -0.00313280 0.03081849 0.01346834 -0.02569950 -0.01241925 -0.01480611 -0.00277575 -0.00549281 0.02474505
488.5  0.61040024 -0.01962211 0.00268791 0.02722031 0.03083657 0.00286487 0.00814013 -0.00974872 -0.00100316 0.01443237
489.0  -0.41527877 0.02909983 -0.02939153 0.01393775 -0.00122259 -0.00237940 0.02381970 -0.01350766 0.00255528 0.00290810
489.5  -0.99455701 -0.01672698 -0.02916134 -0.01474238 -0.02871968 -0.00565442 0.02851757 -0.00827788 0.00538444 -0.00887289
490.0  -0.52434893 -0.00305580 0.00204279 -0.02785454 0.02812185 0.01475590 0.01985989 0.00671185 0.00843216 -0.02018928
490.5  0.47862391 0.02287615 0.03077336 -0.00916425 0.00182151 -0.01017036 0.00034783 0.00684469 0.00731485 -0.03256593
491.0  0.99551345 -0.03136508 0.02921986 0.01929590 -0.03057897 0.00175650 -0.01161328 -0.01407198 0.00428904 -0.04267575
491.5  0.53638517 0.01350419 -0.00184196 0.02493687 0.02516003 0.00606767 0.00755469 -0.02689982 -0.00109902 -0.04904206
492.0  -0.44427217 0.00739626 -0.03255053 0.00036241 0.01071270 0.01439091 -0.01243457 -0.02797623 -0.00716165 -0.05052617
492.5  -0.99361696 -0.02060160 -0.03218119 -0.02466068 -0.03250855 0.01329378 0.00978789 -0.01905935 -0.00957743 -0.04738406
493.0  -0.55731526 0.03093221 0.00045191 -0.01882782 0.01784435 0.00469141 -0.00229140 -0.00323469 -0.00843154 -0.04076808
493.5  0.44171972 -0.01649153 0.03371737 0.01092346 0.01840147 -0.00674545 -0.00648731 0.01367019 -0.00576691 -0.02912763
494.0  0.99420706 -0.01108657 0.03356774 0.02650953 -0.03396165 -0.01335174 0.01329182 0.02714926 -0.00332851 -0.01595859
494.5  0.54782413 0.02189602 -0.00017948 0.01196705 0.00872458 -0.01487174 -0.00860530 0.03205690 -0.00186739 -0.00026072
495.0  -0.43496507 -0.02701834 -0.03302781 -0.01737793 0.02489368 -0.00455296 0.00532168 0.02510337 -0.00051121 0.01642571
495.5  -0.99103543 0.02050575 -0.03451797 -0.02849525 -0.02683273 0.00623548 0.00351881 0.00852637 0.00277940 0.03148275
496.0  -0.60881226 0.00617991 -0.00482261 0.00018789 -0.00322576 0.01443672 -0.00997855 -0.01132056 0.00855500 0.04262155
496.5  0.34025654 -0.02239549 0.02940721 0.02748878 0.02888225 0.01658158 0.00962710 -0.02508439 0.01515012 0.04844636
497.0  0.97370173 0.02608027 0.03769757 0.01571179 -0.01910013 0.00923360 -0.00840981 -0.02407746 0.01807710 0.04898180
497.5  0.68745442 -0.02362416 0.01212184 -0.01522600 -0.01564202 -0.00517370 -0.00397015 -0.01393834 0.01242214 0.04368985
498.0  -0.27193269 0.00242760 -0.02470379 -0.02560908 0.03323091 -0.01729359 0.00798981 -0.00419478 0.00148509 0.03008066
498.5  -0.96811600 0.02063795 -0.03920915 -0.00416090 -0.00827329 -0.01966035 -0.01234338 -0.00059010 -0.01402437 0.01410894
499.0  -0.66619111 -0.02809846 -0.01718953 0.02254068 -0.02567902 -0.01012799 -0.00979605 -0.00517722 -0.02431203 -0.00303320
499.5  0.34281485 0.02210862 0.02204452 0.02154090 0.03143638 0.00594428 -0.00399501 -0.00584199 -0.02601337 -0.02056522
500.0  0.98693871 -0.00329180 0.04139395 -0.00637097 0.00010562 0.01835731 0.00284945 -0.00246274 -0.02036447 -0.03667196
500.5  0.58192590 -0.01813405 0.02149185 -0.02625349 -0.03139936 0.01864805 0.00845468 0.00388507 -0.00900463 -0.04857337
501.0  -0.43072059 0.02885229 -0.01814557 -0.01410074 0.02404745 0.00690109 0.00996131 0.01196161 0.00540322 -0.05268581
501.5  -0.99399662 -0.02458681 -0.04121119 0.01722794 0.01122011 -0.00984102 0.00607705 0.01589721 0.01715001 -0.04624216
502.0  -0.53610208 0.00497026 -0.02826934 0.02731424 -0.03366758 -0.01894711 -0.00057242 0.01475548 0.02237265 -0.03043854
502.5  0.47549511 0.01543968 0.00893627 -0.00099676 0.01557706 -0.01389629 -0.00720279 0.00952156 0.01952445 -0.01103750
503.0  0.99580705 -0.02598858 0.03809022 -0.02645415 0.02236170 -0.00020863 -0.00925029 0.00079045 0.01222564 0.00983805
503.5  0.46351546 0.02737660 0.03308716 -0.01749121 -0.03213590 0.01348713 -0.00627857 -0.01028338 0.00662685 0.02494172
504.0  -0.56482754 -0.01092244 0.00012732 0.01388549 0.00688816 0.01896713 -0.00006301 -0.02057687 0.00298234 0.04134017
504.5  -0.98939600 -0.01404265 -0.03112599 0.02744358 0.02742864 0.01338131 0.00608818 -0.02576706 -0.00113507 0.05085928
505.0  -0.37653315 0.02496867 -0.03507090 0.00472190 -0.02907975 -0.00025515 0.00944074 -0.02331580 -0.00475894 0.05270341
505.5  0.61312660 -0.02681019 -0.01130224 -0.02236829 -0.00519519 -0.01392357 0.00929186 -0.01036407 -0.01084652 0.04441863
506.0  0.98828227 0.02023832 0.01965079 -0.01745140 0.03403836 -0.01971337 0.00628138 0.00977404 -0.00672100 0.02800837
506.5  0.41824074 0.00291791 0.03488240 0.01169219 -0.01791812 -0.01306045 0.00142930 0.02086008 0.01075314 0.00719178
507.0  -0.53554182 -0.01992403 0.02436676 0.02408961 -0.02258640 0.00333771 -0.00118493 0.01902319 0.02396471 -0.01640440
507.5  -0.99599295 0.02576963 -0.00400498 0.00199472 0.03086225 0.01822247 -0.00638390 0.01038523 0.02329976 -0.03681696
508.0  -0.54932251 -0.02786234 -0.02962025 -0.02413626 0.00387958 0.01937579 -0.01684566 0.00399180 0.01086750 -0.05024439
508.5  0.40141300 0.01366212 -0.03241894 -0.01884179 -0.02973857 0.00635155 -0.01914807 0.00668279 -0.00538166 -0.05524408
509.0  0.98447917 0.00917788 -0.00863158 0.01821069 0.01586924 -0.01029260 -0.01032395 0.01414377 -0.01635559 -0.04892849
509.5  0.65198153 -0.02166575 0.02276655 0.02830335 0.01396240 -0.01750696 0.00817857 0.01543713 -0.01920952 -0.03305075
510.0  -0.28667822 0.02824512 0.03438591 0.00171975 -0.03241323 -0.01063868 0.02239090 0.00815168 -0.01984842 -0.01219211
510.5  -0.95646436 -0.02253845 0.01584062 -0.02384941 0.00552434 0.00293690 0.02229903 -0.00485049 -0.01573064 0.00907094
511.0  -0.75977500 0.00140500 -0.01535998 -0.01837985 0.02955895 0.01180785 0.00727352 -0.01592167 -0.00907773 0.02659634
511.5  0.10264557 0.01572285 -0.03325964 0.01107626 -0.02610213 0.00978400 -0.01328506 -0.02341534 0.00045957 0.04002879
512.0  0.87168023 -0.02605402 -0.02376550 0.02630324 -0.01218116 -0.00084932 -0.02435104 -0.02069986 0.01222867 0.04754262
512.5  0.89361095 0.02781319 0.00575978 0.00405161 0.03433168 -0.01080206 -0.01939330 -0.01010388 0.02235813 0.04643480
513.0  0.14136534 -0.01285309 0.03037954 -0.02374839 -0.01495806 -0.01236207 -0.00308222 0.00242734 0.02566693 0.03869155
513.5  -0.74409953 -0.00772512 0.02882736 -0.02287465 -0.02179134 -0.00419191 0.01373000 0.01635240 0.01835923 0.02400775
514.0  -0.95835356 0.02356173 0.00104062 0.00705645 0.03279071 0.00708843 0.02000021 0.02653074 0.00250639 0.00660512
514.5  -0.27596531 -0.02805200 -0.02827974 0.02808710 -0.00873349 0.01420244 0.01201028 0.02929002 -0.01510387 -0.00618672
515.0  0.66973928 0.01583598 -0.03053000 0.01428058 -0.02780248 0.01254259 -0.00491877 0.02259074 -0.02631819 -0.02020998
515.5  0.97908197 0.00503531 -0.00390403 -0.01845911 0.03311295 0.00347218 -0.01943867 0.00915607 -0.02670632 -0.03234976
516.0  0.36820226 -0.02385008 0.02578290 -0.02769507 0.00054192 -0.00704293 -0.02095646 -0.00032545 -0.02329443 -0.04104962
516.5  -0.58102957 0.02839476 0.03257340 -0.00275585 -0.03305191 -0.01123641 -0.00824994 -0.00851240 -0.02558114 -0.04689136
517.0  -0.99444719 -0.01522471 0.00867931 0.02179487 0.02763684 -0.00165046 0.01067825 -0.02032814 -0.02540198 -0.04857705
517.5  -0.49963755 -0.00384019 -0.02499645 0.02419647 0.00754714 0.01670191 0.01409283 -0.02607551 -0.01718987 -0.04734944
518.0  0.45339757 0.02238908 -0.03381276 -0.00374389 -0.03356162 0.02099499 0.00459975 -0.02476791 -0.00416217 -0.04357298
518.5  0.99107082 -0.02962344 -0.00898020 -0.02937478 0.02191032 0.00753177 -0.00373033 -0.01636096 0.00750279 -0.03765248
519.0  0.60545869 0.01522030 0.02458693 -0.01941637 0.01438692 -0.01260465 -0.00512205 -0.00309039 0.01584177 -0.02739947
519.5  -0.35065678 0.00615102 0.03323085 0.01385302 -0.03432202 -0.02312538 -0.00048582 0.01207555 0.02107555 -0.01386814
520.0  -0.97542437 -0.02243131 0.00781378 0.03174977 0.01670916 -0.01592458 0.00513881 0.02460272 0.02286880 -0.00290707
520.5  -0.69728888 0.02937297 -0.02587359 0.01340946 0.01922008 0.00374657 0.00686153 0.02877019 0.02083840 0.01048851
521.0  0.19443918 -0.01569492 -0.03347778 -0.02093828 -0.03232031 0.01950532 0.00154342 0.02064203 0.01276089 0.02478358
521.5  0.90437223 -0.00611084 -0.00981039 -0.03071637 0.01057086 0.01739798 -0.00602798 0.00226618 -0.00184721 0.03823890
522.0  0.88283952 0.02033399 0.02180946 -0.00026054 0.02479000 0.00117441 -0.01116326 -0.01745744 -0.01714606 0.04753899
522.5  0.20248806 -0.02925919 0.03484606 0.03251127 -0.02975740 -0.01406539 -0.00992820 -0.02656118 -0.02593993 0.05328054
523.0  -0.61310471 0.02418760 0.02086606 0.01993844 -0.00587985 -0.01652094 -0.00476049 -0.01974332 -0.02322457 0.04959218
523.5  -0.99443234 -0.00748745 -0.00835344 -0.02094650 0.03298986 -0.00650588 0.00908932 -0.01037246 -0.00961934 0.03673704
524.0  -0.67699167 -0.00849388 -0.03109504 -0.03244597 -0.01560764 0.00421130 -0.02549787 -0.00458720 0.01079592 0.01790179
524.5  0.12609852 0.02412952 -0.03115411 0.00337974 -0.02443583 0.02406426 -0.02888449 -0.01252286 0.01824491 -0.00334927
525.0  0.84248815 -0.03007383 -0.00831845 0.03282980 0.03182889 0.02596443 -0.01888373 -0.01005208 0.01689172 -0.02453584
525.5  0.94341966 0.02213412 0.02007667 0.01683744 0.00737037 0.00745517 0.00493621 0.00235353 0.01613338 -0.04168732
526.0  0.34988065 -0.00800618 0.03407125 -0.02112405 -0.03527058 -0.01775551 0.02493325 0.00815595 0.01216130 -0.05232149
526.5  -0.50257966 -0.01009393 0.02395925 -0.03348387 0.01071473 -0.03000107 0.02711862 -0.01578404 0.00526541 -0.05246709
527.0  -0.98438303 0.02523145 -0.00301442 0.00405019 0.02744483 -0.01802990 0.00869135 0.01547745 -0.00895747 -0.04258770
527.5  -0.72142260 -0.02898603 -0.02796925 0.03736404 -0.02613617 0.01249957 -0.01287178 -0.00567926 -0.01467594 -0.02226019
528.0  0.11706613 0.02348381 -0.03176724 0.01243522 -0.01069040 0.03973213 -0.01172633 -0.00717999 -0.01751937 -0.00413580
528.5  0.87546331 -0.00784817 -0.01123299 -0.03067804 0.03707416 0.03292870 0.00213446 0.01389404 -0.01654509 0.01561471
529.0  0.87548185 -0.01301465 0.01896941 -0.02806590 -0.01376085 -0.00176000 0.00570758 -0.01812884 -0.00930038 0.03374769
529.5  0.04874891 0.02698248 0.03369462 0.01154639 -0.03123533 -0.03307606 -0.00129529 0.01493369 -0.00108114 0.04501114
530.0  -0.84212895 -0.02795521 0.01644074 0.03453865 0.03285059 -0.04009127 -0.00850529 -0.00560086 0.00638966 0.05105872
530.5  -0.86411445 0.01441038 -0.01808088 0.01471383 0.00631184 -0.02041716 -0.01082881 -0.00295842 0.01074856 0.05021092
531.0  0.04023612 0.00804354 -0.03439741 -0.02319505 -0.03633130 0.01236486 -0.00653813 0.01141028 0.01324735 0.04480210
531.5  0.90099489 -0.02590766 -0.01534514 -0.03428454 0.02298820 0.03722507 0.00196583 -0.01644553 0.01467578 0.03493983
532.0  0.79568962 0.02943185 0.01917905 -0.00149624 0.01773957 0.03777955 0.00928682 0.01730774 0.01506313 0.02158685
532.5  -0.14153213 -0.01736502 0.03432059 0.03316831 -0.03750163 0.01462422 0.01101328 -0.01175314 0.01159325 0.00540803
533.0  -0.92789933 -0.00347713 0.01630198 0.02482937 0.01013827 -0.01783095 0.00820423 0.00299557 0.00477446 -0.01387954
533.5  -0.77209708 0.02204495 -0.01620710 -0.01674891 0.03088172 -0.03802863 0.00473425 0.00452666 -0.00679178 -0.03198746
534.0  0.16594279 -0.03014635 -0.03370210 -0.03611990 -0.02871556 -0.03228563 0.00178137 -0.01328373 -0.01922880 -0.04407227
534.5  0.93811089 0.02349214 -0.02081499 -0.00465086 -0.00901876 -0.00828748 -0.00280328 0.01868636 -0.02587166 -0.04865281
535.0  0.74162407 -0.00419694 0.01136496 0.03316750 0.03390865 0.01552683 -0.01719097 -0.01258402 -0.02551658 -0.04669768
535.5  -0.22858863 -0.01687540 0.03376166 0.02623584 -0.01767972 0.02560150 -0.02814095 0.01435682 -0.01048350 -0.03512771
536.0  -0.95891801 0.02923764 0.02448653 -0.01583381 -0.02270483 0.01890417 -0.02473552 -0.00447410 0.00394975 -0.02346197
536.5  -0.70212654 -0.02666946 -0.00654677 -0.03497314 0.03661741 0.00141518 -0.00432133 -0.00354833 0.01731930 -0.00979567
537.0  0.25946327 0.01060965 -0.03139199 -0.00897300 0.00096074 -0.01412088 0.02089602 0.01193184 0.02355816 0.00677648
537.5  0.95944161 0.01059667 -0.03083412 0.02998826 -0.03542986 -0.02001089 0.03643840 -0.01711937 0.01790257 0.02340992
538.0  0.71635485 -0.02617314 -0.00395691 0.03094503 0.02198881 -0.00898761 0.03294888 0.01251985 0.00764757 0.03644085
538.5  -0.23349947 0.02905854 0.02860841 -0.00927538 0.01384005 0.00623408 0.01007710 -0.00973188 -0.00280705 0.04341235
539.0  -0.95574022 -0.01656731 0.03600689 -0.03789592 -0.03465621 0.01775446 -0.01975422 -0.00111014 -0.00877211 0.04598600
539.5  -0.70346366 -0.00616305 0.00921320 -0.01941463 0.01566235 0.01689879 -0.04051678 0.01280496 -0.01019900 0.04238661
540.0  0.29495710 0.02551906 -0.02711442 0.01923052 0.02494877 0.00433880 -0.04245424 -0.01526461 -0.00872506 0.03803465
540.5  0.98095294 -0.02825303 -0.03649396 0.03612641 -0.03679546 -0.00969470 -0.02325545 0.01498147 -0.00660568 0.03013787
541.0  0.58785276 0.01381843 -0.00760536 0.01294377 0.00972140 -0.01857245 0.00707200 -0.01032734 -0.00502966 0.01916428
541.5  -0.45357201 0.01108953 0.02991568 -0.02428408 0.02492387 -0.01615301 0.03431519 -0.00047146 -0.00392828 0.00698979
542.0  -0.99490199 -0.02927880 0.03557776 -0.03493679 -0.03650273 -0.00280745 0.04554340 0.00715266 -0.00167199 -0.00378035
542.5  -0.47859772 0.02567080 0.00405966 -0.00673440 0.00845533 0.01208465 0.03348654 -0.01446764 0.00109543 -0.01441245
543.0  0.52164784 -0.00787247 -0.03119996 0.02931412 0.02722040 0.01904778 0.00780504 0.01433845 0.00369463 -0.02421269
543.5  0.99506964 -0.01283044 -0.03485764 0.03023844 -0.03243077 0.01330737 -0.02581679 -0.00599694 0.00575576 -0.03424804
544.0  0.49543813 0.02977672 -0.00405562 -0.00578354 0.00231828 -0.00238265 -0.04199905 0.00495820 0.00692913 -0.04194360
544.5  -0.48821338 -0.02686465 0.03090038 -0.03491006 0.03251840 -0.01631902 -0.03778580 0.01228095 0.00707083 -0.04598905
545.0  -0.99477416 0.00563522 0.03517914 -0.02128998 -0.03074365 -0.02198902 0.01452888 -0.01170188 0.00844960 -0.04601104
545.5  -0.50444642 0.01405677 0.00428919 0.01778308 -0.00339333 0.02489905 0.00736375 0.01379306 -0.00036872 -0.04005953
546.0  0.50132384 -0.02790589 -0.03218835 0.03610632 0.03090535 -0.02286852 -0.03394170 -0.01027368 -0.00146019 -0.03480588
546.5  0.99472439 0.02567396 -0.03629596 0.01287365 -0.02400727 0.01565922 0.04328947 0.02055325 -0.00757850 0.02708243
547.0  0.47903110 -0.00424706 -0.00244413 -0.02600423 -0.01058458 -0.00371341 -0.03450883 -0.02205667 0.01556442 -0.01166406
547.5  -0.51248624 -0.01737152 0.03310193 -0.03376418 0.02818715 -0.01526932 0.02242075 -0.00029483 -0.01487538 0.00056370
548.0  -0.99494362 0.02749010 0.03726298 0.00101127 -0.01415154 0.02887837 -0.00481543 0.02301746 0.00517602 0.01166122
548.5  -0.50684103 -0.02496965 0.00646425 0.03429771 -0.01648306 -0.02851032 -0.01497294 -0.03366931 0.01080232 -0.02861467
549.0  0.47443288 0.00657812 -0.03123471 0.02426592 0.02990011 0.01555894 0.02679751 0.02798596 -0.02368155 0.03425095
549.5  0.99416974 0.01615523 -0.03878656 -0.01508036 -0.00388203 0.00993452 -0.02601752 -0.01038534 0.02988243 -0.03787497
550.0  0.52962472 -0.02807119 -0.00970685 -0.03594312 -0.02885154 -0.03334435 0.01181968 -0.01107202 -0.02591663 0.03991290
550.5  -0.47089721 0.02523440 0.02816373 -0.01477778 0.02013697 0.03330939 0.00833096 0.02590560 0.01267221 -0.03070961
551.0  -0.99484660 -0.00792991 0.03783573 0.02867224 0.01110471 -0.01377960 -0.02286739 -0.02937424 0.00526833 0.01965097
551.5  -0.50605264 -0.01424328 0.01088552 0.03724049 -0.02601857 -0.01343310 0.02223809 0.02146406 -0.02247894 -0.00962861
552.0  0.48499826 0.02780407 -0.02491515 -0.00413433 0.01103432 0.03632699 -0.00493006 -0.00406577 0.03247527 -0.00686937
552.5  0.99428408 -0.02752577 -0.03546190 -0.03898764 0.01822732 -0.02962832 -0.01688654 -0.01467097 -0.03216060 0.02185327
553.0  0.57149338 0.01274667 -0.01571345 -0.01911286 -0.02656483 -0.00418387 0.02353987 0.02781827 0.02216240 -0.02638585
553.5  -0.35525161 0.00592343 0.01401065 0.02745077 -0.00331121 0.02881027 -0.01089491 -0.02986990 0.00046807 0.03453531
554.0  -0.96592637 -0.02118919 0.03156896 0.03095698 0.03294326 -0.03036428 -0.01349650 0.02043586 -0.02290795 -0.03439633
554.5  -0.74927032 0.03020911 0.02548629 -0.00760867 -0.01269274 0.00706023 0.02829795 -0.00333756 0.03494097 0.02580930
555.0  0.11608854 -0.02443835 -0.00002087 -0.03867040 -0.02430783 0.02699417 -0.01630620 -0.00382314 -0.04171392 -0.01564328
555.5  0.88738978 0.00870263 -0.02424820 -0.01272822 0.02096474 -0.03513689 -0.00244374 -0.00230757 0.03769221 0.00103660
556.0  0.85872410 0.00755202 -0.02981225 0.03295356 0.00953527 0.01687714 0.01339161 -0.01979235 -0.03160136 0.01345528
556.5  0.03272942 -0.02489873 -0.01167724 0.03144986 -0.02675329 0.00813927 -0.01388548 0.03680079 0.02136502 -0.02248708
557.0  -0.82365556 0.03042879 0.01694440 -0.01283879 0.00735400 -0.03462578 0.00113751 -0.04214754 -0.00382266 0.03026703
557.5  -0.91354023 -0.01852104 0.03205852 -0.03845016 0.02309970 0.03983895 0.00035239 0.03204239 -0.01640066 -0.03379522
558.0  -0.16791854 0.00417557 0.02091654 -0.01034987 -0.02180333 -0.00672416 0.00832991 -0.01616966 0.03203038 0.02657695
558.5  0.72661272 0.01368947 -0.00756660 0.03153195 -0.00745084 -0.02633516 -0.00590815 -0.00069570 -0.04184928 -0.01765123
559.0  0.96780434 -0.02925114 -0.03093904 0.02939606 0.02698274 0.04314974 0.00425234 0.02200248 0.03737659 0.00667723
559.5  0.33999718 0.02647346 -0.02946398 -0.01388341 -0.01022637 -0.03951406 -0.00453239 0.03129618 -0.01549669 0.00901660
560.0  -0.60008136 -0.01449302 -0.00396699 -0.03889379 -0.01915653 -0.00208953 0.00521751 0.02757683 -0.00535338 -0.01977199
560.5  -0.99123763 -0.00173628 0.02507450 -0.01141812 0.02409120 0.03918607 -0.00200098 0.00948971 0.02508345 0.02828561
561.0  -0.45077744 0.02280558 0.03257322 0.03064863 0.00108208 -0.04255363 -0.00353900 -0.01020213 -0.04273757 -0.03812065
561.5  0.52031023 -0.02940981 0.01161352 0.03372199 -0.02661900 0.02615223 0.00754399 -0.02892841 0.04070006 0.03490637
562.0  0.99473207 0.01934979 -0.01922412 -0.00535815 0.01677267 0.00953593 -0.00435197 -0.03244614 -0.02917714 -0.02925745
562.5  0.53851297 -0.00376483 -0.03303059 -0.03797580 0.01552257 -0.04430741 -0.00851069 -0.02401147 0.01127076 0.02302288
563.0  -0.39372688 -0.01645028 -0.01771359 -0.02217377 -0.02532739 0.03542123 0.01910277 -0.00636632 0.01857063 -0.01132688
563.5  -0.97294934 0.02894762 0.01131320 0.02346207 0.00473397 -0.00309023 -0.01379132 0.01852621 -0.04039992 -0.00202028
564.0  -0.74897344 -0.02571564 0.02996610 0.03853464 0.02027328 -0.02297700 -0.00680895 0.02964876 0.04299654 0.01295245
564.5  0.06164919 0.01337978 0.02517413 -0.00222974 -0.02492671 0.03374997 0.03772916 0.03003548 -0.02855529 -0.02270459
565.0  0.82222402 0.00529147 0.00181591 -0.03838382 -0.00693862 -0.01012898 -0.03366583 0.01462993 0.00518260 0.02743264
565.5  0.94294416 -0.02232316 -0.02270033 -0.02278065 0.03051214 -0.01866845 0.00792307 -0.01647053 0.02661888 -0.02842987
566.0  0.30111245 0.02913699 -0.02973883 0.02193925 -0.01310009 0.02569521 0.01127894 -0.03030743 -0.04361853 0.02547104
566.5  -0.60104906 -0.02151927 -0.01063661 0.03826456 -0.01735696 -0.02196952 -0.03429676 -0.03656148 0.04231004 -0.02125552
567.0  -0.99344352 0.00132511 0.01849879 0.00780789 0.02662608 -0.00079146 0.03760454 -0.02198403 -0.02890121 0.01468408
567.5  -0.52517617 0.01722070 0.03029144 -0.03288523 -0.00725204 0.02356681 -0.01613430 0.00028004 -0.00249902 -0.00305164
568.0  0.39701848 -0.02823626 0.01454595 -0.03539761 -0.01866777 -0.02424958 -0.00732339 0.02526378 0.02819010 -0.00591305
568.5  0.97485629 0.02570894 -0.01523540 0.00840657 0.02350613 0.00904208 0.02845121 0.03840771 -0.04318206 0.01603688
569.0  0.72186008 -0.00420686 -0.03169677 0.04242184 0.00028474 0.01275817 -0.03934510 0.02883226 0.04529159 -0.02747170
569.5  -0.14536331 -0.01487419 -0.01899625 0.02376802 -0.02364395 -0.02848724 0.01344207 0.01145646 -0.02600596 0.02880693
570.0  -0.89272050 0.02522590 0.01215211 -0.02363774 0.01773643 0.01855197 0.01817878 -0.01267992 0.00232831 -0.03002690
570.5  -0.86160579 -0.02855453 0.03289554 -0.04161440 0.00817103 0.00884105 -0.03525751 -0.03108142 0.01767933 0.03174524
571.0  -0.05357093 0.00760382 0.02157757 -0.00740217 -0.02627382 -0.03117436 0.03314919 -0.03173357 -0.03649641 -0.02374743
571.5  0.81097312 0.01728180 -0.01316067 0.03304607 0.01657315 0.02816119 -0.00113193 -0.02842653 0.03847035 0.02017694
572.0  0.91687385 -0.02473802 -0.03360799 0.03614820 0.01516018 0.00532938 -0.02570613 -0.00893575 -0.03655352 -0.01728794
572.5  0.15713845 0.02555841 -0.01970616 -0.00126104 -0.02921958 -0.03582339 0.01834538 0.00615835 0.02127808 0.00595578
573.0  -0.74403800 -0.00871949 0.01336491 -0.03834847 0.01064324 0.03989034 0.00340970 0.02380435 -0.00053195 0.00130315
573.5  -0.96101961 -0.01919631 0.03437825 -0.02875776 0.01831863 -0.00896085 -0.01860177 0.03315446 -0.01804231 -0.00317342
574.0  -0.33870924 0.02698361 0.02262413 0.01855899 -0.02675701 -0.03660257 0.01498160 0.02560795 0.04090496 0.00941426
574.5  0.56034039 -0.02480215 -0.00936758 0.03960598 0.00155836 0.04363088 0.00536447 0.00961089 -0.04447178 -0.01722118
575.0  0.99402756 0.01409948 -0.03289419 0.00773095 0.02732423 -0.01580587 -0.01953628 -0.01727772 0.03429359 0.02401936
575.5  0.61310815 0.01157978 -0.02846184 -0.03375214 -0.02063259 -0.02029883 0.01757626 -0.03207288 -0.01481439 -0.02763548
576.0  -0.28525989 -0.02588740 -0.00079577 -0.02963033 -0.01583332 0.04617438 -0.00025404 -0.02845468 -0.01601286 0.03133533
576.5  -0.94833232 0.02722143 0.02812567 0.01274256 0.02934332 -0.03347996 -0.01961769 0.00841442 0.03706496 -0.02971572
577.0  -0.76738464 -0.01947086 0.03364549 0.03831759 -0.00343220 0.00055478 0.03026921 -0.02098487 -0.04357867 0.02167967
577.5  0.12103141 -0.00307381 0.00898725 0.01475471 -0.02181731 0.02034364 -0.03555794 -0.02747470 0.04221729 -0.01327335
578.0  0.89758116 0.02301184 -0.02425421 -0.03232103 0.02142462 -0.02601420 0.03475853 -0.03195743 -0.01705368 -0.00036656
578.5  0.84491307 -0.02939418 -0.03815716 -0.03463636 0.00298923 0.02592749 -0.01878631 -0.01770072 -0.00642085 0.01530543
579.0  -0.02362056 0.02258470 -0.01918519 0.00968407 -0.02946009 -0.01919908 -0.01178513 0.00578227 0.03448154 -0.02476355
579.5  -0.81720830 -0.00499517 0.01580554 0.03721305 0.01683760 0.00501657 0.03703769 0.02321727 -0.05098102 0.02982359
580.0  0.92041129 -0.01344545 0.03819247 0.01652158 0.02016149 0.01236090 -0.04383181 0.03521758 0.04760052 -0.02981194
580.5  -0.17673917 0.02577184 0.02920546 -0.02409386 -0.02861781 -0.02290580 0.01770324 -0.02330918 -0.02930640 0.02142290
581.0  -0.74484177 -0.02963899 -0.00425579 -0.03651649 -0.00099294 0.01708246 0.00815616 -0.00186603 0.00324835 -0.01312022
581.5  0.94231446 0.02270603 -0.03356297 0.00025639 0.02717850 0.00381428 -0.03368009 0.01740735 0.02011329 0.00167236
582.0  -0.16905951 -0.00261609 -0.03314446 0.03716333 -0.01903935 -0.02481342 0.04430888 0.03069653 -0.03278745 0.00789708
582.5  -0.79290847 -0.02739155 -0.00181922 0.02668135 -0.01142383 0.02772909 -0.03266886 0.03124258 0.03954268 -0.01583995
583.0  0.89159301 0.04910692 0.03146759 -0.01822624 0.02939924 -0.01379701 0.00663009 0.02281873 -0.03583590 0.01984860
583.5  -0.00944806 -0.04042456 0.03473245 -0.03913399 -0.01476976 -0.01367445 0.02227199 0.00242485 0.03080121 -0.02262830
584.0  -0.87728566 -0.00168782 0.00500317 -0.00834165 -0.02206349 0.03638385 -0.03917515 -0.01258267 -0.01844443 0.02474552
584.5  0.82536007 0.05036152 -0.02973503 0.03192060 0.03249729 -0.03567030 0.03324963 -0.02881221 0.00111536 -0.02488165
585.0  0.07777331 -0.06849583 -0.03674889 0.02623496 0.00079020 0.00829185 -0.01103573 -0.03342011 0.01391791 0.02523601
585.5  -0.89720663 0.03964507 -0.01165929 -0.01381075 -0.03094346 0.03007285 -0.01126640 -0.02655848 -0.03071723 -0.02048312
586.0  0.81376048 0.01617180 0.02281325 -0.03598563 0.01826552 -0.04993432 0.01912795 -0.01336661 0.03994635 0.01386309
586.5  0.09932268 -0.05830123 0.03860255 -0.01060013 0.01843113 0.03415505 -0.01477400 0.00415070 -0.03881139 -0.00596773
587.0  -0.91686245 0.05709038 0.01923666 0.03185546 -0.03059579 0.00692076 0.00617018 0.01885905 0.03478824 -0.00283000
587.5  0.76263018 -0.01775284 -0.01947810 0.03024931 0.00607524 -0.04286789 0.00222882 0.03120482 -0.02580010 0.01121932
588.0  0.21558647 -0.02359208 -0.03859159 -0.01086819 0.02843786 0.05025300 -0.00843033 0.03274249 0.01617810 -0.01902801
588.5  -0.95993066 0.03632727 -0.02063071 -0.03513904 -0.02749992 -0.02546928 0.01122076 0.02722943 0.00012948 0.02539909
589.0  0.68416924 -0.02330509 0.01641457 -0.01206950 -0.00727222 -0.01462554 -0.00605742 0.01612710 -0.01601246 -0.02688520
589.5  0.29631073 0.00668857 0.03764590 0.02820640 0.03285644 0.04233726 -0.01286313 -0.00530601 0.03083203 0.02750241
590.0  -0.97126180 0.00070108 0.02399281 0.03117433 -0.01885586 -0.03030122 0.03611590 -0.02002158 -0.03980487 -0.02234992
590.5  0.67155424 -0.00455923 -0.01157067 -0.00681204 -0.01961198 0.00240530 -0.02430782 -0.03040353 0.03892944 0.01357068
591.0  0.30675540 0.01305058 -0.03708536 -0.03668282 0.03486246 0.01460076 -0.00708633 -0.03274333 -0.02702117 -0.00486259
591.5  -0.97712249 -0.02175223 -0.02640432 -0.02093976 -0.00851001 -0.01967159 0.03570378 -0.01994108 0.00592990 -0.00589968
592.0  0.61567142 0.01801917 0.01211147 0.01888377 -0.02663812 0.01484995 -0.03985647 -0.00117895 0.02330675 0.01443340
592.5  0.42654878 0.00193611 0.03804556 0.03750289 0.03212524 -0.00527280 0.01488122 0.00938839 -0.04644818 -0.02160821
593.0  -0.99465411 -0.02222435 0.02123929 0.01513048 -0.00744952 -0.00277718 0.03053327 0.01346275 0.04266122 0.02637868
593.5  0.42792155 0.02590197 -0.01929212 -0.02302252 -0.02546441 0.00469405 -0.03935531 0.03115854 -0.02216172 -0.02873786
594.0  0.62246105 -0.01187710 -0.03758828 -0.03434567 0.03388987 0.01109072 0.04564122 0.01394001 0.00166882 0.03137554
594.5  -0.97336560 -0.00645779 -0.01372582 -0.01214591 -0.00688506 -0.00651256 -0.02846110 0.00593777 0.02048693 -0.03030049
595.0  0.27934578 0.01952407 0.02583845 0.02636962 -0.02424964 -0.01263623 0.00128926 -0.01709685 -0.03796159 0.02983157
595.5  0.69300585 -0.02737690 0.03773645 0.03322121 0.02906319 0.02939336 0.01979097 -0.02561546 0.04600315 -0.02705518
596.0  -0.96609687 0.02717935 0.01028017 0.00188150 -0.00311838 -0.03126539 -0.03614562 -0.02098091 -0.04031558 0.02033451
596.5  0.29119188 -0.00789710 -0.02747592 -0.02923604 -0.02770812 0.01267569 0.03188529 -0.00930650 0.02487897 -0.01323136
597.0  0.66974664 -0.02868846 -0.03652938 -0.02644735 0.02812470 0.01656310 -0.01330450 0.00804492 -0.00324515 0.00476658
597.5  -0.97124905 0.05949125 -0.00903214 0.00679808 0.00392127 -0.03697616 -0.01029609 0.02226987 -0.01796526 0.00462995
598.0  0.30829089 -0.05122320 0.02781421 0.03066996 -0.03179859 0.03567844 0.02797197 0.02651049 0.03169830 -0.01227041
598.5  0.65317225 -0.00374849 0.03637622 0.02084531 0.02546902 -0.01205422 -0.03455927 0.01781343 -0.03824755 0.01869024
599.0  -0.97832372 0.06975427 0.00874831 -0.01451577 0.00929110 -0.01914248 0.02549943 0.00481992 0.03516557 -0.02503448
599.5  0.40683489 -0.09432772 -0.02590903 -0.03437138 -0.03558512 0.03859399 -0.00452436 -0.01764320 -0.02309471 0.03016186
600.0  0.50319455 0.05529660 -0.03704774 -0.00575979 0.02141089 -0.03298341 -0.01428699 -0.02731717 0.00236430 -0.03182567
600.5  -0.98395513 0.02343443 -0.01706386 0.02958821 0.01862510 0.00589961 0.03510917 -0.01549426 0.02214317 0.02741785
601.0  0.67961666 -0.09353613 0.01739064 0.02223638 -0.03655452 0.02432060 -0.02942513 -0.01758737 -0.03785352 -0.01769368
601.5  0.15546385 0.11133123 0.03750149 -0.01069212 0.00890413 -0.03696029 0.01323766 0.01729882 0.03773442 0.00345455
602.0  -0.87257366 -0.06405753 0.02771117 -0.03096820 0.02817933 0.03019386 0.00758862 0.02863634 -0.01726266 0.00801145
602.5  0.89021362 -0.02143408 -0.00509058 -0.00905045 -0.02974807 -0.00319772 -0.03648698 0.02437492 -0.00518297 -0.01879163
603.0  -0.16270881 0.09266262 -0.03505232 0.02569660 -0.00400111 -0.02012657 0.04212226 0.02044815 0.02533437 0.02274059
603.5  -0.71183043 -0.10650534 -0.03382682 0.02506414 0.03201585 0.03489442 -0.02968921 -0.02297595 0.02643087 -0.02697842
604.0  0.96902438 0.05871112 -0.00312770 -0.00462120 -0.02157295 -0.02742595 0.00278181 -0.02714145 0.01313493 0.02970545
604.5  -0.38423211 0.01670886 0.02871607 -0.02738904 -0.02499753 -0.00654719 0.03259629 -0.02665369 -0.00308452 -0.02826307
605.0  -0.52148505 -0.07726338 0.03695685 -0.01111685 0.03838039 0.03901858 -0.03742933 -0.00898684 -0.02119020 0.01891318
605.5  0.98725170 0.09821590 0.01605121 0.02465655 -0.00531174 -0.04099484 0.01180672 0.01736706 -0.02895389 -0.00523439
606.0  -0.65651900 -0.07683756 -0.01750960 0.02332651 -0.03507108 0.00274917 0.01437423 0.02767609 -0.02305882 -0.00901517
606.5  -0.19335764 0.02382406 -0.03801315 -0.01028023 0.02796468 0.04231648 -0.02045483 0.03043779 -0.01248164 0.02025377
607.0  0.89338072 0.04237514 -0.02999827 -0.02954005 0.01626184 -0.05173404 0.00742997 0.01556181 0.00386164 -0.02773493
607.5  -0.86719909 -0.09520292 0.00111929 -0.00504244 -0.03802094 0.01920461 0.00758006 -0.00918282 0.02015573 0.02903047
608.0  0.09696643 0.10527083 0.03194633 0.02614193 0.00800145 0.02824777 -0.01330424 -0.02436725 0.02412038 -0.02536801
608.5  0.76887443 -0.05888978 0.03652480 0.02022491 0.03396360 -0.05485291 0.00877125 -0.03394085 0.02366426 0.01967651
609.0  -0.93893488 -0.02298830 0.00999135 -0.01227474 -0.03225670 0.04361967 0.00013789 -0.03068253 0.01865115 -0.01136686
609.5  0.24999936 0.09232679 -0.02280784 -0.02891266 -0.01173247 -0.00277506 -0.00787099 -0.00960120 0.00274236 0.00064976
610.0  0.66162456 -0.10808534 -0.03758942 -0.00537295 0.04082486 -0.03965109 0.00956501 0.01053758 -0.00747653 0.01139709
610.5  -0.97983826 0.06535865 -0.02300067 0.02761658 -0.01424241 0.05441097 -0.00556361 0.03155564 -0.01249569 -0.02243935
611.0  0.44150905 0.00476331 0.01193733 0.02236616 -0.03028711 -0.03734316 0.00097437 0.04021989 -0.01521352 0.03001388
611.5  0.48029561 -0.06102396 0.03665919 -0.01988864 0.03389731 -0.00817000 0.00636604 0.02620943 -0.00707180 -0.03261627
612.0  -0.98827934 0.07764607 0.03159853 -0.02786315 0.00546198 0.04377086 0.00736857 0.00288685 -0.00099714 0.03049458
612.5  0.61397705 -0.05637345 0.00133354 0.00334858 -0.03808122 -0.05376062 -0.01544355 -0.01863180 -0.00167929 0.02358897
613.0  0.33582563 0.01882491 -0.03093705 0.02975023 0.01985670 -0.02604915 0.00997150 -0.04200798 -0.00572965 0.01804700
613.5  -0.97488438 0.01393900 -0.03610068 0.02049368 0.02335718 0.01529210 -0.00352942 -0.03872875 -0.01058233 0.00977309
614.0  0.66013513 -0.03517041 -0.00696944 -0.01235826 -0.03706969 0.04111503 -0.00240186 -0.01350664 -0.00688122 -0.00213511
614.5  0.30853091 0.04710145 0.02902894 -0.03224414 0.00801416 0.04730844 0.01045718 0.01228176 -0.00255771 -0.01374739
615.0  -0.96847158 -0.04617613 0.03775247 -0.00987802 0.02926114 0.01674859 -0.01131099 0.03275812 0.00868757 -0.02383712
615.5  0.70413616 0.02407252 0.01028631 0.02539605 -0.03236771 -0.02993011 0.00332884 0.03730419 0.02302604 -0.03191366
616.0  0.19230720 0.01739636 -0.02573862 0.02734474 -0.00126913 -0.04808053 0.00285233 0.01875358 0.02206638 -0.03446448
616.5  -0.90777114 -0.06008339 -0.03883325 -0.00764048 0.03620020 -0.03469278 -0.01035930 -0.00937127 0.01531448 -0.03147700
617.0  0.85734357 0.07701814 -0.01951976 -0.03076629 -0.02677766 0.00587672 0.01064357 -0.02881161 0.00397475 -0.02242300
617.5  -0.10216700 -0.05207688 0.01591391 -0.01139660 -0.01640099 0.05136815 -0.00246147 -0.02683506 -0.01728391 -0.01457515
618.0  -0.74158406 -0.00567573 0.03836436 0.02201674 0.03818793 0.05056996 -0.00170437 -0.00661484 -0.02579890 -0.00332007
618.5  0.96395272 0.06478019 0.02740846 0.02879274 -0.01254858 0.01362298 0.00791648 0.01493428 -0.02393910 0.00809355
619.0  -0.34818185 -0.08742958 -0.00910942 -0.00003448 -0.02565168 -0.02624224 -0.00773156 0.02828826 -0.01757231 0.01660612
619.5  -0.57755275 0.05865343 -0.03678976 -0.02911060 0.03476186 -0.05476026 0.00416966 0.02157332 -0.00142304 0.02758446
620.0  0.99086140 0.00270460 -0.02930589 -0.02413532 -0.00583909 -0.04428592 -0.00216258 0.00521580 0.01265467 0.03440753
620.5  -0.53645721 -0.06153764 0.00481668 0.00964403 -0.03014844 -0.00262472 -0.00564405 -0.00982966 0.02070904 0.03263491
621.0  -0.37623819 0.08834049 0.03435908 0.03644146 0.03010116 0.03028729 0.00941949 -0.02978186 0.02514133 0.03378280
621.5  0.96602411 -0.07312488 0.03264141 0.01583544 0.00444768 0.04678259 -0.00729060 -0.03335452 0.02018554 0.03017871
622.0  -0.73336055 0.02074367 0.00076294 -0.02474271 -0.03350631 0.03550580 0.00031649 -0.01905396 0.00732163 0.01827813
622.5  -0.14220419 0.05011868 -0.03188461 -0.03289391 0.02572766 -0.00230399 0.00862038 0.00164109 -0.00767844 0.01177761
623.0  0.90110214 -0.10555731 -0.03414003 -0.00519299 0.01330865 -0.02830358 -0.01164843 0.02452921 -0.02669600 0.00196282
623.5  -0.81298988 0.10384377 -0.00136545 0.02699442 -0.03711829 -0.03478154 0.00692088 0.03077920 -0.04437884 -0.01038745
624.0  -0.08806377 -0.02568816 0.03349986 0.03007619 0.01908607 -0.02449188 -0.00055674 0.01873410 -0.04439337 -0.01516042
624.5  0.90485903 -0.08885637 0.02961915 0.00112421 0.01653695 0.00000456 -0.00801188 0.00465372 -0.03018975 -0.02040734
625.0  -0.76892318 0.15196142 -0.00641194 -0.03016354 -0.03461031 0.02336859 0.01273045 -0.00201078 -0.00489107 -0.02722548
625.5  -0.17341900 -0.10202867 -0.03505088 -0.02654077 0.02053869 0.02873955 -0.01015946 0.00213750 0.02631447 -0.03112261
626.0  0.92649839 -0.03180544 -0.02723045 0.00501545 0.01976216 0.01836917 0.00180013 0.00667145 0.04790505 -0.03439686
626.5  -0.74739530 0.15126090 0.00884285 0.02975636 -0.03774464 -0.00264799 0.00827875 0.00882102 0.05437094 -0.03620433
627.0  -0.14729018 -0.17212328 0.03572354 0.01657682 0.00572440 -0.02723854 -0.01269637 0.00738272 0.04515192 -0.03061949
627.5  0.89701672 0.08306496 0.02907347 -0.01045189 0.03114252 -0.02622448 0.01458279 0.00099498 0.01840897 -0.02150467
628.0  0.81036867 0.05722875 -0.00366641 -0.02064686 -0.03079019 -0.01105997 0.00182632 -0.00690426 -0.01627241 -0.01114348
628.5  -0.03695477 -0.15647087 -0.03173532 -0.00199519 -0.01379947 0.01329090 -0.00752158 -0.00969182 -0.04422114 0.00129748
629.0  -0.85719004 0.17516106 -0.03065748 0.03290681 0.02593872 0.02971460 0.01404836 -0.00675879 -0.05446208 0.01551834
629.5  -0.84400071 -0.10691877 -0.00247321 -0.01946889 -0.00267218 0.02792942 -0.00826021 0.00126070 -0.04538767 0.02701802
630.0  -0.00430458 -0.02666269 0.02906679 -0.02163802 -0.01972480 0.01049522 0.00307303 0.00727143 -0.01786142 0.03434145
630.5  0.83542662 0.14242102 0.03273491 0.03664500 0.01581278 -0.01178229 0.00522120 0.00488891 0.01588495 0.03801213
631.0  0.87375185 -0.18076271 0.00575538 -0.00373217 0.00888265 -0.02626297 -0.01341766 0.00385291 0.04218904 0.03665629
631.5  0.09456788 0.13583881 -0.02321265 -0.03581471 -0.02248452 -0.02891570 0.00475366 0.00117463 0.05612797 0.02735129
632.0  -0.77044313 -0.02603628 -0.03172093 0.02472130 0.00468836 -0.01076946 -0.00091970 -0.00297684 0.04713543 0.01060655
632.5  -0.92053876 -0.09705332 -0.01456227 0.02272382 0.02253858 0.01111748 0.00373955 -0.00599722 0.01910368 -0.00612240
633.0  -0.18768258 0.17512884 0.01492148 -0.03749451 -0.02409653 0.02448210 0.00876606 -0.00948896 -0.01550097 -0.01867713
633.5  0.74541007 -0.16481958 0.03171099 0.00280589 -0.00802564 0.02240330 0.00870619 -0.01203567 -0.04317569 -0.02585578
634.0  0.90684507 0.06020796 0.01852419 0.03330052 0.03094975 0.00733021 0.00445338 -0.01023158 -0.05731418 -0.02752195
634.5  0.06449035 0.07880067 -0.01255638 -0.02764796 -0.01781213 -0.01090438 -0.00053036 -0.00421907 -0.05585081 -0.02929524
635.0  -0.86067185 -0.17169643 -0.03054168 -0.01081490 -0.01627686 -0.02188627 -0.00600220 0.00506276 -0.04435365 -0.02804002
635.5  -0.77984451 0.16235732 -0.01819129 0.03474213 0.03276156 -0.02054927 -0.00641584 0.01699259 -0.02598392 -0.02398791
636.0  0.21071224 -0.04671076 0.01215652 -0.01688835 -0.01387688 -0.00849720 0.00457994 0.02261750 -0.00253882 -0.01603993
636.5  0.95240978 -0.09580651 0.03040787 -0.01941854 -0.02329299 0.00668288 0.01698002 0.01761060 0.02044729 -0.00582568
637.0  0.63169122 0.17176807 0.01980471 0.03138387 0.03374479 0.01657149 0.02172804 0.00788217 0.03784825 0.00805030
637.5  -0.36535751 -0.16257718 -0.00862820 -0.00308414 -0.00417623 0.01442753 0.01643407 -0.00190411 0.04815253 0.02296506
638.0  -0.97166353 0.07328377 -0.02999255 -0.02815620 -0.03230981 0.00115630 0.00261641 -0.00768405 0.04704998 0.03509802
638.5  -0.56862017 0.06524758 -0.02448621 0.02282338 0.02969297 -0.01363503 -0.01369196 -0.00938638 0.03892116 0.04267147
639.0  0.42856132 -0.16243807 0.00452693 0.01123162 0.00968978 -0.02091050 -0.02380197 -0.00890815 0.02108983 0.04442482
639.5  0.97900635 0.17205366 0.02798201 -0.03226550 -0.03855810 -0.01403265 -0.02276242 -0.00809861 0.00159237 0.03982347
640.0  0.48739631 -0.10085277 0.02432620 0.01246260 0.02040000 0.00184753 -0.01125513 -0.00838019 -0.01798545 0.03256401
640.5  -0.51401087 -0.03197676 -0.00032641 0.02331633 0.02072660 0.01927001 0.00386005 -0.00880825 -0.03182067 0.02263041
641.0  -0.97747134 0.15099351 -0.02428413 -0.02620786 -0.03783118 0.02556032 0.01525742 -0.01083325 -0.04023437 0.00919491
641.5  -0.47328521 -0.17974019 -0.02687493 -0.00645112 0.00799346 0.01515806 0.01598290 -0.01089860 -0.04234391 -0.00574346
642.0  0.47382450 0.12570008 -0.00545218 0.02350677 0.03188374 -0.00640060 0.00874958 -0.00715088 -0.03928328 -0.02034012
642.5  0.97642209 -0.01318692 0.02022009 -0.00973615 -0.03336245 -0.02517289 0.00482727 0.00011698 -0.02716458 -0.03171694
643.0  0.59437543 -0.11587564 0.02672723 -0.01504335 -0.00707088 -0.02736332 0.00302089 0.01018611 -0.01061839 -0.04234267
643.5  -0.32995434 0.18123847 0.01102784 0.01819230 0.04473217 -0.01275883 -0.00341109 0.01867613 0.00669489 -0.04781276
644.0  -0.95682508 -0.14705105 -0.01373773 0.00280291 -0.02620737 0.00713117 -0.01313065 0.02202452 0.02402918 -0.04877915
644.5  -0.66870302 0.02772465 -0.02589275 -0.01725227 -0.02310847 0.02073917 -0.01924706 0.01773637 0.03603565 -0.04819712
645.0  0.28535684 0.11530139 -0.01170560 0.00919254 0.04584493 0.02060360 -0.01330436 0.00665729 0.03983844 -0.04354661
645.5  0.95489359 -0.18263796 0.01490192 0.00919959 -0.02080628 0.00996342 0.00140067 -0.00578435 0.03362874 -0.03365304
646.0  0.66033112 0.12630842 0.02513078 -0.01576374 -0.02608871 -0.00608718 0.01456957 -0.01620108 0.01618825 -0.01959935
646.5  -0.28224700 0.01378880 0.00834648 0.00300969 0.04469728 -0.01446086 0.02017626 -0.01775115 -0.00710060 -0.00343970
647.0  -0.94271419 -0.14370441 -0.01741370 0.01241043 -0.01660191 -0.01617924 0.01468953 -0.01177094 -0.02830899 0.01163767
647.5  -0.74229301 0.18012242 -0.02533599 -0.01287713 -0.03037671 -0.00894891 -0.00148985 -0.00174955 -0.03968376 0.02510100
648.0  0.09459046 -0.11591957 -0.00902853 -0.00370261 0.04468732 0.00189337 -0.01961294 0.00798761 -0.03438135 0.03914862
648.5  0.84489854 -0.01055220 0.01540434 0.01315427 -0.00538651 0.00634584 -0.02751212 0.01346525 -0.01319652 0.04946926
649.0  0.89401896 0.13701483 0.02695470 -0.00737879 -0.04033793 0.00473874 -0.01977982 0.01113501 0.01458772 0.05844015
649.5  0.19265775 -0.18179189 0.01292436 -0.00758418 0.03557112 0.00670562 0.00325600 0.00491029 0.03365308 0.05986517
650.0  -0.68127687 0.12672823 -0.01473004 0.01483133 0.00637065 0.01457735 0.02922735 0.02059559 0.02196832 0.05719507
650.5  -0.96402533 -0.00638129 0.02745280 -0.01478014 -0.04061403 0.02861297 0.02819797 0.00581210 -0.00830322 0.04986708
651.0  -0.41198769 -0.12664522 -0.01312878 0.00481643 0.03281022 0.01503402 0.00320700 0.00047877 -0.02331930 0.04069147
651.5  0.47880190 0.18394816 -0.01245316 0.02190719 0.00846834 -0.01291312 -0.02163658 -0.00602823 -0.02619534 0.02670645
652.0  0.97040753 -0.14312981 0.02715890 -0.03358450 -0.03260892 -0.03622248 0.02953689 -0.01000151 -0.01660280 0.00666974
652.5  0.69804838 0.04586366 -0.01832973 0.00299374 0.01917345 -0.03064075 -0.01851953 -0.00989486 -0.00072292 -0.01516628
653.0  -0.10214379 0.07921131 -0.00488541 0.03415499 0.01452499 -0.00253991 -0.00480938 -0.00593411 0.01525863 -0.03478141
653.5  -0.82496614 -0.16823832 0.02341769 -0.02644709 -0.02867371 0.02795234 0.02472285 -0.00065749 0.02394899 -0.05118267
654.0  -0.92069129 0.17453396 -0.02285051 -0.01685622 0.00760252 0.03602267 -0.02731616 0.00356101 0.02282495 -0.05980296
654.5  -0.28167694 -0.10656440 0.00347943 0.03915690 0.01817125 0.01253637 0.01033157 0.00577731 0.01516526 -0.05676320
655.0  0.60092466 -0.01878462 0.01855236 -0.01198140 -0.02364558 -0.02055246 0.01202693 0.00693523 0.00283468 -0.04831557
655.5  0.97608926 0.13913102 -0.02425212 -0.03082852 0.00316420 -0.03593821 -0.02703663 0.00726190 -0.00883991 -0.03625517
656.0  0.49500173 -0.18209898 0.00751997 0.03731816 0.01913772 -0.02232053 0.02410958 0.00567388 -0.01552126 -0.02075220
656.5  -0.42223034 0.13478982 0.01520138 0.00224196 -0.01937918 0.00910336 -0.00515184 0.00125826 -0.02026752 -0.00186906
657.0  -0.96555168 -0.02386287 -0.02396722 -0.04029694 0.00175968 0.03242477 -0.01605112 -0.00568895 -0.02016898 0.02038276
657.5  -0.69653630 -0.09633853 0.01443446 0.02760974 0.01464395 0.02944714 0.02877460 -0.00998669 -0.01309120 0.04068481
658.0  0.12463439 0.17073917 0.00649122 0.01878070 -0.01965012 0.00101458 -0.01966996 -0.00916707 -0.00352139 0.05426487
658.5  0.84066142 -0.17757871 -0.02248907 -0.03763070 0.00548514 -0.02741881 -0.00296415 0.00140533 0.00732178 0.06077706
659.0  0.91370408 0.11806485 0.02144837 0.00742970 0.01638643 -0.03281945 0.02313389 0.01878069 0.01219044 0.05687465
659.5  0.27858461 -0.01557716 -0.00656989 0.03018281 -0.02329887 -0.01327051 -0.03018313 0.02465881 0.00381715 0.04098150
660.0  -0.59212442 -0.09566863 -0.01330265 -0.02599081 0.00011316 0.01745846 0.00885919 0.01946038 0.00079866 0.02093873
660.5  -0.97756374 0.17287342 0.02313071 -0.01023237 0.02684981 0.03440364 0.00099998 0.00360927 0.00682308 -0.00411005
661.0  -0.51006105 -0.17399104 -0.01395520 0.03023706 -0.02005486 0.02781030 -0.02767084 -0.01061947 0.01554757 -0.03046688
661.5  0.41819317 0.10247375 -0.00624736 -0.00893850 -0.01085868 0.00923805 0.02499631 -0.01927254 0.01224522 -0.05088181
662.0  0.96898273 0.01165368 0.02173070 -0.02304972 0.03025779 -0.01799528 -0.00739450 -0.02392848 0.00486952 -0.06242147
662.5  0.64948800 -0.12501464 -0.01857971 0.02201712 -0.00951539 -0.03347402 -0.01057417 -0.01871833 -0.00730526 -0.06148807
663.0  -0.25031594 0.18095980 0.00102665 0.01332896 -0.02724651 -0.02513006 0.02686076 -0.00680262 -0.01662798 -0.04692195
663.5  -0.92988529 -0.15877196 0.01716532 -0.02970659 0.02328674 0.00218792 -0.02373921 0.00817728 -0.01730022 -0.02603436
664.0  -0.75115050 0.06931596 -0.02214238 0.00368151 0.01146028 0.02889959 0.00494493 0.01851574 -0.01172779 -0.00457449
664.5  0.15832156 0.06194109 0.00727731 0.02873655 -0.02448371 0.03611205 0.01426969 0.02030746 -0.00194428 0.01572647
665.0  0.92087937 -0.16520740 0.01502865 -0.02635864 0.00805777 0.01933440 -0.02473791 0.01710639 0.00610046 0.03524698
665.5  0.72008038 0.17298231 -0.02233582 -0.01041440 0.01439236 -0.01037576 0.02247285 0.00928096 0.01195962 0.05264650
666.0  -0.26798960 -0.08318677 0.00780157 0.03925300 -0.01659224 -0.03304947 -0.00835163 -0.00122289 0.01337824 0.06521017
666.5  -0.96143545 -0.05715042 0.01485863 -0.01832234 0.00058734 -0.03471486 -0.01437513 -0.01153133 0.01192303 0.06859384
667.0  -0.59966872 0.16752564 -0.02177640 -0.02650421 0.01157981 -0.01907802 0.02053794 -0.02006590 0.00842446 0.06357481
667.5  0.39337915 -0.17334048 0.00641393 0.04097717 -0.00793700 0.01739044 -0.02313040 -0.02121103 0.00058647 0.05277934
668.0  0.97242802 0.08027632 0.01427583 -0.00354003 -0.00594731 0.03344994 0.01316234 -0.01405209 -0.00862631 0.03854726
668.5  0.60257344 0.04657628 -0.02177337 -0.04170348 0.00949881 0.03124466 0.01196576 0.00124994 -0.01257513 0.02130656
669.0  -0.31976042 -0.15223600 0.00869314 0.02984778 0.00247489 0.00735926 -0.02643463 0.01559151 -0.00696851 -0.00042476
669.5  -0.94727843 0.18301492 0.01233044 0.02016315 -0.00807359 -0.02391107 0.02539482 0.01933802 0.00361412 -0.02450803
670.0  0.72263308 -0.11741578 -0.02179346 -0.04264990 -0.00002852 -0.03828171 -0.01315945 0.00597889 0.01463290 -0.04621314
670.5  0.16970174 -0.00816247 0.01201692 0.00888148 0.00693387 -0.03056662 0.00363961 0.00030930 0.02027061 -0.05702486
671.0  -0.91024958 0.12777896 0.00869371 0.03604020 -0.00197617 -0.00269763 0.00668304 -0.01811470 0.02162050 -0.06233998
671.5  0.78212723 -0.17501732 -0.02141480 -0.03458583 -0.00790482 0.02529952 0.01113490 -0.02926661 0.02037164 -0.06324849
672.0  0.09179082 0.12366195 0.01359049 -0.00772455 0.00682816 0.03314484 0.02289175 -0.02831182 0.01561193 -0.05221701
672.5  -0.87220315 -0.00295194 0.00709299 0.03763541 0.00642716 0.02009561 0.02006679 -0.02133900 0.00156027 -0.03813784
673.0  0.85272247 -0.11786706 -0.02169367 -0.01951834 -0.01338642 -0.00090774 0.00158735 -0.00268917 -0.01443317 -0.01881636
673.5  -0.07592283 0.17524885 0.01649849 -0.02298383 0.00027554 -0.01926288 -0.00938304 0.02948142 -0.02535516 0.00602457
674.0  -0.77002638 -0.13622003 0.00382249 0.03463435 0.01492006 -0.02061055 0.00597141 0.04303632 -0.03096092 0.02697005
674.5  0.92584526 0.01824441 -0.02181852 -0.00291754 -0.00998899 -0.00614225 0.01332512 0.03144939 -0.02729379 0.04371882
675.0  -0.20488672 0.11280168 0.01876923 -0.03168482 -0.00872565 0.01222286 0.00422937 0.01159586 -0.01632590 0.05771066
675.5  -0.73549827 -0.17236148 0.00344456 0.02485318 0.01849157 0.01976434 -0.01539349 -0.01354087 -0.00270298 0.06452600
676.0  0.91456473 0.11289126 -0.02283003 0.00916386 -0.00817357 0.01315059 -0.02883905 -0.02969138 0.01088856 0.06748283
676.5  -0.08686246 0.02604273 0.01730097 -0.03294095 -0.01156346 -0.00135432 -0.02511718 -0.03182910 0.02199120 0.06490837
677.0  -0.84459088 -0.14125180 0.00790746 0.02126889 0.02021027 -0.01502879 -0.01170367 -0.02715755 0.02861319 0.06044878
677.5  0.81725973 0.15104120 -0.02381022 0.01324867 -0.00815314 -0.01771308 0.00760450 -0.01571695 0.03054589 0.05442196
678.0  0.12188278 -0.05789074 0.01332277 -0.03240553 -0.01303485 -0.00783604 0.02774004 0.00289305 0.02391221 0.04339796
678.5  -0.92014073 -0.06575030 0.01105583 0.01587218 0.01938238 0.00626949 0.03556057 0.01549266 0.01256403 0.02747310
679.0  0.74843399 0.14317957 -0.02328174 0.01944852 -0.00231041 0.01391688 0.02678233 0.01939665 -0.00341416 0.00954401
679.5  0.18174430 -0.13826220 0.01303756 -0.02857133 -0.02022757 0.01556498 0.01221158 0.02185607 -0.02134660 -0.01303885
680.0  -0.92838725 0.06049278 0.00913055 0.00187081 0.01928110 0.00653283 -0.01025484 0.00090271 -0.03889916 -0.03397418
680.5  0.73887709 0.04896396 -0.02192170 0.02382125 0.00931036 -0.00741549 -0.03501673 -0.00437403 -0.03544998 -0.04953934
681.0  0.21845052 -0.13375582 0.01351216 -0.01386734 -0.03151121 -0.01022009 -0.03686283 -0.01868462 0.01782965 -0.06222445
681.5  -0.95044362 0.14622393 0.00812416 -0.01391571 0.00920693 -0.01013664 -0.02306789 -0.02842404 0.00312124 -0.06750636
682.0  0.66145937 -0.07592970 -0.02186180 0.01891646 0.02554249 -0.00678840 -0.00356667 -0.02341649 -0.01975476 -0.06291859
682.5  0.32744007 -0.03709409 0.01367277 0.00455925 -0.02875176 0.00425319 0.02003931 -0.00070731 0.03411253 -0.05316970
683.0  -0.96643574 0.12988704 0.00727577 -0.02002911 -0.00848324 0.00581817 0.03257408 0.02279896 -0.03744993 -0.03651744
683.5  0.65197194 -0.15863205 -0.02182205 0.00623123 0.03588029 0.00128095 0.02616232 0.03675240 0.03019542 -0.00948596
684.0  0.26465652 0.11633681 0.01718831 0.01570834 -0.01527417 -0.00062380 0.01159591 0.03414985 -0.01187047 0.01790870
684.5  -0.93437551 -0.02494579 0.00146437 -0.01424010 -0.02822364 -0.00497838 -0.01104596 0.01584996 -0.01207478 0.04425992
685.0  0.76483885 -0.07719655 -0.01858400 -0.00811074 0.03299020 -0.00578511 -0.03299282 -0.00832249 0.03266109 0.06084950
685.5  0.10703037 0.14830048 0.02009517 0.01844049 0.00589343 0.00081739 -0.03042356 -0.03041585 -0.03864047 0.06688733
686.0  -0.88919733 -0.15477442 -0.00457610 -0.00421794 -0.03647263 0.00402047 -0.01749076 -0.03515367 0.03214750 0.05946565
686.5  0.80603488 0.08889639 -0.01485658 -0.01510097 0.01978974 0.00253943 0.00477719 -0.02425375 -0.01190010 0.04286417
687.0  0.09496420 0.02250325 0.02041732 0.01524928 0.02083772 -0.01023023 0.02916130 0.00330622 -0.01006700 0.02148396
687.5  -0.90105203 -0.12291398 -0.00783823 0.00180637 -0.03432321 -0.02051012 0.01622655 0.02931027 0.03307385 -0.00208526
688.0  0.78028747 0.16153483 -0.01128302 -0.01596161 0.00565626 -0.01672836 -0.00677922 0.03913368 -0.03620508 -0.02652646
688.5  0.12404616 -0.12043227 0.02105316 0.01076460 0.02849459 -0.00670413 -0.01909638 0.02650928 0.03513963 -0.04476456
689.0  -0.89654520 0.02341024 -0.01378619 0.00637082 -0.02567430 0.01181569 -0.01853658 0.00754655 -0.01457247 -0.05906494
689.5  0.81782167 0.08255094 -0.00441033 -0.01555310 -0.01050357 0.02842769 -0.00510838 -0.01707650 -0.00980769 -0.06493792
690.0  0.01043191 -0.15140539 0.01971200 0.00429562 0.03291640 0.02279886 0.01884690 -0.02874350 0.02713338 -0.06082502
690.5  -0.83069765 0.15395383 -0.02116802 0.01276914 -0.01126059 0.00544908 0.02981457 -0.02685972 -0.03703502 -0.04520773
691.0  0.88331140 -0.08603659 0.00568759 -0.01349254 -0.02434991 -0.01440852 0.02048429 -0.01760808 0.03261213 -0.02300723
691.5  -0.08130993 -0.02635248 0.01622582 -0.00258652 0.02940495 -0.02981939 0.00658549 -0.00032844 -0.01938225 0.00436767
692.0  -0.81191714 0.12769517 -0.02520590 0.01534557 0.00075367 -0.02247315 -0.01682602 0.01256874 0.00215120 0.02682653
692.5  0.87604874 -0.16006573 0.01117011 -0.00964329 -0.03001705 -0.00046891 -0.03348721 0.02044343 0.01509967 0.04453141
693.0  -0.04439475 0.10302390 0.01386728 -0.00623704 0.02464895 0.01899542 -0.02631876 0.02463698 -0.02977068 0.05964282
693.5  -0.82060537 0.01067340 -0.02598947 0.01621083 0.00827796 0.02838008 -0.01165437 0.01835452 0.03707480 0.06637271
694.0  0.89389336 -0.11696969 0.01354624 -0.00539001 -0.03226586 0.01737563 0.01139822 0.00697774 -0.03519003 0.06224773
694.5  -0.15944735 0.16245543 0.01013916 -0.01128196 0.01749726 -0.01217558 0.03338593 -0.00579953 0.02323514 0.05444212
695.0  -0.70604279 -0.12587518 -0.02480114 0.01419654 0.01860022 -0.03137623 0.02749549 -0.01806468 -0.00416769 0.03685804
695.5  0.96304481 0.02464734 0.01668535 0.00104399 -0.03206905 -0.02522918 0.00584202 -0.02504071 -0.01629468 0.01454546
696.0  -0.38621739 0.09098414 0.00714215 -0.01651082 0.00809161 -0.00326510 -0.01526967 -0.01933691 0.03153818 -0.00313045
696.5  -0.53652604 -0.15819272 -0.02436160 0.01109314 0.02400483 0.02632217 -0.03281414 -0.01148181 -0.03514323 -0.02342946
697.0  0.98176150 0.13530272 0.01739208 0.00892201 -0.02905230 0.03751705 -0.02455000 0.00272151 0.02981914 -0.03922007
697.5  -0.53254310 -0.03260614 0.00672039 -0.01721727 -0.00149353 0.02071427 0.00135773 0.01396699 -0.01366443 -0.04883663
698.0  -0.39844789 -0.08871398 -0.02494233 0.00217807 0.02856049 -0.00692650 0.01799898 0.01784683 -0.00931201 -0.05669088
698.5  0.96629245 0.15673592 0.01851011 0.01520229 -0.02156571 -0.04048958 0.01453101 0.01942083 0.02376713 -0.06075156
699.0  -0.70810192 -0.13771685 0.00481823 -0.01114284 -0.01230446 -0.04109072 -0.01215077 0.00432824 -0.03826558 -0.06058727
699.5  -0.10788122 0.04801938 -0.02285118 -0.01090281 0.02825089 0.00142217 -0.02024953 -0.00314541 0.03220552 -0.05462048
700.0  0.82610437 0.06352896 0.02192806 0.01969001 -0.00998503 0.03550423 0.00035687 -0.00985243 -0.01382624 -0.04490463
700.5  -0.93762242 -0.14470721 -0.00385742 0.00119935 -0.02107456 0.03867156 0.02198471 -0.00901027 -0.00932147 -0.02864437
701.0  0.37912244 0.16093747 -0.01770912 -0.02194241 0.02327812 0.01627798 0.02563600 -0.00268573 0.03034064 -0.00923751
701.5  0.46088742 -0.10281362 0.02412361 0.01487983 0.00369632 -0.02584456 0.01349532 -0.00110917 -0.03810064 0.01092556
702.0  -0.96630434 -0.00738104 -0.01091271 0.01395996 -0.02535136 -0.04439690 -0.00927411 0.00081782 0.03178752 0.02936788
702.5  0.71896864 0.11660327 -0.01202753 -0.02419942 0.01618934 -0.02636144 -0.02528935 0.00318354 -0.01409930 0.04398716
703.0  0.10932328 -0.16597259 0.02461759 0.00234925 0.01257454 0.00205442 -0.02477967 0.00383467 -0.00935375 0.05417019
703.5  -0.84624570 0.12926132 -0.01462600 0.02290962 -0.02660040 0.03415165 -0.01201481 0.01051351 0.02724509 0.05731649
704.0  0.91068196 -0.02987090 -0.00828513 -0.01762464 0.01083441 0.04165068 0.01496353 0.01261855 -0.03624526 0.05178854
704.5  -0.28221479 -0.07957331 0.02440085 -0.01288991 0.02023882 0.01065429 0.02861200 0.00685275 0.03174925 0.04229876
705.0  -0.55224760 0.15006298 -0.01997081 0.02471803 -0.02178047 -0.01733514 0.02201399 -0.01013031 -0.00937789 0.02291236
705.5  0.97936628 -0.15384737 -0.00235847 -0.00077868 -0.00511890 -0.02432108 0.00478225 -0.03134260 -0.00839659 0.00071009
706.0  -0.66067474 0.08985858 0.02123064 -0.02623278 0.01955505 -0.01319586 -0.01260068 -0.03958001 0.03416386 -0.01864624
706.5  -0.20078169 0.01521000 -0.02352052 0.01870541 -0.00658761 0.00249539 -0.02647615 -0.03636880 -0.03160599 -0.03839557
707.0  0.91078257 -0.11225735 0.00475591 0.01891140 -0.00681878 0.00430344 -0.02892481 -0.00643868 0.03182648 -0.04989801
707.5  -0.79790336 0.15045705 0.01894044 -0.03267778 -0.00312007 0.00414883 -0.01519355 0.01174502 -0.01544235 -0.05647031
708.0  -0.08997749 -0.10774664 -0.02416094 0.00237971 0.00439213 0.01148591 -0.00157546 0.03696732 -0.00455137 -0.06132434
708.5  0.89498906 0.00651516 0.00652653 0.03077552 0.01113655 0.01884288 0.01480627 0.04778392 0.01960537 -0.05621212
709.0  -0.79862046 0.09719463 0.01813019 -0.02538315 -0.01661518 0.01569668 0.02197440 0.04276168 -0.02985780 -0.04459205
709.5  -0.09432475 -0.14597484 -0.02577815 -0.00972797 -0.00191603 -0.00676788 0.01338518 0.02782228 0.03404944 -0.03465313
710.0  0.88700412 0.11983719 0.01033451 0.02998664 0.01934695 -0.01827877 -0.00094442 -0.00169607 -0.03392839 -0.01869651
710.5  -0.83187257 -0.03633217 0.01374705 -0.01019953 -0.01165097 -0.01397683 -0.01530904 -0.03114710 0.02828552 0.00635201
711.0  0.00228032 -0.06320809 -0.02616944 -0.02163636 -0.01471590 -0.00617046 -0.02248618 -0.05030139 -0.01697899 0.02033526
711.5  0.83065468 0.13336765 0.01798458 0.02146494 0.02396133 0.01318063 -0.01418145 -0.05139300 -0.00010824 0.03619256
712.0  -0.88503522 -0.14168753 0.00463613 0.00737269 0.00042954 0.02235878 0.00131120 -0.03344399 0.01883033 0.04990609
712.5  0.08160866 0.08299681 -0.02412092 -0.02596927 -0.02347269 0.00893421 0.01460149 -0.00358845 -0.03254552 0.04623906
713.0  0.80828697 0.01409347 0.02302407 0.00884748 0.01677483 -0.00135397 0.02288544 0.02995204 0.03708144 0.04149789
713.5  -0.89311390 -0.10235763 -0.00203935 0.02019646 0.01132555 -0.00866499 0.02036164 0.05149984 -0.03243555 0.03284576
714.0  0.10816462 0.14227943 -0.02014782 -0.02161517 -0.02660871 -0.01571606 0.00696253 0.05349622 0.01951191 0.01022156
714.5  0.76583767 -0.12241699 0.02533964 -0.00786599 0.00646595 -0.00755674 -0.01064568 0.03062562 0.00040554 -0.00986097
715.0  -0.94171203 0.05745077 -0.01078813 0.02817623 0.02174939 -0.00004364 -0.02121611 -0.01259570 -0.02014729 -0.02630206
715.5  0.30091943 0.02866325 -0.01106727 -0.00872492 -0.01765913 -0.00682064 -0.00852417 -0.04937681 0.03361399 -0.04458930
716.0  0.59986488 -0.10784422 0.02372709 -0.02617154 -0.00879642 -0.00512632 0.00826294 -0.05815882 -0.03527324 -0.04533333
716.5  -0.98124659 0.15044371 -0.01801540 0.02340212 0.02147485 0.00261238 0.02125876 -0.03768636 0.01844509 -0.03802583
717.0  0.45659056 -0.13025021 -0.00208724 0.01329346 -0.00594226 0.00841352 0.01695571 0.00045730 0.00006133 -0.02891278
717.5  0.53125415 0.04216115 0.02049846 -0.03355877 -0.01405559 0.01754933 0.00274880 0.03555093 -0.01753649 -0.01029451
718.0  -0.97828188 0.07715840 -0.02036924 0.01119700 0.01557246 0.01568902 -0.01139815 0.04492954 0.04438900 0.00728691
718.5  0.35158404 -0.15587277 0.00090893 0.02551166 -0.00223086 -0.00200425 -0.02308738 0.06194803 -0.02644426 0.02000374
719.0  0.67778056 0.13725684 0.01994261 -0.03216714 -0.01214394 -0.01301609 -0.02033152 0.03939598 0.02998024 0.03267722
719.5  -0.93251030 -0.02908085 -0.02089898 0.00224333 0.01425672 -0.01751728 -0.00426365 0.01437721 -0.01160136 0.04335572
720.0  0.13346383 -0.09500586 0.00116019 0.03151260 -0.00433790 -0.01208810 0.01810577 -0.01401047 -0.00319274 0.04538149
720.5  0.80604171 0.15640825 0.02056583 -0.02601398 -0.01089767 0.00728285 0.03073511 -0.03917476 0.02081338 0.04426728
721.0  -0.87459478 -0.12334370 -0.02293458 -0.01045207 0.01475368 0.02224771 0.02513157 -0.05037265 -0.03196106 0.03824068
721.5  0.01964454 0.02133173 0.00250319 0.03422162 -0.00304610 0.01975488 0.00547251 -0.04744896 0.03399459 0.02817519
722.0  0.86002350 0.08977482 0.02175899 -0.01532070 -0.01251325 0.00411731 -0.01929003 -0.02986847 -0.02957384 0.01443114
722.5  -0.81462994 -0.14637136 -0.02545702 -0.02202053 0.01326286 -0.01257889 -0.03436733 -0.00658954 0.01761542 0.00096684
723.0  -0.14745373 0.11077513 0.00110928 0.03176604 0.00014066 -0.02311607 -0.02908437 0.01964513 -0.00312001 -0.01156019
723.5  0.94648498 -0.00135434 0.02617104 -0.00668107 -0.01238361 -0.01927041 -0.01293508 0.04022605 -0.01114274 -0.02128644
724.0  -0.64188302 -0.10876072 -0.02465379 -0.02709579 0.00832360 -0.00736060 0.00754955 0.04979738 0.02840503 -0.02947860
724.5  -0.39068268 0.14390694 -0.00494776 0.02939624 0.01082294 0.00295212 0.03285257 0.04783083 -0.03411467 -0.03632192
725.0  0.98135316 -0.08513667 0.02938266 0.00278644 -0.01514788 0.01063745 0.03969046 0.02826627 0.03661075 -0.03940038
725.5  -0.56109141 -0.02306675 -0.02399460 -0.03010068 -0.00269125 0.01472290 0.02213346 -0.00564117 -0.01974150 -0.04152022
726.0  -0.39259730 0.11521509 -0.00381486 0.01714997 0.01980516 0.00572782 -0.01055700 -0.03456414 0.00630187 -0.04074450
726.5  0.97308878 -0.14160410 0.02697743 0.01899090 -0.01270087 -0.01295724 -0.04213958 -0.03353985 0.02618814 -0.03395857
727.0  -0.64852653 0.08874888 -0.02564505 -0.02895888 -0.01317095 -0.02590529 -0.03711938 -0.02436252 -0.04053151 -0.02566138
727.5  -0.29992492 0.01352108 -0.00065866 0.00048246 0.02020015 -0.02313987 -0.01824813 0.00565367 0.03224217 -0.01424650
728.0  0.96462334 -0.10452104 0.02612431 0.02844228 -0.00282636 -0.00016868 0.01518255 0.02296260 -0.01865915 -0.00331125
728.5  -0.64267229 0.12768884 -0.02485713 -0.02348106 -0.01791296 0.02120978 0.03540151 -0.02985505 -0.00007327 0.00646836
729.0  -0.36040472 -0.07129217 -0.00292664 -0.01034837 0.01871704 0.03014255 0.04412606 0.02662664 0.01955880 0.01840358
729.5  0.98068519 -0.02374871 0.02803956 0.03159136 0.00249339 0.02200136 0.03088575 -0.01244158 -0.03159833 0.02893166
730.0  -0.57823495 0.09950953 -0.02400039 -0.01529117 -0.02109209 -0.00432696 0.00036666 -0.00353064 0.03696622 0.03480823
730.5  -0.39210740 -0.11963163 -0.00386061 -0.02028613 0.01468431 -0.02091038 -0.02989486 0.01978516 -0.03450349 0.04448397
731.0  0.97426757 0.08259669 0.02814969 0.02949345 0.01052010 -0.02607974 -0.04657984 -0.02911909 0.02395115 0.04773074
731.5  -0.68454441 -0.00956028 -0.02764473 0.00083606 -0.02249882 -0.01589394 -0.03415140 0.02442843 -0.00851131 0.04184896
732.0  -0.17809248 -0.07193940 0.00434957 -0.03033267 0.00274517 0.01572559 -0.00099644 -0.01044268 -0.01130143 0.03459499
732.5  0.88954343 0.12925523 0.02233074 0.01699274 0.02086691 0.03038096 0.03195469 -0.00648520 0.02932774 0.01841102
733.0  -0.85864706 -0.13386118 -0.03110122 0.02071489 -0.01572672 0.02158835 0.04652201 0.02029914 -0.03779518 -0.00246406
733.5  0.07828257 0.07282071 0.01405941 -0.02520332 -0.01178545 0.00638197 0.03151741 -0.02322852 0.03735821 -0.01628392
734.0  0.78179848 0.03353182 0.01445076 -0.00407198 0.02291742 -0.02058176 0.00295719 0.01570933 -0.02288526 -0.03191828
734.5  -0.92104638 -0.12914295 -0.03011083 0.02646757 -0.00130791 -0.03749652 -0.02456479 -0.00688595 -0.00028022 -0.04443026
735.0  0.21117976 0.15876728 0.01931117 -0.01080931 -0.02392224 -0.03199883 -0.03773496 -0.00541616 0.02476776 -0.04507444
735.5  0.67833397 -0.10697697 0.00677662 -0.02218584 0.01165403 -0.01770239 -0.02887456 0.00763994 -0.04366113 -0.04568238
736.0  -0.97086364 0.00472585 -0.02549462 0.01912958 0.01825280 0.01212997 -0.02003423 -0.00392755 0.04304395 -0.04015281
736.5  0.44951844 0.09782544 0.02465867 0.01706671 -0.01933282 0.04168504 -0.01262992 0.00270196 -0.02709589 -0.02308727
737.0  0.44799159 -0.15525912 -0.00529112 -0.01944905 -0.00976502 0.04802056 -0.00115297 -0.00823392 -0.00423538 -0.00532214
737.5  -0.97453781 0.14288717 -0.01741080 -0.00800397 0.02614153 0.02770190 -0.00113619 0.01526744 0.03295522 0.01448003
738.0  0.63433652 -0.06211509 0.02582416 0.02276300 -0.00771854 -0.00572584 0.01356547 -0.00736768 -0.04929794 0.03263553
738.5  0.32017207 -0.05214469 -0.01225256 -0.00677001 -0.01907894 -0.01758255 0.03562304 -0.00233082 0.04370780 0.04219128
739.0  -0.96795482 0.14082881 -0.01317941 -0.01912313 0.02272797 -0.01504524 0.04517025 0.01003690 -0.02252241 0.04675133
739.5  0.60573940 -0.14895645 0.02569494 0.02203137 -0.00104545 -0.01587112 0.03036111 -0.00330334 -0.00574767 0.04778619
740.0  0.40252356 0.06595692 -0.01232578 0.00171183 -0.02255570 -0.00565948 0.00588521 0.00079212 0.03094098 0.04067376
740.5  -0.97913708 0.05944464 -0.01316434 -0.02381887 0.02244522 0.00584983 -0.02424713 0.00059728 -0.04704502 0.03096220
741.0  0.55336456 -0.15044288 0.02567584 0.01714675 0.00191451 0.01226337 -0.04614310 0.01565122 0.04795258 0.01711511
741.5  0.39497394 0.15594229 -0.01472840 0.01351275 -0.02296686 0.01682626 -0.03592501 0.02144644 -0.03724391 -0.00038434
742.0  -0.96627760 -0.08012052 -0.00920504 -0.02586179 0.01603908 0.00545833 -0.00976681 0.01331121 0.01344976 -0.01882208
742.5  0.69903357 -0.03175725 0.02542564 0.00238797 0.01324211 -0.01554277 0.01809923 -0.00230898 0.01487644 -0.03871541
743.0  0.14934678 0.12306914 -0.02098127 0.02070329 -0.02581754 -0.02157456 0.03863556 -0.01810200 -0.03544168 -0.04906116
743.5  -0.87700752 -0.15243370 -0.00094920 -0.01596784 0.00327026 -0.01539489 0.02671647 -0.02659398 0.04705069 -0.04994352
744.0  0.86857872 0.11007423 0.02280238 -0.00986319 0.02448556 0.00250197 0.00016963 -0.02016241 -0.04301141 -0.04530352
744.5  -0.10898466 -0.02258550 -0.02603095 0.02034477 -0.02301143 0.03153513 -0.01683486 -0.01034178 0.02436439 -0.02954543
745.0  -0.74683816 -0.06305481 0.00689603 -0.00558355 -0.00660524 0.03911336 -0.01782542 0.00720365 -0.00025679 -0.01405540
745.5  0.95967991 0.11000759 0.01716683 -0.01322508 0.02987439 0.01747157 -0.00872324 0.02585356 -0.02535762 0.00268501
746.0  -0.38689624 -0.10962588 -0.02753317 0.01387709 -0.01493765 -0.01838523 0.00273104 0.01749512 0.05049175 0.02684495
746.5  -0.47635568 0.07414259 0.01652803 0.00134954 -0.01980378 -0.04465163 -0.00332795 0.02225027 -0.04455139 0.04355273
747.0  0.97379489 -0.01888278 0.00663531 -0.01168140 0.02872275 -0.02948913 -0.00202786 0.00071995 0.02872288 0.05130097
747.5  -0.74784702 -0.04264956 -0.02482042 0.00998103 0.00179888 0.01184318 0.00405425 -0.01926586 0.00243762 0.05318431
748.0  -0.05251897 0.09358494 0.02422369 -0.00284306 -0.02954409 0.04162200 -0.00142686 -0.02125501 -0.03158070 0.03926272
748.5  0.82873666 -0.10990256 -0.00316822 -0.00675863 0.02292320 0.03763407 0.00261963 -0.01751707 0.04600131 0.02451814
749.0  -0.91188459 0.07156386 -0.02071866 0.01164374 0.00986979 0.00254838 0.00299085 -0.00634030 -0.04711845 0.01120774
749.5  0.16882417 0.01404743 0.02611338 -0.00536844 -0.03170395 -0.03538656 -0.00107510 0.01050297 0.03410096 -0.00857393
750.0  0.74303534 -0.09815104 -0.00553853 -0.00613922 0.02185064 -0.04659024 0.00135370 0.01772219 -0.01225740 -0.02049550
750.5  -0.94092270 0.12035029 -0.02075442 0.00944719 0.01115339 -0.02736520 0.00314981 0.01805687 -0.01165407 -0.02973092
751.0  0.23652870 -0.06256507 0.02554293 -0.00175674 -0.03222574 0.00725896 -0.00374840 0.01713595 0.03395452 -0.04231212
751.5  0.67838138 -0.03451097 -0.00513279 -0.00879210 0.01829711 0.04097517 -0.00202084 0.00288142 -0.04672525 -0.04704215
752.0  -0.97504913 0.10731059 -0.02064537 0.00803719 0.01581561 0.04473864 -0.00295311 -0.01200483 0.04698367 -0.04739132
752.5  0.43828268 -0.11754536 0.02690156 0.00525865 -0.03192002 0.01486370 -0.00391730 -0.01863194 -0.02938136 -0.04780366
753.0  0.45466833 0.06865120 -0.00842127 -0.01038526 0.00714870 -0.02281742 0.00527085 -0.01890020 0.00294463 -0.04395901
753.5  -0.97682137 0.01028018 -0.01765792 -0.00028752 0.02541912 -0.04472790 0.00975865 -0.00559209 0.02655301 -0.03478312
754.0  0.68953358 -0.08243141 0.02857750 0.01372692 -0.02433712 -0.03600363 0.00734265 0.00803269 -0.04700630 -0.02603391
754.5  0.19776918 0.11578126 -0.01199211 -0.00656600 -0.00693068 -0.00453587 0.00185199 0.02173882 0.04597478 -0.01571614
755.0  -0.91773789 -0.09483527 -0.01626008 -0.01833961 0.02485851 0.02678327 -0.01629550 0.01281923 -0.03294252 -0.00660580
755.5  0.80890158 0.02724444 0.02890689 0.02072185 -0.00788780 0.03401743 -0.03244998 0.00709240 0.00362061 0.00770991
756.0  0.01855063 -0.05842083 -0.01427105 0.00919658 -0.01289029 0.02740492 -0.02349646 -0.00614919 0.03142264 0.02237794
756.5  -0.81756923 -0.11299184 -0.01184505 -0.03096781 0.01359057 0.00910934 -0.00045917 -0.01850628 -0.04690486 0.03621686
757.0  0.93096305 -0.12332135 0.02677868 0.00902095 0.00301671 -0.01413436 0.03509404 0.00134369 0.04363905 0.04763517
757.5  -0.30128948 -0.06654698 -0.02041830 0.02492689 -0.01154487 -0.00047940 0.05149360 0.00279525 -0.02661732 0.05143154
758.0  -0.57398927 0.01358702 -0.00210406 -0.02466121 0.00228664 -0.00824362 0.03644884 -0.00390099 -0.01386557 0.04676280
758.5  0.98759887 0.08312047 0.02255689 -0.01126638 0.00623030 -0.01494907 0.00007231 0.00133466 0.03798674 0.03519251
759.0  -0.53570099 0.12770236 -0.02382226 0.03065823 -0.00231722 -0.00998564 -0.03799317 0.01426492 -0.04831492 0.01951233
759.5  -0.43507214 0.09767939 0.00315399 -0.01240160 -0.00509773 0.00238603 -0.05031224 0.01924591 0.04407967 0.00197007
760.0  0.98602782 0.00696257 0.02103749 -0.02004723 0.00463973 0.01248863 -0.03539842 0.01834452 -0.02635048 -0.01435379
760.5  -0.49703394 -0.08021001 -0.02396433 0.02785368 0.00365539 0.01460281 0.00268126 0.02000048 0.00221857 -0.02738524
761.0  -0.53611417 -0.12358618 0.00188998 0.00039162 -0.00649631 0.01320387 0.03422825 0.00835782 0.01810489 -0.04058209
761.5  0.98210571 -0.09271625 0.02269161 -0.02790214 -0.00344585 0.01292662 0.04648237 -0.01167379 -0.03812847 -0.04817627
762.0  -0.37541685 -0.00133551 -0.02437693 0.02214684 0.01166006 0.01330163 0.03547935 -0.00699212 0.04764557 -0.05127061
762.5  -0.61403416 0.08490654 0.00179840 0.01215180 0.00136120 -0.01369709 0.00982477 -0.02541335 -0.04294399 -0.04644608
763.0  0.97631390 0.12343888 0.02240609 -0.02511317 -0.02252600 -0.04154636 -0.01350203 -0.02105620 0.02938357 -0.03930183
763.5  -0.36747211 0.10089710 -0.02699255 0.00320194 0.01455707 -0.04050273 -0.02461415 -0.01127909 -0.01021884 -0.02229540
764.0  -0.61324222 0.02539596 0.00688454 0.01810483 0.01869113 -0.01337106 -0.02280759 0.00098108 -0.01516633 -0.00534963
764.5  0.97189586 -0.06402121 0.02027180 -0.01108345 -0.02972326 0.02279615 -0.00793536 0.01428234 0.03582041 0.01183153
765.0  -0.28855445 -0.12134193 -0.02890230 -0.00811618 0.00204766 0.04513054 0.01369369 0.02333796 -0.04774492 0.03332423
765.5  -0.72220118 -0.10886169 0.00992445 0.01328063 0.03100034 0.03607874 0.02373421 0.02521197 0.05105696 0.04324725
766.0  0.91978033 -0.03020711 0.01806981 -0.00062742 -0.02709894 0.00498627 0.02456087 0.01766765 -0.04051979 0.05194065
766.5  -0.09703155 0.05934033 -0.02917172 -0.01149121 -0.00900313 -0.02849884 0.01629226 0.00634174 0.02501932 0.05405167
767.0  -0.81588235 0.11589830 0.01557862 0.00597726 0.03478578 -0.04522470 -0.00052640 -0.00917634 0.00032222 0.04748811
767.5  0.89093222 0.11955199 0.00884804 0.00824041 -0.01710631 -0.02844924 -0.01783567 -0.02191666 -0.02263989 0.03251839
768.0  -0.10534359 0.06166569 -0.02690902 -0.00887009 -0.02045579 0.01261207 -0.02589848 -0.02528960 0.04023889 0.01124892
768.5  -0.77906648 -0.02125054 0.02595611 -0.00162073 0.03203460 0.04201751 -0.02145388 -0.01454423 -0.04931969 -0.01240007
769.0  0.92036356 -0.08973199 -0.00633042 0.01034603 -0.00270752 0.03665175 -0.00569691 0.00308346 0.04442547 -0.03382021
769.5  -0.14263171 -0.12599750 -0.01948683 -0.00535585 -0.02863424 0.00165918 0.01449756 0.01929902 -0.02727994 -0.04928666
770.0  -0.79538541 -0.09446485 0.03141767 -0.00528528 0.02376433 -0.03440421 0.02511375 0.02572077 0.00659809 -0.05374756
770.5  0.87695413 -0.00082684 -0.01598055 0.01082204 0.00744594 -0.04456418 0.02367105 0.02054288 0.01936146 -0.05093438
771.0  0.02645396 0.08534747 -0.01536932 -0.00544060 -0.03231024 -0.02315848 0.01228143 0.00633913 -0.03270282 -0.04456740
771.5  -0.90093765 0.12115871 0.03414726 -0.00612841 0.02001168 0.01591562 -0.00399099 -0.00884406 0.04679060 -0.02886446
772.0  0.76211753 0.09256887 -0.01925796 0.01148925 0.01402256 0.04650053 -0.02055517 -0.01811021 -0.04744529 -0.01575130
772.5  0.19824518 0.00180330 -0.01432051 -0.00420601 -0.03294605 0.04587584 -0.02089694 -0.02488475 0.04082103 0.00312526
773.0  -0.93909030 -0.08815730 0.03463328 -0.00693865 0.01470603 0.01493100 -0.01496206 -0.01853281 -0.01539753 0.01982811
773.5  0.73797618 -0.12100532 -0.02376488 0.00959761 0.02120886 -0.02790249 -0.00350642 -0.00856436 -0.01597162 0.03829558
774.0  0.17945260 -0.09970927 -0.00862940 -0.00279744 -0.03025857 -0.05426944 0.01698223 0.00020577 0.03898081 0.04885438
774.5  -0.92507259 -0.02475448 0.03276970 -0.01104840 0.00212978 -0.04287651 0.01350999 -0.02142086 -0.04910013 0.05264253
775.0  0.75365438 0.07391814 -0.02565985 0.01311122 0.02726601 -0.00376475 0.01254392 0.01201132 0.04545920 0.05141192
775.5  0.20778573 0.12404178 -0.00652227 -0.00014199 -0.02612692 0.03037729 0.01262287 0.01648805 -0.02390818 0.04214729
776.0  -0.95512351 0.09379882 0.03156326 -0.01303439 -0.00199437 0.04734518 0.00957764 0.02397799 -0.00496425 0.03303183
776.5  0.64588965 0.00318614 -0.02284427 0.02173076 0.02311406 0.04056074 0.00190102 0.02620991 0.02502165 0.02414635
777.0  0.36632014 -0.09242125 -0.01031727 -0.01147215 -0.02115348 0.01071449 -0.00831985 0.01892140 -0.04338741 0.00912496
777.5  -0.97853883 -0.12475863 0.03166801 -0.01550788 0.00791222 -0.01790075 -0.02587954 0.00652562 0.05366202 -0.00565159
778.0  0.61380391 -0.07811135 -0.02111678 0.03203271 0.00661430 -0.03221068 -0.03963130 -0.01172275 -0.05200839 -0.01807470
778.5  0.31423257 0.01256125 -0.00965234 -0.01145708 -0.01532295 -0.03264105 -0.02514272 -0.02255946 0.03732512 -0.03276797
779.0  -0.95098894 0.09609664 0.03166317 -0.02404596 0.01001632 -0.00978332 0.00225023 -0.02629403 -0.00635549 -0.04386006
779.5  0.75026896 0.12315165 -0.02377162 0.03105559 0.00408791 0.02046254 0.02740488 -0.02116663 -0.02622284 -0.04717284
780.0  0.11722927 0.08390151 -0.00574206 -0.00054582 -0.01612814 0.02895942 0.04271062 -0.00827465 0.05295358 -0.05211816
780.5  -0.88457642 -0.00345572 0.03156377 -0.02968686 0.00920074 0.02787495 0.03107383 0.00315784 -0.05798105 -0.05009461
781.0  0.84330869 -0.09609451 -0.02578168 0.02520462 0.00695012 0.01212599 0.01170905 0.01980259 0.04168662 -0.04225875
781.5  -0.02515425 -0.12396716 -0.00498721 0.00915736 -0.01740352 -0.00636444 -0.00506149 0.03587847 -0.00661042 -0.03208039
782.0  -0.81040186 -0.08012457 0.03029414 -0.03143561 0.00851351 -0.01610277 0.02155963 0.04344495 -0.02844473 -0.01863802
782.5  0.92344254 -0.00173718 -0.02605951 0.01855405 0.00957898 -0.02334673 -0.01003306 0.01201165 0.06462070 -0.00449476
783.0  -0.27035331 0.08526776 -0.00257812 0.01563189 -0.02031332 -0.01603768 -0.01849962 -0.01795629 -0.05079170 0.01591147
783.5  -0.57583272 0.12537400 0.02740422 -0.02591208 0.01591529 -0.00237163 0.00726923 -0.03747837 0.01838031 0.03101465
784.0  0.98445341 0.10604025 -0.02962949 0.01219851 0.00835098 0.01545124 0.01950522 -0.04361914 0.02775797 0.04418071
784.5  -0.68826030 0.06004106 0.00976868 0.00642043 -0.02771744 0.02326572 -0.04169064 -0.02577167 -0.05050292 0.05579846
785.0  -0.09954726 -0.02063855 0.01663645 -0.01471297 0.01184579 -0.01537681 0.03205129 0.01035576 0.05320338 0.04934297
785.5  0.82799369 -0.09427274 -0.03003746 0.00492630 0.01990210 -0.00020606 0.00305488 0.03679024 -0.02975826 0.03905391
786.0  -0.92592363 -0.11924549 0.01951418 0.01101573 -0.02461073 0.01470865 -0.03637917 0.04508314 -0.00489741 0.02396312
786.5  0.25864746 -0.10379897 0.00677242 -0.01268656 -0.00338457 -0.01898763 0.04559089 0.02949511 0.03658107 -0.00059038
787.0  0.63541394 -0.03376534 -0.02751402 -0.00225510 0.02771421 0.00960019 -0.02521633 0.00144567 -0.05615172 -0.01922705
787.5  -0.98113751 0.05796927 0.02500836 0.01401711 -0.01606087 0.00918488 -0.01066869 -0.02768892 0.05491157 -0.03488814
788.0  0.49449095 0.11074389 -0.00197237 -0.00857152 -0.01733499 -0.02203017 0.03905701 -0.04905036 -0.03366564 -0.05129243
788.5  0.39621066 0.11959220 -0.02303863 -0.00716849 0.02869808 0.01736364 -0.04067601 -0.04239259 0.00067291 -0.05402383
789.0  -0.96106372 0.07848463 0.03039729 0.01291662 -0.00086533 0.00147572 0.01241771 -0.01491834 0.03336422 -0.04929108
789.5  0.74135896 -0.00551213 -0.01408526 -0.00256522 -0.02924308 -0.02072484 0.02342415 0.01677488 -0.05207969 -0.04182122
790.0  0.11093440 -0.08344366 -0.01526456 -0.00917707 0.02174355 0.02472930 -0.04225053 0.04660073 0.04950032 -0.01969672
790.5  -0.88220353 -0.12305498 0.03221933 0.00986711 0.01416249 -0.01196416 0.03508548 0.04875911 -0.02972051 -0.00201236
791.0  0.83275139 -0.09875953 -0.02031779 0.00536790 -0.03235304 -0.00904809 -0.00769790 0.02884602 0.00026670 0.01350683
791.5  0.04506292 -0.01469456 -0.01166573 -0.01733882 0.00527258 0.02720806 -0.02147566 -0.00020570 0.02610493 0.03067657
792.0  -0.88361443 0.07797441 0.03280814 -0.00960683 0.02054937 -0.03084329 0.04204352 -0.03212529 -0.04304737 0.04131976
792.5  0.80964824 0.12524742 -0.02114509 0.02796872 -0.01187112 0.02272151 -0.04142790 -0.05590793 0.03896915 0.04874938
793.0  0.08591816 0.09642608 -0.01009996 -0.01037379 -0.00976037 0.01146611 0.03095624 -0.03332317 -0.03210597 0.05490547
793.5  -0.88559876 0.01441809 0.03087465 -0.02004587 0.02000791 -0.01795172 0.00222879 -0.02287265 -0.00663810 0.05449322
794.0  0.84217479 -0.06677709 -0.02302837 0.02433501 -0.00349355 -0.00780015 -0.05552537 0.01931862 0.01416092 0.04718092
794.5  -0.04207215 -0.12033010 -0.00266407 0.00406462 -0.01656902 0.03870377 0.05986546 0.04018290 -0.01223713 0.03554180
795.0  -0.78775768 -0.11793054 0.02525327 -0.02469776 0.01277018 -0.03509004 -0.02080127 0.04776069 0.00815622 0.01542689
795.5  0.93344214 -0.05552551 -0.02639279 0.01042112 0.00703290 -0.00405873 -0.02270250 0.03002147 -0.00255769 -0.00781810
796.0  -0.24856098 0.02244640 0.00659416 0.01973162 -0.01997964 0.04528174 0.04854623 0.00074515 0.00026612 -0.02785169
796.5  -0.67267963 0.09537533 0.01793216 -0.02214645 0.00571534 -0.05414085 -0.04271058 -0.02660971 0.00455156 -0.04530766
797.0  0.96674296 0.12933245 -0.02633010 -0.00530535 0.01511817 0.02216598 0.01207221 -0.04622210 -0.00632902 -0.05568862
797.5  -0.35706943 0.08778182 0.01211161 0.02662209 -0.01774095 0.02477733 0.02455265 -0.04812118 0.00981421 -0.05375660
798.0  -0.56704262 0.01222885 0.01259941 -0.01235377 -0.00166616 -0.05528366 -0.04787043 -0.03362827 -0.00975588 -0.04804301
798.5  0.98597309 -0.06045177 -0.02688146 -0.01868940 0.01870609 0.04061143 0.03942233 -0.00726054 0.00544415 -0.03414192
799.0  -0.60459689 -0.11887363 0.02078461 0.02330036 -0.01076289 0.00625984 -0.00103918 0.02535137 -0.00017899 -0.00878684
799.5  -0.23315137 -0.12128639 0.00205485 0.00559733 -0.01074707 -0.04303902 -0.04365318 0.04625109 -0.00471130 0.01495027
800.0  0.89580548 -0.07549183 -0.02433311 -0.02508914 0.01449261 0.03765978 0.06026024 0.04550016 0.01011098 0.03611261
800.5  -0.87084309 -0.00641665 0.02814550 0.00850989 0.00279196 -0.00250057 -0.02597923 0.02671055 -0.00729718 0.05315495
801.0  0.13254760 0.07918922 -0.00905894 0.01882959 -0.01325324 -0.01627824 -0.03341089 -0.00758591 0.00596038 0.05639898
801.5  0.73845757 0.12565212 -0.01971244 -0.02143568 0.00526823 0.00724303 0.07050578 -0.03600927 -0.00310713 0.05555184
802.0  -0.94468969 0.09877315 0.03049407 0.00116265 0.00909326 0.00835496 -0.06513055 -0.04463593 -0.00971948 0.05032142
802.5  0.24023965 0.01901347 -0.01157301 0.01509579 -0.01807568 -0.01089291 0.02048732 -0.04477618 -0.00549447 0.03989604
803.0  0.70515004 -0.07648582 -0.01991067 -0.01898510 -0.00820124 0.00266008 0.02748921 -0.02465122 -0.00811938 0.02708322
803.5  -0.95053645 -0.12557027 0.03073069 0.00117716 0.01053140 0.01140228 -0.06100024 0.00844026 0.01664403 0.01204188
804.0  0.26860277 -0.09424243 -0.01058964 0.01580337 0.02021968 -0.02167780 0.06592810 0.03542009 -0.02177767 -0.00121663
804.5  0.66342524 -0.00893945 -0.01957172 -0.01601191 0.00408846 0.01303883 -0.03267455 0.05378000 0.01914446 -0.01877383
805.0  -0.97060304 0.08205784 0.03067342 -0.00147981 -0.01516084 0.00193572 -0.00535619 0.04162897 -0.00535704 -0.03476555
805.5  0.37160641 0.12428064 -0.01300251 0.01665033 -0.01705920 -0.02379000 0.04442686 0.01637943 -0.01186056 -0.04444697
806.0  0.58949554 0.09422587 -0.01788480 -0.00952547 -0.00151822 0.03248307 -0.05860173 -0.01663859 0.02580767 -0.05315299
806.5  -0.97763232 0.00812391 0.03072701 -0.00677828 0.01707503 -0.01835750 0.04416896 -0.04508206 -0.03294329 -0.06018668
807.0  0.34576711 -0.09055526 -0.01179440 0.01198410 0.01684260 -0.00390630 -0.01675551 -0.04718998 0.03096473 -0.05801088
807.5  0.66892210 -0.12619546 -0.01964589 -0.00267995 -0.00009776 0.02898776 -0.01835447 -0.04009926 -0.02079385 -0.05547050
808.0  -0.94735850 -0.07170489 0.03025208 -0.01124372 -0.01857259 -0.04038829 0.03910224 -0.02369526 0.00387709 -0.05037378
808.5  0.20646899 0.02087702 -0.00814891 0.01252290 -0.01712896 0.03217081 -0.04530877 0.02132441 0.01642142 -0.03565506
809.0  0.73127110 0.10028611 -0.02284210 0.00058883 0.00243817 -0.00777807 0.03546800 0.03608725 -0.03195191 -0.02094626
809.5  -0.94765042 0.12751807 0.03309424 -0.01340211 0.02022188 -0.02871560 -0.00614892 0.04091672 0.04078989 -0.00185305
810.0  0.29681132 0.08090879 -0.01350545 0.00991029 0.01279522 0.05320551 -0.00661064 0.03673538 -0.02496227 0.02115344
810.5  0.61868598 0.00097085 -0.01935459 0.00651933 -0.01312540 -0.05138758 0.00693884 0.00186491 0.00044233 0.03964062
811.0  -0.97981637 -0.07593666 0.03600222 -0.01582497 -0.02063741 0.01002563 -0.01678223 0.03401051 0.02346893 0.05348025
811.5  0.41716861 -0.12539425 -0.01973736 0.00414963 -0.00290041 0.04114780 0.01597996 -0.04234758 -0.03790958 0.06228590
812.0  0.57160031 -0.10282114 -0.01521523 0.01328048 0.01866904 -0.06579161 -0.00822028 0.02919558 0.03752075 0.06399498
812.5  -0.97635999 -0.01684930 0.03515878 -0.01134923 0.01759912 0.05109185 -0.00023191 -0.00625697 -0.02585801 0.05829514
813.0  0.32405440 0.07243977 -0.01911517 0.00009709 -0.00739821 -0.00512734 0.00997598 -0.01415958 0.00712831 0.04618009
813.5  0.68786493 0.12152365 -0.01610121 0.01063165 -0.02237970 -0.04469085 -0.01884592 0.02564805 0.01383053 0.03052304
814.0  -0.94122805 0.10191994 0.03360339 -0.01031737 -0.01305722 0.07112070 0.02091107 -0.02880654 -0.03003065 0.00985470
814.5  0.18702404 0.01964609 -0.01911821 -0.00461549 0.01341662 -0.05680434 -0.01132383 -0.03606278 0.01921855 -0.01409883
815.0  0.75236214 -0.06844417 -0.01123920 0.01383815 0.02207407 0.00508665 -0.00629993 -0.02221492 -0.02110921 -0.03524707
815.5  -0.92842436 -0.11724569 0.03010803 -0.00406969 0.00294518 0.04888949 0.02483283 -0.00209532 0.01446039 -0.05381532
816.0  0.18167773 -0.11402184 -0.02360368 -0.01190726 -0.01962518 -0.06898182 -0.03036654 0.01629339 -0.00921139 -0.06347259
816.5  0.75292871 -0.05293098 -0.00060062 0.01029418 -0.01696419 0.04224084 0.01621252 0.02913385 -0.00116204 -0.06288519
817.0  -0.91573591 0.03878252 0.02324537 0.00316854 0.00756230 0.01188458 0.00581095 0.03463770 0.01004039 -0.05024122
817.5  0.08131328 0.10930677 -0.02590391 -0.01265889 0.02168955 -0.05786893 -0.02431778 0.02916748 -0.01690658 -0.03612698
818.0  0.85307960 0.11906215 0.00498684 0.00336507 0.00958215 0.06895510 0.02770500 0.02045381 0.01932021 -0.01313915
818.5  -0.81133415 0.05941092 0.01961391 0.00966127 -0.01384762 -0.03862617 -0.01706843 0.00559609 -0.01822448 0.01019570
819.0  -0.13869082 -0.03254244 -0.02641889 -0.00624976 -0.02150163 -0.01762404 0.00104711 -0.00997697 0.01102780 0.03323424
819.5  0.92406087 -0.10358295 0.00900435 -0.00554676 -0.00112960 0.06630450 0.00908628 -0.02590483 0.00429799 0.05229469
820.0  -0.76466201 -0.12421765 0.01683281 0.00981823 0.02193893 -0.06883956 -0.01165501 -0.03351185 0.00164247 0.06425367
820.5  -0.12413196 -0.08630265 -0.02735472 -0.00072361 0.01380940 0.01702885 0.00689447 -0.03215987 0.01235041 0.06069272
821.0  0.89347645 -0.01011418 0.01577064 -0.01257453 -0.01259630 0.04860861 -0.00946357 -0.01836915 -0.01992110 0.04702030
821.5  -0.82336028 0.06768655 0.00940599 0.01036927 -0.02088056 -0.07324982 0.00981297 0.00479144 0.02343654 0.02824311
822.0  -0.05169402 0.12044619 -0.02650109 0.00631920 -0.00343329 0.03989321 -0.00272718 0.02565417 -0.02062448 0.00027238
822.5  0.88640030 0.11209617 0.01886809 -0.01280333 0.01803707 0.02440429 -0.00916398 0.03916307 0.01045957 -0.02144396
823.0  -0.79385231 0.03578706 0.00679950 0.00478316 0.01829311 -0.06621684 0.02047519 0.03922500 0.00379405 -0.03791614
823.5  -0.15806230 -0.05601946 -0.02556777 0.00985889 -0.00128454 0.05958030 -0.01852453 0.02401959 -0.01784375 -0.05437253
824.0  0.93723804 -0.11494650 0.01815546 -0.01267959 -0.01834933 -0.00824499 0.00528224 0.00136620 0.02619689 -0.06151620
824.5  -0.71442349 -0.11429685 0.00685210 0.00318193 -0.01459059 -0.05038062 0.01370813 -0.02403196 -0.02956359 -0.05646377
825.0  -0.23230000 -0.04432189 -0.02487126 0.00961766 0.00429831 0.06971980 -0.02487545 -0.04007780 0.02123959 -0.05115433
825.5  0.93685769 0.04730670 0.02021930 -0.01179860 0.01833317 -0.03637983 0.01994252 -0.03808719 -0.01045552 -0.03116340
826.0  -0.76867810 0.10658120 0.00184373 -0.00010475 0.00878342 -0.02727606 -0.00394663 -0.01808685 -0.00385408 -0.00337469
826.5  -0.08202070 0.12170686 -0.02175951 0.00986860 -0.01151370 0.07017383 -0.01533491 0.01533581 0.01675021 0.01788525
827.0  0.85943834 0.07837935 0.02415565 -0.00635816 -0.01573460 -0.06165283 -0.00397663 0.04714901 -0.02148770 0.03985263
827.5  -0.87558308 -0.00975453 -0.00571668 -0.00405527 -0.00016955 0.00921840 -0.02218796 0.03950088 0.02595993 0.05633965
828.0  0.08784508 -0.08898398 -0.01857268 0.01085603 0.01409930 0.04496353 0.00649143 0.02760677 -0.00855509 0.05852503
828.5  0.78686796 -0.12252956 0.02490375 -0.00399201 0.01233979 -0.06971516 0.02388933 -0.00470733 -0.00735463 0.05752414
829.0  -0.92303188 -0.09161257 -0.00795110 -0.00887597 -0.00564409 0.05187597 -0.03317184 -0.03611779 0.02083326 0.05457608
829.5  0.23107379 -0.00779330 -0.01490840 0.01018011 -0.01753083 -0.01372615 -0.03354661 -0.03832192 -0.02963457 0.03461187
830.0  0.63663791 0.07523514 0.02448177 -0.00042190 -0.00809175 -0.04190623 -0.01300588 0.03109983 0.02147598 0.01706399
830.5  -0.98487176 0.11905702 -0.01255945 -0.00945919 0.01074236 0.06966015 0.01331148 0.00761217 -0.00276320 0.00099103
831.0  0.60464888 0.11402024 -0.00903314 0.00297909 0.01542648 -0.03839029 0.05162664 -0.02723967 -0.01662133 -0.02405869
831.5  0.20672675 0.05891209 0.02307202 -0.00730949 0.00295690 -0.00470909 0.03640393 -0.03375272 0.03446953 -0.03669153
832.0  -0.87679162 -0.02302158 -0.01742962 -0.00981023 -0.01506025 0.06184809 -0.00311392 -0.02883020 -0.02634725 -0.04819099
832.5  0.89325542 -0.09639791 -0.00349929 0.00122110 -0.01323847 -0.06711028 -0.02771358 -0.00747888 0.01378467 -0.05507031
833.0  -0.19237865 -0.12369872 0.02114404 0.01006253 0.00882929 0.02213009 -0.04562615 0.02144158 0.00371047 -0.05573703
833.5  -0.68340807 -0.08455522 -0.01933329 0.00714889 0.01554576 0.03268516 -0.03238545 0.03475347 -0.02151819 -0.05238096
834.0  0.97096012 0.00156328 -0.00147129 -0.00192019 0.00504685 -0.06806870 0.00058484 0.03316145 0.03002175 -0.04515657
834.5  -0.40404817 0.08832964 0.02144516 -0.00892872 -0.01013933 0.05842387 0.02924600 0.01831424 -0.03144450 -0.03287115
835.0  -0.50761953 0.12364785 -0.02291452 -0.00349049 -0.01500186 -0.00710796 0.04480725 -0.00584784 0.02252580 -0.01575892
835.5  0.98200708 0.09252128 0.00295661 0.00666299 -0.00099623 -0.04775723 0.03411638 -0.02728693 -0.00475118 0.00514999
836.0  -0.66128541 0.02186810 0.01909998 0.00781155 0.01529494 0.06786118 -0.00010143 -0.03489298 -0.01698686 0.02358654
836.5  -0.16622382 -0.06021838 -0.02582554 -0.00123552 0.01272362 -0.03732081 -0.03282007 -0.02490532 0.03269220 0.04686768
837.0  0.86455203 -0.11615247 0.01258653 -0.00919580 -0.00646016 -0.02756651 -0.04500317 -0.00395551 -0.03352040 0.05822471
837.5  -0.90185860 -0.11717512 0.01043447 -0.00538766 -0.01802558 0.06445505 -0.02832049 0.01908039 0.02021644 0.05795202
838.0  0.21045457 -0.07066158 -0.02528232 0.00478547 -0.00528450 -0.05540469 0.01052935 0.03468248 0.00148386 0.05628934
838.5  0.67315946 0.01224989 0.01954340 0.00899383 0.01113517 0.00952922 0.03670869 0.03255783 -0.02287284 0.04038083
839.0  -0.97072571 0.09393714 0.00382533 0.00146310 0.01217902 0.05010034 0.04335870 0.02007662 0.02993808 0.01879177
839.5  0.39255691 0.12263891 -0.02397366 -0.00685920 -0.00297773 -0.06818541 0.02973933 -0.00369303 -0.02488516 0.00246480
840.0  0.52974028 0.09405341 0.02246524 0.00216440 -0.01356640 0.04592173 0.00170764 -0.02424854 0.01923667 -0.02233680
840.5  -0.98388352 0.02608580 -0.00109693 0.00989756 -0.00056258 0.01136445 -0.02444636 -0.04383008 -0.00464481 -0.04525831
841.0  0.62601686 -0.05597016 -0.02066990 -0.00280228 0.01075480 -0.05451074 -0.04762330 0.04063019 -0.01264035 -0.05660523
841.5  0.22972364 -0.11086641 0.02577188 -0.01448626 0.00368314 0.06088002 -0.01945569 -0.02433419 0.03321632 -0.06078855
842.0  -0.90707197 -0.12124531 -0.01060992 -0.00299405 -0.00628046 -0.02340180 -0.00176616 -0.02072838 -0.02590740 -0.05365900
842.5  0.83440190 -0.08342144 -0.01426290 0.01237860 -0.00506960 -0.02186042 0.02814608 -0.05429846 0.01023908 -0.03071455
843.0  -0.01301802 -0.00189010 0.02662339 0.01163634 0.00222095 0.05630430 -0.03137485 -0.05441559 0.00981671 -0.01120062
843.5  -0.83955415 0.08311212 -0.01392245 -0.00521089 0.00669073 -0.04482311 0.02613206 -0.02986318 -0.02613935 0.01047493
844.0  0.85959021 0.12319396 -0.01175513 -0.01643919 -0.00061412 0.00321353 -0.00705732 0.00632401 0.03467571 0.03066011
844.5  0.01588765 0.09558981 0.02625312 -0.00708193 -0.01037191 0.04302989 -0.01508128 0.04267669 -0.03373065 0.04546284
845.0  -0.87411732 0.01311826 -0.01542688 0.01163103 -0.00517170 -0.05935127 0.02705308 0.05625802 0.02575515 0.05789084
845.5  0.82391645 -0.07526732 -0.01019535 0.01462300 0.00850748 0.03883123 -0.02436508 0.04325213 -0.00798752 0.06245651
846.0  0.04429729 -0.12138352 0.02585649 -0.00113398 0.01176764 0.01300339 0.01206069 0.01493940 -0.01000254 0.05931774
846.5  -0.85614143 -0.10928404 -0.02069291 -0.01592435 -0.00141755 -0.05480388 0.01002006 -0.02382068 0.02541601 0.04569057
847.0  0.87857826 -0.04961128 -0.00013547 -0.00523623 -0.01307998 0.05272932 -0.02752575 -0.05428236 -0.03425397 0.01973115
847.5  -0.11855369 0.03049787 0.02162553 0.01159826 -0.00544698 -0.01874510 0.03326097 -0.04631662 0.02477207 -0.00512684
848.0  -0.75219192 0.09788195 -0.02737029 0.01027110 0.00901772 -0.03424682 -0.00980807 -0.02224880 -0.01353872 -0.03101760
848.5  0.93908705 0.12393498 0.01232291 -0.00578516 0.00907403 0.05791830 -0.01299575 0.01042197 -0.00281489 -0.05232229
849.0  -0.22305064 0.09214768 0.01373384 -0.01542284 -0.00358404 -0.04421077 0.02885890 0.04699972 0.01524719 -0.06001741
849.5  -0.72220931 0.01319877 -0.02946214 -0.00209321 -0.01205514 0.01048250 -0.04109881 0.05481243 -0.01519058 -0.06291183
850.0  0.94080003 -0.07173226 0.01998026 0.01351277 -0.00426688 0.03518712 0.03100912 0.04518975 0.01677395 -0.05891592
850.5  -0.23247781 -0.12009650 0.00784629 0.00685104 0.00953574 -0.05893211 -0.01032398 0.02061250 -0.00668530 -0.04395811
851.0  -0.68258800 -0.11177506 -0.02907268 -0.00587225 0.01134634 0.04809488 -0.01899125 -0.01524048 -0.00054901 -0.02665185
851.5  0.97075203 -0.05491551 0.02670387 -0.01150337 -0.00447942 -0.00977411 0.04332082 -0.04060048 0.00164909 -0.00254121
852.0  -0.40999946 0.02423326 -0.00287752 0.00061825 -0.01465738 -0.03597932 -0.04221076 -0.05036763 -0.00714901 0.02675454
852.5  -0.51475619 0.09397976 -0.02316459 0.01416273 0.00022214 0.05083804 0.03460743 -0.03738449 0.00242788 0.04844388
853.0  0.98545994 0.12341892 0.03065861 0.00428289 0.01350808 -0.04586545 -0.02491563 -0.00784663 -0.00173054 0.06049611
853.5  -0.50688221 0.08859882 -0.00968847 -0.01119674 0.00370230 0.04415078 -0.00912150 0.01748767 0.00111049 0.06416775
854.0  -0.51080908 0.00077867 -0.02152785 -0.01079867 -0.00550541 -0.02944301 0.04272700 0.04251736 -0.00110989 0.05994323
854.5  0.98167787 -0.08971489 0.02997400 0.00284601 -0.01003465 0.00336316 -0.05741392 0.05118061 0.00305077 0.05252234
855.0  -0.33007961 -0.12268189 -0.00546838 0.01364580 -0.00329617 0.02562146 0.04827371 0.04180481 -0.00270273 0.04289613
855.5  -0.70720344 -0.06976777 -0.02535642 0.00711138 0.00806614 -0.04250094 -0.01936099 0.02505951 0.00112402 0.03044004
856.0  0.92257631 0.03210749 0.02722293 -0.00692238 0.01010051 0.04205392 -0.01859471 -0.00069227 -0.00047404 0.01551644
856.5  -0.09912121 0.10874392 0.00100850 -0.01162046 0.00004251 -0.02191722 0.04973394 -0.03146729 0.00072296 0.00116972
857.0  -0.82207533 0.11564620 -0.02869607 -0.00318278 -0.01084511 -0.00811210 -0.05764574 -0.04927243 0.00115076 -0.01600734
857.5  0.87127938 0.05292338 0.02675727 0.00836403 -0.01243560 -0.03963649 0.04134007 -0.04585791 0.00030460 -0.02898903
858.0  -0.02190874 -0.04186360 0.00192336 0.00897635 0.00903906 0.04537761 0.01086610 -0.03114000 0.00770174 -0.04276270
858.5  -0.85432231 -0.11210111 -0.03130391 0.00513550 0.01641892 -0.02690933 -0.05615698 -0.00567227 -0.00496321 -0.05381066
859.0  0.82731896 -0.11101995 0.02818606 -0.00618810 0.00863394 -0.00547924 0.07571052 0.02608257 -0.00332184 -0.06098230
859.5  0.11478905 -0.03870105 0.00670771 -0.01027736 -0.00169713 0.03401454 -0.06126473 0.04446895 0.01262561 -0.06303330
860.0  -0.93159717 0.06118275 -0.03413517 -0.00680180 -0.01302604 -0.04757401 0.02651977 0.04374232 -0.02023041 -0.06219241
860.5  0.69691537 0.12115142 0.02346320 0.00380052 -0.01200356 0.03594926 0.01920693 0.03134103 0.01509613 -0.06041890
861.0  0.28857037 0.09899376 0.01159186 0.00924351 0.00290617 -0.01580815 0.06117228 -0.00596566 -0.00788117 -0.05304314
861.5  -0.95855645 0.01849041 -0.03371246 0.00539359 0.01395312 -0.03233426 0.05974278 -0.03909554 -0.01092265 -0.04196304
862.0  0.70418225 -0.06644310 0.02431878 -0.00569538 0.00775542 0.02849228 0.04075188 -0.05712700 0.01128490 -0.02598204
862.5  0.17793840 -0.11822741 0.00696249 -0.01031142 -0.01197157 -0.03620039 -0.01708533 -0.04291295 -0.02444490 -0.00426105
863.0  -0.89907784 -0.11235869 -0.02934816 -0.00013735 -0.01857151 0.01385998 -0.05491664 -0.00257987 0.01911753 0.02066397
863.5  0.83509769 -0.04915373 0.02737353 0.01102483 -0.00393879 0.02258489 -0.04348773 0.05982199 -0.00910260 0.04114613
864.0  -0.01700060 0.03689348 -0.00343217 0.00686782 0.01510695 -0.03837924 0.03089721 0.05936943 0.00070202 0.05826581
864.5  -0.82771969 0.10560443 -0.02331132 -0.00422438 0.01857350 0.02795815 0.04974956 0.01044331 0.01498404 0.06706995
865.0  0.88353500 0.11939724 0.02776136 -0.01054495 0.00264708 0.00158649 0.02866862 -0.03614957 -0.01981876 0.06722607
865.5  -0.07930327 0.06595301 -0.00782121 -0.00280336 -0.01662481 -0.03147928 -0.01089447 -0.06572017 0.02537114 0.05758091
866.0  -0.79794360 -0.02157556 -0.01847730 0.00860692 -0.01590881 0.03679478 -0.04311778 -0.06460538 -0.02171981 0.04290359
866.5  0.91377691 -0.09469883 0.02832780 0.00967567 0.00313637 -0.01587028 -0.05156883 -0.03328976 0.01322127 0.02070799
867.0  -0.19965925 -0.12233470 -0.01508021 -0.00223861 0.01690395 -0.01665532 -0.02627635 0.01019014 -0.00029500 -0.00962948
867.5  -0.67876537 -0.09600340 -0.01027804 -0.01220972 0.00831435 0.03876390 0.01717070 0.04929247 -0.01529602 -0.03832427
868.0  0.97415288 -0.03134475 0.02837149 -0.00623861 -0.01269012 -0.02779629 0.04814132 0.06576376 0.02401041 -0.06129430
868.5  -0.44004246 0.04599836 -0.02578150 0.00629701 -0.01671235 -0.00430717 0.05249223 0.04470377 -0.02725608 -0.07576925
869.0  -0.49193152 0.10585634 0.00157631 0.01197496 -0.00124745 0.03167191 0.02024532 0.01122576 0.01680051 -0.06783050
869.5  0.98430731 0.11963494 0.02486166 0.00735895 0.01377904 -0.03618349 -0.02427258 -0.02324236 -0.00038300 -0.04915177
870.0  -0.49592486 0.07692960 -0.03057649 -0.00171454 0.01377803 0.01823883 -0.05186668 -0.05119736 -0.00729944 -0.02822534
870.5  -0.52699177 -0.00975575 0.00808915 -0.00914381 -0.00056251 0.00947586 -0.05632807 -0.05791637 0.03064625 0.00044300
871.0  0.97960065 -0.09278715 0.02283959 -0.01073857 -0.01008552 -0.03208490 -0.03227644 -0.06100205 -0.02272465 0.02902889
871.5  -0.36780625 -0.12194069 -0.03206480 0.00067648 -0.00583735 0.03686140 0.00944302 -0.03619319 0.03300956 0.04604768
872.0  -0.62343768 -0.08869126 0.01263786 0.01454888 0.00209555 -0.02040353 0.04352154 -0.00671172 -0.02159704 0.06663226
872.5  0.97125506 -0.01419702 0.01667085 0.00694403 0.00857998 -0.01476559 0.05357321 0.02977207 0.00781620 0.07556042
873.0  -0.36266924 0.06964989 -0.03181762 -0.01276528 0.00660112 0.03416553 0.03386642 0.05975655 0.00837550 0.06573515
873.5  -0.60000840 0.11947569 0.02101082 -0.01035301 -0.00846249 -0.03100534 -0.01304113 0.06337211 -0.02510038 0.04875179
874.0  0.97557412 0.11002770 0.00781803 0.00381644 -0.01320601 0.00490648 -0.04615559 0.05034929 0.03106408 0.02407802
874.5  -0.36115891 0.04717677 -0.02960048 0.00963140 -0.00050811 0.02649221 -0.04733052 0.02740323 -0.03002312 -0.01087359
875.0  -0.63646021 -0.04447279 0.02490345 0.00657539 0.00986117 -0.03482616 -0.02541092 -0.00702213 0.02456347 -0.03490620
875.5  0.96080418 -0.11428850 0.00337968 -0.00544212 0.00884440 0.02261036 0.01677382 -0.03735789 -0.01258656 -0.05565369
876.0  -0.26976853 -0.11501986 -0.02853795 -0.00865111 -0.00248661 0.00447643 0.04982314 -0.05301202 0.00119386 -0.07481733
876.5  -0.68918838 -0.05466155 0.02654328 0.00202823 -0.01126457 -0.03330671 0.04778834 -0.06030016 0.01353001 -0.08055022
877.0  0.95995091 0.02873945 -0.00026437 0.00822049 -0.00428989 0.03465713 0.01706490 -0.04883955 -0.02346501 -0.07676370
877.5  -0.35848604 0.10041662 -0.02580158 -0.00338409 0.00997261 -0.01095499 -0.02709544 -0.01217838 0.03186398 -0.06546231
878.0  -0.52268837 0.12356154 0.02941158 -0.00987312 0.01054468 0.00782257 -0.05747079 0.01518467 -0.02801996 -0.03976201
878.5  0.97854870 0.09619963 -0.01299247 -0.00161822 -0.00348269 0.04270175 -0.03263391 0.04494181 0.00451810 -0.00335674
879.0  -0.70265716 0.03715167 -0.01474091 0.01088301 -0.00626484 -0.02423952 0.00510570 0.05520774 0.00276271 0.02982822
879.5  -0.09150085 -0.04068565 0.03182440 0.00528262 0.00424856 -0.00874497 0.04439406 0.03280669 -0.02578889 0.05980380
880.0  0.82790913 -0.10437685 -0.02390110 -0.00888462 0.00655023 0.03172075 0.05473465 0.00615968 0.02827531 0.07562836
880.5  -0.92223320 -0.12177509 -0.00408723 -0.00900741 -0.00067739 -0.03433974 0.03321435 -0.02771135 -0.02447347 0.08065322
881.0  0.26282847 -0.08366000 0.02884722 0.00273178 -0.00850199 0.02059257 0.01083006 -0.04734692 0.01090970 0.07812983
881.5  0.61019545 -0.00341890 -0.02805320 0.00982837 -0.00614101 0.01399281 -0.00444706 -0.05932978 0.01534740 0.06517959
882.0  -0.98409961 0.07770425 0.00412431 0.00284637 0.00373082 -0.03153646 -0.02018359 -0.05821139 -0.02523386 0.04459493
882.5  0.60773472 0.12114035 0.02495558 -0.00761571 0.00755750 0.02797084 -0.04344434 -0.01559851 0.03578441 0.01616615
883.0  0.19326783 0.11074157 -0.03411010 -0.01175747 0.00116539 -0.01369289 -0.03190252 0.02255604 -0.02313548 -0.02005474
883.5  -0.85341416 0.05434302 0.01644756 0.00116291 -0.00493176 -0.02100427 0.00169422 0.05371777 -0.00262870 -0.05176132
884.0  0.92969487 -0.02362749 0.01327660 0.01239089 -0.00533830 0.03668026 0.03446663 0.04810873 0.02365860 -0.07398289
884.5  -0.34393598 -0.09663033 -0.03341744 0.00703662 0.00012482 -0.02238222 0.04462089 -0.00468595 -0.03522327 -0.08719419
885.0  -0.51707923 -0.12340158 0.02592750 -0.00226406 0.00723381 -0.00319833 0.01209450 -0.03931568 0.02978482 -0.08303428
885.5  0.98185126 -0.08357024 0.00480802 -0.01106547 0.00344606 0.03121337 -0.03899566 -0.03713686 -0.00978646 -0.07196895
886.0  -0.61560426 -0.00081067 -0.03153000 -0.00818299 -0.00482020 -0.03704088 -0.05935818 -0.00715987 -0.00740641 -0.05635064
886.5  -0.29839683 0.08681115 0.02943377 0.00533184 -0.00987744 0.02025929 -0.02856441 0.03150577 0.02702825 -0.03715490
887.0  0.94633066 0.12511204 0.00134245 0.00935531 -0.00667840 0.00763873 0.01478390 0.04020563 -0.03564506 -0.01631191
887.5  -0.75450723 0.08591986 -0.03113346 0.00286070 0.00315573 -0.03273513 0.05140262 0.02656359 0.02641671 0.00812646
888.0  -0.08515312 0.00790893 0.03112300 -0.00793649 0.00930461 0.03554064 0.06077314 0.00423440 -0.01652592 0.03205386
888.5  0.84393170 -0.07179378 -0.00298399 -0.00922408 0.00334690 -0.01274964 0.02460224 -0.02336460 -0.00481844 0.05576841
889.0  -0.90758994 -0.12299555 -0.02825243 0.00214916 -0.00367835 -0.02047915 -0.03224950 -0.03637015 0.03066390 0.07250146
889.5  0.22326879 -0.10773170 0.03516469 0.01057692 -0.00250238 0.03231742 -0.06184266 -0.03495784 -0.03371599 0.08106537
890.0  0.66595337 -0.04332648 -0.01050343 0.00159493 0.00530833 -0.02699668 -0.05022159 -0.01492891 0.03206434 0.07576832
890.5  -0.96857537 0.04052145 -0.02477869 -0.00569769 0.00063971 -0.00318752 -0.00504701 0.00644889 -0.01630490 0.06238836
891.0  0.33531479 0.11326147 0.03684896 -0.00097771 -0.00664355 0.02924323 0.04903093 0.02474621 -0.00239563 0.04384997
891.5  0.64708321 0.11707926 -0.01218309 0.00218752 -0.00404480 -0.03333575 0.06679169 0.03364103 0.02018245 0.01890322
892.0  -0.96178851 0.04821464 -0.02468368 0.00436430 0.00295929 0.01698102 0.04568419 0.03414401 -0.03028073 -0.00847352
892.5  0.29606335 -0.03873648 0.03707667 0.00318805 0.00704027 0.01142860 0.00092524 0.02406886 0.03401063 -0.03571180
893.0  0.64643841 -0.10588172 -0.01649909 -0.00476258 0.00291034 -0.03030492 -0.05278476 0.00693010 -0.02773103 -0.06136948
893.5  -0.97391286 -0.12304066 -0.01719595 -0.00450236 -0.00367484 0.03265833 -0.06929057 -0.01436548 0.01309074 -0.07695956
894.0  -0.42231352 -0.07713400 0.03616612 0.00436496 -0.00407600 -0.00404806 -0.03795896 -0.03195552 0.00391560 -0.07676737
894.5  0.51340136 -0.00084693 -0.02611511 0.00594122 0.00070842 -0.02335339 0.01810039 -0.03129380 -0.02900421 -0.06328532
895.0  0.98494511 0.07308288 -0.00524188 -0.00261011 0.00504754 0.03255410 0.06088433 -0.02178124 0.03872253 -0.03982017
895.5  0.50497950 0.11256413 0.03408617 -0.00877203 0.00273139 -0.02294405 0.06986564 0.00774289 -0.02757641 -0.01383332
896.0  -0.50075660 0.09446582 -0.03111152 -0.00037527 -0.00096691 -0.00011782 0.04207994 0.02386495 0.02305701 0.01323020
896.5  -0.98364877 0.02274686 -0.00104433 0.00746358 -0.00458216 0.02145411 0.00368110 0.03486425 0.00550649 0.03715587
897.0  -0.39459733 -0.06280099 0.03134353 0.00581670 -0.00314406 -0.03441120 -0.03187756 0.03290954 -0.03236950 0.05602580
897.5  0.62611169 -0.10987993 -0.03191887 -0.00266872 0.00149216 0.01404095 -0.06314007 0.01118972 0.04386583 0.07171006
898.0  0.96511860 -0.09116037 0.00255622 -0.00812280 0.00329068 -0.00423342 -0.05485313 -0.03126363 -0.04288644 0.07950665
898.5  0.29013081 -0.02446788 0.02834889 -0.00216738 0.00246411 -0.01644129 -0.02081562 0.04645120 0.02636039 0.07967586
899.0  -0.67229242 0.04782272 -0.03480595 0.00715792 -0.00065631 0.02557153 0.01900639 -0.03605175 -0.00223661 0.06603867
899.5  -0.96357350 0.08981624 0.01234509 0.00675573 -0.00198245 -0.01668901 0.05294556 0.00841126 -0.02264420 0.03996055
900.0  -0.30122272 0.08977552 0.02078976 -0.00382797 -0.00000041 -0.00359154 0.05894555 0.01990563 0.04032002 0.00608600
900.5  0.67487974 0.05423523 -0.03598550 -0.00833718 -0.00133609 0.01982607 0.03622884 -0.04120171 -0.04848432 -0.02599384
901.0  0.95068216 -0.00239279 0.01979701 -0.00221077 -0.00216328 -0.02409821 -0.00069093 0.04528799 0.04500056 -0.05013404
901.5  0.17529913 -0.06025636 0.01543141 0.00669142 -0.00178627 0.01687364 -0.03560621 -0.03104759 -0.03078295 -0.06696064
902.0  -0.80532473 -0.09547993 -0.03557558 0.00821656 0.00027565 0.00162201 -0.05610021 0.00772586 0.01167455 -0.07838078
902.5  -0.86112268 -0.08324418 0.02035059 -0.00049741 0.00157924 -0.02099679 -0.05423829 0.01578769 0.00765887 -0.08383374
903.0  0.03755046 -0.01989380 0.01366910 -0.00876099 0.00102029 0.02378570 -0.03133727 -0.04014230 -0.03152475 -0.07972542
903.5  0.87836033 0.06432374 -0.03507373 -0.00446387 0.00086338 -0.01686882 0.00498786 0.04445809 0.04411134 -0.06402227
904.0  0.83147128 0.12245007 0.02452648 0.00741201 0.00077854 -0.00022655 0.03964850 -0.02989016 -0.04591614 -0.03483852
904.5  -0.00578648 0.11615941 0.00623924 0.01003620 -0.00273658 0.02309454 0.05144968 0.00426087 0.03480227 0.00131904
905.0  -0.83547518 0.04274361 -0.03213038 0.00281946 -0.00061040 -0.02550168 0.03290703 0.02872254 -0.00860457 0.03515152
905.5  -0.87551616 -0.06147294 0.03008907 -0.00710119 0.00120577 0.01130489 -0.00543075 -0.04636386 -0.02044301 0.06051108
906.0  -0.05502164 -0.13200320 0.00021665 -0.00747336 0.00056894 0.00659849 -0.04115116 0.04137904 0.04027036 0.07700447
906.5  0.83161319 -0.11712242 -0.03073288 0.00274659 -0.00267496 0.02496244 -0.03451975 -0.01842855 -0.04864572 0.08493329
907.0  0.85384348 -0.02460605 0.03078697 0.00819979 -0.00057786 -0.02525300 0.02715903 -0.01851026 0.02925604 0.08453501
907.5  -0.03332529 0.08125222 0.00221867 0.00393283 0.00088671 0.01999991 -0.00391944 0.03840794 0.00087935 0.07927265
908.0  -0.88342592 0.12662250 -0.03307700 -0.00423663 0.00303385 -0.00655185 -0.00350383 -0.04958151 -0.02213805 0.06937657
908.5  -0.80825777 0.08841568 0.02907869 -0.00868223 -0.00006344 -0.01015210 0.02830809 0.05258906 0.02760575 0.05154359
909.0  0.08172171 -0.00034749 0.00491649 -0.00120383 -0.00270455 0.04945044 -0.00478218 -0.04019401 -0.01905092 0.02653804
909.5  0.88304336 -0.08470823 -0.03360835 0.00656472 0.00012264 -0.04029736 -0.01412844 0.00755465 0.00806113 0.00284714
910.0  0.83398188 -0.11794735 0.02916303 0.00621454 0.00226232 0.00676007 0.01018892 0.03026623 0.00158414 -0.02004198
910.5  -0.01740159 -0.08352453 0.00374763 -0.00293644 -0.00129655 0.02904482 0.00089594 -0.05361876 -0.01129323 -0.04069375
911.0  -0.86189791 0.00428401 -0.03314971 -0.00937800 -0.00418104 -0.04772959 -0.01064347 0.06030684 0.01496608 -0.05733140
911.5  -0.83120347 0.09357997 0.02872882 -0.00426202 -0.00236305 0.03758553 0.01449003 -0.04745747 -0.01563576 -0.07012532
912.0  0.09114445 0.11835832 0.00803258 0.00468746 0.00169085 -0.00277384 -0.01211605 0.02019606 0.01559626 -0.07886468
912.5  0.91663683 0.05268980 -0.03562340 0.00861151 0.00512113 -0.03177361 0.00443506 0.01075846 -0.01229215 -0.08238273
913.0  0.74616979 -0.05324054 0.02336566 0.00304497 0.00288154 0.04733240 0.00430980 -0.03953779 0.00694760 -0.08067180
913.5  -0.18660029 -0.11646651 0.01331796 -0.00595665 -0.00278307 -0.04079582 -0.01043054 0.05791458 -0.00052832 -0.07502570
914.0  -0.91672677 -0.09743309 -0.03625127 -0.00616095 -0.00819833 0.00622929 0.01355041 -0.05603024 -0.00723204 -0.06558002
914.5  -0.82149731 -0.02205859 0.02509986 0.00198786 -0.00384997 0.03526097 -0.01473105 0.02997604 0.01528228 -0.05137915
915.0  -0.04750786 0.05690470 0.00801212 0.00488195 0.00687701 -0.05073741 0.01592998 0.00769323 -0.01235086 -0.02952332
915.5  0.76119354 0.09601768 -0.03418887 -0.00017960 0.00855430 0.04359713 -0.01376129 -0.03828186 0.00506241 -0.00172681
916.0  0.95959493 0.08111598 0.03186419 -0.00394969 -0.00188118 -0.02163589 0.00624109 0.04995317 0.00156972 0.02845468
916.5  0.36470661 0.02887350 -0.00192379 -0.00094186 -0.01014453 -0.02251218 0.01285182 -0.05006251 -0.00213439 0.05120053
917.0  -0.55029264 -0.02670109 -0.02920201 0.00390344 -0.00377634 0.04987529 -0.02722461 -0.02530125 0.00165815 0.06964117
917.5  -0.99076047 -0.05718797 0.03430931 0.00131724 0.00807392 -0.04766765 0.02422442 -0.01042723 0.00331513 0.07861097
918.0  -0.55434966 -0.05717097 -0.00871804 -0.00447395 0.00831583 0.02630170 0.00218993 0.03348600 -0.01356904 0.07738047
918.5  0.36636579 -0.03730359 -0.02355188 -0.00377676 -0.00132375 0.01267302 -0.03195699 -0.04621089 0.01139027 0.06591250
919.0  0.96413448 -0.01044717 0.03579521 0.00424723 -0.00765294 -0.03794078 0.04827414 0.03865212 -0.00722576 0.04612587
919.5  0.75742274 0.01718247 -0.01915148 0.00709064 -0.00505298 0.03470137 -0.03362240 -0.01441937 -0.00032281 0.01843802
920.0  -0.05341570 0.04173739 -0.01166159 0.00038482 0.00343449 -0.01350203 -0.00603553 -0.01828882 0.01017067 -0.01368444
920.5  -0.81987880 0.05631537 0.03396602 -0.00642824 0.00589313 -0.02178054 0.04158197 0.04451290 -0.01386214 -0.04438920
921.0  -0.93623109 0.05163008 -0.02984872 -0.00467875 -0.00105468 0.03839425 -0.04840279 -0.04916323 0.01299660 -0.06698086
921.5  -0.26822539 0.02257335 0.00323313 0.00407739 -0.00589112 -0.01708079 0.02406187 0.03032801 -0.00907146 -0.07752340
922.0  0.65778464 -0.02251454 0.02697075 0.00679986 -0.00394854 -0.00960119 0.01448723 -0.00105357 0.00014130 -0.07401158
922.5  0.97304014 -0.06007197 -0.03400832 0.00011533 0.00164713 0.03239272 -0.04201377 -0.02863858 0.00775477 -0.05922056
923.0  0.31674675 -0.06445552 0.00863072 -0.00556740 0.00673911 -0.03914207 0.04438642 0.04827416 -0.01081412 -0.03762956
923.5  -0.65995867 -0.03256918 0.02423519 -0.00336504 -0.00092766 0.01200443 -0.02352219 -0.05147473 0.01373168 -0.01055710
924.0  -0.97191247 0.01556066 -0.03430259 0.00330140 -0.00669190 0.02241117 -0.01085096 0.03933714 -0.01154066 0.01467010
924.5  -0.35597007 0.05407800 0.01384624 0.00603943 -0.00451851 -0.03707077 0.04018784 -0.01398211 0.00160721 0.04063700
925.0  0.57420123 0.06848132 0.01804438 0.00413798 0.00136587 0.03312717 -0.03877778 -0.01758933 0.00308782 0.06191442
925.5  0.99035179 0.05709693 -0.03431716 -0.00256390 0.00738367 -0.00322342 0.00872801 0.04331229 -0.00063098 0.07447870
926.0  0.53353591 0.02092866 0.02366302 -0.00635601 0.00582737 -0.03311105 0.02926021 -0.05418739 -0.00151659 0.07592779
926.5  -0.41007575 -0.03084156 0.00778863 -0.00483913 -0.00046780 0.03317991 -0.04603182 0.04315649 0.01756336 0.06509161
927.0  -0.98170182 -0.07711447 -0.03328253 0.00552901 -0.00714085 -0.01288712 -0.02980782 -0.01909949 -0.01851743 0.04749939
927.5  -0.60694644 -0.08780058 0.02717255 0.00594623 -0.00571403 0.01458607 0.00139689 -0.00110752 0.00537025 0.02094300
928.0  0.37038086 -0.04336923 0.00480195 0.00054166 0.00113246 0.03138014 0.03147937 0.02132005 0.01266727 -0.00584625
928.5  0.97726310 0.03670196 -0.03174105 -0.00485384 0.00868557 0.02528905 0.04117720 -0.02988578 -0.03149997 -0.03183088
929.0  0.63024393 0.10058167 0.02952768 -0.00469471 0.00611024 0.00231998 0.02581432 0.02461766 0.04241570 -0.05509866
929.5  -0.29480137 0.10428061 -0.00123578 0.00128768 -0.00394313 -0.02247284 -0.00926048 -0.01851201 -0.04390275 -0.07314196
930.0  -0.94100751 0.04667673 -0.02734039 0.00394096 -0.00719720 -0.02837225 -0.03841610 0.00519311 0.03314334 -0.07928186
930.5  -0.80067963 -0.03548831 0.03401295 0.00194269 -0.00029508 -0.01104398 -0.04293154 0.01726388 -0.00714886 -0.07065908
931.0  -0.03625154 -0.09585588 -0.01464952 -0.00095131 0.00652024 0.01350747 -0.01716884 -0.02136731 -0.01604557 -0.04667288
931.5  0.75381964 -0.10490347 -0.01508502 -0.00418159 0.00489448 0.02709838 0.02402853 0.02045758 0.03788385 -0.01550537
932.0  0.96587777 -0.06059909 0.03405187 -0.00031912 -0.00178924 0.01647016 0.04519931 -0.01417369 -0.04765128 0.01553989
932.5  0.40244129 0.01083712 -0.02595460 0.00593022 -0.00567206 -0.00627924 0.04432056 -0.01130205 0.03290443 0.04090631
933.0  -0.50963278 0.06801149 -0.00441508 0.00441061 -0.00378479 -0.02210985 0.01406578 0.02000049 -0.01600025 0.05785244
933.5  -0.98877176 0.08082788 0.03048812 -0.00228381 0.00264669 -0.02446437 -0.02555857 -0.01978036 -0.01041374 0.06898259
934.0  -0.61766792 0.04978939 -0.02966796 -0.00687162 0.00461345 -0.00311035 -0.04794282 0.02192008 0.03927459 0.07556396
934.5  0.25673410 0.00121192 0.00286916 -0.00136082 -0.00030927 0.04124540 -0.02639150 0.00217883 -0.04419299 0.07387400
935.0  0.91255950 -0.03949621 0.02634116 0.00702243 -0.00008717 0.01875491 0.02114744 -0.01890520 0.03365474 0.06031549
935.5  0.87806650 -0.05908571 -0.03392020 0.00422251 0.00234189 -0.02468147 0.02485472 0.02053801 -0.00791191 0.03739377
936.0  0.20212577 -0.05347713 -0.01435100 -0.00540479 0.00100919 -0.04755143 0.00207749 -0.01598249 -0.03424833 0.00714581
936.5  -0.63340780 -0.02512632 0.01792979 -0.00517000 -0.00337855 -0.03387378 -0.00720884 -0.01092230 0.04543697 -0.02067333
937.0  -0.99065523 0.01742231 0.03598439 0.00219094 -0.00168477 0.00778847 -0.02823850 0.02553221 -0.02904871 -0.04405835
937.5  -0.51853949 0.05267430 0.02106032 0.00806445 0.00360929 0.04459096 -0.01199431 -0.02237122 0.00632062 -0.06021559
938.0  0.43962927 0.05409136 -0.01540862 0.00464100 0.00533746 0.04622195 0.01842632 0.01395778 0.01979817 -0.06886919
938.5  0.98939641 0.01390737 -0.03700978 -0.00301285 -0.00078406 0.01283257 0.02947619 0.00455100 -0.03710565 -0.07200837
939.0  0.54337595 -0.03750998 -0.01965902 -0.00711916 -0.00817988 -0.02544302 0.01506783 -0.02551486 0.04307973 -0.07096379
939.5  -0.46476298 -0.05667693 0.01888355 -0.00267394 -0.00883045 -0.04427800 -0.00966268 0.03049402 -0.03288950 -0.06377338
940.0  -0.99192498 -0.02666015 0.03646969 0.00331928 0.00115271 -0.03769334 -0.02819728 -0.01980411 0.01516161 -0.05057361
940.5  -0.51381702 0.02232918 0.01736170 0.00288415 0.01170932 -0.00553036 -0.03239728 0.00641724 0.00529349 -0.03011445
941.0  0.46685896 0.04668866 -0.01797846 -0.00344393 0.01100845 0.03088771 -0.01386904 0.03465538 -0.02207298 -0.00452147
941.5  0.99115677 0.03010779 -0.03500846 -0.00447332 -0.00093207 0.04710701 -0.00872337 -0.04137434 0.02936986 0.02253967
942.0  0.55208818 -0.00643946 -0.01958780 0.00090505 -0.01219472 0.02662790 -0.02566797 0.02497619 -0.03159140 0.04587479
942.5  -0.44392650 -0.02841416 0.01343936 0.00579635 -0.00722385 -0.01144890 -0.02523982 0.00398056 0.02357391 0.06612576
943.0  -0.99284331 -0.01816344 0.03158789 0.00399302 0.00571379 -0.04082717 -0.01694021 -0.02821131 -0.01192347 0.07553548
943.5  -0.47502995 0.00598263 0.01853184 -0.00278025 0.01222137 -0.04330257 -0.00160600 0.04106995 -0.00256526 0.07660908
944.0  0.56847388 0.01319146 -0.01151254 -0.00775788 0.00464124 -0.01559958 0.01600326 -0.04039144 0.01829003 0.07074299
944.5  0.98460195 -0.00212526 -0.02838636 -0.00298446 -0.00744161 0.02033297 0.02572616 0.02574722 -0.03239995 0.05508938
945.0  0.35877139 -0.01639994 -0.01789099 0.00530276 -0.00966094 0.04343733 0.02393571 0.00025116 0.03317919 0.03004288
945.5  -0.61296316 -0.00964053 0.00802425 0.00635660 0.00079161 0.03377351 0.00476766 -0.02629955 -0.02512053 -0.00156755
946.0  -0.98772832 0.01256859 0.02709851 -0.00140274 0.01017143 -0.00348162 -0.01828567 0.04056755 0.00269080 -0.03397620
946.5  -0.44756122 0.02883018 0.02413196 -0.00735281 0.00458506 -0.03642977 -0.03121548 -0.03112677 0.02341407 -0.05954269
947.0  0.51137276 0.02310395 0.00115458 -0.00149339 -0.00687419 -0.04182831 -0.02293692 0.00619010 -0.03690340 -0.07279937
947.5  0.99299757 -0.00253711 -0.02417417 0.00794711 -0.01019510 -0.01700531 0.00023437 0.02118177 0.03156568 -0.07557529
948.0  0.48228612 -0.02818706 -0.02829187 0.00666091 -0.00018392 0.01664538 0.02228079 -0.04054313 -0.01905860 -0.06624407
948.5  -0.54708014 -0.03303479 -0.00495776 -0.00366214 0.00872492 0.03651410 0.03584993 0.03833113 -0.00241104 -0.04915370
949.0  -0.98536786 -0.01372417 0.02409609 -0.00975229 0.00599805 0.03567319 0.03189889 -0.02334164 0.01845284 -0.02441735
949.5  -0.31721514 0.01338325 0.02900995 -0.00458512 -0.00466051 0.01623489 0.01290896 0.00128711 -0.03064281 0.00456187
950.0  0.70676051 0.02966722 0.00501560 0.00828772 -0.00787001 -0.00568938 -0.01528249 0.02398907 0.03453200 0.03243365
950.5  0.94127247 0.02825169 -0.02371211 0.01057576 -0.00092465 -0.02053598 -0.03995458 -0.04032481 -0.03078956 0.05623429
951.0  0.16199140 0.01230944 -0.03032290 -0.00201628 0.00605168 -0.02281651 -0.04674332 0.03800792 0.01827783 0.07027864
951.5  -0.77879951 -0.01115448 -0.01004004 -0.01264685 0.00692205 -0.01592601 -0.02803295 -0.02276130 -0.00109845 0.07654133
952.0  -0.91914495 -0.03146610 0.01839705 -0.00469192 -0.00137247 -0.00028430 0.00557574 0.00025377 -0.01999201 0.07046539
952.5  -0.11856639 -0.03592163 0.03092663 0.01241704 -0.00762440 0.01697046 0.03318093 0.02800129 0.03445734 0.05071311
953.0  0.81589005 -0.01621162 0.01713214 0.01285388 -0.00475955 0.02456193 0.04931722 -0.03231549 -0.03828874 0.02444571
953.5  0.86792568 0.01899623 -0.01275010 -0.00397869 0.00309156 0.02346424 0.02906401 -0.03293913 0.03509896 -0.00333465
954.0  -0.07260871 0.04079610 -0.03109424 -0.01489723 0.00769106 0.00871740 0.00788505 -0.01669435 -0.01568011 -0.02841321
954.5  -0.93194679 0.02775445 -0.01762885 -0.00809922 0.00552797 -0.01599703 -0.00050881 0.00923112 -0.00752302 -0.04778526
955.0  -0.70247590 -0.00840392 0.01435101 0.00658903 -0.00351267 -0.03800773 -0.01426406 0.02994314 0.02475902 -0.06282249
955.5  0.31286214 -0.03210049 0.03184499 0.01246854 -0.00790833 -0.04377940 -0.02803807 0.02495259 -0.04112179 -0.07343316
956.0  0.97716899 -0.02445188 0.01833800 0.00297357 -0.00398796 -0.03200316 -0.02977122 0.01540023 0.03691939 -0.07846337
956.5  0.64790877 0.00024478 -0.01217459 -0.00979519 0.00669422 -0.00109592 -0.00830815 0.00306058 -0.03017543 -0.07163164
957.0  -0.30292763 0.01591782 -0.03111014 -0.00951421 0.01113064 0.03225061 0.01275999 0.01494309 0.00448817 -0.05780231
957.5  -0.96388894 0.01021116 -0.02159254 0.00119798 0.00186599 0.04684807 0.02412313 0.02663044 0.01865939 -0.03657936
958.0  -0.70811751 -0.00594323 0.00797500 0.00935431 -0.00980761 0.03190389 0.02395706 0.02633384 -0.03199014 -0.01160510
958.5  0.23626283 -0.01068047 0.02992656 0.00606539 -0.01020560 -0.00358202 0.01052808 0.01230493 0.04195227 0.01189572
959.0  0.95232729 0.00403665 0.02236285 -0.00451770 0.00166426 -0.03701326 -0.00505170 -0.00732889 -0.03697013 0.03536845
959.5  0.72492121 0.02149765 -0.00724518 -0.01103520 0.01299048 -0.04770150 -0.01758320 -0.02320887 0.02016897 0.05533827
960.0  -0.21074847 0.01870579 -0.02931778 -0.00465215 0.00900282 -0.02809043 -0.02133291 -0.02824631 -0.00310909 0.07090279
960.5  -0.93369619 -0.00583440 -0.02184228 0.00624480 -0.00587680 0.01002283 -0.01423109 -0.02055203 -0.01850223 0.07932877
961.0  -0.80176766 -0.03044815 0.00626897 0.01065579 -0.01649012 0.04194077 0.00276701 -0.00440295 0.03712338 0.07934351
961.5  0.00517499 -0.03421710 0.02790118 0.00272548 -0.00767691 0.04486303 0.02064276 0.01134483 -0.04008959 0.07097482
962.0  0.79075982 -0.01532892 0.02505414 -0.00928660 0.00965042 0.01698561 0.03326139 0.01026373 0.02714921 0.05435025
962.5  0.96200890 0.01351787 0.00153901 -0.01068873 0.01517515 -0.02310675 0.02142300 -0.00386591 -0.00293629 0.03254682
963.0  0.40859666 0.03498363 -0.02363989 0.00028365 0.00394717 -0.03942355 0.01428362 -0.00903985 -0.02505585 0.00567897
963.5  -0.46611551 0.03801028 -0.02920220 0.01391063 -0.00875505 0.03510808 0.03423939 0.02218139 0.03448734 -0.02084366
964.0  -0.98225783 0.02233245 -0.00907715 0.01325546 -0.00624636 -0.01173565 -0.03921450 -0.01532535 -0.02431070 -0.04334845
964.5  -0.67917663 -0.00561589 0.02028114 -0.00566152 -0.00189333 -0.00976114 0.02779388 0.01324656 0.00459416 -0.06192138
965.0  0.21550774 -0.03235497 0.03021457 -0.02196055 0.00030619 0.03810359 -0.02758131 -0.00519783 0.00895083 -0.07377038
965.5  0.91985072 -0.04508510 0.01090425 -0.00988552 0.00182349 -0.05392895 0.01866449 -0.00362641 -0.02250638 0.08185878
966.0  0.83736199 -0.03574821 -0.01884570 0.01318023 0.00287139 0.03662317 0.00642761 0.00832133 0.03100204 -0.08248702
966.5  0.07530005 -0.00539125 -0.03042108 0.02038760 0.00161959 0.00089380 -0.03125467 -0.01316635 -0.02438425 0.08009502
967.0  -0.73642188 0.03484958 -0.01378622 0.00146388 -0.00175582 -0.04478457 0.03494852 0.00589083 0.01269827 -0.06922504
967.5  -0.97551752 0.06457348 0.01489039 -0.01960098 -0.00291889 0.05125907 -0.01315971 0.00571205 0.00351203 0.04902022
968.0  -0.44958381 0.06228274 0.03114481 -0.01634310 0.00087445 -0.01117368 -0.01988107 -0.00673294 -0.02055106 -0.02364474
968.5  0.45118384 0.01946538 0.01835793 0.00685129 0.00031866 -0.03100252 0.03903216 0.00585128 0.02493991 -0.00329899
969.0  0.98156693 -0.04444570 -0.01199016 0.02165491 0.00198390 0.05023991 -0.03209227 0.00355569 -0.02192906 0.02809332
969.5  0.64541586 -0.08743215 -0.03130657 0.01012336 -0.00050079 -0.03257885 0.00636157 -0.01644039 0.01541419 -0.05050623
970.0  -0.28313767 -0.07336150 -0.01998187 -0.01248774 -0.00231429 -0.01370694 0.02551950 0.01349425 -0.00227095 0.06663913
970.5  -0.95074608 -0.00730977 0.01135655 -0.02012751 -0.00327260 0.04690897 -0.04198870 -0.00550451 -0.00819623 -0.07791575
971.0  -0.74725240 0.06529519 0.03193332 -0.00476548 -0.00038167 -0.04528279 0.03331741 -0.00416623 0.01396408 0.08384993
971.5  0.11448183 0.09739562 0.02332588 0.01627627 0.00432059 0.01450043 -0.00888624 0.01959938 -0.01939108 -0.08081784
972.0  0.86580209 0.07288175 -0.00420153 0.01492515 0.00615500 0.03116909 -0.02142473 -0.01914949 0.01740499 0.06708742
972.5  0.89805884 0.01257416 -0.02816887 -0.00629078 -0.00237398 -0.05555419 0.03813349 0.00500224 -0.01131382 -0.04428190
973.0  0.20743626 -0.04960757 -0.03035414 -0.01745989 -0.01051551 0.03902032 -0.02714522 0.00696932 0.00535169 0.01158452
973.5  -0.65775420 -0.08480263 -0.00956356 -0.00333364 -0.00576406 0.00212495 0.01219796 -0.01874080 0.00412017 0.02075168
974.0  -0.98244962 -0.07828026 0.01743275 0.01255007 0.01020861 -0.03842725 -0.01970740 0.02593017 -0.01256778 -0.04875681
974.5  -0.43654818 -0.03553624 0.03071317 0.00900381 0.01380396 0.04914912 0.03385912 -0.02879766 0.02098294 0.06945589
975.0  0.53166629 0.02210690 0.01808014 -0.00329844 -0.00258157 -0.03379992 -0.02288706 0.02615524 -0.02319378 -0.07976469
975.5  0.98989882 0.06552407 -0.01024554 -0.00987198 -0.01828984 0.00935634 -0.00682699 -0.01067843 0.01966464 0.08204532
976.0  0.47293048 0.07471275 -0.02880054 -0.00390883 -0.01309912 0.01125864 0.03568169 -0.01155154 -0.01352564 -0.07563246
976.5  -0.49436636 0.04758394 -0.02248480 0.00394097 0.00975732 -0.03080758 -0.04382221 0.03147867 -0.00162341 0.05776362
977.0  -0.98922620 -0.00185114 0.00209086 0.00495938 0.02112781 0.02479832 0.02576999 -0.03959676 0.01485083 -0.02910544
977.5  -0.59257148 -0.05046131 0.02461111 -0.00152371 0.00365102 0.00457911 0.00935732 0.03074418 -0.01995578 -0.00409603
978.0  0.32217448 -0.07501665 0.02740166 -0.00532232 -0.01717552 -0.02188041 -0.03994729 -0.00875127 0.02448983 0.03892959
978.5  0.95678681 -0.06323501 0.00824121 0.00017432 -0.01433068 0.02579027 0.04222821 -0.01867327 -0.01889979 -0.06500832
979.0  0.73889538 -0.01947034 -0.01801323 0.00583637 0.00732345 -0.01055351 -0.01591954 0.04016637 0.00411660 0.07549751
979.5  -0.16467800 0.03063408 -0.02882385 0.00244850 0.01888786 -0.02230308 -0.02233685 -0.04730483 0.00923298 -0.07890083
980.0  -0.92005879 0.05918415 -0.01467174 -0.00193333 0.00691972 0.03011618 0.04546790 0.04032590 -0.02123498 0.06608652
980.5  -0.79067872 0.05379323 0.01355597 -0.00500876 -0.01289629 -0.01205148 -0.03756184 -0.02097145 0.02831123 -0.04494109
981.0  0.10166455 0.02523887 0.02901768 -0.00128098 -0.01744848 -0.00657299 0.00438318 -0.00610205 -0.02314986 0.02323385
981.5  0.89019818 -0.00588500 0.01908957 0.00372697 -0.00052054 0.02658732 0.03082801 0.03181453 0.01551142 0.00546841
982.0  0.85480341 -0.02759214 -0.00662610 0.00444019 0.01824472 -0.02686952 -0.04480679 -0.04720593 -0.00565149 -0.03617599
982.5  0.07118367 -0.04020043 -0.02662932 -0.00075016 0.01248075 -0.00228963 0.02859394 0.04708030 -0.01067396 0.06215955
983.0  -0.76334152 -0.04492001 -0.02625017 -0.00385269 -0.01016750 0.02626315 0.00421215 -0.02434091 0.01934468 -0.08077801
983.5  -0.95998163 -0.03774040 -0.00575892 -0.00421875 -0.01896295 -0.03769002 -0.02870073 -0.01055523 -0.01638896 0.08582792
984.0  -0.34870996 -0.01289807 0.01988531 0.00271825 -0.00321111 0.03082045 0.03532898 0.03676903 0.00371311 -0.07320510
984.5  0.58035313 0.02788711 0.03010265 0.01005693 0.01445142 0.00565794 -0.03680287 -0.03757464 0.00615295 0.05457581
985.0  0.98703486 0.06386145 0.01389154 0.00552726 0.01283205 -0.03436821 0.02136026 0.03346219 0.01428468 -0.03137324
985.5  0.42442961 0.06450670 -0.01656528 -0.00892721 -0.00042158 0.04557276 0.00399235 -0.03079089 0.01620533 0.00347644
986.0  -0.58075798 0.01800548 -0.03118050 -0.01972597 -0.00643723 -0.04087169 -0.02591382 0.02123383 0.01807755 0.02138150
986.5  -0.98101295 -0.04725914 -0.01341016 -0.00847767 -0.00665409 0.01974838 0.04020383 -0.00431055 0.01384778 -0.04502397
987.0  -0.37575073 -0.08205428 0.01787486 0.01219169 -0.00213681 0.01521244 -0.04411629 -0.01613264 0.00441980 0.06832763
987.5  0.59241938 -0.06064922 0.03139274 0.02021148 0.00184846 -0.03627764 0.02002169 0.03693532 -0.00523657 -0.08339165
988.0  0.98503791 0.00076604 0.01345773 0.00490841 0.00434325 0.03467040 0.01718921 -0.04244480 -0.01474895 0.09158259
988.5  0.45277401 0.06165107 -0.01666910 -0.01491884 0.00263811 -0.00799363 -0.03996105 0.02893390 -0.01820606 -0.09100158
989.0  -0.50682572 0.08310517 -0.02964175 -0.01721202 -0.00422222 -0.04034193 0.02697673 -0.00545577 -0.01672768 0.07692720
989.5  -0.98861214 0.05170951 -0.01297783 -0.00114006 -0.00743939 0.03334249 0.02337651 -0.02070725 -0.01003495 -0.05738385
990.0  -0.49646578 -0.01254883 0.01854834 0.01783778 -0.00062252 0.01276681 -0.03649275 0.03941664 -0.00094538 0.03636228
990.5  0.50688924 -0.06850987 0.03032694 -0.01477546 0.00445972 -0.04138744 0.02195505 -0.04069693 0.01091980 -0.01272733
991.0  0.98779278 -0.07876736 0.00787027 -0.00540899 0.00428902 0.04489314 0.00399546 0.02786949 0.01435293 -0.01026148
991.5  0.43775498 -0.03665437 -0.02224786 0.02083844 0.00036375 -0.02162044 -0.02595283 0.00054462 0.01842615 0.03612238
992.0  -0.55800408 0.03038797 -0.02879640 -0.01199649 -0.00288289 -0.02187507 0.02394022 -0.02593008 0.02354356 -0.05880471
992.5  -0.98545928 0.08074317 -0.00761130 -0.01100447 -0.00423074 0.05545212 -0.00726015 0.04560838 0.00341965 0.07750400
993.0  -0.45633559 0.08378053 0.02066567 0.01828142 0.00016160 -0.04746604 -0.01644802 -0.03348756 -0.00070307 -0.09312037
993.5  0.49696561 0.03664705 0.02982390 -0.00368243 0.00175770 0.00725712 0.02897955 0.00930559 -0.01273672 0.09083229
994.0  0.98659672 -0.03510656 0.01421913 -0.01516562 0.00131151 0.04564949 -0.01945939 0.01307915 -0.01478717 -0.07764656
994.5  0.54367299 -0.08999710 -0.01377698 0.01496178 0.00047551 -0.06955419 -0.00222599 -0.02288422 -0.01602972 0.05207561
995.0  -0.44559467 -0.09060893 -0.02969163 0.00489495 -0.00202206 0.03823864 0.02143687 0.01768659 -0.01039645 -0.02067990
995.5  -0.98694755 -0.02991348 -0.01921330 -0.01736072 -0.00183396 0.01645252 -0.03097837 -0.00708085 -0.00455138 -0.01188206
996.0  -0.45054145 0.05131509 0.01033229 0.00941631 0.00087160 -0.05859233 0.02739261 -0.00410627 0.00018094 0.03878330
996.5  0.59787903 0.09404687 0.03006822 0.01162707 0.00258616 0.06726029 -0.01364915 0.01475248 0.00887902 -0.06225690
997.0  0.96841048 0.07147535 0.02034946 -0.01801133 0.00164590 -0.02960594 -0.00699027 -0.02145270 0.01323671 0.08033609
997.5  0.27305729 0.00697137 -0.00892888 0.00075761 -0.00200057 -0.03173690 0.02574144 0.01930855 0.01475669 -0.08988864
998.0  -0.70069905 -0.05386733 -0.02972033 0.01743803 -0.00317017 0.06730624 -0.03150114 -0.01314467 0.01651913 0.08829402
998.5  -0.95399146 -0.08137528 -0.02263136 -0.01294102 -0.00028135 -0.05354797 0.02075098 0.00067721 0.00927464 -0.07447161
999.0  -0.26063934 -0.06895164 0.00358970 -0.00684679 0.00292112 0.00246082 0.00072041 0.01452306 0.00463353 0.04518779
999.5  0.69299669 -0.02626373 0.02604884 0.02375996 0.00353054 0.05330981 -0.02323561 -0.02113116 -0.00595205 -0.00951519
1000.0  0.95408710 0.02761694 0.02482453 -0.00795951 -0.00076023 -0.07000738 0.03362101 0.01768960 -0.01129469 -0.02539946
