# Step S0->S0 S0->S1 S0->S2 S0->S3 S0->S4 S0->S5 S0->S6 S0->S7 S0->S8 S0->S9
0.0  0.01292 -0.00056 -0.02640 0.00332 -0.02128 0.01840 -0.00004 -0.02804 -0.00212 -0.02484
0.5  0.01428 -0.00064 -0.02640 0.00328 -0.01992 0.01796 0.00212 -0.02836 0.00156 -0.02484
1.0  0.01560 -0.00068 -0.02616 0.00344 -0.01832 0.01692 0.00592 -0.02784 0.00664 -0.02528
1.5  0.01692 -0.00068 -0.02560 0.00364 -0.01664 0.01432 0.01100 -0.02608 0.01220 -0.02644
2.0  0.01832 -0.00068 -0.02476 0.00364 -0.01504 0.01076 0.01492 -0.02356 0.01664 -0.02900
2.5  0.01976 -0.00064 -0.02356 0.00328 -0.01372 0.00788 0.01744 -0.02116 0.01960 -0.03520
3.0  0.02136 -0.00052 -0.02208 0.00252 -0.01276 0.00576 0.01924 -0.01912 0.02152 -0.04516
3.5  0.02308 -0.00040 -0.02028 0.00152 -0.01220 0.00416 0.02080 -0.01744 0.02284 -0.04844
4.0  0.02504 -0.00024 -0.01816 0.00044 -0.01196 0.00312 0.02220 -0.01600 0.02376 -0.04684
4.5  0.02720 -0.00008 -0.01580 -0.00056 -0.01196 0.00268 0.02336 -0.01488 0.02440 -0.04416
5.0  0.02948 0.00008 -0.01328 -0.00132 -0.01228 0.00288 0.02424 -0.01436 0.02476 -0.04120
5.5  0.03184 0.00024 -0.01060 -0.00172 -0.01276 0.00372 0.02480 -0.01444 0.02472 -0.03800
6.0  0.03416 0.00032 -0.00780 -0.00164 -0.01344 0.00520 0.02476 -0.01552 0.02420 -0.03468
6.5  0.03640 0.00040 -0.00496 -0.00088 -0.01424 0.00728 0.02228 -0.01952 0.02328 -0.03120
7.0  0.03836 0.00036 -0.00216 0.00032 -0.01500 0.00992 0.00112 -0.02988 0.02220 -0.02768
7.5  0.03996 0.00032 0.00060 0.00168 -0.01560 0.01300 0.00964 -0.02812 0.02124 -0.02412
8.0  0.04112 0.00024 0.00336 0.00272 -0.01612 0.01652 0.01116 -0.02668 0.02076 -0.02052
8.5  0.04176 0.00016 0.00592 0.00332 -0.01644 0.02032 0.01076 -0.02476 0.02112 -0.01704
9.0  0.04184 0.00004 0.00836 0.00360 -0.01676 0.02412 0.00836 -0.02172 0.02288 -0.01388
9.5  0.04136 -0.00004 0.01068 0.00364 -0.01700 0.02716 0.00364 -0.00572 0.03040 -0.01136
10.0  0.04036 -0.00012 0.01280 0.00332 -0.01716 0.02836 -0.00180 0.02152 0.02212 -0.00920
10.5  0.03884 -0.00016 0.01476 0.00284 -0.01720 0.02776 -0.00420 0.02640 0.01796 -0.00756
11.0  0.03688 -0.00020 0.01652 0.00224 -0.01712 0.02628 -0.00052 0.03064 0.01452 -0.00632
11.5  0.03456 -0.00020 0.01808 0.00152 -0.01688 0.02452 0.00868 0.03256 0.01132 -0.00556
12.0  0.03196 -0.00020 0.01940 0.00080 -0.01648 0.02240 0.01708 0.03200 0.00828 -0.00524
12.5  0.02920 -0.00024 0.02056 0.00016 -0.01600 0.01992 0.02276 0.03092 0.00540 -0.00540
13.0  0.02640 -0.00024 0.02152 -0.00044 -0.01536 0.01704 0.02684 0.02996 0.00276 -0.00648
13.5  0.02364 -0.00024 0.02228 -0.00100 -0.01464 0.01380 0.02992 0.02912 0.00036 -0.00896
14.0  0.02108 -0.00020 0.02292 -0.00140 -0.01384 0.01024 0.03228 0.02836 -0.00176 -0.01356
14.5  0.01868 -0.00020 0.02336 -0.00168 -0.01300 0.00652 0.03404 0.02768 -0.00356 -0.01820
15.0  0.01648 -0.00020 0.02364 -0.00192 -0.01208 0.00264 0.03524 0.02712 -0.00504 -0.02064
15.5  0.01448 -0.00016 0.02380 -0.00216 -0.01116 -0.00124 0.03592 0.02660 -0.00620 -0.02192
16.0  0.01260 -0.00016 0.02380 -0.00244 -0.01016 -0.00504 0.03620 0.02616 -0.00712 -0.02264
16.5  0.01072 -0.00012 0.02364 -0.00280 -0.00912 -0.00852 0.03620 0.02572 -0.00776 -0.02312
17.0  0.00880 -0.00012 0.02332 -0.00332 -0.00800 -0.01168 0.03604 0.02524 -0.00812 -0.02340
17.5  0.00672 -0.00012 0.02284 -0.00396 -0.00684 -0.01452 0.03580 0.02460 -0.00820 -0.02356
18.0  0.00440 -0.00012 0.02216 -0.00468 -0.00564 -0.01708 0.03560 0.02368 -0.00804 -0.02364
18.5  0.00184 -0.00012 0.02132 -0.00548 -0.00436 -0.01960 0.03536 0.02252 -0.00780 -0.02368
19.0  -0.00100 -0.00020 0.02028 -0.00636 -0.00304 -0.02220 0.03488 0.02100 -0.00772 -0.02356
19.5  -0.00408 -0.00028 0.01900 -0.00732 -0.00176 -0.02520 0.03384 0.01920 -0.00796 -0.02332
20.0  -0.00736 -0.00032 0.01756 -0.00828 -0.00048 -0.02864 0.03188 0.01724 -0.00876 -0.02260
20.5  -0.01084 -0.00040 0.01596 -0.00928 0.00076 -0.03212 0.02852 0.01576 -0.01028 -0.02128
21.0  -0.01440 -0.00048 0.01416 -0.01024 0.00196 -0.03496 0.02172 0.01808 -0.01260 -0.01928
21.5  -0.01804 -0.00056 0.01220 -0.01116 0.00312 -0.03644 0.00216 0.02428 -0.01548 -0.01656
22.0  -0.02164 -0.00060 0.01012 -0.01200 0.00428 -0.03620 -0.00700 0.02380 -0.01448 -0.01336
22.5  -0.02520 -0.00060 0.00796 -0.01276 0.00544 -0.03448 -0.01408 0.02164 0.01596 -0.00992
23.0  -0.02868 -0.00060 0.00568 -0.01336 0.00668 -0.03180 -0.01960 0.02196 0.01428 -0.00648
23.5  -0.03204 -0.00060 0.00340 -0.01372 0.00808 -0.02888 -0.02344 0.02260 0.01292 -0.00328
24.0  -0.03532 -0.00052 0.00104 -0.01372 0.00980 -0.02620 -0.02592 0.02328 0.01200 -0.00036
24.5  -0.03848 -0.00048 -0.00124 -0.01320 0.01176 -0.02396 -0.02752 0.02400 0.01148 0.00216
25.0  -0.04160 -0.00036 -0.00352 -0.01204 0.01376 -0.02216 -0.02852 0.02472 0.01132 0.00432
25.5  -0.04460 -0.00028 -0.00572 -0.01068 0.01552 -0.02076 -0.02924 0.02540 0.01136 0.00620
26.0  -0.04752 -0.00012 -0.00780 -0.00936 0.01676 -0.01972 -0.03000 0.02584 0.01164 0.00796
26.5  -0.05032 0.00000 -0.00980 -0.00832 0.01760 -0.01908 -0.03124 0.02544 0.01200 0.00956
27.0  -0.05288 0.00016 -0.01168 -0.00756 0.01804 -0.01904 -0.03492 0.02112 0.01248 0.01108
27.5  -0.05516 0.00032 -0.01336 -0.00684 0.01828 -0.01984 -0.03960 -0.01032 0.01308 0.01252
28.0  -0.05704 0.00048 -0.01484 -0.00604 0.01832 -0.02228 -0.03368 -0.02160 0.01392 0.01392
28.5  -0.05840 0.00060 -0.01616 -0.00516 0.01836 -0.02736 -0.02868 -0.02304 0.01556 0.01520
29.0  -0.05916 0.00068 -0.01724 -0.00400 0.01832 -0.03364 -0.02044 -0.02196 0.01868 0.01624
29.5  -0.05924 0.00072 -0.01804 -0.00264 0.01824 -0.03712 -0.01112 -0.01976 0.02272 0.01700
30.0  -0.05868 0.00076 -0.01860 -0.00116 0.01812 -0.03816 -0.00084 -0.01832 0.02492 0.01732
30.5  -0.05740 0.00072 -0.01888 0.00044 0.01792 -0.03820 0.00332 -0.01732 0.02524 0.01708
31.0  -0.05548 0.00072 -0.01884 0.00208 0.01768 -0.03760 0.00536 -0.01852 0.02440 0.01624
31.5  -0.05300 0.00068 -0.01848 0.00372 0.01732 -0.03652 0.00744 -0.02124 0.02232 0.01488
32.0  -0.05004 0.00060 -0.01780 0.00524 0.01684 -0.03504 0.00972 -0.02460 0.01888 0.01292
32.5  -0.04668 0.00056 -0.01688 0.00664 0.01624 -0.03308 0.01232 -0.02756 0.01492 0.01068
33.0  -0.04304 0.00052 -0.01564 0.00788 0.01544 -0.03052 0.01516 -0.02952 0.01124 0.00788
33.5  -0.03928 0.00048 -0.01416 0.00888 0.01452 -0.02724 0.01824 -0.03068 0.00852 0.00504
34.0  -0.03556 0.00044 -0.01248 0.00968 0.01340 -0.02284 0.02156 -0.03140 0.00664 0.00204
34.5  -0.03188 0.00040 -0.01060 0.01032 0.01216 -0.01676 0.02484 -0.03188 0.00536 0.00032
35.0  -0.02840 0.00036 -0.00860 0.01084 0.01056 -0.00872 0.02716 -0.03224 0.00432 -0.00048
35.5  -0.02512 0.00028 -0.00656 0.01148 0.00848 0.00020 0.02704 -0.03252 0.00324 -0.00148
36.0  -0.02208 0.00024 -0.00440 0.01252 0.00448 0.00768 0.02440 -0.03272 0.00196 -0.00260
36.5  -0.01916 0.00020 -0.00224 0.01200 -0.00296 0.01272 0.02052 -0.03284 0.00036 -0.00372
37.0  -0.01632 0.00016 -0.00008 0.00936 -0.00640 0.01572 0.01652 -0.03284 -0.00160 -0.00468
37.5  -0.01352 0.00012 0.00204 0.00744 -0.00744 0.01716 0.01308 -0.03260 -0.00392 -0.00560
38.0  -0.01056 0.00012 0.00412 0.00580 -0.00788 0.01752 0.01088 -0.03204 -0.00648 -0.00616
38.5  -0.00744 0.00012 0.00612 0.00436 -0.00812 0.01728 0.01012 -0.03104 -0.00924 -0.00632
39.0  -0.00408 0.00020 0.00800 0.00300 -0.00840 0.01676 0.01080 -0.02948 -0.01200 -0.00612
39.5  -0.00044 0.00028 0.00980 0.00176 -0.00872 0.01616 0.01276 -0.02720 -0.01448 -0.00500
40.0  0.00344 0.00040 0.01148 0.00060 -0.00908 0.01540 0.01572 -0.02420 -0.01636 -0.00272
40.5  0.00752 0.00060 0.01304 -0.00036 -0.00960 0.01452 0.01924 -0.02044 -0.01736 0.00240
41.0  0.01176 0.00080 0.01444 -0.00120 -0.01016 0.01344 0.02244 -0.01664 -0.01728 0.01504
41.5  0.01604 0.00100 0.01568 -0.00176 -0.01076 0.01212 0.02472 -0.01376 -0.01644 0.03812
42.0  0.02028 0.00124 0.01672 -0.00212 -0.01140 0.01060 0.02592 -0.01244 -0.01524 0.05104
42.5  0.02432 0.00140 0.01756 -0.00212 -0.01216 0.00912 0.02620 -0.01192 -0.01440 0.05688
43.0  0.02816 0.00156 0.01828 -0.00172 -0.01288 0.00784 0.02608 -0.01192 -0.01384 0.06092
43.5  0.03172 0.00168 0.01868 -0.00092 -0.01344 0.00688 0.02564 -0.01144 -0.01380 0.06432
44.0  0.03488 0.00168 0.01896 0.00016 -0.01408 0.00612 0.02520 -0.01076 -0.01404 0.06764
44.5  0.03768 0.00160 0.01892 0.00148 -0.01424 0.00556 0.02476 -0.00972 -0.01472 0.07032
45.0  0.04008 0.00144 0.01872 0.00264 -0.01456 0.00512 0.02440 -0.00852 -0.01560 0.07256
45.5  0.04208 0.00116 0.01824 0.00352 -0.01448 0.00480 0.02420 -0.00720 -0.01680 0.07388
46.0  0.04376 0.00084 0.01748 0.00420 -0.01428 0.00468 0.02408 -0.00596 -0.01816 0.07416
46.5  0.04512 0.00044 0.01652 0.00460 -0.01396 0.00468 0.02404 -0.00492 -0.01956 0.07352
47.0  0.04624 0.00004 0.01536 0.00484 -0.01352 0.00500 0.02396 -0.00420 -0.02064 0.07216
47.5  0.04716 -0.00032 0.01396 0.00492 -0.01308 0.00548 0.02396 -0.00392 -0.02112 0.07028
48.0  0.04788 -0.00068 0.01244 0.00480 -0.01252 0.00628 0.02392 -0.00404 -0.02084 0.06808
48.5  0.04848 -0.00100 0.01072 0.00456 -0.01192 0.00740 0.02376 -0.00460 -0.02008 0.06552
49.0  0.04896 -0.00124 0.00888 0.00424 -0.01132 0.00888 0.02340 -0.00552 -0.01928 0.06276
49.5  0.04940 -0.00136 0.00704 0.00380 -0.01068 0.01068 0.02272 -0.00656 -0.01896 0.05964
50.0  0.04972 -0.00144 0.00512 0.00324 -0.01004 0.01276 0.02164 -0.00764 -0.01920 0.05624
50.5  0.04996 -0.00140 0.00308 0.00264 -0.00932 0.01504 0.02008 -0.00840 -0.02008 0.05256
51.0  0.05008 -0.00132 0.00100 0.00184 -0.00856 0.01716 0.01800 -0.00848 -0.02164 0.04876
51.5  0.05012 -0.00116 -0.00112 0.00104 -0.00772 0.01904 0.01560 -0.00732 -0.02384 0.04488
52.0  0.04996 -0.00096 -0.00324 0.00004 -0.00676 0.02044 0.01300 -0.00432 -0.02636 0.04100
52.5  0.04964 -0.00076 -0.00544 -0.00084 -0.00544 0.02136 0.01024 0.00036 -0.02852 0.03716
53.0  0.04912 -0.00052 -0.00760 -0.00176 -0.00388 0.02192 0.00748 0.00560 -0.02960 0.03332
53.5  0.04832 -0.00028 -0.00980 -0.00208 -0.00212 0.02216 0.00484 0.01004 -0.02976 0.02968
54.0  0.04728 -0.00008 -0.01196 -0.00164 -0.00040 0.02224 0.00232 0.01348 -0.02944 0.02620
54.5  0.04592 0.00012 -0.01412 -0.00072 0.00104 0.02224 0.00012 0.01612 -0.02876 0.02304
55.0  0.04420 0.00032 -0.01624 0.00056 0.00220 0.02224 -0.00176 0.01808 -0.02792 0.02016
55.5  0.04208 0.00044 -0.01828 0.00204 0.00312 0.02244 -0.00328 0.01956 -0.02692 0.01760
56.0  0.03948 0.00052 -0.02024 0.00360 0.00392 0.02280 -0.00444 0.02068 -0.02572 0.01548
56.5  0.03636 0.00056 -0.02212 0.00520 0.00452 0.02340 -0.00536 0.02160 -0.02436 0.01364
57.0  0.03276 0.00056 -0.02384 0.00680 0.00504 0.02424 -0.00616 0.02240 -0.02284 0.01216
57.5  0.02864 0.00056 -0.02540 0.00836 0.00540 0.02524 -0.00688 0.02332 -0.02100 0.01100
58.0  0.02412 0.00056 -0.02684 0.00976 0.00568 0.02644 -0.00752 0.02428 -0.01896 0.01008
58.5  0.01924 0.00052 -0.02804 0.01116 0.00580 0.02780 -0.00796 0.02536 -0.01652 0.00932
59.0  0.01416 0.00048 -0.02904 0.01252 0.00560 0.02936 -0.00796 0.02656 -0.01344 0.00860
59.5  0.00904 0.00044 -0.02980 0.01416 0.00388 0.03112 -0.00732 0.02776 -0.00948 0.00760
60.0  0.00388 0.00040 -0.03032 0.01484 -0.00436 0.03304 -0.00596 0.02864 -0.00412 -0.00076
60.5  -0.00112 0.00036 -0.03064 0.01292 -0.00976 0.03484 -0.00440 0.02836 0.00276 -0.00616
61.0  -0.00592 0.00032 -0.03068 0.01264 -0.01096 0.03648 -0.00328 0.02600 0.01032 -0.01012
61.5  -0.01040 0.00024 -0.03052 0.01288 -0.01128 0.03800 -0.00304 0.02136 0.01688 -0.01352
62.0  -0.01460 0.00016 -0.03008 0.01320 -0.01136 0.03940 -0.00336 0.01456 0.02184 -0.01640
62.5  -0.01844 0.00004 -0.02944 0.01340 -0.01140 0.04064 -0.00328 0.00456 0.02484 -0.01876
63.0  -0.02188 -0.00012 -0.02856 0.01336 -0.01152 0.04112 -0.00120 -0.00852 0.02376 -0.02072
63.5  -0.02492 -0.00024 -0.02748 0.01308 -0.01180 0.04012 0.00284 -0.01960 0.01852 -0.02220
64.0  -0.02760 -0.00040 -0.02616 0.01260 -0.01220 0.03752 0.00540 -0.02712 0.01336 -0.02348
64.5  -0.02996 -0.00052 -0.02460 0.01196 -0.01272 0.03416 0.00196 -0.03300 0.00964 -0.02440
65.0  -0.03204 -0.00060 -0.02292 0.01112 -0.01320 0.03084 -0.00776 -0.03580 0.00696 -0.02520
65.5  -0.03396 -0.00068 -0.02096 0.01012 -0.01368 0.02784 -0.01612 -0.03564 0.00504 -0.02596
66.0  -0.03576 -0.00068 -0.01888 0.00908 -0.01400 0.02520 -0.02104 -0.03496 0.00368 -0.02632
66.5  -0.03756 -0.00064 -0.01660 0.00804 -0.01424 0.02284 -0.02404 -0.03444 0.00272 -0.02692
67.0  -0.03932 -0.00056 -0.01420 0.00700 -0.01424 0.02080 -0.02592 -0.03408 0.00204 -0.02740
67.5  -0.04108 -0.00044 -0.01164 0.00604 -0.01408 0.01916 -0.02712 -0.03376 0.00160 -0.02788
68.0  -0.04284 -0.00032 -0.00900 0.00528 -0.01376 0.01796 -0.02780 -0.03348 0.00116 -0.02844
68.5  -0.04456 -0.00020 -0.00624 0.00472 -0.01324 0.01748 -0.02788 -0.03328 0.00040 -0.02904
69.0  -0.04616 -0.00008 -0.00348 0.00436 -0.01260 0.01820 -0.02712 -0.03308 -0.00108 -0.02980
69.5  -0.04760 0.00000 -0.00060 0.00404 -0.01184 0.02372 -0.02204 -0.03284 -0.00360 -0.03076
70.0  -0.04888 0.00004 0.00224 0.00376 -0.01108 0.03056 0.00952 -0.03244 -0.00676 -0.03192
70.5  -0.04996 0.00008 -0.00508 0.00328 -0.01036 0.02772 0.01524 -0.03200 -0.00940 -0.03288
71.0  -0.05084 0.00008 -0.00792 0.00260 -0.00976 0.02544 0.01828 -0.03176 -0.01084 -0.03176
71.5  -0.05152 0.00004 -0.01068 0.00172 -0.00920 0.02312 0.02092 -0.03172 -0.01140 -0.02976
72.0  -0.05196 -0.00004 -0.01340 0.00060 -0.00872 0.02100 0.02324 -0.03172 -0.01148 -0.02816
72.5  -0.05216 -0.00016 -0.01600 -0.00068 -0.00828 0.01924 0.02500 -0.03172 -0.01140 -0.02696
73.0  -0.05212 -0.00028 -0.01852 -0.00208 -0.00784 0.01800 0.02632 -0.03172 -0.01128 -0.02584
73.5  -0.05184 -0.00040 -0.02092 -0.00360 -0.00732 0.01732 0.02712 -0.03176 -0.01120 -0.02464
74.0  -0.05124 -0.00056 -0.02312 -0.00524 -0.00672 0.01712 0.02756 -0.03180 -0.01112 -0.02344
74.5  -0.05040 -0.00068 -0.02520 -0.00696 -0.00600 0.01744 0.02756 -0.03192 -0.01096 -0.02216
75.0  -0.04924 -0.00076 -0.02708 -0.00864 -0.00508 0.01828 0.02716 -0.03208 -0.01080 -0.02104
75.5  -0.04780 -0.00084 -0.02876 -0.01032 -0.00400 0.01980 0.02612 -0.03224 -0.01052 -0.02004
76.0  -0.04596 -0.00084 -0.03024 -0.01200 -0.00272 0.02228 0.02396 -0.03248 -0.01024 -0.01916
76.5  -0.04380 -0.00076 -0.03152 -0.01352 -0.00116 0.02584 0.01988 -0.03272 -0.00980 -0.01844
77.0  -0.04124 -0.00068 -0.03256 -0.01484 0.00076 0.02940 0.01356 -0.03308 -0.00908 -0.01784
77.5  -0.03828 -0.00052 -0.03336 -0.01592 0.00308 0.03160 0.00644 -0.03352 -0.00772 -0.01720
78.0  -0.03496 -0.00036 -0.03396 -0.01648 0.00596 0.03244 -0.00120 -0.03384 -0.00396 -0.01644
78.5  -0.03132 -0.00020 -0.03432 -0.01620 0.00936 0.03288 -0.00360 -0.03332 0.00176 -0.01552
79.0  -0.02744 -0.00004 -0.03444 -0.01508 0.01288 0.03304 -0.00376 -0.03296 0.00192 -0.01448
79.5  -0.02344 0.00012 -0.03436 -0.01344 0.01596 0.02920 -0.01612 -0.03280 0.00072 -0.01336
80.0  -0.01944 0.00020 -0.03408 -0.01168 0.01820 0.02436 -0.02256 -0.03280 -0.00032 -0.01244
80.5  -0.01556 0.00028 -0.03364 -0.01016 0.01968 0.02284 -0.02384 -0.03280 -0.00148 -0.01164
81.0  -0.01188 0.00028 -0.03296 -0.00904 0.02056 0.02276 -0.02352 -0.03280 -0.00280 -0.01100
81.5  -0.00848 0.00024 -0.03216 -0.00828 0.02092 0.02328 -0.02264 -0.03260 -0.00420 -0.01068
82.0  -0.00540 0.00020 -0.03116 -0.00788 0.02088 0.02408 -0.02148 -0.03216 -0.00588 -0.01052
82.5  -0.00268 0.00012 -0.03000 -0.00796 0.02048 0.02508 -0.01992 -0.03140 -0.00772 -0.01072
83.0  -0.00024 0.00004 -0.02872 -0.00820 0.01968 0.02620 -0.01784 -0.03044 -0.00968 -0.01128
83.5  0.00192 -0.00008 -0.02728 -0.00884 0.01864 0.02736 -0.01472 -0.02932 -0.01176 -0.01220
84.0  0.00388 -0.00016 -0.02556 -0.00948 0.01712 0.02840 -0.01020 -0.02812 -0.01380 -0.01344
84.5  0.00568 -0.00032 -0.02372 -0.01000 0.01572 0.02852 -0.00468 -0.02688 -0.01592 -0.01496
85.0  0.00748 -0.00052 -0.02176 -0.00992 0.01420 0.02732 0.00012 -0.02536 -0.01840 -0.01680
85.5  0.00932 -0.00064 -0.01956 -0.00960 0.01304 0.02524 0.00272 -0.01880 -0.02544 -0.01892
86.0  0.01128 -0.00076 -0.01728 -0.00892 0.01188 0.02296 0.00324 -0.02072 -0.02448 -0.02140
86.5  0.01348 -0.00080 -0.01488 -0.00800 0.01096 0.02068 0.00208 -0.02220 -0.02388 -0.02432
87.0  0.01600 -0.00080 -0.01232 -0.00700 0.01008 0.01844 -0.00060 -0.02320 -0.02344 -0.02760
87.5  0.01884 -0.00076 -0.00964 -0.00596 0.00924 0.01632 -0.00480 -0.02336 -0.02308 -0.03124
88.0  0.02200 0.00060 -0.00700 -0.00496 0.00828 0.01428 -0.00960 -0.02236 -0.02276 -0.03512
88.5  0.02544 0.00036 -0.00428 -0.00404 0.00740 0.01244 -0.01324 -0.02084 -0.02236 -0.03900
89.0  0.02896 0.00008 -0.00160 -0.00316 0.00636 0.01080 -0.01512 -0.02004 -0.02184 -0.04232
89.5  0.03252 -0.00024 0.00104 -0.00236 0.00532 0.00944 -0.01564 -0.02064 -0.02084 -0.04420
90.0  0.03596 -0.00060 0.00368 -0.00172 0.00408 0.00836 -0.01508 -0.02280 -0.01876 -0.04412
90.5  0.03912 -0.00096 0.00624 -0.00108 0.00284 0.00748 -0.01396 -0.02564 -0.01556 -0.04312
91.0  0.04188 -0.00128 0.00872 -0.00068 0.00144 0.00684 -0.01268 -0.02776 -0.01276 -0.04180
91.5  0.04420 -0.00156 0.01116 -0.00056 -0.00000 0.00632 -0.01168 -0.02896 -0.01116 -0.04056
92.0  0.04604 -0.00172 0.01348 -0.00088 -0.00148 0.00592 -0.01112 -0.02948 -0.01068 -0.03960
92.5  0.04732 -0.00184 0.01564 -0.00188 -0.00272 0.00536 -0.01092 -0.02972 -0.01072 -0.03860
93.0  0.04816 -0.00184 0.01784 -0.00344 -0.00364 0.00480 -0.01096 -0.02972 -0.01096 -0.03772
93.5  0.04856 -0.00180 0.01972 -0.00512 -0.00428 0.00436 -0.01108 -0.02960 -0.01128 -0.03688
94.0  0.04856 -0.00164 0.02164 -0.00672 -0.00492 0.00428 -0.01112 -0.02952 -0.01144 -0.03612
94.5  0.04824 -0.00144 0.02336 -0.00816 -0.00564 0.00460 -0.01088 -0.02940 -0.01148 -0.03532
95.0  0.04764 -0.00120 0.02492 -0.00944 -0.00656 0.00580 -0.01008 -0.02940 -0.01140 -0.03472
95.5  0.04688 -0.00092 0.02620 -0.01056 -0.00752 0.00816 -0.00804 -0.02948 -0.01120 -0.03380
96.0  0.04596 -0.00068 0.02740 -0.01136 -0.00880 0.01188 -0.00372 -0.02924 -0.01056 -0.03300
96.5  0.04492 -0.00040 0.02836 -0.01180 -0.01012 0.01616 0.00172 -0.02800 -0.00852 -0.03216
97.0  0.04384 -0.00016 0.02908 -0.01188 -0.01164 0.01928 0.00560 -0.02684 -0.00156 -0.03148
97.5  0.04272 0.00004 0.02960 -0.01156 -0.01308 0.02060 0.00884 -0.02344 0.00904 -0.03096
98.0  0.04160 0.00024 0.02984 -0.01096 -0.01444 0.01996 0.01284 -0.02040 0.01304 -0.03088
98.5  0.04048 0.00036 0.02984 -0.01024 -0.01556 0.01460 0.01972 -0.01904 0.01448 -0.03160
99.0  0.03936 0.00048 0.02960 -0.00956 -0.01632 0.00680 0.02404 -0.01860 0.01540 -0.03384
99.5  0.03820 0.00056 0.02916 -0.00892 -0.01684 0.00396 0.02504 -0.01868 0.01612 -0.03900
100.0  0.03700 0.00064 0.02852 -0.00840 -0.01704 0.00356 0.02540 -0.01916 0.01672 -0.04864
100.5  0.03572 0.00064 0.02764 -0.00804 -0.01700 0.00412 0.02564 -0.01996 0.01728 -0.05728
101.0  0.03432 0.00068 0.02664 -0.00776 -0.01688 0.00516 0.02580 -0.02100 0.01768 -0.05868
101.5  0.03272 0.00068 0.02552 -0.00752 -0.01668 0.00636 0.02588 -0.02216 0.01780 -0.05612
102.0  0.03096 0.00072 0.02424 -0.00728 -0.01648 0.00764 0.02584 -0.02332 0.01776 -0.05236
102.5  0.02892 0.00076 0.02288 -0.00688 -0.01648 0.00880 0.02584 -0.02436 0.01728 -0.04848
103.0  0.02660 0.00080 0.02140 -0.00632 -0.01652 0.00980 0.02568 -0.02532 0.01668 -0.04504
103.5  0.02400 0.00084 0.01984 -0.00556 -0.01668 0.01072 0.02552 -0.02604 0.01596 -0.04192
104.0  0.02108 0.00088 0.01816 -0.00476 -0.01700 0.01156 0.02532 -0.02668 0.01536 -0.03912
104.5  0.01788 0.00088 0.01636 -0.00396 -0.01724 0.01248 0.02500 -0.02696 0.01492 -0.03648
105.0  0.01436 0.00088 0.01452 -0.00316 -0.01736 0.01368 0.02456 -0.02708 0.01472 -0.03376
105.5  0.01060 0.00080 0.01252 -0.00252 -0.01724 0.01544 0.02376 -0.02696 0.01484 -0.03084
106.0  0.00660 0.00072 0.01048 -0.00196 -0.01680 0.01796 0.02236 -0.02664 0.01536 -0.02784
106.5  0.00244 0.00060 0.00836 -0.00152 -0.01620 0.02096 0.02008 -0.02596 0.01628 -0.02468
107.0  -0.00184 0.00044 0.00616 -0.00112 -0.01524 0.02396 0.01720 -0.02508 0.01768 -0.02160
107.5  -0.00612 0.00028 0.00392 -0.00068 -0.01412 0.02648 0.01400 -0.02372 0.01952 -0.01864
108.0  -0.01036 0.00012 0.00172 0.00000 -0.01272 0.02860 0.01052 -0.02168 0.02200 -0.01596
108.5  -0.01444 -0.00004 -0.00044 0.00124 -0.01104 0.03032 0.00648 -0.01820 0.02504 -0.01348
109.0  -0.01828 -0.00012 -0.00256 0.00340 -0.00868 0.03180 0.00180 -0.01100 0.02872 -0.01128
109.5  -0.02192 -0.00016 -0.00456 0.00452 -0.00596 0.03268 -0.00128 0.00408 0.03028 -0.00924
110.0  -0.02524 -0.00012 -0.00640 0.00352 -0.00420 0.03228 -0.00204 0.01980 0.02448 -0.00756
110.5  -0.02828 -0.00008 -0.00804 0.00180 -0.00308 0.03028 -0.00784 0.02760 0.01820 -0.00604
111.0  -0.03104 0.00004 -0.00948 -0.00024 -0.00220 0.02712 -0.02124 0.02704 0.01344 -0.00484
111.5  -0.03356 0.00020 -0.01072 -0.00240 -0.00140 0.02340 -0.02864 0.02580 0.00952 -0.00408
112.0  -0.03584 0.00036 -0.01172 -0.00460 -0.00056 0.01940 -0.03268 0.02568 0.00608 -0.00388
112.5  -0.03796 0.00056 -0.01252 -0.00684 0.00036 0.01528 -0.03536 0.02572 0.00292 -0.00428
113.0  -0.03988 0.00072 -0.01312 -0.00900 0.00136 0.01096 -0.03720 0.02568 -0.00008 -0.00552
113.5  -0.04168 0.00084 -0.01348 -0.01108 0.00244 0.00656 -0.03828 0.02548 -0.00292 -0.00776
114.0  -0.04332 0.00096 -0.01372 -0.01300 0.00356 0.00200 -0.03860 0.02520 -0.00560 -0.01132
114.5  -0.04484 -0.00100 -0.01380 -0.01480 0.00476 -0.00276 -0.03816 0.02488 -0.00808 -0.01660
115.0  -0.04624 -0.00100 -0.01376 -0.01644 0.00604 -0.00780 -0.03676 0.02452 -0.01052 -0.02416
115.5  -0.04748 -0.00096 -0.01364 -0.01780 0.00732 -0.01312 -0.03424 0.02416 -0.01276 -0.03284
116.0  -0.04864 -0.00084 -0.01340 -0.01892 0.00856 -0.01856 -0.03012 0.02384 -0.01488 -0.04020
116.5  -0.04968 -0.00068 -0.01316 -0.01972 0.00964 -0.02352 -0.02440 0.02344 -0.01688 -0.04516
117.0  -0.05056 -0.00048 -0.01292 -0.02044 0.01016 -0.02700 -0.01760 0.02292 -0.01892 -0.04820
117.5  -0.05124 -0.00028 -0.01264 -0.02196 0.00816 -0.02848 -0.01080 0.02156 -0.02152 -0.05008
118.0  -0.05172 -0.00008 -0.01236 -0.01748 -0.01588 -0.02832 -0.00472 0.01380 -0.02784 -0.05112
118.5  -0.05188 0.00008 -0.01208 -0.01584 -0.01744 -0.02720 0.00072 -0.01284 -0.02884 -0.05152
119.0  -0.05184 0.00024 -0.01180 -0.01572 -0.01704 -0.02552 0.00552 -0.01808 -0.02620 -0.05144
119.5  -0.05148 0.00032 -0.01148 -0.01564 -0.01624 -0.02360 0.00972 -0.02020 -0.02468 -0.05080
120.0  -0.05088 0.00036 -0.01116 -0.01540 -0.01524 -0.02160 0.01332 -0.02152 -0.02352 -0.04964
120.5  -0.05004 0.00040 -0.01076 -0.01504 -0.01416 -0.01972 0.01664 -0.02204 -0.02268 -0.04800
121.0  -0.04900 0.00040 -0.01032 -0.01452 -0.01308 -0.01812 0.02004 -0.02144 -0.02220 -0.04584
121.5  -0.04776 0.00036 -0.00976 -0.01388 -0.01208 -0.01692 0.02324 -0.01976 -0.02208 -0.04304
122.0  -0.04628 0.00032 -0.00912 -0.01312 -0.01120 -0.01620 0.02528 -0.01828 -0.02220 -0.03984
122.5  -0.04456 0.00024 -0.00840 -0.01216 -0.01064 -0.01608 0.02564 -0.01824 -0.02256 -0.03632
123.0  -0.04252 0.00020 -0.00764 -0.00996 -0.01132 -0.01652 0.02440 -0.01968 -0.02300 -0.03272
123.5  -0.04020 0.00020 -0.00672 0.00448 -0.01336 -0.01752 0.02204 -0.02192 -0.02336 -0.02924
124.0  -0.03756 0.00016 -0.00572 0.00616 -0.01160 -0.01884 0.01924 -0.02404 -0.02344 -0.02612
124.5  -0.03456 0.00012 -0.00464 0.00616 -0.01060 -0.02036 0.01676 -0.02580 -0.02296 -0.02348
125.0  -0.03124 0.00008 -0.00356 0.00588 -0.00976 -0.02188 0.01484 -0.02732 -0.02192 -0.02116
125.5  -0.02756 0.00004 -0.00240 0.00564 -0.00888 -0.02324 0.01360 -0.02860 -0.02044 -0.01904
126.0  -0.02360 0.00000 -0.00120 0.00544 -0.00800 -0.02448 0.01300 -0.02960 -0.01872 -0.01716
126.5  -0.01940 -0.00004 0.00000 0.00516 -0.00692 -0.02560 0.01288 -0.03028 -0.01696 -0.01520
127.0  -0.01504 -0.00008 0.00120 0.00492 -0.00576 -0.02656 0.01308 -0.03064 -0.01536 -0.01328
127.5  -0.01052 -0.00016 0.00240 0.00456 -0.00444 -0.02740 0.01348 -0.03076 -0.01400 -0.01140
128.0  -0.00604 -0.00020 0.00352 0.00416 -0.00296 -0.02808 0.01376 -0.03068 -0.01292 -0.00960
128.5  -0.00164 -0.00028 0.00460 0.00372 -0.00128 -0.02884 0.01384 -0.03052 -0.01212 -0.00804
129.0  0.00252 -0.00032 0.00564 0.00316 0.00052 -0.02968 0.01348 -0.03032 -0.01144 -0.00700
129.5  0.00644 -0.00036 0.00656 0.00256 0.00232 -0.03052 0.01260 -0.03012 -0.01092 -0.00652
130.0  0.01000 -0.00040 0.00740 0.00196 0.00420 -0.03136 0.01116 -0.02996 -0.01048 -0.00636
130.5  0.01324 -0.00044 0.00816 0.00140 0.00604 -0.03208 0.00916 -0.02984 -0.01000 -0.00640
131.0  0.01628 -0.00044 0.00880 0.00088 0.00784 -0.03264 0.00628 -0.02984 -0.00960 -0.00660
131.5  0.01916 -0.00044 0.00928 0.00056 0.00952 -0.03300 0.00208 -0.02988 -0.00892 -0.00684
132.0  0.02204 -0.00048 0.00964 0.00040 0.01112 -0.03308 -0.00268 -0.02968 -0.00736 -0.00708
132.5  0.02500 -0.00048 0.00992 0.00052 0.01248 -0.03276 -0.00604 -0.02972 -0.00320 -0.00732
133.0  0.02820 -0.00048 0.01000 0.00104 0.01372 -0.03196 -0.00784 -0.02912 0.00552 -0.00744
133.5  0.03168 -0.00052 0.01000 0.00204 0.01464 -0.03076 -0.00864 -0.02668 0.01336 -0.00772
134.0  0.03544 -0.00052 0.00980 0.00344 0.01524 -0.02932 -0.00884 -0.02488 0.01740 -0.00888
134.5  0.03944 -0.00052 0.00956 0.00512 0.01544 -0.02776 -0.00840 -0.02384 0.01976 -0.01132
135.0  0.04364 -0.00052 0.00908 0.00664 0.01536 -0.02600 -0.00740 -0.02316 0.02152 -0.01304
135.5  0.04788 -0.00052 0.00848 0.00780 0.01512 -0.02416 -0.00572 -0.02260 0.02304 -0.01456
136.0  0.05204 -0.00048 0.00784 0.00856 0.01508 -0.02212 -0.00328 -0.02212 0.02436 -0.01616
136.5  0.05604 -0.00040 0.00700 0.00880 0.01508 -0.01996 0.00004 -0.02152 0.02544 -0.01800
137.0  0.05972 -0.00040 0.00620 0.00888 0.01524 -0.01756 0.00368 -0.02068 0.02628 -0.01992
137.5  0.06288 -0.00036 0.00516 0.00856 0.01556 -0.01496 0.00644 -0.02000 0.02664 -0.02200
138.0  0.06548 -0.00028 0.00408 0.00804 0.01600 -0.01220 0.00792 -0.02028 0.02648 -0.02436
138.5  0.06740 -0.00020 0.00292 0.00732 0.01648 -0.00940 0.00832 -0.02144 0.02584 -0.02688
139.0  0.06852 -0.00016 0.00168 0.00644 0.01704 -0.00688 0.00796 -0.02288 0.02508 -0.02964
139.5  0.06884 -0.00008 0.00040 0.00548 0.01764 -0.00500 0.00696 -0.02400 0.02452 -0.03264
140.0  0.06832 -0.00000 -0.00092 0.00440 0.01820 -0.00400 0.00568 -0.02460 0.02436 -0.03588
140.5  0.06708 0.00004 -0.00224 0.00336 0.01880 -0.00368 0.00440 -0.02480 0.02444 -0.03916
141.0  0.06520 0.00004 -0.00360 0.00224 0.01932 -0.00400 0.00340 -0.02464 0.02452 -0.04264
141.5  0.06280 0.00004 -0.00496 0.00116 0.01984 -0.00472 0.00260 -0.02420 0.02444 -0.04612
142.0  0.06000 0.00008 -0.00632 0.00016 0.02028 -0.00580 0.00192 -0.02360 0.02420 -0.04948
142.5  0.05688 0.00008 -0.00764 -0.00076 0.02052 -0.00724 0.00108 -0.02288 0.02376 -0.05268
143.0  0.05356 0.00012 -0.00900 -0.00160 0.02072 -0.00892 -0.00028 -0.02196 0.02336 -0.05548
143.5  0.05012 0.00016 -0.01028 -0.00224 0.02072 -0.01072 -0.00228 -0.02064 0.02324 -0.05800
144.0  0.04660 0.00028 -0.01152 -0.00276 0.02056 -0.01264 -0.00432 -0.01844 0.02376 -0.06016
144.5  0.04300 0.00040 -0.01272 -0.00308 0.02024 -0.01448 -0.00488 -0.01472 0.02544 -0.06204
145.0  0.03932 0.00056 -0.01384 -0.00316 0.01968 -0.01620 -0.00316 -0.00256 0.02912 -0.06340
145.5  0.03556 0.00076 -0.01484 -0.00272 0.01904 -0.01756 0.00096 0.01684 0.02400 -0.06392
146.0  0.03176 0.00092 -0.01576 -0.00136 0.01828 -0.01844 0.00652 0.02040 0.02048 -0.06268
146.5  0.02784 0.00112 -0.01652 0.00216 0.01708 -0.01844 0.01216 0.02084 0.01876 -0.05960
147.0  0.02388 0.00124 -0.01716 0.00652 0.01456 -0.01716 0.01732 0.02060 0.01760 -0.05528
147.5  0.01980 0.00136 -0.01760 0.00784 0.01232 -0.01468 0.02200 0.02020 0.01676 -0.05080
148.0  0.01568 0.00140 -0.01788 0.00708 0.01108 -0.01164 0.02572 0.01976 0.01612 -0.04676
148.5  0.01152 0.00136 -0.01792 0.00564 0.01028 -0.00904 0.02852 0.01916 0.01568 -0.04316
149.0  0.00732 0.00124 -0.01776 0.00380 0.00960 -0.00748 0.03084 0.01788 0.01544 -0.04004
149.5  0.00304 0.00108 -0.01732 0.00184 0.00892 -0.00724 0.03332 0.01500 0.01548 -0.03732
150.0  -0.00124 0.00088 -0.01668 -0.00020 0.00812 -0.00896 0.03596 0.00792 0.01592 -0.03488
150.5  -0.00552 0.00068 -0.01576 -0.00236 0.00716 -0.01320 0.03584 -0.00288 0.01696 -0.03268
151.0  -0.00984 0.00044 -0.01456 -0.00444 0.00608 -0.01896 0.03248 -0.00724 0.01868 -0.03060
151.5  -0.01416 0.00020 -0.01316 -0.00644 0.00480 -0.02324 0.02368 0.01864 0.02064 -0.02868
152.0  -0.01856 0.00000 -0.01152 -0.00840 0.00336 -0.02544 0.01532 0.02364 0.02216 -0.02668
152.5  -0.02296 -0.00016 -0.00968 -0.01024 0.00172 -0.02652 0.01380 0.02404 0.02252 -0.02476
153.0  -0.02744 -0.00028 -0.00764 -0.01192 -0.00004 -0.02696 0.01364 0.02500 0.02192 -0.02284
153.5  -0.03196 -0.00032 -0.00544 -0.01340 -0.00192 -0.02680 0.01440 0.02656 0.02032 -0.02092
154.0  -0.03648 -0.00032 -0.00316 -0.01464 -0.00376 -0.02608 0.01596 0.02844 0.01780 -0.01924
154.5  -0.04100 -0.00024 -0.00076 -0.01564 -0.00556 -0.02448 0.01840 0.03028 0.01452 -0.01772
155.0  -0.04544 -0.00012 0.00172 -0.01644 -0.00712 -0.02112 0.02212 0.03172 0.01100 -0.01668
155.5  -0.04976 0.00004 0.00416 -0.01704 -0.00844 -0.01476 0.02660 0.03264 0.00776 -0.01608
156.0  -0.05384 0.00024 0.00660 -0.01752 -0.00956 -0.00708 0.02936 0.03312 0.00508 -0.01556
156.5  -0.05764 0.00044 0.00900 -0.01784 -0.01044 -0.00172 0.02988 0.03332 0.00316 -0.01364
157.0  -0.06108 0.00060 0.01136 -0.01804 -0.01116 0.00136 0.02968 0.03340 0.00180 -0.01028
157.5  -0.06400 0.00076 0.01364 -0.01808 -0.01172 0.00312 0.02924 0.03336 0.00100 -0.00636
158.0  -0.06644 0.00084 0.01584 -0.01804 -0.01216 0.00424 0.02884 0.03328 0.00052 -0.00228
158.5  -0.06828 0.00092 0.01796 -0.01784 -0.01264 0.00504 0.02848 0.03312 0.00036 0.00192
159.0  -0.06956 0.00092 0.01996 -0.01752 -0.01308 0.00572 0.02824 0.03296 0.00044 0.00624
159.5  -0.07024 0.00084 0.02188 -0.01708 -0.01364 0.00648 0.02804 0.03260 0.00056 0.01060
160.0  -0.07040 0.00080 0.02368 -0.01648 -0.01408 0.00736 0.02796 0.03216 0.00088 0.01500
160.5  -0.07004 0.00072 0.02536 -0.01584 -0.01452 0.00840 0.02796 0.03152 0.00120 0.01944
161.0  -0.06928 0.00064 0.02688 -0.01516 -0.01480 0.00968 0.02808 0.03072 0.00140 0.02372
161.5  -0.06812 0.00056 0.02820 -0.01436 -0.01496 0.01116 0.02824 0.02968 0.00136 0.02776
162.0  -0.06660 0.00048 0.02936 -0.01348 -0.01504 0.01304 0.02836 0.02840 0.00088 0.03140
162.5  -0.06480 0.00040 0.03028 -0.01252 -0.01488 0.01532 0.02828 0.02684 0.00004 0.03428
163.0  -0.06272 0.00032 0.03096 -0.01148 -0.01460 0.01848 0.02768 0.02504 -0.00116 0.03596
163.5  -0.06036 0.00020 0.03136 -0.01056 -0.01404 0.02328 0.02548 0.02296 -0.00260 0.03600
164.0  -0.05776 0.00008 0.03144 -0.01112 -0.01208 0.03064 0.01844 0.02068 -0.00388 0.03376
164.5  -0.05492 -0.00004 0.03124 -0.01496 0.00208 0.03612 0.00648 0.01920 -0.00208 0.02932
165.0  -0.05184 -0.00020 0.03072 -0.01352 0.00288 0.03656 -0.00228 0.01940 0.00252 0.02344
165.5  -0.04856 -0.00036 0.02988 -0.01232 0.00168 0.03300 -0.01112 0.02260 -0.00064 0.01712
166.0  -0.04504 -0.00056 0.02872 -0.01120 0.00012 0.02452 -0.02180 0.02492 -0.00432 0.01116
166.5  -0.04132 -0.00072 0.02724 -0.00992 -0.00148 0.01448 -0.02736 0.02640 -0.00692 0.00568
167.0  -0.03740 -0.00088 0.02552 -0.00860 -0.00308 0.00720 -0.02828 0.02752 -0.00868 0.00088
167.5  -0.03328 0.00104 0.02356 -0.00720 -0.00472 0.00228 -0.02744 0.02836 -0.00976 -0.00344
168.0  -0.02892 0.00116 0.02136 -0.00584 -0.00628 -0.00124 -0.02604 0.02896 -0.01040 -0.00720
168.5  -0.02436 0.00124 0.01900 -0.00452 -0.00776 -0.00400 -0.02436 0.02948 -0.01064 -0.01076
169.0  -0.01964 0.00128 0.01648 -0.00324 -0.00916 -0.00628 -0.02264 0.02992 -0.01052 -0.01424
169.5  -0.01480 0.00124 0.01384 -0.00216 -0.01048 -0.00820 -0.02088 0.03032 -0.01000 -0.01772
170.0  -0.00976 0.00116 0.01112 -0.00116 -0.01172 -0.00992 -0.01904 0.03072 -0.00904 -0.02136
170.5  -0.00464 0.00104 0.00840 -0.00036 -0.01292 -0.01152 -0.01700 0.03120 -0.00768 -0.02504
171.0  0.00060 0.00088 0.00564 0.00020 -0.01408 -0.01316 -0.01484 0.03164 -0.00584 -0.02864
171.5  0.00588 0.00064 0.00288 0.00048 -0.01516 -0.01484 -0.01212 0.03212 -0.00396 -0.03196
172.0  0.01124 0.00040 0.00012 0.00024 -0.01624 -0.01644 -0.00888 0.03252 -0.00196 -0.03464
172.5  0.01664 0.00012 -0.00256 -0.00072 -0.01732 -0.01748 -0.00536 0.03284 0.00020 -0.03652
173.0  0.02200 -0.00012 -0.00516 -0.00292 -0.01816 -0.01784 -0.00252 0.03296 0.00312 -0.03740
173.5  0.02724 -0.00036 -0.00768 -0.00656 -0.01840 -0.01788 -0.00052 0.03208 0.00904 -0.03724
174.0  0.03236 -0.00052 -0.01008 -0.01072 -0.01768 -0.01796 0.00068 0.02716 0.01960 -0.03604
174.5  0.03720 -0.00064 -0.01236 -0.01404 -0.01672 -0.01812 0.00124 0.02076 0.02648 -0.03436
175.0  0.04176 -0.00072 -0.01452 -0.01632 -0.01616 -0.01836 0.00140 0.01824 0.02848 -0.03216
175.5  0.04588 -0.00072 -0.01652 -0.01796 -0.01604 -0.01864 0.00124 0.01804 0.02884 -0.02968
176.0  0.04952 -0.00068 -0.01836 -0.01912 -0.01632 -0.01884 0.00064 0.01892 0.02848 -0.02724
176.5  0.05268 -0.00060 -0.02000 -0.01976 -0.01700 -0.01896 -0.00032 0.02040 0.02772 -0.02480
177.0  0.05532 -0.00048 -0.02148 -0.01980 -0.01816 -0.01888 -0.00148 0.02208 0.02676 -0.02276
177.5  0.05740 -0.00040 -0.02276 -0.01884 -0.01996 -0.01864 -0.00212 0.02376 0.02572 -0.02112
178.0  0.05896 -0.00032 -0.02380 -0.01664 -0.02228 -0.01840 -0.00132 0.02548 0.02460 -0.01972
178.5  0.06000 -0.00024 -0.02468 -0.01328 -0.02448 -0.01824 0.00200 0.02692 0.02344 -0.01856
179.0  0.06060 -0.00020 -0.02532 -0.00972 -0.02584 -0.01812 0.00772 0.02716 0.02224 -0.01760
179.5  0.06080 -0.00016 -0.02576 -0.00704 -0.02612 -0.01804 0.01352 0.02612 0.02100 -0.01700
180.0  0.06072 -0.00016 -0.02608 -0.00528 -0.02560 -0.01804 0.01780 0.02480 0.01956 -0.01680
180.5  0.06044 -0.00016 -0.02616 -0.00432 -0.02452 -0.01804 0.02088 0.02372 0.01800 -0.01668
181.0  0.06012 -0.00020 -0.02608 -0.00356 -0.02308 -0.01804 0.02336 0.02284 0.01624 -0.01676
181.5  0.05984 -0.00020 -0.02580 -0.00336 -0.02132 -0.01804 0.02556 0.02196 0.01436 -0.01688
182.0  0.05964 -0.00028 -0.02540 -0.00304 -0.01940 -0.01800 0.02792 0.02064 0.01240 -0.01696
182.5  0.05948 -0.00032 -0.02480 -0.00300 -0.01736 -0.01808 0.03156 0.01664 0.01044 -0.01688
183.0  0.05940 -0.00036 -0.02408 -0.00272 -0.01524 -0.01844 0.03532 -0.00868 0.00852 -0.01656
183.5  0.05924 -0.00040 -0.02308 -0.00268 -0.01308 -0.01948 0.02804 -0.02352 0.00672 -0.01612
184.0  0.05884 -0.00044 -0.02192 -0.00248 -0.01092 -0.02200 0.02388 -0.02672 0.00528 -0.01600
184.5  0.05804 -0.00044 -0.02056 -0.00224 -0.00884 -0.02656 0.01688 -0.02840 0.00464 -0.01784
185.0  0.05676 -0.00048 -0.01900 -0.00200 -0.00692 -0.02948 0.00708 -0.02976 0.00568 -0.01464
185.5  0.05488 -0.00040 -0.01732 -0.00184 -0.00508 -0.02924 0.00264 -0.03008 0.00864 -0.01432
186.0  0.05228 -0.00036 -0.01548 -0.00156 -0.00340 -0.02768 0.01108 -0.02864 0.01124 -0.01460
186.5  0.04896 -0.00028 -0.01348 -0.00164 -0.00176 -0.02528 0.01616 -0.02744 0.01268 -0.01540
187.0  0.04496 -0.00016 -0.01140 -0.00176 -0.00028 -0.02220 0.01956 -0.02688 0.01364 -0.01668
187.5  0.04036 -0.00000 -0.00924 -0.00212 0.00108 -0.01888 0.02184 -0.02652 0.01436 -0.01836
188.0  0.03516 0.00012 -0.00704 -0.00272 0.00232 -0.01568 0.02304 -0.02612 0.01504 -0.02024
188.5  0.02960 0.00032 -0.00480 -0.00360 0.00336 -0.01308 0.02336 -0.02568 0.01564 -0.02224
189.0  0.02372 0.00044 -0.00252 -0.00456 0.00428 -0.01104 0.02304 -0.02532 0.01608 -0.02428
189.5  0.01772 0.00056 -0.00028 -0.00556 0.00516 -0.00968 0.02216 -0.02508 0.01636 -0.02620
190.0  0.01176 0.00068 0.00188 -0.00656 0.00608 -0.00904 0.02080 -0.02500 0.01640 -0.02800
190.5  0.00600 0.00072 0.00396 -0.00740 0.00708 -0.00920 0.01892 -0.02516 0.01624 -0.02956
191.0  0.00056 0.00072 0.00592 -0.00824 0.00804 -0.01020 0.01632 -0.02552 0.01620 -0.03096
191.5  -0.00440 0.00072 0.00776 -0.00904 0.00888 -0.01200 0.01260 -0.02604 0.01608 -0.03220
192.0  -0.00888 0.00064 0.00940 -0.01212 -0.00680 -0.01416 0.00784 -0.02644 0.01580 -0.03320
192.5  -0.01280 0.00052 0.01092 -0.01208 -0.00896 -0.01612 0.00232 -0.03020 0.00428 -0.03420
193.0  -0.01628 0.00036 0.01220 -0.01328 -0.00924 -0.01740 -0.00320 -0.02036 -0.02168 -0.03568
193.5  -0.01932 0.00016 0.01336 -0.01464 -0.00920 -0.01756 -0.00852 -0.01988 -0.02092 -0.04920
194.0  -0.02204 -0.00004 0.01428 -0.01592 -0.00892 -0.01648 -0.01320 -0.02036 -0.01964 -0.04116
194.5  -0.02448 -0.00024 0.01504 -0.01728 -0.00852 -0.01524 -0.01652 -0.02120 -0.01828 -0.04088
195.0  -0.02676 -0.00048 0.01564 -0.01848 -0.00796 -0.01468 -0.01856 -0.02228 -0.01696 -0.04104
195.5  -0.02892 -0.00064 0.01604 -0.01952 -0.00736 -0.01484 -0.01980 -0.02348 -0.01568 -0.04104
196.0  -0.03096 -0.00080 0.01628 -0.02044 -0.00676 -0.01548 -0.02052 -0.02468 -0.01444 -0.04096
196.5  -0.03288 -0.00092 0.01636 -0.02116 -0.00624 -0.01644 -0.02088 -0.02576 -0.01336 -0.04076
197.0  -0.03468 -0.00096 0.01628 -0.02168 -0.00584 -0.01764 -0.02104 -0.02676 -0.01236 -0.04056
197.5  -0.03636 -0.00096 0.01608 -0.02196 -0.00560 -0.01892 -0.02100 -0.02756 -0.01156 -0.04052
198.0  -0.03788 -0.00092 0.01572 -0.02196 -0.00560 -0.02028 -0.02088 -0.02820 -0.01104 -0.04060
198.5  -0.03928 -0.00088 0.01520 -0.02168 -0.00584 -0.02168 -0.02072 -0.02852 -0.01076 -0.04064
199.0  -0.04052 -0.00076 0.01456 -0.02112 -0.00628 -0.02324 -0.02064 -0.02852 -0.01060 -0.04096
199.5  -0.04156 -0.00068 0.01376 -0.02020 -0.00680 -0.02500 -0.02124 -0.02764 -0.01056 -0.04128
200.0  -0.04248 -0.00056 0.01288 -0.01892 -0.00728 -0.02716 -0.03032 -0.01588 -0.01028 -0.04148
200.5  -0.04324 -0.00044 0.01184 -0.01748 -0.00760 -0.02980 -0.02888 -0.01600 -0.00932 -0.04152
201.0  -0.04388 -0.00036 0.01068 -0.01580 -0.00752 -0.03328 -0.02488 -0.01864 -0.00628 -0.04100
201.5  -0.04444 -0.00028 0.00940 -0.01408 -0.00704 -0.03720 -0.01924 -0.02012 -0.00160 -0.03980
202.0  -0.04488 -0.00020 0.00800 -0.01236 -0.00612 -0.04028 -0.01128 -0.02128 0.00112 -0.03736
202.5  -0.04524 -0.00020 0.00648 -0.01060 -0.00484 -0.04180 0.00124 -0.02204 0.00220 -0.03340
203.0  -0.04544 -0.00016 0.00488 -0.00876 -0.00328 -0.04216 0.00848 -0.02028 0.00336 -0.02848
203.5  -0.04556 -0.00012 0.00312 -0.00680 -0.00176 -0.04160 0.01064 -0.02068 0.00568 -0.02360
204.0  -0.04544 -0.00012 0.00128 -0.00456 -0.00072 -0.04024 0.01176 -0.02224 0.00848 -0.01928
204.5  -0.04512 -0.00016 -0.00064 -0.00228 -0.00032 -0.03844 0.01036 -0.02544 0.01036 -0.01548
205.0  -0.04448 -0.00016 -0.00260 0.00008 -0.00040 -0.03640 0.00104 -0.02992 0.01116 -0.01216
205.5  -0.04348 -0.00016 -0.00460 0.00228 -0.00084 -0.03428 -0.01180 -0.03000 0.01120 -0.00932
206.0  -0.04216 -0.00024 -0.00660 0.00440 -0.00144 -0.03216 -0.01804 -0.02908 0.01088 -0.00696
206.5  -0.04040 -0.00028 -0.00856 0.00636 -0.00204 -0.03004 -0.02144 -0.02868 0.01024 -0.00500
207.0  -0.03828 -0.00036 -0.01048 0.00808 -0.00264 -0.02804 -0.02368 -0.02844 0.00948 -0.00332
207.5  -0.03580 -0.00044 -0.01228 0.00972 -0.00320 -0.02616 -0.02524 -0.02816 0.00856 -0.00196
208.0  -0.03304 -0.00048 -0.01400 0.01116 -0.00360 -0.02444 -0.02636 -0.02772 0.00764 -0.00088
208.5  -0.03004 -0.00056 -0.01552 0.01248 -0.00388 -0.02296 -0.02716 -0.02696 0.00668 -0.00008
209.0  -0.02688 -0.00060 -0.01688 0.01356 -0.00404 -0.02188 -0.02768 -0.02596 0.00576 0.00044
209.5  -0.02368 -0.00064 -0.01808 0.01456 -0.00408 -0.02108 -0.02800 -0.02452 0.00500 0.00060
210.0  -0.02048 -0.00068 -0.01904 0.01552 -0.00380 -0.02060 -0.02816 -0.02264 0.00440 0.00032
210.5  -0.01736 -0.00064 -0.01972 0.01636 -0.00320 -0.02024 -0.02800 -0.02084 0.00380 -0.00048
211.0  -0.01440 -0.00064 -0.02016 0.01728 -0.00204 -0.01948 -0.02748 -0.01976 0.00272 -0.00212
211.5  -0.01164 -0.00056 -0.02036 0.01800 -0.00028 -0.01756 -0.02728 -0.01924 0.00088 -0.00480
212.0  -0.00908 -0.00048 -0.02024 0.01852 0.00168 -0.01352 -0.02824 -0.01836 -0.00088 -0.00892
212.5  -0.00668 -0.00032 -0.01988 0.01880 0.00332 -0.00736 -0.02956 -0.01680 -0.00228 -0.01524
213.0  -0.00452 -0.00012 -0.01924 0.01908 0.00436 -0.00200 -0.02988 -0.01472 -0.00340 -0.02432
213.5  -0.00248 0.00012 -0.01832 0.01944 0.00476 0.00132 -0.02956 -0.01228 -0.00440 -0.03632
214.0  -0.00056 0.00040 -0.01716 0.01988 0.00472 0.00328 -0.02912 -0.00972 -0.00536 -0.04860
214.5  0.00132 0.00072 -0.01576 0.02024 0.00440 0.00456 -0.02872 -0.00716 -0.00640 -0.05812
215.0  0.00316 0.00104 -0.01416 0.02048 0.00380 0.00540 -0.02832 -0.00496 -0.00748 -0.06428
215.5  0.00504 0.00128 -0.01232 0.02068 0.00312 0.00612 -0.02796 -0.00324 -0.00872 -0.06828
216.0  0.00696 0.00156 -0.01036 0.02068 0.00240 0.00668 -0.02764 -0.00220 -0.00996 -0.07068
216.5  0.00896 0.00176 -0.00820 0.02052 0.00172 0.00716 -0.02732 -0.00184 -0.01080 -0.07200
217.0  0.01104 0.00188 -0.00596 0.02016 0.00116 0.00764 -0.02704 -0.00212 -0.01088 -0.07252
217.5  0.01324 0.00196 -0.00364 0.01964 0.00092 0.00804 -0.02684 -0.00276 -0.01048 -0.07228
218.0  0.01548 0.00196 -0.00124 0.01892 0.00112 0.00848 -0.02676 -0.00360 -0.00980 -0.07144
218.5  0.01776 0.00188 0.00120 0.01804 0.00220 0.00888 -0.02680 -0.00420 -0.00900 -0.07016
219.0  0.02004 0.00176 0.00364 0.01652 0.00496 0.00936 -0.02728 -0.00280 -0.00800 -0.06864
219.5  0.02228 0.00160 0.00604 0.01368 0.00880 0.01000 -0.01100 -0.02572 -0.00624 -0.06692
220.0  0.02444 0.00144 0.00840 0.01088 0.01072 0.01144 -0.00820 -0.02728 -0.00204 -0.06512
220.5  0.02644 0.00124 0.01072 0.00920 0.01084 -0.01184 0.00828 -0.02524 -0.01132 -0.06316
221.0  0.02824 0.00108 0.01292 0.00824 0.01024 -0.01068 0.01000 -0.01984 -0.02024 -0.06100
221.5  0.02976 0.00088 0.01508 0.00748 0.00936 -0.01028 -0.01692 0.01304 -0.02256 -0.05860
222.0  0.03096 0.00076 0.01708 0.00688 0.00840 -0.00980 -0.01652 0.01464 -0.02348 -0.05592
222.5  0.03180 0.00064 0.01900 0.00624 0.00736 -0.00912 -0.01652 0.01672 -0.02388 -0.05188
223.0  0.03224 0.00052 0.02076 0.00564 0.00624 -0.00844 -0.01676 0.01904 -0.02376 -0.04000
223.5  0.03224 0.00048 0.02240 0.00500 0.00504 -0.00764 -0.01708 0.02152 -0.02316 -0.02432
224.0  0.03180 0.00044 0.02384 0.00436 0.00376 -0.00692 -0.01740 0.02400 -0.02208 -0.01744
224.5  0.03096 0.00040 0.02516 0.00372 0.00232 -0.00616 -0.01784 0.02644 -0.02044 -0.01420
225.0  0.02980 0.00040 0.02628 0.00312 0.00072 -0.00544 -0.01840 0.02868 -0.01844 -0.01228
225.5  0.02836 0.00040 0.02724 0.00264 -0.00108 -0.00484 -0.01912 0.03060 -0.01620 -0.01092
226.0  0.02676 0.00044 0.02804 0.00228 -0.00308 -0.00440 -0.02004 0.03216 -0.01396 -0.00976
226.5  0.02512 0.00044 0.02856 0.00200 -0.00528 -0.00424 -0.02104 0.03336 -0.01200 -0.00876
227.0  0.02356 0.00044 0.02896 0.00184 -0.00764 -0.00432 -0.02212 0.03412 -0.01028 -0.00784
227.5  0.02216 0.00044 0.02908 0.00172 -0.01008 -0.00476 -0.02320 0.03456 -0.00900 -0.00688
228.0  0.02096 0.00044 0.02896 0.00160 -0.01260 -0.00592 -0.02400 0.03460 -0.00816 -0.00592
228.5  0.02004 0.00040 0.02864 0.00140 -0.01504 -0.01312 -0.02200 0.03432 -0.00780 -0.00496
229.0  0.01940 0.00036 0.02800 0.00120 -0.01720 -0.02624 -0.00188 0.03376 -0.00792 -0.00400
229.5  0.01900 0.00028 0.02712 0.00068 -0.01956 -0.02684 0.00008 0.03292 -0.00864 -0.00340
230.0  0.01888 0.00024 0.02592 0.00024 -0.02152 -0.02720 -0.00012 0.03176 -0.01012 -0.00308
230.5  0.01896 0.00020 0.02448 -0.00036 -0.02304 -0.02732 -0.00104 0.03004 -0.01256 -0.00308
231.0  0.01920 0.00012 0.02276 -0.00104 -0.02452 -0.02724 -0.00252 0.02780 -0.01548 -0.00348
231.5  0.01960 0.00004 0.02076 -0.00164 -0.02556 -0.02688 -0.00448 0.02548 -0.01788 -0.00408
232.0  0.02000 -0.00000 0.01856 -0.00220 -0.02628 -0.02628 -0.00684 0.02400 -0.01868 -0.00492
232.5  0.02036 -0.00008 0.01620 -0.00284 -0.02668 -0.02520 -0.00912 0.02400 -0.01788 -0.00592
233.0  0.02052 -0.00016 0.01368 -0.00344 -0.02684 -0.02356 -0.00976 0.02604 -0.01560 -0.00712
233.5  0.02044 -0.00024 0.01104 -0.00408 -0.02668 -0.02116 0.01136 0.02844 -0.01228 -0.00836
234.0  0.02000 -0.00032 0.00828 -0.00480 -0.02624 -0.01780 0.02484 0.02248 -0.00848 -0.00952
234.5  0.01920 -0.00040 0.00548 -0.00552 -0.02552 -0.01364 0.02872 0.02152 -0.00476 -0.01068
235.0  0.01800 -0.00048 0.00264 -0.00620 -0.02456 -0.00928 0.03152 0.02028 -0.00144 -0.01164
235.5  0.01648 -0.00048 -0.00024 -0.00664 -0.02340 -0.00512 0.03388 0.01804 0.00140 -0.01244
236.0  0.01472 -0.00048 -0.00312 -0.00688 -0.02200 -0.00144 0.03612 0.01408 0.00384 -0.01296
236.5  0.01280 -0.00048 -0.00600 -0.00696 -0.02056 0.00168 0.03804 0.00796 0.00584 -0.01332
237.0  0.01076 -0.00040 -0.00884 -0.00676 -0.01900 0.00456 0.03864 0.00068 0.00756 -0.01352
237.5  0.00876 -0.00032 -0.01168 -0.00640 -0.01736 0.00724 0.03788 -0.00544 0.00900 -0.01388
238.0  0.00680 -0.00020 -0.01444 -0.00588 -0.01572 0.00996 0.03632 -0.00960 0.01028 -0.01444
238.5  0.00496 -0.00008 -0.01716 -0.00524 -0.01408 0.01280 0.03436 -0.01240 0.01144 -0.01580
239.0  0.00316 0.00000 -0.01972 -0.00452 -0.01244 0.01592 0.03176 -0.01460 0.01256 -0.01812
239.5  0.00148 0.00008 -0.02220 -0.00380 -0.01076 0.01916 0.02820 -0.01668 0.01392 -0.02180
240.0  -0.00012 0.00016 -0.02452 -0.00308 -0.00916 0.02224 0.02260 -0.01940 0.01560 -0.02684
240.5  -0.00164 0.00020 -0.02668 -0.00228 -0.00760 0.02476 0.01208 -0.02316 0.01796 -0.03128
241.0  -0.00308 0.00024 -0.02864 -0.00128 -0.00616 0.02616 0.00276 -0.02120 0.02148 -0.03344
241.5  -0.00444 0.00028 -0.03040 -0.00052 -0.00472 0.02648 0.00428 -0.00636 0.02896 -0.03452
242.0  -0.00576 0.00032 -0.03192 -0.00060 -0.00356 0.02548 0.00960 0.01944 0.02172 -0.03524
242.5  -0.00708 0.00036 -0.03324 -0.00148 -0.00272 0.02324 0.01488 0.02148 0.01912 -0.03576
243.0  -0.00836 0.00040 -0.03428 -0.00264 -0.00196 0.02048 0.01888 0.02208 0.01832 -0.03620
243.5  -0.00968 0.00040 -0.03504 -0.00400 -0.00136 0.01816 0.02124 0.02240 0.01824 -0.03664
244.0  -0.01108 0.00036 -0.03556 -0.00540 -0.00076 0.01692 0.02232 0.02264 0.01852 -0.03696
244.5  -0.01252 0.00032 -0.03580 -0.00680 -0.00016 0.01656 0.02284 0.02284 0.01900 -0.03704
245.0  -0.01404 0.00020 -0.03576 -0.00828 0.00048 0.01672 0.02340 0.02272 0.01952 -0.03696
245.5  -0.01564 0.00008 -0.03548 -0.00980 0.00108 0.01712 -0.02508 -0.02136 0.02004 -0.03664
246.0  -0.01732 -0.00012 -0.03496 -0.01136 0.00164 0.01756 -0.02512 -0.02196 0.02044 -0.03604
246.5  -0.01904 -0.00028 -0.03416 -0.01304 0.00216 0.01796 -0.02572 -0.02216 0.02076 -0.03520
247.0  -0.02084 -0.00040 -0.03320 -0.01480 0.00252 0.01812 -0.02640 -0.02252 0.02080 -0.03416
247.5  -0.02260 -0.00056 -0.03196 -0.01664 0.00256 0.01808 -0.02712 -0.02308 0.02056 -0.03304
248.0  -0.02440 -0.00068 -0.03056 -0.01856 0.00228 0.01780 -0.02788 -0.02396 0.01996 -0.03192
248.5  -0.02616 -0.00072 -0.02892 -0.02048 0.00144 0.01704 -0.02868 -0.02512 0.01896 -0.03084
249.0  -0.02792 -0.00076 -0.02712 -0.02232 -0.00008 0.01560 -0.02964 -0.02652 0.01744 -0.03008
249.5  -0.02956 -0.00076 -0.02516 -0.02388 -0.00196 0.01272 -0.03096 -0.02808 0.01528 -0.02988
250.0  -0.03112 -0.00076 -0.02296 -0.02516 -0.00388 0.00560 -0.03284 -0.02968 0.01232 -0.02996
250.5  -0.03252 -0.00072 -0.02064 -0.02612 -0.00568 -0.00932 -0.03168 -0.03116 0.00864 -0.02776
251.0  -0.03376 -0.00068 -0.01820 -0.02680 -0.00716 -0.01820 -0.02708 -0.03224 0.00436 -0.02416
251.5  -0.03476 -0.00064 -0.01564 -0.02728 -0.00832 -0.02064 -0.02452 -0.03276 0.00020 -0.02088
252.0  -0.03556 -0.00056 -0.01296 -0.02748 -0.00916 -0.02076 -0.02344 -0.03292 -0.00320 -0.01784
252.5  -0.03608 -0.00044 -0.01024 -0.02744 -0.00980 -0.01956 -0.02336 -0.03300 -0.00524 -0.01480
253.0  -0.03636 -0.00036 -0.00752 -0.02716 -0.01028 -0.01708 -0.02468 -0.03280 -0.00580 -0.01168
253.5  -0.03636 -0.00028 -0.00476 -0.02660 -0.01064 -0.01364 -0.03580 -0.02200 -0.00524 -0.00820
254.0  -0.03612 -0.00020 -0.00204 -0.02584 -0.01084 -0.01012 -0.04172 -0.00924 -0.00420 -0.00464
254.5  -0.03560 -0.00016 0.00060 -0.02488 -0.01084 -0.00756 -0.04272 0.00508 -0.00332 -0.00088
255.0  -0.03484 -0.00016 0.00320 -0.02376 -0.01076 -0.00620 -0.04268 -0.00536 -0.00284 0.00300
255.5  -0.03388 -0.00020 0.00572 -0.02252 -0.01048 -0.00584 -0.04084 -0.01300 -0.00268 0.00692
256.0  -0.03268 -0.00028 0.00812 -0.02124 -0.00996 -0.00616 -0.03948 -0.01620 -0.00276 0.01080
256.5  -0.03132 -0.00044 0.01044 -0.02004 -0.00928 -0.00708 -0.03880 -0.01712 -0.00308 0.01456
257.0  -0.02980 -0.00060 0.01260 -0.01888 -0.00840 -0.00848 -0.03856 -0.01680 -0.00356 0.01816
257.5  -0.02816 -0.00076 0.01464 -0.01776 -0.00732 -0.01060 -0.03840 -0.01564 -0.00412 0.02144
258.0  -0.02644 -0.00092 0.01656 -0.01672 -0.00612 -0.01384 -0.03784 -0.01384 -0.00488 0.02440
258.5  -0.02464 -0.00104 0.01832 -0.01568 -0.00488 -0.01912 -0.03604 -0.01144 -0.00568 0.02692
259.0  -0.02284 -0.00112 0.01992 -0.01468 -0.00352 -0.02644 -0.03140 -0.00888 -0.00660 0.02880
259.5  -0.02100 -0.00116 0.02136 -0.01368 -0.00216 -0.03240 -0.02488 -0.00740 -0.00752 0.02964
260.0  -0.01916 -0.00116 0.02268 -0.01268 -0.00080 -0.03428 -0.02060 -0.00904 -0.00780 0.02920
260.5  -0.01728 -0.00112 0.02384 -0.01164 0.00080 -0.03344 -0.01904 -0.01396 -0.00420 0.02760
261.0  -0.01536 -0.00104 0.02488 -0.01028 0.00268 -0.03104 -0.00612 -0.02512 -0.00008 0.02536
261.5  -0.01336 -0.00092 0.02576 -0.00824 0.00492 -0.02720 0.01664 -0.02336 0.00100 0.02308
262.0  -0.01132 -0.00080 0.02652 -0.00556 0.00668 -0.02076 0.02236 -0.02356 0.00136 0.02092
262.5  -0.00916 -0.00068 0.02716 -0.00304 0.00716 -0.01148 0.02664 -0.02368 0.00164 0.01904
263.0  -0.00684 -0.00060 0.02772 -0.00112 0.00688 -0.00404 0.02752 -0.02332 0.00200 0.01716
263.5  -0.00444 -0.00056 0.02812 0.00040 0.00628 0.00012 0.02756 -0.02176 0.00244 0.01552
264.0  -0.00184 -0.00048 0.02840 0.00172 0.00556 0.00192 0.03008 -0.01568 0.00284 0.01372
264.5  0.00096 -0.00048 0.02852 0.00300 0.00476 0.00044 0.03292 0.00028 0.00320 0.01220
265.0  0.00396 -0.00052 0.02856 0.00432 0.00400 -0.01776 0.02600 0.00560 0.00328 0.01064
265.5  0.00712 -0.00056 0.02844 0.00564 0.00328 -0.02596 0.01652 0.00560 0.00268 0.00908
266.0  0.01044 -0.00060 0.02812 0.00704 0.00280 -0.02648 0.00580 0.01468 -0.00016 0.00760
266.5  0.01392 -0.00068 0.02768 0.00852 0.00260 -0.02640 0.00300 0.01364 -0.00584 0.00608
267.0  0.01744 -0.00072 0.02704 0.00996 0.00300 -0.02624 0.00216 0.01024 -0.01064 0.00448
267.5  0.02092 -0.00080 0.02624 0.01120 0.00412 -0.02612 0.00036 0.00732 -0.01324 0.00264
268.0  0.02432 -0.00084 0.02524 0.01216 0.00584 -0.02484 -0.00720 0.00520 -0.01472 0.00052
268.5  0.02756 -0.00088 0.02408 0.01280 0.00776 -0.01012 -0.02360 0.00384 -0.01568 -0.00220
269.0  0.03048 -0.00088 0.02272 0.01328 0.00960 -0.00600 -0.02488 0.00304 -0.01632 -0.00664
269.5  0.03308 -0.00080 0.02120 0.01336 0.01144 -0.00468 -0.02520 0.00276 -0.01656 -0.02320
270.0  0.03528 -0.00072 0.01948 0.01268 0.01360 -0.00412 -0.02556 0.00276 -0.01640 -0.06196
270.5  0.03704 0.00060 0.01772 0.01036 0.01644 -0.00392 -0.02596 0.00296 -0.01592 -0.06092
271.0  0.03836 0.00040 0.01584 0.00588 0.01908 -0.00404 -0.02660 0.00316 -0.01488 -0.05928
271.5  0.03924 0.00024 0.01380 0.00184 0.02016 -0.00448 -0.02744 0.00292 -0.01336 -0.05808
272.0  0.03964 0.00008 0.01176 -0.00020 0.02032 -0.00512 -0.02840 0.00044 -0.01120 -0.05692
272.5  0.03964 -0.00008 0.00956 -0.00108 0.02028 -0.00596 -0.01612 -0.02436 -0.00856 -0.05568
273.0  0.03924 -0.00020 0.00744 -0.00120 0.01992 -0.00688 -0.00948 -0.02840 -0.00552 -0.05424
273.5  0.03860 -0.00028 0.00528 -0.00104 0.01948 -0.00764 -0.00888 -0.02916 -0.00232 -0.05236
274.0  0.03784 -0.00028 0.00312 -0.00076 0.01900 -0.00832 -0.00948 -0.02940 0.00088 -0.05024
274.5  0.03700 -0.00028 0.00104 -0.00032 0.01832 -0.00888 -0.01080 -0.02920 0.00396 -0.04784
275.0  0.03632 -0.00016 -0.00096 0.00008 0.01756 -0.00940 -0.01264 -0.02864 0.00680 -0.04524
275.5  0.03588 -0.00004 -0.00296 0.00052 0.01684 -0.01004 -0.01480 -0.02772 0.00924 -0.04252
276.0  0.03572 0.00012 -0.00488 0.00092 0.01616 -0.01092 -0.01712 -0.02644 0.01144 -0.03940
276.5  0.03592 0.00028 -0.00676 0.00128 0.01524 -0.01224 -0.01956 -0.02456 0.01348 -0.03600
277.0  0.03636 0.00036 -0.00856 0.00176 0.01436 -0.01412 -0.02320 -0.02084 0.01536 -0.03212
277.5  0.03696 0.00044 -0.01020 0.00220 0.01348 -0.01656 0.02596 0.01644 0.01700 -0.02780
278.0  0.03760 0.00048 -0.01176 0.00272 0.01256 -0.01944 0.02108 0.02168 0.01812 -0.02296
278.5  0.03808 0.00052 -0.01320 0.00332 0.01160 -0.02240 0.01844 0.02368 0.01844 -0.01768
279.0  0.03824 0.00048 -0.01448 0.00408 0.01056 -0.02504 0.01660 0.02548 0.01768 -0.01204
279.5  0.03792 0.00044 -0.01560 0.00488 0.00952 -0.02732 0.01568 0.02720 0.01576 -0.00636
280.0  0.03712 0.00040 -0.01656 0.00580 0.00840 -0.02892 0.01588 0.02868 0.01300 -0.00080
280.5  0.03568 0.00032 -0.01736 0.00676 0.00724 -0.02964 0.01740 0.02968 0.00984 0.00444
281.0  0.03364 0.00024 -0.01796 0.00776 0.00600 -0.02880 0.02068 0.03000 0.00688 0.00916
281.5  0.03104 0.00020 -0.01840 0.00860 0.00476 -0.02520 0.02620 0.02976 0.00436 0.01352
282.0  0.02788 0.00016 -0.01864 0.00940 0.00344 -0.01764 0.03248 0.02920 0.00228 0.01720
282.5  0.02428 0.00008 -0.01868 0.01000 0.00204 -0.00940 0.03608 0.02840 0.00064 0.02024
283.0  0.02032 0.00004 -0.01860 0.01048 0.00040 -0.00344 0.03720 0.02748 -0.00068 0.02244
283.5  0.01608 0.00004 -0.01832 0.01064 -0.00132 0.00060 0.03728 0.02660 -0.00176 0.02420
284.0  0.01168 0.00004 -0.01788 0.01064 -0.00316 0.00356 0.03680 0.02580 -0.00260 0.02544
284.5  0.00728 0.00008 -0.01728 0.01048 -0.00500 0.00600 0.03608 0.02516 -0.00324 0.02628
285.0  0.00300 0.00012 -0.01656 0.01028 -0.00680 0.00824 0.03508 0.02472 -0.00376 0.02668
285.5  -0.00112 0.00016 -0.01572 0.01008 -0.00852 0.01088 0.03372 0.02452 -0.00416 0.02676
286.0  -0.00500 0.00020 -0.01472 0.00996 -0.01012 0.01620 0.03076 0.02444 -0.00452 0.02644
286.5  -0.00856 0.00024 -0.01364 0.00996 -0.01152 0.03248 0.01044 0.02448 -0.00492 0.02552
287.0  -0.01184 0.00028 -0.01248 0.01012 -0.01280 0.03340 -0.00336 0.02456 -0.00528 0.02396
287.5  -0.01492 0.00032 -0.01124 0.01048 -0.01384 0.03244 -0.00692 0.02464 -0.00552 0.02132
288.0  -0.01772 0.00028 -0.00996 0.01096 -0.01468 0.03168 -0.00912 0.02464 -0.00520 0.01708
288.5  -0.02036 0.00024 -0.00856 0.01168 -0.01528 0.03096 -0.01116 0.02480 -0.00344 0.01120
289.0  -0.02288 0.00020 -0.00720 0.01264 -0.01552 0.02964 -0.01372 0.02520 -0.00120 0.00516
289.5  -0.02520 0.00008 -0.00576 0.01408 -0.01516 0.02604 0.01940 0.02544 -0.00116 0.00036
290.0  -0.02736 0.00000 -0.00432 0.01708 -0.01256 0.01880 0.02740 0.02440 -0.00216 -0.00332
290.5  -0.02932 -0.00012 -0.00296 0.02096 0.00512 0.01112 0.03144 0.02424 -0.00304 -0.00620
291.0  -0.03104 -0.00024 -0.00156 0.01844 0.01164 0.00600 0.03248 0.02476 -0.00364 -0.00860
291.5  -0.03252 -0.00036 -0.00024 0.01716 0.01352 0.00308 0.03248 0.02552 -0.00408 -0.01060
292.0  -0.03368 -0.00048 0.00100 0.01608 0.01460 0.00144 0.03216 0.02640 -0.00428 -0.01224
292.5  -0.03452 -0.00056 0.00216 0.01504 0.01528 0.00048 0.03172 0.02736 -0.00428 -0.01356
293.0  -0.03508 -0.00068 0.00320 0.01412 0.01564 0.00000 0.03128 0.02836 -0.00408 -0.01456
293.5  -0.03532 -0.00076 0.00412 0.01332 0.01576 -0.00032 0.03084 0.02940 -0.00360 -0.01524
294.0  -0.03532 -0.00080 0.00492 0.01268 0.01560 -0.00064 0.03048 0.03040 -0.00296 -0.01576
294.5  -0.03508 -0.00080 0.00556 0.01220 0.01520 -0.00108 0.03020 0.03128 -0.00212 -0.01616
295.0  -0.03476 -0.00076 0.00608 0.01196 0.01460 -0.00176 0.03004 0.03208 -0.00128 -0.01652
295.5  -0.03436 -0.00072 0.00644 0.01188 0.01380 -0.00276 0.02996 0.03276 -0.00064 -0.01684
296.0  -0.03400 -0.00064 0.00664 0.01208 0.01276 -0.00416 0.02992 0.03328 -0.00044 -0.01720
296.5  -0.03372 -0.00056 0.00672 0.01232 0.01140 -0.00608 0.03000 0.03360 -0.00060 -0.01772
297.0  -0.03356 -0.00044 0.00664 0.01268 0.00984 -0.00864 0.03012 0.03364 -0.00116 -0.01852
297.5  -0.03348 -0.00032 0.00648 0.01308 0.00776 -0.01184 0.03008 0.03332 -0.00180 -0.01940
298.0  -0.03344 -0.00020 0.00620 0.01336 0.00536 -0.01580 0.02964 0.03276 -0.00204 -0.02020
298.5  -0.03340 -0.00012 0.00580 0.01332 0.00268 -0.02104 0.02792 0.03200 -0.00064 -0.02056
299.0  -0.03324 -0.00004 0.00536 0.01268 -0.00012 -0.03040 0.01976 0.03096 0.00388 -0.02048
299.5  -0.03284 -0.00000 0.00480 0.01152 -0.00264 -0.03696 -0.00452 0.02920 0.00932 -0.02004
300.0  -0.03212 0.00000 0.00420 0.00988 -0.00464 -0.03488 -0.01468 0.02824 0.01132 -0.01944
300.5  -0.03104 0.00000 0.00352 0.00800 -0.00620 -0.03304 -0.01904 0.02836 0.01108 -0.01860
301.0  -0.02956 -0.00000 0.00280 0.00592 -0.00740 -0.03136 -0.02188 0.02900 0.00992 -0.01756
301.5  -0.02764 -0.00008 0.00200 0.00368 -0.00824 -0.02960 -0.02400 0.02972 0.00856 -0.01604
302.0  -0.02540 -0.00012 0.00120 0.00140 -0.00884 -0.02784 -0.02564 0.03036 0.00700 -0.01400
302.5  -0.02284 -0.00016 0.00036 -0.00100 -0.00932 -0.02604 -0.02684 0.03088 0.00548 -0.01148
303.0  -0.02008 -0.00020 -0.00056 -0.00336 -0.00964 -0.02432 -0.02760 0.03128 0.00396 -0.00856
303.5  -0.01720 -0.00024 -0.00148 -0.00568 -0.00996 -0.02268 -0.02788 0.03152 0.00256 -0.00544
304.0  -0.01428 -0.00032 -0.00240 -0.00768 -0.01040 -0.02132 -0.02760 0.03168 0.00116 -0.00212
304.5  -0.01136 -0.00036 -0.00336 -0.00936 -0.01092 -0.02052 -0.02656 0.03176 -0.00016 0.00116
305.0  -0.00864 -0.00040 -0.00432 -0.01064 -0.01164 -0.02108 -0.02424 0.03176 -0.00164 0.00444
305.5  -0.00608 -0.00044 -0.00532 -0.01148 -0.01260 -0.02456 -0.01824 0.03160 -0.00340 0.00772
306.0  -0.00376 -0.00044 -0.00632 -0.01196 -0.01360 -0.02864 -0.00472 0.03116 -0.00584 0.01132
306.5  -0.00176 -0.00056 -0.00728 -0.01212 -0.01440 -0.02720 0.00404 0.03012 -0.00948 0.01568
307.0  -0.00000 -0.00060 -0.00824 -0.01220 -0.01504 -0.02488 0.00848 0.02784 -0.01424 0.02116
307.5  0.00144 -0.00072 -0.00920 -0.01224 -0.01532 -0.02248 0.01248 0.02480 -0.01788 0.02728
308.0  0.00272 -0.00084 -0.01008 -0.01240 -0.01520 -0.01988 0.01700 0.02236 -0.01876 0.03280
308.5  0.00380 -0.00092 -0.01092 -0.01264 -0.01480 -0.01716 0.02248 0.01936 -0.01780 0.03740
309.0  0.00484 -0.00100 -0.01168 -0.01296 -0.01396 -0.01456 0.02832 0.01320 -0.01640 0.04148
309.5  0.00584 -0.00108 -0.01236 -0.01328 -0.01280 -0.01244 0.03160 0.00712 -0.01520 0.04528
310.0  0.00696 -0.00112 -0.01288 -0.01360 -0.01144 -0.01096 0.03292 0.00344 -0.01428 0.04876
310.5  0.00816 -0.00112 -0.01328 -0.01392 -0.00984 -0.00996 0.03352 0.00080 -0.01356 0.05220
311.0  0.00948 -0.00104 -0.01356 -0.01424 -0.00816 -0.00928 0.03372 -0.00196 -0.01292 0.05536
311.5  0.01096 -0.00092 -0.01360 -0.01452 -0.00648 -0.00872 0.03344 -0.00524 -0.01228 0.05840
312.0  0.01260 -0.00072 -0.01348 -0.01476 -0.00492 -0.00808 0.03248 -0.00928 -0.01152 0.06148
312.5  0.01436 -0.00044 -0.01316 -0.01500 -0.00356 -0.00724 0.03076 -0.01364 -0.01048 0.06460
313.0  0.01620 -0.00012 -0.01260 -0.01528 -0.00252 -0.00592 0.02856 -0.01740 -0.00908 0.06772
313.5  0.01808 0.00020 -0.01184 -0.01560 -0.00188 -0.00404 0.02664 -0.01984 -0.00732 0.07068
314.0  0.01996 0.00056 -0.01088 -0.01608 -0.00152 -0.00140 0.02540 -0.02068 -0.00520 0.07324
314.5  0.02176 0.00088 -0.00972 -0.01656 -0.00136 0.00136 0.02512 -0.01996 -0.00288 0.07548
315.0  0.02348 0.00116 -0.00832 -0.01704 -0.00128 0.00340 0.02600 -0.01724 -0.00056 0.07708
315.5  0.02504 0.00136 -0.00676 -0.01748 -0.00120 0.00428 0.02740 -0.01320 0.00172 0.07760
316.0  0.02648 0.00148 -0.00508 -0.01780 -0.00108 0.00424 0.02808 -0.01012 0.00372 0.07588
316.5  0.02772 0.00156 -0.00328 -0.01796 -0.00108 0.00336 0.02832 -0.00860 0.00552 0.06740
317.0  0.02876 0.00152 -0.00144 -0.01792 -0.00112 0.00172 0.02840 -0.00796 0.00692 0.04728
317.5  0.02956 0.00140 0.00052 -0.01772 -0.00160 -0.00096 0.02836 -0.00756 0.00780 0.03060
318.0  0.03008 0.00120 0.00244 -0.01728 -0.00236 -0.00500 0.02800 -0.00724 0.00816 0.02164
318.5  0.03040 0.00100 0.00432 -0.01656 -0.00380 -0.01024 0.02668 -0.00704 0.00792 0.01652
319.0  0.03044 0.00076 0.00624 -0.01544 -0.00508 -0.01532 0.02428 -0.00696 0.00704 0.01312
319.5  0.03024 0.00052 0.00804 -0.01448 -0.00560 -0.01896 0.02176 -0.00744 0.00572 0.01056
320.0  0.02988 0.00024 0.00972 -0.01372 -0.00532 -0.02116 0.00636 -0.02060 0.00428 0.00844
320.5  0.02936 0.00004 0.01132 -0.01324 -0.00436 -0.02220 0.00812 -0.01928 0.00392 0.00656
321.0  0.02872 -0.00016 0.01280 -0.01284 -0.00308 -0.02252 0.00920 -0.01700 0.00964 0.00484
321.5  0.02804 -0.00032 0.01420 -0.01244 -0.00152 -0.02228 0.00956 -0.01420 -0.01496 0.00332
322.0  0.02732 -0.00040 0.01552 -0.01200 0.00016 -0.02176 0.00808 -0.01652 -0.01576 0.00196
322.5  0.02664 -0.00044 0.01680 -0.01144 0.00188 -0.02128 0.00440 -0.01972 -0.01596 0.00072
323.0  0.02596 -0.00048 0.01796 -0.01084 0.00360 -0.02092 0.00028 -0.02188 -0.01608 -0.00040
323.5  0.02532 -0.00044 0.01904 -0.01012 0.00524 -0.02084 -0.00276 -0.02300 -0.01620 -0.00144
324.0  0.02476 -0.00040 0.02008 -0.00936 0.00692 -0.02116 -0.00448 -0.02360 -0.01628 -0.00248
324.5  0.02428 -0.00036 0.02104 -0.00852 0.00848 -0.02192 -0.00484 -0.02388 -0.01624 -0.00384
325.0  0.02388 -0.00036 0.02196 -0.00764 0.00984 -0.02312 -0.00392 -0.02404 -0.01596 -0.00568
325.5  0.02352 -0.00036 0.02276 -0.00676 0.01108 -0.02452 -0.00220 -0.02444 -0.01480 -0.00820
326.0  0.02320 -0.00044 0.02352 -0.00616 0.01224 -0.02580 -0.00176 -0.02612 -0.01024 -0.01136
326.5  0.02284 -0.00052 0.02424 -0.00552 0.01316 -0.02632 -0.00580 -0.02764 -0.00160 -0.01420
327.0  0.02232 -0.00064 0.02484 -0.00516 0.01396 -0.02328 -0.01644 -0.02680 0.00256 -0.01588
327.5  0.02156 -0.00080 0.02532 -0.00496 0.01460 -0.01424 -0.02716 -0.02516 0.00384 -0.01584
328.0  0.02048 -0.00096 0.02572 -0.00500 0.01524 -0.00808 -0.03208 -0.02312 0.00428 -0.01456
328.5  0.01900 -0.00108 0.02600 -0.00516 0.01564 -0.00516 -0.03500 -0.02108 0.00440 -0.01232
329.0  0.01712 -0.00116 0.02612 -0.00548 0.01608 -0.00360 -0.03712 -0.01980 0.00432 -0.00944
329.5  0.01484 -0.00120 0.02612 -0.00572 0.01640 -0.00252 -0.03868 -0.01948 0.00404 -0.00616
330.0  0.01232 -0.00120 0.02592 -0.00608 0.01664 -0.00132 -0.03980 -0.02008 0.00352 -0.00256
330.5  0.00960 -0.00116 0.02552 -0.00624 0.01676 0.00072 -0.04064 -0.02124 0.00284 0.00132
331.0  0.00688 -0.00104 0.02496 -0.00612 0.01684 0.00496 -0.04100 -0.02252 0.00180 0.00528
331.5  0.00424 -0.00092 0.02420 -0.00588 0.01684 0.01376 -0.03952 -0.02368 0.00024 0.00936
332.0  0.00180 -0.00080 0.02320 -0.00520 0.01680 0.02536 -0.03376 -0.02464 -0.00236 0.01332
332.5  -0.00044 -0.00068 0.02204 -0.00416 0.01668 0.03208 -0.02744 -0.02524 -0.00628 0.01700
333.0  -0.00236 -0.00060 0.02064 -0.00276 0.01644 0.03476 -0.02200 -0.02648 -0.01012 0.02024
333.5  -0.00404 -0.00052 0.01900 -0.00108 0.01608 0.03568 -0.00928 -0.03172 -0.01196 0.02292
334.0  -0.00544 -0.00048 0.01716 0.00072 0.01560 0.03572 0.00560 -0.03224 -0.01180 0.02504
334.5  -0.00660 -0.00048 0.01508 0.00260 0.01496 0.03528 0.01020 -0.03156 -0.01020 0.02660
335.0  -0.00760 -0.00044 0.01276 0.00440 0.01428 0.03436 0.01248 -0.03144 -0.00764 0.02768
335.5  -0.00848 -0.00044 0.01028 0.00596 0.01352 0.03292 0.01468 -0.03140 -0.00440 0.02860
336.0  -0.00932 -0.00044 0.00760 0.00732 0.01280 0.03028 0.01828 -0.03108 -0.00100 0.02944
336.5  -0.01016 -0.00044 0.00476 0.00832 0.01204 0.02152 0.02708 -0.03044 0.00208 0.03052
337.0  -0.01112 -0.00040 0.00180 0.00912 0.01132 0.00276 0.03372 -0.02968 0.00452 0.03228
337.5  -0.01220 -0.00040 -0.00120 0.00964 0.01060 -0.00420 0.03280 -0.02896 0.00624 0.03512
338.0  -0.01348 -0.00040 -0.00428 0.01008 0.00984 -0.00652 0.03168 -0.02844 0.00732 0.03728
338.5  -0.01492 -0.00036 -0.00736 0.01040 0.00908 -0.00744 0.03084 -0.02820 0.00788 0.03676
339.0  -0.01656 -0.00036 -0.01040 0.01068 0.00820 -0.00768 0.03024 -0.02824 0.00804 0.03560
339.5  -0.01832 -0.00032 -0.01332 0.01092 0.00740 -0.00748 0.02992 -0.02848 0.00792 0.03456
340.0  -0.02016 -0.00028 -0.01616 0.01120 0.00656 -0.00696 0.02988 -0.02880 0.00768 0.03352
340.5  -0.02208 -0.00024 -0.01884 0.01152 0.00572 -0.00616 0.03016 -0.02908 0.00732 0.03256
341.0  -0.02396 -0.00016 -0.02140 0.01184 0.00496 -0.00508 0.03084 -0.02924 0.00676 0.03156
341.5  -0.02584 -0.00012 -0.02376 0.01212 0.00428 -0.00372 0.03184 -0.02912 0.00612 0.03064
342.0  -0.02768 -0.00008 -0.02600 0.01244 0.00372 -0.00220 0.03304 -0.02880 0.00540 0.02972
342.5  -0.02952 -0.00000 -0.02800 0.01264 0.00332 -0.00064 0.03436 -0.02824 0.00464 0.02884
343.0  -0.03136 -0.00000 -0.02980 0.01284 0.00312 0.00076 0.03564 -0.02752 0.00396 0.02784
343.5  -0.03316 0.00000 -0.03144 0.01288 0.00328 0.00172 0.03684 -0.02672 0.00336 0.02668
344.0  -0.03492 -0.00000 -0.03280 0.01276 0.00392 0.00148 0.03796 -0.02588 0.00292 0.02512
344.5  -0.03664 -0.00000 -0.03392 0.01224 0.00528 -0.00300 0.03888 -0.02492 0.00276 0.02296
345.0  -0.03828 -0.00004 -0.03480 0.01108 0.00740 -0.02180 0.03324 -0.02396 0.00300 0.01952
345.5  -0.03980 -0.00008 -0.03544 0.00912 0.00956 -0.03032 0.02640 -0.02328 0.00332 0.01448
346.0  -0.04116 -0.00012 -0.03576 0.00720 0.01084 -0.02760 0.02964 -0.02280 0.00264 0.00984
346.5  -0.04232 -0.00012 -0.03584 0.00580 0.01136 -0.02060 0.03536 -0.02192 0.00100 0.00720
347.0  -0.04320 -0.00016 -0.03564 0.00484 0.01136 -0.01524 0.03624 -0.02428 -0.00012 0.00608
347.5  -0.04368 -0.00016 -0.03520 0.00424 0.01104 -0.01264 0.03464 -0.02744 -0.00044 0.00584
348.0  -0.04376 -0.00016 -0.03452 0.00392 0.01048 -0.01156 0.03296 -0.02940 -0.00012 0.00604
348.5  -0.04336 0.00020 -0.03356 0.00384 0.00976 -0.01136 0.03172 -0.03040 0.00072 0.00648
349.0  -0.04240 0.00020 -0.03244 0.00396 0.00884 -0.01164 0.03084 -0.03076 0.00192 0.00700
349.5  -0.04088 0.00020 -0.03112 0.00432 0.00776 -0.01220 0.03024 -0.03076 0.00348 0.00740
350.0  -0.03884 0.00024 -0.02960 0.00484 0.00652 -0.01300 0.02988 -0.03044 0.00524 0.00756
350.5  -0.03636 0.00028 -0.02784 0.00560 0.00512 -0.01396 0.02960 -0.03000 0.00724 0.00752
351.0  -0.03352 0.00028 -0.02592 0.00636 0.00372 -0.01504 0.02932 -0.02948 0.00936 0.00732
351.5  -0.03052 0.00028 -0.02380 0.00716 0.00224 -0.01620 0.02900 -0.02884 0.01140 0.00696
352.0  -0.02748 0.00028 -0.02152 0.00804 0.00076 -0.01748 0.02848 -0.02816 0.01340 0.00656
352.5  -0.02448 0.00024 -0.01900 0.00884 -0.00040 -0.01884 0.02768 -0.02740 0.01532 0.00632
353.0  -0.02164 0.00020 -0.01632 0.00980 -0.00172 -0.02032 0.02652 -0.02664 0.01728 0.00660
353.5  -0.01900 0.00016 -0.01348 0.01060 -0.00264 -0.02176 0.02488 -0.02580 0.01912 0.00720
354.0  -0.01656 0.00012 -0.01044 0.01116 -0.00372 -0.02320 0.02268 -0.02504 0.02092 0.00856
354.5  -0.01436 0.00012 -0.00728 0.01156 -0.00464 -0.02444 0.01980 -0.02440 0.02252 0.01056
355.0  -0.01228 0.00012 -0.00404 0.01168 -0.00552 -0.02528 0.01620 -0.02420 0.02388 0.01344
355.5  -0.01028 0.00020 -0.00072 0.01152 -0.00640 -0.02552 0.01196 -0.02476 0.02440 0.01672
356.0  -0.00828 0.00028 0.00260 0.01100 -0.00724 -0.02504 0.00720 -0.02820 0.02172 0.02016
356.5  -0.00624 0.00036 0.00592 0.01012 -0.00812 -0.02372 0.00212 -0.03616 -0.00172 0.02344
357.0  -0.00400 0.00048 0.00920 0.00892 -0.00896 -0.02160 -0.00284 -0.03500 0.01028 0.02624
357.5  -0.00152 0.00056 0.01232 0.00736 -0.00976 -0.01896 -0.00708 -0.03412 0.01292 0.02864
358.0  0.00128 0.00060 0.01540 0.00552 -0.01044 -0.01604 -0.01012 -0.03360 0.01392 0.03052
358.5  0.00444 0.00060 0.01816 0.00332 -0.01092 -0.01340 -0.01180 -0.03320 0.01452 0.03180
359.0  0.00800 0.00056 0.02084 0.00108 -0.01116 -0.01128 -0.01224 -0.03308 0.01480 0.03284
359.5  0.01196 0.00048 0.02320 -0.00124 -0.01116 -0.01004 -0.01192 -0.03292 0.01468 0.03368
360.0  0.01620 0.00036 0.02532 -0.00336 -0.01100 -0.00960 -0.01104 -0.03296 0.01416 0.03432
360.5  0.02068 0.00020 0.02716 -0.00536 -0.01076 -0.00992 -0.00980 -0.03300 0.01316 0.03472
361.0  0.02532 0.00004 0.02872 -0.00696 -0.01056 -0.01088 -0.00840 -0.03296 0.01172 0.03476
361.5  0.02996 -0.00016 0.02996 -0.00832 -0.01056 -0.01232 -0.00672 -0.03280 0.00984 0.03436
362.0  0.03452 -0.00032 0.03092 -0.00932 -0.01080 -0.01408 -0.00444 -0.03248 0.00752 0.03360
362.5  0.03884 -0.00044 0.03160 -0.01004 -0.01132 -0.01564 -0.00072 -0.03204 0.00456 0.03220
363.0  0.04292 -0.00060 0.03200 -0.01052 -0.01196 -0.01592 0.00460 -0.03132 0.00092 0.03004
363.5  0.04660 -0.00068 0.03204 -0.01080 -0.01280 -0.01484 0.00896 -0.03020 -0.00332 0.02628
364.0  0.04992 -0.00072 0.03184 -0.01088 -0.01372 -0.01380 0.01136 -0.02860 -0.00740 0.01792
364.5  0.05280 -0.00068 0.03128 -0.01084 -0.01464 -0.01300 0.01256 -0.02684 -0.01060 0.01268
365.0  0.05524 -0.00064 0.03048 -0.01064 -0.01552 -0.01232 0.01324 -0.02528 -0.01260 0.04860
365.5  0.05720 -0.00056 0.02936 -0.01024 -0.01632 -0.01148 0.01352 -0.02432 -0.01364 0.05848
366.0  0.05872 -0.00044 0.02800 -0.00964 -0.01704 -0.01024 0.00796 -0.02656 -0.01352 0.06328
366.5  0.05980 -0.00032 0.02640 -0.00868 -0.01764 -0.00744 0.02180 -0.01876 -0.01184 0.06668
367.0  0.06040 -0.00020 0.02460 -0.00732 -0.01812 -0.00552 0.02204 -0.02032 -0.00812 0.06916
367.5  0.06056 -0.00016 0.02260 -0.00512 -0.01844 -0.01448 0.01764 -0.02072 -0.00468 0.07108
368.0  0.06032 -0.00016 0.02044 -0.00204 -0.01840 -0.01520 0.02028 -0.01760 -0.00328 0.07232
368.5  0.05968 -0.00016 0.01812 0.00100 -0.01752 -0.01480 0.02580 -0.00836 -0.00324 0.07288
369.0  0.05868 -0.00024 0.01572 0.00296 -0.01612 -0.01404 0.02752 -0.00344 -0.00392 0.07288
369.5  0.05740 -0.00040 0.01320 0.00356 -0.01456 -0.01308 0.02848 -0.00196 -0.00476 0.07228
370.0  0.05588 -0.00052 0.01060 0.00312 -0.01308 -0.01196 0.02940 -0.00124 -0.00544 0.07120
370.5  0.05420 -0.00072 0.00800 0.00204 -0.01160 -0.01068 0.03032 -0.00040 -0.00576 0.06964
371.0  0.05236 -0.00084 0.00536 0.00064 -0.01016 -0.00920 0.03128 0.00088 -0.00572 0.06760
371.5  0.05040 -0.00096 0.00272 -0.00092 -0.00896 -0.00740 0.03216 0.00248 -0.00532 0.06508
372.0  0.04832 -0.00104 0.00012 -0.00248 -0.00744 -0.00520 0.03300 0.00444 -0.00464 0.06204
372.5  0.04608 -0.00104 -0.00240 -0.00400 -0.00616 -0.00224 0.03376 0.00656 -0.00388 0.05812
373.0  0.04372 -0.00100 -0.00484 -0.00536 -0.00500 0.00180 0.03428 0.00856 -0.00320 0.05252
373.5  0.04116 -0.00088 -0.00716 -0.00656 -0.00412 0.00736 0.03420 0.01020 -0.00264 0.04356
374.0  0.03836 -0.00076 -0.00932 -0.00768 -0.00344 0.01400 0.03308 0.01084 -0.00208 0.03172
374.5  0.03532 -0.00056 -0.01132 -0.00856 -0.00316 0.01980 0.03204 0.00860 -0.00120 0.02244
375.0  0.03204 -0.00040 -0.01308 -0.00940 -0.00308 0.02276 0.03176 -0.00680 0.00040 0.01668
375.5  0.02844 -0.00020 -0.01464 -0.01020 -0.00312 0.02084 0.03176 -0.01416 0.00224 0.01332
376.0  0.02452 0.00000 -0.01600 -0.01100 -0.00312 0.01344 0.03740 -0.01120 0.00296 0.01156
376.5  0.02028 0.00016 -0.01712 -0.01180 -0.00292 0.00876 0.04096 -0.00324 0.00256 0.01096
377.0  0.01572 0.00032 -0.01800 -0.01260 -0.00252 0.00744 0.04140 0.00716 0.00140 0.01088
377.5  0.01080 0.00040 -0.01860 -0.01340 -0.00192 0.00744 0.03996 0.01476 -0.00008 0.01124
378.0  0.00556 0.00048 -0.01900 -0.01416 -0.00120 0.00788 0.03856 0.01900 -0.00172 0.01180
378.5  0.00008 0.00052 -0.01920 -0.01488 -0.00040 0.00848 0.03760 0.02140 -0.00336 0.01240
379.0  -0.00560 0.00052 -0.01916 -0.01552 0.00048 0.00920 0.03700 0.02284 -0.00492 0.01308
379.5  -0.01128 0.00044 -0.01896 -0.01608 0.00140 0.01000 0.03668 0.02372 -0.00636 0.01368
380.0  -0.01688 0.00040 -0.01856 -0.01660 0.00236 0.01096 0.03652 0.02424 -0.00760 0.01428
380.5  -0.02224 0.00032 -0.01800 -0.01700 0.00328 0.01236 0.03652 0.02432 -0.00864 0.01496
381.0  -0.02724 0.00028 -0.01732 -0.01732 0.00424 0.01460 0.03664 0.02376 -0.00948 0.01584
381.5  -0.03188 0.00020 -0.01644 -0.01760 0.00516 0.01832 0.03664 0.02200 -0.01008 0.01716
382.0  -0.03608 0.00016 -0.01544 -0.01780 0.00604 0.02448 0.03588 0.01784 -0.01048 0.01932
382.5  -0.03996 0.00012 -0.01432 -0.01788 0.00692 0.03212 0.03380 0.00864 -0.01056 0.02332
383.0  -0.04348 0.00012 -0.01308 -0.01780 0.00772 0.03780 0.02908 -0.00456 -0.00992 0.02992
383.5  -0.04676 0.00012 -0.01172 -0.01760 0.00848 0.04056 0.02396 -0.01216 -0.00748 0.03744
384.0  -0.04984 0.00016 -0.01028 -0.01720 0.00920 0.04128 0.00788 -0.02540 -0.00432 0.04264
384.5  -0.05268 0.00020 -0.00872 -0.01680 0.00968 0.04068 -0.01076 -0.02532 -0.00264 0.04572
385.0  -0.05536 0.00020 -0.00704 -0.01640 0.00984 0.03924 -0.01436 -0.02548 -0.00148 0.04748
385.5  -0.05784 0.00020 -0.00532 -0.01656 0.00868 0.03716 -0.01740 -0.02604 0.00028 0.04828
386.0  -0.06012 0.00016 -0.00356 -0.01816 -0.00044 0.03492 -0.01968 -0.02628 0.00388 0.04832
386.5  -0.06216 0.00012 -0.00172 -0.01568 -0.00792 0.03296 -0.02096 -0.02516 0.00992 0.04780
387.0  -0.06396 0.00012 0.00016 -0.01448 -0.00868 0.03132 -0.02132 -0.02264 0.01568 0.04692
387.5  -0.06544 0.00008 0.00208 -0.01196 -0.01084 0.02996 -0.02064 -0.02112 0.01888 0.04596
388.0  -0.06664 0.00004 0.00400 -0.00028 -0.01532 0.02880 -0.01628 -0.02332 0.02052 0.04516
388.5  -0.06744 0.00004 0.00592 0.00076 -0.01436 0.02784 -0.01116 -0.02520 0.02152 0.04432
389.0  -0.06792 0.00004 0.00780 -0.00020 -0.01336 0.02700 -0.01440 -0.02264 0.02220 0.04348
389.5  -0.06800 0.00004 0.00968 -0.00136 -0.01216 0.02624 -0.01496 -0.02152 0.02280 0.04252
390.0  -0.06772 0.00008 0.01148 -0.00272 -0.01072 0.02560 -0.01508 -0.02084 0.02332 0.04132
390.5  -0.06708 0.00012 0.01320 -0.00388 -0.00904 0.02512 -0.01488 -0.02060 0.02376 0.03984
391.0  -0.06616 0.00016 0.01476 -0.00500 -0.00716 0.02472 -0.01448 -0.02088 0.02392 0.03800
391.5  -0.06496 0.00020 0.01616 -0.00588 -0.00516 0.02448 -0.01376 -0.02200 0.02364 0.03564
392.0  -0.06352 0.00020 0.01740 -0.00668 -0.00312 0.02444 -0.01272 -0.02416 0.02236 0.03276
392.5  -0.06184 0.00020 0.01844 -0.00732 -0.00108 0.02460 -0.01136 -0.02736 0.01952 0.02920
393.0  -0.05984 0.00016 0.01924 -0.00788 0.00080 0.02488 -0.01000 -0.03068 0.01504 0.02452
393.5  -0.05752 0.00012 0.01980 -0.00848 0.00244 0.02532 -0.00932 -0.03292 0.01032 0.01620
394.0  -0.05480 -0.00008 0.02016 -0.00920 0.00372 0.02536 -0.01052 -0.03388 0.00668 -0.00104
394.5  -0.05156 0.00000 0.02020 -0.01016 0.00452 0.02444 -0.01424 -0.03404 0.00428 -0.00880
395.0  -0.04784 0.00012 0.02004 -0.01136 0.00468 0.02252 -0.01868 -0.03384 0.00268 -0.01084
395.5  -0.04352 0.00020 0.01968 -0.01276 0.00416 0.02076 -0.02184 -0.03340 0.00160 -0.01100
396.0  -0.03868 0.00032 0.01916 -0.01408 0.00320 0.01964 -0.02384 -0.03288 0.00088 -0.01048
396.5  -0.03332 0.00040 0.01836 -0.01528 0.00188 0.01888 -0.02504 -0.03232 0.00044 -0.00936
397.0  -0.02752 0.00052 0.01744 -0.01624 0.00028 0.01844 -0.02564 -0.03172 0.00040 -0.00772
397.5  -0.02132 0.00064 0.01632 -0.01684 -0.00192 0.01856 -0.02548 -0.03124 0.00076 -0.00588
398.0  -0.01484 0.00072 0.01508 -0.01668 -0.00540 0.01960 -0.02424 -0.03088 0.00136 -0.00392
398.5  -0.00816 0.00080 0.01364 -0.01464 -0.01052 0.02224 -0.02096 -0.03060 0.00204 -0.00196
399.0  -0.00144 0.00084 0.01212 -0.01084 -0.01488 0.02572 -0.01500 -0.03060 0.00256 0.00012
399.5  0.00524 0.00092 0.01040 -0.00780 -0.01708 0.02732 -0.00888 -0.03084 0.00256 0.00208
400.0  0.01168 0.00088 0.00868 -0.00584 -0.01820 0.02712 -0.00456 -0.03144 0.00132 0.00420
400.5  0.01780 0.00088 0.00680 -0.00448 -0.01888 0.02608 -0.00092 -0.03208 -0.00348 0.00636
401.0  0.02344 0.00080 0.00488 -0.00360 -0.01932 0.02452 0.00324 -0.03032 -0.01328 0.00860
401.5  0.02848 0.00072 0.00296 -0.00304 -0.01964 0.02248 0.00776 -0.02764 -0.01948 0.01104
402.0  0.03296 0.00064 0.00100 -0.00268 -0.01996 0.02012 0.01204 -0.02648 -0.02168 0.01324
402.5  0.03684 0.00052 -0.00100 -0.00264 -0.02028 0.01800 0.01556 -0.02564 -0.02292 0.01476
403.0  0.04020 0.00036 -0.00296 -0.00260 -0.02044 0.01620 0.01812 -0.02472 -0.02416 0.01536
403.5  0.04320 0.00024 -0.00492 -0.00292 -0.02060 0.01504 0.01980 -0.02380 -0.02552 0.01516
404.0  0.04588 0.00012 -0.00684 -0.00324 -0.02060 0.01424 0.02084 -0.02292 -0.02692 0.01448
404.5  0.04844 -0.00004 -0.00876 -0.00372 -0.02048 0.01376 0.02144 -0.02208 -0.02840 0.01332
405.0  0.05088 -0.00016 -0.01064 -0.00404 -0.02008 0.01328 0.02184 -0.02124 -0.02988 0.01208
405.5  0.05328 -0.00032 -0.01248 -0.00428 -0.01952 0.01304 0.02200 -0.02040 -0.03128 0.01100
406.0  0.05568 -0.00036 -0.01428 -0.00432 -0.01868 0.01288 0.02200 -0.01948 -0.03264 0.01056
406.5  0.05800 -0.00044 -0.01596 -0.00436 -0.01768 0.01280 0.02192 -0.01852 -0.03396 0.01124
407.0  0.06020 -0.00044 -0.01764 -0.00416 -0.01636 0.01272 0.02180 -0.01748 -0.03508 0.01344
407.5  0.06232 -0.00040 -0.01916 -0.00404 -0.01500 0.01260 0.02156 -0.01644 -0.03580 0.01708
408.0  0.06416 -0.00036 -0.02072 -0.00396 -0.01352 0.01244 0.02132 -0.01536 -0.03600 0.02196
408.5  0.06580 -0.00032 -0.02204 -0.00400 -0.01204 0.01216 0.02104 -0.01436 -0.03548 0.02752
409.0  0.06712 -0.00028 -0.02328 -0.00412 -0.01056 0.01176 0.02080 -0.01336 -0.03420 0.03344
409.5  0.06804 -0.00028 -0.02444 -0.00436 -0.00908 0.01140 0.02060 -0.01248 -0.03252 0.03916
410.0  0.06856 -0.00028 -0.02540 -0.00464 -0.00764 0.01112 0.02036 -0.01180 -0.03064 0.04424
410.5  0.06860 -0.00036 -0.02624 -0.00492 -0.00624 0.01112 0.02008 -0.01132 -0.02880 0.04856
411.0  0.06816 -0.00048 -0.02688 -0.00512 -0.00480 0.01152 0.01960 -0.01104 -0.02724 0.05168
411.5  0.06724 -0.00064 -0.02736 -0.00528 -0.00332 0.01248 0.01876 -0.01088 -0.02612 0.05368
412.0  0.06584 -0.00084 -0.02760 -0.00536 -0.00180 0.01400 0.01740 -0.01056 -0.02564 0.05416
412.5  0.06396 -0.00100 -0.02760 -0.00532 -0.00020 0.01592 0.01528 -0.00944 -0.02604 0.05320
413.0  0.06172 -0.00116 -0.02740 -0.00516 0.00152 0.01776 0.01268 -0.00568 -0.02756 0.05124
413.5  0.05908 -0.00128 -0.02696 -0.00448 0.00352 0.01916 0.00968 0.00424 -0.02864 0.04868
414.0  0.05612 -0.00136 -0.02632 -0.00216 0.00608 0.01996 0.00656 0.01512 -0.02604 0.04572
414.5  0.05292 -0.00140 -0.02544 0.00216 0.00704 0.02008 0.00304 0.02056 -0.02384 0.04296
415.0  0.04944 -0.00136 -0.02436 0.00492 0.00684 0.01960 -0.00108 0.02364 -0.02288 0.04012
415.5  0.04576 -0.00124 -0.02304 0.00704 0.00660 0.01864 -0.00572 0.02536 -0.02252 0.03784
416.0  0.04184 -0.00108 -0.02156 0.00884 0.00644 0.01716 -0.01048 0.02608 -0.02240 0.03564
416.5  0.03772 -0.00088 -0.01988 0.01052 0.00620 0.01528 -0.01476 0.02600 -0.02248 0.03380
417.0  0.03344 -0.00068 -0.01804 0.01204 0.00592 0.01300 -0.01840 0.02556 -0.02252 0.03188
417.5  0.02900 -0.00040 -0.01596 0.01352 0.00548 0.01040 -0.02148 0.02480 -0.02232 0.02996
418.0  0.02440 -0.00012 -0.01376 0.01476 0.00500 0.00732 -0.02396 0.02392 -0.02192 0.02772
418.5  0.01972 0.00016 -0.01144 0.01588 0.00432 0.00380 -0.02588 0.02296 -0.02124 0.02484
419.0  0.01496 0.00040 -0.00896 0.01684 0.00348 -0.00040 -0.02716 0.02196 -0.02032 0.02084
419.5  0.01020 0.00064 -0.00636 0.01752 0.00240 -0.00556 -0.02764 0.02092 -0.01908 0.01512
420.0  0.00548 0.00080 -0.00368 0.01800 0.00108 -0.01216 -0.02644 0.02000 -0.01760 0.00692
420.5  0.00080 0.00092 -0.00096 0.01812 -0.00072 -0.02032 -0.02204 0.01916 -0.01596 -0.00472
421.0  -0.00380 0.00096 0.00180 0.01768 -0.00344 -0.02760 -0.01392 0.01844 -0.01420 -0.01844
421.5  -0.00836 0.00096 0.00456 0.01552 -0.00912 -0.03156 -0.00436 0.01760 -0.01252 -0.02972
422.0  -0.01280 0.00088 0.00724 0.00572 -0.01684 -0.03276 0.00548 0.01604 -0.01116 -0.03592
422.5  -0.01724 0.00076 0.00984 -0.00020 -0.01760 -0.03144 0.01532 0.01360 -0.00980 -0.03804
423.0  -0.02160 0.00064 0.01236 -0.00312 -0.01692 -0.02720 0.02388 0.01320 -0.00756 -0.03776
423.5  -0.02592 0.00052 0.01468 -0.00532 -0.01612 -0.02128 0.02968 0.01548 -0.00508 -0.03596
424.0  -0.03016 0.00040 0.01688 -0.00704 -0.01520 -0.01592 0.03260 0.01856 -0.00296 -0.03316
424.5  -0.03432 0.00032 0.01888 -0.00836 -0.01432 -0.01188 0.03400 0.02132 -0.00140 -0.02968
425.0  -0.03832 0.00024 0.02068 -0.00936 -0.01344 -0.00896 0.03480 0.02348 -0.00040 -0.02564
425.5  -0.04216 0.00024 0.02228 -0.00988 -0.01272 -0.00676 0.03544 0.02508 0.00004 -0.02112
426.0  -0.04572 0.00020 0.02364 -0.00988 -0.01220 -0.00516 0.03600 0.02620 0.00004 -0.01620
426.5  -0.04904 0.00024 0.02480 -0.00932 -0.01192 -0.00404 0.03656 0.02692 -0.00032 -0.01104
427.0  -0.05200 0.00020 0.02576 -0.00808 -0.01188 -0.00340 0.03712 0.02740 -0.00092 -0.00572
427.5  -0.05460 0.00020 0.02644 -0.00628 -0.01172 -0.00328 0.03748 0.02780 -0.00148 -0.00044
428.0  -0.05676 0.00016 0.02692 -0.00456 -0.01108 -0.00372 0.03760 0.02828 -0.00208 0.00476
428.5  -0.05852 0.00012 0.02720 -0.00344 -0.00988 -0.00484 0.03732 0.02900 -0.00240 0.00976
429.0  -0.05980 0.00008 0.02724 -0.00300 -0.00832 -0.00644 0.03652 0.03012 -0.00220 0.01452
429.5  -0.06060 0.00004 0.02708 -0.00300 -0.00644 -0.00828 0.03524 0.03140 -0.00104 0.01920
430.0  -0.06092 -0.00000 0.02668 -0.00340 -0.00448 -0.00956 0.03380 0.03252 0.00172 0.02376
430.5  -0.06080 -0.00004 0.02604 -0.00408 -0.00248 -0.00436 0.03376 0.03304 0.00584 0.02820
431.0  -0.06020 -0.00004 0.02524 -0.00496 -0.00052 0.02652 0.01972 0.03276 0.00988 0.03208
431.5  -0.05928 0.00004 0.02424 -0.00600 0.00132 0.02620 0.01856 0.03228 0.01264 0.01916
432.0  -0.05804 0.00008 0.02308 -0.00716 0.00292 0.02492 0.01888 0.03196 0.01404 0.01196
432.5  -0.05656 0.00020 0.02180 -0.00848 0.00436 0.02352 0.01944 0.03184 0.01444 0.01096
433.0  -0.05496 0.00028 0.02036 -0.00984 0.00552 0.02204 0.02036 0.03180 0.01412 0.01112
433.5  -0.05320 0.00040 0.01880 -0.01124 0.00640 0.02036 0.02200 0.03148 0.01328 0.01168
434.0  -0.05132 0.00052 0.01716 -0.01260 0.00700 0.01840 0.02520 0.03012 0.01200 0.01256
434.5  -0.04936 0.00064 0.01548 -0.01384 0.00740 0.01600 0.03096 0.02580 0.01044 0.01368
435.0  -0.04728 0.00072 0.01376 -0.01504 0.00768 0.01304 0.03676 0.01904 0.00864 0.01508
435.5  -0.04508 0.00072 0.01200 -0.01608 0.00776 0.00976 0.03924 0.01568 0.00688 0.01696
436.0  -0.04276 0.00072 0.01032 -0.01704 0.00780 0.00644 0.03960 0.01616 0.00524 0.01928
436.5  -0.04032 0.00064 0.00860 -0.01780 0.00780 0.00376 0.03880 0.01828 0.00396 0.02216
437.0  -0.03776 0.00052 0.00700 -0.01840 0.00784 0.00216 0.03752 0.02040 0.00312 0.02544
437.5  -0.03504 0.00036 0.00540 -0.01884 0.00796 0.00212 0.03600 0.02212 0.00264 0.02920
438.0  -0.03216 0.00012 0.00388 -0.01908 0.00816 0.00460 0.03432 0.02332 0.00268 0.03360
438.5  -0.02916 -0.00012 0.00248 -0.01916 0.00840 0.01132 0.03116 0.02420 0.00316 0.03872
439.0  -0.02600 -0.00036 0.00112 -0.01904 0.00876 0.02020 0.02432 0.02492 0.00424 0.04444
439.5  -0.02272 -0.00056 -0.00016 -0.01868 0.00904 0.02408 0.01768 0.02548 0.00624 0.04992
440.0  -0.01932 -0.00080 -0.00136 -0.01820 0.00940 0.02468 0.01296 0.02516 0.01052 0.05396
440.5  -0.01576 -0.00096 -0.00252 -0.01756 0.00964 0.02412 0.00864 0.01744 0.02260 0.05592
441.0  -0.01216 -0.00108 -0.00356 -0.01668 0.01000 0.02304 0.00428 0.00092 0.02968 0.05624
441.5  -0.00844 -0.00108 -0.00460 -0.01472 0.01156 0.02172 0.00276 -0.00788 0.02936 0.05544
442.0  -0.00464 -0.00104 -0.00556 0.00768 0.01608 0.02032 0.00428 -0.01472 0.02728 0.05392
442.5  -0.00068 -0.00092 -0.00652 0.00800 0.01480 0.01892 0.00600 -0.01956 0.02480 0.05188
443.0  0.00340 -0.00076 -0.00744 0.00756 0.01384 0.01768 0.00760 -0.02308 0.02240 0.04952
443.5  0.00764 -0.00056 -0.00832 0.00688 0.01292 0.01656 0.00916 -0.02572 0.02008 0.04684
444.0  0.01204 -0.00032 -0.00920 0.00612 0.01204 0.01572 0.01064 -0.02784 0.01772 0.04392
444.5  0.01656 -0.00012 -0.01004 0.00540 0.01112 0.01540 0.01192 -0.02944 0.01528 0.04072
445.0  0.02120 0.00004 -0.01080 0.00488 0.01020 0.01624 0.01220 -0.03060 0.01288 0.03724
445.5  0.02580 0.00016 -0.01148 0.00448 0.00932 0.01916 0.00952 -0.03136 0.01056 0.03348
446.0  0.03020 0.00024 -0.01212 0.00416 0.00844 0.02220 0.00468 -0.03176 0.00856 0.02952
446.5  0.03436 0.00024 -0.01264 0.00392 0.00760 0.02392 0.00288 -0.03180 0.00732 0.02548
447.0  0.03812 0.00024 -0.01308 0.00364 0.00684 0.02532 0.00296 -0.03112 0.00880 0.02156
447.5  0.04136 0.00020 -0.01340 0.00328 0.00608 0.02656 0.00356 -0.02368 0.02156 0.01796
448.0  0.04400 0.00012 -0.01360 0.00284 0.00532 0.02756 0.00376 -0.01516 0.02792 0.01504
448.5  0.04604 0.00004 -0.01364 0.00228 0.00452 0.02832 0.00284 -0.01540 0.02772 0.01292
449.0  0.04740 -0.00008 -0.01356 0.00160 0.00364 0.02876 0.00036 -0.01748 0.02656 0.01176
449.5  0.04812 -0.00016 -0.01340 0.00084 0.00268 0.02888 -0.00308 -0.01928 0.02508 0.01160
450.0  0.04824 -0.00024 -0.01308 0.00004 0.00156 0.02864 -0.00668 -0.02040 0.02364 0.01232
450.5  0.04788 -0.00036 -0.01268 -0.00080 0.00028 0.02804 -0.00996 -0.02092 0.02232 0.01372
451.0  0.04712 -0.00040 -0.01228 -0.00156 -0.00104 0.02712 -0.01288 -0.02108 0.02132 0.01560
451.5  0.04604 -0.00044 -0.01168 -0.00248 -0.00240 0.02596 -0.01528 -0.02100 0.02060 0.01780
452.0  0.04492 -0.00048 -0.01104 -0.00312 -0.00368 0.02468 -0.01708 -0.02096 0.02028 0.01976
452.5  0.04380 -0.00044 -0.01040 -0.00412 -0.00516 0.02348 -0.01816 -0.02116 0.02020 0.02120
453.0  0.04292 -0.00044 -0.00972 -0.00472 -0.00640 0.02256 -0.01836 -0.02172 0.02044 0.02216
453.5  0.04236 -0.00040 -0.00912 -0.00592 -0.00756 0.02196 -0.01760 -0.02288 0.02072 0.02260
454.0  0.04216 -0.00028 -0.00844 -0.00708 -0.00832 0.02180 -0.01580 -0.02444 0.02104 0.02288
454.5  0.04228 -0.00024 -0.00780 -0.00852 -0.00904 0.02204 -0.01320 -0.02628 0.02104 0.02284
455.0  0.04268 -0.00016 -0.00716 -0.01008 -0.00932 0.02260 -0.01032 -0.02804 0.02056 0.02272
455.5  0.04316 -0.00008 -0.00660 -0.01172 -0.00928 0.02332 -0.00772 -0.02984 0.01916 0.02240
456.0  0.04368 -0.00000 -0.00608 -0.01316 -0.00928 0.02408 -0.00556 -0.03168 0.01648 0.02200
456.5  0.04400 0.00008 -0.00556 -0.01436 -0.00924 0.02480 -0.00384 -0.03364 0.01188 0.02144
457.0  0.04404 0.00012 -0.00508 -0.01528 -0.00944 0.02536 -0.00220 -0.03508 0.00508 0.02088
457.5  0.04372 0.00020 -0.00460 -0.01584 -0.00984 0.02568 -0.00032 -0.03508 -0.00292 0.02040
458.0  0.04300 0.00020 -0.00412 -0.01608 -0.01048 0.02568 0.00184 -0.03336 -0.01000 0.02024
458.5  0.04180 0.00024 -0.00368 -0.01596 -0.01128 0.02520 0.00432 -0.03104 -0.01512 0.02060
459.0  0.04024 0.00020 -0.00320 -0.01548 -0.01228 0.02416 0.00704 -0.02868 -0.01852 0.02164
459.5  0.03832 0.00016 -0.00276 -0.01464 -0.01340 0.02268 0.00972 -0.02656 -0.02084 0.02340
460.0  0.03604 0.00012 -0.00236 -0.01344 -0.01452 0.02080 0.01228 -0.02472 -0.02228 0.02596
460.5  0.03348 0.00004 -0.00196 -0.01196 -0.01556 0.01860 0.01468 -0.02320 -0.02324 0.02924
461.0  0.03076 -0.00004 -0.00152 -0.01028 -0.01636 0.01620 0.01688 -0.02188 -0.02384 0.03288
461.5  0.02784 -0.00016 -0.00108 -0.00852 -0.01692 0.01360 0.01888 -0.02088 -0.02412 0.03680
462.0  0.02488 -0.00024 -0.00068 -0.00684 -0.01716 0.01108 0.02060 -0.02008 -0.02424 0.04032
462.5  0.02184 -0.00032 -0.00024 -0.00532 -0.01712 0.00868 0.02204 -0.01968 -0.02408 0.04360
463.0  0.01880 -0.00040 0.00020 -0.00404 -0.01676 0.00656 0.02328 -0.01968 -0.02368 0.04660
463.5  0.01576 -0.00048 0.00060 -0.00296 -0.01612 0.00480 0.02428 -0.02004 -0.02288 0.04912
464.0  0.01276 -0.00052 0.00104 -0.00220 -0.01524 0.00344 0.02524 -0.02092 -0.02160 0.05172
464.5  0.00976 -0.00052 0.00144 -0.00168 -0.01408 0.00244 0.02612 -0.02212 -0.01972 0.05388
465.0  0.00676 -0.00048 0.00176 -0.00140 -0.01268 0.00184 0.02696 -0.02360 -0.01748 0.05584
465.5  0.00372 -0.00048 0.00204 -0.00124 -0.01108 0.00160 0.02780 -0.02520 -0.01516 0.05732
466.0  0.00064 -0.00044 0.00228 -0.00112 -0.00920 0.00192 0.02868 -0.02680 -0.01312 0.05840
466.5  -0.00248 -0.00040 0.00244 -0.00104 -0.00716 0.00288 0.02944 -0.02824 -0.01156 0.05916
467.0  -0.00564 -0.00036 0.00252 -0.00088 -0.00496 0.00500 0.03004 -0.02936 -0.01052 0.05952
467.5  -0.00880 -0.00032 0.00248 -0.00060 -0.00268 0.00896 0.03004 -0.03012 -0.01000 0.05944
468.0  -0.01192 -0.00032 0.00236 -0.00016 -0.00040 0.01660 0.02780 -0.03044 -0.00984 0.05852
468.5  -0.01500 -0.00028 0.00220 0.00072 0.00176 0.02724 0.01940 -0.03060 -0.00884 0.05596
469.0  -0.01800 -0.00024 0.00188 0.00232 0.00340 0.03336 0.00840 -0.03140 0.00284 0.05124
469.5  -0.02092 -0.00020 0.00152 0.00508 0.00368 0.03472 -0.00304 -0.02760 0.01504 0.04504
470.0  -0.02376 -0.00012 0.00104 0.00768 0.00300 0.03124 -0.02276 -0.02340 0.01284 0.03900
470.5  -0.02648 -0.00004 0.00044 0.00980 0.00240 0.02160 -0.03516 -0.01988 0.00960 0.03404
471.0  -0.02908 0.00004 -0.00028 0.01156 0.00192 0.01096 -0.03968 -0.02052 0.00680 0.03008
471.5  -0.03164 0.00016 -0.00108 0.01308 0.00148 0.00384 -0.04012 -0.02184 0.00448 0.02680
472.0  -0.03416 0.00028 -0.00200 0.01432 0.00100 -0.00068 -0.03920 -0.02304 0.00244 0.02396
472.5  -0.03664 0.00040 -0.00300 0.01536 0.00040 -0.00380 -0.03784 -0.02408 0.00056 0.02148
473.0  -0.03908 0.00052 -0.00404 0.01612 -0.00032 -0.00628 -0.03636 -0.02492 -0.00132 0.01920
473.5  -0.04148 0.00064 -0.00512 0.01664 -0.00116 -0.00836 -0.03476 -0.02572 -0.00320 0.01700
474.0  -0.04384 0.00072 -0.00624 0.01696 -0.00208 -0.01036 -0.03316 -0.02648 -0.00500 0.01488
474.5  -0.04604 0.00072 -0.00728 0.01712 -0.00308 -0.01240 -0.03140 -0.02720 -0.00672 0.01280
475.0  -0.04808 0.00076 -0.00828 0.01708 -0.00412 -0.01460 -0.02948 -0.02780 -0.00836 0.01084
475.5  -0.04980 0.00072 -0.00920 0.01696 -0.00512 -0.01704 -0.02724 -0.02836 -0.00996 0.00900
476.0  -0.05124 0.00060 -0.00996 0.01680 -0.00596 -0.01972 -0.02456 -0.02868 -0.01160 0.00764
476.5  -0.05228 0.00048 -0.01060 0.01676 -0.00652 -0.02252 -0.02124 -0.02872 -0.01324 0.00684
477.0  -0.05292 0.00032 -0.01104 0.01684 -0.00648 -0.02516 -0.01724 -0.02848 -0.01504 0.00712
477.5  -0.05308 0.00012 -0.01132 0.01744 -0.00532 -0.02732 -0.01272 -0.02776 -0.01708 0.00864
478.0  -0.05280 -0.00004 -0.01140 0.01820 -0.00220 -0.02880 -0.00784 -0.02624 -0.01980 0.01128
478.5  -0.05208 -0.00024 -0.01128 0.01836 0.00144 -0.02952 -0.00284 -0.02220 -0.02420 0.01496
479.0  -0.05096 -0.00040 -0.01096 0.01796 0.00368 -0.02936 0.00124 0.00248 -0.03260 0.01908
479.5  -0.04944 -0.00052 -0.01044 0.01764 0.00468 -0.02832 0.00288 0.02108 -0.02528 0.02364
480.0  -0.04756 -0.00056 -0.00976 0.01724 0.00512 -0.02608 0.00248 0.02644 -0.02144 0.02832
480.5  -0.04536 -0.00052 -0.00892 0.01664 0.00548 -0.02284 0.01336 0.02692 -0.01900 0.03312
481.0  -0.04296 -0.00044 -0.00796 0.01592 0.00584 -0.01924 0.02880 0.01492 -0.01724 0.03788
481.5  -0.04036 -0.00028 -0.00688 0.01496 0.00632 -0.01596 0.02948 0.01640 -0.01588 0.04248
482.0  -0.03764 -0.00012 -0.00572 0.01376 0.00704 -0.01332 0.02928 0.01800 -0.01480 0.04684
482.5  -0.03492 0.00008 -0.00452 0.01224 0.00800 -0.01124 0.02880 0.01876 -0.01380 0.05104
483.0  -0.03220 0.00028 -0.00328 0.01028 0.00920 -0.00968 0.02848 0.01880 -0.01296 0.05468
483.5  -0.02956 0.00048 -0.00196 0.00752 0.01060 -0.00852 0.02828 0.01836 -0.01216 0.05820
484.0  -0.02696 0.00064 -0.00064 0.00388 0.01172 -0.00772 0.02832 0.01760 -0.01152 0.06104
484.5  -0.02448 0.00080 0.00076 -0.00044 0.01184 -0.00720 0.02856 0.01668 -0.01100 0.06352
485.0  -0.02204 0.00088 0.00220 -0.00420 0.01072 -0.00704 0.02892 0.01580 -0.01060 0.06528
485.5  -0.01964 0.00088 0.00376 -0.00684 0.00892 -0.00716 0.02940 0.01496 -0.01032 0.06668
486.0  -0.01724 0.00092 0.00540 -0.00864 0.00688 -0.00764 0.02992 0.01428 -0.01000 0.06728
486.5  -0.01484 0.00088 0.00708 -0.00972 0.00460 -0.00856 0.03044 0.01376 -0.00972 0.06716
487.0  -0.01236 0.00084 0.00892 -0.01012 0.00220 -0.01000 0.03092 0.01336 -0.00944 0.06588
487.5  -0.00976 0.00076 0.01080 -0.00984 -0.00020 -0.01236 0.03096 0.01304 -0.00908 0.06248
488.0  -0.00704 0.00072 0.01276 -0.00892 -0.00256 -0.01632 0.03004 0.01260 -0.00868 0.05472
488.5  -0.00416 0.00068 0.01472 -0.00736 -0.00468 -0.02276 0.02652 0.01216 -0.00816 0.04104
489.0  -0.00108 0.00068 0.01672 -0.00536 -0.00644 -0.02972 0.01964 0.01168 -0.00732 0.02788
489.5  0.00216 0.00068 0.01864 -0.00312 -0.00784 -0.03288 0.01440 0.01212 -0.00580 0.02004
490.0  0.00560 0.00068 0.02052 -0.00072 -0.00884 -0.03224 0.01064 0.01724 -0.00428 0.01576
490.5  0.00916 0.00072 0.02232 0.00164 -0.00964 -0.02908 -0.00016 0.02432 -0.00432 0.01324
491.0  0.01288 0.00072 0.02396 0.00392 -0.01024 -0.02580 -0.00008 0.02716 -0.00524 0.01152
491.5  0.01664 0.00076 0.02544 0.00600 -0.01076 -0.00832 -0.02184 0.02856 -0.00632 0.01016
492.0  0.02048 0.00080 0.02672 0.00780 -0.01128 -0.00472 -0.02104 0.02908 -0.00752 0.00908
492.5  0.02428 0.00080 0.02784 0.00932 -0.01184 -0.00392 -0.01988 0.02908 -0.00876 0.00808
493.0  0.02808 0.00076 0.02872 0.01048 -0.01256 -0.00372 -0.01888 0.02884 -0.01004 0.00724
493.5  0.03180 0.00068 0.02936 0.01116 -0.01348 -0.00412 -0.01804 0.02844 -0.01136 0.00648
494.0  0.03540 0.00052 0.02976 0.01124 -0.01472 -0.00544 -0.01708 0.02792 -0.01260 0.00576
494.5  0.03880 0.00036 0.02992 0.01052 -0.01624 -0.00804 -0.01564 0.02740 -0.01380 0.00524
495.0  0.04192 0.00012 0.02980 0.00880 -0.01808 -0.01136 -0.01312 0.02680 -0.01504 0.00484
495.5  0.04476 -0.00008 0.02940 0.00596 -0.01980 -0.01400 -0.01028 0.02612 -0.01640 0.00492
496.0  0.04716 -0.00032 0.02876 0.00260 -0.02088 -0.01576 -0.00772 0.02512 -0.01812 0.00624
496.5  0.04916 -0.00052 0.02788 -0.00052 -0.02132 -0.01720 -0.00524 0.02356 -0.02040 0.01304
497.0  0.05072 -0.00068 0.02676 -0.00304 -0.02120 -0.01876 -0.00252 0.02080 -0.02332 0.02836
497.5  0.05184 -0.00080 0.02532 -0.00464 -0.02084 -0.02052 0.00012 0.01560 -0.02708 0.02696
498.0  0.05260 -0.00088 0.02376 -0.00588 -0.02032 -0.02232 0.00188 0.00692 -0.03024 0.02412
498.5  0.05308 -0.00088 0.02200 -0.00656 -0.01968 -0.02412 0.00216 -0.00216 -0.03080 0.02148
499.0  0.05336 -0.00080 0.01992 -0.00680 -0.01896 -0.02576 -0.00140 -0.00784 -0.02980 0.01896
499.5  0.05344 -0.00076 0.01784 -0.00668 -0.01816 -0.02720 -0.00004 -0.01076 -0.02884 0.01680
500.0  0.05344 -0.00064 0.01544 -0.00620 -0.01724 -0.02832 0.00140 -0.01228 -0.02824 0.01496
500.5  0.05336 -0.00048 0.01304 -0.00556 -0.01620 -0.02916 0.00268 -0.01296 -0.02792 0.01364
501.0  0.05320 -0.00040 0.01048 -0.00448 -0.01500 -0.02976 0.00376 -0.01336 -0.02772 0.01276
501.5  0.05292 -0.00028 0.00780 -0.00392 -0.01360 -0.03008 0.00452 -0.01384 -0.02748 0.01232
502.0  0.05260 -0.00012 0.00512 -0.00288 -0.01200 -0.03008 0.00496 -0.01500 -0.02696 0.01208
502.5  0.05216 -0.00004 0.00240 -0.00244 -0.01024 -0.02988 0.00512 -0.01768 -0.02544 0.01220
503.0  0.05160 0.00012 -0.00032 -0.00164 -0.00832 -0.02944 0.00504 -0.02264 -0.02144 0.01236
503.5  0.05084 0.00012 -0.00304 -0.00132 -0.00632 -0.02880 0.00488 -0.02736 -0.01568 0.01264
504.0  0.04984 0.00016 -0.00576 -0.00072 -0.00428 -0.02808 0.00476 -0.02948 -0.01212 0.01296
504.5  0.04856 0.00020 -0.00844 -0.00060 -0.00220 -0.02724 0.00488 -0.03024 -0.01136 0.01352
505.0  0.04684 0.00020 -0.01100 -0.00040 -0.00008 -0.02636 0.00528 -0.03016 -0.01276 0.01432
505.5  0.04460 0.00020 -0.01356 -0.00028 0.00200 -0.02556 0.00588 -0.02848 -0.01696 0.01552
506.0  0.04188 0.00016 -0.01600 -0.00016 0.00404 -0.02488 0.00628 -0.02308 -0.02444 0.01724
506.5  0.03860 0.00012 -0.01832 0.00000 0.00608 -0.02440 0.00604 -0.01560 -0.03020 0.01956
507.0  0.03480 0.00008 -0.02060 0.00028 0.00808 -0.02420 0.00444 -0.01112 -0.03260 0.02224
507.5  0.03056 0.00008 -0.02272 0.00080 0.01004 -0.02436 0.00160 -0.00764 -0.03388 0.02472
508.0  0.02596 0.00012 -0.02472 0.00188 0.01176 -0.02464 0.00064 -0.00060 -0.03468 0.02648
508.5  0.02116 0.00016 -0.02660 0.00416 0.01308 -0.02492 0.00196 0.01140 -0.03264 0.02732
509.0  0.01624 0.00024 -0.02832 0.00848 0.01292 -0.02492 0.00436 0.01960 -0.02828 0.02740
509.5  0.01128 0.00036 -0.02992 0.01324 0.01068 -0.02452 0.00708 0.02264 -0.02572 0.02716
510.0  0.00640 0.00048 -0.03132 0.01640 0.00848 -0.02384 0.00948 0.02368 -0.02456 0.02676
510.5  0.00160 0.00060 -0.03256 0.01848 0.00696 -0.02304 0.01128 0.02396 -0.02416 0.02644
511.0  -0.00304 0.00072 -0.03360 0.02004 0.00596 -0.02228 0.01244 0.02388 -0.02404 0.02636
511.5  -0.00752 0.00080 -0.03440 0.02128 0.00504 -0.02172 0.01308 0.02356 -0.02408 0.02660
512.0  -0.01176 0.00088 -0.03500 0.02232 0.00412 -0.02128 0.01324 0.02312 -0.02412 0.02728
512.5  -0.01584 0.00088 -0.03536 0.02320 0.00332 -0.02104 0.01312 0.02252 -0.02424 0.02824
513.0  -0.01964 0.00084 -0.03548 0.02396 0.00252 -0.02108 0.01276 0.02180 -0.02440 0.02924
513.5  -0.02328 0.00072 -0.03528 0.02456 0.00168 -0.02128 0.01220 0.02088 -0.02480 0.03020
514.0  -0.02668 0.00056 -0.03484 0.02516 0.00100 -0.02168 0.01152 0.01976 -0.02552 0.03108
514.5  -0.02992 0.00032 -0.03408 0.02564 0.00056 -0.02216 0.01080 0.01860 -0.02640 0.03176
515.0  -0.03300 0.00012 -0.03300 0.02604 0.00048 -0.02268 0.01016 0.01792 -0.02724 0.03236
515.5  -0.03592 -0.00016 -0.03168 0.02636 0.00104 -0.02308 0.00972 0.01944 -0.02684 0.03284
516.0  -0.03868 -0.00040 -0.03004 0.02664 0.00244 -0.02328 0.01004 0.02824 -0.01868 0.03340
516.5  -0.04136 -0.00064 -0.02812 0.02656 0.00496 -0.02288 0.01188 0.03432 -0.00516 0.03416
517.0  -0.04388 -0.00084 -0.02596 0.02584 0.00824 -0.02024 0.01676 0.03552 -0.00184 0.03544
517.5  -0.04620 -0.00100 -0.02360 0.02460 0.01132 -0.01344 0.02340 0.03636 -0.00132 0.03724
518.0  -0.04836 -0.00116 -0.02108 0.02320 0.01352 -0.00740 0.02680 0.03704 -0.00148 0.03840
518.5  -0.05028 -0.00120 -0.01844 0.02188 0.01468 -0.00408 0.02848 0.03768 -0.00168 0.03760
519.0  -0.05200 -0.00124 -0.01564 0.02064 0.01500 -0.00180 0.02976 0.03812 -0.00168 0.03576
519.5  -0.05344 -0.00120 -0.01284 0.01944 0.01480 0.00012 0.03100 0.03836 -0.00148 0.03392
520.0  -0.05464 -0.00108 -0.01000 0.01812 0.01408 0.00208 0.03228 0.03832 -0.00108 0.03220
520.5  -0.05560 -0.00096 -0.00716 0.01660 0.01316 0.00416 0.03348 0.03800 -0.00044 0.03044
521.0  -0.05632 -0.00076 -0.00432 0.01484 0.01216 0.00640 0.03464 0.03732 0.00036 0.02852
521.5  -0.05672 -0.00060 -0.00152 0.01276 0.01104 0.00872 0.03588 0.03612 0.00116 0.02632
522.0  -0.05684 -0.00044 0.00120 0.01052 0.00996 0.01096 0.03756 0.03384 0.00192 0.02392
522.5  -0.05668 -0.00028 0.00392 0.00804 0.00876 0.01312 0.04076 0.02872 0.00248 0.02116
523.0  -0.05616 -0.00016 0.00656 0.00552 0.00752 0.01508 0.04732 0.01236 0.00272 0.01820
523.5  -0.05528 -0.00008 0.00912 0.00292 0.00620 0.01700 0.04588 -0.01292 0.00196 0.01492
524.0  -0.05400 -0.00004 0.01164 0.00048 0.00472 0.04264 0.01480 -0.02108 -0.00204 0.01144
524.5  -0.05232 -0.00004 0.01408 -0.00176 0.00296 0.03852 0.01736 -0.02152 -0.01212 0.00784
525.0  -0.05016 -0.00008 0.01644 -0.00372 0.00092 0.03608 -0.00508 -0.02652 -0.01628 0.00408
525.5  -0.04756 -0.00016 0.01868 -0.00516 -0.00140 0.03396 -0.00928 -0.02648 -0.01580 0.00024
526.0  -0.04448 -0.00020 0.02084 -0.00584 -0.00416 0.03212 -0.00912 -0.02848 -0.01296 -0.00364
526.5  -0.04096 -0.00028 0.02284 -0.00544 -0.00708 0.03056 -0.00808 -0.03056 -0.00816 -0.00744
527.0  -0.03708 -0.00036 0.02472 -0.00364 -0.00996 0.02936 -0.00572 -0.03180 -0.00260 -0.01040
527.5  -0.03284 -0.00040 0.02644 -0.00100 -0.01212 0.02824 -0.00116 -0.03204 0.00192 -0.01096
528.0  -0.02836 -0.00044 0.02796 0.00184 -0.01340 0.02608 0.00588 -0.03184 0.00492 -0.00912
528.5  -0.02372 -0.00048 0.02932 0.00436 -0.01400 0.02268 0.01116 -0.03156 0.00664 -0.00712
529.0  -0.01900 -0.00048 0.03040 0.00640 -0.01420 0.01996 0.01320 -0.03136 0.00752 -0.00560
529.5  -0.01436 -0.00048 0.03124 0.00796 -0.01428 0.01804 0.01364 -0.03124 0.00780 -0.00472
530.0  -0.00984 -0.00052 0.03184 0.00916 -0.01428 0.01664 0.01348 -0.03092 0.00760 -0.00444
530.5  -0.00548 -0.00048 0.03216 0.00992 -0.01428 0.01556 0.01304 -0.03084 0.00708 -0.00500
531.0  -0.00140 -0.00044 0.03220 0.01032 -0.01424 0.01476 0.01236 -0.03072 0.00632 -0.00640
531.5  0.00240 -0.00044 0.03192 0.01036 -0.01428 0.01420 0.01148 -0.03068 0.00528 -0.00856
532.0  0.00588 -0.00040 0.03136 0.01012 -0.01428 0.01388 0.01044 -0.03064 0.00400 -0.01144
532.5  0.00908 -0.00036 0.03048 0.00960 -0.01444 0.01392 0.00912 -0.03060 0.00232 -0.01496
533.0  0.01204 -0.00036 0.02932 0.00880 -0.01460 0.01424 0.00736 -0.03044 0.00028 -0.01912
533.5  0.01472 -0.00032 0.02784 0.00784 -0.01476 0.01492 0.00500 -0.03008 -0.00232 -0.02396
534.0  0.01716 -0.00028 0.02612 0.00668 -0.01500 0.01572 0.00160 -0.02932 -0.00552 -0.02924
534.5  0.01948 -0.00020 0.02412 0.00532 -0.01516 0.01596 -0.00336 -0.02792 -0.00940 -0.03500
535.0  0.02164 -0.00008 0.02188 0.00392 -0.01528 0.01492 -0.00892 -0.02512 -0.01408 -0.04112
535.5  0.02376 0.00004 0.01952 0.00212 -0.01532 0.01336 -0.01352 -0.01964 -0.01968 -0.04748
536.0  0.02584 0.00024 0.01696 0.00036 -0.01520 0.01212 -0.01728 -0.01084 -0.02388 -0.05376
536.5  0.02792 0.00048 0.01428 -0.00136 -0.01484 0.01140 -0.02040 -0.00320 -0.02380 -0.05928
537.0  0.03004 0.00080 0.01148 -0.00284 -0.01428 0.01108 -0.02312 0.00112 -0.02112 -0.06448
537.5  0.03224 0.00104 0.00868 -0.00400 -0.01364 0.01104 -0.02528 0.00308 -0.01756 -0.06828
538.0  0.03452 0.00136 0.00580 -0.00464 -0.01288 0.01112 -0.02688 0.00372 -0.01388 -0.07104
538.5  0.03684 0.00164 0.00300 -0.00484 -0.01220 0.01120 -0.02800 0.00348 -0.01040 -0.07260
539.0  0.03920 0.00188 0.00012 -0.00468 -0.01156 0.01128 -0.02884 0.00272 -0.00732 -0.07320
539.5  0.04152 0.00208 -0.00264 -0.00424 -0.01092 0.01124 -0.02944 0.00164 -0.00484 -0.07284
540.0  0.04372 0.00216 -0.00532 -0.00368 -0.01016 0.01108 -0.03000 0.00052 -0.00296 -0.07164
540.5  0.04568 0.00216 -0.00784 -0.00312 -0.00916 0.01080 -0.03052 -0.00060 -0.00164 -0.06976
541.0  0.04736 0.00204 -0.01020 -0.00260 -0.00808 0.01036 -0.03108 -0.00152 -0.00084 -0.06720
541.5  0.04864 0.00188 -0.01240 -0.00220 -0.00672 0.00980 -0.03164 -0.00212 -0.00028 -0.06432
542.0  0.04952 0.00160 -0.01436 -0.00192 -0.00520 0.00908 -0.03220 -0.00212 0.00008 -0.06120
542.5  0.04988 0.00128 -0.01608 -0.00176 -0.00356 0.00820 -0.03288 -0.00116 0.00036 -0.05816
543.0  0.04972 0.00092 -0.01764 -0.00164 -0.00180 0.00720 -0.03348 0.00160 0.00060 -0.05528
543.5  0.04908 0.00056 -0.01892 -0.00164 0.00004 0.00592 -0.03308 0.00760 0.00068 -0.05272
544.0  0.04792 0.00024 -0.01992 -0.00176 0.00192 0.00444 -0.03024 0.01636 0.00052 -0.05020
544.5  0.04628 -0.00008 -0.02064 -0.00176 0.00380 0.00312 -0.02612 0.02272 -0.00032 -0.04772
545.0  0.04424 -0.00036 -0.02112 -0.00184 0.00572 0.01956 0.01284 0.02572 -0.00280 -0.04540
545.5  0.04180 -0.00056 -0.02136 -0.00200 0.00760 0.02080 0.00616 0.02624 0.00808 -0.04380
546.0  0.03912 -0.00072 -0.02136 -0.00212 0.00948 0.01928 0.00344 0.02600 0.01316 -0.02136
546.5  0.03624 -0.00080 -0.02116 -0.00240 0.01144 0.01768 -0.00656 0.02576 0.01508 -0.01836
547.0  0.03328 -0.00080 -0.02072 -0.00288 0.01324 0.01596 -0.01284 0.02472 0.01532 -0.01780
547.5  0.03032 -0.00072 -0.02020 -0.00360 0.01508 0.01424 -0.01564 0.02488 0.01492 -0.01748
548.0  0.02740 -0.00060 -0.01932 -0.00484 0.01676 0.01304 -0.01704 0.02552 0.01432 -0.01716
548.5  0.02464 -0.00048 -0.01836 -0.00672 0.01820 0.01248 -0.01800 0.02624 0.01356 -0.01684
549.0  0.02196 -0.00028 -0.01724 -0.00936 0.01912 0.01244 -0.01876 0.02696 0.01276 -0.01652
549.5  0.01940 -0.00012 -0.01592 -0.01248 0.01948 0.01284 -0.01936 0.02752 0.01200 -0.01604
550.0  0.01688 0.00008 -0.01452 -0.01572 0.01924 0.01344 -0.02000 0.02800 0.01136 -0.01572
550.5  0.01432 0.00020 -0.01296 -0.01880 0.01848 0.01420 -0.02052 0.02836 0.01084 -0.01544
551.0  0.01176 0.00036 -0.01124 -0.02148 0.01744 0.01512 -0.02092 0.02844 0.01040 -0.01520
551.5  0.00908 0.00040 -0.00944 -0.02380 0.01616 0.01620 -0.02112 0.02836 0.01028 -0.01512
552.0  0.00636 0.00048 -0.00748 -0.02568 0.01452 0.01764 -0.02092 0.02820 0.01020 -0.01500
552.5  0.00352 0.00044 -0.00548 -0.02740 0.01236 0.01952 -0.02020 0.02792 0.01028 -0.01472
553.0  0.00068 0.00044 -0.00340 -0.02872 0.00928 0.02168 -0.01876 0.02752 0.01052 -0.01364
553.5  -0.00220 0.00036 -0.00124 -0.02956 0.00488 0.02396 -0.01672 0.02696 0.01100 -0.01100
554.0  -0.00508 0.00032 0.00088 -0.02948 -0.00092 0.02584 -0.01464 0.02616 0.01184 -0.00736
554.5  -0.00788 0.00020 0.00304 -0.02780 -0.00716 0.02724 -0.01284 0.02480 0.01380 -0.00424
555.0  -0.01064 0.00016 0.00508 -0.02488 -0.01208 0.02820 -0.01144 0.01924 0.02052 -0.00220
555.5  -0.01324 0.00008 0.00708 -0.02172 -0.01512 0.02880 -0.01024 -0.00028 0.02804 -0.00104
556.0  -0.01576 0.00004 0.00896 -0.01876 -0.01668 0.02904 -0.00920 -0.00716 0.02732 -0.00048
556.5  -0.01808 0.00004 0.01068 -0.01616 -0.01724 0.02884 -0.00888 -0.01128 0.02636 -0.00036
557.0  -0.02016 0.00008 0.01224 -0.01380 -0.01720 0.02780 -0.01112 -0.01560 0.02448 -0.00052
557.5  -0.02204 0.00012 0.01364 -0.01176 -0.01680 0.02520 -0.01660 -0.01940 0.02144 -0.00092
558.0  -0.02368 0.00016 0.01480 -0.00992 -0.01600 0.02116 -0.02264 -0.02140 0.01844 -0.00156
558.5  -0.02500 0.00024 0.01580 -0.00828 -0.01504 0.01736 -0.03308 -0.01092 0.01612 -0.00236
559.0  -0.02608 0.00032 0.01656 -0.00684 -0.01392 0.01468 -0.02880 0.02328 0.01432 -0.00324
559.5  -0.02692 0.00040 0.01716 -0.00556 -0.01264 0.01312 -0.02884 0.02540 0.01284 -0.00424
560.0  -0.02752 0.00044 0.01748 -0.00436 -0.01124 0.01236 -0.02944 0.02616 0.01164 -0.00532
560.5  -0.02788 0.00052 0.01768 -0.00332 -0.00972 0.01224 -0.03008 0.02656 0.01056 -0.00636
561.0  -0.02808 0.00052 0.01764 -0.00236 -0.00820 0.01280 -0.03048 0.02672 0.00976 -0.00760
561.5  -0.02804 0.00048 0.01744 -0.00144 -0.00656 0.01416 -0.03052 0.02676 0.00928 -0.00888
562.0  -0.02784 0.00044 0.01700 -0.00056 -0.00488 0.01652 -0.02988 0.02672 0.00924 -0.01052
562.5  -0.02748 0.00036 0.01640 0.00036 -0.00320 0.02016 -0.02804 0.02668 0.00968 -0.01244
563.0  -0.02696 0.00028 0.01564 0.00136 -0.00172 0.02500 -0.02420 0.02652 0.01064 -0.01472
563.5  -0.02624 0.00020 0.01472 0.00260 -0.00052 0.02972 -0.01832 0.02620 0.01220 -0.01696
564.0  -0.02544 0.00008 0.01364 0.00408 0.00028 0.03284 -0.01172 0.02536 0.01464 -0.01900
564.5  -0.02452 -0.00004 0.01240 0.00580 0.00044 0.03424 -0.00580 0.02296 0.01892 -0.02036
565.0  -0.02352 -0.00012 0.01104 0.00764 0.00008 0.03456 -0.00080 0.01408 0.02668 -0.02096
565.5  -0.02256 -0.00020 0.00952 0.00944 -0.00064 0.03428 0.00348 -0.00328 0.03048 -0.02092
566.0  -0.02160 -0.00028 0.00792 0.01120 -0.00148 0.03356 0.00692 -0.01232 0.02860 -0.02032
566.5  -0.02076 -0.00036 0.00628 0.01288 -0.00244 0.03256 0.00956 -0.01728 0.02672 -0.01956
567.0  -0.01996 -0.00040 0.00452 0.01448 -0.00348 0.03136 0.01204 -0.02040 0.02536 -0.01868
567.5  -0.01928 -0.00040 0.00268 0.01608 -0.00448 0.03000 0.01500 -0.02200 0.02460 -0.01780
568.0  -0.01876 -0.00044 0.00080 0.01768 -0.00544 0.02860 0.01816 -0.02244 0.02416 -0.01696
568.5  -0.01828 -0.00044 -0.00116 0.01932 -0.00620 0.02720 0.02112 -0.02236 0.02412 -0.01628
569.0  -0.01792 -0.00044 -0.00312 0.02096 -0.00680 0.02568 0.02344 -0.02252 0.02392 -0.01564
569.5  -0.01764 -0.00044 -0.00512 0.02264 -0.00704 0.02408 0.02532 -0.02324 0.02336 -0.01508
570.0  -0.01732 -0.00040 -0.00712 0.02432 -0.00684 0.02220 0.02704 -0.02448 0.02220 -0.01464
570.5  -0.01704 -0.00036 -0.00908 0.02596 -0.00608 0.01968 0.02884 -0.02620 0.02020 -0.01416
571.0  -0.01664 -0.00028 -0.01100 0.02740 -0.00472 0.01608 0.03084 -0.02808 0.01732 -0.01376
571.5  -0.01612 -0.00024 -0.01288 0.02856 -0.00288 0.01056 0.03300 -0.02972 0.01376 -0.01352
572.0  -0.01548 -0.00016 -0.01464 0.02924 -0.00072 0.00296 0.03436 -0.03080 0.00984 -0.01320
572.5  -0.01468 -0.00008 -0.01632 0.02936 0.00152 -0.00464 0.03396 -0.03128 0.00588 -0.01272
573.0  -0.01368 -0.00000 -0.01784 0.02912 0.00352 -0.01016 0.03244 -0.03112 0.00216 -0.01144
573.5  -0.01248 0.00008 -0.01924 0.02848 0.00520 -0.01356 0.03080 -0.03044 -0.00128 -0.00484
574.0  -0.01116 0.00020 -0.02044 0.02744 0.00644 -0.01564 0.02932 -0.02944 -0.00436 -0.00436
574.5  -0.00972 0.00028 -0.02144 0.02628 0.00736 -0.01684 0.02800 -0.02820 -0.00704 -0.00688
575.0  -0.00820 0.00040 -0.02224 0.02492 0.00804 -0.01740 0.02692 -0.02676 -0.00924 -0.01004
575.5  -0.00664 0.00052 -0.02280 0.02340 0.00856 -0.01740 0.02612 -0.02528 -0.01088 -0.01340
576.0  -0.00508 0.00068 -0.02316 0.02172 0.00900 -0.01684 0.02584 -0.02380 -0.01184 -0.01692
576.5  -0.00364 0.00076 -0.02328 0.01988 0.00944 -0.01552 0.02368 -0.02516 -0.01188 -0.02044
577.0  -0.00228 0.00080 -0.02316 0.01780 0.01008 -0.01296 0.02276 -0.02632 -0.01068 -0.02404
577.5  -0.00108 0.00084 -0.02280 0.01536 0.01092 -0.00744 0.02320 -0.02760 -0.00776 -0.02748
578.0  -0.00004 0.00080 -0.02224 0.01252 0.01176 0.00176 0.02248 -0.02876 -0.00348 -0.03088
578.5  0.00076 0.00068 -0.02144 0.00980 0.01196 0.00688 0.01964 -0.02928 0.00116 -0.03408
579.0  -0.00140 0.00048 -0.02044 0.00776 0.01128 0.00832 0.01736 -0.02920 0.00504 -0.03716
579.5  -0.00184 0.00028 -0.01920 0.00652 0.01000 0.00856 0.01564 -0.02884 0.00812 -0.04000
580.0  -0.00212 -0.00000 -0.01784 0.00584 0.00836 0.00848 0.01448 -0.02832 0.01064 -0.04256
580.5  -0.00232 -0.00032 -0.01624 0.00544 0.00652 0.00828 0.02864 -0.01128 0.01272 -0.04504
581.0  -0.00244 -0.00060 -0.01460 0.00524 0.00456 0.00804 0.02716 -0.01216 0.01460 -0.04704
581.5  -0.00260 -0.00084 -0.01272 0.00508 0.00260 0.00780 0.02608 -0.01176 0.01640 -0.04884
582.0  -0.00284 -0.00104 -0.01088 0.00492 0.00064 0.00756 0.02480 -0.01156 0.01812 -0.05028
582.5  -0.00324 -0.00112 -0.00888 0.00472 -0.00132 0.00724 0.02328 -0.01168 0.01984 -0.05132
583.0  -0.00384 -0.00120 -0.00692 0.00448 -0.00324 0.00684 0.02168 -0.01212 0.02156 -0.05188
583.5  -0.00468 -0.00116 -0.00500 0.00428 -0.00508 0.00628 0.02012 -0.01272 0.02328 -0.05188
584.0  -0.00576 -0.00104 -0.00312 0.00412 -0.00684 0.00556 0.01872 -0.01336 0.02524 -0.05064
584.5  -0.00708 -0.00088 -0.00132 0.00408 -0.00848 0.00456 0.01764 -0.01388 0.02764 -0.04516
585.0  -0.00864 -0.00064 0.00036 0.00412 -0.01008 0.00340 0.01676 -0.01424 0.03052 -0.03280
585.5  -0.01040 -0.00036 0.00192 0.00428 -0.01156 0.00220 0.01604 -0.01444 0.03376 -0.02256
586.0  -0.01228 -0.00008 0.00344 0.00464 -0.01300 0.00112 0.01552 -0.01472 0.03696 -0.01696
586.5  -0.01428 0.00020 0.00480 0.00504 -0.01436 0.00028 0.01504 -0.01516 0.03948 -0.01408
587.0  -0.01632 0.00044 0.00608 0.00548 -0.01556 -0.00032 0.01468 -0.01580 0.04080 -0.01244
587.5  -0.01832 0.00060 0.00728 0.00600 -0.01672 -0.00064 0.01452 -0.01660 0.04068 -0.01220
588.0  -0.02024 0.00076 0.00840 0.00648 -0.01768 -0.00076 0.01452 -0.01748 0.03888 -0.01352
588.5  -0.02200 0.00080 0.00944 0.00700 -0.01860 -0.00060 0.01472 -0.01836 0.03572 -0.01584
589.0  -0.02352 0.00080 0.01052 0.00752 -0.01944 0.00016 0.01508 -0.01924 0.03200 -0.01792
589.5  -0.02480 0.00072 0.01148 0.00804 -0.02016 0.00276 0.01536 -0.02000 0.02824 -0.01972
590.0  -0.02580 0.00056 0.01256 0.00844 -0.02088 0.00864 0.01388 -0.02064 0.02464 -0.02144
590.5  -0.02652 0.00040 0.01356 0.00872 -0.02144 0.01272 0.01180 -0.02104 0.02136 -0.02320
591.0  -0.02692 0.00020 0.01464 0.00892 -0.02200 0.01452 0.01184 -0.02100 0.01852 -0.02492
591.5  -0.02716 0.00000 0.01568 0.00892 -0.02252 0.01576 0.01364 -0.02004 0.01616 -0.02668
592.0  -0.02720 -0.00016 0.01672 0.00868 -0.02292 0.01688 0.01756 -0.01688 0.01428 -0.02844
592.5  -0.02720 -0.00032 0.01772 0.00816 -0.02308 0.01808 0.02268 -0.01180 0.01012 -0.03012
593.0  -0.02712 -0.00044 0.01868 0.00728 -0.02320 0.01928 0.01476 -0.02228 0.00360 -0.03160
593.5  -0.02712 -0.00056 0.01956 0.00620 -0.02304 0.01924 -0.00784 -0.02636 -0.00060 -0.03280
594.0  -0.02716 -0.00060 0.02036 0.00496 -0.02244 0.01224 -0.02092 -0.02368 -0.00320 -0.03356
594.5  -0.02732 -0.00060 0.02100 0.00388 -0.02160 0.00616 -0.02964 -0.01604 -0.00500 -0.03376
595.0  -0.02756 -0.00056 0.02148 0.00308 -0.02044 0.00312 -0.03448 -0.00152 -0.00640 -0.03364
595.5  -0.02788 -0.00052 0.02180 0.00232 -0.01904 0.00116 -0.03428 0.00716 -0.00756 -0.03300
596.0  -0.02832 -0.00048 0.02196 0.00168 -0.01756 -0.00036 -0.03376 0.01088 -0.00860 -0.03200
596.5  -0.02880 -0.00044 0.02184 0.00092 -0.01600 -0.00160 -0.03348 0.01272 -0.00952 -0.03104
597.0  -0.02928 -0.00040 0.02156 0.00016 -0.01448 -0.00276 -0.03348 0.01368 -0.01044 -0.02972
597.5  -0.02968 -0.00040 0.02108 -0.00072 -0.01296 -0.00396 -0.03364 0.01412 -0.01136 -0.02824
598.0  -0.03000 -0.00040 0.02036 -0.00148 -0.01152 -0.00528 -0.03404 0.01412 -0.01232 -0.02656
598.5  -0.03008 -0.00040 0.01948 -0.00212 -0.01012 -0.00688 -0.03460 0.01356 -0.01324 -0.02468
599.0  -0.02996 -0.00040 0.01844 -0.00268 -0.00876 -0.00880 -0.03536 0.01236 -0.01424 -0.02264
599.5  -0.02944 -0.00040 0.01728 -0.00312 -0.00740 -0.01120 -0.03620 0.01012 -0.01512 -0.02048
600.0  -0.02860 -0.00036 0.01596 -0.00336 -0.00608 -0.01416 -0.03700 0.00584 -0.01604 -0.01824
600.5  -0.02740 -0.00040 0.01452 -0.00352 -0.00476 -0.01780 -0.03664 -0.00304 -0.01700 -0.01600
601.0  -0.02584 -0.00036 0.01304 -0.00348 -0.00344 -0.02220 -0.02984 -0.01848 -0.01812 -0.01372
601.5  -0.02400 -0.00036 0.01144 -0.00332 -0.00220 -0.02696 -0.01736 -0.02704 -0.01960 -0.01160
602.0  -0.02188 -0.00032 0.00980 -0.00300 -0.00084 -0.03128 -0.00768 -0.02664 -0.02176 -0.00968
602.5  -0.01964 -0.00028 0.00816 -0.00256 0.00032 -0.03424 -0.00160 -0.02100 -0.02584 -0.00812
603.0  -0.01728 -0.00028 0.00648 -0.00208 0.00168 -0.03548 -0.00128 0.01472 -0.02920 -0.00716
603.5  -0.01484 -0.00024 0.00484 -0.00164 0.00288 -0.03524 -0.00820 0.02532 -0.02004 -0.00696
604.0  -0.01244 -0.00020 0.00316 -0.00176 0.00400 -0.03376 -0.01596 0.02660 -0.01580 -0.00752
604.5  -0.01000 -0.00020 0.00156 -0.00328 0.00452 -0.03092 -0.02188 0.02700 -0.01284 -0.00880
605.0  -0.00756 -0.00020 0.00000 -0.00496 0.00484 -0.02656 -0.02708 0.02716 -0.01060 -0.01064
605.5  -0.00516 -0.00020 -0.00148 -0.00608 0.00568 -0.02096 -0.03128 0.02712 -0.00888 -0.01276
606.0  -0.00272 -0.00020 -0.00292 -0.00704 0.00668 -0.01532 -0.03380 0.02692 -0.00752 -0.01496
606.5  -0.00028 -0.00024 -0.00428 -0.00796 0.00772 -0.01084 -0.03480 0.02664 -0.00640 -0.01700
607.0  0.00224 -0.00028 -0.00560 -0.00892 0.00864 -0.00768 -0.03480 0.02620 -0.00544 -0.01864
607.5  0.00472 -0.00032 -0.00680 -0.00996 0.00936 -0.00568 -0.03432 0.02580 -0.00452 -0.02000
608.0  0.00728 -0.00036 -0.00796 -0.01112 0.00980 -0.00452 -0.03356 0.02548 -0.00364 -0.02096
608.5  0.00984 -0.00040 -0.00908 -0.01252 0.00992 -0.00412 -0.03264 0.02532 -0.00280 -0.02164
609.0  0.01240 -0.00044 -0.01012 -0.01400 0.00964 -0.00432 -0.03172 0.02528 -0.00204 -0.02192
609.5  0.01500 -0.00044 -0.01104 -0.01564 0.00884 -0.00520 -0.03076 0.02544 -0.00144 -0.02192
610.0  0.01752 -0.00048 -0.01196 -0.01732 0.00744 -0.00676 -0.02980 0.02576 -0.00100 -0.02168
610.5  0.02004 -0.00044 -0.01280 -0.01888 0.00544 -0.00908 -0.02868 0.02616 -0.00076 -0.02124
611.0  0.02252 -0.00044 -0.01356 -0.02008 0.00304 -0.01212 -0.02736 0.02656 -0.00072 -0.02056
611.5  0.02492 -0.00040 -0.01424 -0.02084 0.00060 -0.01516 -0.02620 0.02672 -0.00076 -0.02032
612.0  0.02720 -0.00036 -0.01484 -0.02116 -0.00156 -0.01172 -0.02888 0.02632 -0.00084 -0.01404
612.5  0.02944 -0.00036 -0.01536 -0.02116 -0.00332 0.00932 -0.03108 0.02560 -0.00084 -0.01204
613.0  0.03152 -0.00032 -0.01576 -0.02092 -0.00460 0.01168 -0.03160 0.02500 -0.00068 -0.01024
613.5  0.03356 -0.00032 -0.01608 -0.02052 -0.00540 0.01188 -0.03256 0.02476 -0.00052 -0.00860
614.0  0.03548 -0.00032 -0.01620 -0.01988 -0.00576 0.01192 -0.03332 0.02476 -0.00036 -0.00716
614.5  0.03732 -0.00032 -0.01624 -0.01912 -0.00572 0.01204 -0.03396 0.02492 -0.00024 -0.00588
615.0  0.03908 -0.00036 -0.01608 -0.01820 -0.00540 0.01212 -0.03452 0.02504 -0.00012 -0.00476
615.5  0.04080 -0.00036 -0.01576 -0.01720 -0.00484 0.01212 -0.03516 0.02504 0.00004 -0.00396
616.0  0.04244 -0.00040 -0.01528 -0.01608 -0.00420 0.01188 -0.03600 0.02472 0.00016 -0.00344
616.5  0.04396 -0.00044 -0.01460 -0.01492 -0.00336 0.01140 -0.03708 0.02392 0.00032 -0.00324
617.0  0.04536 -0.00044 -0.01372 -0.01388 -0.00240 0.01068 -0.03848 0.02248 0.00040 -0.00340
617.5  0.04652 -0.00048 -0.01264 -0.01288 -0.00148 0.00972 -0.04004 0.02048 0.00060 -0.00380
618.0  0.04744 -0.00048 -0.01140 -0.01204 -0.00040 0.00880 -0.04148 0.01836 0.00088 -0.00444
618.5  0.04800 -0.00044 -0.01000 -0.01132 0.00076 0.00812 -0.04232 0.01692 0.00144 -0.00504
619.0  0.04816 -0.00044 -0.00848 -0.01072 0.00212 0.00816 -0.04264 0.01652 0.00224 -0.00576
619.5  0.04784 -0.00036 -0.00684 -0.01020 0.00348 0.00920 -0.04220 0.01732 0.00340 -0.00656
620.0  0.04700 -0.00032 -0.00516 -0.00964 0.00504 0.01156 -0.04092 0.01904 0.00480 -0.00728
620.5  0.04564 -0.00020 -0.00340 -0.00892 0.00660 0.01520 -0.03840 0.02160 0.00648 -0.00796
621.0  0.04372 -0.00008 -0.00168 -0.00812 0.00816 0.01968 -0.03440 0.02440 0.00832 -0.00844
621.5  0.04128 0.00004 0.00004 -0.00708 0.00980 0.02436 -0.02904 0.02668 0.01028 -0.00872
622.0  0.03840 0.00020 0.00168 -0.00580 0.01140 0.02840 -0.02328 0.02780 0.01204 -0.00856
622.5  0.03516 0.00036 0.00320 -0.00416 0.01284 0.03144 -0.01772 0.02820 0.01324 -0.00820
623.0  0.03164 0.00052 0.00460 -0.00224 0.01412 0.03336 -0.01260 0.02848 0.01344 -0.00744
623.5  0.02796 0.00064 0.00584 -0.00008 0.01512 0.03432 -0.00784 0.02940 0.01164 -0.00652
624.0  0.02416 0.00072 0.00696 0.00236 0.01576 0.03444 -0.00352 0.03068 0.00752 -0.00568
624.5  0.02032 0.00084 0.00788 0.00496 0.01592 0.03380 0.00016 0.03136 0.00320 -0.00524
625.0  0.01656 0.00084 0.00864 0.00768 0.01556 0.03272 0.00316 0.03128 0.00080 -0.00520
625.5  0.01284 0.00084 0.00924 0.01032 0.01460 0.03136 0.00520 0.03096 0.00008 -0.00560
626.0  0.00920 0.00076 0.00968 0.01288 0.01304 0.03004 0.00612 0.03052 0.00024 -0.00624
626.5  0.00568 0.00064 0.00996 0.01516 0.01084 0.02880 0.00536 0.03000 0.00080 -0.00684
627.0  0.00224 0.00052 0.01012 0.01720 0.00772 0.02776 0.00232 0.02932 0.00148 -0.00708
627.5  -0.00112 0.00028 0.01016 0.01888 0.00192 0.02616 -0.00260 0.02860 0.00224 -0.00672
628.0  0.00440 0.00004 0.01012 0.01376 -0.01308 0.02388 -0.00632 0.02784 0.00316 -0.00536
628.5  0.00768 -0.00020 0.01004 0.00712 -0.01760 0.02164 -0.00788 0.02708 0.00420 -0.00260
629.0  0.01096 -0.00044 0.00988 0.00360 -0.01852 0.01972 -0.00840 0.02632 0.00568 0.00208
629.5  0.01424 -0.00068 0.00968 0.00096 -0.01872 0.01804 -0.00852 0.02548 0.00748 0.00908
630.0  0.01760 -0.00088 0.00948 -0.00128 -0.01852 0.01648 -0.00808 0.02500 0.00896 0.01820
630.5  0.02100 -0.00104 0.00924 -0.00344 -0.01808 0.01512 -0.00528 0.02588 0.00860 0.02768
631.0  0.02444 -0.00112 0.00896 -0.00528 -0.01748 0.01396 -0.00044 0.02720 0.00656 0.03604
631.5  0.02796 -0.00116 0.00864 -0.00696 -0.01676 0.01264 0.00412 0.02784 0.00452 0.04260
632.0  0.03148 -0.00112 0.00820 -0.00852 -0.01596 0.00000 0.01332 0.02812 0.00300 0.04776
632.5  0.03500 -0.00108 0.00784 -0.00976 -0.01516 -0.00272 0.01356 0.02808 0.00176 0.05172
633.0  0.03840 -0.00096 0.00712 -0.01100 -0.01436 -0.00404 0.01436 0.02780 0.00060 0.05496
633.5  0.04160 -0.00084 0.00648 -0.01200 -0.01368 -0.00516 0.01556 0.02712 -0.00060 0.05740
634.0  0.04460 -0.00072 0.00552 -0.01284 -0.01300 -0.00636 0.01684 0.02616 -0.00204 0.05936
634.5  0.04732 -0.00060 0.00460 -0.01348 -0.01248 -0.00756 0.01808 0.02488 -0.00396 0.06080
635.0  0.04964 -0.00052 0.00344 -0.01384 -0.01180 -0.00888 0.01976 0.02272 -0.00644 0.06184
635.5  0.05152 -0.00044 0.00220 -0.01412 -0.01124 -0.01016 0.02340 0.01748 -0.00936 0.06236
636.0  0.05300 -0.00044 0.00084 -0.01404 -0.01052 -0.01144 0.02684 0.00776 -0.01296 0.06252
636.5  0.05400 -0.00048 -0.00084 -0.01380 -0.00980 -0.01252 0.02636 0.00276 -0.01676 0.06224
637.0  0.05456 -0.00044 -0.00228 -0.01332 -0.00892 -0.01352 0.02484 0.00188 -0.02096 0.06148
637.5  0.05464 -0.00052 -0.00396 -0.01260 -0.00804 -0.01440 0.02332 0.00236 -0.02524 0.06012
638.0  0.05424 -0.00052 -0.00548 -0.01164 -0.00692 -0.01512 0.02204 0.00296 -0.02936 0.05788
638.5  0.05340 -0.00052 -0.00704 -0.01060 -0.00576 -0.01572 0.02104 0.00324 -0.03308 0.05488
639.0  0.05212 -0.00052 -0.00852 -0.00948 -0.00448 -0.01620 0.02040 0.00272 -0.03588 0.05108
639.5  0.05044 -0.00044 -0.00992 -0.00844 -0.00308 -0.01648 0.02016 0.00128 -0.03732 0.04672
640.0  0.04840 -0.00036 -0.01116 -0.00744 -0.00156 -0.01656 0.02028 -0.00120 -0.03712 0.04184
640.5  0.04604 -0.00020 -0.01236 -0.00656 0.00008 -0.01632 0.02072 -0.00452 -0.03540 0.03644
641.0  0.04352 -0.00004 -0.01340 -0.00592 0.00180 -0.01572 0.02152 -0.00828 -0.03224 0.03068
641.5  0.04084 0.00016 -0.01432 -0.00548 0.00360 -0.01432 0.02276 -0.01204 -0.02812 0.02468
642.0  0.03816 0.00036 -0.01504 -0.00532 0.00540 -0.01164 0.02452 -0.01564 -0.02356 0.01888
642.5  0.03544 0.00052 -0.01560 -0.00544 0.00716 -0.00652 0.02664 -0.01888 -0.01892 0.01352
643.0  0.03284 0.00064 -0.01608 -0.00588 0.00884 0.00100 0.02768 -0.02152 -0.01456 0.00884
643.5  0.03028 0.00076 -0.01636 -0.00648 0.01036 0.00732 0.02704 -0.02364 -0.01072 0.00500
644.0  0.02776 0.00080 -0.01648 -0.00728 0.01176 0.01104 0.02612 -0.02516 -0.00740 0.00196
644.5  0.02520 0.00084 -0.01644 -0.00816 0.01292 0.01328 0.02556 -0.02624 -0.00476 -0.00032
645.0  0.02260 0.00084 -0.01624 -0.00900 0.01396 0.01476 0.02540 -0.02692 -0.00276 -0.00220
645.5  0.01992 0.00076 -0.01584 -0.00972 0.01472 0.01584 0.02560 -0.02720 -0.00128 -0.00380
646.0  0.01704 0.00068 -0.01532 -0.01028 0.01532 0.01684 0.02612 -0.02712 -0.00028 -0.00524
646.5  0.01396 0.00060 -0.01464 -0.01064 0.01576 0.01788 0.02672 -0.02668 0.00044 -0.00668
647.0  0.01068 0.00052 -0.01380 -0.01080 0.01608 0.01936 0.02724 -0.02584 0.00088 -0.00816
647.5  0.00720 0.00040 -0.01284 -0.01060 0.01624 0.02156 0.02752 -0.02460 0.00120 -0.00984
648.0  0.00352 0.00036 -0.01168 -0.01028 0.01632 0.02504 0.02672 -0.02292 0.00140 -0.01148
648.5  -0.00040 0.00032 -0.01040 -0.00960 0.01636 0.03020 0.02404 -0.02044 0.00140 -0.01304
649.0  -0.00448 0.00032 -0.00904 -0.00860 0.01648 0.03664 0.01856 -0.01632 0.00104 -0.01436
649.5  -0.00868 0.00032 -0.00756 -0.00712 0.01664 0.04240 0.01236 -0.00736 0.00008 -0.01404
650.0  -0.01296 0.00036 -0.00600 -0.00492 0.01684 0.04524 -0.00068 0.00396 -0.00044 -0.01164
650.5  -0.01724 0.00040 0.00440 -0.00160 0.01692 0.04020 -0.01620 0.01556 0.00216 -0.01080
651.0  -0.02140 0.00044 0.00276 0.00284 0.01608 0.02748 0.02892 0.02400 0.00500 -0.01152
651.5  -0.02544 0.00048 0.00108 0.00692 0.01416 0.02112 0.03116 0.02820 0.00716 -0.01304
652.0  -0.02924 0.00048 -0.00064 0.00964 0.01180 0.01896 0.03108 0.03048 0.00880 -0.01496
652.5  -0.03276 0.00048 -0.00232 0.01136 0.00948 0.01836 0.03080 0.03184 0.00996 -0.01704
653.0  -0.03604 0.00044 -0.00404 0.01252 0.00724 0.01832 0.03064 0.03260 0.01068 -0.01920
653.5  -0.03896 0.00040 -0.00576 0.01344 0.00496 0.01856 0.03052 0.03296 0.01104 -0.02136
654.0  -0.04160 0.00036 -0.00748 0.01416 0.00264 0.01888 0.03048 0.03296 0.01112 -0.02336
654.5  -0.04396 0.00028 -0.00924 0.01468 0.00028 0.01932 0.03036 0.03264 0.01104 -0.02516
655.0  -0.04604 0.00016 -0.01096 0.01500 -0.00212 0.01976 0.03016 0.03200 0.01080 -0.02668
655.5  -0.04784 0.00012 -0.01272 0.01512 -0.00452 0.02012 0.02980 0.03108 0.01044 -0.02780
656.0  -0.04932 0.00004 -0.01444 0.01488 -0.00688 0.02052 0.02932 0.02996 0.01016 -0.02840
656.5  -0.05048 -0.00000 -0.01616 0.01428 -0.00916 0.02088 0.02864 0.02864 0.00996 -0.02848
657.0  -0.05124 -0.00008 -0.01784 0.01320 -0.01136 0.02124 0.02780 0.02724 0.00976 -0.02784
657.5  -0.05168 -0.00012 -0.01944 0.01148 -0.01344 0.02156 0.02684 0.02584 0.00956 -0.02648
658.0  -0.05168 -0.00016 -0.02100 0.00900 -0.01528 0.02184 0.02568 0.02460 0.00912 -0.02436
658.5  -0.05132 -0.00016 -0.02240 0.00568 -0.01668 0.02224 0.02428 0.02388 0.00796 -0.02156
659.0  -0.05060 -0.00016 -0.02368 0.00180 -0.01724 0.02280 0.02236 0.02400 0.00456 -0.01800
659.5  -0.04952 -0.00012 -0.02480 -0.00188 -0.01676 0.02384 0.01944 0.02424 -0.00132 -0.01380
660.0  -0.04812 -0.00008 -0.02576 -0.00480 -0.01556 0.02596 0.01348 0.02448 -0.00432 -0.00940
660.5  -0.04652 -0.00004 -0.02648 -0.00692 -0.01412 0.02744 -0.00100 0.02556 -0.00456 -0.00548
661.0  -0.04476 0.00004 -0.02700 -0.00848 -0.01264 0.02260 -0.01236 0.02700 -0.00380 -0.00252
661.5  -0.04288 0.00008 -0.02724 -0.00968 -0.01124 0.01864 -0.01580 0.02820 -0.00312 -0.00056
662.0  -0.04096 0.00012 -0.02732 -0.01068 -0.00996 0.01632 -0.01716 0.02920 -0.00264 0.00060
662.5  -0.03904 0.00012 -0.02712 -0.01156 -0.00888 0.01516 -0.01784 0.02992 -0.00248 0.00112
663.0  -0.03716 0.00016 -0.02676 -0.01236 -0.00800 0.01476 -0.01824 0.03060 -0.00252 0.00120
663.5  -0.03528 0.00016 -0.02612 -0.01308 -0.00736 0.01496 -0.01852 0.03116 -0.00276 0.00092
664.0  -0.03344 0.00020 -0.02532 -0.01376 -0.00696 0.01556 -0.01876 0.03160 -0.00308 0.00040
664.5  -0.03152 0.00020 -0.02432 -0.01440 -0.00680 0.01652 -0.01888 0.03192 -0.00340 -0.00024
665.0  -0.02952 0.00024 -0.02312 -0.01496 -0.00696 0.01768 -0.01892 0.03212 -0.00360 -0.00108
665.5  -0.02736 0.00028 -0.02172 -0.01536 -0.00728 0.01916 -0.01864 0.03228 -0.00356 -0.00192
666.0  -0.02496 0.00032 -0.02020 -0.01560 -0.00772 0.02100 -0.01784 0.03244 -0.00312 -0.00268
666.5  -0.02228 0.00040 -0.01852 -0.01576 -0.00816 0.02356 -0.01568 0.03268 -0.00216 -0.00368
667.0  -0.01932 0.00044 -0.01664 -0.01572 -0.00848 0.02684 -0.01072 0.03292 -0.00044 -0.00476
667.5  -0.01604 0.00052 -0.01464 -0.01564 -0.00856 0.02928 -0.00280 0.03300 0.00232 -0.00600
668.0  -0.01248 0.00056 -0.01252 -0.01540 -0.00848 0.02952 0.00344 0.03256 0.00640 -0.00776
668.5  -0.00868 0.00060 -0.01024 -0.01516 -0.00820 0.02912 0.00652 0.03124 0.01148 -0.00960
669.0  -0.00464 0.00064 -0.00784 -0.01484 -0.00780 0.02876 0.00776 0.02900 0.01640 -0.01148
669.5  -0.00048 0.00064 -0.00532 -0.01452 -0.00732 0.02836 0.00784 0.02696 0.01976 -0.01292
670.0  -0.00368 0.00060 -0.00268 -0.01416 -0.00684 0.02780 0.00524 0.02664 0.02112 -0.01412
670.5  -0.00780 0.00056 0.00008 -0.01380 -0.00636 0.02684 0.01128 0.02568 0.02048 -0.01532
671.0  -0.01172 0.00052 0.00288 -0.01348 -0.00596 0.02488 0.01956 0.02404 0.01772 -0.01648
671.5  -0.01540 0.00048 0.00572 -0.01320 -0.00564 0.02088 0.02424 0.02504 0.01476 -0.01772
672.0  -0.01872 0.00040 0.00860 -0.01288 -0.00540 0.01492 0.02856 0.02516 0.01328 -0.01888
672.5  -0.02160 0.00036 0.01148 -0.01260 -0.00528 0.01064 0.03116 0.02404 0.01316 -0.01996
673.0  -0.02408 0.00028 0.01448 -0.01228 -0.00520 0.00904 0.03352 0.02088 0.01384 -0.02112
673.5  -0.02616 0.00020 0.01736 -0.01188 -0.00512 0.00908 0.03740 0.01180 0.01480 -0.02224
674.0  -0.02784 0.00016 0.02016 -0.01148 -0.00504 0.01000 0.03832 -0.00536 0.01588 -0.02328
674.5  -0.02920 0.00008 0.02292 -0.01092 -0.00480 0.01140 0.03524 -0.01432 0.01692 -0.02424
675.0  -0.03032 0.00004 0.02556 -0.01028 -0.00444 0.01312 0.03296 -0.01720 0.01784 -0.02492
675.5  -0.03132 0.00004 0.02804 -0.00956 -0.00396 0.01496 0.03120 -0.01816 0.01868 -0.02548
676.0  -0.03228 0.00008 0.03036 -0.00876 -0.00320 0.01684 0.02952 -0.01836 0.01936 -0.02584
676.5  -0.03328 0.00012 0.03248 -0.00792 -0.00220 0.01868 0.02772 -0.01812 0.01996 -0.02624
677.0  -0.03432 0.00020 0.03432 -0.00708 -0.00100 0.02040 0.02564 -0.01772 0.02052 -0.02688
677.5  -0.03544 0.00028 0.03608 -0.00620 0.00044 0.02180 0.02316 -0.01724 0.02116 -0.02796
678.0  -0.03668 0.00040 0.03736 -0.00540 0.00192 0.02284 0.02028 -0.01680 0.02180 -0.02944
678.5  -0.03796 0.00052 0.03852 -0.00464 0.00348 0.02336 0.01696 -0.01652 0.02236 -0.03096
679.0  -0.03928 0.00060 0.03920 -0.00396 0.00508 0.02336 0.01308 -0.01636 0.02308 -0.03156
679.5  -0.04052 0.00068 0.03960 -0.00368 0.00660 0.02260 0.00876 -0.01540 0.02440 -0.03044
680.0  -0.04168 0.00076 0.03960 -0.00368 0.00808 0.02120 0.00472 -0.00136 0.02916 -0.02804
680.5  -0.04268 0.00076 0.03920 -0.00412 0.00940 0.01912 0.00144 0.02188 0.01980 -0.02536
681.0  -0.04348 0.00072 0.03844 -0.00508 0.01044 0.01652 -0.00172 0.02368 0.01820 -0.02264
681.5  -0.04408 0.00064 0.03728 -0.00628 0.01124 0.01356 -0.00524 0.02416 0.01780 -0.01992
682.0  -0.04448 0.00048 0.03580 -0.00752 0.01180 0.01064 -0.00852 0.02388 0.01796 -0.01712
682.5  -0.04468 0.00028 0.03396 -0.00860 0.01220 0.00824 -0.01052 0.02344 0.01836 -0.01428
683.0  -0.04468 0.00000 0.03184 -0.00948 0.01248 0.00664 -0.01124 0.02332 0.01876 -0.01140
683.5  -0.04444 -0.00024 0.02944 -0.01008 0.01260 0.00592 -0.01116 0.02356 0.01904 -0.00848
684.0  -0.04404 -0.00048 0.02684 -0.01040 0.01264 0.00596 -0.01068 0.02420 0.01908 -0.00552
684.5  -0.04336 -0.00072 0.02400 -0.01052 0.01260 0.00664 -0.00992 0.02508 0.01884 -0.00248
685.0  -0.04248 -0.00096 0.02100 -0.01044 0.01244 0.00792 -0.00904 0.02604 0.01840 0.00080
685.5  -0.04128 -0.00116 0.01792 -0.01012 0.01220 0.00964 -0.00816 0.02684 0.01776 0.00448
686.0  -0.03988 -0.00128 0.01472 -0.00960 0.01200 0.01184 -0.00752 0.02740 0.01696 0.00856
686.5  -0.03816 -0.00140 0.01148 -0.00888 0.01176 0.01424 -0.00748 0.02748 0.01608 0.01312
687.0  -0.03620 -0.00144 0.00820 -0.00800 0.01156 0.01676 -0.00908 0.02680 0.01532 0.01828
687.5  -0.03400 -0.00144 0.00496 -0.00696 0.01136 0.01932 -0.01204 0.02476 0.01496 0.02412
688.0  -0.03152 -0.00140 0.00172 -0.00576 0.01120 0.02164 -0.01344 0.02240 0.01556 0.03028
688.5  -0.02884 -0.00132 -0.00140 -0.00440 0.01100 0.02340 -0.01344 0.01992 0.01724 0.03624
689.0  -0.02596 -0.00116 -0.00440 -0.00304 0.01076 0.02464 -0.01320 0.01736 0.01900 0.04068
689.5  -0.02288 -0.00100 -0.00724 -0.00140 0.01048 0.02536 -0.01320 0.01544 0.02008 0.04328
690.0  -0.01968 -0.00084 -0.00996 0.00016 0.01008 0.02580 -0.01340 0.01424 0.02048 0.04440
690.5  -0.01640 -0.00068 -0.01248 0.00184 0.00972 0.02608 -0.01372 0.01360 0.02036 0.04436
691.0  -0.01312 -0.00056 -0.01484 0.00364 0.00924 0.02616 -0.01424 0.01332 0.02008 0.04360
691.5  -0.00992 -0.00044 -0.01700 0.00548 0.00880 0.02616 -0.01480 0.01340 0.01964 0.04212
692.0  -0.00684 -0.00040 -0.01904 0.00744 0.00828 0.02608 -0.01544 0.01368 0.01912 0.04020
692.5  -0.00392 -0.00040 -0.02084 0.00944 0.00772 0.02596 -0.01616 0.01432 0.01844 0.03796
693.0  -0.00116 -0.00040 -0.02252 0.01152 0.00704 0.02572 -0.01692 0.01520 0.01768 0.03540
693.5  0.00152 -0.00044 -0.02404 0.01356 0.00624 0.02552 -0.01764 0.01640 0.01688 0.03252
694.0  0.00408 -0.00048 -0.02540 0.01544 0.00524 0.02528 -0.01832 0.01784 0.01612 0.02936
694.5  0.00660 -0.00052 -0.02660 0.01712 0.00412 0.02512 -0.01892 0.01948 0.01540 0.02588
695.0  0.00920 -0.00052 -0.02764 0.01860 0.00280 0.02504 -0.01940 0.02128 0.01472 0.02208
695.5  0.01180 -0.00048 -0.02844 0.01976 0.00144 0.02516 -0.01964 0.02308 0.01412 0.01796
696.0  0.01448 -0.00044 -0.02904 0.02060 0.00012 0.02564 -0.01944 0.02492 0.01336 0.01348
696.5  0.01724 -0.00032 -0.02944 0.02116 -0.00100 0.02656 -0.01868 0.02676 0.01228 0.00844
697.0  0.02004 -0.00024 -0.02956 0.02152 -0.00172 0.02800 -0.01696 0.02852 0.01052 0.00296
697.5  0.02284 -0.00012 -0.02944 0.02176 -0.00212 0.03016 -0.01364 0.03020 0.00756 -0.00300
698.0  0.02564 -0.00000 -0.02904 0.02192 -0.00204 0.03276 -0.00732 0.03144 0.00280 -0.00932
698.5  0.02836 0.00008 -0.02832 0.02200 -0.00176 0.03368 0.00564 0.03152 -0.00272 -0.01572
699.0  0.03096 0.00016 -0.02732 0.02204 -0.00156 0.02740 0.02144 0.03064 -0.00676 -0.02112
699.5  0.03340 0.00020 -0.02608 0.02204 -0.00164 0.02032 0.02904 0.02968 -0.00876 -0.02408
700.0  0.03568 0.00020 -0.02456 0.02200 -0.00204 0.01588 0.03236 0.02872 -0.00952 -0.02512
700.5  0.03768 0.00020 -0.02276 0.02196 -0.00260 0.01304 0.03412 0.02792 -0.00972 -0.02536
701.0  0.03944 0.00016 -0.02084 0.02192 -0.00336 0.01116 0.03528 0.02712 -0.00968 -0.02556
701.5  0.04088 0.00008 -0.01872 0.02184 -0.00420 0.00976 0.03620 0.02620 -0.00936 -0.02552
702.0  0.04208 -0.00004 -0.01644 0.02172 -0.00500 0.00856 0.03704 0.02516 -0.00876 -0.02532
702.5  0.04300 -0.00012 -0.01408 0.02152 -0.00572 0.00728 0.03800 0.02384 -0.00784 -0.02496
703.0  0.04376 -0.00020 -0.01168 0.02128 -0.00636 0.00552 0.03928 0.02192 -0.00644 -0.02456
703.5  0.04432 -0.00024 -0.00924 0.02100 -0.00684 0.00264 0.04088 0.01904 -0.00436 -0.02404
704.0  0.04480 -0.00028 -0.00688 0.02064 -0.00712 -0.00268 0.04200 0.01576 -0.00148 -0.02340
704.5  0.04516 -0.00024 -0.00456 0.02020 -0.00728 -0.01172 0.04004 0.01540 0.00208 -0.02260
705.0  0.04536 -0.00020 -0.00232 0.01976 -0.00712 -0.02076 0.03324 0.01924 0.00564 -0.02164
705.5  0.04544 -0.00008 -0.00020 0.01932 -0.00680 -0.02540 0.02684 0.02152 0.00760 -0.02028
706.0  0.04532 0.00004 0.00180 0.01900 -0.00576 -0.02680 0.02372 0.02240 0.00660 -0.01824
706.5  0.04496 0.00012 0.00364 0.01880 -0.00364 -0.02552 0.02416 0.02288 0.00220 -0.01488
707.0  0.04440 0.00020 0.00536 0.01832 0.00044 -0.01668 0.03036 0.02196 -0.00284 -0.00896
707.5  0.04356 0.00032 0.00688 0.01676 0.00500 -0.00120 0.03424 0.02032 -0.00568 0.00120
708.0  0.04252 0.00036 0.00824 0.01492 0.00728 0.00404 0.03356 0.01864 -0.00696 0.01432
708.5  0.04120 0.00036 0.00940 0.01352 0.00808 0.00556 0.03288 0.01712 -0.00780 0.02496
709.0  0.03968 0.00036 0.01040 0.01244 0.00820 0.00596 0.03224 0.01568 -0.00856 0.03152
709.5  0.03800 0.00032 0.01120 0.01140 0.00812 0.00596 0.03164 0.01432 -0.00960 0.03524
710.0  0.03612 0.00024 0.01184 0.01040 0.00788 0.00572 0.03104 0.01304 -0.01096 0.03728
710.5  0.03412 0.00012 0.01228 0.00952 0.00748 0.00532 0.03040 0.01200 -0.01280 0.03816
711.0  0.03200 0.00004 0.01256 0.00864 0.00692 0.00492 0.02976 0.01116 -0.01480 0.03828
711.5  0.02980 -0.00008 0.01264 0.00796 0.00616 0.00452 0.02920 0.01060 -0.01652 0.03792
712.0  0.02756 -0.00016 0.01264 0.00732 0.00516 0.00424 0.02872 0.01028 -0.01760 0.03732
712.5  0.02520 -0.00024 0.01252 0.00692 0.00388 0.00416 0.02832 0.01024 -0.01812 0.03660
713.0  0.02280 -0.00028 0.01224 0.00656 0.00240 0.00436 0.02800 0.01048 -0.01816 0.03576
713.5  0.02024 -0.00028 0.01188 0.00636 0.00072 0.00500 0.02768 0.01100 -0.01800 0.03472
714.0  0.01748 -0.00028 0.01148 0.00620 -0.00112 0.00624 0.02724 0.01192 -0.01808 0.03340
714.5  0.01448 -0.00028 0.01096 0.00600 -0.00300 0.00808 0.02620 0.01360 -0.01848 0.03176
715.0  0.01116 -0.00028 0.01040 0.00572 -0.00496 0.01056 0.02380 0.01656 -0.01932 0.02988
715.5  0.00752 -0.00028 0.00972 0.00532 -0.00696 0.01336 0.01992 0.01972 -0.02052 0.02788
716.0  0.00356 -0.00028 0.00900 0.00472 -0.00888 0.01616 0.01620 0.02128 -0.02188 0.02568
716.5  -0.00068 -0.00032 0.00824 0.00396 -0.01068 0.01876 0.01312 0.02192 -0.02304 0.02340
717.0  -0.00508 -0.00036 0.00736 0.00292 -0.01232 0.02108 0.01016 0.02288 -0.02336 0.02132
717.5  -0.00952 -0.00044 0.00644 0.00172 -0.01376 0.02300 0.00712 0.02552 -0.02156 0.01952
718.0  -0.01396 -0.00052 0.00544 0.00028 -0.01480 0.02456 0.00408 0.03100 -0.01396 0.01796
718.5  -0.01828 -0.00060 0.00432 -0.00116 -0.01552 0.02572 0.00104 0.03436 -0.00244 0.01696
719.0  -0.02232 -0.00072 0.00316 -0.00268 -0.01592 0.02640 -0.00208 0.03464 0.00340 0.01648
719.5  -0.02608 -0.00084 0.00200 -0.00404 -0.01600 0.02660 -0.00508 0.03460 0.00596 0.01648
720.0  -0.02952 -0.00100 0.00060 -0.00524 -0.01584 0.02636 -0.00804 0.03448 0.00744 0.01700
720.5  -0.03256 -0.00112 -0.00076 -0.00632 -0.01548 0.02568 -0.01088 0.03432 0.00856 0.01788
721.0  -0.03532 -0.00120 -0.00216 -0.00712 -0.01492 0.02464 -0.01352 0.03388 0.00964 0.01920
721.5  -0.03776 -0.00132 -0.00364 -0.00784 -0.01436 0.02336 -0.01580 0.03328 0.01064 0.02080
722.0  -0.03996 -0.00136 -0.00508 -0.00824 -0.01380 0.02216 -0.01752 0.03248 0.01132 0.02260
722.5  -0.04200 -0.00136 -0.00648 -0.00832 -0.01336 0.02132 -0.01860 0.03156 0.01164 0.02444
723.0  -0.04400 -0.00132 -0.00780 -0.00832 -0.01284 0.02112 -0.01884 0.03068 0.01152 0.02608
723.5  -0.04604 -0.00124 -0.00904 -0.00804 -0.01264 0.02168 -0.01824 0.02988 0.01108 0.02740
724.0  -0.04816 -0.00112 -0.01024 -0.00764 -0.01224 0.02268 -0.01700 0.02924 0.01048 0.02836
724.5  -0.05048 -0.00092 -0.01120 -0.00720 -0.01200 0.02372 -0.01544 0.02880 0.00976 0.02896
725.0  -0.05296 -0.00072 -0.01196 -0.00696 -0.01176 0.02452 -0.01380 0.02868 0.00900 0.02944
725.5  -0.05552 -0.00048 -0.01260 -0.00692 -0.01144 0.02504 -0.01188 0.02912 0.00752 0.03132
726.0  -0.05816 -0.00020 -0.01300 -0.00716 -0.01108 0.02540 -0.00908 0.03048 0.00148 0.02476
726.5  -0.06064 0.00008 -0.01324 -0.00772 -0.01052 0.02536 -0.00572 0.02828 -0.01308 0.02312
727.0  -0.06296 0.00036 -0.01328 -0.00848 -0.01000 0.02440 -0.00468 0.02676 -0.01728 0.02372
727.5  -0.06488 0.00060 -0.01312 -0.00940 -0.00940 0.02220 0.00204 0.02836 -0.01768 0.02472
728.0  -0.06636 0.00080 -0.01276 -0.01044 -0.00876 0.01956 0.02344 0.01860 -0.01752 0.02592
728.5  -0.06728 0.00096 -0.01228 -0.01144 -0.00800 0.01720 0.02564 0.01716 -0.01732 0.02732
729.0  -0.06756 0.00104 -0.01160 -0.01252 -0.00724 0.01520 0.02644 0.01684 -0.01716 0.02912
729.5  -0.06716 0.00112 -0.01080 -0.01344 -0.00636 0.01332 0.02684 0.01656 -0.01700 0.03140
730.0  -0.06612 0.00108 -0.00988 -0.01428 -0.00548 0.01152 0.02708 0.01616 -0.01676 0.03420
730.5  -0.06436 0.00100 -0.00884 -0.01504 -0.00456 0.00976 0.02724 0.01572 -0.01640 0.03724
731.0  -0.06200 0.00084 -0.00776 -0.01568 -0.00356 0.00800 0.02748 0.01524 -0.01596 0.04068
731.5  -0.05904 0.00068 -0.00656 -0.01616 -0.00260 0.00620 0.02772 0.01472 -0.01536 0.04408
732.0  -0.05560 0.00048 -0.00536 -0.01648 -0.00156 0.00440 0.02808 0.01424 -0.01448 0.04752
732.5  -0.05172 0.00028 -0.00404 -0.01676 -0.00056 0.00272 0.02856 0.01388 -0.01344 0.05072
733.0  -0.04748 0.00008 -0.00272 -0.01692 0.00040 0.00128 0.02928 0.01360 -0.01228 0.05352
733.5  -0.04292 -0.00012 -0.00136 -0.01696 0.00120 0.00020 0.03012 0.01336 -0.01100 0.05584
734.0  -0.03808 -0.00028 0.00004 -0.01696 0.00176 -0.00028 0.03120 0.01324 -0.00972 0.05768
734.5  -0.03304 -0.00036 0.00148 -0.01696 0.00204 0.00040 0.03248 0.01316 -0.00852 0.05912
735.0  -0.02772 -0.00044 0.00300 -0.01696 0.00188 0.00360 0.03376 0.01304 -0.00740 0.05428
735.5  -0.02224 -0.00048 0.00456 -0.01704 0.00144 0.01116 0.03372 0.01284 -0.00648 0.01060
736.0  -0.01656 -0.00048 0.00616 -0.01708 0.00092 0.02084 0.03076 0.01248 -0.00576 0.00756
736.5  -0.01072 -0.00044 0.00776 -0.01704 0.00052 0.02708 0.02756 0.01272 -0.00460 0.00592
737.0  -0.00488 -0.00040 0.00940 -0.01696 0.00040 0.03056 0.02312 0.01756 -0.00180 0.00456
737.5  0.00096 -0.00036 0.01096 -0.01688 0.00060 0.03272 0.00264 0.02816 0.00252 0.00308
738.0  0.00672 -0.00032 0.01252 -0.01684 0.00100 0.03268 -0.01112 0.02704 0.00632 0.00160
738.5  0.01232 -0.00028 0.01400 -0.01672 0.00152 0.02208 -0.02904 0.02512 0.00852 0.00016
739.0  0.01768 -0.00028 0.01540 -0.01660 0.00212 0.01292 -0.03624 0.02268 0.00948 -0.00124
739.5  0.02276 -0.00028 0.01672 -0.01644 0.00280 0.01012 -0.03980 0.01840 0.00964 -0.00224
740.0  0.02752 -0.00032 0.01796 -0.01624 0.00348 0.00936 -0.04368 0.00712 0.00924 -0.00288
740.5  0.03196 -0.00036 0.01908 -0.01600 0.00420 0.00944 -0.04196 0.01428 0.00844 -0.00320
741.0  0.03596 -0.00040 0.02000 -0.01572 0.00496 0.01000 -0.03672 0.02444 0.00732 -0.00324
741.5  0.03960 -0.00048 0.02080 -0.01536 0.00576 0.01080 -0.03372 0.02764 0.00588 -0.00312
742.0  0.04284 -0.00052 0.02136 -0.01492 0.00656 0.01192 -0.03176 0.02868 0.00432 -0.00324
742.5  0.04568 -0.00052 0.02176 -0.01432 0.00736 0.01336 -0.03004 0.02892 0.00248 -0.00340
743.0  0.04824 -0.00052 0.02188 -0.01364 0.00824 0.01512 -0.02824 0.02884 0.00064 -0.00368
743.5  0.05056 -0.00048 0.02180 -0.01276 0.00908 0.01740 -0.02600 0.02860 -0.00124 -0.00388
744.0  0.05268 -0.00040 0.02148 -0.01180 0.00988 0.02044 -0.02272 0.02852 -0.00280 -0.00388
744.5  0.05468 -0.00028 0.02092 -0.01056 0.01068 0.02424 -0.01760 0.02872 -0.00368 -0.00320
745.0  0.05660 -0.00012 0.02016 -0.00916 0.01136 0.02772 -0.00992 0.02936 -0.00296 -0.00180
745.5  0.05852 -0.00000 0.01912 -0.00752 0.01192 0.02900 -0.00172 0.03032 0.00068 0.00044
746.0  0.06036 0.00008 0.01792 -0.00564 0.01224 0.02848 0.00460 0.03044 0.00700 0.00328
746.5  0.06208 0.00012 0.01652 -0.00356 0.01236 0.02736 0.00928 0.02976 0.01200 0.00648
747.0  0.06360 0.00016 0.01496 -0.00136 0.01200 0.02612 0.01304 0.02940 0.01456 0.00996
747.5  0.06492 0.00012 0.01320 0.00080 0.01120 0.02492 0.01636 0.02936 0.01564 0.01352
748.0  0.06588 0.00004 0.01132 0.00268 0.00984 0.02380 0.01936 0.02940 0.01588 0.01708
748.5  0.06648 -0.00012 0.00928 0.00416 0.00820 0.02280 0.02208 0.02924 0.01564 0.02052
749.0  0.06664 -0.00024 0.00708 0.00512 0.00624 0.02196 0.02440 0.02896 0.01516 0.02388
749.5  0.06632 -0.00044 0.00480 0.00568 0.00424 0.02136 0.02628 0.02840 0.01464 0.02716
750.0  0.06552 -0.00056 0.00244 0.00604 0.00220 0.02100 0.02760 0.02772 0.01420 0.03056
750.5  0.06424 -0.00068 -0.00000 0.00628 0.00016 0.02092 0.02832 0.02696 0.01396 0.03428
751.0  0.06244 -0.00080 -0.00252 0.00652 -0.00184 0.02108 0.02844 0.02616 0.01388 0.03844
751.5  0.06008 -0.00084 -0.00504 0.00684 -0.00372 0.02144 0.02792 0.02540 0.01400 0.04300
752.0  0.05728 -0.00080 -0.00752 0.00728 -0.00544 0.02204 0.02676 0.02472 0.01420 0.04776
752.5  0.05404 -0.00076 -0.01000 0.00784 -0.00684 0.02288 0.02500 0.02412 0.01436 0.05212
753.0  0.05044 -0.00064 -0.01236 0.00860 -0.00784 0.02388 0.02264 0.02368 0.01436 0.05604
753.5  0.04652 -0.00052 -0.01460 0.00956 -0.00844 0.02516 0.01964 0.02352 0.01396 0.05936
754.0  0.04240 -0.00036 -0.01672 0.01080 -0.00824 0.02664 0.01576 0.02368 0.01296 0.06204
754.5  0.03808 -0.00016 -0.01868 0.01232 -0.00720 0.02816 0.01060 0.02424 0.01108 0.06420
755.0  0.03368 -0.00004 -0.02040 0.01380 -0.00528 0.02896 0.00428 0.02508 0.00840 0.02340
755.5  0.02916 0.00012 -0.02196 0.01468 -0.00292 0.02844 -0.00220 0.02580 0.00568 0.00852
756.0  0.02456 -0.00020 -0.02324 0.01500 -0.00100 0.02664 -0.00832 0.02620 0.00384 0.00664
756.5  0.01984 -0.00028 -0.02432 0.01484 0.00036 0.02316 -0.01572 0.02568 0.00320 0.00564
757.0  0.01496 -0.00028 -0.02516 0.01448 0.00116 0.01276 -0.02628 0.02396 0.00356 0.00476
757.5  0.01000 -0.00028 -0.02576 0.01400 0.00176 -0.01244 -0.02504 0.02504 0.00420 0.00416
758.0  0.00492 -0.00024 -0.02612 0.01344 0.00200 -0.01984 -0.01776 0.02624 0.00460 0.00340
758.5  -0.00024 -0.00020 -0.02632 0.01288 0.00212 -0.02224 -0.01472 0.02584 0.00456 0.00276
759.0  -0.00548 -0.00020 -0.02624 0.01228 0.00208 -0.02344 -0.01348 0.02508 0.00412 0.00188
759.5  -0.01072 -0.00020 -0.02600 0.01180 0.00204 -0.02424 -0.01284 0.02416 0.00324 0.00100
760.0  -0.01596 -0.00020 -0.02560 0.01140 0.00204 -0.02484 -0.01212 0.02328 0.00184 -0.00024
760.5  -0.02112 -0.00024 -0.02500 0.01108 0.00208 -0.02536 -0.01088 0.02248 -0.00028 -0.00204
761.0  -0.02620 -0.00036 -0.02420 0.01080 0.00232 -0.02596 -0.00832 0.02152 -0.00356 -0.00444
761.5  -0.03108 -0.00044 -0.02328 0.01064 0.00300 -0.02684 -0.00140 0.01964 -0.00828 -0.00752
762.0  -0.03576 -0.00056 -0.02216 0.01028 0.00416 -0.02352 0.01176 0.01652 -0.01320 -0.01124
762.5  -0.04024 -0.00068 -0.02088 0.00980 0.00568 -0.01856 0.01752 0.01340 -0.01664 -0.01528
763.0  -0.04440 -0.00080 -0.01948 0.00900 0.00712 -0.01568 0.01912 0.01116 -0.01888 -0.01952
763.5  -0.04828 -0.00092 -0.01784 0.00836 0.00820 -0.01364 0.01964 0.00972 -0.02064 -0.02364
764.0  -0.05184 -0.00096 -0.01620 0.00764 0.00892 -0.01208 0.01984 0.00904 -0.02232 -0.02720
764.5  -0.05508 -0.00096 -0.01444 0.00712 0.00920 -0.01076 0.01992 0.00880 -0.02400 -0.02960
765.0  -0.05800 -0.00092 -0.01264 0.00656 0.00920 -0.00976 0.02004 0.00912 -0.02572 -0.03064
765.5  -0.06060 -0.00084 -0.01080 0.00608 0.00872 -0.00908 0.02016 0.00980 -0.02752 -0.03040
766.0  -0.06280 -0.00068 -0.00900 0.00592 0.00788 -0.00872 0.02028 0.01080 -0.02932 -0.02896
766.5  -0.06464 -0.00048 -0.00720 0.00540 0.00672 -0.00876 0.02044 0.01204 -0.03100 -0.02680
767.0  -0.06600 -0.00028 -0.00548 0.00516 0.00516 -0.00912 0.02060 0.01344 -0.03248 -0.02412
767.5  -0.06688 -0.00004 -0.00380 0.00496 0.00332 -0.00980 0.02072 0.01492 -0.03368 -0.02120
768.0  -0.06724 0.00016 -0.00220 0.00484 0.00120 -0.01076 0.02076 0.01640 -0.03444 -0.01832
768.5  -0.06708 0.00036 -0.00064 0.00480 -0.00112 -0.01192 0.02080 0.01780 -0.03472 -0.01580
769.0  -0.06640 0.00048 0.00080 0.00468 -0.00368 -0.01320 0.02072 0.01900 -0.03456 -0.01380
769.5  -0.06528 0.00056 0.00236 0.00452 -0.00628 -0.01456 0.02048 0.02004 -0.03404 -0.01252
770.0  -0.06380 0.00064 0.00380 0.00428 -0.00884 -0.01596 0.02004 0.02088 -0.03328 -0.01208
770.5  -0.06200 0.00060 0.00520 0.00392 -0.01132 -0.01732 0.01924 0.02156 -0.03240 -0.01228
771.0  -0.06000 0.00052 0.00660 0.00336 -0.01356 -0.01872 0.01800 0.02196 -0.03148 -0.01296
771.5  -0.05788 0.00044 0.00796 0.00268 -0.01580 -0.02008 0.01620 0.02208 -0.03076 -0.01396
772.0  -0.05568 0.00028 0.00928 0.00188 -0.01768 -0.02152 0.01348 0.02188 -0.03028 -0.01504
772.5  -0.05344 0.00012 0.01060 0.00088 -0.01928 -0.02292 0.00976 0.02112 -0.03012 -0.01616
773.0  -0.05116 -0.00004 0.01188 -0.00012 -0.02064 -0.02416 0.00508 0.01940 -0.03020 -0.01744
773.5  -0.04884 -0.00020 0.01312 -0.00116 -0.02172 -0.02504 -0.00012 0.01608 -0.03056 -0.01892
774.0  -0.04644 -0.00036 0.01428 -0.00220 -0.02252 -0.02528 -0.00572 0.01020 -0.03108 -0.02080
774.5  -0.04392 -0.00052 0.01528 -0.00324 -0.02316 -0.02492 -0.01148 -0.00804 -0.02924 -0.02340
775.0  -0.04120 -0.00064 0.01624 -0.00440 -0.02352 -0.02368 -0.01668 -0.02180 -0.01720 -0.02728
775.5  -0.03820 -0.00072 0.01704 -0.00584 -0.02352 -0.02148 -0.02112 -0.02232 -0.01244 -0.03216
776.0  -0.03488 -0.00076 0.01768 -0.00820 -0.02300 -0.01812 -0.02504 -0.02184 -0.00984 -0.03608
776.5  -0.03116 -0.00080 0.01816 -0.01272 -0.02080 -0.01336 -0.02836 -0.02148 -0.00808 -0.03760
777.0  -0.02708 -0.00080 0.01848 -0.01932 -0.01460 -0.00828 -0.03060 -0.02140 -0.00672 -0.03784
777.5  -0.02256 -0.00076 0.01860 -0.02240 -0.00860 -0.00416 -0.03172 -0.02160 -0.00548 -0.03752
778.0  -0.01772 -0.00072 0.01860 -0.02296 -0.00572 -0.00156 -0.03228 -0.02188 -0.00428 -0.03700
778.5  -0.01256 -0.00068 0.01836 -0.02280 -0.00444 -0.00036 -0.03280 -0.02208 -0.00308 -0.03600
779.0  -0.00720 -0.00064 0.01804 -0.02244 -0.00384 -0.00012 -0.03356 -0.02184 -0.00204 -0.03476
779.5  -0.00168 -0.00060 0.01756 -0.02192 -0.00348 -0.00064 -0.03484 -0.02072 -0.00120 -0.03316
780.0  0.00384 -0.00056 0.01700 -0.02132 -0.00324 -0.00192 -0.03704 -0.01736 -0.00064 -0.03116
780.5  0.00932 -0.00052 0.01632 -0.02060 -0.00300 -0.00416 -0.04028 -0.00856 -0.00036 -0.02916
781.0  0.01464 -0.00052 0.01556 -0.01972 -0.00264 -0.00948 -0.04016 0.00592 -0.00028 -0.02692
781.5  0.01976 -0.00048 0.01472 -0.01864 -0.00212 -0.03532 -0.01664 0.01552 -0.00012 -0.02456
782.0  0.02460 -0.00048 0.01384 -0.01740 -0.00132 -0.03720 -0.00128 0.01992 0.00116 -0.02220
782.5  0.02916 -0.00048 0.01288 -0.01600 -0.00008 -0.03600 -0.00324 0.02152 0.00596 -0.01924
783.0  0.03344 -0.00048 0.01188 -0.01420 0.00208 -0.03500 -0.00992 0.02116 0.00768 -0.01392
783.5  0.03736 -0.00052 0.01080 -0.01108 0.00600 -0.03412 -0.01092 0.02340 0.00472 0.00052
784.0  0.04100 -0.00052 0.00972 -0.00648 0.00856 -0.03384 -0.01052 0.02500 0.00240 0.02032
784.5  0.04432 -0.00056 0.00856 -0.00340 0.00820 -0.01960 0.02924 0.02620 0.00104 0.02888
785.0  0.04732 -0.00056 0.00736 -0.00148 0.00680 -0.01824 0.03004 0.02728 0.00028 0.03288
785.5  0.04996 -0.00056 0.00612 0.00008 0.00520 -0.01932 0.02952 0.02832 -0.00012 0.03504
786.0  0.05220 -0.00052 0.00488 0.00140 0.00344 -0.02056 0.02896 0.02936 -0.00028 0.03628
786.5  0.05408 -0.00048 0.00360 0.00256 0.00156 -0.02176 0.02848 0.03044 -0.00044 0.03660
787.0  0.05544 -0.00044 0.00232 0.00356 -0.00028 -0.02276 0.02812 0.03152 -0.00064 0.03644
787.5  0.05636 -0.00036 0.00104 0.00444 -0.00228 -0.02352 0.02792 0.03248 -0.00104 0.03556
788.0  0.05672 -0.00028 -0.00028 0.00504 -0.00424 -0.02408 0.02792 0.03320 -0.00152 0.03444
788.5  0.05664 -0.00020 -0.00156 0.00544 -0.00616 -0.02444 0.02800 0.03376 -0.00212 0.03288
789.0  0.05604 -0.00008 -0.00288 0.00556 -0.00800 -0.02460 0.02824 0.03404 -0.00280 0.03104
789.5  0.05504 -0.00004 -0.00412 0.00548 -0.00980 -0.02472 0.02852 0.03396 -0.00348 0.02892
790.0  0.05368 0.00000 -0.00536 0.00524 -0.01132 -0.02500 0.02872 0.03360 -0.00416 0.02652
790.5  0.05204 0.00004 -0.00656 0.00524 -0.01256 -0.02552 0.02864 0.03296 -0.00468 0.02392
791.0  0.05024 0.00004 -0.00772 0.00624 -0.01308 -0.02668 0.02804 0.03192 -0.00516 0.02100
791.5  0.04828 0.00000 -0.00876 0.01004 -0.01144 -0.02876 0.02648 0.03056 -0.00544 0.01776
792.0  0.04628 -0.00004 -0.00972 0.01352 -0.00808 -0.03188 0.02344 0.02884 -0.00528 0.01416
792.5  0.04432 -0.00008 -0.01064 0.01444 -0.00708 -0.03516 0.01932 0.02692 -0.00352 0.01004
793.0  0.04236 -0.00016 -0.01144 0.01456 -0.00736 -0.03596 0.02044 0.02304 0.00436 0.00540
793.5  0.04048 -0.00024 -0.01212 0.01436 -0.00800 -0.03172 0.03244 0.00132 0.01100 0.00068
794.0  0.03868 -0.00032 -0.01272 0.01388 -0.00868 -0.02480 0.02956 -0.02204 0.01108 -0.00348
794.5  0.03692 -0.00036 -0.01320 0.01336 -0.00940 -0.01832 0.02908 -0.02696 0.01052 -0.00660
795.0  0.03520 -0.00040 -0.01352 0.01272 -0.01000 -0.01404 0.02832 -0.02908 0.01016 -0.00884
795.5  0.03344 -0.00040 -0.01376 0.01204 -0.01052 -0.01168 0.02708 -0.03020 0.01008 -0.01028
796.0  0.03160 -0.00036 -0.01384 0.01144 -0.01096 -0.01060 0.02564 -0.03088 0.01024 -0.01108
796.5  0.02956 -0.00032 -0.01380 0.01084 -0.01124 -0.01032 0.02428 -0.03136 0.01060 -0.01156
797.0  0.02736 -0.00024 -0.01360 0.01036 -0.01144 -0.01056 0.02296 -0.03168 0.01096 -0.01188
797.5  0.02488 -0.00012 -0.01332 0.01000 -0.01148 -0.01112 0.02172 -0.03192 0.01120 -0.01240
798.0  0.02216 -0.00000 -0.01284 0.00968 -0.01140 -0.01200 0.02048 -0.03216 0.01120 -0.01332
798.5  0.01912 0.00008 -0.01228 0.00956 -0.01120 -0.01316 0.01920 -0.03228 0.01084 -0.01484
799.0  0.01588 0.00016 -0.01156 0.00956 -0.01088 -0.01460 0.01772 -0.03236 0.01024 -0.01696
799.5  0.01248 0.00024 -0.01072 0.00968 -0.01048 -0.01636 0.01576 -0.03244 0.00948 -0.01960
800.0  0.00888 0.00024 -0.00976 0.00992 -0.00992 -0.01860 0.01300 -0.03240 0.00852 -0.02272
800.5  0.00524 0.00028 -0.00864 0.01020 -0.00928 -0.02096 0.00892 -0.03236 0.00732 -0.02648
801.0  0.00156 0.00024 -0.00744 0.01040 -0.00864 -0.02268 0.00356 -0.03228 0.00556 -0.03104
801.5  -0.00208 0.00024 -0.00612 0.01040 -0.00812 -0.02324 -0.00176 -0.03216 0.00228 -0.03656
802.0  -0.00564 0.00024 -0.00472 0.00808 -0.00976 -0.02292 -0.00628 -0.03120 -0.00488 -0.04288
802.5  -0.00904 0.00024 -0.00324 -0.00152 -0.01196 -0.02224 -0.01028 -0.02724 -0.01400 -0.04940
803.0  -0.01228 0.00032 -0.00168 -0.00100 -0.01116 -0.02128 -0.01404 -0.02324 -0.01792 -0.05560
803.5  -0.01532 0.00036 -0.00008 0.00084 -0.01020 -0.01992 -0.01780 -0.02064 -0.01836 -0.06116
804.0  -0.01816 0.00048 0.00152 0.00288 -0.00868 -0.01836 -0.02148 -0.01796 -0.01772 -0.06600
804.5  -0.02076 0.00060 0.00316 0.00468 -0.00648 -0.01676 -0.02480 -0.01456 -0.01684 -0.07012
805.0  -0.02316 0.00072 0.00480 0.00572 -0.00380 -0.01536 -0.02712 -0.01072 -0.01612 -0.07356
805.5  -0.02540 0.00088 0.00640 0.00600 -0.00116 -0.01424 -0.02840 -0.00716 -0.01548 -0.07628
806.0  -0.02748 0.00100 0.00800 0.00568 0.00140 -0.01336 -0.02900 -0.00408 -0.01492 -0.07840
806.5  -0.02944 0.00112 0.00956 0.00496 0.00384 -0.01264 -0.02920 -0.00128 -0.01424 -0.07980
807.0  -0.03136 0.00116 0.01104 0.00404 0.00600 -0.01200 -0.02928 0.00156 -0.01340 -0.08052
807.5  -0.03316 0.00116 0.01256 0.00296 0.00796 -0.01132 -0.02916 0.00480 -0.01224 -0.08060
808.0  -0.03488 0.00108 0.01396 0.00188 0.00976 -0.01044 -0.02868 0.00904 -0.01068 -0.08000
808.5  -0.03652 0.00096 0.01528 0.00080 0.01148 -0.00916 -0.02700 0.01468 -0.00856 -0.07872
809.0  -0.03796 0.00076 0.01652 -0.00016 0.01300 -0.00716 -0.02432 0.02008 -0.00584 -0.07664
809.5  -0.03924 0.00052 0.01760 -0.00088 0.01448 -0.00364 -0.02272 0.02296 -0.00240 -0.07352
810.0  -0.04028 0.00024 0.01856 -0.00120 0.01592 0.00148 -0.02440 0.02124 0.00148 -0.06852
810.5  -0.04104 -0.00004 0.01928 -0.00084 0.01740 0.00616 -0.02968 -0.00968 0.00540 -0.06012
811.0  -0.04148 -0.00028 0.01980 0.00028 0.01872 0.00932 -0.02668 -0.01264 0.00896 -0.04796
811.5  -0.04156 -0.00052 0.02012 0.00256 0.01988 0.01172 -0.02460 -0.01248 0.01196 -0.03664
812.0  -0.04132 -0.00068 0.02012 0.00556 0.02048 0.01380 -0.02228 -0.01220 0.01440 -0.02904
812.5  -0.04064 -0.00080 0.01988 0.00856 0.02056 0.01556 -0.01964 -0.01220 0.01644 -0.02436
813.0  -0.03960 -0.00088 0.01932 0.01104 0.02044 0.01696 -0.01664 -0.01276 0.01808 -0.02172
813.5  -0.03824 -0.00092 0.01856 0.01288 0.02016 0.01780 -0.01340 -0.01516 0.01848 -0.02044
814.0  -0.03656 -0.00088 0.01744 0.01440 0.01996 0.01804 -0.01020 -0.02572 0.00172 -0.01992
814.5  -0.03464 -0.00080 0.01612 0.01556 0.01968 0.01760 -0.00712 -0.02612 -0.00940 -0.01992
815.0  -0.03256 -0.00068 0.01456 0.01652 0.01928 0.01680 -0.00436 -0.02720 -0.01212 -0.02004
815.5  -0.03040 -0.00056 0.01276 0.01728 0.01892 0.01584 -0.00188 -0.02848 -0.01412 -0.02008
816.0  -0.02824 -0.00044 0.01080 0.01788 0.01828 0.01480 0.00024 -0.02976 -0.01576 -0.01988
816.5  -0.02608 -0.00028 0.00864 0.01816 0.01796 0.01404 0.00208 -0.03096 -0.01708 -0.01992
817.0  -0.02400 -0.00020 0.00644 0.01832 0.01740 0.01360 0.00356 -0.03208 -0.01772 -0.01992
817.5  -0.02200 -0.00016 0.00408 0.01804 0.01712 0.01360 0.00476 -0.03316 -0.01772 -0.02036
818.0  -0.02008 -0.00012 0.00176 0.01752 0.01692 0.01416 0.00544 -0.03432 -0.01672 -0.02108
818.5  -0.01832 -0.00016 -0.00060 0.01644 0.01720 0.01524 0.00568 -0.03576 -0.01436 -0.02188
819.0  -0.01664 -0.00024 -0.00288 0.01488 0.01740 0.01680 0.00532 -0.03780 -0.00856 -0.02244
819.5  -0.01504 -0.00032 -0.00512 0.01292 0.01772 0.01868 0.00420 -0.03804 0.00884 -0.02244
820.0  -0.01360 -0.00040 -0.00728 0.01080 0.01776 0.02072 0.00236 -0.03032 0.02516 -0.02148
820.5  -0.01228 -0.00052 -0.00936 0.00892 0.01724 0.02264 -0.00012 -0.02656 0.02948 -0.01968
821.0  -0.01100 -0.00060 -0.01132 0.00728 0.01628 0.02428 -0.00300 -0.02532 0.03084 -0.01672
821.5  -0.00980 -0.00068 -0.01324 0.00596 0.01480 0.02544 -0.00596 -0.02516 0.03112 -0.01300
822.0  -0.00864 -0.00072 -0.01496 0.00484 0.01300 0.02624 -0.00876 -0.02548 0.03084 -0.00892
822.5  -0.00740 -0.00072 -0.01664 0.00376 0.01100 0.02664 -0.01124 -0.02600 0.03024 -0.00504
823.0  -0.00608 -0.00072 -0.01820 0.00272 0.00884 0.02672 -0.01324 -0.02656 0.02940 -0.00180
823.5  -0.00464 -0.00064 -0.01960 0.00168 0.00664 0.02652 -0.01484 -0.02708 0.02872 0.00048
824.0  -0.00308 -0.00060 -0.02092 0.00064 0.00440 0.02608 -0.01588 -0.02752 0.02800 0.00176
824.5  -0.00140 -0.00048 -0.02204 -0.00040 0.00224 0.02552 -0.01656 -0.02776 0.02740 0.00216
825.0  0.00044 -0.00040 -0.02308 -0.00136 0.00016 0.02488 -0.01676 -0.02792 0.02688 0.00176
825.5  0.00236 -0.00028 -0.02396 -0.00228 -0.00192 0.02424 -0.01664 -0.02796 0.02620 0.00088
826.0  0.00432 -0.00012 -0.02464 -0.00308 -0.00400 0.02356 -0.01612 -0.02808 0.02540 -0.00024
826.5  0.00632 0.00000 -0.02516 -0.00380 -0.00608 0.02300 -0.01456 -0.02868 0.02436 -0.00156
827.0  0.00832 0.00016 -0.02556 -0.00440 -0.00808 0.02264 0.00488 -0.03164 0.02292 -0.00296
827.5  0.01024 0.00028 -0.02580 -0.00492 -0.01008 0.02264 0.02228 -0.02320 0.02068 -0.00444
828.0  0.01212 0.00032 -0.02584 -0.00536 -0.01200 0.02340 0.02204 -0.02420 0.01656 -0.00608
828.5  0.01392 0.00040 -0.02576 -0.00576 -0.01384 0.02764 0.01608 -0.02680 0.00924 -0.00788
829.0  0.01568 0.00044 -0.02548 -0.00616 -0.01552 0.02924 -0.01248 -0.02760 0.00192 -0.00996
829.5  0.01728 0.00048 -0.02508 -0.00652 -0.01712 0.02604 -0.01864 -0.02664 -0.00184 -0.01232
830.0  0.01884 0.00048 -0.02452 -0.00712 -0.01852 0.02412 -0.02764 -0.01904 -0.00312 -0.01528
830.5  0.02028 0.00048 -0.02376 -0.00820 -0.01956 0.02152 -0.02856 -0.02068 -0.00304 -0.01920
831.0  0.02164 0.00048 -0.02280 -0.02224 0.00344 0.01664 -0.03100 -0.02200 -0.00216 -0.02468
831.5  0.02288 0.00048 -0.02172 -0.02248 0.00728 0.00884 -0.03368 -0.02308 -0.00092 -0.02964
832.0  0.02400 0.00052 -0.02040 -0.02328 0.00836 0.00216 -0.03452 -0.02388 0.00040 -0.02968
832.5  0.02500 0.00052 -0.01896 -0.02388 0.00924 -0.00136 -0.03448 -0.02452 0.00148 -0.02684
833.0  0.02584 0.00052 -0.01736 -0.02440 0.01016 -0.00308 -0.03424 -0.02508 0.00244 -0.02344
833.5  0.02652 0.00052 -0.01552 -0.02468 0.01112 -0.00408 -0.03400 -0.02564 0.00328 -0.02008
834.0  0.02708 0.00048 -0.01360 -0.02476 0.01204 -0.00492 -0.03368 -0.02628 0.00396 -0.01708
834.5  0.02748 0.00044 -0.01144 -0.02468 0.01292 -0.00584 -0.03324 -0.02704 0.00468 -0.01464
835.0  0.02772 0.00036 -0.00920 -0.02436 0.01372 -0.00700 -0.03280 -0.02772 0.00544 -0.01248
835.5  0.02784 0.00032 -0.00676 -0.02396 0.01440 -0.00848 -0.03240 -0.02824 0.00632 -0.01048
836.0  0.02784 0.00024 -0.00424 -0.02344 0.01492 -0.01036 -0.03204 -0.02848 0.00732 -0.00848
836.5  0.02776 0.00016 -0.00160 -0.02276 0.01528 -0.01272 -0.03160 -0.02848 0.00844 -0.00636
837.0  0.02756 0.00000 0.00108 -0.02212 0.01532 -0.01560 -0.03084 -0.02832 0.00960 -0.00408
837.5  0.02736 -0.00008 0.00384 -0.02144 0.01520 -0.01920 -0.02948 -0.02796 0.01096 -0.00168
838.0  0.02712 -0.00016 0.00660 -0.02080 0.01472 -0.02348 -0.02704 -0.02740 0.01248 0.00076
838.5  0.02692 -0.00024 0.00932 -0.02028 0.01376 -0.02812 -0.02316 -0.02680 0.01432 0.00312
839.0  0.02676 -0.00032 0.01204 -0.01988 0.01204 -0.03236 -0.01788 -0.02592 0.01660 0.00524
839.5  0.02668 -0.00040 0.01460 -0.02004 0.00872 -0.03536 -0.01196 -0.02400 0.02000 0.00696
840.0  0.02668 -0.00048 0.01708 -0.02020 -0.00044 -0.03704 -0.00608 -0.01112 0.02988 0.00804
840.5  0.02676 -0.00048 0.01940 -0.01560 -0.00980 -0.03744 -0.00104 0.02068 0.02548 0.00840
841.0  0.02688 -0.00052 0.02156 -0.01180 -0.01132 -0.03624 0.00108 0.02800 0.02032 0.00800
841.5  0.02700 -0.00052 0.02352 -0.00896 -0.01084 -0.03316 -0.00288 0.03436 0.01576 0.00688
842.0  0.02704 -0.00052 0.02528 -0.00640 -0.00972 -0.02812 -0.03628 0.01716 0.01212 0.00524
842.5  0.02696 -0.00048 0.02676 -0.00404 -0.00804 -0.02248 -0.04128 -0.01528 0.00940 0.00308
843.0  0.02664 -0.00044 0.02808 -0.00176 -0.00600 -0.01764 -0.04140 -0.02032 0.00736 0.00052
843.5  0.02612 -0.00036 0.02912 0.00020 -0.00352 -0.01416 -0.04120 -0.02224 0.00584 -0.00236
844.0  0.02524 -0.00032 0.02992 0.00176 -0.00068 -0.01168 -0.04096 -0.02228 0.00472 -0.00552
844.5  0.02400 -0.00028 0.03052 0.00264 0.00252 -0.00996 -0.04064 -0.02104 0.00404 -0.00900
845.0  0.02244 -0.00024 0.03080 0.00276 0.00568 -0.00888 -0.04028 -0.01876 0.00380 -0.01268
845.5  0.02044 -0.00024 0.03092 0.00228 0.00864 -0.00832 -0.03980 -0.01560 0.00400 -0.01652
846.0  0.01808 -0.00024 0.03076 0.00136 0.01124 -0.00816 -0.03912 -0.01172 0.00472 -0.02044
846.5  0.01540 -0.00028 0.03040 0.00024 0.01348 -0.00840 -0.03800 -0.00748 0.00596 -0.02432
847.0  0.01244 -0.00032 0.02980 -0.00096 0.01524 -0.00892 -0.03620 -0.00420 0.00788 -0.02812
847.5  0.00932 -0.00040 0.02900 -0.00216 0.01660 -0.00952 -0.03372 -0.00456 0.01036 -0.03176
848.0  0.00608 -0.00044 0.02796 -0.00336 0.01760 -0.00996 -0.03012 -0.00916 0.01324 -0.03524
848.5  0.00284 -0.00052 0.02676 -0.00448 0.01832 -0.01012 -0.02620 -0.01240 0.01608 -0.03844
849.0  -0.00032 -0.00056 0.02540 -0.00560 0.01876 -0.00996 -0.02328 -0.01336 0.01852 -0.04136
849.5  -0.00328 -0.00060 0.02388 -0.00676 0.01892 -0.00968 -0.02108 -0.01400 0.02016 -0.04368
850.0  -0.00604 -0.00056 0.02216 -0.00784 0.01892 -0.00924 -0.01932 -0.01516 0.02104 -0.04476
850.5  -0.00860 -0.00048 0.02036 -0.00904 0.01876 -0.00884 -0.01796 -0.01712 0.02092 -0.04268
851.0  -0.01092 -0.00036 0.01840 -0.01024 0.01852 -0.00840 -0.01684 -0.01956 0.01992 -0.03368
851.5  -0.01312 -0.00024 0.01628 -0.01148 0.01816 -0.00780 -0.01600 -0.02208 0.01824 -0.02308
852.0  -0.01520 -0.00008 0.01408 -0.01276 0.01764 -0.00656 -0.01560 -0.02428 0.01640 -0.01716
852.5  -0.01720 0.00012 0.01180 -0.01396 0.01712 -0.00220 -0.01596 -0.02604 0.01456 -0.01432
853.0  -0.01916 0.00032 0.00940 -0.01512 0.01664 0.00652 -0.01384 -0.02736 0.01292 -0.01320
853.5  -0.02112 0.00048 0.00696 -0.01600 0.01620 0.00844 -0.01180 -0.02828 0.01168 -0.01304
854.0  -0.02304 0.00064 0.00444 -0.01660 0.01588 0.00840 -0.01088 -0.02892 0.01088 -0.01348
854.5  -0.02500 0.00076 0.00188 -0.01688 0.01568 0.00796 -0.01032 -0.02936 0.01056 -0.01432
855.0  -0.02692 0.00084 -0.00072 -0.01684 0.01544 0.00760 -0.00988 -0.02960 0.01080 -0.01540
855.5  -0.02884 0.00092 -0.00332 -0.01640 0.01556 0.00740 -0.00952 -0.02968 0.01164 -0.01656
856.0  -0.03068 0.00092 -0.00592 -0.01556 0.01556 0.00744 -0.00924 -0.02944 0.01304 -0.01796
856.5  -0.03244 0.00088 -0.00844 -0.01448 0.01564 0.00780 -0.00904 -0.02884 0.01496 -0.01984
857.0  -0.03412 0.00080 -0.01092 -0.01280 0.01572 0.00860 -0.00892 -0.02772 0.01724 -0.02224
857.5  -0.03568 0.00072 -0.01328 -0.01092 0.01556 -0.00920 0.00940 -0.02596 0.01964 -0.02564
858.0  -0.03704 0.00056 -0.01552 -0.00844 0.01560 -0.00944 0.01096 -0.02368 0.02196 -0.03064
858.5  -0.03824 0.00044 -0.01760 -0.00596 0.01512 -0.00976 0.01260 -0.02096 0.02372 -0.03788
859.0  -0.03920 0.00032 -0.01948 -0.00340 0.01424 -0.01024 0.01452 -0.01832 0.02468 -0.04804
859.5  -0.03996 0.00020 -0.02120 -0.00164 0.01284 -0.01092 0.01640 -0.01632 0.02452 -0.05976
860.0  -0.04048 0.00016 -0.02272 -0.00076 0.01136 -0.01160 0.01756 -0.01644 0.02312 -0.06768
860.5  -0.04076 0.00012 -0.02404 -0.00056 0.00960 -0.01212 0.00208 -0.02596 0.02028 -0.07084
861.0  -0.04080 0.00016 -0.02516 -0.00096 0.00820 -0.01224 -0.00804 -0.02776 0.01564 -0.07072
861.5  -0.04064 0.00016 -0.02604 -0.00164 0.00652 -0.01056 -0.01220 -0.02968 0.00936 -0.06908
862.0  -0.04024 0.00024 -0.02672 -0.00248 0.00504 -0.00384 -0.01712 -0.03032 0.00268 -0.06648
862.5  -0.03964 0.00028 -0.02720 -0.00340 0.00360 0.00180 -0.01940 -0.02944 -0.00292 -0.06332
863.0  -0.03884 0.00032 -0.02744 -0.00432 0.00216 0.00480 -0.02232 -0.02672 -0.00712 -0.05964
863.5  -0.03784 0.00028 -0.02748 -0.00512 0.00076 0.00696 -0.02992 -0.01660 -0.01032 -0.05568
864.0  -0.03664 0.00024 -0.02728 -0.00580 -0.00072 0.00868 -0.03352 0.00288 -0.01292 -0.05164
864.5  -0.03536 0.00016 -0.02688 -0.00640 -0.00228 0.01020 -0.03172 0.00920 -0.01516 -0.04760
865.0  -0.03404 0.00004 -0.02624 -0.00688 -0.00388 0.01144 -0.03024 0.01140 -0.01716 -0.04380
865.5  -0.03264 -0.00012 -0.02540 -0.00732 -0.00548 0.01248 -0.02880 0.01252 -0.01900 -0.04048
866.0  -0.03120 -0.00024 -0.02436 -0.00768 -0.00708 0.01336 -0.02724 0.01328 -0.02068 -0.03764
866.5  -0.02976 -0.00036 -0.02308 -0.00812 -0.00848 0.01412 -0.02536 0.01380 -0.02232 -0.03528
867.0  -0.02832 -0.00044 -0.02164 -0.00848 -0.00992 0.01484 -0.02316 0.01424 -0.02392 -0.03332
867.5  -0.02680 -0.00052 -0.02000 -0.00904 -0.01104 0.01556 -0.02052 0.01452 -0.02564 -0.03156
868.0  -0.02524 -0.00060 -0.01816 -0.00976 -0.01200 0.01624 -0.01732 0.01452 -0.02752 -0.02984
868.5  -0.02352 -0.00060 -0.01620 -0.01100 -0.01248 0.01692 -0.01360 0.01396 -0.02960 -0.02816
869.0  -0.02164 -0.00056 -0.01408 -0.01300 -0.01212 0.01744 -0.00944 0.01236 -0.03200 -0.02644
869.5  -0.01956 -0.00052 -0.01188 -0.01648 -0.00924 0.01780 -0.00508 0.00876 -0.03456 -0.02472
870.0  -0.01732 -0.00044 -0.00964 -0.01972 -0.00316 0.01796 -0.00072 0.00172 -0.03684 -0.02300
870.5  -0.01488 -0.00032 -0.00736 -0.02096 0.00156 0.01792 0.00340 -0.00864 -0.03688 -0.02124
871.0  -0.01232 -0.00016 -0.00508 -0.02176 0.00428 0.01776 0.00696 -0.01748 -0.03468 -0.01944
871.5  -0.00956 -0.00004 -0.00280 -0.02232 0.00600 0.01756 0.00992 -0.02268 -0.03232 -0.01764
872.0  -0.00672 0.00004 -0.00060 -0.02312 0.00724 0.01744 0.01232 -0.02580 -0.03076 -0.01592
872.5  -0.00372 0.00016 0.00156 -0.02368 0.00820 0.01744 0.01416 -0.02776 -0.02952 -0.01432
873.0  -0.00064 0.00020 0.00364 -0.02428 0.00876 0.01744 0.01568 -0.02892 -0.02876 -0.01324
873.5  0.00248 0.00024 0.00564 -0.02472 0.00916 0.01752 0.01692 -0.02968 -0.02804 -0.01248
874.0  0.00568 0.00024 0.00752 -0.02504 0.00924 0.01744 0.01808 -0.02996 -0.02724 -0.01216
874.5  0.00888 0.00020 0.00928 -0.02516 0.00908 0.01728 0.01920 -0.03000 -0.02648 -0.01208
875.0  0.01204 0.00016 0.01096 -0.02508 0.00856 0.01692 0.02040 -0.02984 -0.02560 -0.01220
875.5  0.01516 0.00008 0.01244 -0.02472 0.00780 0.01640 0.02160 -0.02976 -0.02456 -0.01228
876.0  0.01816 0.00004 0.01380 -0.02416 0.00672 0.01572 0.02280 -0.02956 -0.02328 -0.01232
876.5  0.02108 -0.00000 0.01496 -0.02328 0.00540 0.01488 0.02396 -0.02952 -0.02176 -0.01212
877.0  0.02392 -0.00004 0.01596 -0.02208 0.00392 0.01360 0.02524 -0.02988 -0.01952 -0.01152
877.5  0.02664 -0.00004 0.01672 -0.02068 0.00224 0.01088 0.02704 -0.03064 -0.01616 -0.01028
878.0  0.02924 -0.00004 0.01724 -0.01896 0.00056 -0.00416 0.02932 -0.03192 -0.01068 -0.00812
878.5  0.03176 -0.00000 0.01752 -0.01696 -0.00116 -0.02176 0.02080 -0.03256 -0.00224 -0.00508
879.0  0.03420 0.00004 0.01760 -0.01476 -0.00268 -0.02420 0.01876 -0.03120 0.00556 -0.00140
879.5  0.03652 0.00008 0.01740 -0.01244 -0.00384 -0.02500 0.01880 -0.02924 0.00932 0.00216
880.0  0.03864 0.00016 0.01692 -0.01008 -0.00436 -0.02508 0.02024 -0.02772 0.01028 0.00516
880.5  0.04060 0.00020 0.01628 -0.00812 -0.00428 -0.02448 0.02356 -0.02596 0.00944 0.00728
881.0  0.04228 0.00024 0.01540 -0.00640 -0.00356 -0.02264 0.03032 -0.02128 0.00724 0.00852
881.5  0.04364 0.00028 0.01436 -0.00504 -0.00248 -0.01824 0.03892 -0.01020 0.00412 0.00904
882.0  0.04468 0.00028 0.01312 -0.00400 -0.00112 -0.00904 0.04388 -0.00244 0.00088 0.00892
882.5  0.04532 0.00028 0.01172 -0.00312 0.00032 0.00340 0.04532 -0.00044 -0.00196 0.00832
883.0  0.04556 0.00024 0.01024 -0.00228 0.00192 0.01272 0.04416 -0.00092 -0.00416 0.00728
883.5  0.04544 0.00016 0.00868 -0.00136 0.00356 0.01848 0.04256 -0.00240 -0.00592 0.00592
884.0  0.04492 0.00008 0.00700 -0.00036 0.00524 0.02248 0.04092 -0.00464 -0.00736 0.00432
884.5  0.04404 -0.00000 0.00532 0.00080 0.00680 0.02560 0.03888 -0.00824 -0.00864 0.00260
885.0  0.04288 -0.00016 0.00364 0.00220 0.00832 0.02832 0.03524 -0.01464 -0.00992 0.00072
885.5  0.04148 -0.00028 0.00196 0.00372 0.00964 0.03048 0.02828 -0.02296 -0.01132 -0.00100
886.0  0.03988 -0.00040 0.00028 0.00536 0.01088 0.03216 0.02092 -0.02764 -0.01284 -0.00256
886.5  0.03812 -0.00052 -0.00136 0.00704 0.01196 0.03324 0.01616 -0.02876 -0.01428 -0.00376
887.0  0.03628 -0.00064 -0.00292 0.00872 0.01288 0.03380 0.01292 -0.02888 -0.01528 -0.00452
887.5  0.03436 -0.00072 -0.00444 0.01024 0.01384 0.03412 0.01032 -0.02912 -0.01508 -0.00488
888.0  0.03240 -0.00076 -0.00588 0.01160 0.01472 0.03416 0.00784 -0.03020 -0.01260 -0.00500
888.5  0.03036 -0.00076 -0.00720 0.01252 0.01596 0.03408 0.00544 -0.03180 -0.00644 -0.00496
889.0  0.02820 -0.00076 -0.00848 0.01228 0.01796 0.03396 0.00288 -0.03192 0.00080 -0.00504
889.5  0.02588 -0.00072 -0.00956 0.00880 0.02132 0.03372 0.00008 -0.03096 0.00468 -0.00516
890.0  0.02332 -0.00064 -0.01056 0.00148 0.02428 0.03328 -0.00288 -0.03004 0.00608 -0.00556
890.5  0.02052 -0.00056 -0.01140 -0.00320 0.02520 0.03268 -0.00556 -0.02936 0.00620 -0.00588
891.0  0.01740 -0.00044 -0.01212 -0.00500 0.02584 0.03208 -0.00748 -0.02892 0.00576 -0.00624
891.5  0.01400 -0.00032 -0.01268 -0.00552 0.02644 0.03164 -0.00844 -0.02856 0.00500 -0.00644
892.0  0.01032 -0.00020 -0.01308 -0.00544 0.02696 0.03152 -0.00832 -0.02840 0.00412 -0.00640
892.5  0.00640 -0.00012 -0.01332 -0.00500 0.02724 0.03160 -0.00732 -0.02832 0.00300 -0.00620
893.0  0.00236 -0.00004 -0.01344 -0.00428 0.02736 0.03180 -0.00556 -0.02836 0.00180 -0.00560
893.5  -0.00172 0.00004 -0.01332 -0.00336 0.02716 0.03188 -0.00316 -0.02848 0.00024 -0.00476
894.0  0.00576 0.00008 -0.01308 -0.00224 0.02668 0.03172 -0.00044 -0.02852 -0.00176 -0.00360
894.5  0.00964 0.00012 -0.01264 -0.00104 0.02576 0.03124 0.00256 -0.02816 -0.00440 -0.00176
895.0  0.01332 0.00012 -0.01200 0.00012 0.02460 0.03040 0.00576 -0.02720 -0.00780 0.00028
895.5  0.01668 0.00016 -0.01120 0.00104 0.02316 0.02920 0.00916 -0.02544 -0.01108 0.00328
896.0  0.01976 0.00016 -0.01020 0.00164 0.02156 0.02752 0.01260 -0.02388 -0.01232 0.00668
896.5  0.02244 0.00012 -0.00900 0.00188 0.01992 0.02520 0.01396 -0.02476 -0.01072 0.01124
897.0  0.02472 0.00012 -0.00764 0.00184 0.01820 0.02204 -0.00800 -0.02924 -0.00796 0.01640
897.5  0.02664 0.00012 -0.00612 0.00160 0.01648 0.01792 -0.01972 -0.02520 -0.00560 0.02196
898.0  0.02816 0.00008 -0.00444 0.00124 0.01476 0.01360 -0.02196 -0.02444 -0.00408 0.02748
898.5  0.02936 0.00008 -0.00268 0.00088 0.01312 0.01020 -0.02212 -0.02424 -0.00332 0.03268
899.0  0.03032 0.00004 -0.00076 0.00048 0.01148 0.00800 -0.02116 -0.02436 -0.00308 0.03736
899.5  0.03100 0.00004 0.00116 0.00020 0.00992 0.00672 -0.01960 -0.02476 -0.00324 0.04152
900.0  0.03156 0.00000 0.00320 -0.00004 0.00840 0.00600 -0.01780 -0.02536 -0.00360 0.04516
900.5  0.03204 -0.00004 0.00520 -0.00016 0.00688 0.00572 -0.01616 -0.02588 -0.00404 0.04832
901.0  0.03252 -0.00012 0.00724 -0.00020 0.00540 0.00568 -0.01476 -0.02636 -0.00436 0.05100
901.5  0.03300 -0.00016 0.00924 -0.00016 0.00384 0.00584 -0.01372 -0.02672 -0.00440 0.05344
902.0  0.03348 -0.00028 0.01108 0.00000 0.00220 0.00612 -0.01296 -0.02700 -0.00416 0.05568
902.5  0.03400 -0.00044 0.01304 0.00024 0.00056 0.00648 -0.01260 -0.02712 -0.00364 0.05748
903.0  0.03456 -0.00060 0.01476 0.00056 -0.00120 0.00676 -0.01268 -0.02720 -0.00304 0.05920
903.5  0.03508 -0.00076 0.01636 0.00096 -0.00300 0.00708 -0.01316 -0.02712 -0.00236 0.06060
904.0  0.03552 -0.00092 0.01776 0.00144 -0.00504 0.00728 -0.01404 -0.02700 -0.00180 0.06164
904.5  0.03588 -0.00100 0.01916 0.00196 -0.00704 0.00724 -0.01524 -0.02684 -0.00136 0.06240
905.0  0.03612 -0.00108 0.02020 0.00252 -0.00908 0.00684 -0.01660 -0.02668 -0.00112 0.06276
905.5  0.03616 -0.00108 0.02108 0.00308 -0.01112 0.00592 -0.01796 -0.02656 -0.00128 0.06272
906.0  0.03592 -0.00104 0.02164 0.00372 -0.01300 0.00368 -0.01912 -0.02668 -0.00212 0.06216
906.5  0.03548 -0.00092 0.02208 0.00456 -0.01468 0.01956 -0.00220 -0.02676 -0.00428 0.06068
907.0  0.03468 -0.00076 0.02216 0.00564 -0.01604 0.01968 -0.00188 -0.02600 -0.00896 0.05628
907.5  0.03360 -0.00052 0.02212 0.00696 -0.01700 0.01928 0.00152 -0.02420 -0.01464 0.04164
908.0  0.03220 -0.00028 0.02172 0.00828 -0.01748 0.01848 0.01200 -0.02064 -0.01712 0.02148
908.5  0.03052 0.00004 0.02116 0.00948 -0.01764 0.01644 0.01380 -0.02128 -0.01780 0.01084
909.0  0.02860 0.00032 0.02036 0.01036 -0.01756 0.00248 0.02084 -0.02220 -0.01824 0.00452
909.5  0.02652 0.00064 0.01940 0.01080 -0.01736 -0.00424 0.02048 -0.02272 -0.01876 0.00052
910.0  0.02432 0.00092 0.01828 0.01104 -0.01712 -0.00512 0.02040 -0.02296 -0.01936 -0.00248
910.5  0.02204 0.00116 0.01708 0.01088 -0.01672 -0.00520 0.02076 -0.02304 -0.01996 -0.00520
911.0  0.01980 0.00132 0.01576 0.01064 -0.01644 -0.00508 0.02136 -0.02308 -0.02040 -0.00740
911.5  0.01760 0.00144 0.01440 0.01032 -0.01588 -0.00484 0.02212 -0.02312 -0.02060 -0.00984
912.0  0.01548 0.00144 0.01304 0.00992 -0.01544 -0.00452 0.02300 -0.02324 -0.02044 -0.01200
912.5  0.01348 0.00140 0.01168 0.00968 -0.01480 -0.00400 0.02404 -0.02344 -0.01988 -0.01460
913.0  0.01156 0.00128 0.01028 0.00940 -0.01412 -0.00316 0.02512 -0.02372 -0.01896 -0.01748
913.5  0.00972 0.00112 0.00892 0.00944 -0.01336 -0.00180 0.02624 -0.02404 -0.01776 -0.02084
914.0  0.00796 0.00092 0.00756 0.00952 -0.01244 0.00056 0.02736 -0.02424 -0.01656 -0.02508
914.5  0.00624 0.00068 0.00616 0.00988 -0.01136 0.00496 0.02812 -0.02428 -0.01548 -0.02980
915.0  0.00452 0.00048 0.00476 0.01060 -0.00988 0.01264 0.02704 -0.02396 -0.01468 -0.03384
915.5  0.00284 0.00028 0.00328 0.01172 -0.00756 0.02152 0.02264 -0.02320 -0.01440 -0.03492
916.0  0.00112 0.00012 0.00172 0.01284 -0.00396 0.02760 0.01428 -0.02432 -0.01420 -0.03288
916.5  -0.00064 0.00000 0.00012 0.01292 -0.00064 0.03040 -0.00504 -0.02804 -0.00772 -0.02944
917.0  -0.00244 -0.00008 -0.00160 0.01236 0.00116 0.02996 -0.01376 -0.02360 0.01340 -0.02584
917.5  -0.00428 -0.00012 -0.00340 0.01172 0.00188 0.02752 -0.02036 -0.02160 0.01440 -0.02236
918.0  -0.00612 -0.00012 -0.00528 0.01116 0.00204 0.02424 -0.02404 -0.02208 0.01436 -0.01940
918.5  -0.00800 -0.00012 -0.00724 0.01064 0.00184 0.02128 -0.02604 -0.02304 0.01432 -0.01660
919.0  -0.00988 -0.00012 -0.00924 0.01024 0.00144 0.01900 -0.02684 -0.02412 0.01432 -0.01400
919.5  -0.01172 -0.00012 -0.01128 0.00984 0.00088 0.01748 -0.02684 -0.02520 0.01444 -0.01144
920.0  -0.01352 -0.00012 -0.01336 0.00944 0.00020 0.01656 -0.02632 -0.02624 0.01452 -0.00888
920.5  -0.01520 -0.00008 -0.01540 0.00904 -0.00044 0.01612 -0.02552 -0.02732 0.01448 -0.00620
921.0  -0.01676 -0.00008 -0.01740 0.00856 -0.00124 0.01608 -0.02456 -0.02832 0.01432 -0.00344
921.5  -0.01820 -0.00004 -0.01932 0.00800 -0.00204 0.01632 -0.02352 -0.02932 0.01396 -0.00076
922.0  -0.01948 -0.00004 -0.02112 0.00724 -0.00304 0.01692 -0.02252 -0.03020 0.01352 0.00172
922.5  -0.02064 -0.00004 -0.02276 0.00628 -0.00408 0.01776 -0.02152 -0.03096 0.01296 0.00404
923.0  -0.02164 0.00004 -0.02424 0.00516 -0.00528 0.01884 -0.02056 -0.03168 0.01240 0.00604
923.5  -0.02252 0.00004 -0.02552 0.00364 -0.00656 0.02004 -0.01968 -0.03208 0.01156 0.00760
924.0  -0.02336 0.00004 -0.02660 0.00176 -0.00772 0.02136 -0.01892 -0.03232 0.01064 0.00852
924.5  -0.02408 0.00012 -0.02740 -0.00064 -0.00872 0.02260 -0.01844 -0.03244 0.00948 0.00868
925.0  -0.02476 0.00016 -0.02800 -0.00360 -0.00928 0.02368 -0.01816 -0.03232 0.00808 0.00804
925.5  -0.02536 0.00024 -0.02832 -0.00692 -0.00904 0.02452 -0.01812 -0.03212 0.00596 0.00656
926.0  -0.02588 0.00032 -0.02836 -0.01032 -0.00792 0.02516 -0.01828 -0.03180 0.00260 0.00452
926.5  -0.02628 0.00036 -0.02820 -0.01336 -0.00616 0.02544 -0.01856 -0.03096 -0.00276 0.00216
927.0  -0.02656 0.00044 -0.02776 -0.01592 -0.00412 0.01940 -0.02516 -0.02876 -0.00912 -0.00016
927.5  -0.02668 0.00048 -0.02712 -0.01792 -0.00208 0.01944 -0.02528 -0.02576 -0.01372 -0.00248
928.0  -0.02668 0.00048 -0.02620 -0.01944 -0.00008 0.01976 -0.02496 -0.02344 -0.01592 -0.00464
928.5  -0.02648 0.00040 -0.02512 -0.02056 0.00172 0.02004 -0.02456 -0.02196 -0.01660 -0.00664
929.0  -0.02616 0.00036 -0.02384 -0.02128 0.00328 0.02028 -0.02408 -0.02120 -0.01640 -0.00844
929.5  -0.02560 0.00024 -0.02240 -0.02168 0.00464 0.02040 -0.02364 -0.02100 -0.01572 -0.00992
930.0  -0.02492 0.00012 -0.02076 -0.02180 0.00572 0.02040 -0.02324 -0.02120 -0.01464 -0.01096
930.5  -0.02404 -0.00004 -0.01904 -0.02168 0.00652 0.02028 -0.02288 -0.02176 -0.01328 -0.01152
931.0  -0.02308 -0.00020 -0.01716 -0.02132 0.00708 0.02000 -0.02268 -0.02256 -0.01172 -0.01160
931.5  -0.02200 -0.00036 -0.01520 -0.02080 0.00736 0.01952 -0.02264 -0.02348 -0.01008 -0.01124
932.0  -0.02092 -0.00048 -0.01316 -0.02020 0.00740 0.01884 -0.02292 -0.02444 -0.00828 -0.01044
932.5  -0.01996 -0.00056 -0.01104 -0.01956 0.00716 0.01796 -0.02364 -0.02520 -0.00648 -0.00936
933.0  -0.01912 -0.00060 -0.00892 -0.01896 0.00664 0.01692 -0.02488 -0.02556 -0.00480 -0.00804
933.5  -0.01852 -0.00060 -0.00676 -0.01836 0.00568 0.01612 -0.02624 -0.02564 -0.00332 -0.00644
934.0  -0.01816 -0.00060 -0.00456 -0.01788 0.00368 0.01700 -0.02668 -0.02564 -0.00216 -0.00460
934.5  -0.01804 -0.00052 -0.00240 -0.01720 -0.00044 0.02968 -0.01316 -0.02580 -0.00140 -0.00248
935.0  -0.01816 -0.00044 -0.00028 -0.01536 -0.00520 0.03316 0.00236 -0.02604 -0.00112 0.00052
935.5  -0.01848 -0.00036 0.00188 -0.01340 -0.00708 0.03392 0.00304 -0.02632 -0.00164 0.00808
936.0  -0.01884 -0.00024 -0.00396 -0.01236 -0.00700 0.03484 0.00180 -0.02628 -0.00396 0.01504
936.5  -0.01924 -0.00016 -0.00604 -0.01168 -0.00616 0.03572 0.00220 -0.02576 -0.00684 0.01380
937.0  -0.01952 -0.00004 -0.00808 -0.01144 -0.00492 0.03624 0.00572 -0.02544 -0.00736 0.01224
937.5  -0.01960 0.00004 -0.01004 -0.01124 -0.00344 0.03544 0.01192 -0.02524 -0.00736 0.01092
938.0  -0.01940 0.00008 -0.01204 -0.01120 -0.00188 0.03152 0.02088 -0.02520 -0.00744 0.00996
938.5  -0.01884 0.00012 -0.01396 -0.01124 -0.00032 0.02656 0.02688 -0.02532 -0.00780 0.00940
939.0  -0.01792 0.00016 -0.01588 -0.01144 0.00116 0.02380 0.02872 -0.02568 -0.00844 0.00928
939.5  -0.01660 0.00012 -0.01772 -0.01180 0.00256 0.02276 0.02832 -0.02612 -0.00944 0.00940
940.0  -0.01488 0.00008 -0.01952 -0.01228 0.00368 0.02260 0.02656 -0.02688 -0.01080 0.00960
940.5  -0.01276 0.00004 -0.02124 -0.01284 0.00464 0.02268 0.02316 -0.02816 -0.01232 0.00976
941.0  -0.01036 -0.00004 -0.02288 -0.01340 0.00544 0.02296 0.00812 -0.03388 -0.01392 0.00996
941.5  -0.00780 -0.00012 -0.02440 -0.01380 0.00604 0.02340 0.01856 -0.02732 -0.01544 0.00996
942.0  -0.00516 -0.00020 -0.02576 -0.01392 0.00688 0.02376 0.02056 -0.02348 -0.01664 0.00968
942.5  -0.00260 -0.00028 -0.02696 -0.01388 0.00768 0.02416 0.02052 -0.02120 -0.01756 0.00916
943.0  -0.00020 -0.00032 -0.02792 -0.01336 0.00860 0.02456 0.02000 -0.01956 -0.01812 0.00844
943.5  0.00196 -0.00028 -0.02864 -0.01264 0.00956 0.02488 0.01932 -0.01836 -0.01844 0.00760
944.0  0.00384 -0.00024 -0.02908 -0.01152 0.01060 0.02516 0.01860 -0.01764 -0.01840 0.00660
944.5  0.00548 -0.00016 -0.02924 -0.01020 0.01160 0.02544 0.01780 -0.01744 -0.01804 0.00548
945.0  0.00688 -0.00004 -0.02912 -0.00872 0.01260 0.02548 0.01696 -0.01772 -0.01744 0.00432
945.5  0.00820 0.00004 -0.02868 -0.00708 0.01348 0.02544 0.01612 -0.01852 -0.01652 0.00280
946.0  0.00952 0.00016 -0.02800 -0.00544 0.01420 0.02528 0.01532 -0.01964 -0.01528 0.00112
946.5  0.01084 0.00024 -0.02700 -0.00384 0.01484 0.02484 0.01452 -0.02084 -0.01380 -0.00064
947.0  0.01228 0.00032 -0.02580 -0.00236 0.01532 0.02420 0.01392 -0.02196 -0.01248 -0.00224
947.5  0.01388 0.00032 -0.02440 -0.00100 0.01572 0.02328 0.01348 -0.02280 -0.01144 -0.00352
948.0  0.01564 0.00020 -0.02272 0.00020 0.01600 0.02204 0.01332 -0.02336 -0.01084 -0.00428
948.5  0.01760 0.00020 -0.02092 0.00116 0.01632 0.02044 0.01348 -0.02368 -0.01060 -0.00444
949.0  0.01968 0.00004 -0.01908 0.00200 0.01660 0.01836 0.01400 -0.02380 -0.01080 -0.00432
949.5  0.02188 -0.00016 -0.01692 0.00260 0.01684 0.01584 0.01476 -0.02368 -0.01132 -0.00392
950.0  0.02412 -0.00040 -0.01484 0.00332 0.01704 0.01304 0.01548 -0.02336 -0.01212 -0.00348
950.5  0.02636 -0.00064 -0.01264 0.00400 0.01720 0.01028 0.01592 -0.02276 -0.01308 -0.00292
951.0  0.02848 -0.00096 -0.01048 0.00460 0.01732 0.00792 0.01604 -0.02196 -0.01408 -0.00220
951.5  0.03044 -0.00124 -0.00832 0.00532 0.01732 0.00608 0.01616 -0.02092 -0.01500 -0.00120
952.0  0.03220 -0.00152 -0.00612 0.00600 0.01720 0.00464 0.01660 -0.01956 -0.01576 0.00012
952.5  0.03372 -0.00172 -0.00396 0.00676 0.01696 0.00364 0.01776 -0.01776 -0.01620 0.00208
953.0  0.03496 -0.00192 -0.00180 0.00760 0.01656 0.00296 0.02016 -0.01468 -0.01624 0.00472
953.5  0.03596 -0.00200 0.00028 0.00840 0.01600 0.00248 0.02444 0.00676 -0.01564 0.00868
954.0  0.03684 -0.00200 0.00232 0.00932 0.01524 0.00176 0.02528 -0.00800 -0.01404 0.01436
954.5  0.03756 -0.00192 0.00436 0.01032 0.01432 0.00016 0.02332 -0.01628 -0.01068 0.02272
955.0  0.03820 -0.00172 0.00636 0.01128 0.01316 -0.00228 0.02280 -0.02004 -0.00568 0.03364
955.5  0.03880 -0.00144 0.00828 0.01220 0.01184 -0.00344 0.02460 -0.01976 -0.00060 0.04472
956.0  0.03936 -0.00108 0.01016 0.01308 0.01024 -0.00308 0.02976 -0.01280 0.00336 0.05256
956.5  0.03984 -0.00072 0.01196 0.01388 0.00844 -0.00232 0.03312 -0.00084 0.00628 0.05680
957.0  0.04020 -0.00032 0.01372 0.01448 0.00652 -0.00184 0.03340 0.00624 0.00844 0.05872
957.5  0.04036 0.00008 0.01540 0.01488 0.00448 -0.00164 0.03340 0.00988 0.01008 0.05924
958.0  0.04028 0.00044 0.01696 0.01512 0.00240 -0.00168 0.03360 0.01220 0.01136 0.05892
958.5  0.03988 0.00072 0.01836 0.01512 0.00024 -0.00180 0.03388 0.01388 0.01224 0.05808
959.0  0.03920 0.00092 0.01964 0.01492 -0.00180 -0.00204 0.03424 0.01524 0.01272 0.05696
959.5  0.03820 0.00104 0.02076 0.01448 -0.00380 -0.00228 0.03464 0.01628 0.01284 0.05580
960.0  0.03688 0.00112 0.02168 0.01380 -0.00572 -0.00264 0.03504 0.01704 0.01252 0.05476
960.5  0.03524 0.00112 0.02232 0.01300 -0.00744 -0.00312 0.03564 0.01732 0.01184 0.05368
961.0  0.03332 0.00108 0.02276 0.01212 -0.00892 -0.00384 0.03652 0.01672 0.01088 0.05276
961.5  0.03108 0.00100 0.02296 0.01128 -0.01024 -0.00496 0.03824 0.01364 0.00956 0.05164
962.0  0.02860 0.00088 0.02288 0.01072 -0.01128 -0.00692 0.04080 0.00240 0.00760 0.05028
962.5  0.02588 0.00072 0.02252 0.01064 -0.01200 -0.01176 0.03648 0.01716 0.00420 0.04860
963.0  0.02300 0.00056 0.02192 0.01144 -0.01212 -0.03468 0.00176 0.02368 -0.00400 0.04656
963.5  0.01992 0.00044 0.02108 0.01328 -0.01132 -0.03200 0.01744 0.01704 -0.01288 0.04416
964.0  0.01668 0.00032 0.02008 0.01556 -0.00964 -0.02956 0.01844 0.02004 -0.01300 0.04168
964.5  0.01336 0.00020 0.01888 0.01736 -0.00804 -0.02108 0.02636 0.02304 -0.01080 0.03904
965.0  0.00992 0.00008 0.01752 0.01864 -0.00700 -0.00644 0.03260 0.02476 -0.00880 0.02124
965.5  0.00636 0.00004 0.01608 0.01960 -0.00636 -0.00304 0.03276 0.02588 -0.00728 0.01816
966.0  0.00272 -0.00004 0.01460 0.02040 -0.00592 -0.00300 0.03268 0.02668 -0.00604 0.01760
966.5  -0.00100 -0.00012 0.01304 0.02088 -0.00560 -0.00408 0.03260 0.02736 -0.00504 0.01748
967.0  -0.00480 -0.00016 0.01148 0.02116 -0.00532 -0.00556 0.03252 0.02792 -0.00432 0.01756
967.5  -0.00864 -0.00024 0.00996 0.02124 -0.00504 -0.00732 0.03244 0.02844 -0.00376 0.01760
968.0  -0.01252 -0.00032 0.00848 0.02108 -0.00480 -0.00916 0.03224 0.02884 -0.00344 0.01764
968.5  -0.01632 -0.00036 0.00700 0.02068 -0.00468 -0.01104 0.03192 0.02920 -0.00332 0.01768
969.0  -0.02004 -0.00044 0.00560 0.02004 -0.00456 -0.01288 0.03148 0.02948 -0.00332 0.01788
969.5  -0.02360 -0.00048 0.00424 0.01924 -0.00448 -0.01468 0.03088 0.02968 -0.00348 0.01796
970.0  -0.02700 -0.00048 0.00288 0.01828 -0.00444 -0.01644 0.03008 0.02988 -0.00372 0.01804
970.5  -0.03016 -0.00048 0.00164 0.01720 -0.00440 -0.01816 0.02908 0.02992 -0.00404 0.01800
971.0  -0.03312 -0.00044 0.00044 0.01612 -0.00432 -0.01984 0.02788 0.02984 -0.00448 0.01760
971.5  -0.03584 -0.00032 -0.00076 0.01512 -0.00416 -0.02164 0.02636 0.02964 -0.00500 0.01648
972.0  -0.03832 -0.00016 -0.00188 0.01420 -0.00412 -0.02368 0.02440 0.02920 -0.00556 0.01444
972.5  -0.04064 -0.00004 -0.00292 0.01340 -0.00404 -0.02616 0.02156 0.02860 -0.00608 0.01084
973.0  -0.04276 0.00016 -0.00396 0.01284 -0.00408 -0.02916 0.01704 0.02792 -0.00604 0.00532
973.5  -0.04472 0.00032 -0.00496 0.01252 -0.00416 -0.03248 0.00848 0.02764 -0.00364 -0.00236
974.0  -0.04656 0.00048 -0.00592 0.01232 -0.00436 -0.03172 -0.00984 0.02712 0.00364 -0.01116
974.5  -0.04824 0.00060 -0.00684 0.01236 -0.00468 -0.02320 -0.02296 0.02576 0.00812 -0.01916
975.0  -0.04984 0.00068 -0.00768 0.01248 -0.00512 -0.01772 -0.02672 0.02532 0.00840 -0.02556
975.5  -0.05128 0.00072 -0.00852 0.01260 -0.00572 -0.01452 -0.02788 0.02520 0.00756 -0.03032
976.0  -0.05256 0.00068 -0.00932 0.01268 -0.00644 -0.01256 -0.02824 0.02492 0.00652 -0.03396
976.5  -0.05368 0.00056 -0.01008 0.01272 -0.00728 -0.01128 -0.02840 0.02432 0.00552 -0.03676
977.0  -0.05456 0.00044 -0.01080 0.01260 -0.00824 -0.01040 -0.02848 0.02340 0.00472 -0.03888
977.5  -0.05512 0.00024 -0.01148 0.01224 -0.00924 -0.00980 -0.02852 0.02228 0.00432 -0.04048
978.0  -0.05540 0.00004 -0.01208 0.01168 -0.01032 -0.00936 -0.02860 0.02084 0.00440 -0.04148
978.5  -0.05532 -0.00016 -0.01264 0.01088 -0.01132 -0.00904 -0.02872 0.01912 0.00532 -0.04188
979.0  -0.05492 -0.00036 -0.01308 0.00984 -0.01220 -0.00884 -0.02888 0.01740 0.00748 -0.04144
979.5  -0.05416 -0.00052 -0.01344 0.00856 -0.01292 -0.00872 -0.02892 0.01564 0.01072 -0.04000
980.0  -0.05304 -0.00064 -0.01368 0.00708 -0.01348 -0.00880 -0.02896 0.01416 0.01336 -0.03796
980.5  -0.05160 -0.00072 -0.01372 0.00544 -0.01372 -0.00900 -0.02888 0.01296 0.01448 -0.03588
981.0  -0.04992 -0.00076 -0.01364 0.00368 -0.01376 -0.00948 -0.02872 0.01216 0.01464 -0.03384
981.5  -0.04792 -0.00076 -0.01332 0.00184 -0.01356 -0.01028 -0.02836 0.01180 0.01468 -0.03152
982.0  -0.04568 -0.00072 -0.01280 -0.00020 -0.01312 -0.01160 -0.02768 0.01180 0.01496 -0.02908
982.5  -0.04320 -0.00064 -0.01204 -0.00224 -0.01252 -0.01364 -0.02632 0.01212 0.01568 -0.02632
983.0  -0.04040 -0.00052 -0.01108 -0.00432 -0.01176 -0.01688 -0.02380 0.01280 0.01680 -0.02352
983.5  -0.03732 -0.00040 -0.00992 -0.00652 -0.01076 -0.02096 -0.01916 0.01404 0.01804 -0.02084
984.0  -0.03392 -0.00028 -0.00856 -0.00876 -0.00928 -0.02404 -0.01268 0.01852 0.01692 -0.01848
984.5  -0.03016 -0.00016 -0.00704 -0.01124 -0.00692 -0.02468 -0.00596 0.02708 -0.00596 -0.01652
985.0  -0.02596 -0.00004 -0.00536 -0.01336 -0.00304 -0.02320 0.00104 0.02904 -0.00896 -0.01504
985.5  -0.02136 0.00008 -0.00364 -0.01416 0.00160 -0.02040 0.00860 0.03080 -0.00904 -0.01396
986.0  -0.01628 0.00012 -0.00184 -0.01388 0.00504 -0.01704 0.01532 0.03132 -0.00856 -0.01324
986.5  -0.01084 0.00016 -0.00008 -0.01348 0.00720 -0.01416 0.02004 0.03128 -0.00792 -0.01284
987.0  -0.00500 0.00016 0.00168 -0.01312 0.00864 -0.01212 0.02312 0.03116 -0.00724 -0.01264
987.5  0.00112 0.00016 0.00336 -0.01284 0.00968 -0.01116 0.02520 0.03112 -0.00648 -0.01252
988.0  0.00744 0.00012 0.00496 -0.01260 0.01044 -0.01152 0.02640 0.03112 -0.00560 -0.01248
988.5  0.01384 0.00008 0.00644 -0.01240 0.01096 -0.01452 0.02604 0.03116 -0.00468 -0.01252
989.0  0.02016 0.00008 0.00780 -0.01164 -0.01184 -0.02440 0.01852 0.03116 -0.00360 -0.01244
989.5  0.02632 0.00004 0.00904 -0.01196 -0.01140 -0.03064 0.00632 0.03116 -0.00240 -0.01228
990.0  0.03216 0.00004 0.01016 -0.01228 -0.01080 -0.03164 0.00272 0.03100 -0.00120 -0.01132
990.5  0.03756 0.00000 0.01112 -0.01264 -0.01004 -0.03196 0.00228 0.03076 -0.00020 -0.00804
991.0  0.04244 0.00000 0.01200 -0.01284 -0.00920 -0.03200 0.00336 0.03040 -0.00024 -0.00308
991.5  0.04668 0.00004 0.01296 -0.01276 -0.00832 -0.03176 0.00556 0.02948 -0.00436 0.00048
992.0  0.05036 0.00008 0.01364 -0.01284 -0.00736 -0.03112 0.00840 0.02584 -0.01320 0.00336
992.5  0.05340 0.00016 0.01436 -0.01292 -0.00640 -0.02996 0.01124 0.02348 -0.01568 0.00576
993.0  0.05588 0.00024 0.01508 -0.01304 -0.00552 -0.02840 0.01428 0.02252 -0.01512 0.00792
993.5  0.05788 0.00036 0.01560 -0.01316 -0.00468 -0.02668 0.01748 0.02116 -0.01416 0.00992
994.0  0.05956 0.00052 0.01616 -0.01324 -0.00388 -0.02508 0.02004 0.01936 -0.01344 0.01160
994.5  0.06104 0.00064 0.01656 -0.01344 -0.00308 -0.02372 0.02168 0.01772 -0.01304 0.01300
995.0  0.06240 0.00080 0.01696 -0.01356 -0.00216 -0.02264 0.02260 0.01628 -0.01312 0.01408
995.5  0.06372 0.00092 0.01720 -0.01372 -0.00120 -0.02172 0.02308 0.01508 -0.01356 0.01480
996.0  0.06504 0.00100 0.01728 -0.01384 -0.00008 -0.02104 0.02332 0.01420 -0.01428 0.01532
996.5  0.06636 0.00104 0.01724 -0.01388 0.00116 -0.02040 0.02344 0.01348 -0.01504 0.01572
997.0  0.06764 0.00104 0.01704 -0.01380 0.00240 -0.01980 0.02344 0.01308 -0.01560 0.01628
997.5  0.06872 0.00096 0.01668 -0.01368 0.00364 -0.01920 0.02340 0.01288 -0.01580 0.01688
998.0  0.06952 0.00084 0.01612 -0.01344 0.00492 -0.01860 0.02348 0.01284 -0.01568 0.01788
998.5  0.06992 0.00068 0.01536 -0.01316 0.00616 -0.01796 0.02356 0.01280 -0.01520 0.01896
999.0  0.06984 0.00052 0.01440 -0.01284 0.00732 -0.01728 0.02368 0.01284 -0.01452 0.02008
999.5  0.06916 0.00032 0.01320 -0.01248 0.00836 -0.01656 0.02392 0.01272 -0.01376 0.02112
1000.0  0.06788 0.00016 0.01180 -0.01212 0.00924 -0.01580 0.02420 0.01256 -0.01308 0.02188
